time_s,x_m,y_m,course_deg,speed_ms,rudder_deg,rpm_percent,rot_deg_min
6.00,0.00,-3977.47,0.00,4.670,0.00,50.0,0.00
7.00,0.00,-3972.84,0.00,4.627,0.00,50.0,0.00
8.00,0.00,-3968.26,0.00,4.584,0.00,50.0,0.00
9.00,0.00,-3963.72,0.00,4.543,0.00,50.0,0.00
10.00,0.00,-3959.21,0.00,4.502,0.00,50.0,0.00
11.00,0.00,-3954.75,0.00,4.462,0.00,50.0,0.00
12.00,0.00,-3950.33,0.00,4.423,0.00,50.0,0.00
13.00,0.00,-3945.95,0.00,4.384,0.00,50.0,0.00
14.00,0.00,-3941.60,0.00,4.346,0.00,50.0,0.00
15.00,0.00,-3937.29,0.00,4.309,0.00,50.0,0.00
16.00,0.00,-3933.02,0.00,4.273,0.00,50.0,0.00
17.00,0.00,-3928.78,0.00,4.238,0.00,50.0,0.00
18.00,0.00,-3924.58,0.00,4.203,0.00,50.0,0.00
19.00,0.00,-3920.41,0.00,4.169,0.00,50.0,0.00
20.00,0.00,-3916.27,0.00,4.136,0.00,50.0,0.00
21.00,0.00,-3912.17,0.00,4.103,0.00,50.0,0.00
22.00,0.00,-3908.10,0.00,4.071,0.00,50.0,0.00
23.00,0.00,-3904.06,0.00,4.039,0.00,50.0,0.00
24.00,0.00,-3900.05,0.00,4.009,0.00,50.0,0.00
25.00,0.00,-3896.07,0.00,3.978,0.00,50.0,0.00
26.00,0.00,-3892.12,0.00,3.949,0.00,50.0,0.00
27.00,0.00,-3888.20,0.00,3.920,0.00,50.0,0.00
28.00,0.00,-3884.31,0.00,3.892,0.00,50.0,0.00
29.00,0.00,-3880.45,0.00,3.864,0.00,50.0,0.00
30.00,0.00,-3876.61,0.00,3.836,0.00,50.0,0.00
31.00,0.00,-3872.80,0.00,3.810,0.00,50.0,0.00
32.00,0.00,-3869.02,0.00,3.784,0.00,50.0,0.00
33.00,0.00,-3865.26,0.00,3.758,0.00,50.0,0.00
34.00,0.00,-3861.53,0.00,3.733,0.00,50.0,0.00
35.00,0.00,-3857.82,0.00,3.708,0.00,50.0,0.00
36.00,0.00,-3854.13,0.00,3.684,0.00,50.0,0.00
37.00,0.00,-3850.47,0.00,3.660,0.00,50.0,0.00
38.00,0.00,-3846.84,0.00,3.637,0.00,50.0,0.00
39.00,0.00,-3843.22,0.00,3.614,0.00,50.0,0.00
40.00,0.00,-3839.63,0.00,3.592,0.00,50.0,0.00
41.00,0.00,-3836.06,0.00,3.570,0.00,50.0,0.00
42.00,0.00,-3832.51,0.00,3.549,0.00,50.0,0.00
43.00,0.00,-3828.98,0.00,3.528,0.00,50.0,0.00
44.00,0.00,-3825.48,0.00,3.507,0.00,50.0,0.00
45.00,0.00,-3821.99,0.00,3.487,0.00,50.0,0.00
46.00,0.00,-3818.52,0.00,3.467,0.00,50.0,0.00
47.00,0.00,-3815.08,0.00,3.448,0.00,50.0,0.00
48.00,0.00,-3811.65,0.00,3.429,0.00,50.0,0.00
49.00,0.00,-3808.24,0.00,3.410,0.00,50.0,0.00
50.00,0.00,-3804.84,0.00,3.392,0.00,50.0,0.00
51.00,0.00,-3801.47,0.00,3.374,0.00,50.0,0.00
52.00,0.00,-3798.11,0.00,3.357,0.00,50.0,0.00
53.00,0.00,-3794.77,0.00,3.340,0.00,50.0,0.00
54.00,0.00,-3791.45,0.00,3.323,0.00,50.0,0.00
55.00,0.00,-3788.14,0.00,3.306,0.00,50.0,0.00
56.00,0.00,-3784.85,0.00,3.290,0.00,50.0,0.00
57.00,0.00,-3781.58,0.00,3.275,0.00,50.0,0.00
58.00,0.00,-3778.32,0.00,3.259,0.00,50.0,0.00
59.00,0.00,-3775.08,0.00,3.244,0.00,50.0,0.00
60.00,0.00,-3771.85,0.00,3.229,0.00,50.0,0.00
61.00,0.00,-3768.63,0.00,3.214,0.00,50.0,0.00
62.00,0.00,-3765.43,0.00,3.200,0.00,50.0,0.00
63.00,0.00,-3762.25,0.00,3.186,0.00,50.0,0.00
64.00,0.00,-3759.07,0.00,3.172,0.00,50.0,0.00
65.00,0.00,-3755.91,0.00,3.159,0.00,50.0,0.00
66.00,0.00,-3752.77,0.00,3.146,0.00,50.0,0.00
67.00,0.00,-3749.64,0.00,3.133,0.00,50.0,0.00
68.00,0.00,-3746.52,0.00,3.120,0.00,50.0,0.00
69.00,0.00,-3743.41,0.00,3.108,0.00,50.0,0.00
70.00,0.00,-3740.31,0.00,3.096,0.00,50.0,0.00
71.00,0.00,-3737.23,0.00,3.084,0.00,50.0,0.00
72.00,0.00,-3734.16,0.00,3.072,0.00,50.0,0.00
73.00,0.00,-3731.10,0.00,3.061,0.00,50.0,0.00
74.00,0.00,-3728.05,0.00,3.049,0.00,50.0,0.00
75.00,0.00,-3725.01,0.00,3.038,0.00,50.0,0.00
76.00,0.00,-3721.98,0.00,3.028,0.00,50.0,0.00
77.00,0.00,-3718.96,0.00,3.017,0.00,50.0,0.00
78.00,0.00,-3715.96,0.00,3.007,0.00,50.0,0.00
79.00,0.00,-3712.96,0.00,2.997,0.00,50.0,0.00
80.00,0.00,-3709.97,0.00,2.987,0.00,50.0,0.00
81.00,0.00,-3707.00,0.00,2.977,0.00,50.0,0.00
82.00,0.00,-3704.03,0.00,2.967,0.00,50.0,0.00
83.00,0.00,-3701.07,0.00,2.958,0.00,50.0,0.00
84.00,0.00,-3698.12,0.00,2.949,0.00,50.0,0.00
85.00,0.00,-3695.18,0.00,2.940,0.00,50.0,0.00
86.00,0.00,-3692.25,0.00,2.931,0.00,50.0,0.00
87.00,0.00,-3689.33,0.00,2.923,0.00,50.0,0.00
88.00,0.00,-3686.41,0.00,2.914,0.00,50.0,0.00
89.00,0.00,-3683.51,0.00,2.906,0.00,50.0,0.00
90.00,0.00,-3680.61,0.00,2.898,0.00,50.0,0.00
91.00,0.00,-3677.72,0.00,2.890,0.00,50.0,0.00
92.00,0.00,-3674.84,0.00,2.882,0.00,50.0,0.00
93.00,0.00,-3671.96,0.00,2.874,0.00,50.0,0.00
94.00,0.00,-3669.10,0.00,2.867,0.00,50.0,0.00
95.00,0.00,-3666.24,0.00,2.859,0.00,50.0,0.00
96.00,0.00,-3663.39,0.00,2.852,0.00,50.0,0.00
97.00,0.00,-3660.54,0.00,2.845,0.00,50.0,0.00
98.00,0.00,-3657.70,0.00,2.838,0.00,50.0,0.00
99.00,0.00,-3654.87,0.00,2.832,0.00,50.0,0.00
100.00,0.00,-3652.05,0.00,2.825,0.00,50.0,0.00
101.00,0.00,-3649.23,0.00,2.818,0.00,50.0,0.00
102.00,0.00,-3646.42,0.00,2.812,0.00,50.0,0.00
103.00,0.00,-3643.61,0.00,2.806,0.00,50.0,0.00
104.00,0.00,-3640.81,0.00,2.800,0.00,50.0,0.00
105.00,0.00,-3638.02,0.00,2.794,0.00,50.0,0.00
106.00,0.00,-3635.23,0.00,2.788,0.00,50.0,0.00
107.00,0.00,-3632.45,0.00,2.782,0.00,50.0,0.00
108.00,0.00,-3629.67,0.00,2.776,0.00,50.0,0.00
109.00,0.00,-3626.90,0.00,2.771,0.00,50.0,0.00
110.00,0.00,-3624.13,0.00,2.765,0.00,50.0,0.00
111.00,0.00,-3621.37,0.00,2.760,0.00,50.0,0.00
112.00,0.00,-3618.62,0.00,2.755,0.00,50.0,0.00
113.00,0.00,-3615.87,0.00,2.750,0.00,50.0,0.00
114.00,0.00,-3613.12,0.00,2.745,0.00,50.0,0.00
115.00,0.00,-3610.38,0.00,2.740,0.00,50.0,0.00
116.00,0.00,-3607.65,0.00,2.735,0.00,50.0,0.00
117.00,0.00,-3604.92,0.00,2.730,0.00,50.0,0.00
118.00,0.00,-3602.19,0.00,2.726,0.00,50.0,0.00
119.00,0.00,-3599.47,0.00,2.721,0.00,50.0,0.00
120.00,0.00,-3596.75,0.00,2.717,0.00,50.0,0.00
121.00,0.00,-3594.04,0.00,2.713,0.00,50.0,0.00
122.00,0.00,-3591.33,0.00,2.708,0.00,50.0,0.00
123.00,0.00,-3588.63,0.00,2.704,0.00,50.0,0.00
124.00,0.00,-3585.93,0.00,2.700,0.00,50.0,0.00
125.00,0.00,-3583.23,0.00,2.696,0.00,50.0,0.00
126.00,0.00,-3580.54,0.00,2.692,0.00,50.0,0.00
127.00,0.00,-3577.85,0.00,2.688,0.00,50.0,0.00
128.00,0.00,-3575.17,0.00,2.685,0.00,50.0,0.00
129.00,0.00,-3572.49,0.00,2.681,0.00,50.0,0.00
130.00,0.00,-3569.81,0.00,2.677,0.00,50.0,0.00
131.00,0.00,-3567.14,0.00,2.674,0.00,50.0,0.00
132.00,0.00,-3564.47,0.00,2.670,0.00,50.0,0.00
133.00,0.00,-3561.80,0.00,2.667,0.00,50.0,0.00
134.00,0.00,-3559.14,0.00,2.663,0.00,50.0,0.00
135.00,0.00,-3556.48,0.00,2.660,0.00,50.0,0.00
136.00,0.00,-3553.82,0.00,2.657,0.00,50.0,0.00
137.00,0.00,-3551.16,0.00,2.654,0.00,50.0,0.00
138.00,0.00,-3548.51,0.00,2.651,0.00,50.0,0.00
139.00,0.00,-3545.87,0.00,2.648,0.00,50.0,0.00
140.00,0.00,-3543.22,0.00,2.645,0.00,50.0,0.00
141.00,0.00,-3540.58,0.00,2.642,0.00,50.0,0.00
142.00,0.00,-3537.94,0.00,2.639,0.00,50.0,0.00
143.00,0.00,-3535.30,0.00,2.636,0.00,50.0,0.00
144.00,0.00,-3532.67,0.00,2.634,0.00,50.0,0.00
145.00,0.00,-3530.04,0.00,2.631,0.00,50.0,0.00
146.00,0.00,-3527.41,0.00,2.628,0.00,50.0,0.00
147.00,0.00,-3524.79,0.00,2.626,0.00,50.0,0.00
148.00,0.00,-3522.16,0.00,2.623,0.00,50.0,0.00
149.00,0.00,-3519.54,0.00,2.621,0.00,50.0,0.00
150.00,0.00,-3516.92,0.00,2.618,0.00,50.0,0.00
151.00,0.00,-3514.31,0.00,2.616,0.00,50.0,0.00
152.00,0.00,-3511.69,0.00,2.614,0.00,50.0,0.00
153.00,0.00,-3509.08,0.00,2.611,0.00,50.0,0.00
154.00,0.00,-3506.47,0.00,2.609,0.00,50.0,0.00
155.00,0.00,-3503.87,0.00,2.607,0.00,50.0,0.00
156.00,0.00,-3501.26,0.00,2.605,0.00,50.0,0.00
157.00,0.00,-3498.66,0.00,2.603,0.00,50.0,0.00
158.00,0.00,-3496.06,0.00,2.601,0.00,50.0,0.00
159.00,0.00,-3493.46,0.00,2.599,0.00,50.0,0.00
160.00,0.00,-3490.86,0.00,2.597,0.00,50.0,0.00
161.00,0.00,-3488.27,0.00,2.595,0.00,50.0,0.00
162.00,0.00,-3485.67,0.00,2.593,0.00,50.0,0.00
163.00,0.00,-3483.08,0.00,2.591,0.00,50.0,0.00
164.00,0.00,-3480.49,0.00,2.589,0.00,50.0,0.00
165.00,0.00,-3477.91,0.00,2.587,0.00,50.0,0.00
166.00,0.00,-3475.32,0.00,2.586,0.00,50.0,0.00
167.00,0.00,-3472.74,0.00,2.584,0.00,50.0,0.00
168.00,0.00,-3470.16,0.00,2.582,0.00,50.0,0.00
169.00,0.00,-3467.57,0.00,2.581,0.00,50.0,0.00
170.00,0.00,-3465.00,0.00,2.579,0.00,50.0,0.00
171.00,0.00,-3462.42,0.00,2.577,0.00,50.0,0.00
172.00,0.00,-3459.84,0.00,2.576,0.00,50.0,0.00
173.00,0.00,-3457.27,0.00,2.574,0.00,50.0,0.00
174.00,0.00,-3454.70,0.00,2.573,0.00,50.0,0.00
175.00,0.00,-3452.12,0.00,2.571,0.00,50.0,0.00
176.00,0.00,-3449.55,0.00,2.570,0.00,50.0,0.00
177.00,0.00,-3446.99,0.00,2.569,0.00,50.0,0.00
178.00,0.00,-3444.42,0.00,2.567,0.00,50.0,0.00
179.00,0.00,-3441.85,0.00,2.566,0.00,50.0,0.00
180.00,0.00,-3439.29,0.00,2.565,0.00,50.0,0.00
181.00,0.00,-3436.72,0.00,2.563,0.00,50.0,0.00
182.00,0.00,-3434.16,0.00,2.562,0.00,50.0,0.00
183.00,0.00,-3431.60,0.00,2.561,0.00,50.0,0.00
184.00,0.00,-3429.04,0.00,2.560,0.00,50.0,0.00
185.00,0.00,-3426.48,0.00,2.558,0.00,50.0,0.00
186.00,0.00,-3423.93,0.00,2.557,0.00,50.0,0.00
187.00,0.00,-3421.37,0.00,2.556,0.00,50.0,0.00
188.00,0.00,-3418.82,0.00,2.555,0.00,50.0,0.00
189.00,0.00,-3416.26,0.00,2.554,0.00,50.0,0.00
190.00,0.00,-3413.71,0.00,2.553,0.00,50.0,0.00
191.00,0.00,-3411.16,0.00,2.552,0.00,50.0,0.00
192.00,0.00,-3408.61,0.00,2.551,0.00,50.0,0.00
193.00,0.00,-3406.06,0.00,2.550,0.00,50.0,0.00
194.00,0.00,-3403.51,0.00,2.549,0.00,50.0,0.00
195.00,0.00,-3400.96,0.00,2.548,0.00,50.0,0.00
196.00,0.00,-3398.41,0.00,2.547,0.00,50.0,0.00
197.00,0.00,-3395.87,0.00,2.546,0.00,50.0,0.00
198.00,0.00,-3393.32,0.00,2.545,0.00,50.0,0.00
199.00,0.00,-3390.78,0.00,2.544,0.00,50.0,0.00
200.00,0.00,-3388.24,0.00,2.543,0.00,50.0,0.00
201.00,0.00,-3385.69,0.00,2.542,0.00,50.0,0.00
202.00,0.00,-3383.15,0.00,2.541,0.00,50.0,0.00
203.00,0.00,-3380.61,0.00,2.541,0.00,50.0,0.00
204.00,0.00,-3378.07,0.00,2.540,0.00,50.0,0.00
205.00,0.00,-3375.53,0.00,2.539,0.00,50.0,0.00
206.00,0.00,-3373.00,0.00,2.538,0.00,50.0,0.00
207.00,0.00,-3370.46,0.00,2.537,0.00,50.0,0.00
208.00,0.00,-3367.92,0.00,2.537,0.00,50.0,0.00
209.00,0.00,-3365.39,0.00,2.536,0.00,50.0,0.00
210.00,0.00,-3362.85,0.00,2.535,0.00,50.0,0.00
211.00,0.00,-3360.32,0.00,2.535,0.00,50.0,0.00
212.00,0.00,-3357.78,0.00,2.534,0.00,50.0,0.00
213.00,0.00,-3355.25,0.00,2.533,0.00,50.0,0.00
214.00,0.00,-3352.72,0.00,2.532,0.00,50.0,0.00
215.00,0.00,-3350.18,0.00,2.532,0.00,50.0,0.00
216.00,0.00,-3347.65,0.00,2.531,0.00,50.0,0.00
217.00,0.00,-3345.12,0.00,2.531,0.00,50.0,0.00
218.00,0.00,-3342.59,0.00,2.530,0.00,50.0,0.00
219.00,0.00,-3340.06,0.00,2.529,0.00,50.0,0.00
220.00,0.00,-3337.53,0.00,2.529,0.00,50.0,0.00
221.00,0.00,-3335.01,0.00,2.528,0.00,50.0,0.00
222.00,0.00,-3332.48,0.00,2.528,0.00,50.0,0.00
223.00,0.00,-3329.95,0.00,2.527,0.00,50.0,0.00
224.00,0.00,-3327.43,0.00,2.527,0.00,50.0,0.00
225.00,0.00,-3324.90,0.00,2.526,0.00,50.0,0.00
226.00,0.00,-3322.37,0.00,2.525,0.00,50.0,0.00
227.00,0.00,-3319.85,0.00,2.525,0.00,50.0,0.00
228.00,0.00,-3317.32,0.00,2.524,0.00,50.0,0.00
229.00,0.00,-3314.80,0.00,2.524,0.00,50.0,0.00
230.00,0.00,-3312.28,0.00,2.524,0.00,50.0,0.00
231.00,0.00,-3309.75,0.00,2.523,0.00,50.0,0.00
232.00,0.00,-3307.23,0.00,2.523,0.00,50.0,0.00
233.00,0.00,-3304.71,0.00,2.522,0.00,50.0,0.00
234.00,0.00,-3302.19,0.00,2.522,0.00,50.0,0.00
235.00,0.00,-3299.67,0.00,2.521,0.00,50.0,0.00
236.00,0.00,-3297.15,0.00,2.521,0.00,50.0,0.00
237.00,0.00,-3294.62,0.00,2.520,0.00,50.0,0.00
238.00,0.00,-3292.10,0.00,2.520,0.00,50.0,0.00
239.00,0.00,-3289.59,0.00,2.520,0.00,50.0,0.00
240.00,0.00,-3287.07,0.00,2.519,0.00,50.0,0.00
241.00,0.00,-3284.55,0.00,2.519,0.00,50.0,0.00
242.00,0.00,-3282.03,0.00,2.518,0.00,50.0,0.00
243.00,0.00,-3279.51,0.00,2.518,0.00,50.0,0.00
244.00,0.00,-3276.99,0.00,2.518,0.00,50.0,0.00
245.00,0.00,-3274.48,0.00,2.517,0.00,50.0,0.00
246.00,0.00,-3271.96,0.00,2.517,0.00,50.0,0.00
247.00,0.00,-3269.44,0.00,2.517,0.00,50.0,0.00
248.00,0.00,-3266.93,0.00,2.516,0.00,50.0,0.00
249.00,0.00,-3264.41,0.00,2.516,0.00,50.0,0.00
250.00,0.00,-3261.89,0.00,2.516,0.00,50.0,0.00
251.00,0.00,-3259.38,0.00,2.515,0.00,50.0,0.00
252.00,0.00,-3256.86,0.00,2.515,0.00,50.0,0.00
253.00,0.00,-3254.35,0.00,2.515,0.00,50.0,0.00
254.00,0.00,-3251.83,0.00,2.514,0.00,50.0,0.00
255.00,0.00,-3249.32,0.00,2.514,0.00,50.0,0.00
256.00,0.00,-3246.81,0.00,2.514,0.00,50.0,0.00
257.00,0.00,-3244.29,0.00,2.514,0.00,50.0,0.00
258.00,0.00,-3241.78,0.00,2.513,0.00,50.0,0.00
259.00,0.00,-3239.27,0.00,2.513,0.00,50.0,0.00
260.00,0.00,-3236.75,0.00,2.513,0.00,50.0,0.00
261.00,0.00,-3234.24,0.00,2.513,0.00,50.0,0.00
262.00,0.00,-3231.73,0.00,2.512,0.00,50.0,0.00
263.00,0.00,-3229.22,0.00,2.512,0.00,50.0,0.00
264.00,0.00,-3226.70,0.00,2.512,0.00,50.0,0.00
265.00,0.00,-3224.19,0.00,2.512,0.00,50.0,0.00
266.00,0.00,-3221.68,0.00,2.511,0.00,50.0,0.00
267.00,0.00,-3219.17,0.00,2.511,0.00,50.0,0.00
268.00,0.00,-3216.66,0.00,2.511,0.00,50.0,0.00
269.00,0.00,-3214.15,0.00,2.511,0.00,50.0,0.00
270.00,0.00,-3211.64,0.00,2.510,0.00,50.0,0.00
271.00,0.00,-3209.13,0.00,2.510,0.00,50.0,0.00
272.00,0.00,-3206.62,0.00,2.510,0.00,50.0,0.00
273.00,0.00,-3204.11,0.00,2.510,0.00,50.0,0.00
274.00,0.00,-3201.60,0.00,2.510,0.00,50.0,0.00
275.00,0.00,-3199.09,0.00,2.509,0.00,50.0,0.00
276.00,0.00,-3196.58,0.00,2.509,0.00,50.0,0.00
277.00,0.00,-3194.07,0.00,2.509,0.00,50.0,0.00
278.00,0.00,-3191.56,0.00,2.509,0.00,50.0,0.00
279.00,0.00,-3189.05,0.00,2.509,0.00,50.0,0.00
280.00,0.00,-3186.54,0.00,2.509,0.00,50.0,0.00
281.00,0.00,-3184.04,0.00,2.508,0.00,50.0,0.00
282.00,0.00,-3181.53,0.00,2.508,0.00,50.0,0.00
283.00,0.00,-3179.02,0.00,2.508,0.00,50.0,0.00
284.00,0.00,-3176.51,0.00,2.508,0.00,50.0,0.00
285.00,0.00,-3174.00,0.00,2.508,0.00,50.0,0.00
286.00,0.00,-3171.50,0.00,2.508,0.00,50.0,0.00
287.00,0.00,-3168.99,0.00,2.507,0.00,50.0,0.00
288.00,0.00,-3166.48,0.00,2.507,0.00,50.0,0.00
289.00,0.00,-3163.97,0.00,2.507,0.00,50.0,0.00
290.00,0.00,-3161.47,0.00,2.507,0.00,50.0,0.00
291.00,0.00,-3158.96,0.00,2.507,0.00,50.0,0.00
292.00,0.00,-3156.45,0.00,2.507,0.00,50.0,0.00
293.00,0.00,-3153.95,0.00,2.507,0.00,50.0,0.00
294.00,0.00,-3151.44,0.00,2.506,0.00,50.0,0.00
295.00,0.00,-3148.93,0.00,2.506,0.00,50.0,0.00
296.00,0.00,-3146.43,0.00,2.506,0.00,50.0,0.00
297.00,0.00,-3143.92,0.00,2.506,0.00,50.0,0.00
298.00,0.00,-3141.42,0.00,2.506,0.00,50.0,0.00
299.00,0.00,-3138.91,0.00,2.506,0.00,50.0,0.00
300.00,0.00,-3136.40,0.00,2.506,0.00,50.0,0.00
301.00,0.00,-3133.90,0.00,2.506,0.00,50.0,0.00
302.00,0.00,-3131.39,0.00,2.505,0.00,50.0,0.00
303.00,0.00,-3128.89,0.00,2.505,0.00,50.0,0.00
304.00,0.00,-3126.38,0.00,2.505,0.00,50.0,0.00
305.00,0.00,-3123.88,0.00,2.505,0.00,50.0,0.00
306.00,0.00,-3121.37,0.00,2.505,0.00,50.0,0.00
307.00,0.00,-3118.87,0.00,2.505,0.00,50.0,0.00
308.00,0.00,-3116.36,0.00,2.505,0.00,50.0,0.00
309.00,0.00,-3113.86,0.00,2.505,0.00,50.0,0.00
310.00,0.00,-3111.35,0.00,2.505,0.00,50.0,0.00
311.00,0.00,-3108.85,0.00,2.505,0.00,50.0,0.00
312.00,0.00,-3106.34,0.00,2.504,0.00,50.0,0.00
313.00,0.00,-3103.84,0.00,2.504,0.00,50.0,0.00
314.00,0.00,-3101.34,0.00,2.504,0.00,50.0,0.00
315.00,0.00,-3098.83,0.00,2.504,0.00,50.0,0.00
316.00,0.00,-3096.33,0.00,2.504,0.00,50.0,0.00
317.00,0.00,-3093.82,0.00,2.504,0.00,50.0,0.00
318.00,0.00,-3091.32,0.00,2.504,0.00,50.0,0.00
319.00,0.00,-3088.82,0.00,2.504,0.00,50.0,0.00
320.00,0.00,-3086.31,0.00,2.504,0.00,50.0,0.00
321.00,0.00,-3083.81,0.00,2.504,0.00,50.0,0.00
322.00,0.00,-3081.30,0.00,2.504,0.00,50.0,0.00
323.00,0.00,-3078.80,0.00,2.504,0.00,50.0,0.00
324.00,0.00,-3076.30,0.00,2.504,0.00,50.0,0.00
325.00,0.00,-3073.79,0.00,2.503,0.00,50.0,0.00
326.00,0.00,-3071.29,0.00,2.503,0.00,50.0,0.00
327.00,0.00,-3068.79,0.00,2.503,0.00,50.0,0.00
328.00,0.00,-3066.28,0.00,2.503,0.00,50.0,0.00
329.00,0.00,-3063.78,0.00,2.503,0.00,50.0,0.00
330.00,0.00,-3061.28,0.00,2.503,0.00,50.0,0.00
331.00,0.00,-3058.77,0.00,2.503,0.00,50.0,0.00
332.00,0.00,-3056.27,0.00,2.503,0.00,50.0,0.00
333.00,0.00,-3053.77,0.00,2.503,0.00,50.0,0.00
334.00,0.00,-3051.27,0.00,2.503,0.00,50.0,0.00
335.00,0.00,-3048.76,0.00,2.503,0.00,50.0,0.00
336.00,0.00,-3046.26,0.00,2.503,0.00,50.0,0.00
337.00,0.00,-3043.76,0.00,2.503,0.00,50.0,0.00
338.00,0.00,-3041.25,0.00,2.503,0.00,50.0,0.00
339.00,0.00,-3038.75,0.00,2.503,0.00,50.0,0.00
340.00,0.00,-3036.25,0.00,2.503,0.00,50.0,0.00
341.00,0.00,-3033.75,0.00,2.502,0.00,50.0,0.00
342.00,0.00,-3031.24,0.00,2.502,0.00,50.0,0.00
343.00,0.00,-3028.74,0.00,2.502,0.00,50.0,0.00
344.00,0.00,-3026.24,0.00,2.502,0.00,50.0,0.00
345.00,0.00,-3023.74,0.00,2.502,0.00,50.0,0.00
346.00,0.00,-3021.24,0.00,2.502,0.00,50.0,0.00
347.00,0.00,-3018.73,0.00,2.502,0.00,50.0,0.00
348.00,0.00,-3016.23,0.00,2.502,0.00,50.0,0.00
349.00,0.00,-3013.73,0.00,2.502,0.00,50.0,0.00
350.00,0.00,-3011.23,0.00,2.502,0.00,50.0,0.00
351.00,0.00,-3008.72,0.00,2.502,0.00,50.0,0.00
352.00,0.00,-3006.22,0.00,2.502,0.00,50.0,0.00
353.00,0.00,-3003.72,0.00,2.502,0.00,50.0,0.00
354.00,0.00,-3001.22,0.00,2.502,0.00,50.0,0.00
355.00,0.00,-2998.72,0.00,2.502,0.00,50.0,0.00
356.00,0.00,-2996.22,0.00,2.502,0.00,50.0,0.00
357.00,0.00,-2993.71,0.00,2.502,0.00,50.0,0.00
358.00,0.00,-2991.21,0.00,2.502,0.00,50.0,0.00
359.00,0.00,-2988.71,0.00,2.502,0.00,50.0,0.00
360.00,0.00,-2986.21,0.00,2.502,0.00,50.0,0.00
361.00,0.00,-2983.71,0.00,2.502,0.00,50.0,0.00
362.00,0.00,-2981.20,0.00,2.502,0.00,50.0,0.00
363.00,0.00,-2978.70,0.00,2.502,0.00,50.0,0.00
364.00,0.00,-2976.20,0.00,2.502,0.00,50.0,0.00
365.00,0.00,-2973.70,0.00,2.502,0.00,50.0,0.00
366.00,0.00,-2971.20,0.00,2.502,0.00,50.0,0.00
367.00,0.00,-2968.70,0.00,2.501,0.00,50.0,0.00
368.00,0.00,-2966.20,0.00,2.501,0.00,50.0,0.00
369.00,0.00,-2963.69,0.00,2.501,0.00,50.0,0.00
370.00,0.00,-2961.19,0.00,2.501,0.00,50.0,0.00
371.00,0.00,-2958.69,0.00,2.501,0.00,50.0,0.00
372.00,0.00,-2956.19,0.00,2.501,0.00,50.0,0.00
373.00,0.00,-2953.69,0.00,2.501,0.00,50.0,0.00
374.00,0.00,-2951.19,0.00,2.501,0.00,50.0,0.00
375.00,0.00,-2948.69,0.00,2.501,0.00,50.0,0.00
376.00,0.00,-2946.19,0.00,2.501,0.00,50.0,0.00
377.00,0.00,-2943.68,0.00,2.501,0.00,50.0,0.00
378.00,0.00,-2941.18,0.00,2.501,0.00,50.0,0.00
379.00,0.00,-2938.68,0.00,2.501,0.00,50.0,0.00
380.00,0.00,-2936.18,0.00,2.501,0.00,50.0,0.00
381.00,0.00,-2933.68,0.00,2.501,0.00,50.0,0.00
382.00,0.00,-2931.18,0.00,2.501,0.00,50.0,0.00
383.00,0.00,-2928.68,0.00,2.501,0.00,50.0,0.00
384.00,0.00,-2926.18,0.00,2.501,0.00,50.0,0.00
385.00,0.00,-2923.68,0.00,2.501,0.00,50.0,0.00
386.00,0.00,-2921.17,0.00,2.501,0.00,50.0,0.00
387.00,0.00,-2918.67,0.00,2.501,0.00,50.0,0.00
388.00,0.00,-2916.17,0.00,2.501,0.00,50.0,0.00
389.00,0.00,-2913.67,0.00,2.501,0.00,50.0,0.00
390.00,0.00,-2911.17,0.00,2.501,0.00,50.0,0.00
391.00,0.00,-2908.67,0.00,2.501,0.00,50.0,0.00
392.00,0.00,-2906.17,0.00,2.501,0.00,50.0,0.00
393.00,0.00,-2903.67,0.00,2.501,0.00,50.0,0.00
394.00,0.00,-2901.17,0.00,2.501,0.00,50.0,0.00
395.00,0.00,-2898.67,0.00,2.501,0.00,50.0,0.00
396.00,0.00,-2896.17,0.00,2.501,0.00,50.0,0.00
397.00,0.00,-2893.66,0.00,2.501,0.00,50.0,0.00
398.00,0.00,-2891.16,0.00,2.501,0.00,50.0,0.00
399.00,0.00,-2888.66,0.00,2.501,0.00,50.0,0.00
400.00,0.00,-2886.16,0.00,2.501,0.00,50.0,0.00
401.00,0.00,-2883.66,0.00,2.501,0.00,50.0,0.00
402.00,0.00,-2881.16,0.00,2.501,0.00,50.0,0.00
403.00,0.00,-2878.66,0.00,2.501,0.00,50.0,0.00
404.00,0.00,-2876.16,0.00,2.501,0.00,50.0,0.00
405.00,0.00,-2873.66,0.00,2.501,0.00,50.0,0.00
406.00,0.00,-2871.16,0.00,2.501,0.00,50.0,0.00
407.00,0.00,-2868.66,0.00,2.501,0.00,50.0,0.00
408.00,0.00,-2866.16,0.00,2.501,0.00,50.0,0.00
409.00,0.00,-2863.66,0.00,2.501,0.00,50.0,0.00
410.00,0.00,-2861.16,0.00,2.501,0.00,50.0,0.00
411.00,0.00,-2858.65,0.00,2.501,0.00,50.0,0.00
412.00,0.00,-2856.15,0.00,2.501,0.00,50.0,0.00
413.00,0.00,-2853.65,0.00,2.501,0.00,50.0,0.00
414.00,0.00,-2851.15,0.00,2.501,0.00,50.0,0.00
415.00,0.00,-2848.65,0.00,2.501,0.00,50.0,0.00
416.00,0.00,-2846.15,0.00,2.501,0.00,50.0,0.00
417.00,0.00,-2843.65,0.00,2.501,0.00,50.0,0.00
418.00,0.00,-2841.15,0.00,2.501,0.00,50.0,0.00
419.00,0.00,-2838.65,0.00,2.501,0.00,50.0,0.00
420.00,0.00,-2836.15,0.00,2.501,0.00,50.0,0.00
421.00,0.00,-2833.65,0.00,2.500,0.00,50.0,0.00
422.00,0.00,-2831.15,0.00,2.500,0.00,50.0,0.00
423.00,0.00,-2828.65,0.00,2.500,0.00,50.0,0.00
424.00,0.00,-2826.15,0.00,2.500,0.00,50.0,0.00
425.00,0.00,-2823.65,0.00,2.500,0.00,50.0,0.00
426.00,0.00,-2821.15,0.00,2.500,0.00,50.0,0.00
427.00,0.00,-2818.65,0.00,2.500,0.00,50.0,0.00
428.00,0.00,-2816.15,0.00,2.500,0.00,50.0,0.00
429.00,0.00,-2813.65,0.00,2.500,0.00,50.0,0.00
430.00,0.00,-2811.15,0.00,2.500,0.00,50.0,0.00
431.00,0.00,-2808.64,0.00,2.500,0.00,50.0,0.00
432.00,0.00,-2806.14,0.00,2.500,0.00,50.0,0.00
433.00,0.00,-2803.64,0.00,2.500,0.00,50.0,0.00
434.00,0.00,-2801.14,0.00,2.500,0.00,50.0,0.00
435.00,0.00,-2798.64,0.00,2.500,0.00,50.0,0.00
436.00,0.00,-2796.14,0.00,2.500,0.00,50.0,0.00
437.00,0.00,-2793.64,0.00,2.500,0.00,50.0,0.00
438.00,0.00,-2791.14,0.00,2.500,0.00,50.0,0.00
439.00,0.00,-2788.64,0.00,2.500,0.00,50.0,0.00
440.00,0.00,-2786.14,0.00,2.500,0.00,50.0,0.00
441.00,0.00,-2783.64,0.00,2.500,0.00,50.0,0.00
442.00,0.00,-2781.14,0.00,2.500,0.00,50.0,0.00
443.00,0.00,-2778.64,0.00,2.500,0.00,50.0,0.00
444.00,0.00,-2776.14,0.00,2.500,0.00,50.0,0.00
445.00,0.00,-2773.64,0.00,2.500,0.00,50.0,0.00
446.00,0.00,-2771.14,0.00,2.500,0.00,50.0,0.00
447.00,0.00,-2768.64,0.00,2.500,0.00,50.0,0.00
448.00,0.00,-2766.14,0.00,2.500,0.00,50.0,0.00
449.00,0.00,-2763.64,0.00,2.500,0.00,50.0,0.00
450.00,0.00,-2761.14,0.00,2.500,0.00,50.0,0.00
451.00,0.00,-2758.64,0.00,2.500,0.00,50.0,0.00
452.00,0.00,-2756.14,0.00,2.500,0.00,50.0,0.00
453.00,0.00,-2753.64,0.00,2.500,0.00,50.0,0.00
454.00,0.00,-2751.14,0.00,2.500,0.00,50.0,0.00
455.00,0.00,-2748.64,0.00,2.500,0.00,50.0,0.00
456.00,0.00,-2746.14,0.00,2.500,0.00,50.0,0.00
457.00,0.00,-2743.64,0.00,2.500,0.00,50.0,0.00
458.00,0.00,-2741.14,0.00,2.500,0.00,50.0,0.00
459.00,0.00,-2738.64,0.00,2.500,0.00,50.0,0.00
460.00,0.00,-2736.14,0.00,2.500,0.00,50.0,0.00
461.00,0.00,-2733.64,0.00,2.500,0.00,50.0,0.00
462.00,0.00,-2731.14,0.00,2.500,0.00,50.0,0.00
463.00,0.00,-2728.64,0.00,2.500,0.00,50.0,0.00
464.00,0.00,-2726.14,0.00,2.500,0.00,50.0,0.00
465.00,0.00,-2723.63,0.00,2.500,0.00,50.0,0.00
466.00,0.00,-2721.13,0.00,2.500,0.00,50.0,0.00
467.00,0.00,-2718.63,0.00,2.500,0.00,50.0,0.00
468.00,0.00,-2716.13,0.00,2.500,0.00,50.0,0.00
469.00,0.00,-2713.63,0.00,2.500,0.00,50.0,0.00
470.00,0.00,-2711.13,0.00,2.500,0.00,50.0,0.00
471.00,0.00,-2708.63,0.00,2.500,0.00,50.0,0.00
472.00,0.00,-2706.13,0.00,2.500,0.00,50.0,0.00
473.00,0.00,-2703.63,0.00,2.500,0.00,50.0,0.00
474.00,0.00,-2701.13,0.00,2.500,0.00,50.0,0.00
475.00,0.00,-2698.63,0.00,2.500,0.00,50.0,0.00
476.00,0.00,-2696.13,0.00,2.500,0.00,50.0,0.00
477.00,0.00,-2693.63,0.00,2.500,0.00,50.0,0.00
478.00,0.00,-2691.13,0.00,2.500,0.00,50.0,0.00
479.00,0.00,-2688.63,0.00,2.500,0.00,50.0,0.00
480.00,0.00,-2686.13,0.00,2.500,0.00,50.0,0.00
481.00,0.00,-2683.63,0.00,2.500,0.00,50.0,0.00
482.00,0.00,-2681.13,0.00,2.500,0.00,50.0,0.00
483.00,0.00,-2678.63,0.00,2.500,0.00,50.0,0.00
484.00,0.00,-2676.13,0.00,2.500,0.00,50.0,0.00
485.00,0.00,-2673.63,0.00,2.500,0.00,50.0,0.00
486.00,0.00,-2671.13,0.00,2.500,0.00,50.0,0.00
487.00,0.00,-2668.63,0.00,2.500,0.00,50.0,0.00
488.00,0.00,-2666.13,0.00,2.500,0.00,50.0,0.00
489.00,0.00,-2663.63,0.00,2.500,0.00,50.0,0.00
490.00,0.00,-2661.13,0.00,2.500,0.00,50.0,0.00
491.00,0.00,-2658.63,0.00,2.500,0.00,50.0,0.00
492.00,0.00,-2656.13,0.00,2.500,0.00,50.0,0.00
493.00,0.00,-2653.63,0.00,2.500,0.00,50.0,0.00
494.00,0.00,-2651.13,0.00,2.500,0.00,50.0,0.00
495.00,0.00,-2648.63,0.00,2.500,0.00,50.0,0.00
496.00,0.00,-2646.13,0.00,2.500,0.00,50.0,0.00
497.00,0.00,-2643.63,0.00,2.500,0.00,50.0,0.00
498.00,0.00,-2641.13,0.00,2.500,0.00,50.0,0.00
499.00,0.00,-2638.63,0.00,2.500,0.00,50.0,0.00
500.00,0.00,-2636.13,0.00,2.500,0.00,50.0,0.00
501.00,0.00,-2633.63,0.00,2.500,0.00,50.0,0.00
502.00,0.00,-2631.13,0.00,2.500,0.00,50.0,0.00
503.00,0.00,-2628.63,0.00,2.500,0.00,50.0,0.00
504.00,0.00,-2626.13,0.00,2.500,0.00,50.0,0.00
505.00,0.00,-2623.63,0.00,2.500,0.00,50.0,0.00
506.00,0.00,-2621.13,0.00,2.500,0.00,50.0,0.00
507.00,0.00,-2618.63,0.00,2.500,0.00,50.0,0.00
508.00,0.00,-2616.13,0.00,2.500,0.00,50.0,0.00
509.00,0.00,-2613.63,0.00,2.500,0.00,50.0,0.00
510.00,0.00,-2611.13,0.00,2.500,0.00,50.0,0.00
511.00,0.00,-2608.63,0.00,2.500,0.00,50.0,0.00
512.00,0.00,-2606.13,0.00,2.500,0.00,50.0,0.00
513.00,0.00,-2603.63,0.00,2.500,0.00,50.0,0.00
514.00,0.00,-2601.13,0.00,2.500,0.00,50.0,0.00
515.00,0.00,-2598.63,0.00,2.500,0.00,50.0,0.00
516.00,0.00,-2596.13,0.00,2.500,0.00,50.0,0.00
517.00,0.00,-2593.63,0.00,2.500,0.00,50.0,0.00
518.00,0.00,-2591.13,0.00,2.500,0.00,50.0,0.00
519.00,0.00,-2588.63,0.00,2.500,0.00,50.0,0.00
520.00,0.00,-2586.13,0.00,2.500,0.00,50.0,0.00
521.00,0.00,-2583.63,0.00,2.500,0.00,50.0,0.00
522.00,0.00,-2581.13,0.00,2.500,0.00,50.0,0.00
523.00,0.00,-2578.63,0.00,2.500,0.00,50.0,0.00
524.00,0.00,-2576.13,0.00,2.500,0.00,50.0,0.00
525.00,0.00,-2573.63,0.00,2.500,0.00,50.0,0.00
526.00,0.00,-2571.13,0.00,2.500,0.00,50.0,0.00
527.00,0.00,-2568.63,0.00,2.500,0.00,50.0,0.00
528.00,0.00,-2566.13,0.00,2.500,0.00,50.0,0.00
529.00,0.00,-2563.63,0.00,2.500,0.00,50.0,0.00
530.00,0.00,-2561.13,0.00,2.500,0.00,50.0,0.00
531.00,0.00,-2558.63,0.00,2.500,0.00,50.0,0.00
532.00,0.00,-2556.13,0.00,2.500,0.00,50.0,0.00
533.00,0.00,-2553.63,0.00,2.500,0.00,50.0,0.00
534.00,0.00,-2551.13,0.00,2.500,0.00,50.0,0.00
535.00,0.00,-2548.63,0.00,2.500,0.00,50.0,0.00
536.00,0.00,-2546.13,0.00,2.500,0.00,50.0,0.00
537.00,0.00,-2543.63,0.00,2.500,0.00,50.0,0.00
538.00,0.00,-2541.13,0.00,2.500,0.00,50.0,0.00
539.00,0.00,-2538.63,0.00,2.500,0.00,50.0,0.00
540.00,0.00,-2536.13,0.00,2.500,0.00,50.0,0.00
541.00,0.00,-2533.63,0.00,2.500,0.00,50.0,0.00
542.00,0.00,-2531.13,0.00,2.500,0.00,50.0,0.00
543.00,0.00,-2528.63,0.00,2.500,0.00,50.0,0.00
544.00,0.00,-2526.13,0.00,2.500,0.00,50.0,0.00
545.00,0.00,-2523.63,0.00,2.500,0.00,50.0,0.00
546.00,0.00,-2521.13,0.00,2.500,0.00,50.0,0.00
547.00,0.00,-2518.63,0.00,2.500,0.00,50.0,0.00
548.00,0.00,-2516.13,0.00,2.500,0.00,50.0,0.00
549.00,0.00,-2513.63,0.00,2.500,0.00,50.0,0.00
550.00,0.00,-2511.13,0.00,2.500,0.00,50.0,0.00
551.00,0.00,-2508.63,0.00,2.500,0.00,50.0,0.00
552.00,0.00,-2506.13,0.00,2.500,0.00,50.0,0.00
553.00,0.00,-2503.63,0.00,2.500,0.00,50.0,0.00
554.00,0.00,-2501.13,0.00,2.500,0.00,50.0,0.00
555.00,0.00,-2498.63,0.00,2.500,0.00,50.0,0.00
556.00,0.00,-2496.13,0.00,2.500,0.00,50.0,0.00
557.00,0.00,-2493.63,0.00,2.500,0.00,50.0,0.00
558.00,0.00,-2491.13,0.00,2.500,0.00,50.0,0.00
559.00,0.00,-2488.63,0.00,2.500,0.00,50.0,0.00
560.00,0.00,-2486.13,0.00,2.500,0.00,50.0,0.00
561.00,0.00,-2483.63,0.00,2.500,0.00,50.0,0.00
562.00,0.00,-2481.13,0.00,2.500,0.00,50.0,0.00
563.00,0.00,-2478.63,0.00,2.500,0.00,50.0,0.00
564.00,0.00,-2476.13,0.00,2.500,0.00,50.0,0.00
565.00,0.00,-2473.63,0.00,2.500,0.00,50.0,0.00
566.00,0.00,-2471.13,0.00,2.500,0.00,50.0,0.00
567.00,0.00,-2468.63,0.00,2.500,0.00,50.0,0.00
568.00,0.00,-2466.13,0.00,2.500,0.00,50.0,0.00
569.00,0.00,-2463.63,0.00,2.500,0.00,50.0,0.00
570.00,0.00,-2461.13,0.00,2.500,0.00,50.0,0.00
571.00,0.00,-2458.63,0.00,2.500,0.00,50.0,0.00
572.00,0.00,-2456.13,0.00,2.500,0.00,50.0,0.00
573.00,0.00,-2453.63,0.00,2.500,0.00,50.0,0.00
574.00,0.00,-2451.13,0.00,2.500,0.00,50.0,0.00
575.00,0.00,-2448.63,0.00,2.500,0.00,50.0,0.00
576.00,0.00,-2446.13,0.00,2.500,0.00,50.0,0.00
577.00,0.00,-2443.63,0.00,2.500,0.00,50.0,0.00
578.00,0.00,-2441.13,0.00,2.500,0.00,50.0,0.00
579.00,0.00,-2438.63,0.00,2.500,0.00,50.0,0.00
580.00,0.00,-2436.13,0.00,2.500,0.00,50.0,0.00
581.00,0.00,-2433.63,0.00,2.500,0.00,50.0,0.00
582.00,0.00,-2431.13,0.00,2.500,0.00,50.0,0.00
583.00,0.00,-2428.63,0.00,2.500,0.00,50.0,0.00
584.00,0.00,-2426.13,0.00,2.500,0.00,50.0,0.00
585.00,0.00,-2423.63,0.00,2.500,0.00,50.0,0.00
586.00,0.00,-2421.13,0.00,2.500,0.00,50.0,0.00
587.00,0.00,-2418.63,0.00,2.500,0.00,50.0,0.00
588.00,0.00,-2416.13,0.00,2.500,0.00,50.0,0.00
589.00,0.00,-2413.63,0.00,2.500,0.00,50.0,0.00
590.00,0.00,-2411.13,0.00,2.500,0.00,50.0,0.00
591.00,0.00,-2408.63,0.00,2.500,0.00,50.0,0.00
592.00,0.00,-2406.13,0.00,2.500,0.00,50.0,0.00
593.00,0.00,-2403.63,0.00,2.500,0.00,50.0,0.00
594.00,0.00,-2401.13,0.00,2.500,0.00,50.0,0.00
595.00,0.00,-2398.63,0.00,2.500,0.00,50.0,0.00
596.00,0.00,-2396.13,0.00,2.500,0.00,50.0,0.00
597.00,0.00,-2393.63,0.00,2.500,0.00,50.0,0.00
598.00,0.00,-2391.13,0.00,2.500,0.00,50.0,0.00
599.00,0.00,-2388.63,0.00,2.500,0.00,50.0,0.00
600.00,0.00,-2386.13,0.00,2.500,0.00,50.0,0.00
601.00,0.00,-2383.63,0.00,2.500,0.00,50.0,0.00
602.00,0.00,-2381.13,0.00,2.500,0.00,50.0,0.00
603.00,0.00,-2378.63,0.00,2.500,0.00,50.0,0.00
604.00,0.00,-2376.13,0.00,2.500,0.00,50.0,0.00
605.00,0.00,-2373.63,0.00,2.500,0.00,50.0,0.00
606.00,0.00,-2371.13,0.00,2.500,0.00,50.0,0.00
607.00,0.00,-2368.63,0.00,2.500,0.00,50.0,0.00
608.00,0.00,-2366.13,0.00,2.500,0.00,50.0,0.00
609.00,0.00,-2363.63,0.00,2.500,0.00,50.0,0.00
610.00,0.00,-2361.13,0.00,2.500,0.00,50.0,0.00
611.00,0.00,-2358.63,0.00,2.500,0.00,50.0,0.00
612.00,0.00,-2356.13,0.00,2.500,0.00,50.0,0.00
613.00,0.00,-2353.63,0.00,2.500,0.00,50.0,0.00
614.00,0.00,-2351.13,0.00,2.500,0.00,50.0,0.00
615.00,0.00,-2348.63,0.00,2.500,0.00,50.0,0.00
616.00,0.00,-2346.13,0.00,2.500,0.00,50.0,0.00
617.00,0.00,-2343.63,0.00,2.500,0.00,50.0,0.00
618.00,0.00,-2341.13,0.00,2.500,0.00,50.0,0.00
619.00,0.00,-2338.63,0.00,2.500,0.00,50.0,0.00
620.00,0.00,-2336.13,0.00,2.500,0.00,50.0,0.00
621.00,0.00,-2333.63,0.00,2.500,0.00,50.0,0.00
622.00,0.00,-2331.13,0.00,2.500,0.00,50.0,0.00
623.00,0.00,-2328.63,0.00,2.500,0.00,50.0,0.00
624.00,0.00,-2326.13,0.00,2.500,0.00,50.0,0.00
625.00,0.00,-2323.63,0.00,2.500,0.00,50.0,0.00
626.00,0.00,-2321.13,0.00,2.500,0.00,50.0,0.00
627.00,0.00,-2318.63,0.00,2.500,0.00,50.0,0.00
628.00,0.00,-2316.13,0.00,2.500,0.00,50.0,0.00
629.00,0.00,-2313.63,0.00,2.500,0.00,50.0,0.00
630.00,0.00,-2311.13,0.00,2.500,0.00,50.0,0.00
631.00,0.00,-2308.63,0.00,2.500,0.00,50.0,0.00
632.00,0.00,-2306.13,0.00,2.500,0.00,50.0,0.00
633.00,0.00,-2303.63,0.00,2.500,0.00,50.0,0.00
634.00,0.00,-2301.13,0.00,2.500,0.00,50.0,0.00
635.00,0.00,-2298.63,0.00,2.500,0.00,50.0,0.00
636.00,0.00,-2296.13,0.00,2.500,0.00,50.0,0.00
637.00,0.00,-2293.63,0.00,2.500,0.00,50.0,0.00
638.00,0.00,-2291.13,0.00,2.500,0.00,50.0,0.00
639.00,0.00,-2288.63,0.00,2.500,0.00,50.0,0.00
640.00,0.00,-2286.13,0.00,2.500,0.00,50.0,0.00
641.00,0.00,-2283.63,0.00,2.500,0.00,50.0,0.00
642.00,0.00,-2281.13,0.00,2.500,0.00,50.0,0.00
643.00,0.00,-2278.63,0.00,2.500,0.00,50.0,0.00
644.00,0.00,-2276.13,0.00,2.500,0.00,50.0,0.00
645.00,0.00,-2273.63,0.00,2.500,0.00,50.0,0.00
646.00,0.00,-2271.13,0.00,2.500,0.00,50.0,0.00
647.00,0.00,-2268.63,0.00,2.500,0.00,50.0,0.00
648.00,0.00,-2266.13,0.00,2.500,0.00,50.0,0.00
649.00,0.00,-2263.63,0.00,2.500,0.00,50.0,0.00
650.00,0.00,-2261.13,0.00,2.500,0.00,50.0,0.00
651.00,0.00,-2258.63,0.00,2.500,0.00,50.0,0.00
652.00,0.00,-2256.13,0.00,2.500,0.00,50.0,0.00
653.00,0.00,-2253.63,0.00,2.500,0.00,50.0,0.00
654.00,0.00,-2251.13,0.00,2.500,0.00,50.0,0.00
655.00,0.00,-2248.63,0.00,2.500,0.00,50.0,0.00
656.00,0.00,-2246.13,0.00,2.500,0.00,50.0,0.00
657.00,0.00,-2243.63,0.00,2.500,0.00,50.0,0.00
658.00,0.00,-2241.13,0.00,2.500,0.00,50.0,0.00
659.00,0.00,-2238.63,0.00,2.500,0.00,50.0,0.00
660.00,0.00,-2236.13,0.00,2.500,0.00,50.0,0.00
661.00,0.00,-2233.63,0.00,2.500,0.00,50.0,0.00
662.00,0.00,-2231.13,0.00,2.500,0.00,50.0,0.00
663.00,0.00,-2228.63,0.00,2.500,0.00,50.0,0.00
664.00,0.00,-2226.13,0.00,2.500,0.00,50.0,0.00
665.00,0.00,-2223.63,0.00,2.500,0.00,50.0,0.00
666.00,0.00,-2221.13,0.00,2.500,0.00,50.0,0.00
667.00,0.00,-2218.63,0.00,2.500,0.00,50.0,0.00
668.00,0.00,-2216.13,0.00,2.500,0.00,50.0,0.00
669.00,0.00,-2213.63,0.00,2.500,0.00,50.0,0.00
670.00,0.00,-2211.13,0.00,2.500,0.00,50.0,0.00
671.00,0.00,-2208.63,0.00,2.500,0.00,50.0,0.00
672.00,0.00,-2206.12,0.00,2.500,0.00,50.0,0.00
673.00,0.00,-2203.62,0.00,2.500,0.00,50.0,0.00
674.00,0.00,-2201.12,0.00,2.500,0.00,50.0,0.00
675.00,0.00,-2198.62,0.00,2.500,0.00,50.0,0.00
676.00,0.00,-2196.12,0.00,2.500,0.00,50.0,0.00
677.00,0.00,-2193.62,0.00,2.500,0.00,50.0,0.00
678.00,0.00,-2191.12,0.00,2.500,0.00,50.0,0.00
679.00,0.00,-2188.62,0.00,2.500,0.00,50.0,0.00
680.00,0.00,-2186.12,0.00,2.500,0.00,50.0,0.00
681.00,0.00,-2183.62,0.00,2.500,0.00,50.0,0.00
682.00,0.00,-2181.12,0.00,2.500,0.00,50.0,0.00
683.00,0.00,-2178.62,0.00,2.500,0.00,50.0,0.00
684.00,0.00,-2176.12,0.00,2.500,0.00,50.0,0.00
685.00,0.00,-2173.62,0.00,2.500,0.00,50.0,0.00
686.00,0.00,-2171.12,0.00,2.500,0.00,50.0,0.00
687.00,0.00,-2168.62,0.00,2.500,0.00,50.0,0.00
688.00,0.00,-2166.12,0.00,2.500,0.00,50.0,0.00
689.00,0.00,-2163.62,0.00,2.500,0.00,50.0,0.00
690.00,0.00,-2161.12,0.00,2.500,0.00,50.0,0.00
691.00,0.00,-2158.62,0.00,2.500,0.00,50.0,0.00
692.00,0.00,-2156.12,0.00,2.500,0.00,50.0,0.00
693.00,0.00,-2153.62,0.00,2.500,0.00,50.0,0.00
694.00,0.00,-2151.12,0.00,2.500,0.00,50.0,0.00
695.00,0.00,-2148.62,0.00,2.500,0.00,50.0,0.00
696.00,0.00,-2146.12,0.00,2.500,0.00,50.0,0.00
697.00,0.00,-2143.62,0.00,2.500,0.00,50.0,0.00
698.00,0.00,-2141.12,0.00,2.500,0.00,50.0,0.00
699.00,0.00,-2138.62,0.00,2.500,0.00,50.0,0.00
700.00,0.00,-2136.12,0.00,2.500,0.00,50.0,0.00
701.00,0.00,-2133.62,0.00,2.500,0.00,50.0,0.00
702.00,0.00,-2131.12,0.00,2.500,0.00,50.0,0.00
703.00,0.00,-2128.62,0.00,2.500,0.00,50.0,0.00
704.00,0.00,-2126.12,0.00,2.500,0.00,50.0,0.00
705.00,0.00,-2123.62,0.00,2.500,0.00,50.0,0.00
706.00,0.00,-2121.12,0.00,2.500,0.00,50.0,0.00
707.00,0.00,-2118.62,0.00,2.500,0.00,50.0,0.00
708.00,0.00,-2116.12,0.00,2.500,0.00,50.0,0.00
709.00,0.00,-2113.62,0.00,2.500,0.00,50.0,0.00
710.00,0.00,-2111.12,0.00,2.500,0.00,50.0,0.00
711.00,0.00,-2108.62,0.00,2.500,0.00,50.0,0.00
712.00,0.00,-2106.12,0.00,2.500,0.00,50.0,0.00
713.00,0.00,-2103.62,0.00,2.500,0.00,50.0,0.00
714.00,0.00,-2101.12,0.00,2.500,0.00,50.0,0.00
715.00,0.00,-2098.62,0.00,2.500,0.00,50.0,0.00
716.00,0.00,-2096.12,0.00,2.500,0.00,50.0,0.00
717.00,0.00,-2093.62,0.00,2.500,0.00,50.0,0.00
718.00,0.00,-2091.12,0.00,2.500,0.00,50.0,0.00
719.00,0.00,-2088.62,0.00,2.500,0.00,50.0,0.00
720.00,0.00,-2086.12,0.00,2.500,0.00,50.0,0.00
721.00,0.00,-2083.62,0.00,2.500,0.00,50.0,0.00
722.00,0.00,-2081.12,0.00,2.500,0.00,50.0,0.00
723.00,0.00,-2078.62,0.00,2.500,0.00,50.0,0.00
724.00,0.00,-2076.12,0.00,2.500,0.00,50.0,0.00
725.00,0.00,-2073.62,0.00,2.500,0.00,50.0,0.00
726.00,0.00,-2071.12,0.00,2.500,0.00,50.0,0.00
727.00,0.00,-2068.62,0.00,2.500,0.00,50.0,0.00
728.00,0.00,-2066.12,0.00,2.500,0.00,50.0,0.00
729.00,0.00,-2063.62,0.00,2.500,0.00,50.0,0.00
730.00,0.00,-2061.12,0.00,2.500,0.00,50.0,0.00
731.00,0.00,-2058.62,0.00,2.500,0.00,50.0,0.00
732.00,0.00,-2056.12,0.00,2.500,0.00,50.0,0.00
733.00,0.00,-2053.62,0.00,2.500,0.00,50.0,0.00
734.00,0.00,-2051.12,0.00,2.500,0.00,50.0,0.00
735.00,0.00,-2048.62,0.00,2.500,0.00,50.0,0.00
736.00,0.00,-2046.12,0.00,2.500,0.00,50.0,0.00
737.00,0.00,-2043.62,0.00,2.500,0.00,50.0,0.00
738.00,0.00,-2041.12,0.00,2.500,0.00,50.0,0.00
739.00,0.00,-2038.62,0.00,2.500,0.00,50.0,0.00
740.00,0.00,-2036.12,0.00,2.500,0.00,50.0,0.00
741.00,0.00,-2033.62,0.00,2.500,0.00,50.0,0.00
742.00,0.00,-2031.12,0.00,2.500,0.00,50.0,0.00
743.00,0.00,-2028.62,0.00,2.500,0.00,50.0,0.00
744.00,0.00,-2026.12,0.00,2.500,0.00,50.0,0.00
745.00,0.00,-2023.62,0.00,2.500,0.00,50.0,0.00
746.00,0.00,-2021.12,0.00,2.500,0.00,50.0,0.00
747.00,0.00,-2018.62,0.00,2.500,0.00,50.0,0.00
748.00,0.00,-2016.12,0.00,2.500,0.00,50.0,0.00
749.00,0.00,-2013.62,0.00,2.500,0.00,50.0,0.00
750.00,0.00,-2011.12,0.00,2.500,0.00,50.0,0.00
751.00,0.00,-2008.62,0.00,2.500,0.00,50.0,0.00
752.00,0.00,-2006.12,0.00,2.500,0.00,50.0,0.00
753.00,0.00,-2003.62,0.00,2.500,0.00,50.0,0.00
754.00,0.00,-2001.12,0.00,2.500,0.00,50.0,0.00
755.00,0.00,-1998.62,0.00,2.500,0.00,50.0,0.00
756.00,0.00,-1996.12,0.00,2.500,0.00,50.0,0.00
757.00,0.00,-1993.62,0.00,2.500,0.00,50.0,0.00
758.00,0.00,-1991.12,0.00,2.500,0.00,50.0,0.00
759.00,0.00,-1988.62,0.00,2.500,0.00,50.0,0.00
760.00,0.00,-1986.12,0.00,2.500,0.00,50.0,0.00
761.00,0.00,-1983.62,0.00,2.500,0.00,50.0,0.00
762.00,0.00,-1981.12,0.00,2.500,0.00,50.0,0.00
763.00,0.00,-1978.62,0.00,2.500,0.00,50.0,0.00
764.00,0.00,-1976.12,0.00,2.500,0.00,50.0,0.00
765.00,0.00,-1973.62,0.00,2.500,0.00,50.0,0.00
766.00,0.00,-1971.12,0.00,2.500,0.00,50.0,0.00
767.00,0.00,-1968.62,0.00,2.500,0.00,50.0,0.00
768.00,0.00,-1966.12,0.00,2.500,0.00,50.0,0.00
769.00,0.00,-1963.62,0.00,2.500,0.00,50.0,0.00
770.00,0.00,-1961.12,0.00,2.500,0.00,50.0,0.00
771.00,0.00,-1958.62,0.00,2.500,0.00,50.0,0.00
772.00,0.00,-1956.12,0.00,2.500,0.00,50.0,0.00
773.00,0.00,-1953.62,0.00,2.500,0.00,50.0,0.00
774.00,0.00,-1951.12,0.00,2.500,0.00,50.0,0.00
775.00,0.00,-1948.62,0.00,2.500,0.00,50.0,0.00
776.00,0.00,-1946.12,0.00,2.500,0.00,50.0,0.00
777.00,0.00,-1943.62,0.00,2.500,0.00,50.0,0.00
778.00,0.00,-1941.12,0.00,2.500,0.00,50.0,0.00
779.00,0.00,-1938.62,0.00,2.500,0.00,50.0,0.00
780.00,0.00,-1936.12,0.00,2.500,0.00,50.0,0.00
781.00,0.00,-1933.62,0.00,2.500,0.00,50.0,0.00
782.00,0.00,-1931.12,0.00,2.500,0.00,50.0,0.00
783.00,0.00,-1928.62,0.00,2.500,0.00,50.0,0.00
784.00,0.00,-1926.12,0.00,2.500,0.00,50.0,0.00
785.00,0.00,-1923.62,0.00,2.500,0.00,50.0,0.00
786.00,0.00,-1921.12,0.00,2.500,0.00,50.0,0.00
787.00,0.00,-1918.62,0.00,2.500,0.00,50.0,0.00
788.00,0.00,-1916.12,0.00,2.500,0.00,50.0,0.00
789.00,0.00,-1913.62,0.00,2.500,0.00,50.0,0.00
790.00,0.00,-1911.12,0.00,2.500,0.00,50.0,0.00
791.00,0.00,-1908.62,0.00,2.500,0.00,50.0,0.00
792.00,0.00,-1906.12,0.00,2.500,0.00,50.0,0.00
793.00,0.00,-1903.62,0.00,2.500,0.00,50.0,0.00
794.00,0.00,-1901.12,0.00,2.500,0.00,50.0,0.00
795.00,0.00,-1898.62,0.00,2.500,0.00,50.0,0.00
796.00,0.00,-1896.12,0.00,2.500,0.00,50.0,0.00
797.00,0.00,-1893.62,0.00,2.500,0.00,50.0,0.00
798.00,0.00,-1891.12,0.00,2.500,0.00,50.0,0.00
799.00,0.00,-1888.62,0.00,2.500,0.00,50.0,0.00
800.00,0.00,-1886.12,0.00,2.500,0.00,50.0,0.00
801.00,0.00,-1883.62,0.00,2.500,0.00,50.0,0.00
802.00,0.00,-1881.12,0.00,2.500,0.00,50.0,0.00
803.00,0.00,-1878.62,0.00,2.500,0.00,50.0,0.00
804.00,0.00,-1876.12,0.00,2.500,0.00,50.0,0.00
805.00,0.00,-1873.62,0.00,2.500,0.00,50.0,0.00
806.00,0.00,-1871.12,0.00,2.500,0.00,50.0,0.00
807.00,0.00,-1868.62,0.00,2.500,0.00,50.0,0.00
808.00,0.00,-1866.12,0.00,2.500,0.00,50.0,0.00
809.00,0.00,-1863.62,0.00,2.500,0.00,50.0,0.00
810.00,0.00,-1861.12,0.00,2.500,0.00,50.0,0.00
811.00,0.00,-1858.62,0.00,2.500,0.00,50.0,0.00
812.00,0.00,-1856.12,0.00,2.500,0.00,50.0,0.00
813.00,0.00,-1853.62,0.00,2.500,0.00,50.0,0.00
814.00,0.00,-1851.12,0.00,2.500,0.00,50.0,0.00
815.00,0.00,-1848.62,0.00,2.500,0.00,50.0,0.00
816.00,0.00,-1846.12,0.00,2.500,0.00,50.0,0.00
817.00,0.00,-1843.62,0.00,2.500,0.00,50.0,0.00
818.00,0.00,-1841.12,0.00,2.500,0.00,50.0,0.00
819.00,0.00,-1838.62,0.00,2.500,0.00,50.0,0.00
820.00,0.00,-1836.12,0.00,2.500,0.00,50.0,0.00
821.00,0.00,-1833.62,0.00,2.500,0.00,50.0,0.00
822.00,0.00,-1831.12,0.00,2.500,0.00,50.0,0.00
823.00,0.00,-1828.62,0.00,2.500,0.00,50.0,0.00
824.00,0.00,-1826.12,0.00,2.500,0.00,50.0,0.00
825.00,0.00,-1823.62,0.00,2.500,0.00,50.0,0.00
826.00,0.00,-1821.12,0.00,2.500,0.00,50.0,0.00
827.00,0.00,-1818.62,0.00,2.500,0.00,50.0,0.00
828.00,0.00,-1816.12,0.00,2.500,0.00,50.0,0.00
829.00,0.00,-1813.62,0.00,2.500,0.00,50.0,0.00
830.00,0.00,-1811.12,0.00,2.500,0.00,50.0,0.00
831.00,0.00,-1808.62,0.00,2.500,0.00,50.0,0.00
832.00,0.00,-1806.12,0.00,2.500,0.00,50.0,0.00
833.00,0.00,-1803.62,0.00,2.500,0.00,50.0,0.00
834.00,0.00,-1801.12,0.00,2.500,0.00,50.0,0.00
835.00,0.00,-1798.62,0.00,2.500,0.00,50.0,0.00
836.00,0.00,-1796.12,0.00,2.500,0.00,50.0,0.00
837.00,0.00,-1793.62,0.00,2.500,0.00,50.0,0.00
838.00,0.00,-1791.12,0.00,2.500,0.00,50.0,0.00
839.00,0.00,-1788.62,0.00,2.500,0.00,50.0,0.00
840.00,0.00,-1786.12,0.00,2.500,0.00,50.0,0.00
841.00,0.00,-1783.62,0.00,2.500,0.00,50.0,0.00
842.00,0.00,-1781.12,0.00,2.500,0.00,50.0,0.00
843.00,0.00,-1778.62,0.00,2.500,0.00,50.0,0.00
844.00,0.00,-1776.12,0.00,2.500,0.00,50.0,0.00
845.00,0.00,-1773.62,0.00,2.500,0.00,50.0,0.00
846.00,0.00,-1771.12,0.00,2.500,0.00,50.0,0.00
847.00,0.00,-1768.62,0.00,2.500,0.00,50.0,0.00
848.00,0.00,-1766.12,0.00,2.500,0.00,50.0,0.00
849.00,0.00,-1763.62,0.00,2.500,0.00,50.0,0.00
850.00,0.00,-1761.12,0.00,2.500,0.00,50.0,0.00
851.00,0.00,-1758.62,0.00,2.500,0.00,50.0,0.00
852.00,0.00,-1756.12,0.00,2.500,0.00,50.0,0.00
853.00,0.00,-1753.62,0.00,2.500,0.00,50.0,0.00
854.00,0.00,-1751.12,0.00,2.500,0.00,50.0,0.00
855.00,0.00,-1748.62,0.00,2.500,0.00,50.0,0.00
856.00,0.00,-1746.12,0.00,2.500,0.00,50.0,0.00
857.00,0.00,-1743.62,0.00,2.500,0.00,50.0,0.00
858.00,0.00,-1741.12,0.00,2.500,0.00,50.0,0.00
859.00,0.00,-1738.62,0.00,2.500,0.00,50.0,0.00
860.00,0.00,-1736.12,0.00,2.500,0.00,50.0,0.00
861.00,0.00,-1733.62,0.00,2.500,0.00,50.0,0.00
862.00,0.00,-1731.12,0.00,2.500,0.00,50.0,0.00
863.00,0.00,-1728.62,0.00,2.500,0.00,50.0,0.00
864.00,0.00,-1726.12,0.00,2.500,0.00,50.0,0.00
865.00,0.00,-1723.62,0.00,2.500,0.00,50.0,0.00
866.00,0.00,-1721.12,0.00,2.500,0.00,50.0,0.00
867.00,0.00,-1718.62,0.00,2.500,0.00,50.0,0.00
868.00,0.00,-1716.12,0.00,2.500,0.00,50.0,0.00
869.00,0.00,-1713.62,0.00,2.500,0.00,50.0,0.00
870.00,0.00,-1711.12,0.00,2.500,0.00,50.0,0.00
871.00,0.00,-1708.62,0.00,2.500,0.00,50.0,0.00
872.00,0.00,-1706.12,0.00,2.500,0.00,50.0,0.00
873.00,0.00,-1703.62,0.00,2.500,0.00,50.0,0.00
874.00,0.00,-1701.12,0.00,2.500,0.00,50.0,0.00
875.00,0.00,-1698.62,0.00,2.500,0.00,50.0,0.00
876.00,0.00,-1696.12,0.00,2.500,0.00,50.0,0.00
877.00,0.00,-1693.62,0.00,2.500,0.00,50.0,0.00
878.00,0.00,-1691.12,0.00,2.500,0.00,50.0,0.00
879.00,0.00,-1688.62,0.00,2.500,0.00,50.0,0.00
880.00,0.00,-1686.12,0.00,2.500,0.00,50.0,0.00
881.00,0.00,-1683.62,0.00,2.500,0.00,50.0,0.00
882.00,0.00,-1681.12,0.00,2.500,0.00,50.0,0.00
883.00,0.00,-1678.62,0.00,2.500,0.00,50.0,0.00
884.00,0.00,-1676.12,0.00,2.500,0.00,50.0,0.00
885.00,0.00,-1673.62,0.00,2.500,0.00,50.0,0.00
886.00,0.00,-1671.12,0.00,2.500,0.00,50.0,0.00
887.00,0.00,-1668.62,0.00,2.500,0.00,50.0,0.00
888.00,0.00,-1666.12,0.00,2.500,0.00,50.0,0.00
889.00,0.00,-1663.62,0.00,2.500,0.00,50.0,0.00
890.00,0.00,-1661.12,0.00,2.500,0.00,50.0,0.00
891.00,0.00,-1658.62,0.00,2.500,0.00,50.0,0.00
892.00,0.00,-1656.12,0.00,2.500,0.00,50.0,0.00
893.00,0.00,-1653.62,0.00,2.500,0.00,50.0,0.00
894.00,0.00,-1651.12,0.00,2.500,0.00,50.0,0.00
895.00,0.00,-1648.62,0.00,2.500,0.00,50.0,0.00
896.00,0.00,-1646.12,0.00,2.500,0.00,50.0,0.00
897.00,0.00,-1643.62,0.00,2.500,0.00,50.0,0.00
898.00,0.00,-1641.12,0.00,2.500,0.00,50.0,0.00
899.00,0.00,-1638.62,0.00,2.500,0.00,50.0,0.00
900.00,0.00,-1636.12,0.00,2.500,0.00,50.0,0.00
901.00,0.00,-1633.62,0.00,2.500,0.00,50.0,0.00
902.00,0.00,-1631.12,0.00,2.500,0.00,50.0,0.00
903.00,0.00,-1628.62,0.00,2.500,0.00,50.0,0.00
904.00,0.00,-1626.12,0.00,2.500,0.00,50.0,0.00
905.00,0.00,-1623.62,0.00,2.500,0.00,50.0,0.00
906.00,0.00,-1621.12,0.00,2.500,0.00,50.0,0.00
907.00,0.00,-1618.62,0.00,2.500,0.00,50.0,0.00
908.00,0.00,-1616.12,0.00,2.500,0.00,50.0,0.00
909.00,0.00,-1613.62,0.00,2.500,0.00,50.0,0.00
910.00,0.00,-1611.12,0.00,2.500,0.00,50.0,0.00
911.00,0.00,-1608.62,0.00,2.500,0.00,50.0,0.00
912.00,0.00,-1606.12,0.00,2.500,0.00,50.0,0.00
913.00,0.00,-1603.62,0.00,2.500,0.00,50.0,0.00
914.00,0.00,-1601.12,0.00,2.500,0.00,50.0,0.00
915.00,0.00,-1598.62,0.00,2.500,0.00,50.0,0.00
916.00,0.00,-1596.12,0.00,2.500,0.00,50.0,0.00
917.00,0.00,-1593.62,0.00,2.500,0.00,50.0,0.00
918.00,0.00,-1591.12,0.00,2.500,0.00,50.0,0.00
919.00,0.00,-1588.62,0.00,2.500,0.00,50.0,0.00
920.00,0.00,-1586.12,0.00,2.500,0.00,50.0,0.00
921.00,0.00,-1583.62,0.00,2.500,0.00,50.0,0.00
922.00,0.00,-1581.12,0.00,2.500,0.00,50.0,0.00
923.00,0.00,-1578.62,0.00,2.500,0.00,50.0,0.00
924.00,0.00,-1576.12,0.00,2.500,0.00,50.0,0.00
925.00,0.00,-1573.62,0.00,2.500,0.00,50.0,0.00
926.00,0.00,-1571.12,0.00,2.500,0.00,50.0,0.00
927.00,0.00,-1568.62,0.00,2.500,0.00,50.0,0.00
928.00,0.00,-1566.12,0.00,2.500,0.00,50.0,0.00
929.00,0.00,-1563.62,0.00,2.500,0.00,50.0,0.00
930.00,0.00,-1561.12,0.00,2.500,0.00,50.0,0.00
931.00,0.00,-1558.62,0.00,2.500,0.00,50.0,0.00
932.00,0.00,-1556.12,0.00,2.500,0.00,50.0,0.00
933.00,0.00,-1553.62,0.00,2.500,0.00,50.0,0.00
934.00,0.00,-1551.12,0.00,2.500,0.00,50.0,0.00
935.00,0.00,-1548.62,0.00,2.500,0.00,50.0,0.00
936.00,0.00,-1546.12,0.00,2.500,0.00,50.0,0.00
937.00,0.00,-1543.62,0.00,2.500,0.00,50.0,0.00
938.00,0.00,-1541.12,0.00,2.500,0.00,50.0,0.00
939.00,0.00,-1538.62,0.00,2.500,0.00,50.0,0.00
940.00,0.00,-1536.12,0.00,2.500,0.00,50.0,0.00
941.00,0.00,-1533.62,0.00,2.500,0.00,50.0,0.00
942.00,0.00,-1531.12,0.00,2.500,0.00,50.0,0.00
943.00,0.00,-1528.62,0.00,2.500,0.00,50.0,0.00
944.00,0.00,-1526.12,0.00,2.500,0.00,50.0,0.00
945.00,0.00,-1523.62,0.00,2.500,0.00,50.0,0.00
946.00,0.00,-1521.12,0.00,2.500,0.00,50.0,0.00
947.00,0.00,-1518.62,0.00,2.500,0.00,50.0,0.00
948.00,0.00,-1516.12,0.00,2.500,0.00,50.0,0.00
949.00,0.00,-1513.62,0.00,2.500,0.00,50.0,0.00
950.00,0.00,-1511.12,0.00,2.500,0.00,50.0,0.00
951.00,0.00,-1508.62,0.00,2.500,0.00,50.0,0.00
952.00,0.00,-1506.12,0.00,2.500,0.00,50.0,0.00
953.00,0.00,-1503.62,0.00,2.500,0.00,50.0,0.00
954.00,0.00,-1501.12,0.00,2.500,0.00,50.0,0.00
955.00,0.00,-1498.62,0.00,2.500,0.00,50.0,0.00
956.00,0.00,-1496.12,0.00,2.500,0.00,50.0,0.00
957.00,0.00,-1493.62,0.00,2.500,0.00,50.0,0.00
958.00,0.00,-1491.12,0.00,2.500,0.00,50.0,0.00
959.00,0.00,-1488.62,0.00,2.500,0.00,50.0,0.00
960.00,0.00,-1486.12,0.00,2.500,0.00,50.0,0.00
961.00,0.00,-1483.62,0.00,2.500,0.00,50.0,0.00
962.00,0.00,-1481.12,0.00,2.500,0.00,50.0,0.00
963.00,0.00,-1478.62,0.00,2.500,0.00,50.0,0.00
964.00,0.00,-1476.12,0.00,2.500,0.00,50.0,0.00
965.00,0.00,-1473.62,0.00,2.500,0.00,50.0,0.00
966.00,0.00,-1471.12,0.00,2.500,0.00,50.0,0.00
967.00,0.00,-1468.62,0.00,2.500,0.00,50.0,0.00
968.00,0.00,-1466.12,0.00,2.500,0.00,50.0,0.00
969.00,0.00,-1463.62,0.00,2.500,0.00,50.0,0.00
970.00,0.00,-1461.12,0.00,2.500,0.00,50.0,0.00
971.00,0.00,-1458.62,0.00,2.500,0.00,50.0,0.00
972.00,0.00,-1456.12,0.00,2.500,0.00,50.0,0.00
973.00,0.00,-1453.62,0.00,2.500,0.00,50.0,0.00
974.00,0.00,-1451.12,0.00,2.500,0.00,50.0,0.00
975.00,0.00,-1448.62,0.00,2.500,0.00,50.0,0.00
976.00,0.00,-1446.12,0.00,2.500,0.00,50.0,0.00
977.00,0.00,-1443.62,0.00,2.500,0.00,50.0,0.00
978.00,0.00,-1441.12,0.00,2.500,0.00,50.0,0.00
979.00,0.00,-1438.62,0.00,2.500,0.00,50.0,0.00
980.00,0.00,-1436.12,0.00,2.500,0.00,50.0,0.00
981.00,0.00,-1433.62,0.00,2.500,0.00,50.0,0.00
982.00,0.00,-1431.12,0.00,2.500,0.00,50.0,0.00
983.00,0.00,-1428.62,0.00,2.500,0.00,50.0,0.00
984.00,0.00,-1426.12,0.00,2.500,0.00,50.0,0.00
985.00,0.00,-1423.62,0.00,2.500,0.00,50.0,0.00
986.00,0.00,-1421.12,0.00,2.500,0.00,50.0,0.00
987.00,0.00,-1418.62,0.00,2.500,0.00,50.0,0.00
988.00,0.00,-1416.12,0.00,2.500,0.00,50.0,0.00
989.00,0.00,-1413.62,0.00,2.500,0.00,50.0,0.00
990.00,0.00,-1411.12,0.00,2.500,0.00,50.0,0.00
991.00,0.00,-1408.62,0.00,2.500,0.00,50.0,0.00
992.00,0.00,-1406.12,0.00,2.500,0.00,50.0,0.00
993.00,0.00,-1403.62,0.00,2.500,0.00,50.0,0.00
994.00,0.00,-1401.12,0.00,2.500,0.00,50.0,0.00
995.00,0.00,-1398.62,0.00,2.500,0.00,50.0,0.00
996.00,0.00,-1396.12,0.00,2.500,0.00,50.0,0.00
997.00,0.00,-1393.62,0.00,2.500,0.00,50.0,0.00
998.00,0.00,-1391.12,0.00,2.500,0.00,50.0,0.00
999.00,0.00,-1388.62,0.00,2.500,0.00,50.0,0.00
1000.00,0.00,-1386.12,0.00,2.500,0.00,50.0,0.00
1001.00,0.00,-1383.62,0.00,2.500,0.00,50.0,0.00
1002.00,0.00,-1381.12,0.00,2.500,0.00,50.0,0.00
1003.00,0.00,-1378.62,0.00,2.500,0.00,50.0,0.00
1004.00,0.00,-1376.12,0.00,2.500,0.00,50.0,0.00
1005.00,0.00,-1373.62,0.00,2.500,0.00,50.0,0.00
1006.00,0.00,-1371.12,0.00,2.500,0.00,50.0,0.00
1007.00,0.00,-1368.62,0.00,2.500,0.00,50.0,0.00
1008.00,0.00,-1366.12,0.00,2.500,0.00,50.0,0.00
1009.00,0.00,-1363.62,0.00,2.500,0.00,50.0,0.00
1010.00,0.00,-1361.12,0.00,2.500,0.00,50.0,0.00
1011.00,0.00,-1358.62,0.00,2.500,0.00,50.0,0.00
1012.00,0.00,-1356.12,0.00,2.500,0.00,50.0,0.00
1013.00,0.00,-1353.62,0.00,2.500,0.00,50.0,0.00
1014.00,0.00,-1351.12,0.00,2.500,0.00,50.0,0.00
1015.00,0.00,-1348.62,0.00,2.500,0.00,50.0,0.00
1016.00,0.00,-1346.12,0.00,2.500,0.00,50.0,0.00
1017.00,0.00,-1343.62,0.00,2.500,0.00,50.0,0.00
1018.00,0.00,-1341.12,0.00,2.500,0.00,50.0,0.00
1019.00,0.00,-1338.62,0.00,2.500,0.00,50.0,0.00
1020.00,0.00,-1336.12,0.00,2.500,0.00,50.0,0.00
1021.00,0.00,-1333.62,0.00,2.500,0.00,50.0,0.00
1022.00,0.00,-1331.12,0.00,2.500,0.00,50.0,0.00
1023.00,0.00,-1328.62,0.00,2.500,0.00,50.0,0.00
1024.00,0.00,-1326.12,0.00,2.500,0.00,50.0,0.00
1025.00,0.00,-1323.62,0.00,2.500,0.00,50.0,0.00
1026.00,0.00,-1321.12,0.00,2.500,0.00,50.0,0.00
1027.00,0.00,-1318.62,0.00,2.500,0.00,50.0,0.00
1028.00,0.00,-1316.12,0.00,2.500,0.00,50.0,0.00
1029.00,0.00,-1313.62,0.00,2.500,0.00,50.0,0.00
1030.00,0.00,-1311.12,0.00,2.500,0.00,50.0,0.00
1031.00,0.00,-1308.62,0.00,2.500,0.00,50.0,0.00
1032.00,0.00,-1306.12,0.00,2.500,0.00,50.0,0.00
1033.00,0.00,-1303.62,0.00,2.500,0.00,50.0,0.00
1034.00,0.00,-1301.12,0.00,2.500,0.00,50.0,0.00
1035.00,0.00,-1298.62,0.00,2.500,0.00,50.0,0.00
1036.00,0.00,-1296.12,0.00,2.500,0.00,50.0,0.00
1037.00,0.00,-1293.62,0.00,2.500,0.00,50.0,0.00
1038.00,0.00,-1291.12,0.00,2.500,0.00,50.0,0.00
1039.00,0.00,-1288.62,0.00,2.500,0.00,50.0,0.00
1040.00,0.00,-1286.12,0.00,2.500,0.00,50.0,0.00
1041.00,0.00,-1283.62,0.00,2.500,0.00,50.0,0.00
1042.00,0.00,-1281.12,0.00,2.500,0.00,50.0,0.00
1043.00,0.00,-1278.62,0.00,2.500,0.00,50.0,0.00
1044.00,0.00,-1276.12,0.00,2.500,0.00,50.0,0.00
1045.00,0.00,-1273.62,0.00,2.500,0.00,50.0,0.00
1046.00,0.00,-1271.12,0.00,2.500,0.00,50.0,0.00
1047.00,0.00,-1268.62,0.00,2.500,0.00,50.0,0.00
1048.00,0.00,-1266.12,0.00,2.500,0.00,50.0,0.00
1049.00,0.00,-1263.62,0.00,2.500,0.00,50.0,0.00
1050.00,0.00,-1261.12,0.00,2.500,0.00,50.0,0.00
1051.00,0.00,-1258.62,0.00,2.500,0.00,50.0,0.00
1052.00,0.00,-1256.12,0.00,2.500,0.00,50.0,0.00
1053.00,0.00,-1253.62,0.00,2.500,0.00,50.0,0.00
1054.00,0.00,-1251.12,0.00,2.500,0.00,50.0,0.00
1055.00,0.00,-1248.62,0.00,2.500,0.00,50.0,0.00
1056.00,0.00,-1246.12,0.00,2.500,0.00,50.0,0.00
1057.00,0.00,-1243.62,0.00,2.500,0.00,50.0,0.00
1058.00,0.00,-1241.12,0.00,2.500,0.00,50.0,0.00
1059.00,0.00,-1238.62,0.00,2.500,0.00,50.0,0.00
1060.00,0.00,-1236.12,0.00,2.500,0.00,50.0,0.00
1061.00,0.00,-1233.62,0.00,2.500,0.00,50.0,0.00
1062.00,0.00,-1231.12,0.00,2.500,0.00,50.0,0.00
1063.00,0.00,-1228.62,0.00,2.500,0.00,50.0,0.00
1064.00,0.00,-1226.12,0.00,2.500,0.00,50.0,0.00
1065.00,0.00,-1223.62,0.00,2.500,0.00,50.0,0.00
1066.00,0.00,-1221.12,0.00,2.500,0.00,50.0,0.00
1067.00,0.00,-1218.62,0.00,2.500,0.00,50.0,0.00
1068.00,0.00,-1216.12,0.00,2.500,0.00,50.0,0.00
1069.00,0.00,-1213.62,0.00,2.500,0.00,50.0,0.00
1070.00,0.00,-1211.12,0.00,2.500,0.00,50.0,0.00
1071.00,0.00,-1208.62,0.00,2.500,0.00,50.0,0.00
1072.00,0.00,-1206.12,0.00,2.500,0.00,50.0,0.00
1073.00,0.00,-1203.62,0.00,2.500,0.00,50.0,0.00
1074.00,0.00,-1201.12,0.00,2.500,0.00,50.0,0.00
1075.00,0.00,-1198.62,0.00,2.500,0.00,50.0,0.00
1076.00,0.00,-1196.12,0.00,2.500,0.00,50.0,0.00
1077.00,0.00,-1193.62,0.00,2.500,0.00,50.0,0.00
1078.00,0.00,-1191.12,0.00,2.500,0.00,50.0,0.00
1079.00,0.00,-1188.62,0.00,2.500,0.00,50.0,0.00
1080.00,0.00,-1186.12,0.00,2.500,0.00,50.0,0.00
1081.00,0.00,-1183.62,0.00,2.500,0.00,50.0,0.00
1082.00,0.00,-1181.12,0.00,2.500,0.00,50.0,0.00
1083.00,0.00,-1178.62,0.00,2.500,0.00,50.0,0.00
1084.00,0.00,-1176.12,0.00,2.500,0.00,50.0,0.00
1085.00,0.00,-1173.62,0.00,2.500,0.00,50.0,0.00
1086.00,0.00,-1171.12,0.00,2.500,0.00,50.0,0.00
1087.00,0.00,-1168.62,0.00,2.500,0.00,50.0,0.00
1088.00,0.00,-1166.12,0.00,2.500,0.00,50.0,0.00
1089.00,0.00,-1163.62,0.00,2.500,0.00,50.0,0.00
1090.00,0.00,-1161.12,0.00,2.500,0.00,50.0,0.00
1091.00,0.00,-1158.62,0.00,2.500,0.00,50.0,0.00
1092.00,0.00,-1156.12,0.00,2.500,0.00,50.0,0.00
1093.00,0.00,-1153.62,0.00,2.500,0.00,50.0,0.00
1094.00,0.00,-1151.12,0.00,2.500,0.00,50.0,0.00
1095.00,0.00,-1148.62,0.00,2.500,0.00,50.0,0.00
1096.00,0.00,-1146.12,0.00,2.500,0.00,50.0,0.00
1097.00,0.00,-1143.62,0.00,2.500,0.00,50.0,0.00
1098.00,0.00,-1141.12,0.00,2.500,0.00,50.0,0.00
1099.00,0.00,-1138.62,0.00,2.500,0.00,50.0,0.00
1100.00,0.00,-1136.12,0.00,2.500,0.00,50.0,0.00
1101.00,0.00,-1133.62,0.00,2.500,0.00,50.0,0.00
1102.00,0.00,-1131.12,0.00,2.500,0.00,50.0,0.00
1103.00,0.00,-1128.62,0.00,2.500,0.00,50.0,0.00
1104.00,0.00,-1126.12,0.00,2.500,0.00,50.0,0.00
1105.00,0.00,-1123.62,0.00,2.500,0.00,50.0,0.00
1106.00,0.00,-1121.12,0.00,2.500,0.00,50.0,0.00
1107.00,0.00,-1118.62,0.00,2.500,0.00,50.0,0.00
1108.00,0.00,-1116.12,0.00,2.500,0.00,50.0,0.00
1109.00,0.00,-1113.62,0.00,2.500,0.00,50.0,0.00
1110.00,0.00,-1111.12,0.00,2.500,0.00,50.0,0.00
1111.00,0.00,-1108.62,0.00,2.500,0.00,50.0,0.00
1112.00,0.00,-1106.12,0.00,2.500,0.00,50.0,0.00
1113.00,0.00,-1103.62,0.00,2.500,0.00,50.0,0.00
1114.00,0.00,-1101.12,0.00,2.500,0.00,50.0,0.00
1115.00,0.00,-1098.62,0.00,2.500,0.00,50.0,0.00
1116.00,0.00,-1096.12,0.00,2.500,0.00,50.0,0.00
1117.00,0.00,-1093.62,0.00,2.500,0.00,50.0,0.00
1118.00,0.00,-1091.12,0.00,2.500,0.00,50.0,0.00
1119.00,0.00,-1088.62,0.00,2.500,0.00,50.0,0.00
1120.00,0.00,-1086.12,0.00,2.500,0.00,50.0,0.00
1121.00,0.00,-1083.62,0.00,2.500,0.00,50.0,0.00
1122.00,0.00,-1081.12,0.00,2.500,0.00,50.0,0.00
1123.00,0.00,-1078.62,0.00,2.500,0.00,50.0,0.00
1124.00,0.00,-1076.12,0.00,2.500,0.00,50.0,0.00
1125.00,0.00,-1073.62,0.00,2.500,0.00,50.0,0.00
1126.00,0.00,-1071.12,0.00,2.500,0.00,50.0,0.00
1127.00,0.00,-1068.62,0.00,2.500,0.00,50.0,0.00
1128.00,0.00,-1066.12,0.00,2.500,0.00,50.0,0.00
1129.00,0.00,-1063.62,0.00,2.500,0.00,50.0,0.00
1130.00,0.00,-1061.12,0.00,2.500,5.00,50.0,0.06
1131.00,0.00,-1058.62,0.00,2.500,5.00,50.0,0.11
1132.00,0.00,-1056.12,0.01,2.500,5.00,50.0,0.17
1133.00,0.00,-1053.62,0.01,2.500,5.00,50.0,0.22
1134.00,0.00,-1051.12,0.01,2.500,5.00,50.0,0.27
1135.00,0.00,-1048.62,0.02,2.500,5.00,50.0,0.32
1136.00,0.00,-1046.12,0.02,2.500,5.00,50.0,0.36
1137.00,0.00,-1043.62,0.03,2.500,5.00,50.0,0.41
1138.00,0.00,-1041.12,0.04,2.500,5.00,50.0,0.45
1139.00,0.01,-1038.62,0.05,2.500,5.00,50.0,0.49
1140.00,0.01,-1036.12,0.06,2.500,5.00,50.0,0.53
1141.00,0.01,-1033.62,0.07,2.500,10.00,50.0,0.63
1142.00,0.01,-1031.12,0.08,2.500,10.00,50.0,0.72
1143.00,0.02,-1028.62,0.09,2.500,10.00,50.0,0.81
1144.00,0.02,-1026.12,0.11,2.500,10.00,50.0,0.90
1145.00,0.03,-1023.62,0.12,2.500,10.00,50.0,0.98
1146.00,0.03,-1021.12,0.14,2.500,10.00,50.0,1.07
1147.00,0.04,-1018.62,0.16,2.500,10.00,50.0,1.15
1148.00,0.04,-1016.12,0.18,2.500,10.00,50.0,1.22
1149.00,0.05,-1013.62,0.20,2.500,10.00,50.0,1.29
1150.00,0.06,-1011.12,0.23,2.500,10.00,50.0,1.37
1151.00,0.07,-1008.62,0.25,2.500,10.00,50.0,1.43
1152.00,0.08,-1006.12,0.27,2.500,10.00,50.0,1.50
1153.00,0.09,-1003.62,0.30,2.500,15.00,50.0,1.62
1154.00,0.11,-1001.13,0.33,2.500,15.00,50.0,1.74
1155.00,0.12,-998.63,0.36,2.500,15.00,50.0,1.85
1156.00,0.14,-996.13,0.39,2.500,15.00,50.0,1.96
1157.00,0.15,-993.63,0.43,2.500,15.00,50.0,2.07
1158.00,0.17,-991.13,0.46,2.500,15.00,50.0,2.17
1159.00,0.19,-988.63,0.50,2.500,15.00,50.0,2.27
1160.00,0.22,-986.13,0.54,2.500,15.00,50.0,2.37
1161.00,0.24,-983.63,0.58,2.500,15.00,50.0,2.46
1162.00,0.26,-981.13,0.63,2.500,15.00,50.0,2.55
1163.00,0.29,-978.63,0.67,2.500,15.00,50.0,2.63
1164.00,0.32,-976.13,0.71,2.500,15.00,50.0,2.72
1165.00,0.35,-973.63,0.76,2.500,20.00,50.0,2.86
1166.00,0.39,-971.13,0.81,2.500,20.00,50.0,2.99
1167.00,0.42,-968.63,0.86,2.500,20.00,50.0,3.12
1168.00,0.46,-966.13,0.92,2.500,20.00,50.0,3.24
1169.00,0.50,-963.63,0.97,2.500,20.00,50.0,3.36
1170.00,0.54,-961.13,1.03,2.500,20.00,50.0,3.48
1171.00,0.59,-958.63,1.09,2.500,20.00,50.0,3.59
1172.00,0.63,-956.13,1.15,2.500,20.00,50.0,3.70
1173.00,0.68,-953.63,1.22,2.500,20.00,50.0,3.81
1174.00,0.74,-951.13,1.28,2.500,20.00,50.0,3.91
1175.00,0.79,-948.63,1.35,2.500,20.00,50.0,4.01
1176.00,0.85,-946.13,1.42,2.500,20.00,50.0,4.10
1177.00,0.91,-943.63,1.49,2.500,20.00,50.0,4.19
1178.00,0.98,-941.13,1.56,2.500,20.00,50.0,4.28
1179.00,1.05,-938.63,1.63,2.500,20.00,50.0,4.37
1180.00,1.12,-936.13,1.71,2.500,20.00,50.0,4.45
1181.00,1.19,-933.64,1.78,2.500,20.00,50.0,4.53
1182.00,1.27,-931.14,1.86,2.500,20.00,50.0,4.61
1183.00,1.35,-928.64,1.94,2.500,20.00,50.0,4.68
1184.00,1.44,-926.14,2.02,2.500,20.00,50.0,4.76
1185.00,1.52,-923.64,2.10,2.500,20.00,50.0,4.83
1186.00,1.62,-921.14,2.18,2.500,20.00,50.0,4.89
1187.00,1.71,-918.64,2.26,2.500,20.00,50.0,4.96
1188.00,1.81,-916.15,2.34,2.500,20.00,50.0,5.02
1189.00,1.91,-913.65,2.43,2.500,20.00,50.0,5.08
1190.00,2.02,-911.15,2.51,2.500,20.00,50.0,5.14
1191.00,2.13,-908.65,2.60,2.500,20.00,50.0,5.20
1192.00,2.24,-906.16,2.69,2.500,20.00,50.0,5.26
1193.00,2.36,-903.66,2.78,2.500,20.00,50.0,5.31
1194.00,2.48,-901.16,2.87,2.500,20.00,50.0,5.36
1195.00,2.60,-898.66,2.96,2.500,20.00,50.0,5.41
1196.00,2.73,-896.17,3.05,2.500,20.00,50.0,5.46
1197.00,2.87,-893.67,3.14,2.500,20.00,50.0,5.51
1198.00,3.00,-891.18,3.23,2.500,20.00,50.0,5.55
1199.00,3.14,-888.68,3.32,2.500,20.00,50.0,5.59
1200.00,3.29,-886.18,3.42,2.500,20.00,50.0,5.64
1201.00,3.44,-883.69,3.51,2.500,20.00,50.0,5.68
1202.00,3.59,-881.19,3.61,2.500,20.00,50.0,5.72
1203.00,3.75,-878.70,3.70,2.500,20.00,50.0,5.75
1204.00,3.91,-876.20,3.80,2.500,20.00,50.0,5.79
1205.00,4.08,-873.71,3.90,2.500,20.00,50.0,5.83
1206.00,4.24,-871.21,4.00,2.500,20.00,50.0,5.86
1207.00,4.42,-868.72,4.09,2.500,20.00,50.0,5.89
1208.00,4.60,-866.23,4.19,2.500,20.00,50.0,5.93
1209.00,4.78,-863.73,4.29,2.500,20.00,50.0,5.96
1210.00,4.97,-861.24,4.39,2.500,20.00,50.0,5.99
1211.00,5.16,-858.75,4.49,2.500,20.00,50.0,6.02
1212.00,5.35,-856.26,4.59,2.500,20.00,50.0,6.04
1213.00,5.56,-853.76,4.69,2.500,20.00,50.0,6.07
1214.00,5.76,-851.27,4.80,2.500,20.00,50.0,6.10
1215.00,5.97,-848.78,4.90,2.500,20.00,50.0,6.12
1216.00,6.18,-846.29,5.00,2.500,20.00,50.0,6.15
1217.00,6.40,-843.80,5.10,2.500,20.00,50.0,6.17
1218.00,6.62,-841.31,5.21,2.500,20.00,50.0,6.19
1219.00,6.85,-838.82,5.31,2.500,20.00,50.0,6.22
1220.00,7.08,-836.33,5.41,2.500,20.00,50.0,6.24
1221.00,7.32,-833.84,5.52,2.500,20.00,50.0,6.26
1222.00,7.56,-831.35,5.62,2.500,20.00,50.0,6.28
1223.00,7.80,-828.86,5.73,2.500,20.00,50.0,6.30
1224.00,8.05,-826.38,5.83,2.500,20.00,50.0,6.32
1225.00,8.31,-823.89,5.94,2.500,20.00,50.0,6.33
1226.00,8.56,-821.40,6.04,2.500,20.00,50.0,6.35
1227.00,8.83,-818.92,6.15,2.500,20.00,50.0,6.37
1228.00,9.10,-816.43,6.26,2.500,20.00,50.0,6.38
1229.00,9.37,-813.95,6.36,2.500,20.00,50.0,6.40
1230.00,9.64,-811.46,6.47,2.500,20.00,50.0,6.42
1231.00,9.93,-808.98,6.58,2.500,20.00,50.0,6.43
1232.00,10.21,-806.49,6.69,2.500,20.00,50.0,6.44
1233.00,10.50,-804.01,6.79,2.500,20.00,50.0,6.46
1234.00,10.80,-801.53,6.90,2.500,20.00,50.0,6.47
1235.00,11.10,-799.05,7.01,2.500,20.00,50.0,6.48
1236.00,11.41,-796.57,7.12,2.500,20.00,50.0,6.50
1237.00,11.71,-794.09,7.23,2.500,20.00,50.0,6.51
1238.00,12.03,-791.60,7.33,2.500,20.00,50.0,6.52
1239.00,12.35,-789.13,7.44,2.500,20.00,50.0,6.53
1240.00,12.67,-786.65,7.55,2.500,20.00,50.0,6.54
1241.00,13.00,-784.17,7.66,2.500,20.00,50.0,6.55
1242.00,13.33,-781.69,7.77,2.500,20.00,50.0,6.56
1243.00,13.67,-779.21,7.88,2.500,20.00,50.0,6.57
1244.00,14.01,-776.74,7.99,2.500,20.00,50.0,6.58
1245.00,14.36,-774.26,8.10,2.500,20.00,50.0,6.59
1246.00,14.71,-771.79,8.21,2.500,20.00,50.0,6.60
1247.00,15.07,-769.31,8.32,2.500,20.00,50.0,6.61
1248.00,15.43,-766.84,8.43,2.500,20.00,50.0,6.62
1249.00,15.80,-764.37,8.54,2.500,20.00,50.0,6.63
1250.00,16.17,-761.89,8.65,2.500,20.00,50.0,6.63
1251.00,16.55,-759.42,8.76,2.500,20.00,50.0,6.64
1252.00,16.93,-756.95,8.87,2.500,20.00,50.0,6.65
1253.00,17.31,-754.48,8.98,2.500,20.00,50.0,6.65
1254.00,17.70,-752.01,9.09,2.500,20.00,50.0,6.66
1255.00,18.10,-749.54,9.21,2.500,20.00,50.0,6.67
1256.00,18.50,-747.07,9.32,2.500,20.00,50.0,6.67
1257.00,18.90,-744.61,9.43,2.500,20.00,50.0,6.68
1258.00,19.31,-742.14,9.54,2.500,20.00,50.0,6.69
1259.00,19.73,-739.68,9.65,2.500,20.00,50.0,6.69
1260.00,20.15,-737.21,9.76,2.500,20.00,50.0,6.70
1261.00,20.57,-734.75,9.87,2.500,20.00,50.0,6.70
1262.00,21.00,-732.28,9.99,2.500,20.00,50.0,6.71
1263.00,21.43,-729.82,10.10,2.500,20.00,50.0,6.71
1264.00,21.87,-727.36,10.21,2.500,20.00,50.0,6.72
1265.00,22.31,-724.90,10.32,2.500,20.00,50.0,6.72
1266.00,22.76,-722.44,10.43,2.500,20.00,50.0,6.73
1267.00,23.22,-719.98,10.55,2.500,20.00,50.0,6.73
1268.00,23.67,-717.52,10.66,2.500,20.00,50.0,6.74
1269.00,24.14,-715.07,10.77,2.500,20.00,50.0,6.74
1270.00,24.60,-712.61,10.88,2.500,20.00,50.0,6.74
1271.00,25.07,-710.16,11.00,2.500,20.00,50.0,6.75
1272.00,25.55,-707.70,11.11,2.500,20.00,50.0,6.75
1273.00,26.03,-705.25,11.22,2.500,20.00,50.0,6.75
1274.00,26.52,-702.80,11.33,2.500,20.00,50.0,6.76
1275.00,27.01,-700.35,11.45,2.500,20.00,50.0,6.76
1276.00,27.51,-697.90,11.56,2.500,20.00,50.0,6.76
1277.00,28.01,-695.45,11.67,2.500,20.00,50.0,6.77
1278.00,28.51,-693.00,11.78,2.500,20.00,50.0,6.77
1279.00,29.02,-690.55,11.90,2.500,20.00,50.0,6.77
1280.00,29.54,-688.10,12.01,2.500,20.00,50.0,6.78
1281.00,30.06,-685.66,12.12,2.500,20.00,50.0,6.78
1282.00,30.58,-683.22,12.24,2.500,20.00,50.0,6.78
1283.00,31.11,-680.77,12.35,2.500,20.00,50.0,6.78
1284.00,31.65,-678.33,12.46,2.500,20.00,50.0,6.79
1285.00,32.19,-675.89,12.58,2.500,20.00,50.0,6.79
1286.00,32.73,-673.45,12.69,2.500,20.00,50.0,6.79
1287.00,33.28,-671.01,12.80,2.500,20.00,50.0,6.79
1288.00,33.84,-668.57,12.92,2.500,20.00,50.0,6.80
1289.00,34.40,-666.14,13.03,2.500,20.00,50.0,6.80
1290.00,34.96,-663.70,13.14,2.500,20.00,50.0,6.80
1291.00,35.53,-661.27,13.26,2.500,20.00,50.0,6.80
1292.00,36.10,-658.83,13.37,2.500,20.00,50.0,6.80
1293.00,36.68,-656.40,13.48,2.500,20.00,50.0,6.80
1294.00,37.26,-653.97,13.60,2.500,20.00,50.0,6.81
1295.00,37.85,-651.54,13.71,2.500,20.00,50.0,6.81
1296.00,38.44,-649.11,13.82,2.500,20.00,50.0,6.81
1297.00,39.04,-646.68,13.94,2.500,20.00,50.0,6.81
1298.00,39.64,-644.26,14.05,2.500,20.00,50.0,6.81
1299.00,40.25,-641.83,14.16,2.500,20.00,50.0,6.81
1300.00,40.86,-639.41,14.28,2.500,20.00,50.0,6.82
1301.00,41.48,-636.98,14.39,2.500,20.00,50.0,6.82
1302.00,42.10,-634.56,14.50,2.500,20.00,50.0,6.82
1303.00,42.72,-632.14,14.62,2.500,20.00,50.0,6.82
1304.00,43.35,-629.72,14.73,2.500,20.00,50.0,6.82
1305.00,43.99,-627.30,14.85,2.500,20.00,50.0,6.82
1306.00,44.63,-624.89,14.96,2.500,20.00,50.0,6.82
1307.00,45.28,-622.47,15.07,2.500,20.00,50.0,6.82
1308.00,45.93,-620.06,15.19,2.500,20.00,50.0,6.83
1309.00,46.58,-617.65,15.30,2.500,20.00,50.0,6.83
1310.00,47.24,-615.24,15.41,2.500,20.00,50.0,6.83
1311.00,47.91,-612.82,15.53,2.500,20.00,50.0,6.83
1312.00,48.57,-610.42,15.64,2.500,20.00,50.0,6.83
1313.00,49.25,-608.01,15.76,2.500,20.00,50.0,6.83
1314.00,49.93,-605.60,15.87,2.500,20.00,50.0,6.83
1315.00,50.61,-603.20,15.98,2.500,20.00,50.0,6.83
1316.00,51.30,-600.79,16.10,2.500,20.00,50.0,6.83
1317.00,51.99,-598.39,16.21,2.500,20.00,50.0,6.83
1318.00,52.69,-595.99,16.33,2.500,20.00,50.0,6.83
1319.00,53.39,-593.59,16.44,2.500,20.00,50.0,6.84
1320.00,54.10,-591.20,16.55,2.500,20.00,50.0,6.84
1321.00,54.81,-588.80,16.67,2.500,20.00,50.0,6.84
1322.00,55.53,-586.40,16.78,2.500,20.00,50.0,6.84
1323.00,56.25,-584.01,16.89,2.500,20.00,50.0,6.84
1324.00,56.98,-581.62,17.01,2.500,20.00,50.0,6.84
1325.00,57.71,-579.23,17.12,2.500,20.00,50.0,6.84
1326.00,58.45,-576.84,17.24,2.500,20.00,50.0,6.84
1327.00,59.19,-574.45,17.35,2.500,20.00,50.0,6.84
1328.00,59.93,-572.06,17.46,2.500,20.00,50.0,6.84
1329.00,60.68,-569.68,17.58,2.500,20.00,50.0,6.84
1330.00,61.44,-567.30,17.69,2.500,20.00,50.0,6.84
1331.00,62.20,-564.91,17.81,2.500,20.00,50.0,6.84
1332.00,62.96,-562.53,17.92,2.500,20.00,50.0,6.84
1333.00,63.73,-560.16,18.04,2.500,20.00,50.0,6.84
1334.00,64.51,-557.78,18.15,2.500,20.00,50.0,6.84
1335.00,65.28,-555.40,18.26,2.500,20.00,50.0,6.84
1336.00,66.07,-553.03,18.38,2.500,20.00,50.0,6.84
1337.00,66.86,-550.66,18.49,2.500,20.00,50.0,6.85
1338.00,67.65,-548.29,18.61,2.500,20.00,50.0,6.85
1339.00,68.45,-545.92,18.72,2.500,20.00,50.0,6.85
1340.00,69.25,-543.55,18.83,2.500,20.00,50.0,6.85
1341.00,70.06,-541.18,18.95,2.500,20.00,50.0,6.85
1342.00,70.87,-538.82,19.06,2.500,20.00,50.0,6.85
1343.00,71.68,-536.45,19.18,2.500,20.00,50.0,6.85
1344.00,72.50,-534.09,19.29,2.500,20.00,50.0,6.85
1345.00,73.33,-531.73,19.40,2.500,20.00,50.0,6.85
1346.00,74.16,-529.38,19.52,2.500,20.00,50.0,6.85
1347.00,75.00,-527.02,19.63,2.500,20.00,50.0,6.85
1348.00,75.84,-524.66,19.75,2.500,20.00,50.0,6.85
1349.00,76.68,-522.31,19.86,2.500,20.00,50.0,6.85
1350.00,77.53,-519.96,19.98,2.500,20.00,50.0,6.85
1351.00,78.38,-517.61,20.09,2.500,20.00,50.0,6.85
1352.00,79.24,-515.26,20.20,2.500,20.00,50.0,6.85
1353.00,80.11,-512.92,20.32,2.500,20.00,50.0,6.85
1354.00,80.97,-510.57,20.43,2.500,20.00,50.0,6.85
1355.00,81.85,-508.23,20.55,2.500,20.00,50.0,6.85
1356.00,82.72,-505.89,20.66,2.500,20.00,50.0,6.85
1357.00,83.61,-503.55,20.77,2.500,20.00,50.0,6.85
1358.00,84.49,-501.21,20.89,2.500,20.00,50.0,6.85
1359.00,85.39,-498.88,21.00,2.500,20.00,50.0,6.85
1360.00,86.28,-496.54,21.12,2.500,20.00,50.0,6.85
1361.00,87.18,-494.21,21.23,2.500,20.00,50.0,6.85
1362.00,88.09,-491.88,21.35,2.500,20.00,50.0,6.85
1363.00,89.00,-489.55,21.46,2.500,20.00,50.0,6.85
1364.00,89.91,-487.22,21.57,2.500,20.00,50.0,6.85
1365.00,90.83,-484.90,21.69,2.500,20.00,50.0,6.85
1366.00,91.75,-482.58,21.80,2.500,20.00,50.0,6.85
1367.00,92.68,-480.26,21.92,2.500,20.00,50.0,6.85
1368.00,93.62,-477.94,22.03,2.500,20.00,50.0,6.85
1369.00,94.55,-475.62,22.14,2.500,20.00,50.0,6.85
1370.00,95.50,-473.30,22.26,2.500,20.00,50.0,6.85
1371.00,96.44,-470.99,22.37,2.500,20.00,50.0,6.85
1372.00,97.40,-468.68,22.49,2.500,20.00,50.0,6.85
1373.00,98.35,-466.37,22.60,2.500,20.00,50.0,6.85
1374.00,99.31,-464.06,22.72,2.500,20.00,50.0,6.85
1375.00,100.28,-461.75,22.83,2.500,20.00,50.0,6.85
1376.00,101.25,-459.45,22.94,2.500,20.00,50.0,6.85
1377.00,102.22,-457.15,23.06,2.500,20.00,50.0,6.85
1378.00,103.20,-454.85,23.17,2.500,20.00,50.0,6.85
1379.00,104.19,-452.55,23.29,2.500,20.00,50.0,6.85
1380.00,105.17,-450.25,23.40,2.500,20.00,50.0,6.85
1381.00,106.17,-447.96,23.52,2.500,20.00,50.0,6.85
1382.00,107.16,-445.67,23.63,2.500,20.00,50.0,6.85
1383.00,108.17,-443.38,23.74,2.500,20.00,50.0,6.85
1384.00,109.17,-441.09,23.86,2.500,20.00,50.0,6.85
1385.00,110.18,-438.80,23.97,2.500,20.00,50.0,6.85
1386.00,111.20,-436.52,24.09,2.500,20.00,50.0,6.85
1387.00,112.22,-434.23,24.20,2.500,20.00,50.0,6.85
1388.00,113.24,-431.95,24.32,2.500,20.00,50.0,6.86
1389.00,114.27,-429.68,24.43,2.500,20.00,50.0,6.86
1390.00,115.31,-427.40,24.54,2.500,20.00,50.0,6.86
1391.00,116.35,-425.13,24.66,2.500,20.00,50.0,6.86
1392.00,117.39,-422.85,24.77,2.500,20.00,50.0,6.86
1393.00,118.44,-420.58,24.89,2.500,20.00,50.0,6.86
1394.00,119.49,-418.32,25.00,2.500,20.00,50.0,6.86
1395.00,120.55,-416.05,25.12,2.500,20.00,50.0,6.86
1396.00,121.61,-413.79,25.23,2.500,20.00,50.0,6.86
1397.00,122.67,-411.52,25.34,2.500,20.00,50.0,6.86
1398.00,123.74,-409.26,25.46,2.500,20.00,50.0,6.86
1399.00,124.82,-407.01,25.57,2.500,20.00,50.0,6.86
1400.00,125.90,-404.75,25.69,2.500,20.00,50.0,6.86
1401.00,126.98,-402.50,25.80,2.500,20.00,50.0,6.86
1402.00,128.07,-400.25,25.91,2.500,20.00,50.0,6.86
1403.00,129.16,-398.00,26.03,2.500,20.00,50.0,6.86
1404.00,130.26,-395.75,26.14,2.500,20.00,50.0,6.86
1405.00,131.36,-393.51,26.26,2.500,20.00,50.0,6.86
1406.00,132.47,-391.27,26.37,2.500,20.00,50.0,6.86
1407.00,133.58,-389.03,26.49,2.500,20.00,50.0,6.86
1408.00,134.69,-386.79,26.60,2.500,20.00,50.0,6.86
1409.00,135.81,-384.55,26.71,2.500,20.00,50.0,6.86
1410.00,136.93,-382.32,26.83,2.500,20.00,50.0,6.86
1411.00,138.06,-380.09,26.94,2.500,20.00,50.0,6.86
1412.00,139.19,-377.86,27.06,2.500,20.00,50.0,6.86
1413.00,140.33,-375.64,27.17,2.500,20.00,50.0,6.86
1414.00,141.47,-373.41,27.29,2.500,20.00,50.0,6.86
1415.00,142.62,-371.19,27.40,2.500,20.00,50.0,6.86
1416.00,143.77,-368.97,27.51,2.500,20.00,50.0,6.86
1417.00,144.93,-366.75,27.63,2.500,20.00,50.0,6.86
1418.00,146.08,-364.54,27.74,2.500,20.00,50.0,6.86
1419.00,147.25,-362.33,27.86,2.500,20.00,50.0,6.86
1420.00,148.42,-360.12,27.97,2.500,20.00,50.0,6.86
1421.00,149.59,-357.91,28.09,2.500,20.00,50.0,6.86
1422.00,150.77,-355.70,28.20,2.500,20.00,50.0,6.86
1423.00,151.95,-353.50,28.31,2.500,20.00,50.0,6.86
1424.00,153.13,-351.30,28.43,2.500,20.00,50.0,6.86
1425.00,154.32,-349.10,28.54,2.500,20.00,50.0,6.86
1426.00,155.52,-346.90,28.66,2.500,20.00,50.0,6.86
1427.00,156.72,-344.71,28.77,2.500,20.00,50.0,6.86
1428.00,157.92,-342.52,28.89,2.500,20.00,50.0,6.86
1429.00,159.13,-340.33,29.00,2.500,20.00,50.0,6.86
1430.00,160.34,-338.14,29.11,2.500,20.00,50.0,6.86
1431.00,161.56,-335.96,29.23,2.500,20.00,50.0,6.86
1432.00,162.78,-333.78,29.34,2.500,20.00,50.0,6.86
1433.00,164.00,-331.60,29.46,2.500,20.00,50.0,6.86
1434.00,165.23,-329.42,29.57,2.500,20.00,50.0,6.86
1435.00,166.47,-327.25,29.69,2.500,20.00,50.0,6.86
1436.00,167.70,-325.07,29.80,2.500,20.00,50.0,6.86
1437.00,168.95,-322.90,29.91,2.500,20.00,50.0,6.86
1438.00,170.19,-320.74,30.03,2.500,20.00,50.0,6.86
1439.00,171.44,-318.57,30.14,2.500,20.00,50.0,6.86
1440.00,172.70,-316.41,30.26,2.500,20.00,50.0,6.86
1441.00,173.96,-314.25,30.37,2.500,20.00,50.0,6.86
1442.00,175.22,-312.10,30.49,2.500,20.00,50.0,6.86
1443.00,176.49,-309.94,30.60,2.500,20.00,50.0,6.86
1444.00,177.76,-307.79,30.71,2.500,20.00,50.0,6.86
1445.00,179.04,-305.64,30.83,2.500,20.00,50.0,6.86
1446.00,180.32,-303.49,30.94,2.500,20.00,50.0,6.86
1447.00,181.61,-301.35,31.06,2.500,20.00,50.0,6.86
1448.00,182.90,-299.21,31.17,2.500,20.00,50.0,6.86
1449.00,184.19,-297.07,31.29,2.500,20.00,50.0,6.86
1450.00,185.49,-294.93,31.40,2.500,20.00,50.0,6.86
1451.00,186.79,-292.80,31.51,2.500,20.00,50.0,6.86
1452.00,188.10,-290.67,31.63,2.500,20.00,50.0,6.86
1453.00,189.41,-288.54,31.74,2.500,20.00,50.0,6.86
1454.00,190.73,-286.41,31.86,2.500,20.00,50.0,6.86
1455.00,192.04,-284.29,31.97,2.500,20.00,50.0,6.86
1456.00,193.37,-282.17,32.09,2.500,20.00,50.0,6.86
1457.00,194.70,-280.05,32.20,2.500,20.00,50.0,6.86
1458.00,196.03,-277.93,32.31,2.500,20.00,50.0,6.86
1459.00,197.36,-275.82,32.43,2.500,20.00,50.0,6.86
1460.00,198.71,-273.71,32.54,2.500,20.00,50.0,6.86
1461.00,200.05,-271.60,32.66,2.500,20.00,50.0,6.86
1462.00,201.40,-269.50,32.77,2.500,20.00,50.0,6.86
1463.00,202.75,-267.40,32.89,2.500,20.00,50.0,6.86
1464.00,204.11,-265.30,33.00,2.500,20.00,50.0,6.86
1465.00,205.47,-263.20,33.11,2.500,20.00,50.0,6.86
1466.00,206.84,-261.11,33.23,2.500,20.00,50.0,6.86
1467.00,208.21,-259.02,33.34,2.500,20.00,50.0,6.86
1468.00,209.58,-256.93,33.46,2.500,20.00,50.0,6.86
1469.00,210.96,-254.84,33.57,2.500,20.00,50.0,6.86
1470.00,212.34,-252.76,33.69,2.500,20.00,50.0,6.86
1471.00,213.73,-250.68,33.80,2.500,20.00,50.0,6.86
1472.00,215.12,-248.60,33.91,2.500,20.00,50.0,6.86
1473.00,216.51,-246.53,34.03,2.500,20.00,50.0,6.86
1474.00,217.91,-244.45,34.14,2.500,20.00,50.0,6.86
1475.00,219.32,-242.38,34.26,2.500,20.00,50.0,6.86
1476.00,220.72,-240.32,34.37,2.500,20.00,50.0,6.86
1477.00,222.14,-238.25,34.49,2.500,20.00,50.0,6.86
1478.00,223.55,-236.19,34.60,2.500,20.00,50.0,6.86
1479.00,224.97,-234.14,34.71,2.500,20.00,50.0,6.86
1480.00,226.39,-232.08,34.83,2.500,20.00,50.0,6.86
1481.00,227.82,-230.03,34.94,2.500,20.00,50.0,6.86
1482.00,229.25,-227.98,35.06,2.500,20.00,50.0,6.86
1483.00,230.69,-225.93,35.17,2.500,20.00,50.0,6.86
1484.00,232.13,-223.89,35.29,2.500,20.00,50.0,6.86
1485.00,233.57,-221.85,35.40,2.500,20.00,50.0,6.86
1486.00,235.02,-219.81,35.51,2.500,20.00,50.0,6.86
1487.00,236.47,-217.78,35.63,2.500,20.00,50.0,6.86
1488.00,237.93,-215.74,35.74,2.500,20.00,50.0,6.86
1489.00,239.39,-213.72,35.86,2.500,20.00,50.0,6.86
1490.00,240.86,-211.69,35.97,2.500,20.00,50.0,6.86
1491.00,242.32,-209.67,36.09,2.500,20.00,50.0,6.86
1492.00,243.80,-207.65,36.20,2.500,20.00,50.0,6.86
1493.00,245.27,-205.63,36.31,2.500,20.00,50.0,6.86
1494.00,246.75,-203.61,36.43,2.500,20.00,50.0,6.86
1495.00,248.24,-201.60,36.54,2.500,20.00,50.0,6.86
1496.00,249.73,-199.59,36.66,2.500,20.00,50.0,6.86
1497.00,251.22,-197.59,36.77,2.500,20.00,50.0,6.86
1498.00,252.72,-195.59,36.89,2.500,20.00,50.0,6.86
1499.00,254.22,-193.58,37.00,2.510,15.00,60.0,6.80
1500.00,255.74,-191.57,37.11,2.520,15.00,60.0,6.74
1501.00,257.26,-189.55,37.22,2.529,15.00,60.0,6.69
1502.00,258.80,-187.53,37.33,2.539,15.00,60.0,6.64
1503.00,260.35,-185.50,37.44,2.548,15.00,60.0,6.59
1504.00,261.90,-183.47,37.55,2.557,15.00,60.0,6.54
1505.00,263.46,-181.44,37.66,2.566,15.00,60.0,6.49
1506.00,265.04,-179.40,37.77,2.575,15.00,60.0,6.45
1507.00,266.62,-177.36,37.88,2.583,15.00,60.0,6.41
1508.00,268.21,-175.31,37.98,2.591,15.00,60.0,6.36
1509.00,269.81,-173.26,38.09,2.600,15.00,60.0,6.32
1510.00,271.42,-171.21,38.19,2.608,15.00,60.0,6.28
1511.00,273.04,-169.15,38.30,2.615,15.00,60.0,6.25
1512.00,274.66,-167.09,38.40,2.623,15.00,60.0,6.21
1513.00,276.30,-165.03,38.50,2.641,15.00,70.0,6.17
1514.00,277.96,-162.95,38.60,2.658,15.00,70.0,6.14
1515.00,279.63,-160.85,38.71,2.675,15.00,70.0,6.11
1516.00,281.31,-158.75,38.81,2.691,15.00,70.0,6.07
1517.00,283.01,-156.64,38.91,2.707,15.00,70.0,6.04
1518.00,284.72,-154.53,39.01,2.723,15.00,70.0,6.01
1519.00,286.44,-152.40,39.11,2.739,15.00,70.0,5.98
1520.00,288.18,-150.26,39.21,2.754,15.00,70.0,5.96
1521.00,289.93,-148.11,39.31,2.769,15.00,70.0,5.93
1522.00,291.69,-145.96,39.40,2.784,15.00,70.0,5.90
1523.00,293.47,-143.80,39.50,2.798,15.00,70.0,5.88
1524.00,295.26,-141.63,39.60,2.812,15.00,70.0,5.85
1525.00,297.06,-139.45,39.70,2.826,15.00,70.0,5.83
1526.00,298.87,-137.27,39.79,2.839,15.00,70.0,5.81
1527.00,300.70,-135.08,39.89,2.852,15.00,70.0,5.78
1528.00,302.53,-132.88,39.99,2.865,15.00,70.0,5.76
1529.00,304.38,-130.67,40.08,2.878,15.00,70.0,5.74
1530.00,306.24,-128.46,40.18,2.890,15.00,70.0,5.72
1531.00,308.12,-126.24,40.27,2.903,15.00,70.0,5.70
1532.00,310.00,-124.02,40.37,2.915,15.00,70.0,5.68
1533.00,311.90,-121.79,40.46,2.926,15.00,70.0,5.67
1534.00,313.80,-119.55,40.56,2.938,15.00,70.0,5.65
1535.00,315.72,-117.31,40.65,2.949,15.00,70.0,5.63
1536.00,317.65,-115.07,40.74,2.960,15.00,70.0,5.62
1537.00,319.59,-112.82,40.84,2.971,15.00,70.0,5.60
1538.00,321.54,-110.56,40.93,2.981,15.00,70.0,5.58
1539.00,323.50,-108.30,41.02,2.992,20.00,70.0,5.63
1540.00,325.47,-106.04,41.12,3.002,20.00,70.0,5.67
1541.00,327.45,-103.77,41.21,3.012,20.00,70.0,5.71
1542.00,329.44,-101.49,41.31,3.022,20.00,70.0,5.75
1543.00,331.44,-99.22,41.40,3.031,20.00,70.0,5.78
1544.00,333.45,-96.94,41.50,3.041,20.00,70.0,5.82
1545.00,335.47,-94.65,41.60,3.050,20.00,70.0,5.85
1546.00,337.50,-92.36,41.70,3.059,20.00,70.0,5.89
1547.00,339.54,-90.07,41.80,3.068,20.00,70.0,5.92
1548.00,341.59,-87.78,41.90,3.076,20.00,70.0,5.95
1549.00,343.65,-85.48,42.00,3.085,20.00,70.0,5.98
1550.00,345.72,-83.19,42.10,3.093,20.00,70.0,6.01
1551.00,347.80,-80.88,42.20,3.101,20.00,70.0,6.04
1552.00,349.89,-78.58,42.30,3.109,20.00,70.0,6.07
1553.00,351.99,-76.28,42.40,3.117,20.00,70.0,6.09
1554.00,354.09,-73.97,42.50,3.125,20.00,70.0,6.12
1555.00,356.21,-71.66,42.60,3.132,20.00,70.0,6.14
1556.00,358.34,-69.35,42.71,3.140,20.00,70.0,6.17
1557.00,360.47,-67.04,42.81,3.147,20.00,70.0,6.19
1558.00,362.61,-64.72,42.91,3.154,20.00,70.0,6.21
1559.00,364.76,-62.41,43.02,3.161,20.00,70.0,6.23
1560.00,366.93,-60.09,43.12,3.168,20.00,70.0,6.25
1561.00,369.10,-57.77,43.22,3.174,20.00,70.0,6.27
1562.00,371.27,-55.46,43.33,3.181,20.00,70.0,6.29
1563.00,373.46,-53.14,43.43,3.187,20.00,70.0,6.31
1564.00,375.66,-50.82,43.54,3.193,20.00,70.0,6.33
1565.00,377.86,-48.50,43.65,3.199,20.00,70.0,6.35
1566.00,380.07,-46.18,43.75,3.205,20.00,70.0,6.36
1567.00,382.29,-43.86,43.86,3.211,20.00,70.0,6.38
1568.00,384.52,-41.54,43.97,3.217,20.00,70.0,6.40
1569.00,386.76,-39.22,44.07,3.223,20.00,70.0,6.41
1570.00,389.01,-36.90,44.18,3.228,20.00,70.0,6.43
1571.00,391.26,-34.58,44.29,3.234,20.00,70.0,6.44
1572.00,393.52,-32.26,44.39,3.239,20.00,70.0,6.46
1573.00,395.79,-29.95,44.50,3.244,20.00,70.0,6.47
1574.00,398.07,-27.63,44.61,3.249,20.00,70.0,6.48
1575.00,400.35,-25.31,44.72,3.254,20.00,70.0,6.49
1576.00,402.65,-23.00,44.83,3.259,20.00,70.0,6.51
1577.00,404.95,-20.68,44.94,3.264,20.00,70.0,6.52
1578.00,407.26,-18.37,45.04,3.269,20.00,70.0,6.53
1579.00,409.57,-16.05,45.15,3.274,20.00,70.0,6.54
1580.00,411.90,-13.74,45.26,3.278,20.00,70.0,6.55
1581.00,414.23,-11.43,45.37,3.282,20.00,70.0,6.56
1582.00,416.57,-9.12,45.48,3.287,20.00,70.0,6.57
1583.00,418.92,-6.81,45.59,3.291,20.00,70.0,6.58
1584.00,421.27,-4.51,45.70,3.295,20.00,70.0,6.59
1585.00,423.63,-2.20,45.81,3.299,20.00,70.0,6.60
1586.00,426.00,0.10,45.92,3.303,20.00,70.0,6.61
1587.00,428.37,2.40,46.03,3.307,20.00,70.0,6.62
1588.00,430.76,4.70,46.14,3.311,20.00,70.0,6.62
1589.00,433.15,6.99,46.25,3.315,20.00,70.0,6.63
1590.00,435.55,9.29,46.36,3.319,20.00,70.0,6.64
1591.00,437.95,11.58,46.47,3.322,20.00,70.0,6.65
1592.00,440.36,13.87,46.58,3.326,20.00,70.0,6.65
1593.00,442.78,16.16,46.70,3.329,20.00,70.0,6.66
1594.00,445.21,18.45,46.81,3.333,20.00,70.0,6.67
1595.00,447.64,20.73,46.92,3.336,20.00,70.0,6.67
1596.00,450.08,23.01,47.03,3.339,20.00,70.0,6.68
1597.00,452.52,25.29,47.14,3.343,20.00,70.0,6.68
1598.00,454.97,27.57,47.25,3.346,20.00,70.0,6.69
1599.00,457.43,29.84,47.36,3.349,20.00,70.0,6.70
1600.00,459.90,32.11,47.48,3.352,20.00,70.0,6.70
1601.00,462.37,34.38,47.59,3.355,20.00,70.0,6.71
1602.00,464.85,36.64,47.70,3.358,20.00,70.0,6.71
1603.00,467.34,38.90,47.81,3.361,20.00,70.0,6.72
1604.00,469.83,41.16,47.92,3.363,20.00,70.0,6.72
1605.00,472.33,43.42,48.03,3.366,20.00,70.0,6.73
1606.00,474.83,45.67,48.15,3.369,20.00,70.0,6.73
1607.00,477.34,47.92,48.26,3.371,20.00,70.0,6.73
1608.00,479.86,50.17,48.37,3.374,20.00,70.0,6.74
1609.00,482.38,52.41,48.48,3.376,20.00,70.0,6.74
1610.00,484.91,54.65,48.60,3.379,20.00,70.0,6.75
1611.00,487.45,56.88,48.71,3.381,20.00,70.0,6.75
1612.00,489.99,59.12,48.82,3.384,20.00,70.0,6.75
1613.00,492.54,61.35,48.93,3.386,20.00,70.0,6.76
1614.00,495.10,63.57,49.05,3.388,20.00,70.0,6.76
1615.00,497.66,65.79,49.16,3.391,20.00,70.0,6.76
1616.00,500.22,68.01,49.27,3.393,20.00,70.0,6.77
1617.00,502.80,70.23,49.39,3.395,20.00,70.0,6.77
1618.00,505.37,72.44,49.50,3.397,20.00,70.0,6.77
1619.00,507.96,74.65,49.61,3.399,20.00,70.0,6.78
1620.00,510.55,76.85,49.72,3.401,20.00,70.0,6.78
1621.00,513.15,79.05,49.84,3.403,20.00,70.0,6.78
1622.00,515.75,81.25,49.95,3.405,20.00,70.0,6.78
1623.00,518.36,83.44,50.06,3.407,20.00,70.0,6.79
1624.00,520.97,85.63,50.18,3.409,20.00,70.0,6.79
1625.00,523.59,87.81,50.29,3.411,20.00,70.0,6.79
1626.00,526.21,89.99,50.40,3.412,20.00,70.0,6.79
1627.00,528.84,92.17,50.52,3.414,20.00,70.0,6.79
1628.00,531.48,94.34,50.63,3.416,20.00,70.0,6.80
1629.00,534.12,96.51,50.74,3.418,20.00,70.0,6.80
1630.00,536.77,98.67,50.86,3.419,20.00,70.0,6.80
1631.00,539.42,100.83,50.97,3.421,20.00,70.0,6.80
1632.00,542.08,102.99,51.08,3.422,20.00,70.0,6.80
1633.00,544.75,105.14,51.20,3.424,20.00,70.0,6.81
1634.00,547.42,107.28,51.31,3.425,20.00,70.0,6.81
1635.00,550.09,109.43,51.42,3.427,20.00,70.0,6.81
1636.00,552.77,111.56,51.54,3.428,20.00,70.0,6.81
1637.00,555.46,113.70,51.65,3.430,20.00,70.0,6.81
1638.00,558.15,115.83,51.76,3.431,20.00,70.0,6.81
1639.00,560.84,117.95,51.88,3.433,20.00,70.0,6.82
1640.00,563.54,120.07,51.99,3.434,20.00,70.0,6.82
1641.00,566.25,122.19,52.10,3.435,20.00,70.0,6.82
1642.00,568.96,124.30,52.22,3.437,20.00,70.0,6.82
1643.00,571.68,126.40,52.33,3.438,20.00,70.0,6.82
1644.00,574.40,128.50,52.45,3.439,20.00,70.0,6.82
1645.00,577.13,130.60,52.56,3.440,20.00,70.0,6.82
1646.00,579.86,132.69,52.67,3.441,20.00,70.0,6.82
1647.00,582.60,134.78,52.79,3.443,20.00,70.0,6.83
1648.00,585.34,136.86,52.90,3.444,20.00,70.0,6.83
1649.00,588.09,138.94,53.01,3.445,20.00,70.0,6.83
1650.00,590.84,141.02,53.13,3.446,20.00,70.0,6.83
1651.00,593.60,143.08,53.24,3.447,20.00,70.0,6.83
1652.00,596.36,145.15,53.36,3.448,20.00,70.0,6.83
1653.00,599.13,147.21,53.47,3.449,20.00,70.0,6.83
1654.00,601.90,149.26,53.58,3.450,20.00,70.0,6.83
1655.00,604.68,151.31,53.70,3.451,20.00,70.0,6.83
1656.00,607.46,153.35,53.81,3.452,20.00,70.0,6.83
1657.00,610.25,155.39,53.93,3.453,20.00,70.0,6.83
1658.00,613.04,157.43,54.04,3.454,20.00,70.0,6.84
1659.00,615.84,159.45,54.15,3.455,20.00,70.0,6.84
1660.00,618.64,161.48,54.27,3.456,20.00,70.0,6.84
1661.00,621.45,163.50,54.38,3.457,20.00,70.0,6.84
1662.00,624.26,165.51,54.49,3.458,20.00,70.0,6.84
1663.00,627.07,167.52,54.61,3.458,20.00,70.0,6.84
1664.00,629.89,169.52,54.72,3.459,20.00,70.0,6.84
1665.00,632.72,171.52,54.84,3.460,20.00,70.0,6.84
1666.00,635.55,173.51,54.95,3.461,20.00,70.0,6.84
1667.00,638.38,175.50,55.06,3.462,20.00,70.0,6.84
1668.00,641.22,177.48,55.18,3.462,20.00,70.0,6.84
1669.00,644.06,179.46,55.29,3.463,20.00,70.0,6.84
1670.00,646.91,181.43,55.41,3.464,20.00,70.0,6.84
1671.00,649.76,183.40,55.52,3.465,20.00,70.0,6.84
1672.00,652.62,185.36,55.64,3.465,20.00,70.0,6.84
1673.00,655.48,187.32,55.75,3.466,20.00,70.0,6.84
1674.00,658.34,189.27,55.86,3.467,20.00,70.0,6.84
1675.00,661.21,191.22,55.98,3.467,20.00,70.0,6.84
1676.00,664.09,193.16,56.09,3.468,20.00,70.0,6.85
1677.00,666.97,195.09,56.21,3.469,20.00,70.0,6.85
1678.00,669.85,197.02,56.32,3.469,20.00,70.0,6.85
1679.00,672.74,198.95,56.43,3.470,20.00,70.0,6.85
1680.00,675.63,200.87,56.55,3.471,20.00,70.0,6.85
1681.00,678.53,202.78,56.66,3.471,20.00,70.0,6.85
1682.00,681.43,204.69,56.78,3.472,20.00,70.0,6.85
1683.00,684.33,206.59,56.89,3.472,20.00,70.0,6.85
1684.00,687.24,208.49,57.00,3.473,20.00,70.0,6.85
1685.00,690.15,210.38,57.12,3.473,20.00,70.0,6.85
1686.00,693.07,212.26,57.23,3.474,20.00,70.0,6.85
1687.00,695.99,214.14,57.35,3.474,20.00,70.0,6.85
1688.00,698.92,216.02,57.46,3.475,20.00,70.0,6.85
1689.00,701.85,217.89,57.58,3.475,20.00,70.0,6.85
1690.00,704.78,219.75,57.69,3.476,20.00,70.0,6.85
1691.00,707.72,221.61,57.80,3.476,20.00,70.0,6.85
1692.00,710.66,223.46,57.92,3.477,20.00,70.0,6.85
1693.00,713.61,225.31,58.03,3.477,20.00,70.0,6.85
1694.00,716.56,227.15,58.15,3.478,20.00,70.0,6.85
1695.00,719.51,228.99,58.26,3.478,20.00,70.0,6.85
1696.00,722.47,230.82,58.37,3.479,20.00,70.0,6.85
1697.00,725.43,232.64,58.49,3.479,20.00,70.0,6.85
1698.00,728.40,234.46,58.60,3.480,20.00,70.0,6.85
1699.00,731.37,236.27,58.72,3.480,20.00,70.0,6.85
1700.00,734.35,238.08,58.83,3.480,20.00,70.0,6.85
1701.00,737.32,239.88,58.95,3.481,20.00,70.0,6.85
1702.00,740.31,241.68,59.06,3.481,20.00,70.0,6.85
1703.00,743.29,243.47,59.17,3.482,20.00,70.0,6.85
1704.00,746.28,245.25,59.29,3.482,20.00,70.0,6.85
1705.00,749.28,247.03,59.40,3.482,20.00,70.0,6.85
1706.00,752.27,248.80,59.52,3.483,20.00,70.0,6.85
1707.00,755.28,250.57,59.63,3.483,20.00,70.0,6.85
1708.00,758.28,252.33,59.74,3.483,20.00,70.0,6.85
1709.00,761.29,254.09,59.86,3.484,20.00,70.0,6.85
1710.00,764.30,255.84,59.97,3.484,20.00,70.0,6.85
1711.00,767.32,257.58,60.09,3.484,20.00,70.0,6.85
1712.00,770.34,259.32,60.20,3.485,20.00,70.0,6.85
1713.00,773.36,261.05,60.32,3.485,20.00,70.0,6.85
1714.00,776.39,262.77,60.43,3.485,20.00,70.0,6.85
1715.00,779.42,264.49,60.54,3.485,20.00,70.0,6.85
1716.00,782.46,266.21,60.66,3.486,20.00,70.0,6.85
1717.00,785.50,267.92,60.77,3.486,20.00,70.0,6.85
1718.00,788.54,269.62,60.89,3.486,20.00,70.0,6.85
1719.00,791.59,271.32,61.00,3.487,20.00,70.0,6.85
1720.00,794.64,273.01,61.12,3.487,20.00,70.0,6.85
1721.00,797.69,274.69,61.23,3.487,20.00,70.0,6.85
1722.00,800.75,276.37,61.34,3.487,20.00,70.0,6.85
1723.00,803.81,278.04,61.46,3.488,20.00,70.0,6.85
1724.00,806.87,279.71,61.57,3.488,20.00,70.0,6.85
1725.00,809.94,281.37,61.69,3.488,20.00,70.0,6.85
1726.00,813.01,283.02,61.80,3.488,20.00,70.0,6.85
1727.00,816.08,284.67,61.92,3.489,20.00,70.0,6.86
1728.00,819.16,286.31,62.03,3.489,20.00,70.0,6.86
1729.00,822.24,287.95,62.14,3.489,20.00,70.0,6.86
1730.00,825.33,289.58,62.26,3.489,20.00,70.0,6.86
1731.00,828.42,291.20,62.37,3.489,20.00,70.0,6.86
1732.00,831.51,292.82,62.49,3.490,20.00,70.0,6.86
1733.00,834.60,294.44,62.60,3.490,20.00,70.0,6.86
1734.00,837.70,296.04,62.72,3.490,20.00,70.0,6.86
1735.00,840.80,297.64,62.83,3.490,20.00,70.0,6.86
1736.00,843.91,299.24,62.94,3.491,20.00,70.0,6.86
1737.00,847.02,300.82,63.06,3.491,20.00,70.0,6.86
1738.00,850.13,302.40,63.17,3.491,20.00,70.0,6.86
1739.00,853.25,303.98,63.29,3.491,20.00,70.0,6.86
1740.00,856.36,305.55,63.40,3.491,20.00,70.0,6.86
1741.00,859.49,307.11,63.51,3.491,20.00,70.0,6.86
1742.00,862.61,308.67,63.63,3.492,20.00,70.0,6.86
1743.00,865.74,310.22,63.74,3.492,20.00,70.0,6.86
1744.00,868.87,311.77,63.86,3.492,20.00,70.0,6.86
1745.00,872.01,313.30,63.97,3.492,20.00,70.0,6.86
1746.00,875.14,314.84,64.09,3.492,20.00,70.0,6.86
1747.00,878.28,316.36,64.20,3.492,20.00,70.0,6.86
1748.00,881.43,317.88,64.31,3.493,20.00,70.0,6.86
1749.00,884.58,319.40,64.43,3.493,20.00,70.0,6.86
1750.00,887.73,320.90,64.54,3.493,20.00,70.0,6.86
1751.00,890.88,322.41,64.66,3.493,20.00,70.0,6.86
1752.00,894.04,323.90,64.77,3.493,20.00,70.0,6.86
1753.00,897.20,325.39,64.89,3.493,20.00,70.0,6.86
1754.00,900.36,326.87,65.00,3.493,20.00,70.0,6.86
1755.00,903.53,328.35,65.11,3.494,20.00,70.0,6.86
1756.00,906.70,329.82,65.23,3.494,20.00,70.0,6.86
1757.00,909.87,331.28,65.34,3.494,20.00,70.0,6.86
1758.00,913.04,332.74,65.46,3.494,20.00,70.0,6.86
1759.00,916.22,334.19,65.57,3.494,20.00,70.0,6.86
1760.00,919.40,335.64,65.69,3.494,20.00,70.0,6.86
1761.00,922.59,337.08,65.80,3.494,20.00,70.0,6.86
1762.00,925.78,338.51,65.91,3.494,20.00,70.0,6.86
1763.00,928.97,339.93,66.03,3.494,20.00,70.0,6.86
1764.00,932.16,341.35,66.14,3.495,20.00,70.0,6.86
1765.00,935.36,342.77,66.26,3.495,20.00,70.0,6.86
1766.00,938.55,344.17,66.37,3.495,20.00,70.0,6.86
1767.00,941.76,345.58,66.49,3.495,20.00,70.0,6.86
1768.00,944.96,346.97,66.60,3.495,20.00,70.0,6.86
1769.00,948.17,348.36,66.71,3.495,20.00,70.0,6.86
1770.00,951.38,349.74,66.83,3.495,20.00,70.0,6.86
1771.00,954.59,351.11,66.94,3.495,20.00,70.0,6.86
1772.00,957.81,352.48,67.06,3.495,20.00,70.0,6.86
1773.00,961.03,353.85,67.17,3.496,20.00,70.0,6.86
1774.00,964.25,355.20,67.29,3.496,20.00,70.0,6.86
1775.00,967.47,356.55,67.40,3.496,20.00,70.0,6.86
1776.00,970.70,357.90,67.51,3.496,20.00,70.0,6.86
1777.00,973.93,359.23,67.63,3.496,20.00,70.0,6.86
1778.00,977.16,360.56,67.74,3.496,20.00,70.0,6.86
1779.00,980.39,361.88,67.85,3.486,-35.00,60.0,6.23
1780.00,983.61,363.19,67.94,3.476,-35.00,60.0,5.62
1781.00,986.82,364.50,68.02,3.467,-35.00,60.0,5.03
1782.00,990.02,365.79,68.10,3.447,-35.00,50.0,4.47
1783.00,993.20,367.07,68.16,3.428,-35.00,50.0,3.92
1784.00,996.37,368.33,68.22,3.410,-35.00,50.0,3.39
1785.00,999.52,369.59,68.27,3.392,-35.00,50.0,2.87
1786.00,1002.65,370.84,68.31,3.374,-35.00,50.0,2.38
1787.00,1005.77,372.08,68.34,3.356,-35.00,50.0,1.90
1788.00,1008.87,373.31,68.36,3.339,-35.00,50.0,1.43
1789.00,1011.96,374.54,68.38,3.322,-35.00,50.0,0.99
1790.00,1015.03,375.76,68.39,3.306,-35.00,50.0,0.55
1791.00,1018.09,376.97,68.39,3.290,-35.00,50.0,0.14
1792.00,1021.14,378.18,68.39,3.274,-35.00,50.0,-0.27
1793.00,1024.17,379.38,68.38,3.259,-35.00,50.0,-0.66
1794.00,1027.18,380.57,68.36,3.243,-35.00,50.0,-1.04
1795.00,1030.18,381.76,68.34,3.229,-35.00,50.0,-1.40
1796.00,1033.17,382.95,68.31,3.214,-35.00,50.0,-1.76
1797.00,1036.14,384.13,68.27,3.200,-35.00,50.0,-2.10
1798.00,1039.10,385.31,68.23,3.186,-35.00,50.0,-2.43
1799.00,1042.05,386.49,68.18,3.172,-35.00,50.0,-2.75
1800.00,1044.98,387.66,68.13,3.159,-35.00,50.0,-3.06
1801.00,1047.90,388.83,68.08,3.145,-35.00,50.0,-3.35
1802.00,1050.81,390.00,68.02,3.133,-35.00,50.0,-3.64
1803.00,1053.70,391.17,67.95,3.120,-35.00,50.0,-3.92
1804.00,1056.58,392.34,67.88,3.107,-35.00,50.0,-4.19
1805.00,1059.45,393.50,67.81,3.095,-35.00,50.0,-4.45
1806.00,1062.30,394.67,67.73,3.083,-35.00,50.0,-4.70
1807.00,1065.14,395.83,67.65,3.072,-35.00,50.0,-4.95
1808.00,1067.97,396.99,67.56,3.060,-35.00,50.0,-5.18
1809.00,1070.79,398.16,67.47,3.049,-35.00,50.0,-5.41
1810.00,1073.60,399.32,67.38,3.038,-35.00,50.0,-5.63
1811.00,1076.39,400.49,67.28,3.027,-35.00,50.0,-5.84
1812.00,1079.18,401.65,67.18,3.017,-35.00,50.0,-6.05
1813.00,1081.95,402.82,67.07,3.006,-35.00,50.0,-6.24
1814.00,1084.71,403.98,66.97,2.996,-35.00,50.0,-6.44
1815.00,1087.46,405.15,66.86,2.986,-35.00,50.0,-6.62
1816.00,1090.19,406.32,66.74,2.977,-35.00,50.0,-6.80
1817.00,1092.92,407.49,66.63,2.967,-35.00,50.0,-6.97
1818.00,1095.63,408.67,66.51,2.958,-35.00,50.0,-7.14
1819.00,1098.34,409.84,66.39,2.949,-35.00,50.0,-7.30
1820.00,1101.03,411.02,66.26,2.940,-35.00,50.0,-7.46
1821.00,1103.71,412.20,66.14,2.931,-35.00,50.0,-7.61
1822.00,1106.39,413.38,66.01,2.922,-35.00,50.0,-7.76
1823.00,1109.05,414.57,65.87,2.914,-35.00,50.0,-7.90
1824.00,1111.70,415.76,65.74,2.906,-35.00,50.0,-8.04
1825.00,1114.34,416.95,65.60,2.897,-35.00,50.0,-8.17
1826.00,1116.97,418.14,65.47,2.889,-35.00,50.0,-8.30
1827.00,1119.60,419.34,65.33,2.882,-35.00,50.0,-8.42
1828.00,1122.21,420.54,65.18,2.874,-35.00,50.0,-8.54
1829.00,1124.81,421.74,65.04,2.867,-35.00,50.0,-8.65
1830.00,1127.40,422.95,64.89,2.859,-35.00,50.0,-8.77
1831.00,1129.98,424.16,64.75,2.852,-35.00,50.0,-8.87
1832.00,1132.56,425.37,64.60,2.845,-35.00,50.0,-8.98
1833.00,1135.12,426.59,64.44,2.838,-35.00,50.0,-9.08
1834.00,1137.68,427.81,64.29,2.831,-35.00,50.0,-9.18
1835.00,1140.22,429.03,64.14,2.825,-35.00,50.0,-9.27
1836.00,1142.76,430.26,63.98,2.818,-35.00,50.0,-9.36
1837.00,1145.28,431.50,63.82,2.812,-35.00,50.0,-9.45
1838.00,1147.80,432.73,63.67,2.806,-35.00,50.0,-9.53
1839.00,1150.31,433.98,63.50,2.800,-35.00,50.0,-9.62
1840.00,1152.81,435.22,63.34,2.794,-35.00,50.0,-9.70
1841.00,1155.30,436.47,63.18,2.788,-35.00,50.0,-9.77
1842.00,1157.78,437.73,63.02,2.782,-35.00,50.0,-9.85
1843.00,1160.26,438.99,62.85,2.776,-35.00,50.0,-9.92
1844.00,1162.72,440.25,62.68,2.771,-35.00,50.0,-9.99
1845.00,1165.18,441.52,62.52,2.765,-35.00,50.0,-10.05
1846.00,1167.63,442.79,62.35,2.760,-35.00,50.0,-10.12
1847.00,1170.07,444.07,62.18,2.755,-35.00,50.0,-10.18
1848.00,1172.50,445.36,62.01,2.750,-35.00,50.0,-10.24
1849.00,1174.93,446.64,61.84,2.745,-35.00,50.0,-10.30
1850.00,1177.34,447.94,61.66,2.740,-35.00,50.0,-10.36
1851.00,1179.75,449.24,61.49,2.735,-35.00,50.0,-10.41
1852.00,1182.15,450.54,61.32,2.730,-35.00,50.0,-10.47
1853.00,1184.54,451.85,61.14,2.726,-35.00,50.0,-10.52
1854.00,1186.92,453.16,60.96,2.721,-35.00,50.0,-10.57
1855.00,1189.30,454.48,60.79,2.717,-35.00,50.0,-10.61
1856.00,1191.66,455.80,60.61,2.712,-35.00,50.0,-10.66
1857.00,1194.02,457.13,60.43,2.708,-35.00,50.0,-10.70
1858.00,1196.38,458.47,60.25,2.704,-35.00,50.0,-10.75
1859.00,1198.72,459.81,60.07,2.700,-35.00,50.0,-10.79
1860.00,1201.06,461.15,59.89,2.696,-35.00,50.0,-10.83
1861.00,1203.39,462.50,59.71,2.692,-35.00,50.0,-10.87
1862.00,1205.71,463.86,59.53,2.688,-35.00,50.0,-10.91
1863.00,1208.02,465.22,59.35,2.684,-35.00,50.0,-10.94
1864.00,1210.33,466.59,59.16,2.681,-35.00,50.0,-10.98
1865.00,1212.63,467.96,58.98,2.677,-35.00,50.0,-11.01
1866.00,1214.92,469.34,58.80,2.674,-35.00,50.0,-11.05
1867.00,1217.20,470.72,58.61,2.670,-35.00,50.0,-11.08
1868.00,1219.48,472.11,58.43,2.667,-35.00,50.0,-11.11
1869.00,1221.75,473.50,58.24,2.663,-35.00,50.0,-11.14
1870.00,1224.01,474.90,58.05,2.660,-35.00,50.0,-11.17
1871.00,1226.26,476.31,57.87,2.657,-35.00,50.0,-11.19
1872.00,1228.51,477.72,57.68,2.654,-35.00,50.0,-11.22
1873.00,1230.75,479.14,57.49,2.651,-35.00,50.0,-11.25
1874.00,1232.98,480.56,57.31,2.648,-35.00,50.0,-11.27
1875.00,1235.21,481.99,57.12,2.645,-35.00,50.0,-11.30
1876.00,1237.43,483.42,56.93,2.642,-35.00,50.0,-11.32
1877.00,1239.64,484.86,56.74,2.639,-35.00,50.0,-11.34
1878.00,1241.84,486.31,56.55,2.636,-35.00,50.0,-11.36
1879.00,1244.04,487.76,56.36,2.633,-35.00,50.0,-11.39
1880.00,1246.23,489.22,56.17,2.631,-35.00,50.0,-11.41
1881.00,1248.41,490.68,55.98,2.628,-35.00,50.0,-11.43
1882.00,1250.59,492.15,55.79,2.626,-35.00,50.0,-11.45
1883.00,1252.76,493.63,55.60,2.623,-35.00,50.0,-11.46
1884.00,1254.92,495.11,55.41,2.621,-35.00,50.0,-11.48
1885.00,1257.08,496.59,55.21,2.618,-35.00,50.0,-11.50
1886.00,1259.22,498.08,55.02,2.616,-35.00,50.0,-11.52
1887.00,1261.37,499.58,54.83,2.614,-35.00,50.0,-11.53
1888.00,1263.50,501.09,54.64,2.611,-35.00,50.0,-11.55
1889.00,1265.63,502.60,54.45,2.609,-35.00,50.0,-11.56
1890.00,1267.75,504.11,54.25,2.607,-35.00,50.0,-11.58
1891.00,1269.86,505.63,54.06,2.605,-35.00,50.0,-11.59
1892.00,1271.97,507.16,53.87,2.603,-35.00,50.0,-11.60
1893.00,1274.07,508.70,53.67,2.601,-35.00,50.0,-11.62
1894.00,1276.16,510.24,53.48,2.599,-35.00,50.0,-11.63
1895.00,1278.25,511.78,53.28,2.597,-35.00,50.0,-11.64
1896.00,1280.33,513.33,53.09,2.595,-35.00,50.0,-11.65
1897.00,1282.40,514.89,52.90,2.593,-35.00,50.0,-11.67
1898.00,1284.47,516.45,52.70,2.591,-35.00,50.0,-11.68
1899.00,1286.53,518.02,52.51,2.589,-35.00,50.0,-11.69
1900.00,1288.58,519.60,52.31,2.587,-35.00,50.0,-11.70
1901.00,1290.63,521.18,52.12,2.586,-35.00,50.0,-11.71
1902.00,1292.67,522.76,51.92,2.584,-35.00,50.0,-11.72
1903.00,1294.70,524.36,51.73,2.582,-35.00,50.0,-11.73
1904.00,1296.73,525.95,51.53,2.581,-35.00,50.0,-11.74
1905.00,1298.75,527.56,51.33,2.579,-35.00,50.0,-11.75
1906.00,1300.76,529.17,51.14,2.577,-35.00,50.0,-11.75
1907.00,1302.76,530.79,50.94,2.576,-35.00,50.0,-11.76
1908.00,1304.76,532.41,50.75,2.574,-35.00,50.0,-11.77
1909.00,1306.76,534.04,50.55,2.573,-35.00,50.0,-11.78
1910.00,1308.74,535.67,50.35,2.571,-35.00,50.0,-11.79
1911.00,1310.72,537.31,50.16,2.570,-35.00,50.0,-11.79
1912.00,1312.69,538.95,49.96,2.569,-35.00,50.0,-11.80
1913.00,1314.66,540.61,49.76,2.567,-35.00,50.0,-11.81
1914.00,1316.62,542.26,49.57,2.566,-35.00,50.0,-11.81
1915.00,1318.57,543.93,49.37,2.565,-35.00,50.0,-11.82
1916.00,1320.51,545.60,49.17,2.563,-35.00,50.0,-11.82
1917.00,1322.45,547.27,48.98,2.562,-35.00,50.0,-11.83
1918.00,1324.38,548.95,48.78,2.561,-35.00,50.0,-11.84
1919.00,1326.31,550.64,48.58,2.560,-35.00,50.0,-11.84
1920.00,1328.23,552.33,48.38,2.558,-35.00,50.0,-11.85
1921.00,1330.14,554.03,48.19,2.557,-35.00,50.0,-11.85
1922.00,1332.04,555.73,47.99,2.556,-35.00,50.0,-11.86
1923.00,1333.94,557.44,47.79,2.555,-35.00,50.0,-11.86
1924.00,1335.83,559.16,47.59,2.554,-35.00,50.0,-11.87
1925.00,1337.72,560.88,47.39,2.553,-35.00,50.0,-11.87
1926.00,1339.60,562.61,47.20,2.552,-35.00,50.0,-11.88
1927.00,1341.47,564.34,47.00,2.551,-35.00,50.0,-11.88
1928.00,1343.33,566.08,46.80,2.550,-35.00,50.0,-11.88
1929.00,1345.19,567.82,46.60,2.549,-35.00,50.0,-11.89
1930.00,1347.04,569.57,46.40,2.548,-35.00,50.0,-11.89
1931.00,1348.89,571.33,46.21,2.547,-35.00,50.0,-11.89
1932.00,1350.72,573.09,46.01,2.546,-35.00,50.0,-11.90
1933.00,1352.56,574.86,45.81,2.545,-35.00,50.0,-11.90
1934.00,1354.38,576.63,45.61,2.544,-35.00,50.0,-11.90
1935.00,1356.20,578.41,45.41,2.543,-35.00,50.0,-11.91
1936.00,1358.01,580.20,45.21,2.542,-35.00,50.0,-11.91
1937.00,1359.81,581.99,45.02,2.541,-35.00,50.0,-11.91
1938.00,1361.61,583.78,44.82,2.541,-35.00,50.0,-11.92
1939.00,1363.40,585.58,44.62,2.540,-35.00,50.0,-11.92
1940.00,1365.18,587.39,44.42,2.539,-35.00,50.0,-11.92
1941.00,1366.96,589.20,44.22,2.538,-35.00,50.0,-11.92
1942.00,1368.73,591.02,44.02,2.537,-35.00,50.0,-11.93
1943.00,1370.49,592.85,43.82,2.537,-35.00,50.0,-11.93
1944.00,1372.25,594.68,43.62,2.536,-35.00,50.0,-11.93
1945.00,1373.99,596.51,43.43,2.535,-35.00,50.0,-11.93
1946.00,1375.74,598.35,43.23,2.534,-35.00,50.0,-11.94
1947.00,1377.47,600.20,43.03,2.534,-35.00,50.0,-11.94
1948.00,1379.20,602.05,42.83,2.533,-35.00,50.0,-11.94
1949.00,1380.92,603.91,42.63,2.532,-35.00,50.0,-11.94
1950.00,1382.64,605.77,42.43,2.532,-35.00,50.0,-11.94
1951.00,1384.35,607.64,42.23,2.531,-35.00,50.0,-11.95
1952.00,1386.05,609.51,42.03,2.531,-35.00,50.0,-11.95
1953.00,1387.74,611.39,41.83,2.530,-35.00,50.0,-11.95
1954.00,1389.43,613.28,41.63,2.529,-35.00,50.0,-11.95
1955.00,1391.11,615.17,41.43,2.529,-35.00,50.0,-11.95
1956.00,1392.78,617.06,41.24,2.528,-35.00,50.0,-11.95
1957.00,1394.45,618.96,41.04,2.528,-35.00,50.0,-11.96
1958.00,1396.11,620.87,40.84,2.527,-35.00,50.0,-11.96
1959.00,1397.76,622.78,40.64,2.527,-35.00,50.0,-11.96
1960.00,1399.40,624.70,40.44,2.526,-35.00,50.0,-11.96
1961.00,1401.04,626.62,40.24,2.525,-35.00,50.0,-11.96
1962.00,1402.67,628.55,40.04,2.525,-35.00,50.0,-11.96
1963.00,1404.30,630.48,39.84,2.524,-35.00,50.0,-11.96
1964.00,1405.91,632.42,39.64,2.524,-35.00,50.0,-11.97
1965.00,1407.52,634.36,39.44,2.523,-35.00,50.0,-11.97
1966.00,1409.13,636.31,39.24,2.523,-35.00,50.0,-11.97
1967.00,1410.72,638.26,39.04,2.523,-35.00,50.0,-11.97
1968.00,1412.31,640.22,38.84,2.522,-35.00,50.0,-11.97
1969.00,1413.89,642.19,38.64,2.522,-35.00,50.0,-11.97
1970.00,1415.47,644.16,38.44,2.521,-35.00,50.0,-11.97
1971.00,1417.03,646.13,38.24,2.521,-35.00,50.0,-11.97
1972.00,1418.59,648.11,38.04,2.520,-35.00,50.0,-11.97
1973.00,1420.15,650.09,37.84,2.520,-35.00,50.0,-11.97
1974.00,1421.69,652.08,37.65,2.520,-35.00,50.0,-11.98
1975.00,1423.23,654.08,37.45,2.519,-35.00,50.0,-11.98
1976.00,1424.76,656.08,37.25,2.519,-35.00,50.0,-11.98
1977.00,1426.29,658.08,37.05,2.518,-35.00,50.0,-11.98
1978.00,1427.80,660.09,36.85,2.518,-35.00,50.0,-11.98
1979.00,1429.31,662.11,36.65,2.518,-35.00,50.0,-11.98
1980.00,1430.82,664.13,36.45,2.517,-35.00,50.0,-11.98
1981.00,1432.31,666.15,36.25,2.517,-35.00,50.0,-11.98
1982.00,1433.80,668.18,36.05,2.517,-35.00,50.0,-11.98
1983.00,1435.28,670.22,35.85,2.516,-35.00,50.0,-11.98
1984.00,1436.75,672.25,35.65,2.516,-35.00,50.0,-11.98
1985.00,1438.22,674.30,35.45,2.516,-35.00,50.0,-11.98
1986.00,1439.68,676.35,35.25,2.515,-35.00,50.0,-11.98
1987.00,1441.13,678.40,35.05,2.515,-35.00,50.0,-11.98
1988.00,1442.57,680.46,34.85,2.515,-35.00,50.0,-11.98
1989.00,1444.01,682.52,34.65,2.514,-35.00,50.0,-11.99
1990.00,1445.44,684.59,34.45,2.514,-35.00,50.0,-11.99
1991.00,1446.86,686.67,34.25,2.514,-35.00,50.0,-11.99
1992.00,1448.28,688.74,34.05,2.514,-35.00,50.0,-11.99
1993.00,1449.68,690.83,33.85,2.513,-35.00,50.0,-11.99
1994.00,1451.08,692.91,33.65,2.513,-35.00,50.0,-11.99
1995.00,1452.48,695.00,33.45,2.513,-35.00,50.0,-11.99
1996.00,1453.86,697.10,33.25,2.513,-35.00,50.0,-11.99
1997.00,1455.24,699.20,33.05,2.512,-35.00,50.0,-11.99
1998.00,1456.61,701.31,32.85,2.512,-35.00,50.0,-11.99
1999.00,1457.97,703.42,32.65,2.512,-35.00,50.0,-11.99
2000.00,1459.33,705.53,32.45,2.512,-35.00,50.0,-11.99
2001.00,1460.67,707.65,32.25,2.511,-35.00,50.0,-11.99
2002.00,1462.01,709.78,32.05,2.511,-35.00,50.0,-11.99
2003.00,1463.35,711.90,31.85,2.511,-35.00,50.0,-11.99
2004.00,1464.67,714.04,31.65,2.511,-35.00,50.0,-11.99
2005.00,1465.99,716.17,31.45,2.510,-35.00,50.0,-11.99
2006.00,1467.30,718.31,31.25,2.510,-35.00,50.0,-11.99
2007.00,1468.60,720.46,31.05,2.510,-35.00,50.0,-11.99
2008.00,1469.90,722.61,30.85,2.510,-35.00,50.0,-11.99
2009.00,1471.18,724.76,30.65,2.510,-35.00,50.0,-11.99
2010.00,1472.46,726.92,30.45,2.509,-35.00,50.0,-11.99
2011.00,1473.73,729.09,30.25,2.509,-35.00,50.0,-11.99
2012.00,1475.00,731.25,30.05,2.509,-35.00,50.0,-11.99
2013.00,1476.26,733.43,29.85,2.509,-35.00,50.0,-11.99
2014.00,1477.50,735.60,29.65,2.509,-35.00,50.0,-11.99
2015.00,1478.75,737.78,29.45,2.509,-35.00,50.0,-11.99
2016.00,1479.98,739.97,29.25,2.508,-35.00,50.0,-11.99
2017.00,1481.20,742.15,29.05,2.508,-35.00,50.0,-11.99
2018.00,1482.42,744.35,28.85,2.508,-35.00,50.0,-11.99
2019.00,1483.63,746.54,28.65,2.508,-35.00,50.0,-11.99
2020.00,1484.84,748.74,28.45,2.508,-35.00,50.0,-11.99
2021.00,1486.03,750.95,28.25,2.508,-35.00,50.0,-12.00
2022.00,1487.22,753.16,28.05,2.507,-35.00,50.0,-12.00
2023.00,1488.40,755.37,27.85,2.507,-35.00,50.0,-12.00
2024.00,1489.57,757.59,27.65,2.507,-35.00,50.0,-12.00
2025.00,1490.73,759.81,27.46,2.507,-35.00,50.0,-12.00
2026.00,1491.89,762.03,27.26,2.507,-35.00,50.0,-12.00
2027.00,1493.03,764.26,27.06,2.507,-35.00,50.0,-12.00
2028.00,1494.18,766.49,26.86,2.507,-35.00,50.0,-12.00
2029.00,1495.31,768.73,26.66,2.506,-35.00,50.0,-12.00
2030.00,1496.43,770.97,26.46,2.506,-35.00,50.0,-12.00
2031.00,1497.55,773.21,26.26,2.506,-35.00,50.0,-12.00
2032.00,1498.66,775.46,26.06,2.506,-35.00,50.0,-12.00
2033.00,1499.76,777.71,25.86,2.506,-35.00,50.0,-12.00
2034.00,1500.85,779.97,25.66,2.506,-35.00,50.0,-12.00
2035.00,1501.94,782.22,25.46,2.506,-35.00,50.0,-12.00
2036.00,1503.01,784.49,25.26,2.506,-35.00,50.0,-12.00
2037.00,1504.08,786.75,25.06,2.505,-35.00,50.0,-12.00
2038.00,1505.14,789.02,24.86,2.505,-35.00,50.0,-12.00
2039.00,1506.20,791.30,24.66,2.505,-35.00,50.0,-12.00
2040.00,1507.24,793.57,24.46,2.505,-35.00,50.0,-12.00
2041.00,1508.28,795.85,24.26,2.505,-35.00,50.0,-12.00
2042.00,1509.31,798.14,24.06,2.505,-35.00,50.0,-12.00
2043.00,1510.33,800.42,23.86,2.505,-35.00,50.0,-12.00
2044.00,1511.34,802.71,23.66,2.505,-35.00,50.0,-12.00
2045.00,1512.35,805.01,23.46,2.505,-35.00,50.0,-12.00
2046.00,1513.34,807.31,23.26,2.505,-35.00,50.0,-12.00
2047.00,1514.33,809.61,23.06,2.504,-35.00,50.0,-12.00
2048.00,1515.31,811.91,22.86,2.504,-35.00,50.0,-12.00
2049.00,1516.28,814.22,22.66,2.504,-35.00,50.0,-12.00
2050.00,1517.25,816.53,22.46,2.504,-35.00,50.0,-12.00
2051.00,1518.21,818.84,22.26,2.504,-35.00,50.0,-12.00
2052.00,1519.15,821.16,22.06,2.504,-35.00,50.0,-12.00
2053.00,1520.09,823.48,21.86,2.504,-35.00,50.0,-12.00
2054.00,1521.03,825.81,21.66,2.504,-35.00,50.0,-12.00
2055.00,1521.95,828.13,21.46,2.504,-35.00,50.0,-12.00
2056.00,1522.87,830.46,21.26,2.504,-35.00,50.0,-12.00
2057.00,1523.77,832.80,21.06,2.504,-35.00,50.0,-12.00
2058.00,1524.67,835.13,20.86,2.504,-35.00,50.0,-12.00
2059.00,1525.57,837.47,20.66,2.504,-35.00,50.0,-12.00
2060.00,1526.45,839.82,20.46,2.503,-35.00,50.0,-12.00
2061.00,1527.32,842.16,20.26,2.503,-35.00,50.0,-12.00
2062.00,1528.19,844.51,20.06,2.503,-35.00,50.0,-12.00
2063.00,1529.05,846.86,19.86,2.503,-35.00,50.0,-12.00
2064.00,1529.90,849.22,19.66,2.503,-35.00,50.0,-12.00
2065.00,1530.74,851.57,19.46,2.503,-35.00,50.0,-12.00
2066.00,1531.57,853.93,19.26,2.503,-35.00,50.0,-12.00
2067.00,1532.40,856.30,19.06,2.503,-35.00,50.0,-12.00
2068.00,1533.22,858.66,18.86,2.503,-35.00,50.0,-12.00
2069.00,1534.03,861.03,18.66,2.503,-35.00,50.0,-12.00
2070.00,1534.83,863.40,18.46,2.503,-35.00,50.0,-12.00
2071.00,1535.62,865.78,18.26,2.503,-35.00,50.0,-12.00
2072.00,1536.40,868.15,18.06,2.503,-35.00,50.0,-12.00
2073.00,1537.18,870.53,17.86,2.503,-35.00,50.0,-12.00
2074.00,1537.95,872.91,17.66,2.503,-35.00,50.0,-12.00
2075.00,1538.71,875.30,17.46,2.503,-35.00,50.0,-12.00
2076.00,1539.46,877.69,17.26,2.502,-35.00,50.0,-12.00
2077.00,1540.20,880.08,17.06,2.502,-35.00,50.0,-12.00
2078.00,1540.93,882.47,16.86,2.502,-35.00,50.0,-12.00
2079.00,1541.66,884.86,16.66,2.502,-35.00,50.0,-12.00
2080.00,1542.38,887.26,16.46,2.502,-35.00,50.0,-12.00
2081.00,1543.08,889.66,16.26,2.502,-35.00,50.0,-12.00
2082.00,1543.78,892.06,16.06,2.502,-35.00,50.0,-12.00
2083.00,1544.48,894.47,15.86,2.502,-35.00,50.0,-12.00
2084.00,1545.16,896.87,15.66,2.502,-35.00,50.0,-12.00
2085.00,1545.84,899.28,15.46,2.502,-35.00,50.0,-12.00
2086.00,1546.50,901.69,15.26,2.502,-35.00,50.0,-12.00
2087.00,1547.16,904.11,15.06,2.502,-35.00,50.0,-12.00
2088.00,1547.81,906.52,14.86,2.502,-35.00,50.0,-12.00
2089.00,1548.45,908.94,14.66,2.502,-35.00,50.0,-12.00
2090.00,1549.09,911.36,14.46,2.502,-35.00,50.0,-12.00
2091.00,1549.71,913.78,14.26,2.502,-35.00,50.0,-12.00
2092.00,1550.33,916.21,14.06,2.502,-35.00,50.0,-12.00
2093.00,1550.93,918.64,13.86,2.502,-35.00,50.0,-12.00
2094.00,1551.53,921.07,13.66,2.502,-35.00,50.0,-12.00
2095.00,1552.12,923.50,13.46,2.502,-35.00,50.0,-12.00
2096.00,1552.71,925.93,13.26,2.502,-35.00,50.0,-12.00
2097.00,1553.28,928.36,13.06,2.502,-35.00,50.0,-12.00
2098.00,1553.84,930.80,12.86,2.502,-35.00,50.0,-12.00
2099.00,1554.40,933.24,12.66,2.502,-35.00,50.0,-12.00
2100.00,1554.95,935.68,12.46,2.502,-35.00,50.0,-12.00
2101.00,1555.49,938.12,12.26,2.502,-35.00,50.0,-12.00
2102.00,1556.02,940.57,12.06,2.501,-35.00,50.0,-12.00
2103.00,1556.54,943.01,11.86,2.501,-35.00,50.0,-12.00
2104.00,1557.06,945.46,11.66,2.501,-35.00,50.0,-12.00
2105.00,1557.56,947.91,11.46,2.501,-35.00,50.0,-12.00
2106.00,1558.06,950.36,11.26,2.501,-35.00,50.0,-12.00
2107.00,1558.55,952.82,11.06,2.501,-35.00,50.0,-12.00
2108.00,1559.03,955.27,10.86,2.501,-35.00,50.0,-12.00
2109.00,1559.50,957.73,10.66,2.501,-35.00,50.0,-12.00
2110.00,1559.96,960.19,10.46,2.501,-35.00,50.0,-12.00
2111.00,1560.41,962.65,10.26,2.501,-35.00,50.0,-12.00
2112.00,1560.86,965.11,10.06,2.501,-35.00,50.0,-12.00
2113.00,1561.30,967.57,9.86,2.501,-35.00,50.0,-12.00
2114.00,1561.72,970.03,9.66,2.501,-35.00,50.0,-12.00
2115.00,1562.14,972.50,9.46,2.501,-35.00,50.0,-12.00
2116.00,1562.56,974.97,9.26,2.501,-35.00,50.0,-12.00
2117.00,1562.96,977.44,9.06,2.501,-35.00,50.0,-12.00
2118.00,1563.35,979.91,8.86,2.501,-35.00,50.0,-12.00
2119.00,1563.74,982.38,8.66,2.501,-35.00,50.0,-12.00
2120.00,1564.11,984.85,8.46,2.501,-35.00,50.0,-12.00
2121.00,1564.48,987.32,8.26,2.501,-35.00,50.0,-12.00
2122.00,1564.84,989.80,8.06,2.501,-35.00,50.0,-12.00
2123.00,1565.19,992.27,7.86,2.501,-35.00,50.0,-12.00
2124.00,1565.53,994.75,7.66,2.501,-35.00,50.0,-12.00
2125.00,1565.87,997.23,7.46,2.501,-35.00,50.0,-12.00
2126.00,1566.19,999.71,7.26,2.501,-35.00,50.0,-12.00
2127.00,1566.51,1002.19,7.06,2.501,-35.00,50.0,-12.00
2128.00,1566.81,1004.67,6.86,2.501,-35.00,50.0,-12.00
2129.00,1567.11,1007.16,6.66,2.501,-35.00,50.0,-12.00
2130.00,1567.40,1009.64,6.46,2.501,-35.00,50.0,-12.00
2131.00,1567.68,1012.12,6.26,2.501,-35.00,50.0,-12.00
2132.00,1567.96,1014.61,6.06,2.501,-35.00,50.0,-12.00
2133.00,1568.22,1017.10,5.86,2.501,-35.00,50.0,-12.00
2134.00,1568.47,1019.59,5.66,2.501,-35.00,50.0,-12.00
2135.00,1568.72,1022.07,5.46,2.501,-35.00,50.0,-12.00
2136.00,1568.96,1024.56,5.26,2.501,-35.00,50.0,-12.00
2137.00,1569.19,1027.05,5.06,2.501,-35.00,50.0,-12.00
2138.00,1569.41,1029.54,4.86,2.501,-35.00,50.0,-12.00
2139.00,1569.62,1032.04,4.66,2.501,-35.00,50.0,-12.00
2140.00,1569.82,1034.53,4.46,2.501,-35.00,50.0,-12.00
2141.00,1570.02,1037.02,4.26,2.501,-35.00,50.0,-12.00
2142.00,1570.20,1039.52,4.06,2.501,-35.00,50.0,-12.00
2143.00,1570.38,1042.01,3.86,2.501,-35.00,50.0,-12.00
2144.00,1570.55,1044.50,3.66,2.501,-35.00,50.0,-12.00
2145.00,1570.71,1047.00,3.46,2.501,-35.00,50.0,-12.00
2146.00,1570.86,1049.50,3.26,2.501,-35.00,50.0,-12.00
2147.00,1571.00,1051.99,3.06,2.501,-35.00,50.0,-12.00
2148.00,1571.13,1054.49,2.86,2.501,-35.00,50.0,-12.00
2149.00,1571.26,1056.99,2.66,2.501,-35.00,50.0,-12.00
2150.00,1571.37,1059.49,2.46,2.501,-35.00,50.0,-12.00
2151.00,1571.48,1061.98,2.26,2.501,-35.00,50.0,-12.00
2152.00,1571.58,1064.48,2.06,2.501,-35.00,50.0,-12.00
2153.00,1571.67,1066.98,1.86,2.501,-35.00,50.0,-12.00
2154.00,1571.75,1069.48,1.66,2.501,-35.00,50.0,-12.00
2155.00,1571.82,1071.98,1.46,2.501,-35.00,50.0,-12.00
2156.00,1571.89,1074.48,1.26,2.500,-35.00,50.0,-12.00
2157.00,1571.94,1076.98,1.06,2.500,-35.00,50.0,-12.00
2158.00,1571.99,1079.48,0.86,2.500,-35.00,50.0,-12.00
2159.00,1572.03,1081.98,0.66,2.500,-35.00,50.0,-12.00
2160.00,1572.05,1084.48,0.46,2.500,-35.00,50.0,-12.00
2161.00,1572.07,1086.98,0.26,2.500,-35.00,50.0,-12.00
2162.00,1572.09,1089.48,0.06,2.500,-35.00,50.0,-12.00
2163.00,1572.09,1091.98,359.86,2.500,-35.00,50.0,-12.00
2164.00,1572.08,1094.48,359.66,2.500,-35.00,50.0,-12.00
2165.00,1572.07,1096.98,359.46,2.500,-35.00,50.0,-12.00
2166.00,1572.04,1099.48,359.26,2.500,-35.00,50.0,-12.00
2167.00,1572.01,1101.98,359.06,2.500,-35.00,50.0,-12.00
2168.00,1571.97,1104.48,358.86,2.500,-35.00,50.0,-12.00
2169.00,1571.92,1106.98,358.66,2.500,-35.00,50.0,-12.00
2170.00,1571.86,1109.48,358.46,2.500,-35.00,50.0,-12.00
2171.00,1571.79,1111.98,358.26,2.500,-35.00,50.0,-12.00
2172.00,1571.72,1114.48,358.06,2.500,-35.00,50.0,-12.00
2173.00,1571.63,1116.98,357.86,2.500,-35.00,50.0,-12.00
2174.00,1571.54,1119.48,357.66,2.500,-35.00,50.0,-12.00
2175.00,1571.44,1121.98,357.46,2.500,-35.00,50.0,-12.00
2176.00,1571.33,1124.47,357.26,2.500,-35.00,50.0,-12.00
2177.00,1571.21,1126.97,357.06,2.500,-35.00,50.0,-12.00
2178.00,1571.08,1129.47,356.86,2.500,-35.00,50.0,-12.00
2179.00,1570.94,1131.97,356.66,2.500,-35.00,50.0,-12.00
2180.00,1570.80,1134.46,356.46,2.500,-35.00,50.0,-12.00
2181.00,1570.64,1136.96,356.26,2.500,-35.00,50.0,-12.00
2182.00,1570.48,1139.45,356.06,2.500,-35.00,50.0,-12.00
2183.00,1570.31,1141.95,355.86,2.500,-35.00,50.0,-12.00
2184.00,1570.12,1144.44,355.66,2.500,-34.81,50.0,-12.00
2185.00,1569.94,1146.93,355.46,2.500,-34.81,50.0,-12.00
2186.00,1569.74,1149.43,355.26,2.500,-34.81,50.0,-11.99
2187.00,1569.53,1151.92,355.06,2.500,-33.02,50.0,-11.97
2188.00,1569.32,1154.41,354.86,2.500,-33.02,50.0,-11.95
2189.00,1569.09,1156.90,354.66,2.500,-33.02,50.0,-11.93
2190.00,1568.86,1159.39,354.46,2.500,-31.23,50.0,-11.89
2191.00,1568.62,1161.88,354.26,2.500,-31.23,50.0,-11.85
2192.00,1568.37,1164.36,354.07,2.500,-31.23,50.0,-11.81
2193.00,1568.11,1166.85,353.87,2.500,-29.45,50.0,-11.75
2194.00,1567.84,1169.34,353.68,2.500,-29.45,50.0,-11.70
2195.00,1567.57,1171.82,353.48,2.500,-29.45,50.0,-11.64
2196.00,1567.28,1174.31,353.29,2.500,-27.69,50.0,-11.57
2197.00,1566.99,1176.79,353.10,2.500,-27.69,50.0,-11.50
2198.00,1566.69,1179.27,352.91,2.500,-27.69,50.0,-11.44
2199.00,1566.38,1181.75,352.72,2.500,-25.96,50.0,-11.35
2200.00,1566.06,1184.23,352.53,2.500,-25.96,50.0,-11.27
2201.00,1565.74,1186.71,352.34,2.500,-25.96,50.0,-11.19
2202.00,1565.41,1189.19,352.16,2.500,-24.25,50.0,-11.10
2203.00,1565.07,1191.67,351.98,2.500,-24.25,50.0,-11.00
2204.00,1564.72,1194.14,351.79,2.500,-24.25,50.0,-10.91
2205.00,1564.36,1196.62,351.61,2.500,-22.59,50.0,-10.81
2206.00,1563.99,1199.09,351.43,2.500,-22.59,50.0,-10.71
2207.00,1563.62,1201.56,351.26,2.500,-22.59,50.0,-10.61
2208.00,1563.24,1204.03,351.08,2.500,-20.97,50.0,-10.49
2209.00,1562.85,1206.50,350.91,2.500,-20.97,50.0,-10.38
2210.00,1562.46,1208.97,350.74,2.500,-20.97,50.0,-10.28
2211.00,1562.06,1211.44,350.57,2.500,-19.40,50.0,-10.16
2212.00,1561.65,1213.91,350.40,2.500,-19.40,50.0,-10.04
2213.00,1561.23,1216.37,350.24,2.500,-19.40,50.0,-9.93
2214.00,1560.81,1218.83,350.07,2.500,-17.87,50.0,-9.80
2215.00,1560.38,1221.30,349.91,2.500,-17.87,50.0,-9.68
2216.00,1559.94,1223.76,349.75,2.500,-17.87,50.0,-9.56
2217.00,1559.49,1226.22,349.60,2.500,-16.39,50.0,-9.43
2218.00,1559.04,1228.68,349.44,2.500,-16.39,50.0,-9.30
2219.00,1558.58,1231.14,349.29,2.500,-16.39,50.0,-9.18
2220.00,1558.12,1233.59,349.14,2.500,-14.97,50.0,-9.04
2221.00,1557.65,1236.05,348.99,2.500,-14.97,50.0,-8.91
2222.00,1557.17,1238.50,348.84,2.500,-14.97,50.0,-8.79
2223.00,1556.69,1240.96,348.70,2.500,-13.61,50.0,-8.65
2224.00,1556.20,1243.41,348.56,2.500,-13.61,50.0,-8.52
2225.00,1555.70,1245.86,348.42,2.500,-13.61,50.0,-8.39
2226.00,1555.20,1248.31,348.28,2.500,-12.30,50.0,-8.25
2227.00,1554.69,1250.75,348.14,2.500,-12.30,50.0,-8.11
2228.00,1554.18,1253.20,348.01,2.500,-12.30,50.0,-7.98
2229.00,1553.66,1255.65,347.88,2.500,-11.05,50.0,-7.84
2230.00,1553.13,1258.09,347.75,2.500,-11.05,50.0,-7.71
2231.00,1552.60,1260.53,347.63,2.500,-11.05,50.0,-7.58
2232.00,1552.07,1262.98,347.50,2.500,-9.86,50.0,-7.44
2233.00,1551.53,1265.42,347.38,2.500,-9.86,50.0,-7.30
2234.00,1550.98,1267.86,347.26,2.500,-9.86,50.0,-7.17
2235.00,1550.43,1270.30,347.14,2.500,-8.72,50.0,-7.03
2236.00,1549.87,1272.73,347.03,2.500,-8.72,50.0,-6.90
2237.00,1549.31,1275.17,346.91,2.500,-8.72,50.0,-6.77
2238.00,1548.74,1277.60,346.80,2.500,-7.65,50.0,-6.63
2239.00,1548.17,1280.04,346.70,2.500,-7.65,50.0,-6.50
2240.00,1547.60,1282.47,346.59,2.500,-7.65,50.0,-6.37
2241.00,1547.02,1284.90,346.49,2.500,-6.63,50.0,-6.23
2242.00,1546.43,1287.33,346.38,2.500,-6.63,50.0,-6.10
2243.00,1545.85,1289.76,346.28,2.500,-6.63,50.0,-5.97
2244.00,1545.25,1292.19,346.19,2.500,-5.67,50.0,-5.84
2245.00,1544.66,1294.62,346.09,2.500,-5.67,50.0,-5.71
2246.00,1544.06,1297.05,346.00,2.500,-5.67,50.0,-5.58
2247.00,1543.45,1299.47,345.91,2.500,-4.77,50.0,-5.45
2248.00,1542.84,1301.90,345.82,2.500,-4.77,50.0,-5.32
2249.00,1542.23,1304.32,345.73,2.500,-4.77,50.0,-5.20
2250.00,1541.61,1306.74,345.65,2.500,-3.93,50.0,-5.07
2251.00,1540.99,1309.17,345.57,2.500,-3.93,50.0,-4.95
2252.00,1540.37,1311.59,345.49,2.500,-3.93,50.0,-4.83
2253.00,1539.74,1314.01,345.41,2.500,-3.13,50.0,-4.70
2254.00,1539.11,1316.43,345.33,2.500,-3.13,50.0,-4.58
2255.00,1538.48,1318.85,345.26,2.500,-3.13,50.0,-4.46
2256.00,1537.84,1321.26,345.18,2.500,-2.40,50.0,-4.34
2257.00,1537.21,1323.68,345.11,2.500,-2.40,50.0,-4.23
2258.00,1536.56,1326.10,345.05,2.500,-2.40,50.0,-4.11
2259.00,1535.92,1328.51,344.98,2.500,-1.71,50.0,-3.99
2260.00,1535.27,1330.93,344.91,2.500,-1.71,50.0,-3.88
2261.00,1534.62,1333.34,344.85,2.500,-1.71,50.0,-3.77
2262.00,1533.97,1335.75,344.79,2.500,-1.07,50.0,-3.66
2263.00,1533.31,1338.17,344.73,2.500,-1.07,50.0,-3.55
2264.00,1532.65,1340.58,344.67,2.500,-1.07,50.0,-3.44
2265.00,1531.99,1342.99,344.62,2.500,-0.49,50.0,-3.33
2266.00,1531.33,1345.40,344.56,2.500,-0.49,50.0,-3.23
2267.00,1530.66,1347.81,344.51,2.500,-0.49,50.0,-3.13
2268.00,1529.99,1350.22,344.46,2.500,0.05,50.0,-3.02
2269.00,1529.32,1352.63,344.41,2.500,0.05,50.0,-2.92
2270.00,1528.65,1355.04,344.37,2.500,0.05,50.0,-2.82
2271.00,1527.98,1357.44,344.32,2.500,0.55,50.0,-2.72
2272.00,1527.30,1359.85,344.28,2.500,0.55,50.0,-2.62
2273.00,1526.63,1362.26,344.23,2.500,0.55,50.0,-2.53
2274.00,1525.95,1364.66,344.19,2.500,1.00,50.0,-2.43
2275.00,1525.27,1367.07,344.16,2.500,1.00,50.0,-2.34
2276.00,1524.58,1369.47,344.12,2.500,1.00,50.0,-2.25
2277.00,1523.90,1371.88,344.08,2.500,1.41,50.0,-2.16
2278.00,1523.21,1374.28,344.05,2.500,1.41,50.0,-2.07
2279.00,1522.53,1376.69,344.01,2.500,1.41,50.0,-1.99
2280.00,1521.84,1379.09,343.98,2.500,1.78,50.0,-1.90
2281.00,1521.15,1381.49,343.95,2.500,1.78,50.0,-1.82
2282.00,1520.46,1383.90,343.92,2.500,1.78,50.0,-1.74
2283.00,1519.76,1386.30,343.90,2.500,2.11,50.0,-1.65
2284.00,1519.07,1388.70,343.87,2.500,2.11,50.0,-1.58
2285.00,1518.38,1391.10,343.84,2.500,2.11,50.0,-1.50
2286.00,1517.68,1393.50,343.82,2.500,2.41,50.0,-1.42
2287.00,1516.98,1395.90,343.80,2.500,2.41,50.0,-1.35
2288.00,1516.29,1398.30,343.78,2.500,2.41,50.0,-1.27
2289.00,1515.59,1400.70,343.76,2.500,2.67,50.0,-1.20
2290.00,1514.89,1403.10,343.74,2.500,2.67,50.0,-1.13
2291.00,1514.19,1405.50,343.72,2.500,2.67,50.0,-1.06
2292.00,1513.49,1407.90,343.70,2.500,2.91,50.0,-0.99
2293.00,1512.79,1410.30,343.69,2.500,2.91,50.0,-0.93
2294.00,1512.08,1412.70,343.67,2.500,2.91,50.0,-0.86
2295.00,1511.38,1415.10,343.66,2.500,3.11,50.0,-0.80
2296.00,1510.68,1417.50,343.65,2.500,3.11,50.0,-0.74
2297.00,1509.97,1419.90,343.64,2.500,3.11,50.0,-0.68
2298.00,1509.27,1422.30,343.63,2.500,3.28,50.0,-0.62
2299.00,1508.57,1424.70,343.62,2.500,3.28,50.0,-0.56
2300.00,1507.86,1427.10,343.61,2.500,3.28,50.0,-0.50
2301.00,1507.15,1429.50,343.60,2.500,3.43,50.0,-0.45
2302.00,1506.45,1431.89,343.60,2.500,3.43,50.0,-0.39
2303.00,1505.74,1434.29,343.59,2.500,3.43,50.0,-0.34
2304.00,1505.04,1436.69,343.58,2.500,3.55,50.0,-0.29
2305.00,1504.33,1439.09,343.58,2.500,3.55,50.0,-0.24
2306.00,1503.62,1441.49,343.58,2.500,3.55,50.0,-0.19
2307.00,1502.92,1443.88,343.58,2.500,3.65,50.0,-0.14
2308.00,1502.21,1446.28,343.57,2.500,3.65,50.0,-0.09
2309.00,1501.50,1448.68,343.57,2.500,3.65,50.0,-0.05
2310.00,1500.80,1451.08,343.57,2.500,3.73,50.0,-0.01
2311.00,1500.09,1453.48,343.57,2.500,3.73,50.0,0.04
2312.00,1499.38,1455.87,343.57,2.500,3.73,50.0,0.08
2313.00,1498.68,1458.27,343.58,2.500,3.79,50.0,0.12
2314.00,1497.97,1460.67,343.58,2.500,3.79,50.0,0.16
2315.00,1497.26,1463.07,343.58,2.500,3.79,50.0,0.20
2316.00,1496.55,1465.47,343.59,2.500,3.83,50.0,0.23
2317.00,1495.85,1467.86,343.59,2.500,3.83,50.0,0.27
2318.00,1495.14,1470.26,343.60,2.500,3.83,50.0,0.30
2319.00,1494.44,1472.66,343.60,2.500,3.86,50.0,0.34
2320.00,1493.73,1475.06,343.61,2.500,3.86,50.0,0.37
2321.00,1493.02,1477.46,343.61,2.500,3.86,50.0,0.40
2322.00,1492.32,1479.86,343.62,2.500,3.87,50.0,0.43
2323.00,1491.61,1482.25,343.63,2.500,3.87,50.0,0.46
2324.00,1490.91,1484.65,343.64,2.500,3.87,50.0,0.49
2325.00,1490.21,1487.05,343.65,2.500,3.86,50.0,0.52
2326.00,1489.50,1489.45,343.66,2.500,3.86,50.0,0.55
2327.00,1488.80,1491.85,343.67,2.500,3.86,50.0,0.57
2328.00,1488.10,1494.25,343.68,2.500,3.85,50.0,0.60
2329.00,1487.39,1496.65,343.69,2.500,3.85,50.0,0.62
2330.00,1486.69,1499.05,343.70,2.500,3.85,50.0,0.65
2331.00,1485.99,1501.45,343.71,2.500,3.82,50.0,0.67
2332.00,1485.29,1503.85,343.72,2.500,3.82,50.0,0.69
2333.00,1484.59,1506.25,343.73,2.500,3.82,50.0,0.71
2334.00,1483.89,1508.65,343.74,2.500,3.78,50.0,0.73
2335.00,1483.19,1511.05,343.76,2.500,3.78,50.0,0.75
2336.00,1482.49,1513.45,343.77,2.500,3.78,50.0,0.77
2337.00,1481.79,1515.85,343.78,2.500,3.73,50.0,0.78
2338.00,1481.09,1518.25,343.79,2.500,3.73,50.0,0.80
2339.00,1480.39,1520.65,343.81,2.500,3.73,50.0,0.82
2340.00,1479.69,1523.05,343.82,2.500,3.68,50.0,0.83
2341.00,1479.00,1525.45,343.84,2.500,3.68,50.0,0.85
2342.00,1478.30,1527.85,343.85,2.500,3.68,50.0,0.86
2343.00,1477.61,1530.25,343.86,2.500,3.62,50.0,0.87
2344.00,1476.91,1532.65,343.88,2.500,3.62,50.0,0.88
2345.00,1476.22,1535.06,343.89,2.500,3.62,50.0,0.90
2346.00,1475.52,1537.46,343.91,2.500,3.55,50.0,0.91
2347.00,1474.83,1539.86,343.92,2.500,3.55,50.0,0.92
2348.00,1474.14,1542.26,343.94,2.500,3.55,50.0,0.93
2349.00,1473.45,1544.66,343.96,2.500,3.48,50.0,0.94
2350.00,1472.76,1547.07,343.97,2.500,3.48,50.0,0.94
2351.00,1472.07,1549.47,343.99,2.500,3.48,50.0,0.95
2352.00,1471.38,1551.87,344.00,2.500,3.40,50.0,0.96
2353.00,1470.69,1554.28,344.02,2.500,3.40,50.0,0.97
2354.00,1470.00,1556.68,344.04,2.500,3.40,50.0,0.97
2355.00,1469.31,1559.08,344.05,2.500,3.32,50.0,0.98
2356.00,1468.63,1561.49,344.07,2.500,3.32,50.0,0.98
2357.00,1467.94,1563.89,344.09,2.500,3.32,50.0,0.99
2358.00,1467.25,1566.30,344.10,2.500,3.24,50.0,0.99
2359.00,1466.57,1568.70,344.12,2.500,3.24,50.0,1.00
2360.00,1465.88,1571.10,344.13,2.500,3.24,50.0,1.00
2361.00,1465.20,1573.51,344.15,2.500,3.15,50.0,1.00
2362.00,1464.52,1575.91,344.17,2.500,3.15,50.0,1.01
2363.00,1463.84,1578.32,344.19,2.500,3.15,50.0,1.01
2364.00,1463.15,1580.72,344.20,2.500,3.07,50.0,1.01
2365.00,1462.47,1583.13,344.22,2.500,3.07,50.0,1.01
2366.00,1461.79,1585.54,344.24,2.500,3.07,50.0,1.01
2367.00,1461.12,1587.94,344.25,2.500,2.98,50.0,1.01
2368.00,1460.44,1590.35,344.27,2.500,2.98,50.0,1.01
2369.00,1459.76,1592.75,344.29,2.500,2.98,50.0,1.01
2370.00,1459.08,1595.16,344.30,2.500,2.89,50.0,1.01
2371.00,1458.41,1597.57,344.32,2.500,2.89,50.0,1.01
2372.00,1457.73,1599.97,344.34,2.500,2.89,50.0,1.01
2373.00,1457.05,1602.38,344.35,2.500,2.80,50.0,1.01
2374.00,1456.38,1604.79,344.37,2.500,2.80,50.0,1.01
2375.00,1455.71,1607.20,344.39,2.500,2.80,50.0,1.01
2376.00,1455.03,1609.60,344.40,2.500,2.71,50.0,1.00
2377.00,1454.36,1612.01,344.42,2.500,2.71,50.0,1.00
2378.00,1453.69,1614.42,344.44,2.500,2.71,50.0,1.00
2379.00,1453.02,1616.83,344.45,2.500,2.63,50.0,1.00
2380.00,1452.35,1619.24,344.47,2.500,2.63,50.0,0.99
2381.00,1451.68,1621.65,344.49,2.500,2.63,50.0,0.99
2382.00,1451.01,1624.06,344.50,2.500,2.54,50.0,0.99
2383.00,1450.34,1626.46,344.52,2.500,2.54,50.0,0.98
2384.00,1449.68,1628.87,344.54,2.500,2.54,50.0,0.98
2385.00,1449.01,1631.28,344.55,2.500,2.45,50.0,0.97
2386.00,1448.34,1633.69,344.57,2.500,2.45,50.0,0.97
2387.00,1447.68,1636.10,344.58,2.500,2.45,50.0,0.96
2388.00,1447.01,1638.51,344.60,2.500,2.37,50.0,0.96
2389.00,1446.35,1640.92,344.62,2.500,2.37,50.0,0.95
2390.00,1445.69,1643.33,344.63,2.500,2.37,50.0,0.95
2391.00,1445.02,1645.74,344.65,2.500,2.29,50.0,0.94
2392.00,1444.36,1648.15,344.66,2.500,2.29,50.0,0.94
2393.00,1443.70,1650.57,344.68,2.500,2.29,50.0,0.93
2394.00,1443.04,1652.98,344.69,2.500,2.21,50.0,0.93
2395.00,1442.38,1655.39,344.71,2.500,2.21,50.0,0.92
2396.00,1441.72,1657.80,344.73,2.500,2.21,50.0,0.92
2397.00,1441.06,1660.21,344.74,2.500,2.14,50.0,0.91
2398.00,1440.41,1662.62,344.76,2.500,2.14,50.0,0.91
2399.00,1439.75,1665.04,344.77,2.500,2.14,50.0,0.90
2400.00,1439.09,1667.45,344.79,2.500,2.06,50.0,0.89
2401.00,1438.44,1669.86,344.80,2.500,2.06,50.0,0.89
2402.00,1437.78,1672.27,344.82,2.500,2.06,50.0,0.88
2403.00,1437.13,1674.69,344.83,2.500,1.99,50.0,0.87
2404.00,1436.47,1677.10,344.84,2.500,1.99,50.0,0.87
2405.00,1435.82,1679.51,344.86,2.500,1.99,50.0,0.86
2406.00,1435.16,1681.92,344.87,2.500,1.92,50.0,0.85
2407.00,1434.51,1684.34,344.89,2.500,1.92,50.0,0.85
2408.00,1433.86,1686.75,344.90,2.500,1.92,50.0,0.84
2409.00,1433.21,1689.17,344.91,2.500,1.85,50.0,0.83
2410.00,1432.56,1691.58,344.93,2.500,1.85,50.0,0.83
2411.00,1431.91,1693.99,344.94,2.500,1.85,50.0,0.82
2412.00,1431.26,1696.41,344.96,2.500,1.79,50.0,0.81
2413.00,1430.61,1698.82,344.97,2.500,1.79,50.0,0.81
2414.00,1429.96,1701.24,344.98,2.500,1.79,50.0,0.80
2415.00,1429.31,1703.65,345.00,2.500,1.73,50.0,0.79
2416.00,1428.67,1706.07,345.01,2.500,1.73,50.0,0.79
2417.00,1428.02,1708.48,345.02,2.500,1.73,50.0,0.78
2418.00,1427.37,1710.90,345.04,2.500,1.67,50.0,0.77
2419.00,1426.73,1713.31,345.05,2.500,1.67,50.0,0.77
2420.00,1426.08,1715.73,345.06,2.500,1.67,50.0,0.76
2421.00,1425.44,1718.14,345.07,2.500,1.62,50.0,0.75
2422.00,1424.79,1720.56,345.09,2.500,1.62,50.0,0.75
2423.00,1424.15,1722.97,345.10,2.500,1.62,50.0,0.74
2424.00,1423.51,1725.39,345.11,2.500,1.56,50.0,0.73
2425.00,1422.87,1727.80,345.12,2.500,1.56,50.0,0.73
2426.00,1422.22,1730.22,345.13,2.500,1.56,50.0,0.72
2427.00,1421.58,1732.64,345.15,2.500,1.52,50.0,0.71
2428.00,1420.94,1735.05,345.16,2.500,1.52,50.0,0.71
2429.00,1420.30,1737.47,345.17,2.500,1.52,50.0,0.70
2430.00,1419.66,1739.89,345.18,2.500,1.47,50.0,0.70
2431.00,1419.02,1742.30,345.19,2.500,1.47,50.0,0.69
2432.00,1418.38,1744.72,345.20,2.500,1.47,50.0,0.68
2433.00,1417.74,1747.14,345.22,2.500,1.42,50.0,0.68
2434.00,1417.11,1749.56,345.23,2.500,1.42,50.0,0.67
2435.00,1416.47,1751.97,345.24,2.500,1.42,50.0,0.66
2436.00,1415.83,1754.39,345.25,2.500,1.38,50.0,0.66
2437.00,1415.20,1756.81,345.26,2.500,1.38,50.0,0.65
2438.00,1414.56,1759.23,345.27,2.500,1.38,50.0,0.65
2439.00,1413.92,1761.64,345.28,2.500,1.34,50.0,0.64
2440.00,1413.29,1764.06,345.29,2.500,1.34,50.0,0.63
2441.00,1412.65,1766.48,345.30,2.500,1.34,50.0,0.63
2442.00,1412.02,1768.90,345.31,2.500,1.31,50.0,0.62
2443.00,1411.39,1771.32,345.32,2.500,1.31,50.0,0.62
2444.00,1410.75,1773.73,345.33,2.500,1.31,50.0,0.61
2445.00,1410.12,1776.15,345.34,2.500,1.27,50.0,0.60
2446.00,1409.49,1778.57,345.35,2.500,1.27,50.0,0.60
2447.00,1408.85,1780.99,345.36,2.500,1.27,50.0,0.59
2448.00,1408.22,1783.41,345.37,2.500,1.27,50.0,0.59
2449.00,1407.59,1785.83,345.38,2.500,1.27,50.0,0.58
2450.00,1406.96,1788.25,345.39,2.500,1.27,50.0,0.58
2451.00,1406.33,1790.67,345.40,2.500,1.27,50.0,0.57
2452.00,1405.70,1793.09,345.41,2.500,1.27,50.0,0.57
2453.00,1405.07,1795.50,345.42,2.500,1.27,50.0,0.56
2454.00,1404.44,1797.92,345.43,2.500,1.27,50.0,0.56
2455.00,1403.81,1800.34,345.44,2.500,1.27,50.0,0.56
2456.00,1403.18,1802.76,345.45,2.500,1.27,50.0,0.55
2457.00,1402.56,1805.18,345.46,2.500,1.27,50.0,0.55
2458.00,1401.93,1807.60,345.47,2.500,1.27,50.0,0.54
2459.00,1401.30,1810.02,345.48,2.500,1.27,50.0,0.54
2460.00,1400.67,1812.45,345.49,2.510,6.27,60.0,0.60
2461.00,1400.04,1814.89,345.50,2.520,6.27,60.0,0.65
2462.00,1399.41,1817.34,345.51,2.529,6.27,60.0,0.70
2463.00,1398.77,1819.80,345.52,2.539,6.27,60.0,0.75
2464.00,1398.13,1822.27,345.53,2.548,6.27,60.0,0.79
2465.00,1397.49,1824.74,345.55,2.557,6.27,60.0,0.84
2466.00,1396.85,1827.23,345.56,2.566,6.27,60.0,0.88
2467.00,1396.21,1829.72,345.58,2.575,6.27,60.0,0.92
2468.00,1395.57,1832.22,345.59,2.583,6.27,60.0,0.96
2469.00,1394.92,1834.73,345.61,2.591,6.27,60.0,1.00
2470.00,1394.28,1837.25,345.63,2.600,6.27,60.0,1.04
2471.00,1393.63,1839.79,345.65,2.618,11.27,70.0,1.14
2472.00,1392.97,1842.34,345.67,2.635,11.27,70.0,1.23
2473.00,1392.32,1844.91,345.69,2.653,11.27,70.0,1.32
2474.00,1391.66,1847.50,345.71,2.670,11.27,70.0,1.40
2475.00,1391.00,1850.10,345.74,2.686,11.27,70.0,1.48
2476.00,1390.33,1852.72,345.76,2.702,11.27,70.0,1.56
2477.00,1389.66,1855.35,345.79,2.718,11.27,70.0,1.64
2478.00,1388.99,1858.00,345.82,2.734,11.27,70.0,1.71
2479.00,1388.32,1860.67,345.85,2.749,11.27,70.0,1.78
2480.00,1387.64,1863.35,345.88,2.764,11.27,70.0,1.85
2481.00,1386.96,1866.04,345.91,2.779,11.27,70.0,1.92
2482.00,1386.28,1868.75,345.94,2.793,11.27,70.0,1.99
2483.00,1385.60,1871.48,345.98,2.808,15.00,70.0,2.09
2484.00,1384.92,1874.21,346.02,2.821,15.00,70.0,2.19
2485.00,1384.23,1876.97,346.05,2.835,15.00,70.0,2.29
2486.00,1383.55,1879.73,346.09,2.848,15.00,70.0,2.39
2487.00,1382.86,1882.51,346.14,2.861,15.00,70.0,2.48
2488.00,1382.17,1885.30,346.18,2.874,15.00,70.0,2.57
2489.00,1381.48,1888.10,346.22,2.887,15.00,70.0,2.65
2490.00,1380.79,1890.92,346.27,2.899,15.00,70.0,2.74
2491.00,1380.10,1893.74,346.31,2.911,15.00,70.0,2.82
2492.00,1379.41,1896.58,346.36,2.923,15.00,70.0,2.89
2493.00,1378.72,1899.44,346.41,2.934,15.00,70.0,2.97
2494.00,1378.02,1902.30,346.46,2.946,15.00,70.0,3.04
2495.00,1377.33,1905.16,346.51,2.947,10.00,60.0,3.05
2496.00,1376.65,1908.03,346.57,2.948,10.00,60.0,3.07
2497.00,1375.96,1910.90,346.62,2.949,10.00,60.0,3.08
2498.00,1375.28,1913.77,346.67,2.950,10.00,60.0,3.09
2499.00,1374.60,1916.64,346.72,2.951,10.00,60.0,3.10
2500.00,1373.92,1919.51,346.77,2.952,10.00,60.0,3.11
2501.00,1373.24,1922.39,346.82,2.953,10.00,60.0,3.12
2502.00,1372.57,1925.26,346.88,2.954,10.00,60.0,3.13
2503.00,1371.90,1928.14,346.93,2.955,10.00,60.0,3.14
2504.00,1371.23,1931.02,346.98,2.956,10.00,60.0,3.15
2505.00,1370.57,1933.89,347.03,2.946,5.00,50.0,3.10
2506.00,1369.91,1936.75,347.08,2.937,5.00,50.0,3.06
2507.00,1369.25,1939.61,347.13,2.929,5.00,50.0,3.01
2508.00,1368.60,1942.45,347.18,2.920,5.00,50.0,2.97
2509.00,1367.96,1945.29,347.23,2.912,5.00,50.0,2.93
2510.00,1367.32,1948.12,347.28,2.904,5.00,50.0,2.89
2511.00,1366.68,1950.95,347.33,2.895,5.00,50.0,2.85
2512.00,1366.04,1953.77,347.37,2.888,5.00,50.0,2.81
2513.00,1365.42,1956.58,347.42,2.880,5.00,50.0,2.77
2514.00,1364.79,1959.38,347.47,2.872,5.00,50.0,2.74
2515.00,1364.17,1962.18,347.51,2.865,5.00,50.0,2.70
2516.00,1363.55,1964.97,347.56,2.857,0.00,50.0,2.61
2517.00,1362.94,1967.75,347.60,2.850,0.00,50.0,2.53
2518.00,1362.33,1970.53,347.64,2.843,0.00,50.0,2.44
2519.00,1361.72,1973.30,347.68,2.836,0.00,50.0,2.36
2520.00,1361.11,1976.06,347.72,2.830,0.00,50.0,2.28
2521.00,1360.51,1978.82,347.75,2.823,0.00,50.0,2.21
2522.00,1359.92,1981.57,347.79,2.817,0.00,50.0,2.13
2523.00,1359.32,1984.32,347.82,2.810,0.00,50.0,2.06
2524.00,1358.73,1987.06,347.86,2.804,0.00,50.0,1.99
2525.00,1358.14,1989.80,347.89,2.798,0.00,50.0,1.93
2526.00,1357.56,1992.53,347.92,2.792,0.00,50.0,1.86
2527.00,1356.97,1995.25,347.95,2.786,0.00,50.0,1.80
2528.00,1356.39,1997.97,347.98,2.781,0.00,50.0,1.74
2529.00,1355.81,2000.68,348.01,2.775,0.00,50.0,1.68
2530.00,1355.24,2003.39,348.03,2.769,0.00,50.0,1.63
2531.00,1354.67,2006.10,348.06,2.764,0.00,50.0,1.57
2532.00,1354.09,2008.79,348.08,2.759,0.00,50.0,1.52
2533.00,1353.53,2011.49,348.11,2.754,0.00,50.0,1.47
2534.00,1352.96,2014.18,348.13,2.748,0.00,50.0,1.42
2535.00,1352.40,2016.86,348.16,2.744,0.00,50.0,1.37
2536.00,1351.83,2019.54,348.18,2.739,0.00,50.0,1.33
2537.00,1351.27,2022.22,348.20,2.734,0.00,50.0,1.28
2538.00,1350.71,2024.89,348.22,2.729,0.00,50.0,1.24
2539.00,1350.16,2027.56,348.24,2.725,0.00,50.0,1.20
2540.00,1349.60,2030.22,348.26,2.720,0.00,50.0,1.16
2541.00,1349.05,2032.88,348.28,2.716,0.00,50.0,1.12
2542.00,1348.50,2035.54,348.30,2.711,0.00,50.0,1.08
2543.00,1347.95,2038.19,348.31,2.707,0.00,50.0,1.05
2544.00,1347.40,2040.83,348.33,2.703,0.00,50.0,1.01
2545.00,1346.86,2043.48,348.35,2.699,0.00,50.0,0.98
2546.00,1346.31,2046.12,348.36,2.695,0.00,50.0,0.95
2547.00,1345.77,2048.75,348.38,2.691,0.00,50.0,0.91
2548.00,1345.23,2051.38,348.39,2.687,0.00,50.0,0.88
2549.00,1344.69,2054.01,348.41,2.684,0.00,50.0,0.85
2550.00,1344.15,2056.64,348.42,2.680,0.00,50.0,0.83
2551.00,1343.61,2059.26,348.43,2.676,0.00,50.0,0.80
2552.00,1343.08,2061.88,348.45,2.673,0.00,50.0,0.77
2553.00,1342.54,2064.50,348.46,2.679,5.00,60.0,0.80
2554.00,1342.00,2067.13,348.47,2.686,5.00,60.0,0.83
2555.00,1341.47,2069.77,348.49,2.692,5.00,60.0,0.86
2556.00,1340.93,2072.42,348.50,2.698,5.00,60.0,0.89
2557.00,1340.39,2075.07,348.52,2.704,5.00,60.0,0.92
2558.00,1339.85,2077.72,348.53,2.710,5.00,60.0,0.95
2559.00,1339.31,2080.38,348.55,2.716,5.00,60.0,0.97
2560.00,1338.77,2083.05,348.57,2.722,5.00,60.0,1.00
2561.00,1338.23,2085.72,348.58,2.727,5.00,60.0,1.02
2562.00,1337.69,2088.40,348.60,2.733,5.00,60.0,1.04
2563.00,1337.15,2091.09,348.62,2.738,5.00,60.0,1.07
2564.00,1336.60,2093.78,348.64,2.743,5.00,60.0,1.09
2565.00,1336.06,2096.48,348.66,2.758,10.00,70.0,1.16
2566.00,1335.52,2099.20,348.68,2.773,10.00,70.0,1.24
2567.00,1334.97,2101.93,348.70,2.788,10.00,70.0,1.31
2568.00,1334.42,2104.68,348.72,2.802,10.00,70.0,1.38
2569.00,1333.87,2107.44,348.75,2.816,10.00,70.0,1.45
2570.00,1333.32,2110.22,348.77,2.830,10.00,70.0,1.52
2571.00,1332.76,2113.00,348.80,2.843,10.00,70.0,1.58
2572.00,1332.21,2115.81,348.82,2.856,10.00,70.0,1.64
2573.00,1331.65,2118.62,348.85,2.869,10.00,70.0,1.70
2574.00,1331.09,2121.45,348.88,2.882,10.00,70.0,1.76
2575.00,1330.54,2124.29,348.91,2.894,10.00,70.0,1.82
2576.00,1329.98,2127.14,348.94,2.906,15.00,70.0,1.93
2577.00,1329.42,2130.00,348.98,2.918,15.00,70.0,2.03
2578.00,1328.86,2132.88,349.01,2.930,15.00,70.0,2.14
2579.00,1328.30,2135.77,349.05,2.941,15.00,70.0,2.24
2580.00,1327.74,2138.66,349.09,2.952,15.00,70.0,2.33
2581.00,1327.18,2141.57,349.13,2.963,15.00,70.0,2.43
2582.00,1326.62,2144.49,349.17,2.974,15.00,70.0,2.52
2583.00,1326.06,2147.43,349.22,2.984,15.00,70.0,2.61
2584.00,1325.49,2150.37,349.26,2.995,15.00,70.0,2.69
2585.00,1324.93,2153.32,349.31,3.005,15.00,70.0,2.77
2586.00,1324.38,2156.28,349.36,3.015,15.00,70.0,2.85
2587.00,1323.82,2159.26,349.40,3.024,15.00,70.0,2.93
2588.00,1323.26,2162.23,349.45,3.024,10.00,60.0,2.94
2589.00,1322.71,2165.20,349.50,3.023,10.00,60.0,2.96
2590.00,1322.16,2168.17,349.55,3.023,10.00,60.0,2.98
2591.00,1321.61,2171.14,349.60,3.023,10.00,60.0,2.99
2592.00,1321.06,2174.12,349.65,3.022,10.00,60.0,3.01
2593.00,1320.52,2177.09,349.70,3.022,10.00,60.0,3.02
2594.00,1319.98,2180.06,349.75,3.021,10.00,60.0,3.03
2595.00,1319.44,2183.04,349.80,3.021,10.00,60.0,3.05
2596.00,1318.91,2186.01,349.85,3.020,10.00,60.0,3.06
2597.00,1318.38,2188.98,349.91,3.020,10.00,60.0,3.07
2598.00,1317.85,2191.95,349.96,3.020,10.00,60.0,3.08
2599.00,1317.32,2194.92,350.01,3.009,5.00,50.0,3.04
2600.00,1316.80,2197.87,350.06,2.999,5.00,50.0,2.99
2601.00,1316.29,2200.81,350.11,2.989,5.00,50.0,2.95
2602.00,1315.77,2203.75,350.16,2.979,5.00,50.0,2.91
2603.00,1315.27,2206.67,350.20,2.970,5.00,50.0,2.87
2604.00,1314.76,2209.59,350.25,2.960,5.00,50.0,2.83
2605.00,1314.26,2212.50,350.30,2.951,5.00,50.0,2.79
2606.00,1313.77,2215.40,350.34,2.942,5.00,50.0,2.76
2607.00,1313.27,2218.29,350.39,2.933,5.00,50.0,2.72
2608.00,1312.79,2221.18,350.43,2.925,5.00,50.0,2.69
2609.00,1312.30,2224.05,350.48,2.916,5.00,50.0,2.66
2610.00,1311.82,2226.92,350.52,2.908,0.00,50.0,2.57
2611.00,1311.34,2229.78,350.56,2.900,0.00,50.0,2.48
2612.00,1310.87,2232.63,350.60,2.892,0.00,50.0,2.40
2613.00,1310.40,2235.48,350.64,2.884,0.00,50.0,2.32
2614.00,1309.93,2238.31,350.68,2.876,0.00,50.0,2.24
2615.00,1309.47,2241.14,350.71,2.869,0.00,50.0,2.17
2616.00,1309.00,2243.97,350.75,2.861,0.00,50.0,2.10
2617.00,1308.55,2246.79,350.78,2.854,0.00,50.0,2.03
2618.00,1308.09,2249.60,350.82,2.847,0.00,50.0,1.96
2619.00,1307.64,2252.40,350.85,2.840,0.00,50.0,1.89
2620.00,1307.19,2255.20,350.88,2.833,0.00,50.0,1.83
2621.00,1306.74,2257.99,350.91,2.826,0.00,50.0,1.77
2622.00,1306.29,2260.77,350.94,2.820,0.00,50.0,1.71
2623.00,1305.85,2263.55,350.96,2.814,0.00,50.0,1.65
2624.00,1305.41,2266.32,350.99,2.807,0.00,50.0,1.60
2625.00,1304.97,2269.09,351.02,2.801,0.00,50.0,1.54
2626.00,1304.53,2271.85,351.04,2.795,0.00,50.0,1.49
2627.00,1304.10,2274.60,351.06,2.789,0.00,50.0,1.44
2628.00,1303.67,2277.35,351.09,2.783,0.00,50.0,1.40
2629.00,1303.23,2280.10,351.11,2.778,0.00,50.0,1.35
2630.00,1302.81,2282.84,351.13,2.772,0.00,50.0,1.30
2631.00,1302.38,2285.57,351.15,2.767,0.00,50.0,1.26
2632.00,1301.96,2288.30,351.17,2.761,0.00,50.0,1.22
2633.00,1301.53,2291.02,351.19,2.756,0.00,50.0,1.18
2634.00,1301.11,2293.74,351.21,2.751,0.00,50.0,1.14
2635.00,1300.69,2296.46,351.23,2.746,0.00,50.0,1.10
2636.00,1300.27,2299.16,351.25,2.741,0.00,50.0,1.06
2637.00,1299.86,2301.87,351.26,2.736,0.00,50.0,1.03
2638.00,1299.44,2304.57,351.28,2.732,0.00,50.0,0.99
2639.00,1299.03,2307.26,351.30,2.727,0.00,50.0,0.96
2640.00,1298.62,2309.96,351.31,2.722,0.00,50.0,0.93
2641.00,1298.21,2312.64,351.33,2.718,0.00,50.0,0.90
2642.00,1297.80,2315.32,351.34,2.714,0.00,50.0,0.87
2643.00,1297.39,2318.00,351.36,2.709,0.00,50.0,0.84
2644.00,1296.98,2320.68,351.37,2.705,0.00,50.0,0.81
2645.00,1296.58,2323.35,351.38,2.701,0.00,50.0,0.78
2646.00,1296.17,2326.01,351.40,2.697,0.00,50.0,0.76
2647.00,1295.77,2328.68,351.41,2.693,0.00,50.0,0.73
2648.00,1295.37,2331.34,351.42,2.689,0.00,50.0,0.71
2649.00,1294.97,2333.99,351.43,2.685,0.00,50.0,0.68
2650.00,1294.57,2336.64,351.44,2.682,0.00,50.0,0.66
2651.00,1294.17,2339.29,351.45,2.678,0.00,50.0,0.64
2652.00,1293.77,2341.94,351.46,2.675,0.00,50.0,0.62
2653.00,1293.38,2344.58,351.47,2.671,0.00,50.0,0.60
2654.00,1292.98,2347.22,351.48,2.668,0.00,50.0,0.58
2655.00,1292.59,2349.85,351.49,2.664,0.00,50.0,0.56
2656.00,1292.19,2352.48,351.50,2.661,0.00,50.0,0.54
2657.00,1291.80,2355.11,351.51,2.658,0.00,50.0,0.52
2658.00,1291.41,2357.74,351.52,2.655,0.00,50.0,0.50
2659.00,1291.02,2360.36,351.53,2.652,0.00,50.0,0.49
2660.00,1290.63,2362.98,351.53,2.648,0.00,50.0,0.47
2661.00,1290.24,2365.60,351.54,2.646,0.00,50.0,0.46
2662.00,1289.85,2368.21,351.55,2.643,0.00,50.0,0.44
2663.00,1289.46,2370.82,351.56,2.640,0.00,50.0,0.43
2664.00,1289.07,2373.43,351.56,2.637,0.00,50.0,0.41
2665.00,1288.69,2376.03,351.57,2.634,0.00,50.0,0.40
2666.00,1288.30,2378.64,351.58,2.632,0.00,50.0,0.38
2667.00,1287.92,2381.24,351.58,2.629,0.00,50.0,0.37
2668.00,1287.53,2383.84,351.59,2.626,0.00,50.0,0.36
2669.00,1287.15,2386.44,351.59,2.634,5.00,60.0,0.40
2670.00,1286.76,2389.05,351.60,2.641,5.00,60.0,0.45
2671.00,1286.37,2391.67,351.61,2.648,5.00,60.0,0.49
2672.00,1285.99,2394.30,351.62,2.655,5.00,60.0,0.53
2673.00,1285.60,2396.94,351.63,2.662,5.00,60.0,0.57
2674.00,1285.21,2399.58,351.64,2.669,5.00,60.0,0.61
2675.00,1284.82,2402.22,351.65,2.676,5.00,60.0,0.65
2676.00,1284.43,2404.88,351.66,2.682,5.00,60.0,0.68
2677.00,1284.04,2407.54,351.67,2.688,5.00,60.0,0.72
2678.00,1283.65,2410.20,351.69,2.695,5.00,60.0,0.75
2679.00,1283.26,2412.88,351.70,2.701,5.00,60.0,0.78
2680.00,1282.87,2415.55,351.71,2.707,5.00,60.0,0.81
2681.00,1282.48,2418.25,351.73,2.723,10.00,70.0,0.90
2682.00,1282.08,2420.96,351.74,2.738,10.00,70.0,0.98
2683.00,1281.69,2423.68,351.76,2.753,10.00,70.0,1.07
2684.00,1281.29,2426.42,351.78,2.768,10.00,70.0,1.14
2685.00,1280.89,2429.18,351.80,2.783,10.00,70.0,1.22
2686.00,1280.49,2431.95,351.82,2.797,10.00,70.0,1.29
2687.00,1280.09,2434.73,351.84,2.811,10.00,70.0,1.37
2688.00,1279.69,2437.52,351.87,2.825,10.00,70.0,1.43
2689.00,1279.29,2440.33,351.89,2.839,10.00,70.0,1.50
2690.00,1278.89,2443.16,351.92,2.852,10.00,70.0,1.56
2691.00,1278.49,2445.99,351.95,2.865,10.00,70.0,1.63
2692.00,1278.08,2448.83,351.97,2.868,5.00,60.0,1.63
2693.00,1277.68,2451.68,352.00,2.870,5.00,60.0,1.63
2694.00,1277.28,2454.52,352.03,2.873,5.00,60.0,1.64
2695.00,1276.89,2457.37,352.06,2.875,5.00,60.0,1.64
2696.00,1276.49,2460.22,352.08,2.878,5.00,60.0,1.64
2697.00,1276.09,2463.07,352.11,2.880,5.00,60.0,1.64
2698.00,1275.69,2465.93,352.14,2.883,5.00,60.0,1.65
2699.00,1275.30,2468.78,352.17,2.885,5.00,60.0,1.65
2700.00,1274.91,2471.64,352.19,2.887,5.00,60.0,1.65
2701.00,1274.51,2474.51,352.22,2.890,5.00,60.0,1.65
2702.00,1274.12,2477.37,352.25,2.892,5.00,60.0,1.65
2703.00,1273.73,2480.24,352.28,2.894,5.00,60.0,1.66
2704.00,1273.34,2483.11,352.30,2.896,5.00,60.0,1.66
2705.00,1272.96,2485.98,352.33,2.898,5.00,60.0,1.66
2706.00,1272.57,2488.85,352.36,2.890,0.00,50.0,1.60
2707.00,1272.19,2491.70,352.38,2.882,0.00,50.0,1.55
2708.00,1271.81,2494.55,352.41,2.875,0.00,50.0,1.50
2709.00,1271.43,2497.39,352.43,2.867,0.00,50.0,1.45
2710.00,1271.05,2500.23,352.46,2.860,0.00,50.0,1.40
2711.00,1270.68,2503.06,352.48,2.853,0.00,50.0,1.35
2712.00,1270.30,2505.88,352.50,2.846,0.00,50.0,1.31
2713.00,1269.93,2508.69,352.52,2.839,0.00,50.0,1.27
2714.00,1269.56,2511.50,352.54,2.832,0.00,50.0,1.22
2715.00,1269.20,2514.30,352.56,2.825,0.00,50.0,1.18
2716.00,1268.83,2517.10,352.58,2.819,0.00,50.0,1.14
2717.00,1268.47,2519.89,352.60,2.812,0.00,50.0,1.11
2718.00,1268.11,2522.67,352.62,2.806,0.00,50.0,1.07
2719.00,1267.75,2525.45,352.63,2.800,0.00,50.0,1.03
2720.00,1267.39,2528.22,352.65,2.794,0.00,50.0,1.00
2721.00,1267.03,2530.98,352.67,2.788,0.00,50.0,0.96
2722.00,1266.68,2533.74,352.68,2.782,0.00,50.0,0.93
2723.00,1266.32,2536.50,352.70,2.777,0.00,50.0,0.90
2724.00,1265.97,2539.24,352.71,2.771,0.00,50.0,0.87
2725.00,1265.62,2541.99,352.73,2.766,0.00,50.0,0.84
2726.00,1265.27,2544.73,352.74,2.760,0.00,50.0,0.81
2727.00,1264.92,2547.46,352.75,2.755,0.00,50.0,0.79
2728.00,1264.58,2550.19,352.77,2.750,0.00,50.0,0.76
2729.00,1264.23,2552.91,352.78,2.745,0.00,50.0,0.74
2730.00,1263.89,2555.63,352.79,2.740,0.00,50.0,0.71
2731.00,1263.54,2558.34,352.80,2.735,0.00,50.0,0.69
2732.00,1263.20,2561.05,352.81,2.731,0.00,50.0,0.66
2733.00,1262.86,2563.76,352.82,2.726,0.00,50.0,0.64
2734.00,1262.52,2566.46,352.83,2.722,0.00,50.0,0.62
2735.00,1262.18,2569.15,352.84,2.717,0.00,50.0,0.60
2736.00,1261.84,2571.85,352.85,2.713,0.00,50.0,0.58
2737.00,1261.51,2574.53,352.86,2.709,0.00,50.0,0.56
2738.00,1261.17,2577.22,352.87,2.704,0.00,50.0,0.54
2739.00,1260.83,2579.90,352.88,2.700,0.00,50.0,0.52
2740.00,1260.50,2582.57,352.89,2.696,0.00,50.0,0.51
2741.00,1260.17,2585.24,352.90,2.692,0.00,50.0,0.49
2742.00,1259.83,2587.91,352.90,2.689,0.00,50.0,0.47
2743.00,1259.50,2590.58,352.91,2.685,0.00,50.0,0.46
2744.00,1259.17,2593.24,352.92,2.681,0.00,50.0,0.44
2745.00,1258.84,2595.89,352.93,2.677,0.00,50.0,0.43
2746.00,1258.51,2598.55,352.93,2.674,0.00,50.0,0.41
2747.00,1258.18,2601.20,352.94,2.670,0.00,50.0,0.40
2748.00,1257.86,2603.84,352.95,2.667,0.00,50.0,0.39
2749.00,1257.53,2606.49,352.95,2.664,0.00,50.0,0.37
2750.00,1257.20,2609.13,352.96,2.660,0.00,50.0,0.36
2751.00,1256.88,2611.76,352.96,2.657,0.00,50.0,0.35
2752.00,1256.55,2614.40,352.97,2.654,0.00,50.0,0.34
2753.00,1256.23,2617.03,352.98,2.651,0.00,50.0,0.33
2754.00,1255.90,2619.66,352.98,2.648,0.00,50.0,0.32
2755.00,1255.58,2622.28,352.99,2.645,0.00,50.0,0.30
2756.00,1255.26,2624.90,352.99,2.642,0.00,50.0,0.29
2757.00,1254.94,2627.52,353.00,2.639,0.00,50.0,0.28
2758.00,1254.61,2630.14,353.00,2.636,0.00,50.0,0.28
2759.00,1254.29,2632.76,353.00,2.634,0.00,50.0,0.27
2760.00,1253.97,2635.37,353.01,2.631,0.00,50.0,0.26
2761.00,1253.65,2637.98,353.01,2.628,0.00,50.0,0.25
2762.00,1253.33,2640.58,353.02,2.626,0.00,50.0,0.24
2763.00,1253.01,2643.19,353.02,2.623,0.00,50.0,0.23
2764.00,1252.70,2645.79,353.02,2.621,0.00,50.0,0.22
2765.00,1252.38,2648.39,353.03,2.618,0.00,50.0,0.22
2766.00,1252.06,2650.98,353.03,2.616,0.00,50.0,0.21
2767.00,1251.74,2653.58,353.04,2.614,0.00,50.0,0.20
2768.00,1251.43,2656.17,353.04,2.611,0.00,50.0,0.20
2769.00,1251.11,2658.76,353.04,2.609,0.00,50.0,0.19
2770.00,1250.79,2661.35,353.04,2.607,0.00,50.0,0.18
2771.00,1250.48,2663.93,353.05,2.605,0.00,50.0,0.18
2772.00,1250.16,2666.52,353.05,2.603,0.00,50.0,0.17
2773.00,1249.85,2669.10,353.05,2.601,0.00,50.0,0.17
2774.00,1249.54,2671.68,353.06,2.599,0.00,50.0,0.16
2775.00,1249.22,2674.26,353.06,2.597,0.00,50.0,0.15
2776.00,1248.91,2676.83,353.06,2.595,0.00,50.0,0.15
2777.00,1248.59,2679.41,353.06,2.593,0.00,50.0,0.14
2778.00,1248.28,2681.99,353.07,2.601,5.00,60.0,0.20
2779.00,1247.97,2684.58,353.07,2.609,5.00,60.0,0.25
2780.00,1247.65,2687.18,353.08,2.617,5.00,60.0,0.30
2781.00,1247.33,2689.78,353.08,2.625,5.00,60.0,0.34
2782.00,1247.02,2692.39,353.09,2.632,5.00,60.0,0.39
2783.00,1246.70,2695.01,353.10,2.639,5.00,60.0,0.43
2784.00,1246.38,2697.64,353.10,2.647,5.00,60.0,0.48
2785.00,1246.06,2700.28,353.11,2.654,5.00,60.0,0.52
2786.00,1245.74,2702.92,353.12,2.661,5.00,60.0,0.56
2787.00,1245.42,2705.58,353.13,2.677,10.00,70.0,0.65
2788.00,1245.10,2708.25,353.14,2.694,10.00,70.0,0.75
2789.00,1244.78,2710.94,353.16,2.710,10.00,70.0,0.83
2790.00,1244.45,2713.65,353.17,2.726,10.00,70.0,0.92
2791.00,1244.13,2716.37,353.19,2.741,10.00,70.0,1.01
2792.00,1243.80,2719.11,353.21,2.756,10.00,70.0,1.09
2793.00,1243.47,2721.86,353.23,2.771,10.00,70.0,1.16
2794.00,1243.14,2724.62,353.25,2.786,10.00,70.0,1.24
2795.00,1242.81,2727.41,353.27,2.800,10.00,70.0,1.31
2796.00,1242.48,2730.20,353.29,2.814,10.00,70.0,1.38
2797.00,1242.15,2733.01,353.32,2.828,10.00,70.0,1.45
2798.00,1241.82,2735.82,353.34,2.831,5.00,60.0,1.46
2799.00,1241.50,2738.64,353.37,2.835,5.00,60.0,1.47
2800.00,1241.17,2741.46,353.39,2.838,5.00,60.0,1.48
2801.00,1240.84,2744.28,353.42,2.841,5.00,60.0,1.48
2802.00,1240.51,2747.10,353.44,2.844,5.00,60.0,1.49
2803.00,1240.19,2749.93,353.47,2.848,5.00,60.0,1.50
2804.00,1239.86,2752.76,353.49,2.851,5.00,60.0,1.51
2805.00,1239.54,2755.60,353.52,2.854,5.00,60.0,1.51
2806.00,1239.22,2758.44,353.54,2.857,5.00,60.0,1.52
2807.00,1238.90,2761.28,353.57,2.859,5.00,60.0,1.53
2808.00,1238.58,2764.11,353.59,2.852,0.00,50.0,1.48
2809.00,1238.26,2766.94,353.62,2.845,0.00,50.0,1.43
2810.00,1237.94,2769.76,353.64,2.838,0.00,50.0,1.38
2811.00,1237.63,2772.58,353.66,2.831,0.00,50.0,1.33
2812.00,1237.32,2775.38,353.68,2.825,0.00,50.0,1.29
2813.00,1237.01,2778.18,353.70,2.818,0.00,50.0,1.25
2814.00,1236.70,2780.98,353.72,2.812,0.00,50.0,1.20
2815.00,1236.39,2783.77,353.74,2.806,0.00,50.0,1.16
2816.00,1236.09,2786.55,353.76,2.800,0.00,50.0,1.13
2817.00,1235.78,2789.33,353.78,2.794,0.00,50.0,1.09
2818.00,1235.48,2792.10,353.80,2.788,0.00,50.0,1.05
2819.00,1235.18,2794.87,353.81,2.782,0.00,50.0,1.02
2820.00,1234.88,2797.63,353.83,2.776,0.00,50.0,0.98
2821.00,1234.58,2800.38,353.85,2.771,0.00,50.0,0.95
2822.00,1234.29,2803.13,353.86,2.765,0.00,50.0,0.92
2823.00,1233.99,2805.87,353.88,2.760,0.00,50.0,0.89
2824.00,1233.70,2808.61,353.89,2.755,0.00,50.0,0.86
2825.00,1233.41,2811.35,353.90,2.750,0.00,50.0,0.83
2826.00,1233.11,2814.08,353.92,2.745,0.00,50.0,0.80
2827.00,1232.82,2816.80,353.93,2.740,0.00,50.0,0.78
2828.00,1232.53,2819.52,353.94,2.735,0.00,50.0,0.75
2829.00,1232.25,2822.24,353.95,2.730,0.00,50.0,0.72
2830.00,1231.96,2824.95,353.97,2.726,0.00,50.0,0.70
2831.00,1231.67,2827.65,353.98,2.721,0.00,50.0,0.68
2832.00,1231.39,2830.36,353.99,2.717,0.00,50.0,0.65
2833.00,1231.10,2833.05,354.00,2.713,0.00,50.0,0.63
2834.00,1230.82,2835.75,354.01,2.708,0.00,50.0,0.61
2835.00,1230.54,2838.44,354.02,2.704,0.00,50.0,0.59
2836.00,1230.26,2841.12,354.03,2.700,0.00,50.0,0.57
2837.00,1229.98,2843.80,354.04,2.696,0.00,50.0,0.55
2838.00,1229.70,2846.48,354.05,2.692,0.00,50.0,0.53
2839.00,1229.42,2849.15,354.06,2.688,0.00,50.0,0.52
2840.00,1229.14,2851.82,354.06,2.685,0.00,50.0,0.50
2841.00,1228.86,2854.49,354.07,2.681,0.00,50.0,0.48
2842.00,1228.59,2857.15,354.08,2.677,0.00,50.0,0.47
2843.00,1228.31,2859.81,354.09,2.674,0.00,50.0,0.45
2844.00,1228.04,2862.47,354.09,2.670,0.00,50.0,0.44
2845.00,1227.76,2865.12,354.10,2.667,0.00,50.0,0.42
2846.00,1227.49,2867.77,354.11,2.663,0.00,50.0,0.41
2847.00,1227.22,2870.42,354.11,2.660,0.00,50.0,0.39
2848.00,1226.94,2873.06,354.12,2.657,0.00,50.0,0.38
2849.00,1226.67,2875.70,354.13,2.654,0.00,50.0,0.37
2850.00,1226.40,2878.34,354.13,2.651,0.00,50.0,0.36
2851.00,1226.13,2880.97,354.14,2.648,0.00,50.0,0.34
2852.00,1225.86,2883.60,354.14,2.645,0.00,50.0,0.33
2853.00,1225.59,2886.23,354.15,2.642,0.00,50.0,0.32
2854.00,1225.32,2888.85,354.15,2.639,0.00,50.0,0.31
2855.00,1225.05,2891.48,354.16,2.636,0.00,50.0,0.30
2856.00,1224.78,2894.10,354.16,2.634,0.00,50.0,0.29
2857.00,1224.52,2896.71,354.17,2.631,0.00,50.0,0.28
2858.00,1224.25,2899.33,354.17,2.628,0.00,50.0,0.27
2859.00,1223.98,2901.94,354.18,2.626,0.00,50.0,0.26
2860.00,1223.72,2904.55,354.18,2.623,0.00,50.0,0.25
2861.00,1223.45,2907.16,354.19,2.621,0.00,50.0,0.24
2862.00,1223.19,2909.76,354.19,2.618,0.00,50.0,0.24
2863.00,1222.92,2912.37,354.19,2.616,0.00,50.0,0.23
2864.00,1222.66,2914.97,354.20,2.614,0.00,50.0,0.22
2865.00,1222.39,2917.56,354.20,2.611,0.00,50.0,0.21
2866.00,1222.13,2920.16,354.20,2.609,0.00,50.0,0.21
2867.00,1221.87,2922.75,354.21,2.607,0.00,50.0,0.20
2868.00,1221.60,2925.34,354.21,2.605,0.00,50.0,0.19
2869.00,1221.34,2927.93,354.21,2.603,0.00,50.0,0.19
2870.00,1221.08,2930.52,354.22,2.601,0.00,50.0,0.18
2871.00,1220.82,2933.11,354.22,2.599,0.00,50.0,0.17
2872.00,1220.56,2935.69,354.22,2.597,0.00,50.0,0.17
2873.00,1220.29,2938.27,354.23,2.595,0.00,50.0,0.16
2874.00,1220.03,2940.85,354.23,2.593,0.00,50.0,0.16
2875.00,1219.77,2943.43,354.23,2.591,0.00,50.0,0.15
2876.00,1219.51,2946.00,354.23,2.589,0.00,50.0,0.15
2877.00,1219.25,2948.58,354.24,2.587,0.00,50.0,0.14
2878.00,1218.99,2951.15,354.24,2.586,0.00,50.0,0.14
2879.00,1218.73,2953.72,354.24,2.584,0.00,50.0,0.13
2880.00,1218.47,2956.29,354.24,2.582,0.00,50.0,0.13
2881.00,1218.22,2958.86,354.24,2.581,0.00,50.0,0.12
2882.00,1217.96,2961.43,354.25,2.579,0.00,50.0,0.12
2883.00,1217.70,2963.99,354.25,2.577,0.00,50.0,0.12
2884.00,1217.44,2966.55,354.25,2.576,0.00,50.0,0.11
2885.00,1217.18,2969.11,354.25,2.574,0.00,50.0,0.11
2886.00,1216.92,2971.67,354.25,2.573,0.00,50.0,0.10
2887.00,1216.67,2974.23,354.26,2.571,0.00,50.0,0.10
2888.00,1216.41,2976.79,354.26,2.570,0.00,50.0,0.10
2889.00,1216.15,2979.35,354.26,2.569,0.00,50.0,0.09
2890.00,1215.89,2981.91,354.26,2.577,5.00,60.0,0.15
2891.00,1215.64,2984.48,354.26,2.586,5.00,60.0,0.20
2892.00,1215.38,2987.06,354.27,2.594,5.00,60.0,0.25
2893.00,1215.12,2989.65,354.27,2.602,5.00,60.0,0.30
2894.00,1214.86,2992.25,354.28,2.610,5.00,60.0,0.35
2895.00,1214.60,2994.85,354.29,2.618,5.00,60.0,0.39
2896.00,1214.33,2997.47,354.29,2.625,5.00,60.0,0.44
2897.00,1214.07,3000.09,354.30,2.633,5.00,60.0,0.48
2898.00,1213.81,3002.71,354.31,2.640,5.00,60.0,0.52
2899.00,1213.55,3005.35,354.32,2.647,5.00,60.0,0.56
2900.00,1213.29,3007.99,354.33,2.655,5.00,60.0,0.60
2901.00,1213.02,3010.64,354.34,2.661,5.00,60.0,0.64
2902.00,1212.76,3013.29,354.35,2.668,5.00,60.0,0.67
2903.00,1212.50,3015.95,354.36,2.675,5.00,60.0,0.71
2904.00,1212.23,3018.62,354.38,2.681,5.00,60.0,0.74
2905.00,1211.97,3021.30,354.39,2.688,5.00,60.0,0.77
2906.00,1211.70,3023.99,354.40,2.704,10.00,70.0,0.86
2907.00,1211.44,3026.70,354.42,2.720,10.00,70.0,0.95
2908.00,1211.17,3029.42,354.44,2.735,10.00,70.0,1.03
2909.00,1210.91,3032.16,354.45,2.751,10.00,70.0,1.11
2910.00,1210.64,3034.91,354.47,2.766,10.00,70.0,1.19
2911.00,1210.37,3037.68,354.49,2.780,10.00,70.0,1.26
2912.00,1210.10,3040.46,354.52,2.795,10.00,70.0,1.33
2913.00,1209.84,3043.25,354.54,2.809,10.00,70.0,1.40
2914.00,1209.57,3046.06,354.57,2.823,10.00,70.0,1.47
2915.00,1209.30,3048.89,354.59,2.836,10.00,70.0,1.54
2916.00,1209.03,3051.73,354.62,2.850,10.00,70.0,1.60
2917.00,1208.76,3054.57,354.64,2.853,5.00,60.0,1.60
2918.00,1208.50,3057.41,354.67,2.856,5.00,60.0,1.61
2919.00,1208.23,3060.25,354.70,2.858,5.00,60.0,1.61
2920.00,1207.97,3063.10,354.72,2.861,5.00,60.0,1.61
2921.00,1207.70,3065.96,354.75,2.864,5.00,60.0,1.62
2922.00,1207.44,3068.81,354.78,2.867,5.00,60.0,1.62
2923.00,1207.18,3071.67,354.81,2.869,5.00,60.0,1.62
2924.00,1206.92,3074.53,354.83,2.872,5.00,60.0,1.63
2925.00,1206.66,3077.39,354.86,2.875,5.00,60.0,1.63
2926.00,1206.40,3080.26,354.89,2.877,5.00,60.0,1.63
2927.00,1206.15,3083.12,354.91,2.880,5.00,60.0,1.64
2928.00,1205.89,3085.99,354.94,2.882,5.00,60.0,1.64
2929.00,1205.64,3088.87,354.97,2.884,5.00,60.0,1.64
2930.00,1205.38,3091.74,355.00,2.887,5.00,60.0,1.64
2931.00,1205.13,3094.61,355.02,2.879,0.00,50.0,1.59
2932.00,1204.88,3097.47,355.05,2.871,0.00,50.0,1.54
2933.00,1204.64,3100.33,355.07,2.864,0.00,50.0,1.48
2934.00,1204.39,3103.17,355.10,2.857,0.00,50.0,1.43
2935.00,1204.15,3106.01,355.12,2.849,0.00,50.0,1.39
2936.00,1203.90,3108.84,355.14,2.843,0.00,50.0,1.34
2937.00,1203.66,3111.67,355.16,2.836,0.00,50.0,1.30
2938.00,1203.43,3114.49,355.18,2.829,0.00,50.0,1.25
2939.00,1203.19,3117.30,355.21,2.822,0.00,50.0,1.21
2940.00,1202.95,3120.11,355.22,2.816,0.00,50.0,1.17
2941.00,1202.72,3122.91,355.24,2.810,0.00,50.0,1.13
2942.00,1202.49,3125.70,355.26,2.803,0.00,50.0,1.09
2943.00,1202.26,3128.49,355.28,2.797,0.00,50.0,1.06
2944.00,1202.03,3131.27,355.30,2.791,0.00,50.0,1.02
2945.00,1201.80,3134.04,355.31,2.786,0.00,50.0,0.99
2946.00,1201.57,3136.82,355.33,2.780,0.00,50.0,0.96
2947.00,1201.34,3139.58,355.34,2.774,0.00,50.0,0.92
2948.00,1201.12,3142.34,355.36,2.769,0.00,50.0,0.89
2949.00,1200.90,3145.09,355.37,2.763,0.00,50.0,0.86
2950.00,1200.67,3147.84,355.39,2.758,0.00,50.0,0.83
2951.00,1200.45,3150.59,355.40,2.753,0.00,50.0,0.81
2952.00,1200.23,3153.33,355.41,2.748,0.00,50.0,0.78
2953.00,1200.01,3156.06,355.43,2.743,0.00,50.0,0.75
2954.00,1199.79,3158.79,355.44,2.738,0.00,50.0,0.73
2955.00,1199.58,3161.51,355.45,2.733,0.00,50.0,0.70
2956.00,1199.36,3164.23,355.46,2.729,0.00,50.0,0.68
2957.00,1199.15,3166.95,355.47,2.724,0.00,50.0,0.66
2958.00,1198.93,3169.66,355.48,2.720,0.00,50.0,0.64
2959.00,1198.72,3172.37,355.49,2.715,0.00,50.0,0.61
2960.00,1198.50,3175.07,355.50,2.711,0.00,50.0,0.59
2961.00,1198.29,3177.77,355.51,2.707,0.00,50.0,0.57
2962.00,1198.08,3180.46,355.52,2.703,0.00,50.0,0.56
2963.00,1197.87,3183.15,355.53,2.699,0.00,50.0,0.54
2964.00,1197.66,3185.84,355.54,2.695,0.00,50.0,0.52
2965.00,1197.45,3188.52,355.55,2.691,0.00,50.0,0.50
2966.00,1197.24,3191.20,355.56,2.687,0.00,50.0,0.48
2967.00,1197.03,3193.88,355.56,2.683,0.00,50.0,0.47
2968.00,1196.83,3196.55,355.57,2.679,0.00,50.0,0.45
2969.00,1196.62,3199.22,355.58,2.676,0.00,50.0,0.44
2970.00,1196.41,3201.88,355.59,2.672,0.00,50.0,0.42
2971.00,1196.21,3204.54,355.59,2.669,0.00,50.0,0.41
2972.00,1196.00,3207.20,355.60,2.666,0.00,50.0,0.40
2973.00,1195.80,3209.85,355.61,2.662,0.00,50.0,0.38
2974.00,1195.60,3212.50,355.61,2.659,0.00,50.0,0.37
2975.00,1195.39,3215.15,355.62,2.656,0.00,50.0,0.36
2976.00,1195.19,3217.80,355.62,2.653,0.00,50.0,0.35
2977.00,1194.99,3220.44,355.63,2.650,0.00,50.0,0.33
2978.00,1194.79,3223.08,355.63,2.647,0.00,50.0,0.32
2979.00,1194.58,3225.71,355.64,2.644,0.00,50.0,0.31
2980.00,1194.38,3228.35,355.64,2.641,0.00,50.0,0.30
2981.00,1194.18,3230.98,355.65,2.638,0.00,50.0,0.29
2982.00,1193.98,3233.60,355.65,2.635,0.00,50.0,0.28
2983.00,1193.78,3236.23,355.66,2.633,0.00,50.0,0.27
2984.00,1193.58,3238.85,355.66,2.630,0.00,50.0,0.26
2985.00,1193.39,3241.47,355.67,2.627,0.00,50.0,0.25
2986.00,1193.19,3244.09,355.67,2.625,0.00,50.0,0.25
2987.00,1192.99,3246.70,355.68,2.622,0.00,50.0,0.24
2988.00,1192.79,3249.32,355.68,2.620,0.00,50.0,0.23
2989.00,1192.60,3251.93,355.68,2.617,0.00,50.0,0.22
2990.00,1192.40,3254.53,355.69,2.615,0.00,50.0,0.21
2991.00,1192.20,3257.14,355.69,2.613,0.00,50.0,0.21
2992.00,1192.01,3259.74,355.69,2.610,0.00,50.0,0.20
2993.00,1191.81,3262.34,355.70,2.608,0.00,50.0,0.19
2994.00,1191.61,3264.94,355.70,2.606,0.00,50.0,0.19
2995.00,1191.42,3267.54,355.70,2.604,0.00,50.0,0.18
2996.00,1191.22,3270.13,355.71,2.602,0.00,50.0,0.18
2997.00,1191.03,3272.73,355.71,2.600,0.00,50.0,0.17
2998.00,1190.84,3275.32,355.71,2.598,0.00,50.0,0.16
2999.00,1190.64,3277.90,355.71,2.596,0.00,50.0,0.16
3000.00,1190.45,3280.49,355.72,2.594,0.00,50.0,0.15
3001.00,1190.25,3283.08,355.72,2.592,0.00,50.0,0.15
3002.00,1190.06,3285.66,355.72,2.590,0.00,50.0,0.14
3003.00,1189.87,3288.24,355.72,2.588,0.00,50.0,0.14
3004.00,1189.67,3290.82,355.73,2.587,0.00,50.0,0.13
3005.00,1189.48,3293.40,355.73,2.585,0.00,50.0,0.13
3006.00,1189.29,3295.97,355.73,2.583,0.00,50.0,0.12
3007.00,1189.10,3298.55,355.73,2.582,0.00,50.0,0.12
3008.00,1188.90,3301.12,355.73,2.580,0.00,50.0,0.12
3009.00,1188.71,3303.69,355.74,2.578,0.00,50.0,0.11
3010.00,1188.52,3306.26,355.74,2.577,0.00,50.0,0.11
3011.00,1188.33,3308.83,355.74,2.575,0.00,50.0,0.11
3012.00,1188.14,3311.40,355.74,2.574,0.00,50.0,0.10
3013.00,1187.95,3313.96,355.74,2.572,0.00,50.0,0.10
3014.00,1187.76,3316.53,355.74,2.571,0.00,50.0,0.10
3015.00,1187.57,3319.09,355.75,2.569,0.00,50.0,0.09
3016.00,1187.38,3321.65,355.75,2.568,0.00,50.0,0.09
3017.00,1187.19,3324.21,355.75,2.567,0.00,50.0,0.09
3018.00,1187.00,3326.77,355.75,2.565,0.00,50.0,0.08
3019.00,1186.81,3329.32,355.75,2.564,0.00,50.0,0.08
3020.00,1186.62,3331.88,355.75,2.563,0.00,50.0,0.08
3021.00,1186.43,3334.43,355.75,2.562,0.00,50.0,0.08
3022.00,1186.24,3336.99,355.76,2.560,0.00,50.0,0.07
3023.00,1186.05,3339.54,355.76,2.559,0.00,50.0,0.07
3024.00,1185.86,3342.09,355.76,2.558,0.00,50.0,0.07
3025.00,1185.67,3344.64,355.76,2.557,0.00,50.0,0.07
3026.00,1185.48,3347.19,355.76,2.556,0.00,50.0,0.06
3027.00,1185.29,3349.74,355.76,2.554,0.00,50.0,0.06
3028.00,1185.10,3352.28,355.76,2.553,0.00,50.0,0.06
3029.00,1184.91,3354.83,355.76,2.552,0.00,50.0,0.06
3030.00,1184.72,3357.37,355.76,2.551,0.00,50.0,0.06
3031.00,1184.54,3359.92,355.76,2.550,0.00,50.0,0.05
3032.00,1184.35,3362.46,355.77,2.549,0.00,50.0,0.05
3033.00,1184.16,3365.00,355.77,2.548,0.00,50.0,0.05
3034.00,1183.97,3367.54,355.77,2.547,0.00,50.0,0.05
3035.00,1183.78,3370.08,355.77,2.546,0.00,50.0,0.05
3036.00,1183.60,3372.62,355.77,2.545,0.00,50.0,0.05
3037.00,1183.41,3375.16,355.77,2.545,0.00,50.0,0.04
3038.00,1183.22,3377.69,355.77,2.544,0.00,50.0,0.04
3039.00,1183.03,3380.23,355.77,2.543,0.00,50.0,0.04
3040.00,1182.85,3382.76,355.77,2.542,0.00,50.0,0.04
3041.00,1182.66,3385.30,355.77,2.541,0.00,50.0,0.04
3042.00,1182.47,3387.83,355.77,2.540,0.00,50.0,0.04
3043.00,1182.28,3390.36,355.77,2.539,0.00,50.0,0.04
3044.00,1182.10,3392.89,355.77,2.539,0.00,50.0,0.03
3045.00,1181.91,3395.43,355.77,2.538,0.00,50.0,0.03
3046.00,1181.72,3397.96,355.77,2.537,0.00,50.0,0.03
3047.00,1181.54,3400.49,355.78,2.536,0.00,50.0,0.03
3048.00,1181.35,3403.01,355.78,2.536,0.00,50.0,0.03
3049.00,1181.16,3405.54,355.78,2.535,0.00,50.0,0.03
3050.00,1180.98,3408.07,355.78,2.534,0.00,50.0,0.03
3051.00,1180.79,3410.60,355.78,2.534,0.00,50.0,0.03
3052.00,1180.60,3413.12,355.78,2.533,0.00,50.0,0.03
3053.00,1180.42,3415.65,355.78,2.532,0.00,50.0,0.03
3054.00,1180.23,3418.17,355.78,2.532,0.00,50.0,0.02
3055.00,1180.04,3420.70,355.78,2.531,0.00,50.0,0.02
3056.00,1179.86,3423.22,355.78,2.530,0.00,50.0,0.02
3057.00,1179.67,3425.74,355.78,2.530,0.00,50.0,0.02
3058.00,1179.48,3428.26,355.78,2.529,0.00,50.0,0.02
3059.00,1179.30,3430.79,355.78,2.529,0.00,50.0,0.02
3060.00,1179.11,3433.31,355.78,2.528,0.00,50.0,0.02
3061.00,1178.93,3435.83,355.78,2.527,0.00,50.0,0.02
3062.00,1178.74,3438.35,355.78,2.527,0.00,50.0,0.02
3063.00,1178.55,3440.87,355.78,2.526,0.00,50.0,0.02
3064.00,1178.37,3443.39,355.78,2.526,0.00,50.0,0.02
3065.00,1178.18,3445.90,355.78,2.525,0.00,50.0,0.02
3066.00,1178.00,3448.42,355.78,2.525,0.00,50.0,0.02
3067.00,1177.81,3450.94,355.78,2.524,0.00,50.0,0.02
3068.00,1177.63,3453.46,355.78,2.524,0.00,50.0,0.02
3069.00,1177.44,3455.97,355.78,2.523,0.00,50.0,0.01
3070.00,1177.26,3458.49,355.78,2.523,0.00,50.0,0.01
3071.00,1177.07,3461.01,355.78,2.522,0.00,50.0,0.01
3072.00,1176.88,3463.52,355.78,2.522,0.00,50.0,0.01
3073.00,1176.70,3466.04,355.78,2.522,0.00,50.0,0.01
3074.00,1176.51,3468.55,355.78,2.521,0.00,50.0,0.01
3075.00,1176.33,3471.06,355.78,2.521,0.00,50.0,0.01
3076.00,1176.14,3473.58,355.78,2.520,0.00,50.0,0.01
3077.00,1175.96,3476.09,355.78,2.520,0.00,50.0,0.01
3078.00,1175.77,3478.60,355.79,2.519,0.00,50.0,0.01
3079.00,1175.59,3481.11,355.79,2.519,0.00,50.0,0.01
3080.00,1175.40,3483.63,355.79,2.519,0.00,50.0,0.01
3081.00,1175.22,3486.14,355.79,2.518,0.00,50.0,0.01
3082.00,1175.03,3488.65,355.79,2.518,0.00,50.0,0.01
3083.00,1174.85,3491.16,355.79,2.518,0.00,50.0,0.01
3084.00,1174.66,3493.67,355.79,2.517,0.00,50.0,0.01
3085.00,1174.48,3496.18,355.79,2.517,0.00,50.0,0.01
3086.00,1174.29,3498.69,355.79,2.517,0.00,50.0,0.01
3087.00,1174.11,3501.20,355.79,2.516,0.00,50.0,0.01
3088.00,1173.92,3503.71,355.79,2.516,0.00,50.0,0.01
3089.00,1173.74,3506.22,355.79,2.516,0.00,50.0,0.01
3090.00,1173.55,3508.73,355.79,2.515,0.00,50.0,0.01
3091.00,1173.37,3511.23,355.79,2.515,0.00,50.0,0.01
3092.00,1173.18,3513.74,355.79,2.515,0.00,50.0,0.01
3093.00,1173.00,3516.25,355.79,2.514,0.00,50.0,0.01
3094.00,1172.81,3518.76,355.79,2.514,0.00,50.0,0.01
3095.00,1172.63,3521.26,355.79,2.514,0.00,50.0,0.01
3096.00,1172.45,3523.77,355.79,2.514,0.00,50.0,0.01
3097.00,1172.26,3526.28,355.79,2.513,0.00,50.0,0.01
3098.00,1172.08,3528.78,355.79,2.513,0.00,50.0,0.01
3099.00,1171.89,3531.29,355.79,2.513,0.00,50.0,0.01
3100.00,1171.71,3533.79,355.79,2.512,0.00,50.0,0.01
3101.00,1171.52,3536.30,355.79,2.512,0.00,50.0,0.00
3102.00,1171.34,3538.81,355.79,2.512,0.00,50.0,0.00
3103.00,1171.15,3541.31,355.79,2.512,0.00,50.0,0.00
3104.00,1170.97,3543.81,355.79,2.511,0.00,50.0,0.00
3105.00,1170.78,3546.32,355.79,2.511,0.00,50.0,0.00
3106.00,1170.60,3548.82,355.79,2.511,0.00,50.0,0.00
3107.00,1170.42,3551.33,355.79,2.511,0.00,50.0,0.00
3108.00,1170.23,3553.83,355.79,2.511,0.00,50.0,0.00
3109.00,1170.05,3556.34,355.79,2.510,0.00,50.0,0.00
3110.00,1169.86,3558.84,355.79,2.510,0.00,50.0,0.00
3111.00,1169.68,3561.34,355.79,2.510,0.00,50.0,0.00
3112.00,1169.49,3563.84,355.79,2.510,0.00,50.0,0.00
3113.00,1169.31,3566.35,355.79,2.510,0.00,50.0,0.00
3114.00,1169.13,3568.85,355.79,2.509,0.00,50.0,0.00
3115.00,1168.94,3571.35,355.79,2.509,0.00,50.0,0.00
3116.00,1168.76,3573.85,355.79,2.509,0.00,50.0,0.00
3117.00,1168.57,3576.36,355.79,2.509,0.00,50.0,0.00
3118.00,1168.39,3578.86,355.79,2.509,0.00,50.0,0.00
3119.00,1168.20,3581.36,355.79,2.508,0.00,50.0,0.00
3120.00,1168.02,3583.86,355.79,2.508,0.00,50.0,0.00
3121.00,1167.84,3586.36,355.79,2.508,0.00,50.0,0.00
3122.00,1167.65,3588.86,355.79,2.508,0.00,50.0,0.00
3123.00,1167.47,3591.37,355.79,2.508,0.00,50.0,0.00
3124.00,1167.28,3593.87,355.79,2.508,0.00,50.0,0.00
3125.00,1167.10,3596.37,355.79,2.508,0.00,50.0,0.00
3126.00,1166.92,3598.87,355.79,2.507,0.00,50.0,0.00
3127.00,1166.73,3601.37,355.79,2.507,0.00,50.0,0.00
3128.00,1166.55,3603.87,355.79,2.507,0.00,50.0,0.00
3129.00,1166.36,3606.37,355.79,2.507,0.00,50.0,0.00
3130.00,1166.18,3608.87,355.79,2.507,0.00,50.0,0.00
3131.00,1166.00,3611.37,355.79,2.507,0.00,50.0,0.00
3132.00,1165.81,3613.87,355.79,2.507,0.00,50.0,0.00
3133.00,1165.63,3616.37,355.79,2.506,0.00,50.0,0.00
3134.00,1165.44,3618.87,355.79,2.506,0.00,50.0,0.00
3135.00,1165.26,3621.37,355.79,2.506,0.00,50.0,0.00
3136.00,1165.07,3623.87,355.79,2.506,0.00,50.0,0.00
3137.00,1164.89,3626.37,355.79,2.506,0.00,50.0,0.00
3138.00,1164.71,3628.86,355.79,2.506,0.00,50.0,0.00
3139.00,1164.52,3631.36,355.79,2.506,0.00,50.0,0.00
3140.00,1164.34,3633.86,355.79,2.506,0.00,50.0,0.00
3141.00,1164.16,3636.36,355.79,2.505,0.00,50.0,0.00
3142.00,1163.97,3638.86,355.79,2.505,0.00,50.0,0.00
3143.00,1163.79,3641.36,355.79,2.505,0.00,50.0,0.00
3144.00,1163.60,3643.86,355.79,2.505,0.00,50.0,0.00
3145.00,1163.42,3646.35,355.79,2.505,0.00,50.0,0.00
3146.00,1163.24,3648.85,355.79,2.505,0.00,50.0,0.00
3147.00,1163.05,3651.35,355.79,2.505,0.00,50.0,0.00
3148.00,1162.87,3653.86,355.79,2.515,5.00,60.0,0.06
3149.00,1162.68,3656.38,355.79,2.524,5.00,60.0,0.11
3150.00,1162.50,3658.90,355.80,2.534,5.00,60.0,0.17
3151.00,1162.31,3661.44,355.80,2.543,5.00,60.0,0.22
3152.00,1162.12,3663.99,355.80,2.552,5.00,60.0,0.27
3153.00,1161.94,3666.54,355.81,2.561,5.00,60.0,0.32
3154.00,1161.75,3669.10,355.81,2.570,5.00,60.0,0.36
3155.00,1161.56,3671.68,355.82,2.579,5.00,60.0,0.41
3156.00,1161.37,3674.26,355.83,2.587,5.00,60.0,0.45
3157.00,1161.18,3676.84,355.84,2.595,5.00,60.0,0.49
3158.00,1160.99,3679.44,355.85,2.603,5.00,60.0,0.53
3159.00,1160.80,3682.05,355.86,2.611,5.00,60.0,0.57
3160.00,1160.62,3684.65,355.87,2.609,0.00,50.0,0.55
3161.00,1160.43,3687.25,355.87,2.607,0.00,50.0,0.54
3162.00,1160.24,3689.85,355.88,2.605,0.00,50.0,0.52
3163.00,1160.05,3692.44,355.89,2.603,0.00,50.0,0.50
3164.00,1159.87,3695.04,355.90,2.601,0.00,50.0,0.48
3165.00,1159.68,3697.63,355.91,2.599,0.00,50.0,0.47
3166.00,1159.50,3700.22,355.91,2.597,0.00,50.0,0.45
3167.00,1159.31,3702.81,355.92,2.595,0.00,50.0,0.44
3168.00,1159.13,3705.39,355.93,2.593,0.00,50.0,0.42
3169.00,1158.94,3707.98,355.94,2.591,0.00,50.0,0.41
3170.00,1158.76,3710.56,355.94,2.589,0.00,50.0,0.40
3171.00,1158.58,3713.14,355.95,2.587,0.00,50.0,0.38
3172.00,1158.39,3715.72,355.95,2.586,0.00,50.0,0.37
3173.00,1158.21,3718.30,355.96,2.584,0.00,50.0,0.36
3174.00,1158.03,3720.87,355.97,2.582,0.00,50.0,0.34
3175.00,1157.85,3723.45,355.97,2.581,0.00,50.0,0.33
3176.00,1157.67,3726.02,355.98,2.579,0.00,50.0,0.32
3177.00,1157.49,3728.59,355.98,2.577,0.00,50.0,0.31
3178.00,1157.30,3731.16,355.99,2.576,0.00,50.0,0.30
3179.00,1157.12,3733.73,355.99,2.574,0.00,50.0,0.29
3180.00,1156.94,3736.30,356.00,2.573,0.00,50.0,0.28
3181.00,1156.77,3738.86,356.00,2.571,0.00,50.0,0.27
3182.00,1156.59,3741.42,356.01,2.570,0.00,50.0,0.26
3183.00,1156.41,3743.99,356.01,2.569,0.00,50.0,0.25
3184.00,1156.23,3746.55,356.01,2.567,0.00,50.0,0.25
3185.00,1156.05,3749.11,356.02,2.566,0.00,50.0,0.24
3186.00,1155.87,3751.67,356.02,2.565,0.00,50.0,0.23
3187.00,1155.69,3754.22,356.03,2.563,0.00,50.0,0.22
3188.00,1155.52,3756.78,356.03,2.562,0.00,50.0,0.21
3189.00,1155.34,3759.33,356.03,2.561,0.00,50.0,0.21
3190.00,1155.16,3761.89,356.04,2.560,0.00,50.0,0.20
3191.00,1154.99,3764.44,356.04,2.558,0.00,50.0,0.19
3192.00,1154.81,3766.99,356.04,2.557,0.00,50.0,0.19
3193.00,1154.63,3769.54,356.05,2.556,0.00,50.0,0.18
3194.00,1154.46,3772.09,356.05,2.555,0.00,50.0,0.18
3195.00,1154.28,3774.64,356.05,2.554,0.00,50.0,0.17
3196.00,1154.10,3777.18,356.05,2.553,0.00,50.0,0.16
3197.00,1153.93,3779.73,356.06,2.552,0.00,50.0,0.16
3198.00,1153.75,3782.27,356.06,2.551,0.00,50.0,0.15
3199.00,1153.58,3784.82,356.06,2.550,0.00,50.0,0.15
3200.00,1153.40,3787.36,356.06,2.549,0.00,50.0,0.14
3201.00,1153.23,3789.90,356.07,2.548,0.00,50.0,0.14
3202.00,1153.05,3792.44,356.07,2.547,0.00,50.0,0.13
3203.00,1152.88,3794.98,356.07,2.546,0.00,50.0,0.13
3204.00,1152.70,3797.52,356.07,2.545,0.00,50.0,0.12
3205.00,1152.53,3800.06,356.07,2.544,0.00,50.0,0.12
3206.00,1152.36,3802.60,356.08,2.543,0.00,50.0,0.12
3207.00,1152.18,3805.13,356.08,2.542,0.00,50.0,0.11
3208.00,1152.01,3807.67,356.08,2.541,0.00,50.0,0.11
3209.00,1151.84,3810.20,356.08,2.541,0.00,50.0,0.11
3210.00,1151.66,3812.74,356.08,2.540,0.00,50.0,0.10
3211.00,1151.49,3815.27,356.09,2.539,0.00,50.0,0.10
3212.00,1151.31,3817.80,356.09,2.538,0.00,50.0,0.10
3213.00,1151.14,3820.33,356.09,2.537,0.00,50.0,0.09
3214.00,1150.97,3822.86,356.09,2.537,0.00,50.0,0.09
3215.00,1150.80,3825.39,356.09,2.536,0.00,50.0,0.09
3216.00,1150.62,3827.92,356.09,2.535,0.00,50.0,0.08
3217.00,1150.45,3830.45,356.09,2.535,0.00,50.0,0.08
3218.00,1150.28,3832.98,356.10,2.534,0.00,50.0,0.08
3219.00,1150.11,3835.51,356.10,2.533,0.00,50.0,0.08
3220.00,1149.93,3838.03,356.10,2.532,0.00,50.0,0.07
3221.00,1149.76,3840.56,356.10,2.532,0.00,50.0,0.07
3222.00,1149.59,3843.09,356.10,2.531,0.00,50.0,0.07
3223.00,1149.42,3845.61,356.10,2.531,0.00,50.0,0.07
3224.00,1149.24,3848.13,356.10,2.530,0.00,50.0,0.06
3225.00,1149.07,3850.66,356.10,2.529,0.00,50.0,0.06
3226.00,1148.90,3853.18,356.10,2.529,0.00,50.0,0.06
3227.00,1148.73,3855.70,356.11,2.528,0.00,50.0,0.06
3228.00,1148.56,3858.23,356.11,2.528,0.00,50.0,0.06
3229.00,1148.39,3860.75,356.11,2.527,0.00,50.0,0.05
3230.00,1148.21,3863.27,356.11,2.527,0.00,50.0,0.05
3231.00,1148.04,3865.79,356.11,2.526,0.00,50.0,0.05
3232.00,1147.87,3868.31,356.11,2.525,0.00,50.0,0.05
3233.00,1147.70,3870.83,356.11,2.525,0.00,50.0,0.05
3234.00,1147.53,3873.34,356.11,2.524,0.00,50.0,0.05
3235.00,1147.36,3875.86,356.11,2.524,0.00,50.0,0.04
3236.00,1147.19,3878.38,356.11,2.524,0.00,50.0,0.04
3237.00,1147.02,3880.90,356.11,2.523,0.00,50.0,0.04
3238.00,1146.84,3883.41,356.11,2.523,0.00,50.0,0.04
3239.00,1146.67,3885.93,356.11,2.522,0.00,50.0,0.04
3240.00,1146.50,3888.45,356.12,2.522,0.00,50.0,0.04
3241.00,1146.33,3890.96,356.12,2.521,0.00,50.0,0.04
3242.00,1146.16,3893.48,356.12,2.521,0.00,50.0,0.03
3243.00,1145.99,3895.99,356.12,2.520,0.00,50.0,0.03
3244.00,1145.82,3898.51,356.12,2.520,0.00,50.0,0.03
3245.00,1145.65,3901.02,356.12,2.520,0.00,50.0,0.03
3246.00,1145.48,3903.53,356.12,2.519,0.00,50.0,0.03
3247.00,1145.31,3906.05,356.12,2.519,0.00,50.0,0.03
3248.00,1145.14,3908.56,356.12,2.518,0.00,50.0,0.03
3249.00,1144.97,3911.07,356.12,2.518,0.00,50.0,0.03
3250.00,1144.80,3913.58,356.12,2.518,0.00,50.0,0.03
3251.00,1144.63,3916.10,356.12,2.517,0.00,50.0,0.03
3252.00,1144.46,3918.61,356.12,2.517,0.00,50.0,0.02
3253.00,1144.29,3921.12,356.12,2.517,0.00,50.0,0.02
3254.00,1144.12,3923.63,356.12,2.516,0.00,50.0,0.02
3255.00,1143.95,3926.14,356.12,2.516,0.00,50.0,0.02
3256.00,1143.78,3928.65,356.12,2.516,0.00,50.0,0.02
3257.00,1143.61,3931.16,356.12,2.515,0.00,50.0,0.02
3258.00,1143.44,3933.67,356.12,2.515,0.00,50.0,0.02
3259.00,1143.27,3936.18,356.12,2.515,0.00,50.0,0.02
3260.00,1143.10,3938.69,356.12,2.514,0.00,50.0,0.02
3261.00,1142.93,3941.19,356.12,2.514,0.00,50.0,0.02
3262.00,1142.76,3943.70,356.12,2.514,0.00,50.0,0.02
3263.00,1142.59,3946.21,356.13,2.514,0.00,50.0,0.02
3264.00,1142.42,3948.72,356.13,2.513,0.00,50.0,0.02
3265.00,1142.25,3951.22,356.13,2.513,0.00,50.0,0.02
3266.00,1142.08,3953.73,356.13,2.513,0.00,50.0,0.02
3267.00,1141.91,3956.24,356.13,2.513,0.00,50.0,0.01
3268.00,1141.74,3958.74,356.13,2.512,0.00,50.0,0.01
3269.00,1141.57,3961.25,356.13,2.512,0.00,50.0,0.01
3270.00,1141.40,3963.76,356.13,2.512,0.00,50.0,0.01
3271.00,1141.23,3966.26,356.13,2.512,0.00,50.0,0.01
3272.00,1141.06,3968.77,356.13,2.511,0.00,50.0,0.01
3273.00,1140.89,3971.27,356.13,2.511,0.00,50.0,0.01
3274.00,1140.72,3973.78,356.13,2.511,0.00,50.0,0.01
3275.00,1140.55,3976.28,356.13,2.511,0.00,50.0,0.01
3276.00,1140.38,3978.79,356.13,2.510,0.00,50.0,0.01
3277.00,1140.21,3981.29,356.13,2.510,0.00,50.0,0.01
3278.00,1140.04,3983.80,356.13,2.510,0.00,50.0,0.01
3279.00,1139.87,3986.30,356.13,2.510,0.00,50.0,0.01
3280.00,1139.70,3988.81,356.13,2.510,0.00,50.0,0.01
3281.00,1139.53,3991.31,356.13,2.509,0.00,50.0,0.01
3282.00,1139.36,3993.81,356.13,2.509,0.00,50.0,0.01
3283.00,1139.19,3996.32,356.13,2.509,0.00,50.0,0.01
3284.00,1139.02,3998.82,356.13,2.509,0.00,50.0,0.01
3285.00,1138.85,4001.32,356.13,2.509,0.00,50.0,0.01
3286.00,1138.69,4003.83,356.13,2.509,0.00,50.0,0.01
3287.00,1138.52,4006.33,356.13,2.508,0.00,50.0,0.01
3288.00,1138.35,4008.83,356.13,2.508,0.00,50.0,0.01
3289.00,1138.18,4011.33,356.13,2.508,0.00,50.0,0.01
3290.00,1138.01,4013.84,356.13,2.508,0.00,50.0,0.01
3291.00,1137.84,4016.34,356.13,2.508,0.00,50.0,0.01
3292.00,1137.67,4018.84,356.13,2.508,0.00,50.0,0.01
3293.00,1137.50,4021.34,356.13,2.507,0.00,50.0,0.01
3294.00,1137.33,4023.84,356.13,2.507,0.00,50.0,0.01
3295.00,1137.16,4026.34,356.13,2.507,0.00,50.0,0.01
3296.00,1136.99,4028.85,356.13,2.507,0.00,50.0,0.01
3297.00,1136.82,4031.35,356.13,2.507,0.00,50.0,0.01
3298.00,1136.65,4033.85,356.13,2.507,0.00,50.0,0.01
3299.00,1136.49,4036.35,356.13,2.507,0.00,50.0,0.00
3300.00,1136.32,4038.85,356.13,2.506,0.00,50.0,0.00
3301.00,1136.15,4041.35,356.13,2.506,0.00,50.0,0.00
3302.00,1135.98,4043.85,356.13,2.506,0.00,50.0,0.00
3303.00,1135.81,4046.35,356.13,2.506,0.00,50.0,0.00
3304.00,1135.64,4048.85,356.13,2.506,0.00,50.0,0.00
3305.00,1135.47,4051.35,356.13,2.506,0.00,50.0,0.00
3306.00,1135.30,4053.85,356.13,2.506,0.00,50.0,0.00
3307.00,1135.13,4056.35,356.13,2.506,0.00,50.0,0.00
3308.00,1134.96,4058.85,356.13,2.505,0.00,50.0,0.00
3309.00,1134.79,4061.35,356.13,2.505,0.00,50.0,0.00
3310.00,1134.63,4063.85,356.13,2.505,0.00,50.0,0.00
3311.00,1134.46,4066.35,356.13,2.505,0.00,50.0,0.00
3312.00,1134.29,4068.85,356.13,2.505,0.00,50.0,0.00
3313.00,1134.12,4071.35,356.13,2.505,0.00,50.0,0.00
3314.00,1133.95,4073.85,356.13,2.505,0.00,50.0,0.00
3315.00,1133.78,4076.35,356.13,2.505,0.00,50.0,0.00
3316.00,1133.61,4078.85,356.13,2.505,0.00,50.0,0.00
3317.00,1133.44,4081.34,356.13,2.505,0.00,50.0,0.00
3318.00,1133.27,4083.84,356.13,2.504,0.00,50.0,0.00
3319.00,1133.11,4086.34,356.13,2.504,0.00,50.0,0.00
3320.00,1132.94,4088.84,356.13,2.504,0.00,50.0,0.00
3321.00,1132.77,4091.34,356.13,2.504,0.00,50.0,0.00
3322.00,1132.60,4093.84,356.13,2.504,0.00,50.0,0.00
3323.00,1132.43,4096.34,356.13,2.504,0.00,50.0,0.00
3324.00,1132.26,4098.83,356.13,2.504,0.00,50.0,0.00
3325.00,1132.09,4101.33,356.13,2.504,0.00,50.0,0.00
3326.00,1131.92,4103.83,356.13,2.504,0.00,50.0,0.00
3327.00,1131.75,4106.33,356.13,2.504,0.00,50.0,0.00
3328.00,1131.58,4108.83,356.13,2.504,0.00,50.0,0.00
3329.00,1131.42,4111.32,356.13,2.504,0.00,50.0,0.00
3330.00,1131.25,4113.82,356.13,2.504,0.00,50.0,0.00
3331.00,1131.08,4116.32,356.13,2.503,0.00,50.0,0.00
3332.00,1130.91,4118.82,356.13,2.503,0.00,50.0,0.00
3333.00,1130.74,4121.31,356.13,2.503,0.00,50.0,0.00
3334.00,1130.57,4123.81,356.13,2.503,0.00,50.0,0.00
3335.00,1130.40,4126.31,356.13,2.503,0.00,50.0,0.00
3336.00,1130.23,4128.81,356.13,2.503,0.00,50.0,0.00
3337.00,1130.07,4131.30,356.13,2.503,0.00,50.0,0.00
3338.00,1129.90,4133.80,356.13,2.503,0.00,50.0,0.00
3339.00,1129.73,4136.30,356.13,2.503,0.00,50.0,0.00
3340.00,1129.56,4138.80,356.13,2.503,0.00,50.0,0.00
3341.00,1129.39,4141.29,356.13,2.503,0.00,50.0,0.00
3342.00,1129.22,4143.79,356.13,2.503,0.00,50.0,0.00
3343.00,1129.05,4146.29,356.13,2.503,0.00,50.0,0.00
3344.00,1128.88,4148.78,356.13,2.503,0.00,50.0,0.00
3345.00,1128.71,4151.28,356.13,2.503,0.00,50.0,0.00
3346.00,1128.55,4153.78,356.13,2.503,0.00,50.0,0.00
3347.00,1128.38,4156.28,356.13,2.502,0.00,50.0,0.00
3348.00,1128.21,4158.77,356.13,2.502,0.00,50.0,0.00
3349.00,1128.04,4161.27,356.13,2.502,0.00,50.0,0.00
3350.00,1127.87,4163.77,356.13,2.502,0.00,50.0,0.00
3351.00,1127.70,4166.26,356.13,2.502,0.00,50.0,0.00
3352.00,1127.53,4168.76,356.13,2.502,0.00,50.0,0.00
3353.00,1127.36,4171.25,356.13,2.502,0.00,50.0,0.00
3354.00,1127.20,4173.75,356.13,2.502,0.00,50.0,0.00
3355.00,1127.03,4176.25,356.13,2.502,0.00,50.0,0.00
3356.00,1126.86,4178.74,356.13,2.502,0.00,50.0,0.00
3357.00,1126.69,4181.24,356.13,2.502,0.00,50.0,0.00
3358.00,1126.52,4183.74,356.13,2.502,0.00,50.0,0.00
3359.00,1126.35,4186.23,356.13,2.502,0.00,50.0,0.00
3360.00,1126.18,4188.73,356.13,2.502,0.00,50.0,0.00
3361.00,1126.01,4191.23,356.13,2.502,0.00,50.0,0.00
3362.00,1125.85,4193.72,356.13,2.502,0.00,50.0,0.00
3363.00,1125.68,4196.22,356.13,2.502,0.00,50.0,0.00
3364.00,1125.51,4198.71,356.13,2.502,0.00,50.0,0.00
3365.00,1125.34,4201.21,356.13,2.502,0.00,50.0,0.00
3366.00,1125.17,4203.71,356.13,2.502,0.00,50.0,0.00
3367.00,1125.00,4206.20,356.13,2.502,0.00,50.0,0.00
3368.00,1124.83,4208.70,356.13,2.502,0.00,50.0,0.00
3369.00,1124.67,4211.19,356.13,2.502,0.00,50.0,0.00
3370.00,1124.50,4213.69,356.13,2.502,0.00,50.0,0.00
3371.00,1124.33,4216.19,356.13,2.502,0.00,50.0,0.00
3372.00,1124.16,4218.68,356.13,2.502,0.00,50.0,0.00
3373.00,1123.99,4221.18,356.13,2.501,0.00,50.0,0.00
3374.00,1123.82,4223.67,356.13,2.501,0.00,50.0,0.00
3375.00,1123.65,4226.17,356.13,2.501,0.00,50.0,0.00
3376.00,1123.48,4228.66,356.13,2.501,0.00,50.0,0.00
3377.00,1123.32,4231.16,356.13,2.501,0.00,50.0,0.00
3378.00,1123.15,4233.66,356.13,2.501,-24.89,50.0,-0.28
3379.00,1122.98,4236.15,356.12,2.501,-24.89,50.0,-0.56
3380.00,1122.81,4238.65,356.11,2.501,-24.89,50.0,-0.82
3381.00,1122.64,4241.14,356.09,2.501,-22.42,50.0,-1.05
3382.00,1122.47,4243.64,356.07,2.501,-22.42,50.0,-1.27
3383.00,1122.30,4246.13,356.04,2.501,-22.42,50.0,-1.49
3384.00,1122.12,4248.63,356.01,2.501,-22.22,50.0,-1.69
3385.00,1121.95,4251.12,355.98,2.501,-22.22,50.0,-1.89
3386.00,1121.77,4253.62,355.95,2.501,-22.22,50.0,-2.08
3387.00,1121.60,4256.11,355.91,2.501,-21.92,50.0,-2.26
3388.00,1121.42,4258.61,355.87,2.501,-21.92,50.0,-2.44
3389.00,1121.24,4261.10,355.83,2.501,-21.92,50.0,-2.61
3390.00,1121.06,4263.60,355.78,2.501,-21.55,50.0,-2.77
3391.00,1120.87,4266.09,355.73,2.501,-21.55,50.0,-2.92
3392.00,1120.69,4268.58,355.68,2.501,-21.55,50.0,-3.07
3393.00,1120.50,4271.08,355.63,2.501,-21.10,50.0,-3.21
3394.00,1120.31,4273.57,355.57,2.501,-21.10,50.0,-3.34
3395.00,1120.11,4276.07,355.51,2.501,-21.10,50.0,-3.47
3396.00,1119.92,4278.56,355.45,2.501,-20.59,50.0,-3.59
3397.00,1119.72,4281.05,355.39,2.501,-20.59,50.0,-3.71
3398.00,1119.52,4283.55,355.33,2.501,-20.59,50.0,-3.82
3399.00,1119.32,4286.04,355.26,2.501,-20.02,50.0,-3.92
3400.00,1119.11,4288.53,355.19,2.501,-20.02,50.0,-4.02
3401.00,1118.90,4291.02,355.13,2.501,-20.02,50.0,-4.11
3402.00,1118.69,4293.51,355.06,2.501,-19.41,50.0,-4.20
3403.00,1118.47,4296.01,354.99,2.501,-19.41,50.0,-4.28
3404.00,1118.25,4298.50,354.91,2.501,-19.41,50.0,-4.36
3405.00,1118.03,4300.99,354.84,2.501,-18.75,50.0,-4.43
3406.00,1117.81,4303.48,354.76,2.501,-18.75,50.0,-4.49
3407.00,1117.58,4305.97,354.69,2.501,-18.75,50.0,-4.56
3408.00,1117.35,4308.46,354.61,2.501,-18.07,50.0,-4.61
3409.00,1117.11,4310.95,354.53,2.501,-18.07,50.0,-4.67
3410.00,1116.87,4313.44,354.45,2.501,-18.07,50.0,-4.72
3411.00,1116.63,4315.93,354.38,2.501,-17.35,50.0,-4.76
3412.00,1116.39,4318.41,354.30,2.501,-17.35,50.0,-4.80
3413.00,1116.14,4320.90,354.21,2.501,-17.35,50.0,-4.84
3414.00,1115.89,4323.39,354.13,2.501,-16.62,50.0,-4.87
3415.00,1115.63,4325.88,354.05,2.501,-16.62,50.0,-4.89
3416.00,1115.37,4328.37,353.97,2.501,-16.62,50.0,-4.92
3417.00,1115.11,4330.85,353.89,2.501,-15.87,50.0,-4.94
3418.00,1114.84,4333.34,353.81,2.501,-15.87,50.0,-4.95
3419.00,1114.57,4335.82,353.72,2.501,-15.87,50.0,-4.97
3420.00,1114.30,4338.31,353.64,2.501,-15.11,50.0,-4.98
3421.00,1114.02,4340.80,353.56,2.501,-15.11,50.0,-4.98
3422.00,1113.74,4343.28,353.47,2.501,-15.11,50.0,-4.99
3423.00,1113.46,4345.76,353.39,2.501,-14.35,50.0,-4.99
3424.00,1113.17,4348.25,353.31,2.501,-14.35,50.0,-4.99
3425.00,1112.88,4350.73,353.22,2.501,-14.35,50.0,-4.98
3426.00,1112.58,4353.22,353.14,2.501,-13.58,50.0,-4.97
3427.00,1112.28,4355.70,353.06,2.500,-13.58,50.0,-4.96
3428.00,1111.98,4358.18,352.98,2.500,-13.58,50.0,-4.95
3429.00,1111.68,4360.66,352.89,2.500,-12.82,50.0,-4.93
3430.00,1111.37,4363.14,352.81,2.500,-12.82,50.0,-4.92
3431.00,1111.05,4365.62,352.73,2.500,-12.82,50.0,-4.90
3432.00,1110.74,4368.10,352.65,2.500,-12.82,50.0,-4.88
3433.00,1110.42,4370.58,352.57,2.500,-12.82,50.0,-4.87
3434.00,1110.09,4373.06,352.49,2.500,-12.82,50.0,-4.85
3435.00,1109.77,4375.54,352.41,2.500,-12.82,50.0,-4.83
3436.00,1109.44,4378.02,352.33,2.500,-12.82,50.0,-4.82
3437.00,1109.10,4380.50,352.25,2.500,-12.82,50.0,-4.81
3438.00,1108.77,4382.98,352.17,2.500,-12.82,50.0,-4.79
3439.00,1108.43,4385.45,352.09,2.500,-12.82,50.0,-4.78
3440.00,1108.08,4387.93,352.01,2.500,-12.82,50.0,-4.77
3441.00,1107.73,4390.41,351.93,2.500,-12.82,50.0,-4.75
3442.00,1107.38,4392.89,351.85,2.510,-7.82,60.0,-4.68
3443.00,1107.02,4395.39,351.77,2.520,-7.82,60.0,-4.62
3444.00,1106.66,4397.89,351.70,2.530,-7.82,60.0,-4.55
3445.00,1106.29,4400.40,351.62,2.539,-7.82,60.0,-4.49
3446.00,1105.92,4402.92,351.55,2.548,-7.82,60.0,-4.43
3447.00,1105.55,4405.45,351.47,2.557,-7.82,60.0,-4.37
3448.00,1105.17,4407.99,351.40,2.566,-7.82,60.0,-4.32
3449.00,1104.78,4410.54,351.33,2.575,-7.82,60.0,-4.26
3450.00,1104.39,4413.09,351.26,2.583,-7.82,60.0,-4.21
3451.00,1104.00,4415.65,351.19,2.592,-7.82,60.0,-4.16
3452.00,1103.60,4418.22,351.12,2.600,-7.82,60.0,-4.11
3453.00,1103.20,4420.80,351.06,2.608,-7.82,60.0,-4.06
3454.00,1102.79,4423.38,350.99,2.616,-7.82,60.0,-4.01
3455.00,1102.38,4425.98,350.92,2.633,-2.82,70.0,-3.91
3456.00,1101.96,4428.60,350.86,2.651,-2.82,70.0,-3.82
3457.00,1101.54,4431.24,350.80,2.668,-2.82,70.0,-3.72
3458.00,1101.11,4433.89,350.74,2.684,-2.82,70.0,-3.63
3459.00,1100.67,4436.55,350.68,2.701,-2.82,70.0,-3.54
3460.00,1100.23,4439.23,350.62,2.717,-2.82,70.0,-3.45
3461.00,1099.79,4441.93,350.57,2.732,-2.82,70.0,-3.37
3462.00,1099.34,4444.64,350.51,2.748,-2.82,70.0,-3.29
3463.00,1098.88,4447.36,350.46,2.763,-2.82,70.0,-3.21
3464.00,1098.42,4450.10,350.40,2.778,-2.82,70.0,-3.14
3465.00,1097.96,4452.85,350.35,2.792,-2.82,70.0,-3.07
3466.00,1097.49,4455.61,350.30,2.796,0.00,60.0,-2.96
3467.00,1097.02,4458.37,350.26,2.800,0.00,60.0,-2.87
3468.00,1096.54,4461.13,350.21,2.794,-3.43,50.0,-2.81
3469.00,1096.07,4463.87,350.16,2.788,-3.43,50.0,-2.75
3470.00,1095.59,4466.62,350.12,2.783,-3.43,50.0,-2.70
3471.00,1095.12,4469.35,350.07,2.777,-3.79,50.0,-2.66
3472.00,1094.64,4472.08,350.03,2.771,-3.79,50.0,-2.61
3473.00,1094.16,4474.80,349.99,2.766,-3.79,50.0,-2.57
3474.00,1093.68,4477.52,349.95,2.761,-3.36,50.0,-2.52
3475.00,1093.20,4480.24,349.90,2.755,-3.36,50.0,-2.47
3476.00,1092.72,4482.94,349.86,2.750,-3.36,50.0,-2.43
3477.00,1092.23,4485.65,349.82,2.745,-2.95,50.0,-2.38
3478.00,1091.75,4488.34,349.79,2.740,-2.95,50.0,-2.34
3479.00,1091.27,4491.04,349.75,2.736,-2.95,50.0,-2.29
3480.00,1090.78,4493.72,349.71,2.731,-2.56,50.0,-2.25
3481.00,1090.29,4496.41,349.67,2.726,-2.56,50.0,-2.20
3482.00,1089.80,4499.08,349.64,2.722,-2.56,50.0,-2.16
3483.00,1089.32,4501.76,349.60,2.717,-2.19,50.0,-2.11
3484.00,1088.83,4504.42,349.57,2.713,-2.19,50.0,-2.06
3485.00,1088.34,4507.09,349.53,2.709,-2.19,50.0,-2.02
3486.00,1087.84,4509.75,349.50,2.705,-1.84,50.0,-1.97
3487.00,1087.35,4512.40,349.47,2.700,-1.84,50.0,-1.93
3488.00,1086.86,4515.05,349.44,2.696,-1.84,50.0,-1.89
3489.00,1086.37,4517.70,349.41,2.692,-1.51,50.0,-1.84
3490.00,1085.87,4520.34,349.38,2.689,-1.51,50.0,-1.80
3491.00,1085.38,4522.98,349.35,2.685,-1.51,50.0,-1.75
3492.00,1084.88,4525.62,349.32,2.681,-1.19,50.0,-1.71
3493.00,1084.39,4528.25,349.29,2.678,-1.19,50.0,-1.66
3494.00,1083.89,4530.88,349.26,2.674,-1.19,50.0,-1.62
3495.00,1083.39,4533.50,349.24,2.671,-1.19,50.0,-1.58
3496.00,1082.89,4536.12,349.21,2.667,-1.19,50.0,-1.54
3497.00,1082.39,4538.74,349.19,2.664,-1.19,50.0,-1.51
3498.00,1081.90,4541.35,349.16,2.660,-1.19,50.0,-1.47
3499.00,1081.40,4543.96,349.14,2.657,-1.19,50.0,-1.43
3500.00,1080.90,4546.57,349.12,2.654,-1.19,50.0,-1.40
3501.00,1080.39,4549.17,349.09,2.651,-1.19,50.0,-1.37
3502.00,1079.89,4551.77,349.07,2.648,-1.19,50.0,-1.33
3503.00,1079.39,4554.37,349.05,2.645,-1.19,50.0,-1.30
3504.00,1078.89,4556.97,349.03,2.652,3.81,60.0,-1.22
3505.00,1078.38,4559.58,349.01,2.659,3.81,60.0,-1.13
3506.00,1077.87,4562.20,348.99,2.666,3.81,60.0,-1.05
3507.00,1077.36,4564.82,348.98,2.673,3.81,60.0,-0.97
3508.00,1076.85,4567.45,348.96,2.679,3.81,60.0,-0.90
3509.00,1076.34,4570.09,348.95,2.686,3.81,60.0,-0.82
3510.00,1075.82,4572.73,348.94,2.692,3.81,60.0,-0.75
3511.00,1075.30,4575.38,348.92,2.698,3.81,60.0,-0.68
3512.00,1074.78,4578.03,348.91,2.704,3.81,60.0,-0.62
3513.00,1074.26,4580.69,348.90,2.710,3.81,60.0,-0.55
3514.00,1073.74,4583.36,348.90,2.716,3.81,60.0,-0.49
3515.00,1073.21,4586.04,348.89,2.731,8.81,70.0,-0.37
3516.00,1072.69,4588.73,348.89,2.747,8.81,70.0,-0.26
3517.00,1072.15,4591.44,348.88,2.762,8.81,70.0,-0.15
3518.00,1071.62,4594.17,348.88,2.777,8.81,70.0,-0.05
3519.00,1071.08,4596.91,348.88,2.791,8.81,70.0,0.06
3520.00,1070.54,4599.66,348.89,2.805,8.81,70.0,0.15
3521.00,1069.99,4602.42,348.89,2.819,8.81,70.0,0.25
3522.00,1069.45,4605.20,348.90,2.833,8.81,70.0,0.34
3523.00,1068.90,4608.00,348.90,2.846,8.81,70.0,0.43
3524.00,1068.35,4610.80,348.91,2.859,8.81,70.0,0.52
3525.00,1067.80,4613.62,348.92,2.872,8.81,70.0,0.60
3526.00,1067.24,4616.45,348.93,2.885,13.81,70.0,0.74
3527.00,1066.69,4619.30,348.95,2.897,13.81,70.0,0.87
3528.00,1066.13,4622.14,348.96,2.899,0.71,60.0,0.85
3529.00,1065.58,4624.99,348.98,2.901,0.71,60.0,0.83
3530.00,1065.02,4627.84,348.99,2.903,0.71,60.0,0.81
3531.00,1064.47,4630.68,349.00,2.895,0.46,50.0,0.79
3532.00,1063.92,4633.51,349.02,2.887,0.46,50.0,0.77
3533.00,1063.37,4636.34,349.03,2.879,0.46,50.0,0.75
3534.00,1062.82,4639.16,349.04,2.872,0.39,50.0,0.73
3535.00,1062.28,4641.97,349.05,2.864,0.39,50.0,0.71
3536.00,1061.74,4644.78,349.06,2.857,0.39,50.0,0.69
3537.00,1061.19,4647.57,349.07,2.850,0.34,50.0,0.67
3538.00,1060.66,4650.36,349.09,2.843,0.34,50.0,0.65
3539.00,1060.12,4653.15,349.10,2.836,0.34,50.0,0.63
3540.00,1059.58,4655.93,349.11,2.829,0.29,50.0,0.62
3541.00,1059.05,4658.70,349.12,2.823,0.29,50.0,0.60
3542.00,1058.52,4661.47,349.13,2.816,0.29,50.0,0.58
3543.00,1057.99,4664.22,349.14,2.810,0.25,50.0,0.57
3544.00,1057.46,4666.98,349.14,2.804,0.25,50.0,0.55
3545.00,1056.93,4669.73,349.15,2.798,0.25,50.0,0.53
3546.00,1056.41,4672.47,349.16,2.792,0.22,50.0,0.52
3547.00,1055.88,4675.20,349.17,2.786,0.22,50.0,0.50
3548.00,1055.36,4677.93,349.18,2.780,0.22,50.0,0.49
3549.00,1054.84,4680.66,349.19,2.775,0.19,50.0,0.48
3550.00,1054.32,4683.38,349.19,2.769,0.19,50.0,0.46
3551.00,1053.80,4686.09,349.20,2.764,0.19,50.0,0.45
3552.00,1053.29,4688.80,349.21,2.758,0.17,50.0,0.44
3553.00,1052.77,4691.51,349.22,2.753,0.17,50.0,0.42
3554.00,1052.26,4694.21,349.22,2.748,0.17,50.0,0.41
3555.00,1051.74,4696.90,349.23,2.743,0.15,50.0,0.40
3556.00,1051.23,4699.59,349.24,2.738,0.15,50.0,0.39
3557.00,1050.72,4702.28,349.24,2.734,0.15,50.0,0.38
3558.00,1050.21,4704.96,349.25,2.729,0.14,50.0,0.36
3559.00,1049.70,4707.64,349.25,2.724,0.14,50.0,0.35
3560.00,1049.20,4710.31,349.26,2.720,0.14,50.0,0.34
3561.00,1048.69,4712.98,349.27,2.715,0.14,50.0,0.33
3562.00,1048.19,4715.64,349.27,2.711,0.14,50.0,0.32
3563.00,1047.68,4718.30,349.28,2.707,0.14,50.0,0.32
3564.00,1047.18,4720.95,349.28,2.703,0.13,50.0,0.31
3565.00,1046.68,4723.61,349.29,2.699,0.13,50.0,0.30
3566.00,1046.18,4726.25,349.29,2.695,0.13,50.0,0.29
3567.00,1045.68,4728.90,349.30,2.691,0.13,50.0,0.28
3568.00,1045.18,4731.54,349.30,2.687,0.13,50.0,0.27
3569.00,1044.68,4734.17,349.30,2.683,0.13,50.0,0.27
3570.00,1044.18,4736.81,349.31,2.680,0.13,50.0,0.26
3571.00,1043.68,4739.44,349.31,2.676,0.13,50.0,0.25
3572.00,1043.19,4742.06,349.32,2.672,0.13,50.0,0.24
3573.00,1042.69,4744.69,349.32,2.669,0.13,50.0,0.24
3574.00,1042.20,4747.31,349.33,2.666,0.13,50.0,0.23
3575.00,1041.71,4749.92,349.33,2.662,0.13,50.0,0.23
3576.00,1041.22,4752.53,349.33,2.659,0.13,50.0,0.22
3577.00,1040.72,4755.14,349.34,2.656,0.13,50.0,0.21
3578.00,1040.23,4757.76,349.34,2.663,5.13,60.0,0.27
3579.00,1039.74,4760.39,349.35,2.670,5.13,60.0,0.32
3580.00,1039.24,4763.02,349.35,2.676,5.13,60.0,0.36
3581.00,1038.75,4765.65,349.36,2.683,5.13,60.0,0.41
3582.00,1038.25,4768.29,349.37,2.689,5.13,60.0,0.45
3583.00,1037.75,4770.94,349.37,2.695,5.13,60.0,0.50
3584.00,1037.25,4773.60,349.38,2.701,5.13,60.0,0.54
3585.00,1036.76,4776.26,349.39,2.707,5.13,60.0,0.58
3586.00,1036.26,4778.93,349.40,2.713,5.13,60.0,0.62
3587.00,1035.76,4781.60,349.41,2.719,5.13,60.0,0.66
3588.00,1035.26,4784.28,349.43,2.724,5.13,60.0,0.70
3589.00,1034.75,4786.96,349.44,2.730,5.13,60.0,0.73
3590.00,1034.25,4789.65,349.45,2.735,5.13,60.0,0.76
3591.00,1033.75,4792.35,349.47,2.751,10.13,70.0,0.86
3592.00,1033.24,4795.07,349.48,2.766,10.13,70.0,0.94
3593.00,1032.74,4797.81,349.50,2.780,10.13,70.0,1.03
3594.00,1032.23,4800.55,349.52,2.795,10.13,70.0,1.11
3595.00,1031.72,4803.32,349.54,2.809,10.13,70.0,1.19
3596.00,1031.20,4806.09,349.56,2.823,10.13,70.0,1.26
3597.00,1030.69,4808.88,349.58,2.836,10.13,70.0,1.34
3598.00,1030.17,4811.68,349.60,2.850,10.13,70.0,1.41
3599.00,1029.66,4814.50,349.63,2.863,10.13,70.0,1.48
3600.00,1029.14,4817.33,349.65,2.875,10.13,70.0,1.54
3601.00,1028.62,4820.17,349.68,2.888,10.13,70.0,1.61
3602.00,1028.10,4823.02,349.71,2.900,10.13,70.0,1.67
3603.00,1027.59,4825.87,349.74,2.892,-0.64,50.0,1.61
3604.00,1027.07,4828.70,349.76,2.884,-0.64,50.0,1.55
3605.00,1026.56,4831.54,349.79,2.876,-0.64,50.0,1.49
3606.00,1026.05,4834.36,349.81,2.869,-0.78,50.0,1.43
3607.00,1025.54,4837.18,349.83,2.862,-0.78,50.0,1.37
3608.00,1025.04,4839.99,349.85,2.854,-0.78,50.0,1.32
3609.00,1024.54,4842.79,349.88,2.847,-0.94,50.0,1.26
3610.00,1024.04,4845.58,349.90,2.840,-0.94,50.0,1.21
3611.00,1023.54,4848.37,349.91,2.834,-0.94,50.0,1.16
3612.00,1023.05,4851.16,349.93,2.827,-1.07,50.0,1.11
3613.00,1022.55,4853.93,349.95,2.820,-1.07,50.0,1.06
3614.00,1022.06,4856.70,349.97,2.814,-1.07,50.0,1.01
3615.00,1021.57,4859.47,349.98,2.808,-1.18,50.0,0.96
3616.00,1021.09,4862.23,350.00,2.801,-1.18,50.0,0.92
3617.00,1020.60,4864.98,350.01,2.795,-1.18,50.0,0.87
3618.00,1020.12,4867.73,350.03,2.790,-1.27,50.0,0.83
3619.00,1019.64,4870.47,350.04,2.784,-1.27,50.0,0.79
3620.00,1019.16,4873.21,350.05,2.778,-1.27,50.0,0.75
3621.00,1018.68,4875.94,350.07,2.772,-1.35,50.0,0.71
3622.00,1018.20,4878.66,350.08,2.767,-1.35,50.0,0.67
3623.00,1017.72,4881.38,350.09,2.762,-1.35,50.0,0.63
3624.00,1017.25,4884.10,350.10,2.756,-1.40,50.0,0.59
3625.00,1016.78,4886.81,350.11,2.751,-1.40,50.0,0.56
3626.00,1016.30,4889.51,350.11,2.746,-1.40,50.0,0.52
3627.00,1015.83,4892.21,350.12,2.741,-1.44,50.0,0.49
3628.00,1015.36,4894.91,350.13,2.737,-1.44,50.0,0.46
3629.00,1014.90,4897.60,350.14,2.732,-1.44,50.0,0.42
3630.00,1014.43,4900.29,350.14,2.727,-1.47,50.0,0.39
3631.00,1013.96,4902.97,350.15,2.723,-1.47,50.0,0.36
3632.00,1013.50,4905.65,350.16,2.718,-1.47,50.0,0.34
3633.00,1013.03,4908.32,350.16,2.714,-1.48,50.0,0.31
3634.00,1012.57,4910.99,350.17,2.710,-1.48,50.0,0.28
3635.00,1012.11,4913.66,350.17,2.705,-1.48,50.0,0.25
3636.00,1011.65,4916.32,350.17,2.701,-1.48,50.0,0.23
3637.00,1011.19,4918.98,350.18,2.697,-1.48,50.0,0.20
3638.00,1010.73,4921.63,350.18,2.693,-1.48,50.0,0.18
3639.00,1010.27,4924.28,350.18,2.689,-1.47,50.0,0.16
3640.00,1009.81,4926.93,350.18,2.686,-1.47,50.0,0.14
3641.00,1009.35,4929.57,350.19,2.682,-1.47,50.0,0.11
3642.00,1008.90,4932.21,350.19,2.678,-1.45,50.0,0.09
3643.00,1008.44,4934.85,350.19,2.675,-1.45,50.0,0.07
3644.00,1007.99,4937.48,350.19,2.671,-1.45,50.0,0.06
3645.00,1007.53,4940.11,350.19,2.668,-1.41,50.0,0.04
3646.00,1007.08,4942.73,350.19,2.664,-1.41,50.0,0.02
3647.00,1006.62,4945.35,350.19,2.661,-1.41,50.0,0.00
3648.00,1006.17,4947.97,350.19,2.658,-1.38,50.0,-0.01
3649.00,1005.72,4950.59,350.19,2.655,-1.38,50.0,-0.03
3650.00,1005.27,4953.20,350.19,2.652,-1.38,50.0,-0.04
3651.00,1004.82,4955.81,350.19,2.649,-1.38,50.0,-0.06
3652.00,1004.37,4958.42,350.19,2.646,-1.38,50.0,-0.07
3653.00,1003.92,4961.02,350.19,2.643,-1.38,50.0,-0.08
3654.00,1003.47,4963.62,350.18,2.640,-1.38,50.0,-0.10
3655.00,1003.02,4966.22,350.18,2.637,-1.38,50.0,-0.11
3656.00,1002.57,4968.82,350.18,2.634,-1.38,50.0,-0.12
3657.00,1002.12,4971.41,350.18,2.632,-1.38,50.0,-0.13
3658.00,1001.67,4974.00,350.18,2.629,-1.38,50.0,-0.14
3659.00,1001.22,4976.59,350.17,2.626,-1.38,50.0,-0.16
3660.00,1000.77,4979.19,350.17,2.634,3.62,60.0,-0.11
3661.00,1000.32,4981.79,350.17,2.641,3.62,60.0,-0.06
3662.00,999.87,4984.40,350.17,2.648,3.62,60.0,-0.02
3663.00,999.42,4987.01,350.17,2.655,3.62,60.0,0.02
3664.00,998.96,4989.64,350.17,2.662,3.62,60.0,0.06
3665.00,998.51,4992.27,350.17,2.669,3.62,60.0,0.10
3666.00,998.05,4994.90,350.18,2.676,3.62,60.0,0.14
3667.00,997.59,4997.55,350.18,2.682,3.62,60.0,0.18
3668.00,997.13,5000.20,350.18,2.689,3.62,60.0,0.21
3669.00,996.67,5002.85,350.19,2.695,3.62,60.0,0.25
3670.00,996.21,5005.52,350.19,2.711,8.62,70.0,0.34
3671.00,995.75,5008.21,350.20,2.727,8.62,70.0,0.42
3672.00,995.28,5010.90,350.21,2.732,-1.05,60.0,0.40
3673.00,994.82,5013.60,350.21,2.738,-1.05,60.0,0.37
3674.00,994.35,5016.30,350.22,2.743,-1.05,60.0,0.35
3675.00,993.88,5019.00,350.22,2.738,-1.09,50.0,0.32
3676.00,993.42,5021.69,350.23,2.733,-1.09,50.0,0.30
3677.00,992.96,5024.38,350.23,2.728,-1.09,50.0,0.28
3678.00,992.49,5027.07,350.24,2.724,-1.09,50.0,0.26
3679.00,992.03,5029.75,350.24,2.719,-1.09,50.0,0.24
3680.00,991.57,5032.42,350.24,2.715,-1.09,50.0,0.22
3681.00,991.11,5035.09,350.25,2.711,-1.09,50.0,0.20
3682.00,990.66,5037.76,350.25,2.707,-1.09,50.0,0.18
3683.00,990.20,5040.42,350.25,2.702,-1.09,50.0,0.16
3684.00,989.74,5043.08,350.26,2.698,-1.07,50.0,0.14
3685.00,989.29,5045.74,350.26,2.694,-1.07,50.0,0.12
3686.00,988.83,5048.39,350.26,2.690,-1.07,50.0,0.11
3687.00,988.38,5051.04,350.26,2.687,-1.05,50.0,0.09
3688.00,987.92,5053.68,350.26,2.683,-1.05,50.0,0.08
3689.00,987.47,5056.32,350.26,2.679,-1.05,50.0,0.06
3690.00,987.02,5058.96,350.26,2.676,-1.02,50.0,0.05
3691.00,986.56,5061.59,350.27,2.672,-1.02,50.0,0.04
3692.00,986.11,5064.23,350.27,2.669,-1.02,50.0,0.02
3693.00,985.66,5066.85,350.27,2.665,-0.98,50.0,0.01
3694.00,985.21,5069.48,350.27,2.662,-0.98,50.0,-0.00
3695.00,984.76,5072.10,350.27,2.659,-0.98,50.0,-0.01
3696.00,984.31,5074.71,350.26,2.656,-0.94,50.0,-0.02
3697.00,983.86,5077.33,350.26,2.653,-0.94,50.0,-0.03
3698.00,983.42,5079.94,350.26,2.649,-0.94,50.0,-0.04
3699.00,982.97,5082.55,350.26,2.646,-0.89,50.0,-0.05
3700.00,982.52,5085.15,350.26,2.644,-0.89,50.0,-0.06
3701.00,982.08,5087.76,350.26,2.641,-0.89,50.0,-0.07
3702.00,981.63,5090.36,350.26,2.638,-0.89,50.0,-0.08
3703.00,981.18,5092.95,350.26,2.635,-0.89,50.0,-0.08
3704.00,980.74,5095.55,350.26,2.632,-0.89,50.0,-0.09
3705.00,980.29,5098.14,350.25,2.630,-0.89,50.0,-0.10
3706.00,979.85,5100.73,350.25,2.627,-0.89,50.0,-0.11
3707.00,979.40,5103.32,350.25,2.625,-0.89,50.0,-0.11
3708.00,978.96,5105.90,350.25,2.622,-0.89,50.0,-0.12
3709.00,978.52,5108.48,350.25,2.620,-0.89,50.0,-0.12
3710.00,978.07,5111.06,350.25,2.617,-0.89,50.0,-0.13
3711.00,977.63,5113.64,350.24,2.615,-0.89,50.0,-0.14
3712.00,977.19,5116.21,350.24,2.613,-0.89,50.0,-0.14
3713.00,976.74,5118.80,350.24,2.620,4.11,60.0,-0.09
3714.00,976.30,5121.39,350.24,2.628,4.11,60.0,-0.04
3715.00,975.85,5123.98,350.24,2.635,4.11,60.0,0.01
3716.00,975.40,5126.59,350.24,2.643,4.11,60.0,0.05
3717.00,974.95,5129.20,350.24,2.650,4.11,60.0,0.10
3718.00,974.50,5131.82,350.24,2.657,4.11,60.0,0.14
3719.00,974.05,5134.44,350.25,2.664,4.11,60.0,0.19
3720.00,973.60,5137.07,350.25,2.670,4.11,60.0,0.23
3721.00,973.15,5139.71,350.25,2.677,4.11,60.0,0.27
3722.00,972.69,5142.36,350.26,2.684,4.11,60.0,0.30
3723.00,972.24,5145.01,350.27,2.690,4.11,60.0,0.34
3724.00,971.78,5147.67,350.27,2.696,4.11,60.0,0.38
3725.00,971.32,5150.34,350.28,2.712,9.11,70.0,0.47
3726.00,970.86,5153.02,350.29,2.718,-0.55,60.0,0.45
3727.00,970.40,5155.70,350.29,2.724,-0.55,60.0,0.42
3728.00,969.94,5158.39,350.30,2.729,-0.55,60.0,0.40
3729.00,969.48,5161.08,350.31,2.724,-0.61,50.0,0.38
3730.00,969.03,5163.76,350.31,2.720,-0.61,50.0,0.36
3731.00,968.57,5166.44,350.32,2.716,-0.61,50.0,0.34
3732.00,968.11,5169.11,350.32,2.711,-0.62,50.0,0.33
3733.00,967.66,5171.78,350.33,2.707,-0.62,50.0,0.31
3734.00,967.20,5174.44,350.33,2.703,-0.62,50.0,0.29
3735.00,966.75,5177.10,350.34,2.699,-0.62,50.0,0.27
3736.00,966.30,5179.76,350.34,2.695,-0.62,50.0,0.26
3737.00,965.85,5182.41,350.35,2.691,-0.62,50.0,0.24
3738.00,965.40,5185.06,350.35,2.687,-0.62,50.0,0.23
3739.00,964.95,5187.71,350.35,2.683,-0.62,50.0,0.21
3740.00,964.50,5190.35,350.36,2.680,-0.62,50.0,0.20
3741.00,964.05,5192.99,350.36,2.676,-0.61,50.0,0.18
3742.00,963.60,5195.62,350.36,2.673,-0.61,50.0,0.17
3743.00,963.16,5198.25,350.37,2.669,-0.61,50.0,0.16
3744.00,962.71,5200.88,350.37,2.666,-0.60,50.0,0.15
3745.00,962.26,5203.51,350.37,2.662,-0.60,50.0,0.13
3746.00,961.82,5206.13,350.37,2.659,-0.60,50.0,0.12
3747.00,961.38,5208.75,350.37,2.656,-0.57,50.0,0.11
3748.00,960.93,5211.36,350.38,2.653,-0.57,50.0,0.10
3749.00,960.49,5213.97,350.38,2.650,-0.57,50.0,0.09
3750.00,960.05,5216.58,350.38,2.647,-0.55,50.0,0.08
3751.00,959.60,5219.19,350.38,2.644,-0.55,50.0,0.07
3752.00,959.16,5221.79,350.38,2.641,-0.55,50.0,0.07
3753.00,958.72,5224.40,350.38,2.638,-0.52,50.0,0.06
3754.00,958.28,5226.99,350.38,2.635,-0.52,50.0,0.05
3755.00,957.84,5229.59,350.38,2.633,-0.52,50.0,0.04
3756.00,957.40,5232.18,350.38,2.630,-0.49,50.0,0.03
3757.00,956.96,5234.77,350.39,2.627,-0.49,50.0,0.03
3758.00,956.53,5237.36,350.39,2.625,-0.49,50.0,0.02
3759.00,956.09,5239.95,350.39,2.622,-0.49,50.0,0.02
3760.00,955.65,5242.53,350.39,2.620,-0.49,50.0,0.01
3761.00,955.21,5245.11,350.39,2.618,-0.49,50.0,0.00
3762.00,954.78,5247.69,350.39,2.615,-0.49,50.0,-0.00
3763.00,954.34,5250.27,350.39,2.613,-0.49,50.0,-0.01
3764.00,953.90,5252.84,350.39,2.611,-0.49,50.0,-0.01
3765.00,953.47,5255.41,350.39,2.608,-0.49,50.0,-0.02
3766.00,953.03,5257.98,350.39,2.606,-0.49,50.0,-0.02
3767.00,952.60,5260.55,350.38,2.604,-0.49,50.0,-0.03
3768.00,952.16,5263.11,350.38,2.602,-0.49,50.0,-0.03
3769.00,951.73,5265.69,350.38,2.610,4.51,60.0,0.02
3770.00,951.29,5268.27,350.39,2.618,4.51,60.0,0.07
3771.00,950.85,5270.86,350.39,2.625,4.51,60.0,0.12
3772.00,950.41,5273.45,350.39,2.633,4.51,60.0,0.17
3773.00,949.97,5276.06,350.39,2.640,4.51,60.0,0.21
3774.00,949.53,5278.67,350.40,2.648,4.51,60.0,0.26
3775.00,949.09,5281.28,350.40,2.655,4.51,60.0,0.30
3776.00,948.64,5283.91,350.41,2.661,4.51,60.0,0.34
3777.00,948.20,5286.54,350.42,2.668,4.51,60.0,0.38
3778.00,947.75,5289.18,350.42,2.675,4.51,60.0,0.42
3779.00,947.31,5291.82,350.43,2.681,4.51,60.0,0.46
3780.00,946.86,5294.47,350.44,2.688,4.51,60.0,0.50
3781.00,946.41,5297.13,350.45,2.694,4.51,60.0,0.53
3782.00,945.96,5299.80,350.46,2.710,9.51,70.0,0.62
3783.00,945.51,5302.48,350.47,2.716,-0.34,60.0,0.60
3784.00,945.06,5305.16,350.48,2.722,-0.34,60.0,0.57
3785.00,944.61,5307.85,350.49,2.727,-0.34,60.0,0.55
3786.00,944.16,5310.54,350.50,2.723,-0.40,50.0,0.53
3787.00,943.71,5313.22,350.50,2.718,-0.40,50.0,0.51
3788.00,943.26,5315.90,350.51,2.714,-0.40,50.0,0.48
3789.00,942.82,5318.57,350.52,2.710,-0.44,50.0,0.46
3790.00,942.37,5321.24,350.53,2.705,-0.44,50.0,0.44
3791.00,941.93,5323.90,350.53,2.701,-0.44,50.0,0.42
3792.00,941.48,5326.56,350.54,2.697,-0.46,50.0,0.40
3793.00,941.04,5329.22,350.55,2.693,-0.46,50.0,0.38
3794.00,940.60,5331.87,350.55,2.689,-0.46,50.0,0.37
3795.00,940.16,5334.52,350.56,2.686,-0.48,50.0,0.35
3796.00,939.72,5337.17,350.56,2.682,-0.48,50.0,0.33
3797.00,939.28,5339.81,350.57,2.678,-0.48,50.0,0.32
3798.00,938.84,5342.45,350.57,2.675,-0.49,50.0,0.30
3799.00,938.40,5345.08,350.58,2.671,-0.49,50.0,0.28
3800.00,937.97,5347.71,350.58,2.668,-0.49,50.0,0.27
3801.00,937.53,5350.34,350.59,2.664,-0.49,50.0,0.25
3802.00,937.10,5352.97,350.59,2.661,-0.49,50.0,0.24
3803.00,936.66,5355.59,350.60,2.658,-0.49,50.0,0.23
3804.00,936.23,5358.21,350.60,2.655,-0.48,50.0,0.21
3805.00,935.79,5360.82,350.60,2.652,-0.48,50.0,0.20
3806.00,935.36,5363.44,350.61,2.649,-0.48,50.0,0.19
3807.00,934.93,5366.05,350.61,2.646,-0.47,50.0,0.18
3808.00,934.50,5368.65,350.61,2.643,-0.47,50.0,0.17
3809.00,934.07,5371.26,350.61,2.640,-0.47,50.0,0.15
3810.00,933.64,5373.86,350.62,2.637,-0.46,50.0,0.14
3811.00,933.21,5376.46,350.62,2.634,-0.46,50.0,0.13
3812.00,932.78,5379.06,350.62,2.632,-0.46,50.0,0.12
3813.00,932.35,5381.65,350.62,2.629,-0.44,50.0,0.12
3814.00,931.92,5384.24,350.62,2.626,-0.44,50.0,0.11
3815.00,931.50,5386.83,350.63,2.624,-0.44,50.0,0.10
3816.00,931.07,5389.42,350.63,2.621,-0.42,50.0,0.09
3817.00,930.64,5392.00,350.63,2.619,-0.42,50.0,0.08
3818.00,930.22,5394.58,350.63,2.617,-0.42,50.0,0.07
3819.00,929.79,5397.16,350.63,2.614,-0.39,50.0,0.07
3820.00,929.37,5399.74,350.63,2.612,-0.39,50.0,0.06
3821.00,928.94,5402.31,350.63,2.610,-0.39,50.0,0.05
3822.00,928.52,5404.89,350.63,2.608,-0.39,50.0,0.05
3823.00,928.09,5407.46,350.63,2.605,-0.39,50.0,0.04
3824.00,927.67,5410.03,350.64,2.603,-0.39,50.0,0.04
3825.00,927.25,5412.59,350.64,2.601,-0.39,50.0,0.03
3826.00,926.82,5415.16,350.64,2.599,-0.39,50.0,0.03
3827.00,926.40,5417.72,350.64,2.597,-0.39,50.0,0.02
3828.00,925.98,5420.28,350.64,2.595,-0.39,50.0,0.01
3829.00,925.56,5422.84,350.64,2.593,-0.39,50.0,0.01
3830.00,925.13,5425.40,350.64,2.592,-0.39,50.0,0.01
3831.00,924.71,5427.95,350.64,2.590,-0.39,50.0,0.00
3832.00,924.29,5430.51,350.64,2.588,-0.39,50.0,-0.00
3833.00,923.87,5433.07,350.64,2.596,4.61,60.0,0.05
3834.00,923.45,5435.64,350.64,2.604,4.61,60.0,0.10
3835.00,923.02,5438.21,350.64,2.612,4.61,60.0,0.15
3836.00,922.60,5440.80,350.65,2.620,4.61,60.0,0.20
3837.00,922.17,5443.39,350.65,2.627,4.61,60.0,0.24
3838.00,921.74,5445.99,350.65,2.635,4.61,60.0,0.29
3839.00,921.31,5448.60,350.66,2.642,4.61,60.0,0.33
3840.00,920.88,5451.21,350.67,2.649,4.61,60.0,0.37
3841.00,920.45,5453.83,350.67,2.656,4.61,60.0,0.41
3842.00,920.02,5456.46,350.68,2.663,4.61,60.0,0.45
3843.00,919.59,5459.10,350.69,2.670,4.61,60.0,0.49
3844.00,919.15,5461.75,350.70,2.687,9.61,70.0,0.58
3845.00,918.71,5464.42,350.71,2.703,9.61,70.0,0.67
3846.00,918.28,5467.09,350.72,2.709,-0.27,60.0,0.65
3847.00,917.84,5469.77,350.73,2.715,-0.27,60.0,0.62
3848.00,917.40,5472.45,350.74,2.720,-0.27,60.0,0.60
3849.00,916.96,5475.13,350.75,2.716,-0.34,50.0,0.58
3850.00,916.53,5477.81,350.76,2.712,-0.34,50.0,0.55
3851.00,916.09,5480.48,350.77,2.707,-0.34,50.0,0.53
3852.00,915.66,5483.15,350.78,2.703,-0.38,50.0,0.51
3853.00,915.23,5485.81,350.78,2.699,-0.38,50.0,0.49
3854.00,914.80,5488.47,350.79,2.695,-0.38,50.0,0.47
3855.00,914.37,5491.13,350.80,2.691,-0.42,50.0,0.45
3856.00,913.94,5493.78,350.81,2.687,-0.42,50.0,0.43
3857.00,913.51,5496.43,350.81,2.684,-0.42,50.0,0.41
3858.00,913.08,5499.08,350.82,2.680,-0.44,50.0,0.39
3859.00,912.65,5501.72,350.83,2.676,-0.44,50.0,0.37
3860.00,912.23,5504.36,350.83,2.673,-0.44,50.0,0.35
3861.00,911.80,5507.00,350.84,2.669,-0.46,50.0,0.34
3862.00,911.38,5509.63,350.84,2.666,-0.46,50.0,0.32
3863.00,910.95,5512.26,350.85,2.663,-0.46,50.0,0.30
3864.00,910.53,5514.88,350.85,2.659,-0.47,50.0,0.29
3865.00,910.11,5517.50,350.86,2.656,-0.47,50.0,0.27
3866.00,909.69,5520.12,350.86,2.653,-0.47,50.0,0.26
3867.00,909.26,5522.74,350.87,2.650,-0.47,50.0,0.24
3868.00,908.84,5525.35,350.87,2.647,-0.47,50.0,0.23
3869.00,908.42,5527.96,350.87,2.644,-0.47,50.0,0.22
3870.00,908.01,5530.57,350.88,2.641,-0.46,50.0,0.21
3871.00,907.59,5533.18,350.88,2.638,-0.46,50.0,0.19
3872.00,907.17,5535.78,350.88,2.636,-0.46,50.0,0.18
3873.00,906.75,5538.38,350.89,2.633,-0.45,50.0,0.17
3874.00,906.34,5540.98,350.89,2.630,-0.45,50.0,0.16
3875.00,905.92,5543.57,350.89,2.628,-0.45,50.0,0.15
3876.00,905.50,5546.16,350.89,2.625,-0.44,50.0,0.14
3877.00,905.09,5548.75,350.90,2.623,-0.44,50.0,0.13
3878.00,904.67,5551.34,350.90,2.620,-0.44,50.0,0.12
3879.00,904.26,5553.92,350.90,2.618,-0.42,50.0,0.11
3880.00,903.85,5556.51,350.90,2.615,-0.42,50.0,0.10
3881.00,903.43,5559.09,350.90,2.613,-0.42,50.0,0.09
3882.00,903.02,5561.67,350.90,2.611,-0.40,50.0,0.09
3883.00,902.61,5564.24,350.91,2.609,-0.40,50.0,0.08
3884.00,902.20,5566.82,350.91,2.606,-0.40,50.0,0.07
3885.00,901.78,5569.39,350.91,2.604,-0.37,50.0,0.07
3886.00,901.37,5571.96,350.91,2.602,-0.37,50.0,0.06
3887.00,900.96,5574.52,350.91,2.600,-0.37,50.0,0.05
3888.00,900.55,5577.09,350.91,2.598,-0.34,50.0,0.05
3889.00,900.14,5579.65,350.91,2.596,-0.34,50.0,0.04
3890.00,899.73,5582.21,350.91,2.594,-0.34,50.0,0.04
3891.00,899.32,5584.77,350.91,2.592,-0.31,50.0,0.03
3892.00,898.91,5587.33,350.91,2.591,-0.31,50.0,0.03
3893.00,898.50,5589.89,350.91,2.589,-0.31,50.0,0.02
3894.00,898.10,5592.44,350.91,2.587,-0.28,50.0,0.02
3895.00,897.69,5595.00,350.91,2.585,-0.28,50.0,0.02
3896.00,897.28,5597.55,350.91,2.584,-0.28,50.0,0.01
3897.00,896.87,5600.10,350.91,2.582,-0.24,50.0,0.01
3898.00,896.46,5602.65,350.91,2.580,-0.24,50.0,0.01
3899.00,896.06,5605.19,350.91,2.579,-0.24,50.0,0.00
3900.00,895.65,5607.74,350.91,2.577,-0.24,50.0,-0.00
3901.00,895.24,5610.28,350.91,2.576,-0.24,50.0,-0.00
3902.00,894.84,5612.82,350.91,2.574,-0.24,50.0,-0.01
3903.00,894.43,5615.36,350.91,2.573,-0.24,50.0,-0.01
3904.00,894.03,5617.90,350.91,2.571,-0.24,50.0,-0.01
3905.00,893.62,5620.44,350.91,2.570,-0.24,50.0,-0.01
3906.00,893.21,5622.97,350.91,2.568,-0.24,50.0,-0.02
3907.00,892.81,5625.51,350.91,2.567,-0.24,50.0,-0.02
3908.00,892.40,5628.04,350.91,2.566,-0.24,50.0,-0.02
3909.00,892.00,5630.58,350.91,2.574,4.76,60.0,0.03
3910.00,891.59,5633.13,350.91,2.583,4.76,60.0,0.09
3911.00,891.18,5635.69,350.92,2.591,4.76,60.0,0.14
3912.00,890.77,5638.26,350.92,2.599,4.76,60.0,0.19
3913.00,890.36,5640.83,350.92,2.607,4.76,60.0,0.24
3914.00,889.95,5643.42,350.93,2.615,4.76,60.0,0.28
3915.00,889.53,5646.01,350.93,2.623,4.76,60.0,0.33
3916.00,889.12,5648.60,350.94,2.630,4.76,60.0,0.37
3917.00,888.70,5651.21,350.95,2.638,4.76,60.0,0.41
3918.00,888.29,5653.82,350.96,2.645,4.76,60.0,0.45
3919.00,887.87,5656.44,350.96,2.652,4.76,60.0,0.49
3920.00,887.45,5659.07,350.97,2.659,4.76,60.0,0.53
3921.00,887.03,5661.70,350.98,2.666,-0.11,60.0,0.51
3922.00,886.61,5664.34,350.99,2.673,-0.11,60.0,0.49
3923.00,886.19,5666.98,351.00,2.679,-0.11,60.0,0.48
3924.00,885.78,5669.63,351.00,2.676,-0.16,50.0,0.46
3925.00,885.36,5672.27,351.01,2.672,-0.16,50.0,0.44
3926.00,884.94,5674.90,351.02,2.669,-0.16,50.0,0.43
3927.00,884.52,5677.53,351.03,2.665,-0.19,50.0,0.41
3928.00,884.11,5680.16,351.03,2.662,-0.19,50.0,0.39
3929.00,883.70,5682.79,351.04,2.659,-0.19,50.0,0.38
3930.00,883.28,5685.41,351.04,2.656,-0.21,50.0,0.36
3931.00,882.87,5688.03,351.05,2.652,-0.21,50.0,0.35
3932.00,882.46,5690.65,351.06,2.649,-0.21,50.0,0.33
3933.00,882.05,5693.26,351.06,2.646,-0.22,50.0,0.32
3934.00,881.63,5695.88,351.07,2.643,-0.22,50.0,0.31
3935.00,881.22,5698.48,351.07,2.641,-0.22,50.0,0.29
3936.00,880.82,5701.09,351.08,2.638,-0.23,50.0,0.28
3937.00,880.41,5703.69,351.08,2.635,-0.23,50.0,0.27
3938.00,880.00,5706.29,351.08,2.632,-0.23,50.0,0.26
3939.00,879.59,5708.89,351.09,2.630,-0.24,50.0,0.25
3940.00,879.18,5711.49,351.09,2.627,-0.24,50.0,0.24
3941.00,878.78,5714.08,351.10,2.625,-0.24,50.0,0.23
3942.00,878.37,5716.67,351.10,2.622,-0.23,50.0,0.22
3943.00,877.97,5719.26,351.10,2.620,-0.23,50.0,0.21
3944.00,877.56,5721.84,351.11,2.617,-0.23,50.0,0.20
3945.00,877.16,5724.43,351.11,2.615,-0.23,50.0,0.19
3946.00,876.75,5727.01,351.11,2.613,-0.23,50.0,0.18
3947.00,876.35,5729.59,351.12,2.610,-0.23,50.0,0.17
3948.00,875.95,5732.16,351.12,2.608,-0.22,50.0,0.16
3949.00,875.55,5734.74,351.12,2.606,-0.22,50.0,0.15
3950.00,875.14,5737.31,351.12,2.604,-0.22,50.0,0.15
3951.00,874.74,5739.88,351.13,2.602,-0.20,50.0,0.14
3952.00,874.34,5742.45,351.13,2.600,-0.20,50.0,0.13
3953.00,873.94,5745.02,351.13,2.598,-0.20,50.0,0.13
3954.00,873.54,5747.58,351.13,2.596,-0.18,50.0,0.12
3955.00,873.14,5750.15,351.13,2.594,-0.18,50.0,0.11
3956.00,872.74,5752.71,351.14,2.592,-0.18,50.0,0.11
3957.00,872.34,5755.27,351.14,2.590,-0.16,50.0,0.10
3958.00,871.94,5757.82,351.14,2.588,-0.16,50.0,0.10
3959.00,871.54,5760.38,351.14,2.587,-0.16,50.0,0.09
3960.00,871.15,5762.93,351.14,2.585,-0.14,50.0,0.09
3961.00,870.75,5765.49,351.14,2.583,-0.14,50.0,0.08
3962.00,870.35,5768.04,351.14,2.581,-0.14,50.0,0.08
3963.00,869.95,5770.59,351.15,2.580,-0.12,50.0,0.07
3964.00,869.56,5773.13,351.15,2.578,-0.12,50.0,0.07
3965.00,869.16,5775.68,351.15,2.577,-0.12,50.0,0.07
3966.00,868.76,5778.22,351.15,2.575,-0.09,50.0,0.06
3967.00,868.37,5780.77,351.15,2.574,-0.09,50.0,0.06
3968.00,867.97,5783.31,351.15,2.572,-0.09,50.0,0.06
3969.00,867.58,5785.85,351.15,2.571,-0.06,50.0,0.05
3970.00,867.18,5788.39,351.15,2.569,-0.06,50.0,0.05
3971.00,866.79,5790.92,351.15,2.568,-0.06,50.0,0.05
3972.00,866.39,5793.46,351.15,2.567,-0.04,50.0,0.05
3973.00,866.00,5795.99,351.16,2.565,-0.04,50.0,0.05
3974.00,865.60,5798.53,351.16,2.564,-0.04,50.0,0.04
3975.00,865.21,5801.06,351.16,2.563,-0.01,50.0,0.04
3976.00,864.82,5803.59,351.16,2.561,-0.01,50.0,0.04
3977.00,864.42,5806.12,351.16,2.560,-0.01,50.0,0.04
3978.00,864.03,5808.65,351.16,2.559,0.02,50.0,0.04
3979.00,863.64,5811.18,351.16,2.558,0.02,50.0,0.04
3980.00,863.24,5813.70,351.16,2.557,0.02,50.0,0.04
3981.00,862.85,5816.23,351.16,2.556,0.02,50.0,0.04
3982.00,862.46,5818.75,351.16,2.554,0.02,50.0,0.03
3983.00,862.07,5821.28,351.16,2.553,0.02,50.0,0.03
3984.00,861.67,5823.80,351.16,2.552,0.02,50.0,0.03
3985.00,861.28,5826.32,351.16,2.551,0.02,50.0,0.03
3986.00,860.89,5828.84,351.16,2.550,0.02,50.0,0.03
3987.00,860.50,5831.36,351.16,2.549,0.02,50.0,0.03
3988.00,860.11,5833.87,351.16,2.548,0.02,50.0,0.03
3989.00,859.72,5836.39,351.16,2.547,0.02,50.0,0.03
3990.00,859.32,5838.91,351.17,2.546,0.02,50.0,0.03
3991.00,858.93,5841.42,351.17,2.545,0.02,50.0,0.03
3992.00,858.54,5843.95,351.17,2.554,5.02,60.0,0.08
3993.00,858.15,5846.48,351.17,2.563,5.02,60.0,0.14
3994.00,857.75,5849.02,351.17,2.572,5.02,60.0,0.19
3995.00,857.36,5851.57,351.18,2.581,5.02,60.0,0.24
3996.00,856.96,5854.13,351.18,2.589,5.02,60.0,0.29
3997.00,856.56,5856.70,351.19,2.597,5.02,60.0,0.34
3998.00,856.16,5859.27,351.19,2.605,5.02,60.0,0.39
3999.00,855.76,5861.85,351.20,2.613,5.02,60.0,0.43
4000.00,855.36,5864.44,351.21,2.621,5.02,60.0,0.47
4001.00,854.96,5867.04,351.22,2.629,5.02,60.0,0.51
4002.00,854.56,5869.65,351.23,2.636,5.02,60.0,0.56
4003.00,854.15,5872.26,351.24,2.643,5.02,60.0,0.59
4004.00,853.75,5874.89,351.25,2.660,10.02,70.0,0.69
4005.00,853.34,5877.52,351.26,2.667,0.08,60.0,0.67
4006.00,852.94,5880.17,351.27,2.674,0.08,60.0,0.65
4007.00,852.53,5882.82,351.28,2.680,0.08,60.0,0.62
4008.00,852.12,5885.46,351.29,2.677,0.01,50.0,0.60
4009.00,851.72,5888.10,351.30,2.673,0.01,50.0,0.58
4010.00,851.31,5890.74,351.31,2.670,0.01,50.0,0.56
4011.00,850.91,5893.38,351.32,2.666,-0.04,50.0,0.55
4012.00,850.51,5896.01,351.33,2.663,-0.04,50.0,0.53
4013.00,850.11,5898.64,351.34,2.660,-0.04,50.0,0.51
4014.00,849.71,5901.27,351.34,2.657,-0.08,50.0,0.49
4015.00,849.31,5903.89,351.35,2.653,-0.08,50.0,0.47
4016.00,848.91,5906.51,351.36,2.650,-0.08,50.0,0.46
4017.00,848.51,5909.13,351.37,2.647,-0.12,50.0,0.44
4018.00,848.12,5911.74,351.37,2.644,-0.12,50.0,0.42
4019.00,847.72,5914.35,351.38,2.642,-0.12,50.0,0.41
4020.00,847.32,5916.96,351.39,2.639,-0.14,50.0,0.39
4021.00,846.93,5919.57,351.39,2.636,-0.14,50.0,0.38
4022.00,846.54,5922.17,351.40,2.633,-0.14,50.0,0.36
4023.00,846.14,5924.77,351.41,2.631,-0.16,50.0,0.35
4024.00,845.75,5927.37,351.41,2.628,-0.16,50.0,0.34
4025.00,845.36,5929.97,351.42,2.625,-0.16,50.0,0.32
4026.00,844.97,5932.56,351.42,2.623,-0.18,50.0,0.31
4027.00,844.58,5935.15,351.43,2.620,-0.18,50.0,0.30
4028.00,844.18,5937.74,351.43,2.618,-0.18,50.0,0.29
4029.00,843.80,5940.33,351.44,2.616,-0.19,50.0,0.28
4030.00,843.41,5942.91,351.44,2.613,-0.19,50.0,0.26
4031.00,843.02,5945.49,351.44,2.611,-0.19,50.0,0.25
4032.00,842.63,5948.07,351.45,2.609,-0.19,50.0,0.24
4033.00,842.24,5950.65,351.45,2.607,-0.19,50.0,0.23
4034.00,841.85,5953.23,351.46,2.605,-0.19,50.0,0.22
4035.00,841.47,5955.80,351.46,2.602,-0.19,50.0,0.21
4036.00,841.08,5958.37,351.46,2.600,-0.19,50.0,0.20
4037.00,840.70,5960.94,351.47,2.598,-0.19,50.0,0.19
4038.00,840.31,5963.51,351.47,2.596,-0.18,50.0,0.19
4039.00,839.93,5966.07,351.47,2.594,-0.18,50.0,0.18
4040.00,839.54,5968.64,351.48,2.593,-0.18,50.0,0.17
4041.00,839.16,5971.20,351.48,2.591,-0.17,50.0,0.16
4042.00,838.77,5973.76,351.48,2.589,-0.17,50.0,0.15
4043.00,838.39,5976.32,351.48,2.587,-0.17,50.0,0.15
4044.00,838.01,5978.88,351.49,2.585,-0.16,50.0,0.14
4045.00,837.62,5981.43,351.49,2.584,-0.16,50.0,0.13
4046.00,837.24,5983.99,351.49,2.582,-0.16,50.0,0.13
4047.00,836.86,5986.54,351.49,2.580,-0.15,50.0,0.12
4048.00,836.48,5989.09,351.49,2.579,-0.15,50.0,0.12
4049.00,836.10,5991.64,351.50,2.577,-0.15,50.0,0.11
4050.00,835.72,5994.18,351.50,2.576,-0.13,50.0,0.11
4051.00,835.34,5996.73,351.50,2.574,-0.13,50.0,0.10
4052.00,834.96,5999.27,351.50,2.573,-0.13,50.0,0.10
4053.00,834.58,6001.82,351.50,2.571,-0.11,50.0,0.09
4054.00,834.20,6004.36,351.50,2.570,-0.11,50.0,0.09
4055.00,833.82,6006.90,351.50,2.568,-0.11,50.0,0.08
4056.00,833.44,6009.44,351.51,2.567,-0.09,50.0,0.08
4057.00,833.06,6011.98,351.51,2.566,-0.09,50.0,0.08
4058.00,832.68,6014.51,351.51,2.564,-0.09,50.0,0.07
4059.00,832.30,6017.05,351.51,2.563,-0.06,50.0,0.07
4060.00,831.92,6019.58,351.51,2.562,-0.06,50.0,0.07
4061.00,831.55,6022.11,351.51,2.561,-0.06,50.0,0.06
4062.00,831.17,6024.64,351.51,2.559,-0.04,50.0,0.06
4063.00,830.79,6027.17,351.51,2.558,-0.04,50.0,0.06
4064.00,830.41,6029.70,351.51,2.557,-0.04,50.0,0.06
4065.00,830.04,6032.23,351.52,2.556,-0.01,50.0,0.05
4066.00,829.66,6034.76,351.52,2.555,-0.01,50.0,0.05
4067.00,829.28,6037.28,351.52,2.554,-0.01,50.0,0.05
4068.00,828.91,6039.81,351.52,2.553,0.02,50.0,0.05
4069.00,828.53,6042.33,351.52,2.552,0.02,50.0,0.05
4070.00,828.15,6044.85,351.52,2.551,0.02,50.0,0.05
4071.00,827.78,6047.38,351.52,2.549,0.04,50.0,0.04
4072.00,827.40,6049.90,351.52,2.549,0.04,50.0,0.04
4073.00,827.03,6052.42,351.52,2.548,0.04,50.0,0.04
4074.00,826.65,6054.94,351.52,2.547,0.07,50.0,0.04
4075.00,826.27,6057.45,351.52,2.546,0.07,50.0,0.04
4076.00,825.90,6059.97,351.52,2.545,0.07,50.0,0.04
4077.00,825.52,6062.49,351.52,2.544,0.10,50.0,0.04
4078.00,825.15,6065.00,351.53,2.543,0.10,50.0,0.04
4079.00,824.78,6067.52,351.53,2.542,0.10,50.0,0.04
4080.00,824.40,6070.03,351.53,2.541,0.13,50.0,0.04
4081.00,824.03,6072.54,351.53,2.540,0.13,50.0,0.04
4082.00,823.65,6075.05,351.53,2.540,0.13,50.0,0.04
4083.00,823.28,6077.57,351.53,2.539,0.16,50.0,0.04
4084.00,822.90,6080.08,351.53,2.538,0.16,50.0,0.04
4085.00,822.53,6082.59,351.53,2.537,0.16,50.0,0.04
4086.00,822.16,6085.09,351.53,2.537,0.19,50.0,0.04
4087.00,821.78,6087.60,351.53,2.536,0.19,50.0,0.04
4088.00,821.41,6090.11,351.53,2.535,0.19,50.0,0.04
4089.00,821.04,6092.62,351.53,2.534,0.21,50.0,0.05
4090.00,820.66,6095.12,351.53,2.534,0.21,50.0,0.05
4091.00,820.29,6097.63,351.53,2.533,0.21,50.0,0.05
4092.00,819.92,6100.13,351.54,2.532,0.24,50.0,0.05
4093.00,819.55,6102.64,351.54,2.532,0.24,50.0,0.05
4094.00,819.17,6105.14,351.54,2.531,0.24,50.0,0.05
4095.00,818.80,6107.64,351.54,2.530,0.27,50.0,0.05
4096.00,818.43,6110.15,351.54,2.530,0.27,50.0,0.05
4097.00,818.06,6112.65,351.54,2.529,0.27,50.0,0.05
4098.00,817.68,6115.15,351.54,2.529,0.29,50.0,0.06
4099.00,817.31,6117.65,351.54,2.528,0.29,50.0,0.06
4100.00,816.94,6120.15,351.54,2.528,0.29,50.0,0.06
4101.00,816.57,6122.65,351.54,2.527,0.32,50.0,0.06
4102.00,816.20,6125.15,351.54,2.526,0.32,50.0,0.06
4103.00,815.83,6127.65,351.55,2.526,0.32,50.0,0.06
4104.00,815.45,6130.14,351.55,2.525,0.35,50.0,0.07
4105.00,815.08,6132.64,351.55,2.525,0.35,50.0,0.07
4106.00,814.71,6135.14,351.55,2.524,0.35,50.0,0.07
4107.00,814.34,6137.64,351.55,2.524,0.37,50.0,0.07
4108.00,813.97,6140.13,351.55,2.523,0.37,50.0,0.07
4109.00,813.60,6142.63,351.55,2.523,0.37,50.0,0.07
4110.00,813.23,6145.12,351.55,2.523,0.39,50.0,0.08
4111.00,812.86,6147.62,351.56,2.522,0.39,50.0,0.08
4112.00,812.49,6150.11,351.56,2.522,0.39,50.0,0.08
4113.00,812.12,6152.60,351.56,2.521,0.42,50.0,0.08
4114.00,811.75,6155.10,351.56,2.521,0.42,50.0,0.08
4115.00,811.38,6157.59,351.56,2.520,0.42,50.0,0.09
4116.00,811.01,6160.08,351.56,2.520,0.44,50.0,0.09
4117.00,810.64,6162.58,351.56,2.520,0.44,50.0,0.09
4118.00,810.27,6165.07,351.57,2.519,0.44,50.0,0.09
4119.00,809.90,6167.56,351.57,2.519,0.46,50.0,0.09
4120.00,809.53,6170.05,351.57,2.518,0.46,50.0,0.10
4121.00,809.16,6172.54,351.57,2.518,0.46,50.0,0.10
4122.00,808.79,6175.03,351.57,2.518,0.48,50.0,0.10
4123.00,808.42,6177.52,351.57,2.517,0.48,50.0,0.10
4124.00,808.05,6180.01,351.58,2.517,0.48,50.0,0.11
4125.00,807.69,6182.50,351.58,2.517,0.50,50.0,0.11
4126.00,807.32,6184.99,351.58,2.516,0.50,50.0,0.11
4127.00,806.95,6187.48,351.58,2.516,0.50,50.0,0.11
4128.00,806.58,6189.97,351.58,2.516,0.51,50.0,0.11
4129.00,806.21,6192.46,351.58,2.515,0.51,50.0,0.12
4130.00,805.84,6194.94,351.59,2.515,0.51,50.0,0.12
4131.00,805.48,6197.43,351.59,2.515,0.53,50.0,0.12
4132.00,805.11,6199.92,351.59,2.514,0.53,50.0,0.12
4133.00,804.74,6202.41,351.59,2.514,0.53,50.0,0.12
4134.00,804.37,6204.89,351.59,2.514,0.55,50.0,0.13
4135.00,804.01,6207.38,351.60,2.514,0.55,50.0,0.13
4136.00,803.64,6209.87,351.60,2.513,0.55,50.0,0.13
4137.00,803.27,6212.35,351.60,2.513,0.56,50.0,0.13
4138.00,802.90,6214.84,351.60,2.513,0.56,50.0,0.13
4139.00,802.54,6217.32,351.61,2.513,0.56,50.0,0.14
4140.00,802.17,6219.81,351.61,2.512,0.58,50.0,0.14
4141.00,801.80,6222.29,351.61,2.512,0.58,50.0,0.14
4142.00,801.44,6224.78,351.61,2.512,0.58,50.0,0.14
4143.00,801.07,6227.26,351.62,2.512,0.58,50.0,0.14
4144.00,800.71,6229.75,351.62,2.511,0.58,50.0,0.15
4145.00,800.34,6232.23,351.62,2.511,0.58,50.0,0.15
4146.00,799.97,6234.72,351.62,2.511,0.58,50.0,0.15
4147.00,799.61,6237.20,351.63,2.511,0.58,50.0,0.15
4148.00,799.24,6239.68,351.63,2.510,0.58,50.0,0.15
4149.00,798.88,6242.17,351.63,2.510,0.58,50.0,0.15
4150.00,798.51,6244.65,351.63,2.510,0.58,50.0,0.16
4151.00,798.15,6247.13,351.64,2.510,0.58,50.0,0.16
4152.00,797.78,6249.62,351.64,2.510,0.58,50.0,0.16
4153.00,797.42,6252.10,351.64,2.509,0.58,50.0,0.16
4154.00,797.05,6254.58,351.64,2.509,0.58,50.0,0.16
4155.00,796.68,6257.07,351.65,2.519,5.58,60.0,0.22
4156.00,796.32,6259.58,351.65,2.529,5.58,60.0,0.28
4157.00,795.95,6262.09,351.66,2.538,5.58,60.0,0.33
4158.00,795.58,6264.61,351.66,2.547,5.58,60.0,0.38
4159.00,795.21,6267.14,351.67,2.556,5.58,60.0,0.43
4160.00,794.84,6269.68,351.68,2.565,5.58,60.0,0.48
4161.00,794.46,6272.22,351.69,2.574,5.58,60.0,0.53
4162.00,794.09,6274.78,351.70,2.582,5.58,60.0,0.58
4163.00,793.72,6277.34,351.71,2.591,5.58,60.0,0.62
4164.00,793.34,6279.91,351.72,2.599,5.58,60.0,0.66
4165.00,792.97,6282.49,351.73,2.607,5.58,60.0,0.71
4166.00,792.59,6285.08,351.74,2.615,5.58,60.0,0.75
4167.00,792.21,6287.68,351.75,2.623,0.45,60.0,0.73
4168.00,791.84,6290.28,351.77,2.630,0.45,60.0,0.71
4169.00,791.46,6292.89,351.78,2.638,0.45,60.0,0.69
4170.00,791.08,6295.50,351.79,2.635,0.38,50.0,0.67
4171.00,790.71,6298.10,351.80,2.632,0.38,50.0,0.65
4172.00,790.33,6300.71,351.81,2.629,0.38,50.0,0.63
4173.00,789.96,6303.31,351.82,2.627,0.32,50.0,0.62
4174.00,789.58,6305.90,351.83,2.624,0.32,50.0,0.60
4175.00,789.21,6308.50,351.84,2.622,0.32,50.0,0.58
4176.00,788.84,6311.09,351.85,2.619,0.27,50.0,0.57
4177.00,788.47,6313.68,351.86,2.617,0.27,50.0,0.55
4178.00,788.10,6316.27,351.87,2.615,0.27,50.0,0.54
4179.00,787.73,6318.86,351.88,2.612,0.22,50.0,0.52
4180.00,787.36,6321.44,351.89,2.610,0.22,50.0,0.51
4181.00,786.99,6324.02,351.89,2.608,0.22,50.0,0.49
4182.00,786.62,6326.60,351.90,2.606,0.18,50.0,0.48
4183.00,786.26,6329.18,351.91,2.604,0.18,50.0,0.46
4184.00,785.89,6331.76,351.92,2.602,0.18,50.0,0.45
4185.00,785.53,6334.33,351.92,2.600,0.14,50.0,0.44
4186.00,785.16,6336.90,351.93,2.598,0.14,50.0,0.42
4187.00,784.80,6339.47,351.94,2.596,0.14,50.0,0.41
4188.00,784.43,6342.04,351.94,2.594,0.11,50.0,0.40
4189.00,784.07,6344.60,351.95,2.592,0.11,50.0,0.39
4190.00,783.71,6347.17,351.96,2.590,0.11,50.0,0.38
4191.00,783.35,6349.73,351.96,2.588,0.09,50.0,0.36
4192.00,782.98,6352.29,351.97,2.586,0.09,50.0,0.35
4193.00,782.62,6354.85,351.98,2.585,0.09,50.0,0.34
4194.00,782.26,6357.41,351.98,2.583,0.07,50.0,0.33
4195.00,781.90,6359.97,351.99,2.581,0.07,50.0,0.32
4196.00,781.54,6362.52,351.99,2.580,0.07,50.0,0.31
4197.00,781.18,6365.07,352.00,2.578,0.06,50.0,0.30
4198.00,780.82,6367.63,352.00,2.577,0.06,50.0,0.29
4199.00,780.47,6370.18,352.01,2.575,0.06,50.0,0.28
4200.00,780.11,6372.72,352.01,2.574,0.05,50.0,0.27
4201.00,779.75,6375.27,352.01,2.572,0.05,50.0,0.27
4202.00,779.39,6377.82,352.02,2.571,0.05,50.0,0.26
4203.00,779.04,6380.36,352.02,2.569,0.04,50.0,0.25
4204.00,778.68,6382.90,352.03,2.568,0.04,50.0,0.24
4205.00,778.32,6385.45,352.03,2.566,0.04,50.0,0.23
4206.00,777.97,6387.99,352.04,2.565,0.04,50.0,0.23
4207.00,777.61,6390.52,352.04,2.564,0.04,50.0,0.22
4208.00,777.26,6393.06,352.04,2.563,0.04,50.0,0.21
4209.00,776.90,6395.60,352.05,2.561,0.04,50.0,0.21
4210.00,776.55,6398.13,352.05,2.560,0.04,50.0,0.20
4211.00,776.20,6400.67,352.05,2.559,0.04,50.0,0.19
4212.00,775.84,6403.20,352.06,2.558,0.04,50.0,0.19
4213.00,775.49,6405.73,352.06,2.557,0.04,50.0,0.18
4214.00,775.14,6408.27,352.06,2.555,0.04,50.0,0.18
4215.00,774.78,6410.80,352.06,2.554,0.05,50.0,0.17
4216.00,774.43,6413.32,352.07,2.553,0.05,50.0,0.17
4217.00,774.08,6415.85,352.07,2.552,0.05,50.0,0.16
4218.00,773.73,6418.38,352.07,2.551,0.05,50.0,0.16
4219.00,773.37,6420.90,352.07,2.550,0.05,50.0,0.15
4220.00,773.02,6423.43,352.08,2.549,0.05,50.0,0.15
4221.00,772.67,6425.95,352.08,2.548,0.06,50.0,0.14
4222.00,772.32,6428.48,352.08,2.547,0.06,50.0,0.14
4223.00,771.97,6431.00,352.08,2.546,0.06,50.0,0.13
4224.00,771.62,6433.52,352.09,2.545,0.08,50.0,0.13
4225.00,771.27,6436.04,352.09,2.544,0.08,50.0,0.13
4226.00,770.92,6438.56,352.09,2.543,0.08,50.0,0.12
4227.00,770.57,6441.08,352.09,2.543,0.09,50.0,0.12
4228.00,770.22,6443.59,352.09,2.542,0.09,50.0,0.12
4229.00,769.87,6446.11,352.10,2.541,0.09,50.0,0.11
4230.00,769.52,6448.63,352.10,2.540,0.10,50.0,0.11
4231.00,769.17,6451.14,352.10,2.539,0.10,50.0,0.11
4232.00,768.82,6453.66,352.10,2.539,0.10,50.0,0.11
4233.00,768.47,6456.17,352.10,2.538,0.12,50.0,0.10
4234.00,768.13,6458.68,352.11,2.537,0.12,50.0,0.10
4235.00,767.78,6461.19,352.11,2.536,0.12,50.0,0.10
4236.00,767.43,6463.71,352.11,2.536,0.14,50.0,0.10
4237.00,767.08,6466.22,352.11,2.535,0.14,50.0,0.10
4238.00,766.73,6468.73,352.11,2.534,0.14,50.0,0.10
4239.00,766.39,6471.24,352.11,2.533,0.15,50.0,0.09
4240.00,766.04,6473.75,352.11,2.533,0.15,50.0,0.09
4241.00,765.69,6476.25,352.12,2.532,0.15,50.0,0.09
4242.00,765.34,6478.76,352.12,2.531,0.17,50.0,0.09
4243.00,765.00,6481.27,352.12,2.531,0.17,50.0,0.09
4244.00,764.65,6483.77,352.12,2.530,0.17,50.0,0.09
4245.00,764.30,6486.28,352.12,2.530,0.19,50.0,0.09
4246.00,763.96,6488.79,352.12,2.529,0.19,50.0,0.09
4247.00,763.61,6491.29,352.13,2.528,0.19,50.0,0.09
4248.00,763.26,6493.79,352.13,2.528,0.21,50.0,0.09
4249.00,762.92,6496.30,352.13,2.527,0.21,50.0,0.09
4250.00,762.57,6498.80,352.13,2.527,0.21,50.0,0.08
4251.00,762.22,6501.30,352.13,2.526,0.23,50.0,0.08
4252.00,761.88,6503.81,352.13,2.526,0.23,50.0,0.08
4253.00,761.53,6506.31,352.13,2.525,0.23,50.0,0.08
4254.00,761.19,6508.81,352.14,2.525,0.25,50.0,0.08
4255.00,760.84,6511.31,352.14,2.524,0.25,50.0,0.08
4256.00,760.50,6513.81,352.14,2.524,0.25,50.0,0.08
4257.00,760.15,6516.31,352.14,2.523,0.27,50.0,0.08
4258.00,759.81,6518.81,352.14,2.523,0.27,50.0,0.08
4259.00,759.46,6521.31,352.14,2.522,0.27,50.0,0.08
4260.00,759.12,6523.80,352.14,2.522,0.29,50.0,0.09
4261.00,758.77,6526.30,352.14,2.521,0.29,50.0,0.09
4262.00,758.43,6528.80,352.15,2.521,0.29,50.0,0.09
4263.00,758.08,6531.30,352.15,2.521,0.31,50.0,0.09
4264.00,757.74,6533.79,352.15,2.520,0.31,50.0,0.09
4265.00,757.39,6536.29,352.15,2.520,0.31,50.0,0.09
4266.00,757.05,6538.78,352.15,2.519,0.33,50.0,0.09
4267.00,756.71,6541.28,352.15,2.519,0.33,50.0,0.09
4268.00,756.36,6543.77,352.16,2.519,0.33,50.0,0.09
4269.00,756.02,6546.27,352.16,2.518,0.34,50.0,0.09
4270.00,755.68,6548.76,352.16,2.518,0.34,50.0,0.09
4271.00,755.33,6551.26,352.16,2.518,0.34,50.0,0.09
4272.00,754.99,6553.75,352.16,2.517,0.36,50.0,0.09
4273.00,754.65,6556.24,352.16,2.517,0.36,50.0,0.09
4274.00,754.30,6558.74,352.16,2.516,0.36,50.0,0.10
4275.00,753.96,6561.23,352.17,2.516,0.38,50.0,0.10
4276.00,753.62,6563.72,352.17,2.516,0.38,50.0,0.10
4277.00,753.27,6566.21,352.17,2.516,0.38,50.0,0.10
4278.00,752.93,6568.71,352.17,2.515,0.40,50.0,0.10
4279.00,752.59,6571.20,352.17,2.515,0.40,50.0,0.10
4280.00,752.25,6573.69,352.17,2.515,0.40,50.0,0.10
4281.00,751.90,6576.18,352.18,2.514,0.41,50.0,0.10
4282.00,751.56,6578.67,352.18,2.514,0.41,50.0,0.11
4283.00,751.22,6581.16,352.18,2.514,0.41,50.0,0.11
4284.00,750.88,6583.65,352.18,2.513,0.43,50.0,0.11
4285.00,750.54,6586.14,352.18,2.513,0.43,50.0,0.11
4286.00,750.19,6588.63,352.19,2.513,0.43,50.0,0.11
4287.00,749.85,6591.12,352.19,2.513,0.44,50.0,0.11
4288.00,749.51,6593.61,352.19,2.512,0.44,50.0,0.11
4289.00,749.17,6596.10,352.19,2.512,0.44,50.0,0.11
4290.00,748.83,6598.59,352.19,2.512,0.46,50.0,0.12
4291.00,748.49,6601.07,352.19,2.512,0.46,50.0,0.12
4292.00,748.15,6603.56,352.20,2.511,0.46,50.0,0.12
4293.00,747.80,6606.05,352.20,2.511,0.47,50.0,0.12
4294.00,747.46,6608.54,352.20,2.511,0.47,50.0,0.12
4295.00,747.12,6611.03,352.20,2.511,0.47,50.0,0.12
4296.00,746.78,6613.51,352.20,2.511,0.49,50.0,0.12
4297.00,746.44,6616.00,352.21,2.510,0.49,50.0,0.13
4298.00,746.10,6618.49,352.21,2.510,0.49,50.0,0.13
4299.00,745.76,6620.97,352.21,2.510,0.50,50.0,0.13
4300.00,745.42,6623.46,352.21,2.510,0.50,50.0,0.13
4301.00,745.08,6625.95,352.22,2.510,0.50,50.0,0.13
4302.00,744.74,6628.43,352.22,2.509,0.51,50.0,0.13
4303.00,744.40,6630.92,352.22,2.509,0.51,50.0,0.13
4304.00,744.06,6633.41,352.22,2.509,0.51,50.0,0.14
4305.00,743.72,6635.89,352.22,2.509,0.52,50.0,0.14
4306.00,743.38,6638.38,352.23,2.509,0.52,50.0,0.14
4307.00,743.04,6640.86,352.23,2.508,0.52,50.0,0.14
4308.00,742.70,6643.35,352.23,2.508,0.53,50.0,0.14
4309.00,742.37,6645.83,352.23,2.508,0.53,50.0,0.14
4310.00,742.03,6648.32,352.24,2.508,0.53,50.0,0.14
4311.00,741.69,6650.80,352.24,2.508,0.54,50.0,0.15
4312.00,741.35,6653.29,352.24,2.508,0.54,50.0,0.15
4313.00,741.01,6655.77,352.24,2.507,0.54,50.0,0.15
4314.00,740.67,6658.26,352.25,2.507,0.55,50.0,0.15
4315.00,740.33,6660.74,352.25,2.507,0.55,50.0,0.15
4316.00,740.00,6663.22,352.25,2.507,0.55,50.0,0.15
4317.00,739.66,6665.71,352.25,2.507,0.56,50.0,0.15
4318.00,739.32,6668.19,352.26,2.507,0.56,50.0,0.15
4319.00,738.98,6670.68,352.26,2.507,0.56,50.0,0.16
4320.00,738.64,6673.16,352.26,2.507,0.57,50.0,0.16
4321.00,738.31,6675.64,352.26,2.506,0.57,50.0,0.16
4322.00,737.97,6678.13,352.27,2.506,0.57,50.0,0.16
4323.00,737.63,6680.61,352.27,2.506,0.58,50.0,0.16
4324.00,737.30,6683.09,352.27,2.506,0.58,50.0,0.16
4325.00,736.96,6685.58,352.28,2.506,0.58,50.0,0.16
4326.00,736.62,6688.06,352.28,2.506,0.58,50.0,0.16
4327.00,736.29,6690.54,352.28,2.506,0.58,50.0,0.17
4328.00,735.95,6693.03,352.28,2.506,0.58,50.0,0.17
4329.00,735.61,6695.51,352.29,2.505,0.59,50.0,0.17
4330.00,735.28,6697.99,352.29,2.505,0.59,50.0,0.17
4331.00,734.94,6700.47,352.29,2.505,0.59,50.0,0.17
4332.00,734.60,6702.96,352.29,2.505,0.60,50.0,0.17
4333.00,734.27,6705.44,352.30,2.505,0.60,50.0,0.17
4334.00,733.93,6707.92,352.30,2.505,0.60,50.0,0.17
4335.00,733.60,6710.40,352.30,2.505,0.60,50.0,0.17
4336.00,733.26,6712.88,352.31,2.505,0.60,50.0,0.18
4337.00,732.93,6715.37,352.31,2.505,0.60,50.0,0.18
4338.00,732.59,6717.85,352.31,2.505,0.61,50.0,0.18
4339.00,732.26,6720.33,352.32,2.504,0.61,50.0,0.18
4340.00,731.92,6722.81,352.32,2.504,0.61,50.0,0.18
4341.00,731.59,6725.29,352.32,2.504,0.61,50.0,0.18
4342.00,731.25,6727.78,352.32,2.504,0.61,50.0,0.18
4343.00,730.92,6730.26,352.33,2.504,0.61,50.0,0.18
4344.00,730.58,6732.74,352.33,2.504,0.62,50.0,0.18
4345.00,730.25,6735.22,352.33,2.504,0.62,50.0,0.18
4346.00,729.91,6737.70,352.34,2.504,0.62,50.0,0.19
4347.00,729.58,6740.18,352.34,2.504,0.62,50.0,0.19
4348.00,729.25,6742.67,352.34,2.504,0.62,50.0,0.19
4349.00,728.91,6745.15,352.35,2.504,0.62,50.0,0.19
4350.00,728.58,6747.63,352.35,2.504,0.62,50.0,0.19
4351.00,728.25,6750.11,352.35,2.503,0.62,50.0,0.19
4352.00,727.91,6752.59,352.36,2.503,0.62,50.0,0.19
4353.00,727.58,6755.07,352.36,2.503,0.62,50.0,0.19
4354.00,727.25,6757.55,352.36,2.503,0.62,50.0,0.19
4355.00,726.91,6760.03,352.37,2.503,0.62,50.0,0.19
4356.00,726.58,6762.51,352.37,2.503,0.63,50.0,0.19
4357.00,726.25,6765.00,352.37,2.503,0.63,50.0,0.19
4358.00,725.92,6767.48,352.37,2.503,0.63,50.0,0.20
4359.00,725.59,6769.96,352.38,2.503,0.63,50.0,0.20
4360.00,725.25,6772.44,352.38,2.503,0.63,50.0,0.20
4361.00,724.92,6774.92,352.38,2.503,0.63,50.0,0.20
4362.00,724.59,6777.40,352.39,2.503,0.63,50.0,0.20
4363.00,724.26,6779.88,352.39,2.503,0.63,50.0,0.20
4364.00,723.93,6782.36,352.39,2.503,0.63,50.0,0.20
4365.00,723.60,6784.84,352.40,2.503,0.63,50.0,0.20
4366.00,723.26,6787.32,352.40,2.503,0.63,50.0,0.20
4367.00,722.93,6789.80,352.40,2.503,0.63,50.0,0.20
4368.00,722.60,6792.28,352.41,2.502,0.63,50.0,0.20
4369.00,722.27,6794.76,352.41,2.502,0.63,50.0,0.20
4370.00,721.94,6797.24,352.41,2.502,0.63,50.0,0.20
4371.00,721.61,6799.72,352.42,2.502,0.63,50.0,0.20
4372.00,721.28,6802.20,352.42,2.502,0.63,50.0,0.20
4373.00,720.95,6804.68,352.42,2.502,0.63,50.0,0.20
4374.00,720.62,6807.17,352.43,2.502,0.63,50.0,0.20
4375.00,720.29,6809.65,352.43,2.502,0.63,50.0,0.20
4376.00,719.96,6812.13,352.43,2.502,0.63,50.0,0.20
4377.00,719.63,6814.61,352.44,2.502,0.63,50.0,0.21
4378.00,719.30,6817.09,352.44,2.502,0.63,50.0,0.21
4379.00,718.97,6819.57,352.45,2.502,0.63,50.0,0.21
4380.00,718.65,6822.05,352.45,2.502,0.63,50.0,0.21
4381.00,718.32,6824.53,352.45,2.502,0.63,50.0,0.21
4382.00,717.99,6827.01,352.46,2.502,0.63,50.0,0.21
4383.00,717.66,6829.49,352.46,2.502,0.63,50.0,0.21
4384.00,717.33,6831.97,352.46,2.502,0.63,50.0,0.21
4385.00,717.00,6834.45,352.47,2.502,0.63,50.0,0.21
4386.00,716.68,6836.93,352.47,2.502,0.63,50.0,0.21
4387.00,716.35,6839.41,352.47,2.502,0.63,50.0,0.21
4388.00,716.02,6841.89,352.48,2.502,0.63,50.0,0.21
4389.00,715.69,6844.37,352.48,2.502,0.63,50.0,0.21
4390.00,715.36,6846.85,352.48,2.502,0.63,50.0,0.21
4391.00,715.04,6849.33,352.49,2.502,0.63,50.0,0.21
4392.00,714.71,6851.81,352.49,2.502,0.63,50.0,0.21
4393.00,714.38,6854.29,352.49,2.501,0.63,50.0,0.21
4394.00,714.06,6856.77,352.50,2.501,0.63,50.0,0.21
4395.00,713.73,6859.25,352.50,2.501,0.63,50.0,0.21
4396.00,713.40,6861.73,352.50,2.501,0.63,50.0,0.21
4397.00,713.08,6864.21,352.51,2.501,0.63,50.0,0.21
4398.00,712.75,6866.69,352.51,2.501,0.63,50.0,0.21
4399.00,712.43,6869.17,352.51,2.501,0.63,50.0,0.21
4400.00,712.10,6871.65,352.52,2.501,0.63,50.0,0.21
4401.00,711.77,6874.13,352.52,2.501,0.63,50.0,0.21
4402.00,711.45,6876.61,352.53,2.501,0.63,50.0,0.21
4403.00,711.12,6879.09,352.53,2.501,0.63,50.0,0.21
4404.00,710.80,6881.57,352.53,2.501,0.63,50.0,0.21
4405.00,710.47,6884.05,352.54,2.501,0.63,50.0,0.21
4406.00,710.15,6886.53,352.54,2.501,0.63,50.0,0.21
4407.00,709.82,6889.01,352.54,2.501,0.62,50.0,0.21
4408.00,709.50,6891.49,352.55,2.501,0.62,50.0,0.21
4409.00,709.17,6893.97,352.55,2.501,0.62,50.0,0.21
4410.00,708.85,6896.45,352.55,2.501,0.62,50.0,0.21
4411.00,708.53,6898.93,352.56,2.501,0.62,50.0,0.21
4412.00,708.20,6901.41,352.56,2.501,0.62,50.0,0.21
4413.00,707.88,6903.89,352.56,2.501,0.62,50.0,0.21
4414.00,707.55,6906.37,352.57,2.501,0.62,50.0,0.21
4415.00,707.23,6908.85,352.57,2.501,0.62,50.0,0.21
4416.00,706.91,6911.33,352.58,2.501,0.62,50.0,0.21
4417.00,706.58,6913.81,352.58,2.501,0.62,50.0,0.21
4418.00,706.26,6916.29,352.58,2.501,0.62,50.0,0.21
4419.00,705.94,6918.77,352.59,2.501,0.62,50.0,0.21
4420.00,705.62,6921.25,352.59,2.501,0.62,50.0,0.21
4421.00,705.29,6923.73,352.59,2.501,0.62,50.0,0.21
4422.00,704.97,6926.21,352.60,2.501,0.62,50.0,0.21
4423.00,704.65,6928.69,352.60,2.501,0.62,50.0,0.21
4424.00,704.33,6931.17,352.60,2.501,0.62,50.0,0.21
4425.00,704.00,6933.65,352.61,2.501,0.62,50.0,0.21
4426.00,703.68,6936.13,352.61,2.501,0.62,50.0,0.21
4427.00,703.36,6938.61,352.61,2.501,0.62,50.0,0.21
4428.00,703.04,6941.09,352.62,2.501,0.61,50.0,0.21
4429.00,702.72,6943.57,352.62,2.501,0.61,50.0,0.21
4430.00,702.40,6946.05,352.62,2.501,0.61,50.0,0.21
4431.00,702.08,6948.53,352.63,2.501,0.61,50.0,0.21
4432.00,701.75,6951.01,352.63,2.501,0.61,50.0,0.21
4433.00,701.43,6953.49,352.64,2.501,0.61,50.0,0.21
4434.00,701.11,6955.97,352.64,2.501,0.61,50.0,0.21
4435.00,700.79,6958.45,352.64,2.501,0.61,50.0,0.21
4436.00,700.47,6960.93,352.65,2.501,0.61,50.0,0.21
4437.00,700.15,6963.41,352.65,2.501,0.61,50.0,0.21
4438.00,699.83,6965.89,352.65,2.501,0.61,50.0,0.21
4439.00,699.51,6968.37,352.66,2.501,0.61,50.0,0.21
4440.00,699.19,6970.85,352.66,2.501,0.61,50.0,0.21
4441.00,698.87,6973.33,352.66,2.501,0.61,50.0,0.21
4442.00,698.55,6975.81,352.67,2.501,0.61,50.0,0.21
4443.00,698.24,6978.29,352.67,2.501,0.60,50.0,0.21
4444.00,697.92,6980.77,352.67,2.501,0.60,50.0,0.21
4445.00,697.60,6983.25,352.68,2.501,0.60,50.0,0.21
4446.00,697.28,6985.73,352.68,2.501,0.60,50.0,0.21
4447.00,696.96,6988.21,352.68,2.501,0.60,50.0,0.21
4448.00,696.64,6990.69,352.69,2.500,0.60,50.0,0.21
4449.00,696.32,6993.17,352.69,2.500,0.60,50.0,0.21
4450.00,696.01,6995.65,352.69,2.500,0.60,50.0,0.21
4451.00,695.69,6998.13,352.70,2.500,0.60,50.0,0.21
4452.00,695.37,7000.61,352.70,2.500,0.60,50.0,0.21
4453.00,695.05,7003.09,352.71,2.500,0.60,50.0,0.21
4454.00,694.73,7005.57,352.71,2.500,0.60,50.0,0.21
4455.00,694.42,7008.05,352.71,2.500,0.60,50.0,0.21
4456.00,694.10,7010.53,352.72,2.500,0.60,50.0,0.21
4457.00,693.78,7013.01,352.72,2.500,0.60,50.0,0.21
4458.00,693.47,7015.49,352.72,2.500,0.60,50.0,0.21
4459.00,693.15,7017.97,352.73,2.500,0.60,50.0,0.21
4460.00,692.83,7020.45,352.73,2.500,0.60,50.0,0.21
4461.00,692.52,7022.93,352.73,2.500,0.59,50.0,0.21
4462.00,692.20,7025.41,352.74,2.500,0.59,50.0,0.21
4463.00,691.88,7027.89,352.74,2.500,0.59,50.0,0.21
4464.00,691.57,7030.37,352.74,2.500,0.59,50.0,0.21
4465.00,691.25,7032.85,352.75,2.500,0.59,50.0,0.21
4466.00,690.94,7035.33,352.75,2.500,0.59,50.0,0.21
4467.00,690.62,7037.81,352.75,2.500,0.59,50.0,0.21
4468.00,690.31,7040.29,352.76,2.500,0.59,50.0,0.21
4469.00,689.99,7042.77,352.76,2.500,0.59,50.0,0.21
4470.00,689.68,7045.25,352.76,2.500,0.59,50.0,0.21
4471.00,689.36,7047.73,352.77,2.500,0.59,50.0,0.21
4472.00,689.05,7050.21,352.77,2.500,0.59,50.0,0.21
4473.00,688.73,7052.69,352.77,2.500,0.59,50.0,0.21
4474.00,688.42,7055.18,352.78,2.500,0.59,50.0,0.21
4475.00,688.10,7057.66,352.78,2.500,0.59,50.0,0.21
4476.00,687.79,7060.14,352.79,2.500,0.59,50.0,0.21
4477.00,687.47,7062.62,352.79,2.500,0.59,50.0,0.21
4478.00,687.16,7065.10,352.79,2.500,0.59,50.0,0.21
4479.00,686.85,7067.58,352.80,2.500,0.58,50.0,0.21
4480.00,686.53,7070.06,352.80,2.500,0.58,50.0,0.21
4481.00,686.22,7072.54,352.80,2.500,0.58,50.0,0.21
4482.00,685.91,7075.02,352.81,2.500,0.58,50.0,0.20
4483.00,685.59,7077.50,352.81,2.500,0.58,50.0,0.20
4484.00,685.28,7079.98,352.81,2.500,0.58,50.0,0.20
4485.00,684.97,7082.46,352.82,2.500,0.58,50.0,0.20
4486.00,684.66,7084.94,352.82,2.500,0.58,50.0,0.20
4487.00,684.34,7087.42,352.82,2.500,0.58,50.0,0.20
4488.00,684.03,7089.90,352.83,2.500,0.58,50.0,0.20
4489.00,683.72,7092.38,352.83,2.500,0.58,50.0,0.20
4490.00,683.41,7094.86,352.83,2.500,0.58,50.0,0.20
4491.00,683.09,7097.34,352.84,2.500,0.58,50.0,0.20
4492.00,682.78,7099.83,352.84,2.500,0.58,50.0,0.20
4493.00,682.47,7102.31,352.84,2.500,0.58,50.0,0.20
4494.00,682.16,7104.79,352.85,2.500,0.58,50.0,0.20
4495.00,681.85,7107.27,352.85,2.500,0.58,50.0,0.20
4496.00,681.54,7109.75,352.85,2.500,0.58,50.0,0.20
4497.00,681.23,7112.23,352.86,2.500,0.58,50.0,0.20
4498.00,680.91,7114.71,352.86,2.500,0.58,50.0,0.20
4499.00,680.60,7117.19,352.86,2.500,0.58,50.0,0.20
4500.00,680.29,7119.67,352.87,2.500,0.57,50.0,0.20
4501.00,679.98,7122.15,352.87,2.500,0.57,50.0,0.20
4502.00,679.67,7124.63,352.87,2.500,0.57,50.0,0.20
4503.00,679.36,7127.11,352.88,2.500,0.57,50.0,0.20
4504.00,679.05,7129.59,352.88,2.500,0.57,50.0,0.20
4505.00,678.74,7132.08,352.88,2.500,0.57,50.0,0.20
4506.00,678.43,7134.56,352.89,2.500,0.57,50.0,0.20
4507.00,678.12,7137.04,352.89,2.500,0.57,50.0,0.20
4508.00,677.81,7139.52,352.89,2.500,0.57,50.0,0.20
4509.00,677.50,7142.00,352.90,2.500,0.57,50.0,0.20
4510.00,677.19,7144.48,352.90,2.500,0.57,50.0,0.20
4511.00,676.89,7146.96,352.90,2.500,0.57,50.0,0.20
4512.00,676.58,7149.44,352.91,2.500,0.57,50.0,0.20
4513.00,676.27,7151.92,352.91,2.500,0.57,50.0,0.20
4514.00,675.96,7154.40,352.91,2.500,0.57,50.0,0.20
4515.00,675.65,7156.89,352.92,2.500,0.57,50.0,0.20
4516.00,675.34,7159.37,352.92,2.500,0.57,50.0,0.20
4517.00,675.03,7161.85,352.92,2.500,0.57,50.0,0.20
4518.00,674.73,7164.33,352.93,2.500,0.57,50.0,0.20
4519.00,674.42,7166.81,352.93,2.500,0.57,50.0,0.20
4520.00,674.11,7169.29,352.93,2.500,0.57,50.0,0.20
4521.00,673.80,7171.77,352.94,2.500,0.57,50.0,0.20
4522.00,673.50,7174.25,352.94,2.500,0.57,50.0,0.20
4523.00,673.19,7176.73,352.94,2.500,0.57,50.0,0.20
4524.00,672.88,7179.22,352.95,2.500,0.57,50.0,0.20
4525.00,672.57,7181.70,352.95,2.500,0.57,50.0,0.20
4526.00,672.27,7184.18,352.95,2.500,0.57,50.0,0.20
4527.00,671.96,7186.66,352.96,2.500,0.56,50.0,0.20
4528.00,671.65,7189.14,352.96,2.500,0.56,50.0,0.20
4529.00,671.35,7191.62,352.96,2.500,0.56,50.0,0.20
4530.00,671.04,7194.10,352.97,2.500,0.56,50.0,0.20
4531.00,670.74,7196.58,352.97,2.500,0.56,50.0,0.20
4532.00,670.43,7199.07,352.97,2.500,0.56,50.0,0.20
4533.00,670.12,7201.55,352.98,2.500,0.56,50.0,0.20
4534.00,669.82,7204.03,352.98,2.500,0.56,50.0,0.20
4535.00,669.51,7206.51,352.98,2.500,0.56,50.0,0.20
4536.00,669.21,7208.99,352.99,2.500,0.56,50.0,0.20
4537.00,668.90,7211.47,352.99,2.500,0.56,50.0,0.20
4538.00,668.60,7213.95,352.99,2.500,0.56,50.0,0.20
4539.00,668.29,7216.43,353.00,2.500,0.56,50.0,0.20
4540.00,667.99,7218.92,353.00,2.500,0.56,50.0,0.20
4541.00,667.68,7221.40,353.00,2.500,0.56,50.0,0.20
4542.00,667.38,7223.88,353.01,2.500,0.56,50.0,0.20
4543.00,667.07,7226.36,353.01,2.500,0.56,50.0,0.20
4544.00,666.77,7228.84,353.01,2.500,0.56,50.0,0.20
4545.00,666.46,7231.32,353.02,2.500,0.56,50.0,0.20
4546.00,666.16,7233.81,353.02,2.500,0.56,50.0,0.20
4547.00,665.86,7236.29,353.02,2.500,0.56,50.0,0.20
4548.00,665.55,7238.77,353.03,2.500,0.56,50.0,0.19
4549.00,665.25,7241.25,353.03,2.500,0.56,50.0,0.19
4550.00,664.95,7243.73,353.03,2.500,0.56,50.0,0.19
4551.00,664.64,7246.21,353.03,2.500,0.56,50.0,0.19
4552.00,664.34,7248.69,353.04,2.500,0.56,50.0,0.19
4553.00,664.04,7251.18,353.04,2.500,0.56,50.0,0.19
4554.00,663.73,7253.66,353.04,2.500,0.56,50.0,0.19
4555.00,663.43,7256.14,353.05,2.500,0.56,50.0,0.19
4556.00,663.13,7258.62,353.05,2.500,0.56,50.0,0.19
4557.00,662.83,7261.10,353.05,2.500,0.56,50.0,0.19
4558.00,662.52,7263.58,353.06,2.500,0.56,50.0,0.19
4559.00,662.22,7266.07,353.06,2.500,0.56,50.0,0.19
4560.00,661.92,7268.55,353.06,2.500,0.55,50.0,0.19
4561.00,661.62,7271.03,353.07,2.500,0.55,50.0,0.19
4562.00,661.32,7273.51,353.07,2.500,0.55,50.0,0.19
4563.00,661.01,7275.99,353.07,2.500,0.55,50.0,0.19
4564.00,660.71,7278.47,353.08,2.500,0.55,50.0,0.19
4565.00,660.41,7280.96,353.08,2.500,0.55,50.0,0.19
4566.00,660.11,7283.44,353.08,2.500,0.55,50.0,0.19
4567.00,659.81,7285.92,353.09,2.500,0.55,50.0,0.19
4568.00,659.51,7288.40,353.09,2.500,0.55,50.0,0.19
4569.00,659.21,7290.88,353.09,2.500,0.55,50.0,0.19
4570.00,658.91,7293.37,353.10,2.500,0.55,50.0,0.19
4571.00,658.61,7295.85,353.10,2.500,0.55,50.0,0.19
4572.00,658.31,7298.33,353.10,2.500,0.55,50.0,0.19
4573.00,658.01,7300.81,353.11,2.500,0.55,50.0,0.19
4574.00,657.71,7303.29,353.11,2.500,0.55,50.0,0.19
4575.00,657.41,7305.78,353.11,2.500,0.55,50.0,0.19
4576.00,657.11,7308.26,353.12,2.500,0.55,50.0,0.19
4577.00,656.81,7310.74,353.12,2.500,0.55,50.0,0.19
4578.00,656.51,7313.22,353.12,2.500,0.55,50.0,0.19
4579.00,656.21,7315.70,353.12,2.500,0.55,50.0,0.19
4580.00,655.91,7318.19,353.13,2.500,0.55,50.0,0.19
4581.00,655.61,7320.67,353.13,2.500,0.55,50.0,0.19
4582.00,655.31,7323.15,353.13,2.500,0.55,50.0,0.19
4583.00,655.01,7325.63,353.14,2.500,0.55,50.0,0.19
4584.00,654.71,7328.11,353.14,2.500,0.55,50.0,0.19
4585.00,654.41,7330.60,353.14,2.500,0.55,50.0,0.19
4586.00,654.11,7333.08,353.15,2.500,0.55,50.0,0.19
4587.00,653.82,7335.56,353.15,2.500,0.55,50.0,0.19
4588.00,653.52,7338.04,353.15,2.500,0.55,50.0,0.19
4589.00,653.22,7340.53,353.16,2.500,0.55,50.0,0.19
4590.00,652.92,7343.01,353.16,2.500,0.55,50.0,0.19
4591.00,652.62,7345.49,353.16,2.500,0.55,50.0,0.19
4592.00,652.33,7347.97,353.17,2.500,0.55,50.0,0.19
4593.00,652.03,7350.45,353.17,2.500,0.55,50.0,0.19
4594.00,651.73,7352.94,353.17,2.500,0.55,50.0,0.19
4595.00,651.43,7355.42,353.18,2.500,0.55,50.0,0.19
4596.00,651.14,7357.90,353.18,2.500,0.55,50.0,0.19
4597.00,650.84,7360.38,353.18,2.500,0.55,50.0,0.19
4598.00,650.54,7362.87,353.19,2.500,0.55,50.0,0.19
4599.00,650.25,7365.35,353.19,2.500,0.54,50.0,0.19
4600.00,649.95,7367.83,353.19,2.500,0.54,50.0,0.19
4601.00,649.65,7370.31,353.19,2.500,0.54,50.0,0.19
4602.00,649.36,7372.80,353.20,2.500,0.54,50.0,0.19
4603.00,649.06,7375.28,353.20,2.500,0.54,50.0,0.19
4604.00,648.77,7377.76,353.20,2.500,0.54,50.0,0.19
4605.00,648.47,7380.24,353.21,2.500,0.54,50.0,0.19
4606.00,648.17,7382.73,353.21,2.500,0.54,50.0,0.19
4607.00,647.88,7385.21,353.21,2.500,0.54,50.0,0.19
4608.00,647.58,7387.69,353.22,2.500,0.54,50.0,0.19
4609.00,647.29,7390.17,353.22,2.500,0.54,50.0,0.19
4610.00,646.99,7392.66,353.22,2.500,0.54,50.0,0.19
4611.00,646.70,7395.14,353.23,2.500,0.54,50.0,0.19
4612.00,646.40,7397.62,353.23,2.500,0.54,50.0,0.19
4613.00,646.11,7400.10,353.23,2.500,0.54,50.0,0.19
4614.00,645.81,7402.59,353.24,2.500,0.54,50.0,0.19
4615.00,645.52,7405.07,353.24,2.500,0.54,50.0,0.19
4616.00,645.23,7407.55,353.24,2.500,0.54,50.0,0.19
4617.00,644.93,7410.03,353.24,2.500,0.54,50.0,0.19
4618.00,644.64,7412.52,353.25,2.500,0.54,50.0,0.19
4619.00,644.34,7415.00,353.25,2.500,0.54,50.0,0.19
4620.00,644.05,7417.48,353.25,2.500,0.54,50.0,0.19
4621.00,643.76,7419.96,353.26,2.500,0.54,50.0,0.19
4622.00,643.46,7422.45,353.26,2.500,0.54,50.0,0.19
4623.00,643.17,7424.93,353.26,2.500,0.54,50.0,0.19
4624.00,642.88,7427.41,353.27,2.500,0.54,50.0,0.19
4625.00,642.58,7429.90,353.27,2.500,0.54,50.0,0.19
4626.00,642.29,7432.38,353.27,2.500,0.54,50.0,0.19
4627.00,642.00,7434.86,353.28,2.500,0.54,50.0,0.19
4628.00,641.70,7437.34,353.28,2.500,0.54,50.0,0.19
4629.00,641.41,7439.83,353.28,2.500,0.54,50.0,0.19
4630.00,641.12,7442.31,353.29,2.500,0.54,50.0,0.19
4631.00,640.83,7444.79,353.29,2.500,0.54,50.0,0.19
4632.00,640.53,7447.27,353.29,2.500,0.54,50.0,0.19
4633.00,640.24,7449.76,353.29,2.500,0.54,50.0,0.19
4634.00,639.95,7452.24,353.30,2.500,0.54,50.0,0.19
4635.00,639.66,7454.72,353.30,2.500,0.54,50.0,0.19
4636.00,639.37,7457.21,353.30,2.500,0.54,50.0,0.19
4637.00,639.08,7459.69,353.31,2.500,0.54,50.0,0.19
4638.00,638.78,7462.17,353.31,2.500,0.54,50.0,0.19
4639.00,638.49,7464.66,353.31,2.500,0.54,50.0,0.19
4640.00,638.20,7467.14,353.32,2.500,0.54,50.0,0.19
4641.00,637.91,7469.62,353.32,2.500,0.53,50.0,0.19
4642.00,637.62,7472.10,353.32,2.500,0.53,50.0,0.19
4643.00,637.33,7474.59,353.33,2.500,0.53,50.0,0.19
4644.00,637.04,7477.07,353.33,2.500,0.53,50.0,0.19
4645.00,636.75,7479.55,353.33,2.500,0.53,50.0,0.19
4646.00,636.46,7482.04,353.34,2.500,0.53,50.0,0.19
4647.00,636.17,7484.52,353.34,2.500,0.53,50.0,0.19
4648.00,635.88,7487.00,353.34,2.500,0.53,50.0,0.19
4649.00,635.59,7489.49,353.34,2.500,0.53,50.0,0.19
4650.00,635.30,7491.97,353.35,2.500,0.53,50.0,0.19
4651.00,635.01,7494.45,353.35,2.500,0.53,50.0,0.19
4652.00,634.72,7496.94,353.35,2.500,0.53,50.0,0.18
4653.00,634.43,7499.42,353.36,2.500,0.53,50.0,0.18
4654.00,634.14,7501.90,353.36,2.500,0.53,50.0,0.18
4655.00,633.85,7504.39,353.36,2.500,0.53,50.0,0.18
4656.00,633.56,7506.87,353.37,2.500,0.53,50.0,0.18
4657.00,633.27,7509.35,353.37,2.500,0.53,50.0,0.18
4658.00,632.99,7511.84,353.37,2.500,0.53,50.0,0.18
4659.00,632.70,7514.32,353.38,2.500,0.53,50.0,0.18
4660.00,632.41,7516.80,353.38,2.500,0.53,50.0,0.18
4661.00,632.12,7519.29,353.38,2.500,0.53,50.0,0.18
4662.00,631.83,7521.77,353.38,2.500,0.53,50.0,0.18
4663.00,631.54,7524.25,353.39,2.500,0.53,50.0,0.18
4664.00,631.26,7526.74,353.39,2.500,0.53,50.0,0.18
4665.00,630.97,7529.22,353.39,2.500,0.53,50.0,0.18
4666.00,630.68,7531.70,353.40,2.500,0.53,50.0,0.18
4667.00,630.39,7534.19,353.40,2.500,0.53,50.0,0.18
4668.00,630.11,7536.67,353.40,2.500,0.53,50.0,0.18
4669.00,629.82,7539.15,353.41,2.500,0.53,50.0,0.18
4670.00,629.53,7541.64,353.41,2.500,0.53,50.0,0.18
4671.00,629.24,7544.12,353.41,2.500,0.53,50.0,0.18
4672.00,628.96,7546.60,353.42,2.500,0.53,50.0,0.18
4673.00,628.67,7549.09,353.42,2.500,0.53,50.0,0.18
4674.00,628.38,7551.57,353.42,2.500,0.53,50.0,0.18
4675.00,628.10,7554.05,353.42,2.500,0.53,50.0,0.18
4676.00,627.81,7556.54,353.43,2.500,0.53,50.0,0.18
4677.00,627.53,7559.02,353.43,2.500,0.53,50.0,0.18
4678.00,627.24,7561.50,353.43,2.500,0.53,50.0,0.18
4679.00,626.95,7563.99,353.44,2.500,0.53,50.0,0.18
4680.00,626.67,7566.47,353.44,2.500,0.53,50.0,0.18
4681.00,626.38,7568.95,353.44,2.500,0.53,50.0,0.18
4682.00,626.10,7571.44,353.45,2.500,0.53,50.0,0.18
4683.00,625.81,7573.92,353.45,2.500,0.53,50.0,0.18
4684.00,625.53,7576.41,353.45,2.500,0.53,50.0,0.18
4685.00,625.24,7578.89,353.45,2.500,0.53,50.0,0.18
4686.00,624.96,7581.37,353.46,2.500,0.52,50.0,0.18
4687.00,624.67,7583.86,353.46,2.500,0.52,50.0,0.18
4688.00,624.39,7586.34,353.46,2.500,0.52,50.0,0.18
4689.00,624.10,7588.82,353.47,2.500,0.52,50.0,0.18
4690.00,623.82,7591.31,353.47,2.500,0.52,50.0,0.18
4691.00,623.53,7593.79,353.47,2.500,0.52,50.0,0.18
4692.00,623.25,7596.28,353.48,2.500,0.52,50.0,0.18
4693.00,622.96,7598.76,353.48,2.500,0.52,50.0,0.18
4694.00,622.68,7601.24,353.48,2.500,0.52,50.0,0.18
4695.00,622.40,7603.73,353.48,2.500,0.52,50.0,0.18
4696.00,622.11,7606.21,353.49,2.500,0.52,50.0,0.18
4697.00,621.83,7608.70,353.49,2.500,0.52,50.0,0.18
4698.00,621.55,7611.18,353.49,2.500,0.52,50.0,0.18
4699.00,621.26,7613.66,353.50,2.500,0.52,50.0,0.18
4700.00,620.98,7616.15,353.50,2.500,0.52,50.0,0.18
4701.00,620.70,7618.63,353.50,2.500,0.52,50.0,0.18
4702.00,620.41,7621.11,353.51,2.500,0.52,50.0,0.18
4703.00,620.13,7623.60,353.51,2.500,0.52,50.0,0.18
4704.00,619.85,7626.08,353.51,2.500,0.52,50.0,0.18
4705.00,619.57,7628.57,353.52,2.500,0.52,50.0,0.18
4706.00,619.28,7631.05,353.52,2.500,0.52,50.0,0.18
4707.00,619.00,7633.53,353.52,2.500,0.52,50.0,0.18
4708.00,618.72,7636.02,353.52,2.500,0.52,50.0,0.18
4709.00,618.44,7638.50,353.53,2.500,0.52,50.0,0.18
4710.00,618.16,7640.99,353.53,2.500,0.52,50.0,0.18
4711.00,617.87,7643.47,353.53,2.500,0.52,50.0,0.18
4712.00,617.59,7645.96,353.54,2.500,0.52,50.0,0.18
4713.00,617.31,7648.44,353.54,2.500,0.52,50.0,0.18
4714.00,617.03,7650.92,353.54,2.500,0.52,50.0,0.18
4715.00,616.75,7653.41,353.55,2.500,0.52,50.0,0.18
4716.00,616.47,7655.89,353.55,2.500,0.52,50.0,0.18
4717.00,616.19,7658.38,353.55,2.500,0.52,50.0,0.18
4718.00,615.91,7660.86,353.55,2.500,0.52,50.0,0.18
4719.00,615.63,7663.34,353.56,2.500,0.52,50.0,0.18
4720.00,615.34,7665.83,353.56,2.500,0.52,50.0,0.18
4721.00,615.06,7668.31,353.56,2.500,0.52,50.0,0.18
4722.00,614.78,7670.80,353.57,2.500,0.52,50.0,0.18
4723.00,614.50,7673.28,353.57,2.500,0.52,50.0,0.18
4724.00,614.22,7675.77,353.57,2.500,0.52,50.0,0.18
4725.00,613.94,7678.25,353.58,2.500,0.52,50.0,0.18
4726.00,613.66,7680.73,353.58,2.500,0.52,50.0,0.18
4727.00,613.38,7683.22,353.58,2.500,0.52,50.0,0.18
4728.00,613.11,7685.70,353.58,2.500,0.51,50.0,0.18
4729.00,612.83,7688.19,353.59,2.500,0.51,50.0,0.18
4730.00,612.55,7690.67,353.59,2.500,0.51,50.0,0.18
4731.00,612.27,7693.16,353.59,2.500,0.51,50.0,0.18
4732.00,611.99,7695.64,353.60,2.500,0.51,50.0,0.18
4733.00,611.71,7698.12,353.60,2.500,0.51,50.0,0.18
4734.00,611.43,7700.61,353.60,2.500,0.51,50.0,0.18
4735.00,611.15,7703.09,353.60,2.500,0.51,50.0,0.18
4736.00,610.87,7705.58,353.61,2.500,0.51,50.0,0.18
4737.00,610.60,7708.06,353.61,2.500,0.51,50.0,0.18
4738.00,610.32,7710.55,353.61,2.500,0.51,50.0,0.18
4739.00,610.04,7713.03,353.62,2.500,0.51,50.0,0.18
4740.00,609.76,7715.52,353.62,2.500,0.51,50.0,0.18
4741.00,609.48,7718.00,353.62,2.500,0.51,50.0,0.18
4742.00,609.21,7720.48,353.63,2.500,0.51,50.0,0.18
4743.00,608.93,7722.97,353.63,2.500,0.51,50.0,0.18
4744.00,608.65,7725.45,353.63,2.500,0.51,50.0,0.18
4745.00,608.37,7727.94,353.63,2.500,0.51,50.0,0.18
4746.00,608.10,7730.42,353.64,2.500,0.51,50.0,0.18
4747.00,607.82,7732.91,353.64,2.500,0.51,50.0,0.18
4748.00,607.54,7735.39,353.64,2.500,0.51,50.0,0.18
4749.00,607.27,7737.88,353.65,2.500,0.51,50.0,0.18
4750.00,606.99,7740.36,353.65,2.500,0.51,50.0,0.18
4751.00,606.71,7742.85,353.65,2.500,0.51,50.0,0.18
4752.00,606.44,7745.33,353.66,2.500,0.51,50.0,0.18
4753.00,606.16,7747.82,353.66,2.500,0.51,50.0,0.18
4754.00,605.88,7750.30,353.66,2.500,0.51,50.0,0.18
4755.00,605.61,7752.78,353.66,2.500,0.51,50.0,0.18
4756.00,605.33,7755.27,353.67,2.500,0.51,50.0,0.18
4757.00,605.06,7757.75,353.67,2.500,0.51,50.0,0.18
4758.00,604.78,7760.24,353.67,2.500,0.51,50.0,0.18
4759.00,604.50,7762.72,353.68,2.500,0.51,50.0,0.18
4760.00,604.23,7765.21,353.68,2.500,0.51,50.0,0.18
4761.00,603.95,7767.69,353.68,2.500,0.51,50.0,0.18
4762.00,603.68,7770.18,353.68,2.500,0.51,50.0,0.18
4763.00,603.40,7772.66,353.69,2.500,0.51,50.0,0.18
4764.00,603.13,7775.15,353.69,2.500,0.51,50.0,0.18
4765.00,602.85,7777.63,353.69,2.500,0.51,50.0,0.18
4766.00,602.58,7780.12,353.70,2.500,0.51,50.0,0.18
4767.00,602.31,7782.60,353.70,2.500,0.51,50.0,0.18
4768.00,602.03,7785.09,353.70,2.500,0.51,50.0,0.18
4769.00,601.76,7787.57,353.71,2.500,0.51,50.0,0.18
4770.00,601.48,7790.06,353.71,2.500,0.50,50.0,0.18
4771.00,601.21,7792.54,353.71,2.500,0.50,50.0,0.18
4772.00,600.93,7795.03,353.71,2.500,0.50,50.0,0.18
4773.00,600.66,7797.51,353.72,2.500,0.50,50.0,0.18
4774.00,600.39,7800.00,353.72,2.500,0.50,50.0,0.18
4775.00,600.11,7802.48,353.72,2.500,0.50,50.0,0.18
4776.00,599.84,7804.97,353.73,2.500,0.50,50.0,0.18
4777.00,599.57,7807.45,353.73,2.500,0.50,50.0,0.17
4778.00,599.29,7809.94,353.73,2.500,0.50,50.0,0.17
4779.00,599.02,7812.42,353.73,2.500,0.50,50.0,0.17
4780.00,598.75,7814.91,353.74,2.500,0.50,50.0,0.17
4781.00,598.48,7817.39,353.74,2.500,0.50,50.0,0.17
4782.00,598.20,7819.88,353.74,2.500,0.50,50.0,0.17
4783.00,597.93,7822.36,353.75,2.500,0.50,50.0,0.17
4784.00,597.66,7824.85,353.75,2.500,0.50,50.0,0.17
4785.00,597.39,7827.33,353.75,2.500,0.50,50.0,0.17
4786.00,597.11,7829.82,353.75,2.500,0.50,50.0,0.17
4787.00,596.84,7832.30,353.76,2.500,0.50,50.0,0.17
4788.00,596.57,7834.79,353.76,2.500,0.50,50.0,0.17
4789.00,596.30,7837.27,353.76,2.500,0.50,50.0,0.17
4790.00,596.03,7839.76,353.77,2.500,0.50,50.0,0.17
4791.00,595.76,7842.24,353.77,2.500,0.50,50.0,0.17
4792.00,595.48,7844.73,353.77,2.500,0.50,50.0,0.17
4793.00,595.21,7847.21,353.77,2.500,0.50,50.0,0.17
4794.00,594.94,7849.70,353.78,2.500,0.50,50.0,0.17
4795.00,594.67,7852.19,353.78,2.500,0.50,50.0,0.17
4796.00,594.40,7854.67,353.78,2.500,0.50,50.0,0.17
4797.00,594.13,7857.16,353.79,2.500,0.50,50.0,0.17
4798.00,593.86,7859.64,353.79,2.500,0.50,50.0,0.17
4799.00,593.59,7862.13,353.79,2.500,0.50,50.0,0.17
4800.00,593.32,7864.61,353.80,2.500,0.50,50.0,0.17
4801.00,593.05,7867.10,353.80,2.500,0.50,50.0,0.17
4802.00,592.78,7869.58,353.80,2.500,0.50,50.0,0.17
4803.00,592.51,7872.07,353.80,2.500,0.50,50.0,0.17
4804.00,592.24,7874.55,353.81,2.500,0.50,50.0,0.17
4805.00,591.97,7877.04,353.81,2.500,0.50,50.0,0.17
4806.00,591.70,7879.52,353.81,2.500,0.50,50.0,0.17
4807.00,591.43,7882.01,353.82,2.500,0.50,50.0,0.17
4808.00,591.16,7884.49,353.82,2.500,0.50,50.0,0.17
4809.00,590.89,7886.98,353.82,2.500,0.50,50.0,0.17
4810.00,590.62,7889.47,353.82,2.500,0.50,50.0,0.17
4811.00,590.35,7891.95,353.83,2.500,0.50,50.0,0.17
4812.00,590.08,7894.44,353.83,2.500,0.50,50.0,0.17
4813.00,589.81,7896.92,353.83,2.500,0.50,50.0,0.17
4814.00,589.55,7899.41,353.84,2.500,0.50,50.0,0.17
4815.00,589.28,7901.89,353.84,2.500,0.49,50.0,0.17
4816.00,589.01,7904.38,353.84,2.500,0.49,50.0,0.17
4817.00,588.74,7906.86,353.84,2.500,0.49,50.0,0.17
4818.00,588.47,7909.35,353.85,2.500,0.49,50.0,0.17
4819.00,588.21,7911.84,353.85,2.500,0.49,50.0,0.17
4820.00,587.94,7914.32,353.85,2.500,0.49,50.0,0.17
4821.00,587.67,7916.81,353.86,2.500,0.49,50.0,0.17
4822.00,587.40,7919.29,353.86,2.500,0.49,50.0,0.17
4823.00,587.13,7921.78,353.86,2.500,0.49,50.0,0.17
4824.00,586.87,7924.26,353.86,2.500,0.49,50.0,0.17
4825.00,586.60,7926.75,353.87,2.500,0.49,50.0,0.17
4826.00,586.33,7929.24,353.87,2.500,0.49,50.0,0.17
4827.00,586.07,7931.72,353.87,2.500,0.49,50.0,0.17
4828.00,585.80,7934.21,353.88,2.500,0.49,50.0,0.17
4829.00,585.53,7936.69,353.88,2.500,0.49,50.0,0.17
4830.00,585.27,7939.18,353.88,2.500,0.49,50.0,0.17
4831.00,585.00,7941.66,353.88,2.500,0.49,50.0,0.17
4832.00,584.73,7944.15,353.89,2.500,0.49,50.0,0.17
4833.00,584.47,7946.64,353.89,2.500,0.49,50.0,0.17
4834.00,584.20,7949.12,353.89,2.500,0.49,50.0,0.17
4835.00,583.93,7951.61,353.90,2.500,0.49,50.0,0.17
4836.00,583.67,7954.09,353.90,2.500,0.49,50.0,0.17
4837.00,583.40,7956.58,353.90,2.500,0.49,50.0,0.17
4838.00,583.14,7959.06,353.90,2.500,0.49,50.0,0.17
4839.00,582.87,7961.55,353.91,2.500,0.49,50.0,0.17
4840.00,582.61,7964.04,353.91,2.500,0.49,50.0,0.17
4841.00,582.34,7966.52,353.91,2.500,0.49,50.0,0.17
4842.00,582.08,7969.01,353.92,2.500,0.49,50.0,0.17
4843.00,581.81,7971.49,353.92,2.500,0.49,50.0,0.17
4844.00,581.55,7973.98,353.92,2.500,0.49,50.0,0.17
4845.00,581.28,7976.47,353.92,2.500,0.49,50.0,0.17
4846.00,581.02,7978.95,353.93,2.500,0.49,50.0,0.17
4847.00,580.75,7981.44,353.93,2.500,0.49,50.0,0.17
4848.00,580.49,7983.92,353.93,2.500,0.49,50.0,0.17
4849.00,580.22,7986.41,353.93,2.500,0.49,50.0,0.17
4850.00,579.96,7988.90,353.94,2.500,0.49,50.0,0.17
4851.00,579.70,7991.38,353.94,2.500,0.49,50.0,0.17
4852.00,579.43,7993.87,353.94,2.500,0.49,50.0,0.17
4853.00,579.17,7996.35,353.95,2.500,0.49,50.0,0.17
4854.00,578.90,7998.84,353.95,2.500,0.49,50.0,0.17
4855.00,578.64,8001.33,353.95,2.500,0.49,50.0,0.17
4856.00,578.38,8003.81,353.95,2.500,0.49,50.0,0.17
4857.00,578.11,8006.30,353.96,2.500,0.48,50.0,0.17
4858.00,577.85,8008.78,353.96,2.500,0.48,50.0,0.17
4859.00,577.59,8011.27,353.96,2.500,0.48,50.0,0.17
4860.00,577.32,8013.76,353.97,2.500,0.48,50.0,0.17
4861.00,577.06,8016.24,353.97,2.500,0.48,50.0,0.17
4862.00,576.80,8018.73,353.97,2.500,0.48,50.0,0.17
4863.00,576.54,8021.22,353.97,2.500,0.48,50.0,0.17
4864.00,576.27,8023.70,353.98,2.500,0.48,50.0,0.17
4865.00,576.01,8026.19,353.98,2.500,0.48,50.0,0.17
4866.00,575.75,8028.67,353.98,2.500,0.48,50.0,0.17
4867.00,575.49,8031.16,353.99,2.500,0.48,50.0,0.17
4868.00,575.23,8033.65,353.99,2.500,0.48,50.0,0.17
4869.00,574.96,8036.13,353.99,2.500,0.48,50.0,0.17
4870.00,574.70,8038.62,353.99,2.500,0.48,50.0,0.17
4871.00,574.44,8041.10,354.00,2.500,0.48,50.0,0.17
4872.00,574.18,8043.59,354.00,2.500,0.48,50.0,0.17
4873.00,573.92,8046.08,354.00,2.500,0.48,50.0,0.17
4874.00,573.66,8048.56,354.01,2.500,0.48,50.0,0.17
4875.00,573.40,8051.05,354.01,2.500,0.48,50.0,0.17
4876.00,573.13,8053.54,354.01,2.500,0.48,50.0,0.17
4877.00,572.87,8056.02,354.01,2.500,0.48,50.0,0.17
4878.00,572.61,8058.51,354.02,2.500,0.48,50.0,0.17
4879.00,572.35,8061.00,354.02,2.500,0.48,50.0,0.17
4880.00,572.09,8063.48,354.02,2.500,0.48,50.0,0.17
4881.00,571.83,8065.97,354.02,2.500,0.48,50.0,0.17
4882.00,571.57,8068.45,354.03,2.500,0.48,50.0,0.17
4883.00,571.31,8070.94,354.03,2.500,0.48,50.0,0.17
4884.00,571.05,8073.43,354.03,2.500,0.48,50.0,0.17
4885.00,570.79,8075.91,354.04,2.500,0.48,50.0,0.17
4886.00,570.53,8078.40,354.04,2.500,0.48,50.0,0.17
4887.00,570.27,8080.89,354.04,2.500,0.48,50.0,0.17
4888.00,570.01,8083.37,354.04,2.500,0.48,50.0,0.17
4889.00,569.75,8085.86,354.05,2.500,0.48,50.0,0.17
4890.00,569.49,8088.35,354.05,2.500,0.48,50.0,0.17
4891.00,569.23,8090.83,354.05,2.500,0.48,50.0,0.17
4892.00,568.98,8093.32,354.06,2.500,0.48,50.0,0.17
4893.00,568.72,8095.81,354.06,2.500,0.48,50.0,0.17
4894.00,568.46,8098.29,354.06,2.500,0.48,50.0,0.17
4895.00,568.20,8100.78,354.06,2.500,0.48,50.0,0.17
4896.00,567.94,8103.27,354.07,2.500,0.48,50.0,0.17
4897.00,567.68,8105.75,354.07,2.500,0.48,50.0,0.17
4898.00,567.42,8108.24,354.07,2.500,0.48,50.0,0.17
4899.00,567.17,8110.73,354.07,2.500,0.48,50.0,0.17
4900.00,566.91,8113.21,354.08,2.500,0.48,50.0,0.17
4901.00,566.65,8115.70,354.08,2.500,0.48,50.0,0.17
4902.00,566.39,8118.19,354.08,2.500,0.48,50.0,0.17
4903.00,566.13,8120.67,354.09,2.500,0.48,50.0,0.17
4904.00,565.88,8123.16,354.09,2.500,0.48,50.0,0.16
4905.00,565.62,8125.65,354.09,2.500,0.47,50.0,0.16
4906.00,565.36,8128.13,354.09,2.500,0.47,50.0,0.16
4907.00,565.10,8130.62,354.10,2.500,0.47,50.0,0.16
4908.00,564.85,8133.11,354.10,2.500,0.47,50.0,0.16
4909.00,564.59,8135.59,354.10,2.500,0.47,50.0,0.16
4910.00,564.33,8138.08,354.10,2.500,0.47,50.0,0.16
4911.00,564.08,8140.57,354.11,2.500,0.47,50.0,0.16
4912.00,563.82,8143.05,354.11,2.500,0.47,50.0,0.16
4913.00,563.56,8145.54,354.11,2.500,0.47,50.0,0.16
4914.00,563.31,8148.03,354.12,2.500,0.47,50.0,0.16
4915.00,563.05,8150.51,354.12,2.500,0.47,50.0,0.16
4916.00,562.79,8153.00,354.12,2.500,0.47,50.0,0.16
4917.00,562.54,8155.49,354.12,2.500,0.47,50.0,0.16
4918.00,562.28,8157.97,354.13,2.500,0.47,50.0,0.16
4919.00,562.03,8160.46,354.13,2.500,0.47,50.0,0.16
4920.00,561.77,8162.95,354.13,2.500,0.47,50.0,0.16
4921.00,561.51,8165.43,354.13,2.500,0.47,50.0,0.16
4922.00,561.26,8167.92,354.14,2.500,0.47,50.0,0.16
4923.00,561.00,8170.41,354.14,2.500,0.47,50.0,0.16
4924.00,560.75,8172.90,354.14,2.500,0.47,50.0,0.16
4925.00,560.49,8175.38,354.15,2.500,0.47,50.0,0.16
4926.00,560.24,8177.87,354.15,2.500,0.47,50.0,0.16
4927.00,559.98,8180.36,354.15,2.500,0.47,50.0,0.16
4928.00,559.73,8182.84,354.15,2.500,0.47,50.0,0.16
4929.00,559.47,8185.33,354.16,2.500,0.47,50.0,0.16
4930.00,559.22,8187.82,354.16,2.500,0.47,50.0,0.16
4931.00,558.97,8190.30,354.16,2.500,0.47,50.0,0.16
4932.00,558.71,8192.79,354.16,2.500,0.47,50.0,0.16
4933.00,558.46,8195.28,354.17,2.500,0.47,50.0,0.16
4934.00,558.20,8197.77,354.17,2.500,0.47,50.0,0.16
4935.00,557.95,8200.25,354.17,2.500,0.47,50.0,0.16
4936.00,557.69,8202.74,354.18,2.500,0.47,50.0,0.16
4937.00,557.44,8205.23,354.18,2.500,0.47,50.0,0.16
4938.00,557.19,8207.71,354.18,2.500,0.47,50.0,0.16
4939.00,556.93,8210.20,354.18,2.500,0.47,50.0,0.16
4940.00,556.68,8212.69,354.19,2.500,0.47,50.0,0.16
4941.00,556.43,8215.18,354.19,2.500,0.47,50.0,0.16
4942.00,556.17,8217.66,354.19,2.500,0.47,50.0,0.16
4943.00,555.92,8220.15,354.19,2.500,0.47,50.0,0.16
4944.00,555.67,8222.64,354.20,2.500,0.47,50.0,0.16
4945.00,555.42,8225.12,354.20,2.500,0.47,50.0,0.16
4946.00,555.16,8227.61,354.20,2.500,0.47,50.0,0.16
4947.00,554.91,8230.10,354.21,2.500,0.47,50.0,0.16
4948.00,554.66,8232.59,354.21,2.500,0.47,50.0,0.16
4949.00,554.41,8235.07,354.21,2.500,0.47,50.0,0.16
4950.00,554.15,8237.56,354.21,2.500,0.46,50.0,0.16
4951.00,553.90,8240.05,354.22,2.500,0.46,50.0,0.16
4952.00,553.65,8242.53,354.22,2.500,0.46,50.0,0.16
4953.00,553.40,8245.02,354.22,2.500,0.46,50.0,0.16
4954.00,553.15,8247.51,354.22,2.500,0.46,50.0,0.16
4955.00,552.89,8250.00,354.23,2.500,0.46,50.0,0.16
4956.00,552.64,8252.48,354.23,2.500,0.46,50.0,0.16
4957.00,552.39,8254.97,354.23,2.500,0.46,50.0,0.16
4958.00,552.14,8257.46,354.23,2.500,0.46,50.0,0.16
4959.00,551.89,8259.95,354.24,2.500,0.46,50.0,0.16
4960.00,551.64,8262.43,354.24,2.500,0.46,50.0,0.16
4961.00,551.39,8264.92,354.24,2.500,0.46,50.0,0.16
4962.00,551.14,8267.41,354.25,2.500,0.46,50.0,0.16
4963.00,550.89,8269.90,354.25,2.500,0.46,50.0,0.16
4964.00,550.64,8272.38,354.25,2.500,0.46,50.0,0.16
4965.00,550.38,8274.87,354.25,2.500,0.46,50.0,0.16
4966.00,550.13,8277.36,354.26,2.500,0.46,50.0,0.16
4967.00,549.88,8279.85,354.26,2.500,0.46,50.0,0.16
4968.00,549.63,8282.33,354.26,2.500,0.46,50.0,0.16
4969.00,549.38,8284.82,354.26,2.500,0.46,50.0,0.16
4970.00,549.13,8287.31,354.27,2.500,0.46,50.0,0.16
4971.00,548.88,8289.79,354.27,2.500,0.46,50.0,0.16
4972.00,548.64,8292.28,354.27,2.500,0.46,50.0,0.16
4973.00,548.39,8294.77,354.27,2.500,0.46,50.0,0.16
4974.00,548.14,8297.26,354.28,2.500,0.46,50.0,0.16
4975.00,547.89,8299.75,354.28,2.500,0.46,50.0,0.16
4976.00,547.64,8302.23,354.28,2.500,0.46,50.0,0.16
4977.00,547.39,8304.72,354.29,2.500,0.46,50.0,0.16
4978.00,547.14,8307.21,354.29,2.500,0.46,50.0,0.16
4979.00,546.89,8309.70,354.29,2.500,0.46,50.0,0.16
4980.00,546.64,8312.18,354.29,2.500,0.46,50.0,0.16
4981.00,546.39,8314.67,354.30,2.500,0.46,50.0,0.16
4982.00,546.15,8317.16,354.30,2.500,0.46,50.0,0.16
4983.00,545.90,8319.65,354.30,2.500,0.46,50.0,0.16
4984.00,545.65,8322.13,354.30,2.500,0.46,50.0,0.16
4985.00,545.40,8324.62,354.31,2.500,0.46,50.0,0.16
4986.00,545.15,8327.11,354.31,2.500,0.46,50.0,0.16
4987.00,544.90,8329.60,354.31,2.500,0.46,50.0,0.16
4988.00,544.66,8332.08,354.31,2.500,0.46,50.0,0.16
4989.00,544.41,8334.57,354.32,2.500,0.46,50.0,0.16
4990.00,544.16,8337.06,354.32,2.500,0.46,50.0,0.16
4991.00,543.91,8339.55,354.32,2.500,0.46,50.0,0.16
4992.00,543.67,8342.04,354.33,2.500,0.46,50.0,0.16
4993.00,543.42,8344.52,354.33,2.500,0.46,50.0,0.16
4994.00,543.17,8347.01,354.33,2.500,0.46,50.0,0.16
4995.00,542.93,8349.50,354.33,2.500,0.46,50.0,0.16
4996.00,542.68,8351.99,354.34,2.500,0.46,50.0,0.16
4997.00,542.43,8354.47,354.34,2.500,0.46,50.0,0.16
4998.00,542.19,8356.96,354.34,2.500,0.45,50.0,0.16
4999.00,541.94,8359.45,354.34,2.500,0.45,50.0,0.16
5000.00,541.69,8361.94,354.35,2.500,0.45,50.0,0.16
5001.00,541.45,8364.43,354.35,2.500,0.45,50.0,0.16
5002.00,541.20,8366.91,354.35,2.500,0.45,50.0,0.16
5003.00,540.95,8369.40,354.35,2.500,0.45,50.0,0.16
5004.00,540.71,8371.89,354.36,2.500,0.45,50.0,0.16
5005.00,540.46,8374.38,354.36,2.500,0.45,50.0,0.16
5006.00,540.22,8376.86,354.36,2.500,0.45,50.0,0.16
5007.00,539.97,8379.35,354.36,2.500,0.45,50.0,0.16
5008.00,539.73,8381.84,354.37,2.500,0.45,50.0,0.16
5009.00,539.48,8384.33,354.37,2.500,0.45,50.0,0.16
5010.00,539.23,8386.82,354.37,2.500,0.45,50.0,0.16
5011.00,538.99,8389.30,354.38,2.500,0.45,50.0,0.16
5012.00,538.74,8391.79,354.38,2.500,0.45,50.0,0.16
5013.00,538.50,8394.28,354.38,2.500,0.45,50.0,0.16
5014.00,538.25,8396.77,354.38,2.500,0.45,50.0,0.16
5015.00,538.01,8399.26,354.39,2.500,0.45,50.0,0.16
5016.00,537.77,8401.74,354.39,2.500,0.45,50.0,0.16
5017.00,537.52,8404.23,354.39,2.500,0.45,50.0,0.16
5018.00,537.28,8406.72,354.39,2.500,0.45,50.0,0.16
5019.00,537.03,8409.21,354.40,2.500,0.45,50.0,0.16
5020.00,536.79,8411.70,354.40,2.500,0.45,50.0,0.16
5021.00,536.54,8414.18,354.40,2.500,0.45,50.0,0.16
5022.00,536.30,8416.67,354.40,2.500,0.45,50.0,0.16
5023.00,536.06,8419.16,354.41,2.500,0.45,50.0,0.16
5024.00,535.81,8421.65,354.41,2.500,0.45,50.0,0.16
5025.00,535.57,8424.14,354.41,2.500,0.45,50.0,0.16
5026.00,535.33,8426.62,354.41,2.500,0.45,50.0,0.16
5027.00,535.08,8429.11,354.42,2.500,0.45,50.0,0.16
5028.00,534.84,8431.60,354.42,2.500,0.45,50.0,0.16
5029.00,534.60,8434.09,354.42,2.500,0.45,50.0,0.16
5030.00,534.35,8436.58,354.42,2.500,0.45,50.0,0.16
5031.00,534.11,8439.07,354.43,2.500,0.45,50.0,0.16
5032.00,533.87,8441.55,354.43,2.500,0.45,50.0,0.16
5033.00,533.62,8444.04,354.43,2.500,0.45,50.0,0.16
5034.00,533.38,8446.53,354.44,2.500,0.45,50.0,0.16
5035.00,533.14,8449.02,354.44,2.500,0.45,50.0,0.16
5036.00,532.90,8451.51,354.44,2.500,0.45,50.0,0.16
5037.00,532.66,8453.99,354.44,2.500,0.45,50.0,0.16
5038.00,532.41,8456.48,354.45,2.500,0.45,50.0,0.16
5039.00,532.17,8458.97,354.45,2.500,0.45,50.0,0.16
5040.00,531.93,8461.46,354.45,2.500,0.45,50.0,0.15
5041.00,531.69,8463.95,354.45,2.500,0.45,50.0,0.15
5042.00,531.45,8466.44,354.46,2.500,0.45,50.0,0.15
5043.00,531.20,8468.92,354.46,2.500,0.45,50.0,0.15
5044.00,530.96,8471.41,354.46,2.500,0.45,50.0,0.15
5045.00,530.72,8473.90,354.46,2.500,0.45,50.0,0.15
5046.00,530.48,8476.39,354.47,2.500,0.44,50.0,0.15
5047.00,530.24,8478.88,354.47,2.500,0.44,50.0,0.15
5048.00,530.00,8481.37,354.47,2.500,0.44,50.0,0.15
5049.00,529.76,8483.85,354.47,2.500,0.44,50.0,0.15
5050.00,529.52,8486.34,354.48,2.500,0.44,50.0,0.15
5051.00,529.28,8488.83,354.48,2.500,0.44,50.0,0.15
5052.00,529.04,8491.32,354.48,2.500,0.44,50.0,0.15
5053.00,528.80,8493.81,354.48,2.500,0.44,50.0,0.15
5054.00,528.55,8496.30,354.49,2.500,0.44,50.0,0.15
5055.00,528.31,8498.78,354.49,2.500,0.44,50.0,0.15
5056.00,528.07,8501.27,354.49,2.500,0.44,50.0,0.15
5057.00,527.83,8503.76,354.49,2.500,0.44,50.0,0.15
5058.00,527.59,8506.25,354.50,2.500,0.44,50.0,0.15
5059.00,527.35,8508.74,354.50,2.500,0.44,50.0,0.15
5060.00,527.12,8511.23,354.50,2.500,0.44,50.0,0.15
5061.00,526.88,8513.72,354.50,2.500,0.44,50.0,0.15
5062.00,526.64,8516.20,354.51,2.500,0.44,50.0,0.15
5063.00,526.40,8518.69,354.51,2.500,0.44,50.0,0.15
5064.00,526.16,8521.18,354.51,2.500,0.44,50.0,0.15
5065.00,525.92,8523.67,354.51,2.500,0.44,50.0,0.15
5066.00,525.68,8526.16,354.52,2.500,0.44,50.0,0.15
5067.00,525.44,8528.65,354.52,2.500,0.44,50.0,0.15
5068.00,525.20,8531.14,354.52,2.500,0.44,50.0,0.15
5069.00,524.96,8533.62,354.52,2.500,0.44,50.0,0.15
5070.00,524.73,8536.11,354.53,2.500,0.44,50.0,0.15
5071.00,524.49,8538.60,354.53,2.500,0.44,50.0,0.15
5072.00,524.25,8541.09,354.53,2.500,0.44,50.0,0.15
5073.00,524.01,8543.58,354.54,2.500,0.44,50.0,0.15
5074.00,523.77,8546.07,354.54,2.500,0.44,50.0,0.15
5075.00,523.53,8548.56,354.54,2.500,0.44,50.0,0.15
5076.00,523.30,8551.04,354.54,2.500,0.44,50.0,0.15
5077.00,523.06,8553.53,354.55,2.500,0.44,50.0,0.15
5078.00,522.82,8556.02,354.55,2.500,0.44,50.0,0.15
5079.00,522.58,8558.51,354.55,2.500,0.44,50.0,0.15
5080.00,522.35,8561.00,354.55,2.500,0.44,50.0,0.15
5081.00,522.11,8563.49,354.56,2.500,0.44,50.0,0.15
5082.00,521.87,8565.98,354.56,2.500,0.44,50.0,0.15
5083.00,521.63,8568.47,354.56,2.500,0.44,50.0,0.15
5084.00,521.40,8570.95,354.56,2.500,0.44,50.0,0.15
5085.00,521.16,8573.44,354.57,2.500,0.44,50.0,0.15
5086.00,520.92,8575.93,354.57,2.500,0.44,50.0,0.15
5087.00,520.69,8578.42,354.57,2.500,0.44,50.0,0.15
5088.00,520.45,8580.91,354.57,2.500,0.44,50.0,0.15
5089.00,520.21,8583.40,354.58,2.500,0.44,50.0,0.15
5090.00,519.98,8585.89,354.58,2.500,0.44,50.0,0.15
5091.00,519.74,8588.38,354.58,2.500,0.44,50.0,0.15
5092.00,519.51,8590.86,354.58,2.500,0.44,50.0,0.15
5093.00,519.27,8593.35,354.59,2.500,0.44,50.0,0.15
5094.00,519.03,8595.84,354.59,2.500,0.43,50.0,0.15
5095.00,518.80,8598.33,354.59,2.500,0.43,50.0,0.15
5096.00,518.56,8600.82,354.59,2.500,0.43,50.0,0.15
5097.00,518.33,8603.31,354.60,2.500,0.43,50.0,0.15
5098.00,518.09,8605.80,354.60,2.500,0.43,50.0,0.15
5099.00,517.86,8608.29,354.60,2.500,0.43,50.0,0.15
5100.00,517.62,8610.78,354.60,2.500,0.43,50.0,0.15
5101.00,517.39,8613.26,354.61,2.500,0.43,50.0,0.15
5102.00,517.15,8615.75,354.61,2.500,0.43,50.0,0.15
5103.00,516.92,8618.24,354.61,2.500,0.43,50.0,0.15
5104.00,516.68,8620.73,354.61,2.500,0.43,50.0,0.15
5105.00,516.45,8623.22,354.62,2.500,0.43,50.0,0.15
5106.00,516.21,8625.71,354.62,2.500,0.43,50.0,0.15
5107.00,515.98,8628.20,354.62,2.500,0.43,50.0,0.15
5108.00,515.74,8630.69,354.62,2.500,0.43,50.0,0.15
5109.00,515.51,8633.18,354.63,2.500,0.43,50.0,0.15
5110.00,515.27,8635.67,354.63,2.500,0.43,50.0,0.15
5111.00,515.04,8638.15,354.63,2.500,0.43,50.0,0.15
5112.00,514.81,8640.64,354.63,2.500,0.43,50.0,0.15
5113.00,514.57,8643.13,354.64,2.500,0.43,50.0,0.15
5114.00,514.34,8645.62,354.64,2.500,0.43,50.0,0.15
5115.00,514.10,8648.11,354.64,2.500,0.43,50.0,0.15
5116.00,513.87,8650.60,354.64,2.500,0.43,50.0,0.15
5117.00,513.64,8653.09,354.65,2.500,0.43,50.0,0.15
5118.00,513.40,8655.58,354.65,2.500,0.43,50.0,0.15
5119.00,513.17,8658.07,354.65,2.500,0.43,50.0,0.15
5120.00,512.94,8660.56,354.65,2.500,0.43,50.0,0.15
5121.00,512.71,8663.04,354.66,2.500,0.43,50.0,0.15
5122.00,512.47,8665.53,354.66,2.500,0.43,50.0,0.15
5123.00,512.24,8668.02,354.66,2.500,0.43,50.0,0.15
5124.00,512.01,8670.51,354.66,2.500,0.43,50.0,0.15
5125.00,511.77,8673.00,354.67,2.500,0.43,50.0,0.15
5126.00,511.54,8675.49,354.67,2.500,0.43,50.0,0.15
5127.00,511.31,8677.98,354.67,2.500,0.43,50.0,0.15
5128.00,511.08,8680.47,354.67,2.500,0.43,50.0,0.15
5129.00,510.85,8682.96,354.68,2.500,0.43,50.0,0.15
5130.00,510.61,8685.45,354.68,2.500,0.43,50.0,0.15
5131.00,510.38,8687.94,354.68,2.500,0.43,50.0,0.15
5132.00,510.15,8690.43,354.68,2.500,0.43,50.0,0.15
5133.00,509.92,8692.92,354.69,2.500,0.43,50.0,0.15
5134.00,509.69,8695.40,354.69,2.500,0.43,50.0,0.15
5135.00,509.46,8697.89,354.69,2.500,0.43,50.0,0.15
5136.00,509.22,8700.38,354.69,2.500,0.43,50.0,0.15
5137.00,508.99,8702.87,354.70,2.500,0.43,50.0,0.15
5138.00,508.76,8705.36,354.70,2.500,0.43,50.0,0.15
5139.00,508.53,8707.85,354.70,2.500,0.43,50.0,0.15
5140.00,508.30,8710.34,354.70,2.500,0.43,50.0,0.15
5141.00,508.07,8712.83,354.71,2.500,0.43,50.0,0.15
5142.00,507.84,8715.32,354.71,2.500,0.43,50.0,0.15
5143.00,507.61,8717.81,354.71,2.500,0.43,50.0,0.15
5144.00,507.38,8720.30,354.71,2.500,0.43,50.0,0.15
5145.00,507.15,8722.79,354.72,2.500,0.42,50.0,0.15
5146.00,506.92,8725.28,354.72,2.500,0.42,50.0,0.15
5147.00,506.69,8727.77,354.72,2.500,0.42,50.0,0.15
5148.00,506.46,8730.26,354.72,2.500,0.42,50.0,0.15
5149.00,506.23,8732.74,354.73,2.500,0.42,50.0,0.15
5150.00,506.00,8735.23,354.73,2.500,0.42,50.0,0.15
5151.00,505.77,8737.72,354.73,2.500,0.42,50.0,0.15
5152.00,505.54,8740.21,354.73,2.500,0.42,50.0,0.15
5153.00,505.31,8742.70,354.73,2.500,0.42,50.0,0.15
5154.00,505.08,8745.19,354.74,2.500,0.42,50.0,0.15
5155.00,504.85,8747.68,354.74,2.500,0.42,50.0,0.15
5156.00,504.62,8750.17,354.74,2.500,0.42,50.0,0.15
5157.00,504.39,8752.66,354.74,2.500,0.42,50.0,0.15
5158.00,504.16,8755.15,354.75,2.500,0.42,50.0,0.15
5159.00,503.93,8757.64,354.75,2.500,0.42,50.0,0.15
5160.00,503.70,8760.13,354.75,2.500,0.42,50.0,0.15
5161.00,503.48,8762.62,354.75,2.500,0.42,50.0,0.15
5162.00,503.25,8765.11,354.76,2.500,0.42,50.0,0.15
5163.00,503.02,8767.60,354.76,2.500,0.42,50.0,0.15
5164.00,502.79,8770.09,354.76,2.500,0.42,50.0,0.15
5165.00,502.56,8772.58,354.76,2.500,0.42,50.0,0.15
5166.00,502.33,8775.07,354.77,2.500,0.42,50.0,0.15
5167.00,502.11,8777.56,354.77,2.500,0.42,50.0,0.15
5168.00,501.88,8780.04,354.77,2.500,0.42,50.0,0.15
5169.00,501.65,8782.53,354.77,2.500,0.42,50.0,0.15
5170.00,501.42,8785.02,354.78,2.500,0.42,50.0,0.15
5171.00,501.19,8787.51,354.78,2.500,0.42,50.0,0.15
5172.00,500.97,8790.00,354.78,2.500,0.42,50.0,0.15
5173.00,500.74,8792.49,354.78,2.500,0.42,50.0,0.15
5174.00,500.51,8794.98,354.79,2.500,0.42,50.0,0.15
5175.00,500.29,8797.47,354.79,2.500,0.42,50.0,0.15
5176.00,500.06,8799.96,354.79,2.500,0.42,50.0,0.15
5177.00,499.83,8802.45,354.79,2.500,0.42,50.0,0.15
5178.00,499.60,8804.94,354.80,2.500,0.42,50.0,0.15
5179.00,499.38,8807.43,354.80,2.500,0.42,50.0,0.15
5180.00,499.15,8809.92,354.80,2.500,0.42,50.0,0.15
5181.00,498.92,8812.41,354.80,2.500,0.42,50.0,0.15
5182.00,498.70,8814.90,354.81,2.500,0.42,50.0,0.15
5183.00,498.47,8817.39,354.81,2.500,0.42,50.0,0.15
5184.00,498.25,8819.88,354.81,2.500,0.42,50.0,0.15
5185.00,498.02,8822.37,354.81,2.500,0.42,50.0,0.14
5186.00,497.79,8824.86,354.82,2.500,0.42,50.0,0.14
5187.00,497.57,8827.35,354.82,2.500,0.42,50.0,0.14
5188.00,497.34,8829.84,354.82,2.500,0.42,50.0,0.14
5189.00,497.12,8832.33,354.82,2.500,0.42,50.0,0.14
5190.00,496.89,8834.82,354.82,2.500,0.42,50.0,0.14
5191.00,496.66,8837.31,354.83,2.500,0.42,50.0,0.14
5192.00,496.44,8839.80,354.83,2.500,0.42,50.0,0.14
5193.00,496.21,8842.29,354.83,2.500,0.42,50.0,0.14
5194.00,495.99,8844.78,354.83,2.500,0.42,50.0,0.14
5195.00,495.76,8847.27,354.84,2.500,0.42,50.0,0.14
5196.00,495.54,8849.76,354.84,2.500,0.41,50.0,0.14
5197.00,495.31,8852.25,354.84,2.500,0.41,50.0,0.14
5198.00,495.09,8854.74,354.84,2.500,0.41,50.0,0.14
5199.00,494.86,8857.23,354.85,2.500,0.41,50.0,0.14
5200.00,494.64,8859.72,354.85,2.500,0.41,50.0,0.14
5201.00,494.42,8862.21,354.85,2.500,0.41,50.0,0.14
5202.00,494.19,8864.70,354.85,2.500,0.41,50.0,0.14
5203.00,493.97,8867.19,354.86,2.500,0.41,50.0,0.14
5204.00,493.74,8869.68,354.86,2.500,0.41,50.0,0.14
5205.00,493.52,8872.17,354.86,2.500,0.41,50.0,0.14
5206.00,493.29,8874.66,354.86,2.500,0.41,50.0,0.14
5207.00,493.07,8877.15,354.87,2.500,0.41,50.0,0.14
5208.00,492.85,8879.64,354.87,2.500,0.41,50.0,0.14
5209.00,492.62,8882.13,354.87,2.500,0.41,50.0,0.14
5210.00,492.40,8884.62,354.87,2.500,0.41,50.0,0.14
5211.00,492.18,8887.11,354.88,2.500,0.41,50.0,0.14
5212.00,491.95,8889.60,354.88,2.500,0.41,50.0,0.14
5213.00,491.73,8892.09,354.88,2.500,0.41,50.0,0.14
5214.00,491.51,8894.58,354.88,2.500,0.41,50.0,0.14
5215.00,491.28,8897.07,354.88,2.500,0.41,50.0,0.14
5216.00,491.06,8899.56,354.89,2.500,0.41,50.0,0.14
5217.00,490.84,8902.05,354.89,2.500,0.41,50.0,0.14
5218.00,490.62,8904.54,354.89,2.500,0.41,50.0,0.14
5219.00,490.39,8907.03,354.89,2.500,0.41,50.0,0.14
5220.00,490.17,8909.52,354.90,2.500,0.41,50.0,0.14
5221.00,489.95,8912.01,354.90,2.500,0.41,50.0,0.14
5222.00,489.73,8914.50,354.90,2.500,0.41,50.0,0.14
5223.00,489.50,8916.99,354.90,2.500,0.41,50.0,0.14
5224.00,489.28,8919.48,354.91,2.500,0.41,50.0,0.14
5225.00,489.06,8921.97,354.91,2.500,0.41,50.0,0.14
5226.00,488.84,8924.46,354.91,2.500,0.41,50.0,0.14
5227.00,488.62,8926.95,354.91,2.500,0.41,50.0,0.14
5228.00,488.39,8929.44,354.92,2.500,0.41,50.0,0.14
5229.00,488.17,8931.93,354.92,2.500,0.41,50.0,0.14
5230.00,487.95,8934.42,354.92,2.500,0.41,50.0,0.14
5231.00,487.73,8936.91,354.92,2.500,0.41,50.0,0.14
5232.00,487.51,8939.40,354.93,2.500,0.41,50.0,0.14
5233.00,487.29,8941.89,354.93,2.500,0.41,50.0,0.14
5234.00,487.07,8944.38,354.93,2.500,0.41,50.0,0.14
5235.00,486.85,8946.87,354.93,2.500,0.41,50.0,0.14
5236.00,486.62,8949.36,354.93,2.500,0.41,50.0,0.14
5237.00,486.40,8951.85,354.94,2.500,0.41,50.0,0.14
5238.00,486.18,8954.34,354.94,2.500,0.41,50.0,0.14
5239.00,485.96,8956.83,354.94,2.500,0.41,50.0,0.14
5240.00,485.74,8959.32,354.94,2.500,0.41,50.0,0.14
5241.00,485.52,8961.81,354.95,2.500,0.41,50.0,0.14
5242.00,485.30,8964.30,354.95,2.500,0.41,50.0,0.14
5243.00,485.08,8966.79,354.95,2.500,0.41,50.0,0.14
5244.00,484.86,8969.28,354.95,2.500,0.41,50.0,0.14
5245.00,484.64,8971.77,354.96,2.500,0.41,50.0,0.14
5246.00,484.42,8974.26,354.96,2.500,0.41,50.0,0.14
5247.00,484.20,8976.75,354.96,2.500,0.41,50.0,0.14
5248.00,483.98,8979.24,354.96,2.500,0.41,50.0,0.14
5249.00,483.76,8981.73,354.97,2.500,0.41,50.0,0.14
5250.00,483.54,8984.22,354.97,2.500,0.40,50.0,0.14
5251.00,483.32,8986.71,354.97,2.500,0.40,50.0,0.14
5252.00,483.11,8989.20,354.97,2.500,0.40,50.0,0.14
5253.00,482.89,8991.69,354.97,2.500,0.40,50.0,0.14
5254.00,482.67,8994.18,354.98,2.500,0.40,50.0,0.14
5255.00,482.45,8996.68,354.98,2.500,0.40,50.0,0.14
5256.00,482.23,8999.17,354.98,2.500,0.40,50.0,0.14
5257.00,482.01,9001.66,354.98,2.500,0.40,50.0,0.14
5258.00,481.79,9004.15,354.99,2.500,0.40,50.0,0.14
5259.00,481.57,9006.64,354.99,2.500,0.40,50.0,0.14
5260.00,481.36,9009.13,354.99,2.500,0.40,50.0,0.14
5261.00,481.14,9011.62,354.99,2.500,0.40,50.0,0.14
5262.00,480.92,9014.11,355.00,2.500,0.40,50.0,0.14
5263.00,480.70,9016.60,355.00,2.500,0.40,50.0,0.14
5264.00,480.48,9019.09,355.00,2.500,0.40,50.0,0.14
5265.00,480.26,9021.58,355.00,2.500,0.40,50.0,0.14
5266.00,480.05,9024.07,355.00,2.500,0.40,50.0,0.14
5267.00,479.83,9026.56,355.01,2.500,0.40,50.0,0.14
5268.00,479.61,9029.05,355.01,2.500,0.40,50.0,0.14
5269.00,479.39,9031.54,355.01,2.500,0.40,50.0,0.14
5270.00,479.18,9034.03,355.01,2.500,0.40,50.0,0.14
5271.00,478.96,9036.52,355.02,2.500,0.40,50.0,0.14
5272.00,478.74,9039.01,355.02,2.500,0.40,50.0,0.14
5273.00,478.53,9041.50,355.02,2.500,0.40,50.0,0.14
5274.00,478.31,9043.99,355.02,2.500,0.40,50.0,0.14
5275.00,478.09,9046.49,355.03,2.500,0.40,50.0,0.14
5276.00,477.87,9048.98,355.03,2.500,0.40,50.0,0.14
5277.00,477.66,9051.47,355.03,2.500,0.40,50.0,0.14
5278.00,477.44,9053.96,355.03,2.500,0.40,50.0,0.14
5279.00,477.22,9056.45,355.03,2.500,0.40,50.0,0.14
5280.00,477.01,9058.94,355.04,2.500,0.40,50.0,0.14
5281.00,476.79,9061.43,355.04,2.500,0.40,50.0,0.14
5282.00,476.58,9063.92,355.04,2.500,0.40,50.0,0.14
5283.00,476.36,9066.41,355.04,2.500,0.40,50.0,0.14
5284.00,476.14,9068.90,355.05,2.500,0.40,50.0,0.14
5285.00,475.93,9071.39,355.05,2.500,0.40,50.0,0.14
5286.00,475.71,9073.88,355.05,2.500,0.40,50.0,0.14
5287.00,475.50,9076.37,355.05,2.500,0.40,50.0,0.14
5288.00,475.28,9078.86,355.06,2.500,0.40,50.0,0.14
5289.00,475.07,9081.35,355.06,2.500,0.40,50.0,0.14
5290.00,474.85,9083.84,355.06,2.500,0.40,50.0,0.14
5291.00,474.64,9086.34,355.06,2.500,0.40,50.0,0.14
5292.00,474.42,9088.83,355.06,2.500,0.40,50.0,0.14
5293.00,474.20,9091.32,355.07,2.500,0.40,50.0,0.14
5294.00,473.99,9093.81,355.07,2.500,0.40,50.0,0.14
5295.00,473.77,9096.30,355.07,2.500,0.40,50.0,0.14
5296.00,473.56,9098.79,355.07,2.500,0.40,50.0,0.14
5297.00,473.35,9101.28,355.08,2.500,0.40,50.0,0.14
5298.00,473.13,9103.77,355.08,2.500,0.40,50.0,0.14
5299.00,472.92,9106.26,355.08,2.500,0.40,50.0,0.14
5300.00,472.70,9108.75,355.08,2.500,0.40,50.0,0.14
5301.00,472.49,9111.24,355.09,2.500,0.40,50.0,0.14
5302.00,472.27,9113.73,355.09,2.500,0.40,50.0,0.14
5303.00,472.06,9116.22,355.09,2.500,0.40,50.0,0.14
5304.00,471.85,9118.72,355.09,2.500,0.39,50.0,0.14
5305.00,471.63,9121.21,355.09,2.500,0.39,50.0,0.14
5306.00,471.42,9123.70,355.10,2.500,0.39,50.0,0.14
5307.00,471.20,9126.19,355.10,2.500,0.39,50.0,0.14
5308.00,470.99,9128.68,355.10,2.500,0.39,50.0,0.14
5309.00,470.78,9131.17,355.10,2.500,0.39,50.0,0.14
5310.00,470.56,9133.66,355.11,2.500,0.39,50.0,0.14
5311.00,470.35,9136.15,355.11,2.500,0.39,50.0,0.14
5312.00,470.14,9138.64,355.11,2.500,0.39,50.0,0.14
5313.00,469.92,9141.13,355.11,2.500,0.39,50.0,0.14
5314.00,469.71,9143.62,355.12,2.500,0.39,50.0,0.14
5315.00,469.50,9146.12,355.12,2.500,0.39,50.0,0.14
5316.00,469.29,9148.61,355.12,2.500,0.39,50.0,0.14
5317.00,469.07,9151.10,355.12,2.500,0.39,50.0,0.14
5318.00,468.86,9153.59,355.12,2.500,0.39,50.0,0.14
5319.00,468.65,9156.08,355.13,2.500,0.39,50.0,0.14
5320.00,468.44,9158.57,355.13,2.500,0.39,50.0,0.14
5321.00,468.22,9161.06,355.13,2.500,0.39,50.0,0.14
5322.00,468.01,9163.55,355.13,2.500,0.39,50.0,0.14
5323.00,467.80,9166.04,355.14,2.500,0.39,50.0,0.14
5324.00,467.59,9168.53,355.14,2.500,0.39,50.0,0.14
5325.00,467.38,9171.02,355.14,2.500,0.39,50.0,0.14
5326.00,467.16,9173.52,355.14,2.500,0.39,50.0,0.14
5327.00,466.95,9176.01,355.14,2.500,0.39,50.0,0.14
5328.00,466.74,9178.50,355.15,2.500,0.39,50.0,0.14
5329.00,466.53,9180.99,355.15,2.500,0.39,50.0,0.14
5330.00,466.32,9183.48,355.15,2.500,0.39,50.0,0.14
5331.00,466.11,9185.97,355.15,2.500,0.39,50.0,0.14
5332.00,465.89,9188.46,355.16,2.500,0.39,50.0,0.14
5333.00,465.68,9190.95,355.16,2.500,0.39,50.0,0.14
5334.00,465.47,9193.44,355.16,2.500,0.39,50.0,0.14
5335.00,465.26,9195.94,355.16,2.500,0.39,50.0,0.14
5336.00,465.05,9198.43,355.17,2.500,0.39,50.0,0.14
5337.00,464.84,9200.92,355.17,2.500,0.39,50.0,0.14
5338.00,464.63,9203.41,355.17,2.500,0.39,50.0,0.14
5339.00,464.42,9205.90,355.17,2.500,0.39,50.0,0.14
5340.00,464.21,9208.39,355.17,2.500,0.39,50.0,0.13
5341.00,464.00,9210.88,355.18,2.500,0.39,50.0,0.13
5342.00,463.79,9213.37,355.18,2.500,0.39,50.0,0.13
5343.00,463.58,9215.86,355.18,2.500,0.39,50.0,0.13
5344.00,463.37,9218.36,355.18,2.500,0.39,50.0,0.13
5345.00,463.16,9220.85,355.19,2.500,0.39,50.0,0.13
5346.00,462.95,9223.34,355.19,2.500,0.39,50.0,0.13
5347.00,462.74,9225.83,355.19,2.500,0.39,50.0,0.13
5348.00,462.53,9228.32,355.19,2.500,0.39,50.0,0.13
5349.00,462.32,9230.81,355.19,2.500,0.39,50.0,0.13
5350.00,462.11,9233.30,355.20,2.500,0.39,50.0,0.13
5351.00,461.90,9235.79,355.20,2.500,0.39,50.0,0.13
5352.00,461.69,9238.29,355.20,2.500,0.39,50.0,0.13
5353.00,461.48,9240.78,355.20,2.500,0.39,50.0,0.13
5354.00,461.27,9243.27,355.21,2.500,0.39,50.0,0.13
5355.00,461.06,9245.76,355.21,2.500,0.39,50.0,0.13
5356.00,460.86,9248.25,355.21,2.500,0.39,50.0,0.13
5357.00,460.65,9250.74,355.21,2.500,0.39,50.0,0.13
5358.00,460.44,9253.23,355.21,2.500,0.38,50.0,0.13
5359.00,460.23,9255.72,355.22,2.500,0.38,50.0,0.13
5360.00,460.02,9258.22,355.22,2.500,0.38,50.0,0.13
5361.00,459.81,9260.71,355.22,2.500,0.38,50.0,0.13
5362.00,459.60,9263.20,355.22,2.500,0.38,50.0,0.13
5363.00,459.40,9265.69,355.23,2.500,0.38,50.0,0.13
5364.00,459.19,9268.18,355.23,2.500,0.38,50.0,0.13
5365.00,458.98,9270.67,355.23,2.500,0.38,50.0,0.13
5366.00,458.77,9273.16,355.23,2.500,0.38,50.0,0.13
5367.00,458.56,9275.65,355.23,2.500,0.38,50.0,0.13
5368.00,458.36,9278.15,355.24,2.500,0.38,50.0,0.13
5369.00,458.15,9280.64,355.24,2.500,0.38,50.0,0.13
5370.00,457.94,9283.13,355.24,2.500,0.38,50.0,0.13
5371.00,457.73,9285.62,355.24,2.500,0.38,50.0,0.13
5372.00,457.53,9288.11,355.25,2.500,0.38,50.0,0.13
5373.00,457.32,9290.60,355.25,2.500,0.38,50.0,0.13
5374.00,457.11,9293.09,355.25,2.500,0.38,50.0,0.13
5375.00,456.91,9295.59,355.25,2.500,0.38,50.0,0.13
5376.00,456.70,9298.08,355.25,2.500,0.38,50.0,0.13
5377.00,456.49,9300.57,355.26,2.500,0.38,50.0,0.13
5378.00,456.28,9303.06,355.26,2.500,0.38,50.0,0.13
5379.00,456.08,9305.55,355.26,2.500,0.38,50.0,0.13
5380.00,455.87,9308.04,355.26,2.500,0.38,50.0,0.13
5381.00,455.67,9310.53,355.27,2.500,0.38,50.0,0.13
5382.00,455.46,9313.03,355.27,2.500,0.38,50.0,0.13
5383.00,455.25,9315.52,355.27,2.500,0.38,50.0,0.13
5384.00,455.05,9318.01,355.27,2.500,0.38,50.0,0.13
5385.00,454.84,9320.50,355.27,2.500,0.38,50.0,0.13
5386.00,454.63,9322.99,355.28,2.500,0.38,50.0,0.13
5387.00,454.43,9325.48,355.28,2.500,0.38,50.0,0.13
5388.00,454.22,9327.97,355.28,2.500,0.38,50.0,0.13
5389.00,454.02,9330.47,355.28,2.500,0.38,50.0,0.13
5390.00,453.81,9332.96,355.29,2.500,0.38,50.0,0.13
5391.00,453.61,9335.45,355.29,2.500,0.38,50.0,0.13
5392.00,453.40,9337.94,355.29,2.500,0.38,50.0,0.13
5393.00,453.20,9340.43,355.29,2.500,0.38,50.0,0.13
5394.00,452.99,9342.92,355.29,2.500,0.38,50.0,0.13
5395.00,452.78,9345.42,355.30,2.500,0.38,50.0,0.13
5396.00,452.58,9347.91,355.30,2.500,0.38,50.0,0.13
5397.00,452.37,9350.40,355.30,2.500,0.38,50.0,0.13
5398.00,452.17,9352.89,355.30,2.500,0.38,50.0,0.13
5399.00,451.97,9355.38,355.30,2.500,0.38,50.0,0.13
5400.00,451.76,9357.87,355.31,2.500,0.38,50.0,0.13
5401.00,451.56,9360.37,355.31,2.500,0.38,50.0,0.13
5402.00,451.35,9362.86,355.31,2.500,0.38,50.0,0.13
5403.00,451.15,9365.35,355.31,2.500,0.38,50.0,0.13
5404.00,450.94,9367.84,355.32,2.500,0.38,50.0,0.13
5405.00,450.74,9370.33,355.32,2.500,0.38,50.0,0.13
5406.00,450.53,9372.82,355.32,2.500,0.38,50.0,0.13
5407.00,450.33,9375.32,355.32,2.500,0.38,50.0,0.13
5408.00,450.13,9377.81,355.32,2.500,0.38,50.0,0.13
5409.00,449.92,9380.30,355.33,2.500,0.38,50.0,0.13
5410.00,449.72,9382.79,355.33,2.500,0.38,50.0,0.13
5411.00,449.52,9385.28,355.33,2.500,0.38,50.0,0.13
5412.00,449.31,9387.77,355.33,2.500,0.38,50.0,0.13
5413.00,449.11,9390.27,355.34,2.500,0.38,50.0,0.13
5414.00,448.91,9392.76,355.34,2.500,0.38,50.0,0.13
5415.00,448.70,9395.25,355.34,2.500,0.37,50.0,0.13
5416.00,448.50,9397.74,355.34,2.500,0.37,50.0,0.13
5417.00,448.30,9400.23,355.34,2.500,0.37,50.0,0.13
5418.00,448.09,9402.72,355.35,2.500,0.37,50.0,0.13
5419.00,447.89,9405.22,355.35,2.500,0.37,50.0,0.13
5420.00,447.69,9407.71,355.35,2.500,0.37,50.0,0.13
5421.00,447.49,9410.20,355.35,2.500,0.37,50.0,0.13
5422.00,447.28,9412.69,355.36,2.500,0.37,50.0,0.13
5423.00,447.08,9415.18,355.36,2.500,0.37,50.0,0.13
5424.00,446.88,9417.67,355.36,2.500,0.37,50.0,0.13
5425.00,446.68,9420.17,355.36,2.500,0.37,50.0,0.13
5426.00,446.47,9422.66,355.36,2.500,0.37,50.0,0.13
5427.00,446.27,9425.15,355.37,2.500,0.37,50.0,0.13
5428.00,446.07,9427.64,355.37,2.500,0.37,50.0,0.13
5429.00,445.87,9430.13,355.37,2.500,0.37,50.0,0.13
5430.00,445.67,9432.63,355.37,2.500,0.37,50.0,0.13
5431.00,445.46,9435.12,355.37,2.500,0.37,50.0,0.13
5432.00,445.26,9437.61,355.38,2.500,0.37,50.0,0.13
5433.00,445.06,9440.10,355.38,2.500,0.37,50.0,0.13
5434.00,444.86,9442.59,355.38,2.500,0.37,50.0,0.13
5435.00,444.66,9445.08,355.38,2.500,0.37,50.0,0.13
5436.00,444.46,9447.58,355.39,2.500,0.37,50.0,0.13
5437.00,444.26,9450.07,355.39,2.500,0.37,50.0,0.13
5438.00,444.05,9452.56,355.39,2.500,0.37,50.0,0.13
5439.00,443.85,9455.05,355.39,2.500,0.37,50.0,0.13
5440.00,443.65,9457.54,355.39,2.500,0.37,50.0,0.13
5441.00,443.45,9460.04,355.40,2.500,0.37,50.0,0.13
5442.00,443.25,9462.53,355.40,2.500,0.37,50.0,0.13
5443.00,443.05,9465.02,355.40,2.500,0.37,50.0,0.13
5444.00,442.85,9467.51,355.40,2.500,0.37,50.0,0.13
5445.00,442.65,9470.00,355.40,2.500,0.37,50.0,0.13
5446.00,442.45,9472.50,355.41,2.500,0.37,50.0,0.13
5447.00,442.25,9474.99,355.41,2.500,0.37,50.0,0.13
5448.00,442.05,9477.48,355.41,2.500,0.37,50.0,0.13
5449.00,441.85,9479.97,355.41,2.500,0.37,50.0,0.13
5450.00,441.65,9482.46,355.42,2.500,0.37,50.0,0.13
5451.00,441.45,9484.96,355.42,2.500,0.37,50.0,0.13
5452.00,441.25,9487.45,355.42,2.500,0.37,50.0,0.13
5453.00,441.05,9489.94,355.42,2.500,0.37,50.0,0.13
5454.00,440.85,9492.43,355.42,2.500,0.37,50.0,0.13
5455.00,440.65,9494.92,355.43,2.500,0.37,50.0,0.13
5456.00,440.45,9497.42,355.43,2.500,0.37,50.0,0.13
5457.00,440.25,9499.91,355.43,2.500,0.37,50.0,0.13
5458.00,440.05,9502.40,355.43,2.500,0.37,50.0,0.13
5459.00,439.85,9504.89,355.43,2.500,0.37,50.0,0.13
5460.00,439.66,9507.38,355.44,2.500,0.37,50.0,0.13
5461.00,439.46,9509.88,355.44,2.500,0.37,50.0,0.13
5462.00,439.26,9512.37,355.44,2.500,0.37,50.0,0.13
5463.00,439.06,9514.86,355.44,2.500,0.37,50.0,0.13
5464.00,438.86,9517.35,355.45,2.500,0.37,50.0,0.13
5465.00,438.66,9519.84,355.45,2.500,0.37,50.0,0.13
5466.00,438.46,9522.34,355.45,2.500,0.37,50.0,0.13
5467.00,438.27,9524.83,355.45,2.500,0.37,50.0,0.13
5468.00,438.07,9527.32,355.45,2.500,0.37,50.0,0.13
5469.00,437.87,9529.81,355.46,2.500,0.37,50.0,0.13
5470.00,437.67,9532.31,355.46,2.500,0.37,50.0,0.13
5471.00,437.47,9534.80,355.46,2.500,0.37,50.0,0.13
5472.00,437.27,9537.29,355.46,2.500,0.37,50.0,0.13
5473.00,437.08,9539.78,355.46,2.500,0.37,50.0,0.13
5474.00,436.88,9542.27,355.47,2.500,0.37,50.0,0.13
5475.00,436.68,9544.77,355.47,2.500,0.36,50.0,0.13
5476.00,436.48,9547.26,355.47,2.500,0.36,50.0,0.13
5477.00,436.29,9549.75,355.47,2.500,0.36,50.0,0.13
5478.00,436.09,9552.24,355.47,2.500,0.36,50.0,0.13
5479.00,435.89,9554.73,355.48,2.500,0.36,50.0,0.13
5480.00,435.69,9557.23,355.48,2.500,0.36,50.0,0.13
5481.00,435.50,9559.72,355.48,2.500,0.36,50.0,0.13
5482.00,435.30,9562.21,355.48,2.500,0.36,50.0,0.13
5483.00,435.10,9564.70,355.49,2.500,0.36,50.0,0.13
5484.00,434.91,9567.20,355.49,2.500,0.36,50.0,0.13
5485.00,434.71,9569.69,355.49,2.500,0.36,50.0,0.13
5486.00,434.51,9572.18,355.49,2.500,0.36,50.0,0.13
5487.00,434.32,9574.67,355.49,2.500,0.36,50.0,0.13
5488.00,434.12,9577.17,355.50,2.500,0.36,50.0,0.13
5489.00,433.92,9579.66,355.50,2.500,0.36,50.0,0.13
5490.00,433.73,9582.15,355.50,2.500,0.36,50.0,0.13
5491.00,433.53,9584.64,355.50,2.500,0.36,50.0,0.13
5492.00,433.34,9587.13,355.50,2.500,0.36,50.0,0.13
5493.00,433.14,9589.63,355.51,2.500,0.36,50.0,0.13
5494.00,432.94,9592.12,355.51,2.500,0.36,50.0,0.13
5495.00,432.75,9594.61,355.51,2.500,0.36,50.0,0.13
5496.00,432.55,9597.10,355.51,2.500,0.36,50.0,0.13
5497.00,432.36,9599.60,355.51,2.500,0.36,50.0,0.13
5498.00,432.16,9602.09,355.52,2.500,0.36,50.0,0.13
5499.00,431.97,9604.58,355.52,2.500,0.36,50.0,0.13
5500.00,431.77,9607.07,355.52,2.500,0.36,50.0,0.13
5501.00,431.58,9609.57,355.52,2.500,0.36,50.0,0.13
5502.00,431.38,9612.06,355.53,2.500,0.36,50.0,0.13
5503.00,431.19,9614.55,355.53,2.500,0.36,50.0,0.13
5504.00,430.99,9617.04,355.53,2.500,0.36,50.0,0.13
5505.00,430.80,9619.53,355.53,2.500,0.36,50.0,0.13
5506.00,430.60,9622.03,355.53,2.500,0.36,50.0,0.13
5507.00,430.41,9624.52,355.54,2.500,0.36,50.0,0.12
5508.00,430.21,9627.01,355.54,2.500,0.36,50.0,0.12
5509.00,430.02,9629.50,355.54,2.500,0.36,50.0,0.12
5510.00,429.82,9632.00,355.54,2.500,0.36,50.0,0.12
5511.00,429.63,9634.49,355.54,2.500,0.36,50.0,0.12
5512.00,429.43,9636.98,355.55,2.500,0.36,50.0,0.12
5513.00,429.24,9639.47,355.55,2.500,0.36,50.0,0.12
5514.00,429.05,9641.97,355.55,2.500,0.36,50.0,0.12
5515.00,428.85,9644.46,355.55,2.500,0.36,50.0,0.12
5516.00,428.66,9646.95,355.55,2.500,0.36,50.0,0.12
5517.00,428.46,9649.44,355.56,2.500,0.36,50.0,0.12
5518.00,428.27,9651.94,355.56,2.500,0.36,50.0,0.12
5519.00,428.08,9654.43,355.56,2.500,0.36,50.0,0.12
5520.00,427.88,9656.92,355.56,2.500,0.36,50.0,0.12
5521.00,427.69,9659.41,355.56,2.500,0.36,50.0,0.12
5522.00,427.50,9661.91,355.57,2.500,0.36,50.0,0.12
5523.00,427.30,9664.40,355.57,2.500,0.36,50.0,0.12
5524.00,427.11,9666.89,355.57,2.500,0.36,50.0,0.12
5525.00,426.92,9669.38,355.57,2.500,0.36,50.0,0.12
5526.00,426.72,9671.88,355.57,2.500,0.36,50.0,0.12
5527.00,426.53,9674.37,355.58,2.500,0.36,50.0,0.12
5528.00,426.34,9676.86,355.58,2.500,0.36,50.0,0.12
5529.00,426.15,9679.35,355.58,2.500,0.36,50.0,0.12
5530.00,425.95,9681.85,355.58,2.500,0.36,50.0,0.12
5531.00,425.76,9684.34,355.59,2.500,0.36,50.0,0.12
5532.00,425.57,9686.83,355.59,2.500,0.36,50.0,0.12
5533.00,425.38,9689.32,355.59,2.500,0.36,50.0,0.12
5534.00,425.18,9691.82,355.59,2.500,0.36,50.0,0.12
5535.00,424.99,9694.31,355.59,2.500,0.35,50.0,0.12
5536.00,424.80,9696.80,355.60,2.500,0.35,50.0,0.12
5537.00,424.61,9699.30,355.60,2.500,0.35,50.0,0.12
5538.00,424.42,9701.79,355.60,2.500,0.35,50.0,0.12
5539.00,424.22,9704.28,355.60,2.500,0.35,50.0,0.12
5540.00,424.03,9706.77,355.60,2.500,0.35,50.0,0.12
5541.00,423.84,9709.27,355.61,2.500,0.35,50.0,0.12
5542.00,423.65,9711.76,355.61,2.500,0.35,50.0,0.12
5543.00,423.46,9714.25,355.61,2.500,0.35,50.0,0.12
5544.00,423.27,9716.74,355.61,2.500,0.35,50.0,0.12
5545.00,423.07,9719.24,355.61,2.500,0.35,50.0,0.12
5546.00,422.88,9721.73,355.62,2.500,0.35,50.0,0.12
5547.00,422.69,9724.22,355.62,2.500,0.35,50.0,0.12
5548.00,422.50,9726.71,355.62,2.500,0.35,50.0,0.12
5549.00,422.31,9729.21,355.62,2.500,0.35,50.0,0.12
5550.00,422.12,9731.70,355.62,2.500,0.35,50.0,0.12
5551.00,421.93,9734.19,355.63,2.500,0.35,50.0,0.12
5552.00,421.74,9736.69,355.63,2.500,0.35,50.0,0.12
5553.00,421.55,9739.18,355.63,2.500,0.35,50.0,0.12
5554.00,421.36,9741.67,355.63,2.500,0.35,50.0,0.12
5555.00,421.17,9744.16,355.63,2.500,0.35,50.0,0.12
5556.00,420.98,9746.66,355.64,2.500,0.35,50.0,0.12
5557.00,420.79,9749.15,355.64,2.500,0.35,50.0,0.12
5558.00,420.60,9751.64,355.64,2.500,0.35,50.0,0.12
5559.00,420.41,9754.13,355.64,2.500,0.35,50.0,0.12
5560.00,420.22,9756.63,355.64,2.500,0.35,50.0,0.12
5561.00,420.03,9759.12,355.65,2.500,0.35,50.0,0.12
5562.00,419.84,9761.61,355.65,2.500,0.35,50.0,0.12
5563.00,419.65,9764.11,355.65,2.500,0.35,50.0,0.12
5564.00,419.46,9766.60,355.65,2.500,0.35,50.0,0.12
5565.00,419.27,9769.09,355.65,2.500,0.35,50.0,0.12
5566.00,419.08,9771.58,355.66,2.500,0.35,50.0,0.12
5567.00,418.89,9774.08,355.66,2.500,0.35,50.0,0.12
5568.00,418.70,9776.57,355.66,2.500,0.35,50.0,0.12
5569.00,418.51,9779.06,355.66,2.500,0.35,50.0,0.12
5570.00,418.32,9781.56,355.66,2.500,0.35,50.0,0.12
5571.00,418.13,9784.05,355.67,2.500,0.35,50.0,0.12
5572.00,417.94,9786.54,355.67,2.500,0.35,50.0,0.12
5573.00,417.75,9789.03,355.67,2.500,0.35,50.0,0.12
5574.00,417.57,9791.53,355.67,2.500,0.35,50.0,0.12
5575.00,417.38,9794.02,355.67,2.500,0.35,50.0,0.12
5576.00,417.19,9796.51,355.68,2.500,0.35,50.0,0.12
5577.00,417.00,9799.01,355.68,2.500,0.35,50.0,0.12
5578.00,416.81,9801.50,355.68,2.500,0.35,50.0,0.12
5579.00,416.62,9803.99,355.68,2.500,0.35,50.0,0.12
5580.00,416.44,9806.48,355.68,2.500,0.35,50.0,0.12
5581.00,416.25,9808.98,355.69,2.500,0.35,50.0,0.12
5582.00,416.06,9811.47,355.69,2.500,0.35,50.0,0.12
5583.00,415.87,9813.96,355.69,2.500,0.35,50.0,0.12
5584.00,415.68,9816.46,355.69,2.500,0.35,50.0,0.12
5585.00,415.50,9818.95,355.70,2.500,0.35,50.0,0.12
5586.00,415.31,9821.44,355.70,2.500,0.35,50.0,0.12
5587.00,415.12,9823.93,355.70,2.500,0.35,50.0,0.12
5588.00,414.93,9826.43,355.70,2.500,0.35,50.0,0.12
5589.00,414.75,9828.92,355.70,2.500,0.35,50.0,0.12
5590.00,414.56,9831.41,355.71,2.500,0.35,50.0,0.12
5591.00,414.37,9833.91,355.71,2.500,0.35,50.0,0.12
5592.00,414.18,9836.40,355.71,2.500,0.35,50.0,0.12
5593.00,414.00,9838.89,355.71,2.500,0.35,50.0,0.12
5594.00,413.81,9841.39,355.71,2.500,0.35,50.0,0.12
5595.00,413.62,9843.88,355.72,2.500,0.35,50.0,0.12
5596.00,413.44,9846.37,355.72,2.500,0.35,50.0,0.12
5597.00,413.25,9848.86,355.72,2.500,0.35,50.0,0.12
5598.00,413.06,9851.36,355.72,2.500,0.34,50.0,0.12
5599.00,412.88,9853.85,355.72,2.500,0.34,50.0,0.12
5600.00,412.69,9856.34,355.73,2.500,0.34,50.0,0.12
5601.00,412.50,9858.84,355.73,2.500,0.34,50.0,0.12
5602.00,412.32,9861.33,355.73,2.500,0.34,50.0,0.12
5603.00,412.13,9863.82,355.73,2.500,0.34,50.0,0.12
5604.00,411.95,9866.32,355.73,2.500,0.34,50.0,0.12
5605.00,411.76,9868.81,355.74,2.500,0.34,50.0,0.12
5606.00,411.57,9871.30,355.74,2.500,0.34,50.0,0.12
5607.00,411.39,9873.80,355.74,2.500,0.34,50.0,0.12
5608.00,411.20,9876.29,355.74,2.500,0.34,50.0,0.12
5609.00,411.02,9878.78,355.74,2.500,0.34,50.0,0.12
5610.00,410.83,9881.27,355.74,2.500,0.34,50.0,0.12
5611.00,410.65,9883.77,355.75,2.500,0.34,50.0,0.12
5612.00,410.46,9886.26,355.75,2.500,0.34,50.0,0.12
5613.00,410.27,9888.75,355.75,2.500,0.34,50.0,0.12
5614.00,410.09,9891.25,355.75,2.500,0.34,50.0,0.12
5615.00,409.90,9893.74,355.75,2.500,0.34,50.0,0.12
5616.00,409.72,9896.23,355.76,2.500,0.34,50.0,0.12
5617.00,409.53,9898.73,355.76,2.500,0.34,50.0,0.12
5618.00,409.35,9901.22,355.76,2.500,0.34,50.0,0.12
5619.00,409.16,9903.71,355.76,2.500,0.34,50.0,0.12
5620.00,408.98,9906.21,355.76,2.500,0.34,50.0,0.12
5621.00,408.79,9908.70,355.77,2.500,0.34,50.0,0.12
5622.00,408.61,9911.19,355.77,2.500,0.34,50.0,0.12
5623.00,408.43,9913.69,355.77,2.500,0.34,50.0,0.12
5624.00,408.24,9916.18,355.77,2.500,0.34,50.0,0.12
5625.00,408.06,9918.67,355.77,2.500,0.34,50.0,0.12
5626.00,407.87,9921.16,355.78,2.500,0.34,50.0,0.12
5627.00,407.69,9923.66,355.78,2.500,0.34,50.0,0.12
5628.00,407.50,9926.15,355.78,2.500,0.34,50.0,0.12
5629.00,407.32,9928.64,355.78,2.500,0.34,50.0,0.12
5630.00,407.14,9931.14,355.78,2.500,0.34,50.0,0.12
5631.00,406.95,9933.63,355.79,2.500,0.34,50.0,0.12
5632.00,406.77,9936.12,355.79,2.500,0.34,50.0,0.12
5633.00,406.59,9938.62,355.79,2.500,0.34,50.0,0.12
5634.00,406.40,9941.11,355.79,2.500,0.34,50.0,0.12
5635.00,406.22,9943.60,355.79,2.500,0.34,50.0,0.12
5636.00,406.04,9946.10,355.80,2.500,0.34,50.0,0.12
5637.00,405.85,9948.59,355.80,2.500,0.34,50.0,0.12
5638.00,405.67,9951.08,355.80,2.500,0.34,50.0,0.12
5639.00,405.49,9953.58,355.80,2.500,0.34,50.0,0.12
5640.00,405.30,9956.07,355.80,2.500,0.34,50.0,0.12
5641.00,405.12,9958.56,355.81,2.500,0.34,50.0,0.12
5642.00,404.94,9961.06,355.81,2.500,0.34,50.0,0.12
5643.00,404.75,9963.55,355.81,2.500,0.34,50.0,0.12
5644.00,404.57,9966.04,355.81,2.500,0.34,50.0,0.12
5645.00,404.39,9968.54,355.81,2.500,0.34,50.0,0.12
5646.00,404.21,9971.03,355.82,2.500,0.34,50.0,0.12
5647.00,404.02,9973.52,355.82,2.500,0.34,50.0,0.12
5648.00,403.84,9976.02,355.82,2.500,0.34,50.0,0.12
5649.00,403.66,9978.51,355.82,2.500,0.34,50.0,0.12
5650.00,403.48,9981.00,355.82,2.500,0.34,50.0,0.12
5651.00,403.30,9983.50,355.83,2.500,0.34,50.0,0.12
5652.00,403.11,9985.99,355.83,2.500,0.34,50.0,0.12
5653.00,402.93,9988.48,355.83,2.500,0.34,50.0,0.12
5654.00,402.75,9990.98,355.83,2.500,0.34,50.0,0.12
5655.00,402.57,9993.47,355.83,2.500,0.34,50.0,0.12
5656.00,402.39,9995.96,355.84,2.500,0.34,50.0,0.12
5657.00,402.21,9998.46,355.84,2.500,0.34,50.0,0.12
5658.00,402.02,10000.95,355.84,2.500,0.34,50.0,0.12
5659.00,401.84,10003.44,355.84,2.500,0.34,50.0,0.12
5660.00,401.66,10005.94,355.84,2.500,0.34,50.0,0.12
5661.00,401.48,10008.43,355.85,2.500,0.33,50.0,0.12
5662.00,401.30,10010.92,355.85,2.500,0.33,50.0,0.12
5663.00,401.12,10013.42,355.85,2.500,0.33,50.0,0.12
5664.00,400.94,10015.91,355.85,2.500,0.33,50.0,0.12
5665.00,400.76,10018.40,355.85,2.500,0.33,50.0,0.12
5666.00,400.57,10020.90,355.85,2.500,0.33,50.0,0.12
5667.00,400.39,10023.39,355.86,2.500,0.33,50.0,0.12
5668.00,400.21,10025.89,355.86,2.500,0.33,50.0,0.12
5669.00,400.03,10028.38,355.86,2.500,0.33,50.0,0.12
5670.00,399.85,10030.87,355.86,2.500,0.33,50.0,0.12
5671.00,399.67,10033.37,355.86,2.500,0.33,50.0,0.12
5672.00,399.49,10035.86,355.87,2.500,0.33,50.0,0.12
5673.00,399.31,10038.35,355.87,2.500,0.33,50.0,0.12
5674.00,399.13,10040.85,355.87,2.500,0.33,50.0,0.12
5675.00,398.95,10043.34,355.87,2.500,0.33,50.0,0.12
5676.00,398.77,10045.83,355.87,2.500,0.33,50.0,0.12
5677.00,398.59,10048.33,355.88,2.500,0.33,50.0,0.12
5678.00,398.41,10050.82,355.88,2.500,0.33,50.0,0.12
5679.00,398.23,10053.31,355.88,2.500,0.33,50.0,0.12
5680.00,398.05,10055.81,355.88,2.500,0.33,50.0,0.12
5681.00,397.87,10058.30,355.88,2.500,0.33,50.0,0.12
5682.00,397.69,10060.79,355.89,2.500,0.33,50.0,0.12
5683.00,397.51,10063.29,355.89,2.500,0.33,50.0,0.12
5684.00,397.33,10065.78,355.89,2.500,0.33,50.0,0.12
5685.00,397.16,10068.27,355.89,2.500,0.33,50.0,0.12
5686.00,396.98,10070.77,355.89,2.500,0.33,50.0,0.12
5687.00,396.80,10073.26,355.90,2.500,0.33,50.0,0.11
5688.00,396.62,10075.76,355.90,2.500,0.33,50.0,0.11
5689.00,396.44,10078.25,355.90,2.500,0.33,50.0,0.11
5690.00,396.26,10080.74,355.90,2.500,0.33,50.0,0.11
5691.00,396.08,10083.24,355.90,2.500,0.33,50.0,0.11
5692.00,395.90,10085.73,355.90,2.500,0.33,50.0,0.11
5693.00,395.73,10088.22,355.91,2.500,0.33,50.0,0.11
5694.00,395.55,10090.72,355.91,2.500,0.33,50.0,0.11
5695.00,395.37,10093.21,355.91,2.500,0.33,50.0,0.11
5696.00,395.19,10095.70,355.91,2.500,0.33,50.0,0.11
5697.00,395.01,10098.20,355.91,2.500,0.33,50.0,0.11
5698.00,394.83,10100.69,355.92,2.500,0.33,50.0,0.11
5699.00,394.66,10103.19,355.92,2.500,0.33,50.0,0.11
5700.00,394.48,10105.68,355.92,2.500,0.33,50.0,0.11
5701.00,394.30,10108.17,355.92,2.500,0.33,50.0,0.11
5702.00,394.12,10110.67,355.92,2.500,0.33,50.0,0.11
5703.00,393.94,10113.16,355.93,2.500,0.33,50.0,0.11
5704.00,393.77,10115.65,355.93,2.500,0.33,50.0,0.11
5705.00,393.59,10118.15,355.93,2.500,0.33,50.0,0.11
5706.00,393.41,10120.64,355.93,2.500,0.33,50.0,0.11
5707.00,393.23,10123.13,355.93,2.500,0.33,50.0,0.11
5708.00,393.06,10125.63,355.94,2.500,0.33,50.0,0.11
5709.00,392.88,10128.12,355.94,2.500,0.33,50.0,0.11
5710.00,392.70,10130.62,355.94,2.500,0.33,50.0,0.11
5711.00,392.53,10133.11,355.94,2.500,0.33,50.0,0.11
5712.00,392.35,10135.60,355.94,2.500,0.33,50.0,0.11
5713.00,392.17,10138.10,355.94,2.500,0.33,50.0,0.11
5714.00,391.99,10140.59,355.95,2.500,0.33,50.0,0.11
5715.00,391.82,10143.08,355.95,2.500,0.33,50.0,0.11
5716.00,391.64,10145.58,355.95,2.500,0.33,50.0,0.11
5717.00,391.47,10148.07,355.95,2.500,0.33,50.0,0.11
5718.00,391.29,10150.57,355.95,2.500,0.33,50.0,0.11
5719.00,391.11,10153.06,355.96,2.500,0.33,50.0,0.11
5720.00,390.94,10155.55,355.96,2.500,0.33,50.0,0.11
5721.00,390.76,10158.05,355.96,2.500,0.33,50.0,0.11
5722.00,390.58,10160.54,355.96,2.500,0.33,50.0,0.11
5723.00,390.41,10163.03,355.96,2.500,0.33,50.0,0.11
5724.00,390.23,10165.53,355.97,2.500,0.33,50.0,0.11
5725.00,390.06,10168.02,355.97,2.500,0.33,50.0,0.11
5726.00,389.88,10170.52,355.97,2.500,0.33,50.0,0.11
5727.00,389.70,10173.01,355.97,2.500,0.32,50.0,0.11
5728.00,389.53,10175.50,355.97,2.500,0.32,50.0,0.11
5729.00,389.35,10178.00,355.97,2.500,0.32,50.0,0.11
5730.00,389.18,10180.49,355.98,2.500,0.32,50.0,0.11
5731.00,389.00,10182.99,355.98,2.500,0.32,50.0,0.11
5732.00,388.83,10185.48,355.98,2.500,0.32,50.0,0.11
5733.00,388.65,10187.97,355.98,2.500,0.32,50.0,0.11
5734.00,388.48,10190.47,355.98,2.500,0.32,50.0,0.11
5735.00,388.30,10192.96,355.99,2.500,0.32,50.0,0.11
5736.00,388.13,10195.45,355.99,2.500,0.32,50.0,0.11
5737.00,387.95,10197.95,355.99,2.500,0.32,50.0,0.11
5738.00,387.78,10200.44,355.99,2.500,0.32,50.0,0.11
5739.00,387.60,10202.94,355.99,2.500,0.32,50.0,0.11
5740.00,387.43,10205.43,356.00,2.500,0.32,50.0,0.11
5741.00,387.25,10207.92,356.00,2.500,0.32,50.0,0.11
5742.00,387.08,10210.42,356.00,2.500,0.32,50.0,0.11
5743.00,386.90,10212.91,356.00,2.500,0.32,50.0,0.11
5744.00,386.73,10215.41,356.00,2.500,0.32,50.0,0.11
5745.00,386.55,10217.90,356.00,2.500,0.32,50.0,0.11
5746.00,386.38,10220.39,356.01,2.500,0.32,50.0,0.11
5747.00,386.21,10222.89,356.01,2.500,0.32,50.0,0.11
5748.00,386.03,10225.38,356.01,2.500,0.32,50.0,0.11
5749.00,385.86,10227.88,356.01,2.500,0.32,50.0,0.11
5750.00,385.68,10230.37,356.01,2.500,0.32,50.0,0.11
5751.00,385.51,10232.86,356.02,2.500,0.32,50.0,0.11
5752.00,385.34,10235.36,356.02,2.500,0.32,50.0,0.11
5753.00,385.16,10237.85,356.02,2.500,0.32,50.0,0.11
5754.00,384.99,10240.35,356.02,2.500,0.32,50.0,0.11
5755.00,384.82,10242.84,356.02,2.500,0.32,50.0,0.11
5756.00,384.64,10245.33,356.03,2.500,0.32,50.0,0.11
5757.00,384.47,10247.83,356.03,2.500,0.32,50.0,0.11
5758.00,384.30,10250.32,356.03,2.500,0.32,50.0,0.11
5759.00,384.12,10252.82,356.03,2.500,0.32,50.0,0.11
5760.00,383.95,10255.31,356.03,2.500,0.32,50.0,0.11
5761.00,383.78,10257.80,356.03,2.500,0.32,50.0,0.11
5762.00,383.60,10260.30,356.04,2.500,0.32,50.0,0.11
5763.00,383.43,10262.79,356.04,2.500,0.32,50.0,0.11
5764.00,383.26,10265.29,356.04,2.500,0.32,50.0,0.11
5765.00,383.09,10267.78,356.04,2.500,0.32,50.0,0.11
5766.00,382.91,10270.27,356.04,2.500,0.32,50.0,0.11
5767.00,382.74,10272.77,356.05,2.500,0.32,50.0,0.11
5768.00,382.57,10275.26,356.05,2.500,0.32,50.0,0.11
5769.00,382.40,10277.76,356.05,2.500,0.32,50.0,0.11
5770.00,382.22,10280.25,356.05,2.500,0.32,50.0,0.11
5771.00,382.05,10282.74,356.05,2.500,0.32,50.0,0.11
5772.00,381.88,10285.24,356.05,2.500,0.32,50.0,0.11
5773.00,381.71,10287.73,356.06,2.500,0.32,50.0,0.11
5774.00,381.54,10290.23,356.06,2.500,0.32,50.0,0.11
5775.00,381.36,10292.72,356.06,2.500,0.32,50.0,0.11
5776.00,381.19,10295.21,356.06,2.500,0.32,50.0,0.11
5777.00,381.02,10297.71,356.06,2.500,0.32,50.0,0.11
5778.00,380.85,10300.20,356.07,2.500,0.32,50.0,0.11
5779.00,380.68,10302.70,356.07,2.500,0.32,50.0,0.11
5780.00,380.51,10305.19,356.07,2.500,0.32,50.0,0.11
5781.00,380.34,10307.68,356.07,2.500,0.32,50.0,0.11
5782.00,380.16,10310.18,356.07,2.500,0.32,50.0,0.11
5783.00,379.99,10312.67,356.08,2.500,0.32,50.0,0.11
5784.00,379.82,10315.17,356.08,2.500,0.32,50.0,0.11
5785.00,379.65,10317.66,356.08,2.500,0.32,50.0,0.11
5786.00,379.48,10320.16,356.08,2.500,0.32,50.0,0.11
5787.00,379.31,10322.65,356.08,2.500,0.32,50.0,0.11
5788.00,379.14,10325.14,356.08,2.500,0.32,50.0,0.11
5789.00,378.97,10327.64,356.09,2.500,0.32,50.0,0.11
5790.00,378.80,10330.13,356.09,2.500,0.32,50.0,0.11
5791.00,378.63,10332.63,356.09,2.500,0.32,50.0,0.11
5792.00,378.46,10335.12,356.09,2.500,0.32,50.0,0.11
5793.00,378.28,10337.61,356.09,2.500,0.31,50.0,0.11
5794.00,378.11,10340.11,356.10,2.500,0.31,50.0,0.11
5795.00,377.94,10342.60,356.10,2.500,0.31,50.0,0.11
5796.00,377.77,10345.10,356.10,2.500,0.31,50.0,0.11
5797.00,377.60,10347.59,356.10,2.500,0.31,50.0,0.11
5798.00,377.43,10350.09,356.10,2.500,0.31,50.0,0.11
5799.00,377.26,10352.58,356.10,2.500,0.31,50.0,0.11
5800.00,377.09,10355.07,356.11,2.500,0.31,50.0,0.11
5801.00,376.92,10357.57,356.11,2.500,0.31,50.0,0.11
5802.00,376.75,10360.06,356.11,2.500,0.31,50.0,0.11
5803.00,376.59,10362.56,356.11,2.500,0.31,50.0,0.11
5804.00,376.42,10365.05,356.11,2.500,0.31,50.0,0.11
5805.00,376.25,10367.55,356.12,2.500,0.31,50.0,0.11
5806.00,376.08,10370.04,356.12,2.500,0.31,50.0,0.11
5807.00,375.91,10372.53,356.12,2.500,0.31,50.0,0.11
5808.00,375.74,10375.03,356.12,2.500,0.31,50.0,0.11
5809.00,375.57,10377.52,356.12,2.500,0.31,50.0,0.11
5810.00,375.40,10380.02,356.12,2.500,0.31,50.0,0.11
5811.00,375.23,10382.51,356.13,2.500,0.31,50.0,0.11
5812.00,375.06,10385.01,356.13,2.500,0.31,50.0,0.11
5813.00,374.89,10387.50,356.13,2.500,0.31,50.0,0.11
5814.00,374.72,10389.99,356.13,2.500,0.31,50.0,0.11
5815.00,374.56,10392.49,356.13,2.500,0.31,50.0,0.11
5816.00,374.39,10394.98,356.14,2.500,0.31,50.0,0.11
5817.00,374.22,10397.48,356.14,2.500,0.31,50.0,0.11
5818.00,374.05,10399.97,356.14,2.500,0.31,50.0,0.11
5819.00,373.88,10402.47,356.14,2.500,0.31,50.0,0.11
5820.00,373.71,10404.96,356.14,2.500,0.31,50.0,0.11
5821.00,373.55,10407.45,356.14,2.500,0.31,50.0,0.11
5822.00,373.38,10409.95,356.15,2.500,0.31,50.0,0.11
5823.00,373.21,10412.44,356.15,2.500,0.31,50.0,0.11
5824.00,373.04,10414.94,356.15,2.500,0.31,50.0,0.11
5825.00,372.87,10417.43,356.15,2.500,0.31,50.0,0.11
5826.00,372.71,10419.93,356.15,2.500,0.31,50.0,0.11
5827.00,372.54,10422.42,356.15,2.500,0.31,50.0,0.11
5828.00,372.37,10424.91,356.16,2.500,0.31,50.0,0.11
5829.00,372.20,10427.41,356.16,2.500,0.31,50.0,0.11
5830.00,372.04,10429.90,356.16,2.500,0.31,50.0,0.11
5831.00,371.87,10432.40,356.16,2.500,0.31,50.0,0.11
5832.00,371.70,10434.89,356.16,2.500,0.31,50.0,0.11
5833.00,371.53,10437.39,356.17,2.500,0.31,50.0,0.11
5834.00,371.37,10439.88,356.17,2.500,0.31,50.0,0.11
5835.00,371.20,10442.38,356.17,2.500,0.31,50.0,0.11
5836.00,371.03,10444.87,356.17,2.500,0.31,50.0,0.11
5837.00,370.87,10447.36,356.17,2.500,0.31,50.0,0.11
5838.00,370.70,10449.86,356.17,2.500,0.31,50.0,0.11
5839.00,370.53,10452.35,356.18,2.500,0.31,50.0,0.11
5840.00,370.36,10454.85,356.18,2.500,0.31,50.0,0.11
5841.00,370.20,10457.34,356.18,2.500,0.31,50.0,0.11
5842.00,370.03,10459.84,356.18,2.500,0.31,50.0,0.11
5843.00,369.87,10462.33,356.18,2.500,0.31,50.0,0.11
5844.00,369.70,10464.83,356.19,2.500,0.31,50.0,0.11
5845.00,369.53,10467.32,356.19,2.500,0.31,50.0,0.11
5846.00,369.37,10469.81,356.19,2.500,0.31,50.0,0.11
5847.00,369.20,10472.31,356.19,2.500,0.31,50.0,0.11
5848.00,369.03,10474.80,356.19,2.500,0.31,50.0,0.11
5849.00,368.87,10477.30,356.19,2.500,0.31,50.0,0.11
5850.00,368.70,10479.79,356.20,2.500,0.31,50.0,0.11
5851.00,368.54,10482.29,356.20,2.500,0.31,50.0,0.11
5852.00,368.37,10484.78,356.20,2.500,0.31,50.0,0.11
5853.00,368.20,10487.28,356.20,2.500,0.31,50.0,0.11
5854.00,368.04,10489.77,356.20,2.500,0.31,50.0,0.11
5855.00,367.87,10492.26,356.20,2.500,0.31,50.0,0.11
5856.00,367.71,10494.76,356.21,2.500,0.31,50.0,0.11
5857.00,367.54,10497.25,356.21,2.500,0.31,50.0,0.11
5858.00,367.38,10499.75,356.21,2.500,0.31,50.0,0.11
5859.00,367.21,10502.24,356.21,2.500,0.31,50.0,0.11
5860.00,367.05,10504.74,356.21,2.500,0.31,50.0,0.11
5861.00,366.88,10507.23,356.22,2.500,0.31,50.0,0.11
5862.00,366.72,10509.73,356.22,2.500,0.31,50.0,0.11
5863.00,366.55,10512.22,356.22,2.500,0.31,50.0,0.11
5864.00,366.39,10514.72,356.22,2.500,0.31,50.0,0.11
5865.00,366.22,10517.21,356.22,2.500,0.30,50.0,0.11
5866.00,366.06,10519.70,356.22,2.500,0.30,50.0,0.11
5867.00,365.89,10522.20,356.23,2.500,0.30,50.0,0.11
5868.00,365.73,10524.69,356.23,2.500,0.30,50.0,0.11
5869.00,365.56,10527.19,356.23,2.500,0.30,50.0,0.11
5870.00,365.40,10529.68,356.23,2.500,0.30,50.0,0.11
5871.00,365.23,10532.18,356.23,2.500,0.30,50.0,0.11
5872.00,365.07,10534.67,356.23,2.500,0.30,50.0,0.11
5873.00,364.91,10537.17,356.24,2.500,0.30,50.0,0.11
5874.00,364.74,10539.66,356.24,2.500,0.30,50.0,0.11
5875.00,364.58,10542.16,356.24,2.500,0.30,50.0,0.11
5876.00,364.41,10544.65,356.24,2.500,0.30,50.0,0.11
5877.00,364.25,10547.14,356.24,2.500,0.30,50.0,0.11
5878.00,364.09,10549.64,356.25,2.500,0.30,50.0,0.11
5879.00,363.92,10552.13,356.25,2.500,0.30,50.0,0.11
5880.00,363.76,10554.63,356.25,2.500,0.30,50.0,0.11
5881.00,363.60,10557.12,356.25,2.500,0.30,50.0,0.11
5882.00,363.43,10559.62,356.25,2.500,0.30,50.0,0.11
5883.00,363.27,10562.11,356.25,2.500,0.30,50.0,0.11
5884.00,363.11,10564.61,356.26,2.500,0.30,50.0,0.10
5885.00,362.94,10567.10,356.26,2.500,0.30,50.0,0.10
5886.00,362.78,10569.60,356.26,2.500,0.30,50.0,0.10
5887.00,362.62,10572.09,356.26,2.500,0.30,50.0,0.10
5888.00,362.45,10574.59,356.26,2.500,0.30,50.0,0.10
5889.00,362.29,10577.08,356.26,2.500,0.30,50.0,0.10
5890.00,362.13,10579.58,356.27,2.500,0.30,50.0,0.10
5891.00,361.96,10582.07,356.27,2.500,0.30,50.0,0.10
5892.00,361.80,10584.56,356.27,2.500,0.30,50.0,0.10
5893.00,361.64,10587.06,356.27,2.500,0.30,50.0,0.10
5894.00,361.48,10589.55,356.27,2.500,0.30,50.0,0.10
5895.00,361.31,10592.05,356.28,2.500,0.30,50.0,0.10
5896.00,361.15,10594.54,356.28,2.500,0.30,50.0,0.10
5897.00,360.99,10597.04,356.28,2.500,0.30,50.0,0.10
5898.00,360.83,10599.53,356.28,2.500,0.30,50.0,0.10
5899.00,360.66,10602.03,356.28,2.500,0.30,50.0,0.10
5900.00,360.50,10604.52,356.28,2.500,0.30,50.0,0.10
5901.00,360.34,10607.02,356.29,2.500,0.30,50.0,0.10
5902.00,360.18,10609.51,356.29,2.500,0.30,50.0,0.10
5903.00,360.02,10612.01,356.29,2.500,0.30,50.0,0.10
5904.00,359.86,10614.50,356.29,2.500,0.30,50.0,0.10
5905.00,359.69,10617.00,356.29,2.500,0.30,50.0,0.10
5906.00,359.53,10619.49,356.29,2.500,0.30,50.0,0.10
5907.00,359.37,10621.99,356.30,2.500,0.30,50.0,0.10
5908.00,359.21,10624.48,356.30,2.500,0.30,50.0,0.10
5909.00,359.05,10626.98,356.30,2.500,0.30,50.0,0.10
5910.00,358.89,10629.47,356.30,2.500,0.30,50.0,0.10
5911.00,358.72,10631.97,356.30,2.500,0.30,50.0,0.10
5912.00,358.56,10634.46,356.30,2.500,0.30,50.0,0.10
5913.00,358.40,10636.95,356.31,2.500,0.30,50.0,0.10
5914.00,358.24,10639.45,356.31,2.500,0.30,50.0,0.10
5915.00,358.08,10641.94,356.31,2.500,0.30,50.0,0.10
5916.00,357.92,10644.44,356.31,2.500,0.30,50.0,0.10
5917.00,357.76,10646.93,356.31,2.500,0.30,50.0,0.10
5918.00,357.60,10649.43,356.31,2.500,0.30,50.0,0.10
5919.00,357.44,10651.92,356.32,2.500,0.30,50.0,0.10
5920.00,357.28,10654.42,356.32,2.500,0.30,50.0,0.10
5921.00,357.12,10656.91,356.32,2.500,0.30,50.0,0.10
5922.00,356.96,10659.41,356.32,2.500,0.30,50.0,0.10
5923.00,356.80,10661.90,356.32,2.500,0.30,50.0,0.10
5924.00,356.63,10664.40,356.33,2.500,0.30,50.0,0.10
5925.00,356.47,10666.89,356.33,2.500,0.30,50.0,0.10
5926.00,356.31,10669.39,356.33,2.500,0.30,50.0,0.10
5927.00,356.15,10671.88,356.33,2.500,0.30,50.0,0.10
5928.00,355.99,10674.38,356.33,2.500,0.30,50.0,0.10
5929.00,355.83,10676.87,356.33,2.500,0.30,50.0,0.10
5930.00,355.67,10679.37,356.34,2.500,0.30,50.0,0.10
5931.00,355.51,10681.86,356.34,2.500,0.30,50.0,0.10
5932.00,355.35,10684.36,356.34,2.500,0.30,50.0,0.10
5933.00,355.20,10686.85,356.34,2.500,0.30,50.0,0.10
5934.00,355.04,10689.35,356.34,2.500,0.30,50.0,0.10
5935.00,354.88,10691.84,356.34,2.500,0.30,50.0,0.10
5936.00,354.72,10694.34,356.35,2.500,0.30,50.0,0.10
5937.00,354.56,10696.83,356.35,2.500,0.29,50.0,0.10
5938.00,354.40,10699.33,356.35,2.500,0.29,50.0,0.10
5939.00,354.24,10701.82,356.35,2.500,0.29,50.0,0.10
5940.00,354.08,10704.32,356.35,2.500,0.29,50.0,0.10
5941.00,353.92,10706.81,356.35,2.500,0.29,50.0,0.10
5942.00,353.76,10709.31,356.36,2.500,0.29,50.0,0.10
5943.00,353.60,10711.80,356.36,2.500,0.29,50.0,0.10
5944.00,353.44,10714.30,356.36,2.500,0.29,50.0,0.10
5945.00,353.29,10716.79,356.36,2.500,0.29,50.0,0.10
5946.00,353.13,10719.29,356.36,2.500,0.29,50.0,0.10
5947.00,352.97,10721.78,356.36,2.500,0.29,50.0,0.10
5948.00,352.81,10724.28,356.37,2.500,0.29,50.0,0.10
5949.00,352.65,10726.77,356.37,2.500,0.29,50.0,0.10
5950.00,352.49,10729.27,356.37,2.500,0.29,50.0,0.10
5951.00,352.33,10731.76,356.37,2.500,0.29,50.0,0.10
5952.00,352.18,10734.26,356.37,2.500,0.29,50.0,0.10
5953.00,352.02,10736.75,356.37,2.500,0.29,50.0,0.10
5954.00,351.86,10739.25,356.38,2.500,0.29,50.0,0.10
5955.00,351.70,10741.74,356.38,2.500,0.29,50.0,0.10
5956.00,351.54,10744.24,356.38,2.500,0.29,50.0,0.10
5957.00,351.39,10746.73,356.38,2.500,0.29,50.0,0.10
5958.00,351.23,10749.23,356.38,2.500,0.29,50.0,0.10
5959.00,351.07,10751.72,356.38,2.500,0.29,50.0,0.10
5960.00,350.91,10754.22,356.39,2.500,0.29,50.0,0.10
5961.00,350.76,10756.71,356.39,2.500,0.29,50.0,0.10
5962.00,350.60,10759.21,356.39,2.500,0.29,50.0,0.10
5963.00,350.44,10761.70,356.39,2.500,0.29,50.0,0.10
5964.00,350.28,10764.20,356.39,2.500,0.29,50.0,0.10
5965.00,350.13,10766.69,356.39,2.500,0.29,50.0,0.10
5966.00,349.97,10769.19,356.40,2.500,0.29,50.0,0.10
5967.00,349.81,10771.68,356.40,2.500,0.29,50.0,0.10
5968.00,349.65,10774.18,356.40,2.500,0.29,50.0,0.10
5969.00,349.50,10776.67,356.40,2.500,0.29,50.0,0.10
5970.00,349.34,10779.17,356.40,2.500,0.29,50.0,0.10
5971.00,349.18,10781.66,356.41,2.500,0.29,50.0,0.10
5972.00,349.03,10784.16,356.41,2.500,0.29,50.0,0.10
5973.00,348.87,10786.65,356.41,2.500,0.29,50.0,0.10
5974.00,348.71,10789.15,356.41,2.500,0.29,50.0,0.10
5975.00,348.56,10791.64,356.41,2.500,0.29,50.0,0.10
5976.00,348.40,10794.14,356.41,2.500,0.29,50.0,0.10
5977.00,348.24,10796.63,356.42,2.500,0.29,50.0,0.10
5978.00,348.09,10799.13,356.42,2.500,0.29,50.0,0.10
5979.00,347.93,10801.62,356.42,2.500,0.29,50.0,0.10
5980.00,347.78,10804.12,356.42,2.500,0.29,50.0,0.10
5981.00,347.62,10806.61,356.42,2.500,0.29,50.0,0.10
5982.00,347.46,10809.11,356.42,2.500,0.29,50.0,0.10
5983.00,347.31,10811.60,356.43,2.500,0.29,50.0,0.10
5984.00,347.15,10814.10,356.43,2.500,0.29,50.0,0.10
5985.00,347.00,10816.59,356.43,2.500,0.29,50.0,0.10
5986.00,346.84,10819.09,356.43,2.500,0.29,50.0,0.10
5987.00,346.68,10821.58,356.43,2.500,0.29,50.0,0.10
5988.00,346.53,10824.08,356.43,2.500,0.29,50.0,0.10
5989.00,346.37,10826.57,356.44,2.500,0.29,50.0,0.10
5990.00,346.22,10829.07,356.44,2.500,0.29,50.0,0.10
5991.00,346.06,10831.56,356.44,2.500,0.29,50.0,0.10
5992.00,345.91,10834.06,356.44,2.500,0.29,50.0,0.10
5993.00,345.75,10836.55,356.44,2.500,0.29,50.0,0.10
5994.00,345.60,10839.05,356.44,2.500,0.29,50.0,0.10
5995.00,345.44,10841.54,356.45,2.500,0.29,50.0,0.10
5996.00,345.29,10844.04,356.45,2.500,0.29,50.0,0.10
5997.00,345.13,10846.53,356.45,2.500,0.29,50.0,0.10
5998.00,344.98,10849.03,356.45,2.500,0.29,50.0,0.10
5999.00,344.82,10851.53,356.45,2.500,0.29,50.0,0.10
6000.00,344.67,10854.02,356.45,2.500,0.29,50.0,0.10
6001.00,344.51,10856.52,356.46,2.500,0.29,50.0,0.10
6002.00,344.36,10859.01,356.46,2.500,0.29,50.0,0.10
6003.00,344.20,10861.51,356.46,2.500,0.29,50.0,0.10
6004.00,344.05,10864.00,356.46,2.500,0.29,50.0,0.10
6005.00,343.90,10866.50,356.46,2.500,0.29,50.0,0.10
6006.00,343.74,10868.99,356.46,2.500,0.29,50.0,0.10
6007.00,343.59,10871.49,356.47,2.500,0.29,50.0,0.10
6008.00,343.43,10873.98,356.47,2.500,0.29,50.0,0.10
6009.00,343.28,10876.48,356.47,2.500,0.28,50.0,0.10
6010.00,343.12,10878.97,356.47,2.500,0.28,50.0,0.10
6011.00,342.97,10881.47,356.47,2.500,0.28,50.0,0.10
6012.00,342.82,10883.96,356.47,2.500,0.28,50.0,0.10
6013.00,342.66,10886.46,356.47,2.500,0.28,50.0,0.10
6014.00,342.51,10888.95,356.48,2.500,0.28,50.0,0.10
6015.00,342.36,10891.45,356.48,2.500,0.28,50.0,0.10
6016.00,342.20,10893.94,356.48,2.500,0.28,50.0,0.10
6017.00,342.05,10896.44,356.48,2.500,0.28,50.0,0.10
6018.00,341.90,10898.94,356.48,2.500,0.28,50.0,0.10
6019.00,341.74,10901.43,356.48,2.500,0.28,50.0,0.10
6020.00,341.59,10903.93,356.49,2.500,0.28,50.0,0.10
6021.00,341.44,10906.42,356.49,2.500,0.28,50.0,0.10
6022.00,341.28,10908.92,356.49,2.500,0.28,50.0,0.10
6023.00,341.13,10911.41,356.49,2.500,0.28,50.0,0.10
6024.00,340.98,10913.91,356.49,2.500,0.28,50.0,0.10
6025.00,340.82,10916.40,356.49,2.500,0.28,50.0,0.10
6026.00,340.67,10918.90,356.50,2.500,0.28,50.0,0.10
6027.00,340.52,10921.39,356.50,2.500,0.28,50.0,0.10
6028.00,340.36,10923.89,356.50,2.500,0.28,50.0,0.10
6029.00,340.21,10926.38,356.50,2.500,0.28,50.0,0.10
6030.00,340.06,10928.88,356.50,2.500,0.28,50.0,0.10
6031.00,339.91,10931.37,356.50,2.500,0.28,50.0,0.10
6032.00,339.75,10933.87,356.51,2.500,0.28,50.0,0.10
6033.00,339.60,10936.36,356.51,2.500,0.28,50.0,0.10
6034.00,339.45,10938.86,356.51,2.500,0.28,50.0,0.10
6035.00,339.30,10941.36,356.51,2.500,0.28,50.0,0.10
6036.00,339.15,10943.85,356.51,2.500,0.28,50.0,0.10
6037.00,338.99,10946.35,356.51,2.500,0.28,50.0,0.10
6038.00,338.84,10948.84,356.52,2.500,0.28,50.0,0.10
6039.00,338.69,10951.34,356.52,2.500,0.28,50.0,0.10
6040.00,338.54,10953.83,356.52,2.500,0.28,50.0,0.10
6041.00,338.39,10956.33,356.52,2.500,0.28,50.0,0.10
6042.00,338.23,10958.82,356.52,2.500,0.28,50.0,0.10
6043.00,338.08,10961.32,356.52,2.500,0.28,50.0,0.10
6044.00,337.93,10963.81,356.53,2.500,0.28,50.0,0.10
6045.00,337.78,10966.31,356.53,2.500,0.28,50.0,0.10
6046.00,337.63,10968.80,356.53,2.500,0.28,50.0,0.10
6047.00,337.48,10971.30,356.53,2.500,0.28,50.0,0.10
6048.00,337.33,10973.80,356.53,2.500,0.28,50.0,0.10
6049.00,337.17,10976.29,356.53,2.500,0.28,50.0,0.10
6050.00,337.02,10978.79,356.54,2.500,0.28,50.0,0.10
6051.00,336.87,10981.28,356.54,2.500,0.28,50.0,0.10
6052.00,336.72,10983.78,356.54,2.500,0.28,50.0,0.10
6053.00,336.57,10986.27,356.54,2.500,0.28,50.0,0.10
6054.00,336.42,10988.77,356.54,2.500,0.28,50.0,0.10
6055.00,336.27,10991.26,356.54,2.500,0.28,50.0,0.10
6056.00,336.12,10993.76,356.55,2.500,0.28,50.0,0.10
6057.00,335.97,10996.25,356.55,2.500,0.28,50.0,0.10
6058.00,335.82,10998.75,356.55,2.500,0.28,50.0,0.10
6059.00,335.67,11001.25,356.55,2.500,0.28,50.0,0.10
6060.00,335.52,11003.74,356.55,2.500,0.28,50.0,0.10
6061.00,335.37,11006.24,356.55,2.500,0.28,50.0,0.10
6062.00,335.21,11008.73,356.55,2.500,0.28,50.0,0.10
6063.00,335.06,11011.23,356.56,2.500,0.28,50.0,0.10
6064.00,334.91,11013.72,356.56,2.500,0.28,50.0,0.10
6065.00,334.76,11016.22,356.56,2.500,0.28,50.0,0.10
6066.00,334.61,11018.71,356.56,2.500,0.28,50.0,0.10
6067.00,334.46,11021.21,356.56,2.500,0.28,50.0,0.10
6068.00,334.31,11023.71,356.56,2.500,0.28,50.0,0.10
6069.00,334.16,11026.20,356.57,2.500,0.28,50.0,0.10
6070.00,334.01,11028.70,356.57,2.500,0.28,50.0,0.10
6071.00,333.87,11031.19,356.57,2.500,0.28,50.0,0.10
6072.00,333.72,11033.69,356.57,2.500,0.28,50.0,0.10
6073.00,333.57,11036.18,356.57,2.500,0.28,50.0,0.10
6074.00,333.42,11038.68,356.57,2.500,0.28,50.0,0.10
6075.00,333.27,11041.17,356.58,2.500,0.28,50.0,0.10
6076.00,333.12,11043.67,356.58,2.500,0.28,50.0,0.10
6077.00,332.97,11046.16,356.58,2.500,0.28,50.0,0.10
6078.00,332.82,11048.66,356.58,2.500,0.28,50.0,0.10
6079.00,332.67,11051.16,356.58,2.500,0.28,50.0,0.10
6080.00,332.52,11053.65,356.58,2.500,0.28,50.0,0.10
6081.00,332.37,11056.15,356.59,2.500,0.28,50.0,0.10
6082.00,332.22,11058.64,356.59,2.500,0.28,50.0,0.10
6083.00,332.07,11061.14,356.59,2.500,0.28,50.0,0.10
6084.00,331.93,11063.63,356.59,2.500,0.28,50.0,0.10
6085.00,331.78,11066.13,356.59,2.500,0.28,50.0,0.10
6086.00,331.63,11068.62,356.59,2.500,0.28,50.0,0.10
6087.00,331.48,11071.12,356.59,2.500,0.27,50.0,0.10
6088.00,331.33,11073.62,356.60,2.500,0.27,50.0,0.10
6089.00,331.18,11076.11,356.60,2.500,0.27,50.0,0.10
6090.00,331.03,11078.61,356.60,2.500,0.27,50.0,0.10
6091.00,330.89,11081.10,356.60,2.500,0.27,50.0,0.10
6092.00,330.74,11083.60,356.60,2.500,0.27,50.0,0.10
6093.00,330.59,11086.09,356.60,2.500,0.27,50.0,0.10
6094.00,330.44,11088.59,356.61,2.500,0.27,50.0,0.10
6095.00,330.29,11091.09,356.61,2.500,0.27,50.0,0.10
6096.00,330.15,11093.58,356.61,2.500,0.27,50.0,0.10
6097.00,330.00,11096.08,356.61,2.500,0.27,50.0,0.10
6098.00,329.85,11098.57,356.61,2.500,0.27,50.0,0.10
6099.00,329.70,11101.07,356.61,2.500,0.27,50.0,0.10
6100.00,329.55,11103.56,356.62,2.500,0.27,50.0,0.09
6101.00,329.41,11106.06,356.62,2.500,0.27,50.0,0.09
6102.00,329.26,11108.55,356.62,2.500,0.27,50.0,0.09
6103.00,329.11,11111.05,356.62,2.500,0.27,50.0,0.09
6104.00,328.96,11113.55,356.62,2.500,0.27,50.0,0.09
6105.00,328.82,11116.04,356.62,2.500,0.27,50.0,0.09
6106.00,328.67,11118.54,356.62,2.500,0.27,50.0,0.09
6107.00,328.52,11121.03,356.63,2.500,0.27,50.0,0.09
6108.00,328.38,11123.53,356.63,2.500,0.27,50.0,0.09
6109.00,328.23,11126.02,356.63,2.500,0.27,50.0,0.09
6110.00,328.08,11128.52,356.63,2.500,0.27,50.0,0.09
6111.00,327.94,11131.02,356.63,2.500,0.27,50.0,0.09
6112.00,327.79,11133.51,356.63,2.500,0.27,50.0,0.09
6113.00,327.64,11136.01,356.64,2.500,0.27,50.0,0.09
6114.00,327.49,11138.50,356.64,2.500,0.27,50.0,0.09
6115.00,327.35,11141.00,356.64,2.500,0.27,50.0,0.09
6116.00,327.20,11143.49,356.64,2.500,0.27,50.0,0.09
6117.00,327.06,11145.99,356.64,2.500,0.27,50.0,0.09
6118.00,326.91,11148.49,356.64,2.500,0.27,50.0,0.09
6119.00,326.76,11150.98,356.65,2.500,0.27,50.0,0.09
6120.00,326.62,11153.48,356.65,2.500,0.27,50.0,0.09
6121.00,326.47,11155.97,356.65,2.500,0.27,50.0,0.09
6122.00,326.32,11158.47,356.65,2.500,0.27,50.0,0.09
6123.00,326.18,11160.96,356.65,2.500,0.27,50.0,0.09
6124.00,326.03,11163.46,356.65,2.500,0.27,50.0,0.09
6125.00,325.89,11165.96,356.65,2.500,0.27,50.0,0.09
6126.00,325.74,11168.45,356.66,2.500,0.27,50.0,0.09
6127.00,325.59,11170.95,356.66,2.500,0.27,50.0,0.09
6128.00,325.45,11173.44,356.66,2.500,0.27,50.0,0.09
6129.00,325.30,11175.94,356.66,2.500,0.27,50.0,0.09
6130.00,325.16,11178.43,356.66,2.500,0.27,50.0,0.09
6131.00,325.01,11180.93,356.66,2.500,0.27,50.0,0.09
6132.00,324.87,11183.43,356.67,2.500,0.27,50.0,0.09
6133.00,324.72,11185.92,356.67,2.500,0.27,50.0,0.09
6134.00,324.58,11188.42,356.67,2.500,0.27,50.0,0.09
6135.00,324.43,11190.91,356.67,2.500,0.27,50.0,0.09
6136.00,324.28,11193.41,356.67,2.500,0.27,50.0,0.09
6137.00,324.14,11195.90,356.67,2.500,0.27,50.0,0.09
6138.00,323.99,11198.40,356.68,2.500,0.27,50.0,0.09
6139.00,323.85,11200.90,356.68,2.500,0.27,50.0,0.09
6140.00,323.70,11203.39,356.68,2.500,0.27,50.0,0.09
6141.00,323.56,11205.89,356.68,2.500,0.27,50.0,0.09
6142.00,323.41,11208.38,356.68,2.500,0.27,50.0,0.09
6143.00,323.27,11210.88,356.68,2.500,0.27,50.0,0.09
6144.00,323.13,11213.38,356.68,2.500,0.27,50.0,0.09
6145.00,322.98,11215.87,356.69,2.500,0.27,50.0,0.09
6146.00,322.84,11218.37,356.69,2.500,0.27,50.0,0.09
6147.00,322.69,11220.86,356.69,2.500,0.27,50.0,0.09
6148.00,322.55,11223.36,356.69,2.500,0.27,50.0,0.09
6149.00,322.40,11225.85,356.69,2.500,0.27,50.0,0.09
6150.00,322.26,11228.35,356.69,2.500,0.27,50.0,0.09
6151.00,322.11,11230.85,356.70,2.500,0.27,50.0,0.09
6152.00,321.97,11233.34,356.70,2.500,0.27,50.0,0.09
6153.00,321.83,11235.84,356.70,2.500,0.27,50.0,0.09
6154.00,321.68,11238.33,356.70,2.500,0.27,50.0,0.09
6155.00,321.54,11240.83,356.70,2.500,0.27,50.0,0.09
6156.00,321.39,11243.33,356.70,2.500,0.27,50.0,0.09
6157.00,321.25,11245.82,356.70,2.500,0.27,50.0,0.09
6158.00,321.11,11248.32,356.71,2.500,0.27,50.0,0.09
6159.00,320.96,11250.81,356.71,2.500,0.27,50.0,0.09
6160.00,320.82,11253.31,356.71,2.500,0.27,50.0,0.09
6161.00,320.68,11255.80,356.71,2.500,0.27,50.0,0.09
6162.00,320.53,11258.30,356.71,2.500,0.27,50.0,0.09
6163.00,320.39,11260.80,356.71,2.500,0.27,50.0,0.09
6164.00,320.25,11263.29,356.72,2.500,0.27,50.0,0.09
6165.00,320.10,11265.79,356.72,2.500,0.27,50.0,0.09
6166.00,319.96,11268.28,356.72,2.500,0.27,50.0,0.09
6167.00,319.82,11270.78,356.72,2.500,0.27,50.0,0.09
6168.00,319.67,11273.28,356.72,2.500,0.26,50.0,0.09
6169.00,319.53,11275.77,356.72,2.500,0.26,50.0,0.09
6170.00,319.39,11278.27,356.72,2.500,0.26,50.0,0.09
6171.00,319.25,11280.76,356.73,2.500,0.26,50.0,0.09
6172.00,319.10,11283.26,356.73,2.500,0.26,50.0,0.09
6173.00,318.96,11285.76,356.73,2.500,0.26,50.0,0.09
6174.00,318.82,11288.25,356.73,2.500,0.26,50.0,0.09
6175.00,318.67,11290.75,356.73,2.500,0.26,50.0,0.09
6176.00,318.53,11293.24,356.73,2.500,0.26,50.0,0.09
6177.00,318.39,11295.74,356.74,2.500,0.26,50.0,0.09
6178.00,318.25,11298.24,356.74,2.500,0.26,50.0,0.09
6179.00,318.10,11300.73,356.74,2.500,0.26,50.0,0.09
6180.00,317.96,11303.23,356.74,2.500,0.26,50.0,0.09
6181.00,317.82,11305.72,356.74,2.500,0.26,50.0,0.09
6182.00,317.68,11308.22,356.74,2.500,0.26,50.0,0.09
6183.00,317.54,11310.71,356.74,2.500,0.26,50.0,0.09
6184.00,317.39,11313.21,356.75,2.500,0.26,50.0,0.09
6185.00,317.25,11315.71,356.75,2.500,0.26,50.0,0.09
6186.00,317.11,11318.20,356.75,2.500,0.26,50.0,0.09
6187.00,316.97,11320.70,356.75,2.500,0.26,50.0,0.09
6188.00,316.83,11323.19,356.75,2.500,0.26,50.0,0.09
6189.00,316.69,11325.69,356.75,2.500,0.26,50.0,0.09
6190.00,316.54,11328.19,356.75,2.500,0.26,50.0,0.09
6191.00,316.40,11330.68,356.76,2.500,0.26,50.0,0.09
6192.00,316.26,11333.18,356.76,2.500,0.26,50.0,0.09
6193.00,316.12,11335.67,356.76,2.500,0.26,50.0,0.09
6194.00,315.98,11338.17,356.76,2.500,0.26,50.0,0.09
6195.00,315.84,11340.67,356.76,2.500,0.26,50.0,0.09
6196.00,315.70,11343.16,356.76,2.500,0.26,50.0,0.09
6197.00,315.55,11345.66,356.77,2.500,0.26,50.0,0.09
6198.00,315.41,11348.15,356.77,2.500,0.26,50.0,0.09
6199.00,315.27,11350.65,356.77,2.500,0.26,50.0,0.09
6200.00,315.13,11353.15,356.77,2.500,0.26,50.0,0.09
6201.00,314.99,11355.64,356.77,2.500,0.26,50.0,0.09
6202.00,314.85,11358.14,356.77,2.500,0.26,50.0,0.09
6203.00,314.71,11360.63,356.77,2.500,0.26,50.0,0.09
6204.00,314.57,11363.13,356.78,2.500,0.26,50.0,0.09
6205.00,314.43,11365.63,356.78,2.500,0.26,50.0,0.09
6206.00,314.29,11368.12,356.78,2.500,0.26,50.0,0.09
6207.00,314.15,11370.62,356.78,2.500,0.26,50.0,0.09
6208.00,314.01,11373.12,356.78,2.500,0.26,50.0,0.09
6209.00,313.87,11375.61,356.78,2.500,0.26,50.0,0.09
6210.00,313.73,11378.11,356.79,2.500,0.26,50.0,0.09
6211.00,313.59,11380.60,356.79,2.500,0.26,50.0,0.09
6212.00,313.45,11383.10,356.79,2.500,0.26,50.0,0.09
6213.00,313.31,11385.60,356.79,2.500,0.26,50.0,0.09
6214.00,313.17,11388.09,356.79,2.500,0.26,50.0,0.09
6215.00,313.03,11390.59,356.79,2.500,0.26,50.0,0.09
6216.00,312.89,11393.08,356.79,2.500,0.26,50.0,0.09
6217.00,312.75,11395.58,356.80,2.500,0.26,50.0,0.09
6218.00,312.61,11398.08,356.80,2.500,0.26,50.0,0.09
6219.00,312.47,11400.57,356.80,2.500,0.26,50.0,0.09
6220.00,312.33,11403.07,356.80,2.500,0.26,50.0,0.09
6221.00,312.19,11405.56,356.80,2.500,0.26,50.0,0.09
6222.00,312.05,11408.06,356.80,2.500,0.26,50.0,0.09
6223.00,311.91,11410.56,356.80,2.500,0.26,50.0,0.09
6224.00,311.77,11413.05,356.81,2.500,0.26,50.0,0.09
6225.00,311.63,11415.55,356.81,2.500,0.26,50.0,0.09
6226.00,311.49,11418.04,356.81,2.500,0.26,50.0,0.09
6227.00,311.35,11420.54,356.81,2.500,0.26,50.0,0.09
6228.00,311.21,11423.04,356.81,2.500,0.26,50.0,0.09
6229.00,311.07,11425.53,356.81,2.500,0.26,50.0,0.09
6230.00,310.93,11428.03,356.82,2.500,0.26,50.0,0.09
6231.00,310.80,11430.53,356.82,2.500,0.26,50.0,0.09
6232.00,310.66,11433.02,356.82,2.500,0.26,50.0,0.09
6233.00,310.52,11435.52,356.82,2.500,0.26,50.0,0.09
6234.00,310.38,11438.01,356.82,2.500,0.26,50.0,0.09
6235.00,310.24,11440.51,356.82,2.500,0.26,50.0,0.09
6236.00,310.10,11443.01,356.82,2.500,0.26,50.0,0.09
6237.00,309.96,11445.50,356.83,2.500,0.26,50.0,0.09
6238.00,309.83,11448.00,356.83,2.500,0.26,50.0,0.09
6239.00,309.69,11450.49,356.83,2.500,0.26,50.0,0.09
6240.00,309.55,11452.99,356.83,2.500,0.26,50.0,0.09
6241.00,309.41,11455.49,356.83,2.500,0.26,50.0,0.09
6242.00,309.27,11457.98,356.83,2.500,0.26,50.0,0.09
6243.00,309.13,11460.48,356.83,2.500,0.26,50.0,0.09
6244.00,309.00,11462.98,356.84,2.500,0.26,50.0,0.09
6245.00,308.86,11465.47,356.84,2.500,0.26,50.0,0.09
6246.00,308.72,11467.97,356.84,2.500,0.26,50.0,0.09
6247.00,308.58,11470.46,356.84,2.500,0.26,50.0,0.09
6248.00,308.44,11472.96,356.84,2.500,0.26,50.0,0.09
6249.00,308.31,11475.46,356.84,2.500,0.25,50.0,0.09
6250.00,308.17,11477.95,356.84,2.500,0.25,50.0,0.09
6251.00,308.03,11480.45,356.85,2.500,0.25,50.0,0.09
6252.00,307.89,11482.95,356.85,2.500,0.25,50.0,0.09
6253.00,307.76,11485.44,356.85,2.500,0.25,50.0,0.09
6254.00,307.62,11487.94,356.85,2.500,0.25,50.0,0.09
6255.00,307.48,11490.43,356.85,2.500,0.25,50.0,0.09
6256.00,307.34,11492.93,356.85,2.500,0.25,50.0,0.09
6257.00,307.21,11495.43,356.86,2.500,0.25,50.0,0.09
6258.00,307.07,11497.92,356.86,2.500,0.25,50.0,0.09
6259.00,306.93,11500.42,356.86,2.500,0.25,50.0,0.09
6260.00,306.80,11502.92,356.86,2.500,0.25,50.0,0.09
6261.00,306.66,11505.41,356.86,2.500,0.25,50.0,0.09
6262.00,306.52,11507.91,356.86,2.500,0.25,50.0,0.09
6263.00,306.39,11510.40,356.86,2.500,0.25,50.0,0.09
6264.00,306.25,11512.90,356.87,2.500,0.25,50.0,0.09
6265.00,306.11,11515.40,356.87,2.500,0.25,50.0,0.09
6266.00,305.98,11517.89,356.87,2.500,0.25,50.0,0.09
6267.00,305.84,11520.39,356.87,2.500,0.25,50.0,0.09
6268.00,305.70,11522.89,356.87,2.500,0.25,50.0,0.09
6269.00,305.57,11525.38,356.87,2.500,0.25,50.0,0.09
6270.00,305.43,11527.88,356.87,2.500,0.25,50.0,0.09
6271.00,305.29,11530.37,356.88,2.500,0.25,50.0,0.09
6272.00,305.16,11532.87,356.88,2.500,0.25,50.0,0.09
6273.00,305.02,11535.37,356.88,2.500,0.25,50.0,0.09
6274.00,304.88,11537.86,356.88,2.500,0.25,50.0,0.09
6275.00,304.75,11540.36,356.88,2.500,0.25,50.0,0.09
6276.00,304.61,11542.86,356.88,2.500,0.25,50.0,0.09
6277.00,304.48,11545.35,356.88,2.500,0.25,50.0,0.09
6278.00,304.34,11547.85,356.89,2.500,0.25,50.0,0.09
6279.00,304.20,11550.34,356.89,2.500,0.25,50.0,0.09
6280.00,304.07,11552.84,356.89,2.500,0.25,50.0,0.09
6281.00,303.93,11555.34,356.89,2.500,0.25,50.0,0.09
6282.00,303.80,11557.83,356.89,2.500,0.25,50.0,0.09
6283.00,303.66,11560.33,356.89,2.500,0.25,50.0,0.09
6284.00,303.53,11562.83,356.89,2.500,0.25,50.0,0.09
6285.00,303.39,11565.32,356.90,2.500,0.25,50.0,0.09
6286.00,303.26,11567.82,356.90,2.500,0.25,50.0,0.09
6287.00,303.12,11570.31,356.90,2.500,0.25,50.0,0.09
6288.00,302.99,11572.81,356.90,2.500,0.25,50.0,0.09
6289.00,302.85,11575.31,356.90,2.500,0.25,50.0,0.09
6290.00,302.71,11577.80,356.90,2.500,0.25,50.0,0.09
6291.00,302.58,11580.30,356.90,2.500,0.25,50.0,0.09
6292.00,302.44,11582.80,356.91,2.500,0.25,50.0,0.09
6293.00,302.31,11585.29,356.91,2.500,0.25,50.0,0.09
6294.00,302.17,11587.79,356.91,2.500,0.25,50.0,0.09
6295.00,302.04,11590.29,356.91,2.500,0.25,50.0,0.09
6296.00,301.91,11592.78,356.91,2.500,0.25,50.0,0.09
6297.00,301.77,11595.28,356.91,2.500,0.25,50.0,0.09
6298.00,301.64,11597.77,356.91,2.500,0.25,50.0,0.09
6299.00,301.50,11600.27,356.92,2.500,0.25,50.0,0.09
6300.00,301.37,11602.77,356.92,2.500,0.25,50.0,0.09
6301.00,301.23,11605.26,356.92,2.500,0.25,50.0,0.09
6302.00,301.10,11607.76,356.92,2.500,0.25,50.0,0.09
6303.00,300.96,11610.26,356.92,2.500,0.25,50.0,0.09
6304.00,300.83,11612.75,356.92,2.500,0.25,50.0,0.09
6305.00,300.70,11615.25,356.93,2.500,0.25,50.0,0.09
6306.00,300.56,11617.75,356.93,2.500,0.25,50.0,0.09
6307.00,300.43,11620.24,356.93,2.500,0.25,50.0,0.09
6308.00,300.29,11622.74,356.93,2.500,0.25,50.0,0.09
6309.00,300.16,11625.24,356.93,2.500,0.25,50.0,0.09
6310.00,300.03,11627.73,356.93,2.500,0.25,50.0,0.09
6311.00,299.89,11630.23,356.93,2.500,0.25,50.0,0.09
6312.00,299.76,11632.72,356.94,2.500,0.25,50.0,0.09
6313.00,299.62,11635.22,356.94,2.500,0.25,50.0,0.09
6314.00,299.49,11637.72,356.94,2.500,0.25,50.0,0.09
6315.00,299.36,11640.21,356.94,2.500,0.25,50.0,0.09
6316.00,299.22,11642.71,356.94,2.500,0.25,50.0,0.09
6317.00,299.09,11645.21,356.94,2.500,0.25,50.0,0.09
6318.00,298.96,11647.70,356.94,2.500,0.25,50.0,0.09
6319.00,298.82,11650.20,356.95,2.500,0.25,50.0,0.09
6320.00,298.69,11652.70,356.95,2.500,0.25,50.0,0.09
6321.00,298.56,11655.19,356.95,2.500,0.25,50.0,0.09
6322.00,298.42,11657.69,356.95,2.500,0.25,50.0,0.09
6323.00,298.29,11660.19,356.95,2.500,0.25,50.0,0.09
6324.00,298.16,11662.68,356.95,2.500,0.25,50.0,0.09
6325.00,298.03,11665.18,356.95,2.500,0.25,50.0,0.09
6326.00,297.89,11667.67,356.96,2.500,0.25,50.0,0.09
6327.00,297.76,11670.17,356.96,2.500,0.25,50.0,0.09
6328.00,297.63,11672.67,356.96,2.500,0.25,50.0,0.09
6329.00,297.49,11675.16,356.96,2.500,0.25,50.0,0.09
6330.00,297.36,11677.66,356.96,2.500,0.25,50.0,0.09
6331.00,297.23,11680.16,356.96,2.500,0.25,50.0,0.09
6332.00,297.10,11682.65,356.96,2.500,0.25,50.0,0.09
6333.00,296.96,11685.15,356.97,2.500,0.25,50.0,0.09
6334.00,296.83,11687.65,356.97,2.500,0.25,50.0,0.09
6335.00,296.70,11690.14,356.97,2.500,0.25,50.0,0.09
6336.00,296.57,11692.64,356.97,2.500,0.24,50.0,0.09
6337.00,296.44,11695.14,356.97,2.500,0.24,50.0,0.09
6338.00,296.30,11697.63,356.97,2.500,0.24,50.0,0.09
6339.00,296.17,11700.13,356.97,2.500,0.24,50.0,0.09
6340.00,296.04,11702.63,356.97,2.500,0.24,50.0,0.08
6341.00,295.91,11705.12,356.98,2.500,0.24,50.0,0.08
6342.00,295.78,11707.62,356.98,2.500,0.24,50.0,0.08
6343.00,295.64,11710.12,356.98,2.500,0.24,50.0,0.08
6344.00,295.51,11712.61,356.98,2.500,0.24,50.0,0.08
6345.00,295.38,11715.11,356.98,2.500,0.24,50.0,0.08
6346.00,295.25,11717.60,356.98,2.500,0.24,50.0,0.08
6347.00,295.12,11720.10,356.98,2.500,0.24,50.0,0.08
6348.00,294.99,11722.60,356.99,2.500,0.24,50.0,0.08
6349.00,294.85,11725.09,356.99,2.500,0.24,50.0,0.08
6350.00,294.72,11727.59,356.99,2.500,0.24,50.0,0.08
6351.00,294.59,11730.09,356.99,2.500,0.24,50.0,0.08
6352.00,294.46,11732.58,356.99,2.500,0.24,50.0,0.08
6353.00,294.33,11735.08,356.99,2.500,0.24,50.0,0.08
6354.00,294.20,11737.58,356.99,2.500,0.24,50.0,0.08
6355.00,294.07,11740.07,357.00,2.500,0.24,50.0,0.08
6356.00,293.94,11742.57,357.00,2.500,0.24,50.0,0.08
6357.00,293.80,11745.07,357.00,2.500,0.24,50.0,0.08
6358.00,293.67,11747.56,357.00,2.500,0.24,50.0,0.08
6359.00,293.54,11750.06,357.00,2.500,0.24,50.0,0.08
6360.00,293.41,11752.56,357.00,2.500,0.24,50.0,0.08
6361.00,293.28,11755.05,357.00,2.500,0.24,50.0,0.08
6362.00,293.15,11757.55,357.01,2.500,0.24,50.0,0.08
6363.00,293.02,11760.05,357.01,2.500,0.24,50.0,0.08
6364.00,292.89,11762.54,357.01,2.500,0.24,50.0,0.08
6365.00,292.76,11765.04,357.01,2.500,0.24,50.0,0.08
6366.00,292.63,11767.54,357.01,2.500,0.24,50.0,0.08
6367.00,292.50,11770.03,357.01,2.500,0.24,50.0,0.08
6368.00,292.37,11772.53,357.01,2.500,0.24,50.0,0.08
6369.00,292.24,11775.03,357.02,2.500,0.24,50.0,0.08
6370.00,292.11,11777.52,357.02,2.500,0.24,50.0,0.08
6371.00,291.98,11780.02,357.02,2.500,0.24,50.0,0.08
6372.00,291.85,11782.52,357.02,2.500,0.24,50.0,0.08
6373.00,291.72,11785.01,357.02,2.500,0.24,50.0,0.08
6374.00,291.59,11787.51,357.02,2.500,0.24,50.0,0.08
6375.00,291.46,11790.01,357.02,2.500,0.24,50.0,0.08
6376.00,291.33,11792.50,357.03,2.500,0.24,50.0,0.08
6377.00,291.20,11795.00,357.03,2.500,0.24,50.0,0.08
6378.00,291.07,11797.50,357.03,2.500,0.24,50.0,0.08
6379.00,290.94,11799.99,357.03,2.500,0.24,50.0,0.08
6380.00,290.81,11802.49,357.03,2.500,0.24,50.0,0.08
6381.00,290.68,11804.99,357.03,2.500,0.24,50.0,0.08
6382.00,290.55,11807.48,357.03,2.500,0.24,50.0,0.08
6383.00,290.42,11809.98,357.04,2.500,0.24,50.0,0.08
6384.00,290.29,11812.48,357.04,2.500,0.24,50.0,0.08
6385.00,290.16,11814.97,357.04,2.500,0.24,50.0,0.08
6386.00,290.03,11817.47,357.04,2.500,0.24,50.0,0.08
6387.00,289.90,11819.97,357.04,2.500,0.24,50.0,0.08
6388.00,289.78,11822.46,357.04,2.500,0.24,50.0,0.08
6389.00,289.65,11824.96,357.04,2.500,0.24,50.0,0.08
6390.00,289.52,11827.46,357.04,2.500,0.24,50.0,0.08
6391.00,289.39,11829.95,357.05,2.500,0.24,50.0,0.08
6392.00,289.26,11832.45,357.05,2.500,0.24,50.0,0.08
6393.00,289.13,11834.95,357.05,2.500,0.24,50.0,0.08
6394.00,289.00,11837.44,357.05,2.500,0.24,50.0,0.08
6395.00,288.87,11839.94,357.05,2.500,0.24,50.0,0.08
6396.00,288.75,11842.44,357.05,2.500,0.24,50.0,0.08
6397.00,288.62,11844.93,357.05,2.500,0.24,50.0,0.08
6398.00,288.49,11847.43,357.06,2.500,0.24,50.0,0.08
6399.00,288.36,11849.93,357.06,2.500,0.24,50.0,0.08
6400.00,288.23,11852.42,357.06,2.500,0.24,50.0,0.08
6401.00,288.10,11854.92,357.06,2.500,0.24,50.0,0.08
6402.00,287.97,11857.42,357.06,2.500,0.24,50.0,0.08
6403.00,287.85,11859.91,357.06,2.500,0.24,50.0,0.08
6404.00,287.72,11862.41,357.06,2.500,0.24,50.0,0.08
6405.00,287.59,11864.91,357.07,2.500,0.24,50.0,0.08
6406.00,287.46,11867.40,357.07,2.500,0.24,50.0,0.08
6407.00,287.33,11869.90,357.07,2.500,0.24,50.0,0.08
6408.00,287.21,11872.40,357.07,2.500,0.24,50.0,0.08
6409.00,287.08,11874.89,357.07,2.500,0.24,50.0,0.08
6410.00,286.95,11877.39,357.07,2.500,0.24,50.0,0.08
6411.00,286.82,11879.89,357.07,2.500,0.24,50.0,0.08
6412.00,286.70,11882.38,357.08,2.500,0.24,50.0,0.08
6413.00,286.57,11884.88,357.08,2.500,0.24,50.0,0.08
6414.00,286.44,11887.38,357.08,2.500,0.24,50.0,0.08
6415.00,286.31,11889.87,357.08,2.500,0.24,50.0,0.08
6416.00,286.19,11892.37,357.08,2.500,0.24,50.0,0.08
6417.00,286.06,11894.87,357.08,2.500,0.24,50.0,0.08
6418.00,285.93,11897.36,357.08,2.500,0.24,50.0,0.08
6419.00,285.80,11899.86,357.08,2.500,0.24,50.0,0.08
6420.00,285.68,11902.36,357.09,2.500,0.24,50.0,0.08
6421.00,285.55,11904.85,357.09,2.500,0.24,50.0,0.08
6422.00,285.42,11907.35,357.09,2.500,0.24,50.0,0.08
6423.00,285.30,11909.85,357.09,2.500,0.24,50.0,0.08
6424.00,285.17,11912.34,357.09,2.500,0.24,50.0,0.08
6425.00,285.04,11914.84,357.09,2.500,0.24,50.0,0.08
6426.00,284.92,11917.34,357.09,2.500,0.23,50.0,0.08
6427.00,284.79,11919.83,357.10,2.500,0.23,50.0,0.08
6428.00,284.66,11922.33,357.10,2.500,0.23,50.0,0.08
6429.00,284.54,11924.83,357.10,2.500,0.23,50.0,0.08
6430.00,284.41,11927.32,357.10,2.500,0.23,50.0,0.08
6431.00,284.28,11929.82,357.10,2.500,0.23,50.0,0.08
6432.00,284.16,11932.32,357.10,2.500,0.23,50.0,0.08
6433.00,284.03,11934.82,357.10,2.500,0.23,50.0,0.08
6434.00,283.90,11937.31,357.11,2.500,0.23,50.0,0.08
6435.00,283.78,11939.81,357.11,2.500,0.23,50.0,0.08
6436.00,283.65,11942.31,357.11,2.500,0.23,50.0,0.08
6437.00,283.52,11944.80,357.11,2.500,0.23,50.0,0.08
6438.00,283.40,11947.30,357.11,2.500,0.23,50.0,0.08
6439.00,283.27,11949.80,357.11,2.500,0.23,50.0,0.08
6440.00,283.15,11952.29,357.11,2.500,0.23,50.0,0.08
6441.00,283.02,11954.79,357.11,2.500,0.23,50.0,0.08
6442.00,282.90,11957.29,357.12,2.500,0.23,50.0,0.08
6443.00,282.77,11959.78,357.12,2.500,0.23,50.0,0.08
6444.00,282.64,11962.28,357.12,2.500,0.23,50.0,0.08
6445.00,282.52,11964.78,357.12,2.500,0.23,50.0,0.08
6446.00,282.39,11967.27,357.12,2.500,0.23,50.0,0.08
6447.00,282.27,11969.77,357.12,2.500,0.23,50.0,0.08
6448.00,282.14,11972.27,357.12,2.500,0.23,50.0,0.08
6449.00,282.02,11974.76,357.13,2.500,0.23,50.0,0.08
6450.00,281.89,11977.26,357.13,2.500,0.23,50.0,0.08
6451.00,281.77,11979.76,357.13,2.500,0.23,50.0,0.08
6452.00,281.64,11982.25,357.13,2.500,0.23,50.0,0.08
6453.00,281.51,11984.75,357.13,2.500,0.23,50.0,0.08
6454.00,281.39,11987.25,357.13,2.500,0.23,50.0,0.08
6455.00,281.26,11989.75,357.13,2.500,0.23,50.0,0.08
6456.00,281.14,11992.24,357.13,2.500,0.23,50.0,0.08
6457.00,281.01,11994.74,357.14,2.500,0.23,50.0,0.08
6458.00,280.89,11997.24,357.14,2.500,0.23,50.0,0.08
6459.00,280.76,11999.73,357.14,2.500,0.23,50.0,0.08
6460.00,280.64,12002.23,357.14,2.500,0.23,50.0,0.08
6461.00,280.52,12004.73,357.14,2.500,0.23,50.0,0.08
6462.00,280.39,12007.22,357.14,2.500,0.23,50.0,0.08
6463.00,280.27,12009.72,357.14,2.500,0.23,50.0,0.08
6464.00,280.14,12012.22,357.15,2.500,0.23,50.0,0.08
6465.00,280.02,12014.71,357.15,2.500,0.23,50.0,0.08
6466.00,279.89,12017.21,357.15,2.500,0.23,50.0,0.08
6467.00,279.77,12019.71,357.15,2.500,0.23,50.0,0.08
6468.00,279.64,12022.21,357.15,2.500,0.23,50.0,0.08
6469.00,279.52,12024.70,357.15,2.500,0.23,50.0,0.08
6470.00,279.40,12027.20,357.15,2.500,0.23,50.0,0.08
6471.00,279.27,12029.70,357.16,2.500,0.23,50.0,0.08
6472.00,279.15,12032.19,357.16,2.500,0.23,50.0,0.08
6473.00,279.02,12034.69,357.16,2.500,0.23,50.0,0.08
6474.00,278.90,12037.19,357.16,2.500,0.23,50.0,0.08
6475.00,278.78,12039.68,357.16,2.500,0.23,50.0,0.08
6476.00,278.65,12042.18,357.16,2.500,0.23,50.0,0.08
6477.00,278.53,12044.68,357.16,2.500,0.23,50.0,0.08
6478.00,278.40,12047.17,357.16,2.500,0.23,50.0,0.08
6479.00,278.28,12049.67,357.17,2.500,0.23,50.0,0.08
6480.00,278.16,12052.17,357.17,2.500,0.23,50.0,0.08
6481.00,278.03,12054.67,357.17,2.500,0.23,50.0,0.08
6482.00,277.91,12057.16,357.17,2.500,0.23,50.0,0.08
6483.00,277.79,12059.66,357.17,2.500,0.23,50.0,0.08
6484.00,277.66,12062.16,357.17,2.500,0.23,50.0,0.08
6485.00,277.54,12064.65,357.17,2.500,0.23,50.0,0.08
6486.00,277.42,12067.15,357.17,2.500,0.23,50.0,0.08
6487.00,277.29,12069.65,357.18,2.500,0.23,50.0,0.08
6488.00,277.17,12072.14,357.18,2.500,0.23,50.0,0.08
6489.00,277.05,12074.64,357.18,2.500,0.23,50.0,0.08
6490.00,276.92,12077.14,357.18,2.500,0.23,50.0,0.08
6491.00,276.80,12079.63,357.18,2.500,0.23,50.0,0.08
6492.00,276.68,12082.13,357.18,2.500,0.23,50.0,0.08
6493.00,276.55,12084.63,357.18,2.500,0.23,50.0,0.08
6494.00,276.43,12087.13,357.19,2.500,0.23,50.0,0.08
6495.00,276.31,12089.62,357.19,2.500,0.23,50.0,0.08
6496.00,276.19,12092.12,357.19,2.500,0.23,50.0,0.08
6497.00,276.06,12094.62,357.19,2.500,0.23,50.0,0.08
6498.00,275.94,12097.11,357.19,2.500,0.23,50.0,0.08
6499.00,275.82,12099.61,357.19,2.500,0.23,50.0,0.08
6500.00,275.70,12102.11,357.19,2.500,0.23,50.0,0.08
6501.00,275.57,12104.60,357.19,2.500,0.23,50.0,0.08
6502.00,275.45,12107.10,357.20,2.500,0.23,50.0,0.08
6503.00,275.33,12109.60,357.20,2.500,0.23,50.0,0.08
6504.00,275.21,12112.10,357.20,2.500,0.23,50.0,0.08
6505.00,275.08,12114.59,357.20,2.500,0.23,50.0,0.08
6506.00,274.96,12117.09,357.20,2.500,0.23,50.0,0.08
6507.00,274.84,12119.59,357.20,2.500,0.23,50.0,0.08
6508.00,274.72,12122.08,357.20,2.500,0.23,50.0,0.08
6509.00,274.60,12124.58,357.21,2.500,0.23,50.0,0.08
6510.00,274.47,12127.08,357.21,2.500,0.23,50.0,0.08
6511.00,274.35,12129.57,357.21,2.500,0.23,50.0,0.08
6512.00,274.23,12132.07,357.21,2.500,0.23,50.0,0.08
6513.00,274.11,12134.57,357.21,2.500,0.23,50.0,0.08
6514.00,273.99,12137.07,357.21,2.500,0.23,50.0,0.08
6515.00,273.87,12139.56,357.21,2.500,0.23,50.0,0.08
6516.00,273.74,12142.06,357.21,2.500,0.23,50.0,0.08
6517.00,273.62,12144.56,357.22,2.500,0.23,50.0,0.08
6518.00,273.50,12147.05,357.22,2.500,0.23,50.0,0.08
6519.00,273.38,12149.55,357.22,2.500,0.23,50.0,0.08
6520.00,273.26,12152.05,357.22,2.500,0.23,50.0,0.08
6521.00,273.14,12154.55,357.22,2.500,0.23,50.0,0.08
6522.00,273.02,12157.04,357.22,2.500,0.22,50.0,0.08
6523.00,272.90,12159.54,357.22,2.500,0.22,50.0,0.08
6524.00,272.77,12162.04,357.22,2.500,0.22,50.0,0.08
6525.00,272.65,12164.53,357.23,2.500,0.22,50.0,0.08
6526.00,272.53,12167.03,357.23,2.500,0.22,50.0,0.08
6527.00,272.41,12169.53,357.23,2.500,0.22,50.0,0.08
6528.00,272.29,12172.02,357.23,2.500,0.22,50.0,0.08
6529.00,272.17,12174.52,357.23,2.500,0.22,50.0,0.08
6530.00,272.05,12177.02,357.23,2.500,0.22,50.0,0.08
6531.00,271.93,12179.52,357.23,2.500,0.22,50.0,0.08
6532.00,271.81,12182.01,357.24,2.500,0.22,50.0,0.08
6533.00,271.69,12184.51,357.24,2.500,0.22,50.0,0.08
6534.00,271.57,12187.01,357.24,2.500,0.22,50.0,0.08
6535.00,271.45,12189.50,357.24,2.500,0.22,50.0,0.08
6536.00,271.33,12192.00,357.24,2.500,0.22,50.0,0.08
6537.00,271.21,12194.50,357.24,2.500,0.22,50.0,0.08
6538.00,271.08,12197.00,357.24,2.500,0.22,50.0,0.08
6539.00,270.96,12199.49,357.24,2.500,0.22,50.0,0.08
6540.00,270.84,12201.99,357.25,2.500,0.22,50.0,0.08
6541.00,270.72,12204.49,357.25,2.500,0.22,50.0,0.08
6542.00,270.60,12206.98,357.25,2.500,0.22,50.0,0.08
6543.00,270.48,12209.48,357.25,2.500,0.22,50.0,0.08
6544.00,270.36,12211.98,357.25,2.500,0.22,50.0,0.08
6545.00,270.24,12214.48,357.25,2.500,0.22,50.0,0.08
6546.00,270.12,12216.97,357.25,2.500,0.22,50.0,0.08
6547.00,270.00,12219.47,357.25,2.500,0.22,50.0,0.08
6548.00,269.88,12221.97,357.26,2.500,0.22,50.0,0.08
6549.00,269.77,12224.46,357.26,2.500,0.22,50.0,0.08
6550.00,269.65,12226.96,357.26,2.500,0.22,50.0,0.08
6551.00,269.53,12229.46,357.26,2.500,0.22,50.0,0.08
6552.00,269.41,12231.96,357.26,2.500,0.22,50.0,0.08
6553.00,269.29,12234.45,357.26,2.500,0.22,50.0,0.08
6554.00,269.17,12236.95,357.26,2.500,0.22,50.0,0.08
6555.00,269.05,12239.45,357.26,2.500,0.22,50.0,0.08
6556.00,268.93,12241.94,357.27,2.500,0.22,50.0,0.08
6557.00,268.81,12244.44,357.27,2.500,0.22,50.0,0.08
6558.00,268.69,12246.94,357.27,2.500,0.22,50.0,0.08
6559.00,268.57,12249.44,357.27,2.500,0.22,50.0,0.08
6560.00,268.45,12251.93,357.27,2.500,0.22,50.0,0.08
6561.00,268.33,12254.43,357.27,2.500,0.22,50.0,0.08
6562.00,268.21,12256.93,357.27,2.500,0.22,50.0,0.08
6563.00,268.10,12259.42,357.28,2.500,0.22,50.0,0.08
6564.00,267.98,12261.92,357.28,2.500,0.22,50.0,0.08
6565.00,267.86,12264.42,357.28,2.500,0.22,50.0,0.08
6566.00,267.74,12266.92,357.28,2.500,0.22,50.0,0.08
6567.00,267.62,12269.41,357.28,2.500,0.22,50.0,0.08
6568.00,267.50,12271.91,357.28,2.500,0.22,50.0,0.08
6569.00,267.38,12274.41,357.28,2.500,0.22,50.0,0.08
6570.00,267.26,12276.90,357.28,2.500,0.22,50.0,0.08
6571.00,267.15,12279.40,357.29,2.500,0.22,50.0,0.08
6572.00,267.03,12281.90,357.29,2.500,0.22,50.0,0.08
6573.00,266.91,12284.40,357.29,2.500,0.22,50.0,0.08
6574.00,266.79,12286.89,357.29,2.500,0.22,50.0,0.08
6575.00,266.67,12289.39,357.29,2.500,0.22,50.0,0.08
6576.00,266.55,12291.89,357.29,2.500,0.22,50.0,0.08
6577.00,266.44,12294.38,357.29,2.500,0.22,50.0,0.08
6578.00,266.32,12296.88,357.29,2.500,0.22,50.0,0.08
6579.00,266.20,12299.38,357.30,2.500,0.22,50.0,0.08
6580.00,266.08,12301.88,357.30,2.500,0.22,50.0,0.08
6581.00,265.96,12304.37,357.30,2.500,0.22,50.0,0.08
6582.00,265.85,12306.87,357.30,2.500,0.22,50.0,0.08
6583.00,265.73,12309.37,357.30,2.500,0.22,50.0,0.08
6584.00,265.61,12311.87,357.30,2.500,0.22,50.0,0.08
6585.00,265.49,12314.36,357.30,2.500,0.22,50.0,0.08
6586.00,265.38,12316.86,357.30,2.500,0.22,50.0,0.08
6587.00,265.26,12319.36,357.31,2.500,0.22,50.0,0.08
6588.00,265.14,12321.85,357.31,2.500,0.22,50.0,0.08
6589.00,265.02,12324.35,357.31,2.500,0.22,50.0,0.08
6590.00,264.91,12326.85,357.31,2.500,0.22,50.0,0.08
6591.00,264.79,12329.35,357.31,2.500,0.22,50.0,0.08
6592.00,264.67,12331.84,357.31,2.500,0.22,50.0,0.08
6593.00,264.55,12334.34,357.31,2.500,0.22,50.0,0.08
6594.00,264.44,12336.84,357.31,2.500,0.22,50.0,0.08
6595.00,264.32,12339.33,357.32,2.500,0.22,50.0,0.08
6596.00,264.20,12341.83,357.32,2.500,0.22,50.0,0.08
6597.00,264.09,12344.33,357.32,2.500,0.22,50.0,0.08
6598.00,263.97,12346.83,357.32,2.500,0.22,50.0,0.08
6599.00,263.85,12349.32,357.32,2.500,0.22,50.0,0.08
6600.00,263.73,12351.82,357.32,2.500,0.22,50.0,0.08
6601.00,263.62,12354.32,357.32,2.500,0.22,50.0,0.08
6602.00,263.50,12356.82,357.32,2.500,0.22,50.0,0.08
6603.00,263.38,12359.31,357.33,2.500,0.22,50.0,0.08
6604.00,263.27,12361.81,357.33,2.500,0.22,50.0,0.08
6605.00,263.15,12364.31,357.33,2.500,0.22,50.0,0.08
6606.00,263.03,12366.80,357.33,2.500,0.22,50.0,0.08
6607.00,262.92,12369.30,357.33,2.500,0.22,50.0,0.08
6608.00,262.80,12371.80,357.33,2.500,0.22,50.0,0.08
6609.00,262.69,12374.30,357.33,2.500,0.22,50.0,0.08
6610.00,262.57,12376.79,357.33,2.500,0.22,50.0,0.08
6611.00,262.45,12379.29,357.34,2.500,0.22,50.0,0.07
6612.00,262.34,12381.79,357.34,2.500,0.22,50.0,0.07
6613.00,262.22,12384.29,357.34,2.500,0.22,50.0,0.07
6614.00,262.10,12386.78,357.34,2.500,0.22,50.0,0.07
6615.00,261.99,12389.28,357.34,2.500,0.22,50.0,0.07
6616.00,261.87,12391.78,357.34,2.500,0.22,50.0,0.07
6617.00,261.76,12394.28,357.34,2.500,0.22,50.0,0.07
6618.00,261.64,12396.77,357.34,2.500,0.21,50.0,0.07
6619.00,261.52,12399.27,357.35,2.500,0.21,50.0,0.07
6620.00,261.41,12401.77,357.35,2.500,0.21,50.0,0.07
6621.00,261.29,12404.26,357.35,2.500,0.21,50.0,0.07
6622.00,261.18,12406.76,357.35,2.500,0.21,50.0,0.07
6623.00,261.06,12409.26,357.35,2.500,0.21,50.0,0.07
6624.00,260.95,12411.76,357.35,2.500,0.21,50.0,0.07
6625.00,260.83,12414.25,357.35,2.500,0.21,50.0,0.07
6626.00,260.72,12416.75,357.35,2.500,0.21,50.0,0.07
6627.00,260.60,12419.25,357.36,2.500,0.21,50.0,0.07
6628.00,260.48,12421.75,357.36,2.500,0.21,50.0,0.07
6629.00,260.37,12424.24,357.36,2.500,0.21,50.0,0.07
6630.00,260.25,12426.74,357.36,2.500,0.21,50.0,0.07
6631.00,260.14,12429.24,357.36,2.500,0.21,50.0,0.07
6632.00,260.02,12431.74,357.36,2.500,0.21,50.0,0.07
6633.00,259.91,12434.23,357.36,2.500,0.21,50.0,0.07
6634.00,259.79,12436.73,357.36,2.500,0.21,50.0,0.07
6635.00,259.68,12439.23,357.37,2.500,0.21,50.0,0.07
6636.00,259.56,12441.72,357.37,2.500,0.21,50.0,0.07
6637.00,259.45,12444.22,357.37,2.500,0.21,50.0,0.07
6638.00,259.33,12446.72,357.37,2.500,0.21,50.0,0.07
6639.00,259.22,12449.22,357.37,2.500,0.21,50.0,0.07
6640.00,259.10,12451.71,357.37,2.500,0.21,50.0,0.07
6641.00,258.99,12454.21,357.37,2.500,0.21,50.0,0.07
6642.00,258.88,12456.71,357.37,2.500,0.21,50.0,0.07
6643.00,258.76,12459.21,357.38,2.500,0.21,50.0,0.07
6644.00,258.65,12461.70,357.38,2.500,0.21,50.0,0.07
6645.00,258.53,12464.20,357.38,2.500,0.21,50.0,0.07
6646.00,258.42,12466.70,357.38,2.500,0.21,50.0,0.07
6647.00,258.30,12469.20,357.38,2.500,0.21,50.0,0.07
6648.00,258.19,12471.69,357.38,2.500,0.21,50.0,0.07
6649.00,258.07,12474.19,357.38,2.500,0.21,50.0,0.07
6650.00,257.96,12476.69,357.38,2.500,0.21,50.0,0.07
6651.00,257.85,12479.19,357.39,2.500,0.21,50.0,0.07
6652.00,257.73,12481.68,357.39,2.500,0.21,50.0,0.07
6653.00,257.62,12484.18,357.39,2.500,0.21,50.0,0.07
6654.00,257.50,12486.68,357.39,2.500,0.21,50.0,0.07
6655.00,257.39,12489.17,357.39,2.500,0.21,50.0,0.07
6656.00,257.28,12491.67,357.39,2.500,0.21,50.0,0.07
6657.00,257.16,12494.17,357.39,2.500,0.21,50.0,0.07
6658.00,257.05,12496.67,357.39,2.500,0.21,50.0,0.07
6659.00,256.94,12499.16,357.39,2.500,0.21,50.0,0.07
6660.00,256.82,12501.66,357.40,2.500,0.21,50.0,0.07
6661.00,256.71,12504.16,357.40,2.500,0.21,50.0,0.07
6662.00,256.59,12506.66,357.40,2.500,0.21,50.0,0.07
6663.00,256.48,12509.15,357.40,2.500,0.21,50.0,0.07
6664.00,256.37,12511.65,357.40,2.500,0.21,50.0,0.07
6665.00,256.25,12514.15,357.40,2.500,0.21,50.0,0.07
6666.00,256.14,12516.65,357.40,2.500,0.21,50.0,0.07
6667.00,256.03,12519.14,357.40,2.500,0.21,50.0,0.07
6668.00,255.91,12521.64,357.41,2.500,0.21,50.0,0.07
6669.00,255.80,12524.14,357.41,2.500,0.21,50.0,0.07
6670.00,255.69,12526.64,357.41,2.500,0.21,50.0,0.07
6671.00,255.58,12529.13,357.41,2.500,0.21,50.0,0.07
6672.00,255.46,12531.63,357.41,2.500,0.21,50.0,0.07
6673.00,255.35,12534.13,357.41,2.500,0.21,50.0,0.07
6674.00,255.24,12536.63,357.41,2.500,0.21,50.0,0.07
6675.00,255.12,12539.12,357.41,2.500,0.21,50.0,0.07
6676.00,255.01,12541.62,357.42,2.500,0.21,50.0,0.07
6677.00,254.90,12544.12,357.42,2.500,0.21,50.0,0.07
6678.00,254.79,12546.62,357.42,2.500,0.21,50.0,0.07
6679.00,254.67,12549.11,357.42,2.500,0.21,50.0,0.07
6680.00,254.56,12551.61,357.42,2.500,0.21,50.0,0.07
6681.00,254.45,12554.11,357.42,2.500,0.21,50.0,0.07
6682.00,254.34,12556.61,357.42,2.500,0.21,50.0,0.07
6683.00,254.22,12559.10,357.42,2.500,0.21,50.0,0.07
6684.00,254.11,12561.60,357.43,2.500,0.21,50.0,0.07
6685.00,254.00,12564.10,357.43,2.500,0.21,50.0,0.07
6686.00,253.89,12566.60,357.43,2.500,0.21,50.0,0.07
6687.00,253.77,12569.09,357.43,2.500,0.21,50.0,0.07
6688.00,253.66,12571.59,357.43,2.500,0.21,50.0,0.07
6689.00,253.55,12574.09,357.43,2.500,0.21,50.0,0.07
6690.00,253.44,12576.59,357.43,2.500,0.21,50.0,0.07
6691.00,253.33,12579.08,357.43,2.500,0.21,50.0,0.07
6692.00,253.21,12581.58,357.43,2.500,0.21,50.0,0.07
6693.00,253.10,12584.08,357.44,2.500,0.21,50.0,0.07
6694.00,252.99,12586.58,357.44,2.500,0.21,50.0,0.07
6695.00,252.88,12589.07,357.44,2.500,0.21,50.0,0.07
6696.00,252.77,12591.57,357.44,2.500,0.21,50.0,0.07
6697.00,252.65,12594.07,357.44,2.500,0.21,50.0,0.07
6698.00,252.54,12596.57,357.44,2.500,0.21,50.0,0.07
6699.00,252.43,12599.06,357.44,2.500,0.21,50.0,0.07
6700.00,252.32,12601.56,357.44,2.500,0.21,50.0,0.07
6701.00,252.21,12604.06,357.45,2.500,0.21,50.0,0.07
6702.00,252.10,12606.56,357.45,2.500,0.21,50.0,0.07
6703.00,251.99,12609.05,357.45,2.500,0.21,50.0,0.07
6704.00,251.87,12611.55,357.45,2.500,0.21,50.0,0.07
6705.00,251.76,12614.05,357.45,2.500,0.21,50.0,0.07
6706.00,251.65,12616.55,357.45,2.500,0.21,50.0,0.07
6707.00,251.54,12619.04,357.45,2.500,0.21,50.0,0.07
6708.00,251.43,12621.54,357.45,2.500,0.21,50.0,0.07
6709.00,251.32,12624.04,357.46,2.500,0.21,50.0,0.07
6710.00,251.21,12626.54,357.46,2.500,0.21,50.0,0.07
6711.00,251.10,12629.03,357.46,2.500,0.21,50.0,0.07
6712.00,250.99,12631.53,357.46,2.500,0.21,50.0,0.07
6713.00,250.88,12634.03,357.46,2.500,0.21,50.0,0.07
6714.00,250.76,12636.53,357.46,2.500,0.21,50.0,0.07
6715.00,250.65,12639.02,357.46,2.500,0.21,50.0,0.07
6716.00,250.54,12641.52,357.46,2.500,0.21,50.0,0.07
6717.00,250.43,12644.02,357.46,2.500,0.21,50.0,0.07
6718.00,250.32,12646.52,357.47,2.500,0.21,50.0,0.07
6719.00,250.21,12649.01,357.47,2.500,0.21,50.0,0.07
6720.00,250.10,12651.51,357.47,2.500,0.20,50.0,0.07
6721.00,249.99,12654.01,357.47,2.500,0.20,50.0,0.07
6722.00,249.88,12656.51,357.47,2.500,0.20,50.0,0.07
6723.00,249.77,12659.00,357.47,2.500,0.20,50.0,0.07
6724.00,249.66,12661.50,357.47,2.500,0.20,50.0,0.07
6725.00,249.55,12664.00,357.47,2.500,0.20,50.0,0.07
6726.00,249.44,12666.50,357.48,2.500,0.20,50.0,0.07
6727.00,249.33,12668.99,357.48,2.500,0.20,50.0,0.07
6728.00,249.22,12671.49,357.48,2.500,0.20,50.0,0.07
6729.00,249.11,12673.99,357.48,2.500,0.20,50.0,0.07
6730.00,249.00,12676.49,357.48,2.500,0.20,50.0,0.07
6731.00,248.89,12678.98,357.48,2.500,0.20,50.0,0.07
6732.00,248.78,12681.48,357.48,2.500,0.20,50.0,0.07
6733.00,248.67,12683.98,357.48,2.500,0.20,50.0,0.07
6734.00,248.56,12686.48,357.49,2.500,0.20,50.0,0.07
6735.00,248.45,12688.97,357.49,2.500,0.20,50.0,0.07
6736.00,248.34,12691.47,357.49,2.500,0.20,50.0,0.07
6737.00,248.23,12693.97,357.49,2.500,0.20,50.0,0.07
6738.00,248.12,12696.47,357.49,2.500,0.20,50.0,0.07
6739.00,248.01,12698.97,357.49,2.500,0.20,50.0,0.07
6740.00,247.90,12701.46,357.49,2.500,0.20,50.0,0.07
6741.00,247.79,12703.96,357.49,2.500,0.20,50.0,0.07
6742.00,247.68,12706.46,357.49,2.500,0.20,50.0,0.07
6743.00,247.57,12708.96,357.50,2.500,0.20,50.0,0.07
6744.00,247.46,12711.45,357.50,2.500,0.20,50.0,0.07
6745.00,247.36,12713.95,357.50,2.500,0.20,50.0,0.07
6746.00,247.25,12716.45,357.50,2.500,0.20,50.0,0.07
6747.00,247.14,12718.95,357.50,2.500,0.20,50.0,0.07
6748.00,247.03,12721.44,357.50,2.500,0.20,50.0,0.07
6749.00,246.92,12723.94,357.50,2.500,0.20,50.0,0.07
6750.00,246.81,12726.44,357.50,2.500,0.20,50.0,0.07
6751.00,246.70,12728.94,357.51,2.500,0.20,50.0,0.07
6752.00,246.59,12731.43,357.51,2.500,0.20,50.0,0.07
6753.00,246.48,12733.93,357.51,2.500,0.20,50.0,0.07
6754.00,246.38,12736.43,357.51,2.500,0.20,50.0,0.07
6755.00,246.27,12738.93,357.51,2.500,0.20,50.0,0.07
6756.00,246.16,12741.42,357.51,2.500,0.20,50.0,0.07
6757.00,246.05,12743.92,357.51,2.500,0.20,50.0,0.07
6758.00,245.94,12746.42,357.51,2.500,0.20,50.0,0.07
6759.00,245.83,12748.92,357.51,2.500,0.20,50.0,0.07
6760.00,245.72,12751.42,357.52,2.500,0.20,50.0,0.07
6761.00,245.62,12753.91,357.52,2.500,0.20,50.0,0.07
6762.00,245.51,12756.41,357.52,2.500,0.20,50.0,0.07
6763.00,245.40,12758.91,357.52,2.500,0.20,50.0,0.07
6764.00,245.29,12761.41,357.52,2.500,0.20,50.0,0.07
6765.00,245.18,12763.90,357.52,2.500,0.20,50.0,0.07
6766.00,245.07,12766.40,357.52,2.500,0.20,50.0,0.07
6767.00,244.97,12768.90,357.52,2.500,0.20,50.0,0.07
6768.00,244.86,12771.40,357.52,2.500,0.20,50.0,0.07
6769.00,244.75,12773.89,357.53,2.500,0.20,50.0,0.07
6770.00,244.64,12776.39,357.53,2.500,0.20,50.0,0.07
6771.00,244.53,12778.89,357.53,2.500,0.20,50.0,0.07
6772.00,244.43,12781.39,357.53,2.500,0.20,50.0,0.07
6773.00,244.32,12783.89,357.53,2.500,0.20,50.0,0.07
6774.00,244.21,12786.38,357.53,2.500,0.20,50.0,0.07
6775.00,244.10,12788.88,357.53,2.500,0.20,50.0,0.07
6776.00,244.00,12791.38,357.53,2.500,0.20,50.0,0.07
6777.00,243.89,12793.88,357.54,2.500,0.20,50.0,0.07
6778.00,243.78,12796.37,357.54,2.500,0.20,50.0,0.07
6779.00,243.67,12798.87,357.54,2.500,0.20,50.0,0.07
6780.00,243.57,12801.37,357.54,2.500,0.20,50.0,0.07
6781.00,243.46,12803.87,357.54,2.500,0.20,50.0,0.07
6782.00,243.35,12806.36,357.54,2.500,0.20,50.0,0.07
6783.00,243.24,12808.86,357.54,2.500,0.20,50.0,0.07
6784.00,243.14,12811.36,357.54,2.500,0.20,50.0,0.07
6785.00,243.03,12813.86,357.54,2.500,0.20,50.0,0.07
6786.00,242.92,12816.35,357.55,2.500,0.20,50.0,0.07
6787.00,242.82,12818.85,357.55,2.500,0.20,50.0,0.07
6788.00,242.71,12821.35,357.55,2.500,0.20,50.0,0.07
6789.00,242.60,12823.85,357.55,2.500,0.20,50.0,0.07
6790.00,242.49,12826.35,357.55,2.500,0.20,50.0,0.07
6791.00,242.39,12828.84,357.55,2.500,0.20,50.0,0.07
6792.00,242.28,12831.34,357.55,2.500,0.20,50.0,0.07
6793.00,242.17,12833.84,357.55,2.500,0.20,50.0,0.07
6794.00,242.07,12836.34,357.55,2.500,0.20,50.0,0.07
6795.00,241.96,12838.83,357.56,2.500,0.20,50.0,0.07
6796.00,241.85,12841.33,357.56,2.500,0.20,50.0,0.07
6797.00,241.75,12843.83,357.56,2.500,0.20,50.0,0.07
6798.00,241.64,12846.33,357.56,2.500,0.20,50.0,0.07
6799.00,241.54,12848.83,357.56,2.500,0.20,50.0,0.07
6800.00,241.43,12851.32,357.56,2.500,0.20,50.0,0.07
6801.00,241.32,12853.82,357.56,2.500,0.20,50.0,0.07
6802.00,241.22,12856.32,357.56,2.500,0.20,50.0,0.07
6803.00,241.11,12858.82,357.57,2.500,0.20,50.0,0.07
6804.00,241.00,12861.31,357.57,2.500,0.20,50.0,0.07
6805.00,240.90,12863.81,357.57,2.500,0.20,50.0,0.07
6806.00,240.79,12866.31,357.57,2.500,0.20,50.0,0.07
6807.00,240.69,12868.81,357.57,2.500,0.20,50.0,0.07
6808.00,240.58,12871.31,357.57,2.500,0.20,50.0,0.07
6809.00,240.47,12873.80,357.57,2.500,0.20,50.0,0.07
6810.00,240.37,12876.30,357.57,2.500,0.20,50.0,0.07
6811.00,240.26,12878.80,357.57,2.500,0.20,50.0,0.07
6812.00,240.16,12881.30,357.58,2.500,0.20,50.0,0.07
6813.00,240.05,12883.79,357.58,2.500,0.20,50.0,0.07
6814.00,239.94,12886.29,357.58,2.500,0.20,50.0,0.07
6815.00,239.84,12888.79,357.58,2.500,0.20,50.0,0.07
6816.00,239.73,12891.29,357.58,2.500,0.20,50.0,0.07
6817.00,239.63,12893.78,357.58,2.500,0.20,50.0,0.07
6818.00,239.52,12896.28,357.58,2.500,0.20,50.0,0.07
6819.00,239.42,12898.78,357.58,2.500,0.20,50.0,0.07
6820.00,239.31,12901.28,357.58,2.500,0.20,50.0,0.07
6821.00,239.21,12903.78,357.59,2.500,0.20,50.0,0.07
6822.00,239.10,12906.27,357.59,2.500,0.20,50.0,0.07
6823.00,238.99,12908.77,357.59,2.500,0.20,50.0,0.07
6824.00,238.89,12911.27,357.59,2.500,0.20,50.0,0.07
6825.00,238.78,12913.77,357.59,2.500,0.20,50.0,0.07
6826.00,238.68,12916.26,357.59,2.500,0.20,50.0,0.07
6827.00,238.57,12918.76,357.59,2.500,0.20,50.0,0.07
6828.00,238.47,12921.26,357.59,2.500,0.19,50.0,0.07
6829.00,238.36,12923.76,357.59,2.500,0.19,50.0,0.07
6830.00,238.26,12926.26,357.60,2.500,0.19,50.0,0.07
6831.00,238.15,12928.75,357.60,2.500,0.19,50.0,0.07
6832.00,238.05,12931.25,357.60,2.500,0.19,50.0,0.07
6833.00,237.95,12933.75,357.60,2.500,0.19,50.0,0.07
6834.00,237.84,12936.25,357.60,2.500,0.19,50.0,0.07
6835.00,237.74,12938.75,357.60,2.500,0.19,50.0,0.07
6836.00,237.63,12941.24,357.60,2.500,0.19,50.0,0.07
6837.00,237.53,12943.74,357.60,2.500,0.19,50.0,0.07
6838.00,237.42,12946.24,357.60,2.500,0.19,50.0,0.07
6839.00,237.32,12948.74,357.61,2.500,0.19,50.0,0.07
6840.00,237.21,12951.23,357.61,2.500,0.19,50.0,0.07
6841.00,237.11,12953.73,357.61,2.500,0.19,50.0,0.07
6842.00,237.00,12956.23,357.61,2.500,0.19,50.0,0.07
6843.00,236.90,12958.73,357.61,2.500,0.19,50.0,0.07
6844.00,236.80,12961.23,357.61,2.500,0.19,50.0,0.07
6845.00,236.69,12963.72,357.61,2.500,0.19,50.0,0.07
6846.00,236.59,12966.22,357.61,2.500,0.19,50.0,0.07
6847.00,236.48,12968.72,357.61,2.500,0.19,50.0,0.07
6848.00,236.38,12971.22,357.62,2.500,0.19,50.0,0.07
6849.00,236.28,12973.71,357.62,2.500,0.19,50.0,0.07
6850.00,236.17,12976.21,357.62,2.500,0.19,50.0,0.07
6851.00,236.07,12978.71,357.62,2.500,0.19,50.0,0.07
6852.00,235.96,12981.21,357.62,2.500,0.19,50.0,0.07
6853.00,235.86,12983.71,357.62,2.500,0.19,50.0,0.07
6854.00,235.76,12986.20,357.62,2.500,0.19,50.0,0.07
6855.00,235.65,12988.70,357.62,2.500,0.19,50.0,0.07
6856.00,235.55,12991.20,357.62,2.500,0.19,50.0,0.07
6857.00,235.45,12993.70,357.63,2.500,0.19,50.0,0.07
6858.00,235.34,12996.20,357.63,2.500,0.19,50.0,0.07
6859.00,235.24,12998.69,357.63,2.500,0.19,50.0,0.07
6860.00,235.13,13001.19,357.63,2.500,0.19,50.0,0.07
6861.00,235.03,13003.69,357.63,2.500,0.19,50.0,0.07
6862.00,234.93,13006.19,357.63,2.500,0.19,50.0,0.07
6863.00,234.82,13008.68,357.63,2.500,0.19,50.0,0.07
6864.00,234.72,13011.18,357.63,2.500,0.19,50.0,0.07
6865.00,234.62,13013.68,357.64,2.500,0.19,50.0,0.07
6866.00,234.51,13016.18,357.64,2.500,0.19,50.0,0.07
6867.00,234.41,13018.68,357.64,2.500,0.19,50.0,0.07
6868.00,234.31,13021.17,357.64,2.500,0.19,50.0,0.07
6869.00,234.21,13023.67,357.64,2.500,0.19,50.0,0.07
6870.00,234.10,13026.17,357.64,2.500,0.19,50.0,0.07
6871.00,234.00,13028.67,357.64,2.500,0.19,50.0,0.07
6872.00,233.90,13031.17,357.64,2.500,0.19,50.0,0.07
6873.00,233.79,13033.66,357.64,2.500,0.19,50.0,0.07
6874.00,233.69,13036.16,357.64,2.500,0.19,50.0,0.07
6875.00,233.59,13038.66,357.65,2.500,0.19,50.0,0.07
6876.00,233.49,13041.16,357.65,2.500,0.19,50.0,0.07
6877.00,233.38,13043.65,357.65,2.500,0.19,50.0,0.07
6878.00,233.28,13046.15,357.65,2.500,0.19,50.0,0.07
6879.00,233.18,13048.65,357.65,2.500,0.19,50.0,0.07
6880.00,233.08,13051.15,357.65,2.500,0.19,50.0,0.07
6881.00,232.97,13053.65,357.65,2.500,0.19,50.0,0.07
6882.00,232.87,13056.14,357.65,2.500,0.19,50.0,0.07
6883.00,232.77,13058.64,357.65,2.500,0.19,50.0,0.07
6884.00,232.67,13061.14,357.66,2.500,0.19,50.0,0.07
6885.00,232.56,13063.64,357.66,2.500,0.19,50.0,0.07
6886.00,232.46,13066.14,357.66,2.500,0.19,50.0,0.07
6887.00,232.36,13068.63,357.66,2.500,0.19,50.0,0.07
6888.00,232.26,13071.13,357.66,2.500,0.19,50.0,0.07
6889.00,232.16,13073.63,357.66,2.500,0.19,50.0,0.07
6890.00,232.05,13076.13,357.66,2.500,0.19,50.0,0.07
6891.00,231.95,13078.63,357.66,2.500,0.19,50.0,0.07
6892.00,231.85,13081.12,357.66,2.500,0.19,50.0,0.07
6893.00,231.75,13083.62,357.67,2.500,0.19,50.0,0.07
6894.00,231.65,13086.12,357.67,2.500,0.19,50.0,0.07
6895.00,231.54,13088.62,357.67,2.500,0.19,50.0,0.07
6896.00,231.44,13091.12,357.67,2.500,0.19,50.0,0.07
6897.00,231.34,13093.61,357.67,2.500,0.19,50.0,0.07
6898.00,231.24,13096.11,357.67,2.500,0.19,50.0,0.07
6899.00,231.14,13098.61,357.67,2.500,0.19,50.0,0.07
6900.00,231.04,13101.11,357.67,2.500,0.19,50.0,0.07
6901.00,230.93,13103.60,357.67,2.500,0.19,50.0,0.07
6902.00,230.83,13106.10,357.68,2.500,0.19,50.0,0.07
6903.00,230.73,13108.60,357.68,2.500,0.19,50.0,0.07
6904.00,230.63,13111.10,357.68,2.500,0.19,50.0,0.07
6905.00,230.53,13113.60,357.68,2.500,0.19,50.0,0.07
6906.00,230.43,13116.09,357.68,2.500,0.19,50.0,0.07
6907.00,230.33,13118.59,357.68,2.500,0.19,50.0,0.07
6908.00,230.23,13121.09,357.68,2.500,0.19,50.0,0.07
6909.00,230.12,13123.59,357.68,2.500,0.19,50.0,0.07
6910.00,230.02,13126.09,357.68,2.500,0.19,50.0,0.07
6911.00,229.92,13128.58,357.69,2.500,0.19,50.0,0.07
6912.00,229.82,13131.08,357.69,2.500,0.19,50.0,0.07
6913.00,229.72,13133.58,357.69,2.500,0.19,50.0,0.07
6914.00,229.62,13136.08,357.69,2.500,0.19,50.0,0.07
6915.00,229.52,13138.58,357.69,2.500,0.19,50.0,0.07
6916.00,229.42,13141.07,357.69,2.500,0.19,50.0,0.07
6917.00,229.32,13143.57,357.69,2.500,0.19,50.0,0.07
6918.00,229.22,13146.07,357.69,2.500,0.19,50.0,0.07
6919.00,229.12,13148.57,357.69,2.500,0.19,50.0,0.06
6920.00,229.02,13151.07,357.70,2.500,0.19,50.0,0.06
6921.00,228.91,13153.56,357.70,2.500,0.19,50.0,0.06
6922.00,228.81,13156.06,357.70,2.500,0.19,50.0,0.06
6923.00,228.71,13158.56,357.70,2.500,0.19,50.0,0.06
6924.00,228.61,13161.06,357.70,2.500,0.19,50.0,0.06
6925.00,228.51,13163.56,357.70,2.500,0.19,50.0,0.06
6926.00,228.41,13166.05,357.70,2.500,0.19,50.0,0.06
6927.00,228.31,13168.55,357.70,2.500,0.19,50.0,0.06
6928.00,228.21,13171.05,357.70,2.500,0.19,50.0,0.06
6929.00,228.11,13173.55,357.71,2.500,0.19,50.0,0.06
6930.00,228.01,13176.05,357.71,2.500,0.19,50.0,0.06
6931.00,227.91,13178.54,357.71,2.500,0.19,50.0,0.06
6932.00,227.81,13181.04,357.71,2.500,0.19,50.0,0.06
6933.00,227.71,13183.54,357.71,2.500,0.19,50.0,0.06
6934.00,227.61,13186.04,357.71,2.500,0.19,50.0,0.06
6935.00,227.51,13188.54,357.71,2.500,0.19,50.0,0.06
6936.00,227.41,13191.03,357.71,2.500,0.19,50.0,0.06
6937.00,227.31,13193.53,357.71,2.500,0.19,50.0,0.06
6938.00,227.21,13196.03,357.71,2.500,0.19,50.0,0.06
6939.00,227.11,13198.53,357.72,2.500,0.19,50.0,0.06
6940.00,227.01,13201.03,357.72,2.500,0.19,50.0,0.06
6941.00,226.91,13203.52,357.72,2.500,0.19,50.0,0.06
6942.00,226.81,13206.02,357.72,2.500,0.18,50.0,0.06
6943.00,226.72,13208.52,357.72,2.500,0.18,50.0,0.06
6944.00,226.62,13211.02,357.72,2.500,0.18,50.0,0.06
6945.00,226.52,13213.52,357.72,2.500,0.18,50.0,0.06
6946.00,226.42,13216.01,357.72,2.500,0.18,50.0,0.06
6947.00,226.32,13218.51,357.72,2.500,0.18,50.0,0.06
6948.00,226.22,13221.01,357.73,2.500,0.18,50.0,0.06
6949.00,226.12,13223.51,357.73,2.500,0.18,50.0,0.06
6950.00,226.02,13226.01,357.73,2.500,0.18,50.0,0.06
6951.00,225.92,13228.50,357.73,2.500,0.18,50.0,0.06
6952.00,225.82,13231.00,357.73,2.500,0.18,50.0,0.06
6953.00,225.72,13233.50,357.73,2.500,0.18,50.0,0.06
6954.00,225.62,13236.00,357.73,2.500,0.18,50.0,0.06
6955.00,225.52,13238.50,357.73,2.500,0.18,50.0,0.06
6956.00,225.43,13240.99,357.73,2.500,0.18,50.0,0.06
6957.00,225.33,13243.49,357.74,2.500,0.18,50.0,0.06
6958.00,225.23,13245.99,357.74,2.500,0.18,50.0,0.06
6959.00,225.13,13248.49,357.74,2.500,0.18,50.0,0.06
6960.00,225.03,13250.99,357.74,2.500,0.18,50.0,0.06
6961.00,224.93,13253.48,357.74,2.500,0.18,50.0,0.06
6962.00,224.83,13255.98,357.74,2.500,0.18,50.0,0.06
6963.00,224.73,13258.48,357.74,2.500,0.18,50.0,0.06
6964.00,224.64,13260.98,357.74,2.500,0.18,50.0,0.06
6965.00,224.54,13263.48,357.74,2.500,0.18,50.0,0.06
6966.00,224.44,13265.98,357.74,2.500,0.18,50.0,0.06
6967.00,224.34,13268.47,357.75,2.500,0.18,50.0,0.06
6968.00,224.24,13270.97,357.75,2.500,0.18,50.0,0.06
6969.00,224.14,13273.47,357.75,2.500,0.18,50.0,0.06
6970.00,224.05,13275.97,357.75,2.500,0.18,50.0,0.06
6971.00,223.95,13278.47,357.75,2.500,0.18,50.0,0.06
6972.00,223.85,13280.96,357.75,2.500,0.18,50.0,0.06
6973.00,223.75,13283.46,357.75,2.500,0.18,50.0,0.06
6974.00,223.65,13285.96,357.75,2.500,0.18,50.0,0.06
6975.00,223.56,13288.46,357.75,2.500,0.18,50.0,0.06
6976.00,223.46,13290.96,357.76,2.500,0.18,50.0,0.06
6977.00,223.36,13293.45,357.76,2.500,0.18,50.0,0.06
6978.00,223.26,13295.95,357.76,2.500,0.18,50.0,0.06
6979.00,223.16,13298.45,357.76,2.500,0.18,50.0,0.06
6980.00,223.07,13300.95,357.76,2.500,0.18,50.0,0.06
6981.00,222.97,13303.45,357.76,2.500,0.18,50.0,0.06
6982.00,222.87,13305.94,357.76,2.500,0.18,50.0,0.06
6983.00,222.77,13308.44,357.76,2.500,0.18,50.0,0.06
6984.00,222.68,13310.94,357.76,2.500,0.18,50.0,0.06
6985.00,222.58,13313.44,357.76,2.500,0.18,50.0,0.06
6986.00,222.48,13315.94,357.77,2.500,0.18,50.0,0.06
6987.00,222.38,13318.43,357.77,2.500,0.18,50.0,0.06
6988.00,222.29,13320.93,357.77,2.500,0.18,50.0,0.06
6989.00,222.19,13323.43,357.77,2.500,0.18,50.0,0.06
6990.00,222.09,13325.93,357.77,2.500,0.18,50.0,0.06
6991.00,221.99,13328.43,357.77,2.500,0.18,50.0,0.06
6992.00,221.90,13330.93,357.77,2.500,0.18,50.0,0.06
6993.00,221.80,13333.42,357.77,2.500,0.18,50.0,0.06
6994.00,221.70,13335.92,357.77,2.500,0.18,50.0,0.06
6995.00,221.60,13338.42,357.78,2.500,0.18,50.0,0.06
6996.00,221.51,13340.92,357.78,2.500,0.18,50.0,0.06
6997.00,221.41,13343.42,357.78,2.500,0.18,50.0,0.06
6998.00,221.31,13345.91,357.78,2.500,0.18,50.0,0.06
6999.00,221.22,13348.41,357.78,2.500,0.18,50.0,0.06
7000.00,221.12,13350.91,357.78,2.500,0.18,50.0,0.06
7001.00,221.02,13353.41,357.78,2.500,0.18,50.0,0.06
7002.00,220.93,13355.91,357.78,2.500,0.18,50.0,0.06
7003.00,220.83,13358.40,357.78,2.500,0.18,50.0,0.06
7004.00,220.73,13360.90,357.78,2.500,0.18,50.0,0.06
7005.00,220.64,13363.40,357.79,2.500,0.18,50.0,0.06
7006.00,220.54,13365.90,357.79,2.500,0.18,50.0,0.06
7007.00,220.44,13368.40,357.79,2.500,0.18,50.0,0.06
7008.00,220.35,13370.90,357.79,2.500,0.18,50.0,0.06
7009.00,220.25,13373.39,357.79,2.500,0.18,50.0,0.06
7010.00,220.15,13375.89,357.79,2.500,0.18,50.0,0.06
7011.00,220.06,13378.39,357.79,2.500,0.18,50.0,0.06
7012.00,219.96,13380.89,357.79,2.500,0.18,50.0,0.06
7013.00,219.86,13383.39,357.79,2.500,0.18,50.0,0.06
7014.00,219.77,13385.88,357.79,2.500,0.18,50.0,0.06
7015.00,219.67,13388.38,357.80,2.500,0.18,50.0,0.06
7016.00,219.58,13390.88,357.80,2.500,0.18,50.0,0.06
7017.00,219.48,13393.38,357.80,2.500,0.18,50.0,0.06
7018.00,219.38,13395.88,357.80,2.500,0.18,50.0,0.06
7019.00,219.29,13398.37,357.80,2.500,0.18,50.0,0.06
7020.00,219.19,13400.87,357.80,2.500,0.18,50.0,0.06
7021.00,219.10,13403.37,357.80,2.500,0.18,50.0,0.06
7022.00,219.00,13405.87,357.80,2.500,0.18,50.0,0.06
7023.00,218.90,13408.37,357.80,2.500,0.18,50.0,0.06
7024.00,218.81,13410.87,357.81,2.500,0.18,50.0,0.06
7025.00,218.71,13413.36,357.81,2.500,0.18,50.0,0.06
7026.00,218.62,13415.86,357.81,2.500,0.18,50.0,0.06
7027.00,218.52,13418.36,357.81,2.500,0.18,50.0,0.06
7028.00,218.43,13420.86,357.81,2.500,0.18,50.0,0.06
7029.00,218.33,13423.36,357.81,2.500,0.18,50.0,0.06
7030.00,218.23,13425.85,357.81,2.500,0.18,50.0,0.06
7031.00,218.14,13428.35,357.81,2.500,0.18,50.0,0.06
7032.00,218.04,13430.85,357.81,2.500,0.18,50.0,0.06
7033.00,217.95,13433.35,357.81,2.500,0.18,50.0,0.06
7034.00,217.85,13435.85,357.82,2.500,0.18,50.0,0.06
7035.00,217.76,13438.35,357.82,2.500,0.18,50.0,0.06
7036.00,217.66,13440.84,357.82,2.500,0.18,50.0,0.06
7037.00,217.57,13443.34,357.82,2.500,0.18,50.0,0.06
7038.00,217.47,13445.84,357.82,2.500,0.18,50.0,0.06
7039.00,217.38,13448.34,357.82,2.500,0.18,50.0,0.06
7040.00,217.28,13450.84,357.82,2.500,0.18,50.0,0.06
7041.00,217.19,13453.33,357.82,2.500,0.18,50.0,0.06
7042.00,217.09,13455.83,357.82,2.500,0.18,50.0,0.06
7043.00,217.00,13458.33,357.82,2.500,0.18,50.0,0.06
7044.00,216.90,13460.83,357.83,2.500,0.18,50.0,0.06
7045.00,216.81,13463.33,357.83,2.500,0.18,50.0,0.06
7046.00,216.71,13465.83,357.83,2.500,0.18,50.0,0.06
7047.00,216.62,13468.32,357.83,2.500,0.18,50.0,0.06
7048.00,216.52,13470.82,357.83,2.500,0.18,50.0,0.06
7049.00,216.43,13473.32,357.83,2.500,0.18,50.0,0.06
7050.00,216.33,13475.82,357.83,2.500,0.18,50.0,0.06
7051.00,216.24,13478.32,357.83,2.500,0.18,50.0,0.06
7052.00,216.14,13480.81,357.83,2.500,0.18,50.0,0.06
7053.00,216.05,13483.31,357.83,2.500,0.18,50.0,0.06
7054.00,215.96,13485.81,357.84,2.500,0.18,50.0,0.06
7055.00,215.86,13488.31,357.84,2.500,0.18,50.0,0.06
7056.00,215.77,13490.81,357.84,2.500,0.18,50.0,0.06
7057.00,215.67,13493.31,357.84,2.500,0.18,50.0,0.06
7058.00,215.58,13495.80,357.84,2.500,0.18,50.0,0.06
7059.00,215.48,13498.30,357.84,2.500,0.18,50.0,0.06
7060.00,215.39,13500.80,357.84,2.500,0.18,50.0,0.06
7061.00,215.30,13503.30,357.84,2.500,0.18,50.0,0.06
7062.00,215.20,13505.80,357.84,2.500,0.17,50.0,0.06
7063.00,215.11,13508.30,357.85,2.500,0.17,50.0,0.06
7064.00,215.01,13510.79,357.85,2.500,0.17,50.0,0.06
7065.00,214.92,13513.29,357.85,2.500,0.17,50.0,0.06
7066.00,214.83,13515.79,357.85,2.500,0.17,50.0,0.06
7067.00,214.73,13518.29,357.85,2.500,0.17,50.0,0.06
7068.00,214.64,13520.79,357.85,2.500,0.17,50.0,0.06
7069.00,214.54,13523.28,357.85,2.500,0.17,50.0,0.06
7070.00,214.45,13525.78,357.85,2.500,0.17,50.0,0.06
7071.00,214.36,13528.28,357.85,2.500,0.17,50.0,0.06
7072.00,214.26,13530.78,357.85,2.500,0.17,50.0,0.06
7073.00,214.17,13533.28,357.86,2.500,0.17,50.0,0.06
7074.00,214.08,13535.78,357.86,2.500,0.17,50.0,0.06
7075.00,213.98,13538.27,357.86,2.500,0.17,50.0,0.06
