time_s,x_m,y_m,course_deg,speed_ms,rudder_deg,rpm_percent
8.00,2.47,-3973.20,0.00,4.584,0.00,50.0
9.00,2.47,-3968.66,0.00,4.543,0.00,50.0
10.00,2.47,-3964.16,0.00,4.502,0.00,50.0
11.00,2.47,-3959.70,0.00,4.462,0.00,50.0
12.00,2.47,-3955.27,0.00,4.423,0.00,50.0
13.00,2.47,-3950.89,0.00,4.384,0.00,50.0
14.00,2.47,-3946.54,0.00,4.346,0.00,50.0
15.00,2.47,-3942.23,0.00,4.309,0.00,50.0
16.00,2.47,-3937.96,0.00,4.273,0.00,50.0
17.00,2.47,-3933.72,0.00,4.238,0.00,50.0
18.00,2.47,-3929.52,0.00,4.203,0.00,50.0
19.00,2.47,-3925.35,0.00,4.169,0.00,50.0
20.00,2.47,-3921.22,0.00,4.136,5.00,50.0
21.00,2.47,-3917.11,0.00,4.103,5.00,50.0
22.00,2.47,-3913.04,0.01,4.071,5.00,50.0
23.00,2.47,-3909.00,0.01,4.039,5.00,50.0
24.00,2.47,-3904.99,0.01,4.009,5.00,50.0
25.00,2.47,-3901.02,0.02,3.978,5.00,50.0
26.00,2.48,-3897.07,0.02,3.949,5.00,50.0
27.00,2.48,-3893.15,0.03,3.920,5.00,50.0
28.00,2.48,-3889.25,0.04,3.892,5.00,50.0
29.00,2.48,-3885.39,0.05,3.864,5.00,50.0
30.00,2.49,-3881.55,0.06,3.836,5.00,50.0
31.00,2.49,-3877.74,0.07,3.810,5.00,50.0
32.00,2.49,-3873.96,0.08,3.784,5.00,50.0
33.00,2.50,-3870.20,0.09,3.758,5.00,50.0
34.00,2.50,-3866.47,0.10,3.733,5.00,50.0
35.00,2.51,-3862.76,0.11,3.708,5.00,50.0
36.00,2.52,-3859.08,0.12,3.684,5.00,50.0
37.00,2.53,-3855.42,0.14,3.660,5.00,50.0
38.00,2.53,-3851.78,0.15,3.637,5.00,50.0
39.00,2.54,-3848.17,0.16,3.614,5.00,50.0
40.00,2.55,-3844.58,0.18,3.592,10.00,50.0
41.00,2.56,-3841.01,0.20,3.570,10.00,50.0
42.00,2.58,-3837.46,0.21,3.549,10.00,50.0
43.00,2.59,-3833.93,0.23,3.528,10.00,50.0
44.00,2.60,-3830.42,0.25,3.507,10.00,50.0
45.00,2.62,-3826.93,0.28,3.487,10.00,50.0
46.00,2.64,-3823.47,0.30,3.467,10.00,50.0
47.00,2.65,-3820.02,0.32,3.448,10.00,50.0
48.00,2.67,-3816.59,0.35,3.429,10.00,50.0
49.00,2.69,-3813.18,0.38,3.410,10.00,50.0
50.00,2.72,-3809.79,0.40,3.392,10.00,50.0
51.00,2.74,-3806.41,0.43,3.374,10.00,50.0
52.00,2.77,-3803.06,0.46,3.357,10.00,50.0
53.00,2.79,-3799.72,0.49,3.340,10.00,50.0
54.00,2.82,-3796.39,0.52,3.323,15.00,50.0
55.00,2.85,-3793.09,0.56,3.306,15.00,50.0
56.00,2.88,-3789.80,0.59,3.290,15.00,50.0
57.00,2.92,-3786.52,0.63,3.275,15.00,50.0
58.00,2.95,-3783.26,0.67,3.259,15.00,50.0
59.00,2.99,-3780.02,0.71,3.244,15.00,50.0
60.00,3.03,-3776.79,0.75,3.229,15.00,50.0
61.00,3.07,-3773.58,0.80,3.214,15.00,50.0
62.00,3.12,-3770.38,0.84,3.200,15.00,50.0
63.00,3.16,-3767.19,0.89,3.186,15.00,50.0
64.00,3.21,-3764.02,0.93,3.172,15.00,50.0
65.00,3.27,-3760.86,0.98,3.159,15.00,50.0
66.00,3.32,-3757.72,1.03,3.146,15.00,50.0
67.00,3.38,-3754.58,1.08,3.133,15.00,50.0
68.00,3.44,-3751.46,1.14,3.120,15.00,50.0
69.00,3.50,-3748.36,1.19,3.108,15.00,50.0
70.00,3.56,-3745.26,1.25,3.096,15.00,50.0
71.00,3.63,-3742.18,1.30,3.084,15.00,50.0
72.00,3.70,-3739.11,1.36,3.072,15.00,50.0
73.00,3.77,-3736.05,1.42,3.061,15.00,50.0
74.00,3.85,-3733.00,1.47,3.049,15.00,50.0
75.00,3.92,-3729.96,1.53,3.038,15.00,50.0
76.00,4.00,-3726.94,1.59,3.028,10.00,50.0
77.00,4.09,-3723.92,1.65,3.017,10.00,50.0
78.00,4.18,-3720.91,1.71,3.007,10.00,50.0
79.00,4.26,-3717.92,1.77,2.997,10.00,50.0
80.00,4.36,-3714.93,1.83,2.987,10.00,50.0
81.00,4.45,-3711.96,1.89,2.977,10.00,50.0
82.00,4.55,-3708.99,1.95,2.967,10.00,50.0
83.00,4.65,-3706.04,2.01,2.958,10.00,50.0
84.00,4.75,-3703.09,2.06,2.949,10.00,50.0
85.00,4.86,-3700.15,2.12,2.940,10.00,50.0
86.00,4.97,-3697.22,2.18,2.931,10.00,50.0
87.00,5.08,-3694.30,2.24,2.923,10.00,50.0
88.00,5.19,-3691.39,2.30,2.914,10.00,50.0
89.00,5.31,-3688.49,2.36,2.906,10.00,50.0
90.00,5.43,-3685.59,2.42,2.898,10.00,50.0
91.00,5.55,-3682.70,2.48,2.890,10.00,50.0
92.00,5.68,-3679.83,2.53,2.882,10.00,50.0
93.00,5.80,-3676.95,2.59,2.874,10.00,50.0
94.00,5.93,-3674.09,2.65,2.867,10.00,50.0
95.00,6.06,-3671.23,2.71,2.859,5.00,50.0
96.00,6.20,-3668.38,2.76,2.852,5.00,50.0
97.00,6.34,-3665.54,2.82,2.845,5.00,50.0
98.00,6.48,-3662.71,2.87,2.838,5.00,50.0
99.00,6.62,-3659.88,2.93,2.832,5.00,50.0
100.00,6.76,-3657.06,2.98,2.825,5.00,50.0
101.00,6.91,-3654.24,3.03,2.818,5.00,50.0
102.00,7.06,-3651.44,3.08,2.812,5.00,50.0
103.00,7.21,-3648.63,3.13,2.806,5.00,50.0
104.00,7.36,-3645.84,3.18,2.800,5.00,50.0
105.00,7.52,-3643.05,3.23,2.794,5.00,50.0
106.00,7.67,-3640.27,3.28,2.788,5.00,50.0
107.00,7.83,-3637.49,3.33,2.782,5.00,50.0
108.00,7.99,-3634.72,3.38,2.776,5.00,50.0
109.00,8.16,-3631.95,3.42,2.771,5.00,50.0
110.00,8.32,-3629.19,3.47,2.765,0.00,50.0
111.00,8.49,-3626.43,3.51,2.760,0.00,50.0
112.00,8.66,-3623.68,3.55,2.755,0.00,50.0
113.00,8.83,-3620.94,3.59,2.750,0.00,50.0
114.00,9.00,-3618.20,3.63,2.745,0.00,50.0
115.00,9.18,-3615.47,3.67,2.740,0.00,50.0
116.00,9.35,-3612.74,3.71,2.735,0.00,50.0
117.00,9.53,-3610.01,3.74,2.730,0.00,50.0
118.00,9.70,-3607.29,3.78,2.726,0.00,50.0
119.00,9.88,-3604.58,3.81,2.721,0.00,50.0
120.00,10.06,-3601.87,3.84,2.717,0.00,50.0
121.00,10.25,-3599.16,3.87,2.713,0.00,50.0
122.00,10.43,-3596.46,3.90,2.708,0.00,50.0
123.00,10.61,-3593.76,3.93,2.704,0.00,50.0
124.00,10.80,-3591.07,3.96,2.700,0.00,50.0
125.00,10.99,-3588.38,3.99,2.696,0.00,50.0
126.00,11.17,-3585.69,4.01,2.692,0.00,50.0
127.00,11.36,-3583.01,4.04,2.688,0.00,50.0
128.00,11.55,-3580.33,4.06,2.685,0.00,50.0
129.00,11.74,-3577.66,4.09,2.681,0.00,50.0
130.00,11.93,-3574.99,4.11,2.677,0.00,50.0
131.00,12.12,-3572.32,4.13,2.674,0.00,50.0
132.00,12.31,-3569.66,4.15,2.670,0.00,50.0
133.00,12.51,-3567.00,4.17,2.667,0.00,50.0
134.00,12.70,-3564.34,4.19,2.663,0.00,50.0
135.00,12.90,-3561.69,4.21,2.660,0.00,50.0
136.00,13.09,-3559.04,4.23,2.657,0.00,50.0
137.00,13.29,-3556.39,4.25,2.654,0.00,50.0
138.00,13.48,-3553.75,4.27,2.651,0.00,50.0
139.00,13.68,-3551.11,4.28,2.648,0.00,50.0
140.00,13.88,-3548.47,4.30,2.645,0.00,50.0
141.00,14.08,-3545.83,4.32,2.642,0.00,50.0
142.00,14.27,-3543.20,4.33,2.639,0.00,50.0
143.00,14.47,-3540.57,4.35,2.636,0.00,50.0
144.00,14.67,-3537.95,4.36,2.634,0.00,50.0
145.00,14.87,-3535.32,4.37,2.631,0.00,50.0
146.00,15.07,-3532.70,4.39,2.628,0.00,50.0
147.00,15.27,-3530.09,4.40,2.626,0.00,50.0
148.00,15.48,-3527.47,4.41,2.623,0.00,50.0
149.00,15.68,-3524.86,4.42,2.621,0.00,50.0
150.00,15.88,-3522.25,4.44,2.618,0.00,50.0
151.00,16.08,-3519.64,4.45,2.616,0.00,50.0
152.00,16.28,-3517.03,4.46,2.614,0.00,50.0
153.00,16.49,-3514.43,4.47,2.611,0.00,50.0
154.00,16.69,-3511.83,4.48,2.609,0.00,50.0
155.00,16.89,-3509.23,4.49,2.607,0.00,50.0
156.00,17.10,-3506.63,4.50,2.605,0.00,50.0
157.00,17.30,-3504.04,4.51,2.603,0.00,50.0
158.00,17.51,-3501.45,4.52,2.601,0.00,50.0
159.00,17.71,-3498.85,4.52,2.599,0.00,50.0
160.00,17.92,-3496.27,4.53,2.597,0.00,50.0
161.00,18.12,-3493.68,4.54,2.595,0.00,50.0
162.00,18.33,-3491.09,4.55,2.593,0.00,50.0
163.00,18.53,-3488.51,4.56,2.591,0.00,50.0
164.00,18.74,-3485.93,4.56,2.589,0.00,50.0
165.00,18.94,-3483.35,4.57,2.587,0.00,50.0
166.00,19.15,-3480.77,4.58,2.586,0.00,50.0
167.00,19.36,-3478.20,4.58,2.584,0.00,50.0
168.00,19.56,-3475.62,4.59,2.582,0.00,50.0
169.00,19.77,-3473.05,4.60,2.581,0.00,50.0
170.00,19.97,-3470.48,4.60,2.579,0.00,50.0
171.00,20.18,-3467.91,4.61,2.577,0.00,50.0
172.00,20.39,-3465.34,4.61,2.576,0.00,50.0
173.00,20.60,-3462.78,4.62,2.574,0.00,50.0
174.00,20.80,-3460.21,4.62,2.573,0.00,50.0
175.00,21.01,-3457.65,4.63,2.571,0.00,50.0
176.00,21.22,-3455.09,4.63,2.570,0.00,50.0
177.00,21.42,-3452.53,4.64,2.569,0.00,50.0
178.00,21.63,-3449.97,4.64,2.567,0.00,50.0
179.00,21.84,-3447.41,4.65,2.566,0.00,50.0
180.00,22.05,-3444.86,4.65,2.565,0.00,50.0
181.00,22.26,-3442.30,4.65,2.563,0.00,50.0
182.00,22.46,-3439.75,4.66,2.562,0.00,50.0
183.00,22.67,-3437.20,4.66,2.561,0.00,50.0
184.00,22.88,-3434.65,4.67,2.560,0.00,50.0
185.00,23.09,-3432.10,4.67,2.558,0.00,50.0
186.00,23.30,-3429.55,4.67,2.557,0.00,50.0
187.00,23.50,-3427.00,4.68,2.556,0.00,50.0
188.00,23.71,-3424.45,4.68,2.555,0.00,50.0
189.00,23.92,-3421.91,4.68,2.554,0.00,50.0
190.00,24.13,-3419.36,4.68,2.553,0.00,50.0
191.00,24.34,-3416.82,4.69,2.552,0.00,50.0
192.00,24.55,-3414.28,4.69,2.551,0.00,50.0
193.00,24.75,-3411.74,4.69,2.550,0.00,50.0
194.00,24.96,-3409.20,4.70,2.549,0.00,50.0
195.00,25.17,-3406.66,4.70,2.548,0.00,50.0
196.00,25.38,-3404.12,4.70,2.547,0.00,50.0
197.00,25.59,-3401.58,4.70,2.546,0.00,50.0
198.00,25.80,-3399.05,4.71,2.545,0.00,50.0
199.00,26.01,-3396.51,4.71,2.544,0.00,50.0
200.00,26.21,-3393.98,4.71,2.543,0.00,50.0
201.00,26.42,-3391.44,4.71,2.542,0.00,50.0
202.00,26.63,-3388.91,4.71,2.541,0.00,50.0
203.00,26.84,-3386.38,4.72,2.541,0.00,50.0
204.00,27.05,-3383.85,4.72,2.540,0.00,50.0
205.00,27.26,-3381.32,4.72,2.539,0.00,50.0
206.00,27.47,-3378.79,4.72,2.538,0.00,50.0
207.00,27.68,-3376.26,4.72,2.537,0.00,50.0
208.00,27.88,-3373.73,4.72,2.537,0.00,50.0
209.00,28.09,-3371.20,4.73,2.536,0.00,50.0
210.00,28.30,-3368.68,4.73,2.535,0.00,50.0
211.00,28.51,-3366.15,4.73,2.535,0.00,50.0
212.00,28.72,-3363.62,4.73,2.534,0.00,50.0
213.00,28.93,-3361.10,4.73,2.533,0.00,50.0
214.00,29.14,-3358.58,4.73,2.532,0.00,50.0
215.00,29.35,-3356.05,4.73,2.532,0.00,50.0
216.00,29.56,-3353.53,4.74,2.531,0.00,50.0
217.00,29.76,-3351.01,4.74,2.531,0.00,50.0
218.00,29.97,-3348.49,4.74,2.530,0.00,50.0
219.00,30.18,-3345.97,4.74,2.529,0.00,50.0
220.00,30.39,-3343.45,4.74,2.529,0.00,50.0
221.00,30.60,-3340.93,4.74,2.528,0.00,50.0
222.00,30.81,-3338.41,4.74,2.528,0.00,50.0
223.00,31.02,-3335.89,4.74,2.527,0.00,50.0
224.00,31.23,-3333.37,4.74,2.527,0.00,50.0
225.00,31.44,-3330.85,4.75,2.526,0.00,50.0
226.00,31.64,-3328.34,4.75,2.525,0.00,50.0
227.00,31.85,-3325.82,4.75,2.525,0.00,50.0
228.00,32.06,-3323.31,4.75,2.524,0.00,50.0
229.00,32.27,-3320.79,4.75,2.524,0.00,50.0
230.00,32.48,-3318.28,4.75,2.524,0.00,50.0
231.00,32.69,-3315.76,4.75,2.523,0.00,50.0
232.00,32.90,-3313.25,4.75,2.523,0.00,50.0
233.00,33.11,-3310.73,4.75,2.522,0.00,50.0
234.00,33.32,-3308.22,4.75,2.522,0.00,50.0
235.00,33.52,-3305.71,4.75,2.521,0.00,50.0
236.00,33.73,-3303.20,4.75,2.521,0.00,50.0
237.00,33.94,-3300.68,4.75,2.520,0.00,50.0
238.00,34.15,-3298.17,4.75,2.520,0.00,50.0
239.00,34.36,-3295.66,4.75,2.520,0.00,50.0
240.00,34.57,-3293.15,4.76,2.519,0.00,50.0
241.00,34.78,-3290.64,4.76,2.519,0.00,50.0
242.00,34.99,-3288.13,4.76,2.518,0.00,50.0
243.00,35.20,-3285.62,4.76,2.518,0.00,50.0
244.00,35.40,-3283.11,4.76,2.518,0.00,50.0
245.00,35.61,-3280.60,4.76,2.517,0.00,50.0
246.00,35.82,-3278.10,4.76,2.517,0.00,50.0
247.00,36.03,-3275.59,4.76,2.517,0.00,50.0
248.00,36.24,-3273.08,4.76,2.516,0.00,50.0
249.00,36.45,-3270.57,4.76,2.516,0.00,50.0
250.00,36.66,-3268.07,4.76,2.516,0.00,50.0
251.00,36.87,-3265.56,4.76,2.515,0.00,50.0
252.00,37.07,-3263.05,4.76,2.515,0.00,50.0
253.00,37.28,-3260.55,4.76,2.515,0.00,50.0
254.00,37.49,-3258.04,4.76,2.514,0.00,50.0
255.00,37.70,-3255.54,4.76,2.514,0.00,50.0
256.00,37.91,-3253.03,4.76,2.514,0.00,50.0
257.00,38.12,-3250.53,4.76,2.514,0.00,50.0
258.00,38.33,-3248.02,4.76,2.513,0.00,50.0
259.00,38.54,-3245.52,4.76,2.513,0.00,50.0
260.00,38.74,-3243.01,4.76,2.513,0.00,50.0
261.00,38.95,-3240.51,4.76,2.513,0.00,50.0
262.00,39.16,-3238.00,4.76,2.512,0.00,50.0
263.00,39.37,-3235.50,4.76,2.512,0.00,50.0
264.00,39.58,-3233.00,4.76,2.512,0.00,50.0
265.00,39.79,-3230.50,4.76,2.512,0.00,50.0
266.00,40.00,-3227.99,4.76,2.511,0.00,50.0
267.00,40.20,-3225.49,4.77,2.511,0.00,50.0
268.00,40.41,-3222.99,4.77,2.511,0.00,50.0
269.00,40.62,-3220.49,4.77,2.511,0.00,50.0
270.00,40.83,-3217.98,4.77,2.510,0.00,50.0
271.00,41.04,-3215.48,4.77,2.510,0.00,50.0
272.00,41.25,-3212.98,4.77,2.510,0.00,50.0
273.00,41.46,-3210.48,4.77,2.510,0.00,50.0
274.00,41.66,-3207.98,4.77,2.510,0.00,50.0
275.00,41.87,-3205.48,4.77,2.509,0.00,50.0
276.00,42.08,-3202.98,4.77,2.509,0.00,50.0
277.00,42.29,-3200.48,4.77,2.509,0.00,50.0
278.00,42.50,-3197.98,4.77,2.509,0.00,50.0
279.00,42.71,-3195.48,4.77,2.509,0.00,50.0
280.00,42.92,-3192.98,4.77,2.509,0.00,50.0
281.00,43.12,-3190.48,4.77,2.508,0.00,50.0
282.00,43.33,-3187.98,4.77,2.508,0.00,50.0
283.00,43.54,-3185.48,4.77,2.508,0.00,50.0
284.00,43.75,-3182.98,4.77,2.508,0.00,50.0
285.00,43.96,-3180.48,4.77,2.508,0.00,50.0
286.00,44.17,-3177.98,4.77,2.508,0.00,50.0
287.00,44.37,-3175.48,4.77,2.507,0.00,50.0
288.00,44.58,-3172.98,4.77,2.507,0.00,50.0
289.00,44.79,-3170.49,4.77,2.507,0.00,50.0
290.00,45.00,-3167.99,4.77,2.507,0.00,50.0
291.00,45.21,-3165.49,4.77,2.507,0.00,50.0
292.00,45.42,-3162.99,4.77,2.507,0.00,50.0
293.00,45.62,-3160.49,4.77,2.507,0.00,50.0
294.00,45.83,-3157.99,4.77,2.506,0.00,50.0
295.00,46.04,-3155.50,4.77,2.506,0.00,50.0
296.00,46.25,-3153.00,4.77,2.506,0.00,50.0
297.00,46.46,-3150.50,4.77,2.506,0.00,50.0
298.00,46.67,-3148.01,4.77,2.506,0.00,50.0
299.00,46.87,-3145.51,4.77,2.506,0.00,50.0
300.00,47.08,-3143.01,4.77,2.506,0.00,50.0
301.00,47.29,-3140.51,4.77,2.506,0.00,50.0
302.00,47.50,-3138.02,4.77,2.505,0.00,50.0
303.00,47.71,-3135.52,4.77,2.505,0.00,50.0
304.00,47.92,-3133.02,4.77,2.505,0.00,50.0
305.00,48.12,-3130.53,4.77,2.505,0.00,50.0
306.00,48.33,-3128.03,4.77,2.505,0.00,50.0
307.00,48.54,-3125.53,4.77,2.505,0.00,50.0
308.00,48.75,-3123.04,4.77,2.505,0.00,50.0
309.00,48.96,-3120.54,4.77,2.505,0.00,50.0
310.00,49.17,-3118.05,4.77,2.505,0.00,50.0
311.00,49.37,-3115.55,4.77,2.505,0.00,50.0
312.00,49.58,-3113.05,4.77,2.504,0.00,50.0
313.00,49.79,-3110.56,4.77,2.504,0.00,50.0
314.00,50.00,-3108.06,4.77,2.504,0.00,50.0
315.00,50.21,-3105.57,4.77,2.504,0.00,50.0
316.00,50.42,-3103.07,4.77,2.504,0.00,50.0
317.00,50.62,-3100.58,4.77,2.504,0.00,50.0
318.00,50.83,-3098.08,4.77,2.504,0.00,50.0
319.00,51.04,-3095.59,4.77,2.504,0.00,50.0
320.00,51.25,-3093.09,4.77,2.504,0.00,50.0
321.00,51.46,-3090.60,4.77,2.504,0.00,50.0
322.00,51.66,-3088.10,4.77,2.504,0.00,50.0
323.00,51.87,-3085.61,4.77,2.504,0.00,50.0
324.00,52.08,-3083.11,4.77,2.504,0.00,50.0
325.00,52.29,-3080.62,4.77,2.503,0.00,50.0
326.00,52.50,-3078.12,4.77,2.503,0.00,50.0
327.00,52.71,-3075.63,4.77,2.503,0.00,50.0
328.00,52.91,-3073.13,4.77,2.503,0.00,50.0
329.00,53.12,-3070.64,4.77,2.503,0.00,50.0
330.00,53.33,-3068.14,4.77,2.503,0.00,50.0
331.00,53.54,-3065.65,4.77,2.503,0.00,50.0
332.00,53.75,-3063.16,4.77,2.503,0.00,50.0
333.00,53.96,-3060.66,4.77,2.503,0.00,50.0
334.00,54.16,-3058.17,4.77,2.503,0.00,50.0
335.00,54.37,-3055.67,4.77,2.503,0.00,50.0
336.00,54.58,-3053.18,4.77,2.503,0.00,50.0
337.00,54.79,-3050.68,4.77,2.503,0.00,50.0
338.00,55.00,-3048.19,4.77,2.503,0.00,50.0
339.00,55.20,-3045.70,4.77,2.503,0.00,50.0
340.00,55.41,-3043.20,4.77,2.503,0.00,50.0
341.00,55.62,-3040.71,4.77,2.502,0.00,50.0
342.00,55.83,-3038.22,4.77,2.502,0.00,50.0
343.00,56.04,-3035.72,4.77,2.502,0.00,50.0
344.00,56.24,-3033.23,4.77,2.502,0.00,50.0
345.00,56.45,-3030.73,4.77,2.502,0.00,50.0
346.00,56.66,-3028.24,4.77,2.502,0.00,50.0
347.00,56.87,-3025.75,4.77,2.502,0.00,50.0
348.00,57.08,-3023.25,4.77,2.502,0.00,50.0
349.00,57.29,-3020.76,4.77,2.502,0.00,50.0
350.00,57.49,-3018.27,4.77,2.502,0.00,50.0
351.00,57.70,-3015.77,4.77,2.502,0.00,50.0
352.00,57.91,-3013.28,4.77,2.502,0.00,50.0
353.00,58.12,-3010.79,4.77,2.502,0.00,50.0
354.00,58.33,-3008.29,4.77,2.502,0.00,50.0
355.00,58.53,-3005.80,4.77,2.502,0.00,50.0
356.00,58.74,-3003.31,4.77,2.502,0.00,50.0
357.00,58.95,-3000.81,4.77,2.502,0.00,50.0
358.00,59.16,-2998.32,4.77,2.502,0.00,50.0
359.00,59.37,-2995.83,4.77,2.502,0.00,50.0
360.00,59.57,-2993.33,4.77,2.502,0.00,50.0
361.00,59.78,-2990.84,4.77,2.502,0.00,50.0
362.00,59.99,-2988.35,4.77,2.502,0.00,50.0
363.00,60.20,-2985.86,4.77,2.502,0.00,50.0
364.00,60.41,-2983.36,4.77,2.502,0.00,50.0
365.00,60.61,-2980.87,4.77,2.502,0.00,50.0
366.00,60.82,-2978.38,4.77,2.502,0.00,50.0
367.00,61.03,-2975.88,4.77,2.501,0.00,50.0
368.00,61.24,-2973.39,4.77,2.501,0.00,50.0
369.00,61.45,-2970.90,4.77,2.501,0.00,50.0
370.00,61.65,-2968.41,4.77,2.501,0.00,50.0
371.00,61.86,-2965.91,4.77,2.501,0.00,50.0
372.00,62.07,-2963.42,4.77,2.501,0.00,50.0
373.00,62.28,-2960.93,4.77,2.501,0.00,50.0
374.00,62.49,-2958.44,4.77,2.501,0.00,50.0
375.00,62.70,-2955.94,4.77,2.501,0.00,50.0
376.00,62.90,-2953.45,4.77,2.501,0.00,50.0
377.00,63.11,-2950.96,4.77,2.501,0.00,50.0
378.00,63.32,-2948.47,4.77,2.501,0.00,50.0
379.00,63.53,-2945.97,4.77,2.501,0.00,50.0
380.00,63.74,-2943.48,4.77,2.501,0.00,50.0
381.00,63.94,-2940.99,4.77,2.501,0.00,50.0
382.00,64.15,-2938.50,4.77,2.501,0.00,50.0
383.00,64.36,-2936.00,4.77,2.501,0.00,50.0
384.00,64.57,-2933.51,4.77,2.501,0.00,50.0
385.00,64.78,-2931.02,4.77,2.501,0.00,50.0
386.00,64.98,-2928.53,4.77,2.501,0.00,50.0
387.00,65.19,-2926.03,4.77,2.501,0.00,50.0
388.00,65.40,-2923.54,4.77,2.501,0.00,50.0
389.00,65.61,-2921.05,4.77,2.501,0.00,50.0
390.00,65.82,-2918.56,4.77,2.501,0.00,50.0
391.00,66.02,-2916.06,4.77,2.501,0.00,50.0
392.00,66.23,-2913.57,4.77,2.501,0.00,50.0
393.00,66.44,-2911.08,4.77,2.501,0.00,50.0
394.00,66.65,-2908.59,4.77,2.501,0.00,50.0
395.00,66.86,-2906.10,4.77,2.501,0.00,50.0
396.00,67.06,-2903.60,4.77,2.501,0.00,50.0
397.00,67.27,-2901.11,4.77,2.501,0.00,50.0
398.00,67.48,-2898.62,4.77,2.501,0.00,50.0
399.00,67.69,-2896.13,4.77,2.501,0.00,50.0
400.00,67.90,-2893.64,4.77,2.501,0.00,50.0
401.00,68.10,-2891.14,4.77,2.501,0.00,50.0
402.00,68.31,-2888.65,4.77,2.501,0.00,50.0
403.00,68.52,-2886.16,4.77,2.501,0.00,50.0
404.00,68.73,-2883.67,4.77,2.501,0.00,50.0
405.00,68.94,-2881.17,4.77,2.501,0.00,50.0
406.00,69.14,-2878.68,4.77,2.501,0.00,50.0
407.00,69.35,-2876.19,4.77,2.501,0.00,50.0
408.00,69.56,-2873.70,4.77,2.501,0.00,50.0
409.00,69.77,-2871.21,4.77,2.501,0.00,50.0
410.00,69.98,-2868.71,4.77,2.501,0.00,50.0
411.00,70.18,-2866.22,4.77,2.501,0.00,50.0
412.00,70.39,-2863.73,4.77,2.501,0.00,50.0
413.00,70.60,-2861.24,4.77,2.501,0.00,50.0
414.00,70.81,-2858.75,4.77,2.501,0.00,50.0
415.00,71.02,-2856.26,4.77,2.501,0.00,50.0
416.00,71.22,-2853.76,4.77,2.501,0.00,50.0
417.00,71.43,-2851.27,4.77,2.501,0.00,50.0
418.00,71.64,-2848.78,4.77,2.501,0.00,50.0
419.00,71.85,-2846.29,4.77,2.501,0.00,50.0
420.00,72.06,-2843.80,4.77,2.501,0.00,50.0
421.00,72.26,-2841.30,4.77,2.500,0.00,50.0
422.00,72.47,-2838.81,4.77,2.500,0.00,50.0
423.00,72.68,-2836.32,4.77,2.500,0.00,50.0
424.00,72.89,-2833.83,4.77,2.500,0.00,50.0
425.00,73.10,-2831.34,4.77,2.500,0.00,50.0
426.00,73.30,-2828.85,4.77,2.500,0.00,50.0
427.00,73.51,-2826.35,4.77,2.500,0.00,50.0
428.00,73.72,-2823.86,4.77,2.500,0.00,50.0
429.00,73.93,-2821.37,4.77,2.500,0.00,50.0
430.00,74.14,-2818.88,4.77,2.500,0.00,50.0
431.00,74.34,-2816.39,4.77,2.500,0.00,50.0
432.00,74.55,-2813.89,4.77,2.500,0.00,50.0
433.00,74.76,-2811.40,4.77,2.500,0.00,50.0
434.00,74.97,-2808.91,4.77,2.500,0.00,50.0
435.00,75.18,-2806.42,4.77,2.500,0.00,50.0
436.00,75.38,-2803.93,4.77,2.500,0.00,50.0
437.00,75.59,-2801.44,4.77,2.500,0.00,50.0
438.00,75.80,-2798.94,4.77,2.500,0.00,50.0
439.00,76.01,-2796.45,4.77,2.500,0.00,50.0
440.00,76.22,-2793.96,4.77,2.500,0.00,50.0
441.00,76.42,-2791.47,4.77,2.500,0.00,50.0
442.00,76.63,-2788.98,4.77,2.500,0.00,50.0
443.00,76.84,-2786.49,4.77,2.500,0.00,50.0
444.00,77.05,-2783.99,4.77,2.500,0.00,50.0
445.00,77.26,-2781.50,4.77,2.500,0.00,50.0
446.00,77.46,-2779.01,4.77,2.500,0.00,50.0
447.00,77.67,-2776.52,4.77,2.500,0.00,50.0
448.00,77.88,-2774.03,4.77,2.500,0.00,50.0
449.00,78.09,-2771.54,4.77,2.500,0.00,50.0
450.00,78.30,-2769.04,4.77,2.500,0.00,50.0
451.00,78.50,-2766.55,4.77,2.500,0.00,50.0
452.00,78.71,-2764.06,4.77,2.500,0.00,50.0
453.00,78.92,-2761.57,4.77,2.500,0.00,50.0
454.00,79.13,-2759.08,4.77,2.500,5.00,50.0
455.00,79.34,-2756.59,4.77,2.500,5.00,50.0
456.00,79.54,-2754.10,4.78,2.500,5.00,50.0
457.00,79.75,-2751.60,4.78,2.500,5.00,50.0
458.00,79.96,-2749.11,4.79,2.500,5.00,50.0
459.00,80.17,-2746.62,4.79,2.500,5.00,50.0
460.00,80.38,-2744.13,4.80,2.500,5.00,50.0
461.00,80.59,-2741.64,4.80,2.500,5.00,50.0
462.00,80.80,-2739.15,4.81,2.500,5.00,50.0
463.00,81.01,-2736.65,4.82,2.500,5.00,50.0
464.00,81.22,-2734.16,4.83,2.500,5.00,50.0
465.00,81.43,-2731.67,4.84,2.500,5.00,50.0
466.00,81.64,-2729.18,4.85,2.500,5.00,50.0
467.00,81.85,-2726.69,4.86,2.500,5.00,50.0
468.00,82.06,-2724.20,4.87,2.500,5.00,50.0
469.00,82.27,-2721.71,4.88,2.500,5.00,50.0
470.00,82.48,-2719.22,4.90,2.500,10.00,50.0
471.00,82.70,-2716.72,4.91,2.500,10.00,50.0
472.00,82.91,-2714.23,4.93,2.500,10.00,50.0
473.00,83.13,-2711.74,4.94,2.500,10.00,50.0
474.00,83.34,-2709.25,4.96,2.500,10.00,50.0
475.00,83.56,-2706.76,4.98,2.500,10.00,50.0
476.00,83.78,-2704.27,5.00,2.500,10.00,50.0
477.00,83.99,-2701.78,5.03,2.500,10.00,50.0
478.00,84.21,-2699.29,5.05,2.500,10.00,50.0
479.00,84.43,-2696.80,5.08,2.500,10.00,50.0
480.00,84.65,-2694.31,5.10,2.500,10.00,50.0
481.00,84.88,-2691.82,5.13,2.500,10.00,50.0
482.00,85.10,-2689.33,5.16,2.500,10.00,50.0
483.00,85.32,-2686.84,5.19,2.500,10.00,50.0
484.00,85.55,-2684.35,5.22,2.500,5.00,50.0
485.00,85.78,-2681.86,5.24,2.500,5.00,50.0
486.00,86.01,-2679.37,5.27,2.500,5.00,50.0
487.00,86.24,-2676.88,5.30,2.500,5.00,50.0
488.00,86.47,-2674.39,5.33,2.500,5.00,50.0
489.00,86.70,-2671.90,5.36,2.500,5.00,50.0
490.00,86.93,-2669.41,5.39,2.500,5.00,50.0
491.00,87.17,-2666.92,5.42,2.500,5.00,50.0
492.00,87.40,-2664.43,5.45,2.500,5.00,50.0
493.00,87.64,-2661.94,5.48,2.500,5.00,50.0
494.00,87.88,-2659.46,5.51,2.500,5.00,50.0
495.00,88.12,-2656.97,5.53,2.500,5.00,50.0
496.00,88.36,-2654.48,5.56,2.500,5.00,50.0
497.00,88.60,-2651.99,5.59,2.500,5.00,50.0
498.00,88.85,-2649.50,5.62,2.500,5.00,50.0
499.00,89.09,-2647.01,5.65,2.500,0.00,50.0
500.00,89.34,-2644.53,5.68,2.500,0.00,50.0
501.00,89.59,-2642.04,5.70,2.500,0.00,50.0
502.00,89.83,-2639.55,5.73,2.500,0.00,50.0
503.00,90.08,-2637.06,5.75,2.500,0.00,50.0
504.00,90.33,-2634.58,5.77,2.500,0.00,50.0
505.00,90.59,-2632.09,5.80,2.500,0.00,50.0
506.00,90.84,-2629.60,5.82,2.500,0.00,50.0
507.00,91.09,-2627.11,5.84,2.500,0.00,50.0
508.00,91.35,-2624.63,5.86,2.500,0.00,50.0
509.00,91.60,-2622.14,5.88,2.500,0.00,50.0
510.00,91.86,-2619.65,5.90,2.500,0.00,50.0
511.00,92.11,-2617.17,5.92,2.500,0.00,50.0
512.00,92.37,-2614.68,5.94,2.500,0.00,50.0
513.00,92.63,-2612.19,5.95,2.500,0.00,50.0
514.00,92.89,-2609.71,5.97,2.500,0.00,50.0
515.00,93.15,-2607.22,5.99,2.500,0.00,50.0
516.00,93.41,-2604.73,6.00,2.500,0.00,50.0
517.00,93.67,-2602.25,6.02,2.500,0.00,50.0
518.00,93.93,-2599.76,6.03,2.500,0.00,50.0
519.00,94.20,-2597.27,6.05,2.500,0.00,50.0
520.00,94.46,-2594.79,6.06,2.500,0.00,50.0
521.00,94.72,-2592.30,6.07,2.500,0.00,50.0
522.00,94.99,-2589.82,6.09,2.500,0.00,50.0
523.00,95.25,-2587.33,6.10,2.500,0.00,50.0
524.00,95.52,-2584.84,6.11,2.500,0.00,50.0
525.00,95.79,-2582.36,6.12,2.500,0.00,50.0
526.00,96.05,-2579.87,6.13,2.500,0.00,50.0
527.00,96.32,-2577.39,6.14,2.500,0.00,50.0
528.00,96.59,-2574.90,6.15,2.500,0.00,50.0
529.00,96.85,-2572.42,6.16,2.500,0.00,50.0
530.00,97.12,-2569.93,6.17,2.500,0.00,50.0
531.00,97.39,-2567.44,6.18,2.500,0.00,50.0
532.00,97.66,-2564.96,6.19,2.500,0.00,50.0
533.00,97.93,-2562.47,6.20,2.500,0.00,50.0
534.00,98.20,-2559.99,6.21,2.500,0.00,50.0
535.00,98.47,-2557.50,6.22,2.500,0.00,50.0
536.00,98.74,-2555.02,6.23,2.500,0.00,50.0
537.00,99.01,-2552.53,6.23,2.500,0.00,50.0
538.00,99.29,-2550.05,6.24,2.500,0.00,50.0
539.00,99.56,-2547.56,6.25,2.500,0.00,50.0
540.00,99.83,-2545.08,6.26,2.500,0.00,50.0
541.00,100.10,-2542.59,6.26,2.500,0.00,50.0
542.00,100.37,-2540.11,6.27,2.500,0.00,50.0
543.00,100.65,-2537.62,6.28,2.500,0.00,50.0
544.00,100.92,-2535.14,6.28,2.500,0.00,50.0
545.00,101.19,-2532.65,6.29,2.500,0.00,50.0
546.00,101.47,-2530.17,6.29,2.500,0.00,50.0
547.00,101.74,-2527.68,6.30,2.500,0.00,50.0
548.00,102.02,-2525.20,6.30,2.500,0.00,50.0
549.00,102.29,-2522.71,6.31,2.500,0.00,50.0
550.00,102.57,-2520.23,6.31,2.500,0.00,50.0
551.00,102.84,-2517.74,6.32,2.500,0.00,50.0
552.00,103.12,-2515.26,6.32,2.500,0.00,50.0
553.00,103.39,-2512.77,6.33,2.500,0.00,50.0
554.00,103.67,-2510.29,6.33,2.500,0.00,50.0
555.00,103.94,-2507.80,6.34,2.500,0.00,50.0
556.00,104.22,-2505.32,6.34,2.500,0.00,50.0
557.00,104.49,-2502.83,6.34,2.500,0.00,50.0
558.00,104.77,-2500.35,6.35,2.500,0.00,50.0
559.00,105.05,-2497.86,6.35,2.500,0.00,50.0
560.00,105.32,-2495.38,6.35,2.500,0.00,50.0
561.00,105.60,-2492.89,6.36,2.500,0.00,50.0
562.00,105.88,-2490.41,6.36,2.500,0.00,50.0
563.00,106.15,-2487.92,6.36,2.500,0.00,50.0
564.00,106.43,-2485.44,6.37,2.500,0.00,50.0
565.00,106.71,-2482.95,6.37,2.500,0.00,50.0
566.00,106.99,-2480.47,6.37,2.500,0.00,50.0
567.00,107.26,-2477.99,6.38,2.500,0.00,50.0
568.00,107.54,-2475.50,6.38,2.500,0.00,50.0
569.00,107.82,-2473.02,6.38,2.500,0.00,50.0
570.00,108.10,-2470.53,6.38,2.500,0.00,50.0
571.00,108.37,-2468.05,6.39,2.500,0.00,50.0
572.00,108.65,-2465.56,6.39,2.500,0.00,50.0
573.00,108.93,-2463.08,6.39,2.500,0.00,50.0
574.00,109.21,-2460.59,6.39,2.500,0.00,50.0
575.00,109.49,-2458.11,6.40,2.500,0.00,50.0
576.00,109.77,-2455.62,6.40,2.500,0.00,50.0
577.00,110.04,-2453.14,6.40,2.500,0.00,50.0
578.00,110.32,-2450.66,6.40,2.500,0.00,50.0
579.00,110.60,-2448.17,6.40,2.500,0.00,50.0
580.00,110.88,-2445.69,6.41,2.500,0.00,50.0
581.00,111.16,-2443.20,6.41,2.500,0.00,50.0
582.00,111.44,-2440.72,6.41,2.500,0.00,50.0
583.00,111.72,-2438.23,6.41,2.500,0.00,50.0
584.00,112.00,-2435.75,6.41,2.500,0.00,50.0
585.00,112.28,-2433.27,6.41,2.500,0.00,50.0
586.00,112.56,-2430.78,6.41,2.500,0.00,50.0
587.00,112.83,-2428.30,6.42,2.500,0.00,50.0
588.00,113.11,-2425.81,6.42,2.500,0.00,50.0
589.00,113.39,-2423.33,6.42,2.500,0.00,50.0
590.00,113.67,-2420.84,6.42,2.500,0.00,50.0
591.00,113.95,-2418.36,6.42,2.500,0.00,50.0
592.00,114.23,-2415.87,6.42,2.500,0.00,50.0
593.00,114.51,-2413.39,6.42,2.500,0.00,50.0
594.00,114.79,-2410.91,6.42,2.500,0.00,50.0
595.00,115.07,-2408.42,6.43,2.500,0.00,50.0
596.00,115.35,-2405.94,6.43,2.500,0.00,50.0
597.00,115.63,-2403.45,6.43,2.500,0.00,50.0
598.00,115.91,-2400.97,6.43,2.500,0.00,50.0
599.00,116.19,-2398.48,6.43,2.500,0.00,50.0
600.00,116.47,-2396.00,6.43,2.500,0.00,50.0
601.00,116.75,-2393.52,6.43,2.500,0.00,50.0
602.00,117.03,-2391.03,6.43,2.500,0.00,50.0
603.00,117.31,-2388.55,6.43,2.500,0.00,50.0
604.00,117.59,-2386.06,6.43,2.500,0.00,50.0
605.00,117.87,-2383.58,6.43,2.500,0.00,50.0
606.00,118.15,-2381.09,6.44,2.500,0.00,50.0
607.00,118.43,-2378.61,6.44,2.500,0.00,50.0
608.00,118.71,-2376.13,6.44,2.500,0.00,50.0
609.00,118.99,-2373.64,6.44,2.500,0.00,50.0
610.00,119.27,-2371.16,6.44,2.500,0.00,50.0
611.00,119.55,-2368.67,6.44,2.500,0.00,50.0
612.00,119.83,-2366.19,6.44,2.500,0.00,50.0
613.00,120.11,-2363.70,6.44,2.500,0.00,50.0
614.00,120.39,-2361.22,6.44,2.500,0.00,50.0
615.00,120.67,-2358.74,6.44,2.500,0.00,50.0
616.00,120.95,-2356.25,6.44,2.500,0.00,50.0
617.00,121.24,-2353.77,6.44,2.500,0.00,50.0
618.00,121.52,-2351.28,6.44,2.500,0.00,50.0
619.00,121.80,-2348.80,6.44,2.500,0.00,50.0
620.00,122.08,-2346.32,6.44,2.500,0.00,50.0
621.00,122.36,-2343.83,6.44,2.500,0.00,50.0
622.00,122.64,-2341.35,6.45,2.500,5.00,50.0
623.00,122.92,-2338.86,6.45,2.500,5.00,50.0
624.00,123.20,-2336.38,6.45,2.500,5.00,50.0
625.00,123.48,-2333.89,6.46,2.500,5.00,50.0
626.00,123.76,-2331.41,6.46,2.500,5.00,50.0
627.00,124.04,-2328.93,6.47,2.500,5.00,50.0
628.00,124.32,-2326.44,6.47,2.500,5.00,50.0
629.00,124.61,-2323.96,6.48,2.500,5.00,50.0
630.00,124.89,-2321.47,6.49,2.500,5.00,50.0
631.00,125.17,-2318.99,6.50,2.500,5.00,50.0
632.00,125.45,-2316.51,6.50,2.500,5.00,50.0
633.00,125.74,-2314.02,6.51,2.500,5.00,50.0
634.00,126.02,-2311.54,6.52,2.500,5.00,50.0
635.00,126.30,-2309.05,6.54,2.500,5.00,50.0
636.00,126.59,-2306.57,6.55,2.500,5.00,50.0
637.00,126.87,-2304.09,6.56,2.500,5.00,50.0
638.00,127.16,-2301.60,6.57,2.500,5.00,50.0
639.00,127.44,-2299.13,6.59,2.490,10.00,40.0
640.00,127.73,-2296.67,6.60,2.480,10.00,40.0
641.00,128.01,-2294.21,6.62,2.471,10.00,40.0
642.00,128.30,-2291.77,6.64,2.461,10.00,40.0
643.00,128.58,-2289.33,6.66,2.452,10.00,40.0
644.00,128.86,-2286.90,6.68,2.443,10.00,40.0
645.00,129.15,-2284.49,6.70,2.434,10.00,40.0
646.00,129.43,-2282.08,6.72,2.425,10.00,40.0
647.00,129.71,-2279.68,6.75,2.417,10.00,40.0
648.00,130.00,-2277.29,6.77,2.409,10.00,40.0
649.00,130.28,-2274.90,6.80,2.400,10.00,40.0
650.00,130.56,-2272.53,6.83,2.392,10.00,40.0
651.00,130.85,-2270.16,6.86,2.385,10.00,40.0
652.00,131.13,-2267.79,6.89,2.387,5.00,50.0
653.00,131.42,-2265.42,6.91,2.389,5.00,50.0
654.00,131.70,-2263.04,6.94,2.391,5.00,50.0
655.00,131.99,-2260.67,6.97,2.393,5.00,50.0
656.00,132.28,-2258.29,7.00,2.396,5.00,50.0
657.00,132.58,-2255.91,7.03,2.398,5.00,50.0
658.00,132.87,-2253.53,7.06,2.400,5.00,50.0
659.00,133.17,-2251.15,7.09,2.402,5.00,50.0
660.00,133.46,-2248.76,7.11,2.404,5.00,50.0
661.00,133.76,-2246.37,7.14,2.406,5.00,50.0
662.00,134.06,-2243.98,7.17,2.408,5.00,50.0
663.00,134.36,-2241.59,7.20,2.409,5.00,50.0
664.00,134.66,-2239.20,7.23,2.411,5.00,50.0
665.00,134.97,-2236.81,7.26,2.413,5.00,50.0
666.00,135.27,-2234.41,7.28,2.415,0.00,50.0
667.00,135.58,-2232.01,7.31,2.416,0.00,50.0
668.00,135.89,-2229.62,7.34,2.418,0.00,50.0
669.00,136.19,-2227.22,7.36,2.420,0.00,50.0
670.00,136.50,-2224.82,7.39,2.421,0.00,50.0
671.00,136.82,-2222.41,7.41,2.423,0.00,50.0
672.00,137.13,-2220.01,7.43,2.424,0.00,50.0
673.00,137.44,-2217.60,7.45,2.426,0.00,50.0
674.00,137.76,-2215.20,7.47,2.427,0.00,50.0
675.00,138.07,-2212.79,7.50,2.429,0.00,50.0
676.00,138.39,-2210.38,7.51,2.430,0.00,50.0
677.00,138.71,-2207.97,7.53,2.432,0.00,50.0
678.00,139.03,-2205.56,7.55,2.433,0.00,50.0
679.00,139.35,-2203.14,7.57,2.434,0.00,50.0
680.00,139.67,-2200.73,7.59,2.436,0.00,50.0
681.00,139.99,-2198.31,7.60,2.437,0.00,50.0
682.00,140.31,-2195.89,7.62,2.438,0.00,50.0
683.00,140.64,-2193.48,7.64,2.439,0.00,50.0
684.00,140.96,-2191.06,7.65,2.441,0.00,50.0
685.00,141.29,-2188.64,7.67,2.442,0.00,50.0
686.00,141.61,-2186.22,7.68,2.443,0.00,50.0
687.00,141.94,-2183.79,7.69,2.444,0.00,50.0
688.00,142.27,-2181.37,7.71,2.445,0.00,50.0
689.00,142.59,-2178.95,7.72,2.446,0.00,50.0
690.00,142.92,-2176.52,7.73,2.447,0.00,50.0
691.00,143.25,-2174.09,7.74,2.449,0.00,50.0
692.00,143.58,-2171.67,7.75,2.450,0.00,50.0
693.00,143.91,-2169.24,7.76,2.451,0.00,50.0
694.00,144.24,-2166.81,7.78,2.452,0.00,50.0
695.00,144.57,-2164.38,7.79,2.453,0.00,50.0
696.00,144.91,-2161.95,7.80,2.453,0.00,50.0
697.00,145.24,-2159.52,7.81,2.454,0.00,50.0
698.00,145.57,-2157.09,7.81,2.455,0.00,50.0
699.00,145.91,-2154.65,7.82,2.456,0.00,50.0
700.00,146.24,-2152.22,7.83,2.457,0.00,50.0
701.00,146.58,-2149.78,7.84,2.458,0.00,50.0
702.00,146.91,-2147.35,7.85,2.459,0.00,50.0
703.00,147.25,-2144.91,7.86,2.460,0.00,50.0
704.00,147.58,-2142.47,7.86,2.460,0.00,50.0
705.00,147.92,-2140.04,7.87,2.461,0.00,50.0
706.00,148.26,-2137.60,7.88,2.462,0.00,50.0
707.00,148.60,-2135.16,7.89,2.463,0.00,50.0
708.00,148.93,-2132.72,7.89,2.463,0.00,50.0
709.00,149.27,-2130.28,7.90,2.464,0.00,50.0
710.00,149.61,-2127.83,7.91,2.465,0.00,50.0
711.00,149.95,-2125.39,7.91,2.466,0.00,50.0
712.00,150.29,-2122.95,7.92,2.466,0.00,50.0
713.00,150.63,-2120.51,7.92,2.467,5.00,50.0
714.00,150.97,-2118.06,7.93,2.468,5.00,50.0
715.00,151.31,-2115.62,7.94,2.468,5.00,50.0
716.00,151.65,-2113.17,7.95,2.469,5.00,50.0
717.00,151.99,-2110.73,7.96,2.470,5.00,50.0
718.00,152.34,-2108.28,7.97,2.470,5.00,50.0
719.00,152.68,-2105.83,7.98,2.471,5.00,50.0
720.00,153.02,-2103.38,7.99,2.471,5.00,50.0
721.00,153.36,-2100.94,8.00,2.472,5.00,50.0
722.00,153.71,-2098.49,8.01,2.472,5.00,50.0
723.00,154.05,-2096.04,8.03,2.473,5.00,50.0
724.00,154.40,-2093.59,8.04,2.474,5.00,50.0
725.00,154.74,-2091.14,8.05,2.474,5.00,50.0
726.00,155.09,-2088.69,8.07,2.475,5.00,50.0
727.00,155.44,-2086.24,8.08,2.475,5.00,50.0
728.00,155.79,-2083.79,8.10,2.476,5.00,50.0
729.00,156.14,-2081.34,8.11,2.476,10.00,50.0
730.00,156.48,-2078.89,8.13,2.477,10.00,50.0
731.00,156.84,-2076.43,8.15,2.477,10.00,50.0
732.00,157.19,-2073.98,8.17,2.478,10.00,50.0
733.00,157.54,-2071.53,8.19,2.478,10.00,50.0
734.00,157.89,-2069.07,8.22,2.478,10.00,50.0
735.00,158.25,-2066.62,8.24,2.479,10.00,50.0
736.00,158.60,-2064.17,8.27,2.479,10.00,50.0
737.00,158.96,-2061.71,8.29,2.480,10.00,50.0
738.00,159.32,-2059.26,8.32,2.480,10.00,50.0
739.00,159.68,-2056.81,8.35,2.480,10.00,50.0
740.00,160.04,-2054.35,8.38,2.481,10.00,50.0
741.00,160.40,-2051.90,8.41,2.481,10.00,50.0
742.00,160.76,-2049.44,8.44,2.482,10.00,50.0
743.00,161.12,-2046.99,8.47,2.482,10.00,50.0
744.00,161.49,-2044.53,8.50,2.482,10.00,50.0
745.00,161.86,-2042.08,8.54,2.483,15.00,50.0
746.00,162.23,-2039.62,8.58,2.483,15.00,50.0
747.00,162.60,-2037.16,8.61,2.483,15.00,50.0
748.00,162.97,-2034.71,8.65,2.484,15.00,50.0
749.00,163.34,-2032.25,8.69,2.484,15.00,50.0
750.00,163.72,-2029.80,8.74,2.484,15.00,50.0
751.00,164.09,-2027.34,8.78,2.485,15.00,50.0
752.00,164.47,-2024.89,8.83,2.485,15.00,50.0
753.00,164.86,-2022.43,8.87,2.485,15.00,50.0
754.00,165.24,-2019.97,8.92,2.486,15.00,50.0
755.00,165.62,-2017.52,8.97,2.486,15.00,50.0
756.00,166.01,-2015.06,9.02,2.486,15.00,50.0
757.00,166.40,-2012.61,9.07,2.486,15.00,50.0
758.00,166.79,-2010.15,9.13,2.487,15.00,50.0
759.00,167.19,-2007.70,9.18,2.487,15.00,50.0
760.00,167.59,-2005.24,9.23,2.487,15.00,50.0
761.00,167.98,-2002.78,9.29,2.487,15.00,50.0
762.00,168.39,-2000.33,9.35,2.488,15.00,50.0
763.00,168.79,-1997.87,9.41,2.488,20.00,50.0
764.00,169.20,-1995.42,9.47,2.488,20.00,50.0
765.00,169.61,-1992.97,9.53,2.488,20.00,50.0
766.00,170.02,-1990.51,9.59,2.489,20.00,50.0
767.00,170.43,-1988.06,9.66,2.489,20.00,50.0
768.00,170.85,-1985.60,9.73,2.489,20.00,50.0
769.00,171.27,-1983.15,9.80,2.489,20.00,50.0
770.00,171.69,-1980.70,9.87,2.490,20.00,50.0
771.00,172.12,-1978.24,9.94,2.490,20.00,50.0
772.00,172.55,-1975.79,10.01,2.490,20.00,50.0
773.00,172.98,-1973.34,10.09,2.490,20.00,50.0
774.00,173.42,-1970.89,10.16,2.490,20.00,50.0
775.00,173.86,-1968.43,10.24,2.491,20.00,50.0
776.00,174.30,-1965.98,10.32,2.491,20.00,50.0
777.00,174.75,-1963.53,10.40,2.491,20.00,50.0
778.00,175.20,-1961.08,10.48,2.491,15.00,50.0
779.00,175.65,-1958.63,10.56,2.491,15.00,50.0
780.00,176.11,-1956.18,10.64,2.491,15.00,50.0
781.00,176.57,-1953.74,10.72,2.492,15.00,50.0
782.00,177.03,-1951.29,10.80,2.492,15.00,50.0
783.00,177.50,-1948.84,10.88,2.492,15.00,50.0
784.00,177.97,-1946.39,10.96,2.492,15.00,50.0
785.00,178.44,-1943.94,11.04,2.492,15.00,50.0
786.00,178.92,-1941.50,11.13,2.492,15.00,50.0
787.00,179.40,-1939.05,11.21,2.493,15.00,50.0
788.00,179.89,-1936.61,11.29,2.493,15.00,50.0
789.00,180.37,-1934.16,11.37,2.493,15.00,50.0
790.00,180.87,-1931.72,11.45,2.493,15.00,50.0
791.00,181.36,-1929.28,11.53,2.493,15.00,50.0
792.00,181.86,-1926.83,11.62,2.493,10.00,50.0
793.00,182.36,-1924.39,11.70,2.493,10.00,50.0
794.00,182.87,-1921.95,11.78,2.494,10.00,50.0
795.00,183.38,-1919.51,11.85,2.494,10.00,50.0
796.00,183.89,-1917.07,11.93,2.494,10.00,50.0
797.00,184.40,-1914.63,12.01,2.494,10.00,50.0
798.00,184.92,-1912.19,12.09,2.494,10.00,50.0
799.00,185.44,-1909.75,12.16,2.494,10.00,50.0
800.00,185.97,-1907.31,12.24,2.494,10.00,50.0
801.00,186.50,-1904.87,12.31,2.494,10.00,50.0
802.00,187.03,-1902.43,12.39,2.495,10.00,50.0
803.00,187.57,-1900.00,12.46,2.495,10.00,50.0
804.00,188.10,-1897.56,12.54,2.495,10.00,50.0
805.00,188.65,-1895.13,12.61,2.495,10.00,50.0
806.00,189.19,-1892.69,12.68,2.495,10.00,50.0
807.00,189.74,-1890.26,12.75,2.495,15.00,50.0
808.00,190.29,-1887.82,12.83,2.495,15.00,50.0
809.00,190.84,-1885.39,12.90,2.495,15.00,50.0
810.00,191.40,-1882.96,12.97,2.495,15.00,50.0
811.00,191.96,-1880.53,13.05,2.495,15.00,50.0
812.00,192.52,-1878.10,13.12,2.496,15.00,50.0
813.00,193.09,-1875.67,13.20,2.496,15.00,50.0
814.00,193.66,-1873.24,13.27,2.496,15.00,50.0
815.00,194.23,-1870.81,13.35,2.496,15.00,50.0
816.00,194.81,-1868.38,13.42,2.496,15.00,50.0
817.00,195.39,-1865.95,13.50,2.496,15.00,50.0
818.00,195.97,-1863.52,13.58,2.496,15.00,50.0
819.00,196.56,-1861.10,13.65,2.496,15.00,50.0
820.00,197.15,-1858.67,13.73,2.496,15.00,50.0
821.00,197.74,-1856.25,13.81,2.496,20.00,50.0
822.00,198.33,-1853.82,13.89,2.496,20.00,50.0
823.00,198.93,-1851.40,13.97,2.496,20.00,50.0
824.00,199.54,-1848.98,14.05,2.496,20.00,50.0
825.00,200.14,-1846.55,14.13,2.497,20.00,50.0
826.00,200.75,-1844.13,14.22,2.497,20.00,50.0
827.00,201.37,-1841.71,14.30,2.497,20.00,50.0
828.00,201.98,-1839.29,14.39,2.497,20.00,50.0
829.00,202.60,-1836.87,14.48,2.497,20.00,50.0
830.00,203.23,-1834.46,14.57,2.497,20.00,50.0
831.00,203.86,-1832.04,14.65,2.497,20.00,50.0
832.00,204.49,-1829.62,14.74,2.497,20.00,50.0
833.00,205.12,-1827.21,14.83,2.497,20.00,50.0
834.00,205.76,-1824.80,14.93,2.497,20.00,50.0
835.00,206.41,-1822.38,15.02,2.497,20.00,50.0
836.00,207.05,-1819.97,15.11,2.497,20.00,50.0
837.00,207.70,-1817.56,15.20,2.497,20.00,50.0
838.00,208.36,-1815.15,15.30,2.497,20.00,50.0
839.00,209.02,-1812.74,15.39,2.497,20.00,50.0
840.00,209.68,-1810.33,15.49,2.497,20.00,50.0
841.00,210.35,-1807.93,15.58,2.498,20.00,50.0
842.00,211.02,-1805.52,15.68,2.498,20.00,50.0
843.00,211.69,-1803.12,15.78,2.498,20.00,50.0
844.00,212.37,-1800.71,15.88,2.498,20.00,50.0
845.00,213.06,-1798.31,15.97,2.498,20.00,50.0
846.00,213.74,-1795.91,16.07,2.498,20.00,50.0
847.00,214.43,-1793.51,16.17,2.498,20.00,50.0
848.00,215.13,-1791.11,16.27,2.498,20.00,50.0
849.00,215.83,-1788.71,16.37,2.498,20.00,50.0
850.00,216.53,-1786.32,16.47,2.498,20.00,50.0
851.00,217.24,-1783.92,16.58,2.498,20.00,50.0
852.00,217.96,-1781.53,16.68,2.498,20.00,50.0
853.00,218.67,-1779.13,16.78,2.498,20.00,50.0
854.00,219.39,-1776.74,16.88,2.498,20.00,50.0
855.00,220.12,-1774.35,16.99,2.498,25.00,50.0
856.00,220.85,-1771.96,17.09,2.498,25.00,50.0
857.00,221.58,-1769.57,17.20,2.498,25.00,50.0
858.00,222.32,-1767.19,17.31,2.498,25.00,50.0
859.00,223.06,-1764.80,17.41,2.498,25.00,50.0
860.00,223.81,-1762.42,17.52,2.498,25.00,50.0
861.00,224.56,-1760.04,17.64,2.498,25.00,50.0
862.00,225.32,-1757.65,17.75,2.498,25.00,50.0
863.00,226.08,-1755.28,17.86,2.498,25.00,50.0
864.00,226.85,-1752.90,17.97,2.498,25.00,50.0
865.00,227.62,-1750.52,18.09,2.498,25.00,50.0
866.00,228.40,-1748.15,18.21,2.498,25.00,50.0
867.00,229.18,-1745.77,18.32,2.499,25.00,50.0
868.00,229.96,-1743.40,18.44,2.499,25.00,50.0
869.00,230.75,-1741.03,18.56,2.499,25.00,50.0
870.00,231.55,-1738.66,18.68,2.499,25.00,50.0
871.00,232.35,-1736.29,18.80,2.499,25.00,50.0
872.00,233.15,-1733.93,18.92,2.499,25.00,50.0
873.00,233.96,-1731.57,19.04,2.499,25.00,50.0
874.00,234.78,-1729.20,19.16,2.499,25.00,50.0
875.00,235.60,-1726.84,19.29,2.499,25.00,50.0
876.00,236.42,-1724.48,19.41,2.499,25.00,50.0
877.00,237.25,-1722.13,19.54,2.499,25.00,50.0
878.00,238.09,-1719.77,19.66,2.499,25.00,50.0
879.00,238.93,-1717.42,19.79,2.499,25.00,50.0
880.00,239.78,-1715.07,19.91,2.499,25.00,50.0
881.00,240.63,-1712.72,20.04,2.499,25.00,50.0
882.00,241.48,-1710.37,20.17,2.499,25.00,50.0
883.00,242.35,-1708.03,20.29,2.499,25.00,50.0
884.00,243.21,-1705.68,20.42,2.499,25.00,50.0
885.00,244.08,-1703.34,20.55,2.499,25.00,50.0
886.00,244.96,-1701.00,20.68,2.499,25.00,50.0
887.00,245.84,-1698.66,20.81,2.499,25.00,50.0
888.00,246.73,-1696.33,20.94,2.499,25.00,50.0
889.00,247.63,-1693.99,21.07,2.499,25.00,50.0
890.00,248.52,-1691.66,21.20,2.499,25.00,50.0
891.00,249.43,-1689.33,21.33,2.499,25.00,50.0
892.00,250.34,-1687.00,21.46,2.499,25.00,50.0
893.00,251.25,-1684.68,21.60,2.499,25.00,50.0
894.00,252.17,-1682.35,21.73,2.499,25.00,50.0
895.00,253.10,-1680.03,21.86,2.499,25.00,50.0
896.00,254.03,-1677.71,22.00,2.499,25.00,50.0
897.00,254.96,-1675.39,22.13,2.499,25.00,50.0
898.00,255.90,-1673.08,22.26,2.499,25.00,50.0
899.00,256.85,-1670.77,22.40,2.499,25.00,50.0
900.00,257.80,-1668.46,22.53,2.499,25.00,50.0
901.00,258.76,-1666.15,22.67,2.499,25.00,50.0
902.00,259.72,-1663.84,22.80,2.499,25.00,50.0
903.00,260.69,-1661.54,22.94,2.499,25.00,50.0
904.00,261.67,-1659.23,23.07,2.499,25.00,50.0
905.00,262.65,-1656.94,23.21,2.499,25.00,50.0
906.00,263.63,-1654.64,23.34,2.499,25.00,50.0
907.00,264.62,-1652.34,23.48,2.499,25.00,50.0
908.00,265.62,-1650.05,23.62,2.499,25.00,50.0
909.00,266.62,-1647.76,23.75,2.499,25.00,50.0
910.00,267.63,-1645.47,23.89,2.499,25.00,50.0
911.00,268.64,-1643.19,24.03,2.499,25.00,50.0
912.00,269.65,-1640.91,24.16,2.499,25.00,50.0
913.00,270.68,-1638.62,24.30,2.499,25.00,50.0
914.00,271.71,-1636.35,24.44,2.499,25.00,50.0
915.00,272.74,-1634.07,24.58,2.499,25.00,50.0
916.00,273.78,-1631.80,24.71,2.499,25.00,50.0
917.00,274.83,-1629.53,24.85,2.499,25.00,50.0
918.00,275.88,-1627.26,24.99,2.499,25.00,50.0
919.00,276.93,-1624.99,25.13,2.499,25.00,50.0
920.00,277.99,-1622.73,25.27,2.499,25.00,50.0
921.00,279.06,-1620.47,25.41,2.500,25.00,50.0
922.00,280.13,-1618.21,25.55,2.500,25.00,50.0
923.00,281.21,-1615.96,25.68,2.500,25.00,50.0
924.00,282.29,-1613.71,25.82,2.500,25.00,50.0
925.00,283.38,-1611.46,25.96,2.500,25.00,50.0
926.00,284.48,-1609.21,26.10,2.500,25.00,50.0
927.00,285.58,-1606.96,26.24,2.500,25.00,50.0
928.00,286.68,-1604.72,26.38,2.500,25.00,50.0
929.00,287.79,-1602.48,26.52,2.500,25.00,50.0
930.00,288.91,-1600.25,26.66,2.500,25.00,50.0
931.00,290.03,-1598.01,26.80,2.500,25.00,50.0
932.00,291.16,-1595.78,26.94,2.500,25.00,50.0
933.00,292.29,-1593.55,27.08,2.500,25.00,50.0
934.00,293.43,-1591.33,27.22,2.500,25.00,50.0
935.00,294.57,-1589.10,27.36,2.500,25.00,50.0
936.00,295.72,-1586.88,27.50,2.500,25.00,50.0
937.00,296.87,-1584.67,27.64,2.500,25.00,50.0
938.00,298.03,-1582.45,27.78,2.500,25.00,50.0
939.00,299.20,-1580.24,27.92,2.500,25.00,50.0
940.00,300.37,-1578.03,28.06,2.500,25.00,50.0
941.00,301.54,-1575.83,28.20,2.500,25.00,50.0
942.00,302.73,-1573.62,28.34,2.500,25.00,50.0
943.00,303.91,-1571.42,28.49,2.500,25.00,50.0
944.00,305.11,-1569.23,28.63,2.500,25.00,50.0
945.00,306.30,-1567.03,28.77,2.500,25.00,50.0
946.00,307.51,-1564.84,28.91,2.500,25.00,50.0
947.00,308.71,-1562.65,29.05,2.500,25.00,50.0
948.00,309.93,-1560.47,29.19,2.500,25.00,50.0
949.00,311.15,-1558.29,29.33,2.500,25.00,50.0
950.00,312.37,-1556.11,29.47,2.500,25.00,50.0
951.00,313.60,-1553.93,29.61,2.500,25.00,50.0
952.00,314.84,-1551.76,29.76,2.500,25.00,50.0
953.00,316.08,-1549.59,29.90,2.500,25.00,50.0
954.00,317.32,-1547.42,30.04,2.500,25.00,50.0
955.00,318.58,-1545.26,30.18,2.500,25.00,50.0
956.00,319.83,-1543.09,30.32,2.500,25.00,50.0
957.00,321.09,-1540.94,30.46,2.500,25.00,50.0
958.00,322.36,-1538.78,30.61,2.500,25.00,50.0
959.00,323.63,-1536.63,30.75,2.500,25.00,50.0
960.00,324.91,-1534.48,30.89,2.500,25.00,50.0
961.00,326.20,-1532.34,31.03,2.500,25.00,50.0
962.00,327.48,-1530.19,31.17,2.500,25.00,50.0
963.00,328.78,-1528.06,31.31,2.500,25.00,50.0
964.00,330.08,-1525.92,31.46,2.500,25.00,50.0
965.00,331.38,-1523.79,31.60,2.500,25.00,50.0
966.00,332.69,-1521.66,31.74,2.500,25.00,50.0
967.00,334.01,-1519.53,31.88,2.500,25.00,50.0
968.00,335.33,-1517.41,32.02,2.500,25.00,50.0
969.00,336.65,-1515.29,32.17,2.500,25.00,50.0
970.00,337.98,-1513.17,32.31,2.500,25.00,50.0
971.00,339.32,-1511.06,32.45,2.500,25.00,50.0
972.00,340.66,-1508.95,32.59,2.500,25.00,50.0
973.00,342.01,-1506.85,32.73,2.500,25.00,50.0
974.00,343.36,-1504.74,32.88,2.500,25.00,50.0
975.00,344.72,-1502.64,33.02,2.500,25.00,50.0
976.00,346.08,-1500.55,33.16,2.500,25.00,50.0
977.00,347.45,-1498.46,33.30,2.500,25.00,50.0
978.00,348.82,-1496.37,33.45,2.500,25.00,50.0
979.00,350.20,-1494.28,33.59,2.500,25.00,50.0
980.00,351.58,-1492.20,33.73,2.500,25.00,50.0
981.00,352.97,-1490.12,33.87,2.500,25.00,50.0
982.00,354.36,-1488.04,34.02,2.500,25.00,50.0
983.00,355.76,-1485.97,34.16,2.500,25.00,50.0
984.00,357.16,-1483.90,34.30,2.500,25.00,50.0
985.00,358.57,-1481.84,34.44,2.500,25.00,50.0
986.00,359.99,-1479.78,34.58,2.500,25.00,50.0
987.00,361.40,-1477.72,34.73,2.500,25.00,50.0
988.00,362.83,-1475.66,34.87,2.500,25.00,50.0
989.00,364.26,-1473.61,35.01,2.500,25.00,50.0
990.00,365.69,-1471.56,35.15,2.500,25.00,50.0
991.00,367.13,-1469.52,35.30,2.500,25.00,50.0
992.00,368.58,-1467.48,35.44,2.500,25.00,50.0
993.00,370.03,-1465.44,35.58,2.500,25.00,50.0
994.00,371.48,-1463.41,35.72,2.500,25.00,50.0
995.00,372.94,-1461.38,35.87,2.500,25.00,50.0
996.00,374.40,-1459.35,36.01,2.500,25.00,50.0
997.00,375.87,-1457.33,36.15,2.500,25.00,50.0
998.00,377.35,-1455.31,36.29,2.500,25.00,50.0
999.00,378.83,-1453.30,36.44,2.500,25.00,50.0
1000.00,380.31,-1451.29,36.58,2.500,25.00,50.0
1001.00,381.80,-1449.28,36.72,2.500,25.00,50.0
1002.00,383.30,-1447.28,36.86,2.500,25.00,50.0
1003.00,384.80,-1445.28,37.01,2.500,25.00,50.0
1004.00,386.30,-1443.28,37.15,2.500,25.00,50.0
1005.00,387.81,-1441.29,37.29,2.500,25.00,50.0
1006.00,389.33,-1439.30,37.44,2.500,25.00,50.0
1007.00,390.85,-1437.31,37.58,2.500,25.00,50.0
1008.00,392.37,-1435.33,37.72,2.500,25.00,50.0
1009.00,393.90,-1433.36,37.86,2.500,25.00,50.0
1010.00,395.43,-1431.38,38.01,2.500,25.00,50.0
1011.00,396.97,-1429.41,38.15,2.500,25.00,50.0
1012.00,398.52,-1427.45,38.29,2.500,25.00,50.0
1013.00,400.07,-1425.48,38.43,2.500,25.00,50.0
1014.00,401.62,-1423.53,38.58,2.500,25.00,50.0
1015.00,403.18,-1421.57,38.72,2.500,25.00,50.0
1016.00,404.74,-1419.62,38.86,2.500,25.00,50.0
1017.00,406.31,-1417.67,39.00,2.500,25.00,50.0
1018.00,407.89,-1415.73,39.15,2.500,25.00,50.0
1019.00,409.46,-1413.79,39.29,2.500,25.00,50.0
1020.00,411.05,-1411.86,39.43,2.500,25.00,50.0
1021.00,412.64,-1409.93,39.58,2.500,25.00,50.0
1022.00,414.23,-1408.00,39.72,2.500,25.00,50.0
1023.00,415.83,-1406.08,39.86,2.500,25.00,50.0
1024.00,417.43,-1404.16,40.00,2.500,25.00,50.0
1025.00,419.03,-1402.24,40.15,2.500,25.00,50.0
1026.00,420.65,-1400.33,40.29,2.500,25.00,50.0
1027.00,422.26,-1398.43,40.43,2.500,25.00,50.0
1028.00,423.88,-1396.52,40.57,2.500,25.00,50.0
1029.00,425.51,-1394.62,40.72,2.500,25.00,50.0
1030.00,427.14,-1392.73,40.86,2.500,25.00,50.0
1031.00,428.78,-1390.84,41.00,2.500,25.00,50.0
1032.00,430.42,-1388.95,41.15,2.500,25.00,50.0
1033.00,432.06,-1387.07,41.29,2.500,25.00,50.0
1034.00,433.71,-1385.19,41.43,2.500,25.00,50.0
1035.00,435.37,-1383.32,41.57,2.500,25.00,50.0
1036.00,437.02,-1381.45,41.72,2.500,25.00,50.0
1037.00,438.69,-1379.58,41.86,2.500,25.00,50.0
1038.00,440.36,-1377.72,42.00,2.500,25.00,50.0
1039.00,442.03,-1375.86,42.15,2.500,25.00,50.0
1040.00,443.71,-1374.01,42.29,2.500,25.00,50.0
1041.00,445.39,-1372.16,42.43,2.500,25.00,50.0
1042.00,447.08,-1370.31,42.57,2.500,25.00,50.0
1043.00,448.77,-1368.47,42.72,2.500,25.00,50.0
1044.00,450.46,-1366.63,42.86,2.500,20.00,50.0
1045.00,452.16,-1364.80,43.00,2.500,20.00,50.0
1046.00,453.87,-1362.97,43.14,2.500,20.00,50.0
1047.00,455.58,-1361.15,43.28,2.500,20.00,50.0
1048.00,457.29,-1359.33,43.42,2.500,20.00,50.0
1049.00,459.01,-1357.51,43.55,2.500,20.00,50.0
1050.00,460.73,-1355.70,43.69,2.500,20.00,50.0
1051.00,462.46,-1353.89,43.83,2.500,20.00,50.0
1052.00,464.19,-1352.09,43.96,2.500,20.00,50.0
1053.00,465.93,-1350.29,44.10,2.500,20.00,50.0
1054.00,467.67,-1348.50,44.23,2.500,20.00,50.0
1055.00,469.41,-1346.70,44.36,2.500,20.00,50.0
1056.00,471.16,-1344.92,44.50,2.500,20.00,50.0
1057.00,472.91,-1343.13,44.63,2.500,20.00,50.0
1058.00,474.67,-1341.35,44.76,2.500,20.00,50.0
1059.00,476.43,-1339.58,44.89,2.500,20.00,50.0
1060.00,478.19,-1337.81,45.02,2.500,20.00,50.0
1061.00,479.96,-1336.04,45.15,2.500,20.00,50.0
1062.00,481.73,-1334.28,45.28,2.500,20.00,50.0
1063.00,483.51,-1332.52,45.41,2.500,20.00,50.0
1064.00,485.29,-1330.76,45.54,2.500,20.00,50.0
1065.00,487.07,-1329.01,45.67,2.500,20.00,50.0
1066.00,488.86,-1327.27,45.79,2.500,20.00,50.0
1067.00,490.65,-1325.52,45.92,2.500,20.00,50.0
1068.00,492.45,-1323.78,46.05,2.500,20.00,50.0
1069.00,494.25,-1322.05,46.17,2.500,20.00,50.0
1070.00,496.05,-1320.32,46.30,2.500,20.00,50.0
1071.00,497.86,-1318.59,46.42,2.500,20.00,50.0
1072.00,499.67,-1316.87,46.55,2.500,20.00,50.0
1073.00,501.48,-1315.15,46.67,2.500,20.00,50.0
1074.00,503.30,-1313.43,46.80,2.500,20.00,50.0
1075.00,505.13,-1311.72,46.92,2.500,20.00,50.0
1076.00,506.95,-1310.01,47.04,2.500,20.00,50.0
1077.00,508.78,-1308.31,47.17,2.500,20.00,50.0
1078.00,510.61,-1306.61,47.29,2.500,20.00,50.0
1079.00,512.45,-1304.91,47.41,2.500,20.00,50.0
1080.00,514.29,-1303.22,47.54,2.500,20.00,50.0
1081.00,516.14,-1301.53,47.66,2.500,20.00,50.0
1082.00,517.98,-1299.85,47.78,2.500,20.00,50.0
1083.00,519.84,-1298.17,47.90,2.500,20.00,50.0
1084.00,521.69,-1296.49,48.02,2.500,20.00,50.0
1085.00,523.55,-1294.82,48.14,2.500,20.00,50.0
1086.00,525.41,-1293.15,48.26,2.500,20.00,50.0
1087.00,527.28,-1291.49,48.39,2.500,20.00,50.0
1088.00,529.15,-1289.83,48.51,2.500,20.00,50.0
1089.00,531.02,-1288.17,48.63,2.500,20.00,50.0
1090.00,532.89,-1286.52,48.75,2.500,20.00,50.0
1091.00,534.77,-1284.87,48.87,2.500,20.00,50.0
1092.00,536.66,-1283.23,48.98,2.500,15.00,50.0
1093.00,538.54,-1281.59,49.10,2.500,15.00,50.0
1094.00,540.43,-1279.95,49.22,2.500,15.00,50.0
1095.00,542.33,-1278.32,49.33,2.500,15.00,50.0
1096.00,544.22,-1276.69,49.45,2.500,15.00,50.0
1097.00,546.12,-1275.06,49.56,2.500,15.00,50.0
1098.00,548.02,-1273.44,49.68,2.500,15.00,50.0
1099.00,549.93,-1271.82,49.79,2.500,15.00,50.0
1100.00,551.84,-1270.21,49.90,2.500,15.00,50.0
1101.00,553.75,-1268.60,50.01,2.500,15.00,50.0
1102.00,555.67,-1266.99,50.12,2.500,15.00,50.0
1103.00,557.59,-1265.39,50.23,2.500,15.00,50.0
1104.00,559.51,-1263.79,50.33,2.500,15.00,50.0
1105.00,561.43,-1262.19,50.44,2.500,10.00,50.0
1106.00,563.36,-1260.60,50.54,2.500,10.00,50.0
1107.00,565.29,-1259.01,50.65,2.500,10.00,50.0
1108.00,567.22,-1257.43,50.75,2.500,10.00,50.0
1109.00,569.16,-1255.85,50.85,2.500,10.00,50.0
1110.00,571.10,-1254.27,50.95,2.500,10.00,50.0
1111.00,573.04,-1252.69,51.04,2.500,10.00,50.0
1112.00,574.98,-1251.12,51.14,2.500,10.00,50.0
1113.00,576.93,-1249.55,51.23,2.500,10.00,50.0
1114.00,578.88,-1247.99,51.33,2.500,10.00,50.0
1115.00,580.83,-1246.42,51.42,2.500,10.00,50.0
1116.00,582.78,-1244.87,51.51,2.500,10.00,50.0
1117.00,584.74,-1243.31,51.60,2.500,10.00,50.0
1118.00,586.70,-1241.76,51.69,2.500,10.00,50.0
1119.00,588.66,-1240.21,51.78,2.500,10.00,50.0
1120.00,590.63,-1238.66,51.86,2.500,5.00,50.0
1121.00,592.59,-1237.12,51.94,2.500,5.00,50.0
1122.00,594.56,-1235.58,52.03,2.500,5.00,50.0
1123.00,596.53,-1234.04,52.11,2.500,5.00,50.0
1124.00,598.50,-1232.50,52.18,2.500,5.00,50.0
1125.00,600.48,-1230.97,52.26,2.500,5.00,50.0
1126.00,602.46,-1229.44,52.34,2.500,5.00,50.0
1127.00,604.44,-1227.91,52.41,2.500,5.00,50.0
1128.00,606.42,-1226.39,52.48,2.500,5.00,50.0
1129.00,608.40,-1224.86,52.55,2.500,5.00,50.0
1130.00,610.38,-1223.34,52.62,2.500,5.00,50.0
1131.00,612.37,-1221.83,52.69,2.500,5.00,50.0
1132.00,614.36,-1220.31,52.76,2.500,5.00,50.0
1133.00,616.35,-1218.80,52.82,2.500,5.00,50.0
1134.00,618.34,-1217.29,52.89,2.500,5.00,50.0
1135.00,620.33,-1215.78,52.95,2.500,0.00,50.0
1136.00,622.33,-1214.27,53.01,2.500,0.00,50.0
1137.00,624.33,-1212.77,53.07,2.500,0.00,50.0
1138.00,626.32,-1211.27,53.12,2.500,0.00,50.0
1139.00,628.32,-1209.76,53.18,2.500,0.00,50.0
1140.00,630.33,-1208.27,53.23,2.500,0.00,50.0
1141.00,632.33,-1206.77,53.28,2.500,0.00,50.0
1142.00,634.33,-1205.28,53.33,2.500,0.00,50.0
1143.00,636.34,-1203.78,53.37,2.500,0.00,50.0
1144.00,638.34,-1202.29,53.42,2.500,0.00,50.0
1145.00,640.35,-1200.80,53.46,2.500,0.00,50.0
1146.00,642.36,-1199.31,53.51,2.500,0.00,50.0
1147.00,644.37,-1197.83,53.55,2.500,0.00,50.0
1148.00,646.38,-1196.34,53.59,2.500,0.00,50.0
1149.00,648.39,-1194.86,53.63,2.500,0.00,50.0
1150.00,650.41,-1193.37,53.66,2.500,0.00,50.0
1151.00,652.42,-1191.89,53.70,2.500,0.00,50.0
1152.00,654.43,-1190.41,53.73,2.500,0.00,50.0
1153.00,656.45,-1188.93,53.77,2.500,0.00,50.0
1154.00,658.47,-1187.46,53.80,2.500,0.00,50.0
1155.00,660.48,-1185.98,53.83,2.500,0.00,50.0
1156.00,662.50,-1184.50,53.86,2.500,0.00,50.0
1157.00,664.52,-1183.03,53.89,2.500,0.00,50.0
1158.00,666.54,-1181.56,53.92,2.500,0.00,50.0
1159.00,668.56,-1180.08,53.95,2.500,0.00,50.0
1160.00,670.58,-1178.61,53.97,2.500,0.00,50.0
1161.00,672.60,-1177.14,54.00,2.500,0.00,50.0
1162.00,674.63,-1175.67,54.02,2.500,0.00,50.0
1163.00,676.65,-1174.20,54.05,2.500,0.00,50.0
1164.00,678.67,-1172.74,54.07,2.500,0.00,50.0
1165.00,680.70,-1171.27,54.09,2.500,0.00,50.0
1166.00,682.72,-1169.80,54.12,2.500,0.00,50.0
1167.00,684.75,-1168.34,54.14,2.500,0.00,50.0
1168.00,686.77,-1166.87,54.16,2.500,0.00,50.0
1169.00,688.80,-1165.41,54.18,2.500,0.00,50.0
1170.00,690.83,-1163.95,54.19,2.500,0.00,50.0
1171.00,692.86,-1162.48,54.21,2.500,0.00,50.0
1172.00,694.88,-1161.02,54.23,2.500,0.00,50.0
1173.00,696.91,-1159.56,54.25,2.500,0.00,50.0
1174.00,698.94,-1158.10,54.26,2.500,0.00,50.0
1175.00,700.97,-1156.64,54.28,2.500,0.00,50.0
1176.00,703.00,-1155.18,54.30,2.500,0.00,50.0
1177.00,705.03,-1153.72,54.31,2.500,0.00,50.0
1178.00,707.06,-1152.26,54.32,2.500,0.00,50.0
1179.00,709.09,-1150.80,54.34,2.500,0.00,50.0
1180.00,711.12,-1149.35,54.35,2.500,0.00,50.0
1181.00,713.15,-1147.89,54.37,2.500,0.00,50.0
1182.00,715.19,-1146.43,54.38,2.500,0.00,50.0
1183.00,717.22,-1144.98,54.39,2.500,0.00,50.0
1184.00,719.25,-1143.52,54.40,2.500,0.00,50.0
1185.00,721.28,-1142.07,54.41,2.500,0.00,50.0
1186.00,723.32,-1140.61,54.42,2.500,0.00,50.0
1187.00,725.35,-1139.16,54.43,2.500,0.00,50.0
1188.00,727.38,-1137.70,54.45,2.500,0.00,50.0
1189.00,729.42,-1136.25,54.46,2.500,0.00,50.0
1190.00,731.45,-1134.80,54.46,2.500,0.00,50.0
1191.00,733.49,-1133.34,54.47,2.500,0.00,50.0
1192.00,735.52,-1131.89,54.48,2.500,0.00,50.0
1193.00,737.56,-1130.44,54.49,2.500,0.00,50.0
1194.00,739.59,-1128.99,54.50,2.500,0.00,50.0
1195.00,741.63,-1127.53,54.51,2.500,0.00,50.0
1196.00,743.66,-1126.08,54.52,2.500,0.00,50.0
1197.00,745.70,-1124.63,54.52,2.500,0.00,50.0
1198.00,747.73,-1123.18,54.53,2.500,0.00,50.0
1199.00,749.77,-1121.73,54.54,2.500,0.00,50.0
1200.00,751.81,-1120.28,54.54,2.500,0.00,50.0
1201.00,753.84,-1118.83,54.55,2.500,0.00,50.0
1202.00,755.88,-1117.38,54.56,2.500,0.00,50.0
1203.00,757.91,-1115.93,54.56,2.500,0.00,50.0
1204.00,759.95,-1114.48,54.57,2.500,0.00,50.0
1205.00,761.99,-1113.03,54.58,2.500,0.00,50.0
1206.00,764.03,-1111.58,54.58,2.500,0.00,50.0
1207.00,766.06,-1110.13,54.59,2.500,0.00,50.0
1208.00,768.10,-1108.68,54.59,2.500,0.00,50.0
1209.00,770.14,-1107.24,54.60,2.500,0.00,50.0
1210.00,772.18,-1105.79,54.60,2.500,0.00,50.0
1211.00,774.21,-1104.34,54.61,2.500,0.00,50.0
1212.00,776.25,-1102.89,54.61,2.500,0.00,50.0
1213.00,778.29,-1101.44,54.62,2.500,0.00,50.0
1214.00,780.33,-1100.00,54.62,2.500,0.00,50.0
1215.00,782.37,-1098.55,54.62,2.500,0.00,50.0
1216.00,784.40,-1097.10,54.63,2.500,0.00,50.0
1217.00,786.44,-1095.65,54.63,2.500,0.00,50.0
1218.00,788.48,-1094.21,54.64,2.500,0.00,50.0
1219.00,790.52,-1092.76,54.64,2.500,0.00,50.0
1220.00,792.56,-1091.31,54.64,2.500,0.00,50.0
1221.00,794.60,-1089.87,54.65,2.500,0.00,50.0
1222.00,796.64,-1088.42,54.65,2.500,0.00,50.0
1223.00,798.68,-1086.97,54.65,2.500,0.00,50.0
1224.00,800.72,-1085.53,54.66,2.500,0.00,50.0
1225.00,802.75,-1084.08,54.66,2.500,0.00,50.0
1226.00,804.79,-1082.63,54.66,2.500,0.00,50.0
1227.00,806.83,-1081.19,54.66,2.500,0.00,50.0
1228.00,808.87,-1079.74,54.67,2.500,0.00,50.0
1229.00,810.91,-1078.30,54.67,2.500,0.00,50.0
1230.00,812.95,-1076.85,54.67,2.500,0.00,50.0
1231.00,814.99,-1075.40,54.67,2.500,0.00,50.0
1232.00,817.03,-1073.96,54.68,2.500,0.00,50.0
1233.00,819.07,-1072.51,54.68,2.500,0.00,50.0
1234.00,821.11,-1071.07,54.68,2.500,0.00,50.0
1235.00,823.15,-1069.62,54.68,2.500,0.00,50.0
1236.00,825.19,-1068.18,54.68,2.500,0.00,50.0
1237.00,827.23,-1066.73,54.69,2.500,0.00,50.0
1238.00,829.27,-1065.29,54.69,2.500,0.00,50.0
1239.00,831.31,-1063.84,54.69,2.500,0.00,50.0
1240.00,833.35,-1062.40,54.69,2.500,0.00,50.0
1241.00,835.39,-1060.95,54.69,2.500,0.00,50.0
1242.00,837.43,-1059.51,54.70,2.500,0.00,50.0
1243.00,839.47,-1058.06,54.70,2.500,0.00,50.0
1244.00,841.51,-1056.62,54.70,2.500,0.00,50.0
1245.00,843.55,-1055.17,54.70,2.500,0.00,50.0
1246.00,845.59,-1053.73,54.70,2.500,0.00,50.0
1247.00,847.63,-1052.28,54.70,2.500,0.00,50.0
1248.00,849.67,-1050.84,54.70,2.500,0.00,50.0
1249.00,851.71,-1049.40,54.71,2.500,0.00,50.0
1250.00,853.75,-1047.95,54.71,2.500,0.00,50.0
1251.00,855.79,-1046.51,54.71,2.500,0.00,50.0
1252.00,857.83,-1045.06,54.71,2.500,0.00,50.0
1253.00,859.88,-1043.62,54.71,2.500,0.00,50.0
1254.00,861.92,-1042.17,54.71,2.500,0.00,50.0
1255.00,863.96,-1040.73,54.71,2.500,0.00,50.0
1256.00,866.00,-1039.28,54.71,2.500,0.00,50.0
1257.00,868.04,-1037.84,54.71,2.500,0.00,50.0
1258.00,870.08,-1036.40,54.72,2.500,0.00,50.0
1259.00,872.12,-1034.95,54.72,2.500,0.00,50.0
1260.00,874.16,-1033.51,54.72,2.500,0.00,50.0
1261.00,876.20,-1032.06,54.72,2.500,0.00,50.0
1262.00,878.24,-1030.62,54.72,2.500,0.00,50.0
1263.00,880.28,-1029.18,54.72,2.500,0.00,50.0
1264.00,882.32,-1027.73,54.72,2.500,0.00,50.0
1265.00,884.36,-1026.29,54.72,2.500,0.00,50.0
1266.00,886.41,-1024.84,54.72,2.500,0.00,50.0
1267.00,888.45,-1023.40,54.72,2.500,0.00,50.0
1268.00,890.49,-1021.96,54.72,2.500,0.00,50.0
1269.00,892.53,-1020.51,54.72,2.500,0.00,50.0
1270.00,894.57,-1019.07,54.72,2.500,0.00,50.0
1271.00,896.61,-1017.63,54.73,2.500,0.00,50.0
1272.00,898.65,-1016.18,54.73,2.500,0.00,50.0
1273.00,900.69,-1014.74,54.73,2.500,0.00,50.0
1274.00,902.73,-1013.29,54.73,2.500,0.00,50.0
1275.00,904.77,-1011.85,54.73,2.500,0.00,50.0
1276.00,906.81,-1010.41,54.73,2.500,0.00,50.0
1277.00,908.86,-1008.96,54.73,2.500,0.00,50.0
1278.00,910.90,-1007.52,54.73,2.500,0.00,50.0
1279.00,912.94,-1006.08,54.73,2.500,0.00,50.0
1280.00,914.98,-1004.63,54.73,2.500,0.00,50.0
1281.00,917.02,-1003.19,54.73,2.500,0.00,50.0
1282.00,919.06,-1001.75,54.73,2.500,0.00,50.0
1283.00,921.10,-1000.30,54.73,2.500,0.00,50.0
1284.00,923.14,-998.86,54.73,2.500,0.00,50.0
1285.00,925.18,-997.41,54.73,2.500,0.00,50.0
1286.00,927.23,-995.97,54.73,2.500,0.00,50.0
1287.00,929.27,-994.53,54.73,2.500,0.00,50.0
1288.00,931.31,-993.08,54.73,2.500,0.00,50.0
1289.00,933.35,-991.64,54.73,2.500,0.00,50.0
1290.00,935.39,-990.20,54.73,2.500,0.00,50.0
1291.00,937.43,-988.75,54.73,2.500,0.00,50.0
1292.00,939.47,-987.31,54.73,2.500,0.00,50.0
1293.00,941.51,-985.87,54.73,2.500,0.00,50.0
1294.00,943.56,-984.42,54.73,2.500,0.00,50.0
1295.00,945.60,-982.98,54.73,2.500,0.00,50.0
1296.00,947.64,-981.54,54.74,2.500,0.00,50.0
1297.00,949.68,-980.09,54.74,2.500,0.00,50.0
1298.00,951.72,-978.65,54.74,2.500,0.00,50.0
1299.00,953.76,-977.21,54.74,2.500,0.00,50.0
1300.00,955.80,-975.76,54.74,2.500,0.00,50.0
1301.00,957.84,-974.32,54.74,2.500,0.00,50.0
1302.00,959.88,-972.88,54.74,2.500,0.00,50.0
1303.00,961.93,-971.43,54.74,2.500,0.00,50.0
1304.00,963.97,-969.99,54.74,2.500,0.00,50.0
1305.00,966.01,-968.55,54.74,2.500,0.00,50.0
1306.00,968.05,-967.10,54.74,2.500,0.00,50.0
1307.00,970.09,-965.66,54.74,2.500,0.00,50.0
1308.00,972.13,-964.22,54.74,2.500,0.00,50.0
1309.00,974.17,-962.77,54.74,2.500,0.00,50.0
1310.00,976.22,-961.33,54.74,2.500,0.00,50.0
1311.00,978.26,-959.89,54.74,2.500,0.00,50.0
1312.00,980.30,-958.44,54.74,2.500,0.00,50.0
1313.00,982.34,-957.00,54.74,2.500,0.00,50.0
1314.00,984.38,-955.56,54.74,2.500,0.00,50.0
1315.00,986.42,-954.11,54.74,2.500,0.00,50.0
1316.00,988.46,-952.67,54.74,2.500,0.00,50.0
1317.00,990.50,-951.23,54.74,2.500,0.00,50.0
1318.00,992.55,-949.78,54.74,2.500,0.00,50.0
1319.00,994.59,-948.34,54.74,2.500,0.00,50.0
1320.00,996.63,-946.90,54.74,2.500,0.00,50.0
1321.00,998.67,-945.45,54.74,2.500,0.00,50.0
1322.00,1000.71,-944.01,54.74,2.500,0.00,50.0
1323.00,1002.75,-942.57,54.74,2.500,0.00,50.0
1324.00,1004.79,-941.12,54.74,2.500,0.00,50.0
1325.00,1006.84,-939.68,54.74,2.500,0.00,50.0
1326.00,1008.88,-938.24,54.74,2.500,0.00,50.0
1327.00,1010.92,-936.79,54.74,2.500,0.00,50.0
1328.00,1012.96,-935.35,54.74,2.500,0.00,50.0
1329.00,1015.00,-933.91,54.74,2.500,0.00,50.0
1330.00,1017.04,-932.46,54.74,2.500,0.00,50.0
1331.00,1019.08,-931.02,54.74,2.500,0.00,50.0
1332.00,1021.12,-929.58,54.74,2.500,0.00,50.0
1333.00,1023.17,-928.14,54.74,2.500,0.00,50.0
1334.00,1025.21,-926.69,54.74,2.500,0.00,50.0
1335.00,1027.25,-925.25,54.74,2.500,0.00,50.0
1336.00,1029.29,-923.81,54.74,2.500,0.00,50.0
1337.00,1031.33,-922.36,54.74,2.500,0.00,50.0
1338.00,1033.37,-920.92,54.74,2.500,0.00,50.0
1339.00,1035.41,-919.48,54.74,2.500,0.00,50.0
1340.00,1037.46,-918.03,54.74,2.500,0.00,50.0
1341.00,1039.50,-916.59,54.74,2.500,0.00,50.0
1342.00,1041.54,-915.15,54.74,2.500,0.00,50.0
1343.00,1043.58,-913.70,54.74,2.500,0.00,50.0
1344.00,1045.62,-912.26,54.74,2.500,0.00,50.0
1345.00,1047.66,-910.82,54.74,2.500,0.00,50.0
1346.00,1049.70,-909.37,54.74,2.500,0.00,50.0
1347.00,1051.75,-907.93,54.74,2.500,0.00,50.0
1348.00,1053.79,-906.49,54.74,2.500,0.00,50.0
1349.00,1055.83,-905.04,54.74,2.500,0.00,50.0
1350.00,1057.87,-903.60,54.74,2.500,0.00,50.0
1351.00,1059.91,-902.16,54.74,2.500,0.00,50.0
1352.00,1061.95,-900.71,54.74,2.500,0.00,50.0
1353.00,1063.99,-899.27,54.74,2.500,0.00,50.0
1354.00,1066.04,-897.83,54.74,2.500,0.00,50.0
1355.00,1068.08,-896.39,54.74,2.500,0.00,50.0
1356.00,1070.12,-894.94,54.74,2.500,0.00,50.0
1357.00,1072.16,-893.50,54.74,2.500,0.00,50.0
1358.00,1074.20,-892.06,54.74,2.500,0.00,50.0
1359.00,1076.24,-890.61,54.74,2.500,0.00,50.0
1360.00,1078.28,-889.17,54.74,2.500,0.00,50.0
1361.00,1080.32,-887.73,54.74,2.500,0.00,50.0
1362.00,1082.37,-886.28,54.74,2.500,0.00,50.0
1363.00,1084.41,-884.84,54.74,2.500,0.00,50.0
1364.00,1086.45,-883.40,54.74,2.500,0.00,50.0
1365.00,1088.49,-881.95,54.74,2.500,0.00,50.0
1366.00,1090.53,-880.51,54.74,2.500,0.00,50.0
1367.00,1092.57,-879.07,54.74,2.500,0.00,50.0
1368.00,1094.61,-877.62,54.74,2.500,0.00,50.0
1369.00,1096.66,-876.18,54.74,2.500,0.00,50.0
1370.00,1098.70,-874.74,54.74,2.500,0.00,50.0
1371.00,1100.74,-873.30,54.74,2.500,0.00,50.0
1372.00,1102.78,-871.85,54.74,2.500,0.00,50.0
1373.00,1104.82,-870.41,54.74,2.500,0.00,50.0
1374.00,1106.86,-868.97,54.74,2.500,0.00,50.0
1375.00,1108.90,-867.52,54.74,2.500,0.00,50.0
1376.00,1110.95,-866.08,54.74,2.500,0.00,50.0
1377.00,1112.99,-864.64,54.74,2.500,0.00,50.0
1378.00,1115.03,-863.19,54.74,2.500,0.00,50.0
1379.00,1117.07,-861.75,54.74,2.500,0.00,50.0
1380.00,1119.11,-860.31,54.74,2.500,0.00,50.0
1381.00,1121.15,-858.86,54.74,2.500,0.00,50.0
1382.00,1123.19,-857.42,54.74,2.500,0.00,50.0
1383.00,1125.24,-855.98,54.74,2.500,0.00,50.0
1384.00,1127.28,-854.53,54.74,2.500,0.00,50.0
1385.00,1129.32,-853.09,54.74,2.500,0.00,50.0
1386.00,1131.36,-851.65,54.74,2.500,0.00,50.0
1387.00,1133.40,-850.21,54.74,2.500,0.00,50.0
1388.00,1135.44,-848.76,54.74,2.500,0.00,50.0
1389.00,1137.48,-847.32,54.74,2.500,0.00,50.0
1390.00,1139.53,-845.88,54.74,2.500,0.00,50.0
1391.00,1141.57,-844.43,54.74,2.500,0.00,50.0
1392.00,1143.61,-842.99,54.74,2.500,0.00,50.0
1393.00,1145.65,-841.55,54.74,2.500,0.00,50.0
1394.00,1147.69,-840.10,54.74,2.500,0.00,50.0
1395.00,1149.73,-838.66,54.74,2.500,0.00,50.0
1396.00,1151.77,-837.22,54.74,2.500,0.00,50.0
1397.00,1153.82,-835.77,54.74,2.500,0.00,50.0
1398.00,1155.86,-834.33,54.74,2.500,0.00,50.0
1399.00,1157.90,-832.89,54.74,2.500,0.00,50.0
1400.00,1159.94,-831.44,54.74,2.500,0.00,50.0
1401.00,1161.98,-830.00,54.74,2.500,0.00,50.0
1402.00,1164.02,-828.56,54.74,2.500,0.00,50.0
1403.00,1166.06,-827.11,54.74,2.500,0.00,50.0
1404.00,1168.11,-825.67,54.74,2.500,0.00,50.0
1405.00,1170.15,-824.23,54.74,2.500,0.00,50.0
1406.00,1172.19,-822.79,54.74,2.500,0.00,50.0
1407.00,1174.23,-821.34,54.74,2.500,0.00,50.0
1408.00,1176.27,-819.90,54.74,2.500,0.00,50.0
1409.00,1178.31,-818.46,54.74,2.500,0.00,50.0
1410.00,1180.35,-817.01,54.74,2.500,0.00,50.0
1411.00,1182.40,-815.57,54.74,2.500,0.00,50.0
1412.00,1184.44,-814.13,54.74,2.500,0.00,50.0
1413.00,1186.48,-812.68,54.74,2.500,0.00,50.0
1414.00,1188.52,-811.24,54.74,2.500,0.00,50.0
1415.00,1190.56,-809.80,54.74,2.500,0.00,50.0
1416.00,1192.60,-808.35,54.74,2.500,0.00,50.0
1417.00,1194.64,-806.91,54.74,2.500,0.00,50.0
1418.00,1196.69,-805.47,54.74,2.500,0.00,50.0
1419.00,1198.73,-804.02,54.74,2.500,0.00,50.0
1420.00,1200.77,-802.58,54.74,2.500,0.00,50.0
1421.00,1202.81,-801.14,54.74,2.500,0.00,50.0
1422.00,1204.85,-799.70,54.74,2.500,0.00,50.0
1423.00,1206.89,-798.25,54.74,2.500,0.00,50.0
1424.00,1208.93,-796.81,54.74,2.500,0.00,50.0
1425.00,1210.98,-795.37,54.74,2.500,0.00,50.0
1426.00,1213.02,-793.92,54.74,2.500,0.00,50.0
1427.00,1215.06,-792.48,54.74,2.500,0.00,50.0
1428.00,1217.10,-791.04,54.74,2.500,0.00,50.0
1429.00,1219.14,-789.59,54.74,2.500,0.00,50.0
1430.00,1221.18,-788.15,54.74,2.500,0.00,50.0
1431.00,1223.22,-786.71,54.74,2.500,0.00,50.0
1432.00,1225.27,-785.26,54.74,2.500,0.00,50.0
1433.00,1227.31,-783.82,54.74,2.500,0.00,50.0
1434.00,1229.35,-782.38,54.74,2.500,0.00,50.0
1435.00,1231.39,-780.94,54.74,2.500,0.00,50.0
1436.00,1233.43,-779.49,54.74,2.500,0.00,50.0
1437.00,1235.47,-778.05,54.74,2.500,0.00,50.0
1438.00,1237.51,-776.61,54.74,2.500,0.00,50.0
1439.00,1239.56,-775.16,54.74,2.500,0.00,50.0
1440.00,1241.60,-773.72,54.74,2.500,0.00,50.0
1441.00,1243.64,-772.28,54.74,2.500,0.00,50.0
1442.00,1245.68,-770.83,54.74,2.500,0.00,50.0
1443.00,1247.72,-769.39,54.74,2.500,0.00,50.0
1444.00,1249.76,-767.95,54.74,2.500,0.00,50.0
1445.00,1251.80,-766.50,54.74,2.500,0.00,50.0
1446.00,1253.85,-765.06,54.74,2.500,0.00,50.0
1447.00,1255.89,-763.62,54.74,2.500,0.00,50.0
1448.00,1257.93,-762.17,54.74,2.500,0.00,50.0
1449.00,1259.97,-760.73,54.74,2.500,0.00,50.0
1450.00,1262.01,-759.29,54.74,2.500,0.00,50.0
1451.00,1264.05,-757.85,54.74,2.500,0.00,50.0
1452.00,1266.09,-756.40,54.74,2.500,0.00,50.0
1453.00,1268.14,-754.96,54.74,2.500,0.00,50.0
1454.00,1270.18,-753.52,54.74,2.500,0.00,50.0
1455.00,1272.22,-752.07,54.74,2.500,0.00,50.0
1456.00,1274.26,-750.63,54.74,2.500,0.00,50.0
1457.00,1276.30,-749.19,54.74,2.500,0.00,50.0
1458.00,1278.34,-747.74,54.74,2.500,0.00,50.0
1459.00,1280.38,-746.30,54.74,2.500,0.00,50.0
1460.00,1282.43,-744.86,54.74,2.500,0.00,50.0
1461.00,1284.47,-743.41,54.74,2.500,0.00,50.0
1462.00,1286.51,-741.97,54.74,2.500,0.00,50.0
1463.00,1288.55,-740.53,54.74,2.500,0.00,50.0
1464.00,1290.59,-739.08,54.74,2.500,0.00,50.0
1465.00,1292.63,-737.64,54.74,2.500,0.00,50.0
1466.00,1294.67,-736.20,54.74,2.500,0.00,50.0
1467.00,1296.72,-734.76,54.74,2.500,0.00,50.0
1468.00,1298.76,-733.31,54.74,2.500,0.00,50.0
1469.00,1300.80,-731.87,54.74,2.500,0.00,50.0
1470.00,1302.84,-730.43,54.74,2.500,0.00,50.0
1471.00,1304.88,-728.98,54.74,2.500,0.00,50.0
1472.00,1306.92,-727.54,54.74,2.500,0.00,50.0
1473.00,1308.96,-726.10,54.74,2.500,0.00,50.0
1474.00,1311.01,-724.65,54.74,2.500,0.00,50.0
1475.00,1313.05,-723.21,54.74,2.500,0.00,50.0
1476.00,1315.09,-721.77,54.74,2.500,0.00,50.0
1477.00,1317.13,-720.32,54.74,2.500,0.00,50.0
1478.00,1319.17,-718.88,54.74,2.500,0.00,50.0
1479.00,1321.21,-717.44,54.74,2.500,0.00,50.0
1480.00,1323.25,-715.99,54.74,2.500,0.00,50.0
1481.00,1325.30,-714.55,54.74,2.500,0.00,50.0
1482.00,1327.34,-713.11,54.74,2.500,0.00,50.0
1483.00,1329.38,-711.67,54.74,2.500,0.00,50.0
1484.00,1331.42,-710.22,54.74,2.500,0.00,50.0
1485.00,1333.46,-708.78,54.74,2.500,0.00,50.0
1486.00,1335.50,-707.34,54.74,2.500,0.00,50.0
1487.00,1337.54,-705.89,54.74,2.500,0.00,50.0
1488.00,1339.59,-704.45,54.74,2.500,0.00,50.0
1489.00,1341.63,-703.01,54.74,2.500,0.00,50.0
1490.00,1343.67,-701.56,54.74,2.500,0.00,50.0
1491.00,1345.71,-700.12,54.74,2.500,0.00,50.0
1492.00,1347.75,-698.68,54.74,2.500,0.00,50.0
1493.00,1349.79,-697.23,54.74,2.500,0.00,50.0
1494.00,1351.83,-695.79,54.74,2.500,0.00,50.0
1495.00,1353.88,-694.35,54.74,2.500,0.00,50.0
1496.00,1355.92,-692.90,54.74,2.500,0.00,50.0
1497.00,1357.96,-691.46,54.74,2.500,0.00,50.0
1498.00,1360.00,-690.02,54.74,2.500,0.00,50.0
1499.00,1362.04,-688.58,54.74,2.500,0.00,50.0
1500.00,1364.08,-687.13,54.74,2.500,0.00,50.0
1501.00,1366.12,-685.69,54.74,2.500,0.00,50.0
1502.00,1368.17,-684.25,54.74,2.500,0.00,50.0
1503.00,1370.21,-682.80,54.74,2.500,0.00,50.0
1504.00,1372.25,-681.36,54.74,2.500,0.00,50.0
1505.00,1374.29,-679.92,54.74,2.500,0.00,50.0
1506.00,1376.33,-678.47,54.74,2.500,0.00,50.0
1507.00,1378.37,-677.03,54.74,2.500,0.00,50.0
1508.00,1380.41,-675.59,54.74,2.500,0.00,50.0
1509.00,1382.46,-674.14,54.74,2.500,0.00,50.0
1510.00,1384.50,-672.70,54.74,2.500,0.00,50.0
1511.00,1386.54,-671.26,54.74,2.500,0.00,50.0
1512.00,1388.58,-669.81,54.74,2.500,0.00,50.0
1513.00,1390.62,-668.37,54.74,2.500,0.00,50.0
1514.00,1392.66,-666.93,54.74,2.500,0.00,50.0
1515.00,1394.70,-665.49,54.74,2.500,0.00,50.0
1516.00,1396.75,-664.04,54.74,2.500,0.00,50.0
1517.00,1398.79,-662.60,54.74,2.500,0.00,50.0
1518.00,1400.83,-661.16,54.74,2.500,0.00,50.0
1519.00,1402.87,-659.71,54.74,2.500,0.00,50.0
1520.00,1404.91,-658.27,54.74,2.500,0.00,50.0
1521.00,1406.95,-656.83,54.74,2.500,0.00,50.0
1522.00,1408.99,-655.38,54.74,2.500,0.00,50.0
1523.00,1411.03,-653.94,54.74,2.500,0.00,50.0
1524.00,1413.08,-652.50,54.74,2.500,0.00,50.0
1525.00,1415.12,-651.05,54.74,2.500,0.00,50.0
1526.00,1417.16,-649.61,54.74,2.500,0.00,50.0
1527.00,1419.20,-648.17,54.74,2.500,0.00,50.0
1528.00,1421.24,-646.73,54.74,2.500,0.00,50.0
1529.00,1423.28,-645.28,54.74,2.500,0.00,50.0
1530.00,1425.32,-643.84,54.74,2.500,0.00,50.0
1531.00,1427.37,-642.40,54.74,2.500,0.00,50.0
1532.00,1429.41,-640.95,54.74,2.500,0.00,50.0
1533.00,1431.45,-639.51,54.74,2.500,0.00,50.0
1534.00,1433.49,-638.07,54.74,2.500,0.00,50.0
1535.00,1435.53,-636.62,54.74,2.500,0.00,50.0
1536.00,1437.57,-635.18,54.74,2.500,0.00,50.0
1537.00,1439.61,-633.74,54.74,2.500,0.00,50.0
1538.00,1441.66,-632.29,54.74,2.500,0.00,50.0
1539.00,1443.70,-630.85,54.74,2.500,0.00,50.0
1540.00,1445.74,-629.41,54.74,2.500,0.00,50.0
1541.00,1447.78,-627.96,54.74,2.500,0.00,50.0
1542.00,1449.82,-626.52,54.74,2.500,0.00,50.0
1543.00,1451.86,-625.08,54.74,2.500,0.00,50.0
1544.00,1453.90,-623.64,54.74,2.500,0.00,50.0
1545.00,1455.95,-622.19,54.74,2.500,0.00,50.0
1546.00,1457.99,-620.75,54.74,2.500,0.00,50.0
1547.00,1460.03,-619.31,54.74,2.500,0.00,50.0
1548.00,1462.07,-617.86,54.74,2.500,0.00,50.0
1549.00,1464.11,-616.42,54.74,2.500,0.00,50.0
1550.00,1466.15,-614.98,54.74,2.500,0.00,50.0
1551.00,1468.19,-613.53,54.74,2.500,0.00,50.0
1552.00,1470.24,-612.09,54.74,2.500,0.00,50.0
1553.00,1472.28,-610.65,54.74,2.500,0.00,50.0
1554.00,1474.32,-609.20,54.74,2.500,0.00,50.0
1555.00,1476.36,-607.76,54.74,2.500,0.00,50.0
1556.00,1478.40,-606.32,54.74,2.500,0.00,50.0
1557.00,1480.44,-604.87,54.74,2.500,0.00,50.0
1558.00,1482.48,-603.43,54.74,2.500,0.00,50.0
1559.00,1484.53,-601.99,54.74,2.500,0.00,50.0
1560.00,1486.57,-600.55,54.74,2.500,0.00,50.0
1561.00,1488.61,-599.10,54.74,2.500,0.00,50.0
1562.00,1490.65,-597.66,54.74,2.500,0.00,50.0
1563.00,1492.69,-596.22,54.74,2.500,0.00,50.0
1564.00,1494.73,-594.77,54.74,2.500,0.00,50.0
1565.00,1496.77,-593.33,54.74,2.500,0.00,50.0
1566.00,1498.82,-591.89,54.74,2.500,0.00,50.0
1567.00,1500.86,-590.44,54.74,2.500,0.00,50.0
1568.00,1502.90,-589.00,54.74,2.500,0.00,50.0
1569.00,1504.94,-587.56,54.74,2.500,0.00,50.0
1570.00,1506.98,-586.11,54.74,2.500,0.00,50.0
1571.00,1509.02,-584.67,54.74,2.500,0.00,50.0
1572.00,1511.06,-583.23,54.74,2.500,0.00,50.0
1573.00,1513.11,-581.78,54.74,2.500,0.00,50.0
1574.00,1515.15,-580.34,54.74,2.500,0.00,50.0
1575.00,1517.19,-578.90,54.74,2.500,0.00,50.0
1576.00,1519.23,-577.46,54.74,2.500,0.00,50.0
1577.00,1521.27,-576.01,54.74,2.500,0.00,50.0
1578.00,1523.31,-574.57,54.74,2.500,0.00,50.0
1579.00,1525.35,-573.13,54.74,2.500,0.00,50.0
1580.00,1527.40,-571.68,54.74,2.500,0.00,50.0
1581.00,1529.44,-570.24,54.74,2.500,0.00,50.0
1582.00,1531.48,-568.80,54.74,2.500,0.00,50.0
1583.00,1533.52,-567.35,54.74,2.500,0.00,50.0
1584.00,1535.56,-565.91,54.74,2.500,0.00,50.0
1585.00,1537.60,-564.47,54.74,2.500,0.00,50.0
1586.00,1539.64,-563.02,54.74,2.500,0.00,50.0
1587.00,1541.69,-561.58,54.74,2.500,0.00,50.0
1588.00,1543.73,-560.14,54.74,2.500,0.00,50.0
1589.00,1545.77,-558.69,54.74,2.500,0.00,50.0
1590.00,1547.81,-557.25,54.74,2.500,0.00,50.0
1591.00,1549.85,-555.81,54.74,2.500,0.00,50.0
1592.00,1551.89,-554.37,54.74,2.500,0.00,50.0
1593.00,1553.93,-552.92,54.74,2.500,0.00,50.0
1594.00,1555.98,-551.48,54.74,2.500,0.00,50.0
1595.00,1558.02,-550.04,54.74,2.500,0.00,50.0
1596.00,1560.06,-548.59,54.74,2.500,0.00,50.0
1597.00,1562.10,-547.15,54.74,2.500,0.00,50.0
1598.00,1564.14,-545.71,54.74,2.500,0.00,50.0
1599.00,1566.18,-544.26,54.74,2.500,0.00,50.0
1600.00,1568.22,-542.82,54.74,2.500,0.00,50.0
1601.00,1570.27,-541.38,54.74,2.500,0.00,50.0
1602.00,1572.31,-539.93,54.74,2.500,0.00,50.0
1603.00,1574.35,-538.49,54.74,2.500,0.00,50.0
1604.00,1576.39,-537.05,54.74,2.500,0.00,50.0
1605.00,1578.43,-535.61,54.74,2.500,0.00,50.0
1606.00,1580.47,-534.16,54.74,2.500,0.00,50.0
1607.00,1582.51,-532.72,54.74,2.500,0.00,50.0
1608.00,1584.56,-531.28,54.74,2.500,0.00,50.0
1609.00,1586.60,-529.83,54.74,2.500,0.00,50.0
1610.00,1588.64,-528.39,54.74,2.500,0.00,50.0
1611.00,1590.68,-526.95,54.74,2.500,0.00,50.0
1612.00,1592.72,-525.50,54.74,2.500,0.00,50.0
1613.00,1594.76,-524.06,54.74,2.500,0.00,50.0
1614.00,1596.80,-522.62,54.74,2.500,0.00,50.0
1615.00,1598.85,-521.17,54.74,2.500,0.00,50.0
1616.00,1600.89,-519.73,54.74,2.500,0.00,50.0
1617.00,1602.93,-518.29,54.74,2.500,0.00,50.0
1618.00,1604.97,-516.84,54.74,2.500,0.00,50.0
1619.00,1607.01,-515.40,54.74,2.500,0.00,50.0
1620.00,1609.05,-513.96,54.74,2.500,0.00,50.0
1621.00,1611.09,-512.52,54.74,2.500,0.00,50.0
1622.00,1613.14,-511.07,54.74,2.500,0.00,50.0
1623.00,1615.18,-509.63,54.74,2.500,0.00,50.0
1624.00,1617.22,-508.19,54.74,2.500,0.00,50.0
1625.00,1619.26,-506.74,54.74,2.500,0.00,50.0
1626.00,1621.30,-505.30,54.74,2.500,0.00,50.0
1627.00,1623.34,-503.86,54.74,2.500,0.00,50.0
1628.00,1625.38,-502.41,54.74,2.500,0.00,50.0
1629.00,1627.43,-500.97,54.74,2.500,0.00,50.0
1630.00,1629.47,-499.53,54.74,2.500,0.00,50.0
1631.00,1631.51,-498.08,54.74,2.500,0.00,50.0
1632.00,1633.55,-496.64,54.74,2.500,0.00,50.0
1633.00,1635.59,-495.20,54.74,2.500,0.00,50.0
1634.00,1637.63,-493.75,54.74,2.500,0.00,50.0
1635.00,1639.67,-492.31,54.74,2.500,0.00,50.0
1636.00,1641.72,-490.87,54.74,2.500,0.00,50.0
1637.00,1643.76,-489.43,54.74,2.500,0.00,50.0
1638.00,1645.80,-487.98,54.74,2.500,0.00,50.0
1639.00,1647.84,-486.54,54.74,2.500,0.00,50.0
1640.00,1649.88,-485.10,54.74,2.500,0.00,50.0
1641.00,1651.92,-483.65,54.74,2.500,0.00,50.0
1642.00,1653.96,-482.21,54.74,2.500,0.00,50.0
1643.00,1656.01,-480.77,54.74,2.500,0.00,50.0
1644.00,1658.05,-479.32,54.74,2.500,0.00,50.0
1645.00,1660.09,-477.88,54.74,2.500,0.00,50.0
1646.00,1662.13,-476.44,54.74,2.500,0.00,50.0
1647.00,1664.17,-474.99,54.74,2.500,0.00,50.0
1648.00,1666.21,-473.55,54.74,2.500,0.00,50.0
1649.00,1668.25,-472.11,54.74,2.500,0.00,50.0
1650.00,1670.30,-470.66,54.74,2.500,0.00,50.0
1651.00,1672.34,-469.22,54.74,2.500,0.00,50.0
1652.00,1674.38,-467.78,54.74,2.500,0.00,50.0
1653.00,1676.42,-466.34,54.74,2.500,0.00,50.0
1654.00,1678.46,-464.89,54.74,2.500,0.00,50.0
1655.00,1680.50,-463.45,54.74,2.500,0.00,50.0
1656.00,1682.54,-462.01,54.74,2.500,0.00,50.0
1657.00,1684.59,-460.56,54.74,2.500,0.00,50.0
1658.00,1686.63,-459.12,54.74,2.500,0.00,50.0
1659.00,1688.67,-457.68,54.74,2.500,0.00,50.0
1660.00,1690.71,-456.23,54.74,2.500,0.00,50.0
1661.00,1692.75,-454.79,54.74,2.500,0.00,50.0
1662.00,1694.79,-453.35,54.74,2.500,0.00,50.0
1663.00,1696.83,-451.90,54.74,2.500,0.00,50.0
1664.00,1698.88,-450.46,54.74,2.500,0.00,50.0
1665.00,1700.92,-449.02,54.74,2.500,0.00,50.0
1666.00,1702.96,-447.57,54.74,2.500,0.00,50.0
1667.00,1705.00,-446.13,54.74,2.500,0.00,50.0
1668.00,1707.04,-444.69,54.74,2.500,0.00,50.0
1669.00,1709.08,-443.25,54.74,2.500,0.00,50.0
1670.00,1711.12,-441.80,54.74,2.500,0.00,50.0
1671.00,1713.17,-440.36,54.74,2.500,0.00,50.0
1672.00,1715.21,-438.92,54.74,2.500,0.00,50.0
1673.00,1717.25,-437.47,54.74,2.500,0.00,50.0
1674.00,1719.29,-436.03,54.74,2.500,0.00,50.0
1675.00,1721.33,-434.59,54.74,2.500,0.00,50.0
1676.00,1723.37,-433.14,54.74,2.500,0.00,50.0
1677.00,1725.41,-431.70,54.74,2.500,0.00,50.0
1678.00,1727.46,-430.26,54.74,2.500,0.00,50.0
1679.00,1729.50,-428.81,54.74,2.500,0.00,50.0
1680.00,1731.54,-427.37,54.74,2.500,0.00,50.0
1681.00,1733.58,-425.93,54.74,2.500,0.00,50.0
1682.00,1735.62,-424.48,54.74,2.500,0.00,50.0
1683.00,1737.66,-423.04,54.74,2.500,0.00,50.0
1684.00,1739.70,-421.60,54.74,2.500,0.00,50.0
1685.00,1741.75,-420.16,54.74,2.500,0.00,50.0
1686.00,1743.79,-418.71,54.74,2.500,0.00,50.0
1687.00,1745.83,-417.27,54.74,2.500,0.00,50.0
1688.00,1747.87,-415.83,54.74,2.500,0.00,50.0
1689.00,1749.91,-414.38,54.74,2.500,0.00,50.0
1690.00,1751.95,-412.94,54.74,2.500,0.00,50.0
1691.00,1753.99,-411.50,54.74,2.500,0.00,50.0
1692.00,1756.04,-410.05,54.74,2.500,0.00,50.0
1693.00,1758.08,-408.61,54.74,2.500,0.00,50.0
1694.00,1760.12,-407.17,54.74,2.500,0.00,50.0
1695.00,1762.16,-405.72,54.74,2.500,0.00,50.0
1696.00,1764.20,-404.28,54.74,2.500,0.00,50.0
1697.00,1766.24,-402.84,54.74,2.500,0.00,50.0
1698.00,1768.28,-401.40,54.74,2.500,0.00,50.0
1699.00,1770.33,-399.95,54.74,2.500,0.00,50.0
1700.00,1772.37,-398.51,54.74,2.500,0.00,50.0
1701.00,1774.41,-397.07,54.74,2.500,0.00,50.0
1702.00,1776.45,-395.62,54.74,2.500,0.00,50.0
1703.00,1778.49,-394.18,54.74,2.500,0.00,50.0
1704.00,1780.53,-392.74,54.74,2.500,0.00,50.0
1705.00,1782.57,-391.29,54.74,2.500,0.00,50.0
1706.00,1784.62,-389.85,54.74,2.500,0.00,50.0
1707.00,1786.66,-388.41,54.74,2.500,0.00,50.0
1708.00,1788.70,-386.96,54.74,2.500,0.00,50.0
1709.00,1790.74,-385.52,54.74,2.500,0.00,50.0
1710.00,1792.78,-384.08,54.74,2.500,0.00,50.0
1711.00,1794.82,-382.63,54.74,2.500,0.00,50.0
1712.00,1796.86,-381.19,54.74,2.500,0.00,50.0
1713.00,1798.91,-379.75,54.74,2.500,0.00,50.0
1714.00,1800.95,-378.31,54.74,2.500,0.00,50.0
1715.00,1802.99,-376.86,54.74,2.500,0.00,50.0
1716.00,1805.03,-375.42,54.74,2.500,0.00,50.0
1717.00,1807.07,-373.98,54.74,2.500,0.00,50.0
1718.00,1809.11,-372.53,54.74,2.500,0.00,50.0
1719.00,1811.15,-371.09,54.74,2.500,0.00,50.0
1720.00,1813.20,-369.65,54.74,2.500,0.00,50.0
1721.00,1815.24,-368.20,54.74,2.500,0.00,50.0
1722.00,1817.28,-366.76,54.74,2.500,0.00,50.0
1723.00,1819.32,-365.32,54.74,2.500,0.00,50.0
1724.00,1821.36,-363.87,54.74,2.500,0.00,50.0
1725.00,1823.40,-362.43,54.74,2.500,0.00,50.0
1726.00,1825.44,-360.99,54.74,2.500,0.00,50.0
1727.00,1827.49,-359.54,54.74,2.500,0.00,50.0
1728.00,1829.53,-358.10,54.74,2.500,0.00,50.0
1729.00,1831.57,-356.66,54.74,2.500,0.00,50.0
1730.00,1833.61,-355.22,54.74,2.500,0.00,50.0
1731.00,1835.65,-353.77,54.74,2.500,0.00,50.0
1732.00,1837.69,-352.33,54.74,2.500,0.00,50.0
1733.00,1839.73,-350.89,54.74,2.500,0.00,50.0
1734.00,1841.78,-349.44,54.74,2.500,0.00,50.0
1735.00,1843.82,-348.00,54.74,2.500,0.00,50.0
1736.00,1845.86,-346.56,54.74,2.500,0.00,50.0
1737.00,1847.90,-345.11,54.74,2.500,0.00,50.0
1738.00,1849.94,-343.67,54.74,2.500,0.00,50.0
1739.00,1851.98,-342.23,54.74,2.500,0.00,50.0
1740.00,1854.02,-340.78,54.74,2.500,0.00,50.0
1741.00,1856.07,-339.34,54.74,2.500,0.00,50.0
1742.00,1858.11,-337.90,54.74,2.500,0.00,50.0
1743.00,1860.15,-336.45,54.74,2.500,0.00,50.0
1744.00,1862.19,-335.01,54.74,2.500,0.00,50.0
1745.00,1864.23,-333.57,54.74,2.500,0.00,50.0
1746.00,1866.27,-332.13,54.74,2.500,0.00,50.0
1747.00,1868.31,-330.68,54.74,2.500,0.00,50.0
1748.00,1870.36,-329.24,54.74,2.500,0.00,50.0
1749.00,1872.40,-327.80,54.74,2.500,0.00,50.0
1750.00,1874.44,-326.35,54.74,2.500,0.00,50.0
1751.00,1876.48,-324.91,54.74,2.500,0.00,50.0
1752.00,1878.52,-323.47,54.74,2.500,0.00,50.0
1753.00,1880.56,-322.02,54.74,2.500,0.00,50.0
1754.00,1882.60,-320.58,54.74,2.500,0.00,50.0
1755.00,1884.65,-319.14,54.74,2.500,0.00,50.0
1756.00,1886.69,-317.69,54.74,2.500,0.00,50.0
1757.00,1888.73,-316.25,54.74,2.500,0.00,50.0
1758.00,1890.77,-314.81,54.74,2.500,0.00,50.0
1759.00,1892.81,-313.36,54.74,2.500,0.00,50.0
1760.00,1894.85,-311.92,54.74,2.500,0.00,50.0
1761.00,1896.89,-310.48,54.74,2.500,0.00,50.0
1762.00,1898.94,-309.04,54.74,2.500,0.00,50.0
1763.00,1900.98,-307.59,54.74,2.500,0.00,50.0
1764.00,1903.02,-306.15,54.74,2.500,0.00,50.0
1765.00,1905.06,-304.71,54.74,2.500,0.00,50.0
1766.00,1907.10,-303.26,54.74,2.500,0.00,50.0
1767.00,1909.14,-301.82,54.74,2.500,0.00,50.0
1768.00,1911.18,-300.38,54.74,2.500,0.00,50.0
1769.00,1913.23,-298.93,54.74,2.500,0.00,50.0
1770.00,1915.27,-297.49,54.74,2.500,0.00,50.0
1771.00,1917.31,-296.05,54.74,2.500,0.00,50.0
1772.00,1919.35,-294.60,54.74,2.500,0.00,50.0
1773.00,1921.39,-293.16,54.74,2.500,0.00,50.0
1774.00,1923.43,-291.72,54.74,2.500,0.00,50.0
1775.00,1925.47,-290.28,54.74,2.500,0.00,50.0
1776.00,1927.52,-288.83,54.74,2.500,0.00,50.0
1777.00,1929.56,-287.39,54.74,2.500,0.00,50.0
1778.00,1931.60,-285.95,54.74,2.500,0.00,50.0
1779.00,1933.64,-284.50,54.74,2.500,0.00,50.0
1780.00,1935.68,-283.06,54.74,2.500,0.00,50.0
1781.00,1937.72,-281.62,54.74,2.500,0.00,50.0
1782.00,1939.76,-280.17,54.74,2.500,0.00,50.0
1783.00,1941.81,-278.73,54.74,2.500,0.00,50.0
1784.00,1943.85,-277.29,54.74,2.500,0.00,50.0
1785.00,1945.89,-275.84,54.74,2.500,0.00,50.0
1786.00,1947.93,-274.40,54.74,2.500,0.00,50.0
1787.00,1949.97,-272.96,54.74,2.500,0.00,50.0
1788.00,1952.01,-271.51,54.74,2.500,0.00,50.0
1789.00,1954.05,-270.07,54.74,2.500,0.00,50.0
1790.00,1956.10,-268.63,54.74,2.500,0.00,50.0
1791.00,1958.14,-267.19,54.74,2.500,0.00,50.0
1792.00,1960.18,-265.74,54.74,2.500,0.00,50.0
1793.00,1962.22,-264.30,54.74,2.500,0.00,50.0
1794.00,1964.26,-262.86,54.74,2.500,0.00,50.0
1795.00,1966.30,-261.41,54.74,2.500,0.00,50.0
1796.00,1968.34,-259.97,54.74,2.500,0.00,50.0
1797.00,1970.39,-258.53,54.74,2.500,0.00,50.0
1798.00,1972.43,-257.08,54.74,2.500,0.00,50.0
1799.00,1974.47,-255.64,54.74,2.500,0.00,50.0
1800.00,1976.51,-254.20,54.74,2.500,0.00,50.0
1801.00,1978.55,-252.75,54.74,2.500,0.00,50.0
1802.00,1980.59,-251.31,54.74,2.500,0.00,50.0
1803.00,1982.63,-249.87,54.74,2.500,0.00,50.0
1804.00,1984.68,-248.42,54.74,2.500,0.00,50.0
1805.00,1986.72,-246.98,54.74,2.500,0.00,50.0
1806.00,1988.76,-245.54,54.74,2.500,0.00,50.0
1807.00,1990.80,-244.10,54.74,2.500,0.00,50.0
1808.00,1992.84,-242.65,54.74,2.500,0.00,50.0
1809.00,1994.88,-241.21,54.74,2.500,0.00,50.0
1810.00,1996.92,-239.77,54.74,2.500,0.00,50.0
1811.00,1998.97,-238.32,54.74,2.500,0.00,50.0
1812.00,2001.01,-236.88,54.74,2.500,0.00,50.0
1813.00,2003.05,-235.44,54.74,2.500,0.00,50.0
1814.00,2005.09,-233.99,54.74,2.500,0.00,50.0
1815.00,2007.13,-232.55,54.74,2.500,0.00,50.0
1816.00,2009.17,-231.11,54.74,2.500,0.00,50.0
1817.00,2011.21,-229.66,54.74,2.500,0.00,50.0
1818.00,2013.26,-228.22,54.74,2.500,0.00,50.0
1819.00,2015.30,-226.78,54.74,2.500,0.00,50.0
1820.00,2017.34,-225.33,54.74,2.500,0.00,50.0
1821.00,2019.38,-223.89,54.74,2.500,0.00,50.0
1822.00,2021.42,-222.45,54.74,2.500,0.00,50.0
1823.00,2023.46,-221.01,54.74,2.500,0.00,50.0
1824.00,2025.50,-219.56,54.74,2.500,0.00,50.0
1825.00,2027.55,-218.12,54.74,2.500,0.00,50.0
1826.00,2029.59,-216.68,54.74,2.500,0.00,50.0
1827.00,2031.63,-215.23,54.74,2.500,0.00,50.0
1828.00,2033.67,-213.79,54.74,2.500,0.00,50.0
1829.00,2035.71,-212.35,54.74,2.500,0.00,50.0
1830.00,2037.75,-210.90,54.74,2.500,0.00,50.0
1831.00,2039.79,-209.46,54.74,2.500,0.00,50.0
1832.00,2041.83,-208.02,54.74,2.500,0.00,50.0
1833.00,2043.88,-206.57,54.74,2.500,0.00,50.0
1834.00,2045.92,-205.13,54.74,2.500,0.00,50.0
1835.00,2047.96,-203.69,54.74,2.500,0.00,50.0
1836.00,2050.00,-202.24,54.74,2.500,0.00,50.0
1837.00,2052.04,-200.80,54.74,2.500,0.00,50.0
1838.00,2054.08,-199.36,54.74,2.500,0.00,50.0
1839.00,2056.12,-197.92,54.74,2.500,0.00,50.0
1840.00,2058.17,-196.47,54.74,2.500,0.00,50.0
1841.00,2060.21,-195.03,54.74,2.500,0.00,50.0
1842.00,2062.25,-193.59,54.74,2.500,0.00,50.0
1843.00,2064.29,-192.14,54.74,2.500,0.00,50.0
1844.00,2066.33,-190.70,54.74,2.500,0.00,50.0
1845.00,2068.37,-189.26,54.74,2.500,0.00,50.0
1846.00,2070.41,-187.81,54.74,2.500,0.00,50.0
1847.00,2072.46,-186.37,54.74,2.500,0.00,50.0
1848.00,2074.50,-184.93,54.74,2.500,0.00,50.0
1849.00,2076.54,-183.48,54.74,2.500,0.00,50.0
1850.00,2078.58,-182.04,54.74,2.500,0.00,50.0
1851.00,2080.62,-180.60,54.74,2.500,0.00,50.0
1852.00,2082.66,-179.15,54.74,2.500,0.00,50.0
1853.00,2084.70,-177.71,54.74,2.500,0.00,50.0
1854.00,2086.75,-176.27,54.74,2.500,0.00,50.0
1855.00,2088.79,-174.83,54.74,2.500,0.00,50.0
1856.00,2090.83,-173.38,54.74,2.500,0.00,50.0
1857.00,2092.87,-171.94,54.74,2.500,0.00,50.0
1858.00,2094.91,-170.50,54.74,2.500,0.00,50.0
1859.00,2096.95,-169.05,54.74,2.500,0.00,50.0
1860.00,2098.99,-167.62,54.74,2.490,-5.00,40.0
1861.00,2101.01,-166.18,54.74,2.480,-5.00,40.0
1862.00,2103.03,-164.76,54.74,2.471,-5.00,40.0
1863.00,2105.04,-163.34,54.73,2.461,-10.00,40.0
1864.00,2107.04,-161.92,54.73,2.452,-10.00,40.0
1865.00,2109.04,-160.51,54.72,2.443,-10.00,40.0
1866.00,2111.02,-159.10,54.71,2.434,-15.00,40.0
1867.00,2113.00,-157.70,54.69,2.425,-15.00,40.0
1868.00,2114.97,-156.31,54.68,2.417,-15.00,40.0
1869.00,2116.94,-154.91,54.66,2.409,-20.00,40.0
1870.00,2118.90,-153.53,54.64,2.400,-20.00,40.0
1871.00,2120.85,-152.14,54.61,2.392,-20.00,40.0
1872.00,2122.79,-150.76,54.58,2.385,-25.00,40.0
1873.00,2124.73,-149.38,54.55,2.377,-25.00,40.0
1874.00,2126.66,-148.01,54.51,2.369,-25.00,40.0
1875.00,2128.58,-146.64,54.47,2.362,-30.00,40.0
1876.00,2130.50,-145.27,54.43,2.355,-30.00,40.0
1877.00,2132.41,-143.90,54.38,2.348,-30.00,40.0
1878.00,2134.31,-142.54,54.32,2.341,-35.00,40.0
1879.00,2136.21,-141.18,54.27,2.334,-35.00,40.0
1880.00,2138.10,-139.82,54.20,2.327,-35.00,40.0
1881.00,2139.98,-138.46,54.13,2.321,-35.00,40.0
1882.00,2141.85,-137.11,54.06,2.314,-35.00,40.0
1883.00,2143.72,-135.75,53.98,2.308,-35.00,40.0
1884.00,2145.58,-134.40,53.90,2.302,-35.00,40.0
1885.00,2147.44,-133.05,53.82,2.296,-35.00,40.0
1886.00,2149.29,-131.69,53.73,2.290,-35.00,40.0
1887.00,2151.13,-130.34,53.63,2.284,-35.00,40.0
1888.00,2152.96,-128.99,53.54,2.278,-35.00,40.0
1889.00,2154.79,-127.64,53.44,2.273,-35.00,40.0
1890.00,2156.61,-126.29,53.33,2.267,-35.00,40.0
1891.00,2158.43,-124.94,53.23,2.262,-35.00,40.0
1892.00,2160.23,-123.59,53.12,2.257,-35.00,40.0
1893.00,2162.03,-122.24,53.01,2.252,-35.00,40.0
1894.00,2163.83,-120.89,52.89,2.247,-35.00,40.0
1895.00,2165.62,-119.53,52.77,2.242,-35.00,40.0
1896.00,2167.40,-118.18,52.65,2.237,-35.00,40.0
1897.00,2169.17,-116.83,52.53,2.232,-35.00,40.0
1898.00,2170.94,-115.47,52.40,2.227,-35.00,40.0
1899.00,2172.70,-114.12,52.27,2.223,-35.00,40.0
1900.00,2174.46,-112.76,52.14,2.218,-35.00,40.0
1901.00,2176.20,-111.40,52.01,2.214,-35.00,40.0
1902.00,2177.95,-110.04,51.87,2.210,-35.00,40.0
1903.00,2179.68,-108.68,51.74,2.206,-35.00,40.0
1904.00,2181.41,-107.31,51.60,2.201,-35.00,40.0
1905.00,2183.13,-105.95,51.45,2.197,-35.00,40.0
1906.00,2184.85,-104.58,51.31,2.193,-35.00,40.0
1907.00,2186.56,-103.21,51.16,2.190,-35.00,40.0
1908.00,2188.26,-101.84,51.02,2.186,-35.00,40.0
1909.00,2189.95,-100.47,50.87,2.182,-35.00,40.0
1910.00,2191.64,-99.09,50.72,2.178,-35.00,40.0
1911.00,2193.33,-97.72,50.56,2.175,-35.00,40.0
1912.00,2195.00,-96.34,50.41,2.171,-35.00,40.0
1913.00,2196.68,-94.96,50.26,2.168,-35.00,40.0
1914.00,2198.34,-93.57,50.10,2.165,-35.00,40.0
1915.00,2200.00,-92.19,49.94,2.161,-35.00,40.0
1916.00,2201.65,-90.80,49.78,2.158,-35.00,40.0
1917.00,2203.29,-89.41,49.62,2.155,-35.00,40.0
1918.00,2204.93,-88.01,49.46,2.152,-35.00,40.0
1919.00,2206.57,-86.62,49.29,2.149,-35.00,40.0
1920.00,2208.19,-85.22,49.13,2.146,-35.00,40.0
1921.00,2209.81,-83.81,48.96,2.143,-35.00,40.0
1922.00,2211.43,-82.41,48.79,2.140,-35.00,40.0
1923.00,2213.04,-81.00,48.63,2.137,-35.00,40.0
1924.00,2214.64,-79.59,48.46,2.134,-35.00,40.0
1925.00,2216.23,-78.18,48.29,2.132,-35.00,40.0
1926.00,2217.82,-76.76,48.11,2.129,-35.00,40.0
1927.00,2219.41,-75.34,47.94,2.127,-35.00,40.0
1928.00,2220.98,-73.92,47.77,2.124,-35.00,40.0
1929.00,2222.55,-72.49,47.59,2.122,-35.00,40.0
1930.00,2224.12,-71.06,47.42,2.119,-35.00,40.0
1931.00,2225.68,-69.63,47.24,2.117,-35.00,40.0
1932.00,2227.23,-68.19,47.07,2.114,-35.00,40.0
1933.00,2228.78,-66.75,46.89,2.112,-35.00,40.0
1934.00,2230.32,-65.31,46.71,2.110,-35.00,40.0
1935.00,2231.85,-63.87,46.53,2.108,-35.00,40.0
1936.00,2233.38,-62.42,46.35,2.106,-35.00,40.0
1937.00,2234.90,-60.97,46.17,2.103,-35.00,40.0
1938.00,2236.42,-59.51,45.99,2.101,-35.00,40.0
1939.00,2237.93,-58.05,45.81,2.099,-35.00,40.0
1940.00,2239.43,-56.59,45.63,2.097,-35.00,40.0
1941.00,2240.93,-55.13,45.44,2.095,-35.00,40.0
1942.00,2242.42,-53.66,45.26,2.093,-35.00,40.0
1943.00,2243.91,-52.19,45.08,2.092,-35.00,40.0
1944.00,2245.38,-50.71,44.89,2.090,-35.00,40.0
1945.00,2246.86,-49.23,44.71,2.088,-35.00,40.0
1946.00,2248.33,-47.75,44.52,2.086,-35.00,40.0
1947.00,2249.79,-46.26,44.34,2.085,-35.00,40.0
1948.00,2251.24,-44.77,44.15,2.083,-35.00,40.0
1949.00,2252.69,-43.28,43.96,2.081,-35.00,40.0
1950.00,2254.14,-41.78,43.78,2.080,-35.00,40.0
1951.00,2255.57,-40.28,43.59,2.078,-35.00,40.0
1952.00,2257.01,-38.78,43.40,2.076,-35.00,40.0
1953.00,2258.43,-37.27,43.21,2.075,-35.00,40.0
1954.00,2259.85,-35.76,43.02,2.073,-35.00,40.0
1955.00,2261.26,-34.24,42.83,2.072,-35.00,40.0
1956.00,2262.67,-32.73,42.64,2.070,-35.00,40.0
1957.00,2264.07,-31.20,42.45,2.069,-35.00,40.0
1958.00,2265.47,-29.68,42.26,2.068,-35.00,40.0
1959.00,2266.86,-28.15,42.07,2.066,-35.00,40.0
1960.00,2268.24,-26.62,41.88,2.065,-35.00,40.0
1961.00,2269.62,-25.08,41.69,2.064,-35.00,40.0
1962.00,2270.99,-23.54,41.50,2.062,-35.00,40.0
1963.00,2272.36,-22.00,41.31,2.061,-35.00,40.0
1964.00,2273.72,-20.45,41.11,2.060,-35.00,40.0
1965.00,2275.07,-18.90,40.92,2.059,-35.00,40.0
1966.00,2276.42,-17.34,40.73,2.058,-35.00,40.0
1967.00,2277.76,-15.78,40.54,2.056,-35.00,40.0
1968.00,2279.10,-14.22,40.34,2.055,-35.00,40.0
1969.00,2280.43,-12.66,40.15,2.054,-35.00,40.0
1970.00,2281.75,-11.09,39.96,2.053,-35.00,40.0
1971.00,2283.07,-9.51,39.76,2.052,-35.00,40.0
1972.00,2284.38,-7.94,39.57,2.051,-35.00,40.0
1973.00,2285.69,-6.36,39.37,2.050,-35.00,40.0
1974.00,2286.99,-4.77,39.18,2.049,-35.00,40.0
1975.00,2288.28,-3.19,38.99,2.048,-35.00,40.0
1976.00,2289.57,-1.59,38.79,2.047,-35.00,40.0
1977.00,2290.85,-0.00,38.60,2.046,-35.00,40.0
1978.00,2292.13,1.60,38.40,2.045,-35.00,40.0
1979.00,2293.39,3.20,38.21,2.044,-35.00,40.0
1980.00,2294.66,4.81,38.01,2.043,-35.00,40.0
1981.00,2295.92,6.42,37.81,2.043,-35.00,40.0
1982.00,2297.17,8.03,37.62,2.042,-35.00,40.0
1983.00,2298.41,9.64,37.42,2.041,-35.00,40.0
1984.00,2299.65,11.26,37.23,2.040,-35.00,40.0
1985.00,2300.89,12.89,37.03,2.039,-35.00,40.0
1986.00,2302.12,14.52,36.83,2.038,-35.00,40.0
1987.00,2303.34,16.15,36.64,2.038,-35.00,40.0
1988.00,2304.55,17.78,36.44,2.037,-35.00,40.0
1989.00,2305.76,19.42,36.24,2.036,-35.00,40.0
1990.00,2306.97,21.06,36.05,2.035,-35.00,40.0
1991.00,2308.16,22.71,35.85,2.035,-35.00,40.0
1992.00,2309.35,24.35,35.65,2.034,-35.00,40.0
1993.00,2310.54,26.01,35.46,2.033,-35.00,40.0
1994.00,2311.72,27.66,35.26,2.033,-35.00,40.0
1995.00,2312.89,29.32,35.06,2.032,-35.00,40.0
1996.00,2314.06,30.98,34.87,2.031,-35.00,40.0
1997.00,2315.22,32.65,34.67,2.031,-35.00,40.0
1998.00,2316.37,34.32,34.47,2.030,-35.00,40.0
1999.00,2317.52,35.99,34.27,2.030,-35.00,40.0
2000.00,2318.67,37.67,34.08,2.029,-35.00,40.0
2001.00,2319.80,39.35,33.88,2.028,-35.00,40.0
2002.00,2320.93,41.03,33.68,2.028,-35.00,40.0
2003.00,2322.06,42.72,33.48,2.027,-35.00,40.0
2004.00,2323.17,44.41,33.28,2.027,-35.00,40.0
2005.00,2324.29,46.11,33.09,2.026,-35.00,40.0
2006.00,2325.39,47.80,32.89,2.026,-35.00,40.0
2007.00,2326.49,49.50,32.69,2.025,-35.00,40.0
2008.00,2327.59,51.21,32.49,2.025,-35.00,40.0
2009.00,2328.67,52.91,32.29,2.024,-35.00,40.0
2010.00,2329.75,54.63,32.09,2.024,-35.00,40.0
2011.00,2330.83,56.34,31.90,2.023,-35.00,40.0
2012.00,2331.90,58.06,31.70,2.023,-35.00,40.0
2013.00,2332.96,59.78,31.50,2.022,-35.00,40.0
2014.00,2334.02,61.50,31.30,2.022,-35.00,40.0
2015.00,2335.07,63.23,31.10,2.021,-35.00,40.0
2016.00,2336.11,64.96,30.90,2.021,-35.00,40.0
2017.00,2337.15,66.69,30.70,2.021,-35.00,40.0
2018.00,2338.18,68.43,30.51,2.020,-35.00,40.0
2019.00,2339.21,70.17,30.31,2.020,-35.00,40.0
2020.00,2340.22,71.91,30.11,2.019,-35.00,40.0
2021.00,2341.24,73.66,29.91,2.019,-35.00,40.0
2022.00,2342.24,75.41,29.71,2.019,-35.00,40.0
2023.00,2343.24,77.16,29.51,2.018,-35.00,40.0
2024.00,2344.24,78.92,29.31,2.018,-35.00,40.0
2025.00,2345.23,80.68,29.11,2.017,-35.00,40.0
2026.00,2346.21,82.44,28.91,2.017,-35.00,40.0
2027.00,2347.18,84.20,28.72,2.017,-35.00,40.0
2028.00,2348.15,85.97,28.52,2.016,-35.00,40.0
2029.00,2349.11,87.74,28.32,2.016,-35.00,40.0
2030.00,2350.07,89.52,28.12,2.016,-35.00,40.0
2031.00,2351.02,91.30,27.92,2.015,-35.00,40.0
2032.00,2351.96,93.08,27.72,2.015,-35.00,40.0
2033.00,2352.90,94.86,27.52,2.015,-35.00,40.0
2034.00,2353.83,96.65,27.32,2.015,-35.00,40.0
2035.00,2354.76,98.44,27.12,2.014,-35.00,40.0
2036.00,2355.67,100.23,26.92,2.014,-35.00,40.0
2037.00,2356.59,102.03,26.72,2.014,-35.00,40.0
2038.00,2357.49,103.82,26.52,2.013,-35.00,40.0
2039.00,2358.39,105.62,26.32,2.013,-35.00,40.0
2040.00,2359.28,107.43,26.13,2.013,-35.00,40.0
2041.00,2360.17,109.24,25.93,2.013,-35.00,40.0
2042.00,2361.05,111.05,25.73,2.012,-35.00,40.0
2043.00,2361.92,112.86,25.53,2.012,-35.00,40.0
2044.00,2362.79,114.67,25.33,2.012,-35.00,40.0
2045.00,2363.65,116.49,25.13,2.012,-35.00,40.0
2046.00,2364.50,118.31,24.93,2.011,-35.00,40.0
2047.00,2365.35,120.14,24.73,2.011,-35.00,40.0
2048.00,2366.19,121.96,24.53,2.011,-35.00,40.0
2049.00,2367.03,123.79,24.33,2.011,-35.00,40.0
2050.00,2367.86,125.63,24.13,2.011,-35.00,40.0
2051.00,2368.68,127.46,23.93,2.010,-35.00,40.0
2052.00,2369.49,129.30,23.73,2.010,-35.00,40.0
2053.00,2370.30,131.14,23.53,2.010,-35.00,40.0
2054.00,2371.10,132.98,23.33,2.010,-35.00,40.0
2055.00,2371.90,134.82,23.13,2.010,-35.00,40.0
2056.00,2372.69,136.67,22.93,2.009,-35.00,40.0
2057.00,2373.47,138.52,22.73,2.009,-35.00,40.0
2058.00,2374.25,140.38,22.53,2.009,-35.00,40.0
2059.00,2375.02,142.23,22.33,2.009,-35.00,40.0
2060.00,2375.78,144.09,22.13,2.009,-35.00,40.0
2061.00,2376.54,145.95,21.93,2.008,-35.00,40.0
2062.00,2377.29,147.81,21.73,2.008,-35.00,40.0
2063.00,2378.03,149.68,21.53,2.008,-35.00,40.0
2064.00,2378.77,151.55,21.34,2.008,-35.00,40.0
2065.00,2379.50,153.42,21.14,2.008,-35.00,40.0
2066.00,2380.22,155.29,20.94,2.008,-35.00,40.0
2067.00,2380.94,157.16,20.74,2.007,-35.00,40.0
2068.00,2381.65,159.04,20.54,2.007,-35.00,40.0
2069.00,2382.36,160.92,20.34,2.007,-35.00,40.0
2070.00,2383.05,162.80,20.14,2.007,-35.00,40.0
2071.00,2383.74,164.69,19.94,2.007,-35.00,40.0
2072.00,2384.43,166.57,19.74,2.007,-35.00,40.0
2073.00,2385.11,168.46,19.54,2.007,-35.00,40.0
2074.00,2385.78,170.35,19.34,2.006,-35.00,40.0
2075.00,2386.44,172.25,19.14,2.006,-35.00,40.0
2076.00,2387.10,174.14,18.94,2.006,-35.00,40.0
2077.00,2387.75,176.04,18.74,2.006,-35.00,40.0
2078.00,2388.40,177.94,18.54,2.006,-35.00,40.0
2079.00,2389.03,179.84,18.34,2.006,-35.00,40.0
2080.00,2389.66,181.74,18.14,2.006,-35.00,40.0
2081.00,2390.29,183.65,17.94,2.006,-35.00,40.0
2082.00,2390.91,185.56,17.74,2.006,-35.00,40.0
2083.00,2391.52,187.47,17.54,2.005,-35.00,40.0
2084.00,2392.12,189.38,17.34,2.005,-35.00,40.0
2085.00,2392.72,191.29,17.14,2.005,-35.00,40.0
2086.00,2393.31,193.21,16.94,2.005,-35.00,40.0
2087.00,2393.89,195.13,16.74,2.005,-35.00,40.0
2088.00,2394.47,197.05,16.54,2.005,-35.00,40.0
2089.00,2395.04,198.97,16.34,2.005,-35.00,40.0
2090.00,2395.61,200.89,16.14,2.005,-35.00,40.0
2091.00,2396.16,202.82,15.94,2.005,-35.00,40.0
2092.00,2396.71,204.75,15.74,2.005,-35.00,40.0
2093.00,2397.26,206.68,15.54,2.004,-35.00,40.0
2094.00,2397.79,208.61,15.34,2.004,-35.00,40.0
2095.00,2398.32,210.54,15.14,2.004,-35.00,40.0
2096.00,2398.85,212.47,14.94,2.004,-35.00,40.0
2097.00,2399.36,214.41,14.74,2.004,-35.00,40.0
2098.00,2399.87,216.35,14.54,2.004,-35.00,40.0
2099.00,2400.38,218.29,14.34,2.004,-35.00,40.0
2100.00,2400.87,220.23,14.14,2.004,-35.00,40.0
2101.00,2401.36,222.17,13.94,2.004,-35.00,40.0
2102.00,2401.85,224.12,13.74,2.004,-35.00,40.0
2103.00,2402.32,226.06,13.54,2.004,-35.00,40.0
2104.00,2402.79,228.01,13.34,2.004,-35.00,40.0
2105.00,2403.25,229.96,13.14,2.003,-35.00,40.0
2106.00,2403.71,231.91,12.94,2.003,-35.00,40.0
2107.00,2404.16,233.87,12.74,2.003,-35.00,40.0
2108.00,2404.60,235.82,12.54,2.003,-35.00,40.0
2109.00,2405.03,237.77,12.34,2.003,-35.00,40.0
2110.00,2405.46,239.73,12.14,2.003,-35.00,40.0
2111.00,2405.88,241.69,11.94,2.003,-35.00,40.0
2112.00,2406.30,243.65,11.74,2.003,-35.00,40.0
2113.00,2406.71,245.61,11.54,2.003,-35.00,40.0
2114.00,2407.11,247.57,11.34,2.003,-35.00,40.0
2115.00,2407.50,249.54,11.14,2.003,-35.00,40.0
2116.00,2407.89,251.50,10.94,2.003,-35.00,40.0
2117.00,2408.27,253.47,10.74,2.003,-35.00,40.0
2118.00,2408.64,255.44,10.54,2.003,-35.00,40.0
2119.00,2409.01,257.40,10.34,2.003,-35.00,40.0
2120.00,2409.37,259.37,10.14,2.003,-35.00,40.0
2121.00,2409.72,261.35,9.94,2.003,-35.00,40.0
2122.00,2410.07,263.32,9.74,2.002,-35.00,40.0
2123.00,2410.40,265.29,9.54,2.002,-35.00,40.0
2124.00,2410.74,267.27,9.34,2.002,-35.00,40.0
2125.00,2411.06,269.24,9.14,2.002,-35.00,40.0
2126.00,2411.38,271.22,8.94,2.002,-35.00,40.0
2127.00,2411.69,273.20,8.74,2.002,-35.00,40.0
2128.00,2411.99,275.18,8.54,2.002,-35.00,40.0
2129.00,2412.29,277.16,8.34,2.002,-35.00,40.0
2130.00,2412.58,279.14,8.14,2.002,-35.00,40.0
2131.00,2412.87,281.12,7.94,2.002,-35.00,40.0
2132.00,2413.14,283.10,7.74,2.002,-35.00,40.0
2133.00,2413.41,285.08,7.54,2.002,-35.00,40.0
2134.00,2413.68,287.07,7.34,2.002,-35.00,40.0
2135.00,2413.93,289.05,7.14,2.002,-35.00,40.0
2136.00,2414.18,291.04,6.94,2.002,-35.00,40.0
2137.00,2414.42,293.03,6.74,2.002,-35.00,40.0
2138.00,2414.66,295.02,6.54,2.002,-35.00,40.0
2139.00,2414.88,297.00,6.34,2.002,-35.00,40.0
2140.00,2415.11,298.99,6.14,2.002,-35.00,40.0
2141.00,2415.32,300.98,5.94,2.002,-35.00,40.0
2142.00,2415.53,302.98,5.74,2.002,-35.00,40.0
2143.00,2415.73,304.97,5.54,2.002,-35.00,40.0
2144.00,2415.92,306.96,5.34,2.002,-35.00,40.0
2145.00,2416.11,308.95,5.14,2.002,-35.00,40.0
2146.00,2416.29,310.95,4.94,2.002,-35.00,40.0
2147.00,2416.46,312.94,4.74,2.001,-35.00,40.0
2148.00,2416.62,314.93,4.54,2.001,-35.00,40.0
2149.00,2416.78,316.93,4.34,2.001,-35.00,40.0
2150.00,2416.93,318.92,4.14,2.001,-35.00,40.0
2151.00,2417.08,320.92,3.94,2.001,-35.00,40.0
2152.00,2417.22,322.92,3.74,2.001,-35.00,40.0
2153.00,2417.35,324.91,3.54,2.001,-35.00,40.0
2154.00,2417.47,326.91,3.34,2.001,-35.00,40.0
2155.00,2417.59,328.91,3.14,2.001,-35.00,40.0
2156.00,2417.70,330.91,2.94,2.001,-35.00,40.0
2157.00,2417.80,332.91,2.74,2.001,-35.00,40.0
2158.00,2417.90,334.91,2.54,2.001,-35.00,40.0
2159.00,2417.98,336.90,2.34,2.001,-35.00,40.0
2160.00,2418.07,338.90,2.14,2.001,-35.00,40.0
2161.00,2418.14,340.90,1.94,2.001,-35.00,40.0
2162.00,2418.21,342.90,1.74,2.001,-35.00,40.0
2163.00,2418.27,344.91,1.54,2.011,-30.00,50.0
2164.00,2418.32,346.93,1.35,2.021,-30.00,50.0
2165.00,2418.37,348.96,1.15,2.030,-30.00,50.0
2166.00,2418.41,351.00,0.95,2.040,-30.00,50.0
2167.00,2418.45,353.05,0.76,2.049,-30.00,50.0
2168.00,2418.47,355.11,0.56,2.058,-30.00,50.0
2169.00,2418.49,357.18,0.37,2.067,-30.00,50.0
2170.00,2418.51,359.25,0.17,2.076,-30.00,50.0
2171.00,2418.51,361.34,359.98,2.084,-30.00,50.0
2172.00,2418.51,363.43,359.79,2.092,-30.00,50.0
2173.00,2418.51,365.53,359.60,2.101,-30.00,50.0
2174.00,2418.49,367.64,359.41,2.109,-30.00,50.0
2175.00,2418.47,369.75,359.22,2.116,-25.00,50.0
2176.00,2418.44,371.88,359.03,2.124,-25.00,50.0
2177.00,2418.40,374.01,358.85,2.132,-25.00,50.0
2178.00,2418.36,376.15,358.66,2.139,-25.00,50.0
2179.00,2418.31,378.29,358.48,2.146,-25.00,50.0
2180.00,2418.25,380.45,358.30,2.153,-25.00,50.0
2181.00,2418.19,382.60,358.12,2.160,-25.00,50.0
2182.00,2418.12,384.77,357.94,2.167,-25.00,50.0
2183.00,2418.04,386.94,357.76,2.174,-25.00,50.0
2184.00,2417.96,389.12,357.58,2.180,-25.00,50.0
2185.00,2417.86,391.31,357.41,2.187,-25.00,50.0
2186.00,2417.76,393.50,357.23,2.193,-25.00,50.0
2187.00,2417.66,395.69,357.06,2.199,-25.00,50.0
2188.00,2417.54,397.89,356.89,2.205,-20.00,50.0
2189.00,2417.42,400.10,356.72,2.211,-20.00,50.0
2190.00,2417.30,402.32,356.55,2.217,-20.00,50.0
2191.00,2417.16,404.53,356.38,2.222,-20.00,50.0
2192.00,2417.02,406.76,356.22,2.228,-20.00,50.0
2193.00,2416.88,408.99,356.06,2.233,-20.00,50.0
2194.00,2416.72,411.22,355.90,2.239,-20.00,50.0
2195.00,2416.56,413.46,355.74,2.244,-20.00,50.0
2196.00,2416.40,415.70,355.58,2.249,-20.00,50.0
2197.00,2416.22,417.95,355.42,2.254,-20.00,50.0
2198.00,2416.04,420.20,355.27,2.259,-20.00,50.0
2199.00,2415.85,422.45,355.11,2.264,-20.00,50.0
2200.00,2415.66,424.71,354.96,2.268,-20.00,50.0
2201.00,2415.46,426.98,354.81,2.273,-20.00,50.0
2202.00,2415.26,429.25,354.66,2.278,-20.00,50.0
2203.00,2415.04,431.52,354.51,2.282,-15.00,50.0
2204.00,2414.82,433.80,354.37,2.286,-15.00,50.0
2205.00,2414.60,436.08,354.22,2.291,-15.00,50.0
2206.00,2414.37,438.36,354.08,2.295,-15.00,50.0
2207.00,2414.13,440.65,353.94,2.299,-15.00,50.0
2208.00,2413.89,442.94,353.80,2.303,-15.00,50.0
2209.00,2413.64,445.23,353.67,2.307,-15.00,50.0
2210.00,2413.38,447.53,353.53,2.311,-15.00,50.0
2211.00,2413.12,449.83,353.40,2.315,-15.00,50.0
2212.00,2412.86,452.13,353.27,2.318,-15.00,50.0
2213.00,2412.59,454.43,353.14,2.322,-15.00,50.0
2214.00,2412.31,456.74,353.01,2.326,-15.00,50.0
2215.00,2412.02,459.05,352.88,2.329,-15.00,50.0
2216.00,2411.74,461.37,352.76,2.332,-15.00,50.0
2217.00,2411.44,463.69,352.63,2.336,-15.00,50.0
2218.00,2411.14,466.01,352.51,2.339,-15.00,50.0
2219.00,2410.84,468.33,352.39,2.342,-15.00,50.0
2220.00,2410.52,470.65,352.27,2.345,-10.00,50.0
2221.00,2410.21,472.98,352.15,2.349,-10.00,50.0
2222.00,2409.89,475.31,352.04,2.352,-10.00,50.0
2223.00,2409.56,477.64,351.92,2.355,-10.00,50.0
2224.00,2409.23,479.98,351.81,2.357,-10.00,50.0
2225.00,2408.89,482.31,351.70,2.360,-10.00,50.0
2226.00,2408.55,484.65,351.59,2.363,-10.00,50.0
2227.00,2408.21,486.99,351.49,2.366,-10.00,50.0
2228.00,2407.86,489.33,351.38,2.368,-10.00,50.0
2229.00,2407.50,491.68,351.28,2.371,-10.00,50.0
2230.00,2407.14,494.02,351.18,2.374,-10.00,50.0
2231.00,2406.78,496.37,351.08,2.376,-10.00,50.0
2232.00,2406.41,498.72,350.98,2.379,-10.00,50.0
2233.00,2406.03,501.07,350.88,2.381,-5.00,50.0
2234.00,2405.66,503.43,350.79,2.384,-5.00,50.0
2235.00,2405.27,505.78,350.70,2.386,-5.00,50.0
2236.00,2404.89,508.14,350.61,2.388,-5.00,50.0
2237.00,2404.50,510.50,350.52,2.390,-5.00,50.0
2238.00,2404.10,512.86,350.43,2.393,-5.00,50.0
2239.00,2403.71,515.22,350.35,2.395,-5.00,50.0
2240.00,2403.30,517.58,350.27,2.397,-5.00,50.0
2241.00,2402.90,519.95,350.19,2.399,-5.00,50.0
2242.00,2402.49,522.31,350.11,2.401,-5.00,50.0
2243.00,2402.08,524.68,350.03,2.403,-5.00,50.0
2244.00,2401.66,527.05,349.95,2.405,-5.00,50.0
2245.00,2401.24,529.42,349.88,2.407,-5.00,50.0
2246.00,2400.82,531.79,349.81,2.409,-5.00,50.0
2247.00,2400.39,534.16,349.74,2.410,-5.00,50.0
2248.00,2399.96,536.53,349.67,2.412,-5.00,50.0
2249.00,2399.53,538.91,349.60,2.414,-5.00,50.0
2250.00,2399.09,541.28,349.53,2.416,0.00,50.0
2251.00,2398.65,543.66,349.47,2.417,0.00,50.0
2252.00,2398.21,546.04,349.41,2.419,0.00,50.0
2253.00,2397.77,548.42,349.35,2.421,0.00,50.0
2254.00,2397.32,550.80,349.29,2.422,0.00,50.0
2255.00,2396.87,553.18,349.24,2.424,0.00,50.0
2256.00,2396.42,555.56,349.18,2.425,0.00,50.0
2257.00,2395.96,557.95,349.13,2.427,0.00,50.0
2258.00,2395.50,560.33,349.08,2.428,0.00,50.0
2259.00,2395.04,562.72,349.03,2.430,0.00,50.0
2260.00,2394.58,565.11,348.99,2.431,0.00,50.0
2261.00,2394.11,567.49,348.94,2.432,0.00,50.0
2262.00,2393.65,569.88,348.90,2.434,0.00,50.0
2263.00,2393.18,572.27,348.86,2.435,0.00,50.0
2264.00,2392.71,574.66,348.81,2.436,0.00,50.0
2265.00,2392.24,577.05,348.78,2.438,0.00,50.0
2266.00,2391.76,579.45,348.74,2.439,0.00,50.0
2267.00,2391.28,581.84,348.70,2.440,0.00,50.0
2268.00,2390.81,584.23,348.66,2.441,0.00,50.0
2269.00,2390.33,586.63,348.63,2.443,0.00,50.0
2270.00,2389.84,589.02,348.60,2.444,0.00,50.0
2271.00,2389.36,591.42,348.56,2.445,0.00,50.0
2272.00,2388.88,593.82,348.53,2.446,0.00,50.0
2273.00,2388.39,596.22,348.50,2.447,0.00,50.0
2274.00,2387.90,598.61,348.47,2.448,0.00,50.0
2275.00,2387.41,601.01,348.45,2.449,0.00,50.0
2276.00,2386.92,603.41,348.42,2.450,0.00,50.0
2277.00,2386.43,605.82,348.39,2.451,0.00,50.0
2278.00,2385.94,608.22,348.37,2.452,0.00,50.0
2279.00,2385.44,610.62,348.34,2.453,0.00,50.0
2280.00,2384.94,613.02,348.32,2.454,0.00,50.0
2281.00,2384.45,615.43,348.30,2.455,0.00,50.0
2282.00,2383.95,617.83,348.27,2.456,0.00,50.0
2283.00,2383.45,620.24,348.25,2.457,0.00,50.0
2284.00,2382.95,622.64,348.23,2.458,0.00,50.0
2285.00,2382.45,625.05,348.21,2.458,0.00,50.0
2286.00,2381.95,627.46,348.19,2.459,0.00,50.0
2287.00,2381.44,629.87,348.17,2.460,0.00,50.0
2288.00,2380.94,632.27,348.15,2.461,0.00,50.0
2289.00,2380.43,634.68,348.14,2.462,0.00,50.0
2290.00,2379.93,637.09,348.12,2.462,0.00,50.0
2291.00,2379.42,639.50,348.10,2.463,0.00,50.0
2292.00,2378.91,641.92,348.09,2.464,0.00,50.0
2293.00,2378.40,644.33,348.07,2.465,0.00,50.0
2294.00,2377.89,646.74,348.06,2.465,0.00,50.0
2295.00,2377.38,649.15,348.04,2.466,0.00,50.0
2296.00,2376.87,651.56,348.03,2.467,0.00,50.0
2297.00,2376.36,653.98,348.02,2.467,0.00,50.0
2298.00,2375.85,656.39,348.00,2.468,0.00,50.0
2299.00,2375.33,658.81,347.99,2.469,0.00,50.0
2300.00,2374.82,661.22,347.98,2.469,0.00,50.0
2301.00,2374.31,663.64,347.97,2.470,0.00,50.0
2302.00,2373.79,666.05,347.96,2.471,0.00,50.0
2303.00,2373.28,668.47,347.94,2.471,0.00,50.0
2304.00,2372.76,670.89,347.93,2.472,0.00,50.0
2305.00,2372.24,673.31,347.92,2.472,0.00,50.0
2306.00,2371.73,675.72,347.91,2.473,0.00,50.0
2307.00,2371.21,678.14,347.90,2.473,0.00,50.0
2308.00,2370.69,680.56,347.90,2.474,0.00,50.0
2309.00,2370.17,682.98,347.89,2.474,0.00,50.0
2310.00,2369.65,685.40,347.88,2.475,0.00,50.0
2311.00,2369.13,687.82,347.87,2.475,0.00,50.0
2312.00,2368.61,690.24,347.86,2.476,0.00,50.0
2313.00,2368.09,692.66,347.85,2.476,0.00,50.0
2314.00,2367.57,695.08,347.85,2.477,0.00,50.0
2315.00,2367.05,697.51,347.84,2.477,0.00,50.0
2316.00,2366.53,699.93,347.83,2.478,0.00,50.0
2317.00,2366.00,702.35,347.83,2.478,0.00,50.0
2318.00,2365.48,704.77,347.82,2.479,0.00,50.0
2319.00,2364.96,707.20,347.81,2.479,0.00,50.0
2320.00,2364.43,709.62,347.81,2.480,0.00,50.0
2321.00,2363.91,712.04,347.80,2.480,0.00,50.0
2322.00,2363.39,714.47,347.79,2.480,0.00,50.0
2323.00,2362.86,716.89,347.79,2.481,0.00,50.0
2324.00,2362.34,719.32,347.78,2.481,0.00,50.0
2325.00,2361.81,721.74,347.78,2.481,0.00,50.0
2326.00,2361.29,724.17,347.77,2.482,0.00,50.0
2327.00,2360.76,726.60,347.77,2.482,0.00,50.0
2328.00,2360.23,729.02,347.76,2.483,0.00,50.0
2329.00,2359.71,731.45,347.76,2.483,0.00,50.0
2330.00,2359.18,733.87,347.76,2.483,0.00,50.0
2331.00,2358.65,736.30,347.75,2.484,0.00,50.0
2332.00,2358.13,738.73,347.75,2.484,0.00,50.0
2333.00,2357.60,741.16,347.74,2.484,0.00,50.0
2334.00,2357.07,743.58,347.74,2.485,0.00,50.0
2335.00,2356.55,746.01,347.74,2.485,0.00,50.0
2336.00,2356.02,748.44,347.73,2.485,0.00,50.0
2337.00,2355.49,750.87,347.73,2.485,0.00,50.0
2338.00,2354.96,753.30,347.73,2.486,0.00,50.0
2339.00,2354.43,755.73,347.72,2.486,0.00,50.0
2340.00,2353.90,758.16,347.72,2.486,0.00,50.0
2341.00,2353.37,760.59,347.72,2.487,0.00,50.0
2342.00,2352.85,763.02,347.71,2.487,0.00,50.0
2343.00,2352.32,765.45,347.71,2.487,0.00,50.0
2344.00,2351.79,767.88,347.71,2.487,0.00,50.0
2345.00,2351.26,770.31,347.70,2.488,0.00,50.0
2346.00,2350.73,772.74,347.70,2.488,0.00,50.0
2347.00,2350.20,775.17,347.70,2.488,0.00,50.0
2348.00,2349.67,777.60,347.70,2.488,0.00,50.0
2349.00,2349.14,780.03,347.70,2.489,0.00,50.0
2350.00,2348.61,782.46,347.69,2.489,0.00,50.0
2351.00,2348.08,784.90,347.69,2.489,0.00,50.0
2352.00,2347.55,787.33,347.69,2.489,0.00,50.0
2353.00,2347.01,789.76,347.69,2.489,0.00,50.0
2354.00,2346.48,792.19,347.68,2.490,0.00,50.0
2355.00,2345.95,794.63,347.68,2.490,0.00,50.0
2356.00,2345.42,797.06,347.68,2.490,0.00,50.0
2357.00,2344.89,799.49,347.68,2.490,0.00,50.0
2358.00,2344.36,801.92,347.68,2.490,0.00,50.0
2359.00,2343.83,804.36,347.68,2.491,0.00,50.0
2360.00,2343.30,806.79,347.67,2.491,0.00,50.0
2361.00,2342.76,809.22,347.67,2.491,0.00,50.0
2362.00,2342.23,811.66,347.67,2.491,0.00,50.0
2363.00,2341.70,814.09,347.67,2.491,0.00,50.0
2364.00,2341.17,816.53,347.67,2.492,0.00,50.0
2365.00,2340.64,818.96,347.67,2.492,0.00,50.0
2366.00,2340.10,821.40,347.67,2.492,0.00,50.0
2367.00,2339.57,823.83,347.66,2.492,0.00,50.0
2368.00,2339.04,826.26,347.66,2.492,0.00,50.0
2369.00,2338.51,828.70,347.66,2.492,0.00,50.0
2370.00,2337.97,831.13,347.66,2.493,0.00,50.0
2371.00,2337.44,833.57,347.66,2.493,0.00,50.0
2372.00,2336.91,836.00,347.66,2.493,0.00,50.0
2373.00,2336.38,838.44,347.66,2.493,0.00,50.0
2374.00,2335.84,840.88,347.66,2.493,0.00,50.0
2375.00,2335.31,843.31,347.66,2.493,0.00,50.0
2376.00,2334.78,845.75,347.66,2.493,0.00,50.0
2377.00,2334.24,848.18,347.65,2.494,0.00,50.0
2378.00,2333.71,850.62,347.65,2.494,0.00,50.0
2379.00,2333.18,853.05,347.65,2.494,0.00,50.0
2380.00,2332.64,855.49,347.65,2.494,0.00,50.0
2381.00,2332.11,857.93,347.65,2.494,0.00,50.0
2382.00,2331.58,860.36,347.65,2.494,0.00,50.0
2383.00,2331.04,862.80,347.65,2.494,0.00,50.0
2384.00,2330.51,865.24,347.65,2.494,0.00,50.0
2385.00,2329.98,867.67,347.65,2.494,0.00,50.0
2386.00,2329.44,870.11,347.65,2.495,0.00,50.0
2387.00,2328.91,872.55,347.65,2.495,0.00,50.0
2388.00,2328.38,874.98,347.65,2.495,0.00,50.0
2389.00,2327.84,877.42,347.65,2.495,0.00,50.0
2390.00,2327.31,879.86,347.65,2.495,0.00,50.0
2391.00,2326.77,882.30,347.64,2.495,0.00,50.0
2392.00,2326.24,884.73,347.64,2.495,0.00,50.0
2393.00,2325.71,887.17,347.64,2.495,0.00,50.0
2394.00,2325.17,889.61,347.64,2.495,0.00,50.0
2395.00,2324.64,892.05,347.64,2.495,0.00,50.0
2396.00,2324.10,894.48,347.64,2.496,0.00,50.0
2397.00,2323.57,896.92,347.64,2.496,0.00,50.0
2398.00,2323.04,899.36,347.64,2.496,0.00,50.0
2399.00,2322.50,901.80,347.64,2.496,0.00,50.0
2400.00,2321.97,904.24,347.64,2.496,0.00,50.0
2401.00,2321.43,906.67,347.64,2.496,0.00,50.0
2402.00,2320.90,909.11,347.64,2.496,0.00,50.0
2403.00,2320.36,911.55,347.64,2.496,0.00,50.0
2404.00,2319.83,913.99,347.64,2.496,0.00,50.0
2405.00,2319.30,916.43,347.64,2.496,0.00,50.0
2406.00,2318.76,918.87,347.64,2.496,0.00,50.0
2407.00,2318.23,921.30,347.64,2.496,0.00,50.0
2408.00,2317.69,923.74,347.64,2.497,0.00,50.0
2409.00,2317.16,926.18,347.64,2.497,0.00,50.0
2410.00,2316.62,928.62,347.64,2.497,0.00,50.0
2411.00,2316.09,931.06,347.64,2.497,0.00,50.0
2412.00,2315.55,933.50,347.64,2.497,0.00,50.0
2413.00,2315.02,935.94,347.64,2.497,0.00,50.0
2414.00,2314.48,938.38,347.64,2.497,0.00,50.0
2415.00,2313.95,940.82,347.64,2.497,0.00,50.0
2416.00,2313.42,943.25,347.64,2.497,0.00,50.0
2417.00,2312.88,945.69,347.64,2.497,0.00,50.0
2418.00,2312.35,948.13,347.63,2.497,0.00,50.0
2419.00,2311.81,950.57,347.63,2.497,0.00,50.0
2420.00,2311.28,953.01,347.63,2.497,0.00,50.0
2421.00,2310.74,955.45,347.63,2.497,0.00,50.0
2422.00,2310.21,957.89,347.63,2.497,0.00,50.0
2423.00,2309.67,960.33,347.63,2.497,0.00,50.0
2424.00,2309.14,962.77,347.63,2.497,0.00,50.0
2425.00,2308.60,965.21,347.63,2.498,0.00,50.0
2426.00,2308.07,967.65,347.63,2.498,0.00,50.0
2427.00,2307.53,970.09,347.63,2.498,0.00,50.0
2428.00,2307.00,972.53,347.63,2.498,0.00,50.0
2429.00,2306.46,974.97,347.63,2.498,0.00,50.0
2430.00,2305.93,977.41,347.63,2.498,0.00,50.0
2431.00,2305.39,979.85,347.63,2.498,0.00,50.0
2432.00,2304.86,982.29,347.63,2.498,0.00,50.0
2433.00,2304.32,984.73,347.63,2.498,0.00,50.0
2434.00,2303.79,987.17,347.63,2.498,0.00,50.0
2435.00,2303.25,989.61,347.63,2.498,0.00,50.0
2436.00,2302.72,992.05,347.63,2.498,0.00,50.0
2437.00,2302.18,994.49,347.63,2.498,0.00,50.0
2438.00,2301.65,996.93,347.63,2.498,0.00,50.0
2439.00,2301.11,999.37,347.63,2.498,0.00,50.0
2440.00,2300.58,1001.81,347.63,2.498,0.00,50.0
2441.00,2300.04,1004.25,347.63,2.498,0.00,50.0
2442.00,2299.51,1006.69,347.63,2.498,0.00,50.0
2443.00,2298.97,1009.13,347.63,2.498,0.00,50.0
2444.00,2298.44,1011.57,347.63,2.498,0.00,50.0
2445.00,2297.90,1014.01,347.63,2.498,0.00,50.0
2446.00,2297.37,1016.45,347.63,2.498,0.00,50.0
2447.00,2296.83,1018.89,347.63,2.498,0.00,50.0
2448.00,2296.30,1021.33,347.63,2.498,0.00,50.0
2449.00,2295.76,1023.77,347.63,2.498,0.00,50.0
2450.00,2295.23,1026.21,347.63,2.499,0.00,50.0
2451.00,2294.69,1028.65,347.63,2.499,0.00,50.0
2452.00,2294.16,1031.09,347.63,2.499,0.00,50.0
2453.00,2293.62,1033.53,347.63,2.499,0.00,50.0
2454.00,2293.08,1035.97,347.63,2.499,0.00,50.0
2455.00,2292.55,1038.42,347.63,2.499,0.00,50.0
2456.00,2292.01,1040.86,347.63,2.499,0.00,50.0
2457.00,2291.48,1043.30,347.63,2.499,0.00,50.0
2458.00,2290.94,1045.74,347.63,2.499,0.00,50.0
2459.00,2290.41,1048.18,347.63,2.499,0.00,50.0
2460.00,2289.87,1050.62,347.63,2.499,0.00,50.0
2461.00,2289.34,1053.06,347.63,2.499,0.00,50.0
2462.00,2288.80,1055.50,347.63,2.499,0.00,50.0
2463.00,2288.27,1057.94,347.63,2.499,0.00,50.0
2464.00,2287.73,1060.38,347.63,2.499,0.00,50.0
2465.00,2287.20,1062.82,347.63,2.499,0.00,50.0
2466.00,2286.66,1065.26,347.63,2.499,0.00,50.0
2467.00,2286.13,1067.71,347.63,2.499,0.00,50.0
2468.00,2285.59,1070.15,347.63,2.499,0.00,50.0
2469.00,2285.06,1072.59,347.63,2.499,0.00,50.0
2470.00,2284.52,1075.03,347.63,2.499,0.00,50.0
2471.00,2283.98,1077.47,347.63,2.499,0.00,50.0
2472.00,2283.45,1079.91,347.63,2.499,0.00,50.0
2473.00,2282.91,1082.35,347.63,2.499,0.00,50.0
2474.00,2282.38,1084.79,347.63,2.499,0.00,50.0
2475.00,2281.84,1087.23,347.63,2.499,0.00,50.0
2476.00,2281.31,1089.67,347.63,2.499,0.00,50.0
2477.00,2280.77,1092.12,347.63,2.499,0.00,50.0
2478.00,2280.24,1094.56,347.63,2.499,0.00,50.0
2479.00,2279.70,1097.00,347.63,2.499,0.00,50.0
2480.00,2279.17,1099.44,347.63,2.499,0.00,50.0
2481.00,2278.63,1101.88,347.63,2.499,0.00,50.0
2482.00,2278.09,1104.32,347.63,2.499,0.00,50.0
2483.00,2277.56,1106.76,347.63,2.499,0.00,50.0
2484.00,2277.02,1109.20,347.63,2.499,0.00,50.0
2485.00,2276.49,1111.65,347.63,2.499,0.00,50.0
2486.00,2275.95,1114.09,347.63,2.499,0.00,50.0
2487.00,2275.42,1116.53,347.63,2.499,0.00,50.0
2488.00,2274.88,1118.97,347.63,2.499,0.00,50.0
2489.00,2274.35,1121.41,347.63,2.499,0.00,50.0
2490.00,2273.81,1123.85,347.63,2.499,0.00,50.0
2491.00,2273.28,1126.29,347.63,2.499,0.00,50.0
2492.00,2272.74,1128.73,347.63,2.499,0.00,50.0
2493.00,2272.21,1131.18,347.63,2.499,0.00,50.0
2494.00,2271.67,1133.62,347.63,2.499,0.00,50.0
2495.00,2271.13,1136.06,347.63,2.499,0.00,50.0
2496.00,2270.60,1138.50,347.63,2.499,0.00,50.0
2497.00,2270.06,1140.94,347.63,2.499,0.00,50.0
2498.00,2269.53,1143.38,347.63,2.499,0.00,50.0
2499.00,2268.99,1145.82,347.63,2.499,0.00,50.0
2500.00,2268.46,1148.27,347.63,2.499,0.00,50.0
2501.00,2267.92,1150.71,347.63,2.499,0.00,50.0
2502.00,2267.39,1153.15,347.63,2.499,0.00,50.0
2503.00,2266.85,1155.59,347.63,2.499,0.00,50.0
2504.00,2266.31,1158.03,347.63,2.500,0.00,50.0
2505.00,2265.78,1160.47,347.63,2.500,0.00,50.0
2506.00,2265.24,1162.91,347.63,2.500,0.00,50.0
2507.00,2264.71,1165.36,347.63,2.500,0.00,50.0
2508.00,2264.17,1167.80,347.63,2.500,0.00,50.0
2509.00,2263.64,1170.24,347.63,2.500,0.00,50.0
2510.00,2263.10,1172.68,347.63,2.500,0.00,50.0
2511.00,2262.57,1175.12,347.63,2.500,0.00,50.0
2512.00,2262.03,1177.56,347.63,2.500,0.00,50.0
2513.00,2261.50,1180.00,347.63,2.500,0.00,50.0
2514.00,2260.96,1182.45,347.63,2.500,0.00,50.0
2515.00,2260.42,1184.89,347.63,2.500,0.00,50.0
2516.00,2259.89,1187.33,347.63,2.500,0.00,50.0
2517.00,2259.35,1189.77,347.63,2.500,0.00,50.0
2518.00,2258.82,1192.21,347.63,2.500,0.00,50.0
2519.00,2258.28,1194.65,347.63,2.500,0.00,50.0
2520.00,2257.75,1197.10,347.63,2.500,0.00,50.0
2521.00,2257.21,1199.54,347.63,2.500,0.00,50.0
2522.00,2256.68,1201.98,347.63,2.500,0.00,50.0
2523.00,2256.14,1204.42,347.63,2.500,0.00,50.0
2524.00,2255.60,1206.86,347.63,2.500,0.00,50.0
2525.00,2255.07,1209.30,347.63,2.500,0.00,50.0
2526.00,2254.53,1211.75,347.63,2.500,0.00,50.0
2527.00,2254.00,1214.19,347.63,2.500,0.00,50.0
2528.00,2253.46,1216.63,347.63,2.500,0.00,50.0
2529.00,2252.93,1219.07,347.63,2.500,0.00,50.0
2530.00,2252.39,1221.51,347.63,2.500,0.00,50.0
2531.00,2251.86,1223.95,347.63,2.500,0.00,50.0
2532.00,2251.32,1226.40,347.63,2.500,0.00,50.0
2533.00,2250.78,1228.84,347.63,2.500,0.00,50.0
2534.00,2250.25,1231.28,347.63,2.500,0.00,50.0
2535.00,2249.71,1233.72,347.63,2.500,0.00,50.0
2536.00,2249.18,1236.16,347.63,2.500,0.00,50.0
2537.00,2248.64,1238.60,347.63,2.500,0.00,50.0
2538.00,2248.11,1241.05,347.63,2.500,0.00,50.0
2539.00,2247.57,1243.49,347.63,2.500,0.00,50.0
2540.00,2247.04,1245.93,347.63,2.500,0.00,50.0
2541.00,2246.50,1248.37,347.63,2.500,0.00,50.0
2542.00,2245.96,1250.81,347.63,2.500,0.00,50.0
2543.00,2245.43,1253.25,347.63,2.500,0.00,50.0
2544.00,2244.89,1255.70,347.63,2.500,0.00,50.0
2545.00,2244.36,1258.14,347.63,2.500,0.00,50.0
2546.00,2243.82,1260.58,347.63,2.500,0.00,50.0
2547.00,2243.29,1263.02,347.63,2.500,0.00,50.0
2548.00,2242.75,1265.46,347.63,2.500,0.00,50.0
2549.00,2242.22,1267.90,347.63,2.500,0.00,50.0
2550.00,2241.68,1270.35,347.63,2.500,0.00,50.0
2551.00,2241.14,1272.79,347.63,2.500,0.00,50.0
2552.00,2240.61,1275.23,347.63,2.500,0.00,50.0
2553.00,2240.07,1277.67,347.63,2.500,0.00,50.0
2554.00,2239.54,1280.11,347.63,2.500,0.00,50.0
2555.00,2239.00,1282.56,347.63,2.500,0.00,50.0
2556.00,2238.47,1285.00,347.63,2.500,0.00,50.0
2557.00,2237.93,1287.44,347.63,2.500,0.00,50.0
2558.00,2237.40,1289.88,347.63,2.500,0.00,50.0
2559.00,2236.86,1292.32,347.63,2.500,0.00,50.0
2560.00,2236.32,1294.76,347.63,2.500,0.00,50.0
2561.00,2235.79,1297.21,347.63,2.500,0.00,50.0
2562.00,2235.25,1299.65,347.63,2.500,0.00,50.0
2563.00,2234.72,1302.09,347.63,2.500,0.00,50.0
2564.00,2234.18,1304.53,347.63,2.500,0.00,50.0
2565.00,2233.65,1306.97,347.63,2.500,0.00,50.0
2566.00,2233.11,1309.41,347.63,2.500,0.00,50.0
2567.00,2232.57,1311.86,347.63,2.500,0.00,50.0
2568.00,2232.04,1314.30,347.63,2.500,0.00,50.0
2569.00,2231.50,1316.74,347.63,2.500,0.00,50.0
2570.00,2230.97,1319.18,347.63,2.500,0.00,50.0
2571.00,2230.43,1321.62,347.63,2.500,0.00,50.0
2572.00,2229.90,1324.07,347.63,2.500,0.00,50.0
2573.00,2229.36,1326.51,347.63,2.500,0.00,50.0
2574.00,2228.83,1328.95,347.63,2.500,0.00,50.0
2575.00,2228.29,1331.39,347.63,2.500,0.00,50.0
2576.00,2227.75,1333.83,347.63,2.500,0.00,50.0
2577.00,2227.22,1336.27,347.63,2.500,0.00,50.0
2578.00,2226.68,1338.72,347.63,2.500,0.00,50.0
2579.00,2226.15,1341.16,347.63,2.500,0.00,50.0
2580.00,2225.61,1343.60,347.63,2.500,0.00,50.0
2581.00,2225.08,1346.04,347.63,2.500,0.00,50.0
2582.00,2224.54,1348.48,347.63,2.500,0.00,50.0
2583.00,2224.01,1350.93,347.63,2.500,0.00,50.0
2584.00,2223.47,1353.37,347.63,2.500,0.00,50.0
2585.00,2222.93,1355.81,347.63,2.500,0.00,50.0
2586.00,2222.40,1358.25,347.63,2.500,0.00,50.0
2587.00,2221.86,1360.69,347.63,2.500,0.00,50.0
2588.00,2221.33,1363.14,347.63,2.500,0.00,50.0
2589.00,2220.79,1365.58,347.63,2.500,0.00,50.0
2590.00,2220.26,1368.02,347.63,2.500,0.00,50.0
2591.00,2219.72,1370.46,347.63,2.500,0.00,50.0
2592.00,2219.18,1372.90,347.63,2.500,0.00,50.0
2593.00,2218.65,1375.34,347.63,2.500,0.00,50.0
2594.00,2218.11,1377.79,347.63,2.500,0.00,50.0
2595.00,2217.58,1380.23,347.63,2.500,0.00,50.0
2596.00,2217.04,1382.67,347.63,2.500,0.00,50.0
2597.00,2216.51,1385.11,347.63,2.500,0.00,50.0
2598.00,2215.97,1387.55,347.63,2.500,0.00,50.0
2599.00,2215.44,1390.00,347.63,2.500,0.00,50.0
2600.00,2214.90,1392.44,347.63,2.500,0.00,50.0
2601.00,2214.36,1394.88,347.63,2.500,0.00,50.0
2602.00,2213.83,1397.32,347.63,2.500,0.00,50.0
2603.00,2213.29,1399.76,347.63,2.500,0.00,50.0
2604.00,2212.76,1402.21,347.63,2.500,0.00,50.0
2605.00,2212.22,1404.65,347.63,2.500,0.00,50.0
2606.00,2211.69,1407.09,347.63,2.500,0.00,50.0
2607.00,2211.15,1409.53,347.63,2.500,0.00,50.0
2608.00,2210.62,1411.97,347.63,2.500,0.00,50.0
2609.00,2210.08,1414.41,347.63,2.500,0.00,50.0
2610.00,2209.54,1416.86,347.63,2.500,0.00,50.0
2611.00,2209.01,1419.30,347.63,2.500,0.00,50.0
2612.00,2208.47,1421.74,347.63,2.500,0.00,50.0
2613.00,2207.94,1424.18,347.63,2.500,0.00,50.0
2614.00,2207.40,1426.62,347.63,2.500,0.00,50.0
2615.00,2206.87,1429.07,347.63,2.500,0.00,50.0
2616.00,2206.33,1431.51,347.63,2.500,0.00,50.0
2617.00,2205.79,1433.95,347.63,2.500,0.00,50.0
2618.00,2205.26,1436.39,347.63,2.500,0.00,50.0
2619.00,2204.72,1438.83,347.63,2.500,0.00,50.0
2620.00,2204.19,1441.28,347.63,2.500,0.00,50.0
2621.00,2203.65,1443.72,347.63,2.500,0.00,50.0
2622.00,2203.12,1446.16,347.63,2.500,0.00,50.0
2623.00,2202.58,1448.60,347.63,2.500,0.00,50.0
2624.00,2202.05,1451.04,347.63,2.500,0.00,50.0
2625.00,2201.51,1453.49,347.63,2.500,0.00,50.0
2626.00,2200.97,1455.93,347.63,2.500,0.00,50.0
2627.00,2200.44,1458.37,347.63,2.500,0.00,50.0
2628.00,2199.90,1460.81,347.63,2.500,0.00,50.0
2629.00,2199.37,1463.25,347.63,2.500,0.00,50.0
2630.00,2198.83,1465.69,347.63,2.500,0.00,50.0
2631.00,2198.30,1468.14,347.63,2.500,0.00,50.0
2632.00,2197.76,1470.58,347.63,2.500,0.00,50.0
2633.00,2197.22,1473.02,347.63,2.500,0.00,50.0
2634.00,2196.69,1475.46,347.63,2.500,0.00,50.0
2635.00,2196.15,1477.90,347.63,2.500,0.00,50.0
2636.00,2195.62,1480.35,347.63,2.500,0.00,50.0
2637.00,2195.08,1482.79,347.63,2.500,0.00,50.0
2638.00,2194.55,1485.23,347.63,2.500,0.00,50.0
2639.00,2194.01,1487.67,347.63,2.500,0.00,50.0
2640.00,2193.48,1490.11,347.63,2.500,0.00,50.0
2641.00,2192.94,1492.56,347.63,2.500,0.00,50.0
2642.00,2192.40,1495.00,347.63,2.500,0.00,50.0
2643.00,2191.87,1497.44,347.63,2.500,0.00,50.0
2644.00,2191.33,1499.88,347.63,2.500,0.00,50.0
2645.00,2190.80,1502.32,347.63,2.500,0.00,50.0
2646.00,2190.26,1504.77,347.63,2.500,0.00,50.0
2647.00,2189.73,1507.21,347.63,2.500,0.00,50.0
2648.00,2189.19,1509.65,347.63,2.500,0.00,50.0
2649.00,2188.66,1512.09,347.63,2.500,0.00,50.0
2650.00,2188.12,1514.53,347.63,2.500,0.00,50.0
2651.00,2187.58,1516.97,347.63,2.500,0.00,50.0
2652.00,2187.05,1519.42,347.63,2.500,0.00,50.0
2653.00,2186.51,1521.86,347.63,2.500,0.00,50.0
2654.00,2185.98,1524.30,347.63,2.500,0.00,50.0
2655.00,2185.44,1526.74,347.63,2.500,0.00,50.0
2656.00,2184.91,1529.18,347.63,2.500,0.00,50.0
2657.00,2184.37,1531.63,347.63,2.500,0.00,50.0
2658.00,2183.83,1534.07,347.63,2.500,0.00,50.0
2659.00,2183.30,1536.51,347.63,2.500,0.00,50.0
2660.00,2182.76,1538.95,347.63,2.500,0.00,50.0
2661.00,2182.23,1541.39,347.63,2.500,0.00,50.0
2662.00,2181.69,1543.84,347.63,2.500,0.00,50.0
2663.00,2181.16,1546.28,347.63,2.500,0.00,50.0
2664.00,2180.62,1548.72,347.63,2.500,0.00,50.0
2665.00,2180.09,1551.16,347.63,2.500,0.00,50.0
2666.00,2179.55,1553.60,347.63,2.500,0.00,50.0
2667.00,2179.01,1556.05,347.63,2.500,0.00,50.0
2668.00,2178.48,1558.49,347.63,2.500,0.00,50.0
2669.00,2177.94,1560.93,347.63,2.500,0.00,50.0
2670.00,2177.41,1563.37,347.63,2.500,0.00,50.0
2671.00,2176.87,1565.81,347.63,2.500,0.00,50.0
2672.00,2176.34,1568.26,347.63,2.500,0.00,50.0
2673.00,2175.80,1570.70,347.63,2.500,0.00,50.0
2674.00,2175.26,1573.14,347.63,2.500,0.00,50.0
2675.00,2174.73,1575.58,347.63,2.500,0.00,50.0
2676.00,2174.19,1578.02,347.63,2.500,0.00,50.0
2677.00,2173.66,1580.46,347.63,2.500,0.00,50.0
2678.00,2173.12,1582.91,347.63,2.500,0.00,50.0
2679.00,2172.59,1585.35,347.63,2.500,0.00,50.0
2680.00,2172.05,1587.79,347.63,2.500,0.00,50.0
2681.00,2171.52,1590.23,347.63,2.500,0.00,50.0
2682.00,2170.98,1592.67,347.63,2.500,0.00,50.0
2683.00,2170.44,1595.12,347.63,2.500,0.00,50.0
2684.00,2169.91,1597.56,347.63,2.500,0.00,50.0
2685.00,2169.37,1600.00,347.63,2.500,0.00,50.0
2686.00,2168.84,1602.44,347.63,2.500,0.00,50.0
2687.00,2168.30,1604.88,347.63,2.500,0.00,50.0
2688.00,2167.77,1607.33,347.63,2.500,0.00,50.0
2689.00,2167.23,1609.77,347.63,2.500,0.00,50.0
2690.00,2166.69,1612.21,347.63,2.500,0.00,50.0
2691.00,2166.16,1614.65,347.63,2.500,0.00,50.0
2692.00,2165.62,1617.09,347.63,2.500,0.00,50.0
2693.00,2165.09,1619.54,347.63,2.500,0.00,50.0
2694.00,2164.55,1621.98,347.63,2.500,0.00,50.0
2695.00,2164.02,1624.42,347.63,2.500,0.00,50.0
2696.00,2163.48,1626.86,347.63,2.500,0.00,50.0
2697.00,2162.95,1629.30,347.63,2.500,0.00,50.0
2698.00,2162.41,1631.75,347.63,2.500,0.00,50.0
2699.00,2161.87,1634.19,347.63,2.500,0.00,50.0
2700.00,2161.34,1636.63,347.63,2.500,0.00,50.0
2701.00,2160.80,1639.07,347.63,2.500,0.00,50.0
2702.00,2160.27,1641.51,347.63,2.500,0.00,50.0
2703.00,2159.73,1643.96,347.63,2.500,0.00,50.0
2704.00,2159.20,1646.40,347.63,2.500,0.00,50.0
2705.00,2158.66,1648.84,347.63,2.500,0.00,50.0
2706.00,2158.12,1651.28,347.63,2.500,0.00,50.0
2707.00,2157.59,1653.72,347.63,2.500,0.00,50.0
2708.00,2157.05,1656.17,347.63,2.500,0.00,50.0
2709.00,2156.52,1658.61,347.63,2.500,0.00,50.0
2710.00,2155.98,1661.05,347.63,2.500,0.00,50.0
2711.00,2155.45,1663.49,347.63,2.500,0.00,50.0
2712.00,2154.91,1665.93,347.63,2.500,0.00,50.0
2713.00,2154.38,1668.37,347.63,2.500,0.00,50.0
2714.00,2153.84,1670.82,347.63,2.500,0.00,50.0
2715.00,2153.30,1673.26,347.63,2.500,0.00,50.0
2716.00,2152.77,1675.70,347.63,2.500,0.00,50.0
2717.00,2152.23,1678.14,347.63,2.500,0.00,50.0
2718.00,2151.70,1680.58,347.63,2.500,0.00,50.0
2719.00,2151.16,1683.03,347.63,2.500,0.00,50.0
2720.00,2150.63,1685.47,347.63,2.500,0.00,50.0
2721.00,2150.09,1687.91,347.63,2.500,0.00,50.0
2722.00,2149.56,1690.35,347.63,2.500,0.00,50.0
2723.00,2149.02,1692.79,347.63,2.500,0.00,50.0
2724.00,2148.48,1695.24,347.63,2.500,0.00,50.0
2725.00,2147.95,1697.68,347.63,2.500,0.00,50.0
2726.00,2147.41,1700.12,347.63,2.500,0.00,50.0
2727.00,2146.88,1702.56,347.63,2.500,0.00,50.0
2728.00,2146.34,1705.00,347.63,2.500,0.00,50.0
2729.00,2145.81,1707.45,347.63,2.500,0.00,50.0
2730.00,2145.27,1709.89,347.63,2.500,0.00,50.0
2731.00,2144.73,1712.33,347.63,2.500,0.00,50.0
2732.00,2144.20,1714.77,347.63,2.500,0.00,50.0
2733.00,2143.66,1717.21,347.63,2.500,0.00,50.0
2734.00,2143.13,1719.66,347.63,2.500,0.00,50.0
2735.00,2142.59,1722.10,347.63,2.500,0.00,50.0
2736.00,2142.06,1724.54,347.63,2.500,0.00,50.0
2737.00,2141.52,1726.98,347.63,2.500,0.00,50.0
2738.00,2140.99,1729.42,347.63,2.500,0.00,50.0
2739.00,2140.45,1731.87,347.63,2.500,0.00,50.0
2740.00,2139.91,1734.31,347.63,2.500,0.00,50.0
2741.00,2139.38,1736.75,347.63,2.500,0.00,50.0
2742.00,2138.84,1739.19,347.63,2.500,0.00,50.0
2743.00,2138.31,1741.63,347.63,2.500,0.00,50.0
2744.00,2137.77,1744.07,347.63,2.500,0.00,50.0
2745.00,2137.24,1746.52,347.63,2.500,0.00,50.0
2746.00,2136.70,1748.96,347.63,2.500,0.00,50.0
2747.00,2136.16,1751.40,347.63,2.500,0.00,50.0
2748.00,2135.63,1753.84,347.63,2.500,0.00,50.0
2749.00,2135.09,1756.28,347.63,2.500,0.00,50.0
2750.00,2134.56,1758.73,347.63,2.500,0.00,50.0
2751.00,2134.02,1761.17,347.63,2.500,0.00,50.0
2752.00,2133.49,1763.61,347.63,2.500,0.00,50.0
2753.00,2132.95,1766.05,347.63,2.500,0.00,50.0
2754.00,2132.42,1768.49,347.63,2.500,0.00,50.0
2755.00,2131.88,1770.94,347.63,2.500,0.00,50.0
2756.00,2131.34,1773.38,347.63,2.500,0.00,50.0
2757.00,2130.81,1775.82,347.63,2.500,0.00,50.0
2758.00,2130.27,1778.26,347.63,2.500,0.00,50.0
2759.00,2129.74,1780.70,347.63,2.500,0.00,50.0
2760.00,2129.20,1783.15,347.63,2.500,0.00,50.0
2761.00,2128.67,1785.59,347.63,2.500,0.00,50.0
2762.00,2128.13,1788.03,347.63,2.500,0.00,50.0
2763.00,2127.59,1790.47,347.63,2.500,0.00,50.0
2764.00,2127.06,1792.91,347.63,2.500,0.00,50.0
2765.00,2126.52,1795.36,347.63,2.500,0.00,50.0
2766.00,2125.99,1797.80,347.63,2.500,0.00,50.0
2767.00,2125.45,1800.24,347.63,2.500,0.00,50.0
2768.00,2124.92,1802.68,347.63,2.500,0.00,50.0
2769.00,2124.38,1805.12,347.63,2.500,0.00,50.0
2770.00,2123.85,1807.57,347.63,2.500,0.00,50.0
2771.00,2123.31,1810.01,347.63,2.500,0.00,50.0
2772.00,2122.77,1812.45,347.63,2.500,0.00,50.0
2773.00,2122.24,1814.89,347.63,2.500,0.00,50.0
2774.00,2121.70,1817.33,347.63,2.500,0.00,50.0
2775.00,2121.17,1819.78,347.63,2.500,0.00,50.0
2776.00,2120.63,1822.22,347.63,2.500,0.00,50.0
2777.00,2120.10,1824.66,347.63,2.500,0.00,50.0
2778.00,2119.56,1827.10,347.63,2.500,0.00,50.0
2779.00,2119.02,1829.54,347.63,2.500,0.00,50.0
2780.00,2118.49,1831.99,347.63,2.500,0.00,50.0
2781.00,2117.95,1834.43,347.63,2.500,0.00,50.0
2782.00,2117.42,1836.87,347.63,2.500,0.00,50.0
2783.00,2116.88,1839.31,347.63,2.500,0.00,50.0
2784.00,2116.35,1841.75,347.63,2.500,0.00,50.0
2785.00,2115.81,1844.19,347.63,2.500,0.00,50.0
2786.00,2115.28,1846.64,347.63,2.500,0.00,50.0
2787.00,2114.74,1849.08,347.63,2.500,0.00,50.0
2788.00,2114.20,1851.52,347.63,2.500,0.00,50.0
2789.00,2113.67,1853.96,347.63,2.500,0.00,50.0
2790.00,2113.13,1856.40,347.63,2.500,0.00,50.0
2791.00,2112.60,1858.85,347.63,2.500,0.00,50.0
2792.00,2112.06,1861.29,347.63,2.500,0.00,50.0
2793.00,2111.53,1863.73,347.63,2.500,0.00,50.0
2794.00,2110.99,1866.17,347.63,2.500,0.00,50.0
2795.00,2110.45,1868.61,347.63,2.500,0.00,50.0
2796.00,2109.92,1871.06,347.63,2.500,0.00,50.0
2797.00,2109.38,1873.50,347.63,2.500,0.00,50.0
2798.00,2108.85,1875.94,347.63,2.500,0.00,50.0
2799.00,2108.31,1878.38,347.63,2.500,0.00,50.0
2800.00,2107.78,1880.82,347.63,2.500,0.00,50.0
2801.00,2107.24,1883.27,347.63,2.500,0.00,50.0
2802.00,2106.71,1885.71,347.63,2.500,0.00,50.0
2803.00,2106.17,1888.15,347.63,2.500,0.00,50.0
2804.00,2105.63,1890.59,347.63,2.500,0.00,50.0
2805.00,2105.10,1893.03,347.63,2.500,0.00,50.0
2806.00,2104.56,1895.48,347.63,2.500,0.00,50.0
2807.00,2104.03,1897.92,347.63,2.500,0.00,50.0
2808.00,2103.49,1900.36,347.63,2.500,0.00,50.0
2809.00,2102.96,1902.80,347.63,2.500,0.00,50.0
2810.00,2102.42,1905.24,347.63,2.500,0.00,50.0
2811.00,2101.88,1907.69,347.63,2.500,0.00,50.0
2812.00,2101.35,1910.13,347.63,2.500,0.00,50.0
2813.00,2100.81,1912.57,347.63,2.500,0.00,50.0
2814.00,2100.28,1915.01,347.63,2.500,0.00,50.0
2815.00,2099.74,1917.45,347.63,2.500,0.00,50.0
2816.00,2099.21,1919.90,347.63,2.500,0.00,50.0
2817.00,2098.67,1922.34,347.63,2.500,0.00,50.0
2818.00,2098.14,1924.78,347.63,2.500,0.00,50.0
2819.00,2097.60,1927.22,347.63,2.500,0.00,50.0
2820.00,2097.06,1929.66,347.63,2.500,0.00,50.0
2821.00,2096.53,1932.10,347.63,2.500,0.00,50.0
2822.00,2095.99,1934.55,347.63,2.500,0.00,50.0
2823.00,2095.46,1936.99,347.63,2.500,0.00,50.0
2824.00,2094.92,1939.43,347.63,2.500,0.00,50.0
2825.00,2094.39,1941.87,347.63,2.500,0.00,50.0
2826.00,2093.85,1944.31,347.63,2.500,0.00,50.0
2827.00,2093.31,1946.76,347.63,2.500,0.00,50.0
2828.00,2092.78,1949.20,347.63,2.500,0.00,50.0
2829.00,2092.24,1951.64,347.63,2.500,0.00,50.0
2830.00,2091.71,1954.08,347.63,2.500,0.00,50.0
2831.00,2091.17,1956.52,347.63,2.500,0.00,50.0
2832.00,2090.64,1958.97,347.63,2.500,0.00,50.0
2833.00,2090.10,1961.41,347.63,2.500,0.00,50.0
2834.00,2089.57,1963.85,347.63,2.500,0.00,50.0
2835.00,2089.03,1966.29,347.63,2.500,0.00,50.0
2836.00,2088.49,1968.73,347.63,2.500,0.00,50.0
2837.00,2087.96,1971.18,347.63,2.500,0.00,50.0
2838.00,2087.42,1973.62,347.63,2.500,0.00,50.0
2839.00,2086.89,1976.06,347.63,2.500,0.00,50.0
2840.00,2086.35,1978.50,347.63,2.500,0.00,50.0
2841.00,2085.82,1980.94,347.63,2.500,0.00,50.0
2842.00,2085.28,1983.39,347.63,2.500,0.00,50.0
2843.00,2084.75,1985.83,347.63,2.500,0.00,50.0
2844.00,2084.21,1988.27,347.63,2.500,0.00,50.0
2845.00,2083.67,1990.71,347.63,2.500,0.00,50.0
2846.00,2083.14,1993.15,347.63,2.500,0.00,50.0
2847.00,2082.60,1995.60,347.63,2.500,0.00,50.0
2848.00,2082.07,1998.04,347.63,2.500,0.00,50.0
2849.00,2081.53,2000.48,347.63,2.500,0.00,50.0
2850.00,2081.00,2002.92,347.63,2.500,0.00,50.0
2851.00,2080.46,2005.36,347.63,2.500,0.00,50.0
2852.00,2079.92,2007.81,347.63,2.500,0.00,50.0
2853.00,2079.39,2010.25,347.63,2.500,0.00,50.0
2854.00,2078.85,2012.69,347.63,2.500,0.00,50.0
2855.00,2078.32,2015.13,347.63,2.500,0.00,50.0
2856.00,2077.78,2017.57,347.63,2.500,0.00,50.0
2857.00,2077.25,2020.01,347.63,2.500,0.00,50.0
2858.00,2076.71,2022.46,347.63,2.500,0.00,50.0
2859.00,2076.18,2024.90,347.63,2.500,0.00,50.0
2860.00,2075.64,2027.34,347.63,2.500,0.00,50.0
2861.00,2075.10,2029.78,347.63,2.500,0.00,50.0
2862.00,2074.57,2032.22,347.63,2.500,0.00,50.0
2863.00,2074.03,2034.67,347.63,2.500,0.00,50.0
2864.00,2073.50,2037.11,347.63,2.500,0.00,50.0
2865.00,2072.96,2039.55,347.63,2.500,0.00,50.0
2866.00,2072.43,2041.99,347.63,2.500,0.00,50.0
2867.00,2071.89,2044.43,347.63,2.500,0.00,50.0
2868.00,2071.35,2046.88,347.63,2.500,0.00,50.0
2869.00,2070.82,2049.32,347.63,2.500,0.00,50.0
2870.00,2070.28,2051.76,347.63,2.500,0.00,50.0
2871.00,2069.75,2054.20,347.63,2.500,0.00,50.0
2872.00,2069.21,2056.64,347.63,2.500,0.00,50.0
2873.00,2068.68,2059.09,347.63,2.500,0.00,50.0
2874.00,2068.14,2061.53,347.63,2.500,0.00,50.0
2875.00,2067.61,2063.97,347.63,2.500,0.00,50.0
2876.00,2067.07,2066.41,347.63,2.500,0.00,50.0
2877.00,2066.53,2068.85,347.63,2.500,0.00,50.0
2878.00,2066.00,2071.30,347.63,2.500,0.00,50.0
2879.00,2065.46,2073.74,347.63,2.500,0.00,50.0
2880.00,2064.93,2076.18,347.63,2.500,0.00,50.0
2881.00,2064.39,2078.62,347.63,2.500,0.00,50.0
2882.00,2063.86,2081.06,347.63,2.500,0.00,50.0
2883.00,2063.32,2083.51,347.63,2.500,0.00,50.0
2884.00,2062.78,2085.95,347.63,2.500,0.00,50.0
2885.00,2062.25,2088.39,347.63,2.500,0.00,50.0
2886.00,2061.71,2090.83,347.63,2.500,0.00,50.0
2887.00,2061.18,2093.27,347.63,2.500,0.00,50.0
2888.00,2060.64,2095.72,347.63,2.500,0.00,50.0
2889.00,2060.11,2098.16,347.63,2.500,0.00,50.0
2890.00,2059.57,2100.60,347.63,2.500,0.00,50.0
2891.00,2059.04,2103.04,347.63,2.500,0.00,50.0
2892.00,2058.50,2105.48,347.63,2.500,0.00,50.0
2893.00,2057.96,2107.93,347.63,2.500,0.00,50.0
2894.00,2057.43,2110.37,347.63,2.500,0.00,50.0
2895.00,2056.89,2112.81,347.63,2.500,0.00,50.0
2896.00,2056.36,2115.25,347.63,2.500,0.00,50.0
2897.00,2055.82,2117.69,347.63,2.500,0.00,50.0
2898.00,2055.29,2120.13,347.63,2.500,0.00,50.0
2899.00,2054.75,2122.58,347.63,2.500,0.00,50.0
2900.00,2054.21,2125.02,347.63,2.500,0.00,50.0
2901.00,2053.68,2127.46,347.63,2.500,0.00,50.0
2902.00,2053.14,2129.90,347.63,2.500,0.00,50.0
2903.00,2052.61,2132.34,347.63,2.500,0.00,50.0
2904.00,2052.07,2134.79,347.63,2.500,0.00,50.0
2905.00,2051.54,2137.23,347.63,2.500,0.00,50.0
2906.00,2051.00,2139.67,347.63,2.500,0.00,50.0
2907.00,2050.47,2142.11,347.63,2.500,0.00,50.0
2908.00,2049.93,2144.55,347.63,2.500,0.00,50.0
2909.00,2049.39,2147.00,347.63,2.500,0.00,50.0
2910.00,2048.86,2149.44,347.63,2.500,0.00,50.0
2911.00,2048.32,2151.88,347.63,2.500,0.00,50.0
2912.00,2047.79,2154.32,347.63,2.500,0.00,50.0
2913.00,2047.25,2156.76,347.63,2.500,0.00,50.0
2914.00,2046.72,2159.21,347.63,2.500,0.00,50.0
2915.00,2046.18,2161.65,347.63,2.500,0.00,50.0
2916.00,2045.64,2164.09,347.63,2.500,0.00,50.0
2917.00,2045.11,2166.53,347.63,2.500,0.00,50.0
2918.00,2044.57,2168.97,347.63,2.500,0.00,50.0
2919.00,2044.04,2171.42,347.63,2.500,0.00,50.0
2920.00,2043.50,2173.86,347.63,2.500,0.00,50.0
2921.00,2042.97,2176.30,347.63,2.500,0.00,50.0
2922.00,2042.43,2178.74,347.63,2.500,0.00,50.0
2923.00,2041.90,2181.18,347.63,2.500,0.00,50.0
2924.00,2041.36,2183.63,347.63,2.500,0.00,50.0
2925.00,2040.82,2186.07,347.63,2.500,0.00,50.0
2926.00,2040.29,2188.51,347.63,2.500,0.00,50.0
2927.00,2039.75,2190.95,347.63,2.500,0.00,50.0
2928.00,2039.22,2193.39,347.63,2.500,0.00,50.0
2929.00,2038.68,2195.84,347.63,2.500,0.00,50.0
2930.00,2038.15,2198.28,347.63,2.500,0.00,50.0
2931.00,2037.61,2200.72,347.63,2.500,0.00,50.0
2932.00,2037.07,2203.16,347.63,2.500,0.00,50.0
2933.00,2036.54,2205.60,347.63,2.500,0.00,50.0
2934.00,2036.00,2208.04,347.63,2.500,0.00,50.0
2935.00,2035.47,2210.49,347.63,2.500,0.00,50.0
2936.00,2034.93,2212.93,347.63,2.500,0.00,50.0
2937.00,2034.40,2215.37,347.63,2.500,0.00,50.0
2938.00,2033.86,2217.81,347.63,2.500,0.00,50.0
2939.00,2033.33,2220.25,347.63,2.500,0.00,50.0
2940.00,2032.79,2222.70,347.63,2.500,0.00,50.0
2941.00,2032.25,2225.14,347.63,2.500,0.00,50.0
2942.00,2031.72,2227.58,347.63,2.500,0.00,50.0
2943.00,2031.18,2230.02,347.63,2.500,0.00,50.0
2944.00,2030.65,2232.46,347.63,2.500,0.00,50.0
2945.00,2030.11,2234.91,347.63,2.500,0.00,50.0
2946.00,2029.58,2237.35,347.63,2.500,0.00,50.0
2947.00,2029.04,2239.79,347.63,2.500,0.00,50.0
2948.00,2028.50,2242.23,347.63,2.500,0.00,50.0
2949.00,2027.97,2244.67,347.63,2.500,0.00,50.0
2950.00,2027.43,2247.12,347.63,2.500,0.00,50.0
2951.00,2026.90,2249.56,347.63,2.500,0.00,50.0
2952.00,2026.36,2252.00,347.63,2.500,0.00,50.0
2953.00,2025.83,2254.44,347.63,2.500,0.00,50.0
2954.00,2025.29,2256.88,347.63,2.500,0.00,50.0
2955.00,2024.76,2259.33,347.63,2.500,0.00,50.0
2956.00,2024.22,2261.77,347.63,2.500,0.00,50.0
2957.00,2023.68,2264.21,347.63,2.500,0.00,50.0
2958.00,2023.15,2266.65,347.63,2.500,0.00,50.0
2959.00,2022.61,2269.09,347.63,2.500,0.00,50.0
2960.00,2022.08,2271.54,347.63,2.500,0.00,50.0
2961.00,2021.54,2273.98,347.63,2.500,0.00,50.0
2962.00,2021.01,2276.42,347.63,2.500,0.00,50.0
2963.00,2020.47,2278.86,347.63,2.500,0.00,50.0
2964.00,2019.93,2281.30,347.63,2.500,0.00,50.0
2965.00,2019.40,2283.75,347.63,2.500,0.00,50.0
2966.00,2018.86,2286.19,347.63,2.500,0.00,50.0
2967.00,2018.33,2288.63,347.63,2.500,0.00,50.0
2968.00,2017.79,2291.07,347.63,2.500,0.00,50.0
2969.00,2017.26,2293.51,347.63,2.500,0.00,50.0
2970.00,2016.72,2295.96,347.63,2.500,0.00,50.0
2971.00,2016.19,2298.40,347.63,2.500,0.00,50.0
2972.00,2015.65,2300.84,347.63,2.500,0.00,50.0
2973.00,2015.11,2303.28,347.63,2.500,0.00,50.0
2974.00,2014.58,2305.72,347.63,2.500,0.00,50.0
2975.00,2014.04,2308.16,347.63,2.500,0.00,50.0
2976.00,2013.51,2310.61,347.63,2.500,0.00,50.0
2977.00,2012.97,2313.05,347.63,2.500,0.00,50.0
2978.00,2012.44,2315.49,347.63,2.500,0.00,50.0
2979.00,2011.90,2317.93,347.63,2.500,0.00,50.0
2980.00,2011.36,2320.37,347.63,2.500,0.00,50.0
2981.00,2010.83,2322.82,347.63,2.500,0.00,50.0
2982.00,2010.29,2325.26,347.63,2.500,0.00,50.0
2983.00,2009.76,2327.70,347.63,2.500,0.00,50.0
2984.00,2009.22,2330.14,347.63,2.500,0.00,50.0
2985.00,2008.69,2332.58,347.63,2.500,0.00,50.0
2986.00,2008.15,2335.03,347.63,2.500,0.00,50.0
2987.00,2007.62,2337.47,347.63,2.500,0.00,50.0
2988.00,2007.08,2339.91,347.63,2.500,0.00,50.0
2989.00,2006.54,2342.35,347.63,2.500,0.00,50.0
2990.00,2006.01,2344.79,347.63,2.500,0.00,50.0
2991.00,2005.47,2347.24,347.63,2.500,0.00,50.0
2992.00,2004.94,2349.68,347.63,2.500,0.00,50.0
2993.00,2004.40,2352.12,347.63,2.500,0.00,50.0
2994.00,2003.87,2354.56,347.63,2.500,0.00,50.0
2995.00,2003.33,2357.00,347.63,2.500,0.00,50.0
2996.00,2002.80,2359.45,347.63,2.500,0.00,50.0
2997.00,2002.26,2361.89,347.63,2.500,0.00,50.0
2998.00,2001.72,2364.33,347.63,2.500,0.00,50.0
2999.00,2001.19,2366.77,347.63,2.500,0.00,50.0
3000.00,2000.65,2369.21,347.63,2.500,0.00,50.0
3001.00,2000.12,2371.66,347.63,2.500,0.00,50.0
3002.00,1999.58,2374.10,347.63,2.500,0.00,50.0
3003.00,1999.05,2376.54,347.63,2.500,0.00,50.0
3004.00,1998.51,2378.98,347.63,2.500,0.00,50.0
3005.00,1997.97,2381.42,347.63,2.500,0.00,50.0
3006.00,1997.44,2383.87,347.63,2.500,0.00,50.0
3007.00,1996.90,2386.31,347.63,2.500,0.00,50.0
3008.00,1996.37,2388.75,347.63,2.500,0.00,50.0
3009.00,1995.83,2391.19,347.63,2.500,0.00,50.0
3010.00,1995.30,2393.63,347.63,2.500,0.00,50.0
3011.00,1994.76,2396.07,347.63,2.500,0.00,50.0
3012.00,1994.23,2398.52,347.63,2.500,0.00,50.0
3013.00,1993.69,2400.96,347.63,2.500,0.00,50.0
3014.00,1993.15,2403.40,347.63,2.500,0.00,50.0
3015.00,1992.62,2405.84,347.63,2.500,0.00,50.0
3016.00,1992.08,2408.28,347.63,2.500,0.00,50.0
3017.00,1991.55,2410.73,347.63,2.500,0.00,50.0
3018.00,1991.01,2413.17,347.63,2.500,0.00,50.0
3019.00,1990.48,2415.61,347.63,2.500,0.00,50.0
3020.00,1989.94,2418.05,347.63,2.500,0.00,50.0
3021.00,1989.40,2420.49,347.63,2.500,0.00,50.0
3022.00,1988.87,2422.94,347.63,2.500,0.00,50.0
3023.00,1988.33,2425.38,347.63,2.500,0.00,50.0
3024.00,1987.80,2427.82,347.63,2.500,0.00,50.0
3025.00,1987.26,2430.26,347.63,2.500,0.00,50.0
3026.00,1986.73,2432.70,347.63,2.500,0.00,50.0
3027.00,1986.19,2435.15,347.63,2.500,0.00,50.0
3028.00,1985.66,2437.59,347.63,2.500,0.00,50.0
3029.00,1985.12,2440.03,347.63,2.500,0.00,50.0
3030.00,1984.58,2442.47,347.63,2.500,0.00,50.0
3031.00,1984.05,2444.91,347.63,2.500,0.00,50.0
3032.00,1983.51,2447.36,347.63,2.500,0.00,50.0
3033.00,1982.98,2449.80,347.63,2.500,0.00,50.0
3034.00,1982.44,2452.24,347.63,2.500,0.00,50.0
3035.00,1981.91,2454.68,347.63,2.500,0.00,50.0
3036.00,1981.37,2457.12,347.63,2.500,0.00,50.0
3037.00,1980.83,2459.57,347.63,2.500,0.00,50.0
3038.00,1980.30,2462.01,347.63,2.500,0.00,50.0
3039.00,1979.76,2464.45,347.63,2.500,0.00,50.0
3040.00,1979.23,2466.89,347.63,2.500,0.00,50.0
3041.00,1978.69,2469.33,347.63,2.500,0.00,50.0
3042.00,1978.16,2471.78,347.63,2.500,0.00,50.0
3043.00,1977.62,2474.22,347.63,2.500,0.00,50.0
3044.00,1977.09,2476.66,347.63,2.500,0.00,50.0
3045.00,1976.55,2479.10,347.63,2.500,0.00,50.0
3046.00,1976.01,2481.54,347.63,2.500,0.00,50.0
3047.00,1975.48,2483.99,347.63,2.500,0.00,50.0
3048.00,1974.94,2486.43,347.63,2.500,0.00,50.0
3049.00,1974.41,2488.87,347.63,2.500,0.00,50.0
3050.00,1973.87,2491.31,347.63,2.500,0.00,50.0
3051.00,1973.34,2493.75,347.63,2.500,0.00,50.0
3052.00,1972.80,2496.19,347.63,2.500,0.00,50.0
3053.00,1972.26,2498.64,347.63,2.500,0.00,50.0
3054.00,1971.73,2501.08,347.63,2.500,0.00,50.0
3055.00,1971.19,2503.52,347.63,2.500,0.00,50.0
3056.00,1970.66,2505.96,347.63,2.500,0.00,50.0
3057.00,1970.12,2508.40,347.63,2.500,0.00,50.0
3058.00,1969.59,2510.85,347.63,2.500,0.00,50.0
3059.00,1969.05,2513.29,347.63,2.500,0.00,50.0
3060.00,1968.52,2515.73,347.63,2.500,0.00,50.0
3061.00,1967.98,2518.17,347.63,2.500,0.00,50.0
3062.00,1967.44,2520.61,347.63,2.500,0.00,50.0
3063.00,1966.91,2523.06,347.63,2.500,0.00,50.0
3064.00,1966.37,2525.50,347.63,2.500,0.00,50.0
3065.00,1965.84,2527.94,347.63,2.500,0.00,50.0
3066.00,1965.30,2530.38,347.63,2.500,0.00,50.0
3067.00,1964.77,2532.82,347.63,2.500,0.00,50.0
3068.00,1964.23,2535.27,347.63,2.500,0.00,50.0
3069.00,1963.69,2537.71,347.63,2.500,0.00,50.0
3070.00,1963.16,2540.15,347.63,2.500,0.00,50.0
3071.00,1962.62,2542.59,347.63,2.500,0.00,50.0
3072.00,1962.09,2545.03,347.63,2.500,0.00,50.0
3073.00,1961.55,2547.48,347.63,2.500,0.00,50.0
3074.00,1961.02,2549.92,347.63,2.500,0.00,50.0
3075.00,1960.48,2552.36,347.63,2.500,0.00,50.0
3076.00,1959.95,2554.80,347.63,2.500,0.00,50.0
3077.00,1959.41,2557.24,347.63,2.500,0.00,50.0
3078.00,1958.87,2559.69,347.63,2.500,0.00,50.0
3079.00,1958.34,2562.13,347.63,2.500,0.00,50.0
3080.00,1957.80,2564.57,347.63,2.500,0.00,50.0
3081.00,1957.27,2567.01,347.63,2.500,0.00,50.0
3082.00,1956.73,2569.45,347.63,2.500,0.00,50.0
3083.00,1956.20,2571.90,347.63,2.500,0.00,50.0
3084.00,1955.66,2574.34,347.63,2.500,0.00,50.0
3085.00,1955.12,2576.78,347.63,2.500,0.00,50.0
3086.00,1954.59,2579.22,347.63,2.500,0.00,50.0
3087.00,1954.05,2581.66,347.63,2.500,0.00,50.0
3088.00,1953.52,2584.10,347.63,2.500,0.00,50.0
3089.00,1952.98,2586.55,347.63,2.500,0.00,50.0
3090.00,1952.45,2588.99,347.63,2.500,0.00,50.0
3091.00,1951.91,2591.43,347.63,2.500,0.00,50.0
3092.00,1951.38,2593.87,347.63,2.500,0.00,50.0
3093.00,1950.84,2596.31,347.63,2.500,0.00,50.0
3094.00,1950.30,2598.76,347.63,2.500,0.00,50.0
3095.00,1949.77,2601.20,347.63,2.500,0.00,50.0
3096.00,1949.23,2603.64,347.63,2.500,0.00,50.0
3097.00,1948.70,2606.08,347.63,2.500,0.00,50.0
3098.00,1948.16,2608.52,347.63,2.500,0.00,50.0
3099.00,1947.63,2610.97,347.63,2.500,0.00,50.0
3100.00,1947.09,2613.41,347.63,2.500,0.00,50.0
3101.00,1946.55,2615.85,347.63,2.500,0.00,50.0
3102.00,1946.02,2618.29,347.63,2.500,0.00,50.0
3103.00,1945.48,2620.73,347.63,2.500,0.00,50.0
3104.00,1944.95,2623.18,347.63,2.500,0.00,50.0
3105.00,1944.41,2625.62,347.63,2.500,0.00,50.0
3106.00,1943.88,2628.06,347.63,2.500,0.00,50.0
3107.00,1943.34,2630.50,347.63,2.500,0.00,50.0
3108.00,1942.81,2632.94,347.63,2.500,0.00,50.0
3109.00,1942.27,2635.39,347.63,2.500,0.00,50.0
3110.00,1941.73,2637.83,347.63,2.500,0.00,50.0
3111.00,1941.20,2640.27,347.63,2.500,0.00,50.0
3112.00,1940.66,2642.71,347.63,2.500,0.00,50.0
3113.00,1940.13,2645.15,347.63,2.500,0.00,50.0
3114.00,1939.59,2647.60,347.63,2.500,0.00,50.0
3115.00,1939.06,2650.04,347.63,2.500,0.00,50.0
3116.00,1938.52,2652.48,347.63,2.500,0.00,50.0
3117.00,1937.98,2654.92,347.63,2.500,0.00,50.0
3118.00,1937.45,2657.36,347.63,2.500,0.00,50.0
3119.00,1936.91,2659.81,347.63,2.500,0.00,50.0
3120.00,1936.38,2662.25,347.63,2.500,0.00,50.0
3121.00,1935.84,2664.69,347.63,2.500,0.00,50.0
3122.00,1935.31,2667.13,347.63,2.500,0.00,50.0
3123.00,1934.77,2669.57,347.63,2.500,0.00,50.0
3124.00,1934.24,2672.02,347.63,2.500,0.00,50.0
3125.00,1933.70,2674.46,347.63,2.500,0.00,50.0
3126.00,1933.16,2676.90,347.63,2.500,0.00,50.0
3127.00,1932.63,2679.34,347.63,2.500,0.00,50.0
3128.00,1932.09,2681.78,347.63,2.500,0.00,50.0
3129.00,1931.56,2684.22,347.63,2.500,0.00,50.0
3130.00,1931.02,2686.67,347.63,2.500,0.00,50.0
3131.00,1930.49,2689.11,347.63,2.500,0.00,50.0
3132.00,1929.95,2691.55,347.63,2.500,0.00,50.0
3133.00,1929.42,2693.99,347.63,2.500,0.00,50.0
3134.00,1928.88,2696.43,347.63,2.500,0.00,50.0
3135.00,1928.34,2698.88,347.63,2.500,0.00,50.0
3136.00,1927.81,2701.32,347.63,2.500,0.00,50.0
3137.00,1927.27,2703.76,347.63,2.500,0.00,50.0
3138.00,1926.74,2706.20,347.63,2.500,0.00,50.0
3139.00,1926.20,2708.64,347.63,2.500,0.00,50.0
3140.00,1925.67,2711.09,347.63,2.500,0.00,50.0
3141.00,1925.13,2713.53,347.63,2.500,0.00,50.0
3142.00,1924.59,2715.97,347.63,2.500,0.00,50.0
3143.00,1924.06,2718.41,347.63,2.500,0.00,50.0
3144.00,1923.52,2720.85,347.63,2.500,0.00,50.0
3145.00,1922.99,2723.30,347.63,2.500,0.00,50.0
3146.00,1922.45,2725.74,347.63,2.500,0.00,50.0
3147.00,1921.92,2728.18,347.63,2.500,0.00,50.0
3148.00,1921.38,2730.62,347.63,2.500,0.00,50.0
3149.00,1920.85,2733.06,347.63,2.500,0.00,50.0
3150.00,1920.31,2735.51,347.63,2.500,0.00,50.0
3151.00,1919.77,2737.95,347.63,2.500,0.00,50.0
3152.00,1919.24,2740.39,347.63,2.500,0.00,50.0
3153.00,1918.70,2742.83,347.63,2.500,0.00,50.0
3154.00,1918.17,2745.27,347.63,2.500,0.00,50.0
3155.00,1917.63,2747.72,347.63,2.500,0.00,50.0
3156.00,1917.10,2750.16,347.63,2.500,0.00,50.0
3157.00,1916.56,2752.60,347.63,2.500,0.00,50.0
3158.00,1916.02,2755.04,347.63,2.500,0.00,50.0
3159.00,1915.49,2757.48,347.63,2.500,0.00,50.0
3160.00,1914.95,2759.93,347.63,2.500,0.00,50.0
3161.00,1914.42,2762.37,347.63,2.500,0.00,50.0
3162.00,1913.88,2764.81,347.63,2.500,0.00,50.0
3163.00,1913.35,2767.25,347.63,2.500,0.00,50.0
3164.00,1912.81,2769.69,347.63,2.500,0.00,50.0
3165.00,1912.28,2772.13,347.63,2.500,0.00,50.0
3166.00,1911.74,2774.58,347.63,2.500,0.00,50.0
3167.00,1911.20,2777.02,347.63,2.500,0.00,50.0
3168.00,1910.67,2779.46,347.63,2.500,0.00,50.0
3169.00,1910.13,2781.90,347.63,2.500,0.00,50.0
3170.00,1909.60,2784.34,347.63,2.500,0.00,50.0
3171.00,1909.06,2786.79,347.63,2.500,0.00,50.0
3172.00,1908.53,2789.23,347.63,2.500,0.00,50.0
3173.00,1907.99,2791.67,347.63,2.500,0.00,50.0
3174.00,1907.45,2794.11,347.63,2.500,0.00,50.0
3175.00,1906.92,2796.55,347.63,2.500,0.00,50.0
3176.00,1906.38,2799.00,347.63,2.500,0.00,50.0
3177.00,1905.85,2801.44,347.63,2.500,0.00,50.0
3178.00,1905.31,2803.88,347.63,2.500,0.00,50.0
3179.00,1904.78,2806.32,347.63,2.500,0.00,50.0
3180.00,1904.24,2808.76,347.63,2.500,0.00,50.0
3181.00,1903.71,2811.21,347.63,2.500,0.00,50.0
3182.00,1903.17,2813.65,347.63,2.500,0.00,50.0
3183.00,1902.63,2816.09,347.63,2.500,0.00,50.0
3184.00,1902.10,2818.53,347.63,2.500,0.00,50.0
3185.00,1901.56,2820.97,347.63,2.500,0.00,50.0
3186.00,1901.03,2823.42,347.63,2.500,0.00,50.0
3187.00,1900.49,2825.86,347.63,2.500,0.00,50.0
3188.00,1899.96,2828.30,347.63,2.500,0.00,50.0
3189.00,1899.42,2830.74,347.63,2.500,0.00,50.0
3190.00,1898.88,2833.18,347.63,2.500,0.00,50.0
3191.00,1898.35,2835.63,347.63,2.500,0.00,50.0
3192.00,1897.81,2838.07,347.63,2.500,0.00,50.0
3193.00,1897.28,2840.51,347.63,2.500,0.00,50.0
3194.00,1896.74,2842.95,347.63,2.500,0.00,50.0
3195.00,1896.21,2845.39,347.63,2.500,0.00,50.0
3196.00,1895.67,2847.84,347.63,2.500,0.00,50.0
3197.00,1895.14,2850.28,347.63,2.500,0.00,50.0
3198.00,1894.60,2852.72,347.63,2.500,0.00,50.0
3199.00,1894.06,2855.16,347.63,2.500,0.00,50.0
3200.00,1893.53,2857.60,347.63,2.500,0.00,50.0
3201.00,1892.99,2860.05,347.63,2.500,0.00,50.0
3202.00,1892.46,2862.49,347.63,2.500,0.00,50.0
3203.00,1891.92,2864.93,347.63,2.500,0.00,50.0
3204.00,1891.39,2867.37,347.63,2.500,0.00,50.0
3205.00,1890.85,2869.81,347.63,2.500,0.00,50.0
3206.00,1890.31,2872.25,347.63,2.500,0.00,50.0
3207.00,1889.78,2874.70,347.63,2.500,0.00,50.0
3208.00,1889.24,2877.14,347.63,2.500,0.00,50.0
3209.00,1888.71,2879.58,347.63,2.500,0.00,50.0
3210.00,1888.17,2882.02,347.63,2.500,0.00,50.0
3211.00,1887.64,2884.46,347.63,2.500,0.00,50.0
3212.00,1887.10,2886.91,347.63,2.500,0.00,50.0
3213.00,1886.57,2889.35,347.63,2.500,0.00,50.0
3214.00,1886.03,2891.79,347.63,2.500,0.00,50.0
3215.00,1885.49,2894.23,347.63,2.500,0.00,50.0
3216.00,1884.96,2896.67,347.63,2.500,0.00,50.0
3217.00,1884.42,2899.12,347.63,2.500,0.00,50.0
3218.00,1883.89,2901.56,347.63,2.500,0.00,50.0
3219.00,1883.35,2904.00,347.63,2.500,0.00,50.0
3220.00,1882.82,2906.44,347.63,2.500,0.00,50.0
3221.00,1882.28,2908.88,347.63,2.500,0.00,50.0
3222.00,1881.74,2911.33,347.63,2.500,0.00,50.0
3223.00,1881.21,2913.77,347.63,2.500,0.00,50.0
3224.00,1880.67,2916.21,347.63,2.500,0.00,50.0
3225.00,1880.14,2918.65,347.63,2.500,0.00,50.0
3226.00,1879.60,2921.09,347.63,2.500,0.00,50.0
3227.00,1879.07,2923.54,347.63,2.500,0.00,50.0
3228.00,1878.53,2925.98,347.63,2.500,0.00,50.0
3229.00,1878.00,2928.42,347.63,2.500,0.00,50.0
3230.00,1877.46,2930.86,347.63,2.500,0.00,50.0
3231.00,1876.92,2933.30,347.63,2.500,0.00,50.0
3232.00,1876.39,2935.75,347.63,2.500,0.00,50.0
3233.00,1875.85,2938.19,347.63,2.500,0.00,50.0
3234.00,1875.32,2940.63,347.63,2.500,0.00,50.0
3235.00,1874.78,2943.07,347.63,2.500,0.00,50.0
3236.00,1874.25,2945.51,347.63,2.500,0.00,50.0
3237.00,1873.71,2947.96,347.63,2.500,0.00,50.0
3238.00,1873.17,2950.40,347.63,2.500,0.00,50.0
3239.00,1872.64,2952.84,347.63,2.500,0.00,50.0
3240.00,1872.10,2955.28,347.63,2.500,0.00,50.0
3241.00,1871.57,2957.72,347.63,2.500,0.00,50.0
3242.00,1871.03,2960.16,347.63,2.500,0.00,50.0
3243.00,1870.50,2962.61,347.63,2.500,0.00,50.0
3244.00,1869.96,2965.05,347.63,2.500,0.00,50.0
3245.00,1869.43,2967.49,347.63,2.500,0.00,50.0
3246.00,1868.89,2969.93,347.63,2.500,0.00,50.0
3247.00,1868.35,2972.37,347.63,2.500,0.00,50.0
3248.00,1867.82,2974.82,347.63,2.500,0.00,50.0
3249.00,1867.28,2977.26,347.63,2.500,0.00,50.0
3250.00,1866.75,2979.70,347.63,2.500,0.00,50.0
3251.00,1866.21,2982.14,347.63,2.500,0.00,50.0
3252.00,1865.68,2984.58,347.63,2.500,0.00,50.0
3253.00,1865.14,2987.03,347.63,2.500,0.00,50.0
3254.00,1864.60,2989.47,347.63,2.500,0.00,50.0
3255.00,1864.07,2991.91,347.63,2.500,0.00,50.0
3256.00,1863.53,2994.35,347.63,2.500,0.00,50.0
3257.00,1863.00,2996.79,347.63,2.500,0.00,50.0
3258.00,1862.46,2999.24,347.63,2.500,0.00,50.0
3259.00,1861.93,3001.68,347.63,2.500,0.00,50.0
3260.00,1861.39,3004.12,347.63,2.500,0.00,50.0
3261.00,1860.86,3006.56,347.63,2.500,0.00,50.0
3262.00,1860.32,3009.00,347.63,2.500,0.00,50.0
3263.00,1859.78,3011.45,347.63,2.500,0.00,50.0
3264.00,1859.25,3013.89,347.63,2.500,0.00,50.0
3265.00,1858.71,3016.33,347.63,2.500,0.00,50.0
3266.00,1858.18,3018.77,347.63,2.500,0.00,50.0
3267.00,1857.64,3021.21,347.63,2.500,0.00,50.0
3268.00,1857.11,3023.66,347.63,2.500,0.00,50.0
3269.00,1856.57,3026.10,347.63,2.500,0.00,50.0
3270.00,1856.03,3028.54,347.63,2.500,0.00,50.0
3271.00,1855.50,3030.98,347.63,2.500,0.00,50.0
3272.00,1854.96,3033.42,347.63,2.500,0.00,50.0
3273.00,1854.43,3035.87,347.63,2.500,0.00,50.0
3274.00,1853.89,3038.31,347.63,2.500,0.00,50.0
3275.00,1853.36,3040.75,347.63,2.500,0.00,50.0
3276.00,1852.82,3043.19,347.63,2.500,0.00,50.0
3277.00,1852.29,3045.63,347.63,2.500,0.00,50.0
3278.00,1851.75,3048.08,347.63,2.500,0.00,50.0
3279.00,1851.21,3050.52,347.63,2.500,0.00,50.0
3280.00,1850.68,3052.96,347.63,2.500,0.00,50.0
3281.00,1850.14,3055.40,347.63,2.500,0.00,50.0
3282.00,1849.61,3057.84,347.63,2.500,0.00,50.0
3283.00,1849.07,3060.28,347.63,2.500,0.00,50.0
3284.00,1848.54,3062.73,347.63,2.500,0.00,50.0
3285.00,1848.00,3065.17,347.63,2.500,0.00,50.0
3286.00,1847.47,3067.61,347.63,2.500,0.00,50.0
3287.00,1846.93,3070.05,347.63,2.500,0.00,50.0
3288.00,1846.39,3072.49,347.63,2.500,0.00,50.0
3289.00,1845.86,3074.94,347.63,2.500,0.00,50.0
3290.00,1845.32,3077.38,347.63,2.500,0.00,50.0
3291.00,1844.79,3079.82,347.63,2.500,0.00,50.0
3292.00,1844.25,3082.26,347.63,2.500,0.00,50.0
3293.00,1843.72,3084.70,347.63,2.500,0.00,50.0
3294.00,1843.18,3087.15,347.63,2.500,0.00,50.0
3295.00,1842.64,3089.59,347.63,2.500,0.00,50.0
3296.00,1842.11,3092.03,347.63,2.500,0.00,50.0
3297.00,1841.57,3094.47,347.63,2.500,0.00,50.0
3298.00,1841.04,3096.91,347.63,2.500,0.00,50.0
3299.00,1840.50,3099.36,347.63,2.500,0.00,50.0
3300.00,1839.97,3101.80,347.63,2.500,0.00,50.0
3301.00,1839.43,3104.24,347.63,2.500,0.00,50.0
3302.00,1838.90,3106.68,347.63,2.500,0.00,50.0
3303.00,1838.36,3109.12,347.63,2.500,0.00,50.0
3304.00,1837.82,3111.57,347.63,2.500,0.00,50.0
3305.00,1837.29,3114.01,347.63,2.500,0.00,50.0
3306.00,1836.75,3116.45,347.63,2.500,0.00,50.0
3307.00,1836.22,3118.89,347.63,2.500,0.00,50.0
3308.00,1835.68,3121.33,347.63,2.500,0.00,50.0
3309.00,1835.15,3123.78,347.63,2.500,0.00,50.0
3310.00,1834.61,3126.22,347.63,2.500,0.00,50.0
3311.00,1834.07,3128.66,347.63,2.500,0.00,50.0
3312.00,1833.54,3131.10,347.63,2.500,0.00,50.0
3313.00,1833.00,3133.54,347.63,2.500,0.00,50.0
3314.00,1832.47,3135.99,347.63,2.500,0.00,50.0
3315.00,1831.93,3138.43,347.63,2.500,0.00,50.0
3316.00,1831.40,3140.87,347.63,2.500,0.00,50.0
3317.00,1830.86,3143.31,347.63,2.500,0.00,50.0
3318.00,1830.33,3145.75,347.63,2.500,0.00,50.0
3319.00,1829.79,3148.19,347.63,2.500,0.00,50.0
3320.00,1829.25,3150.64,347.63,2.500,0.00,50.0
3321.00,1828.72,3153.08,347.63,2.500,0.00,50.0
3322.00,1828.18,3155.52,347.63,2.500,0.00,50.0
3323.00,1827.65,3157.96,347.63,2.500,0.00,50.0
3324.00,1827.11,3160.40,347.63,2.500,0.00,50.0
3325.00,1826.58,3162.85,347.63,2.500,0.00,50.0
3326.00,1826.04,3165.29,347.63,2.500,0.00,50.0
3327.00,1825.50,3167.73,347.63,2.500,0.00,50.0
3328.00,1824.97,3170.17,347.63,2.500,0.00,50.0
3329.00,1824.43,3172.61,347.63,2.500,0.00,50.0
3330.00,1823.90,3175.06,347.63,2.500,0.00,50.0
3331.00,1823.36,3177.50,347.63,2.500,0.00,50.0
3332.00,1822.83,3179.94,347.63,2.500,0.00,50.0
3333.00,1822.29,3182.38,347.63,2.500,0.00,50.0
3334.00,1821.76,3184.82,347.63,2.500,0.00,50.0
3335.00,1821.22,3187.27,347.63,2.500,0.00,50.0
3336.00,1820.68,3189.71,347.63,2.500,0.00,50.0
3337.00,1820.15,3192.15,347.63,2.500,0.00,50.0
3338.00,1819.61,3194.59,347.63,2.500,0.00,50.0
3339.00,1819.08,3197.03,347.63,2.500,0.00,50.0
3340.00,1818.54,3199.48,347.63,2.500,0.00,50.0
3341.00,1818.01,3201.92,347.63,2.500,0.00,50.0
3342.00,1817.47,3204.36,347.63,2.500,0.00,50.0
3343.00,1816.93,3206.80,347.63,2.500,0.00,50.0
3344.00,1816.40,3209.24,347.63,2.500,0.00,50.0
3345.00,1815.86,3211.69,347.63,2.500,0.00,50.0
3346.00,1815.33,3214.13,347.63,2.500,0.00,50.0
3347.00,1814.79,3216.57,347.63,2.500,0.00,50.0
3348.00,1814.26,3219.01,347.63,2.500,0.00,50.0
3349.00,1813.72,3221.45,347.63,2.500,0.00,50.0
3350.00,1813.19,3223.90,347.63,2.500,0.00,50.0
3351.00,1812.65,3226.34,347.63,2.500,0.00,50.0
3352.00,1812.11,3228.78,347.63,2.500,0.00,50.0
3353.00,1811.58,3231.22,347.63,2.500,0.00,50.0
3354.00,1811.04,3233.66,347.63,2.500,0.00,50.0
3355.00,1810.51,3236.11,347.63,2.500,0.00,50.0
3356.00,1809.97,3238.55,347.63,2.500,0.00,50.0
3357.00,1809.44,3240.99,347.63,2.500,0.00,50.0
3358.00,1808.90,3243.43,347.63,2.500,0.00,50.0
3359.00,1808.36,3245.87,347.63,2.500,0.00,50.0
3360.00,1807.83,3248.31,347.63,2.500,0.00,50.0
3361.00,1807.29,3250.76,347.63,2.500,0.00,50.0
3362.00,1806.76,3253.20,347.63,2.500,0.00,50.0
3363.00,1806.22,3255.64,347.63,2.500,0.00,50.0
3364.00,1805.69,3258.08,347.63,2.500,0.00,50.0
3365.00,1805.15,3260.52,347.63,2.500,0.00,50.0
3366.00,1804.62,3262.97,347.63,2.500,0.00,50.0
3367.00,1804.08,3265.41,347.63,2.500,0.00,50.0
3368.00,1803.54,3267.85,347.63,2.500,0.00,50.0
3369.00,1803.01,3270.29,347.63,2.500,0.00,50.0
3370.00,1802.47,3272.73,347.63,2.500,0.00,50.0
3371.00,1801.94,3275.18,347.63,2.500,0.00,50.0
3372.00,1801.40,3277.62,347.63,2.500,0.00,50.0
3373.00,1800.87,3280.06,347.63,2.500,0.00,50.0
3374.00,1800.33,3282.50,347.63,2.500,0.00,50.0
3375.00,1799.79,3284.94,347.63,2.500,0.00,50.0
3376.00,1799.26,3287.39,347.63,2.500,0.00,50.0
3377.00,1798.72,3289.83,347.63,2.500,0.00,50.0
3378.00,1798.19,3292.27,347.63,2.500,0.00,50.0
3379.00,1797.65,3294.71,347.63,2.500,0.00,50.0
3380.00,1797.12,3297.15,347.63,2.500,0.00,50.0
3381.00,1796.58,3299.60,347.63,2.500,0.00,50.0
3382.00,1796.05,3302.04,347.63,2.500,0.00,50.0
3383.00,1795.51,3304.48,347.63,2.500,0.00,50.0
3384.00,1794.97,3306.92,347.63,2.500,0.00,50.0
3385.00,1794.44,3309.36,347.63,2.500,0.00,50.0
3386.00,1793.90,3311.81,347.63,2.500,0.00,50.0
3387.00,1793.37,3314.25,347.63,2.500,0.00,50.0
3388.00,1792.83,3316.69,347.63,2.500,0.00,50.0
3389.00,1792.30,3319.13,347.63,2.500,0.00,50.0
3390.00,1791.76,3321.57,347.63,2.500,0.00,50.0
3391.00,1791.22,3324.02,347.63,2.500,0.00,50.0
3392.00,1790.69,3326.46,347.63,2.500,0.00,50.0
3393.00,1790.15,3328.90,347.63,2.500,0.00,50.0
3394.00,1789.62,3331.34,347.63,2.500,0.00,50.0
3395.00,1789.08,3333.78,347.63,2.500,0.00,50.0
3396.00,1788.55,3336.22,347.63,2.500,0.00,50.0
3397.00,1788.01,3338.67,347.63,2.500,0.00,50.0
3398.00,1787.48,3341.11,347.63,2.500,0.00,50.0
3399.00,1786.94,3343.55,347.63,2.500,0.00,50.0
3400.00,1786.40,3345.99,347.63,2.500,0.00,50.0
3401.00,1785.87,3348.43,347.63,2.500,0.00,50.0
3402.00,1785.33,3350.88,347.63,2.500,0.00,50.0
3403.00,1784.80,3353.32,347.63,2.500,0.00,50.0
3404.00,1784.26,3355.76,347.63,2.500,0.00,50.0
3405.00,1783.73,3358.20,347.63,2.500,0.00,50.0
3406.00,1783.19,3360.64,347.63,2.500,0.00,50.0
3407.00,1782.65,3363.09,347.63,2.500,0.00,50.0
3408.00,1782.12,3365.53,347.63,2.500,0.00,50.0
3409.00,1781.58,3367.97,347.63,2.500,0.00,50.0
3410.00,1781.05,3370.41,347.63,2.500,0.00,50.0
3411.00,1780.51,3372.85,347.63,2.500,0.00,50.0
3412.00,1779.98,3375.30,347.63,2.500,0.00,50.0
3413.00,1779.44,3377.74,347.63,2.500,0.00,50.0
3414.00,1778.91,3380.18,347.63,2.500,0.00,50.0
3415.00,1778.37,3382.62,347.63,2.500,0.00,50.0
3416.00,1777.83,3385.06,347.63,2.500,0.00,50.0
3417.00,1777.30,3387.51,347.63,2.500,0.00,50.0
3418.00,1776.76,3389.95,347.63,2.500,0.00,50.0
3419.00,1776.23,3392.39,347.63,2.500,0.00,50.0
3420.00,1775.69,3394.83,347.63,2.500,0.00,50.0
3421.00,1775.16,3397.27,347.63,2.500,0.00,50.0
3422.00,1774.62,3399.72,347.63,2.500,0.00,50.0
3423.00,1774.09,3402.16,347.63,2.500,0.00,50.0
3424.00,1773.55,3404.60,347.63,2.500,0.00,50.0
3425.00,1773.01,3407.04,347.63,2.500,0.00,50.0
3426.00,1772.48,3409.48,347.63,2.500,0.00,50.0
3427.00,1771.94,3411.93,347.63,2.500,0.00,50.0
3428.00,1771.41,3414.37,347.63,2.500,0.00,50.0
3429.00,1770.87,3416.81,347.63,2.500,0.00,50.0
3430.00,1770.34,3419.25,347.63,2.500,0.00,50.0
3431.00,1769.80,3421.69,347.63,2.500,0.00,50.0
3432.00,1769.26,3424.14,347.63,2.500,0.00,50.0
3433.00,1768.73,3426.58,347.63,2.500,0.00,50.0
3434.00,1768.19,3429.02,347.63,2.500,0.00,50.0
3435.00,1767.66,3431.46,347.63,2.500,0.00,50.0
3436.00,1767.12,3433.90,347.63,2.500,0.00,50.0
3437.00,1766.59,3436.34,347.63,2.500,0.00,50.0
3438.00,1766.05,3438.79,347.63,2.500,0.00,50.0
3439.00,1765.52,3441.23,347.63,2.500,0.00,50.0
3440.00,1764.98,3443.67,347.63,2.500,0.00,50.0
3441.00,1764.44,3446.11,347.63,2.500,0.00,50.0
3442.00,1763.91,3448.55,347.63,2.500,0.00,50.0
3443.00,1763.37,3451.00,347.63,2.500,0.00,50.0
3444.00,1762.84,3453.44,347.63,2.500,0.00,50.0
3445.00,1762.30,3455.88,347.63,2.500,0.00,50.0
3446.00,1761.77,3458.32,347.63,2.500,0.00,50.0
3447.00,1761.23,3460.76,347.63,2.500,0.00,50.0
3448.00,1760.69,3463.21,347.63,2.500,0.00,50.0
3449.00,1760.16,3465.65,347.63,2.500,0.00,50.0
3450.00,1759.62,3468.09,347.63,2.500,0.00,50.0
3451.00,1759.09,3470.53,347.63,2.500,0.00,50.0
3452.00,1758.55,3472.97,347.63,2.500,0.00,50.0
3453.00,1758.02,3475.42,347.63,2.500,0.00,50.0
3454.00,1757.48,3477.86,347.63,2.500,0.00,50.0
3455.00,1756.95,3480.30,347.63,2.500,0.00,50.0
3456.00,1756.41,3482.74,347.63,2.500,0.00,50.0
3457.00,1755.87,3485.18,347.63,2.500,0.00,50.0
3458.00,1755.34,3487.63,347.63,2.500,0.00,50.0
3459.00,1754.80,3490.07,347.63,2.500,0.00,50.0
3460.00,1754.27,3492.51,347.63,2.500,0.00,50.0
3461.00,1753.73,3494.95,347.63,2.500,0.00,50.0
3462.00,1753.20,3497.39,347.63,2.500,0.00,50.0
3463.00,1752.66,3499.84,347.63,2.500,0.00,50.0
3464.00,1752.12,3502.28,347.63,2.500,0.00,50.0
3465.00,1751.59,3504.72,347.63,2.500,0.00,50.0
3466.00,1751.05,3507.16,347.63,2.500,0.00,50.0
3467.00,1750.52,3509.60,347.63,2.500,0.00,50.0
3468.00,1749.98,3512.05,347.63,2.500,0.00,50.0
3469.00,1749.45,3514.49,347.63,2.500,0.00,50.0
3470.00,1748.91,3516.93,347.63,2.500,0.00,50.0
3471.00,1748.38,3519.37,347.63,2.500,0.00,50.0
3472.00,1747.84,3521.81,347.63,2.500,0.00,50.0
3473.00,1747.30,3524.25,347.63,2.500,0.00,50.0
3474.00,1746.77,3526.70,347.63,2.500,0.00,50.0
3475.00,1746.23,3529.14,347.63,2.500,0.00,50.0
3476.00,1745.70,3531.58,347.63,2.500,0.00,50.0
3477.00,1745.16,3534.02,347.63,2.500,0.00,50.0
3478.00,1744.63,3536.46,347.63,2.500,0.00,50.0
3479.00,1744.09,3538.91,347.63,2.500,0.00,50.0
3480.00,1743.55,3541.35,347.63,2.500,0.00,50.0
3481.00,1743.02,3543.79,347.63,2.500,0.00,50.0
3482.00,1742.48,3546.23,347.63,2.500,0.00,50.0
3483.00,1741.95,3548.67,347.63,2.500,0.00,50.0
3484.00,1741.41,3551.12,347.63,2.500,0.00,50.0
3485.00,1740.88,3553.56,347.63,2.500,0.00,50.0
3486.00,1740.34,3556.00,347.63,2.500,0.00,50.0
3487.00,1739.81,3558.44,347.63,2.500,0.00,50.0
3488.00,1739.27,3560.88,347.63,2.500,0.00,50.0
3489.00,1738.73,3563.33,347.63,2.500,0.00,50.0
3490.00,1738.20,3565.77,347.63,2.500,0.00,50.0
3491.00,1737.66,3568.21,347.63,2.500,0.00,50.0
3492.00,1737.13,3570.65,347.63,2.500,0.00,50.0
3493.00,1736.59,3573.09,347.63,2.500,0.00,50.0
3494.00,1736.06,3575.54,347.63,2.500,0.00,50.0
3495.00,1735.52,3577.98,347.63,2.500,0.00,50.0
3496.00,1734.98,3580.42,347.63,2.500,0.00,50.0
3497.00,1734.45,3582.86,347.63,2.500,0.00,50.0
3498.00,1733.91,3585.30,347.63,2.500,0.00,50.0
3499.00,1733.38,3587.75,347.63,2.500,0.00,50.0
3500.00,1732.84,3590.19,347.63,2.500,0.00,50.0
3501.00,1732.31,3592.63,347.63,2.500,0.00,50.0
3502.00,1731.77,3595.07,347.63,2.500,0.00,50.0
3503.00,1731.24,3597.51,347.63,2.500,0.00,50.0
3504.00,1730.70,3599.96,347.63,2.500,0.00,50.0
3505.00,1730.16,3602.40,347.63,2.500,0.00,50.0
3506.00,1729.63,3604.84,347.63,2.500,0.00,50.0
3507.00,1729.09,3607.28,347.63,2.500,0.00,50.0
3508.00,1728.56,3609.72,347.63,2.500,0.00,50.0
3509.00,1728.02,3612.17,347.63,2.500,0.00,50.0
3510.00,1727.49,3614.61,347.63,2.500,0.00,50.0
3511.00,1726.95,3617.05,347.63,2.500,0.00,50.0
3512.00,1726.41,3619.49,347.63,2.500,0.00,50.0
3513.00,1725.88,3621.93,347.63,2.500,0.00,50.0
3514.00,1725.34,3624.37,347.63,2.500,0.00,50.0
3515.00,1724.81,3626.82,347.63,2.500,0.00,50.0
3516.00,1724.27,3629.26,347.63,2.500,0.00,50.0
3517.00,1723.74,3631.70,347.63,2.500,0.00,50.0
3518.00,1723.20,3634.14,347.63,2.500,0.00,50.0
3519.00,1722.67,3636.58,347.63,2.500,0.00,50.0
3520.00,1722.13,3639.03,347.63,2.500,0.00,50.0
3521.00,1721.59,3641.47,347.63,2.500,0.00,50.0
3522.00,1721.06,3643.91,347.63,2.500,0.00,50.0
3523.00,1720.52,3646.35,347.63,2.500,0.00,50.0
3524.00,1719.99,3648.79,347.63,2.500,0.00,50.0
3525.00,1719.45,3651.24,347.63,2.500,0.00,50.0
3526.00,1718.92,3653.68,347.63,2.500,0.00,50.0
3527.00,1718.38,3656.12,347.63,2.500,0.00,50.0
3528.00,1717.84,3658.56,347.63,2.500,0.00,50.0
3529.00,1717.31,3661.00,347.63,2.500,0.00,50.0
3530.00,1716.77,3663.45,347.63,2.500,0.00,50.0
3531.00,1716.24,3665.89,347.63,2.500,0.00,50.0
3532.00,1715.70,3668.33,347.63,2.500,0.00,50.0
3533.00,1715.17,3670.77,347.63,2.500,0.00,50.0
3534.00,1714.63,3673.21,347.63,2.500,0.00,50.0
3535.00,1714.10,3675.66,347.63,2.500,0.00,50.0
3536.00,1713.56,3678.10,347.63,2.500,0.00,50.0
3537.00,1713.02,3680.54,347.63,2.500,0.00,50.0
3538.00,1712.49,3682.98,347.63,2.500,0.00,50.0
3539.00,1711.95,3685.42,347.63,2.500,0.00,50.0
3540.00,1711.42,3687.87,347.63,2.500,0.00,50.0
3541.00,1710.88,3690.31,347.63,2.500,0.00,50.0
3542.00,1710.35,3692.75,347.63,2.500,0.00,50.0
3543.00,1709.81,3695.19,347.63,2.500,0.00,50.0
3544.00,1709.27,3697.63,347.63,2.500,0.00,50.0
3545.00,1708.74,3700.08,347.63,2.500,0.00,50.0
3546.00,1708.20,3702.52,347.63,2.500,0.00,50.0
3547.00,1707.67,3704.96,347.63,2.500,0.00,50.0
3548.00,1707.13,3707.40,347.63,2.500,0.00,50.0
3549.00,1706.60,3709.84,347.63,2.500,0.00,50.0
3550.00,1706.06,3712.28,347.63,2.500,0.00,50.0
3551.00,1705.53,3714.73,347.63,2.500,0.00,50.0
3552.00,1704.99,3717.17,347.63,2.500,0.00,50.0
3553.00,1704.45,3719.61,347.63,2.500,0.00,50.0
3554.00,1703.92,3722.05,347.63,2.500,0.00,50.0
3555.00,1703.38,3724.49,347.63,2.500,0.00,50.0
3556.00,1702.85,3726.94,347.63,2.500,0.00,50.0
3557.00,1702.31,3729.38,347.63,2.500,0.00,50.0
3558.00,1701.78,3731.82,347.63,2.500,0.00,50.0
3559.00,1701.24,3734.26,347.63,2.500,0.00,50.0
3560.00,1700.70,3736.70,347.63,2.500,0.00,50.0
3561.00,1700.17,3739.15,347.63,2.500,0.00,50.0
3562.00,1699.63,3741.59,347.63,2.500,0.00,50.0
3563.00,1699.10,3744.03,347.63,2.500,0.00,50.0
3564.00,1698.56,3746.47,347.63,2.500,0.00,50.0
3565.00,1698.03,3748.91,347.63,2.500,0.00,50.0
3566.00,1697.49,3751.36,347.63,2.500,0.00,50.0
3567.00,1696.96,3753.80,347.63,2.500,0.00,50.0
3568.00,1696.42,3756.24,347.63,2.500,0.00,50.0
3569.00,1695.88,3758.68,347.63,2.500,0.00,50.0
3570.00,1695.35,3761.12,347.63,2.500,0.00,50.0
3571.00,1694.81,3763.57,347.63,2.500,0.00,50.0
3572.00,1694.28,3766.01,347.63,2.500,0.00,50.0
3573.00,1693.74,3768.45,347.63,2.500,0.00,50.0
3574.00,1693.21,3770.89,347.63,2.500,0.00,50.0
3575.00,1692.67,3773.33,347.63,2.500,0.00,50.0
3576.00,1692.14,3775.78,347.63,2.500,0.00,50.0
3577.00,1691.60,3778.22,347.63,2.500,0.00,50.0
3578.00,1691.06,3780.66,347.63,2.500,0.00,50.0
3579.00,1690.53,3783.10,347.63,2.500,0.00,50.0
3580.00,1689.99,3785.54,347.63,2.500,0.00,50.0
3581.00,1689.46,3787.99,347.63,2.500,0.00,50.0
3582.00,1688.92,3790.43,347.63,2.500,0.00,50.0
3583.00,1688.39,3792.87,347.63,2.500,0.00,50.0
3584.00,1687.85,3795.31,347.63,2.500,0.00,50.0
3585.00,1687.31,3797.75,347.63,2.500,0.00,50.0
3586.00,1686.78,3800.20,347.63,2.500,0.00,50.0
3587.00,1686.24,3802.64,347.63,2.500,0.00,50.0
3588.00,1685.71,3805.08,347.63,2.500,0.00,50.0
3589.00,1685.17,3807.52,347.63,2.500,0.00,50.0
3590.00,1684.64,3809.96,347.63,2.500,0.00,50.0
3591.00,1684.10,3812.40,347.63,2.500,0.00,50.0
3592.00,1683.57,3814.85,347.63,2.500,0.00,50.0
3593.00,1683.03,3817.29,347.63,2.500,0.00,50.0
3594.00,1682.49,3819.73,347.63,2.500,0.00,50.0
3595.00,1681.96,3822.17,347.63,2.500,0.00,50.0
3596.00,1681.42,3824.61,347.63,2.500,0.00,50.0
3597.00,1680.89,3827.06,347.63,2.500,0.00,50.0
3598.00,1680.35,3829.50,347.63,2.500,0.00,50.0
3599.00,1679.82,3831.94,347.63,2.500,0.00,50.0
3600.00,1679.28,3834.38,347.63,2.500,0.00,50.0
3601.00,1678.74,3836.82,347.63,2.500,0.00,50.0
3602.00,1678.21,3839.27,347.63,2.500,0.00,50.0
3603.00,1677.67,3841.71,347.63,2.500,0.00,50.0
3604.00,1677.14,3844.15,347.63,2.500,0.00,50.0
3605.00,1676.60,3846.59,347.63,2.500,0.00,50.0
3606.00,1676.07,3849.03,347.63,2.500,0.00,50.0
3607.00,1675.53,3851.48,347.63,2.500,0.00,50.0
3608.00,1675.00,3853.92,347.63,2.500,0.00,50.0
3609.00,1674.46,3856.36,347.63,2.500,0.00,50.0
3610.00,1673.92,3858.80,347.63,2.500,0.00,50.0
3611.00,1673.39,3861.24,347.63,2.500,0.00,50.0
3612.00,1672.85,3863.69,347.63,2.500,0.00,50.0
3613.00,1672.32,3866.13,347.63,2.500,0.00,50.0
3614.00,1671.78,3868.57,347.63,2.500,0.00,50.0
3615.00,1671.25,3871.01,347.63,2.500,0.00,50.0
3616.00,1670.71,3873.45,347.63,2.500,0.00,50.0
3617.00,1670.17,3875.90,347.63,2.500,0.00,50.0
3618.00,1669.64,3878.34,347.63,2.500,0.00,50.0
3619.00,1669.10,3880.78,347.63,2.500,0.00,50.0
3620.00,1668.57,3883.22,347.63,2.500,0.00,50.0
3621.00,1668.03,3885.66,347.63,2.500,0.00,50.0
3622.00,1667.50,3888.11,347.63,2.500,0.00,50.0
3623.00,1666.96,3890.55,347.63,2.500,0.00,50.0
3624.00,1666.43,3892.99,347.63,2.500,0.00,50.0
3625.00,1665.89,3895.43,347.63,2.500,0.00,50.0
3626.00,1665.35,3897.87,347.63,2.500,0.00,50.0
3627.00,1664.82,3900.31,347.63,2.500,0.00,50.0
3628.00,1664.28,3902.76,347.63,2.500,0.00,50.0
3629.00,1663.75,3905.20,347.63,2.500,0.00,50.0
3630.00,1663.21,3907.64,347.63,2.500,0.00,50.0
3631.00,1662.68,3910.08,347.63,2.500,0.00,50.0
3632.00,1662.14,3912.52,347.63,2.500,0.00,50.0
3633.00,1661.60,3914.97,347.63,2.500,0.00,50.0
3634.00,1661.07,3917.41,347.63,2.500,0.00,50.0
3635.00,1660.53,3919.85,347.63,2.500,0.00,50.0
3636.00,1660.00,3922.29,347.63,2.500,0.00,50.0
3637.00,1659.46,3924.73,347.63,2.500,0.00,50.0
3638.00,1658.93,3927.18,347.63,2.500,0.00,50.0
3639.00,1658.39,3929.62,347.63,2.500,0.00,50.0
3640.00,1657.86,3932.06,347.63,2.500,0.00,50.0
3641.00,1657.32,3934.50,347.63,2.500,0.00,50.0
3642.00,1656.78,3936.94,347.63,2.500,0.00,50.0
3643.00,1656.25,3939.39,347.63,2.500,0.00,50.0
3644.00,1655.71,3941.83,347.63,2.500,0.00,50.0
3645.00,1655.18,3944.27,347.63,2.500,0.00,50.0
3646.00,1654.64,3946.71,347.63,2.500,0.00,50.0
3647.00,1654.11,3949.15,347.63,2.500,0.00,50.0
3648.00,1653.57,3951.60,347.63,2.500,0.00,50.0
3649.00,1653.03,3954.04,347.63,2.500,0.00,50.0
3650.00,1652.50,3956.48,347.63,2.500,0.00,50.0
3651.00,1651.96,3958.92,347.63,2.500,0.00,50.0
3652.00,1651.43,3961.36,347.63,2.500,0.00,50.0
3653.00,1650.89,3963.81,347.63,2.500,0.00,50.0
3654.00,1650.36,3966.25,347.63,2.500,0.00,50.0
3655.00,1649.82,3968.69,347.63,2.500,0.00,50.0
3656.00,1649.29,3971.13,347.63,2.500,0.00,50.0
3657.00,1648.75,3973.57,347.63,2.500,0.00,50.0
3658.00,1648.21,3976.02,347.63,2.500,0.00,50.0
3659.00,1647.68,3978.46,347.63,2.500,0.00,50.0
3660.00,1647.14,3980.90,347.63,2.500,0.00,50.0
3661.00,1646.61,3983.34,347.63,2.500,0.00,50.0
3662.00,1646.07,3985.78,347.63,2.500,0.00,50.0
3663.00,1645.54,3988.23,347.63,2.500,0.00,50.0
3664.00,1645.00,3990.67,347.63,2.500,0.00,50.0
3665.00,1644.46,3993.11,347.63,2.500,0.00,50.0
3666.00,1643.93,3995.55,347.63,2.500,0.00,50.0
3667.00,1643.39,3997.99,347.63,2.500,0.00,50.0
3668.00,1642.86,4000.43,347.63,2.500,0.00,50.0
3669.00,1642.32,4002.88,347.63,2.500,0.00,50.0
3670.00,1641.79,4005.32,347.63,2.500,0.00,50.0
3671.00,1641.25,4007.76,347.63,2.500,0.00,50.0
3672.00,1640.72,4010.20,347.63,2.500,0.00,50.0
3673.00,1640.18,4012.64,347.63,2.500,0.00,50.0
3674.00,1639.64,4015.09,347.63,2.500,0.00,50.0
3675.00,1639.11,4017.53,347.63,2.500,0.00,50.0
3676.00,1638.57,4019.97,347.63,2.500,0.00,50.0
3677.00,1638.04,4022.41,347.63,2.500,0.00,50.0
3678.00,1637.50,4024.85,347.63,2.500,0.00,50.0
3679.00,1636.97,4027.30,347.63,2.500,0.00,50.0
3680.00,1636.43,4029.74,347.63,2.500,0.00,50.0
3681.00,1635.89,4032.18,347.63,2.500,0.00,50.0
3682.00,1635.36,4034.62,347.63,2.500,0.00,50.0
3683.00,1634.82,4037.06,347.63,2.500,0.00,50.0
3684.00,1634.29,4039.51,347.63,2.500,0.00,50.0
3685.00,1633.75,4041.95,347.63,2.500,0.00,50.0
3686.00,1633.22,4044.39,347.63,2.500,0.00,50.0
3687.00,1632.68,4046.83,347.63,2.500,0.00,50.0
3688.00,1632.15,4049.27,347.63,2.500,0.00,50.0
3689.00,1631.61,4051.72,347.63,2.500,0.00,50.0
3690.00,1631.07,4054.16,347.63,2.500,0.00,50.0
3691.00,1630.54,4056.60,347.63,2.500,0.00,50.0
3692.00,1630.00,4059.04,347.63,2.500,0.00,50.0
3693.00,1629.47,4061.48,347.63,2.500,0.00,50.0
3694.00,1628.93,4063.93,347.63,2.500,0.00,50.0
3695.00,1628.40,4066.37,347.63,2.500,0.00,50.0
3696.00,1627.86,4068.81,347.63,2.500,0.00,50.0
3697.00,1627.32,4071.25,347.63,2.500,0.00,50.0
3698.00,1626.79,4073.69,347.63,2.500,0.00,50.0
3699.00,1626.25,4076.14,347.63,2.500,0.00,50.0
3700.00,1625.72,4078.58,347.63,2.500,0.00,50.0
3701.00,1625.18,4081.02,347.63,2.500,0.00,50.0
3702.00,1624.65,4083.46,347.63,2.500,0.00,50.0
3703.00,1624.11,4085.90,347.63,2.500,0.00,50.0
3704.00,1623.58,4088.34,347.63,2.500,0.00,50.0
3705.00,1623.04,4090.79,347.63,2.500,0.00,50.0
3706.00,1622.50,4093.23,347.63,2.500,0.00,50.0
3707.00,1621.97,4095.67,347.63,2.500,0.00,50.0
3708.00,1621.43,4098.11,347.63,2.500,0.00,50.0
3709.00,1620.90,4100.55,347.63,2.500,0.00,50.0
3710.00,1620.36,4103.00,347.63,2.500,0.00,50.0
3711.00,1619.83,4105.44,347.63,2.500,0.00,50.0
3712.00,1619.29,4107.88,347.63,2.500,0.00,50.0
3713.00,1618.76,4110.32,347.63,2.500,0.00,50.0
3714.00,1618.22,4112.76,347.63,2.500,0.00,50.0
3715.00,1617.68,4115.21,347.63,2.500,0.00,50.0
3716.00,1617.15,4117.65,347.63,2.500,0.00,50.0
3717.00,1616.61,4120.09,347.63,2.500,0.00,50.0
3718.00,1616.08,4122.53,347.63,2.500,0.00,50.0
3719.00,1615.54,4124.97,347.63,2.500,0.00,50.0
3720.00,1615.01,4127.42,347.63,2.500,0.00,50.0
3721.00,1614.47,4129.86,347.63,2.500,0.00,50.0
3722.00,1613.93,4132.30,347.63,2.500,0.00,50.0
3723.00,1613.40,4134.74,347.63,2.500,0.00,50.0
3724.00,1612.86,4137.18,347.63,2.500,0.00,50.0
3725.00,1612.33,4139.63,347.63,2.500,0.00,50.0
3726.00,1611.79,4142.07,347.63,2.500,0.00,50.0
3727.00,1611.26,4144.51,347.63,2.500,0.00,50.0
3728.00,1610.72,4146.95,347.63,2.500,0.00,50.0
3729.00,1610.19,4149.39,347.63,2.500,0.00,50.0
3730.00,1609.65,4151.84,347.63,2.500,0.00,50.0
3731.00,1609.11,4154.28,347.63,2.500,0.00,50.0
3732.00,1608.58,4156.72,347.63,2.500,0.00,50.0
3733.00,1608.04,4159.16,347.63,2.500,0.00,50.0
3734.00,1607.51,4161.60,347.63,2.500,0.00,50.0
3735.00,1606.97,4164.05,347.63,2.500,0.00,50.0
3736.00,1606.44,4166.49,347.63,2.500,0.00,50.0
3737.00,1605.90,4168.93,347.63,2.500,0.00,50.0
3738.00,1605.36,4171.37,347.63,2.500,0.00,50.0
3739.00,1604.83,4173.81,347.63,2.500,0.00,50.0
3740.00,1604.29,4176.26,347.63,2.500,0.00,50.0
3741.00,1603.76,4178.70,347.63,2.500,0.00,50.0
3742.00,1603.22,4181.14,347.63,2.500,0.00,50.0
3743.00,1602.69,4183.58,347.63,2.500,0.00,50.0
3744.00,1602.15,4186.02,347.63,2.500,0.00,50.0
3745.00,1601.62,4188.46,347.63,2.500,0.00,50.0
3746.00,1601.08,4190.91,347.63,2.500,0.00,50.0
3747.00,1600.54,4193.35,347.63,2.500,0.00,50.0
3748.00,1600.01,4195.79,347.63,2.500,0.00,50.0
3749.00,1599.47,4198.23,347.63,2.500,0.00,50.0
3750.00,1598.94,4200.67,347.63,2.500,0.00,50.0
3751.00,1598.40,4203.12,347.63,2.500,0.00,50.0
3752.00,1597.87,4205.56,347.63,2.500,0.00,50.0
3753.00,1597.33,4208.00,347.63,2.500,0.00,50.0
3754.00,1596.79,4210.44,347.63,2.500,0.00,50.0
3755.00,1596.26,4212.88,347.63,2.500,0.00,50.0
3756.00,1595.72,4215.33,347.63,2.500,0.00,50.0
3757.00,1595.19,4217.77,347.63,2.500,0.00,50.0
3758.00,1594.65,4220.21,347.63,2.500,0.00,50.0
3759.00,1594.12,4222.65,347.63,2.500,0.00,50.0
3760.00,1593.58,4225.09,347.63,2.500,0.00,50.0
3761.00,1593.05,4227.54,347.63,2.500,0.00,50.0
3762.00,1592.51,4229.98,347.63,2.500,0.00,50.0
3763.00,1591.97,4232.42,347.63,2.500,0.00,50.0
3764.00,1591.44,4234.86,347.63,2.500,0.00,50.0
3765.00,1590.90,4237.30,347.63,2.500,0.00,50.0
3766.00,1590.37,4239.75,347.63,2.500,0.00,50.0
3767.00,1589.83,4242.19,347.63,2.500,0.00,50.0
3768.00,1589.30,4244.63,347.63,2.500,0.00,50.0
3769.00,1588.76,4247.07,347.63,2.500,0.00,50.0
3770.00,1588.22,4249.51,347.63,2.500,0.00,50.0
3771.00,1587.69,4251.96,347.63,2.500,0.00,50.0
3772.00,1587.15,4254.40,347.63,2.500,0.00,50.0
3773.00,1586.62,4256.84,347.63,2.500,0.00,50.0
3774.00,1586.08,4259.28,347.63,2.500,0.00,50.0
3775.00,1585.55,4261.72,347.63,2.500,0.00,50.0
3776.00,1585.01,4264.17,347.63,2.500,0.00,50.0
3777.00,1584.48,4266.61,347.63,2.500,0.00,50.0
3778.00,1583.94,4269.05,347.63,2.500,0.00,50.0
3779.00,1583.40,4271.49,347.63,2.500,0.00,50.0
3780.00,1582.87,4273.93,347.63,2.500,0.00,50.0
3781.00,1582.33,4276.37,347.63,2.500,0.00,50.0
3782.00,1581.80,4278.82,347.63,2.500,0.00,50.0
3783.00,1581.26,4281.26,347.63,2.500,0.00,50.0
3784.00,1580.73,4283.70,347.63,2.500,0.00,50.0
3785.00,1580.19,4286.14,347.63,2.500,0.00,50.0
3786.00,1579.65,4288.58,347.63,2.500,0.00,50.0
3787.00,1579.12,4291.03,347.63,2.500,0.00,50.0
3788.00,1578.58,4293.47,347.63,2.500,0.00,50.0
3789.00,1578.05,4295.91,347.63,2.500,0.00,50.0
3790.00,1577.51,4298.35,347.63,2.500,0.00,50.0
3791.00,1576.98,4300.79,347.63,2.500,0.00,50.0
3792.00,1576.44,4303.24,347.63,2.500,0.00,50.0
3793.00,1575.91,4305.68,347.63,2.500,0.00,50.0
3794.00,1575.37,4308.12,347.63,2.500,0.00,50.0
3795.00,1574.83,4310.56,347.63,2.500,0.00,50.0
3796.00,1574.30,4313.00,347.63,2.500,0.00,50.0
3797.00,1573.76,4315.45,347.63,2.500,0.00,50.0
3798.00,1573.23,4317.89,347.63,2.500,0.00,50.0
3799.00,1572.69,4320.33,347.63,2.500,0.00,50.0
3800.00,1572.16,4322.77,347.63,2.500,0.00,50.0
3801.00,1571.62,4325.21,347.63,2.500,0.00,50.0
3802.00,1571.08,4327.66,347.63,2.500,0.00,50.0
3803.00,1570.55,4330.10,347.63,2.500,0.00,50.0
3804.00,1570.01,4332.54,347.63,2.500,0.00,50.0
3805.00,1569.48,4334.98,347.63,2.500,0.00,50.0
3806.00,1568.94,4337.42,347.63,2.500,0.00,50.0
3807.00,1568.41,4339.87,347.63,2.500,0.00,50.0
3808.00,1567.87,4342.31,347.63,2.500,0.00,50.0
3809.00,1567.34,4344.75,347.63,2.500,0.00,50.0
3810.00,1566.80,4347.19,347.63,2.500,0.00,50.0
3811.00,1566.26,4349.63,347.63,2.500,0.00,50.0
3812.00,1565.73,4352.08,347.63,2.500,0.00,50.0
3813.00,1565.19,4354.52,347.63,2.500,0.00,50.0
3814.00,1564.66,4356.96,347.63,2.500,0.00,50.0
3815.00,1564.12,4359.40,347.63,2.500,0.00,50.0
3816.00,1563.59,4361.84,347.63,2.500,0.00,50.0
3817.00,1563.05,4364.29,347.63,2.500,0.00,50.0
3818.00,1562.51,4366.73,347.63,2.500,0.00,50.0
3819.00,1561.98,4369.17,347.63,2.500,0.00,50.0
3820.00,1561.44,4371.61,347.63,2.500,0.00,50.0
3821.00,1560.91,4374.05,347.63,2.500,0.00,50.0
3822.00,1560.37,4376.49,347.63,2.500,0.00,50.0
3823.00,1559.84,4378.94,347.63,2.500,0.00,50.0
3824.00,1559.30,4381.38,347.63,2.500,0.00,50.0
3825.00,1558.77,4383.82,347.63,2.500,0.00,50.0
3826.00,1558.23,4386.26,347.63,2.500,0.00,50.0
3827.00,1557.69,4388.70,347.63,2.500,0.00,50.0
3828.00,1557.16,4391.15,347.63,2.500,0.00,50.0
3829.00,1556.62,4393.59,347.63,2.500,0.00,50.0
3830.00,1556.09,4396.03,347.63,2.500,0.00,50.0
3831.00,1555.55,4398.47,347.63,2.500,0.00,50.0
3832.00,1555.02,4400.91,347.63,2.500,0.00,50.0
3833.00,1554.48,4403.36,347.63,2.500,0.00,50.0
3834.00,1553.94,4405.80,347.63,2.500,0.00,50.0
3835.00,1553.41,4408.24,347.63,2.500,0.00,50.0
3836.00,1552.87,4410.68,347.63,2.500,0.00,50.0
3837.00,1552.34,4413.12,347.63,2.500,0.00,50.0
3838.00,1551.80,4415.57,347.63,2.500,0.00,50.0
3839.00,1551.27,4418.01,347.63,2.500,0.00,50.0
3840.00,1550.73,4420.45,347.63,2.500,0.00,50.0
3841.00,1550.20,4422.89,347.63,2.500,0.00,50.0
3842.00,1549.66,4425.33,347.63,2.500,0.00,50.0
3843.00,1549.12,4427.78,347.63,2.500,0.00,50.0
3844.00,1548.59,4430.22,347.63,2.500,0.00,50.0
3845.00,1548.05,4432.66,347.63,2.500,0.00,50.0
3846.00,1547.52,4435.10,347.63,2.500,0.00,50.0
3847.00,1546.98,4437.54,347.63,2.500,0.00,50.0
3848.00,1546.45,4439.99,347.63,2.500,0.00,50.0
3849.00,1545.91,4442.43,347.63,2.500,0.00,50.0
3850.00,1545.38,4444.87,347.63,2.500,0.00,50.0
3851.00,1544.84,4447.31,347.63,2.500,0.00,50.0
3852.00,1544.30,4449.75,347.63,2.500,0.00,50.0
3853.00,1543.77,4452.20,347.63,2.500,0.00,50.0
3854.00,1543.23,4454.64,347.63,2.500,0.00,50.0
3855.00,1542.70,4457.08,347.63,2.500,0.00,50.0
3856.00,1542.16,4459.52,347.63,2.500,0.00,50.0
3857.00,1541.63,4461.96,347.63,2.500,0.00,50.0
3858.00,1541.09,4464.40,347.63,2.500,0.00,50.0
3859.00,1540.55,4466.85,347.63,2.500,0.00,50.0
3860.00,1540.02,4469.29,347.63,2.500,0.00,50.0
3861.00,1539.48,4471.73,347.63,2.500,0.00,50.0
3862.00,1538.95,4474.17,347.63,2.500,0.00,50.0
3863.00,1538.41,4476.61,347.63,2.500,0.00,50.0
3864.00,1537.88,4479.06,347.63,2.500,0.00,50.0
3865.00,1537.34,4481.50,347.63,2.500,0.00,50.0
3866.00,1536.81,4483.94,347.63,2.500,0.00,50.0
3867.00,1536.27,4486.38,347.63,2.500,0.00,50.0
3868.00,1535.73,4488.82,347.63,2.500,0.00,50.0
3869.00,1535.20,4491.27,347.63,2.500,0.00,50.0
3870.00,1534.66,4493.71,347.63,2.500,0.00,50.0
3871.00,1534.13,4496.15,347.63,2.500,0.00,50.0
3872.00,1533.59,4498.59,347.63,2.500,0.00,50.0
3873.00,1533.06,4501.03,347.63,2.500,0.00,50.0
3874.00,1532.52,4503.48,347.63,2.500,0.00,50.0
3875.00,1531.98,4505.92,347.63,2.500,0.00,50.0
3876.00,1531.45,4508.36,347.63,2.500,0.00,50.0
3877.00,1530.91,4510.80,347.63,2.500,0.00,50.0
3878.00,1530.38,4513.24,347.63,2.500,0.00,50.0
3879.00,1529.84,4515.69,347.63,2.500,0.00,50.0
3880.00,1529.31,4518.13,347.63,2.500,0.00,50.0
3881.00,1528.77,4520.57,347.63,2.500,0.00,50.0
3882.00,1528.24,4523.01,347.63,2.500,0.00,50.0
3883.00,1527.70,4525.45,347.63,2.500,0.00,50.0
3884.00,1527.16,4527.90,347.63,2.500,0.00,50.0
3885.00,1526.63,4530.34,347.63,2.500,0.00,50.0
3886.00,1526.09,4532.78,347.63,2.500,0.00,50.0
3887.00,1525.56,4535.22,347.63,2.500,0.00,50.0
3888.00,1525.02,4537.66,347.63,2.500,0.00,50.0
3889.00,1524.49,4540.11,347.63,2.500,0.00,50.0
3890.00,1523.95,4542.55,347.63,2.500,0.00,50.0
3891.00,1523.41,4544.99,347.63,2.500,0.00,50.0
3892.00,1522.88,4547.43,347.63,2.500,0.00,50.0
3893.00,1522.34,4549.87,347.63,2.500,0.00,50.0
3894.00,1521.81,4552.32,347.63,2.500,0.00,50.0
3895.00,1521.27,4554.76,347.63,2.500,0.00,50.0
3896.00,1520.74,4557.20,347.63,2.500,0.00,50.0
3897.00,1520.20,4559.64,347.63,2.500,0.00,50.0
3898.00,1519.67,4562.08,347.63,2.500,0.00,50.0
3899.00,1519.13,4564.52,347.63,2.500,0.00,50.0
3900.00,1518.59,4566.97,347.63,2.500,0.00,50.0
3901.00,1518.06,4569.41,347.63,2.500,0.00,50.0
3902.00,1517.52,4571.85,347.63,2.500,0.00,50.0
3903.00,1516.99,4574.29,347.63,2.500,0.00,50.0
3904.00,1516.45,4576.73,347.63,2.500,0.00,50.0
3905.00,1515.92,4579.18,347.63,2.500,0.00,50.0
3906.00,1515.38,4581.62,347.63,2.500,0.00,50.0
3907.00,1514.84,4584.06,347.63,2.500,0.00,50.0
3908.00,1514.31,4586.50,347.63,2.500,0.00,50.0
3909.00,1513.77,4588.94,347.63,2.500,0.00,50.0
3910.00,1513.24,4591.39,347.63,2.500,0.00,50.0
3911.00,1512.70,4593.83,347.63,2.500,0.00,50.0
3912.00,1512.17,4596.27,347.63,2.500,0.00,50.0
3913.00,1511.63,4598.71,347.63,2.500,0.00,50.0
3914.00,1511.10,4601.15,347.63,2.500,0.00,50.0
3915.00,1510.56,4603.60,347.63,2.500,0.00,50.0
3916.00,1510.02,4606.04,347.63,2.500,0.00,50.0
3917.00,1509.49,4608.48,347.63,2.500,0.00,50.0
3918.00,1508.95,4610.92,347.63,2.500,0.00,50.0
3919.00,1508.42,4613.36,347.63,2.500,0.00,50.0
3920.00,1507.88,4615.81,347.63,2.500,0.00,50.0
3921.00,1507.35,4618.25,347.63,2.500,0.00,50.0
3922.00,1506.81,4620.69,347.63,2.500,0.00,50.0
3923.00,1506.27,4623.13,347.63,2.500,0.00,50.0
3924.00,1505.74,4625.57,347.63,2.500,0.00,50.0
3925.00,1505.20,4628.02,347.63,2.500,0.00,50.0
3926.00,1504.67,4630.46,347.63,2.500,0.00,50.0
3927.00,1504.13,4632.90,347.63,2.500,0.00,50.0
3928.00,1503.60,4635.34,347.63,2.500,0.00,50.0
3929.00,1503.06,4637.78,347.63,2.500,0.00,50.0
3930.00,1502.53,4640.23,347.63,2.500,0.00,50.0
3931.00,1501.99,4642.67,347.63,2.500,0.00,50.0
3932.00,1501.45,4645.11,347.63,2.500,0.00,50.0
3933.00,1500.92,4647.55,347.63,2.500,0.00,50.0
3934.00,1500.38,4649.99,347.63,2.500,0.00,50.0
3935.00,1499.85,4652.43,347.63,2.500,0.00,50.0
3936.00,1499.31,4654.88,347.63,2.500,0.00,50.0
3937.00,1498.78,4657.32,347.63,2.500,0.00,50.0
3938.00,1498.24,4659.76,347.63,2.500,0.00,50.0
3939.00,1497.70,4662.20,347.63,2.500,0.00,50.0
3940.00,1497.17,4664.64,347.63,2.500,0.00,50.0
3941.00,1496.63,4667.09,347.63,2.500,0.00,50.0
3942.00,1496.10,4669.53,347.63,2.500,0.00,50.0
3943.00,1495.56,4671.97,347.63,2.500,0.00,50.0
3944.00,1495.03,4674.41,347.63,2.500,0.00,50.0
3945.00,1494.49,4676.85,347.63,2.500,0.00,50.0
3946.00,1493.96,4679.30,347.63,2.500,0.00,50.0
3947.00,1493.42,4681.74,347.63,2.500,0.00,50.0
3948.00,1492.88,4684.18,347.63,2.500,0.00,50.0
3949.00,1492.35,4686.62,347.63,2.500,0.00,50.0
3950.00,1491.81,4689.06,347.63,2.500,0.00,50.0
3951.00,1491.28,4691.51,347.63,2.500,0.00,50.0
3952.00,1490.74,4693.95,347.63,2.500,0.00,50.0
3953.00,1490.21,4696.39,347.63,2.500,0.00,50.0
3954.00,1489.67,4698.83,347.63,2.500,0.00,50.0
3955.00,1489.13,4701.27,347.63,2.500,0.00,50.0
3956.00,1488.60,4703.72,347.63,2.500,0.00,50.0
3957.00,1488.06,4706.16,347.63,2.500,0.00,50.0
3958.00,1487.53,4708.60,347.63,2.500,0.00,50.0
3959.00,1486.99,4711.04,347.63,2.500,0.00,50.0
3960.00,1486.46,4713.48,347.63,2.500,0.00,50.0
3961.00,1485.92,4715.93,347.63,2.500,0.00,50.0
3962.00,1485.39,4718.37,347.63,2.500,0.00,50.0
3963.00,1484.85,4720.81,347.63,2.500,0.00,50.0
3964.00,1484.31,4723.25,347.63,2.500,0.00,50.0
3965.00,1483.78,4725.69,347.63,2.500,0.00,50.0
3966.00,1483.24,4728.14,347.63,2.500,0.00,50.0
3967.00,1482.71,4730.58,347.63,2.500,0.00,50.0
3968.00,1482.17,4733.02,347.63,2.500,0.00,50.0
3969.00,1481.64,4735.46,347.63,2.500,0.00,50.0
3970.00,1481.10,4737.90,347.63,2.500,0.00,50.0
3971.00,1480.56,4740.35,347.63,2.500,0.00,50.0
3972.00,1480.03,4742.79,347.63,2.500,0.00,50.0
3973.00,1479.49,4745.23,347.63,2.500,0.00,50.0
3974.00,1478.96,4747.67,347.63,2.500,0.00,50.0
3975.00,1478.42,4750.11,347.63,2.500,0.00,50.0
3976.00,1477.89,4752.55,347.63,2.500,0.00,50.0
3977.00,1477.35,4755.00,347.63,2.500,0.00,50.0
3978.00,1476.82,4757.44,347.63,2.500,0.00,50.0
3979.00,1476.28,4759.88,347.63,2.500,0.00,50.0
3980.00,1475.74,4762.32,347.63,2.500,0.00,50.0
3981.00,1475.21,4764.76,347.63,2.500,0.00,50.0
3982.00,1474.67,4767.21,347.63,2.500,0.00,50.0
3983.00,1474.14,4769.65,347.63,2.500,0.00,50.0
3984.00,1473.60,4772.09,347.63,2.500,0.00,50.0
3985.00,1473.07,4774.53,347.63,2.500,0.00,50.0
3986.00,1472.53,4776.97,347.63,2.500,0.00,50.0
3987.00,1471.99,4779.42,347.63,2.500,0.00,50.0
3988.00,1471.46,4781.86,347.63,2.500,0.00,50.0
3989.00,1470.92,4784.30,347.63,2.500,0.00,50.0
3990.00,1470.39,4786.74,347.63,2.500,0.00,50.0
3991.00,1469.85,4789.18,347.63,2.500,0.00,50.0
3992.00,1469.32,4791.63,347.63,2.500,0.00,50.0
3993.00,1468.78,4794.07,347.63,2.500,0.00,50.0
3994.00,1468.25,4796.51,347.63,2.500,0.00,50.0
3995.00,1467.71,4798.95,347.63,2.500,0.00,50.0
3996.00,1467.17,4801.39,347.63,2.500,0.00,50.0
3997.00,1466.64,4803.84,347.63,2.500,0.00,50.0
3998.00,1466.10,4806.28,347.63,2.500,0.00,50.0
3999.00,1465.57,4808.72,347.63,2.500,0.00,50.0
4000.00,1465.03,4811.16,347.63,2.500,0.00,50.0
4001.00,1464.50,4813.60,347.63,2.500,0.00,50.0
4002.00,1463.96,4816.05,347.63,2.500,0.00,50.0
4003.00,1463.43,4818.49,347.63,2.500,0.00,50.0
4004.00,1462.89,4820.93,347.63,2.500,0.00,50.0
4005.00,1462.35,4823.37,347.63,2.500,0.00,50.0
4006.00,1461.82,4825.81,347.63,2.500,0.00,50.0
4007.00,1461.28,4828.26,347.63,2.500,0.00,50.0
4008.00,1460.75,4830.70,347.63,2.500,0.00,50.0
4009.00,1460.21,4833.14,347.63,2.500,0.00,50.0
4010.00,1459.68,4835.58,347.63,2.500,0.00,50.0
4011.00,1459.14,4838.02,347.63,2.500,0.00,50.0
4012.00,1458.60,4840.46,347.63,2.500,0.00,50.0
4013.00,1458.07,4842.91,347.63,2.500,0.00,50.0
4014.00,1457.53,4845.35,347.63,2.500,0.00,50.0
4015.00,1457.00,4847.79,347.63,2.500,0.00,50.0
4016.00,1456.46,4850.23,347.63,2.500,0.00,50.0
4017.00,1455.93,4852.67,347.63,2.500,0.00,50.0
4018.00,1455.39,4855.12,347.63,2.500,0.00,50.0
4019.00,1454.86,4857.56,347.63,2.500,0.00,50.0
4020.00,1454.32,4860.00,347.63,2.500,0.00,50.0
4021.00,1453.78,4862.44,347.63,2.500,0.00,50.0
4022.00,1453.25,4864.88,347.63,2.500,0.00,50.0
4023.00,1452.71,4867.33,347.63,2.500,0.00,50.0
4024.00,1452.18,4869.77,347.63,2.500,0.00,50.0
4025.00,1451.64,4872.21,347.63,2.500,0.00,50.0
4026.00,1451.11,4874.65,347.63,2.500,0.00,50.0
4027.00,1450.57,4877.09,347.63,2.500,0.00,50.0
4028.00,1450.03,4879.54,347.63,2.500,0.00,50.0
4029.00,1449.50,4881.98,347.63,2.500,0.00,50.0
4030.00,1448.96,4884.42,347.63,2.500,0.00,50.0
4031.00,1448.43,4886.86,347.63,2.500,0.00,50.0
4032.00,1447.89,4889.30,347.63,2.500,0.00,50.0
4033.00,1447.36,4891.75,347.63,2.500,0.00,50.0
4034.00,1446.82,4894.19,347.63,2.500,0.00,50.0
4035.00,1446.29,4896.63,347.63,2.500,0.00,50.0
4036.00,1445.75,4899.07,347.63,2.500,0.00,50.0
4037.00,1445.21,4901.51,347.63,2.500,0.00,50.0
4038.00,1444.68,4903.96,347.63,2.500,0.00,50.0
4039.00,1444.14,4906.40,347.63,2.500,0.00,50.0
4040.00,1443.61,4908.84,347.63,2.500,0.00,50.0
4041.00,1443.07,4911.28,347.63,2.500,0.00,50.0
4042.00,1442.54,4913.72,347.63,2.500,0.00,50.0
4043.00,1442.00,4916.17,347.63,2.500,0.00,50.0
4044.00,1441.46,4918.61,347.63,2.500,0.00,50.0
4045.00,1440.93,4921.05,347.63,2.500,0.00,50.0
4046.00,1440.39,4923.49,347.63,2.500,0.00,50.0
4047.00,1439.86,4925.93,347.63,2.500,0.00,50.0
4048.00,1439.32,4928.38,347.63,2.500,0.00,50.0
4049.00,1438.79,4930.82,347.63,2.500,0.00,50.0
4050.00,1438.25,4933.26,347.63,2.500,0.00,50.0
4051.00,1437.72,4935.70,347.63,2.500,0.00,50.0
4052.00,1437.18,4938.14,347.63,2.500,0.00,50.0
4053.00,1436.64,4940.58,347.63,2.500,0.00,50.0
4054.00,1436.11,4943.03,347.63,2.500,0.00,50.0
4055.00,1435.57,4945.47,347.63,2.500,0.00,50.0
4056.00,1435.04,4947.91,347.63,2.500,0.00,50.0
4057.00,1434.50,4950.35,347.63,2.500,0.00,50.0
4058.00,1433.97,4952.79,347.63,2.500,0.00,50.0
4059.00,1433.43,4955.24,347.63,2.500,0.00,50.0
4060.00,1432.89,4957.68,347.63,2.500,0.00,50.0
4061.00,1432.36,4960.12,347.63,2.500,0.00,50.0
4062.00,1431.82,4962.56,347.63,2.500,0.00,50.0
4063.00,1431.29,4965.00,347.63,2.500,0.00,50.0
4064.00,1430.75,4967.45,347.63,2.500,0.00,50.0
4065.00,1430.22,4969.89,347.63,2.500,0.00,50.0
4066.00,1429.68,4972.33,347.63,2.500,0.00,50.0
4067.00,1429.15,4974.77,347.63,2.500,0.00,50.0
4068.00,1428.61,4977.21,347.63,2.500,0.00,50.0
4069.00,1428.07,4979.66,347.63,2.500,0.00,50.0
4070.00,1427.54,4982.10,347.63,2.500,0.00,50.0
4071.00,1427.00,4984.54,347.63,2.500,0.00,50.0
4072.00,1426.47,4986.98,347.63,2.500,0.00,50.0
4073.00,1425.93,4989.42,347.63,2.500,0.00,50.0
4074.00,1425.40,4991.87,347.63,2.500,0.00,50.0
4075.00,1424.86,4994.31,347.63,2.500,0.00,50.0
4076.00,1424.32,4996.75,347.63,2.500,0.00,50.0
4077.00,1423.79,4999.19,347.63,2.500,0.00,50.0
4078.00,1423.25,5001.63,347.63,2.500,0.00,50.0
4079.00,1422.72,5004.08,347.63,2.500,0.00,50.0
4080.00,1422.18,5006.52,347.63,2.500,0.00,50.0
4081.00,1421.65,5008.96,347.63,2.500,0.00,50.0
4082.00,1421.11,5011.40,347.63,2.500,0.00,50.0
4083.00,1420.58,5013.84,347.63,2.500,0.00,50.0
4084.00,1420.04,5016.29,347.63,2.500,0.00,50.0
4085.00,1419.50,5018.73,347.63,2.500,0.00,50.0
4086.00,1418.97,5021.17,347.63,2.500,0.00,50.0
4087.00,1418.43,5023.61,347.63,2.500,0.00,50.0
4088.00,1417.90,5026.05,347.63,2.500,0.00,50.0
4089.00,1417.36,5028.49,347.63,2.500,0.00,50.0
4090.00,1416.83,5030.94,347.63,2.500,0.00,50.0
4091.00,1416.29,5033.38,347.63,2.500,0.00,50.0
4092.00,1415.75,5035.82,347.63,2.500,0.00,50.0
4093.00,1415.22,5038.26,347.63,2.500,0.00,50.0
4094.00,1414.68,5040.70,347.63,2.500,0.00,50.0
4095.00,1414.15,5043.15,347.63,2.500,0.00,50.0
4096.00,1413.61,5045.59,347.63,2.500,0.00,50.0
4097.00,1413.08,5048.03,347.63,2.500,0.00,50.0
4098.00,1412.54,5050.47,347.63,2.500,0.00,50.0
4099.00,1412.01,5052.91,347.63,2.500,0.00,50.0
4100.00,1411.47,5055.36,347.63,2.500,0.00,50.0
4101.00,1410.93,5057.80,347.63,2.500,0.00,50.0
4102.00,1410.40,5060.24,347.63,2.500,0.00,50.0
4103.00,1409.86,5062.68,347.63,2.500,0.00,50.0
4104.00,1409.33,5065.12,347.63,2.500,0.00,50.0
4105.00,1408.79,5067.57,347.63,2.500,0.00,50.0
4106.00,1408.26,5070.01,347.63,2.500,0.00,50.0
4107.00,1407.72,5072.45,347.63,2.500,0.00,50.0
4108.00,1407.18,5074.89,347.63,2.500,0.00,50.0
4109.00,1406.65,5077.33,347.63,2.500,0.00,50.0
4110.00,1406.11,5079.78,347.63,2.500,0.00,50.0
4111.00,1405.58,5082.22,347.63,2.500,0.00,50.0
4112.00,1405.04,5084.66,347.63,2.500,0.00,50.0
4113.00,1404.51,5087.10,347.63,2.500,0.00,50.0
4114.00,1403.97,5089.54,347.63,2.500,0.00,50.0
4115.00,1403.44,5091.99,347.63,2.500,0.00,50.0
4116.00,1402.90,5094.43,347.63,2.500,0.00,50.0
4117.00,1402.36,5096.87,347.63,2.500,0.00,50.0
4118.00,1401.83,5099.31,347.63,2.500,0.00,50.0
4119.00,1401.29,5101.75,347.63,2.500,0.00,50.0
4120.00,1400.76,5104.20,347.63,2.500,0.00,50.0
4121.00,1400.22,5106.64,347.63,2.500,0.00,50.0
4122.00,1399.69,5109.08,347.63,2.500,0.00,50.0
4123.00,1399.15,5111.52,347.63,2.500,0.00,50.0
4124.00,1398.61,5113.96,347.63,2.500,0.00,50.0
4125.00,1398.08,5116.41,347.63,2.500,0.00,50.0
4126.00,1397.54,5118.85,347.63,2.500,0.00,50.0
4127.00,1397.01,5121.29,347.63,2.500,0.00,50.0
4128.00,1396.47,5123.73,347.63,2.500,0.00,50.0
4129.00,1395.94,5126.17,347.63,2.500,0.00,50.0
4130.00,1395.40,5128.61,347.63,2.500,0.00,50.0
4131.00,1394.87,5131.06,347.63,2.500,0.00,50.0
4132.00,1394.33,5133.50,347.63,2.500,0.00,50.0
4133.00,1393.79,5135.94,347.63,2.500,0.00,50.0
4134.00,1393.26,5138.38,347.63,2.500,0.00,50.0
4135.00,1392.72,5140.82,347.63,2.500,0.00,50.0
4136.00,1392.19,5143.27,347.63,2.500,0.00,50.0
4137.00,1391.65,5145.71,347.63,2.500,0.00,50.0
4138.00,1391.12,5148.15,347.63,2.500,0.00,50.0
4139.00,1390.58,5150.59,347.63,2.500,0.00,50.0
4140.00,1390.05,5153.03,347.63,2.500,0.00,50.0
4141.00,1389.51,5155.48,347.63,2.500,0.00,50.0
4142.00,1388.97,5157.92,347.63,2.500,0.00,50.0
4143.00,1388.44,5160.36,347.63,2.500,0.00,50.0
4144.00,1387.90,5162.80,347.63,2.500,0.00,50.0
4145.00,1387.37,5165.24,347.63,2.500,0.00,50.0
4146.00,1386.83,5167.69,347.63,2.500,0.00,50.0
4147.00,1386.30,5170.13,347.63,2.500,0.00,50.0
4148.00,1385.76,5172.57,347.63,2.500,0.00,50.0
4149.00,1385.22,5175.01,347.63,2.500,0.00,50.0
4150.00,1384.69,5177.45,347.63,2.500,0.00,50.0
4151.00,1384.15,5179.90,347.63,2.500,0.00,50.0
4152.00,1383.62,5182.34,347.63,2.500,0.00,50.0
4153.00,1383.08,5184.78,347.63,2.500,0.00,50.0
4154.00,1382.55,5187.22,347.63,2.500,0.00,50.0
4155.00,1382.01,5189.66,347.63,2.500,0.00,50.0
4156.00,1381.48,5192.11,347.63,2.500,0.00,50.0
4157.00,1380.94,5194.55,347.63,2.500,0.00,50.0
4158.00,1380.40,5196.99,347.63,2.500,0.00,50.0
4159.00,1379.87,5199.43,347.63,2.500,0.00,50.0
4160.00,1379.33,5201.87,347.63,2.500,0.00,50.0
4161.00,1378.80,5204.32,347.63,2.500,0.00,50.0
4162.00,1378.26,5206.76,347.63,2.500,0.00,50.0
4163.00,1377.73,5209.20,347.63,2.500,0.00,50.0
4164.00,1377.19,5211.64,347.63,2.500,0.00,50.0
4165.00,1376.65,5214.08,347.63,2.500,0.00,50.0
4166.00,1376.12,5216.52,347.63,2.500,0.00,50.0
4167.00,1375.58,5218.97,347.63,2.500,0.00,50.0
4168.00,1375.05,5221.41,347.63,2.500,0.00,50.0
4169.00,1374.51,5223.85,347.63,2.500,0.00,50.0
4170.00,1373.98,5226.29,347.63,2.500,0.00,50.0
4171.00,1373.44,5228.73,347.63,2.500,0.00,50.0
4172.00,1372.91,5231.18,347.63,2.500,0.00,50.0
4173.00,1372.37,5233.62,347.63,2.500,0.00,50.0
4174.00,1371.83,5236.06,347.63,2.500,0.00,50.0
4175.00,1371.30,5238.50,347.63,2.500,0.00,50.0
4176.00,1370.76,5240.94,347.63,2.500,0.00,50.0
4177.00,1370.23,5243.39,347.63,2.500,0.00,50.0
4178.00,1369.69,5245.83,347.63,2.500,0.00,50.0
4179.00,1369.16,5248.27,347.63,2.500,0.00,50.0
4180.00,1368.62,5250.71,347.63,2.500,0.00,50.0
4181.00,1368.08,5253.15,347.63,2.500,0.00,50.0
4182.00,1367.55,5255.60,347.63,2.500,0.00,50.0
4183.00,1367.01,5258.04,347.63,2.500,0.00,50.0
4184.00,1366.48,5260.48,347.63,2.500,0.00,50.0
4185.00,1365.94,5262.92,347.63,2.500,0.00,50.0
4186.00,1365.41,5265.36,347.63,2.500,0.00,50.0
4187.00,1364.87,5267.81,347.63,2.500,0.00,50.0
4188.00,1364.34,5270.25,347.63,2.500,0.00,50.0
4189.00,1363.80,5272.69,347.63,2.500,0.00,50.0
4190.00,1363.26,5275.13,347.63,2.500,0.00,50.0
4191.00,1362.73,5277.57,347.63,2.500,0.00,50.0
4192.00,1362.19,5280.02,347.63,2.500,0.00,50.0
4193.00,1361.66,5282.46,347.63,2.500,0.00,50.0
4194.00,1361.12,5284.90,347.63,2.500,0.00,50.0
4195.00,1360.59,5287.34,347.63,2.500,0.00,50.0
4196.00,1360.05,5289.78,347.63,2.500,0.00,50.0
4197.00,1359.51,5292.23,347.63,2.500,0.00,50.0
4198.00,1358.98,5294.67,347.63,2.500,0.00,50.0
4199.00,1358.44,5297.11,347.63,2.500,0.00,50.0
4200.00,1357.91,5299.55,347.63,2.500,0.00,50.0
4201.00,1357.37,5301.99,347.63,2.500,0.00,50.0
4202.00,1356.84,5304.44,347.63,2.500,0.00,50.0
4203.00,1356.30,5306.88,347.63,2.500,0.00,50.0
4204.00,1355.77,5309.32,347.63,2.500,0.00,50.0
4205.00,1355.23,5311.76,347.63,2.500,0.00,50.0
4206.00,1354.69,5314.20,347.63,2.500,0.00,50.0
4207.00,1354.16,5316.64,347.63,2.500,0.00,50.0
4208.00,1353.62,5319.09,347.63,2.500,0.00,50.0
4209.00,1353.09,5321.53,347.63,2.500,0.00,50.0
4210.00,1352.55,5323.97,347.63,2.500,0.00,50.0
4211.00,1352.02,5326.41,347.63,2.500,0.00,50.0
4212.00,1351.48,5328.85,347.63,2.500,0.00,50.0
4213.00,1350.94,5331.30,347.63,2.500,0.00,50.0
4214.00,1350.41,5333.74,347.63,2.500,0.00,50.0
4215.00,1349.87,5336.18,347.63,2.500,0.00,50.0
4216.00,1349.34,5338.62,347.63,2.500,0.00,50.0
4217.00,1348.80,5341.06,347.63,2.500,0.00,50.0
4218.00,1348.27,5343.51,347.63,2.500,0.00,50.0
4219.00,1347.73,5345.95,347.63,2.500,0.00,50.0
4220.00,1347.20,5348.39,347.63,2.500,0.00,50.0
4221.00,1346.66,5350.83,347.63,2.500,0.00,50.0
4222.00,1346.12,5353.27,347.63,2.500,0.00,50.0
4223.00,1345.59,5355.72,347.63,2.500,0.00,50.0
4224.00,1345.05,5358.16,347.63,2.500,0.00,50.0
4225.00,1344.52,5360.60,347.63,2.500,0.00,50.0
4226.00,1343.98,5363.04,347.63,2.500,0.00,50.0
4227.00,1343.45,5365.48,347.63,2.500,0.00,50.0
4228.00,1342.91,5367.93,347.63,2.500,0.00,50.0
4229.00,1342.37,5370.37,347.63,2.500,0.00,50.0
4230.00,1341.84,5372.81,347.63,2.500,0.00,50.0
4231.00,1341.30,5375.25,347.63,2.500,0.00,50.0
4232.00,1340.77,5377.69,347.63,2.500,0.00,50.0
4233.00,1340.23,5380.14,347.63,2.500,0.00,50.0
4234.00,1339.70,5382.58,347.63,2.500,0.00,50.0
4235.00,1339.16,5385.02,347.63,2.500,0.00,50.0
4236.00,1338.63,5387.46,347.63,2.500,0.00,50.0
4237.00,1338.09,5389.90,347.63,2.500,0.00,50.0
4238.00,1337.55,5392.35,347.63,2.500,0.00,50.0
4239.00,1337.02,5394.79,347.63,2.500,0.00,50.0
4240.00,1336.48,5397.23,347.63,2.500,0.00,50.0
4241.00,1335.95,5399.67,347.63,2.500,0.00,50.0
4242.00,1335.41,5402.11,347.63,2.500,0.00,50.0
4243.00,1334.88,5404.55,347.63,2.500,0.00,50.0
4244.00,1334.34,5407.00,347.63,2.500,0.00,50.0
4245.00,1333.80,5409.44,347.63,2.500,0.00,50.0
4246.00,1333.27,5411.88,347.63,2.500,0.00,50.0
4247.00,1332.73,5414.32,347.63,2.500,0.00,50.0
4248.00,1332.20,5416.76,347.63,2.500,0.00,50.0
4249.00,1331.66,5419.21,347.63,2.500,0.00,50.0
4250.00,1331.13,5421.65,347.63,2.500,0.00,50.0
4251.00,1330.59,5424.09,347.63,2.500,0.00,50.0
4252.00,1330.06,5426.53,347.63,2.500,0.00,50.0
4253.00,1329.52,5428.97,347.63,2.500,0.00,50.0
4254.00,1328.98,5431.42,347.63,2.500,0.00,50.0
4255.00,1328.45,5433.86,347.63,2.500,0.00,50.0
4256.00,1327.91,5436.30,347.63,2.500,0.00,50.0
4257.00,1327.38,5438.74,347.63,2.500,0.00,50.0
4258.00,1326.84,5441.18,347.63,2.500,0.00,50.0
4259.00,1326.31,5443.63,347.63,2.500,0.00,50.0
4260.00,1325.77,5446.07,347.63,2.500,0.00,50.0
4261.00,1325.23,5448.51,347.63,2.500,0.00,50.0
4262.00,1324.70,5450.95,347.63,2.500,0.00,50.0
4263.00,1324.16,5453.39,347.63,2.500,0.00,50.0
4264.00,1323.63,5455.84,347.63,2.500,0.00,50.0
4265.00,1323.09,5458.28,347.63,2.500,0.00,50.0
4266.00,1322.56,5460.72,347.63,2.500,0.00,50.0
4267.00,1322.02,5463.16,347.63,2.500,0.00,50.0
4268.00,1321.49,5465.60,347.63,2.500,0.00,50.0
4269.00,1320.95,5468.05,347.63,2.500,0.00,50.0
4270.00,1320.41,5470.49,347.63,2.500,0.00,50.0
4271.00,1319.88,5472.93,347.63,2.500,0.00,50.0
4272.00,1319.34,5475.37,347.63,2.500,0.00,50.0
4273.00,1318.81,5477.81,347.63,2.500,0.00,50.0
4274.00,1318.27,5480.26,347.63,2.500,0.00,50.0
4275.00,1317.74,5482.70,347.63,2.500,0.00,50.0
4276.00,1317.20,5485.14,347.63,2.500,0.00,50.0
4277.00,1316.66,5487.58,347.63,2.500,0.00,50.0
4278.00,1316.13,5490.02,347.63,2.500,0.00,50.0
4279.00,1315.59,5492.47,347.63,2.500,0.00,50.0
4280.00,1315.06,5494.91,347.63,2.500,0.00,50.0
4281.00,1314.52,5497.35,347.63,2.500,0.00,50.0
4282.00,1313.99,5499.79,347.63,2.500,0.00,50.0
4283.00,1313.45,5502.23,347.63,2.500,0.00,50.0
4284.00,1312.92,5504.67,347.63,2.500,0.00,50.0
4285.00,1312.38,5507.12,347.63,2.500,0.00,50.0
4286.00,1311.84,5509.56,347.63,2.500,0.00,50.0
4287.00,1311.31,5512.00,347.63,2.500,0.00,50.0
4288.00,1310.77,5514.44,347.63,2.500,0.00,50.0
4289.00,1310.24,5516.88,347.63,2.500,0.00,50.0
4290.00,1309.70,5519.33,347.63,2.500,0.00,50.0
4291.00,1309.17,5521.77,347.63,2.500,0.00,50.0
4292.00,1308.63,5524.21,347.63,2.500,0.00,50.0
4293.00,1308.10,5526.65,347.63,2.500,0.00,50.0
4294.00,1307.56,5529.09,347.63,2.500,0.00,50.0
4295.00,1307.02,5531.54,347.63,2.500,0.00,50.0
4296.00,1306.49,5533.98,347.63,2.500,0.00,50.0
4297.00,1305.95,5536.42,347.63,2.500,0.00,50.0
4298.00,1305.42,5538.86,347.63,2.500,0.00,50.0
4299.00,1304.88,5541.30,347.63,2.500,0.00,50.0
4300.00,1304.35,5543.75,347.63,2.500,0.00,50.0
4301.00,1303.81,5546.19,347.63,2.500,0.00,50.0
4302.00,1303.27,5548.63,347.63,2.500,0.00,50.0
4303.00,1302.74,5551.07,347.63,2.500,0.00,50.0
4304.00,1302.20,5553.51,347.63,2.500,0.00,50.0
4305.00,1301.67,5555.96,347.63,2.500,0.00,50.0
4306.00,1301.13,5558.40,347.63,2.500,0.00,50.0
4307.00,1300.60,5560.84,347.63,2.500,0.00,50.0
4308.00,1300.06,5563.28,347.63,2.500,0.00,50.0
4309.00,1299.53,5565.72,347.63,2.500,0.00,50.0
4310.00,1298.99,5568.17,347.63,2.500,0.00,50.0
4311.00,1298.45,5570.61,347.63,2.500,0.00,50.0
4312.00,1297.92,5573.05,347.63,2.500,0.00,50.0
4313.00,1297.38,5575.49,347.63,2.500,0.00,50.0
4314.00,1296.85,5577.93,347.63,2.500,0.00,50.0
4315.00,1296.31,5580.38,347.63,2.500,0.00,50.0
4316.00,1295.78,5582.82,347.63,2.500,0.00,50.0
4317.00,1295.24,5585.26,347.63,2.500,0.00,50.0
4318.00,1294.70,5587.70,347.63,2.500,0.00,50.0
4319.00,1294.17,5590.14,347.63,2.500,0.00,50.0
4320.00,1293.63,5592.58,347.63,2.500,0.00,50.0
4321.00,1293.10,5595.03,347.63,2.500,0.00,50.0
4322.00,1292.56,5597.47,347.63,2.500,0.00,50.0
4323.00,1292.03,5599.91,347.63,2.500,0.00,50.0
4324.00,1291.49,5602.35,347.63,2.500,0.00,50.0
4325.00,1290.96,5604.79,347.63,2.500,0.00,50.0
4326.00,1290.42,5607.24,347.63,2.500,0.00,50.0
4327.00,1289.88,5609.68,347.63,2.500,0.00,50.0
4328.00,1289.35,5612.12,347.63,2.500,0.00,50.0
4329.00,1288.81,5614.56,347.63,2.500,0.00,50.0
4330.00,1288.28,5617.00,347.63,2.500,0.00,50.0
4331.00,1287.74,5619.45,347.63,2.500,0.00,50.0
4332.00,1287.21,5621.89,347.63,2.500,0.00,50.0
4333.00,1286.67,5624.33,347.63,2.500,0.00,50.0
4334.00,1286.13,5626.77,347.63,2.500,0.00,50.0
4335.00,1285.60,5629.21,347.63,2.500,0.00,50.0
4336.00,1285.06,5631.66,347.63,2.500,0.00,50.0
4337.00,1284.53,5634.10,347.63,2.500,0.00,50.0
4338.00,1283.99,5636.54,347.63,2.500,0.00,50.0
4339.00,1283.46,5638.98,347.63,2.500,0.00,50.0
4340.00,1282.92,5641.42,347.63,2.500,0.00,50.0
4341.00,1282.39,5643.87,347.63,2.500,0.00,50.0
4342.00,1281.85,5646.31,347.63,2.500,0.00,50.0
4343.00,1281.31,5648.75,347.63,2.500,0.00,50.0
4344.00,1280.78,5651.19,347.63,2.500,0.00,50.0
4345.00,1280.24,5653.63,347.63,2.500,0.00,50.0
4346.00,1279.71,5656.08,347.63,2.500,0.00,50.0
4347.00,1279.17,5658.52,347.63,2.500,0.00,50.0
4348.00,1278.64,5660.96,347.63,2.500,0.00,50.0
4349.00,1278.10,5663.40,347.63,2.500,0.00,50.0
4350.00,1277.56,5665.84,347.63,2.500,0.00,50.0
4351.00,1277.03,5668.29,347.63,2.500,0.00,50.0
4352.00,1276.49,5670.73,347.63,2.500,0.00,50.0
4353.00,1275.96,5673.17,347.63,2.500,0.00,50.0
4354.00,1275.42,5675.61,347.63,2.500,0.00,50.0
4355.00,1274.89,5678.05,347.63,2.500,0.00,50.0
4356.00,1274.35,5680.50,347.63,2.500,0.00,50.0
4357.00,1273.82,5682.94,347.63,2.500,0.00,50.0
4358.00,1273.28,5685.38,347.63,2.500,0.00,50.0
4359.00,1272.74,5687.82,347.63,2.500,0.00,50.0
4360.00,1272.21,5690.26,347.63,2.500,0.00,50.0
4361.00,1271.67,5692.70,347.63,2.500,0.00,50.0
4362.00,1271.14,5695.15,347.63,2.500,0.00,50.0
4363.00,1270.60,5697.59,347.63,2.500,0.00,50.0
4364.00,1270.07,5700.03,347.63,2.500,0.00,50.0
4365.00,1269.53,5702.47,347.63,2.500,0.00,50.0
4366.00,1268.99,5704.91,347.63,2.500,0.00,50.0
4367.00,1268.46,5707.36,347.63,2.500,0.00,50.0
4368.00,1267.92,5709.80,347.63,2.500,0.00,50.0
4369.00,1267.39,5712.24,347.63,2.500,0.00,50.0
4370.00,1266.85,5714.68,347.63,2.500,0.00,50.0
4371.00,1266.32,5717.12,347.63,2.500,0.00,50.0
4372.00,1265.78,5719.57,347.63,2.500,0.00,50.0
4373.00,1265.25,5722.01,347.63,2.500,0.00,50.0
4374.00,1264.71,5724.45,347.63,2.500,0.00,50.0
4375.00,1264.17,5726.89,347.63,2.500,0.00,50.0
4376.00,1263.64,5729.33,347.63,2.500,0.00,50.0
4377.00,1263.10,5731.78,347.63,2.500,0.00,50.0
4378.00,1262.57,5734.22,347.63,2.500,0.00,50.0
4379.00,1262.03,5736.66,347.63,2.500,0.00,50.0
4380.00,1261.50,5739.10,347.63,2.500,0.00,50.0
4381.00,1260.96,5741.54,347.63,2.500,0.00,50.0
4382.00,1260.42,5743.99,347.63,2.500,0.00,50.0
4383.00,1259.89,5746.43,347.63,2.500,0.00,50.0
4384.00,1259.35,5748.87,347.63,2.500,0.00,50.0
4385.00,1258.82,5751.31,347.63,2.500,0.00,50.0
4386.00,1258.28,5753.75,347.63,2.500,0.00,50.0
4387.00,1257.75,5756.20,347.63,2.500,0.00,50.0
4388.00,1257.21,5758.64,347.63,2.500,0.00,50.0
4389.00,1256.68,5761.08,347.63,2.500,0.00,50.0
4390.00,1256.14,5763.52,347.63,2.500,0.00,50.0
4391.00,1255.60,5765.96,347.63,2.500,0.00,50.0
4392.00,1255.07,5768.41,347.63,2.500,0.00,50.0
4393.00,1254.53,5770.85,347.63,2.500,0.00,50.0
4394.00,1254.00,5773.29,347.63,2.500,0.00,50.0
4395.00,1253.46,5775.73,347.63,2.500,0.00,50.0
4396.00,1252.93,5778.17,347.63,2.500,0.00,50.0
4397.00,1252.39,5780.61,347.63,2.500,0.00,50.0
4398.00,1251.85,5783.06,347.63,2.500,0.00,50.0
4399.00,1251.32,5785.50,347.63,2.500,0.00,50.0
4400.00,1250.78,5787.94,347.63,2.500,0.00,50.0
4401.00,1250.25,5790.38,347.63,2.500,0.00,50.0
4402.00,1249.71,5792.82,347.63,2.500,0.00,50.0
4403.00,1249.18,5795.27,347.63,2.500,0.00,50.0
4404.00,1248.64,5797.71,347.63,2.500,0.00,50.0
4405.00,1248.11,5800.15,347.63,2.500,0.00,50.0
4406.00,1247.57,5802.59,347.63,2.500,0.00,50.0
4407.00,1247.03,5805.03,347.63,2.500,0.00,50.0
4408.00,1246.50,5807.48,347.63,2.500,0.00,50.0
4409.00,1245.96,5809.92,347.63,2.500,0.00,50.0
4410.00,1245.43,5812.36,347.63,2.500,0.00,50.0
4411.00,1244.89,5814.80,347.63,2.500,0.00,50.0
4412.00,1244.36,5817.24,347.63,2.500,0.00,50.0
4413.00,1243.82,5819.69,347.63,2.500,0.00,50.0
4414.00,1243.28,5822.13,347.63,2.500,0.00,50.0
4415.00,1242.75,5824.57,347.63,2.500,0.00,50.0
4416.00,1242.21,5827.01,347.63,2.500,0.00,50.0
4417.00,1241.68,5829.45,347.63,2.500,0.00,50.0
4418.00,1241.14,5831.90,347.63,2.500,0.00,50.0
4419.00,1240.61,5834.34,347.63,2.500,0.00,50.0
4420.00,1240.07,5836.78,347.63,2.500,0.00,50.0
4421.00,1239.54,5839.22,347.63,2.500,0.00,50.0
4422.00,1239.00,5841.66,347.63,2.500,0.00,50.0
4423.00,1238.46,5844.11,347.63,2.500,0.00,50.0
4424.00,1237.93,5846.55,347.63,2.500,0.00,50.0
4425.00,1237.39,5848.99,347.63,2.500,0.00,50.0
4426.00,1236.86,5851.43,347.63,2.500,0.00,50.0
4427.00,1236.32,5853.87,347.63,2.500,0.00,50.0
4428.00,1235.79,5856.32,347.63,2.500,0.00,50.0
4429.00,1235.25,5858.76,347.63,2.500,0.00,50.0
4430.00,1234.72,5861.20,347.63,2.500,0.00,50.0
4431.00,1234.18,5863.64,347.63,2.500,0.00,50.0
4432.00,1233.64,5866.08,347.63,2.500,0.00,50.0
4433.00,1233.11,5868.53,347.63,2.500,0.00,50.0
4434.00,1232.57,5870.97,347.63,2.500,0.00,50.0
4435.00,1232.04,5873.41,347.63,2.500,0.00,50.0
4436.00,1231.50,5875.85,347.63,2.500,0.00,50.0
4437.00,1230.97,5878.29,347.63,2.500,0.00,50.0
4438.00,1230.43,5880.73,347.63,2.500,0.00,50.0
4439.00,1229.89,5883.18,347.63,2.500,0.00,50.0
4440.00,1229.36,5885.62,347.63,2.500,0.00,50.0
4441.00,1228.82,5888.06,347.63,2.500,0.00,50.0
4442.00,1228.29,5890.50,347.63,2.500,0.00,50.0
4443.00,1227.75,5892.94,347.63,2.500,0.00,50.0
4444.00,1227.22,5895.39,347.63,2.500,0.00,50.0
4445.00,1226.68,5897.83,347.63,2.500,0.00,50.0
4446.00,1226.15,5900.27,347.63,2.500,0.00,50.0
4447.00,1225.61,5902.71,347.63,2.500,0.00,50.0
4448.00,1225.07,5905.15,347.63,2.500,0.00,50.0
4449.00,1224.54,5907.60,347.63,2.500,0.00,50.0
4450.00,1224.00,5910.04,347.63,2.500,0.00,50.0
4451.00,1223.47,5912.48,347.63,2.500,0.00,50.0
4452.00,1222.93,5914.92,347.63,2.500,0.00,50.0
4453.00,1222.40,5917.36,347.63,2.500,0.00,50.0
4454.00,1221.86,5919.81,347.63,2.500,0.00,50.0
4455.00,1221.32,5922.25,347.63,2.500,0.00,50.0
4456.00,1220.79,5924.69,347.63,2.500,0.00,50.0
4457.00,1220.25,5927.13,347.63,2.500,0.00,50.0
4458.00,1219.72,5929.57,347.63,2.500,0.00,50.0
4459.00,1219.18,5932.02,347.63,2.500,0.00,50.0
4460.00,1218.65,5934.46,347.63,2.500,0.00,50.0
4461.00,1218.11,5936.90,347.63,2.500,0.00,50.0
4462.00,1217.58,5939.34,347.63,2.500,0.00,50.0
4463.00,1217.04,5941.78,347.63,2.500,0.00,50.0
4464.00,1216.50,5944.23,347.63,2.500,0.00,50.0
4465.00,1215.97,5946.67,347.63,2.500,0.00,50.0
4466.00,1215.43,5949.11,347.63,2.500,0.00,50.0
4467.00,1214.90,5951.55,347.63,2.500,0.00,50.0
4468.00,1214.36,5953.99,347.63,2.500,0.00,50.0
4469.00,1213.83,5956.44,347.63,2.500,0.00,50.0
4470.00,1213.29,5958.88,347.63,2.500,0.00,50.0
4471.00,1212.75,5961.32,347.63,2.500,0.00,50.0
4472.00,1212.22,5963.76,347.63,2.500,0.00,50.0
4473.00,1211.68,5966.20,347.63,2.500,0.00,50.0
4474.00,1211.15,5968.64,347.63,2.500,0.00,50.0
4475.00,1210.61,5971.09,347.63,2.500,0.00,50.0
4476.00,1210.08,5973.53,347.63,2.500,0.00,50.0
4477.00,1209.54,5975.97,347.63,2.500,0.00,50.0
4478.00,1209.01,5978.41,347.63,2.500,0.00,50.0
4479.00,1208.47,5980.85,347.63,2.500,0.00,50.0
4480.00,1207.93,5983.30,347.63,2.500,0.00,50.0
4481.00,1207.40,5985.74,347.63,2.500,0.00,50.0
4482.00,1206.86,5988.18,347.63,2.500,0.00,50.0
4483.00,1206.33,5990.62,347.63,2.500,0.00,50.0
4484.00,1205.79,5993.06,347.63,2.500,0.00,50.0
4485.00,1205.26,5995.51,347.63,2.500,0.00,50.0
4486.00,1204.72,5997.95,347.63,2.500,0.00,50.0
4487.00,1204.18,6000.39,347.63,2.500,0.00,50.0
4488.00,1203.65,6002.83,347.63,2.500,0.00,50.0
4489.00,1203.11,6005.27,347.63,2.500,0.00,50.0
4490.00,1202.58,6007.72,347.63,2.500,0.00,50.0
4491.00,1202.04,6010.16,347.63,2.500,0.00,50.0
4492.00,1201.51,6012.60,347.63,2.500,0.00,50.0
4493.00,1200.97,6015.04,347.63,2.500,0.00,50.0
4494.00,1200.44,6017.48,347.63,2.500,0.00,50.0
4495.00,1199.90,6019.93,347.63,2.500,0.00,50.0
4496.00,1199.36,6022.37,347.63,2.500,0.00,50.0
4497.00,1198.83,6024.81,347.63,2.500,0.00,50.0
4498.00,1198.29,6027.25,347.63,2.500,0.00,50.0
4499.00,1197.76,6029.69,347.63,2.500,0.00,50.0
4500.00,1197.22,6032.14,347.63,2.500,0.00,50.0
4501.00,1196.69,6034.58,347.63,2.500,0.00,50.0
4502.00,1196.15,6037.02,347.63,2.500,0.00,50.0
4503.00,1195.61,6039.46,347.63,2.500,0.00,50.0
4504.00,1195.08,6041.90,347.63,2.500,0.00,50.0
4505.00,1194.54,6044.35,347.63,2.500,0.00,50.0
4506.00,1194.01,6046.79,347.63,2.500,0.00,50.0
4507.00,1193.47,6049.23,347.63,2.500,0.00,50.0
4508.00,1192.94,6051.67,347.63,2.500,0.00,50.0
4509.00,1192.40,6054.11,347.63,2.500,0.00,50.0
4510.00,1191.87,6056.56,347.63,2.500,0.00,50.0
4511.00,1191.33,6059.00,347.63,2.500,0.00,50.0
4512.00,1190.79,6061.44,347.63,2.500,0.00,50.0
4513.00,1190.26,6063.88,347.63,2.500,0.00,50.0
4514.00,1189.72,6066.32,347.63,2.500,0.00,50.0
4515.00,1189.19,6068.76,347.63,2.500,0.00,50.0
4516.00,1188.65,6071.21,347.63,2.500,0.00,50.0
4517.00,1188.12,6073.65,347.63,2.500,0.00,50.0
4518.00,1187.58,6076.09,347.63,2.500,0.00,50.0
4519.00,1187.04,6078.53,347.63,2.500,0.00,50.0
4520.00,1186.51,6080.97,347.63,2.500,0.00,50.0
4521.00,1185.97,6083.42,347.63,2.500,0.00,50.0
4522.00,1185.44,6085.86,347.63,2.500,0.00,50.0
4523.00,1184.90,6088.30,347.63,2.500,0.00,50.0
4524.00,1184.37,6090.74,347.63,2.500,0.00,50.0
4525.00,1183.83,6093.18,347.63,2.500,0.00,50.0
4526.00,1183.30,6095.63,347.63,2.500,0.00,50.0
4527.00,1182.76,6098.07,347.63,2.500,0.00,50.0
4528.00,1182.22,6100.51,347.63,2.500,0.00,50.0
4529.00,1181.69,6102.95,347.63,2.500,0.00,50.0
4530.00,1181.15,6105.39,347.63,2.500,0.00,50.0
4531.00,1180.62,6107.84,347.63,2.500,0.00,50.0
4532.00,1180.08,6110.28,347.63,2.500,0.00,50.0
4533.00,1179.55,6112.72,347.63,2.500,0.00,50.0
4534.00,1179.01,6115.16,347.63,2.500,0.00,50.0
4535.00,1178.47,6117.60,347.63,2.500,0.00,50.0
4536.00,1177.94,6120.05,347.63,2.500,0.00,50.0
4537.00,1177.40,6122.49,347.63,2.500,0.00,50.0
4538.00,1176.87,6124.93,347.63,2.500,0.00,50.0
4539.00,1176.33,6127.37,347.63,2.500,0.00,50.0
4540.00,1175.80,6129.81,347.63,2.500,0.00,50.0
4541.00,1175.26,6132.26,347.63,2.500,0.00,50.0
4542.00,1174.73,6134.70,347.63,2.500,0.00,50.0
4543.00,1174.19,6137.14,347.63,2.500,0.00,50.0
4544.00,1173.65,6139.58,347.63,2.500,0.00,50.0
4545.00,1173.12,6142.02,347.63,2.500,0.00,50.0
4546.00,1172.58,6144.47,347.63,2.500,0.00,50.0
4547.00,1172.05,6146.91,347.63,2.500,0.00,50.0
4548.00,1171.51,6149.35,347.63,2.500,0.00,50.0
4549.00,1170.98,6151.79,347.63,2.500,0.00,50.0
4550.00,1170.44,6154.23,347.63,2.500,0.00,50.0
4551.00,1169.90,6156.67,347.63,2.500,0.00,50.0
4552.00,1169.37,6159.12,347.63,2.500,0.00,50.0
4553.00,1168.83,6161.56,347.63,2.500,0.00,50.0
4554.00,1168.30,6164.00,347.63,2.500,0.00,50.0
4555.00,1167.76,6166.44,347.63,2.500,0.00,50.0
4556.00,1167.23,6168.88,347.63,2.500,0.00,50.0
4557.00,1166.69,6171.33,347.63,2.500,0.00,50.0
4558.00,1166.16,6173.77,347.63,2.500,0.00,50.0
4559.00,1165.62,6176.21,347.63,2.500,0.00,50.0
4560.00,1165.08,6178.65,347.63,2.500,0.00,50.0
4561.00,1164.55,6181.09,347.63,2.500,0.00,50.0
4562.00,1164.01,6183.54,347.63,2.500,0.00,50.0
4563.00,1163.48,6185.98,347.63,2.500,0.00,50.0
4564.00,1162.94,6188.42,347.63,2.500,0.00,50.0
4565.00,1162.41,6190.86,347.63,2.500,0.00,50.0
4566.00,1161.87,6193.30,347.63,2.500,0.00,50.0
4567.00,1161.33,6195.75,347.63,2.500,0.00,50.0
4568.00,1160.80,6198.19,347.63,2.500,0.00,50.0
4569.00,1160.26,6200.63,347.63,2.500,0.00,50.0
4570.00,1159.73,6203.07,347.63,2.500,0.00,50.0
4571.00,1159.19,6205.51,347.63,2.500,0.00,50.0
4572.00,1158.66,6207.96,347.63,2.500,0.00,50.0
4573.00,1158.12,6210.40,347.63,2.500,0.00,50.0
4574.00,1157.59,6212.84,347.63,2.500,0.00,50.0
4575.00,1157.05,6215.28,347.63,2.500,0.00,50.0
4576.00,1156.51,6217.72,347.63,2.500,0.00,50.0
4577.00,1155.98,6220.17,347.63,2.500,0.00,50.0
4578.00,1155.44,6222.61,347.63,2.500,0.00,50.0
4579.00,1154.91,6225.05,347.63,2.500,0.00,50.0
4580.00,1154.37,6227.49,347.63,2.500,0.00,50.0
4581.00,1153.84,6229.93,347.63,2.500,0.00,50.0
4582.00,1153.30,6232.38,347.63,2.500,0.00,50.0
4583.00,1152.77,6234.82,347.63,2.500,0.00,50.0
4584.00,1152.23,6237.26,347.63,2.500,0.00,50.0
4585.00,1151.69,6239.70,347.63,2.500,0.00,50.0
4586.00,1151.16,6242.14,347.63,2.500,0.00,50.0
4587.00,1150.62,6244.59,347.63,2.500,0.00,50.0
4588.00,1150.09,6247.03,347.63,2.500,0.00,50.0
4589.00,1149.55,6249.47,347.63,2.500,0.00,50.0
4590.00,1149.02,6251.91,347.63,2.500,0.00,50.0
4591.00,1148.48,6254.35,347.63,2.500,0.00,50.0
4592.00,1147.94,6256.79,347.63,2.500,0.00,50.0
4593.00,1147.41,6259.24,347.63,2.500,0.00,50.0
4594.00,1146.87,6261.68,347.63,2.500,0.00,50.0
4595.00,1146.34,6264.12,347.63,2.500,0.00,50.0
4596.00,1145.80,6266.56,347.63,2.500,0.00,50.0
4597.00,1145.27,6269.00,347.63,2.500,0.00,50.0
4598.00,1144.73,6271.45,347.63,2.500,0.00,50.0
4599.00,1144.20,6273.89,347.63,2.500,0.00,50.0
4600.00,1143.66,6276.33,347.63,2.500,0.00,50.0
4601.00,1143.12,6278.77,347.63,2.500,0.00,50.0
4602.00,1142.59,6281.21,347.63,2.500,0.00,50.0
4603.00,1142.05,6283.66,347.63,2.500,0.00,50.0
4604.00,1141.52,6286.10,347.63,2.500,0.00,50.0
4605.00,1140.98,6288.54,347.63,2.500,0.00,50.0
4606.00,1140.45,6290.98,347.63,2.500,0.00,50.0
4607.00,1139.91,6293.42,347.63,2.500,0.00,50.0
4608.00,1139.37,6295.87,347.63,2.500,0.00,50.0
4609.00,1138.84,6298.31,347.63,2.500,0.00,50.0
4610.00,1138.30,6300.75,347.63,2.500,0.00,50.0
4611.00,1137.77,6303.19,347.63,2.500,0.00,50.0
4612.00,1137.23,6305.63,347.63,2.500,0.00,50.0
4613.00,1136.70,6308.08,347.63,2.500,0.00,50.0
4614.00,1136.16,6310.52,347.63,2.500,0.00,50.0
4615.00,1135.63,6312.96,347.63,2.500,0.00,50.0
4616.00,1135.09,6315.40,347.63,2.500,0.00,50.0
4617.00,1134.55,6317.84,347.63,2.500,0.00,50.0
4618.00,1134.02,6320.29,347.63,2.500,0.00,50.0
4619.00,1133.48,6322.73,347.63,2.500,0.00,50.0
4620.00,1132.95,6325.17,347.63,2.500,0.00,50.0
4621.00,1132.41,6327.61,347.63,2.500,0.00,50.0
4622.00,1131.88,6330.05,347.63,2.500,0.00,50.0
4623.00,1131.34,6332.50,347.63,2.500,0.00,50.0
4624.00,1130.80,6334.94,347.63,2.500,0.00,50.0
4625.00,1130.27,6337.38,347.63,2.500,0.00,50.0
4626.00,1129.73,6339.82,347.63,2.500,0.00,50.0
4627.00,1129.20,6342.26,347.63,2.500,0.00,50.0
4628.00,1128.66,6344.70,347.63,2.500,0.00,50.0
4629.00,1128.13,6347.15,347.63,2.500,0.00,50.0
4630.00,1127.59,6349.59,347.63,2.500,0.00,50.0
4631.00,1127.06,6352.03,347.63,2.500,0.00,50.0
4632.00,1126.52,6354.47,347.63,2.500,0.00,50.0
4633.00,1125.98,6356.91,347.63,2.500,0.00,50.0
4634.00,1125.45,6359.36,347.63,2.500,0.00,50.0
4635.00,1124.91,6361.80,347.63,2.500,0.00,50.0
4636.00,1124.38,6364.24,347.63,2.500,0.00,50.0
4637.00,1123.84,6366.68,347.63,2.500,0.00,50.0
4638.00,1123.31,6369.12,347.63,2.500,0.00,50.0
4639.00,1122.77,6371.57,347.63,2.500,0.00,50.0
4640.00,1122.23,6374.01,347.63,2.500,0.00,50.0
4641.00,1121.70,6376.45,347.63,2.500,0.00,50.0
4642.00,1121.16,6378.89,347.63,2.500,0.00,50.0
4643.00,1120.63,6381.33,347.63,2.500,0.00,50.0
4644.00,1120.09,6383.78,347.63,2.500,0.00,50.0
4645.00,1119.56,6386.22,347.63,2.500,0.00,50.0
4646.00,1119.02,6388.66,347.63,2.500,0.00,50.0
4647.00,1118.49,6391.10,347.63,2.500,0.00,50.0
4648.00,1117.95,6393.54,347.63,2.500,0.00,50.0
4649.00,1117.41,6395.99,347.63,2.500,0.00,50.0
4650.00,1116.88,6398.43,347.63,2.500,0.00,50.0
4651.00,1116.34,6400.87,347.63,2.500,0.00,50.0
4652.00,1115.81,6403.31,347.63,2.500,0.00,50.0
4653.00,1115.27,6405.75,347.63,2.500,0.00,50.0
4654.00,1114.74,6408.20,347.63,2.500,0.00,50.0
4655.00,1114.20,6410.64,347.63,2.500,0.00,50.0
4656.00,1113.66,6413.08,347.63,2.500,0.00,50.0
4657.00,1113.13,6415.52,347.63,2.500,0.00,50.0
4658.00,1112.59,6417.96,347.63,2.500,0.00,50.0
4659.00,1112.06,6420.41,347.63,2.500,0.00,50.0
4660.00,1111.52,6422.85,347.63,2.500,0.00,50.0
4661.00,1110.99,6425.29,347.63,2.500,0.00,50.0
4662.00,1110.45,6427.73,347.63,2.500,0.00,50.0
4663.00,1109.92,6430.17,347.63,2.500,0.00,50.0
4664.00,1109.38,6432.62,347.63,2.500,0.00,50.0
4665.00,1108.84,6435.06,347.63,2.500,0.00,50.0
4666.00,1108.31,6437.50,347.63,2.500,0.00,50.0
4667.00,1107.77,6439.94,347.63,2.500,0.00,50.0
4668.00,1107.24,6442.38,347.63,2.500,0.00,50.0
4669.00,1106.70,6444.82,347.63,2.500,0.00,50.0
4670.00,1106.17,6447.27,347.63,2.500,0.00,50.0
4671.00,1105.63,6449.71,347.63,2.500,0.00,50.0
4672.00,1105.09,6452.15,347.63,2.500,0.00,50.0
4673.00,1104.56,6454.59,347.63,2.500,0.00,50.0
4674.00,1104.02,6457.03,347.63,2.500,0.00,50.0
4675.00,1103.49,6459.48,347.63,2.500,0.00,50.0
4676.00,1102.95,6461.92,347.63,2.500,0.00,50.0
4677.00,1102.42,6464.36,347.63,2.500,0.00,50.0
4678.00,1101.88,6466.80,347.63,2.500,0.00,50.0
4679.00,1101.35,6469.24,347.63,2.500,0.00,50.0
4680.00,1100.81,6471.69,347.63,2.500,0.00,50.0
4681.00,1100.27,6474.13,347.63,2.500,0.00,50.0
4682.00,1099.74,6476.57,347.63,2.500,0.00,50.0
4683.00,1099.20,6479.01,347.63,2.500,0.00,50.0
4684.00,1098.67,6481.45,347.63,2.500,0.00,50.0
4685.00,1098.13,6483.90,347.63,2.500,0.00,50.0
4686.00,1097.60,6486.34,347.63,2.500,0.00,50.0
4687.00,1097.06,6488.78,347.63,2.500,0.00,50.0
4688.00,1096.52,6491.22,347.63,2.500,0.00,50.0
4689.00,1095.99,6493.66,347.63,2.500,0.00,50.0
4690.00,1095.45,6496.11,347.63,2.500,0.00,50.0
4691.00,1094.92,6498.55,347.63,2.500,0.00,50.0
4692.00,1094.38,6500.99,347.63,2.500,0.00,50.0
4693.00,1093.85,6503.43,347.63,2.500,0.00,50.0
4694.00,1093.31,6505.87,347.63,2.500,0.00,50.0
4695.00,1092.78,6508.32,347.63,2.500,0.00,50.0
4696.00,1092.24,6510.76,347.63,2.500,0.00,50.0
4697.00,1091.70,6513.20,347.63,2.500,0.00,50.0
4698.00,1091.17,6515.64,347.63,2.500,0.00,50.0
4699.00,1090.63,6518.08,347.63,2.500,0.00,50.0
4700.00,1090.10,6520.53,347.63,2.500,0.00,50.0
4701.00,1089.56,6522.97,347.63,2.500,0.00,50.0
4702.00,1089.03,6525.41,347.63,2.500,0.00,50.0
4703.00,1088.49,6527.85,347.63,2.500,0.00,50.0
4704.00,1087.95,6530.29,347.63,2.500,0.00,50.0
4705.00,1087.42,6532.74,347.63,2.500,0.00,50.0
4706.00,1086.88,6535.18,347.63,2.500,0.00,50.0
4707.00,1086.35,6537.62,347.63,2.500,0.00,50.0
4708.00,1085.81,6540.06,347.63,2.500,0.00,50.0
4709.00,1085.28,6542.50,347.63,2.500,0.00,50.0
4710.00,1084.74,6544.94,347.63,2.500,0.00,50.0
4711.00,1084.21,6547.39,347.63,2.500,0.00,50.0
4712.00,1083.67,6549.83,347.63,2.500,0.00,50.0
4713.00,1083.13,6552.27,347.63,2.500,0.00,50.0
4714.00,1082.60,6554.71,347.63,2.500,0.00,50.0
4715.00,1082.06,6557.15,347.63,2.500,0.00,50.0
4716.00,1081.53,6559.60,347.63,2.500,0.00,50.0
4717.00,1080.99,6562.04,347.63,2.500,0.00,50.0
4718.00,1080.46,6564.48,347.63,2.500,0.00,50.0
4719.00,1079.92,6566.92,347.63,2.500,0.00,50.0
4720.00,1079.39,6569.36,347.63,2.500,0.00,50.0
4721.00,1078.85,6571.81,347.63,2.500,0.00,50.0
4722.00,1078.31,6574.25,347.63,2.500,0.00,50.0
4723.00,1077.78,6576.69,347.63,2.500,0.00,50.0
4724.00,1077.24,6579.13,347.63,2.500,0.00,50.0
4725.00,1076.71,6581.57,347.63,2.500,0.00,50.0
4726.00,1076.17,6584.02,347.63,2.500,0.00,50.0
4727.00,1075.64,6586.46,347.63,2.500,0.00,50.0
4728.00,1075.10,6588.90,347.63,2.500,0.00,50.0
4729.00,1074.56,6591.34,347.63,2.500,0.00,50.0
4730.00,1074.03,6593.78,347.63,2.500,0.00,50.0
4731.00,1073.49,6596.23,347.63,2.500,0.00,50.0
4732.00,1072.96,6598.67,347.63,2.500,0.00,50.0
4733.00,1072.42,6601.11,347.63,2.500,0.00,50.0
4734.00,1071.89,6603.55,347.63,2.500,0.00,50.0
4735.00,1071.35,6605.99,347.63,2.500,0.00,50.0
4736.00,1070.82,6608.44,347.63,2.500,0.00,50.0
4737.00,1070.28,6610.88,347.63,2.500,0.00,50.0
4738.00,1069.74,6613.32,347.63,2.500,0.00,50.0
4739.00,1069.21,6615.76,347.63,2.500,0.00,50.0
4740.00,1068.67,6618.20,347.63,2.500,0.00,50.0
4741.00,1068.14,6620.65,347.63,2.500,0.00,50.0
4742.00,1067.60,6623.09,347.63,2.500,0.00,50.0
4743.00,1067.07,6625.53,347.63,2.500,0.00,50.0
4744.00,1066.53,6627.97,347.63,2.500,0.00,50.0
4745.00,1065.99,6630.41,347.63,2.500,0.00,50.0
4746.00,1065.46,6632.85,347.63,2.500,0.00,50.0
4747.00,1064.92,6635.30,347.63,2.500,0.00,50.0
4748.00,1064.39,6637.74,347.63,2.500,0.00,50.0
4749.00,1063.85,6640.18,347.63,2.500,0.00,50.0
4750.00,1063.32,6642.62,347.63,2.500,0.00,50.0
4751.00,1062.78,6645.06,347.63,2.500,0.00,50.0
4752.00,1062.25,6647.51,347.63,2.500,0.00,50.0
4753.00,1061.71,6649.95,347.63,2.500,0.00,50.0
4754.00,1061.17,6652.39,347.63,2.500,0.00,50.0
4755.00,1060.64,6654.83,347.63,2.500,0.00,50.0
4756.00,1060.10,6657.27,347.63,2.500,0.00,50.0
4757.00,1059.57,6659.72,347.63,2.500,0.00,50.0
4758.00,1059.03,6662.16,347.63,2.500,0.00,50.0
4759.00,1058.50,6664.60,347.63,2.500,0.00,50.0
4760.00,1057.96,6667.04,347.63,2.500,0.00,50.0
4761.00,1057.42,6669.48,347.63,2.500,0.00,50.0
4762.00,1056.89,6671.93,347.63,2.500,0.00,50.0
4763.00,1056.35,6674.37,347.63,2.500,0.00,50.0
4764.00,1055.82,6676.81,347.63,2.500,0.00,50.0
4765.00,1055.28,6679.25,347.63,2.500,0.00,50.0
4766.00,1054.75,6681.69,347.63,2.500,0.00,50.0
4767.00,1054.21,6684.14,347.63,2.500,0.00,50.0
4768.00,1053.68,6686.58,347.63,2.500,0.00,50.0
4769.00,1053.14,6689.02,347.63,2.500,0.00,50.0
4770.00,1052.60,6691.46,347.63,2.500,0.00,50.0
4771.00,1052.07,6693.90,347.63,2.500,0.00,50.0
4772.00,1051.53,6696.35,347.63,2.500,0.00,50.0
4773.00,1051.00,6698.79,347.63,2.500,0.00,50.0
4774.00,1050.46,6701.23,347.63,2.500,0.00,50.0
4775.00,1049.93,6703.67,347.63,2.500,0.00,50.0
4776.00,1049.39,6706.11,347.63,2.500,0.00,50.0
4777.00,1048.85,6708.56,347.63,2.500,0.00,50.0
4778.00,1048.32,6711.00,347.63,2.500,0.00,50.0
4779.00,1047.78,6713.44,347.63,2.500,0.00,50.0
4780.00,1047.25,6715.88,347.63,2.500,0.00,50.0
4781.00,1046.71,6718.32,347.63,2.500,0.00,50.0
4782.00,1046.18,6720.77,347.63,2.500,0.00,50.0
4783.00,1045.64,6723.21,347.63,2.500,0.00,50.0
4784.00,1045.11,6725.65,347.63,2.500,0.00,50.0
4785.00,1044.57,6728.09,347.63,2.500,0.00,50.0
4786.00,1044.03,6730.53,347.63,2.500,0.00,50.0
4787.00,1043.50,6732.97,347.63,2.500,0.00,50.0
4788.00,1042.96,6735.42,347.63,2.500,0.00,50.0
4789.00,1042.43,6737.86,347.63,2.500,0.00,50.0
4790.00,1041.89,6740.30,347.63,2.500,0.00,50.0
4791.00,1041.36,6742.74,347.63,2.500,0.00,50.0
4792.00,1040.82,6745.18,347.63,2.500,0.00,50.0
4793.00,1040.28,6747.63,347.63,2.500,0.00,50.0
4794.00,1039.75,6750.07,347.63,2.500,0.00,50.0
4795.00,1039.21,6752.51,347.63,2.500,0.00,50.0
4796.00,1038.68,6754.95,347.63,2.500,0.00,50.0
4797.00,1038.14,6757.39,347.63,2.500,0.00,50.0
4798.00,1037.61,6759.84,347.63,2.500,0.00,50.0
4799.00,1037.07,6762.28,347.63,2.500,0.00,50.0
4800.00,1036.54,6764.72,347.63,2.500,0.00,50.0
4801.00,1036.00,6767.16,347.63,2.500,0.00,50.0
4802.00,1035.46,6769.60,347.63,2.500,0.00,50.0
4803.00,1034.93,6772.05,347.63,2.500,0.00,50.0
4804.00,1034.39,6774.49,347.63,2.500,0.00,50.0
4805.00,1033.86,6776.93,347.63,2.500,0.00,50.0
4806.00,1033.32,6779.37,347.63,2.500,0.00,50.0
4807.00,1032.79,6781.81,347.63,2.500,0.00,50.0
4808.00,1032.25,6784.26,347.63,2.500,0.00,50.0
4809.00,1031.71,6786.70,347.63,2.500,0.00,50.0
4810.00,1031.18,6789.14,347.63,2.500,0.00,50.0
4811.00,1030.64,6791.58,347.63,2.500,0.00,50.0
4812.00,1030.11,6794.02,347.63,2.500,0.00,50.0
4813.00,1029.57,6796.47,347.63,2.500,0.00,50.0
4814.00,1029.04,6798.91,347.63,2.500,0.00,50.0
4815.00,1028.50,6801.35,347.63,2.500,0.00,50.0
4816.00,1027.97,6803.79,347.63,2.500,0.00,50.0
4817.00,1027.43,6806.23,347.63,2.500,0.00,50.0
4818.00,1026.89,6808.68,347.63,2.500,0.00,50.0
4819.00,1026.36,6811.12,347.63,2.500,0.00,50.0
4820.00,1025.82,6813.56,347.63,2.500,0.00,50.0
4821.00,1025.29,6816.00,347.63,2.500,0.00,50.0
4822.00,1024.75,6818.44,347.63,2.500,0.00,50.0
4823.00,1024.22,6820.88,347.63,2.500,0.00,50.0
4824.00,1023.68,6823.33,347.63,2.500,0.00,50.0
4825.00,1023.14,6825.77,347.63,2.500,0.00,50.0
4826.00,1022.61,6828.21,347.63,2.500,0.00,50.0
4827.00,1022.07,6830.65,347.63,2.500,0.00,50.0
4828.00,1021.54,6833.09,347.63,2.500,0.00,50.0
4829.00,1021.00,6835.54,347.63,2.500,0.00,50.0
4830.00,1020.47,6837.98,347.63,2.500,0.00,50.0
4831.00,1019.93,6840.42,347.63,2.500,0.00,50.0
4832.00,1019.40,6842.86,347.63,2.500,0.00,50.0
4833.00,1018.86,6845.30,347.63,2.500,0.00,50.0
4834.00,1018.32,6847.75,347.63,2.500,0.00,50.0
4835.00,1017.79,6850.19,347.63,2.500,0.00,50.0
4836.00,1017.25,6852.63,347.63,2.500,0.00,50.0
4837.00,1016.72,6855.07,347.63,2.500,0.00,50.0
4838.00,1016.18,6857.51,347.63,2.500,0.00,50.0
4839.00,1015.65,6859.96,347.63,2.500,0.00,50.0
4840.00,1015.11,6862.40,347.63,2.500,0.00,50.0
4841.00,1014.57,6864.84,347.63,2.500,0.00,50.0
4842.00,1014.04,6867.28,347.63,2.500,0.00,50.0
4843.00,1013.50,6869.72,347.63,2.500,0.00,50.0
4844.00,1012.97,6872.17,347.63,2.500,0.00,50.0
4845.00,1012.43,6874.61,347.63,2.500,0.00,50.0
4846.00,1011.90,6877.05,347.63,2.500,0.00,50.0
4847.00,1011.36,6879.49,347.63,2.500,0.00,50.0
4848.00,1010.83,6881.93,347.63,2.500,0.00,50.0
4849.00,1010.29,6884.38,347.63,2.500,0.00,50.0
4850.00,1009.75,6886.82,347.63,2.500,0.00,50.0
4851.00,1009.22,6889.26,347.63,2.500,0.00,50.0
4852.00,1008.68,6891.70,347.63,2.500,0.00,50.0
4853.00,1008.15,6894.14,347.63,2.500,0.00,50.0
4854.00,1007.61,6896.59,347.63,2.500,0.00,50.0
4855.00,1007.08,6899.03,347.63,2.500,0.00,50.0
4856.00,1006.54,6901.47,347.63,2.500,0.00,50.0
4857.00,1006.00,6903.91,347.63,2.500,0.00,50.0
4858.00,1005.47,6906.35,347.63,2.500,0.00,50.0
4859.00,1004.93,6908.80,347.63,2.500,0.00,50.0
4860.00,1004.40,6911.24,347.63,2.500,0.00,50.0
4861.00,1003.86,6913.68,347.63,2.500,0.00,50.0
4862.00,1003.33,6916.12,347.63,2.500,0.00,50.0
4863.00,1002.79,6918.56,347.63,2.500,0.00,50.0
4864.00,1002.26,6921.00,347.63,2.500,0.00,50.0
4865.00,1001.72,6923.45,347.63,2.500,0.00,50.0
4866.00,1001.18,6925.89,347.63,2.500,0.00,50.0
4867.00,1000.65,6928.33,347.63,2.500,0.00,50.0
4868.00,1000.11,6930.77,347.63,2.500,0.00,50.0
4869.00,999.58,6933.21,347.63,2.500,0.00,50.0
4870.00,999.04,6935.66,347.63,2.500,0.00,50.0
4871.00,998.51,6938.10,347.63,2.500,0.00,50.0
4872.00,997.97,6940.54,347.63,2.500,0.00,50.0
4873.00,997.44,6942.98,347.63,2.500,0.00,50.0
4874.00,996.90,6945.42,347.63,2.500,0.00,50.0
4875.00,996.36,6947.87,347.63,2.500,0.00,50.0
4876.00,995.83,6950.31,347.63,2.500,0.00,50.0
4877.00,995.29,6952.75,347.63,2.500,0.00,50.0
4878.00,994.76,6955.19,347.63,2.500,0.00,50.0
4879.00,994.22,6957.63,347.63,2.500,0.00,50.0
4880.00,993.69,6960.08,347.63,2.500,0.00,50.0
4881.00,993.15,6962.52,347.63,2.500,0.00,50.0
4882.00,992.61,6964.96,347.63,2.500,0.00,50.0
4883.00,992.08,6967.40,347.63,2.500,0.00,50.0
4884.00,991.54,6969.84,347.63,2.500,0.00,50.0
4885.00,991.01,6972.29,347.63,2.500,0.00,50.0
4886.00,990.47,6974.73,347.63,2.500,0.00,50.0
4887.00,989.94,6977.17,347.63,2.500,0.00,50.0
4888.00,989.40,6979.61,347.63,2.500,0.00,50.0
4889.00,988.87,6982.05,347.63,2.500,0.00,50.0
4890.00,988.33,6984.50,347.63,2.500,0.00,50.0
4891.00,987.79,6986.94,347.63,2.500,0.00,50.0
4892.00,987.26,6989.38,347.63,2.500,0.00,50.0
4893.00,986.72,6991.82,347.63,2.500,0.00,50.0
4894.00,986.19,6994.26,347.63,2.500,0.00,50.0
4895.00,985.65,6996.71,347.63,2.500,0.00,50.0
4896.00,985.12,6999.15,347.63,2.500,0.00,50.0
4897.00,984.58,7001.59,347.63,2.500,0.00,50.0
4898.00,984.04,7004.03,347.63,2.500,0.00,50.0
4899.00,983.51,7006.47,347.63,2.500,0.00,50.0
4900.00,982.97,7008.91,347.63,2.500,0.00,50.0
4901.00,982.44,7011.36,347.63,2.500,0.00,50.0
4902.00,981.90,7013.80,347.63,2.500,0.00,50.0
4903.00,981.37,7016.24,347.63,2.500,0.00,50.0
4904.00,980.83,7018.68,347.63,2.500,0.00,50.0
4905.00,980.30,7021.12,347.63,2.500,0.00,50.0
4906.00,979.76,7023.57,347.63,2.500,0.00,50.0
4907.00,979.22,7026.01,347.63,2.500,0.00,50.0
4908.00,978.69,7028.45,347.63,2.500,0.00,50.0
4909.00,978.15,7030.89,347.63,2.500,0.00,50.0
4910.00,977.62,7033.33,347.63,2.500,0.00,50.0
4911.00,977.08,7035.78,347.63,2.500,0.00,50.0
4912.00,976.55,7038.22,347.63,2.500,0.00,50.0
4913.00,976.01,7040.66,347.63,2.500,0.00,50.0
4914.00,975.47,7043.10,347.63,2.500,0.00,50.0
4915.00,974.94,7045.54,347.63,2.500,0.00,50.0
4916.00,974.40,7047.99,347.63,2.500,0.00,50.0
4917.00,973.87,7050.43,347.63,2.500,0.00,50.0
4918.00,973.33,7052.87,347.63,2.500,0.00,50.0
4919.00,972.80,7055.31,347.63,2.500,0.00,50.0
4920.00,972.26,7057.75,347.63,2.500,0.00,50.0
4921.00,971.73,7060.20,347.63,2.500,0.00,50.0
4922.00,971.19,7062.64,347.63,2.500,0.00,50.0
4923.00,970.65,7065.08,347.63,2.500,0.00,50.0
4924.00,970.12,7067.52,347.63,2.500,0.00,50.0
4925.00,969.58,7069.96,347.63,2.500,0.00,50.0
4926.00,969.05,7072.41,347.63,2.500,0.00,50.0
4927.00,968.51,7074.85,347.63,2.500,0.00,50.0
4928.00,967.98,7077.29,347.63,2.500,0.00,50.0
4929.00,967.44,7079.73,347.63,2.500,0.00,50.0
4930.00,966.90,7082.17,347.63,2.500,0.00,50.0
4931.00,966.37,7084.62,347.63,2.500,0.00,50.0
4932.00,965.83,7087.06,347.63,2.500,0.00,50.0
4933.00,965.30,7089.50,347.63,2.500,0.00,50.0
4934.00,964.76,7091.94,347.63,2.500,0.00,50.0
4935.00,964.23,7094.38,347.63,2.500,0.00,50.0
4936.00,963.69,7096.83,347.63,2.500,0.00,50.0
4937.00,963.16,7099.27,347.63,2.500,0.00,50.0
4938.00,962.62,7101.71,347.63,2.500,0.00,50.0
4939.00,962.08,7104.15,347.63,2.500,0.00,50.0
4940.00,961.55,7106.59,347.63,2.500,0.00,50.0
4941.00,961.01,7109.03,347.63,2.500,0.00,50.0
4942.00,960.48,7111.48,347.63,2.500,0.00,50.0
4943.00,959.94,7113.92,347.63,2.500,0.00,50.0
4944.00,959.41,7116.36,347.63,2.500,0.00,50.0
4945.00,958.87,7118.80,347.63,2.500,0.00,50.0
4946.00,958.33,7121.24,347.63,2.500,0.00,50.0
4947.00,957.80,7123.69,347.63,2.500,0.00,50.0
4948.00,957.26,7126.13,347.63,2.500,0.00,50.0
4949.00,956.73,7128.57,347.63,2.500,0.00,50.0
4950.00,956.19,7131.01,347.63,2.500,0.00,50.0
4951.00,955.66,7133.45,347.63,2.500,0.00,50.0
4952.00,955.12,7135.90,347.63,2.500,0.00,50.0
4953.00,954.59,7138.34,347.63,2.500,0.00,50.0
4954.00,954.05,7140.78,347.63,2.500,0.00,50.0
4955.00,953.51,7143.22,347.63,2.500,0.00,50.0
4956.00,952.98,7145.66,347.63,2.500,0.00,50.0
4957.00,952.44,7148.11,347.63,2.500,0.00,50.0
4958.00,951.91,7150.55,347.63,2.500,0.00,50.0
4959.00,951.37,7152.99,347.63,2.500,0.00,50.0
4960.00,950.84,7155.43,347.63,2.500,0.00,50.0
4961.00,950.30,7157.87,347.63,2.500,0.00,50.0
4962.00,949.76,7160.32,347.63,2.500,0.00,50.0
4963.00,949.23,7162.76,347.63,2.500,0.00,50.0
4964.00,948.69,7165.20,347.63,2.500,0.00,50.0
4965.00,948.16,7167.64,347.63,2.500,0.00,50.0
4966.00,947.62,7170.08,347.63,2.500,0.00,50.0
4967.00,947.09,7172.53,347.63,2.500,0.00,50.0
4968.00,946.55,7174.97,347.63,2.500,0.00,50.0
4969.00,946.02,7177.41,347.63,2.500,0.00,50.0
4970.00,945.48,7179.85,347.63,2.500,0.00,50.0
4971.00,944.94,7182.29,347.63,2.500,0.00,50.0
4972.00,944.41,7184.74,347.63,2.500,0.00,50.0
4973.00,943.87,7187.18,347.63,2.500,0.00,50.0
4974.00,943.34,7189.62,347.63,2.500,0.00,50.0
4975.00,942.80,7192.06,347.63,2.500,0.00,50.0
4976.00,942.27,7194.50,347.63,2.500,0.00,50.0
4977.00,941.73,7196.94,347.63,2.500,0.00,50.0
4978.00,941.19,7199.39,347.63,2.500,0.00,50.0
4979.00,940.66,7201.83,347.63,2.500,0.00,50.0
4980.00,940.12,7204.27,347.63,2.500,0.00,50.0
4981.00,939.59,7206.71,347.63,2.500,0.00,50.0
4982.00,939.05,7209.15,347.63,2.500,0.00,50.0
4983.00,938.52,7211.60,347.63,2.500,0.00,50.0
4984.00,937.98,7214.04,347.63,2.500,0.00,50.0
4985.00,937.45,7216.48,347.63,2.500,0.00,50.0
4986.00,936.91,7218.92,347.63,2.500,0.00,50.0
4987.00,936.37,7221.36,347.63,2.500,0.00,50.0
4988.00,935.84,7223.81,347.63,2.500,0.00,50.0
4989.00,935.30,7226.25,347.63,2.500,0.00,50.0
4990.00,934.77,7228.69,347.63,2.500,0.00,50.0
4991.00,934.23,7231.13,347.63,2.500,0.00,50.0
4992.00,933.70,7233.57,347.63,2.500,0.00,50.0
4993.00,933.16,7236.02,347.63,2.500,0.00,50.0
4994.00,932.62,7238.46,347.63,2.500,0.00,50.0
4995.00,932.09,7240.90,347.63,2.500,0.00,50.0
4996.00,931.55,7243.34,347.63,2.500,0.00,50.0
4997.00,931.02,7245.78,347.63,2.500,0.00,50.0
4998.00,930.48,7248.23,347.63,2.500,0.00,50.0
4999.00,929.95,7250.67,347.63,2.500,0.00,50.0
5000.00,929.41,7253.11,347.63,2.500,0.00,50.0
5001.00,928.88,7255.55,347.63,2.500,0.00,50.0
5002.00,928.34,7257.99,347.63,2.500,0.00,50.0
5003.00,927.80,7260.44,347.63,2.500,0.00,50.0
5004.00,927.27,7262.88,347.63,2.500,0.00,50.0
5005.00,926.73,7265.32,347.63,2.500,0.00,50.0
5006.00,926.20,7267.76,347.63,2.500,0.00,50.0
5007.00,925.66,7270.20,347.63,2.500,0.00,50.0
5008.00,925.13,7272.65,347.63,2.500,0.00,50.0
5009.00,924.59,7275.09,347.63,2.500,0.00,50.0
5010.00,924.06,7277.53,347.63,2.500,0.00,50.0
5011.00,923.52,7279.97,347.63,2.500,0.00,50.0
5012.00,922.98,7282.41,347.63,2.500,0.00,50.0
5013.00,922.45,7284.86,347.63,2.500,0.00,50.0
5014.00,921.91,7287.30,347.63,2.500,0.00,50.0
5015.00,921.38,7289.74,347.63,2.500,0.00,50.0
5016.00,920.84,7292.18,347.63,2.500,0.00,50.0
5017.00,920.31,7294.62,347.63,2.500,0.00,50.0
5018.00,919.77,7297.06,347.63,2.500,0.00,50.0
5019.00,919.23,7299.51,347.63,2.500,0.00,50.0
5020.00,918.70,7301.95,347.63,2.500,0.00,50.0
5021.00,918.16,7304.39,347.63,2.500,0.00,50.0
5022.00,917.63,7306.83,347.63,2.500,0.00,50.0
5023.00,917.09,7309.27,347.63,2.500,0.00,50.0
5024.00,916.56,7311.72,347.63,2.500,0.00,50.0
5025.00,916.02,7314.16,347.63,2.500,0.00,50.0
5026.00,915.49,7316.60,347.63,2.500,0.00,50.0
5027.00,914.95,7319.04,347.63,2.500,0.00,50.0
5028.00,914.41,7321.48,347.63,2.500,0.00,50.0
5029.00,913.88,7323.93,347.63,2.500,0.00,50.0
5030.00,913.34,7326.37,347.63,2.500,0.00,50.0
5031.00,912.81,7328.81,347.63,2.500,0.00,50.0
5032.00,912.27,7331.25,347.63,2.500,0.00,50.0
5033.00,911.74,7333.69,347.63,2.500,0.00,50.0
5034.00,911.20,7336.14,347.63,2.500,0.00,50.0
5035.00,910.66,7338.58,347.63,2.500,0.00,50.0
5036.00,910.13,7341.02,347.63,2.500,0.00,50.0
5037.00,909.59,7343.46,347.63,2.500,0.00,50.0
5038.00,909.06,7345.90,347.63,2.500,0.00,50.0
5039.00,908.52,7348.35,347.63,2.500,0.00,50.0
5040.00,907.99,7350.79,347.63,2.500,0.00,50.0
5041.00,907.45,7353.23,347.63,2.500,0.00,50.0
5042.00,906.92,7355.67,347.63,2.500,0.00,50.0
5043.00,906.38,7358.11,347.63,2.500,0.00,50.0
5044.00,905.84,7360.56,347.63,2.500,0.00,50.0
5045.00,905.31,7363.00,347.63,2.500,0.00,50.0
5046.00,904.77,7365.44,347.63,2.500,0.00,50.0
5047.00,904.24,7367.88,347.63,2.500,0.00,50.0
5048.00,903.70,7370.32,347.63,2.500,0.00,50.0
5049.00,903.17,7372.77,347.63,2.500,0.00,50.0
5050.00,902.63,7375.21,347.63,2.500,0.00,50.0
5051.00,902.09,7377.65,347.63,2.500,0.00,50.0
5052.00,901.56,7380.09,347.63,2.500,0.00,50.0
5053.00,901.02,7382.53,347.63,2.500,0.00,50.0
5054.00,900.49,7384.97,347.63,2.500,0.00,50.0
5055.00,899.95,7387.42,347.63,2.500,0.00,50.0
5056.00,899.42,7389.86,347.63,2.500,0.00,50.0
5057.00,898.88,7392.30,347.63,2.500,0.00,50.0
5058.00,898.35,7394.74,347.63,2.500,0.00,50.0
5059.00,897.81,7397.18,347.63,2.500,0.00,50.0
5060.00,897.27,7399.63,347.63,2.500,0.00,50.0
5061.00,896.74,7402.07,347.63,2.500,0.00,50.0
5062.00,896.20,7404.51,347.63,2.500,0.00,50.0
5063.00,895.67,7406.95,347.63,2.500,0.00,50.0
5064.00,895.13,7409.39,347.63,2.500,0.00,50.0
5065.00,894.60,7411.84,347.63,2.500,0.00,50.0
5066.00,894.06,7414.28,347.63,2.500,0.00,50.0
5067.00,893.52,7416.72,347.63,2.500,0.00,50.0
5068.00,892.99,7419.16,347.63,2.500,0.00,50.0
5069.00,892.45,7421.60,347.63,2.500,0.00,50.0
5070.00,891.92,7424.05,347.63,2.500,0.00,50.0
5071.00,891.38,7426.49,347.63,2.500,0.00,50.0
5072.00,890.85,7428.93,347.63,2.500,0.00,50.0
5073.00,890.31,7431.37,347.63,2.500,0.00,50.0
5074.00,889.78,7433.81,347.63,2.500,0.00,50.0
5075.00,889.24,7436.26,347.63,2.500,0.00,50.0
5076.00,888.70,7438.70,347.63,2.500,0.00,50.0
5077.00,888.17,7441.14,347.63,2.500,0.00,50.0
5078.00,887.63,7443.58,347.63,2.500,0.00,50.0
5079.00,887.10,7446.02,347.63,2.500,0.00,50.0
5080.00,886.56,7448.47,347.63,2.500,0.00,50.0
5081.00,886.03,7450.91,347.63,2.500,0.00,50.0
5082.00,885.49,7453.35,347.63,2.500,0.00,50.0
5083.00,884.95,7455.79,347.63,2.500,0.00,50.0
5084.00,884.42,7458.23,347.63,2.500,0.00,50.0
5085.00,883.88,7460.68,347.63,2.500,0.00,50.0
5086.00,883.35,7463.12,347.63,2.500,0.00,50.0
5087.00,882.81,7465.56,347.63,2.500,0.00,50.0
5088.00,882.28,7468.00,347.63,2.500,0.00,50.0
5089.00,881.74,7470.44,347.63,2.500,0.00,50.0
5090.00,881.21,7472.89,347.63,2.500,0.00,50.0
5091.00,880.67,7475.33,347.63,2.500,0.00,50.0
5092.00,880.13,7477.77,347.63,2.500,0.00,50.0
5093.00,879.60,7480.21,347.63,2.500,0.00,50.0
5094.00,879.06,7482.65,347.63,2.500,0.00,50.0
5095.00,878.53,7485.09,347.63,2.500,0.00,50.0
5096.00,877.99,7487.54,347.63,2.500,0.00,50.0
5097.00,877.46,7489.98,347.63,2.500,0.00,50.0
5098.00,876.92,7492.42,347.63,2.500,0.00,50.0
5099.00,876.38,7494.86,347.63,2.500,0.00,50.0
5100.00,875.85,7497.30,347.63,2.500,0.00,50.0
5101.00,875.31,7499.75,347.63,2.500,0.00,50.0
5102.00,874.78,7502.19,347.63,2.500,0.00,50.0
5103.00,874.24,7504.63,347.63,2.500,0.00,50.0
5104.00,873.71,7507.07,347.63,2.500,0.00,50.0
5105.00,873.17,7509.51,347.63,2.500,0.00,50.0
5106.00,872.64,7511.96,347.63,2.500,0.00,50.0
5107.00,872.10,7514.40,347.63,2.500,0.00,50.0
5108.00,871.56,7516.84,347.63,2.500,0.00,50.0
5109.00,871.03,7519.28,347.63,2.500,0.00,50.0
5110.00,870.49,7521.72,347.63,2.500,0.00,50.0
5111.00,869.96,7524.17,347.63,2.500,0.00,50.0
5112.00,869.42,7526.61,347.63,2.500,0.00,50.0
5113.00,868.89,7529.05,347.63,2.500,0.00,50.0
5114.00,868.35,7531.49,347.63,2.500,0.00,50.0
5115.00,867.81,7533.93,347.63,2.500,0.00,50.0
5116.00,867.28,7536.38,347.63,2.500,0.00,50.0
5117.00,866.74,7538.82,347.63,2.500,0.00,50.0
5118.00,866.21,7541.26,347.63,2.500,0.00,50.0
5119.00,865.67,7543.70,347.63,2.500,0.00,50.0
5120.00,865.14,7546.14,347.63,2.500,0.00,50.0
5121.00,864.60,7548.59,347.63,2.500,0.00,50.0
5122.00,864.07,7551.03,347.63,2.500,0.00,50.0
5123.00,863.53,7553.47,347.63,2.500,0.00,50.0
5124.00,862.99,7555.91,347.63,2.500,0.00,50.0
5125.00,862.46,7558.35,347.63,2.500,0.00,50.0
5126.00,861.92,7560.80,347.63,2.500,0.00,50.0
5127.00,861.39,7563.24,347.63,2.500,0.00,50.0
5128.00,860.85,7565.68,347.63,2.500,0.00,50.0
5129.00,860.32,7568.12,347.63,2.500,0.00,50.0
5130.00,859.78,7570.56,347.63,2.500,0.00,50.0
5131.00,859.24,7573.00,347.63,2.500,0.00,50.0
5132.00,858.71,7575.45,347.63,2.500,0.00,50.0
5133.00,858.17,7577.89,347.63,2.500,0.00,50.0
5134.00,857.64,7580.33,347.63,2.500,0.00,50.0
5135.00,857.10,7582.77,347.63,2.500,0.00,50.0
5136.00,856.57,7585.21,347.63,2.500,0.00,50.0
5137.00,856.03,7587.66,347.63,2.500,0.00,50.0
5138.00,855.50,7590.10,347.63,2.500,0.00,50.0
5139.00,854.96,7592.54,347.63,2.500,0.00,50.0
5140.00,854.42,7594.98,347.63,2.500,0.00,50.0
5141.00,853.89,7597.42,347.63,2.500,0.00,50.0
5142.00,853.35,7599.87,347.63,2.500,0.00,50.0
5143.00,852.82,7602.31,347.63,2.500,0.00,50.0
5144.00,852.28,7604.75,347.63,2.500,0.00,50.0
5145.00,851.75,7607.19,347.63,2.500,0.00,50.0
5146.00,851.21,7609.63,347.63,2.500,0.00,50.0
5147.00,850.67,7612.08,347.63,2.500,0.00,50.0
5148.00,850.14,7614.52,347.63,2.500,0.00,50.0
5149.00,849.60,7616.96,347.63,2.500,0.00,50.0
5150.00,849.07,7619.40,347.63,2.500,0.00,50.0
5151.00,848.53,7621.84,347.63,2.500,0.00,50.0
5152.00,848.00,7624.29,347.63,2.500,0.00,50.0
5153.00,847.46,7626.73,347.63,2.500,0.00,50.0
5154.00,846.93,7629.17,347.63,2.500,0.00,50.0
5155.00,846.39,7631.61,347.63,2.500,0.00,50.0
5156.00,845.85,7634.05,347.63,2.500,0.00,50.0
5157.00,845.32,7636.50,347.63,2.500,0.00,50.0
5158.00,844.78,7638.94,347.63,2.500,0.00,50.0
5159.00,844.25,7641.38,347.63,2.500,0.00,50.0
5160.00,843.71,7643.82,347.63,2.500,0.00,50.0
5161.00,843.18,7646.26,347.63,2.500,0.00,50.0
5162.00,842.64,7648.71,347.63,2.500,0.00,50.0
5163.00,842.11,7651.15,347.63,2.500,0.00,50.0
5164.00,841.57,7653.59,347.63,2.500,0.00,50.0
5165.00,841.03,7656.03,347.63,2.500,0.00,50.0
5166.00,840.50,7658.47,347.63,2.500,0.00,50.0
5167.00,839.96,7660.92,347.63,2.500,0.00,50.0
5168.00,839.43,7663.36,347.63,2.500,0.00,50.0
5169.00,838.89,7665.80,347.63,2.500,0.00,50.0
5170.00,838.36,7668.24,347.63,2.500,0.00,50.0
5171.00,837.82,7670.68,347.63,2.500,0.00,50.0
5172.00,837.28,7673.12,347.63,2.500,0.00,50.0
5173.00,836.75,7675.57,347.63,2.500,0.00,50.0
5174.00,836.21,7678.01,347.63,2.500,0.00,50.0
5175.00,835.68,7680.45,347.63,2.500,0.00,50.0
5176.00,835.14,7682.89,347.63,2.500,0.00,50.0
5177.00,834.61,7685.33,347.63,2.500,0.00,50.0
5178.00,834.07,7687.78,347.63,2.500,0.00,50.0
5179.00,833.54,7690.22,347.63,2.500,0.00,50.0
5180.00,833.00,7692.66,347.63,2.500,0.00,50.0
5181.00,832.46,7695.10,347.63,2.500,0.00,50.0
5182.00,831.93,7697.54,347.63,2.500,0.00,50.0
5183.00,831.39,7699.99,347.63,2.500,0.00,50.0
5184.00,830.86,7702.43,347.63,2.500,0.00,50.0
5185.00,830.32,7704.87,347.63,2.500,0.00,50.0
5186.00,829.79,7707.31,347.63,2.500,0.00,50.0
5187.00,829.25,7709.75,347.63,2.500,0.00,50.0
5188.00,828.71,7712.20,347.63,2.500,0.00,50.0
5189.00,828.18,7714.64,347.63,2.500,0.00,50.0
5190.00,827.64,7717.08,347.63,2.500,0.00,50.0
5191.00,827.11,7719.52,347.63,2.500,0.00,50.0
5192.00,826.57,7721.96,347.63,2.500,0.00,50.0
5193.00,826.04,7724.41,347.63,2.500,0.00,50.0
5194.00,825.50,7726.85,347.63,2.500,0.00,50.0
5195.00,824.97,7729.29,347.63,2.500,0.00,50.0
5196.00,824.43,7731.73,347.63,2.500,0.00,50.0
5197.00,823.89,7734.17,347.63,2.500,0.00,50.0
5198.00,823.36,7736.62,347.63,2.500,0.00,50.0
5199.00,822.82,7739.06,347.63,2.500,0.00,50.0
5200.00,822.29,7741.50,347.63,2.500,0.00,50.0
5201.00,821.75,7743.94,347.63,2.500,0.00,50.0
5202.00,821.22,7746.38,347.63,2.500,0.00,50.0
5203.00,820.68,7748.83,347.63,2.500,0.00,50.0
5204.00,820.14,7751.27,347.63,2.500,0.00,50.0
5205.00,819.61,7753.71,347.63,2.500,0.00,50.0
5206.00,819.07,7756.15,347.63,2.500,0.00,50.0
5207.00,818.54,7758.59,347.63,2.500,0.00,50.0
5208.00,818.00,7761.03,347.63,2.500,0.00,50.0
5209.00,817.47,7763.48,347.63,2.500,0.00,50.0
5210.00,816.93,7765.92,347.63,2.500,0.00,50.0
5211.00,816.40,7768.36,347.63,2.500,0.00,50.0
5212.00,815.86,7770.80,347.63,2.500,0.00,50.0
5213.00,815.32,7773.24,347.63,2.500,0.00,50.0
5214.00,814.79,7775.69,347.63,2.500,0.00,50.0
5215.00,814.25,7778.13,347.63,2.500,0.00,50.0
5216.00,813.72,7780.57,347.63,2.500,0.00,50.0
5217.00,813.18,7783.01,347.63,2.500,0.00,50.0
5218.00,812.65,7785.45,347.63,2.500,0.00,50.0
5219.00,812.11,7787.90,347.63,2.500,0.00,50.0
5220.00,811.57,7790.34,347.63,2.500,0.00,50.0
5221.00,811.04,7792.78,347.63,2.500,0.00,50.0
5222.00,810.50,7795.22,347.63,2.500,0.00,50.0
5223.00,809.97,7797.66,347.63,2.500,0.00,50.0
5224.00,809.43,7800.11,347.63,2.500,0.00,50.0
5225.00,808.90,7802.55,347.63,2.500,0.00,50.0
5226.00,808.36,7804.99,347.63,2.500,0.00,50.0
5227.00,807.83,7807.43,347.63,2.500,0.00,50.0
5228.00,807.29,7809.87,347.63,2.500,0.00,50.0
5229.00,806.75,7812.32,347.63,2.500,0.00,50.0
5230.00,806.22,7814.76,347.63,2.500,0.00,50.0
5231.00,805.68,7817.20,347.63,2.500,0.00,50.0
5232.00,805.15,7819.64,347.63,2.500,0.00,50.0
5233.00,804.61,7822.08,347.63,2.500,0.00,50.0
5234.00,804.08,7824.53,347.63,2.500,0.00,50.0
5235.00,803.54,7826.97,347.63,2.500,0.00,50.0
5236.00,803.00,7829.41,347.63,2.500,0.00,50.0
5237.00,802.47,7831.85,347.63,2.500,0.00,50.0
5238.00,801.93,7834.29,347.63,2.500,0.00,50.0
5239.00,801.40,7836.74,347.63,2.500,0.00,50.0
5240.00,800.86,7839.18,347.63,2.500,0.00,50.0
5241.00,800.33,7841.62,347.63,2.500,0.00,50.0
5242.00,799.79,7844.06,347.63,2.500,0.00,50.0
5243.00,799.26,7846.50,347.63,2.500,0.00,50.0
5244.00,798.72,7848.95,347.63,2.500,0.00,50.0
5245.00,798.18,7851.39,347.63,2.500,0.00,50.0
5246.00,797.65,7853.83,347.63,2.500,0.00,50.0
5247.00,797.11,7856.27,347.63,2.500,0.00,50.0
5248.00,796.58,7858.71,347.63,2.500,0.00,50.0
5249.00,796.04,7861.15,347.63,2.500,0.00,50.0
5250.00,795.51,7863.60,347.63,2.500,0.00,50.0
5251.00,794.97,7866.04,347.63,2.500,0.00,50.0
5252.00,794.43,7868.48,347.63,2.500,0.00,50.0
5253.00,793.90,7870.92,347.63,2.500,0.00,50.0
5254.00,793.36,7873.36,347.63,2.500,0.00,50.0
5255.00,792.83,7875.81,347.63,2.500,0.00,50.0
5256.00,792.29,7878.25,347.63,2.500,0.00,50.0
5257.00,791.76,7880.69,347.63,2.500,0.00,50.0
5258.00,791.22,7883.13,347.63,2.500,0.00,50.0
5259.00,790.69,7885.57,347.63,2.500,0.00,50.0
5260.00,790.15,7888.02,347.63,2.500,0.00,50.0
5261.00,789.61,7890.46,347.63,2.500,0.00,50.0
5262.00,789.08,7892.90,347.63,2.500,0.00,50.0
5263.00,788.54,7895.34,347.63,2.500,0.00,50.0
5264.00,788.01,7897.78,347.63,2.500,0.00,50.0
5265.00,787.47,7900.23,347.63,2.500,0.00,50.0
5266.00,786.94,7902.67,347.63,2.500,0.00,50.0
5267.00,786.40,7905.11,347.63,2.500,0.00,50.0
5268.00,785.86,7907.55,347.63,2.500,0.00,50.0
5269.00,785.33,7909.99,347.63,2.500,0.00,50.0
5270.00,784.79,7912.44,347.63,2.500,0.00,50.0
5271.00,784.26,7914.88,347.63,2.500,0.00,50.0
5272.00,783.72,7917.32,347.63,2.500,0.00,50.0
5273.00,783.19,7919.76,347.63,2.500,0.00,50.0
5274.00,782.65,7922.20,347.63,2.500,0.00,50.0
5275.00,782.12,7924.65,347.63,2.500,0.00,50.0
5276.00,781.58,7927.09,347.63,2.500,0.00,50.0
5277.00,781.04,7929.53,347.63,2.500,0.00,50.0
5278.00,780.51,7931.97,347.63,2.500,0.00,50.0
5279.00,779.97,7934.41,347.63,2.500,0.00,50.0
5280.00,779.44,7936.86,347.63,2.500,0.00,50.0
5281.00,778.90,7939.30,347.63,2.500,0.00,50.0
5282.00,778.37,7941.74,347.63,2.500,0.00,50.0
5283.00,777.83,7944.18,347.63,2.500,0.00,50.0
5284.00,777.29,7946.62,347.63,2.500,0.00,50.0
5285.00,776.76,7949.06,347.63,2.500,0.00,50.0
5286.00,776.22,7951.51,347.63,2.500,0.00,50.0
5287.00,775.69,7953.95,347.63,2.500,0.00,50.0
5288.00,775.15,7956.39,347.63,2.500,0.00,50.0
5289.00,774.62,7958.83,347.63,2.500,0.00,50.0
5290.00,774.08,7961.27,347.63,2.500,0.00,50.0
5291.00,773.55,7963.72,347.63,2.500,0.00,50.0
5292.00,773.01,7966.16,347.63,2.500,0.00,50.0
5293.00,772.47,7968.60,347.63,2.500,0.00,50.0
5294.00,771.94,7971.04,347.63,2.500,0.00,50.0
5295.00,771.40,7973.48,347.63,2.500,0.00,50.0
5296.00,770.87,7975.93,347.63,2.500,0.00,50.0
5297.00,770.33,7978.37,347.63,2.500,0.00,50.0
5298.00,769.80,7980.81,347.63,2.500,0.00,50.0
5299.00,769.26,7983.25,347.63,2.500,0.00,50.0
5300.00,768.73,7985.69,347.63,2.500,0.00,50.0
5301.00,768.19,7988.14,347.63,2.500,0.00,50.0
5302.00,767.65,7990.58,347.63,2.500,0.00,50.0
5303.00,767.12,7993.02,347.63,2.500,0.00,50.0
5304.00,766.58,7995.46,347.63,2.500,0.00,50.0
5305.00,766.05,7997.90,347.63,2.500,0.00,50.0
5306.00,765.51,8000.35,347.63,2.500,0.00,50.0
5307.00,764.98,8002.79,347.63,2.500,0.00,50.0
5308.00,764.44,8005.23,347.63,2.500,0.00,50.0
5309.00,763.90,8007.67,347.63,2.500,0.00,50.0
5310.00,763.37,8010.11,347.63,2.500,0.00,50.0
5311.00,762.83,8012.56,347.63,2.500,0.00,50.0
5312.00,762.30,8015.00,347.63,2.500,0.00,50.0
5313.00,761.76,8017.44,347.63,2.500,0.00,50.0
5314.00,761.23,8019.88,347.63,2.500,0.00,50.0
5315.00,760.69,8022.32,347.63,2.500,0.00,50.0
5316.00,760.16,8024.77,347.63,2.500,0.00,50.0
5317.00,759.62,8027.21,347.63,2.500,0.00,50.0
5318.00,759.08,8029.65,347.63,2.500,0.00,50.0
5319.00,758.55,8032.09,347.63,2.500,0.00,50.0
5320.00,758.01,8034.53,347.63,2.500,0.00,50.0
5321.00,757.48,8036.98,347.63,2.500,0.00,50.0
5322.00,756.94,8039.42,347.63,2.500,0.00,50.0
5323.00,756.41,8041.86,347.63,2.500,0.00,50.0
5324.00,755.87,8044.30,347.63,2.500,0.00,50.0
5325.00,755.33,8046.74,347.63,2.500,0.00,50.0
5326.00,754.80,8049.18,347.63,2.500,0.00,50.0
5327.00,754.26,8051.63,347.63,2.500,0.00,50.0
5328.00,753.73,8054.07,347.63,2.500,0.00,50.0
5329.00,753.19,8056.51,347.63,2.500,0.00,50.0
5330.00,752.66,8058.95,347.63,2.500,0.00,50.0
5331.00,752.12,8061.39,347.63,2.500,0.00,50.0
5332.00,751.59,8063.84,347.63,2.500,0.00,50.0
5333.00,751.05,8066.28,347.63,2.500,0.00,50.0
5334.00,750.51,8068.72,347.63,2.500,0.00,50.0
5335.00,749.98,8071.16,347.63,2.500,0.00,50.0
5336.00,749.44,8073.60,347.63,2.500,0.00,50.0
5337.00,748.91,8076.05,347.63,2.500,0.00,50.0
5338.00,748.37,8078.49,347.63,2.500,0.00,50.0
5339.00,747.84,8080.93,347.63,2.500,0.00,50.0
5340.00,747.30,8083.37,347.63,2.500,0.00,50.0
5341.00,746.76,8085.81,347.63,2.500,0.00,50.0
5342.00,746.23,8088.26,347.63,2.500,0.00,50.0
5343.00,745.69,8090.70,347.63,2.500,0.00,50.0
5344.00,745.16,8093.14,347.63,2.500,0.00,50.0
5345.00,744.62,8095.58,347.63,2.500,0.00,50.0
5346.00,744.09,8098.02,347.63,2.500,0.00,50.0
5347.00,743.55,8100.47,347.63,2.500,0.00,50.0
5348.00,743.02,8102.91,347.63,2.500,0.00,50.0
5349.00,742.48,8105.35,347.63,2.500,0.00,50.0
5350.00,741.94,8107.79,347.63,2.500,0.00,50.0
5351.00,741.41,8110.23,347.63,2.500,0.00,50.0
5352.00,740.87,8112.68,347.63,2.500,0.00,50.0
5353.00,740.34,8115.12,347.63,2.500,0.00,50.0
5354.00,739.80,8117.56,347.63,2.500,0.00,50.0
5355.00,739.27,8120.00,347.63,2.500,0.00,50.0
5356.00,738.73,8122.44,347.63,2.500,0.00,50.0
5357.00,738.19,8124.89,347.63,2.500,0.00,50.0
5358.00,737.66,8127.33,347.63,2.500,0.00,50.0
5359.00,737.12,8129.77,347.63,2.500,0.00,50.0
5360.00,736.59,8132.21,347.63,2.500,0.00,50.0
5361.00,736.05,8134.65,347.63,2.500,0.00,50.0
5362.00,735.52,8137.09,347.63,2.500,0.00,50.0
5363.00,734.98,8139.54,347.63,2.500,0.00,50.0
5364.00,734.45,8141.98,347.63,2.500,0.00,50.0
5365.00,733.91,8144.42,347.63,2.500,0.00,50.0
5366.00,733.37,8146.86,347.63,2.500,0.00,50.0
5367.00,732.84,8149.30,347.63,2.500,0.00,50.0
5368.00,732.30,8151.75,347.63,2.500,0.00,50.0
5369.00,731.77,8154.19,347.63,2.500,0.00,50.0
5370.00,731.23,8156.63,347.63,2.500,0.00,50.0
5371.00,730.70,8159.07,347.63,2.500,0.00,50.0
5372.00,730.16,8161.51,347.63,2.500,0.00,50.0
5373.00,729.62,8163.96,347.63,2.500,0.00,50.0
5374.00,729.09,8166.40,347.63,2.500,0.00,50.0
5375.00,728.55,8168.84,347.63,2.500,0.00,50.0
5376.00,728.02,8171.28,347.63,2.500,0.00,50.0
5377.00,727.48,8173.72,347.63,2.500,0.00,50.0
5378.00,726.95,8176.17,347.63,2.500,0.00,50.0
5379.00,726.41,8178.61,347.63,2.500,0.00,50.0
5380.00,725.88,8181.05,347.63,2.500,0.00,50.0
5381.00,725.34,8183.49,347.63,2.500,0.00,50.0
5382.00,724.80,8185.93,347.63,2.500,0.00,50.0
5383.00,724.27,8188.38,347.63,2.500,0.00,50.0
5384.00,723.73,8190.82,347.63,2.500,0.00,50.0
5385.00,723.20,8193.26,347.63,2.500,0.00,50.0
5386.00,722.66,8195.70,347.63,2.500,0.00,50.0
5387.00,722.13,8198.14,347.63,2.500,0.00,50.0
5388.00,721.59,8200.59,347.63,2.500,0.00,50.0
5389.00,721.05,8203.03,347.63,2.500,0.00,50.0
5390.00,720.52,8205.47,347.63,2.500,0.00,50.0
5391.00,719.98,8207.91,347.63,2.500,0.00,50.0
5392.00,719.45,8210.35,347.63,2.500,0.00,50.0
5393.00,718.91,8212.80,347.63,2.500,0.00,50.0
5394.00,718.38,8215.24,347.63,2.500,0.00,50.0
5395.00,717.84,8217.68,347.63,2.500,0.00,50.0
5396.00,717.31,8220.12,347.63,2.500,0.00,50.0
5397.00,716.77,8222.56,347.63,2.500,0.00,50.0
5398.00,716.23,8225.01,347.63,2.500,0.00,50.0
5399.00,715.70,8227.45,347.63,2.500,0.00,50.0
5400.00,715.16,8229.89,347.63,2.500,0.00,50.0
5401.00,714.63,8232.33,347.63,2.500,0.00,50.0
5402.00,714.09,8234.77,347.63,2.500,0.00,50.0
5403.00,713.56,8237.21,347.63,2.500,0.00,50.0
5404.00,713.02,8239.66,347.63,2.500,0.00,50.0
5405.00,712.48,8242.10,347.63,2.500,0.00,50.0
5406.00,711.95,8244.54,347.63,2.500,0.00,50.0
5407.00,711.41,8246.98,347.63,2.500,0.00,50.0
5408.00,710.88,8249.42,347.63,2.500,0.00,50.0
5409.00,710.34,8251.87,347.63,2.500,0.00,50.0
5410.00,709.81,8254.31,347.63,2.500,0.00,50.0
5411.00,709.27,8256.75,347.63,2.500,0.00,50.0
5412.00,708.74,8259.19,347.63,2.500,0.00,50.0
5413.00,708.20,8261.63,347.63,2.500,0.00,50.0
5414.00,707.66,8264.08,347.63,2.500,0.00,50.0
5415.00,707.13,8266.52,347.63,2.500,0.00,50.0
5416.00,706.59,8268.96,347.63,2.500,0.00,50.0
5417.00,706.06,8271.40,347.63,2.500,0.00,50.0
5418.00,705.52,8273.84,347.63,2.500,0.00,50.0
5419.00,704.99,8276.29,347.63,2.500,0.00,50.0
5420.00,704.45,8278.73,347.63,2.500,0.00,50.0
5421.00,703.91,8281.17,347.63,2.500,0.00,50.0
5422.00,703.38,8283.61,347.63,2.500,0.00,50.0
5423.00,702.84,8286.05,347.63,2.500,0.00,50.0
5424.00,702.31,8288.50,347.63,2.500,0.00,50.0
5425.00,701.77,8290.94,347.63,2.500,0.00,50.0
5426.00,701.24,8293.38,347.63,2.500,0.00,50.0
5427.00,700.70,8295.82,347.63,2.500,0.00,50.0
5428.00,700.17,8298.26,347.63,2.500,0.00,50.0
5429.00,699.63,8300.71,347.63,2.500,0.00,50.0
5430.00,699.09,8303.15,347.63,2.500,0.00,50.0
5431.00,698.56,8305.59,347.63,2.500,0.00,50.0
5432.00,698.02,8308.03,347.63,2.500,0.00,50.0
5433.00,697.49,8310.47,347.63,2.500,0.00,50.0
5434.00,696.95,8312.92,347.63,2.500,0.00,50.0
5435.00,696.42,8315.36,347.63,2.500,0.00,50.0
5436.00,695.88,8317.80,347.63,2.500,0.00,50.0
5437.00,695.35,8320.24,347.63,2.500,0.00,50.0
5438.00,694.81,8322.68,347.63,2.500,0.00,50.0
5439.00,694.27,8325.12,347.63,2.500,0.00,50.0
5440.00,693.74,8327.57,347.63,2.500,0.00,50.0
5441.00,693.20,8330.01,347.63,2.500,0.00,50.0
5442.00,692.67,8332.45,347.63,2.500,0.00,50.0
5443.00,692.13,8334.89,347.63,2.500,0.00,50.0
5444.00,691.60,8337.33,347.63,2.500,0.00,50.0
5445.00,691.06,8339.78,347.63,2.500,0.00,50.0
5446.00,690.52,8342.22,347.63,2.500,0.00,50.0
5447.00,689.99,8344.66,347.63,2.500,0.00,50.0
5448.00,689.45,8347.10,347.63,2.500,0.00,50.0
5449.00,688.92,8349.54,347.63,2.500,0.00,50.0
5450.00,688.38,8351.99,347.63,2.500,0.00,50.0
5451.00,687.85,8354.43,347.63,2.500,0.00,50.0
5452.00,687.31,8356.87,347.63,2.500,0.00,50.0
5453.00,686.78,8359.31,347.63,2.500,0.00,50.0
5454.00,686.24,8361.75,347.63,2.500,0.00,50.0
5455.00,685.70,8364.20,347.63,2.500,0.00,50.0
5456.00,685.17,8366.64,347.63,2.500,0.00,50.0
5457.00,684.63,8369.08,347.63,2.500,0.00,50.0
5458.00,684.10,8371.52,347.63,2.500,0.00,50.0
5459.00,683.56,8373.96,347.63,2.500,0.00,50.0
5460.00,683.03,8376.41,347.63,2.500,0.00,50.0
5461.00,682.49,8378.85,347.63,2.500,0.00,50.0
5462.00,681.95,8381.29,347.63,2.500,0.00,50.0
5463.00,681.42,8383.73,347.63,2.500,0.00,50.0
5464.00,680.88,8386.17,347.63,2.500,0.00,50.0
5465.00,680.35,8388.62,347.63,2.500,0.00,50.0
5466.00,679.81,8391.06,347.63,2.500,0.00,50.0
5467.00,679.28,8393.50,347.63,2.500,0.00,50.0
5468.00,678.74,8395.94,347.63,2.500,0.00,50.0
5469.00,678.21,8398.38,347.63,2.500,0.00,50.0
5470.00,677.67,8400.83,347.63,2.500,0.00,50.0
5471.00,677.13,8403.27,347.63,2.500,0.00,50.0
5472.00,676.60,8405.71,347.63,2.500,0.00,50.0
5473.00,676.06,8408.15,347.63,2.500,0.00,50.0
5474.00,675.53,8410.59,347.63,2.500,0.00,50.0
5475.00,674.99,8413.04,347.63,2.500,0.00,50.0
5476.00,674.46,8415.48,347.63,2.500,0.00,50.0
5477.00,673.92,8417.92,347.63,2.500,0.00,50.0
5478.00,673.38,8420.36,347.63,2.500,0.00,50.0
5479.00,672.85,8422.80,347.63,2.500,0.00,50.0
5480.00,672.31,8425.24,347.63,2.500,0.00,50.0
5481.00,671.78,8427.69,347.63,2.500,0.00,50.0
5482.00,671.24,8430.13,347.63,2.500,0.00,50.0
5483.00,670.71,8432.57,347.63,2.500,0.00,50.0
5484.00,670.17,8435.01,347.63,2.500,0.00,50.0
5485.00,669.64,8437.45,347.63,2.500,0.00,50.0
5486.00,669.10,8439.90,347.63,2.500,0.00,50.0
5487.00,668.56,8442.34,347.63,2.500,0.00,50.0
5488.00,668.03,8444.78,347.63,2.500,0.00,50.0
5489.00,667.49,8447.22,347.63,2.500,0.00,50.0
5490.00,666.96,8449.66,347.63,2.500,0.00,50.0
5491.00,666.42,8452.11,347.63,2.500,0.00,50.0
5492.00,665.89,8454.55,347.63,2.500,0.00,50.0
5493.00,665.35,8456.99,347.63,2.500,0.00,50.0
5494.00,664.81,8459.43,347.63,2.500,0.00,50.0
5495.00,664.28,8461.87,347.63,2.500,0.00,50.0
5496.00,663.74,8464.32,347.63,2.500,0.00,50.0
5497.00,663.21,8466.76,347.63,2.500,0.00,50.0
5498.00,662.67,8469.20,347.63,2.500,0.00,50.0
5499.00,662.14,8471.64,347.63,2.500,0.00,50.0
5500.00,661.60,8474.08,347.63,2.500,0.00,50.0
5501.00,661.07,8476.53,347.63,2.500,0.00,50.0
5502.00,660.53,8478.97,347.63,2.500,0.00,50.0
5503.00,659.99,8481.41,347.63,2.500,0.00,50.0
5504.00,659.46,8483.85,347.63,2.500,0.00,50.0
5505.00,658.92,8486.29,347.63,2.500,0.00,50.0
5506.00,658.39,8488.74,347.63,2.500,0.00,50.0
5507.00,657.85,8491.18,347.63,2.500,0.00,50.0
5508.00,657.32,8493.62,347.63,2.500,0.00,50.0
5509.00,656.78,8496.06,347.63,2.500,0.00,50.0
5510.00,656.24,8498.50,347.63,2.500,0.00,50.0
5511.00,655.71,8500.95,347.63,2.500,0.00,50.0
5512.00,655.17,8503.39,347.63,2.500,0.00,50.0
5513.00,654.64,8505.83,347.63,2.500,0.00,50.0
5514.00,654.10,8508.27,347.63,2.500,0.00,50.0
5515.00,653.57,8510.71,347.63,2.500,0.00,50.0
5516.00,653.03,8513.15,347.63,2.500,0.00,50.0
5517.00,652.50,8515.60,347.63,2.500,0.00,50.0
5518.00,651.96,8518.04,347.63,2.500,0.00,50.0
5519.00,651.42,8520.48,347.63,2.500,0.00,50.0
5520.00,650.89,8522.92,347.63,2.500,0.00,50.0
5521.00,650.35,8525.36,347.63,2.500,0.00,50.0
5522.00,649.82,8527.81,347.63,2.500,0.00,50.0
5523.00,649.28,8530.25,347.63,2.500,0.00,50.0
5524.00,648.75,8532.69,347.63,2.500,0.00,50.0
5525.00,648.21,8535.13,347.63,2.500,0.00,50.0
5526.00,647.67,8537.57,347.63,2.500,0.00,50.0
5527.00,647.14,8540.02,347.63,2.500,0.00,50.0
5528.00,646.60,8542.46,347.63,2.500,0.00,50.0
5529.00,646.07,8544.90,347.63,2.500,0.00,50.0
5530.00,645.53,8547.34,347.63,2.500,0.00,50.0
5531.00,645.00,8549.78,347.63,2.500,0.00,50.0
5532.00,644.46,8552.23,347.63,2.500,0.00,50.0
5533.00,643.93,8554.67,347.63,2.500,0.00,50.0
5534.00,643.39,8557.11,347.63,2.500,0.00,50.0
5535.00,642.85,8559.55,347.63,2.500,0.00,50.0
5536.00,642.32,8561.99,347.63,2.500,0.00,50.0
5537.00,641.78,8564.44,347.63,2.500,0.00,50.0
5538.00,641.25,8566.88,347.63,2.500,0.00,50.0
5539.00,640.71,8569.32,347.63,2.500,0.00,50.0
5540.00,640.18,8571.76,347.63,2.500,0.00,50.0
5541.00,639.64,8574.20,347.63,2.500,0.00,50.0
5542.00,639.10,8576.65,347.63,2.500,0.00,50.0
5543.00,638.57,8579.09,347.63,2.500,0.00,50.0
5544.00,638.03,8581.53,347.63,2.500,0.00,50.0
5545.00,637.50,8583.97,347.63,2.500,0.00,50.0
5546.00,636.96,8586.41,347.63,2.500,0.00,50.0
5547.00,636.43,8588.86,347.63,2.500,0.00,50.0
5548.00,635.89,8591.30,347.63,2.500,0.00,50.0
5549.00,635.36,8593.74,347.63,2.500,0.00,50.0
5550.00,634.82,8596.18,347.63,2.500,0.00,50.0
5551.00,634.28,8598.62,347.63,2.500,0.00,50.0
5552.00,633.75,8601.07,347.63,2.500,0.00,50.0
5553.00,633.21,8603.51,347.63,2.500,0.00,50.0
5554.00,632.68,8605.95,347.63,2.500,0.00,50.0
5555.00,632.14,8608.39,347.63,2.500,0.00,50.0
5556.00,631.61,8610.83,347.63,2.500,0.00,50.0
5557.00,631.07,8613.27,347.63,2.500,0.00,50.0
5558.00,630.53,8615.72,347.63,2.500,0.00,50.0
5559.00,630.00,8618.16,347.63,2.500,0.00,50.0
5560.00,629.46,8620.60,347.63,2.500,0.00,50.0
5561.00,628.93,8623.04,347.63,2.500,0.00,50.0
5562.00,628.39,8625.48,347.63,2.500,0.00,50.0
5563.00,627.86,8627.93,347.63,2.500,0.00,50.0
5564.00,627.32,8630.37,347.63,2.500,0.00,50.0
5565.00,626.79,8632.81,347.63,2.500,0.00,50.0
5566.00,626.25,8635.25,347.63,2.500,0.00,50.0
5567.00,625.71,8637.69,347.63,2.500,0.00,50.0
5568.00,625.18,8640.14,347.63,2.500,0.00,50.0
5569.00,624.64,8642.58,347.63,2.500,0.00,50.0
5570.00,624.11,8645.02,347.63,2.500,0.00,50.0
5571.00,623.57,8647.46,347.63,2.500,0.00,50.0
5572.00,623.04,8649.90,347.63,2.500,0.00,50.0
5573.00,622.50,8652.35,347.63,2.500,0.00,50.0
5574.00,621.96,8654.79,347.63,2.500,0.00,50.0
5575.00,621.43,8657.23,347.63,2.500,0.00,50.0
5576.00,620.89,8659.67,347.63,2.500,0.00,50.0
5577.00,620.36,8662.11,347.63,2.500,0.00,50.0
5578.00,619.82,8664.56,347.63,2.500,0.00,50.0
5579.00,619.29,8667.00,347.63,2.500,0.00,50.0
5580.00,618.75,8669.44,347.63,2.500,0.00,50.0
5581.00,618.22,8671.88,347.63,2.500,0.00,50.0
5582.00,617.68,8674.32,347.63,2.500,0.00,50.0
5583.00,617.14,8676.77,347.63,2.500,0.00,50.0
5584.00,616.61,8679.21,347.63,2.500,0.00,50.0
5585.00,616.07,8681.65,347.63,2.500,0.00,50.0
5586.00,615.54,8684.09,347.63,2.500,0.00,50.0
5587.00,615.00,8686.53,347.63,2.500,0.00,50.0
5588.00,614.47,8688.98,347.63,2.500,0.00,50.0
5589.00,613.93,8691.42,347.63,2.500,0.00,50.0
5590.00,613.40,8693.86,347.63,2.500,0.00,50.0
5591.00,612.86,8696.30,347.63,2.500,0.00,50.0
5592.00,612.32,8698.74,347.63,2.500,0.00,50.0
5593.00,611.79,8701.18,347.63,2.500,0.00,50.0
5594.00,611.25,8703.63,347.63,2.500,0.00,50.0
5595.00,610.72,8706.07,347.63,2.500,0.00,50.0
5596.00,610.18,8708.51,347.63,2.500,0.00,50.0
5597.00,609.65,8710.95,347.63,2.500,0.00,50.0
5598.00,609.11,8713.39,347.63,2.500,0.00,50.0
5599.00,608.57,8715.84,347.63,2.500,0.00,50.0
5600.00,608.04,8718.28,347.63,2.500,0.00,50.0
5601.00,607.50,8720.72,347.63,2.500,0.00,50.0
5602.00,606.97,8723.16,347.63,2.500,0.00,50.0
5603.00,606.43,8725.60,347.63,2.500,0.00,50.0
5604.00,605.90,8728.05,347.63,2.500,0.00,50.0
5605.00,605.36,8730.49,347.63,2.500,0.00,50.0
5606.00,604.83,8732.93,347.63,2.500,0.00,50.0
5607.00,604.29,8735.37,347.63,2.500,0.00,50.0
5608.00,603.75,8737.81,347.63,2.500,0.00,50.0
5609.00,603.22,8740.26,347.63,2.500,0.00,50.0
5610.00,602.68,8742.70,347.63,2.500,0.00,50.0
5611.00,602.15,8745.14,347.63,2.500,0.00,50.0
5612.00,601.61,8747.58,347.63,2.500,0.00,50.0
5613.00,601.08,8750.02,347.63,2.500,0.00,50.0
5614.00,600.54,8752.47,347.63,2.500,0.00,50.0
5615.00,600.00,8754.91,347.63,2.500,0.00,50.0
5616.00,599.47,8757.35,347.63,2.500,0.00,50.0
5617.00,598.93,8759.79,347.63,2.500,0.00,50.0
5618.00,598.40,8762.23,347.63,2.500,0.00,50.0
5619.00,597.86,8764.68,347.63,2.500,0.00,50.0
5620.00,597.33,8767.12,347.63,2.500,0.00,50.0
5621.00,596.79,8769.56,347.63,2.500,0.00,50.0
5622.00,596.26,8772.00,347.63,2.500,0.00,50.0
5623.00,595.72,8774.44,347.63,2.500,0.00,50.0
5624.00,595.18,8776.89,347.63,2.500,0.00,50.0
5625.00,594.65,8779.33,347.63,2.500,0.00,50.0
5626.00,594.11,8781.77,347.63,2.500,0.00,50.0
5627.00,593.58,8784.21,347.63,2.500,0.00,50.0
5628.00,593.04,8786.65,347.63,2.500,0.00,50.0
5629.00,592.51,8789.10,347.63,2.500,0.00,50.0
5630.00,591.97,8791.54,347.63,2.500,0.00,50.0
5631.00,591.43,8793.98,347.63,2.500,0.00,50.0
5632.00,590.90,8796.42,347.63,2.500,0.00,50.0
5633.00,590.36,8798.86,347.63,2.500,0.00,50.0
5634.00,589.83,8801.30,347.63,2.500,0.00,50.0
5635.00,589.29,8803.75,347.63,2.500,0.00,50.0
5636.00,588.76,8806.19,347.63,2.500,0.00,50.0
5637.00,588.22,8808.63,347.63,2.500,0.00,50.0
5638.00,587.69,8811.07,347.63,2.500,0.00,50.0
5639.00,587.15,8813.51,347.63,2.500,0.00,50.0
5640.00,586.61,8815.96,347.63,2.500,0.00,50.0
5641.00,586.08,8818.40,347.63,2.500,0.00,50.0
5642.00,585.54,8820.84,347.63,2.500,0.00,50.0
5643.00,585.01,8823.28,347.63,2.500,0.00,50.0
5644.00,584.47,8825.72,347.63,2.500,0.00,50.0
5645.00,583.94,8828.17,347.63,2.500,0.00,50.0
5646.00,583.40,8830.61,347.63,2.500,0.00,50.0
5647.00,582.86,8833.05,347.63,2.500,0.00,50.0
5648.00,582.33,8835.49,347.63,2.500,0.00,50.0
5649.00,581.79,8837.93,347.63,2.500,0.00,50.0
5650.00,581.26,8840.38,347.63,2.500,0.00,50.0
5651.00,580.72,8842.82,347.63,2.500,0.00,50.0
5652.00,580.19,8845.26,347.63,2.500,0.00,50.0
5653.00,579.65,8847.70,347.63,2.500,0.00,50.0
5654.00,579.12,8850.14,347.63,2.500,0.00,50.0
5655.00,578.58,8852.59,347.63,2.500,0.00,50.0
5656.00,578.04,8855.03,347.63,2.500,0.00,50.0
5657.00,577.51,8857.47,347.63,2.500,0.00,50.0
5658.00,576.97,8859.91,347.63,2.500,0.00,50.0
5659.00,576.44,8862.35,347.63,2.500,0.00,50.0
5660.00,575.90,8864.80,347.63,2.500,0.00,50.0
5661.00,575.37,8867.24,347.63,2.500,0.00,50.0
5662.00,574.83,8869.68,347.63,2.500,0.00,50.0
5663.00,574.29,8872.12,347.63,2.500,0.00,50.0
5664.00,573.76,8874.56,347.63,2.500,0.00,50.0
5665.00,573.22,8877.01,347.63,2.500,0.00,50.0
5666.00,572.69,8879.45,347.63,2.500,0.00,50.0
5667.00,572.15,8881.89,347.63,2.500,0.00,50.0
5668.00,571.62,8884.33,347.63,2.500,0.00,50.0
5669.00,571.08,8886.77,347.63,2.500,0.00,50.0
5670.00,570.55,8889.21,347.63,2.500,0.00,50.0
5671.00,570.01,8891.66,347.63,2.500,0.00,50.0
5672.00,569.47,8894.10,347.63,2.500,0.00,50.0
5673.00,568.94,8896.54,347.63,2.500,0.00,50.0
5674.00,568.40,8898.98,347.63,2.500,0.00,50.0
5675.00,567.87,8901.42,347.63,2.500,0.00,50.0
5676.00,567.33,8903.87,347.63,2.500,0.00,50.0
5677.00,566.80,8906.31,347.63,2.500,0.00,50.0
5678.00,566.26,8908.75,347.63,2.500,0.00,50.0
5679.00,565.72,8911.19,347.63,2.500,0.00,50.0
5680.00,565.19,8913.63,347.63,2.500,0.00,50.0
5681.00,564.65,8916.08,347.63,2.500,0.00,50.0
5682.00,564.12,8918.52,347.63,2.500,0.00,50.0
5683.00,563.58,8920.96,347.63,2.500,0.00,50.0
5684.00,563.05,8923.40,347.63,2.500,0.00,50.0
5685.00,562.51,8925.84,347.63,2.500,0.00,50.0
5686.00,561.98,8928.29,347.63,2.500,0.00,50.0
5687.00,561.44,8930.73,347.63,2.500,0.00,50.0
5688.00,560.90,8933.17,347.63,2.500,0.00,50.0
5689.00,560.37,8935.61,347.63,2.500,0.00,50.0
5690.00,559.83,8938.05,347.63,2.500,0.00,50.0
5691.00,559.30,8940.50,347.63,2.500,0.00,50.0
5692.00,558.76,8942.94,347.63,2.500,0.00,50.0
5693.00,558.23,8945.38,347.63,2.500,0.00,50.0
5694.00,557.69,8947.82,347.63,2.500,0.00,50.0
5695.00,557.15,8950.26,347.63,2.500,0.00,50.0
5696.00,556.62,8952.71,347.63,2.500,0.00,50.0
5697.00,556.08,8955.15,347.63,2.500,0.00,50.0
5698.00,555.55,8957.59,347.63,2.500,0.00,50.0
5699.00,555.01,8960.03,347.63,2.500,0.00,50.0
5700.00,554.48,8962.47,347.63,2.500,0.00,50.0
5701.00,553.94,8964.92,347.63,2.500,0.00,50.0
5702.00,553.41,8967.36,347.63,2.500,0.00,50.0
5703.00,552.87,8969.80,347.63,2.500,0.00,50.0
5704.00,552.33,8972.24,347.63,2.500,0.00,50.0
5705.00,551.80,8974.68,347.63,2.500,0.00,50.0
5706.00,551.26,8977.13,347.63,2.500,0.00,50.0
5707.00,550.73,8979.57,347.63,2.500,0.00,50.0
5708.00,550.19,8982.01,347.63,2.500,0.00,50.0
5709.00,549.66,8984.45,347.63,2.500,0.00,50.0
5710.00,549.12,8986.89,347.63,2.500,0.00,50.0
5711.00,548.58,8989.33,347.63,2.500,0.00,50.0
5712.00,548.05,8991.78,347.63,2.500,0.00,50.0
5713.00,547.51,8994.22,347.63,2.500,0.00,50.0
5714.00,546.98,8996.66,347.63,2.500,0.00,50.0
5715.00,546.44,8999.10,347.63,2.500,0.00,50.0
5716.00,545.91,9001.54,347.63,2.500,0.00,50.0
5717.00,545.37,9003.99,347.63,2.500,0.00,50.0
5718.00,544.84,9006.43,347.63,2.500,0.00,50.0
5719.00,544.30,9008.87,347.63,2.500,0.00,50.0
5720.00,543.76,9011.31,347.63,2.500,0.00,50.0
5721.00,543.23,9013.75,347.63,2.500,0.00,50.0
5722.00,542.69,9016.20,347.63,2.500,0.00,50.0
5723.00,542.16,9018.64,347.63,2.500,0.00,50.0
5724.00,541.62,9021.08,347.63,2.500,0.00,50.0
5725.00,541.09,9023.52,347.63,2.500,0.00,50.0
5726.00,540.55,9025.96,347.63,2.500,0.00,50.0
5727.00,540.02,9028.41,347.63,2.500,0.00,50.0
5728.00,539.48,9030.85,347.63,2.500,0.00,50.0
5729.00,538.94,9033.29,347.63,2.500,0.00,50.0
5730.00,538.41,9035.73,347.63,2.500,0.00,50.0
5731.00,537.87,9038.17,347.63,2.500,0.00,50.0
5732.00,537.34,9040.62,347.63,2.500,0.00,50.0
5733.00,536.80,9043.06,347.63,2.500,0.00,50.0
5734.00,536.27,9045.50,347.63,2.500,0.00,50.0
5735.00,535.73,9047.94,347.63,2.500,0.00,50.0
5736.00,535.19,9050.38,347.63,2.500,0.00,50.0
5737.00,534.66,9052.83,347.63,2.500,0.00,50.0
5738.00,534.12,9055.27,347.63,2.500,0.00,50.0
5739.00,533.59,9057.71,347.63,2.500,0.00,50.0
5740.00,533.05,9060.15,347.63,2.500,0.00,50.0
5741.00,532.52,9062.59,347.63,2.500,0.00,50.0
5742.00,531.98,9065.04,347.63,2.500,0.00,50.0
5743.00,531.45,9067.48,347.63,2.500,0.00,50.0
5744.00,530.91,9069.92,347.63,2.500,0.00,50.0
5745.00,530.37,9072.36,347.63,2.500,0.00,50.0
5746.00,529.84,9074.80,347.63,2.500,0.00,50.0
5747.00,529.30,9077.24,347.63,2.500,0.00,50.0
5748.00,528.77,9079.69,347.63,2.500,0.00,50.0
5749.00,528.23,9082.13,347.63,2.500,0.00,50.0
5750.00,527.70,9084.57,347.63,2.500,0.00,50.0
5751.00,527.16,9087.01,347.63,2.500,0.00,50.0
5752.00,526.62,9089.45,347.63,2.500,0.00,50.0
5753.00,526.09,9091.90,347.63,2.500,0.00,50.0
5754.00,525.55,9094.34,347.63,2.500,0.00,50.0
5755.00,525.02,9096.78,347.63,2.500,0.00,50.0
5756.00,524.48,9099.22,347.63,2.500,0.00,50.0
5757.00,523.95,9101.66,347.63,2.500,0.00,50.0
5758.00,523.41,9104.11,347.63,2.500,0.00,50.0
5759.00,522.88,9106.55,347.63,2.500,0.00,50.0
5760.00,522.34,9108.99,347.63,2.500,0.00,50.0
5761.00,521.80,9111.43,347.63,2.500,0.00,50.0
5762.00,521.27,9113.87,347.63,2.500,0.00,50.0
5763.00,520.73,9116.32,347.63,2.500,0.00,50.0
5764.00,520.20,9118.76,347.63,2.500,0.00,50.0
5765.00,519.66,9121.20,347.63,2.500,0.00,50.0
5766.00,519.13,9123.64,347.63,2.500,0.00,50.0
5767.00,518.59,9126.08,347.63,2.500,0.00,50.0
5768.00,518.05,9128.53,347.63,2.500,0.00,50.0
5769.00,517.52,9130.97,347.63,2.500,0.00,50.0
5770.00,516.98,9133.41,347.63,2.500,0.00,50.0
5771.00,516.45,9135.85,347.63,2.500,0.00,50.0
5772.00,515.91,9138.29,347.63,2.500,0.00,50.0
5773.00,515.38,9140.74,347.63,2.500,0.00,50.0
5774.00,514.84,9143.18,347.63,2.500,0.00,50.0
5775.00,514.31,9145.62,347.63,2.500,0.00,50.0
5776.00,513.77,9148.06,347.63,2.500,0.00,50.0
5777.00,513.23,9150.50,347.63,2.500,0.00,50.0
5778.00,512.70,9152.95,347.63,2.500,0.00,50.0
5779.00,512.16,9155.39,347.63,2.500,0.00,50.0
5780.00,511.63,9157.83,347.63,2.500,0.00,50.0
5781.00,511.09,9160.27,347.63,2.500,0.00,50.0
5782.00,510.56,9162.71,347.63,2.500,0.00,50.0
5783.00,510.02,9165.16,347.63,2.500,0.00,50.0
5784.00,509.48,9167.60,347.63,2.500,0.00,50.0
5785.00,508.95,9170.04,347.63,2.500,0.00,50.0
5786.00,508.41,9172.48,347.63,2.500,0.00,50.0
5787.00,507.88,9174.92,347.63,2.500,0.00,50.0
5788.00,507.34,9177.36,347.63,2.500,0.00,50.0
5789.00,506.81,9179.81,347.63,2.500,0.00,50.0
5790.00,506.27,9182.25,347.63,2.500,0.00,50.0
5791.00,505.74,9184.69,347.63,2.500,0.00,50.0
5792.00,505.20,9187.13,347.63,2.500,0.00,50.0
5793.00,504.66,9189.57,347.63,2.500,0.00,50.0
5794.00,504.13,9192.02,347.63,2.500,0.00,50.0
5795.00,503.59,9194.46,347.63,2.500,0.00,50.0
5796.00,503.06,9196.90,347.63,2.500,0.00,50.0
5797.00,502.52,9199.34,347.63,2.500,0.00,50.0
5798.00,501.99,9201.78,347.63,2.500,0.00,50.0
5799.00,501.45,9204.23,347.63,2.500,0.00,50.0
5800.00,500.91,9206.67,347.63,2.500,0.00,50.0
5801.00,500.38,9209.11,347.63,2.500,0.00,50.0
5802.00,499.84,9211.55,347.63,2.500,0.00,50.0
5803.00,499.31,9213.99,347.63,2.500,0.00,50.0
5804.00,498.77,9216.44,347.63,2.500,0.00,50.0
5805.00,498.24,9218.88,347.63,2.500,0.00,50.0
5806.00,497.70,9221.32,347.63,2.500,0.00,50.0
5807.00,497.17,9223.76,347.63,2.500,0.00,50.0
5808.00,496.63,9226.20,347.63,2.500,0.00,50.0
5809.00,496.09,9228.65,347.63,2.500,0.00,50.0
5810.00,495.56,9231.09,347.63,2.500,0.00,50.0
5811.00,495.02,9233.53,347.63,2.500,0.00,50.0
5812.00,494.49,9235.97,347.63,2.500,0.00,50.0
5813.00,493.95,9238.41,347.63,2.500,0.00,50.0
5814.00,493.42,9240.86,347.63,2.500,0.00,50.0
5815.00,492.88,9243.30,347.63,2.500,0.00,50.0
5816.00,492.34,9245.74,347.63,2.500,0.00,50.0
5817.00,491.81,9248.18,347.63,2.500,0.00,50.0
5818.00,491.27,9250.62,347.63,2.500,0.00,50.0
5819.00,490.74,9253.07,347.63,2.500,0.00,50.0
5820.00,490.20,9255.51,347.63,2.500,0.00,50.0
5821.00,489.67,9257.95,347.63,2.500,0.00,50.0
5822.00,489.13,9260.39,347.63,2.500,0.00,50.0
5823.00,488.60,9262.83,347.63,2.500,0.00,50.0
5824.00,488.06,9265.27,347.63,2.500,0.00,50.0
5825.00,487.52,9267.72,347.63,2.500,0.00,50.0
5826.00,486.99,9270.16,347.63,2.500,0.00,50.0
5827.00,486.45,9272.60,347.63,2.500,0.00,50.0
5828.00,485.92,9275.04,347.63,2.500,0.00,50.0
5829.00,485.38,9277.48,347.63,2.500,0.00,50.0
5830.00,484.85,9279.93,347.63,2.500,0.00,50.0
5831.00,484.31,9282.37,347.63,2.500,0.00,50.0
5832.00,483.77,9284.81,347.63,2.500,0.00,50.0
5833.00,483.24,9287.25,347.63,2.500,0.00,50.0
5834.00,482.70,9289.69,347.63,2.500,0.00,50.0
5835.00,482.17,9292.14,347.63,2.500,0.00,50.0
5836.00,481.63,9294.58,347.63,2.500,0.00,50.0
5837.00,481.10,9297.02,347.63,2.500,0.00,50.0
5838.00,480.56,9299.46,347.63,2.500,0.00,50.0
5839.00,480.03,9301.90,347.63,2.500,0.00,50.0
5840.00,479.49,9304.35,347.63,2.500,0.00,50.0
5841.00,478.95,9306.79,347.63,2.500,0.00,50.0
5842.00,478.42,9309.23,347.63,2.500,0.00,50.0
5843.00,477.88,9311.67,347.63,2.500,0.00,50.0
5844.00,477.35,9314.11,347.63,2.500,0.00,50.0
5845.00,476.81,9316.56,347.63,2.500,0.00,50.0
5846.00,476.28,9319.00,347.63,2.500,0.00,50.0
5847.00,475.74,9321.44,347.63,2.500,0.00,50.0
5848.00,475.20,9323.88,347.63,2.500,0.00,50.0
5849.00,474.67,9326.32,347.63,2.500,0.00,50.0
5850.00,474.13,9328.77,347.63,2.500,0.00,50.0
5851.00,473.60,9331.21,347.63,2.500,0.00,50.0
5852.00,473.06,9333.65,347.63,2.500,0.00,50.0
5853.00,472.53,9336.09,347.63,2.500,0.00,50.0
5854.00,471.99,9338.53,347.63,2.500,0.00,50.0
5855.00,471.46,9340.98,347.63,2.500,0.00,50.0
5856.00,470.92,9343.42,347.63,2.500,0.00,50.0
5857.00,470.38,9345.86,347.63,2.500,0.00,50.0
5858.00,469.85,9348.30,347.63,2.500,0.00,50.0
5859.00,469.31,9350.74,347.63,2.500,0.00,50.0
5860.00,468.78,9353.19,347.63,2.500,0.00,50.0
5861.00,468.24,9355.63,347.63,2.500,0.00,50.0
5862.00,467.71,9358.07,347.63,2.500,0.00,50.0
5863.00,467.17,9360.51,347.63,2.500,0.00,50.0
5864.00,466.63,9362.95,347.63,2.500,0.00,50.0
5865.00,466.10,9365.39,347.63,2.500,0.00,50.0
5866.00,465.56,9367.84,347.63,2.500,0.00,50.0
5867.00,465.03,9370.28,347.63,2.500,0.00,50.0
5868.00,464.49,9372.72,347.63,2.500,0.00,50.0
5869.00,463.96,9375.16,347.63,2.500,0.00,50.0
5870.00,463.42,9377.60,347.63,2.500,0.00,50.0
5871.00,462.89,9380.05,347.63,2.500,0.00,50.0
5872.00,462.35,9382.49,347.63,2.500,0.00,50.0
5873.00,461.81,9384.93,347.63,2.500,0.00,50.0
5874.00,461.28,9387.37,347.63,2.500,0.00,50.0
5875.00,460.74,9389.81,347.63,2.500,0.00,50.0
5876.00,460.21,9392.26,347.63,2.500,0.00,50.0
5877.00,459.67,9394.70,347.63,2.500,0.00,50.0
5878.00,459.14,9397.14,347.63,2.500,0.00,50.0
5879.00,458.60,9399.58,347.63,2.500,0.00,50.0
5880.00,458.07,9402.02,347.63,2.500,0.00,50.0
5881.00,457.53,9404.47,347.63,2.500,0.00,50.0
5882.00,456.99,9406.91,347.63,2.500,0.00,50.0
5883.00,456.46,9409.35,347.63,2.500,0.00,50.0
5884.00,455.92,9411.79,347.63,2.500,0.00,50.0
5885.00,455.39,9414.23,347.63,2.500,0.00,50.0
5886.00,454.85,9416.68,347.63,2.500,0.00,50.0
5887.00,454.32,9419.12,347.63,2.500,0.00,50.0
5888.00,453.78,9421.56,347.63,2.500,0.00,50.0
5889.00,453.24,9424.00,347.63,2.500,0.00,50.0
5890.00,452.71,9426.44,347.63,2.500,0.00,50.0
5891.00,452.17,9428.89,347.63,2.500,0.00,50.0
5892.00,451.64,9431.33,347.63,2.500,0.00,50.0
5893.00,451.10,9433.77,347.63,2.500,0.00,50.0
5894.00,450.57,9436.21,347.63,2.500,0.00,50.0
5895.00,450.03,9438.65,347.63,2.500,0.00,50.0
5896.00,449.50,9441.10,347.63,2.500,0.00,50.0
5897.00,448.96,9443.54,347.63,2.500,0.00,50.0
5898.00,448.42,9445.98,347.63,2.500,0.00,50.0
5899.00,447.89,9448.42,347.63,2.500,0.00,50.0
5900.00,447.35,9450.86,347.63,2.500,0.00,50.0
5901.00,446.82,9453.30,347.63,2.500,0.00,50.0
5902.00,446.28,9455.75,347.63,2.500,0.00,50.0
5903.00,445.75,9458.19,347.63,2.500,0.00,50.0
5904.00,445.21,9460.63,347.63,2.500,0.00,50.0
5905.00,444.67,9463.07,347.63,2.500,0.00,50.0
5906.00,444.14,9465.51,347.63,2.500,0.00,50.0
5907.00,443.60,9467.96,347.63,2.500,0.00,50.0
5908.00,443.07,9470.40,347.63,2.500,0.00,50.0
5909.00,442.53,9472.84,347.63,2.500,0.00,50.0
5910.00,442.00,9475.28,347.63,2.500,0.00,50.0
5911.00,441.46,9477.72,347.63,2.500,0.00,50.0
5912.00,440.93,9480.17,347.63,2.500,0.00,50.0
5913.00,440.39,9482.61,347.63,2.500,0.00,50.0
5914.00,439.85,9485.05,347.63,2.500,0.00,50.0
5915.00,439.32,9487.49,347.63,2.500,0.00,50.0
5916.00,438.78,9489.93,347.63,2.500,0.00,50.0
5917.00,438.25,9492.38,347.63,2.500,0.00,50.0
5918.00,437.71,9494.82,347.63,2.500,0.00,50.0
5919.00,437.18,9497.26,347.63,2.500,0.00,50.0
5920.00,436.64,9499.70,347.63,2.500,0.00,50.0
5921.00,436.10,9502.14,347.63,2.500,0.00,50.0
5922.00,435.57,9504.59,347.63,2.500,0.00,50.0
5923.00,435.03,9507.03,347.63,2.500,0.00,50.0
5924.00,434.50,9509.47,347.63,2.500,0.00,50.0
5925.00,433.96,9511.91,347.63,2.500,0.00,50.0
5926.00,433.43,9514.35,347.63,2.500,0.00,50.0
5927.00,432.89,9516.80,347.63,2.500,0.00,50.0
5928.00,432.36,9519.24,347.63,2.500,0.00,50.0
5929.00,431.82,9521.68,347.63,2.500,0.00,50.0
5930.00,431.28,9524.12,347.63,2.500,0.00,50.0
5931.00,430.75,9526.56,347.63,2.500,0.00,50.0
5932.00,430.21,9529.01,347.63,2.500,0.00,50.0
5933.00,429.68,9531.45,347.63,2.500,0.00,50.0
5934.00,429.14,9533.89,347.63,2.500,0.00,50.0
5935.00,428.61,9536.33,347.63,2.500,0.00,50.0
5936.00,428.07,9538.77,347.63,2.500,0.00,50.0
5937.00,427.53,9541.22,347.63,2.500,0.00,50.0
5938.00,427.00,9543.66,347.63,2.500,0.00,50.0
5939.00,426.46,9546.10,347.63,2.500,0.00,50.0
5940.00,425.93,9548.54,347.63,2.500,0.00,50.0
5941.00,425.39,9550.98,347.63,2.500,0.00,50.0
5942.00,424.86,9553.42,347.63,2.500,0.00,50.0
5943.00,424.32,9555.87,347.63,2.500,0.00,50.0
5944.00,423.79,9558.31,347.63,2.500,0.00,50.0
5945.00,423.25,9560.75,347.63,2.500,0.00,50.0
5946.00,422.71,9563.19,347.63,2.500,0.00,50.0
5947.00,422.18,9565.63,347.63,2.500,0.00,50.0
5948.00,421.64,9568.08,347.63,2.500,0.00,50.0
5949.00,421.11,9570.52,347.63,2.500,0.00,50.0
5950.00,420.57,9572.96,347.63,2.500,0.00,50.0
5951.00,420.04,9575.40,347.63,2.500,0.00,50.0
5952.00,419.50,9577.84,347.63,2.500,0.00,50.0
5953.00,418.96,9580.29,347.63,2.500,0.00,50.0
5954.00,418.43,9582.73,347.63,2.500,0.00,50.0
5955.00,417.89,9585.17,347.63,2.500,0.00,50.0
5956.00,417.36,9587.61,347.63,2.500,0.00,50.0
5957.00,416.82,9590.05,347.63,2.500,0.00,50.0
5958.00,416.29,9592.50,347.63,2.500,0.00,50.0
5959.00,415.75,9594.94,347.63,2.500,0.00,50.0
5960.00,415.22,9597.38,347.63,2.500,0.00,50.0
5961.00,414.68,9599.82,347.63,2.500,0.00,50.0
5962.00,414.14,9602.26,347.63,2.500,0.00,50.0
5963.00,413.61,9604.71,347.63,2.500,0.00,50.0
5964.00,413.07,9607.15,347.63,2.500,0.00,50.0
5965.00,412.54,9609.59,347.63,2.500,0.00,50.0
5966.00,412.00,9612.03,347.63,2.500,0.00,50.0
5967.00,411.47,9614.47,347.63,2.500,0.00,50.0
5968.00,410.93,9616.92,347.63,2.500,0.00,50.0
5969.00,410.39,9619.36,347.63,2.500,0.00,50.0
5970.00,409.86,9621.80,347.63,2.500,0.00,50.0
5971.00,409.32,9624.24,347.63,2.500,0.00,50.0
5972.00,408.79,9626.68,347.63,2.500,0.00,50.0
5973.00,408.25,9629.13,347.63,2.500,0.00,50.0
5974.00,407.72,9631.57,347.63,2.500,0.00,50.0
5975.00,407.18,9634.01,347.63,2.500,0.00,50.0
5976.00,406.65,9636.45,347.63,2.500,0.00,50.0
5977.00,406.11,9638.89,347.63,2.500,0.00,50.0
5978.00,405.57,9641.33,347.63,2.500,0.00,50.0
5979.00,405.04,9643.78,347.63,2.500,0.00,50.0
5980.00,404.50,9646.22,347.63,2.500,0.00,50.0
5981.00,403.97,9648.66,347.63,2.500,0.00,50.0
5982.00,403.43,9651.10,347.63,2.500,0.00,50.0
5983.00,402.90,9653.54,347.63,2.500,0.00,50.0
5984.00,402.36,9655.99,347.63,2.500,0.00,50.0
5985.00,401.82,9658.43,347.63,2.500,0.00,50.0
5986.00,401.29,9660.87,347.63,2.500,0.00,50.0
5987.00,400.75,9663.31,347.63,2.500,0.00,50.0
5988.00,400.22,9665.75,347.63,2.500,0.00,50.0
5989.00,399.68,9668.20,347.63,2.500,0.00,50.0
5990.00,399.15,9670.64,347.63,2.500,0.00,50.0
5991.00,398.61,9673.08,347.63,2.500,0.00,50.0
5992.00,398.08,9675.52,347.63,2.500,0.00,50.0
5993.00,397.54,9677.96,347.63,2.500,0.00,50.0
5994.00,397.00,9680.41,347.63,2.500,0.00,50.0
5995.00,396.47,9682.85,347.63,2.500,0.00,50.0
5996.00,395.93,9685.29,347.63,2.500,0.00,50.0
5997.00,395.40,9687.73,347.63,2.500,0.00,50.0
5998.00,394.86,9690.17,347.63,2.500,0.00,50.0
5999.00,394.33,9692.62,347.63,2.500,0.00,50.0
6000.00,393.79,9695.06,347.63,2.500,0.00,50.0
6001.00,393.25,9697.50,347.63,2.500,0.00,50.0
6002.00,392.72,9699.94,347.63,2.500,0.00,50.0
6003.00,392.18,9702.38,347.63,2.500,0.00,50.0
6004.00,391.65,9704.83,347.63,2.500,0.00,50.0
6005.00,391.11,9707.27,347.63,2.500,0.00,50.0
6006.00,390.58,9709.71,347.63,2.500,0.00,50.0
6007.00,390.04,9712.15,347.63,2.500,0.00,50.0
6008.00,389.51,9714.59,347.63,2.500,0.00,50.0
6009.00,388.97,9717.04,347.63,2.500,0.00,50.0
6010.00,388.43,9719.48,347.63,2.500,0.00,50.0
6011.00,387.90,9721.92,347.63,2.500,0.00,50.0
6012.00,387.36,9724.36,347.63,2.500,0.00,50.0
6013.00,386.83,9726.80,347.63,2.500,0.00,50.0
6014.00,386.29,9729.25,347.63,2.500,0.00,50.0
6015.00,385.76,9731.69,347.63,2.500,0.00,50.0
6016.00,385.22,9734.13,347.63,2.500,0.00,50.0
6017.00,384.69,9736.57,347.63,2.500,0.00,50.0
6018.00,384.15,9739.01,347.63,2.500,0.00,50.0
6019.00,383.61,9741.45,347.63,2.500,0.00,50.0
6020.00,383.08,9743.90,347.63,2.500,0.00,50.0
6021.00,382.54,9746.34,347.63,2.500,0.00,50.0
6022.00,382.01,9748.78,347.63,2.500,0.00,50.0
6023.00,381.47,9751.22,347.63,2.500,0.00,50.0
6024.00,380.94,9753.66,347.63,2.500,0.00,50.0
6025.00,380.40,9756.11,347.63,2.500,0.00,50.0
6026.00,379.86,9758.55,347.63,2.500,0.00,50.0
6027.00,379.33,9760.99,347.63,2.500,0.00,50.0
6028.00,378.79,9763.43,347.63,2.500,0.00,50.0
6029.00,378.26,9765.87,347.63,2.500,0.00,50.0
6030.00,377.72,9768.32,347.63,2.500,0.00,50.0
6031.00,377.19,9770.76,347.63,2.500,0.00,50.0
6032.00,376.65,9773.20,347.63,2.500,0.00,50.0
6033.00,376.12,9775.64,347.63,2.500,0.00,50.0
6034.00,375.58,9778.08,347.63,2.500,0.00,50.0
6035.00,375.04,9780.53,347.63,2.500,0.00,50.0
6036.00,374.51,9782.97,347.63,2.500,0.00,50.0
6037.00,373.97,9785.41,347.63,2.500,0.00,50.0
6038.00,373.44,9787.85,347.63,2.500,0.00,50.0
6039.00,372.90,9790.29,347.63,2.500,0.00,50.0
6040.00,372.37,9792.74,347.63,2.500,0.00,50.0
6041.00,371.83,9795.18,347.63,2.500,0.00,50.0
6042.00,371.29,9797.62,347.63,2.500,0.00,50.0
6043.00,370.76,9800.06,347.63,2.500,0.00,50.0
6044.00,370.22,9802.50,347.63,2.500,0.00,50.0
6045.00,369.69,9804.95,347.63,2.500,0.00,50.0
6046.00,369.15,9807.39,347.63,2.500,0.00,50.0
6047.00,368.62,9809.83,347.63,2.500,0.00,50.0
6048.00,368.08,9812.27,347.63,2.500,0.00,50.0
6049.00,367.55,9814.71,347.63,2.500,0.00,50.0
6050.00,367.01,9817.16,347.63,2.500,0.00,50.0
6051.00,366.47,9819.60,347.63,2.500,0.00,50.0
6052.00,365.94,9822.04,347.63,2.500,0.00,50.0
6053.00,365.40,9824.48,347.63,2.500,0.00,50.0
6054.00,364.87,9826.92,347.63,2.500,0.00,50.0
6055.00,364.33,9829.36,347.63,2.500,0.00,50.0
6056.00,363.80,9831.81,347.63,2.500,0.00,50.0
6057.00,363.26,9834.25,347.63,2.500,0.00,50.0
6058.00,362.72,9836.69,347.63,2.500,0.00,50.0
6059.00,362.19,9839.13,347.63,2.500,0.00,50.0
6060.00,361.65,9841.57,347.63,2.500,0.00,50.0
6061.00,361.12,9844.02,347.63,2.500,0.00,50.0
6062.00,360.58,9846.46,347.63,2.500,0.00,50.0
6063.00,360.05,9848.90,347.63,2.500,0.00,50.0
6064.00,359.51,9851.34,347.63,2.500,0.00,50.0
6065.00,358.98,9853.78,347.63,2.500,0.00,50.0
6066.00,358.44,9856.23,347.63,2.500,0.00,50.0
6067.00,357.90,9858.67,347.63,2.500,0.00,50.0
6068.00,357.37,9861.11,347.63,2.500,0.00,50.0
6069.00,356.83,9863.55,347.63,2.500,0.00,50.0
6070.00,356.30,9865.99,347.63,2.500,0.00,50.0
6071.00,355.76,9868.44,347.63,2.500,0.00,50.0
6072.00,355.23,9870.88,347.63,2.500,0.00,50.0
6073.00,354.69,9873.32,347.63,2.500,0.00,50.0
6074.00,354.15,9875.76,347.63,2.500,0.00,50.0
6075.00,353.62,9878.20,347.63,2.500,0.00,50.0
6076.00,353.08,9880.65,347.63,2.500,0.00,50.0
6077.00,352.55,9883.09,347.63,2.500,0.00,50.0
6078.00,352.01,9885.53,347.63,2.500,0.00,50.0
6079.00,351.48,9887.97,347.63,2.500,0.00,50.0
6080.00,350.94,9890.41,347.63,2.500,0.00,50.0
6081.00,350.41,9892.86,347.63,2.500,0.00,50.0
6082.00,349.87,9895.30,347.63,2.500,0.00,50.0
6083.00,349.33,9897.74,347.63,2.500,0.00,50.0
6084.00,348.80,9900.18,347.63,2.500,0.00,50.0
6085.00,348.26,9902.62,347.63,2.500,0.00,50.0
6086.00,347.73,9905.07,347.63,2.500,0.00,50.0
6087.00,347.19,9907.51,347.63,2.500,0.00,50.0
6088.00,346.66,9909.95,347.63,2.500,0.00,50.0
6089.00,346.12,9912.39,347.63,2.500,0.00,50.0
6090.00,345.58,9914.83,347.63,2.500,0.00,50.0
6091.00,345.05,9917.28,347.63,2.500,0.00,50.0
6092.00,344.51,9919.72,347.63,2.500,0.00,50.0
6093.00,343.98,9922.16,347.63,2.500,0.00,50.0
6094.00,343.44,9924.60,347.63,2.500,0.00,50.0
6095.00,342.91,9927.04,347.63,2.500,0.00,50.0
6096.00,342.37,9929.48,347.63,2.500,0.00,50.0
6097.00,341.84,9931.93,347.63,2.500,0.00,50.0
6098.00,341.30,9934.37,347.63,2.500,0.00,50.0
6099.00,340.76,9936.81,347.63,2.500,0.00,50.0
6100.00,340.23,9939.25,347.63,2.500,0.00,50.0
6101.00,339.69,9941.69,347.63,2.500,0.00,50.0
6102.00,339.16,9944.14,347.63,2.500,0.00,50.0
6103.00,338.62,9946.58,347.63,2.500,0.00,50.0
6104.00,338.09,9949.02,347.63,2.500,0.00,50.0
6105.00,337.55,9951.46,347.63,2.500,0.00,50.0
6106.00,337.01,9953.90,347.63,2.500,0.00,50.0
6107.00,336.48,9956.35,347.63,2.500,0.00,50.0
6108.00,335.94,9958.79,347.63,2.500,0.00,50.0
6109.00,335.41,9961.23,347.63,2.500,0.00,50.0
6110.00,334.87,9963.67,347.63,2.500,0.00,50.0
6111.00,334.34,9966.11,347.63,2.500,0.00,50.0
6112.00,333.80,9968.56,347.63,2.500,0.00,50.0
6113.00,333.27,9971.00,347.63,2.500,0.00,50.0
6114.00,332.73,9973.44,347.63,2.500,0.00,50.0
6115.00,332.19,9975.88,347.63,2.500,0.00,50.0
6116.00,331.66,9978.32,347.63,2.500,0.00,50.0
6117.00,331.12,9980.77,347.63,2.500,0.00,50.0
6118.00,330.59,9983.21,347.63,2.500,0.00,50.0
6119.00,330.05,9985.65,347.63,2.500,0.00,50.0
6120.00,329.52,9988.09,347.63,2.500,0.00,50.0
6121.00,328.98,9990.53,347.63,2.500,0.00,50.0
6122.00,328.44,9992.98,347.63,2.500,0.00,50.0
6123.00,327.91,9995.42,347.63,2.500,0.00,50.0
6124.00,327.37,9997.86,347.63,2.500,0.00,50.0
6125.00,326.84,10000.30,347.63,2.500,0.00,50.0
6126.00,326.30,10002.74,347.63,2.500,0.00,50.0
6127.00,325.77,10005.19,347.63,2.500,0.00,50.0
6128.00,325.23,10007.63,347.63,2.500,0.00,50.0
6129.00,324.70,10010.07,347.63,2.500,0.00,50.0
6130.00,324.16,10012.51,347.63,2.500,0.00,50.0
6131.00,323.62,10014.95,347.63,2.500,0.00,50.0
6132.00,323.09,10017.39,347.63,2.500,0.00,50.0
6133.00,322.55,10019.84,347.63,2.500,0.00,50.0
6134.00,322.02,10022.28,347.63,2.500,0.00,50.0
6135.00,321.48,10024.72,347.63,2.500,0.00,50.0
6136.00,320.95,10027.16,347.63,2.500,0.00,50.0
6137.00,320.41,10029.60,347.63,2.500,0.00,50.0
6138.00,319.87,10032.05,347.63,2.500,0.00,50.0
6139.00,319.34,10034.49,347.63,2.500,0.00,50.0
6140.00,318.80,10036.93,347.63,2.500,0.00,50.0
6141.00,318.27,10039.37,347.63,2.500,0.00,50.0
6142.00,317.73,10041.81,347.63,2.500,0.00,50.0
6143.00,317.20,10044.26,347.63,2.500,0.00,50.0
6144.00,316.66,10046.70,347.63,2.500,0.00,50.0
6145.00,316.13,10049.14,347.63,2.500,0.00,50.0
6146.00,315.59,10051.58,347.63,2.500,0.00,50.0
6147.00,315.05,10054.02,347.63,2.500,0.00,50.0
6148.00,314.52,10056.47,347.63,2.500,0.00,50.0
6149.00,313.98,10058.91,347.63,2.500,0.00,50.0
6150.00,313.45,10061.35,347.63,2.500,0.00,50.0
6151.00,312.91,10063.79,347.63,2.500,0.00,50.0
6152.00,312.38,10066.23,347.63,2.500,0.00,50.0
6153.00,311.84,10068.68,347.63,2.500,0.00,50.0
6154.00,311.30,10071.12,347.63,2.500,0.00,50.0
6155.00,310.77,10073.56,347.63,2.500,0.00,50.0
6156.00,310.23,10076.00,347.63,2.500,0.00,50.0
6157.00,309.70,10078.44,347.63,2.500,0.00,50.0
6158.00,309.16,10080.89,347.63,2.500,0.00,50.0
6159.00,308.63,10083.33,347.63,2.500,0.00,50.0
6160.00,308.09,10085.77,347.63,2.500,0.00,50.0
6161.00,307.56,10088.21,347.63,2.500,0.00,50.0
6162.00,307.02,10090.65,347.63,2.500,0.00,50.0
6163.00,306.48,10093.10,347.63,2.500,0.00,50.0
6164.00,305.95,10095.54,347.63,2.500,0.00,50.0
6165.00,305.41,10097.98,347.63,2.500,0.00,50.0
6166.00,304.88,10100.42,347.63,2.500,0.00,50.0
6167.00,304.34,10102.86,347.63,2.500,0.00,50.0
6168.00,303.81,10105.31,347.63,2.500,0.00,50.0
6169.00,303.27,10107.75,347.63,2.500,0.00,50.0
6170.00,302.74,10110.19,347.63,2.500,0.00,50.0
6171.00,302.20,10112.63,347.63,2.500,0.00,50.0
6172.00,301.66,10115.07,347.63,2.500,0.00,50.0
6173.00,301.13,10117.51,347.63,2.500,0.00,50.0
6174.00,300.59,10119.96,347.63,2.500,0.00,50.0
6175.00,300.06,10122.40,347.63,2.500,0.00,50.0
6176.00,299.52,10124.84,347.63,2.500,0.00,50.0
6177.00,298.99,10127.28,347.63,2.500,0.00,50.0
6178.00,298.45,10129.72,347.63,2.500,0.00,50.0
6179.00,297.91,10132.17,347.63,2.500,0.00,50.0
6180.00,297.38,10134.61,347.63,2.500,0.00,50.0
6181.00,296.84,10137.05,347.63,2.500,0.00,50.0
6182.00,296.31,10139.49,347.63,2.500,0.00,50.0
6183.00,295.77,10141.93,347.63,2.500,0.00,50.0
6184.00,295.24,10144.38,347.63,2.500,0.00,50.0
6185.00,294.70,10146.82,347.63,2.500,0.00,50.0
6186.00,294.17,10149.26,347.63,2.500,0.00,50.0
6187.00,293.63,10151.70,347.63,2.500,0.00,50.0
6188.00,293.09,10154.14,347.63,2.500,0.00,50.0
6189.00,292.56,10156.59,347.63,2.500,0.00,50.0
6190.00,292.02,10159.03,347.63,2.500,0.00,50.0
6191.00,291.49,10161.47,347.63,2.500,0.00,50.0
6192.00,290.95,10163.91,347.63,2.500,0.00,50.0
6193.00,290.42,10166.35,347.63,2.500,0.00,50.0
6194.00,289.88,10168.80,347.63,2.500,0.00,50.0
6195.00,289.34,10171.24,347.63,2.500,0.00,50.0
6196.00,288.81,10173.68,347.63,2.500,0.00,50.0
6197.00,288.27,10176.12,347.63,2.500,0.00,50.0
6198.00,287.74,10178.56,347.63,2.500,0.00,50.0
6199.00,287.20,10181.01,347.63,2.500,0.00,50.0
6200.00,286.67,10183.45,347.63,2.500,0.00,50.0
6201.00,286.13,10185.89,347.63,2.500,0.00,50.0
6202.00,285.60,10188.33,347.63,2.500,0.00,50.0
6203.00,285.06,10190.77,347.63,2.500,0.00,50.0
6204.00,284.52,10193.22,347.63,2.500,0.00,50.0
6205.00,283.99,10195.66,347.63,2.500,0.00,50.0
6206.00,283.45,10198.10,347.63,2.500,0.00,50.0
6207.00,282.92,10200.54,347.63,2.500,0.00,50.0
6208.00,282.38,10202.98,347.63,2.500,0.00,50.0
6209.00,281.85,10205.42,347.63,2.500,0.00,50.0
6210.00,281.31,10207.87,347.63,2.500,0.00,50.0
6211.00,280.77,10210.31,347.63,2.500,0.00,50.0
6212.00,280.24,10212.75,347.63,2.500,0.00,50.0
6213.00,279.70,10215.19,347.63,2.500,0.00,50.0
6214.00,279.17,10217.63,347.63,2.500,0.00,50.0
6215.00,278.63,10220.08,347.63,2.500,0.00,50.0
6216.00,278.10,10222.52,347.63,2.500,0.00,50.0
6217.00,277.56,10224.96,347.63,2.500,0.00,50.0
6218.00,277.03,10227.40,347.63,2.500,0.00,50.0
6219.00,276.49,10229.84,347.63,2.500,0.00,50.0
6220.00,275.95,10232.29,347.63,2.500,0.00,50.0
6221.00,275.42,10234.73,347.63,2.500,0.00,50.0
6222.00,274.88,10237.17,347.63,2.500,0.00,50.0
6223.00,274.35,10239.61,347.63,2.500,0.00,50.0
6224.00,273.81,10242.05,347.63,2.500,0.00,50.0
6225.00,273.28,10244.50,347.63,2.500,0.00,50.0
6226.00,272.74,10246.94,347.63,2.500,0.00,50.0
6227.00,272.20,10249.38,347.63,2.500,0.00,50.0
6228.00,271.67,10251.82,347.63,2.500,0.00,50.0
6229.00,271.13,10254.26,347.63,2.500,0.00,50.0
6230.00,270.60,10256.71,347.63,2.500,0.00,50.0
6231.00,270.06,10259.15,347.63,2.500,0.00,50.0
6232.00,269.53,10261.59,347.63,2.500,0.00,50.0
6233.00,268.99,10264.03,347.63,2.500,0.00,50.0
6234.00,268.46,10266.47,347.63,2.500,0.00,50.0
6235.00,267.92,10268.92,347.63,2.500,0.00,50.0
6236.00,267.38,10271.36,347.63,2.500,0.00,50.0
6237.00,266.85,10273.80,347.63,2.500,0.00,50.0
6238.00,266.31,10276.24,347.63,2.500,0.00,50.0
6239.00,265.78,10278.68,347.63,2.500,0.00,50.0
6240.00,265.24,10281.13,347.63,2.500,0.00,50.0
6241.00,264.71,10283.57,347.63,2.500,0.00,50.0
6242.00,264.17,10286.01,347.63,2.500,0.00,50.0
6243.00,263.63,10288.45,347.63,2.500,0.00,50.0
6244.00,263.10,10290.89,347.63,2.500,0.00,50.0
6245.00,262.56,10293.34,347.63,2.500,0.00,50.0
6246.00,262.03,10295.78,347.63,2.500,0.00,50.0
6247.00,261.49,10298.22,347.63,2.500,0.00,50.0
6248.00,260.96,10300.66,347.63,2.500,0.00,50.0
6249.00,260.42,10303.10,347.63,2.500,0.00,50.0
6250.00,259.89,10305.54,347.63,2.500,0.00,50.0
6251.00,259.35,10307.99,347.63,2.500,0.00,50.0
6252.00,258.81,10310.43,347.63,2.500,0.00,50.0
6253.00,258.28,10312.87,347.63,2.500,0.00,50.0
6254.00,257.74,10315.31,347.63,2.500,0.00,50.0
6255.00,257.21,10317.75,347.63,2.500,0.00,50.0
6256.00,256.67,10320.20,347.63,2.500,0.00,50.0
6257.00,256.14,10322.64,347.63,2.500,0.00,50.0
6258.00,255.60,10325.08,347.63,2.500,0.00,50.0
6259.00,255.06,10327.52,347.63,2.500,0.00,50.0
6260.00,254.53,10329.96,347.63,2.500,0.00,50.0
6261.00,253.99,10332.41,347.63,2.500,0.00,50.0
6262.00,253.46,10334.85,347.63,2.500,0.00,50.0
6263.00,252.92,10337.29,347.63,2.500,0.00,50.0
6264.00,252.39,10339.73,347.63,2.500,0.00,50.0
6265.00,251.85,10342.17,347.63,2.500,0.00,50.0
6266.00,251.32,10344.62,347.63,2.500,0.00,50.0
6267.00,250.78,10347.06,347.63,2.500,0.00,50.0
6268.00,250.24,10349.50,347.63,2.500,0.00,50.0
6269.00,249.71,10351.94,347.63,2.500,0.00,50.0
6270.00,249.17,10354.38,347.63,2.500,0.00,50.0
6271.00,248.64,10356.83,347.63,2.500,0.00,50.0
6272.00,248.10,10359.27,347.63,2.500,0.00,50.0
6273.00,247.57,10361.71,347.63,2.500,0.00,50.0
6274.00,247.03,10364.15,347.63,2.500,0.00,50.0
6275.00,246.49,10366.59,347.63,2.500,0.00,50.0
6276.00,245.96,10369.04,347.63,2.500,0.00,50.0
6277.00,245.42,10371.48,347.63,2.500,0.00,50.0
6278.00,244.89,10373.92,347.63,2.500,0.00,50.0
6279.00,244.35,10376.36,347.63,2.500,0.00,50.0
6280.00,243.82,10378.80,347.63,2.500,0.00,50.0
6281.00,243.28,10381.25,347.63,2.500,0.00,50.0
6282.00,242.75,10383.69,347.63,2.500,0.00,50.0
6283.00,242.21,10386.13,347.63,2.500,0.00,50.0
6284.00,241.67,10388.57,347.63,2.500,0.00,50.0
6285.00,241.14,10391.01,347.63,2.500,0.00,50.0
6286.00,240.60,10393.45,347.63,2.500,0.00,50.0
6287.00,240.07,10395.90,347.63,2.500,0.00,50.0
6288.00,239.53,10398.34,347.63,2.500,0.00,50.0
6289.00,239.00,10400.78,347.63,2.500,0.00,50.0
6290.00,238.46,10403.22,347.63,2.500,0.00,50.0
6291.00,237.92,10405.66,347.63,2.500,0.00,50.0
6292.00,237.39,10408.11,347.63,2.500,0.00,50.0
6293.00,236.85,10410.55,347.63,2.500,0.00,50.0
6294.00,236.32,10412.99,347.63,2.500,0.00,50.0
6295.00,235.78,10415.43,347.63,2.500,0.00,50.0
6296.00,235.25,10417.87,347.63,2.500,0.00,50.0
6297.00,234.71,10420.32,347.63,2.500,0.00,50.0
6298.00,234.18,10422.76,347.63,2.500,0.00,50.0
6299.00,233.64,10425.20,347.63,2.500,0.00,50.0
6300.00,233.10,10427.64,347.63,2.500,0.00,50.0
6301.00,232.57,10430.08,347.63,2.500,0.00,50.0
6302.00,232.03,10432.53,347.63,2.500,0.00,50.0
6303.00,231.50,10434.97,347.63,2.500,0.00,50.0
6304.00,230.96,10437.41,347.63,2.500,0.00,50.0
6305.00,230.43,10439.85,347.63,2.500,0.00,50.0
6306.00,229.89,10442.29,347.63,2.500,0.00,50.0
6307.00,229.36,10444.74,347.63,2.500,0.00,50.0
6308.00,228.82,10447.18,347.63,2.500,0.00,50.0
6309.00,228.28,10449.62,347.63,2.500,0.00,50.0
6310.00,227.75,10452.06,347.63,2.500,0.00,50.0
6311.00,227.21,10454.50,347.63,2.500,0.00,50.0
6312.00,226.68,10456.95,347.63,2.500,0.00,50.0
6313.00,226.14,10459.39,347.63,2.500,0.00,50.0
6314.00,225.61,10461.83,347.63,2.500,0.00,50.0
6315.00,225.07,10464.27,347.63,2.500,0.00,50.0
6316.00,224.53,10466.71,347.63,2.500,0.00,50.0
6317.00,224.00,10469.16,347.63,2.500,0.00,50.0
6318.00,223.46,10471.60,347.63,2.500,0.00,50.0
6319.00,222.93,10474.04,347.63,2.500,0.00,50.0
6320.00,222.39,10476.48,347.63,2.500,0.00,50.0
6321.00,221.86,10478.92,347.63,2.500,0.00,50.0
6322.00,221.32,10481.37,347.63,2.500,0.00,50.0
6323.00,220.79,10483.81,347.63,2.500,0.00,50.0
6324.00,220.25,10486.25,347.63,2.500,0.00,50.0
6325.00,219.71,10488.69,347.63,2.500,0.00,50.0
6326.00,219.18,10491.13,347.63,2.500,0.00,50.0
6327.00,218.64,10493.57,347.63,2.500,0.00,50.0
6328.00,218.11,10496.02,347.63,2.500,0.00,50.0
6329.00,217.57,10498.46,347.63,2.500,0.00,50.0
6330.00,217.04,10500.90,347.63,2.500,0.00,50.0
6331.00,216.50,10503.34,347.63,2.500,0.00,50.0
6332.00,215.96,10505.78,347.63,2.500,0.00,50.0
6333.00,215.43,10508.23,347.63,2.500,0.00,50.0
6334.00,214.89,10510.67,347.63,2.500,0.00,50.0
6335.00,214.36,10513.11,347.63,2.500,0.00,50.0
6336.00,213.82,10515.55,347.63,2.500,0.00,50.0
6337.00,213.29,10517.99,347.63,2.500,0.00,50.0
6338.00,212.75,10520.44,347.63,2.500,0.00,50.0
6339.00,212.22,10522.88,347.63,2.500,0.00,50.0
6340.00,211.68,10525.32,347.63,2.500,0.00,50.0
6341.00,211.14,10527.76,347.63,2.500,0.00,50.0
6342.00,210.61,10530.20,347.63,2.500,0.00,50.0
6343.00,210.07,10532.65,347.63,2.500,0.00,50.0
6344.00,209.54,10535.09,347.63,2.500,0.00,50.0
6345.00,209.00,10537.53,347.63,2.500,0.00,50.0
6346.00,208.47,10539.97,347.63,2.500,0.00,50.0
6347.00,207.93,10542.41,347.63,2.500,0.00,50.0
6348.00,207.39,10544.86,347.63,2.500,0.00,50.0
6349.00,206.86,10547.30,347.63,2.500,0.00,50.0
6350.00,206.32,10549.74,347.63,2.500,0.00,50.0
6351.00,205.79,10552.18,347.63,2.500,0.00,50.0
6352.00,205.25,10554.62,347.63,2.500,0.00,50.0
6353.00,204.72,10557.07,347.63,2.500,0.00,50.0
6354.00,204.18,10559.51,347.63,2.500,0.00,50.0
6355.00,203.65,10561.95,347.63,2.500,0.00,50.0
6356.00,203.11,10564.39,347.63,2.500,0.00,50.0
6357.00,202.57,10566.83,347.63,2.500,0.00,50.0
6358.00,202.04,10569.28,347.63,2.500,0.00,50.0
6359.00,201.50,10571.72,347.63,2.500,0.00,50.0
6360.00,200.97,10574.16,347.63,2.500,0.00,50.0
6361.00,200.43,10576.60,347.63,2.500,0.00,50.0
6362.00,199.90,10579.04,347.63,2.500,0.00,50.0
6363.00,199.36,10581.48,347.63,2.500,0.00,50.0
6364.00,198.82,10583.93,347.63,2.500,0.00,50.0
6365.00,198.29,10586.37,347.63,2.500,0.00,50.0
6366.00,197.75,10588.81,347.63,2.500,0.00,50.0
6367.00,197.22,10591.25,347.63,2.500,0.00,50.0
6368.00,196.68,10593.69,347.63,2.500,0.00,50.0
6369.00,196.15,10596.14,347.63,2.500,0.00,50.0
6370.00,195.61,10598.58,347.63,2.500,0.00,50.0
6371.00,195.08,10601.02,347.63,2.500,0.00,50.0
6372.00,194.54,10603.46,347.63,2.500,0.00,50.0
6373.00,194.00,10605.90,347.63,2.500,0.00,50.0
6374.00,193.47,10608.35,347.63,2.500,0.00,50.0
6375.00,192.93,10610.79,347.63,2.500,0.00,50.0
6376.00,192.40,10613.23,347.63,2.500,0.00,50.0
6377.00,191.86,10615.67,347.63,2.500,0.00,50.0
6378.00,191.33,10618.11,347.63,2.500,0.00,50.0
6379.00,190.79,10620.56,347.63,2.500,0.00,50.0
6380.00,190.25,10623.00,347.63,2.500,0.00,50.0
6381.00,189.72,10625.44,347.63,2.500,0.00,50.0
6382.00,189.18,10627.88,347.63,2.500,0.00,50.0
6383.00,188.65,10630.32,347.63,2.500,0.00,50.0
6384.00,188.11,10632.77,347.63,2.500,0.00,50.0
6385.00,187.58,10635.21,347.63,2.500,0.00,50.0
6386.00,187.04,10637.65,347.63,2.500,0.00,50.0
6387.00,186.51,10640.09,347.63,2.500,0.00,50.0
6388.00,185.97,10642.53,347.63,2.500,0.00,50.0
6389.00,185.43,10644.98,347.63,2.500,0.00,50.0
6390.00,184.90,10647.42,347.63,2.500,0.00,50.0
6391.00,184.36,10649.86,347.63,2.500,0.00,50.0
6392.00,183.83,10652.30,347.63,2.500,0.00,50.0
6393.00,183.29,10654.74,347.63,2.500,0.00,50.0
6394.00,182.76,10657.19,347.63,2.500,0.00,50.0
6395.00,182.22,10659.63,347.63,2.500,0.00,50.0
6396.00,181.68,10662.07,347.63,2.500,0.00,50.0
6397.00,181.15,10664.51,347.63,2.500,0.00,50.0
6398.00,180.61,10666.95,347.63,2.500,0.00,50.0
6399.00,180.08,10669.40,347.63,2.500,0.00,50.0
6400.00,179.54,10671.84,347.63,2.500,0.00,50.0
6401.00,179.01,10674.28,347.63,2.500,0.00,50.0
6402.00,178.47,10676.72,347.63,2.500,0.00,50.0
6403.00,177.94,10679.16,347.63,2.500,0.00,50.0
6404.00,177.40,10681.60,347.63,2.500,0.00,50.0
6405.00,176.86,10684.05,347.63,2.500,0.00,50.0
6406.00,176.33,10686.49,347.63,2.500,0.00,50.0
6407.00,175.79,10688.93,347.63,2.500,0.00,50.0
6408.00,175.26,10691.37,347.63,2.500,0.00,50.0
6409.00,174.72,10693.81,347.63,2.500,0.00,50.0
6410.00,174.19,10696.26,347.63,2.500,0.00,50.0
6411.00,173.65,10698.70,347.63,2.500,0.00,50.0
6412.00,173.11,10701.14,347.63,2.500,0.00,50.0
6413.00,172.58,10703.58,347.63,2.500,0.00,50.0
6414.00,172.04,10706.02,347.63,2.500,0.00,50.0
6415.00,171.51,10708.47,347.63,2.500,0.00,50.0
6416.00,170.97,10710.91,347.63,2.500,0.00,50.0
6417.00,170.44,10713.35,347.63,2.500,0.00,50.0
6418.00,169.90,10715.79,347.63,2.500,0.00,50.0
6419.00,169.37,10718.23,347.63,2.500,0.00,50.0
6420.00,168.83,10720.68,347.63,2.500,0.00,50.0
6421.00,168.29,10723.12,347.63,2.500,0.00,50.0
6422.00,167.76,10725.56,347.63,2.500,0.00,50.0
6423.00,167.22,10728.00,347.63,2.500,0.00,50.0
6424.00,166.69,10730.44,347.63,2.500,0.00,50.0
6425.00,166.15,10732.89,347.63,2.500,0.00,50.0
6426.00,165.62,10735.33,347.63,2.500,0.00,50.0
6427.00,165.08,10737.77,347.63,2.500,0.00,50.0
6428.00,164.54,10740.21,347.63,2.500,0.00,50.0
6429.00,164.01,10742.65,347.63,2.500,0.00,50.0
6430.00,163.47,10745.10,347.63,2.500,0.00,50.0
6431.00,162.94,10747.54,347.63,2.500,0.00,50.0
6432.00,162.40,10749.98,347.63,2.500,0.00,50.0
6433.00,161.87,10752.42,347.63,2.500,0.00,50.0
6434.00,161.33,10754.86,347.63,2.500,0.00,50.0
6435.00,160.80,10757.31,347.63,2.500,0.00,50.0
6436.00,160.26,10759.75,347.63,2.500,0.00,50.0
6437.00,159.72,10762.19,347.63,2.500,0.00,50.0
6438.00,159.19,10764.63,347.63,2.500,0.00,50.0
6439.00,158.65,10767.07,347.63,2.500,0.00,50.0
6440.00,158.12,10769.51,347.63,2.500,0.00,50.0
6441.00,157.58,10771.96,347.63,2.500,0.00,50.0
6442.00,157.05,10774.40,347.63,2.500,0.00,50.0
6443.00,156.51,10776.84,347.63,2.500,0.00,50.0
6444.00,155.97,10779.28,347.63,2.500,0.00,50.0
6445.00,155.44,10781.72,347.63,2.500,0.00,50.0
6446.00,154.90,10784.17,347.63,2.500,0.00,50.0
6447.00,154.37,10786.61,347.63,2.500,0.00,50.0
6448.00,153.83,10789.05,347.63,2.500,0.00,50.0
6449.00,153.30,10791.49,347.63,2.500,0.00,50.0
6450.00,152.76,10793.93,347.63,2.500,0.00,50.0
6451.00,152.23,10796.38,347.63,2.500,0.00,50.0
6452.00,151.69,10798.82,347.63,2.500,0.00,50.0
6453.00,151.15,10801.26,347.63,2.500,0.00,50.0
6454.00,150.62,10803.70,347.63,2.500,0.00,50.0
6455.00,150.08,10806.14,347.63,2.500,0.00,50.0
6456.00,149.55,10808.59,347.63,2.500,0.00,50.0
6457.00,149.01,10811.03,347.63,2.500,0.00,50.0
6458.00,148.48,10813.47,347.63,2.500,0.00,50.0
6459.00,147.94,10815.91,347.63,2.500,0.00,50.0
6460.00,147.41,10818.35,347.63,2.500,0.00,50.0
6461.00,146.87,10820.80,347.63,2.500,0.00,50.0
6462.00,146.33,10823.24,347.63,2.500,0.00,50.0
6463.00,145.80,10825.68,347.63,2.500,0.00,50.0
6464.00,145.26,10828.12,347.63,2.500,0.00,50.0
6465.00,144.73,10830.56,347.63,2.500,0.00,50.0
6466.00,144.19,10833.01,347.63,2.500,0.00,50.0
6467.00,143.66,10835.45,347.63,2.500,0.00,50.0
6468.00,143.12,10837.89,347.63,2.500,0.00,50.0
6469.00,142.58,10840.33,347.63,2.500,0.00,50.0
6470.00,142.05,10842.77,347.63,2.500,0.00,50.0
6471.00,141.51,10845.22,347.63,2.500,0.00,50.0
6472.00,140.98,10847.66,347.63,2.500,0.00,50.0
6473.00,140.44,10850.10,347.63,2.500,0.00,50.0
6474.00,139.91,10852.54,347.63,2.500,0.00,50.0
6475.00,139.37,10854.98,347.63,2.500,0.00,50.0
6476.00,138.84,10857.43,347.63,2.500,0.00,50.0
6477.00,138.30,10859.87,347.63,2.500,0.00,50.0
6478.00,137.76,10862.31,347.63,2.500,0.00,50.0
6479.00,137.23,10864.75,347.63,2.500,0.00,50.0
6480.00,136.69,10867.19,347.63,2.500,0.00,50.0
6481.00,136.16,10869.63,347.63,2.500,0.00,50.0
6482.00,135.62,10872.08,347.63,2.500,0.00,50.0
6483.00,135.09,10874.52,347.63,2.500,0.00,50.0
6484.00,134.55,10876.96,347.63,2.500,0.00,50.0
6485.00,134.01,10879.40,347.63,2.500,0.00,50.0
6486.00,133.48,10881.84,347.63,2.500,0.00,50.0
6487.00,132.94,10884.29,347.63,2.500,0.00,50.0
6488.00,132.41,10886.73,347.63,2.500,0.00,50.0
6489.00,131.87,10889.17,347.63,2.500,0.00,50.0
6490.00,131.34,10891.61,347.63,2.500,0.00,50.0
6491.00,130.80,10894.05,347.63,2.500,0.00,50.0
6492.00,130.27,10896.50,347.63,2.500,0.00,50.0
6493.00,129.73,10898.94,347.63,2.500,0.00,50.0
6494.00,129.19,10901.38,347.63,2.500,0.00,50.0
6495.00,128.66,10903.82,347.63,2.500,0.00,50.0
6496.00,128.12,10906.26,347.63,2.500,0.00,50.0
6497.00,127.59,10908.71,347.63,2.500,0.00,50.0
6498.00,127.05,10911.15,347.63,2.500,0.00,50.0
6499.00,126.52,10913.59,347.63,2.500,0.00,50.0
6500.00,125.98,10916.03,347.63,2.500,0.00,50.0
6501.00,125.44,10918.47,347.63,2.500,0.00,50.0
6502.00,124.91,10920.92,347.63,2.500,0.00,50.0
6503.00,124.37,10923.36,347.63,2.500,0.00,50.0
6504.00,123.84,10925.80,347.63,2.500,0.00,50.0
6505.00,123.30,10928.24,347.63,2.500,0.00,50.0
6506.00,122.77,10930.68,347.63,2.500,0.00,50.0
6507.00,122.23,10933.13,347.63,2.500,0.00,50.0
6508.00,121.70,10935.57,347.63,2.500,0.00,50.0
6509.00,121.16,10938.01,347.63,2.500,0.00,50.0
6510.00,120.62,10940.45,347.63,2.500,0.00,50.0
6511.00,120.09,10942.89,347.63,2.500,0.00,50.0
6512.00,119.55,10945.34,347.63,2.500,0.00,50.0
6513.00,119.02,10947.78,347.63,2.500,0.00,50.0
6514.00,118.48,10950.22,347.63,2.500,0.00,50.0
6515.00,117.95,10952.66,347.63,2.500,0.00,50.0
6516.00,117.41,10955.10,347.63,2.500,0.00,50.0
6517.00,116.87,10957.54,347.63,2.500,0.00,50.0
6518.00,116.34,10959.99,347.63,2.500,0.00,50.0
6519.00,115.80,10962.43,347.63,2.500,0.00,50.0
6520.00,115.27,10964.87,347.63,2.500,0.00,50.0
6521.00,114.73,10967.31,347.63,2.500,0.00,50.0
6522.00,114.20,10969.75,347.63,2.500,0.00,50.0
6523.00,113.66,10972.20,347.63,2.500,0.00,50.0
6524.00,113.13,10974.64,347.63,2.500,0.00,50.0
6525.00,112.59,10977.08,347.63,2.500,0.00,50.0
6526.00,112.05,10979.52,347.63,2.500,0.00,50.0
6527.00,111.52,10981.96,347.63,2.500,0.00,50.0
6528.00,110.98,10984.41,347.63,2.500,0.00,50.0
6529.00,110.45,10986.85,347.63,2.500,0.00,50.0
6530.00,109.91,10989.29,347.63,2.500,0.00,50.0
6531.00,109.38,10991.73,347.63,2.500,0.00,50.0
6532.00,108.84,10994.17,347.63,2.500,0.00,50.0
6533.00,108.30,10996.62,347.63,2.500,0.00,50.0
6534.00,107.77,10999.06,347.63,2.500,0.00,50.0
6535.00,107.23,11001.50,347.63,2.500,0.00,50.0
6536.00,106.70,11003.94,347.63,2.500,0.00,50.0
6537.00,106.16,11006.38,347.63,2.500,0.00,50.0
6538.00,105.63,11008.83,347.63,2.500,0.00,50.0
6539.00,105.09,11011.27,347.63,2.500,0.00,50.0
6540.00,104.56,11013.71,347.63,2.500,0.00,50.0
6541.00,104.02,11016.15,347.63,2.500,0.00,50.0
6542.00,103.48,11018.59,347.63,2.500,0.00,50.0
6543.00,102.95,11021.04,347.63,2.500,0.00,50.0
6544.00,102.41,11023.48,347.63,2.500,0.00,50.0
6545.00,101.88,11025.92,347.63,2.500,0.00,50.0
6546.00,101.34,11028.36,347.63,2.500,0.00,50.0
6547.00,100.81,11030.80,347.63,2.500,0.00,50.0
6548.00,100.27,11033.25,347.63,2.500,0.00,50.0
6549.00,99.73,11035.69,347.63,2.500,0.00,50.0
6550.00,99.20,11038.13,347.63,2.500,0.00,50.0
6551.00,98.66,11040.57,347.63,2.500,0.00,50.0
6552.00,98.13,11043.01,347.63,2.500,0.00,50.0
6553.00,97.59,11045.46,347.63,2.500,0.00,50.0
6554.00,97.06,11047.90,347.63,2.500,0.00,50.0
6555.00,96.52,11050.34,347.63,2.500,0.00,50.0
6556.00,95.99,11052.78,347.63,2.500,0.00,50.0
6557.00,95.45,11055.22,347.63,2.500,0.00,50.0
6558.00,94.91,11057.66,347.63,2.500,0.00,50.0
6559.00,94.38,11060.11,347.63,2.500,0.00,50.0
6560.00,93.84,11062.55,347.63,2.500,0.00,50.0
6561.00,93.31,11064.99,347.63,2.500,0.00,50.0
6562.00,92.77,11067.43,347.63,2.500,0.00,50.0
6563.00,92.24,11069.87,347.63,2.500,0.00,50.0
6564.00,91.70,11072.32,347.63,2.500,0.00,50.0
6565.00,91.16,11074.76,347.63,2.500,0.00,50.0
6566.00,90.63,11077.20,347.63,2.500,0.00,50.0
6567.00,90.09,11079.64,347.63,2.500,0.00,50.0
6568.00,89.56,11082.08,347.63,2.500,0.00,50.0
6569.00,89.02,11084.53,347.63,2.500,0.00,50.0
6570.00,88.49,11086.97,347.63,2.500,0.00,50.0
6571.00,87.95,11089.41,347.63,2.500,0.00,50.0
6572.00,87.42,11091.85,347.63,2.500,0.00,50.0
6573.00,86.88,11094.29,347.63,2.500,0.00,50.0
6574.00,86.34,11096.74,347.63,2.500,0.00,50.0
6575.00,85.81,11099.18,347.63,2.500,0.00,50.0
6576.00,85.27,11101.62,347.63,2.500,0.00,50.0
6577.00,84.74,11104.06,347.63,2.500,0.00,50.0
6578.00,84.20,11106.50,347.63,2.500,0.00,50.0
6579.00,83.67,11108.95,347.63,2.500,0.00,50.0
6580.00,83.13,11111.39,347.63,2.500,0.00,50.0
6581.00,82.59,11113.83,347.63,2.500,0.00,50.0
6582.00,82.06,11116.27,347.63,2.500,0.00,50.0
6583.00,81.52,11118.71,347.63,2.500,0.00,50.0
6584.00,80.99,11121.16,347.63,2.500,0.00,50.0
6585.00,80.45,11123.60,347.63,2.500,0.00,50.0
6586.00,79.92,11126.04,347.63,2.500,0.00,50.0
6587.00,79.38,11128.48,347.63,2.500,0.00,50.0
6588.00,78.85,11130.92,347.63,2.500,0.00,50.0
6589.00,78.31,11133.37,347.63,2.500,0.00,50.0
6590.00,77.77,11135.81,347.63,2.500,0.00,50.0
6591.00,77.24,11138.25,347.63,2.500,0.00,50.0
6592.00,76.70,11140.69,347.63,2.500,0.00,50.0
6593.00,76.17,11143.13,347.63,2.500,0.00,50.0
6594.00,75.63,11145.57,347.63,2.500,0.00,50.0
6595.00,75.10,11148.02,347.63,2.500,0.00,50.0
6596.00,74.56,11150.46,347.63,2.500,0.00,50.0
6597.00,74.03,11152.90,347.63,2.500,0.00,50.0
6598.00,73.49,11155.34,347.63,2.500,0.00,50.0
6599.00,72.95,11157.78,347.63,2.500,0.00,50.0
6600.00,72.42,11160.23,347.63,2.500,0.00,50.0
6601.00,71.88,11162.67,347.63,2.500,0.00,50.0
6602.00,71.35,11165.11,347.63,2.500,0.00,50.0
6603.00,70.81,11167.55,347.63,2.500,0.00,50.0
6604.00,70.28,11169.99,347.63,2.500,0.00,50.0
6605.00,69.74,11172.44,347.63,2.500,0.00,50.0
6606.00,69.20,11174.88,347.63,2.500,0.00,50.0
6607.00,68.67,11177.32,347.63,2.500,0.00,50.0
6608.00,68.13,11179.76,347.63,2.500,0.00,50.0
6609.00,67.60,11182.20,347.63,2.500,0.00,50.0
6610.00,67.06,11184.65,347.63,2.500,0.00,50.0
6611.00,66.53,11187.09,347.63,2.500,0.00,50.0
6612.00,65.99,11189.53,347.63,2.500,0.00,50.0
6613.00,65.46,11191.97,347.63,2.500,0.00,50.0
6614.00,64.92,11194.41,347.63,2.500,0.00,50.0
6615.00,64.38,11196.86,347.63,2.500,0.00,50.0
6616.00,63.85,11199.30,347.63,2.500,0.00,50.0
6617.00,63.31,11201.74,347.63,2.500,0.00,50.0
6618.00,62.78,11204.18,347.63,2.500,0.00,50.0
6619.00,62.24,11206.62,347.63,2.500,0.00,50.0
6620.00,61.71,11209.07,347.63,2.500,0.00,50.0
6621.00,61.17,11211.51,347.63,2.500,0.00,50.0
6622.00,60.63,11213.95,347.63,2.500,0.00,50.0
6623.00,60.10,11216.39,347.63,2.500,0.00,50.0
6624.00,59.56,11218.83,347.63,2.500,0.00,50.0
6625.00,59.03,11221.28,347.63,2.500,0.00,50.0
6626.00,58.49,11223.72,347.63,2.500,0.00,50.0
6627.00,57.96,11226.16,347.63,2.500,0.00,50.0
6628.00,57.42,11228.60,347.63,2.500,0.00,50.0
6629.00,56.89,11231.04,347.63,2.500,0.00,50.0
6630.00,56.35,11233.49,347.63,2.500,0.00,50.0
6631.00,55.81,11235.93,347.63,2.500,0.00,50.0
6632.00,55.28,11238.37,347.63,2.500,0.00,50.0
6633.00,54.74,11240.81,347.63,2.500,0.00,50.0
6634.00,54.21,11243.25,347.63,2.500,0.00,50.0
6635.00,53.67,11245.69,347.63,2.500,0.00,50.0
6636.00,53.14,11248.14,347.63,2.500,0.00,50.0
6637.00,52.60,11250.58,347.63,2.500,0.00,50.0
6638.00,52.06,11253.02,347.63,2.500,0.00,50.0
6639.00,51.53,11255.46,347.63,2.500,0.00,50.0
6640.00,50.99,11257.90,347.63,2.500,0.00,50.0
6641.00,50.46,11260.35,347.63,2.500,0.00,50.0
6642.00,49.92,11262.79,347.63,2.500,0.00,50.0
6643.00,49.39,11265.23,347.63,2.500,0.00,50.0
6644.00,48.85,11267.67,347.63,2.500,0.00,50.0
6645.00,48.32,11270.11,347.63,2.500,0.00,50.0
6646.00,47.78,11272.56,347.63,2.500,0.00,50.0
6647.00,47.24,11275.00,347.63,2.500,0.00,50.0
6648.00,46.71,11277.44,347.63,2.500,0.00,50.0
6649.00,46.17,11279.88,347.63,2.500,0.00,50.0
6650.00,45.64,11282.32,347.63,2.500,0.00,50.0
6651.00,45.10,11284.77,347.63,2.500,0.00,50.0
6652.00,44.57,11287.21,347.63,2.500,0.00,50.0
6653.00,44.03,11289.65,347.63,2.500,0.00,50.0
6654.00,43.49,11292.09,347.63,2.500,0.00,50.0
6655.00,42.96,11294.53,347.63,2.500,0.00,50.0
6656.00,42.42,11296.98,347.63,2.500,0.00,50.0
6657.00,41.89,11299.42,347.63,2.500,0.00,50.0
6658.00,41.35,11301.86,347.63,2.500,0.00,50.0
6659.00,40.82,11304.30,347.63,2.500,0.00,50.0
6660.00,40.28,11306.74,347.63,2.500,0.00,50.0
6661.00,39.75,11309.19,347.63,2.500,0.00,50.0
6662.00,39.21,11311.63,347.63,2.500,0.00,50.0
6663.00,38.67,11314.07,347.63,2.500,0.00,50.0
6664.00,38.14,11316.51,347.63,2.500,0.00,50.0
6665.00,37.60,11318.95,347.63,2.500,0.00,50.0
6666.00,37.07,11321.40,347.63,2.500,0.00,50.0
6667.00,36.53,11323.84,347.63,2.500,0.00,50.0
6668.00,36.00,11326.28,347.63,2.500,0.00,50.0
6669.00,35.46,11328.72,347.63,2.500,0.00,50.0
6670.00,34.92,11331.16,347.63,2.500,0.00,50.0
6671.00,34.39,11333.60,347.63,2.500,0.00,50.0
6672.00,33.85,11336.05,347.63,2.500,0.00,50.0
6673.00,33.32,11338.49,347.63,2.500,0.00,50.0
6674.00,32.78,11340.93,347.63,2.500,0.00,50.0
6675.00,32.25,11343.37,347.63,2.500,0.00,50.0
6676.00,31.71,11345.81,347.63,2.500,0.00,50.0
6677.00,31.18,11348.26,347.63,2.500,0.00,50.0
6678.00,30.64,11350.70,347.63,2.500,0.00,50.0
6679.00,30.10,11353.14,347.63,2.500,0.00,50.0
6680.00,29.57,11355.58,347.63,2.500,0.00,50.0
6681.00,29.03,11358.02,347.63,2.500,0.00,50.0
6682.00,28.50,11360.47,347.63,2.500,0.00,50.0
6683.00,27.96,11362.91,347.63,2.500,0.00,50.0
6684.00,27.43,11365.35,347.63,2.500,0.00,50.0
6685.00,26.89,11367.79,347.63,2.500,0.00,50.0
6686.00,26.35,11370.23,347.63,2.500,0.00,50.0
6687.00,25.82,11372.68,347.63,2.500,0.00,50.0
6688.00,25.28,11375.12,347.63,2.500,0.00,50.0
6689.00,24.75,11377.56,347.63,2.500,0.00,50.0
6690.00,24.21,11380.00,347.63,2.500,0.00,50.0
6691.00,23.68,11382.44,347.63,2.500,0.00,50.0
6692.00,23.14,11384.89,347.63,2.500,0.00,50.0
6693.00,22.61,11387.33,347.63,2.500,0.00,50.0
6694.00,22.07,11389.77,347.63,2.500,0.00,50.0
6695.00,21.53,11392.21,347.63,2.500,0.00,50.0
6696.00,21.00,11394.65,347.63,2.500,0.00,50.0
6697.00,20.46,11397.10,347.63,2.500,0.00,50.0
6698.00,19.93,11399.54,347.63,2.500,0.00,50.0
6699.00,19.39,11401.98,347.63,2.500,0.00,50.0
6700.00,18.86,11404.42,347.63,2.500,0.00,50.0
6701.00,18.32,11406.86,347.63,2.500,0.00,50.0
6702.00,17.78,11409.31,347.63,2.500,0.00,50.0
6703.00,17.25,11411.75,347.63,2.500,0.00,50.0
6704.00,16.71,11414.19,347.63,2.500,0.00,50.0
6705.00,16.18,11416.63,347.63,2.500,0.00,50.0
6706.00,15.64,11419.07,347.63,2.500,0.00,50.0
6707.00,15.11,11421.52,347.63,2.500,0.00,50.0
6708.00,14.57,11423.96,347.63,2.500,0.00,50.0
6709.00,14.04,11426.40,347.63,2.500,0.00,50.0
6710.00,13.50,11428.84,347.63,2.500,0.00,50.0
6711.00,12.96,11431.28,347.63,2.500,0.00,50.0
6712.00,12.43,11433.72,347.63,2.500,0.00,50.0
6713.00,11.89,11436.17,347.63,2.500,0.00,50.0
6714.00,11.36,11438.61,347.63,2.500,0.00,50.0
6715.00,10.82,11441.05,347.63,2.500,0.00,50.0
6716.00,10.29,11443.49,347.63,2.500,0.00,50.0
6717.00,9.75,11445.93,347.63,2.500,0.00,50.0
6718.00,9.21,11448.38,347.63,2.500,0.00,50.0
6719.00,8.68,11450.82,347.63,2.500,0.00,50.0
6720.00,8.14,11453.26,347.63,2.500,0.00,50.0
6721.00,7.61,11455.70,347.63,2.500,0.00,50.0
6722.00,7.07,11458.14,347.63,2.500,0.00,50.0
6723.00,6.54,11460.59,347.63,2.500,0.00,50.0
6724.00,6.00,11463.03,347.63,2.500,0.00,50.0
6725.00,5.47,11465.47,347.63,2.500,0.00,50.0
6726.00,4.93,11467.91,347.63,2.500,0.00,50.0
6727.00,4.39,11470.35,347.63,2.500,0.00,50.0
6728.00,3.86,11472.80,347.63,2.500,0.00,50.0
6729.00,3.32,11475.24,347.63,2.500,0.00,50.0
6730.00,2.79,11477.68,347.63,2.500,0.00,50.0
6731.00,2.25,11480.12,347.63,2.500,0.00,50.0
6732.00,1.72,11482.56,347.63,2.500,0.00,50.0
6733.00,1.18,11485.01,347.63,2.500,0.00,50.0
6734.00,0.64,11487.45,347.63,2.500,0.00,50.0
6735.00,0.11,11489.89,347.63,2.500,0.00,50.0
6736.00,-0.43,11492.33,347.63,2.500,0.00,50.0
6737.00,-0.96,11494.77,347.63,2.500,0.00,50.0
6738.00,-1.50,11497.22,347.63,2.500,0.00,50.0
6739.00,-2.03,11499.66,347.63,2.500,0.00,50.0
6740.00,-2.57,11502.10,347.63,2.500,0.00,50.0
6741.00,-3.10,11504.54,347.63,2.500,0.00,50.0
6742.00,-3.64,11506.98,347.63,2.500,0.00,50.0
6743.00,-4.18,11509.43,347.63,2.500,0.00,50.0
6744.00,-4.71,11511.87,347.63,2.500,0.00,50.0
6745.00,-5.25,11514.31,347.63,2.500,0.00,50.0
6746.00,-5.78,11516.75,347.63,2.500,0.00,50.0
6747.00,-6.32,11519.19,347.63,2.500,0.00,50.0
6748.00,-6.85,11521.63,347.63,2.500,0.00,50.0
6749.00,-7.39,11524.08,347.63,2.500,0.00,50.0
6750.00,-7.92,11526.52,347.63,2.500,0.00,50.0
6751.00,-8.46,11528.96,347.63,2.500,0.00,50.0
6752.00,-9.00,11531.40,347.63,2.500,0.00,50.0
6753.00,-9.53,11533.84,347.63,2.500,0.00,50.0
6754.00,-10.07,11536.29,347.63,2.500,0.00,50.0
6755.00,-10.60,11538.73,347.63,2.500,0.00,50.0
6756.00,-11.14,11541.17,347.63,2.500,0.00,50.0
6757.00,-11.67,11543.61,347.63,2.500,0.00,50.0
6758.00,-12.21,11546.05,347.63,2.500,0.00,50.0
6759.00,-12.75,11548.50,347.63,2.500,0.00,50.0
6760.00,-13.28,11550.94,347.63,2.500,0.00,50.0
6761.00,-13.82,11553.38,347.63,2.500,0.00,50.0
6762.00,-14.35,11555.82,347.63,2.500,0.00,50.0
6763.00,-14.89,11558.26,347.63,2.500,0.00,50.0
6764.00,-15.42,11560.71,347.63,2.500,0.00,50.0
6765.00,-15.96,11563.15,347.63,2.500,0.00,50.0
6766.00,-16.49,11565.59,347.63,2.500,0.00,50.0
6767.00,-17.03,11568.03,347.63,2.500,0.00,50.0
6768.00,-17.57,11570.47,347.63,2.500,0.00,50.0
6769.00,-18.10,11572.92,347.63,2.500,0.00,50.0
6770.00,-18.64,11575.36,347.63,2.500,0.00,50.0
6771.00,-19.17,11577.80,347.63,2.500,0.00,50.0
6772.00,-19.71,11580.24,347.63,2.500,0.00,50.0
6773.00,-20.24,11582.68,347.63,2.500,0.00,50.0
6774.00,-20.78,11585.13,347.63,2.500,0.00,50.0
6775.00,-21.32,11587.57,347.63,2.500,0.00,50.0
6776.00,-21.85,11590.01,347.63,2.500,0.00,50.0
6777.00,-22.39,11592.45,347.63,2.500,0.00,50.0
6778.00,-22.92,11594.89,347.63,2.500,0.00,50.0
6779.00,-23.46,11597.34,347.63,2.500,0.00,50.0
6780.00,-23.99,11599.78,347.63,2.500,0.00,50.0
6781.00,-24.53,11602.22,347.63,2.500,0.00,50.0
6782.00,-25.06,11604.66,347.63,2.500,0.00,50.0
6783.00,-25.60,11607.10,347.63,2.500,0.00,50.0
6784.00,-26.14,11609.55,347.63,2.500,0.00,50.0
6785.00,-26.67,11611.99,347.63,2.500,0.00,50.0
6786.00,-27.21,11614.43,347.63,2.500,0.00,50.0
6787.00,-27.74,11616.87,347.63,2.500,0.00,50.0
6788.00,-28.28,11619.31,347.63,2.500,0.00,50.0
6789.00,-28.81,11621.75,347.63,2.500,0.00,50.0
6790.00,-29.35,11624.20,347.63,2.500,0.00,50.0
6791.00,-29.89,11626.64,347.63,2.500,0.00,50.0
6792.00,-30.42,11629.08,347.63,2.500,0.00,50.0
6793.00,-30.96,11631.52,347.63,2.500,0.00,50.0
6794.00,-31.49,11633.96,347.63,2.500,0.00,50.0
6795.00,-32.03,11636.41,347.63,2.500,0.00,50.0
6796.00,-32.56,11638.85,347.63,2.500,0.00,50.0
6797.00,-33.10,11641.29,347.63,2.500,0.00,50.0
6798.00,-33.63,11643.73,347.63,2.500,0.00,50.0
6799.00,-34.17,11646.17,347.63,2.500,0.00,50.0
6800.00,-34.71,11648.62,347.63,2.500,0.00,50.0
6801.00,-35.24,11651.06,347.63,2.500,0.00,50.0
6802.00,-35.78,11653.50,347.63,2.500,0.00,50.0
6803.00,-36.31,11655.94,347.63,2.500,0.00,50.0
6804.00,-36.85,11658.38,347.63,2.500,0.00,50.0
6805.00,-37.38,11660.83,347.63,2.500,0.00,50.0
6806.00,-37.92,11663.27,347.63,2.500,0.00,50.0
6807.00,-38.46,11665.71,347.63,2.500,0.00,50.0
6808.00,-38.99,11668.15,347.63,2.500,0.00,50.0
6809.00,-39.53,11670.59,347.63,2.500,0.00,50.0
6810.00,-40.06,11673.04,347.63,2.500,0.00,50.0
6811.00,-40.60,11675.48,347.63,2.500,0.00,50.0
6812.00,-41.13,11677.92,347.63,2.500,0.00,50.0
6813.00,-41.67,11680.36,347.63,2.500,0.00,50.0
6814.00,-42.20,11682.80,347.63,2.500,0.00,50.0
6815.00,-42.74,11685.25,347.63,2.500,0.00,50.0
6816.00,-43.28,11687.69,347.63,2.500,0.00,50.0
6817.00,-43.81,11690.13,347.63,2.500,0.00,50.0
6818.00,-44.35,11692.57,347.63,2.500,0.00,50.0
6819.00,-44.88,11695.01,347.63,2.500,0.00,50.0
6820.00,-45.42,11697.46,347.63,2.500,0.00,50.0
6821.00,-45.95,11699.90,347.63,2.500,0.00,50.0
6822.00,-46.49,11702.34,347.63,2.500,0.00,50.0
6823.00,-47.03,11704.78,347.63,2.500,0.00,50.0
6824.00,-47.56,11707.22,347.63,2.500,0.00,50.0
6825.00,-48.10,11709.66,347.63,2.500,0.00,50.0
6826.00,-48.63,11712.11,347.63,2.500,0.00,50.0
6827.00,-49.17,11714.55,347.63,2.500,0.00,50.0
6828.00,-49.70,11716.99,347.63,2.500,0.00,50.0
6829.00,-50.24,11719.43,347.63,2.500,0.00,50.0
6830.00,-50.77,11721.87,347.63,2.500,0.00,50.0
6831.00,-51.31,11724.32,347.63,2.500,0.00,50.0
6832.00,-51.85,11726.76,347.63,2.500,0.00,50.0
6833.00,-52.38,11729.20,347.63,2.500,0.00,50.0
6834.00,-52.92,11731.64,347.63,2.500,0.00,50.0
6835.00,-53.45,11734.08,347.63,2.500,0.00,50.0
6836.00,-53.99,11736.53,347.63,2.500,0.00,50.0
6837.00,-54.52,11738.97,347.63,2.500,0.00,50.0
6838.00,-55.06,11741.41,347.63,2.500,0.00,50.0
6839.00,-55.60,11743.85,347.63,2.500,0.00,50.0
6840.00,-56.13,11746.29,347.63,2.500,0.00,50.0
6841.00,-56.67,11748.74,347.63,2.500,0.00,50.0
6842.00,-57.20,11751.18,347.63,2.500,0.00,50.0
6843.00,-57.74,11753.62,347.63,2.500,0.00,50.0
6844.00,-58.27,11756.06,347.63,2.500,0.00,50.0
6845.00,-58.81,11758.50,347.63,2.500,0.00,50.0
6846.00,-59.34,11760.95,347.63,2.500,0.00,50.0
6847.00,-59.88,11763.39,347.63,2.500,0.00,50.0
6848.00,-60.42,11765.83,347.63,2.500,0.00,50.0
6849.00,-60.95,11768.27,347.63,2.500,0.00,50.0
6850.00,-61.49,11770.71,347.63,2.500,0.00,50.0
6851.00,-62.02,11773.16,347.63,2.500,0.00,50.0
6852.00,-62.56,11775.60,347.63,2.500,0.00,50.0
6853.00,-63.09,11778.04,347.63,2.500,0.00,50.0
6854.00,-63.63,11780.48,347.63,2.500,0.00,50.0
6855.00,-64.17,11782.92,347.63,2.500,0.00,50.0
6856.00,-64.70,11785.37,347.63,2.500,0.00,50.0
6857.00,-65.24,11787.81,347.63,2.500,0.00,50.0
6858.00,-65.77,11790.25,347.63,2.500,0.00,50.0
6859.00,-66.31,11792.69,347.63,2.500,0.00,50.0
6860.00,-66.84,11795.13,347.63,2.500,0.00,50.0
6861.00,-67.38,11797.58,347.63,2.500,0.00,50.0
6862.00,-67.91,11800.02,347.63,2.500,0.00,50.0
6863.00,-68.45,11802.46,347.63,2.500,0.00,50.0
6864.00,-68.99,11804.90,347.63,2.500,0.00,50.0
6865.00,-69.52,11807.34,347.63,2.500,0.00,50.0
6866.00,-70.06,11809.78,347.63,2.500,0.00,50.0
6867.00,-70.59,11812.23,347.63,2.500,0.00,50.0
6868.00,-71.13,11814.67,347.63,2.500,0.00,50.0
6869.00,-71.66,11817.11,347.63,2.500,0.00,50.0
6870.00,-72.20,11819.55,347.63,2.500,0.00,50.0
6871.00,-72.74,11821.99,347.63,2.500,0.00,50.0
6872.00,-73.27,11824.44,347.63,2.500,0.00,50.0
6873.00,-73.81,11826.88,347.63,2.500,0.00,50.0
6874.00,-74.34,11829.32,347.63,2.500,0.00,50.0
6875.00,-74.88,11831.76,347.63,2.500,0.00,50.0
6876.00,-75.41,11834.20,347.63,2.500,0.00,50.0
6877.00,-75.95,11836.65,347.63,2.500,0.00,50.0
6878.00,-76.48,11839.09,347.63,2.500,0.00,50.0
6879.00,-77.02,11841.53,347.63,2.500,0.00,50.0
6880.00,-77.56,11843.97,347.63,2.500,0.00,50.0
6881.00,-78.09,11846.41,347.63,2.500,0.00,50.0
6882.00,-78.63,11848.86,347.63,2.500,0.00,50.0
6883.00,-79.16,11851.30,347.63,2.500,0.00,50.0
6884.00,-79.70,11853.74,347.63,2.500,0.00,50.0
6885.00,-80.23,11856.18,347.63,2.500,0.00,50.0
6886.00,-80.77,11858.62,347.63,2.500,0.00,50.0
6887.00,-81.30,11861.07,347.63,2.500,0.00,50.0
6888.00,-81.84,11863.51,347.63,2.500,0.00,50.0
6889.00,-82.38,11865.95,347.63,2.500,0.00,50.0
6890.00,-82.91,11868.39,347.63,2.500,0.00,50.0
6891.00,-83.45,11870.83,347.63,2.500,0.00,50.0
6892.00,-83.98,11873.28,347.63,2.500,0.00,50.0
6893.00,-84.52,11875.72,347.63,2.500,0.00,50.0
6894.00,-85.05,11878.16,347.63,2.500,0.00,50.0
6895.00,-85.59,11880.60,347.63,2.500,0.00,50.0
6896.00,-86.13,11883.04,347.63,2.500,0.00,50.0
6897.00,-86.66,11885.49,347.63,2.500,0.00,50.0
6898.00,-87.20,11887.93,347.63,2.500,0.00,50.0
6899.00,-87.73,11890.37,347.63,2.500,0.00,50.0
6900.00,-88.27,11892.81,347.63,2.500,0.00,50.0
6901.00,-88.80,11895.25,347.63,2.500,0.00,50.0
6902.00,-89.34,11897.69,347.63,2.500,0.00,50.0
6903.00,-89.87,11900.14,347.63,2.500,0.00,50.0
6904.00,-90.41,11902.58,347.63,2.500,0.00,50.0
6905.00,-90.95,11905.02,347.63,2.500,0.00,50.0
6906.00,-91.48,11907.46,347.63,2.500,0.00,50.0
6907.00,-92.02,11909.90,347.63,2.500,0.00,50.0
6908.00,-92.55,11912.35,347.63,2.500,0.00,50.0
6909.00,-93.09,11914.79,347.63,2.500,0.00,50.0
6910.00,-93.62,11917.23,347.63,2.500,0.00,50.0
6911.00,-94.16,11919.67,347.63,2.500,0.00,50.0
6912.00,-94.70,11922.11,347.63,2.500,0.00,50.0
6913.00,-95.23,11924.56,347.63,2.500,0.00,50.0
6914.00,-95.77,11927.00,347.63,2.500,0.00,50.0
6915.00,-96.30,11929.44,347.63,2.500,0.00,50.0
6916.00,-96.84,11931.88,347.63,2.500,0.00,50.0
6917.00,-97.37,11934.32,347.63,2.500,0.00,50.0
6918.00,-97.91,11936.77,347.63,2.500,0.00,50.0
6919.00,-98.44,11939.21,347.63,2.500,0.00,50.0
6920.00,-98.98,11941.65,347.63,2.500,0.00,50.0
6921.00,-99.52,11944.09,347.63,2.500,0.00,50.0
6922.00,-100.05,11946.53,347.63,2.500,0.00,50.0
6923.00,-100.59,11948.98,347.63,2.500,0.00,50.0
6924.00,-101.12,11951.42,347.63,2.500,0.00,50.0
6925.00,-101.66,11953.86,347.63,2.500,0.00,50.0
6926.00,-102.19,11956.30,347.63,2.500,0.00,50.0
6927.00,-102.73,11958.74,347.63,2.500,0.00,50.0
6928.00,-103.27,11961.19,347.63,2.500,0.00,50.0
6929.00,-103.80,11963.63,347.63,2.500,0.00,50.0
6930.00,-104.34,11966.07,347.63,2.500,0.00,50.0
6931.00,-104.87,11968.51,347.63,2.500,0.00,50.0
6932.00,-105.41,11970.95,347.63,2.500,0.00,50.0
6933.00,-105.94,11973.40,347.63,2.500,0.00,50.0
6934.00,-106.48,11975.84,347.63,2.500,0.00,50.0
6935.00,-107.01,11978.28,347.63,2.500,0.00,50.0
6936.00,-107.55,11980.72,347.63,2.500,0.00,50.0
6937.00,-108.09,11983.16,347.63,2.500,0.00,50.0
6938.00,-108.62,11985.61,347.63,2.500,0.00,50.0
6939.00,-109.16,11988.05,347.63,2.500,0.00,50.0
6940.00,-109.69,11990.49,347.63,2.500,0.00,50.0
6941.00,-110.23,11992.93,347.63,2.500,0.00,50.0
6942.00,-110.76,11995.37,347.63,2.500,0.00,50.0
6943.00,-111.30,11997.81,347.63,2.500,0.00,50.0
6944.00,-111.84,12000.26,347.63,2.500,0.00,50.0
6945.00,-112.37,12002.70,347.63,2.500,0.00,50.0
6946.00,-112.91,12005.14,347.63,2.500,0.00,50.0
6947.00,-113.44,12007.58,347.63,2.500,0.00,50.0
6948.00,-113.98,12010.02,347.63,2.500,0.00,50.0
6949.00,-114.51,12012.47,347.63,2.500,0.00,50.0
6950.00,-115.05,12014.91,347.63,2.500,0.00,50.0
6951.00,-115.58,12017.35,347.63,2.500,0.00,50.0
6952.00,-116.12,12019.79,347.63,2.500,0.00,50.0
6953.00,-116.66,12022.23,347.63,2.500,0.00,50.0
6954.00,-117.19,12024.68,347.63,2.500,0.00,50.0
6955.00,-117.73,12027.12,347.63,2.500,0.00,50.0
6956.00,-118.26,12029.56,347.63,2.500,0.00,50.0
6957.00,-118.80,12032.00,347.63,2.500,0.00,50.0
6958.00,-119.33,12034.44,347.63,2.500,0.00,50.0
6959.00,-119.87,12036.89,347.63,2.500,0.00,50.0
6960.00,-120.41,12039.33,347.63,2.500,0.00,50.0
6961.00,-120.94,12041.77,347.63,2.500,0.00,50.0
6962.00,-121.48,12044.21,347.63,2.500,0.00,50.0
6963.00,-122.01,12046.65,347.63,2.500,0.00,50.0
6964.00,-122.55,12049.10,347.63,2.500,0.00,50.0
6965.00,-123.08,12051.54,347.63,2.500,0.00,50.0
6966.00,-123.62,12053.98,347.63,2.500,0.00,50.0
6967.00,-124.15,12056.42,347.63,2.500,0.00,50.0
6968.00,-124.69,12058.86,347.63,2.500,0.00,50.0
6969.00,-125.23,12061.31,347.63,2.500,0.00,50.0
6970.00,-125.76,12063.75,347.63,2.500,0.00,50.0
6971.00,-126.30,12066.19,347.63,2.500,0.00,50.0
6972.00,-126.83,12068.63,347.63,2.500,0.00,50.0
6973.00,-127.37,12071.07,347.63,2.500,0.00,50.0
6974.00,-127.90,12073.52,347.63,2.500,0.00,50.0
6975.00,-128.44,12075.96,347.63,2.500,0.00,50.0
6976.00,-128.98,12078.40,347.63,2.500,0.00,50.0
6977.00,-129.51,12080.84,347.63,2.500,0.00,50.0
6978.00,-130.05,12083.28,347.63,2.500,0.00,50.0
6979.00,-130.58,12085.72,347.63,2.500,0.00,50.0
6980.00,-131.12,12088.17,347.63,2.500,0.00,50.0
6981.00,-131.65,12090.61,347.63,2.500,0.00,50.0
6982.00,-132.19,12093.05,347.63,2.500,0.00,50.0
6983.00,-132.72,12095.49,347.63,2.500,0.00,50.0
6984.00,-133.26,12097.93,347.63,2.500,0.00,50.0
6985.00,-133.80,12100.38,347.63,2.500,0.00,50.0
6986.00,-134.33,12102.82,347.63,2.500,0.00,50.0
6987.00,-134.87,12105.26,347.63,2.500,0.00,50.0
6988.00,-135.40,12107.70,347.63,2.500,0.00,50.0
6989.00,-135.94,12110.14,347.63,2.500,0.00,50.0
6990.00,-136.47,12112.59,347.63,2.500,0.00,50.0
6991.00,-137.01,12115.03,347.63,2.500,0.00,50.0
6992.00,-137.55,12117.47,347.63,2.500,0.00,50.0
6993.00,-138.08,12119.91,347.63,2.500,0.00,50.0
6994.00,-138.62,12122.35,347.63,2.500,5.00,50.0
6995.00,-139.15,12124.80,347.63,2.500,5.00,50.0
6996.00,-139.69,12127.24,347.63,2.500,5.00,50.0
6997.00,-140.22,12129.68,347.64,2.500,5.00,50.0
6998.00,-140.76,12132.12,347.64,2.500,5.00,50.0
6999.00,-141.29,12134.56,347.65,2.500,5.00,50.0
7000.00,-141.83,12137.01,347.65,2.500,5.00,50.0
7001.00,-142.36,12139.45,347.66,2.500,5.00,50.0
7002.00,-142.90,12141.89,347.67,2.500,5.00,50.0
7003.00,-143.43,12144.33,347.68,2.500,5.00,50.0
7004.00,-143.96,12146.78,347.68,2.500,5.00,50.0
7005.00,-144.50,12149.22,347.69,2.500,5.00,50.0
7006.00,-145.03,12151.66,347.70,2.500,5.00,50.0
7007.00,-145.56,12154.10,347.72,2.500,5.00,50.0
7008.00,-146.09,12156.55,347.73,2.500,0.00,50.0
7009.00,-146.63,12158.99,347.74,2.500,0.00,50.0
7010.00,-147.16,12161.43,347.75,2.500,0.00,50.0
7011.00,-147.69,12163.87,347.76,2.500,0.00,50.0
7012.00,-148.22,12166.32,347.76,2.500,0.00,50.0
7013.00,-148.75,12168.76,347.77,2.500,0.00,50.0
7014.00,-149.28,12171.20,347.78,2.500,0.00,50.0
7015.00,-149.81,12173.65,347.79,2.500,0.00,50.0
7016.00,-150.34,12176.09,347.80,2.500,0.00,50.0
7017.00,-150.86,12178.53,347.81,2.500,0.00,50.0
7018.00,-151.39,12180.98,347.81,2.500,0.00,50.0
7019.00,-151.92,12183.42,347.82,2.500,0.00,50.0
7020.00,-152.45,12185.87,347.83,2.500,0.00,50.0
7021.00,-152.97,12188.31,347.83,2.500,0.00,50.0
7022.00,-153.50,12190.75,347.84,2.500,0.00,50.0
7023.00,-154.03,12193.20,347.85,2.500,0.00,50.0
7024.00,-154.55,12195.64,347.85,2.500,0.00,50.0
7025.00,-155.08,12198.09,347.86,2.500,0.00,50.0
7026.00,-155.61,12200.53,347.86,2.500,0.00,50.0
7027.00,-156.13,12202.97,347.87,2.500,0.00,50.0
7028.00,-156.66,12205.42,347.87,2.500,0.00,50.0
7029.00,-157.18,12207.86,347.88,2.500,0.00,50.0
7030.00,-157.71,12210.31,347.89,2.500,0.00,50.0
7031.00,-158.23,12212.75,347.89,2.500,0.00,50.0
7032.00,-158.76,12215.19,347.89,2.500,0.00,50.0
7033.00,-159.28,12217.64,347.90,2.500,0.00,50.0
7034.00,-159.80,12220.08,347.90,2.500,0.00,50.0
7035.00,-160.33,12222.53,347.91,2.500,0.00,50.0
7036.00,-160.85,12224.97,347.91,2.500,0.00,50.0
7037.00,-161.38,12227.42,347.92,2.500,0.00,50.0
7038.00,-161.90,12229.86,347.92,2.500,0.00,50.0
7039.00,-162.42,12232.31,347.92,2.500,0.00,50.0
7040.00,-162.95,12234.75,347.93,2.500,0.00,50.0
7041.00,-163.47,12237.20,347.93,2.500,0.00,50.0
7042.00,-163.99,12239.64,347.93,2.500,0.00,50.0
7043.00,-164.51,12242.09,347.94,2.500,0.00,50.0
7044.00,-165.04,12244.53,347.94,2.500,0.00,50.0
7045.00,-165.56,12246.97,347.94,2.500,0.00,50.0
7046.00,-166.08,12249.42,347.95,2.500,0.00,50.0
7047.00,-166.60,12251.86,347.95,2.500,0.00,50.0
7048.00,-167.12,12254.31,347.95,2.500,0.00,50.0
7049.00,-167.65,12256.75,347.95,2.500,0.00,50.0
7050.00,-168.17,12259.20,347.96,2.500,0.00,50.0
7051.00,-168.69,12261.64,347.96,2.500,0.00,50.0
7052.00,-169.21,12264.09,347.96,2.500,0.00,50.0
7053.00,-169.73,12266.53,347.96,2.500,0.00,50.0
7054.00,-170.25,12268.98,347.96,2.500,0.00,50.0
7055.00,-170.78,12271.42,347.97,2.500,0.00,50.0
7056.00,-171.30,12273.87,347.97,2.500,0.00,50.0
7057.00,-171.82,12276.31,347.97,2.500,0.00,50.0
7058.00,-172.34,12278.76,347.97,2.500,0.00,50.0
7059.00,-172.86,12281.20,347.97,2.500,0.00,50.0
7060.00,-173.38,12283.65,347.98,2.500,0.00,50.0
7061.00,-173.90,12286.10,347.98,2.500,0.00,50.0
7062.00,-174.42,12288.54,347.98,2.500,0.00,50.0
7063.00,-174.94,12290.99,347.98,2.500,0.00,50.0
7064.00,-175.46,12293.43,347.98,2.500,0.00,50.0
7065.00,-175.98,12295.88,347.98,2.500,0.00,50.0
7066.00,-176.50,12298.32,347.99,2.500,0.00,50.0
7067.00,-177.02,12300.77,347.99,2.500,0.00,50.0
7068.00,-177.54,12303.21,347.99,2.500,0.00,50.0
7069.00,-178.07,12305.66,347.99,2.500,0.00,50.0
7070.00,-178.59,12308.10,347.99,2.500,0.00,50.0
7071.00,-179.11,12310.55,347.99,2.500,0.00,50.0
7072.00,-179.63,12312.99,347.99,2.500,0.00,50.0
7073.00,-180.15,12315.44,348.00,2.500,0.00,50.0
7074.00,-180.67,12317.88,348.00,2.500,0.00,50.0
7075.00,-181.19,12320.33,348.00,2.500,0.00,50.0
7076.00,-181.71,12322.77,348.00,2.500,0.00,50.0
7077.00,-182.23,12325.22,348.00,2.500,0.00,50.0
7078.00,-182.75,12327.66,348.00,2.500,0.00,50.0
7079.00,-183.26,12330.11,348.00,2.500,0.00,50.0
7080.00,-183.78,12332.56,348.00,2.500,0.00,50.0
7081.00,-184.30,12335.00,348.00,2.500,0.00,50.0
7082.00,-184.82,12337.45,348.00,2.500,0.00,50.0
7083.00,-185.34,12339.89,348.00,2.500,0.00,50.0
7084.00,-185.86,12342.34,348.01,2.500,0.00,50.0
7085.00,-186.38,12344.78,348.01,2.500,0.00,50.0
7086.00,-186.90,12347.23,348.01,2.500,0.00,50.0
7087.00,-187.42,12349.67,348.01,2.500,0.00,50.0
7088.00,-187.94,12352.12,348.01,2.500,0.00,50.0
7089.00,-188.46,12354.56,348.01,2.500,0.00,50.0
7090.00,-188.98,12357.01,348.01,2.500,0.00,50.0
7091.00,-189.50,12359.46,348.01,2.500,0.00,50.0
7092.00,-190.02,12361.90,348.01,2.500,5.00,50.0
7093.00,-190.54,12364.35,348.01,2.500,5.00,50.0
7094.00,-191.06,12366.79,348.02,2.500,5.00,50.0
7095.00,-191.58,12369.24,348.02,2.500,5.00,50.0
7096.00,-192.09,12371.68,348.03,2.500,5.00,50.0
7097.00,-192.61,12374.13,348.03,2.500,5.00,50.0
7098.00,-193.13,12376.57,348.04,2.500,5.00,50.0
7099.00,-193.65,12379.02,348.05,2.500,5.00,50.0
7100.00,-194.17,12381.47,348.05,2.500,5.00,50.0
7101.00,-194.69,12383.91,348.06,2.500,5.00,50.0
7102.00,-195.20,12386.36,348.07,2.500,5.00,50.0
7103.00,-195.72,12388.80,348.08,2.500,5.00,50.0
7104.00,-196.24,12391.25,348.09,2.500,5.00,50.0
7105.00,-196.75,12393.70,348.10,2.500,5.00,50.0
7106.00,-197.27,12396.14,348.12,2.500,5.00,50.0
7107.00,-197.78,12398.59,348.13,2.500,10.00,50.0
7108.00,-198.30,12401.04,348.14,2.500,10.00,50.0
7109.00,-198.81,12403.48,348.16,2.500,10.00,50.0
7110.00,-199.32,12405.93,348.18,2.500,10.00,50.0
7111.00,-199.83,12408.38,348.20,2.500,10.00,50.0
7112.00,-200.35,12410.82,348.22,2.500,10.00,50.0
7113.00,-200.86,12413.27,348.24,2.500,10.00,50.0
7114.00,-201.37,12415.72,348.26,2.500,10.00,50.0
7115.00,-201.87,12418.17,348.28,2.500,10.00,50.0
7116.00,-202.38,12420.61,348.31,2.500,10.00,50.0
7117.00,-202.89,12423.06,348.33,2.500,10.00,50.0
7118.00,-203.39,12425.51,348.36,2.500,10.00,50.0
7119.00,-203.90,12427.96,348.39,2.500,10.00,50.0
7120.00,-204.40,12430.41,348.42,2.500,10.00,50.0
7121.00,-204.90,12432.86,348.45,2.500,5.00,50.0
7122.00,-205.40,12435.31,348.48,2.500,5.00,50.0
7123.00,-205.90,12437.76,348.51,2.500,5.00,50.0
7124.00,-206.40,12440.20,348.53,2.500,5.00,50.0
7125.00,-206.90,12442.66,348.56,2.500,5.00,50.0
7126.00,-207.39,12445.11,348.59,2.500,5.00,50.0
7127.00,-207.89,12447.56,348.62,2.500,5.00,50.0
7128.00,-208.38,12450.01,348.65,2.500,5.00,50.0
7129.00,-208.87,12452.46,348.68,2.500,5.00,50.0
7130.00,-209.37,12454.91,348.71,2.500,5.00,50.0
7131.00,-209.85,12457.36,348.74,2.500,5.00,50.0
7132.00,-210.34,12459.81,348.76,2.500,5.00,50.0
7133.00,-210.83,12462.26,348.79,2.500,5.00,50.0
7134.00,-211.32,12464.72,348.82,2.500,5.00,50.0
7135.00,-211.80,12467.17,348.85,2.500,5.00,50.0
7136.00,-212.28,12469.62,348.88,2.500,0.00,50.0
7137.00,-212.77,12472.08,348.91,2.500,0.00,50.0
7138.00,-213.25,12474.53,348.93,2.500,0.00,50.0
7139.00,-213.73,12476.98,348.96,2.500,0.00,50.0
7140.00,-214.21,12479.44,348.98,2.500,0.00,50.0
7141.00,-214.68,12481.89,349.00,2.500,0.00,50.0
7142.00,-215.16,12484.34,349.03,2.500,0.00,50.0
7143.00,-215.64,12486.80,349.05,2.500,0.00,50.0
7144.00,-216.11,12489.25,349.07,2.500,0.00,50.0
7145.00,-216.59,12491.71,349.09,2.500,0.00,50.0
7146.00,-217.06,12494.16,349.11,2.500,0.00,50.0
7147.00,-217.53,12496.62,349.13,2.500,0.00,50.0
7148.00,-218.00,12499.07,349.15,2.500,0.00,50.0
7149.00,-218.47,12501.53,349.17,2.500,0.00,50.0
7150.00,-218.94,12503.98,349.18,2.500,0.00,50.0
7151.00,-219.41,12506.44,349.20,2.500,0.00,50.0
7152.00,-219.88,12508.89,349.22,2.500,0.00,50.0
7153.00,-220.35,12511.35,349.23,2.500,0.00,50.0
7154.00,-220.82,12513.81,349.25,2.500,0.00,50.0
7155.00,-221.28,12516.26,349.26,2.500,0.00,50.0
7156.00,-221.75,12518.72,349.28,2.500,0.00,50.0
7157.00,-222.21,12521.18,349.29,2.500,0.00,50.0
7158.00,-222.68,12523.63,349.30,2.500,0.00,50.0
7159.00,-223.14,12526.09,349.32,2.500,0.00,50.0
7160.00,-223.60,12528.54,349.33,2.500,0.00,50.0
7161.00,-224.07,12531.00,349.34,2.500,0.00,50.0
7162.00,-224.53,12533.46,349.35,2.500,0.00,50.0
7163.00,-224.99,12535.92,349.36,2.500,0.00,50.0
7164.00,-225.45,12538.37,349.37,2.500,0.00,50.0
7165.00,-225.91,12540.83,349.38,2.500,0.00,50.0
7166.00,-226.38,12543.29,349.39,2.500,0.00,50.0
7167.00,-226.84,12545.74,349.40,2.500,0.00,50.0
7168.00,-227.29,12548.20,349.41,2.500,0.00,50.0
7169.00,-227.75,12550.66,349.42,2.500,0.00,50.0
7170.00,-228.21,12553.12,349.43,2.500,0.00,50.0
7171.00,-228.67,12555.57,349.44,2.500,0.00,50.0
7172.00,-229.13,12558.03,349.45,2.500,0.00,50.0
7173.00,-229.59,12560.49,349.46,2.500,0.00,50.0
7174.00,-230.05,12562.95,349.46,2.500,0.00,50.0
7175.00,-230.50,12565.40,349.47,2.500,0.00,50.0
7176.00,-230.96,12567.86,349.48,2.500,0.00,50.0
7177.00,-231.42,12570.32,349.48,2.500,0.00,50.0
7178.00,-231.87,12572.78,349.49,2.500,0.00,50.0
7179.00,-232.33,12575.24,349.50,2.500,0.00,50.0
7180.00,-232.78,12577.69,349.50,2.500,0.00,50.0
7181.00,-233.24,12580.15,349.51,2.500,0.00,50.0
7182.00,-233.69,12582.61,349.52,2.500,0.00,50.0
7183.00,-234.15,12585.07,349.52,2.500,0.00,50.0
7184.00,-234.60,12587.53,349.53,2.500,0.00,50.0
7185.00,-235.06,12589.99,349.53,2.500,0.00,50.0
7186.00,-235.51,12592.44,349.54,2.500,0.00,50.0
7187.00,-235.97,12594.90,349.54,2.500,0.00,50.0
7188.00,-236.42,12597.36,349.55,2.500,0.00,50.0
7189.00,-236.87,12599.82,349.55,2.500,0.00,50.0
7190.00,-237.33,12602.28,349.56,2.500,0.00,50.0
7191.00,-237.78,12604.74,349.56,2.500,0.00,50.0
7192.00,-238.23,12607.20,349.56,2.500,0.00,50.0
7193.00,-238.69,12609.65,349.57,2.500,0.00,50.0
7194.00,-239.14,12612.11,349.57,2.500,0.00,50.0
7195.00,-239.59,12614.57,349.58,2.500,0.00,50.0
7196.00,-240.04,12617.03,349.58,2.500,0.00,50.0
7197.00,-240.50,12619.49,349.58,2.500,0.00,50.0
7198.00,-240.95,12621.95,349.59,2.500,0.00,50.0
7199.00,-241.40,12624.41,349.59,2.500,0.00,50.0
7200.00,-241.85,12626.87,349.59,2.500,5.00,50.0
7201.00,-242.30,12629.32,349.60,2.500,5.00,50.0
7202.00,-242.75,12631.78,349.61,2.500,5.00,50.0
7203.00,-243.21,12634.24,349.61,2.500,5.00,50.0
7204.00,-243.66,12636.70,349.62,2.500,5.00,50.0
7205.00,-244.11,12639.16,349.63,2.500,5.00,50.0
7206.00,-244.56,12641.62,349.64,2.500,5.00,50.0
7207.00,-245.01,12644.08,349.64,2.500,5.00,50.0
7208.00,-245.46,12646.54,349.65,2.500,5.00,50.0
7209.00,-245.90,12649.00,349.67,2.500,5.00,50.0
7210.00,-246.35,12651.46,349.68,2.500,5.00,50.0
7211.00,-246.80,12653.92,349.69,2.500,5.00,50.0
7212.00,-247.25,12656.38,349.70,2.500,5.00,50.0
7213.00,-247.70,12658.84,349.71,2.500,0.00,50.0
7214.00,-248.14,12661.30,349.72,2.500,0.00,50.0
7215.00,-248.59,12663.76,349.73,2.500,0.00,50.0
7216.00,-249.03,12666.22,349.75,2.500,0.00,50.0
7217.00,-249.48,12668.68,349.76,2.500,0.00,50.0
7218.00,-249.92,12671.14,349.77,2.500,0.00,50.0
7219.00,-250.37,12673.60,349.78,2.500,0.00,50.0
7220.00,-250.81,12676.06,349.79,2.500,0.00,50.0
7221.00,-251.25,12678.52,349.79,2.500,0.00,50.0
7222.00,-251.70,12680.98,349.80,2.500,0.00,50.0
7223.00,-252.14,12683.44,349.81,2.500,0.00,50.0
7224.00,-252.58,12685.90,349.82,2.500,0.00,50.0
7225.00,-253.02,12688.36,349.83,2.500,0.00,50.0
7226.00,-253.47,12690.82,349.84,2.500,0.00,50.0
7227.00,-253.91,12693.28,349.84,2.500,0.00,50.0
7228.00,-254.35,12695.74,349.85,2.500,0.00,50.0
7229.00,-254.79,12698.20,349.86,2.500,0.00,50.0
7230.00,-255.23,12700.66,349.86,2.500,0.00,50.0
7231.00,-255.67,12703.12,349.87,2.500,0.00,50.0
7232.00,-256.11,12705.59,349.88,2.500,0.00,50.0
7233.00,-256.55,12708.05,349.88,2.500,0.00,50.0
7234.00,-256.99,12710.51,349.89,2.500,0.00,50.0
7235.00,-257.43,12712.97,349.89,2.500,0.00,50.0
7236.00,-257.86,12715.43,349.90,2.500,0.00,50.0
7237.00,-258.30,12717.89,349.90,2.500,0.00,50.0
7238.00,-258.74,12720.35,349.91,2.500,0.00,50.0
7239.00,-259.18,12722.81,349.91,2.500,0.00,50.0
7240.00,-259.62,12725.27,349.92,2.500,0.00,50.0
7241.00,-260.05,12727.74,349.92,2.500,0.00,50.0
7242.00,-260.49,12730.20,349.93,2.500,0.00,50.0
7243.00,-260.93,12732.66,349.93,2.500,0.00,50.0
7244.00,-261.37,12735.12,349.94,2.500,0.00,50.0
7245.00,-261.80,12737.58,349.94,2.500,0.00,50.0
7246.00,-262.24,12740.04,349.94,2.500,0.00,50.0
7247.00,-262.68,12742.51,349.95,2.500,0.00,50.0
7248.00,-263.11,12744.97,349.95,2.500,0.00,50.0
7249.00,-263.55,12747.43,349.96,2.500,0.00,50.0
7250.00,-263.98,12749.89,349.96,2.500,0.00,50.0
7251.00,-264.42,12752.35,349.96,2.500,0.00,50.0
7252.00,-264.86,12754.81,349.97,2.500,0.00,50.0
7253.00,-265.29,12757.28,349.97,2.500,0.00,50.0
7254.00,-265.73,12759.74,349.97,2.500,0.00,50.0
7255.00,-266.16,12762.20,349.97,2.500,0.00,50.0
7256.00,-266.60,12764.66,349.98,2.500,0.00,50.0
7257.00,-267.03,12767.12,349.98,2.500,0.00,50.0
7258.00,-267.47,12769.58,349.98,2.500,0.00,50.0
7259.00,-267.90,12772.05,349.98,2.500,0.00,50.0
7260.00,-268.34,12774.51,349.99,2.500,0.00,50.0
7261.00,-268.77,12776.97,349.99,2.500,0.00,50.0
7262.00,-269.21,12779.43,349.99,2.500,0.00,50.0
7263.00,-269.64,12781.89,349.99,2.500,0.00,50.0
7264.00,-270.08,12784.36,350.00,2.500,0.00,50.0
7265.00,-270.51,12786.82,350.00,2.500,0.00,50.0
7266.00,-270.94,12789.28,350.00,2.500,0.00,50.0
7267.00,-271.38,12791.74,350.00,2.500,0.00,50.0
7268.00,-271.81,12794.20,350.00,2.500,0.00,50.0
7269.00,-272.25,12796.67,350.01,2.500,0.00,50.0
7270.00,-272.68,12799.13,350.01,2.500,0.00,50.0
7271.00,-273.11,12801.59,350.01,2.500,0.00,50.0
7272.00,-273.55,12804.05,350.01,2.500,0.00,50.0
7273.00,-273.98,12806.51,350.01,2.500,0.00,50.0
7274.00,-274.42,12808.98,350.01,2.500,0.00,50.0
7275.00,-274.85,12811.44,350.02,2.500,0.00,50.0
7276.00,-275.28,12813.90,350.02,2.500,0.00,50.0
7277.00,-275.72,12816.36,350.02,2.500,0.00,50.0
7278.00,-276.15,12818.83,350.02,2.500,0.00,50.0
7279.00,-276.58,12821.29,350.02,2.500,0.00,50.0
7280.00,-277.02,12823.75,350.02,2.500,0.00,50.0
7281.00,-277.45,12826.21,350.02,2.500,0.00,50.0
7282.00,-277.88,12828.67,350.02,2.500,0.00,50.0
7283.00,-278.32,12831.14,350.03,2.500,5.00,50.0
7284.00,-278.75,12833.60,350.03,2.500,5.00,50.0
7285.00,-279.18,12836.06,350.03,2.500,5.00,50.0
7286.00,-279.61,12838.52,350.04,2.500,5.00,50.0
7287.00,-280.05,12840.99,350.04,2.500,5.00,50.0
7288.00,-280.48,12843.45,350.05,2.500,5.00,50.0
7289.00,-280.91,12845.91,350.06,2.500,5.00,50.0
7290.00,-281.34,12848.37,350.06,2.500,5.00,50.0
7291.00,-281.77,12850.84,350.07,2.500,5.00,50.0
7292.00,-282.20,12853.30,350.08,2.500,5.00,50.0
7293.00,-282.64,12855.76,350.09,2.500,5.00,50.0
7294.00,-283.07,12858.22,350.10,2.500,5.00,50.0
7295.00,-283.50,12860.69,350.11,2.500,5.00,50.0
7296.00,-283.92,12863.15,350.12,2.500,5.00,50.0
7297.00,-284.35,12865.61,350.13,2.500,0.00,50.0
7298.00,-284.78,12868.07,350.15,2.500,0.00,50.0
7299.00,-285.21,12870.54,350.16,2.500,0.00,50.0
7300.00,-285.64,12873.00,350.17,2.500,0.00,50.0
7301.00,-286.06,12875.46,350.18,2.500,0.00,50.0
7302.00,-286.49,12877.93,350.18,2.500,0.00,50.0
7303.00,-286.92,12880.39,350.19,2.500,0.00,50.0
7304.00,-287.34,12882.85,350.20,2.500,0.00,50.0
7305.00,-287.77,12885.32,350.21,2.500,0.00,50.0
7306.00,-288.19,12887.78,350.22,2.500,0.00,50.0
7307.00,-288.62,12890.25,350.23,2.500,0.00,50.0
7308.00,-289.04,12892.71,350.23,2.500,0.00,50.0
7309.00,-289.47,12895.17,350.24,2.500,0.00,50.0
7310.00,-289.89,12897.64,350.25,2.500,0.00,50.0
7311.00,-290.31,12900.10,350.26,2.500,0.00,50.0
7312.00,-290.74,12902.56,350.26,2.500,0.00,50.0
7313.00,-291.16,12905.03,350.27,2.500,0.00,50.0
7314.00,-291.58,12907.49,350.28,2.500,0.00,50.0
7315.00,-292.00,12909.96,350.28,2.500,0.00,50.0
7316.00,-292.43,12912.42,350.29,2.500,0.00,50.0
7317.00,-292.85,12914.88,350.29,2.500,0.00,50.0
7318.00,-293.27,12917.35,350.30,2.500,0.00,50.0
7319.00,-293.69,12919.81,350.30,2.500,0.00,50.0
7320.00,-294.11,12922.28,350.31,2.500,0.00,50.0
7321.00,-294.53,12924.74,350.31,2.500,0.00,50.0
7322.00,-294.95,12927.21,350.32,2.500,0.00,50.0
7323.00,-295.37,12929.67,350.32,2.500,0.00,50.0
7324.00,-295.79,12932.13,350.33,2.500,0.00,50.0
7325.00,-296.21,12934.60,350.33,2.500,0.00,50.0
7326.00,-296.63,12937.06,350.34,2.500,0.00,50.0
7327.00,-297.05,12939.53,350.34,2.500,0.00,50.0
7328.00,-297.47,12941.99,350.34,2.500,0.00,50.0
7329.00,-297.89,12944.46,350.35,2.500,0.00,50.0
7330.00,-298.31,12946.92,350.35,2.500,0.00,50.0
7331.00,-298.73,12949.39,350.36,2.500,0.00,50.0
7332.00,-299.15,12951.85,350.36,2.500,0.00,50.0
7333.00,-299.57,12954.32,350.36,2.500,0.00,50.0
7334.00,-299.99,12956.78,350.37,2.500,0.00,50.0
7335.00,-300.40,12959.25,350.37,2.500,0.00,50.0
7336.00,-300.82,12961.71,350.37,2.500,0.00,50.0
7337.00,-301.24,12964.18,350.37,2.500,0.00,50.0
7338.00,-301.66,12966.64,350.38,2.500,0.00,50.0
7339.00,-302.08,12969.10,350.38,2.500,0.00,50.0
7340.00,-302.49,12971.57,350.38,2.500,0.00,50.0
7341.00,-302.91,12974.03,350.38,2.500,0.00,50.0
7342.00,-303.33,12976.50,350.39,2.500,0.00,50.0
7343.00,-303.75,12978.96,350.39,2.500,0.00,50.0
7344.00,-304.16,12981.43,350.39,2.500,0.00,50.0
7345.00,-304.58,12983.89,350.39,2.500,0.00,50.0
7346.00,-305.00,12986.36,350.40,2.500,0.00,50.0
7347.00,-305.42,12988.82,350.40,2.500,0.00,50.0
7348.00,-305.83,12991.29,350.40,2.500,0.00,50.0
7349.00,-306.25,12993.75,350.40,2.500,0.00,50.0
7350.00,-306.67,12996.22,350.40,2.500,0.00,50.0
7351.00,-307.08,12998.68,350.41,2.500,0.00,50.0
7352.00,-307.50,13001.15,350.41,2.500,0.00,50.0
7353.00,-307.92,13003.61,350.41,2.500,0.00,50.0
7354.00,-308.33,13006.08,350.41,2.500,0.00,50.0
7355.00,-308.75,13008.54,350.41,2.500,0.00,50.0
7356.00,-309.17,13011.01,350.41,2.500,0.00,50.0
7357.00,-309.58,13013.47,350.41,2.500,0.00,50.0
7358.00,-310.00,13015.94,350.42,2.500,0.00,50.0
7359.00,-310.42,13018.40,350.42,2.500,0.00,50.0
7360.00,-310.83,13020.87,350.42,2.500,0.00,50.0
7361.00,-311.25,13023.33,350.42,2.500,0.00,50.0
7362.00,-311.66,13025.80,350.42,2.500,0.00,50.0
7363.00,-312.08,13028.27,350.42,2.500,0.00,50.0
7364.00,-312.50,13030.73,350.42,2.500,0.00,50.0
7365.00,-312.91,13033.20,350.42,2.500,0.00,50.0
7366.00,-313.33,13035.66,350.43,2.500,0.00,50.0
7367.00,-313.74,13038.13,350.43,2.500,0.00,50.0
7368.00,-314.16,13040.59,350.43,2.500,0.00,50.0
7369.00,-314.57,13043.06,350.43,2.500,0.00,50.0
7370.00,-314.99,13045.52,350.43,2.500,0.00,50.0
7371.00,-315.41,13047.99,350.43,2.500,0.00,50.0
7372.00,-315.82,13050.45,350.43,2.500,0.00,50.0
7373.00,-316.24,13052.92,350.43,2.500,0.00,50.0
7374.00,-316.65,13055.38,350.43,2.500,0.00,50.0
7375.00,-317.07,13057.85,350.43,2.500,0.00,50.0
7376.00,-317.48,13060.31,350.43,2.500,0.00,50.0
7377.00,-317.90,13062.78,350.44,2.500,0.00,50.0
7378.00,-318.31,13065.24,350.44,2.500,0.00,50.0
7379.00,-318.73,13067.71,350.44,2.500,0.00,50.0
7380.00,-319.15,13070.17,350.44,2.500,0.00,50.0
7381.00,-319.56,13072.64,350.44,2.500,0.00,50.0
7382.00,-319.98,13075.10,350.44,2.500,0.00,50.0
7383.00,-320.39,13077.57,350.44,2.500,0.00,50.0
7384.00,-320.81,13080.03,350.44,2.500,0.00,50.0
7385.00,-321.22,13082.50,350.44,2.500,0.00,50.0
7386.00,-321.64,13084.97,350.44,2.500,0.00,50.0
7387.00,-322.05,13087.43,350.44,2.500,0.00,50.0
7388.00,-322.47,13089.90,350.44,2.500,0.00,50.0
7389.00,-322.88,13092.36,350.44,2.500,0.00,50.0
7390.00,-323.30,13094.83,350.44,2.500,0.00,50.0
7391.00,-323.71,13097.29,350.44,2.500,0.00,50.0
7392.00,-324.13,13099.76,350.44,2.500,0.00,50.0
7393.00,-324.54,13102.22,350.44,2.500,0.00,50.0
7394.00,-324.96,13104.69,350.45,2.500,0.00,50.0
7395.00,-325.37,13107.15,350.45,2.500,0.00,50.0
7396.00,-325.79,13109.62,350.45,2.500,0.00,50.0
7397.00,-326.20,13112.08,350.45,2.500,0.00,50.0
7398.00,-326.62,13114.55,350.45,2.500,0.00,50.0
7399.00,-327.03,13117.01,350.45,2.500,0.00,50.0
7400.00,-327.45,13119.48,350.45,2.500,0.00,50.0
7401.00,-327.86,13121.95,350.45,2.500,0.00,50.0
7402.00,-328.28,13124.41,350.45,2.500,0.00,50.0
7403.00,-328.69,13126.88,350.45,2.500,0.00,50.0
7404.00,-329.11,13129.34,350.45,2.500,0.00,50.0
7405.00,-329.52,13131.81,350.45,2.500,0.00,50.0
7406.00,-329.94,13134.27,350.45,2.500,0.00,50.0
7407.00,-330.35,13136.74,350.45,2.500,0.00,50.0
7408.00,-330.77,13139.20,350.45,2.500,0.00,50.0
7409.00,-331.18,13141.67,350.45,2.500,0.00,50.0
7410.00,-331.60,13144.13,350.45,2.500,0.00,50.0
7411.00,-332.01,13146.60,350.45,2.500,0.00,50.0
7412.00,-332.42,13149.06,350.45,2.500,0.00,50.0
7413.00,-332.84,13151.53,350.45,2.500,0.00,50.0
7414.00,-333.25,13153.99,350.45,2.500,0.00,50.0
7415.00,-333.67,13156.46,350.45,2.500,0.00,50.0
7416.00,-334.08,13158.93,350.45,2.500,0.00,50.0
7417.00,-334.50,13161.39,350.45,2.500,0.00,50.0
7418.00,-334.91,13163.86,350.45,2.500,0.00,50.0
7419.00,-335.33,13166.32,350.45,2.500,0.00,50.0
7420.00,-335.74,13168.79,350.45,2.500,0.00,50.0
7421.00,-336.16,13171.25,350.45,2.500,0.00,50.0
7422.00,-336.57,13173.72,350.45,2.500,0.00,50.0
7423.00,-336.99,13176.18,350.45,2.500,0.00,50.0
7424.00,-337.40,13178.65,350.45,2.500,0.00,50.0
7425.00,-337.82,13181.11,350.45,2.500,0.00,50.0
7426.00,-338.23,13183.58,350.45,2.500,0.00,50.0
7427.00,-338.64,13186.04,350.45,2.500,0.00,50.0
7428.00,-339.06,13188.51,350.45,2.500,0.00,50.0
7429.00,-339.47,13190.98,350.45,2.500,0.00,50.0
7430.00,-339.89,13193.44,350.45,2.500,0.00,50.0
7431.00,-340.30,13195.91,350.45,2.500,0.00,50.0
7432.00,-340.72,13198.37,350.45,2.500,0.00,50.0
7433.00,-341.13,13200.84,350.45,2.500,0.00,50.0
7434.00,-341.55,13203.30,350.45,2.500,0.00,50.0
7435.00,-341.96,13205.77,350.45,2.500,0.00,50.0
7436.00,-342.38,13208.23,350.45,2.500,0.00,50.0
7437.00,-342.79,13210.70,350.45,2.500,0.00,50.0
7438.00,-343.21,13213.16,350.45,2.500,0.00,50.0
7439.00,-343.62,13215.63,350.45,2.500,0.00,50.0
7440.00,-344.03,13218.09,350.45,2.500,0.00,50.0
7441.00,-344.45,13220.56,350.45,2.500,0.00,50.0
7442.00,-344.86,13223.03,350.45,2.500,0.00,50.0
7443.00,-345.28,13225.49,350.45,2.500,0.00,50.0
7444.00,-345.69,13227.96,350.45,2.500,0.00,50.0
7445.00,-346.11,13230.42,350.46,2.500,0.00,50.0
7446.00,-346.52,13232.89,350.46,2.500,5.00,50.0
7447.00,-346.94,13235.35,350.46,2.500,5.00,50.0
7448.00,-347.35,13237.82,350.46,2.500,5.00,50.0
7449.00,-347.77,13240.28,350.46,2.500,5.00,50.0
7450.00,-348.18,13242.75,350.47,2.500,5.00,50.0
7451.00,-348.59,13245.21,350.47,2.500,5.00,50.0
7452.00,-349.01,13247.68,350.48,2.500,5.00,50.0
7453.00,-349.42,13250.14,350.49,2.500,5.00,50.0
7454.00,-349.83,13252.61,350.49,2.500,5.00,50.0
7455.00,-350.25,13255.08,350.50,2.500,5.00,50.0
7456.00,-350.66,13257.54,350.51,2.500,5.00,50.0
7457.00,-351.07,13260.01,350.52,2.500,0.00,50.0
7458.00,-351.48,13262.47,350.53,2.500,0.00,50.0
7459.00,-351.89,13264.94,350.54,2.500,0.00,50.0
7460.00,-352.31,13267.41,350.54,2.500,0.00,50.0
7461.00,-352.72,13269.87,350.55,2.500,0.00,50.0
7462.00,-353.13,13272.34,350.56,2.500,0.00,50.0
7463.00,-353.54,13274.80,350.57,2.500,0.00,50.0
7464.00,-353.95,13277.27,350.57,2.500,0.00,50.0
7465.00,-354.36,13279.74,350.58,2.500,0.00,50.0
7466.00,-354.76,13282.20,350.59,2.500,0.00,50.0
7467.00,-355.17,13284.67,350.59,2.500,0.00,50.0
7468.00,-355.58,13287.14,350.60,2.500,0.00,50.0
7469.00,-355.99,13289.60,350.60,2.500,0.00,50.0
7470.00,-356.40,13292.07,350.61,2.500,0.00,50.0
7471.00,-356.81,13294.53,350.62,2.500,0.00,50.0
7472.00,-357.21,13297.00,350.62,2.500,0.00,50.0
7473.00,-357.62,13299.47,350.63,2.500,0.00,50.0
7474.00,-358.03,13301.93,350.63,2.500,0.00,50.0
7475.00,-358.44,13304.40,350.64,2.500,0.00,50.0
7476.00,-358.84,13306.87,350.64,2.500,0.00,50.0
7477.00,-359.25,13309.33,350.64,2.500,0.00,50.0
7478.00,-359.66,13311.80,350.65,2.500,0.00,50.0
7479.00,-360.06,13314.27,350.65,2.500,0.00,50.0
7480.00,-360.47,13316.73,350.66,2.500,0.00,50.0
7481.00,-360.87,13319.20,350.66,2.500,0.00,50.0
7482.00,-361.28,13321.67,350.66,2.500,0.00,50.0
7483.00,-361.69,13324.14,350.67,2.500,0.00,50.0
7484.00,-362.09,13326.60,350.67,2.500,0.00,50.0
7485.00,-362.50,13329.07,350.67,2.500,0.00,50.0
7486.00,-362.90,13331.54,350.68,2.500,0.00,50.0
7487.00,-363.31,13334.00,350.68,2.500,0.00,50.0
7488.00,-363.71,13336.47,350.68,2.500,0.00,50.0
7489.00,-364.12,13338.94,350.69,2.500,0.00,50.0
7490.00,-364.52,13341.40,350.69,2.500,0.00,50.0
7491.00,-364.92,13343.87,350.69,2.500,0.00,50.0
7492.00,-365.33,13346.34,350.69,2.500,0.00,50.0
7493.00,-365.73,13348.81,350.70,2.500,0.00,50.0
7494.00,-366.14,13351.27,350.70,2.500,0.00,50.0
7495.00,-366.54,13353.74,350.70,2.500,0.00,50.0
7496.00,-366.95,13356.21,350.70,2.500,0.00,50.0
7497.00,-367.35,13358.67,350.71,2.500,0.00,50.0
7498.00,-367.75,13361.14,350.71,2.500,0.00,50.0
7499.00,-368.16,13363.61,350.71,2.500,0.00,50.0
7500.00,-368.56,13366.08,350.71,2.500,0.00,50.0
7501.00,-368.96,13368.54,350.72,2.500,0.00,50.0
7502.00,-369.37,13371.01,350.72,2.500,0.00,50.0
7503.00,-369.77,13373.48,350.72,2.500,0.00,50.0
7504.00,-370.17,13375.94,350.72,2.500,0.00,50.0
7505.00,-370.58,13378.41,350.72,2.500,0.00,50.0
7506.00,-370.98,13380.88,350.72,2.500,0.00,50.0
7507.00,-371.38,13383.35,350.73,2.500,0.00,50.0
7508.00,-371.79,13385.81,350.73,2.500,0.00,50.0
7509.00,-372.19,13388.28,350.73,2.500,0.00,50.0
7510.00,-372.59,13390.75,350.73,2.500,0.00,50.0
7511.00,-372.99,13393.22,350.73,2.500,0.00,50.0
7512.00,-373.40,13395.68,350.73,2.500,0.00,50.0
7513.00,-373.80,13398.15,350.73,2.500,0.00,50.0
7514.00,-374.20,13400.62,350.74,2.500,0.00,50.0
7515.00,-374.60,13403.09,350.74,2.500,0.00,50.0
7516.00,-375.01,13405.55,350.74,2.500,0.00,50.0
7517.00,-375.41,13408.02,350.74,2.500,0.00,50.0
7518.00,-375.81,13410.49,350.74,2.500,5.00,50.0
7519.00,-376.21,13412.95,350.74,2.500,5.00,50.0
7520.00,-376.62,13415.42,350.75,2.500,5.00,50.0
7521.00,-377.02,13417.89,350.75,2.500,5.00,50.0
7522.00,-377.42,13420.36,350.76,2.500,5.00,50.0
7523.00,-377.82,13422.82,350.76,2.500,5.00,50.0
7524.00,-378.22,13425.29,350.77,2.500,5.00,50.0
7525.00,-378.62,13427.76,350.78,2.500,5.00,50.0
7526.00,-379.02,13430.23,350.79,2.500,5.00,50.0
7527.00,-379.42,13432.70,350.80,2.500,5.00,50.0
7528.00,-379.82,13435.16,350.81,2.500,5.00,50.0
7529.00,-380.22,13437.63,350.82,2.500,5.00,50.0
7530.00,-380.62,13440.10,350.83,2.500,5.00,50.0
7531.00,-381.02,13442.57,350.84,2.500,0.00,50.0
7532.00,-381.42,13445.04,350.85,2.500,0.00,50.0
7533.00,-381.82,13447.50,350.86,2.500,0.00,50.0
7534.00,-382.21,13449.97,350.87,2.500,0.00,50.0
7535.00,-382.61,13452.44,350.88,2.500,0.00,50.0
7536.00,-383.01,13454.91,350.88,2.500,0.00,50.0
7537.00,-383.40,13457.38,350.89,2.500,0.00,50.0
7538.00,-383.80,13459.85,350.90,2.500,0.00,50.0
7539.00,-384.19,13462.31,350.91,2.500,0.00,50.0
7540.00,-384.59,13464.78,350.92,2.500,0.00,50.0
7541.00,-384.98,13467.25,350.92,2.500,0.00,50.0
7542.00,-385.38,13469.72,350.93,2.500,0.00,50.0
7543.00,-385.77,13472.19,350.94,2.500,0.00,50.0
7544.00,-386.17,13474.66,350.95,2.500,0.00,50.0
7545.00,-386.56,13477.13,350.95,2.500,0.00,50.0
7546.00,-386.95,13479.60,350.96,2.500,0.00,50.0
7547.00,-387.35,13482.06,350.97,2.500,0.00,50.0
7548.00,-387.74,13484.53,350.97,2.500,0.00,50.0
7549.00,-388.13,13487.00,350.98,2.500,0.00,50.0
7550.00,-388.52,13489.47,350.98,2.500,0.00,50.0
7551.00,-388.91,13491.94,350.99,2.500,0.00,50.0
7552.00,-389.31,13494.41,350.99,2.500,0.00,50.0
7553.00,-389.70,13496.88,351.00,2.500,0.00,50.0
7554.00,-390.09,13499.35,351.00,2.500,0.00,50.0
7555.00,-390.48,13501.82,351.01,2.500,0.00,50.0
7556.00,-390.87,13504.29,351.01,2.500,0.00,50.0
7557.00,-391.26,13506.76,351.02,2.500,0.00,50.0
7558.00,-391.65,13509.22,351.02,2.500,0.00,50.0
7559.00,-392.04,13511.69,351.02,2.500,0.00,50.0
7560.00,-392.43,13514.16,351.03,2.500,0.00,50.0
7561.00,-392.82,13516.63,351.03,2.500,0.00,50.0
7562.00,-393.21,13519.10,351.04,2.500,0.00,50.0
7563.00,-393.60,13521.57,351.04,2.500,0.00,50.0
7564.00,-393.99,13524.04,351.04,2.500,0.00,50.0
7565.00,-394.38,13526.51,351.05,2.500,0.00,50.0
7566.00,-394.77,13528.98,351.05,2.500,0.00,50.0
7567.00,-395.16,13531.45,351.05,2.500,0.00,50.0
7568.00,-395.55,13533.92,351.06,2.500,0.00,50.0
7569.00,-395.93,13536.39,351.06,2.500,0.00,50.0
7570.00,-396.32,13538.86,351.06,2.500,0.00,50.0
7571.00,-396.71,13541.33,351.06,2.500,0.00,50.0
7572.00,-397.10,13543.80,351.07,2.500,0.00,50.0
7573.00,-397.49,13546.27,351.07,2.500,0.00,50.0
7574.00,-397.88,13548.74,351.07,2.500,0.00,50.0
7575.00,-398.26,13551.21,351.07,2.500,0.00,50.0
7576.00,-398.65,13553.68,351.08,2.500,0.00,50.0
7577.00,-399.04,13556.15,351.08,2.500,0.00,50.0
7578.00,-399.43,13558.62,351.08,2.500,0.00,50.0
7579.00,-399.82,13561.09,351.08,2.500,0.00,50.0
7580.00,-400.20,13563.56,351.08,2.500,0.00,50.0
7581.00,-400.59,13566.03,351.09,2.500,0.00,50.0
7582.00,-400.98,13568.50,351.09,2.500,0.00,50.0
7583.00,-401.36,13570.97,351.09,2.500,0.00,50.0
7584.00,-401.75,13573.44,351.09,2.500,0.00,50.0
7585.00,-402.14,13575.91,351.09,2.500,0.00,50.0
7586.00,-402.53,13578.37,351.10,2.500,0.00,50.0
7587.00,-402.91,13580.84,351.10,2.500,0.00,50.0
7588.00,-403.30,13583.31,351.10,2.500,0.00,50.0
7589.00,-403.69,13585.78,351.10,2.500,0.00,50.0
7590.00,-404.07,13588.25,351.10,2.500,0.00,50.0
7591.00,-404.46,13590.72,351.10,2.500,0.00,50.0
7592.00,-404.85,13593.19,351.10,2.500,0.00,50.0
7593.00,-405.23,13595.66,351.11,2.500,0.00,50.0
7594.00,-405.62,13598.13,351.11,2.500,0.00,50.0
7595.00,-406.01,13600.60,351.11,2.500,0.00,50.0
7596.00,-406.39,13603.07,351.11,2.500,0.00,50.0
7597.00,-406.78,13605.54,351.11,2.500,0.00,50.0
7598.00,-407.17,13608.01,351.11,2.500,0.00,50.0
7599.00,-407.55,13610.48,351.11,2.500,0.00,50.0
7600.00,-407.94,13612.95,351.11,2.500,0.00,50.0
7601.00,-408.32,13615.42,351.11,2.500,0.00,50.0
7602.00,-408.71,13617.89,351.12,2.500,0.00,50.0
7603.00,-409.10,13620.36,351.12,2.500,0.00,50.0
7604.00,-409.48,13622.83,351.12,2.500,0.00,50.0
7605.00,-409.87,13625.30,351.12,2.500,0.00,50.0
7606.00,-410.26,13627.77,351.12,2.500,0.00,50.0
7607.00,-410.64,13630.24,351.12,2.500,0.00,50.0
7608.00,-411.03,13632.71,351.12,2.500,0.00,50.0
7609.00,-411.41,13635.18,351.12,2.500,0.00,50.0
7610.00,-411.80,13637.65,351.12,2.500,0.00,50.0
7611.00,-412.18,13640.12,351.12,2.500,0.00,50.0
7612.00,-412.57,13642.59,351.12,2.500,0.00,50.0
7613.00,-412.96,13645.06,351.12,2.500,0.00,50.0
7614.00,-413.34,13647.53,351.12,2.500,0.00,50.0
7615.00,-413.73,13650.00,351.13,2.500,0.00,50.0
7616.00,-414.11,13652.47,351.13,2.500,0.00,50.0
7617.00,-414.50,13654.94,351.13,2.500,0.00,50.0
7618.00,-414.88,13657.41,351.13,2.500,0.00,50.0
7619.00,-415.27,13659.88,351.13,2.500,0.00,50.0
7620.00,-415.66,13662.35,351.13,2.500,0.00,50.0
7621.00,-416.04,13664.82,351.13,2.500,0.00,50.0
7622.00,-416.43,13667.30,351.13,2.500,0.00,50.0
7623.00,-416.81,13669.77,351.13,2.500,0.00,50.0
7624.00,-417.20,13672.24,351.13,2.500,0.00,50.0
7625.00,-417.58,13674.71,351.13,2.500,0.00,50.0
7626.00,-417.97,13677.18,351.13,2.500,0.00,50.0
7627.00,-418.35,13679.65,351.13,2.500,0.00,50.0
7628.00,-418.74,13682.12,351.13,2.500,0.00,50.0
7629.00,-419.13,13684.59,351.13,2.500,0.00,50.0
7630.00,-419.51,13687.06,351.13,2.500,0.00,50.0
7631.00,-419.90,13689.53,351.13,2.500,0.00,50.0
7632.00,-420.28,13692.00,351.13,2.500,0.00,50.0
7633.00,-420.67,13694.47,351.13,2.500,0.00,50.0
7634.00,-421.05,13696.94,351.13,2.500,0.00,50.0
7635.00,-421.44,13699.41,351.13,2.500,0.00,50.0
7636.00,-421.82,13701.88,351.14,2.500,5.00,50.0
7637.00,-422.21,13704.35,351.14,2.500,5.00,50.0
7638.00,-422.59,13706.82,351.14,2.500,5.00,50.0
7639.00,-422.98,13709.29,351.14,2.500,5.00,50.0
7640.00,-423.36,13711.76,351.15,2.500,5.00,50.0
7641.00,-423.75,13714.23,351.15,2.500,5.00,50.0
7642.00,-424.13,13716.70,351.16,2.500,5.00,50.0
7643.00,-424.52,13719.17,351.17,2.500,5.00,50.0
7644.00,-424.90,13721.64,351.18,2.500,5.00,50.0
7645.00,-425.28,13724.11,351.18,2.500,5.00,50.0
7646.00,-425.67,13726.58,351.19,2.500,5.00,50.0
7647.00,-426.05,13729.05,351.20,2.500,5.00,50.0
7648.00,-426.43,13731.52,351.21,2.500,5.00,50.0
7649.00,-426.81,13733.99,351.22,2.500,5.00,50.0
7650.00,-427.20,13736.46,351.24,2.500,5.00,50.0
7651.00,-427.58,13738.93,351.25,2.500,5.00,50.0
7652.00,-427.96,13741.40,351.26,2.500,0.00,50.0
7653.00,-428.34,13743.87,351.27,2.500,0.00,50.0
7654.00,-428.72,13746.35,351.28,2.500,0.00,50.0
7655.00,-429.09,13748.82,351.29,2.500,0.00,50.0
7656.00,-429.47,13751.29,351.30,2.500,0.00,50.0
7657.00,-429.85,13753.76,351.31,2.500,0.00,50.0
7658.00,-430.23,13756.23,351.32,2.500,0.00,50.0
7659.00,-430.61,13758.70,351.33,2.500,0.00,50.0
7660.00,-430.98,13761.17,351.34,2.500,0.00,50.0
7661.00,-431.36,13763.64,351.35,2.500,0.00,50.0
7662.00,-431.74,13766.12,351.36,2.500,0.00,50.0
7663.00,-432.11,13768.59,351.37,2.500,0.00,50.0
7664.00,-432.49,13771.06,351.37,2.500,0.00,50.0
7665.00,-432.86,13773.53,351.38,2.500,0.00,50.0
7666.00,-433.24,13776.00,351.39,2.500,0.00,50.0
7667.00,-433.61,13778.47,351.40,2.500,0.00,50.0
7668.00,-433.98,13780.95,351.40,2.500,0.00,50.0
7669.00,-434.36,13783.42,351.41,2.500,0.00,50.0
7670.00,-434.73,13785.89,351.42,2.500,0.00,50.0
7671.00,-435.10,13788.36,351.42,2.500,0.00,50.0
7672.00,-435.48,13790.83,351.43,2.500,0.00,50.0
7673.00,-435.85,13793.31,351.43,2.500,0.00,50.0
7674.00,-436.22,13795.78,351.44,2.500,0.00,50.0
7675.00,-436.60,13798.25,351.44,2.500,0.00,50.0
7676.00,-436.97,13800.72,351.45,2.500,0.00,50.0
7677.00,-437.34,13803.20,351.45,2.500,0.00,50.0
7678.00,-437.71,13805.67,351.46,2.500,0.00,50.0
7679.00,-438.08,13808.14,351.46,2.500,0.00,50.0
7680.00,-438.45,13810.61,351.47,2.500,0.00,50.0
7681.00,-438.82,13813.08,351.47,2.500,0.00,50.0
7682.00,-439.19,13815.56,351.48,2.500,0.00,50.0
7683.00,-439.56,13818.03,351.48,2.500,0.00,50.0
7684.00,-439.94,13820.50,351.48,2.500,0.00,50.0
7685.00,-440.31,13822.97,351.49,2.500,0.00,50.0
7686.00,-440.68,13825.45,351.49,2.500,0.00,50.0
7687.00,-441.05,13827.92,351.50,2.500,0.00,50.0
7688.00,-441.41,13830.39,351.50,2.500,0.00,50.0
7689.00,-441.78,13832.86,351.50,2.500,0.00,50.0
7690.00,-442.15,13835.34,351.51,2.500,0.00,50.0
7691.00,-442.52,13837.81,351.51,2.500,0.00,50.0
7692.00,-442.89,13840.28,351.51,2.500,0.00,50.0
7693.00,-443.26,13842.75,351.52,2.500,0.00,50.0
7694.00,-443.63,13845.23,351.52,2.500,0.00,50.0
7695.00,-444.00,13847.70,351.52,2.500,0.00,50.0
7696.00,-444.37,13850.17,351.52,2.500,0.00,50.0
7697.00,-444.74,13852.65,351.53,2.500,0.00,50.0
7698.00,-445.10,13855.12,351.53,2.500,0.00,50.0
7699.00,-445.47,13857.59,351.53,2.500,0.00,50.0
7700.00,-445.84,13860.06,351.53,2.500,0.00,50.0
7701.00,-446.21,13862.54,351.54,2.500,0.00,50.0
7702.00,-446.58,13865.01,351.54,2.500,0.00,50.0
7703.00,-446.94,13867.48,351.54,2.500,0.00,50.0
7704.00,-447.31,13869.95,351.54,2.500,0.00,50.0
7705.00,-447.68,13872.43,351.54,2.500,0.00,50.0
7706.00,-448.05,13874.90,351.55,2.500,0.00,50.0
7707.00,-448.42,13877.37,351.55,2.500,0.00,50.0
7708.00,-448.78,13879.85,351.55,2.500,0.00,50.0
7709.00,-449.15,13882.32,351.55,2.500,0.00,50.0
7710.00,-449.52,13884.79,351.55,2.500,0.00,50.0
7711.00,-449.88,13887.26,351.55,2.500,0.00,50.0
7712.00,-450.25,13889.74,351.56,2.500,0.00,50.0
7713.00,-450.62,13892.21,351.56,2.500,0.00,50.0
7714.00,-450.99,13894.68,351.56,2.500,0.00,50.0
7715.00,-451.35,13897.16,351.56,2.500,0.00,50.0
7716.00,-451.72,13899.63,351.56,2.500,0.00,50.0
7717.00,-452.09,13902.10,351.56,2.500,0.00,50.0
7718.00,-452.45,13904.57,351.56,2.500,0.00,50.0
7719.00,-452.82,13907.05,351.56,2.500,0.00,50.0
7720.00,-453.19,13909.52,351.57,2.500,0.00,50.0
7721.00,-453.55,13911.99,351.57,2.500,0.00,50.0
7722.00,-453.92,13914.47,351.57,2.500,0.00,50.0
7723.00,-454.29,13916.94,351.57,2.500,0.00,50.0
7724.00,-454.65,13919.41,351.57,2.500,0.00,50.0
7725.00,-455.02,13921.89,351.57,2.500,0.00,50.0
7726.00,-455.39,13924.36,351.57,2.500,0.00,50.0
7727.00,-455.75,13926.83,351.57,2.500,0.00,50.0
7728.00,-456.12,13929.30,351.57,2.500,0.00,50.0
7729.00,-456.49,13931.78,351.57,2.500,0.00,50.0
7730.00,-456.85,13934.25,351.58,2.500,0.00,50.0
7731.00,-457.22,13936.72,351.58,2.500,0.00,50.0
7732.00,-457.58,13939.20,351.58,2.500,0.00,50.0
7733.00,-457.95,13941.67,351.58,2.500,0.00,50.0
7734.00,-458.32,13944.14,351.58,2.500,0.00,50.0
7735.00,-458.68,13946.62,351.58,2.500,0.00,50.0
7736.00,-459.05,13949.09,351.58,2.500,0.00,50.0
7737.00,-459.42,13951.56,351.58,2.500,0.00,50.0
7738.00,-459.78,13954.03,351.58,2.500,0.00,50.0
7739.00,-460.15,13956.51,351.58,2.500,0.00,50.0
7740.00,-460.51,13958.98,351.58,2.500,0.00,50.0
7741.00,-460.88,13961.45,351.58,2.500,0.00,50.0
7742.00,-461.25,13963.93,351.58,2.500,0.00,50.0
7743.00,-461.61,13966.40,351.58,2.500,0.00,50.0
7744.00,-461.98,13968.87,351.58,2.500,0.00,50.0
7745.00,-462.34,13971.35,351.59,2.500,0.00,50.0
7746.00,-462.71,13973.82,351.59,2.500,0.00,50.0
7747.00,-463.07,13976.29,351.59,2.500,0.00,50.0
7748.00,-463.44,13978.77,351.59,2.500,0.00,50.0
7749.00,-463.81,13981.24,351.59,2.500,0.00,50.0
7750.00,-464.17,13983.71,351.59,2.500,0.00,50.0
7751.00,-464.54,13986.18,351.59,2.500,0.00,50.0
7752.00,-464.90,13988.66,351.59,2.500,0.00,50.0
7753.00,-465.27,13991.13,351.59,2.500,0.00,50.0
7754.00,-465.63,13993.60,351.59,2.500,0.00,50.0
7755.00,-466.00,13996.08,351.59,2.500,0.00,50.0
7756.00,-466.37,13998.55,351.59,2.500,0.00,50.0
7757.00,-466.73,14001.02,351.59,2.500,0.00,50.0
7758.00,-467.10,14003.50,351.59,2.500,0.00,50.0
7759.00,-467.46,14005.97,351.59,2.500,0.00,50.0
7760.00,-467.83,14008.44,351.59,2.500,0.00,50.0
7761.00,-468.19,14010.92,351.59,2.500,0.00,50.0
7762.00,-468.56,14013.39,351.59,2.500,0.00,50.0
7763.00,-468.93,14015.86,351.59,2.500,0.00,50.0
7764.00,-469.29,14018.34,351.59,2.500,0.00,50.0
7765.00,-469.66,14020.81,351.59,2.500,0.00,50.0
7766.00,-470.02,14023.28,351.59,2.500,0.00,50.0
7767.00,-470.39,14025.75,351.59,2.500,0.00,50.0
7768.00,-470.75,14028.23,351.59,2.500,0.00,50.0
7769.00,-471.12,14030.70,351.59,2.500,0.00,50.0
7770.00,-471.48,14033.17,351.59,2.500,0.00,50.0
7771.00,-471.85,14035.65,351.59,2.500,0.00,50.0
7772.00,-472.21,14038.12,351.59,2.500,0.00,50.0
7773.00,-472.58,14040.59,351.59,2.500,0.00,50.0
7774.00,-472.95,14043.07,351.59,2.500,0.00,50.0
7775.00,-473.31,14045.54,351.59,2.500,0.00,50.0
7776.00,-473.68,14048.01,351.59,2.500,0.00,50.0
7777.00,-474.04,14050.49,351.60,2.500,0.00,50.0
7778.00,-474.41,14052.96,351.60,2.500,0.00,50.0
7779.00,-474.77,14055.43,351.60,2.500,0.00,50.0
7780.00,-475.14,14057.91,351.60,2.500,0.00,50.0
7781.00,-475.50,14060.38,351.60,2.500,0.00,50.0
7782.00,-475.87,14062.85,351.60,2.500,0.00,50.0
7783.00,-476.23,14065.33,351.60,2.500,0.00,50.0
7784.00,-476.60,14067.80,351.60,2.500,0.00,50.0
7785.00,-476.97,14070.27,351.60,2.500,0.00,50.0
7786.00,-477.33,14072.74,351.60,2.500,0.00,50.0
7787.00,-477.70,14075.22,351.60,2.500,0.00,50.0
7788.00,-478.06,14077.69,351.60,2.500,0.00,50.0
7789.00,-478.43,14080.16,351.60,2.500,0.00,50.0
7790.00,-478.79,14082.64,351.60,2.500,0.00,50.0
7791.00,-479.16,14085.11,351.60,2.500,5.00,50.0
7792.00,-479.52,14087.58,351.60,2.500,5.00,50.0
7793.00,-479.89,14090.06,351.60,2.500,5.00,50.0
7794.00,-480.25,14092.53,351.61,2.500,5.00,50.0
7795.00,-480.62,14095.00,351.61,2.500,5.00,50.0
7796.00,-480.98,14097.48,351.62,2.500,5.00,50.0
7797.00,-481.35,14099.95,351.62,2.500,5.00,50.0
7798.00,-481.71,14102.42,351.63,2.500,5.00,50.0
7799.00,-482.08,14104.90,351.64,2.500,5.00,50.0
7800.00,-482.44,14107.37,351.65,2.500,5.00,50.0
7801.00,-482.80,14109.84,351.65,2.500,5.00,50.0
7802.00,-483.16,14112.32,351.66,2.500,5.00,50.0
7803.00,-483.53,14114.79,351.67,2.500,5.00,50.0
7804.00,-483.89,14117.26,351.68,2.500,5.00,50.0
7805.00,-484.25,14119.74,351.70,2.500,5.00,50.0
7806.00,-484.61,14122.21,351.71,2.500,0.00,50.0
7807.00,-484.97,14124.69,351.72,2.500,0.00,50.0
7808.00,-485.33,14127.16,351.73,2.500,0.00,50.0
7809.00,-485.69,14129.63,351.74,2.500,0.00,50.0
7810.00,-486.05,14132.11,351.75,2.500,0.00,50.0
7811.00,-486.41,14134.58,351.76,2.500,0.00,50.0
7812.00,-486.77,14137.06,351.77,2.500,0.00,50.0
7813.00,-487.13,14139.53,351.78,2.500,0.00,50.0
7814.00,-487.48,14142.00,351.78,2.500,0.00,50.0
7815.00,-487.84,14144.48,351.79,2.500,0.00,50.0
7816.00,-488.20,14146.95,351.80,2.500,0.00,50.0
7817.00,-488.56,14149.43,351.81,2.500,0.00,50.0
7818.00,-488.91,14151.90,351.81,2.500,0.00,50.0
7819.00,-489.27,14154.38,351.82,2.500,0.00,50.0
7820.00,-489.62,14156.85,351.83,2.500,0.00,50.0
7821.00,-489.98,14159.33,351.84,2.500,0.00,50.0
7822.00,-490.33,14161.80,351.84,2.500,0.00,50.0
7823.00,-490.69,14164.27,351.85,2.500,0.00,50.0
7824.00,-491.04,14166.75,351.85,2.500,0.00,50.0
7825.00,-491.40,14169.22,351.86,2.500,0.00,50.0
7826.00,-491.75,14171.70,351.87,2.500,0.00,50.0
7827.00,-492.10,14174.17,351.87,2.500,0.00,50.0
7828.00,-492.46,14176.65,351.88,2.500,0.00,50.0
7829.00,-492.81,14179.12,351.88,2.500,0.00,50.0
7830.00,-493.16,14181.60,351.89,2.500,0.00,50.0
7831.00,-493.52,14184.07,351.89,2.500,0.00,50.0
7832.00,-493.87,14186.55,351.90,2.500,0.00,50.0
7833.00,-494.22,14189.02,351.90,2.500,0.00,50.0
7834.00,-494.57,14191.50,351.90,2.500,0.00,50.0
7835.00,-494.93,14193.97,351.91,2.500,0.00,50.0
7836.00,-495.28,14196.45,351.91,2.500,0.00,50.0
7837.00,-495.63,14198.92,351.92,2.500,0.00,50.0
7838.00,-495.98,14201.40,351.92,2.500,0.00,50.0
7839.00,-496.33,14203.87,351.92,2.500,0.00,50.0
7840.00,-496.68,14206.35,351.93,2.500,0.00,50.0
7841.00,-497.04,14208.83,351.93,2.500,0.00,50.0
7842.00,-497.39,14211.30,351.93,2.500,0.00,50.0
7843.00,-497.74,14213.78,351.94,2.500,0.00,50.0
7844.00,-498.09,14216.25,351.94,2.500,0.00,50.0
7845.00,-498.44,14218.73,351.94,2.500,0.00,50.0
7846.00,-498.79,14221.20,351.95,2.500,0.00,50.0
7847.00,-499.14,14223.68,351.95,2.500,0.00,50.0
7848.00,-499.49,14226.15,351.95,2.500,0.00,50.0
7849.00,-499.84,14228.63,351.95,2.500,0.00,50.0
7850.00,-500.19,14231.10,351.96,2.500,0.00,50.0
7851.00,-500.54,14233.58,351.96,2.500,0.00,50.0
7852.00,-500.89,14236.05,351.96,2.500,0.00,50.0
7853.00,-501.24,14238.53,351.96,2.500,0.00,50.0
7854.00,-501.59,14241.00,351.97,2.500,0.00,50.0
7855.00,-501.94,14243.48,351.97,2.500,0.00,50.0
7856.00,-502.29,14245.96,351.97,2.500,0.00,50.0
7857.00,-502.64,14248.43,351.97,2.500,0.00,50.0
7858.00,-502.99,14250.91,351.97,2.500,0.00,50.0
7859.00,-503.33,14253.38,351.98,2.500,0.00,50.0
7860.00,-503.68,14255.86,351.98,2.500,0.00,50.0
7861.00,-504.03,14258.33,351.98,2.500,0.00,50.0
7862.00,-504.38,14260.81,351.98,2.500,0.00,50.0
7863.00,-504.73,14263.28,351.98,2.500,0.00,50.0
7864.00,-505.08,14265.76,351.98,2.500,0.00,50.0
7865.00,-505.43,14268.24,351.99,2.500,0.00,50.0
7866.00,-505.78,14270.71,351.99,2.500,0.00,50.0
7867.00,-506.12,14273.19,351.99,2.500,0.00,50.0
7868.00,-506.47,14275.66,351.99,2.500,0.00,50.0
7869.00,-506.82,14278.14,351.99,2.500,0.00,50.0
7870.00,-507.17,14280.61,351.99,2.500,0.00,50.0
7871.00,-507.52,14283.09,351.99,2.500,0.00,50.0
7872.00,-507.87,14285.56,351.99,2.500,0.00,50.0
7873.00,-508.21,14288.04,352.00,2.500,0.00,50.0
7874.00,-508.56,14290.52,352.00,2.500,0.00,50.0
7875.00,-508.91,14292.99,352.00,2.500,0.00,50.0
7876.00,-509.26,14295.47,352.00,2.500,0.00,50.0
7877.00,-509.61,14297.94,352.00,2.500,0.00,50.0
7878.00,-509.95,14300.42,352.00,2.500,0.00,50.0
7879.00,-510.30,14302.89,352.00,2.500,0.00,50.0
7880.00,-510.65,14305.37,352.00,2.500,0.00,50.0
7881.00,-511.00,14307.85,352.00,2.500,0.00,50.0
7882.00,-511.35,14310.32,352.00,2.500,0.00,50.0
7883.00,-511.69,14312.80,352.00,2.500,0.00,50.0
7884.00,-512.04,14315.27,352.01,2.500,0.00,50.0
7885.00,-512.39,14317.75,352.01,2.500,0.00,50.0
7886.00,-512.74,14320.22,352.01,2.500,0.00,50.0
7887.00,-513.08,14322.70,352.01,2.500,0.00,50.0
7888.00,-513.43,14325.18,352.01,2.500,0.00,50.0
7889.00,-513.78,14327.65,352.01,2.500,0.00,50.0
7890.00,-514.13,14330.13,352.01,2.500,0.00,50.0
7891.00,-514.47,14332.60,352.01,2.500,0.00,50.0
7892.00,-514.82,14335.08,352.01,2.500,0.00,50.0
7893.00,-515.17,14337.55,352.01,2.500,0.00,50.0
7894.00,-515.52,14340.03,352.01,2.500,0.00,50.0
7895.00,-515.86,14342.51,352.01,2.500,0.00,50.0
7896.00,-516.21,14344.98,352.01,2.500,0.00,50.0
7897.00,-516.56,14347.46,352.01,2.500,0.00,50.0
7898.00,-516.91,14349.93,352.01,2.500,0.00,50.0
7899.00,-517.25,14352.41,352.01,2.500,0.00,50.0
7900.00,-517.60,14354.88,352.02,2.500,0.00,50.0
7901.00,-517.95,14357.36,352.02,2.500,0.00,50.0
7902.00,-518.30,14359.84,352.02,2.500,0.00,50.0
7903.00,-518.64,14362.31,352.02,2.500,0.00,50.0
7904.00,-518.99,14364.79,352.02,2.500,0.00,50.0
7905.00,-519.34,14367.26,352.02,2.500,0.00,50.0
7906.00,-519.68,14369.74,352.02,2.500,0.00,50.0
7907.00,-520.03,14372.21,352.02,2.500,0.00,50.0
7908.00,-520.38,14374.69,352.02,2.500,0.00,50.0
7909.00,-520.73,14377.17,352.02,2.500,0.00,50.0
7910.00,-521.07,14379.64,352.02,2.500,0.00,50.0
7911.00,-521.42,14382.12,352.02,2.500,0.00,50.0
7912.00,-521.77,14384.59,352.02,2.500,0.00,50.0
7913.00,-522.11,14387.07,352.02,2.500,0.00,50.0
7914.00,-522.46,14389.55,352.02,2.500,0.00,50.0
7915.00,-522.81,14392.02,352.02,2.500,0.00,50.0
7916.00,-523.15,14394.50,352.02,2.500,0.00,50.0
7917.00,-523.50,14396.97,352.02,2.500,0.00,50.0
7918.00,-523.85,14399.45,352.02,2.500,0.00,50.0
7919.00,-524.20,14401.92,352.02,2.500,0.00,50.0
7920.00,-524.54,14404.40,352.02,2.500,0.00,50.0
7921.00,-524.89,14406.88,352.02,2.500,0.00,50.0
7922.00,-525.24,14409.35,352.02,2.500,0.00,50.0
7923.00,-525.58,14411.83,352.02,2.500,0.00,50.0
7924.00,-525.93,14414.30,352.02,2.500,0.00,50.0
7925.00,-526.28,14416.78,352.02,2.500,0.00,50.0
7926.00,-526.62,14419.25,352.02,2.500,0.00,50.0
7927.00,-526.97,14421.73,352.02,2.500,0.00,50.0
7928.00,-527.32,14424.21,352.02,2.500,0.00,50.0
7929.00,-527.67,14426.68,352.02,2.500,0.00,50.0
7930.00,-528.01,14429.16,352.02,2.500,0.00,50.0
7931.00,-528.36,14431.63,352.02,2.500,0.00,50.0
7932.00,-528.71,14434.11,352.02,2.500,0.00,50.0
7933.00,-529.05,14436.59,352.02,2.500,0.00,50.0
7934.00,-529.40,14439.06,352.02,2.500,0.00,50.0
7935.00,-529.75,14441.54,352.02,2.500,0.00,50.0
7936.00,-530.09,14444.01,352.02,2.500,0.00,50.0
7937.00,-530.44,14446.49,352.02,2.500,0.00,50.0
7938.00,-530.79,14448.96,352.02,2.500,0.00,50.0
7939.00,-531.13,14451.44,352.03,2.500,0.00,50.0
7940.00,-531.48,14453.92,352.03,2.500,0.00,50.0
7941.00,-531.83,14456.39,352.03,2.500,0.00,50.0
7942.00,-532.18,14458.87,352.03,2.500,0.00,50.0
7943.00,-532.52,14461.34,352.03,2.500,0.00,50.0
7944.00,-532.87,14463.82,352.03,2.500,0.00,50.0
7945.00,-533.22,14466.30,352.03,2.500,0.00,50.0
7946.00,-533.56,14468.77,352.03,2.500,0.00,50.0
7947.00,-533.91,14471.25,352.03,2.500,0.00,50.0
7948.00,-534.26,14473.72,352.03,2.500,0.00,50.0
7949.00,-534.60,14476.20,352.03,2.500,0.00,50.0
7950.00,-534.95,14478.67,352.03,2.500,0.00,50.0
7951.00,-535.30,14481.15,352.03,2.500,0.00,50.0
7952.00,-535.64,14483.63,352.03,2.500,0.00,50.0
7953.00,-535.99,14486.10,352.03,2.500,0.00,50.0
7954.00,-536.34,14488.58,352.03,2.500,0.00,50.0
7955.00,-536.68,14491.05,352.03,2.500,0.00,50.0
7956.00,-537.03,14493.53,352.03,2.500,0.00,50.0
7957.00,-537.38,14496.01,352.03,2.500,0.00,50.0
7958.00,-537.72,14498.48,352.03,2.500,0.00,50.0
7959.00,-538.07,14500.96,352.03,2.500,0.00,50.0
7960.00,-538.42,14503.43,352.03,2.500,0.00,50.0
7961.00,-538.76,14505.91,352.03,2.500,0.00,50.0
7962.00,-539.11,14508.38,352.03,2.500,0.00,50.0
7963.00,-539.46,14510.86,352.03,2.500,0.00,50.0
7964.00,-539.80,14513.34,352.03,2.500,0.00,50.0
7965.00,-540.15,14515.81,352.03,2.500,0.00,50.0
7966.00,-540.50,14518.29,352.03,2.500,0.00,50.0
7967.00,-540.84,14520.76,352.03,2.500,0.00,50.0
7968.00,-541.19,14523.24,352.03,2.500,0.00,50.0
7969.00,-541.54,14525.72,352.03,2.500,0.00,50.0
7970.00,-541.89,14528.19,352.03,2.500,0.00,50.0
7971.00,-542.23,14530.67,352.03,2.500,0.00,50.0
7972.00,-542.58,14533.14,352.03,2.500,0.00,50.0
7973.00,-542.93,14535.62,352.03,2.500,0.00,50.0
7974.00,-543.27,14538.09,352.03,2.500,0.00,50.0
7975.00,-543.62,14540.57,352.03,2.500,0.00,50.0
7976.00,-543.97,14543.05,352.03,2.500,0.00,50.0
7977.00,-544.31,14545.52,352.03,2.500,0.00,50.0
7978.00,-544.66,14548.00,352.03,2.500,0.00,50.0
7979.00,-545.01,14550.47,352.03,2.500,0.00,50.0
7980.00,-545.35,14552.95,352.03,2.500,0.00,50.0
7981.00,-545.70,14555.43,352.03,2.500,0.00,50.0
7982.00,-546.05,14557.90,352.03,2.500,0.00,50.0
7983.00,-546.39,14560.38,352.03,2.500,0.00,50.0
7984.00,-546.74,14562.85,352.03,2.500,0.00,50.0
7985.00,-547.09,14565.33,352.03,2.500,0.00,50.0
7986.00,-547.43,14567.80,352.03,2.500,0.00,50.0
7987.00,-547.78,14570.28,352.03,2.500,0.00,50.0
7988.00,-548.13,14572.76,352.03,2.500,0.00,50.0
7989.00,-548.47,14575.23,352.03,2.500,0.00,50.0
7990.00,-548.82,14577.71,352.03,2.500,0.00,50.0
7991.00,-549.17,14580.18,352.03,2.500,0.00,50.0
7992.00,-549.51,14582.66,352.03,2.500,0.00,50.0
7993.00,-549.86,14585.14,352.03,2.500,0.00,50.0
7994.00,-550.21,14587.61,352.03,2.500,0.00,50.0
7995.00,-550.55,14590.09,352.03,2.500,0.00,50.0
7996.00,-550.90,14592.56,352.03,2.500,0.00,50.0
7997.00,-551.25,14595.04,352.03,2.500,0.00,50.0
7998.00,-551.59,14597.51,352.03,2.500,0.00,50.0
7999.00,-551.94,14599.99,352.03,2.500,0.00,50.0
8000.00,-552.29,14602.47,352.03,2.500,0.00,50.0
8001.00,-552.63,14604.94,352.03,2.500,0.00,50.0
8002.00,-552.98,14607.42,352.03,2.500,0.00,50.0
8003.00,-553.33,14609.89,352.03,2.500,0.00,50.0
8004.00,-553.67,14612.37,352.03,2.500,0.00,50.0
8005.00,-554.02,14614.85,352.03,2.500,0.00,50.0
8006.00,-554.37,14617.32,352.03,2.500,0.00,50.0
8007.00,-554.71,14619.80,352.03,2.500,0.00,50.0
8008.00,-555.06,14622.27,352.03,2.500,0.00,50.0
8009.00,-555.41,14624.75,352.03,2.500,0.00,50.0
8010.00,-555.75,14627.22,352.03,2.500,0.00,50.0
8011.00,-556.10,14629.70,352.03,2.500,0.00,50.0
8012.00,-556.45,14632.18,352.03,2.500,0.00,50.0
8013.00,-556.79,14634.65,352.03,2.500,0.00,50.0
8014.00,-557.14,14637.13,352.03,2.500,0.00,50.0
8015.00,-557.49,14639.60,352.03,2.500,0.00,50.0
8016.00,-557.83,14642.08,352.03,2.500,0.00,50.0
8017.00,-558.18,14644.56,352.03,2.500,0.00,50.0
8018.00,-558.53,14647.03,352.03,2.500,0.00,50.0
8019.00,-558.87,14649.51,352.03,2.500,0.00,50.0
8020.00,-559.22,14651.98,352.03,2.500,0.00,50.0
8021.00,-559.57,14654.46,352.03,2.500,0.00,50.0
8022.00,-559.91,14656.93,352.03,2.500,0.00,50.0
8023.00,-560.26,14659.41,352.03,2.500,0.00,50.0
8024.00,-560.61,14661.89,352.03,2.500,0.00,50.0
8025.00,-560.95,14664.36,352.03,2.500,0.00,50.0
8026.00,-561.30,14666.84,352.03,2.500,0.00,50.0
8027.00,-561.65,14669.31,352.03,2.500,0.00,50.0
8028.00,-561.99,14671.79,352.03,2.500,0.00,50.0
8029.00,-562.34,14674.27,352.03,2.500,0.00,50.0
8030.00,-562.69,14676.74,352.03,2.500,0.00,50.0
8031.00,-563.04,14679.22,352.03,2.500,0.00,50.0
8032.00,-563.38,14681.69,352.03,2.500,0.00,50.0
8033.00,-563.73,14684.17,352.03,2.500,0.00,50.0
8034.00,-564.08,14686.65,352.03,2.500,0.00,50.0
8035.00,-564.42,14689.12,352.03,2.500,0.00,50.0
8036.00,-564.77,14691.60,352.03,2.500,0.00,50.0
8037.00,-565.12,14694.07,352.03,2.500,0.00,50.0
8038.00,-565.46,14696.55,352.03,2.500,0.00,50.0
8039.00,-565.81,14699.02,352.03,2.500,0.00,50.0
8040.00,-566.16,14701.50,352.03,2.500,0.00,50.0
8041.00,-566.50,14703.98,352.03,2.500,0.00,50.0
8042.00,-566.85,14706.45,352.03,2.500,0.00,50.0
8043.00,-567.20,14708.93,352.03,2.500,0.00,50.0
8044.00,-567.54,14711.40,352.03,2.500,0.00,50.0
8045.00,-567.89,14713.88,352.03,2.500,0.00,50.0
8046.00,-568.24,14716.36,352.03,2.500,0.00,50.0
8047.00,-568.58,14718.83,352.03,2.500,0.00,50.0
8048.00,-568.93,14721.31,352.03,2.500,0.00,50.0
8049.00,-569.28,14723.78,352.03,2.500,0.00,50.0
8050.00,-569.62,14726.26,352.03,2.500,0.00,50.0
8051.00,-569.97,14728.73,352.03,2.500,0.00,50.0
8052.00,-570.32,14731.21,352.03,2.500,0.00,50.0
8053.00,-570.66,14733.69,352.03,2.500,0.00,50.0
8054.00,-571.01,14736.16,352.03,2.500,0.00,50.0
8055.00,-571.36,14738.64,352.03,2.500,0.00,50.0
8056.00,-571.70,14741.11,352.03,2.500,0.00,50.0
8057.00,-572.05,14743.59,352.03,2.500,0.00,50.0
8058.00,-572.40,14746.07,352.03,2.500,0.00,50.0
8059.00,-572.74,14748.54,352.03,2.500,0.00,50.0
8060.00,-573.09,14751.02,352.03,2.500,0.00,50.0
8061.00,-573.44,14753.49,352.03,2.500,0.00,50.0
8062.00,-573.78,14755.97,352.03,2.500,0.00,50.0
8063.00,-574.13,14758.44,352.03,2.500,0.00,50.0
8064.00,-574.48,14760.92,352.03,2.500,0.00,50.0
8065.00,-574.82,14763.40,352.03,2.500,0.00,50.0
8066.00,-575.17,14765.87,352.03,2.500,0.00,50.0
8067.00,-575.52,14768.35,352.03,2.500,0.00,50.0
8068.00,-575.86,14770.82,352.03,2.500,0.00,50.0
8069.00,-576.21,14773.30,352.03,2.500,0.00,50.0
8070.00,-576.56,14775.78,352.03,2.500,0.00,50.0
8071.00,-576.90,14778.25,352.03,2.500,0.00,50.0
8072.00,-577.25,14780.73,352.03,2.500,0.00,50.0
8073.00,-577.60,14783.20,352.03,2.500,0.00,50.0
8074.00,-577.94,14785.68,352.03,2.500,0.00,50.0
8075.00,-578.29,14788.15,352.03,2.500,0.00,50.0
8076.00,-578.64,14790.63,352.03,2.500,0.00,50.0
8077.00,-578.98,14793.11,352.03,2.500,0.00,50.0
8078.00,-579.33,14795.58,352.03,2.500,0.00,50.0
8079.00,-579.68,14798.06,352.03,2.500,0.00,50.0
8080.00,-580.02,14800.53,352.03,2.500,0.00,50.0
8081.00,-580.37,14803.01,352.03,2.500,0.00,50.0
8082.00,-580.72,14805.49,352.03,2.500,0.00,50.0
8083.00,-581.06,14807.96,352.03,2.500,0.00,50.0
8084.00,-581.41,14810.44,352.03,2.500,0.00,50.0
8085.00,-581.76,14812.91,352.03,2.500,0.00,50.0
8086.00,-582.10,14815.39,352.03,2.500,0.00,50.0
8087.00,-582.45,14817.86,352.03,2.500,0.00,50.0
8088.00,-582.80,14820.34,352.03,2.500,0.00,50.0
8089.00,-583.14,14822.82,352.03,2.500,0.00,50.0
8090.00,-583.49,14825.29,352.03,2.500,0.00,50.0
8091.00,-583.84,14827.77,352.03,2.500,0.00,50.0
8092.00,-584.18,14830.24,352.03,2.500,0.00,50.0
8093.00,-584.53,14832.72,352.03,2.500,0.00,50.0
8094.00,-584.88,14835.20,352.03,2.500,0.00,50.0
8095.00,-585.22,14837.67,352.03,2.500,0.00,50.0
8096.00,-585.57,14840.15,352.03,2.500,0.00,50.0
8097.00,-585.92,14842.62,352.03,2.500,0.00,50.0
8098.00,-586.26,14845.10,352.03,2.500,0.00,50.0
8099.00,-586.61,14847.57,352.03,2.500,0.00,50.0
8100.00,-586.96,14850.05,352.03,2.500,0.00,50.0
8101.00,-587.30,14852.53,352.03,2.500,0.00,50.0
8102.00,-587.65,14855.00,352.03,2.500,0.00,50.0
8103.00,-588.00,14857.48,352.03,2.500,0.00,50.0
8104.00,-588.34,14859.95,352.03,2.500,0.00,50.0
8105.00,-588.69,14862.43,352.03,2.500,0.00,50.0
8106.00,-589.04,14864.91,352.03,2.500,0.00,50.0
8107.00,-589.38,14867.38,352.03,2.500,0.00,50.0
8108.00,-589.73,14869.86,352.03,2.500,0.00,50.0
8109.00,-590.08,14872.33,352.03,2.500,0.00,50.0
8110.00,-590.42,14874.81,352.03,2.500,0.00,50.0
8111.00,-590.77,14877.28,352.03,2.500,0.00,50.0
8112.00,-591.12,14879.76,352.03,2.500,0.00,50.0
8113.00,-591.46,14882.24,352.03,2.500,0.00,50.0
8114.00,-591.81,14884.71,352.03,2.500,0.00,50.0
8115.00,-592.16,14887.19,352.03,2.500,0.00,50.0
8116.00,-592.50,14889.66,352.03,2.500,0.00,50.0
8117.00,-592.85,14892.14,352.03,2.500,0.00,50.0
8118.00,-593.20,14894.62,352.03,2.500,0.00,50.0
8119.00,-593.54,14897.09,352.03,2.500,0.00,50.0
8120.00,-593.89,14899.57,352.03,2.500,0.00,50.0
8121.00,-594.24,14902.04,352.03,2.500,0.00,50.0
8122.00,-594.58,14904.52,352.03,2.500,0.00,50.0
8123.00,-594.93,14907.00,352.03,2.500,0.00,50.0
8124.00,-595.28,14909.47,352.03,2.500,0.00,50.0
8125.00,-595.62,14911.95,352.03,2.500,0.00,50.0
8126.00,-595.97,14914.42,352.03,2.500,0.00,50.0
8127.00,-596.32,14916.90,352.03,2.500,0.00,50.0
8128.00,-596.66,14919.37,352.03,2.500,0.00,50.0
8129.00,-597.01,14921.85,352.03,2.500,0.00,50.0
8130.00,-597.36,14924.33,352.03,2.500,0.00,50.0
8131.00,-597.71,14926.80,352.03,2.500,0.00,50.0
8132.00,-598.05,14929.28,352.03,2.500,0.00,50.0
8133.00,-598.40,14931.75,352.03,2.500,0.00,50.0
8134.00,-598.75,14934.23,352.03,2.500,0.00,50.0
8135.00,-599.09,14936.71,352.03,2.500,0.00,50.0
8136.00,-599.44,14939.18,352.03,2.500,0.00,50.0
8137.00,-599.79,14941.66,352.03,2.500,0.00,50.0
8138.00,-600.13,14944.13,352.03,2.500,0.00,50.0
8139.00,-600.48,14946.61,352.03,2.500,0.00,50.0
8140.00,-600.83,14949.08,352.03,2.500,0.00,50.0
8141.00,-601.17,14951.56,352.03,2.500,0.00,50.0
8142.00,-601.52,14954.04,352.03,2.500,0.00,50.0
8143.00,-601.87,14956.51,352.03,2.500,0.00,50.0
8144.00,-602.21,14958.99,352.03,2.500,0.00,50.0
8145.00,-602.56,14961.46,352.03,2.500,0.00,50.0
8146.00,-602.91,14963.94,352.03,2.500,0.00,50.0
8147.00,-603.25,14966.42,352.03,2.500,0.00,50.0
8148.00,-603.60,14968.89,352.03,2.500,0.00,50.0
8149.00,-603.95,14971.37,352.03,2.500,0.00,50.0
8150.00,-604.29,14973.84,352.03,2.500,0.00,50.0
8151.00,-604.64,14976.32,352.03,2.500,0.00,50.0
8152.00,-604.99,14978.79,352.03,2.500,0.00,50.0
8153.00,-605.33,14981.27,352.03,2.500,0.00,50.0
8154.00,-605.68,14983.75,352.03,2.500,0.00,50.0
8155.00,-606.03,14986.22,352.03,2.500,0.00,50.0
8156.00,-606.37,14988.70,352.03,2.500,0.00,50.0
8157.00,-606.72,14991.17,352.03,2.500,0.00,50.0
8158.00,-607.07,14993.65,352.03,2.500,0.00,50.0
8159.00,-607.41,14996.13,352.03,2.500,0.00,50.0
8160.00,-607.76,14998.60,352.03,2.500,0.00,50.0
8161.00,-608.11,15001.08,352.03,2.500,0.00,50.0
8162.00,-608.45,15003.55,352.03,2.500,0.00,50.0
8163.00,-608.80,15006.03,352.03,2.500,0.00,50.0
8164.00,-609.15,15008.50,352.03,2.500,0.00,50.0
8165.00,-609.49,15010.98,352.03,2.500,0.00,50.0
8166.00,-609.84,15013.46,352.03,2.500,0.00,50.0
8167.00,-610.19,15015.93,352.03,2.500,0.00,50.0
8168.00,-610.53,15018.41,352.03,2.500,0.00,50.0
8169.00,-610.88,15020.88,352.03,2.500,0.00,50.0
8170.00,-611.23,15023.36,352.03,2.500,0.00,50.0
8171.00,-611.57,15025.84,352.03,2.500,0.00,50.0
8172.00,-611.92,15028.31,352.03,2.500,0.00,50.0
8173.00,-612.27,15030.79,352.03,2.500,0.00,50.0
8174.00,-612.61,15033.26,352.03,2.500,0.00,50.0
8175.00,-612.96,15035.74,352.03,2.500,0.00,50.0
8176.00,-613.31,15038.21,352.03,2.500,0.00,50.0
8177.00,-613.65,15040.69,352.03,2.500,0.00,50.0
8178.00,-614.00,15043.17,352.03,2.500,0.00,50.0
8179.00,-614.35,15045.64,352.03,2.500,0.00,50.0
8180.00,-614.69,15048.12,352.03,2.500,0.00,50.0
8181.00,-615.04,15050.59,352.03,2.500,0.00,50.0
8182.00,-615.39,15053.07,352.03,2.500,0.00,50.0
8183.00,-615.73,15055.55,352.03,2.500,0.00,50.0
8184.00,-616.08,15058.02,352.03,2.500,0.00,50.0
8185.00,-616.43,15060.50,352.03,2.500,0.00,50.0
8186.00,-616.77,15062.97,352.03,2.500,0.00,50.0
8187.00,-617.12,15065.45,352.03,2.500,0.00,50.0
8188.00,-617.47,15067.92,352.03,2.500,0.00,50.0
8189.00,-617.81,15070.40,352.03,2.500,0.00,50.0
8190.00,-618.16,15072.88,352.03,2.500,0.00,50.0
8191.00,-618.51,15075.35,352.03,2.500,0.00,50.0
8192.00,-618.85,15077.83,352.03,2.500,0.00,50.0
8193.00,-619.20,15080.30,352.03,2.500,0.00,50.0
8194.00,-619.55,15082.78,352.03,2.500,0.00,50.0
8195.00,-619.89,15085.26,352.03,2.500,0.00,50.0
8196.00,-620.24,15087.73,352.03,2.500,0.00,50.0
8197.00,-620.59,15090.21,352.03,2.500,0.00,50.0
8198.00,-620.93,15092.68,352.03,2.500,0.00,50.0
8199.00,-621.28,15095.16,352.03,2.500,0.00,50.0
8200.00,-621.63,15097.63,352.03,2.500,0.00,50.0
8201.00,-621.97,15100.11,352.03,2.500,0.00,50.0
8202.00,-622.32,15102.59,352.03,2.500,0.00,50.0
8203.00,-622.67,15105.06,352.03,2.500,0.00,50.0
8204.00,-623.01,15107.54,352.03,2.500,0.00,50.0
8205.00,-623.36,15110.01,352.03,2.500,0.00,50.0
8206.00,-623.71,15112.49,352.03,2.500,0.00,50.0
8207.00,-624.05,15114.97,352.03,2.500,0.00,50.0
8208.00,-624.40,15117.44,352.03,2.500,0.00,50.0
8209.00,-624.75,15119.92,352.03,2.500,0.00,50.0
8210.00,-625.09,15122.39,352.03,2.500,0.00,50.0
8211.00,-625.44,15124.87,352.03,2.500,0.00,50.0
8212.00,-625.79,15127.35,352.03,2.500,0.00,50.0
8213.00,-626.13,15129.82,352.03,2.500,0.00,50.0
8214.00,-626.48,15132.30,352.03,2.500,0.00,50.0
8215.00,-626.83,15134.77,352.03,2.500,0.00,50.0
8216.00,-627.17,15137.25,352.03,2.500,0.00,50.0
8217.00,-627.52,15139.72,352.03,2.500,0.00,50.0
8218.00,-627.87,15142.20,352.03,2.500,0.00,50.0
8219.00,-628.21,15144.68,352.03,2.500,0.00,50.0
8220.00,-628.56,15147.15,352.03,2.500,0.00,50.0
8221.00,-628.91,15149.63,352.03,2.500,0.00,50.0
8222.00,-629.25,15152.10,352.03,2.500,0.00,50.0
8223.00,-629.60,15154.58,352.03,2.500,0.00,50.0
8224.00,-629.95,15157.06,352.03,2.500,0.00,50.0
8225.00,-630.29,15159.53,352.03,2.500,0.00,50.0
8226.00,-630.64,15162.01,352.03,2.500,0.00,50.0
8227.00,-630.99,15164.48,352.03,2.500,0.00,50.0
8228.00,-631.33,15166.96,352.03,2.500,0.00,50.0
8229.00,-631.68,15169.43,352.03,2.500,0.00,50.0
8230.00,-632.03,15171.91,352.03,2.500,0.00,50.0
8231.00,-632.37,15174.39,352.03,2.500,0.00,50.0
8232.00,-632.72,15176.86,352.03,2.500,0.00,50.0
8233.00,-633.07,15179.34,352.03,2.500,0.00,50.0
8234.00,-633.42,15181.81,352.03,2.500,0.00,50.0
8235.00,-633.76,15184.29,352.03,2.500,0.00,50.0
8236.00,-634.11,15186.77,352.03,2.500,0.00,50.0
8237.00,-634.46,15189.24,352.03,2.500,0.00,50.0
8238.00,-634.80,15191.72,352.03,2.500,0.00,50.0
8239.00,-635.15,15194.19,352.03,2.500,0.00,50.0
8240.00,-635.50,15196.67,352.03,2.500,0.00,50.0
8241.00,-635.84,15199.14,352.03,2.500,0.00,50.0
8242.00,-636.19,15201.62,352.03,2.500,0.00,50.0
8243.00,-636.54,15204.10,352.03,2.500,0.00,50.0
8244.00,-636.88,15206.57,352.03,2.500,0.00,50.0
8245.00,-637.23,15209.05,352.03,2.500,0.00,50.0
8246.00,-637.58,15211.52,352.03,2.500,0.00,50.0
8247.00,-637.92,15214.00,352.03,2.500,0.00,50.0
8248.00,-638.27,15216.48,352.03,2.500,0.00,50.0
8249.00,-638.62,15218.95,352.03,2.500,0.00,50.0
8250.00,-638.96,15221.43,352.03,2.500,0.00,50.0
8251.00,-639.31,15223.90,352.03,2.500,0.00,50.0
8252.00,-639.66,15226.38,352.03,2.500,0.00,50.0
8253.00,-640.00,15228.85,352.03,2.500,0.00,50.0
8254.00,-640.35,15231.33,352.03,2.500,0.00,50.0
8255.00,-640.70,15233.81,352.03,2.500,0.00,50.0
8256.00,-641.04,15236.28,352.03,2.500,0.00,50.0
8257.00,-641.39,15238.76,352.03,2.500,0.00,50.0
8258.00,-641.74,15241.23,352.03,2.500,0.00,50.0
8259.00,-642.08,15243.71,352.03,2.500,0.00,50.0
8260.00,-642.43,15246.19,352.03,2.500,0.00,50.0
8261.00,-642.78,15248.66,352.03,2.500,0.00,50.0
8262.00,-643.12,15251.14,352.03,2.500,0.00,50.0
8263.00,-643.47,15253.61,352.03,2.500,0.00,50.0
8264.00,-643.82,15256.09,352.03,2.500,0.00,50.0
8265.00,-644.16,15258.56,352.03,2.500,0.00,50.0
8266.00,-644.51,15261.04,352.03,2.500,0.00,50.0
8267.00,-644.86,15263.52,352.03,2.500,0.00,50.0
8268.00,-645.20,15265.99,352.03,2.500,0.00,50.0
8269.00,-645.55,15268.47,352.03,2.500,0.00,50.0
8270.00,-645.90,15270.94,352.03,2.500,0.00,50.0
8271.00,-646.24,15273.42,352.03,2.500,0.00,50.0
8272.00,-646.59,15275.90,352.03,2.500,0.00,50.0
8273.00,-646.94,15278.37,352.03,2.500,0.00,50.0
8274.00,-647.28,15280.85,352.03,2.500,0.00,50.0
8275.00,-647.63,15283.32,352.03,2.500,0.00,50.0
8276.00,-647.98,15285.80,352.03,2.500,0.00,50.0
8277.00,-648.32,15288.27,352.03,2.500,0.00,50.0
8278.00,-648.67,15290.75,352.03,2.500,0.00,50.0
8279.00,-649.02,15293.23,352.03,2.500,0.00,50.0
8280.00,-649.36,15295.70,352.03,2.500,0.00,50.0
8281.00,-649.71,15298.18,352.03,2.500,0.00,50.0
8282.00,-650.06,15300.65,352.03,2.500,0.00,50.0
8283.00,-650.40,15303.13,352.03,2.500,0.00,50.0
8284.00,-650.75,15305.61,352.03,2.500,0.00,50.0
8285.00,-651.10,15308.08,352.03,2.500,0.00,50.0
8286.00,-651.44,15310.56,352.03,2.500,0.00,50.0
8287.00,-651.79,15313.03,352.03,2.500,0.00,50.0
8288.00,-652.14,15315.51,352.03,2.500,0.00,50.0
8289.00,-652.48,15317.99,352.03,2.500,0.00,50.0
8290.00,-652.83,15320.46,352.03,2.500,0.00,50.0
8291.00,-653.18,15322.94,352.03,2.500,0.00,50.0
8292.00,-653.52,15325.41,352.03,2.500,0.00,50.0
8293.00,-653.87,15327.89,352.03,2.500,0.00,50.0
8294.00,-654.22,15330.36,352.03,2.500,0.00,50.0
8295.00,-654.56,15332.84,352.03,2.500,0.00,50.0
8296.00,-654.91,15335.32,352.03,2.500,0.00,50.0
8297.00,-655.26,15337.79,352.03,2.500,0.00,50.0
8298.00,-655.60,15340.27,352.03,2.500,0.00,50.0
8299.00,-655.95,15342.74,352.03,2.500,0.00,50.0
8300.00,-656.30,15345.22,352.03,2.500,0.00,50.0
8301.00,-656.64,15347.70,352.03,2.500,0.00,50.0
8302.00,-656.99,15350.17,352.03,2.500,0.00,50.0
8303.00,-657.34,15352.65,352.03,2.500,0.00,50.0
8304.00,-657.68,15355.12,352.03,2.500,0.00,50.0
8305.00,-658.03,15357.60,352.03,2.500,0.00,50.0
8306.00,-658.38,15360.07,352.03,2.500,0.00,50.0
8307.00,-658.72,15362.55,352.03,2.500,0.00,50.0
8308.00,-659.07,15365.03,352.03,2.500,0.00,50.0
8309.00,-659.42,15367.50,352.03,2.500,0.00,50.0
8310.00,-659.76,15369.98,352.03,2.500,0.00,50.0
8311.00,-660.11,15372.45,352.03,2.500,0.00,50.0
8312.00,-660.46,15374.93,352.03,2.500,0.00,50.0
8313.00,-660.80,15377.41,352.03,2.500,0.00,50.0
8314.00,-661.15,15379.88,352.03,2.500,0.00,50.0
8315.00,-661.50,15382.36,352.03,2.500,0.00,50.0
8316.00,-661.84,15384.83,352.03,2.500,0.00,50.0
8317.00,-662.19,15387.31,352.03,2.500,0.00,50.0
8318.00,-662.54,15389.78,352.03,2.500,0.00,50.0
8319.00,-662.88,15392.26,352.03,2.500,0.00,50.0
8320.00,-663.23,15394.74,352.03,2.500,0.00,50.0
8321.00,-663.58,15397.21,352.03,2.500,0.00,50.0
8322.00,-663.92,15399.69,352.03,2.500,0.00,50.0
8323.00,-664.27,15402.16,352.03,2.500,0.00,50.0
8324.00,-664.62,15404.64,352.03,2.500,0.00,50.0
8325.00,-664.96,15407.12,352.03,2.500,0.00,50.0
8326.00,-665.31,15409.59,352.03,2.500,0.00,50.0
8327.00,-665.66,15412.07,352.03,2.500,0.00,50.0
8328.00,-666.00,15414.54,352.03,2.500,0.00,50.0
8329.00,-666.35,15417.02,352.03,2.500,0.00,50.0
8330.00,-666.70,15419.49,352.03,2.500,0.00,50.0
8331.00,-667.04,15421.97,352.03,2.500,0.00,50.0
8332.00,-667.39,15424.45,352.03,2.500,0.00,50.0
8333.00,-667.74,15426.92,352.03,2.500,0.00,50.0
8334.00,-668.08,15429.40,352.03,2.500,0.00,50.0
8335.00,-668.43,15431.87,352.03,2.500,0.00,50.0
8336.00,-668.78,15434.35,352.03,2.500,0.00,50.0
8337.00,-669.12,15436.83,352.03,2.500,0.00,50.0
8338.00,-669.47,15439.30,352.03,2.500,0.00,50.0
8339.00,-669.82,15441.78,352.03,2.500,0.00,50.0
8340.00,-670.17,15444.25,352.03,2.500,0.00,50.0
8341.00,-670.51,15446.73,352.03,2.500,0.00,50.0
8342.00,-670.86,15449.20,352.03,2.500,0.00,50.0
8343.00,-671.21,15451.68,352.03,2.500,0.00,50.0
8344.00,-671.55,15454.16,352.03,2.500,0.00,50.0
8345.00,-671.90,15456.63,352.03,2.500,0.00,50.0
8346.00,-672.25,15459.11,352.03,2.500,0.00,50.0
8347.00,-672.59,15461.58,352.03,2.500,0.00,50.0
8348.00,-672.94,15464.06,352.03,2.500,0.00,50.0
8349.00,-673.29,15466.54,352.03,2.500,0.00,50.0
8350.00,-673.63,15469.01,352.03,2.500,0.00,50.0
8351.00,-673.98,15471.49,352.03,2.500,0.00,50.0
8352.00,-674.33,15473.96,352.03,2.500,0.00,50.0
8353.00,-674.67,15476.44,352.03,2.500,0.00,50.0
8354.00,-675.02,15478.91,352.03,2.500,0.00,50.0
8355.00,-675.37,15481.39,352.03,2.500,0.00,50.0
8356.00,-675.71,15483.87,352.03,2.500,0.00,50.0
8357.00,-676.06,15486.34,352.03,2.500,0.00,50.0
8358.00,-676.41,15488.82,352.03,2.500,0.00,50.0
8359.00,-676.75,15491.29,352.03,2.500,0.00,50.0
8360.00,-677.10,15493.77,352.03,2.500,0.00,50.0
8361.00,-677.45,15496.25,352.03,2.500,0.00,50.0
8362.00,-677.79,15498.72,352.03,2.500,0.00,50.0
8363.00,-678.14,15501.20,352.03,2.500,0.00,50.0
8364.00,-678.49,15503.67,352.03,2.500,0.00,50.0
8365.00,-678.83,15506.15,352.03,2.500,0.00,50.0
8366.00,-679.18,15508.62,352.03,2.500,0.00,50.0
8367.00,-679.53,15511.10,352.03,2.500,0.00,50.0
8368.00,-679.87,15513.58,352.03,2.500,0.00,50.0
8369.00,-680.22,15516.05,352.03,2.500,0.00,50.0
8370.00,-680.57,15518.53,352.03,2.500,0.00,50.0
8371.00,-680.91,15521.00,352.03,2.500,0.00,50.0
8372.00,-681.26,15523.48,352.03,2.500,0.00,50.0
8373.00,-681.61,15525.96,352.03,2.500,0.00,50.0
8374.00,-681.95,15528.43,352.03,2.500,0.00,50.0
8375.00,-682.30,15530.91,352.03,2.500,0.00,50.0
8376.00,-682.65,15533.38,352.03,2.500,0.00,50.0
8377.00,-682.99,15535.86,352.03,2.500,0.00,50.0
8378.00,-683.34,15538.34,352.03,2.500,0.00,50.0
8379.00,-683.69,15540.81,352.03,2.500,0.00,50.0
8380.00,-684.03,15543.29,352.03,2.500,0.00,50.0
8381.00,-684.38,15545.76,352.03,2.500,0.00,50.0
8382.00,-684.73,15548.24,352.03,2.500,0.00,50.0
8383.00,-685.07,15550.71,352.03,2.500,0.00,50.0
8384.00,-685.42,15553.19,352.03,2.500,0.00,50.0
8385.00,-685.77,15555.67,352.03,2.500,0.00,50.0
8386.00,-686.11,15558.14,352.03,2.500,0.00,50.0
8387.00,-686.46,15560.62,352.03,2.500,0.00,50.0
8388.00,-686.81,15563.09,352.03,2.500,0.00,50.0
8389.00,-687.15,15565.57,352.03,2.500,0.00,50.0
8390.00,-687.50,15568.05,352.03,2.500,0.00,50.0
8391.00,-687.85,15570.52,352.03,2.500,0.00,50.0
8392.00,-688.19,15573.00,352.03,2.500,0.00,50.0
8393.00,-688.54,15575.47,352.03,2.500,0.00,50.0
8394.00,-688.89,15577.95,352.03,2.500,0.00,50.0
8395.00,-689.23,15580.42,352.03,2.500,0.00,50.0
8396.00,-689.58,15582.90,352.03,2.500,0.00,50.0
8397.00,-689.93,15585.38,352.03,2.500,0.00,50.0
8398.00,-690.27,15587.85,352.03,2.500,0.00,50.0
8399.00,-690.62,15590.33,352.03,2.500,0.00,50.0
8400.00,-690.97,15592.80,352.03,2.500,0.00,50.0
8401.00,-691.31,15595.28,352.03,2.500,0.00,50.0
8402.00,-691.66,15597.76,352.03,2.500,0.00,50.0
8403.00,-692.01,15600.23,352.03,2.500,0.00,50.0
8404.00,-692.35,15602.71,352.03,2.500,0.00,50.0
8405.00,-692.70,15605.18,352.03,2.500,0.00,50.0
8406.00,-693.05,15607.66,352.03,2.500,0.00,50.0
8407.00,-693.39,15610.13,352.03,2.500,0.00,50.0
8408.00,-693.74,15612.61,352.03,2.500,0.00,50.0
8409.00,-694.09,15615.09,352.03,2.500,0.00,50.0
8410.00,-694.43,15617.56,352.03,2.500,0.00,50.0
8411.00,-694.78,15620.04,352.03,2.500,0.00,50.0
8412.00,-695.13,15622.51,352.03,2.500,0.00,50.0
8413.00,-695.47,15624.99,352.03,2.500,0.00,50.0
8414.00,-695.82,15627.47,352.03,2.500,0.00,50.0
8415.00,-696.17,15629.94,352.03,2.500,0.00,50.0
8416.00,-696.51,15632.42,352.03,2.500,0.00,50.0
8417.00,-696.86,15634.89,352.03,2.500,0.00,50.0
8418.00,-697.21,15637.37,352.03,2.500,0.00,50.0
8419.00,-697.55,15639.84,352.03,2.500,0.00,50.0
8420.00,-697.90,15642.32,352.03,2.500,0.00,50.0
8421.00,-698.25,15644.80,352.03,2.500,0.00,50.0
8422.00,-698.59,15647.27,352.03,2.500,0.00,50.0
8423.00,-698.94,15649.75,352.03,2.500,0.00,50.0
8424.00,-699.29,15652.22,352.03,2.500,0.00,50.0
8425.00,-699.63,15654.70,352.03,2.500,0.00,50.0
8426.00,-699.98,15657.18,352.03,2.500,0.00,50.0
8427.00,-700.33,15659.65,352.03,2.500,0.00,50.0
8428.00,-700.67,15662.13,352.03,2.500,0.00,50.0
8429.00,-701.02,15664.60,352.03,2.500,0.00,50.0
8430.00,-701.37,15667.08,352.03,2.500,0.00,50.0
8431.00,-701.71,15669.55,352.03,2.500,0.00,50.0
8432.00,-702.06,15672.03,352.03,2.500,0.00,50.0
8433.00,-702.41,15674.51,352.03,2.500,0.00,50.0
8434.00,-702.75,15676.98,352.03,2.500,0.00,50.0
8435.00,-703.10,15679.46,352.03,2.500,0.00,50.0
8436.00,-703.45,15681.93,352.03,2.500,0.00,50.0
8437.00,-703.79,15684.41,352.03,2.500,0.00,50.0
8438.00,-704.14,15686.89,352.03,2.500,0.00,50.0
8439.00,-704.49,15689.36,352.03,2.500,0.00,50.0
8440.00,-704.83,15691.84,352.03,2.500,0.00,50.0
8441.00,-705.18,15694.31,352.03,2.500,0.00,50.0
8442.00,-705.53,15696.79,352.03,2.500,0.00,50.0
8443.00,-705.87,15699.26,352.03,2.500,0.00,50.0
8444.00,-706.22,15701.74,352.03,2.500,0.00,50.0
8445.00,-706.57,15704.22,352.03,2.500,0.00,50.0
8446.00,-706.92,15706.69,352.03,2.500,0.00,50.0
8447.00,-707.26,15709.17,352.03,2.500,0.00,50.0
8448.00,-707.61,15711.64,352.03,2.500,0.00,50.0
8449.00,-707.96,15714.12,352.03,2.500,0.00,50.0
8450.00,-708.30,15716.60,352.03,2.500,0.00,50.0
8451.00,-708.65,15719.07,352.03,2.500,0.00,50.0
8452.00,-709.00,15721.55,352.03,2.500,0.00,50.0
8453.00,-709.34,15724.02,352.03,2.500,0.00,50.0
8454.00,-709.69,15726.50,352.03,2.500,0.00,50.0
8455.00,-710.04,15728.98,352.03,2.500,0.00,50.0
8456.00,-710.38,15731.45,352.03,2.500,0.00,50.0
8457.00,-710.73,15733.93,352.03,2.500,0.00,50.0
8458.00,-711.08,15736.40,352.03,2.500,0.00,50.0
8459.00,-711.42,15738.88,352.03,2.500,0.00,50.0
8460.00,-711.77,15741.35,352.03,2.500,0.00,50.0
8461.00,-712.12,15743.83,352.03,2.500,0.00,50.0
8462.00,-712.46,15746.31,352.03,2.500,0.00,50.0
8463.00,-712.81,15748.78,352.03,2.500,0.00,50.0
8464.00,-713.16,15751.26,352.03,2.500,0.00,50.0
8465.00,-713.50,15753.73,352.03,2.500,0.00,50.0
8466.00,-713.85,15756.21,352.03,2.500,0.00,50.0
8467.00,-714.20,15758.69,352.03,2.500,0.00,50.0
8468.00,-714.54,15761.16,352.03,2.500,0.00,50.0
8469.00,-714.89,15763.64,352.03,2.500,0.00,50.0
8470.00,-715.24,15766.11,352.03,2.500,0.00,50.0
8471.00,-715.58,15768.59,352.03,2.500,0.00,50.0
8472.00,-715.93,15771.06,352.03,2.500,0.00,50.0
8473.00,-716.28,15773.54,352.03,2.500,0.00,50.0
8474.00,-716.62,15776.02,352.03,2.500,0.00,50.0
8475.00,-716.97,15778.49,352.03,2.500,0.00,50.0
8476.00,-717.32,15780.97,352.03,2.500,0.00,50.0
8477.00,-717.66,15783.44,352.03,2.500,0.00,50.0
8478.00,-718.01,15785.92,352.03,2.500,0.00,50.0
8479.00,-718.36,15788.40,352.03,2.500,0.00,50.0
8480.00,-718.70,15790.87,352.03,2.500,0.00,50.0
8481.00,-719.05,15793.35,352.03,2.500,0.00,50.0
8482.00,-719.40,15795.82,352.03,2.500,0.00,50.0
8483.00,-719.74,15798.30,352.03,2.500,0.00,50.0
8484.00,-720.09,15800.77,352.03,2.500,0.00,50.0
8485.00,-720.44,15803.25,352.03,2.500,0.00,50.0
8486.00,-720.78,15805.73,352.03,2.500,0.00,50.0
8487.00,-721.13,15808.20,352.03,2.500,0.00,50.0
8488.00,-721.48,15810.68,352.03,2.500,0.00,50.0
8489.00,-721.82,15813.15,352.03,2.500,0.00,50.0
8490.00,-722.17,15815.63,352.03,2.500,0.00,50.0
8491.00,-722.52,15818.11,352.03,2.500,0.00,50.0
8492.00,-722.86,15820.58,352.03,2.500,0.00,50.0
8493.00,-723.21,15823.06,352.03,2.500,0.00,50.0
8494.00,-723.56,15825.53,352.03,2.500,0.00,50.0
8495.00,-723.90,15828.01,352.03,2.500,0.00,50.0
8496.00,-724.25,15830.48,352.03,2.500,0.00,50.0
8497.00,-724.60,15832.96,352.03,2.500,0.00,50.0
8498.00,-724.94,15835.44,352.03,2.500,0.00,50.0
8499.00,-725.29,15837.91,352.03,2.500,0.00,50.0
8500.00,-725.64,15840.39,352.03,2.500,0.00,50.0
8501.00,-725.98,15842.86,352.03,2.500,0.00,50.0
8502.00,-726.33,15845.34,352.03,2.500,0.00,50.0
8503.00,-726.68,15847.82,352.03,2.500,0.00,50.0
8504.00,-727.02,15850.29,352.03,2.500,0.00,50.0
8505.00,-727.37,15852.77,352.03,2.500,0.00,50.0
8506.00,-727.72,15855.24,352.03,2.500,0.00,50.0
8507.00,-728.06,15857.72,352.03,2.500,0.00,50.0
8508.00,-728.41,15860.19,352.03,2.500,0.00,50.0
8509.00,-728.76,15862.67,352.03,2.500,0.00,50.0
8510.00,-729.10,15865.15,352.03,2.500,0.00,50.0
8511.00,-729.45,15867.62,352.03,2.500,0.00,50.0
8512.00,-729.80,15870.10,352.03,2.500,0.00,50.0
8513.00,-730.14,15872.57,352.03,2.500,0.00,50.0
8514.00,-730.49,15875.05,352.03,2.500,0.00,50.0
8515.00,-730.84,15877.53,352.03,2.500,0.00,50.0
8516.00,-731.18,15880.00,352.03,2.500,0.00,50.0
8517.00,-731.53,15882.48,352.03,2.500,0.00,50.0
8518.00,-731.88,15884.95,352.03,2.500,0.00,50.0
8519.00,-732.22,15887.43,352.03,2.500,0.00,50.0
8520.00,-732.57,15889.90,352.03,2.500,0.00,50.0
8521.00,-732.92,15892.38,352.03,2.500,0.00,50.0
8522.00,-733.26,15894.86,352.03,2.500,0.00,50.0
8523.00,-733.61,15897.33,352.03,2.500,0.00,50.0
8524.00,-733.96,15899.81,352.03,2.500,0.00,50.0
8525.00,-734.30,15902.28,352.03,2.500,0.00,50.0
8526.00,-734.65,15904.76,352.03,2.500,0.00,50.0
8527.00,-735.00,15907.24,352.03,2.500,0.00,50.0
8528.00,-735.34,15909.71,352.03,2.500,0.00,50.0
8529.00,-735.69,15912.19,352.03,2.500,0.00,50.0
8530.00,-736.04,15914.66,352.03,2.500,0.00,50.0
8531.00,-736.38,15917.14,352.03,2.500,0.00,50.0
8532.00,-736.73,15919.61,352.03,2.500,0.00,50.0
8533.00,-737.08,15922.09,352.03,2.500,0.00,50.0
8534.00,-737.42,15924.57,352.03,2.500,0.00,50.0
8535.00,-737.77,15927.04,352.03,2.500,0.00,50.0
8536.00,-738.12,15929.52,352.03,2.500,0.00,50.0
8537.00,-738.46,15931.99,352.03,2.500,0.00,50.0
8538.00,-738.81,15934.47,352.03,2.500,0.00,50.0
8539.00,-739.16,15936.95,352.03,2.500,0.00,50.0
8540.00,-739.50,15939.42,352.03,2.500,0.00,50.0
8541.00,-739.85,15941.90,352.03,2.500,0.00,50.0
8542.00,-740.20,15944.37,352.03,2.500,0.00,50.0
8543.00,-740.54,15946.85,352.03,2.500,0.00,50.0
8544.00,-740.89,15949.33,352.03,2.500,0.00,50.0
8545.00,-741.24,15951.80,352.03,2.500,0.00,50.0
8546.00,-741.58,15954.28,352.03,2.500,0.00,50.0
8547.00,-741.93,15956.75,352.03,2.500,0.00,50.0
8548.00,-742.28,15959.23,352.03,2.500,0.00,50.0
8549.00,-742.62,15961.70,352.03,2.500,0.00,50.0
8550.00,-742.97,15964.18,352.03,2.500,0.00,50.0
8551.00,-743.32,15966.66,352.03,2.500,0.00,50.0
8552.00,-743.67,15969.13,352.03,2.500,0.00,50.0
8553.00,-744.01,15971.61,352.03,2.500,0.00,50.0
8554.00,-744.36,15974.08,352.03,2.500,0.00,50.0
8555.00,-744.71,15976.56,352.03,2.500,0.00,50.0
8556.00,-745.05,15979.04,352.03,2.500,0.00,50.0
8557.00,-745.40,15981.51,352.03,2.500,0.00,50.0
8558.00,-745.75,15983.99,352.03,2.500,0.00,50.0
8559.00,-746.09,15986.46,352.03,2.500,0.00,50.0
8560.00,-746.44,15988.94,352.03,2.500,0.00,50.0
8561.00,-746.79,15991.41,352.03,2.500,0.00,50.0
8562.00,-747.13,15993.89,352.03,2.500,0.00,50.0
8563.00,-747.48,15996.37,352.03,2.500,0.00,50.0
8564.00,-747.83,15998.84,352.03,2.500,0.00,50.0
8565.00,-748.17,16001.32,352.03,2.500,0.00,50.0
8566.00,-748.52,16003.79,352.03,2.500,0.00,50.0
8567.00,-748.87,16006.27,352.03,2.500,0.00,50.0
8568.00,-749.21,16008.75,352.03,2.500,0.00,50.0
8569.00,-749.56,16011.22,352.03,2.500,0.00,50.0
8570.00,-749.91,16013.70,352.03,2.500,0.00,50.0
8571.00,-750.25,16016.17,352.03,2.500,0.00,50.0
8572.00,-750.60,16018.65,352.03,2.500,0.00,50.0
8573.00,-750.95,16021.12,352.03,2.500,0.00,50.0
8574.00,-751.29,16023.60,352.03,2.500,0.00,50.0
8575.00,-751.64,16026.08,352.03,2.500,0.00,50.0
8576.00,-751.99,16028.55,352.03,2.500,0.00,50.0
8577.00,-752.33,16031.03,352.03,2.500,0.00,50.0
8578.00,-752.68,16033.50,352.03,2.500,0.00,50.0
8579.00,-753.03,16035.98,352.03,2.500,0.00,50.0
8580.00,-753.37,16038.46,352.03,2.500,0.00,50.0
8581.00,-753.72,16040.93,352.03,2.500,0.00,50.0
8582.00,-754.07,16043.41,352.03,2.500,0.00,50.0
8583.00,-754.41,16045.88,352.03,2.500,0.00,50.0
8584.00,-754.76,16048.36,352.03,2.500,0.00,50.0
8585.00,-755.11,16050.83,352.03,2.500,0.00,50.0
8586.00,-755.45,16053.31,352.03,2.500,0.00,50.0
8587.00,-755.80,16055.79,352.03,2.500,0.00,50.0
8588.00,-756.15,16058.26,352.03,2.500,0.00,50.0
8589.00,-756.49,16060.74,352.03,2.500,0.00,50.0
8590.00,-756.84,16063.21,352.03,2.500,0.00,50.0
8591.00,-757.19,16065.69,352.03,2.500,0.00,50.0
8592.00,-757.53,16068.17,352.03,2.500,0.00,50.0
8593.00,-757.88,16070.64,352.03,2.500,0.00,50.0
8594.00,-758.23,16073.12,352.03,2.500,0.00,50.0
8595.00,-758.57,16075.59,352.03,2.500,0.00,50.0
8596.00,-758.92,16078.07,352.03,2.500,0.00,50.0
8597.00,-759.27,16080.54,352.03,2.500,0.00,50.0
8598.00,-759.61,16083.02,352.03,2.500,0.00,50.0
8599.00,-759.96,16085.50,352.03,2.500,0.00,50.0
8600.00,-760.31,16087.97,352.03,2.500,0.00,50.0
8601.00,-760.65,16090.45,352.03,2.500,0.00,50.0
8602.00,-761.00,16092.92,352.03,2.500,0.00,50.0
8603.00,-761.35,16095.40,352.03,2.500,0.00,50.0
8604.00,-761.69,16097.88,352.03,2.500,0.00,50.0
8605.00,-762.04,16100.35,352.03,2.500,0.00,50.0
8606.00,-762.39,16102.83,352.03,2.500,0.00,50.0
8607.00,-762.73,16105.30,352.03,2.500,0.00,50.0
8608.00,-763.08,16107.78,352.03,2.500,0.00,50.0
8609.00,-763.43,16110.25,352.03,2.500,0.00,50.0
8610.00,-763.77,16112.73,352.03,2.500,0.00,50.0
8611.00,-764.12,16115.21,352.03,2.500,0.00,50.0
8612.00,-764.47,16117.68,352.03,2.500,0.00,50.0
8613.00,-764.81,16120.16,352.03,2.500,0.00,50.0
8614.00,-765.16,16122.63,352.03,2.500,0.00,50.0
8615.00,-765.51,16125.11,352.03,2.500,0.00,50.0
8616.00,-765.85,16127.59,352.03,2.500,0.00,50.0
8617.00,-766.20,16130.06,352.03,2.500,0.00,50.0
8618.00,-766.55,16132.54,352.03,2.500,0.00,50.0
8619.00,-766.89,16135.01,352.03,2.500,0.00,50.0
8620.00,-767.24,16137.49,352.03,2.500,0.00,50.0
8621.00,-767.59,16139.97,352.03,2.500,0.00,50.0
8622.00,-767.93,16142.44,352.03,2.500,0.00,50.0
8623.00,-768.28,16144.92,352.03,2.500,0.00,50.0
8624.00,-768.63,16147.39,352.03,2.500,0.00,50.0
8625.00,-768.97,16149.87,352.03,2.500,0.00,50.0
8626.00,-769.32,16152.34,352.03,2.500,0.00,50.0
8627.00,-769.67,16154.82,352.03,2.500,0.00,50.0
8628.00,-770.01,16157.30,352.03,2.500,0.00,50.0
8629.00,-770.36,16159.77,352.03,2.500,0.00,50.0
8630.00,-770.71,16162.25,352.03,2.500,0.00,50.0
8631.00,-771.05,16164.72,352.03,2.500,0.00,50.0
8632.00,-771.40,16167.20,352.03,2.500,0.00,50.0
8633.00,-771.75,16169.68,352.03,2.500,0.00,50.0
8634.00,-772.09,16172.15,352.03,2.500,0.00,50.0
8635.00,-772.44,16174.63,352.03,2.500,0.00,50.0
8636.00,-772.79,16177.10,352.03,2.500,0.00,50.0
8637.00,-773.13,16179.58,352.03,2.500,0.00,50.0
8638.00,-773.48,16182.05,352.03,2.500,0.00,50.0
8639.00,-773.83,16184.53,352.03,2.500,0.00,50.0
8640.00,-774.17,16187.01,352.03,2.500,0.00,50.0
8641.00,-774.52,16189.48,352.03,2.500,0.00,50.0
8642.00,-774.87,16191.96,352.03,2.500,0.00,50.0
8643.00,-775.21,16194.43,352.03,2.500,0.00,50.0
8644.00,-775.56,16196.91,352.03,2.500,0.00,50.0
8645.00,-775.91,16199.39,352.03,2.500,0.00,50.0
8646.00,-776.25,16201.86,352.03,2.500,0.00,50.0
8647.00,-776.60,16204.34,352.03,2.500,0.00,50.0
8648.00,-776.95,16206.81,352.03,2.500,0.00,50.0
8649.00,-777.29,16209.29,352.03,2.500,0.00,50.0
8650.00,-777.64,16211.76,352.03,2.500,0.00,50.0
8651.00,-777.99,16214.24,352.03,2.500,0.00,50.0
8652.00,-778.33,16216.72,352.03,2.500,0.00,50.0
8653.00,-778.68,16219.19,352.03,2.500,0.00,50.0
8654.00,-779.03,16221.67,352.03,2.500,0.00,50.0
8655.00,-779.37,16224.14,352.03,2.500,0.00,50.0
8656.00,-779.72,16226.62,352.03,2.500,0.00,50.0
8657.00,-780.07,16229.10,352.03,2.500,0.00,50.0
8658.00,-780.42,16231.57,352.03,2.500,0.00,50.0
8659.00,-780.76,16234.05,352.03,2.500,0.00,50.0
8660.00,-781.11,16236.52,352.03,2.500,0.00,50.0
8661.00,-781.46,16239.00,352.03,2.500,0.00,50.0
8662.00,-781.80,16241.47,352.03,2.500,0.00,50.0
8663.00,-782.15,16243.95,352.03,2.500,0.00,50.0
8664.00,-782.50,16246.43,352.03,2.500,0.00,50.0
8665.00,-782.84,16248.90,352.03,2.500,0.00,50.0
8666.00,-783.19,16251.38,352.03,2.500,0.00,50.0
8667.00,-783.54,16253.85,352.03,2.500,0.00,50.0
8668.00,-783.88,16256.33,352.03,2.500,0.00,50.0
8669.00,-784.23,16258.81,352.03,2.500,0.00,50.0
8670.00,-784.58,16261.28,352.03,2.500,0.00,50.0
8671.00,-784.92,16263.76,352.03,2.500,0.00,50.0
8672.00,-785.27,16266.23,352.03,2.500,0.00,50.0
8673.00,-785.62,16268.71,352.03,2.500,0.00,50.0
8674.00,-785.96,16271.18,352.03,2.500,0.00,50.0
8675.00,-786.31,16273.66,352.03,2.500,0.00,50.0
8676.00,-786.66,16276.14,352.03,2.500,0.00,50.0
8677.00,-787.00,16278.61,352.03,2.500,0.00,50.0
8678.00,-787.35,16281.09,352.03,2.500,0.00,50.0
8679.00,-787.70,16283.56,352.03,2.500,0.00,50.0
8680.00,-788.04,16286.04,352.03,2.500,0.00,50.0
8681.00,-788.39,16288.52,352.03,2.500,0.00,50.0
8682.00,-788.74,16290.99,352.03,2.500,0.00,50.0
8683.00,-789.08,16293.47,352.03,2.500,0.00,50.0
8684.00,-789.43,16295.94,352.03,2.500,0.00,50.0
8685.00,-789.78,16298.42,352.03,2.500,0.00,50.0
8686.00,-790.12,16300.89,352.03,2.500,0.00,50.0
8687.00,-790.47,16303.37,352.03,2.500,0.00,50.0
8688.00,-790.82,16305.85,352.03,2.500,0.00,50.0
8689.00,-791.16,16308.32,352.03,2.500,0.00,50.0
8690.00,-791.51,16310.80,352.03,2.500,0.00,50.0
8691.00,-791.86,16313.27,352.03,2.500,0.00,50.0
8692.00,-792.20,16315.75,352.03,2.500,0.00,50.0
8693.00,-792.55,16318.23,352.03,2.500,0.00,50.0
8694.00,-792.90,16320.70,352.03,2.500,0.00,50.0
8695.00,-793.24,16323.18,352.03,2.500,0.00,50.0
8696.00,-793.59,16325.65,352.03,2.500,0.00,50.0
8697.00,-793.94,16328.13,352.03,2.500,0.00,50.0
8698.00,-794.28,16330.60,352.03,2.500,0.00,50.0
8699.00,-794.63,16333.08,352.03,2.500,0.00,50.0
8700.00,-794.98,16335.56,352.03,2.500,0.00,50.0
8701.00,-795.32,16338.03,352.03,2.500,0.00,50.0
8702.00,-795.67,16340.51,352.03,2.500,0.00,50.0
8703.00,-796.02,16342.98,352.03,2.500,0.00,50.0
8704.00,-796.36,16345.46,352.03,2.500,0.00,50.0
8705.00,-796.71,16347.94,352.03,2.500,0.00,50.0
8706.00,-797.06,16350.41,352.03,2.500,0.00,50.0
8707.00,-797.40,16352.89,352.03,2.500,0.00,50.0
8708.00,-797.75,16355.36,352.03,2.500,0.00,50.0
8709.00,-798.10,16357.84,352.03,2.500,0.00,50.0
8710.00,-798.44,16360.32,352.03,2.500,0.00,50.0
8711.00,-798.79,16362.79,352.03,2.500,0.00,50.0
8712.00,-799.14,16365.27,352.03,2.500,0.00,50.0
8713.00,-799.48,16367.74,352.03,2.500,0.00,50.0
8714.00,-799.83,16370.22,352.03,2.500,0.00,50.0
8715.00,-800.18,16372.69,352.03,2.500,0.00,50.0
8716.00,-800.52,16375.17,352.03,2.500,0.00,50.0
8717.00,-800.87,16377.65,352.03,2.500,0.00,50.0
8718.00,-801.22,16380.12,352.03,2.500,0.00,50.0
8719.00,-801.56,16382.60,352.03,2.500,0.00,50.0
8720.00,-801.91,16385.07,352.03,2.500,0.00,50.0
8721.00,-802.26,16387.55,352.03,2.500,0.00,50.0
8722.00,-802.60,16390.03,352.03,2.500,0.00,50.0
8723.00,-802.95,16392.50,352.03,2.500,0.00,50.0
8724.00,-803.30,16394.98,352.03,2.500,0.00,50.0
8725.00,-803.64,16397.45,352.03,2.500,0.00,50.0
8726.00,-803.99,16399.93,352.03,2.500,0.00,50.0
8727.00,-804.34,16402.40,352.03,2.500,0.00,50.0
8728.00,-804.68,16404.88,352.03,2.500,0.00,50.0
8729.00,-805.03,16407.36,352.03,2.500,0.00,50.0
8730.00,-805.38,16409.83,352.03,2.500,0.00,50.0
8731.00,-805.72,16412.31,352.03,2.500,0.00,50.0
8732.00,-806.07,16414.78,352.03,2.500,0.00,50.0
8733.00,-806.42,16417.26,352.03,2.500,0.00,50.0
8734.00,-806.76,16419.74,352.03,2.500,0.00,50.0
8735.00,-807.11,16422.21,352.03,2.500,0.00,50.0
8736.00,-807.46,16424.69,352.03,2.500,0.00,50.0
8737.00,-807.80,16427.16,352.03,2.500,0.00,50.0
8738.00,-808.15,16429.64,352.03,2.500,0.00,50.0
8739.00,-808.50,16432.11,352.03,2.500,0.00,50.0
8740.00,-808.84,16434.59,352.03,2.500,0.00,50.0
8741.00,-809.19,16437.07,352.03,2.500,0.00,50.0
8742.00,-809.54,16439.54,352.03,2.500,0.00,50.0
8743.00,-809.88,16442.02,352.03,2.500,0.00,50.0
8744.00,-810.23,16444.49,352.03,2.500,0.00,50.0
8745.00,-810.58,16446.97,352.03,2.500,0.00,50.0
8746.00,-810.92,16449.45,352.03,2.500,0.00,50.0
8747.00,-811.27,16451.92,352.03,2.500,0.00,50.0
8748.00,-811.62,16454.40,352.03,2.500,0.00,50.0
8749.00,-811.96,16456.87,352.03,2.500,0.00,50.0
8750.00,-812.31,16459.35,352.03,2.500,0.00,50.0
8751.00,-812.66,16461.82,352.03,2.500,0.00,50.0
8752.00,-813.00,16464.30,352.03,2.500,0.00,50.0
8753.00,-813.35,16466.78,352.03,2.500,0.00,50.0
8754.00,-813.70,16469.25,352.03,2.500,0.00,50.0
8755.00,-814.04,16471.73,352.03,2.500,0.00,50.0
8756.00,-814.39,16474.20,352.03,2.500,0.00,50.0
8757.00,-814.74,16476.68,352.03,2.500,0.00,50.0
8758.00,-815.08,16479.16,352.03,2.500,0.00,50.0
8759.00,-815.43,16481.63,352.03,2.500,0.00,50.0
8760.00,-815.78,16484.11,352.03,2.500,0.00,50.0
8761.00,-816.12,16486.58,352.03,2.500,0.00,50.0
8762.00,-816.47,16489.06,352.03,2.500,0.00,50.0
8763.00,-816.82,16491.53,352.03,2.500,0.00,50.0
8764.00,-817.17,16494.01,352.03,2.500,0.00,50.0
8765.00,-817.51,16496.49,352.03,2.500,0.00,50.0
8766.00,-817.86,16498.96,352.03,2.500,0.00,50.0
8767.00,-818.21,16501.44,352.03,2.500,0.00,50.0
8768.00,-818.55,16503.91,352.03,2.500,0.00,50.0
8769.00,-818.90,16506.39,352.03,2.500,0.00,50.0
8770.00,-819.25,16508.87,352.03,2.500,0.00,50.0
8771.00,-819.59,16511.34,352.03,2.500,0.00,50.0
8772.00,-819.94,16513.82,352.03,2.500,0.00,50.0
8773.00,-820.29,16516.29,352.03,2.500,0.00,50.0
8774.00,-820.63,16518.77,352.03,2.500,0.00,50.0
8775.00,-820.98,16521.24,352.03,2.500,0.00,50.0
8776.00,-821.33,16523.72,352.03,2.500,0.00,50.0
8777.00,-821.67,16526.20,352.03,2.500,0.00,50.0
8778.00,-822.02,16528.67,352.03,2.500,0.00,50.0
8779.00,-822.37,16531.15,352.03,2.500,0.00,50.0
8780.00,-822.71,16533.62,352.03,2.500,0.00,50.0
8781.00,-823.06,16536.10,352.03,2.500,0.00,50.0
8782.00,-823.41,16538.58,352.03,2.500,0.00,50.0
8783.00,-823.75,16541.05,352.03,2.500,0.00,50.0
8784.00,-824.10,16543.53,352.03,2.500,0.00,50.0
8785.00,-824.45,16546.00,352.03,2.500,0.00,50.0
8786.00,-824.79,16548.48,352.03,2.500,0.00,50.0
8787.00,-825.14,16550.96,352.03,2.500,0.00,50.0
8788.00,-825.49,16553.43,352.03,2.500,0.00,50.0
8789.00,-825.83,16555.91,352.03,2.500,0.00,50.0
8790.00,-826.18,16558.38,352.03,2.500,0.00,50.0
8791.00,-826.53,16560.86,352.03,2.500,0.00,50.0
8792.00,-826.87,16563.33,352.03,2.500,0.00,50.0
8793.00,-827.22,16565.81,352.03,2.500,0.00,50.0
8794.00,-827.57,16568.29,352.03,2.500,0.00,50.0
8795.00,-827.91,16570.76,352.03,2.500,0.00,50.0
8796.00,-828.26,16573.24,352.03,2.500,0.00,50.0
8797.00,-828.61,16575.71,352.03,2.500,0.00,50.0
8798.00,-828.95,16578.19,352.03,2.500,0.00,50.0
8799.00,-829.30,16580.67,352.03,2.500,0.00,50.0
8800.00,-829.65,16583.14,352.03,2.500,0.00,50.0
8801.00,-829.99,16585.62,352.03,2.500,0.00,50.0
8802.00,-830.34,16588.09,352.03,2.500,0.00,50.0
8803.00,-830.69,16590.57,352.03,2.500,0.00,50.0
8804.00,-831.03,16593.04,352.03,2.500,0.00,50.0
8805.00,-831.38,16595.52,352.03,2.500,0.00,50.0
8806.00,-831.73,16598.00,352.03,2.500,0.00,50.0
8807.00,-832.07,16600.47,352.03,2.500,0.00,50.0
8808.00,-832.42,16602.95,352.03,2.500,0.00,50.0
8809.00,-832.77,16605.42,352.03,2.500,0.00,50.0
8810.00,-833.11,16607.90,352.03,2.500,0.00,50.0
8811.00,-833.46,16610.38,352.03,2.500,0.00,50.0
8812.00,-833.81,16612.85,352.03,2.500,0.00,50.0
8813.00,-834.15,16615.33,352.03,2.500,0.00,50.0
8814.00,-834.50,16617.80,352.03,2.500,0.00,50.0
8815.00,-834.85,16620.28,352.03,2.500,0.00,50.0
8816.00,-835.19,16622.75,352.03,2.500,0.00,50.0
8817.00,-835.54,16625.23,352.03,2.500,0.00,50.0
8818.00,-835.89,16627.71,352.03,2.500,0.00,50.0
8819.00,-836.23,16630.18,352.03,2.500,0.00,50.0
8820.00,-836.58,16632.66,352.03,2.500,0.00,50.0
8821.00,-836.93,16635.13,352.03,2.500,0.00,50.0
8822.00,-837.27,16637.61,352.03,2.500,0.00,50.0
8823.00,-837.62,16640.09,352.03,2.500,0.00,50.0
8824.00,-837.97,16642.56,352.03,2.500,0.00,50.0
8825.00,-838.31,16645.04,352.03,2.500,0.00,50.0
8826.00,-838.66,16647.51,352.03,2.500,0.00,50.0
8827.00,-839.01,16649.99,352.03,2.500,0.00,50.0
8828.00,-839.35,16652.46,352.03,2.500,0.00,50.0
8829.00,-839.70,16654.94,352.03,2.500,0.00,50.0
8830.00,-840.05,16657.42,352.03,2.500,0.00,50.0
8831.00,-840.39,16659.89,352.03,2.500,0.00,50.0
8832.00,-840.74,16662.37,352.03,2.500,0.00,50.0
8833.00,-841.09,16664.84,352.03,2.500,0.00,50.0
8834.00,-841.43,16667.32,352.03,2.500,0.00,50.0
8835.00,-841.78,16669.80,352.03,2.500,0.00,50.0
8836.00,-842.13,16672.27,352.03,2.500,0.00,50.0
8837.00,-842.47,16674.75,352.03,2.500,0.00,50.0
8838.00,-842.82,16677.22,352.03,2.500,0.00,50.0
8839.00,-843.17,16679.70,352.03,2.500,0.00,50.0
8840.00,-843.51,16682.17,352.03,2.500,0.00,50.0
8841.00,-843.86,16684.65,352.03,2.500,0.00,50.0
8842.00,-844.21,16687.13,352.03,2.500,0.00,50.0
8843.00,-844.55,16689.60,352.03,2.500,0.00,50.0
8844.00,-844.90,16692.08,352.03,2.500,0.00,50.0
8845.00,-845.25,16694.55,352.03,2.500,0.00,50.0
8846.00,-845.59,16697.03,352.03,2.500,0.00,50.0
8847.00,-845.94,16699.51,352.03,2.500,0.00,50.0
8848.00,-846.29,16701.98,352.03,2.500,0.00,50.0
8849.00,-846.63,16704.46,352.03,2.500,0.00,50.0
8850.00,-846.98,16706.93,352.03,2.500,0.00,50.0
8851.00,-847.33,16709.41,352.03,2.500,0.00,50.0
8852.00,-847.67,16711.88,352.03,2.500,0.00,50.0
8853.00,-848.02,16714.36,352.03,2.500,0.00,50.0
8854.00,-848.37,16716.84,352.03,2.500,0.00,50.0
8855.00,-848.71,16719.31,352.03,2.500,0.00,50.0
8856.00,-849.06,16721.79,352.03,2.500,0.00,50.0
8857.00,-849.41,16724.26,352.03,2.500,0.00,50.0
8858.00,-849.75,16726.74,352.03,2.500,0.00,50.0
8859.00,-850.10,16729.22,352.03,2.500,0.00,50.0
8860.00,-850.45,16731.69,352.03,2.500,0.00,50.0
8861.00,-850.79,16734.17,352.03,2.500,0.00,50.0
8862.00,-851.14,16736.64,352.03,2.500,0.00,50.0
8863.00,-851.49,16739.12,352.03,2.500,0.00,50.0
8864.00,-851.83,16741.59,352.03,2.500,0.00,50.0
8865.00,-852.18,16744.07,352.03,2.500,0.00,50.0
8866.00,-852.53,16746.55,352.03,2.500,0.00,50.0
8867.00,-852.87,16749.02,352.03,2.500,0.00,50.0
8868.00,-853.22,16751.50,352.03,2.500,0.00,50.0
8869.00,-853.57,16753.97,352.03,2.500,0.00,50.0
8870.00,-853.92,16756.45,352.03,2.500,0.00,50.0
8871.00,-854.26,16758.93,352.03,2.500,0.00,50.0
8872.00,-854.61,16761.40,352.03,2.500,0.00,50.0
8873.00,-854.96,16763.88,352.03,2.500,0.00,50.0
8874.00,-855.30,16766.35,352.03,2.500,0.00,50.0
8875.00,-855.65,16768.83,352.03,2.500,0.00,50.0
8876.00,-856.00,16771.31,352.03,2.500,0.00,50.0
8877.00,-856.34,16773.78,352.03,2.500,0.00,50.0
8878.00,-856.69,16776.26,352.03,2.500,0.00,50.0
8879.00,-857.04,16778.73,352.03,2.500,0.00,50.0
8880.00,-857.38,16781.21,352.03,2.500,0.00,50.0
8881.00,-857.73,16783.68,352.03,2.500,0.00,50.0
8882.00,-858.08,16786.16,352.03,2.500,0.00,50.0
8883.00,-858.42,16788.64,352.03,2.500,0.00,50.0
8884.00,-858.77,16791.11,352.03,2.500,0.00,50.0
8885.00,-859.12,16793.59,352.03,2.500,0.00,50.0
8886.00,-859.46,16796.06,352.03,2.500,0.00,50.0
8887.00,-859.81,16798.54,352.03,2.500,0.00,50.0
8888.00,-860.16,16801.02,352.03,2.500,0.00,50.0
8889.00,-860.50,16803.49,352.03,2.500,0.00,50.0
8890.00,-860.85,16805.97,352.03,2.500,0.00,50.0
8891.00,-861.20,16808.44,352.03,2.500,0.00,50.0
8892.00,-861.54,16810.92,352.03,2.500,0.00,50.0
8893.00,-861.89,16813.39,352.03,2.500,0.00,50.0
8894.00,-862.24,16815.87,352.03,2.500,0.00,50.0
8895.00,-862.58,16818.35,352.03,2.500,0.00,50.0
8896.00,-862.93,16820.82,352.03,2.500,0.00,50.0
8897.00,-863.28,16823.30,352.03,2.500,0.00,50.0
8898.00,-863.62,16825.77,352.03,2.500,0.00,50.0
8899.00,-863.97,16828.25,352.03,2.500,0.00,50.0
8900.00,-864.32,16830.73,352.03,2.500,0.00,50.0
8901.00,-864.66,16833.20,352.03,2.500,0.00,50.0
8902.00,-865.01,16835.68,352.03,2.500,0.00,50.0
8903.00,-865.36,16838.15,352.03,2.500,0.00,50.0
8904.00,-865.70,16840.63,352.03,2.500,0.00,50.0
8905.00,-866.05,16843.10,352.03,2.500,0.00,50.0
8906.00,-866.40,16845.58,352.03,2.500,0.00,50.0
8907.00,-866.74,16848.06,352.03,2.500,0.00,50.0
8908.00,-867.09,16850.53,352.03,2.500,0.00,50.0
8909.00,-867.44,16853.01,352.03,2.500,0.00,50.0
8910.00,-867.78,16855.48,352.03,2.500,0.00,50.0
8911.00,-868.13,16857.96,352.03,2.500,0.00,50.0
8912.00,-868.48,16860.44,352.03,2.500,0.00,50.0
8913.00,-868.82,16862.91,352.03,2.500,0.00,50.0
8914.00,-869.17,16865.39,352.03,2.500,0.00,50.0
8915.00,-869.52,16867.86,352.03,2.500,0.00,50.0
8916.00,-869.86,16870.34,352.03,2.500,0.00,50.0
8917.00,-870.21,16872.81,352.03,2.500,0.00,50.0
8918.00,-870.56,16875.29,352.03,2.500,0.00,50.0
8919.00,-870.90,16877.77,352.03,2.500,0.00,50.0
8920.00,-871.25,16880.24,352.03,2.500,0.00,50.0
8921.00,-871.60,16882.72,352.03,2.500,0.00,50.0
8922.00,-871.94,16885.19,352.03,2.500,0.00,50.0
8923.00,-872.29,16887.67,352.03,2.500,0.00,50.0
8924.00,-872.64,16890.15,352.03,2.500,0.00,50.0
8925.00,-872.98,16892.62,352.03,2.500,0.00,50.0
8926.00,-873.33,16895.10,352.03,2.500,0.00,50.0
8927.00,-873.68,16897.57,352.03,2.500,0.00,50.0
8928.00,-874.02,16900.05,352.03,2.500,0.00,50.0
8929.00,-874.37,16902.52,352.03,2.500,0.00,50.0
8930.00,-874.72,16905.00,352.03,2.500,0.00,50.0
8931.00,-875.06,16907.48,352.03,2.500,0.00,50.0
8932.00,-875.41,16909.95,352.03,2.500,0.00,50.0
8933.00,-875.76,16912.43,352.03,2.500,0.00,50.0
8934.00,-876.10,16914.90,352.03,2.500,0.00,50.0
8935.00,-876.45,16917.38,352.03,2.500,0.00,50.0
8936.00,-876.80,16919.86,352.03,2.500,0.00,50.0
8937.00,-877.14,16922.33,352.03,2.500,0.00,50.0
8938.00,-877.49,16924.81,352.03,2.500,0.00,50.0
8939.00,-877.84,16927.28,352.03,2.500,0.00,50.0
8940.00,-878.18,16929.76,352.03,2.500,0.00,50.0
8941.00,-878.53,16932.23,352.03,2.500,0.00,50.0
8942.00,-878.88,16934.71,352.03,2.500,0.00,50.0
8943.00,-879.22,16937.19,352.03,2.500,0.00,50.0
8944.00,-879.57,16939.66,352.03,2.500,0.00,50.0
8945.00,-879.92,16942.14,352.03,2.500,0.00,50.0
8946.00,-880.26,16944.61,352.03,2.500,0.00,50.0
8947.00,-880.61,16947.09,352.03,2.500,0.00,50.0
8948.00,-880.96,16949.57,352.03,2.500,0.00,50.0
8949.00,-881.30,16952.04,352.03,2.500,0.00,50.0
8950.00,-881.65,16954.52,352.03,2.500,0.00,50.0
8951.00,-882.00,16956.99,352.03,2.500,0.00,50.0
8952.00,-882.34,16959.47,352.03,2.500,0.00,50.0
8953.00,-882.69,16961.95,352.03,2.500,0.00,50.0
8954.00,-883.04,16964.42,352.03,2.500,0.00,50.0
8955.00,-883.38,16966.90,352.03,2.500,0.00,50.0
8956.00,-883.73,16969.37,352.03,2.500,0.00,50.0
8957.00,-884.08,16971.85,352.03,2.500,0.00,50.0
8958.00,-884.42,16974.32,352.03,2.500,0.00,50.0
8959.00,-884.77,16976.80,352.03,2.500,0.00,50.0
8960.00,-885.12,16979.28,352.03,2.500,0.00,50.0
8961.00,-885.46,16981.75,352.03,2.500,0.00,50.0
8962.00,-885.81,16984.23,352.03,2.500,0.00,50.0
8963.00,-886.16,16986.70,352.03,2.500,0.00,50.0
8964.00,-886.50,16989.18,352.03,2.500,0.00,50.0
8965.00,-886.85,16991.66,352.03,2.500,0.00,50.0
8966.00,-887.20,16994.13,352.03,2.500,0.00,50.0
8967.00,-887.54,16996.61,352.03,2.500,0.00,50.0
8968.00,-887.89,16999.08,352.03,2.500,0.00,50.0
8969.00,-888.24,17001.56,352.03,2.500,0.00,50.0
8970.00,-888.58,17004.03,352.03,2.500,0.00,50.0
8971.00,-888.93,17006.51,352.03,2.500,0.00,50.0
8972.00,-889.28,17008.99,352.03,2.500,0.00,50.0
8973.00,-889.62,17011.46,352.03,2.500,0.00,50.0
8974.00,-889.97,17013.94,352.03,2.500,0.00,50.0
8975.00,-890.32,17016.41,352.03,2.500,0.00,50.0
8976.00,-890.67,17018.89,352.03,2.500,0.00,50.0
8977.00,-891.01,17021.37,352.03,2.500,0.00,50.0
8978.00,-891.36,17023.84,352.03,2.500,0.00,50.0
8979.00,-891.71,17026.32,352.03,2.500,0.00,50.0
8980.00,-892.05,17028.79,352.03,2.500,0.00,50.0
8981.00,-892.40,17031.27,352.03,2.500,0.00,50.0
8982.00,-892.75,17033.74,352.03,2.500,0.00,50.0
8983.00,-893.09,17036.22,352.03,2.500,0.00,50.0
8984.00,-893.44,17038.70,352.03,2.500,0.00,50.0
8985.00,-893.79,17041.17,352.03,2.500,0.00,50.0
8986.00,-894.13,17043.65,352.03,2.500,0.00,50.0
8987.00,-894.48,17046.12,352.03,2.500,0.00,50.0
8988.00,-894.83,17048.60,352.03,2.500,0.00,50.0
8989.00,-895.17,17051.08,352.03,2.500,0.00,50.0
8990.00,-895.52,17053.55,352.03,2.500,0.00,50.0
8991.00,-895.87,17056.03,352.03,2.500,0.00,50.0
8992.00,-896.21,17058.50,352.03,2.500,0.00,50.0
8993.00,-896.56,17060.98,352.03,2.500,0.00,50.0
8994.00,-896.91,17063.45,352.03,2.500,0.00,50.0
8995.00,-897.25,17065.93,352.03,2.500,0.00,50.0
8996.00,-897.60,17068.41,352.03,2.500,0.00,50.0
8997.00,-897.95,17070.88,352.03,2.500,0.00,50.0
8998.00,-898.29,17073.36,352.03,2.500,0.00,50.0
8999.00,-898.64,17075.83,352.03,2.500,0.00,50.0
9000.00,-898.99,17078.31,352.03,2.500,0.00,50.0
9001.00,-899.33,17080.79,352.03,2.500,0.00,50.0
9002.00,-899.68,17083.26,352.03,2.500,0.00,50.0
9003.00,-900.03,17085.74,352.03,2.500,0.00,50.0
9004.00,-900.37,17088.21,352.03,2.500,0.00,50.0
9005.00,-900.72,17090.69,352.03,2.500,0.00,50.0
9006.00,-901.07,17093.16,352.03,2.500,0.00,50.0
9007.00,-901.41,17095.64,352.03,2.500,0.00,50.0
9008.00,-901.76,17098.12,352.03,2.500,0.00,50.0
9009.00,-902.11,17100.59,352.03,2.500,0.00,50.0
9010.00,-902.45,17103.07,352.03,2.500,0.00,50.0
9011.00,-902.80,17105.54,352.03,2.500,0.00,50.0
9012.00,-903.15,17108.02,352.03,2.500,0.00,50.0
9013.00,-903.49,17110.50,352.03,2.500,0.00,50.0
9014.00,-903.84,17112.97,352.03,2.500,0.00,50.0
9015.00,-904.19,17115.45,352.03,2.500,0.00,50.0
9016.00,-904.53,17117.92,352.03,2.500,0.00,50.0
9017.00,-904.88,17120.40,352.03,2.500,0.00,50.0
9018.00,-905.23,17122.87,352.03,2.500,0.00,50.0
9019.00,-905.57,17125.35,352.03,2.500,0.00,50.0
9020.00,-905.92,17127.83,352.03,2.500,0.00,50.0
9021.00,-906.27,17130.30,352.03,2.500,0.00,50.0
9022.00,-906.61,17132.78,352.03,2.500,0.00,50.0
9023.00,-906.96,17135.25,352.03,2.500,0.00,50.0
9024.00,-907.31,17137.73,352.03,2.500,0.00,50.0
9025.00,-907.65,17140.21,352.03,2.500,0.00,50.0
9026.00,-908.00,17142.68,352.03,2.500,0.00,50.0
9027.00,-908.35,17145.16,352.03,2.500,0.00,50.0
9028.00,-908.69,17147.63,352.03,2.500,0.00,50.0
9029.00,-909.04,17150.11,352.03,2.500,0.00,50.0
9030.00,-909.39,17152.58,352.03,2.500,0.00,50.0
9031.00,-909.73,17155.06,352.03,2.500,0.00,50.0
9032.00,-910.08,17157.54,352.03,2.500,0.00,50.0
9033.00,-910.43,17160.01,352.03,2.500,0.00,50.0
9034.00,-910.77,17162.49,352.03,2.500,0.00,50.0
9035.00,-911.12,17164.96,352.03,2.500,0.00,50.0
9036.00,-911.47,17167.44,352.03,2.500,0.00,50.0
9037.00,-911.81,17169.92,352.03,2.500,0.00,50.0
9038.00,-912.16,17172.39,352.03,2.500,0.00,50.0
9039.00,-912.51,17174.87,352.03,2.500,0.00,50.0
9040.00,-912.85,17177.34,352.03,2.500,0.00,50.0
9041.00,-913.20,17179.82,352.03,2.500,0.00,50.0
9042.00,-913.55,17182.30,352.03,2.500,0.00,50.0
9043.00,-913.89,17184.77,352.03,2.500,0.00,50.0
9044.00,-914.24,17187.25,352.03,2.500,0.00,50.0
9045.00,-914.59,17189.72,352.03,2.500,0.00,50.0
9046.00,-914.93,17192.20,352.03,2.500,0.00,50.0
9047.00,-915.28,17194.67,352.03,2.500,0.00,50.0
9048.00,-915.63,17197.15,352.03,2.500,0.00,50.0
9049.00,-915.97,17199.63,352.03,2.500,0.00,50.0
9050.00,-916.32,17202.10,352.03,2.500,0.00,50.0
9051.00,-916.67,17204.58,352.03,2.500,0.00,50.0
9052.00,-917.01,17207.05,352.03,2.500,0.00,50.0
9053.00,-917.36,17209.53,352.03,2.500,0.00,50.0
9054.00,-917.71,17212.01,352.03,2.500,0.00,50.0
9055.00,-918.05,17214.48,352.03,2.500,0.00,50.0
9056.00,-918.40,17216.96,352.03,2.500,0.00,50.0
9057.00,-918.75,17219.43,352.03,2.500,0.00,50.0
9058.00,-919.09,17221.91,352.03,2.500,0.00,50.0
9059.00,-919.44,17224.38,352.03,2.500,0.00,50.0
9060.00,-919.79,17226.86,352.03,2.500,0.00,50.0
9061.00,-920.13,17229.34,352.03,2.500,0.00,50.0
9062.00,-920.48,17231.81,352.03,2.500,0.00,50.0
9063.00,-920.83,17234.29,352.03,2.500,0.00,50.0
9064.00,-921.17,17236.76,352.03,2.500,0.00,50.0
9065.00,-921.52,17239.24,352.03,2.500,0.00,50.0
9066.00,-921.87,17241.72,352.03,2.500,0.00,50.0
9067.00,-922.21,17244.19,352.03,2.500,0.00,50.0
9068.00,-922.56,17246.67,352.03,2.500,0.00,50.0
9069.00,-922.91,17249.14,352.03,2.500,0.00,50.0
9070.00,-923.25,17251.62,352.03,2.500,0.00,50.0
9071.00,-923.60,17254.09,352.03,2.500,0.00,50.0
9072.00,-923.95,17256.57,352.03,2.500,0.00,50.0
9073.00,-924.29,17259.05,352.03,2.500,0.00,50.0
9074.00,-924.64,17261.52,352.03,2.500,0.00,50.0
9075.00,-924.99,17264.00,352.03,2.500,0.00,50.0
9076.00,-925.33,17266.47,352.03,2.500,0.00,50.0
9077.00,-925.68,17268.95,352.03,2.500,0.00,50.0
9078.00,-926.03,17271.43,352.03,2.500,0.00,50.0
9079.00,-926.37,17273.90,352.03,2.500,0.00,50.0
9080.00,-926.72,17276.38,352.03,2.500,0.00,50.0
9081.00,-927.07,17278.85,352.03,2.500,0.00,50.0
9082.00,-927.42,17281.33,352.03,2.500,0.00,50.0
9083.00,-927.76,17283.80,352.03,2.500,0.00,50.0
9084.00,-928.11,17286.28,352.03,2.500,0.00,50.0
9085.00,-928.46,17288.76,352.03,2.500,0.00,50.0
9086.00,-928.80,17291.23,352.03,2.500,0.00,50.0
9087.00,-929.15,17293.71,352.03,2.500,0.00,50.0
9088.00,-929.50,17296.18,352.03,2.500,0.00,50.0
9089.00,-929.84,17298.66,352.03,2.500,0.00,50.0
9090.00,-930.19,17301.14,352.03,2.500,0.00,50.0
9091.00,-930.54,17303.61,352.03,2.500,0.00,50.0
9092.00,-930.88,17306.09,352.03,2.500,0.00,50.0
9093.00,-931.23,17308.56,352.03,2.500,0.00,50.0
9094.00,-931.58,17311.04,352.03,2.500,0.00,50.0
9095.00,-931.92,17313.51,352.03,2.500,0.00,50.0
9096.00,-932.27,17315.99,352.03,2.500,0.00,50.0
9097.00,-932.62,17318.47,352.03,2.500,0.00,50.0
9098.00,-932.96,17320.94,352.03,2.500,0.00,50.0
9099.00,-933.31,17323.42,352.03,2.500,0.00,50.0
9100.00,-933.66,17325.89,352.03,2.500,0.00,50.0
9101.00,-934.00,17328.37,352.03,2.500,0.00,50.0
9102.00,-934.35,17330.85,352.03,2.500,0.00,50.0
9103.00,-934.70,17333.32,352.03,2.500,0.00,50.0
9104.00,-935.04,17335.80,352.03,2.500,0.00,50.0
9105.00,-935.39,17338.27,352.03,2.500,0.00,50.0
9106.00,-935.74,17340.75,352.03,2.500,0.00,50.0
9107.00,-936.08,17343.22,352.03,2.500,0.00,50.0
9108.00,-936.43,17345.70,352.03,2.500,0.00,50.0
9109.00,-936.78,17348.18,352.03,2.500,0.00,50.0
9110.00,-937.12,17350.65,352.03,2.500,0.00,50.0
9111.00,-937.47,17353.13,352.03,2.500,0.00,50.0
9112.00,-937.82,17355.60,352.03,2.500,0.00,50.0
9113.00,-938.16,17358.08,352.03,2.500,0.00,50.0
9114.00,-938.51,17360.56,352.03,2.500,0.00,50.0
9115.00,-938.86,17363.03,352.03,2.500,0.00,50.0
9116.00,-939.20,17365.51,352.03,2.500,0.00,50.0
9117.00,-939.55,17367.98,352.03,2.500,0.00,50.0
9118.00,-939.90,17370.46,352.03,2.500,0.00,50.0
9119.00,-940.24,17372.94,352.03,2.500,0.00,50.0
9120.00,-940.59,17375.41,352.03,2.500,0.00,50.0
9121.00,-940.94,17377.89,352.03,2.500,0.00,50.0
9122.00,-941.28,17380.36,352.03,2.500,0.00,50.0
9123.00,-941.63,17382.84,352.03,2.500,0.00,50.0
9124.00,-941.98,17385.31,352.03,2.500,0.00,50.0
9125.00,-942.32,17387.79,352.03,2.500,0.00,50.0
9126.00,-942.67,17390.27,352.03,2.500,0.00,50.0
9127.00,-943.02,17392.74,352.03,2.500,0.00,50.0
9128.00,-943.36,17395.22,352.03,2.500,0.00,50.0
9129.00,-943.71,17397.69,352.03,2.500,0.00,50.0
9130.00,-944.06,17400.17,352.03,2.500,0.00,50.0
9131.00,-944.40,17402.65,352.03,2.500,0.00,50.0
9132.00,-944.75,17405.12,352.03,2.500,0.00,50.0
9133.00,-945.10,17407.60,352.03,2.500,0.00,50.0
9134.00,-945.44,17410.07,352.03,2.500,0.00,50.0
9135.00,-945.79,17412.55,352.03,2.500,0.00,50.0
9136.00,-946.14,17415.02,352.03,2.500,0.00,50.0
9137.00,-946.48,17417.50,352.03,2.500,0.00,50.0
9138.00,-946.83,17419.98,352.03,2.500,0.00,50.0
9139.00,-947.18,17422.45,352.03,2.500,0.00,50.0
9140.00,-947.52,17424.93,352.03,2.500,0.00,50.0
9141.00,-947.87,17427.40,352.03,2.500,0.00,50.0
9142.00,-948.22,17429.88,352.03,2.500,0.00,50.0
9143.00,-948.56,17432.36,352.03,2.500,0.00,50.0
9144.00,-948.91,17434.83,352.03,2.500,0.00,50.0
9145.00,-949.26,17437.31,352.03,2.500,0.00,50.0
9146.00,-949.60,17439.78,352.03,2.500,0.00,50.0
9147.00,-949.95,17442.26,352.03,2.500,0.00,50.0
9148.00,-950.30,17444.73,352.03,2.500,0.00,50.0
9149.00,-950.64,17447.21,352.03,2.500,0.00,50.0
9150.00,-950.99,17449.69,352.03,2.500,0.00,50.0
9151.00,-951.34,17452.16,352.03,2.500,0.00,50.0
9152.00,-951.68,17454.64,352.03,2.500,0.00,50.0
9153.00,-952.03,17457.11,352.03,2.500,0.00,50.0
9154.00,-952.38,17459.59,352.03,2.500,0.00,50.0
9155.00,-952.72,17462.07,352.03,2.500,0.00,50.0
9156.00,-953.07,17464.54,352.03,2.500,0.00,50.0
9157.00,-953.42,17467.02,352.03,2.500,0.00,50.0
9158.00,-953.76,17469.49,352.03,2.500,0.00,50.0
9159.00,-954.11,17471.97,352.03,2.500,0.00,50.0
9160.00,-954.46,17474.44,352.03,2.500,0.00,50.0
9161.00,-954.80,17476.92,352.03,2.500,0.00,50.0
9162.00,-955.15,17479.40,352.03,2.500,0.00,50.0
9163.00,-955.50,17481.87,352.03,2.500,0.00,50.0
9164.00,-955.84,17484.35,352.03,2.500,0.00,50.0
9165.00,-956.19,17486.82,352.03,2.500,0.00,50.0
9166.00,-956.54,17489.30,352.03,2.500,0.00,50.0
9167.00,-956.88,17491.78,352.03,2.500,0.00,50.0
9168.00,-957.23,17494.25,352.03,2.500,0.00,50.0
9169.00,-957.58,17496.73,352.03,2.500,0.00,50.0
9170.00,-957.92,17499.20,352.03,2.500,0.00,50.0
9171.00,-958.27,17501.68,352.03,2.500,0.00,50.0
9172.00,-958.62,17504.15,352.03,2.500,0.00,50.0
9173.00,-958.96,17506.63,352.03,2.500,0.00,50.0
9174.00,-959.31,17509.11,352.03,2.500,0.00,50.0
9175.00,-959.66,17511.58,352.03,2.500,0.00,50.0
9176.00,-960.00,17514.06,352.03,2.500,0.00,50.0
9177.00,-960.35,17516.53,352.03,2.500,0.00,50.0
9178.00,-960.70,17519.01,352.03,2.500,0.00,50.0
9179.00,-961.04,17521.49,352.03,2.500,0.00,50.0
9180.00,-961.39,17523.96,352.03,2.500,0.00,50.0
9181.00,-961.74,17526.44,352.03,2.500,0.00,50.0
9182.00,-962.08,17528.91,352.03,2.500,0.00,50.0
9183.00,-962.43,17531.39,352.03,2.500,0.00,50.0
9184.00,-962.78,17533.86,352.03,2.500,0.00,50.0
9185.00,-963.12,17536.34,352.03,2.500,0.00,50.0
9186.00,-963.47,17538.82,352.03,2.500,0.00,50.0
9187.00,-963.82,17541.29,352.03,2.500,0.00,50.0
9188.00,-964.17,17543.77,352.03,2.500,0.00,50.0
9189.00,-964.51,17546.24,352.03,2.500,0.00,50.0
9190.00,-964.86,17548.72,352.03,2.500,0.00,50.0
9191.00,-965.21,17551.20,352.03,2.500,0.00,50.0
9192.00,-965.55,17553.67,352.03,2.500,0.00,50.0
9193.00,-965.90,17556.15,352.03,2.500,0.00,50.0
9194.00,-966.25,17558.62,352.03,2.500,0.00,50.0
9195.00,-966.59,17561.10,352.03,2.500,0.00,50.0
9196.00,-966.94,17563.57,352.03,2.500,0.00,50.0
9197.00,-967.29,17566.05,352.03,2.500,0.00,50.0
9198.00,-967.63,17568.53,352.03,2.500,0.00,50.0
9199.00,-967.98,17571.00,352.03,2.500,0.00,50.0
9200.00,-968.33,17573.48,352.03,2.500,0.00,50.0
9201.00,-968.67,17575.95,352.03,2.500,0.00,50.0
9202.00,-969.02,17578.43,352.03,2.500,0.00,50.0
9203.00,-969.37,17580.91,352.03,2.500,0.00,50.0
9204.00,-969.71,17583.38,352.03,2.500,0.00,50.0
9205.00,-970.06,17585.86,352.03,2.500,0.00,50.0
9206.00,-970.41,17588.33,352.03,2.500,0.00,50.0
9207.00,-970.75,17590.81,352.03,2.500,0.00,50.0
9208.00,-971.10,17593.29,352.03,2.500,0.00,50.0
9209.00,-971.45,17595.76,352.03,2.500,0.00,50.0
9210.00,-971.79,17598.24,352.03,2.500,0.00,50.0
9211.00,-972.14,17600.71,352.03,2.500,0.00,50.0
9212.00,-972.49,17603.19,352.03,2.500,0.00,50.0
9213.00,-972.83,17605.66,352.03,2.500,0.00,50.0
9214.00,-973.18,17608.14,352.03,2.500,0.00,50.0
9215.00,-973.53,17610.62,352.03,2.500,0.00,50.0
9216.00,-973.87,17613.09,352.03,2.500,0.00,50.0
9217.00,-974.22,17615.57,352.03,2.500,0.00,50.0
9218.00,-974.57,17618.04,352.03,2.500,0.00,50.0
9219.00,-974.91,17620.52,352.03,2.500,0.00,50.0
9220.00,-975.26,17623.00,352.03,2.500,0.00,50.0
9221.00,-975.61,17625.47,352.03,2.500,0.00,50.0
9222.00,-975.95,17627.95,352.03,2.500,0.00,50.0
9223.00,-976.30,17630.42,352.03,2.500,0.00,50.0
9224.00,-976.65,17632.90,352.03,2.500,0.00,50.0
9225.00,-976.99,17635.37,352.03,2.500,0.00,50.0
9226.00,-977.34,17637.85,352.03,2.500,0.00,50.0
9227.00,-977.69,17640.33,352.03,2.500,0.00,50.0
9228.00,-978.03,17642.80,352.03,2.500,0.00,50.0
9229.00,-978.38,17645.28,352.03,2.500,0.00,50.0
9230.00,-978.73,17647.75,352.03,2.500,0.00,50.0
9231.00,-979.07,17650.23,352.03,2.500,0.00,50.0
9232.00,-979.42,17652.71,352.03,2.500,0.00,50.0
9233.00,-979.77,17655.18,352.03,2.500,0.00,50.0
9234.00,-980.11,17657.66,352.03,2.500,0.00,50.0
9235.00,-980.46,17660.13,352.03,2.500,0.00,50.0
9236.00,-980.81,17662.61,352.03,2.500,0.00,50.0
9237.00,-981.15,17665.08,352.03,2.500,0.00,50.0
9238.00,-981.50,17667.56,352.03,2.500,0.00,50.0
9239.00,-981.85,17670.04,352.03,2.500,0.00,50.0
9240.00,-982.19,17672.51,352.03,2.500,0.00,50.0
9241.00,-982.54,17674.99,352.03,2.500,0.00,50.0
9242.00,-982.89,17677.46,352.03,2.500,0.00,50.0
9243.00,-983.23,17679.94,352.03,2.500,0.00,50.0
9244.00,-983.58,17682.42,352.03,2.500,0.00,50.0
9245.00,-983.93,17684.89,352.03,2.500,0.00,50.0
9246.00,-984.27,17687.37,352.03,2.500,0.00,50.0
9247.00,-984.62,17689.84,352.03,2.500,0.00,50.0
9248.00,-984.97,17692.32,352.03,2.500,0.00,50.0
9249.00,-985.31,17694.79,352.03,2.500,0.00,50.0
9250.00,-985.66,17697.27,352.03,2.500,0.00,50.0
9251.00,-986.01,17699.75,352.03,2.500,0.00,50.0
9252.00,-986.35,17702.22,352.03,2.500,0.00,50.0
9253.00,-986.70,17704.70,352.03,2.500,0.00,50.0
9254.00,-987.05,17707.17,352.03,2.500,0.00,50.0
9255.00,-987.39,17709.65,352.03,2.500,0.00,50.0
9256.00,-987.74,17712.13,352.03,2.500,0.00,50.0
9257.00,-988.09,17714.60,352.03,2.500,0.00,50.0
9258.00,-988.43,17717.08,352.03,2.500,0.00,50.0
9259.00,-988.78,17719.55,352.03,2.500,0.00,50.0
9260.00,-989.13,17722.03,352.03,2.500,0.00,50.0
9261.00,-989.47,17724.50,352.03,2.500,0.00,50.0
9262.00,-989.82,17726.98,352.03,2.500,0.00,50.0
9263.00,-990.17,17729.46,352.03,2.500,0.00,50.0
9264.00,-990.51,17731.93,352.03,2.500,0.00,50.0
9265.00,-990.86,17734.41,352.03,2.500,0.00,50.0
9266.00,-991.21,17736.88,352.03,2.500,0.00,50.0
9267.00,-991.55,17739.36,352.03,2.500,0.00,50.0
9268.00,-991.90,17741.84,352.03,2.500,0.00,50.0
9269.00,-992.25,17744.31,352.03,2.500,0.00,50.0
9270.00,-992.59,17746.79,352.03,2.500,0.00,50.0
9271.00,-992.94,17749.26,352.03,2.500,0.00,50.0
9272.00,-993.29,17751.74,352.03,2.500,0.00,50.0
9273.00,-993.63,17754.21,352.03,2.500,0.00,50.0
9274.00,-993.98,17756.69,352.03,2.500,0.00,50.0
9275.00,-994.33,17759.17,352.03,2.500,0.00,50.0
9276.00,-994.67,17761.64,352.03,2.500,0.00,50.0
9277.00,-995.02,17764.12,352.03,2.500,0.00,50.0
9278.00,-995.37,17766.59,352.03,2.500,0.00,50.0
9279.00,-995.71,17769.07,352.03,2.500,0.00,50.0
9280.00,-996.06,17771.55,352.03,2.500,0.00,50.0
9281.00,-996.41,17774.02,352.03,2.500,0.00,50.0
9282.00,-996.75,17776.50,352.03,2.500,0.00,50.0
9283.00,-997.10,17778.97,352.03,2.500,0.00,50.0
9284.00,-997.45,17781.45,352.03,2.500,0.00,50.0
9285.00,-997.79,17783.93,352.03,2.500,0.00,50.0
9286.00,-998.14,17786.40,352.03,2.500,0.00,50.0
9287.00,-998.49,17788.88,352.03,2.500,0.00,50.0
9288.00,-998.83,17791.35,352.03,2.500,0.00,50.0
9289.00,-999.18,17793.83,352.03,2.500,0.00,50.0
9290.00,-999.53,17796.30,352.03,2.500,0.00,50.0
9291.00,-999.87,17798.78,352.03,2.500,0.00,50.0
9292.00,-1000.22,17801.26,352.03,2.500,0.00,50.0
9293.00,-1000.57,17803.73,352.03,2.500,0.00,50.0
9294.00,-1000.92,17806.21,352.03,2.500,0.00,50.0
9295.00,-1001.26,17808.68,352.03,2.500,0.00,50.0
9296.00,-1001.61,17811.16,352.03,2.500,0.00,50.0
9297.00,-1001.96,17813.64,352.03,2.500,0.00,50.0
9298.00,-1002.30,17816.11,352.03,2.500,0.00,50.0
9299.00,-1002.65,17818.59,352.03,2.500,0.00,50.0
9300.00,-1003.00,17821.06,352.03,2.500,0.00,50.0
9301.00,-1003.34,17823.54,352.03,2.500,0.00,50.0
9302.00,-1003.69,17826.01,352.03,2.500,0.00,50.0
9303.00,-1004.04,17828.49,352.03,2.500,0.00,50.0
9304.00,-1004.38,17830.97,352.03,2.500,0.00,50.0
9305.00,-1004.73,17833.44,352.03,2.500,0.00,50.0
9306.00,-1005.08,17835.92,352.03,2.500,0.00,50.0
9307.00,-1005.42,17838.39,352.03,2.500,0.00,50.0
9308.00,-1005.77,17840.87,352.03,2.500,0.00,50.0
9309.00,-1006.12,17843.35,352.03,2.500,0.00,50.0
9310.00,-1006.46,17845.82,352.03,2.500,0.00,50.0
9311.00,-1006.81,17848.30,352.03,2.500,0.00,50.0
9312.00,-1007.16,17850.77,352.03,2.500,0.00,50.0
9313.00,-1007.50,17853.25,352.03,2.500,0.00,50.0
9314.00,-1007.85,17855.72,352.03,2.500,0.00,50.0
9315.00,-1008.20,17858.20,352.03,2.500,0.00,50.0
9316.00,-1008.54,17860.68,352.03,2.500,0.00,50.0
9317.00,-1008.89,17863.15,352.03,2.500,0.00,50.0
9318.00,-1009.24,17865.63,352.03,2.500,0.00,50.0
9319.00,-1009.58,17868.10,352.03,2.500,0.00,50.0
9320.00,-1009.93,17870.58,352.03,2.500,0.00,50.0
9321.00,-1010.28,17873.06,352.03,2.500,0.00,50.0
9322.00,-1010.62,17875.53,352.03,2.500,0.00,50.0
9323.00,-1010.97,17878.01,352.03,2.500,0.00,50.0
9324.00,-1011.32,17880.48,352.03,2.500,0.00,50.0
9325.00,-1011.66,17882.96,352.03,2.500,0.00,50.0
9326.00,-1012.01,17885.43,352.03,2.500,0.00,50.0
9327.00,-1012.36,17887.91,352.03,2.500,0.00,50.0
9328.00,-1012.70,17890.39,352.03,2.500,0.00,50.0
9329.00,-1013.05,17892.86,352.03,2.500,0.00,50.0
9330.00,-1013.40,17895.34,352.03,2.500,0.00,50.0
9331.00,-1013.74,17897.81,352.03,2.500,0.00,50.0
9332.00,-1014.09,17900.29,352.03,2.500,0.00,50.0
9333.00,-1014.44,17902.77,352.03,2.500,0.00,50.0
9334.00,-1014.78,17905.24,352.03,2.500,0.00,50.0
9335.00,-1015.13,17907.72,352.03,2.500,0.00,50.0
9336.00,-1015.48,17910.19,352.03,2.500,0.00,50.0
9337.00,-1015.82,17912.67,352.03,2.500,0.00,50.0
9338.00,-1016.17,17915.14,352.03,2.500,0.00,50.0
9339.00,-1016.52,17917.62,352.03,2.500,0.00,50.0
9340.00,-1016.86,17920.10,352.03,2.500,0.00,50.0
9341.00,-1017.21,17922.57,352.03,2.500,0.00,50.0
9342.00,-1017.56,17925.05,352.03,2.500,0.00,50.0
9343.00,-1017.90,17927.52,352.03,2.500,0.00,50.0
9344.00,-1018.25,17930.00,352.03,2.500,0.00,50.0
9345.00,-1018.60,17932.48,352.03,2.500,0.00,50.0
9346.00,-1018.94,17934.95,352.03,2.500,0.00,50.0
9347.00,-1019.29,17937.43,352.03,2.500,0.00,50.0
9348.00,-1019.64,17939.90,352.03,2.500,0.00,50.0
9349.00,-1019.98,17942.38,352.03,2.500,0.00,50.0
9350.00,-1020.33,17944.85,352.03,2.500,0.00,50.0
9351.00,-1020.68,17947.33,352.03,2.500,0.00,50.0
9352.00,-1021.02,17949.81,352.03,2.500,0.00,50.0
9353.00,-1021.37,17952.28,352.03,2.500,0.00,50.0
9354.00,-1021.72,17954.76,352.03,2.500,0.00,50.0
9355.00,-1022.06,17957.23,352.03,2.500,0.00,50.0
9356.00,-1022.41,17959.71,352.03,2.500,0.00,50.0
9357.00,-1022.76,17962.19,352.03,2.500,0.00,50.0
9358.00,-1023.10,17964.66,352.03,2.500,0.00,50.0
9359.00,-1023.45,17967.14,352.03,2.500,0.00,50.0
9360.00,-1023.80,17969.61,352.03,2.500,0.00,50.0
9361.00,-1024.14,17972.09,352.03,2.500,0.00,50.0
9362.00,-1024.49,17974.56,352.03,2.500,0.00,50.0
9363.00,-1024.84,17977.04,352.03,2.500,0.00,50.0
9364.00,-1025.18,17979.52,352.03,2.500,0.00,50.0
9365.00,-1025.53,17981.99,352.03,2.500,0.00,50.0
9366.00,-1025.88,17984.47,352.03,2.500,0.00,50.0
9367.00,-1026.22,17986.94,352.03,2.500,0.00,50.0
9368.00,-1026.57,17989.42,352.03,2.500,0.00,50.0
9369.00,-1026.92,17991.90,352.03,2.500,0.00,50.0
9370.00,-1027.26,17994.37,352.03,2.500,0.00,50.0
9371.00,-1027.61,17996.85,352.03,2.500,0.00,50.0
9372.00,-1027.96,17999.32,352.03,2.500,0.00,50.0
9373.00,-1028.30,18001.80,352.03,2.500,0.00,50.0
9374.00,-1028.65,18004.28,352.03,2.500,0.00,50.0
9375.00,-1029.00,18006.75,352.03,2.500,0.00,50.0
9376.00,-1029.34,18009.23,352.03,2.500,0.00,50.0
9377.00,-1029.69,18011.70,352.03,2.500,0.00,50.0
9378.00,-1030.04,18014.18,352.03,2.500,0.00,50.0
9379.00,-1030.38,18016.65,352.03,2.500,0.00,50.0
9380.00,-1030.73,18019.13,352.03,2.500,0.00,50.0
9381.00,-1031.08,18021.61,352.03,2.500,0.00,50.0
9382.00,-1031.42,18024.08,352.03,2.500,0.00,50.0
9383.00,-1031.77,18026.56,352.03,2.500,0.00,50.0
9384.00,-1032.12,18029.03,352.03,2.500,0.00,50.0
9385.00,-1032.46,18031.51,352.03,2.500,0.00,50.0
9386.00,-1032.81,18033.99,352.03,2.500,0.00,50.0
9387.00,-1033.16,18036.46,352.03,2.500,0.00,50.0
9388.00,-1033.50,18038.94,352.03,2.500,0.00,50.0
9389.00,-1033.85,18041.41,352.03,2.500,0.00,50.0
9390.00,-1034.20,18043.89,352.03,2.500,0.00,50.0
9391.00,-1034.54,18046.36,352.03,2.500,0.00,50.0
9392.00,-1034.89,18048.84,352.03,2.500,0.00,50.0
9393.00,-1035.24,18051.32,352.03,2.500,0.00,50.0
9394.00,-1035.58,18053.79,352.03,2.500,0.00,50.0
9395.00,-1035.93,18056.27,352.03,2.500,0.00,50.0
9396.00,-1036.28,18058.74,352.03,2.500,0.00,50.0
9397.00,-1036.62,18061.22,352.03,2.500,0.00,50.0
9398.00,-1036.97,18063.70,352.03,2.500,0.00,50.0
9399.00,-1037.32,18066.17,352.03,2.500,0.00,50.0
9400.00,-1037.67,18068.65,352.03,2.500,0.00,50.0
9401.00,-1038.01,18071.12,352.03,2.500,0.00,50.0
9402.00,-1038.36,18073.60,352.03,2.500,0.00,50.0
9403.00,-1038.71,18076.07,352.03,2.500,0.00,50.0
9404.00,-1039.05,18078.55,352.03,2.500,0.00,50.0
9405.00,-1039.40,18081.03,352.03,2.500,0.00,50.0
9406.00,-1039.75,18083.50,352.03,2.500,0.00,50.0
9407.00,-1040.09,18085.98,352.03,2.500,0.00,50.0
9408.00,-1040.44,18088.45,352.03,2.500,0.00,50.0
9409.00,-1040.79,18090.93,352.03,2.500,0.00,50.0
9410.00,-1041.13,18093.41,352.03,2.500,0.00,50.0
9411.00,-1041.48,18095.88,352.03,2.500,0.00,50.0
9412.00,-1041.83,18098.36,352.03,2.500,0.00,50.0
9413.00,-1042.17,18100.83,352.03,2.500,0.00,50.0
9414.00,-1042.52,18103.31,352.03,2.500,0.00,50.0
9415.00,-1042.87,18105.78,352.03,2.500,0.00,50.0
9416.00,-1043.21,18108.26,352.03,2.500,0.00,50.0
9417.00,-1043.56,18110.74,352.03,2.500,0.00,50.0
9418.00,-1043.91,18113.21,352.03,2.500,0.00,50.0
9419.00,-1044.25,18115.69,352.03,2.500,0.00,50.0
9420.00,-1044.60,18118.16,352.03,2.500,0.00,50.0
9421.00,-1044.95,18120.64,352.03,2.500,0.00,50.0
9422.00,-1045.29,18123.12,352.03,2.500,0.00,50.0
9423.00,-1045.64,18125.59,352.03,2.500,0.00,50.0
9424.00,-1045.99,18128.07,352.03,2.500,0.00,50.0
9425.00,-1046.33,18130.54,352.03,2.500,0.00,50.0
9426.00,-1046.68,18133.02,352.03,2.500,0.00,50.0
9427.00,-1047.03,18135.49,352.03,2.500,0.00,50.0
9428.00,-1047.37,18137.97,352.03,2.500,0.00,50.0
9429.00,-1047.72,18140.45,352.03,2.500,0.00,50.0
9430.00,-1048.07,18142.92,352.03,2.500,0.00,50.0
9431.00,-1048.41,18145.40,352.03,2.500,0.00,50.0
9432.00,-1048.76,18147.87,352.03,2.500,0.00,50.0
9433.00,-1049.11,18150.35,352.03,2.500,0.00,50.0
9434.00,-1049.45,18152.83,352.03,2.500,0.00,50.0
9435.00,-1049.80,18155.30,352.03,2.500,0.00,50.0
9436.00,-1050.15,18157.78,352.03,2.500,0.00,50.0
9437.00,-1050.49,18160.25,352.03,2.500,0.00,50.0
9438.00,-1050.84,18162.73,352.03,2.500,0.00,50.0
9439.00,-1051.19,18165.20,352.03,2.500,0.00,50.0
9440.00,-1051.53,18167.68,352.03,2.500,0.00,50.0
9441.00,-1051.88,18170.16,352.03,2.500,0.00,50.0
9442.00,-1052.23,18172.63,352.03,2.500,0.00,50.0
9443.00,-1052.57,18175.11,352.03,2.500,0.00,50.0
9444.00,-1052.92,18177.58,352.03,2.500,0.00,50.0
9445.00,-1053.27,18180.06,352.03,2.500,0.00,50.0
9446.00,-1053.61,18182.54,352.03,2.500,0.00,50.0
9447.00,-1053.96,18185.01,352.03,2.500,0.00,50.0
9448.00,-1054.31,18187.49,352.03,2.500,0.00,50.0
9449.00,-1054.65,18189.96,352.03,2.500,0.00,50.0
9450.00,-1055.00,18192.44,352.03,2.500,0.00,50.0
9451.00,-1055.35,18194.92,352.03,2.500,0.00,50.0
9452.00,-1055.69,18197.39,352.03,2.500,0.00,50.0
9453.00,-1056.04,18199.87,352.03,2.500,0.00,50.0
9454.00,-1056.39,18202.34,352.03,2.500,0.00,50.0
9455.00,-1056.73,18204.82,352.03,2.500,0.00,50.0
9456.00,-1057.08,18207.29,352.03,2.500,0.00,50.0
9457.00,-1057.43,18209.77,352.03,2.500,0.00,50.0
9458.00,-1057.77,18212.25,352.03,2.500,0.00,50.0
9459.00,-1058.12,18214.72,352.03,2.500,0.00,50.0
9460.00,-1058.47,18217.20,352.03,2.500,0.00,50.0
9461.00,-1058.81,18219.67,352.03,2.500,0.00,50.0
9462.00,-1059.16,18222.15,352.03,2.500,0.00,50.0
9463.00,-1059.51,18224.63,352.03,2.500,0.00,50.0
9464.00,-1059.85,18227.10,352.03,2.500,0.00,50.0
9465.00,-1060.20,18229.58,352.03,2.500,0.00,50.0
9466.00,-1060.55,18232.05,352.03,2.500,0.00,50.0
9467.00,-1060.89,18234.53,352.03,2.500,0.00,50.0
9468.00,-1061.24,18237.00,352.03,2.500,0.00,50.0
9469.00,-1061.59,18239.48,352.03,2.500,0.00,50.0
9470.00,-1061.93,18241.96,352.03,2.500,0.00,50.0
9471.00,-1062.28,18244.43,352.03,2.500,0.00,50.0
9472.00,-1062.63,18246.91,352.03,2.500,0.00,50.0
9473.00,-1062.97,18249.38,352.03,2.500,0.00,50.0
9474.00,-1063.32,18251.86,352.03,2.500,0.00,50.0
9475.00,-1063.67,18254.34,352.03,2.500,0.00,50.0
9476.00,-1064.01,18256.81,352.03,2.500,0.00,50.0
9477.00,-1064.36,18259.29,352.03,2.500,0.00,50.0
9478.00,-1064.71,18261.76,352.03,2.500,0.00,50.0
9479.00,-1065.05,18264.24,352.03,2.500,0.00,50.0
9480.00,-1065.40,18266.71,352.03,2.500,0.00,50.0
9481.00,-1065.75,18269.19,352.03,2.500,0.00,50.0
9482.00,-1066.09,18271.67,352.03,2.500,0.00,50.0
9483.00,-1066.44,18274.14,352.03,2.500,0.00,50.0
9484.00,-1066.79,18276.62,352.03,2.500,0.00,50.0
9485.00,-1067.13,18279.09,352.03,2.500,0.00,50.0
9486.00,-1067.48,18281.57,352.03,2.500,0.00,50.0
9487.00,-1067.83,18284.05,352.03,2.500,0.00,50.0
9488.00,-1068.17,18286.52,352.03,2.500,0.00,50.0
9489.00,-1068.52,18289.00,352.03,2.500,0.00,50.0
9490.00,-1068.87,18291.47,352.03,2.500,0.00,50.0
9491.00,-1069.21,18293.95,352.03,2.500,0.00,50.0
9492.00,-1069.56,18296.42,352.03,2.500,0.00,50.0
9493.00,-1069.91,18298.90,352.03,2.500,0.00,50.0
9494.00,-1070.25,18301.38,352.03,2.500,0.00,50.0
9495.00,-1070.60,18303.85,352.03,2.500,0.00,50.0
9496.00,-1070.95,18306.33,352.03,2.500,0.00,50.0
9497.00,-1071.29,18308.80,352.03,2.500,0.00,50.0
9498.00,-1071.64,18311.28,352.03,2.500,0.00,50.0
9499.00,-1071.99,18313.76,352.03,2.500,0.00,50.0
9500.00,-1072.33,18316.23,352.03,2.500,0.00,50.0
9501.00,-1072.68,18318.71,352.03,2.500,0.00,50.0
9502.00,-1073.03,18321.18,352.03,2.500,0.00,50.0
9503.00,-1073.37,18323.66,352.03,2.500,0.00,50.0
9504.00,-1073.72,18326.13,352.03,2.500,0.00,50.0
9505.00,-1074.07,18328.61,352.03,2.500,0.00,50.0
9506.00,-1074.42,18331.09,352.03,2.500,0.00,50.0
9507.00,-1074.76,18333.56,352.03,2.500,0.00,50.0
9508.00,-1075.11,18336.04,352.03,2.500,0.00,50.0
9509.00,-1075.46,18338.51,352.03,2.500,0.00,50.0
9510.00,-1075.80,18340.99,352.03,2.500,0.00,50.0
9511.00,-1076.15,18343.47,352.03,2.500,0.00,50.0
9512.00,-1076.50,18345.94,352.03,2.500,0.00,50.0
9513.00,-1076.84,18348.42,352.03,2.500,0.00,50.0
9514.00,-1077.19,18350.89,352.03,2.500,0.00,50.0
9515.00,-1077.54,18353.37,352.03,2.500,0.00,50.0
9516.00,-1077.88,18355.84,352.03,2.500,0.00,50.0
9517.00,-1078.23,18358.32,352.03,2.500,0.00,50.0
9518.00,-1078.58,18360.80,352.03,2.500,0.00,50.0
9519.00,-1078.92,18363.27,352.03,2.500,0.00,50.0
9520.00,-1079.27,18365.75,352.03,2.500,0.00,50.0
9521.00,-1079.62,18368.22,352.03,2.500,0.00,50.0
9522.00,-1079.96,18370.70,352.03,2.500,0.00,50.0
9523.00,-1080.31,18373.18,352.03,2.500,0.00,50.0
9524.00,-1080.66,18375.65,352.03,2.500,0.00,50.0
9525.00,-1081.00,18378.13,352.03,2.500,0.00,50.0
9526.00,-1081.35,18380.60,352.03,2.500,0.00,50.0
9527.00,-1081.70,18383.08,352.03,2.500,0.00,50.0
9528.00,-1082.04,18385.55,352.03,2.500,0.00,50.0
9529.00,-1082.39,18388.03,352.03,2.500,0.00,50.0
9530.00,-1082.74,18390.51,352.03,2.500,0.00,50.0
9531.00,-1083.08,18392.98,352.03,2.500,0.00,50.0
9532.00,-1083.43,18395.46,352.03,2.500,0.00,50.0
9533.00,-1083.78,18397.93,352.03,2.500,0.00,50.0
9534.00,-1084.12,18400.41,352.03,2.500,0.00,50.0
9535.00,-1084.47,18402.89,352.03,2.500,0.00,50.0
9536.00,-1084.82,18405.36,352.03,2.500,0.00,50.0
9537.00,-1085.16,18407.84,352.03,2.500,0.00,50.0
9538.00,-1085.51,18410.31,352.03,2.500,0.00,50.0
9539.00,-1085.86,18412.79,352.03,2.500,0.00,50.0
9540.00,-1086.20,18415.27,352.03,2.500,0.00,50.0
9541.00,-1086.55,18417.74,352.03,2.500,0.00,50.0
9542.00,-1086.90,18420.22,352.03,2.500,0.00,50.0
9543.00,-1087.24,18422.69,352.03,2.500,0.00,50.0
9544.00,-1087.59,18425.17,352.03,2.500,0.00,50.0
9545.00,-1087.94,18427.64,352.03,2.500,0.00,50.0
9546.00,-1088.28,18430.12,352.03,2.500,0.00,50.0
9547.00,-1088.63,18432.60,352.03,2.500,0.00,50.0
9548.00,-1088.98,18435.07,352.03,2.500,0.00,50.0
9549.00,-1089.32,18437.55,352.03,2.500,0.00,50.0
9550.00,-1089.67,18440.02,352.03,2.500,0.00,50.0
9551.00,-1090.02,18442.50,352.03,2.500,0.00,50.0
9552.00,-1090.36,18444.98,352.03,2.500,0.00,50.0
9553.00,-1090.71,18447.45,352.03,2.500,0.00,50.0
9554.00,-1091.06,18449.93,352.03,2.500,0.00,50.0
9555.00,-1091.40,18452.40,352.03,2.500,0.00,50.0
9556.00,-1091.75,18454.88,352.03,2.500,0.00,50.0
9557.00,-1092.10,18457.35,352.03,2.500,0.00,50.0
9558.00,-1092.44,18459.83,352.03,2.500,0.00,50.0
9559.00,-1092.79,18462.31,352.03,2.500,0.00,50.0
9560.00,-1093.14,18464.78,352.03,2.500,0.00,50.0
9561.00,-1093.48,18467.26,352.03,2.500,0.00,50.0
9562.00,-1093.83,18469.73,352.03,2.500,0.00,50.0
9563.00,-1094.18,18472.21,352.03,2.500,0.00,50.0
9564.00,-1094.52,18474.69,352.03,2.500,0.00,50.0
9565.00,-1094.87,18477.16,352.03,2.500,0.00,50.0
9566.00,-1095.22,18479.64,352.03,2.500,0.00,50.0
9567.00,-1095.56,18482.11,352.03,2.500,0.00,50.0
9568.00,-1095.91,18484.59,352.03,2.500,0.00,50.0
9569.00,-1096.26,18487.06,352.03,2.500,0.00,50.0
9570.00,-1096.60,18489.54,352.03,2.500,0.00,50.0
9571.00,-1096.95,18492.02,352.03,2.500,0.00,50.0
9572.00,-1097.30,18494.49,352.03,2.500,0.00,50.0
9573.00,-1097.64,18496.97,352.03,2.500,0.00,50.0
9574.00,-1097.99,18499.44,352.03,2.500,0.00,50.0
9575.00,-1098.34,18501.92,352.03,2.500,0.00,50.0
9576.00,-1098.68,18504.40,352.03,2.500,0.00,50.0
9577.00,-1099.03,18506.87,352.03,2.500,0.00,50.0
9578.00,-1099.38,18509.35,352.03,2.500,0.00,50.0
9579.00,-1099.72,18511.82,352.03,2.500,0.00,50.0
9580.00,-1100.07,18514.30,352.03,2.500,0.00,50.0
9581.00,-1100.42,18516.77,352.03,2.500,0.00,50.0
9582.00,-1100.76,18519.25,352.03,2.500,0.00,50.0
9583.00,-1101.11,18521.73,352.03,2.500,0.00,50.0
9584.00,-1101.46,18524.20,352.03,2.500,0.00,50.0
9585.00,-1101.80,18526.68,352.03,2.500,0.00,50.0
9586.00,-1102.15,18529.15,352.03,2.500,0.00,50.0
9587.00,-1102.50,18531.63,352.03,2.500,0.00,50.0
9588.00,-1102.84,18534.11,352.03,2.500,0.00,50.0
9589.00,-1103.19,18536.58,352.03,2.500,0.00,50.0
9590.00,-1103.54,18539.06,352.03,2.500,0.00,50.0
9591.00,-1103.88,18541.53,352.03,2.500,0.00,50.0
9592.00,-1104.23,18544.01,352.03,2.500,0.00,50.0
9593.00,-1104.58,18546.48,352.03,2.500,0.00,50.0
9594.00,-1104.92,18548.96,352.03,2.500,0.00,50.0
9595.00,-1105.27,18551.44,352.03,2.500,0.00,50.0
9596.00,-1105.62,18553.91,352.03,2.500,0.00,50.0
9597.00,-1105.96,18556.39,352.03,2.500,0.00,50.0
9598.00,-1106.31,18558.86,352.03,2.500,0.00,50.0
9599.00,-1106.66,18561.34,352.03,2.500,0.00,50.0
9600.00,-1107.00,18563.82,352.03,2.500,0.00,50.0
9601.00,-1107.35,18566.29,352.03,2.500,0.00,50.0
9602.00,-1107.70,18568.77,352.03,2.500,0.00,50.0
9603.00,-1108.04,18571.24,352.03,2.500,0.00,50.0
9604.00,-1108.39,18573.72,352.03,2.500,0.00,50.0
9605.00,-1108.74,18576.19,352.03,2.500,0.00,50.0
9606.00,-1109.08,18578.67,352.03,2.500,0.00,50.0
9607.00,-1109.43,18581.15,352.03,2.500,0.00,50.0
9608.00,-1109.78,18583.62,352.03,2.500,0.00,50.0
9609.00,-1110.13,18586.10,352.03,2.500,0.00,50.0
9610.00,-1110.47,18588.57,352.03,2.500,0.00,50.0
9611.00,-1110.82,18591.05,352.03,2.500,0.00,50.0
9612.00,-1111.17,18593.53,352.03,2.500,0.00,50.0
9613.00,-1111.51,18596.00,352.03,2.500,0.00,50.0
9614.00,-1111.86,18598.48,352.03,2.500,0.00,50.0
9615.00,-1112.21,18600.95,352.03,2.500,0.00,50.0
9616.00,-1112.55,18603.43,352.03,2.500,0.00,50.0
9617.00,-1112.90,18605.91,352.03,2.500,0.00,50.0
9618.00,-1113.25,18608.38,352.03,2.500,0.00,50.0
9619.00,-1113.59,18610.86,352.03,2.500,0.00,50.0
9620.00,-1113.94,18613.33,352.03,2.500,0.00,50.0
9621.00,-1114.29,18615.81,352.03,2.500,0.00,50.0
9622.00,-1114.63,18618.28,352.03,2.500,0.00,50.0
9623.00,-1114.98,18620.76,352.03,2.500,0.00,50.0
9624.00,-1115.33,18623.24,352.03,2.500,0.00,50.0
9625.00,-1115.67,18625.71,352.03,2.500,0.00,50.0
9626.00,-1116.02,18628.19,352.03,2.500,0.00,50.0
9627.00,-1116.37,18630.66,352.03,2.500,0.00,50.0
9628.00,-1116.71,18633.14,352.03,2.500,0.00,50.0
9629.00,-1117.06,18635.62,352.03,2.500,0.00,50.0
9630.00,-1117.41,18638.09,352.03,2.500,0.00,50.0
9631.00,-1117.75,18640.57,352.03,2.500,0.00,50.0
9632.00,-1118.10,18643.04,352.03,2.500,0.00,50.0
9633.00,-1118.45,18645.52,352.03,2.500,0.00,50.0
9634.00,-1118.79,18647.99,352.03,2.500,0.00,50.0
9635.00,-1119.14,18650.47,352.03,2.500,0.00,50.0
9636.00,-1119.49,18652.95,352.03,2.500,0.00,50.0
9637.00,-1119.83,18655.42,352.03,2.500,0.00,50.0
9638.00,-1120.18,18657.90,352.03,2.500,0.00,50.0
9639.00,-1120.53,18660.37,352.03,2.500,0.00,50.0
9640.00,-1120.87,18662.85,352.03,2.500,0.00,50.0
9641.00,-1121.22,18665.33,352.03,2.500,0.00,50.0
9642.00,-1121.57,18667.80,352.03,2.500,0.00,50.0
9643.00,-1121.91,18670.28,352.03,2.500,0.00,50.0
9644.00,-1122.26,18672.75,352.03,2.500,0.00,50.0
9645.00,-1122.61,18675.23,352.03,2.500,0.00,50.0
9646.00,-1122.95,18677.70,352.03,2.500,0.00,50.0
9647.00,-1123.30,18680.18,352.03,2.500,0.00,50.0
9648.00,-1123.65,18682.66,352.03,2.500,0.00,50.0
9649.00,-1123.99,18685.13,352.03,2.500,0.00,50.0
9650.00,-1124.34,18687.61,352.03,2.500,0.00,50.0
9651.00,-1124.69,18690.08,352.03,2.500,0.00,50.0
9652.00,-1125.03,18692.56,352.03,2.500,0.00,50.0
9653.00,-1125.38,18695.04,352.03,2.500,0.00,50.0
9654.00,-1125.73,18697.51,352.03,2.500,0.00,50.0
9655.00,-1126.07,18699.99,352.03,2.500,0.00,50.0
9656.00,-1126.42,18702.46,352.03,2.500,0.00,50.0
9657.00,-1126.77,18704.94,352.03,2.500,0.00,50.0
9658.00,-1127.11,18707.41,352.03,2.500,0.00,50.0
9659.00,-1127.46,18709.89,352.03,2.500,0.00,50.0
9660.00,-1127.81,18712.37,352.03,2.500,0.00,50.0
9661.00,-1128.15,18714.84,352.03,2.500,0.00,50.0
9662.00,-1128.50,18717.32,352.03,2.500,0.00,50.0
9663.00,-1128.85,18719.79,352.03,2.500,0.00,50.0
9664.00,-1129.19,18722.27,352.03,2.500,0.00,50.0
9665.00,-1129.54,18724.75,352.03,2.500,0.00,50.0
9666.00,-1129.89,18727.22,352.03,2.500,0.00,50.0
9667.00,-1130.23,18729.70,352.03,2.500,0.00,50.0
9668.00,-1130.58,18732.17,352.03,2.500,0.00,50.0
9669.00,-1130.93,18734.65,352.03,2.500,0.00,50.0
9670.00,-1131.27,18737.12,352.03,2.500,0.00,50.0
9671.00,-1131.62,18739.60,352.03,2.500,0.00,50.0
9672.00,-1131.97,18742.08,352.03,2.500,0.00,50.0
9673.00,-1132.31,18744.55,352.03,2.500,0.00,50.0
9674.00,-1132.66,18747.03,352.03,2.500,0.00,50.0
9675.00,-1133.01,18749.50,352.03,2.500,0.00,50.0
9676.00,-1133.35,18751.98,352.03,2.500,0.00,50.0
9677.00,-1133.70,18754.46,352.03,2.500,0.00,50.0
9678.00,-1134.05,18756.93,352.03,2.500,0.00,50.0
9679.00,-1134.39,18759.41,352.03,2.500,0.00,50.0
9680.00,-1134.74,18761.88,352.03,2.500,0.00,50.0
9681.00,-1135.09,18764.36,352.03,2.500,0.00,50.0
9682.00,-1135.43,18766.83,352.03,2.500,0.00,50.0
9683.00,-1135.78,18769.31,352.03,2.500,0.00,50.0
9684.00,-1136.13,18771.79,352.03,2.500,0.00,50.0
9685.00,-1136.47,18774.26,352.03,2.500,0.00,50.0
9686.00,-1136.82,18776.74,352.03,2.500,0.00,50.0
9687.00,-1137.17,18779.21,352.03,2.500,0.00,50.0
9688.00,-1137.51,18781.69,352.03,2.500,0.00,50.0
9689.00,-1137.86,18784.17,352.03,2.500,0.00,50.0
9690.00,-1138.21,18786.64,352.03,2.500,0.00,50.0
9691.00,-1138.55,18789.12,352.03,2.500,0.00,50.0
9692.00,-1138.90,18791.59,352.03,2.500,0.00,50.0
9693.00,-1139.25,18794.07,352.03,2.500,0.00,50.0
9694.00,-1139.59,18796.54,352.03,2.500,0.00,50.0
9695.00,-1139.94,18799.02,352.03,2.500,0.00,50.0
9696.00,-1140.29,18801.50,352.03,2.500,0.00,50.0
9697.00,-1140.63,18803.97,352.03,2.500,0.00,50.0
9698.00,-1140.98,18806.45,352.03,2.500,0.00,50.0
9699.00,-1141.33,18808.92,352.03,2.500,0.00,50.0
9700.00,-1141.67,18811.40,352.03,2.500,0.00,50.0
9701.00,-1142.02,18813.88,352.03,2.500,0.00,50.0
9702.00,-1142.37,18816.35,352.03,2.500,0.00,50.0
9703.00,-1142.71,18818.83,352.03,2.500,0.00,50.0
9704.00,-1143.06,18821.30,352.03,2.500,0.00,50.0
9705.00,-1143.41,18823.78,352.03,2.500,0.00,50.0
9706.00,-1143.75,18826.26,352.03,2.500,0.00,50.0
9707.00,-1144.10,18828.73,352.03,2.500,0.00,50.0
9708.00,-1144.45,18831.21,352.03,2.500,0.00,50.0
9709.00,-1144.79,18833.68,352.03,2.500,0.00,50.0
9710.00,-1145.14,18836.16,352.03,2.500,0.00,50.0
9711.00,-1145.49,18838.63,352.03,2.500,0.00,50.0
9712.00,-1145.83,18841.11,352.03,2.500,0.00,50.0
9713.00,-1146.18,18843.59,352.03,2.500,0.00,50.0
9714.00,-1146.53,18846.06,352.03,2.500,0.00,50.0
9715.00,-1146.88,18848.54,352.03,2.500,0.00,50.0
9716.00,-1147.22,18851.01,352.03,2.500,0.00,50.0
9717.00,-1147.57,18853.49,352.03,2.500,0.00,50.0
9718.00,-1147.92,18855.97,352.03,2.500,0.00,50.0
9719.00,-1148.26,18858.44,352.03,2.500,0.00,50.0
9720.00,-1148.61,18860.92,352.03,2.500,0.00,50.0
9721.00,-1148.96,18863.39,352.03,2.500,0.00,50.0
9722.00,-1149.30,18865.87,352.03,2.500,0.00,50.0
9723.00,-1149.65,18868.34,352.03,2.500,0.00,50.0
9724.00,-1150.00,18870.82,352.03,2.500,0.00,50.0
9725.00,-1150.34,18873.30,352.03,2.500,0.00,50.0
9726.00,-1150.69,18875.77,352.03,2.500,0.00,50.0
9727.00,-1151.04,18878.25,352.03,2.500,0.00,50.0
9728.00,-1151.38,18880.72,352.03,2.500,0.00,50.0
9729.00,-1151.73,18883.20,352.03,2.500,0.00,50.0
9730.00,-1152.08,18885.68,352.03,2.500,0.00,50.0
9731.00,-1152.42,18888.15,352.03,2.500,0.00,50.0
9732.00,-1152.77,18890.63,352.03,2.500,0.00,50.0
9733.00,-1153.12,18893.10,352.03,2.500,0.00,50.0
9734.00,-1153.46,18895.58,352.03,2.500,0.00,50.0
9735.00,-1153.81,18898.05,352.03,2.500,0.00,50.0
9736.00,-1154.16,18900.53,352.03,2.500,0.00,50.0
9737.00,-1154.50,18903.01,352.03,2.500,0.00,50.0
9738.00,-1154.85,18905.48,352.03,2.500,0.00,50.0
9739.00,-1155.20,18907.96,352.03,2.500,0.00,50.0
9740.00,-1155.54,18910.43,352.03,2.500,0.00,50.0
9741.00,-1155.89,18912.91,352.03,2.500,0.00,50.0
9742.00,-1156.24,18915.39,352.03,2.500,0.00,50.0
9743.00,-1156.58,18917.86,352.03,2.500,0.00,50.0
9744.00,-1156.93,18920.34,352.03,2.500,0.00,50.0
9745.00,-1157.28,18922.81,352.03,2.500,0.00,50.0
9746.00,-1157.62,18925.29,352.03,2.500,0.00,50.0
9747.00,-1157.97,18927.76,352.03,2.500,0.00,50.0
9748.00,-1158.32,18930.24,352.03,2.500,0.00,50.0
9749.00,-1158.66,18932.72,352.03,2.500,0.00,50.0
9750.00,-1159.01,18935.19,352.03,2.500,0.00,50.0
9751.00,-1159.36,18937.67,352.03,2.500,0.00,50.0
9752.00,-1159.70,18940.14,352.03,2.500,0.00,50.0
9753.00,-1160.05,18942.62,352.03,2.500,0.00,50.0
9754.00,-1160.40,18945.10,352.03,2.500,0.00,50.0
9755.00,-1160.74,18947.57,352.03,2.500,0.00,50.0
9756.00,-1161.09,18950.05,352.03,2.500,0.00,50.0
9757.00,-1161.44,18952.52,352.03,2.500,0.00,50.0
9758.00,-1161.78,18955.00,352.03,2.500,0.00,50.0
9759.00,-1162.13,18957.47,352.03,2.500,0.00,50.0
9760.00,-1162.48,18959.95,352.03,2.500,0.00,50.0
9761.00,-1162.82,18962.43,352.03,2.500,0.00,50.0
9762.00,-1163.17,18964.90,352.03,2.500,0.00,50.0
9763.00,-1163.52,18967.38,352.03,2.500,0.00,50.0
9764.00,-1163.86,18969.85,352.03,2.500,0.00,50.0
9765.00,-1164.21,18972.33,352.03,2.500,0.00,50.0
9766.00,-1164.56,18974.81,352.03,2.500,0.00,50.0
9767.00,-1164.90,18977.28,352.03,2.500,0.00,50.0
9768.00,-1165.25,18979.76,352.03,2.500,0.00,50.0
9769.00,-1165.60,18982.23,352.03,2.500,0.00,50.0
9770.00,-1165.94,18984.71,352.03,2.500,0.00,50.0
9771.00,-1166.29,18987.18,352.03,2.500,0.00,50.0
9772.00,-1166.64,18989.66,352.03,2.500,0.00,50.0
9773.00,-1166.98,18992.14,352.03,2.500,0.00,50.0
9774.00,-1167.33,18994.61,352.03,2.500,0.00,50.0
9775.00,-1167.68,18997.09,352.03,2.500,0.00,50.0
9776.00,-1168.02,18999.56,352.03,2.500,0.00,50.0
9777.00,-1168.37,19002.04,352.03,2.500,0.00,50.0
9778.00,-1168.72,19004.52,352.03,2.500,0.00,50.0
9779.00,-1169.06,19006.99,352.03,2.500,0.00,50.0
9780.00,-1169.41,19009.47,352.03,2.500,0.00,50.0
9781.00,-1169.76,19011.94,352.03,2.500,0.00,50.0
9782.00,-1170.10,19014.42,352.03,2.500,0.00,50.0
9783.00,-1170.45,19016.90,352.03,2.500,0.00,50.0
9784.00,-1170.80,19019.37,352.03,2.500,0.00,50.0
9785.00,-1171.14,19021.85,352.03,2.500,0.00,50.0
9786.00,-1171.49,19024.32,352.03,2.500,0.00,50.0
9787.00,-1171.84,19026.80,352.03,2.500,0.00,50.0
9788.00,-1172.18,19029.27,352.03,2.500,0.00,50.0
9789.00,-1172.53,19031.75,352.03,2.500,0.00,50.0
9790.00,-1172.88,19034.23,352.03,2.500,0.00,50.0
9791.00,-1173.22,19036.70,352.03,2.500,0.00,50.0
9792.00,-1173.57,19039.18,352.03,2.500,0.00,50.0
9793.00,-1173.92,19041.65,352.03,2.500,0.00,50.0
9794.00,-1174.26,19044.13,352.03,2.500,0.00,50.0
9795.00,-1174.61,19046.61,352.03,2.500,0.00,50.0
9796.00,-1174.96,19049.08,352.03,2.500,0.00,50.0
9797.00,-1175.30,19051.56,352.03,2.500,0.00,50.0
9798.00,-1175.65,19054.03,352.03,2.500,0.00,50.0
9799.00,-1176.00,19056.51,352.03,2.500,0.00,50.0
9800.00,-1176.34,19058.98,352.03,2.500,0.00,50.0
9801.00,-1176.69,19061.46,352.03,2.500,0.00,50.0
9802.00,-1177.04,19063.94,352.03,2.500,0.00,50.0
9803.00,-1177.38,19066.41,352.03,2.500,0.00,50.0
9804.00,-1177.73,19068.89,352.03,2.500,0.00,50.0
9805.00,-1178.08,19071.36,352.03,2.500,0.00,50.0
9806.00,-1178.42,19073.84,352.03,2.500,0.00,50.0
9807.00,-1178.77,19076.32,352.03,2.500,0.00,50.0
9808.00,-1179.12,19078.79,352.03,2.500,0.00,50.0
9809.00,-1179.46,19081.27,352.03,2.500,0.00,50.0
9810.00,-1179.81,19083.74,352.03,2.500,0.00,50.0
9811.00,-1180.16,19086.22,352.03,2.500,0.00,50.0
9812.00,-1180.50,19088.69,352.03,2.500,0.00,50.0
9813.00,-1180.85,19091.17,352.03,2.500,0.00,50.0
9814.00,-1181.20,19093.65,352.03,2.500,0.00,50.0
9815.00,-1181.54,19096.12,352.03,2.500,0.00,50.0
9816.00,-1181.89,19098.60,352.03,2.500,0.00,50.0
9817.00,-1182.24,19101.07,352.03,2.500,0.00,50.0
9818.00,-1182.58,19103.55,352.03,2.500,0.00,50.0
9819.00,-1182.93,19106.03,352.03,2.500,0.00,50.0
9820.00,-1183.28,19108.50,352.03,2.500,0.00,50.0
9821.00,-1183.63,19110.98,352.03,2.500,0.00,50.0
9822.00,-1183.97,19113.45,352.03,2.500,0.00,50.0
9823.00,-1184.32,19115.93,352.03,2.500,0.00,50.0
9824.00,-1184.67,19118.40,352.03,2.500,0.00,50.0
9825.00,-1185.01,19120.88,352.03,2.500,0.00,50.0
9826.00,-1185.36,19123.36,352.03,2.500,0.00,50.0
9827.00,-1185.71,19125.83,352.03,2.500,0.00,50.0
9828.00,-1186.05,19128.31,352.03,2.500,0.00,50.0
9829.00,-1186.40,19130.78,352.03,2.500,0.00,50.0
9830.00,-1186.75,19133.26,352.03,2.500,0.00,50.0
9831.00,-1187.09,19135.74,352.03,2.500,0.00,50.0
9832.00,-1187.44,19138.21,352.03,2.500,0.00,50.0
9833.00,-1187.79,19140.69,352.03,2.500,0.00,50.0
9834.00,-1188.13,19143.16,352.03,2.500,0.00,50.0
9835.00,-1188.48,19145.64,352.03,2.500,0.00,50.0
9836.00,-1188.83,19148.11,352.03,2.500,0.00,50.0
9837.00,-1189.17,19150.59,352.03,2.500,0.00,50.0
9838.00,-1189.52,19153.07,352.03,2.500,0.00,50.0
9839.00,-1189.87,19155.54,352.03,2.500,0.00,50.0
9840.00,-1190.21,19158.02,352.03,2.500,0.00,50.0
9841.00,-1190.56,19160.49,352.03,2.500,0.00,50.0
9842.00,-1190.91,19162.97,352.03,2.500,0.00,50.0
9843.00,-1191.25,19165.45,352.03,2.500,0.00,50.0
9844.00,-1191.60,19167.92,352.03,2.500,0.00,50.0
9845.00,-1191.95,19170.40,352.03,2.500,0.00,50.0
9846.00,-1192.29,19172.87,352.03,2.500,0.00,50.0
9847.00,-1192.64,19175.35,352.03,2.500,0.00,50.0
9848.00,-1192.99,19177.82,352.03,2.500,0.00,50.0
9849.00,-1193.33,19180.30,352.03,2.500,0.00,50.0
9850.00,-1193.68,19182.78,352.03,2.500,0.00,50.0
9851.00,-1194.03,19185.25,352.03,2.500,0.00,50.0
9852.00,-1194.37,19187.73,352.03,2.500,0.00,50.0
9853.00,-1194.72,19190.20,352.03,2.500,0.00,50.0
9854.00,-1195.07,19192.68,352.03,2.500,0.00,50.0
9855.00,-1195.41,19195.16,352.03,2.500,0.00,50.0
9856.00,-1195.76,19197.63,352.03,2.500,0.00,50.0
9857.00,-1196.11,19200.11,352.03,2.500,0.00,50.0
9858.00,-1196.45,19202.58,352.03,2.500,0.00,50.0
9859.00,-1196.80,19205.06,352.03,2.500,0.00,50.0
9860.00,-1197.15,19207.53,352.03,2.500,0.00,50.0
9861.00,-1197.49,19210.01,352.03,2.500,0.00,50.0
9862.00,-1197.84,19212.49,352.03,2.500,0.00,50.0
9863.00,-1198.19,19214.96,352.03,2.500,0.00,50.0
9864.00,-1198.53,19217.44,352.03,2.500,0.00,50.0
9865.00,-1198.88,19219.91,352.03,2.500,0.00,50.0
9866.00,-1199.23,19222.39,352.03,2.500,0.00,50.0
9867.00,-1199.57,19224.87,352.03,2.500,0.00,50.0
9868.00,-1199.92,19227.34,352.03,2.500,0.00,50.0
9869.00,-1200.27,19229.82,352.03,2.500,0.00,50.0
9870.00,-1200.61,19232.29,352.03,2.500,0.00,50.0
9871.00,-1200.96,19234.77,352.03,2.500,0.00,50.0
9872.00,-1201.31,19237.25,352.03,2.500,0.00,50.0
9873.00,-1201.65,19239.72,352.03,2.500,0.00,50.0
9874.00,-1202.00,19242.20,352.03,2.500,0.00,50.0
9875.00,-1202.35,19244.67,352.03,2.500,0.00,50.0
9876.00,-1202.69,19247.15,352.03,2.500,0.00,50.0
9877.00,-1203.04,19249.62,352.03,2.500,0.00,50.0
9878.00,-1203.39,19252.10,352.03,2.500,0.00,50.0
9879.00,-1203.73,19254.58,352.03,2.500,0.00,50.0
9880.00,-1204.08,19257.05,352.03,2.500,0.00,50.0
9881.00,-1204.43,19259.53,352.03,2.500,0.00,50.0
9882.00,-1204.77,19262.00,352.03,2.500,0.00,50.0
9883.00,-1205.12,19264.48,352.03,2.500,0.00,50.0
9884.00,-1205.47,19266.96,352.03,2.500,0.00,50.0
9885.00,-1205.81,19269.43,352.03,2.500,0.00,50.0
9886.00,-1206.16,19271.91,352.03,2.500,0.00,50.0
9887.00,-1206.51,19274.38,352.03,2.500,0.00,50.0
9888.00,-1206.85,19276.86,352.03,2.500,0.00,50.0
9889.00,-1207.20,19279.33,352.03,2.500,0.00,50.0
9890.00,-1207.55,19281.81,352.03,2.500,0.00,50.0
9891.00,-1207.89,19284.29,352.03,2.500,0.00,50.0
9892.00,-1208.24,19286.76,352.03,2.500,0.00,50.0
9893.00,-1208.59,19289.24,352.03,2.500,0.00,50.0
9894.00,-1208.93,19291.71,352.03,2.500,0.00,50.0
9895.00,-1209.28,19294.19,352.03,2.500,0.00,50.0
9896.00,-1209.63,19296.67,352.03,2.500,0.00,50.0
9897.00,-1209.97,19299.14,352.03,2.500,0.00,50.0
9898.00,-1210.32,19301.62,352.03,2.500,0.00,50.0
9899.00,-1210.67,19304.09,352.03,2.500,0.00,50.0
9900.00,-1211.01,19306.57,352.03,2.500,0.00,50.0
9901.00,-1211.36,19309.04,352.03,2.500,0.00,50.0
9902.00,-1211.71,19311.52,352.03,2.500,0.00,50.0
9903.00,-1212.05,19314.00,352.03,2.500,0.00,50.0
9904.00,-1212.40,19316.47,352.03,2.500,0.00,50.0
9905.00,-1212.75,19318.95,352.03,2.500,0.00,50.0
9906.00,-1213.09,19321.42,352.03,2.500,0.00,50.0
9907.00,-1213.44,19323.90,352.03,2.500,0.00,50.0
9908.00,-1213.79,19326.38,352.03,2.500,0.00,50.0
9909.00,-1214.13,19328.85,352.03,2.500,0.00,50.0
9910.00,-1214.48,19331.33,352.03,2.500,0.00,50.0
9911.00,-1214.83,19333.80,352.03,2.500,0.00,50.0
9912.00,-1215.17,19336.28,352.03,2.500,0.00,50.0
9913.00,-1215.52,19338.75,352.03,2.500,0.00,50.0
9914.00,-1215.87,19341.23,352.03,2.500,0.00,50.0
9915.00,-1216.21,19343.71,352.03,2.500,0.00,50.0
9916.00,-1216.56,19346.18,352.03,2.500,0.00,50.0
9917.00,-1216.91,19348.66,352.03,2.500,0.00,50.0
9918.00,-1217.25,19351.13,352.03,2.500,0.00,50.0
9919.00,-1217.60,19353.61,352.03,2.500,0.00,50.0
9920.00,-1217.95,19356.09,352.03,2.500,0.00,50.0
9921.00,-1218.29,19358.56,352.03,2.500,0.00,50.0
9922.00,-1218.64,19361.04,352.03,2.500,0.00,50.0
9923.00,-1218.99,19363.51,352.03,2.500,0.00,50.0
9924.00,-1219.33,19365.99,352.03,2.500,0.00,50.0
9925.00,-1219.68,19368.46,352.03,2.500,0.00,50.0
9926.00,-1220.03,19370.94,352.03,2.500,0.00,50.0
9927.00,-1220.38,19373.42,352.03,2.500,0.00,50.0
9928.00,-1220.72,19375.89,352.03,2.500,0.00,50.0
9929.00,-1221.07,19378.37,352.03,2.500,0.00,50.0
9930.00,-1221.42,19380.84,352.03,2.500,0.00,50.0
9931.00,-1221.76,19383.32,352.03,2.500,0.00,50.0
9932.00,-1222.11,19385.80,352.03,2.500,0.00,50.0
9933.00,-1222.46,19388.27,352.03,2.500,0.00,50.0
9934.00,-1222.80,19390.75,352.03,2.500,0.00,50.0
9935.00,-1223.15,19393.22,352.03,2.500,0.00,50.0
9936.00,-1223.50,19395.70,352.03,2.500,0.00,50.0
9937.00,-1223.84,19398.17,352.03,2.500,0.00,50.0
9938.00,-1224.19,19400.65,352.03,2.500,0.00,50.0
9939.00,-1224.54,19403.13,352.03,2.500,0.00,50.0
9940.00,-1224.88,19405.60,352.03,2.500,0.00,50.0
9941.00,-1225.23,19408.08,352.03,2.500,0.00,50.0
9942.00,-1225.58,19410.55,352.03,2.500,0.00,50.0
9943.00,-1225.92,19413.03,352.03,2.500,0.00,50.0
9944.00,-1226.27,19415.51,352.03,2.500,0.00,50.0
9945.00,-1226.62,19417.98,352.03,2.500,0.00,50.0
9946.00,-1226.96,19420.46,352.03,2.500,0.00,50.0
9947.00,-1227.31,19422.93,352.03,2.500,0.00,50.0
9948.00,-1227.66,19425.41,352.03,2.500,0.00,50.0
9949.00,-1228.00,19427.89,352.03,2.500,0.00,50.0
9950.00,-1228.35,19430.36,352.03,2.500,0.00,50.0
9951.00,-1228.70,19432.84,352.03,2.500,0.00,50.0
9952.00,-1229.04,19435.31,352.03,2.500,0.00,50.0
9953.00,-1229.39,19437.79,352.03,2.500,0.00,50.0
9954.00,-1229.74,19440.26,352.03,2.500,0.00,50.0
9955.00,-1230.08,19442.74,352.03,2.500,0.00,50.0
9956.00,-1230.43,19445.22,352.03,2.500,0.00,50.0
9957.00,-1230.78,19447.69,352.03,2.500,0.00,50.0
9958.00,-1231.12,19450.17,352.03,2.500,0.00,50.0
9959.00,-1231.47,19452.64,352.03,2.500,0.00,50.0
9960.00,-1231.82,19455.12,352.03,2.500,0.00,50.0
9961.00,-1232.16,19457.60,352.03,2.500,0.00,50.0
9962.00,-1232.51,19460.07,352.03,2.500,0.00,50.0
9963.00,-1232.86,19462.55,352.03,2.500,0.00,50.0
9964.00,-1233.20,19465.02,352.03,2.500,0.00,50.0
9965.00,-1233.55,19467.50,352.03,2.500,0.00,50.0
9966.00,-1233.90,19469.97,352.03,2.500,0.00,50.0
9967.00,-1234.24,19472.45,352.03,2.500,0.00,50.0
9968.00,-1234.59,19474.93,352.03,2.500,0.00,50.0
9969.00,-1234.94,19477.40,352.03,2.500,0.00,50.0
9970.00,-1235.28,19479.88,352.03,2.500,0.00,50.0
9971.00,-1235.63,19482.35,352.03,2.500,0.00,50.0
9972.00,-1235.98,19484.83,352.03,2.500,0.00,50.0
9973.00,-1236.32,19487.31,352.03,2.500,0.00,50.0
9974.00,-1236.67,19489.78,352.03,2.500,0.00,50.0
9975.00,-1237.02,19492.26,352.03,2.500,0.00,50.0
9976.00,-1237.36,19494.73,352.03,2.500,0.00,50.0
9977.00,-1237.71,19497.21,352.03,2.500,0.00,50.0
9978.00,-1238.06,19499.68,352.03,2.500,0.00,50.0
9979.00,-1238.40,19502.16,352.03,2.500,0.00,50.0
9980.00,-1238.75,19504.64,352.03,2.500,0.00,50.0
9981.00,-1239.10,19507.11,352.03,2.500,0.00,50.0
9982.00,-1239.44,19509.59,352.03,2.500,0.00,50.0
9983.00,-1239.79,19512.06,352.03,2.500,0.00,50.0
9984.00,-1240.14,19514.54,352.03,2.500,0.00,50.0
9985.00,-1240.48,19517.02,352.03,2.500,0.00,50.0
9986.00,-1240.83,19519.49,352.03,2.500,0.00,50.0
9987.00,-1241.18,19521.97,352.03,2.500,0.00,50.0
9988.00,-1241.52,19524.44,352.03,2.500,0.00,50.0
9989.00,-1241.87,19526.92,352.03,2.500,0.00,50.0
9990.00,-1242.22,19529.39,352.03,2.500,0.00,50.0
9991.00,-1242.56,19531.87,352.03,2.500,0.00,50.0
9992.00,-1242.91,19534.35,352.03,2.500,0.00,50.0
9993.00,-1243.26,19536.82,352.03,2.500,0.00,50.0
9994.00,-1243.60,19539.30,352.03,2.500,0.00,50.0
9995.00,-1243.95,19541.77,352.03,2.500,0.00,50.0
9996.00,-1244.30,19544.25,352.03,2.500,0.00,50.0
9997.00,-1244.64,19546.73,352.03,2.500,0.00,50.0
9998.00,-1244.99,19549.20,352.03,2.500,0.00,50.0
9999.00,-1245.34,19551.68,352.03,2.500,0.00,50.0
10000.00,-1245.68,19554.15,352.03,2.500,0.00,50.0
10001.00,-1246.03,19556.63,352.03,2.500,0.00,50.0
10002.00,-1246.38,19559.10,352.03,2.500,0.00,50.0
10003.00,-1246.72,19561.58,352.03,2.500,0.00,50.0
10004.00,-1247.07,19564.06,352.03,2.500,0.00,50.0
10005.00,-1247.42,19566.53,352.03,2.500,0.00,50.0
10006.00,-1247.76,19569.01,352.03,2.500,0.00,50.0
10007.00,-1248.11,19571.48,352.03,2.500,0.00,50.0
10008.00,-1248.46,19573.96,352.03,2.500,0.00,50.0
10009.00,-1248.80,19576.44,352.03,2.500,0.00,50.0
10010.00,-1249.15,19578.91,352.03,2.500,0.00,50.0
10011.00,-1249.50,19581.39,352.03,2.500,0.00,50.0
10012.00,-1249.84,19583.86,352.03,2.500,0.00,50.0
10013.00,-1250.19,19586.34,352.03,2.500,0.00,50.0
10014.00,-1250.54,19588.81,352.03,2.500,0.00,50.0
10015.00,-1250.88,19591.29,352.03,2.500,0.00,50.0
10016.00,-1251.23,19593.77,352.03,2.500,0.00,50.0
10017.00,-1251.58,19596.24,352.03,2.500,0.00,50.0
10018.00,-1251.92,19598.72,352.03,2.500,0.00,50.0
10019.00,-1252.27,19601.19,352.03,2.500,0.00,50.0
10020.00,-1252.62,19603.67,352.03,2.500,0.00,50.0
10021.00,-1252.96,19606.15,352.03,2.500,0.00,50.0
10022.00,-1253.31,19608.62,352.03,2.500,0.00,50.0
10023.00,-1253.66,19611.10,352.03,2.500,0.00,50.0
10024.00,-1254.00,19613.57,352.03,2.500,0.00,50.0
10025.00,-1254.35,19616.05,352.03,2.500,0.00,50.0
10026.00,-1254.70,19618.52,352.03,2.500,0.00,50.0
10027.00,-1255.04,19621.00,352.03,2.500,0.00,50.0
10028.00,-1255.39,19623.48,352.03,2.500,0.00,50.0
10029.00,-1255.74,19625.95,352.03,2.500,0.00,50.0
10030.00,-1256.08,19628.43,352.03,2.500,0.00,50.0
10031.00,-1256.43,19630.90,352.03,2.500,0.00,50.0
10032.00,-1256.78,19633.38,352.03,2.500,0.00,50.0
10033.00,-1257.13,19635.86,352.03,2.500,0.00,50.0
10034.00,-1257.47,19638.33,352.03,2.500,0.00,50.0
10035.00,-1257.82,19640.81,352.03,2.500,0.00,50.0
10036.00,-1258.17,19643.28,352.03,2.500,0.00,50.0
10037.00,-1258.51,19645.76,352.03,2.500,0.00,50.0
10038.00,-1258.86,19648.24,352.03,2.500,0.00,50.0
10039.00,-1259.21,19650.71,352.03,2.500,0.00,50.0
10040.00,-1259.55,19653.19,352.03,2.500,0.00,50.0
10041.00,-1259.90,19655.66,352.03,2.500,0.00,50.0
10042.00,-1260.25,19658.14,352.03,2.500,0.00,50.0
10043.00,-1260.59,19660.61,352.03,2.500,0.00,50.0
10044.00,-1260.94,19663.09,352.03,2.500,0.00,50.0
10045.00,-1261.29,19665.57,352.03,2.500,0.00,50.0
10046.00,-1261.63,19668.04,352.03,2.500,0.00,50.0
10047.00,-1261.98,19670.52,352.03,2.500,0.00,50.0
10048.00,-1262.33,19672.99,352.03,2.500,0.00,50.0
10049.00,-1262.67,19675.47,352.03,2.500,0.00,50.0
10050.00,-1263.02,19677.95,352.03,2.500,0.00,50.0
10051.00,-1263.37,19680.42,352.03,2.500,0.00,50.0
10052.00,-1263.71,19682.90,352.03,2.500,0.00,50.0
10053.00,-1264.06,19685.37,352.03,2.500,0.00,50.0
10054.00,-1264.41,19687.85,352.03,2.500,0.00,50.0
10055.00,-1264.75,19690.32,352.03,2.500,0.00,50.0
10056.00,-1265.10,19692.80,352.03,2.500,0.00,50.0
10057.00,-1265.45,19695.28,352.03,2.500,0.00,50.0
10058.00,-1265.79,19697.75,352.03,2.500,0.00,50.0
10059.00,-1266.14,19700.23,352.03,2.500,0.00,50.0
10060.00,-1266.49,19702.70,352.03,2.500,0.00,50.0
10061.00,-1266.83,19705.18,352.03,2.500,0.00,50.0
10062.00,-1267.18,19707.66,352.03,2.500,0.00,50.0
10063.00,-1267.53,19710.13,352.03,2.500,0.00,50.0
10064.00,-1267.87,19712.61,352.03,2.500,0.00,50.0
10065.00,-1268.22,19715.08,352.03,2.500,0.00,50.0
10066.00,-1268.57,19717.56,352.03,2.500,0.00,50.0
10067.00,-1268.91,19720.03,352.03,2.500,0.00,50.0
10068.00,-1269.26,19722.51,352.03,2.500,0.00,50.0
10069.00,-1269.61,19724.99,352.03,2.500,0.00,50.0
10070.00,-1269.95,19727.46,352.03,2.500,0.00,50.0
10071.00,-1270.30,19729.94,352.03,2.500,0.00,50.0
10072.00,-1270.65,19732.41,352.03,2.500,0.00,50.0
10073.00,-1270.99,19734.89,352.03,2.500,0.00,50.0
10074.00,-1271.34,19737.37,352.03,2.500,0.00,50.0
10075.00,-1271.69,19739.84,352.03,2.500,0.00,50.0
10076.00,-1272.03,19742.32,352.03,2.500,0.00,50.0
10077.00,-1272.38,19744.79,352.03,2.500,0.00,50.0
10078.00,-1272.73,19747.27,352.03,2.500,0.00,50.0
10079.00,-1273.07,19749.74,352.03,2.500,0.00,50.0
10080.00,-1273.42,19752.22,352.03,2.500,0.00,50.0
10081.00,-1273.77,19754.70,352.03,2.500,0.00,50.0
10082.00,-1274.11,19757.17,352.03,2.500,0.00,50.0
10083.00,-1274.46,19759.65,352.03,2.500,0.00,50.0
10084.00,-1274.81,19762.12,352.03,2.500,0.00,50.0
10085.00,-1275.15,19764.60,352.03,2.500,0.00,50.0
10086.00,-1275.50,19767.08,352.03,2.500,0.00,50.0
10087.00,-1275.85,19769.55,352.03,2.500,0.00,50.0
10088.00,-1276.19,19772.03,352.03,2.500,0.00,50.0
10089.00,-1276.54,19774.50,352.03,2.500,0.00,50.0
10090.00,-1276.89,19776.98,352.03,2.500,0.00,50.0
10091.00,-1277.23,19779.45,352.03,2.500,0.00,50.0
10092.00,-1277.58,19781.93,352.03,2.500,0.00,50.0
10093.00,-1277.93,19784.41,352.03,2.500,0.00,50.0
10094.00,-1278.27,19786.88,352.03,2.500,0.00,50.0
10095.00,-1278.62,19789.36,352.03,2.500,0.00,50.0
10096.00,-1278.97,19791.83,352.03,2.500,0.00,50.0
10097.00,-1279.31,19794.31,352.03,2.500,0.00,50.0
10098.00,-1279.66,19796.79,352.03,2.500,0.00,50.0
10099.00,-1280.01,19799.26,352.03,2.500,0.00,50.0
10100.00,-1280.35,19801.74,352.03,2.500,0.00,50.0
10101.00,-1280.70,19804.21,352.03,2.500,0.00,50.0
10102.00,-1281.05,19806.69,352.03,2.500,0.00,50.0
10103.00,-1281.39,19809.16,352.03,2.500,0.00,50.0
10104.00,-1281.74,19811.64,352.03,2.500,0.00,50.0
10105.00,-1282.09,19814.12,352.03,2.500,0.00,50.0
10106.00,-1282.43,19816.59,352.03,2.500,0.00,50.0
10107.00,-1282.78,19819.07,352.03,2.500,0.00,50.0
10108.00,-1283.13,19821.54,352.03,2.500,0.00,50.0
10109.00,-1283.47,19824.02,352.03,2.500,0.00,50.0
10110.00,-1283.82,19826.50,352.03,2.500,0.00,50.0
10111.00,-1284.17,19828.97,352.03,2.500,0.00,50.0
10112.00,-1284.51,19831.45,352.03,2.500,0.00,50.0
10113.00,-1284.86,19833.92,352.03,2.500,0.00,50.0
10114.00,-1285.21,19836.40,352.03,2.500,0.00,50.0
10115.00,-1285.55,19838.88,352.03,2.500,0.00,50.0
10116.00,-1285.90,19841.35,352.03,2.500,0.00,50.0
10117.00,-1286.25,19843.83,352.03,2.500,0.00,50.0
10118.00,-1286.59,19846.30,352.03,2.500,0.00,50.0
10119.00,-1286.94,19848.78,352.03,2.500,0.00,50.0
10120.00,-1287.29,19851.25,352.03,2.500,0.00,50.0
10121.00,-1287.63,19853.73,352.03,2.500,0.00,50.0
10122.00,-1287.98,19856.21,352.03,2.500,0.00,50.0
10123.00,-1288.33,19858.68,352.03,2.500,0.00,50.0
10124.00,-1288.67,19861.16,352.03,2.500,0.00,50.0
10125.00,-1289.02,19863.63,352.03,2.500,0.00,50.0
10126.00,-1289.37,19866.11,352.03,2.500,0.00,50.0
10127.00,-1289.71,19868.59,352.03,2.500,0.00,50.0
10128.00,-1290.06,19871.06,352.03,2.500,0.00,50.0
10129.00,-1290.41,19873.54,352.03,2.500,0.00,50.0
10130.00,-1290.75,19876.01,352.03,2.500,0.00,50.0
10131.00,-1291.10,19878.49,352.03,2.500,0.00,50.0
10132.00,-1291.45,19880.96,352.03,2.500,0.00,50.0
10133.00,-1291.79,19883.44,352.03,2.500,0.00,50.0
10134.00,-1292.14,19885.92,352.03,2.500,0.00,50.0
10135.00,-1292.49,19888.39,352.03,2.500,0.00,50.0
10136.00,-1292.83,19890.87,352.03,2.500,0.00,50.0
10137.00,-1293.18,19893.34,352.03,2.500,0.00,50.0
10138.00,-1293.53,19895.82,352.03,2.500,0.00,50.0
10139.00,-1293.88,19898.30,352.03,2.500,0.00,50.0
10140.00,-1294.22,19900.77,352.03,2.500,0.00,50.0
10141.00,-1294.57,19903.25,352.03,2.500,0.00,50.0
10142.00,-1294.92,19905.72,352.03,2.500,0.00,50.0
10143.00,-1295.26,19908.20,352.03,2.500,0.00,50.0
10144.00,-1295.61,19910.67,352.03,2.500,0.00,50.0
10145.00,-1295.96,19913.15,352.03,2.500,0.00,50.0
10146.00,-1296.30,19915.63,352.03,2.500,0.00,50.0
10147.00,-1296.65,19918.10,352.03,2.500,0.00,50.0
10148.00,-1297.00,19920.58,352.03,2.500,0.00,50.0
10149.00,-1297.34,19923.05,352.03,2.500,0.00,50.0
10150.00,-1297.69,19925.53,352.03,2.500,0.00,50.0
10151.00,-1298.04,19928.01,352.03,2.500,0.00,50.0
10152.00,-1298.38,19930.48,352.03,2.500,0.00,50.0
10153.00,-1298.73,19932.96,352.03,2.500,0.00,50.0
10154.00,-1299.08,19935.43,352.03,2.500,0.00,50.0
10155.00,-1299.42,19937.91,352.03,2.500,0.00,50.0
10156.00,-1299.77,19940.38,352.03,2.500,0.00,50.0
10157.00,-1300.12,19942.86,352.03,2.500,0.00,50.0
10158.00,-1300.46,19945.34,352.03,2.500,0.00,50.0
10159.00,-1300.81,19947.81,352.03,2.500,0.00,50.0
10160.00,-1301.16,19950.29,352.03,2.500,0.00,50.0
10161.00,-1301.50,19952.76,352.03,2.500,0.00,50.0
10162.00,-1301.85,19955.24,352.03,2.500,0.00,50.0
10163.00,-1302.20,19957.72,352.03,2.500,0.00,50.0
10164.00,-1302.54,19960.19,352.03,2.500,0.00,50.0
10165.00,-1302.89,19962.67,352.03,2.500,0.00,50.0
10166.00,-1303.24,19965.14,352.03,2.500,0.00,50.0
10167.00,-1303.58,19967.62,352.03,2.500,0.00,50.0
10168.00,-1303.93,19970.09,352.03,2.500,0.00,50.0
10169.00,-1304.28,19972.57,352.03,2.500,0.00,50.0
10170.00,-1304.62,19975.05,352.03,2.500,0.00,50.0
10171.00,-1304.97,19977.52,352.03,2.500,0.00,50.0
10172.00,-1305.32,19980.00,352.03,2.500,0.00,50.0
10173.00,-1305.66,19982.47,352.03,2.500,0.00,50.0
10174.00,-1306.01,19984.95,352.03,2.500,0.00,50.0
10175.00,-1306.36,19987.43,352.03,2.500,0.00,50.0
10176.00,-1306.70,19989.90,352.03,2.500,0.00,50.0
10177.00,-1307.05,19992.38,352.03,2.500,0.00,50.0
10178.00,-1307.40,19994.85,352.03,2.500,0.00,50.0
10179.00,-1307.74,19997.33,352.03,2.500,0.00,50.0
10180.00,-1308.09,19999.80,352.03,2.500,0.00,50.0
10181.00,-1308.44,20002.28,352.03,2.500,0.00,50.0
10182.00,-1308.78,20004.76,352.03,2.500,0.00,50.0
10183.00,-1309.13,20007.23,352.03,2.500,0.00,50.0
10184.00,-1309.48,20009.71,352.03,2.500,0.00,50.0
10185.00,-1309.82,20012.18,352.03,2.500,0.00,50.0
10186.00,-1310.17,20014.66,352.03,2.500,0.00,50.0
10187.00,-1310.52,20017.14,352.03,2.500,0.00,50.0
10188.00,-1310.86,20019.61,352.03,2.500,0.00,50.0
10189.00,-1311.21,20022.09,352.03,2.500,0.00,50.0
10190.00,-1311.56,20024.56,352.03,2.500,0.00,50.0
10191.00,-1311.90,20027.04,352.03,2.500,0.00,50.0
10192.00,-1312.25,20029.51,352.03,2.500,0.00,50.0
10193.00,-1312.60,20031.99,352.03,2.500,0.00,50.0
10194.00,-1312.94,20034.47,352.03,2.500,0.00,50.0
10195.00,-1313.29,20036.94,352.03,2.500,0.00,50.0
10196.00,-1313.64,20039.42,352.03,2.500,0.00,50.0
10197.00,-1313.98,20041.89,352.03,2.500,0.00,50.0
10198.00,-1314.33,20044.37,352.03,2.500,0.00,50.0
10199.00,-1314.68,20046.85,352.03,2.500,0.00,50.0
10200.00,-1315.02,20049.32,352.03,2.500,0.00,50.0
10201.00,-1315.37,20051.80,352.03,2.500,0.00,50.0
10202.00,-1315.72,20054.27,352.03,2.500,0.00,50.0
10203.00,-1316.06,20056.75,352.03,2.500,0.00,50.0
10204.00,-1316.41,20059.23,352.03,2.500,0.00,50.0
10205.00,-1316.76,20061.70,352.03,2.500,0.00,50.0
10206.00,-1317.10,20064.18,352.03,2.500,0.00,50.0
10207.00,-1317.45,20066.65,352.03,2.500,0.00,50.0
10208.00,-1317.80,20069.13,352.03,2.500,0.00,50.0
10209.00,-1318.14,20071.60,352.03,2.500,0.00,50.0
10210.00,-1318.49,20074.08,352.03,2.500,0.00,50.0
10211.00,-1318.84,20076.56,352.03,2.500,0.00,50.0
10212.00,-1319.18,20079.03,352.03,2.500,0.00,50.0
10213.00,-1319.53,20081.51,352.03,2.500,0.00,50.0
10214.00,-1319.88,20083.98,352.03,2.500,0.00,50.0
10215.00,-1320.22,20086.46,352.03,2.500,0.00,50.0
10216.00,-1320.57,20088.94,352.03,2.500,0.00,50.0
10217.00,-1320.92,20091.41,352.03,2.500,0.00,50.0
10218.00,-1321.26,20093.89,352.03,2.500,0.00,50.0
10219.00,-1321.61,20096.36,352.03,2.500,0.00,50.0
10220.00,-1321.96,20098.84,352.03,2.500,0.00,50.0
10221.00,-1322.30,20101.31,352.03,2.500,0.00,50.0
10222.00,-1322.65,20103.79,352.03,2.500,0.00,50.0
10223.00,-1323.00,20106.27,352.03,2.500,0.00,50.0
10224.00,-1323.34,20108.74,352.03,2.500,0.00,50.0
10225.00,-1323.69,20111.22,352.03,2.500,0.00,50.0
10226.00,-1324.04,20113.69,352.03,2.500,0.00,50.0
10227.00,-1324.38,20116.17,352.03,2.500,0.00,50.0
10228.00,-1324.73,20118.65,352.03,2.500,0.00,50.0
10229.00,-1325.08,20121.12,352.03,2.500,0.00,50.0
10230.00,-1325.42,20123.60,352.03,2.500,0.00,50.0
10231.00,-1325.77,20126.07,352.03,2.500,0.00,50.0
10232.00,-1326.12,20128.55,352.03,2.500,0.00,50.0
10233.00,-1326.46,20131.02,352.03,2.500,0.00,50.0
10234.00,-1326.81,20133.50,352.03,2.500,0.00,50.0
10235.00,-1327.16,20135.98,352.03,2.500,0.00,50.0
10236.00,-1327.50,20138.45,352.03,2.500,0.00,50.0
10237.00,-1327.85,20140.93,352.03,2.500,0.00,50.0
10238.00,-1328.20,20143.40,352.03,2.500,0.00,50.0
10239.00,-1328.54,20145.88,352.03,2.500,0.00,50.0
10240.00,-1328.89,20148.36,352.03,2.500,0.00,50.0
10241.00,-1329.24,20150.83,352.03,2.500,0.00,50.0
10242.00,-1329.58,20153.31,352.03,2.500,0.00,50.0
10243.00,-1329.93,20155.78,352.03,2.500,0.00,50.0
10244.00,-1330.28,20158.26,352.03,2.500,0.00,50.0
10245.00,-1330.63,20160.73,352.03,2.500,0.00,50.0
10246.00,-1330.97,20163.21,352.03,2.500,0.00,50.0
10247.00,-1331.32,20165.69,352.03,2.500,0.00,50.0
10248.00,-1331.67,20168.16,352.03,2.500,0.00,50.0
10249.00,-1332.01,20170.64,352.03,2.500,0.00,50.0
10250.00,-1332.36,20173.11,352.03,2.500,0.00,50.0
10251.00,-1332.71,20175.59,352.03,2.500,0.00,50.0
10252.00,-1333.05,20178.07,352.03,2.500,0.00,50.0
10253.00,-1333.40,20180.54,352.03,2.500,0.00,50.0
10254.00,-1333.75,20183.02,352.03,2.500,0.00,50.0
10255.00,-1334.09,20185.49,352.03,2.500,0.00,50.0
10256.00,-1334.44,20187.97,352.03,2.500,0.00,50.0
10257.00,-1334.79,20190.44,352.03,2.500,0.00,50.0
10258.00,-1335.13,20192.92,352.03,2.500,0.00,50.0
10259.00,-1335.48,20195.40,352.03,2.500,0.00,50.0
10260.00,-1335.83,20197.87,352.03,2.500,0.00,50.0
10261.00,-1336.17,20200.35,352.03,2.500,0.00,50.0
10262.00,-1336.52,20202.82,352.03,2.500,0.00,50.0
10263.00,-1336.87,20205.30,352.03,2.500,0.00,50.0
10264.00,-1337.21,20207.78,352.03,2.500,0.00,50.0
10265.00,-1337.56,20210.25,352.03,2.500,0.00,50.0
10266.00,-1337.91,20212.73,352.03,2.500,0.00,50.0
10267.00,-1338.25,20215.20,352.03,2.500,0.00,50.0
10268.00,-1338.60,20217.68,352.03,2.500,0.00,50.0
10269.00,-1338.95,20220.15,352.03,2.500,0.00,50.0
10270.00,-1339.29,20222.63,352.03,2.500,0.00,50.0
10271.00,-1339.64,20225.11,352.03,2.500,0.00,50.0
10272.00,-1339.99,20227.58,352.03,2.500,0.00,50.0
10273.00,-1340.33,20230.06,352.03,2.500,0.00,50.0
10274.00,-1340.68,20232.53,352.03,2.500,0.00,50.0
10275.00,-1341.03,20235.01,352.03,2.500,0.00,50.0
10276.00,-1341.37,20237.49,352.03,2.500,0.00,50.0
10277.00,-1341.72,20239.96,352.03,2.500,0.00,50.0
10278.00,-1342.07,20242.44,352.03,2.500,0.00,50.0
10279.00,-1342.41,20244.91,352.03,2.500,0.00,50.0
10280.00,-1342.76,20247.39,352.03,2.500,0.00,50.0
10281.00,-1343.11,20249.87,352.03,2.500,0.00,50.0
10282.00,-1343.45,20252.34,352.03,2.500,0.00,50.0
10283.00,-1343.80,20254.82,352.03,2.500,0.00,50.0
10284.00,-1344.15,20257.29,352.03,2.500,0.00,50.0
10285.00,-1344.49,20259.77,352.03,2.500,0.00,50.0
10286.00,-1344.84,20262.24,352.03,2.500,0.00,50.0
10287.00,-1345.19,20264.72,352.03,2.500,0.00,50.0
10288.00,-1345.53,20267.20,352.03,2.500,0.00,50.0
10289.00,-1345.88,20269.67,352.03,2.500,0.00,50.0
10290.00,-1346.23,20272.15,352.03,2.500,0.00,50.0
10291.00,-1346.57,20274.62,352.03,2.500,0.00,50.0
10292.00,-1346.92,20277.10,352.03,2.500,0.00,50.0
10293.00,-1347.27,20279.58,352.03,2.500,0.00,50.0
10294.00,-1347.61,20282.05,352.03,2.500,0.00,50.0
10295.00,-1347.96,20284.53,352.03,2.500,0.00,50.0
10296.00,-1348.31,20287.00,352.03,2.500,0.00,50.0
10297.00,-1348.65,20289.48,352.03,2.500,0.00,50.0
10298.00,-1349.00,20291.95,352.03,2.500,0.00,50.0
10299.00,-1349.35,20294.43,352.03,2.500,0.00,50.0
10300.00,-1349.69,20296.91,352.03,2.500,0.00,50.0
10301.00,-1350.04,20299.38,352.03,2.500,0.00,50.0
10302.00,-1350.39,20301.86,352.03,2.500,0.00,50.0
10303.00,-1350.73,20304.33,352.03,2.500,0.00,50.0
10304.00,-1351.08,20306.81,352.03,2.500,0.00,50.0
10305.00,-1351.43,20309.29,352.03,2.500,0.00,50.0
10306.00,-1351.77,20311.76,352.03,2.500,0.00,50.0
10307.00,-1352.12,20314.24,352.03,2.500,0.00,50.0
10308.00,-1352.47,20316.71,352.03,2.500,0.00,50.0
10309.00,-1352.81,20319.19,352.03,2.500,0.00,50.0
10310.00,-1353.16,20321.66,352.03,2.500,0.00,50.0
10311.00,-1353.51,20324.14,352.03,2.500,0.00,50.0
10312.00,-1353.85,20326.62,352.03,2.500,0.00,50.0
10313.00,-1354.20,20329.09,352.03,2.500,0.00,50.0
10314.00,-1354.55,20331.57,352.03,2.500,0.00,50.0
10315.00,-1354.89,20334.04,352.03,2.500,0.00,50.0
10316.00,-1355.24,20336.52,352.03,2.500,0.00,50.0
10317.00,-1355.59,20339.00,352.03,2.500,0.00,50.0
10318.00,-1355.93,20341.47,352.03,2.500,0.00,50.0
10319.00,-1356.28,20343.95,352.03,2.500,0.00,50.0
10320.00,-1356.63,20346.42,352.03,2.500,0.00,50.0
10321.00,-1356.97,20348.90,352.03,2.500,0.00,50.0
10322.00,-1357.32,20351.37,352.03,2.500,0.00,50.0
10323.00,-1357.67,20353.85,352.03,2.500,0.00,50.0
10324.00,-1358.01,20356.33,352.03,2.500,0.00,50.0
10325.00,-1358.36,20358.80,352.03,2.500,0.00,50.0
10326.00,-1358.71,20361.28,352.03,2.500,0.00,50.0
10327.00,-1359.05,20363.75,352.03,2.500,0.00,50.0
10328.00,-1359.40,20366.23,352.03,2.500,0.00,50.0
10329.00,-1359.75,20368.71,352.03,2.500,0.00,50.0
10330.00,-1360.09,20371.18,352.03,2.500,0.00,50.0
10331.00,-1360.44,20373.66,352.03,2.500,0.00,50.0
10332.00,-1360.79,20376.13,352.03,2.500,0.00,50.0
10333.00,-1361.13,20378.61,352.03,2.500,0.00,50.0
10334.00,-1361.48,20381.08,352.03,2.500,0.00,50.0
10335.00,-1361.83,20383.56,352.03,2.500,0.00,50.0
10336.00,-1362.17,20386.04,352.03,2.500,0.00,50.0
10337.00,-1362.52,20388.51,352.03,2.500,0.00,50.0
10338.00,-1362.87,20390.99,352.03,2.500,0.00,50.0
10339.00,-1363.21,20393.46,352.03,2.500,0.00,50.0
10340.00,-1363.56,20395.94,352.03,2.500,0.00,50.0
10341.00,-1363.91,20398.42,352.03,2.500,0.00,50.0
10342.00,-1364.25,20400.89,352.03,2.500,0.00,50.0
10343.00,-1364.60,20403.37,352.03,2.500,0.00,50.0
10344.00,-1364.95,20405.84,352.03,2.500,0.00,50.0
10345.00,-1365.29,20408.32,352.03,2.500,0.00,50.0
10346.00,-1365.64,20410.79,352.03,2.500,0.00,50.0
10347.00,-1365.99,20413.27,352.03,2.500,0.00,50.0
10348.00,-1366.33,20415.75,352.03,2.500,0.00,50.0
10349.00,-1366.68,20418.22,352.03,2.500,0.00,50.0
10350.00,-1367.03,20420.70,352.03,2.500,0.00,50.0
10351.00,-1367.38,20423.17,352.03,2.500,0.00,50.0
10352.00,-1367.72,20425.65,352.03,2.500,0.00,50.0
10353.00,-1368.07,20428.13,352.03,2.500,0.00,50.0
10354.00,-1368.42,20430.60,352.03,2.500,0.00,50.0
10355.00,-1368.76,20433.08,352.03,2.500,0.00,50.0
10356.00,-1369.11,20435.55,352.03,2.500,0.00,50.0
10357.00,-1369.46,20438.03,352.03,2.500,0.00,50.0
10358.00,-1369.80,20440.50,352.03,2.500,0.00,50.0
10359.00,-1370.15,20442.98,352.03,2.500,0.00,50.0
10360.00,-1370.50,20445.46,352.03,2.500,0.00,50.0
10361.00,-1370.84,20447.93,352.03,2.500,0.00,50.0
10362.00,-1371.19,20450.41,352.03,2.500,0.00,50.0
10363.00,-1371.54,20452.88,352.03,2.500,0.00,50.0
10364.00,-1371.88,20455.36,352.03,2.500,0.00,50.0
10365.00,-1372.23,20457.84,352.03,2.500,0.00,50.0
10366.00,-1372.58,20460.31,352.03,2.500,0.00,50.0
10367.00,-1372.92,20462.79,352.03,2.500,0.00,50.0
10368.00,-1373.27,20465.26,352.03,2.500,0.00,50.0
10369.00,-1373.62,20467.74,352.03,2.500,0.00,50.0
10370.00,-1373.96,20470.22,352.03,2.500,0.00,50.0
10371.00,-1374.31,20472.69,352.03,2.500,0.00,50.0
10372.00,-1374.66,20475.17,352.03,2.500,0.00,50.0
10373.00,-1375.00,20477.64,352.03,2.500,0.00,50.0
10374.00,-1375.35,20480.12,352.03,2.500,0.00,50.0
10375.00,-1375.70,20482.59,352.03,2.500,0.00,50.0
10376.00,-1376.04,20485.07,352.03,2.500,0.00,50.0
10377.00,-1376.39,20487.55,352.03,2.500,0.00,50.0
10378.00,-1376.74,20490.02,352.03,2.500,0.00,50.0
10379.00,-1377.08,20492.50,352.03,2.500,0.00,50.0
10380.00,-1377.43,20494.97,352.03,2.500,0.00,50.0
10381.00,-1377.78,20497.45,352.03,2.500,0.00,50.0
10382.00,-1378.12,20499.93,352.03,2.500,0.00,50.0
10383.00,-1378.47,20502.40,352.03,2.500,0.00,50.0
10384.00,-1378.82,20504.88,352.03,2.500,0.00,50.0
10385.00,-1379.16,20507.35,352.03,2.500,0.00,50.0
10386.00,-1379.51,20509.83,352.03,2.500,0.00,50.0
10387.00,-1379.86,20512.30,352.03,2.500,0.00,50.0
10388.00,-1380.20,20514.78,352.03,2.500,0.00,50.0
10389.00,-1380.55,20517.26,352.03,2.500,0.00,50.0
10390.00,-1380.90,20519.73,352.03,2.500,0.00,50.0
10391.00,-1381.24,20522.21,352.03,2.500,0.00,50.0
10392.00,-1381.59,20524.68,352.03,2.500,0.00,50.0
10393.00,-1381.94,20527.16,352.03,2.500,0.00,50.0
10394.00,-1382.28,20529.64,352.03,2.500,0.00,50.0
10395.00,-1382.63,20532.11,352.03,2.500,0.00,50.0
10396.00,-1382.98,20534.59,352.03,2.500,0.00,50.0
10397.00,-1383.32,20537.06,352.03,2.500,0.00,50.0
10398.00,-1383.67,20539.54,352.03,2.500,0.00,50.0
10399.00,-1384.02,20542.01,352.03,2.500,0.00,50.0
10400.00,-1384.36,20544.49,352.03,2.500,0.00,50.0
10401.00,-1384.71,20546.97,352.03,2.500,0.00,50.0
10402.00,-1385.06,20549.44,352.03,2.500,0.00,50.0
10403.00,-1385.40,20551.92,352.03,2.500,0.00,50.0
10404.00,-1385.75,20554.39,352.03,2.500,0.00,50.0
10405.00,-1386.10,20556.87,352.03,2.500,0.00,50.0
10406.00,-1386.44,20559.35,352.03,2.500,0.00,50.0
10407.00,-1386.79,20561.82,352.03,2.500,0.00,50.0
10408.00,-1387.14,20564.30,352.03,2.500,0.00,50.0
10409.00,-1387.48,20566.77,352.03,2.500,0.00,50.0
10410.00,-1387.83,20569.25,352.03,2.500,0.00,50.0
10411.00,-1388.18,20571.72,352.03,2.500,0.00,50.0
10412.00,-1388.52,20574.20,352.03,2.500,0.00,50.0
10413.00,-1388.87,20576.68,352.03,2.500,0.00,50.0
10414.00,-1389.22,20579.15,352.03,2.500,0.00,50.0
10415.00,-1389.56,20581.63,352.03,2.500,0.00,50.0
10416.00,-1389.91,20584.10,352.03,2.500,0.00,50.0
10417.00,-1390.26,20586.58,352.03,2.500,0.00,50.0
10418.00,-1390.60,20589.06,352.03,2.500,0.00,50.0
10419.00,-1390.95,20591.53,352.03,2.500,0.00,50.0
10420.00,-1391.30,20594.01,352.03,2.500,0.00,50.0
10421.00,-1391.64,20596.48,352.03,2.500,0.00,50.0
10422.00,-1391.99,20598.96,352.03,2.500,0.00,50.0
10423.00,-1392.34,20601.43,352.03,2.500,0.00,50.0
10424.00,-1392.68,20603.91,352.03,2.500,0.00,50.0
10425.00,-1393.03,20606.39,352.03,2.500,0.00,50.0
10426.00,-1393.38,20608.86,352.03,2.500,0.00,50.0
10427.00,-1393.72,20611.34,352.03,2.500,0.00,50.0
10428.00,-1394.07,20613.81,352.03,2.500,0.00,50.0
10429.00,-1394.42,20616.29,352.03,2.500,0.00,50.0
10430.00,-1394.76,20618.77,352.03,2.500,0.00,50.0
10431.00,-1395.11,20621.24,352.03,2.500,0.00,50.0
10432.00,-1395.46,20623.72,352.03,2.500,0.00,50.0
10433.00,-1395.80,20626.19,352.03,2.500,0.00,50.0
10434.00,-1396.15,20628.67,352.03,2.500,0.00,50.0
10435.00,-1396.50,20631.14,352.03,2.500,0.00,50.0
10436.00,-1396.84,20633.62,352.03,2.500,0.00,50.0
10437.00,-1397.19,20636.10,352.03,2.500,0.00,50.0
10438.00,-1397.54,20638.57,352.03,2.500,0.00,50.0
10439.00,-1397.88,20641.05,352.03,2.500,0.00,50.0
10440.00,-1398.23,20643.52,352.03,2.500,0.00,50.0
10441.00,-1398.58,20646.00,352.03,2.500,0.00,50.0
10442.00,-1398.92,20648.48,352.03,2.500,0.00,50.0
10443.00,-1399.27,20650.95,352.03,2.500,0.00,50.0
10444.00,-1399.62,20653.43,352.03,2.500,0.00,50.0
10445.00,-1399.96,20655.90,352.03,2.500,0.00,50.0
10446.00,-1400.31,20658.38,352.03,2.500,0.00,50.0
10447.00,-1400.66,20660.86,352.03,2.500,0.00,50.0
10448.00,-1401.00,20663.33,352.03,2.500,0.00,50.0
10449.00,-1401.35,20665.81,352.03,2.500,0.00,50.0
10450.00,-1401.70,20668.28,352.03,2.500,0.00,50.0
10451.00,-1402.04,20670.76,352.03,2.500,0.00,50.0
10452.00,-1402.39,20673.23,352.03,2.500,0.00,50.0
10453.00,-1402.74,20675.71,352.03,2.500,0.00,50.0
10454.00,-1403.08,20678.19,352.03,2.500,0.00,50.0
10455.00,-1403.43,20680.66,352.03,2.500,0.00,50.0
10456.00,-1403.78,20683.14,352.03,2.500,0.00,50.0
10457.00,-1404.13,20685.61,352.03,2.500,0.00,50.0
10458.00,-1404.47,20688.09,352.03,2.500,0.00,50.0
10459.00,-1404.82,20690.57,352.03,2.500,0.00,50.0
10460.00,-1405.17,20693.04,352.03,2.500,0.00,50.0
10461.00,-1405.51,20695.52,352.03,2.500,0.00,50.0
10462.00,-1405.86,20697.99,352.03,2.500,0.00,50.0
10463.00,-1406.21,20700.47,352.03,2.500,0.00,50.0
10464.00,-1406.55,20702.94,352.03,2.500,0.00,50.0
10465.00,-1406.90,20705.42,352.03,2.500,0.00,50.0
10466.00,-1407.25,20707.90,352.03,2.500,0.00,50.0
10467.00,-1407.59,20710.37,352.03,2.500,0.00,50.0
10468.00,-1407.94,20712.85,352.03,2.500,0.00,50.0
10469.00,-1408.29,20715.32,352.03,2.500,0.00,50.0
10470.00,-1408.63,20717.80,352.03,2.500,0.00,50.0
10471.00,-1408.98,20720.28,352.03,2.500,0.00,50.0
10472.00,-1409.33,20722.75,352.03,2.500,0.00,50.0
10473.00,-1409.67,20725.23,352.03,2.500,0.00,50.0
10474.00,-1410.02,20727.70,352.03,2.500,0.00,50.0
10475.00,-1410.37,20730.18,352.03,2.500,0.00,50.0
10476.00,-1410.71,20732.65,352.03,2.500,0.00,50.0
10477.00,-1411.06,20735.13,352.03,2.500,0.00,50.0
10478.00,-1411.41,20737.61,352.03,2.500,0.00,50.0
10479.00,-1411.75,20740.08,352.03,2.500,0.00,50.0
10480.00,-1412.10,20742.56,352.03,2.500,0.00,50.0
10481.00,-1412.45,20745.03,352.03,2.500,0.00,50.0
10482.00,-1412.79,20747.51,352.03,2.500,0.00,50.0
10483.00,-1413.14,20749.99,352.03,2.500,0.00,50.0
10484.00,-1413.49,20752.46,352.03,2.500,0.00,50.0
10485.00,-1413.83,20754.94,352.03,2.500,0.00,50.0
10486.00,-1414.18,20757.41,352.03,2.500,0.00,50.0
10487.00,-1414.53,20759.89,352.03,2.500,0.00,50.0
10488.00,-1414.87,20762.36,352.03,2.500,0.00,50.0
10489.00,-1415.22,20764.84,352.03,2.500,0.00,50.0
10490.00,-1415.57,20767.32,352.03,2.500,0.00,50.0
10491.00,-1415.91,20769.79,352.03,2.500,0.00,50.0
10492.00,-1416.26,20772.27,352.03,2.500,0.00,50.0
10493.00,-1416.61,20774.74,352.03,2.500,0.00,50.0
10494.00,-1416.95,20777.22,352.03,2.500,0.00,50.0
10495.00,-1417.30,20779.70,352.03,2.500,0.00,50.0
10496.00,-1417.65,20782.17,352.03,2.500,0.00,50.0
10497.00,-1417.99,20784.65,352.03,2.500,0.00,50.0
10498.00,-1418.34,20787.12,352.03,2.500,0.00,50.0
10499.00,-1418.69,20789.60,352.03,2.500,0.00,50.0
10500.00,-1419.03,20792.07,352.03,2.500,0.00,50.0
10501.00,-1419.38,20794.55,352.03,2.500,0.00,50.0
10502.00,-1419.73,20797.03,352.03,2.500,0.00,50.0
10503.00,-1420.07,20799.50,352.03,2.500,0.00,50.0
10504.00,-1420.42,20801.98,352.03,2.500,0.00,50.0
10505.00,-1420.77,20804.45,352.03,2.500,0.00,50.0
10506.00,-1421.11,20806.93,352.03,2.500,0.00,50.0
10507.00,-1421.46,20809.41,352.03,2.500,0.00,50.0
10508.00,-1421.81,20811.88,352.03,2.500,0.00,50.0
10509.00,-1422.15,20814.36,352.03,2.500,0.00,50.0
10510.00,-1422.50,20816.83,352.03,2.500,0.00,50.0
10511.00,-1422.85,20819.31,352.03,2.500,0.00,50.0
10512.00,-1423.19,20821.78,352.03,2.500,0.00,50.0
10513.00,-1423.54,20824.26,352.03,2.500,0.00,50.0
10514.00,-1423.89,20826.74,352.03,2.500,0.00,50.0
10515.00,-1424.23,20829.21,352.03,2.500,0.00,50.0
10516.00,-1424.58,20831.69,352.03,2.500,0.00,50.0
10517.00,-1424.93,20834.16,352.03,2.500,0.00,50.0
10518.00,-1425.27,20836.64,352.03,2.500,0.00,50.0
10519.00,-1425.62,20839.12,352.03,2.500,0.00,50.0
10520.00,-1425.97,20841.59,352.03,2.500,0.00,50.0
10521.00,-1426.31,20844.07,352.03,2.500,0.00,50.0
10522.00,-1426.66,20846.54,352.03,2.500,0.00,50.0
10523.00,-1427.01,20849.02,352.03,2.500,0.00,50.0
10524.00,-1427.35,20851.49,352.03,2.500,0.00,50.0
10525.00,-1427.70,20853.97,352.03,2.500,0.00,50.0
10526.00,-1428.05,20856.45,352.03,2.500,0.00,50.0
10527.00,-1428.39,20858.92,352.03,2.500,0.00,50.0
10528.00,-1428.74,20861.40,352.03,2.500,0.00,50.0
10529.00,-1429.09,20863.87,352.03,2.500,0.00,50.0
10530.00,-1429.43,20866.35,352.03,2.500,0.00,50.0
10531.00,-1429.78,20868.83,352.03,2.500,0.00,50.0
10532.00,-1430.13,20871.30,352.03,2.500,0.00,50.0
10533.00,-1430.47,20873.78,352.03,2.500,0.00,50.0
10534.00,-1430.82,20876.25,352.03,2.500,0.00,50.0
10535.00,-1431.17,20878.73,352.03,2.500,0.00,50.0
10536.00,-1431.51,20881.21,352.03,2.500,0.00,50.0
10537.00,-1431.86,20883.68,352.03,2.500,0.00,50.0
10538.00,-1432.21,20886.16,352.03,2.500,0.00,50.0
10539.00,-1432.55,20888.63,352.03,2.500,0.00,50.0
10540.00,-1432.90,20891.11,352.03,2.500,0.00,50.0
10541.00,-1433.25,20893.58,352.03,2.500,0.00,50.0
10542.00,-1433.59,20896.06,352.03,2.500,0.00,50.0
10543.00,-1433.94,20898.54,352.03,2.500,0.00,50.0
10544.00,-1434.29,20901.01,352.03,2.500,0.00,50.0
10545.00,-1434.63,20903.49,352.03,2.500,0.00,50.0
10546.00,-1434.98,20905.96,352.03,2.500,0.00,50.0
10547.00,-1435.33,20908.44,352.03,2.500,0.00,50.0
10548.00,-1435.67,20910.92,352.03,2.500,0.00,50.0
10549.00,-1436.02,20913.39,352.03,2.500,0.00,50.0
10550.00,-1436.37,20915.87,352.03,2.500,0.00,50.0
10551.00,-1436.71,20918.34,352.03,2.500,0.00,50.0
10552.00,-1437.06,20920.82,352.03,2.500,0.00,50.0
10553.00,-1437.41,20923.29,352.03,2.500,0.00,50.0
10554.00,-1437.75,20925.77,352.03,2.500,0.00,50.0
10555.00,-1438.10,20928.25,352.03,2.500,0.00,50.0
10556.00,-1438.45,20930.72,352.03,2.500,0.00,50.0
10557.00,-1438.79,20933.20,352.03,2.500,0.00,50.0
10558.00,-1439.14,20935.67,352.03,2.500,0.00,50.0
10559.00,-1439.49,20938.15,352.03,2.500,0.00,50.0
10560.00,-1439.83,20940.63,352.03,2.500,0.00,50.0
10561.00,-1440.18,20943.10,352.03,2.500,0.00,50.0
10562.00,-1440.53,20945.58,352.03,2.500,0.00,50.0
10563.00,-1440.88,20948.05,352.03,2.500,0.00,50.0
10564.00,-1441.22,20950.53,352.03,2.500,0.00,50.0
10565.00,-1441.57,20953.00,352.03,2.500,0.00,50.0
10566.00,-1441.92,20955.48,352.03,2.500,0.00,50.0
10567.00,-1442.26,20957.96,352.03,2.500,0.00,50.0
10568.00,-1442.61,20960.43,352.03,2.500,0.00,50.0
10569.00,-1442.96,20962.91,352.03,2.500,0.00,50.0
10570.00,-1443.30,20965.38,352.03,2.500,0.00,50.0
10571.00,-1443.65,20967.86,352.03,2.500,0.00,50.0
10572.00,-1444.00,20970.34,352.03,2.500,0.00,50.0
10573.00,-1444.34,20972.81,352.03,2.500,0.00,50.0
10574.00,-1444.69,20975.29,352.03,2.500,0.00,50.0
10575.00,-1445.04,20977.76,352.03,2.500,0.00,50.0
10576.00,-1445.38,20980.24,352.03,2.500,0.00,50.0
10577.00,-1445.73,20982.71,352.03,2.500,0.00,50.0
10578.00,-1446.08,20985.19,352.03,2.500,0.00,50.0
10579.00,-1446.42,20987.67,352.03,2.500,0.00,50.0
10580.00,-1446.77,20990.14,352.03,2.500,0.00,50.0
10581.00,-1447.12,20992.62,352.03,2.500,0.00,50.0
10582.00,-1447.46,20995.09,352.03,2.500,0.00,50.0
10583.00,-1447.81,20997.57,352.03,2.500,0.00,50.0
10584.00,-1448.16,21000.05,352.03,2.500,0.00,50.0
10585.00,-1448.50,21002.52,352.03,2.500,0.00,50.0
10586.00,-1448.85,21005.00,352.03,2.500,0.00,50.0
10587.00,-1449.20,21007.47,352.03,2.500,0.00,50.0
10588.00,-1449.54,21009.95,352.03,2.500,0.00,50.0
10589.00,-1449.89,21012.42,352.03,2.500,0.00,50.0
10590.00,-1450.24,21014.90,352.03,2.500,0.00,50.0
10591.00,-1450.58,21017.38,352.03,2.500,0.00,50.0
10592.00,-1450.93,21019.85,352.03,2.500,0.00,50.0
10593.00,-1451.28,21022.33,352.03,2.500,0.00,50.0
10594.00,-1451.62,21024.80,352.03,2.500,0.00,50.0
10595.00,-1451.97,21027.28,352.03,2.500,0.00,50.0
10596.00,-1452.32,21029.76,352.03,2.500,0.00,50.0
10597.00,-1452.66,21032.23,352.03,2.500,0.00,50.0
10598.00,-1453.01,21034.71,352.03,2.500,0.00,50.0
10599.00,-1453.36,21037.18,352.03,2.500,0.00,50.0
10600.00,-1453.70,21039.66,352.03,2.500,0.00,50.0
10601.00,-1454.05,21042.13,352.03,2.500,0.00,50.0
10602.00,-1454.40,21044.61,352.03,2.500,0.00,50.0
10603.00,-1454.74,21047.09,352.03,2.500,0.00,50.0
10604.00,-1455.09,21049.56,352.03,2.500,0.00,50.0
10605.00,-1455.44,21052.04,352.03,2.500,0.00,50.0
10606.00,-1455.78,21054.51,352.03,2.500,0.00,50.0
10607.00,-1456.13,21056.99,352.03,2.500,0.00,50.0
10608.00,-1456.48,21059.47,352.03,2.500,0.00,50.0
10609.00,-1456.82,21061.94,352.03,2.500,0.00,50.0
10610.00,-1457.17,21064.42,352.03,2.500,0.00,50.0
10611.00,-1457.52,21066.89,352.03,2.500,0.00,50.0
10612.00,-1457.86,21069.37,352.03,2.500,0.00,50.0
10613.00,-1458.21,21071.85,352.03,2.500,0.00,50.0
10614.00,-1458.56,21074.32,352.03,2.500,0.00,50.0
10615.00,-1458.90,21076.80,352.03,2.500,0.00,50.0
10616.00,-1459.25,21079.27,352.03,2.500,0.00,50.0
10617.00,-1459.60,21081.75,352.03,2.500,0.00,50.0
10618.00,-1459.94,21084.22,352.03,2.500,0.00,50.0
10619.00,-1460.29,21086.70,352.03,2.500,0.00,50.0
10620.00,-1460.64,21089.18,352.03,2.500,0.00,50.0
10621.00,-1460.98,21091.65,352.03,2.500,0.00,50.0
10622.00,-1461.33,21094.13,352.03,2.500,0.00,50.0
10623.00,-1461.68,21096.60,352.03,2.500,0.00,50.0
10624.00,-1462.02,21099.08,352.03,2.500,0.00,50.0
10625.00,-1462.37,21101.56,352.03,2.500,0.00,50.0
10626.00,-1462.72,21104.03,352.03,2.500,0.00,50.0
10627.00,-1463.06,21106.51,352.03,2.500,0.00,50.0
10628.00,-1463.41,21108.98,352.03,2.500,0.00,50.0
10629.00,-1463.76,21111.46,352.03,2.500,0.00,50.0
10630.00,-1464.10,21113.93,352.03,2.500,0.00,50.0
10631.00,-1464.45,21116.41,352.03,2.500,0.00,50.0
10632.00,-1464.80,21118.89,352.03,2.500,0.00,50.0
10633.00,-1465.14,21121.36,352.03,2.500,0.00,50.0
10634.00,-1465.49,21123.84,352.03,2.500,0.00,50.0
10635.00,-1465.84,21126.31,352.03,2.500,0.00,50.0
10636.00,-1466.18,21128.79,352.03,2.500,0.00,50.0
10637.00,-1466.53,21131.27,352.03,2.500,0.00,50.0
10638.00,-1466.88,21133.74,352.03,2.500,0.00,50.0
10639.00,-1467.22,21136.22,352.03,2.500,0.00,50.0
10640.00,-1467.57,21138.69,352.03,2.500,0.00,50.0
10641.00,-1467.92,21141.17,352.03,2.500,0.00,50.0
10642.00,-1468.26,21143.64,352.03,2.500,0.00,50.0
10643.00,-1468.61,21146.12,352.03,2.500,0.00,50.0
10644.00,-1468.96,21148.60,352.03,2.500,0.00,50.0
10645.00,-1469.30,21151.07,352.03,2.500,0.00,50.0
10646.00,-1469.65,21153.55,352.03,2.500,0.00,50.0
10647.00,-1470.00,21156.02,352.03,2.500,0.00,50.0
10648.00,-1470.34,21158.50,352.03,2.500,0.00,50.0
10649.00,-1470.69,21160.98,352.03,2.500,0.00,50.0
10650.00,-1471.04,21163.45,352.03,2.500,0.00,50.0
10651.00,-1471.38,21165.93,352.03,2.500,0.00,50.0
10652.00,-1471.73,21168.40,352.03,2.500,0.00,50.0
10653.00,-1472.08,21170.88,352.03,2.500,0.00,50.0
10654.00,-1472.42,21173.35,352.03,2.500,0.00,50.0
10655.00,-1472.77,21175.83,352.03,2.500,0.00,50.0
10656.00,-1473.12,21178.31,352.03,2.500,0.00,50.0
10657.00,-1473.46,21180.78,352.03,2.500,0.00,50.0
10658.00,-1473.81,21183.26,352.03,2.500,0.00,50.0
10659.00,-1474.16,21185.73,352.03,2.500,0.00,50.0
10660.00,-1474.50,21188.21,352.03,2.500,0.00,50.0
10661.00,-1474.85,21190.69,352.03,2.500,0.00,50.0
10662.00,-1475.20,21193.16,352.03,2.500,0.00,50.0
10663.00,-1475.54,21195.64,352.03,2.500,0.00,50.0
10664.00,-1475.89,21198.11,352.03,2.500,0.00,50.0
10665.00,-1476.24,21200.59,352.03,2.500,0.00,50.0
10666.00,-1476.58,21203.06,352.03,2.500,0.00,50.0
10667.00,-1476.93,21205.54,352.03,2.500,0.00,50.0
10668.00,-1477.28,21208.02,352.03,2.500,0.00,50.0
10669.00,-1477.63,21210.49,352.03,2.500,0.00,50.0
10670.00,-1477.97,21212.97,352.03,2.500,0.00,50.0
10671.00,-1478.32,21215.44,352.03,2.500,0.00,50.0
10672.00,-1478.67,21217.92,352.03,2.500,0.00,50.0
10673.00,-1479.01,21220.40,352.03,2.500,0.00,50.0
10674.00,-1479.36,21222.87,352.03,2.500,0.00,50.0
10675.00,-1479.71,21225.35,352.03,2.500,0.00,50.0
10676.00,-1480.05,21227.82,352.03,2.500,0.00,50.0
10677.00,-1480.40,21230.30,352.03,2.500,0.00,50.0
10678.00,-1480.75,21232.77,352.03,2.500,0.00,50.0
10679.00,-1481.09,21235.25,352.03,2.500,0.00,50.0
10680.00,-1481.44,21237.73,352.03,2.500,0.00,50.0
10681.00,-1481.79,21240.20,352.03,2.500,0.00,50.0
10682.00,-1482.13,21242.68,352.03,2.500,0.00,50.0
10683.00,-1482.48,21245.15,352.03,2.500,0.00,50.0
10684.00,-1482.83,21247.63,352.03,2.500,0.00,50.0
10685.00,-1483.17,21250.11,352.03,2.500,0.00,50.0
10686.00,-1483.52,21252.58,352.03,2.500,0.00,50.0
10687.00,-1483.87,21255.06,352.03,2.500,0.00,50.0
10688.00,-1484.21,21257.53,352.03,2.500,0.00,50.0
10689.00,-1484.56,21260.01,352.03,2.500,0.00,50.0
10690.00,-1484.91,21262.48,352.03,2.500,0.00,50.0
10691.00,-1485.25,21264.96,352.03,2.500,0.00,50.0
10692.00,-1485.60,21267.44,352.03,2.500,0.00,50.0
10693.00,-1485.95,21269.91,352.03,2.500,0.00,50.0
10694.00,-1486.29,21272.39,352.03,2.500,0.00,50.0
10695.00,-1486.64,21274.86,352.03,2.500,0.00,50.0
10696.00,-1486.99,21277.34,352.03,2.500,0.00,50.0
10697.00,-1487.33,21279.82,352.03,2.500,0.00,50.0
10698.00,-1487.68,21282.29,352.03,2.500,0.00,50.0
10699.00,-1488.03,21284.77,352.03,2.500,0.00,50.0
10700.00,-1488.37,21287.24,352.03,2.500,0.00,50.0
10701.00,-1488.72,21289.72,352.03,2.500,0.00,50.0
10702.00,-1489.07,21292.20,352.03,2.500,0.00,50.0
10703.00,-1489.41,21294.67,352.03,2.500,0.00,50.0
10704.00,-1489.76,21297.15,352.03,2.500,0.00,50.0
10705.00,-1490.11,21299.62,352.03,2.500,0.00,50.0
10706.00,-1490.45,21302.10,352.03,2.500,0.00,50.0
10707.00,-1490.80,21304.57,352.03,2.500,0.00,50.0
10708.00,-1491.15,21307.05,352.03,2.500,0.00,50.0
10709.00,-1491.49,21309.53,352.03,2.500,0.00,50.0
10710.00,-1491.84,21312.00,352.03,2.500,0.00,50.0
10711.00,-1492.19,21314.48,352.03,2.500,0.00,50.0
10712.00,-1492.53,21316.95,352.03,2.500,0.00,50.0
10713.00,-1492.88,21319.43,352.03,2.500,0.00,50.0
10714.00,-1493.23,21321.91,352.03,2.500,0.00,50.0
10715.00,-1493.57,21324.38,352.03,2.500,0.00,50.0
10716.00,-1493.92,21326.86,352.03,2.500,0.00,50.0
10717.00,-1494.27,21329.33,352.03,2.500,0.00,50.0
10718.00,-1494.61,21331.81,352.03,2.500,0.00,50.0
10719.00,-1494.96,21334.28,352.03,2.500,0.00,50.0
10720.00,-1495.31,21336.76,352.03,2.500,0.00,50.0
10721.00,-1495.65,21339.24,352.03,2.500,0.00,50.0
10722.00,-1496.00,21341.71,352.03,2.500,0.00,50.0
10723.00,-1496.35,21344.19,352.03,2.500,0.00,50.0
10724.00,-1496.69,21346.66,352.03,2.500,0.00,50.0
10725.00,-1497.04,21349.14,352.03,2.500,0.00,50.0
10726.00,-1497.39,21351.62,352.03,2.500,0.00,50.0
10727.00,-1497.73,21354.09,352.03,2.500,0.00,50.0
10728.00,-1498.08,21356.57,352.03,2.500,0.00,50.0
10729.00,-1498.43,21359.04,352.03,2.500,0.00,50.0
10730.00,-1498.77,21361.52,352.03,2.500,0.00,50.0
10731.00,-1499.12,21363.99,352.03,2.500,0.00,50.0
10732.00,-1499.47,21366.47,352.03,2.500,0.00,50.0
10733.00,-1499.81,21368.95,352.03,2.500,0.00,50.0
10734.00,-1500.16,21371.42,352.03,2.500,0.00,50.0
10735.00,-1500.51,21373.90,352.03,2.500,0.00,50.0
10736.00,-1500.85,21376.37,352.03,2.500,0.00,50.0
10737.00,-1501.20,21378.85,352.03,2.500,0.00,50.0
10738.00,-1501.55,21381.33,352.03,2.500,0.00,50.0
10739.00,-1501.89,21383.80,352.03,2.500,0.00,50.0
10740.00,-1502.24,21386.28,352.03,2.500,0.00,50.0
10741.00,-1502.59,21388.75,352.03,2.500,0.00,50.0
10742.00,-1502.93,21391.23,352.03,2.500,0.00,50.0
10743.00,-1503.28,21393.70,352.03,2.500,0.00,50.0
10744.00,-1503.63,21396.18,352.03,2.500,0.00,50.0
10745.00,-1503.97,21398.66,352.03,2.500,0.00,50.0
10746.00,-1504.32,21401.13,352.03,2.500,0.00,50.0
10747.00,-1504.67,21403.61,352.03,2.500,0.00,50.0
10748.00,-1505.01,21406.08,352.03,2.500,0.00,50.0
10749.00,-1505.36,21408.56,352.03,2.500,0.00,50.0
10750.00,-1505.71,21411.04,352.03,2.500,0.00,50.0
10751.00,-1506.05,21413.51,352.03,2.500,0.00,50.0
10752.00,-1506.40,21415.99,352.03,2.500,0.00,50.0
10753.00,-1506.75,21418.46,352.03,2.500,0.00,50.0
10754.00,-1507.09,21420.94,352.03,2.500,0.00,50.0
10755.00,-1507.44,21423.41,352.03,2.500,0.00,50.0
10756.00,-1507.79,21425.89,352.03,2.500,0.00,50.0
10757.00,-1508.13,21428.37,352.03,2.500,0.00,50.0
10758.00,-1508.48,21430.84,352.03,2.500,0.00,50.0
10759.00,-1508.83,21433.32,352.03,2.500,0.00,50.0
10760.00,-1509.17,21435.79,352.03,2.500,0.00,50.0
10761.00,-1509.52,21438.27,352.03,2.500,0.00,50.0
10762.00,-1509.87,21440.75,352.03,2.500,0.00,50.0
10763.00,-1510.21,21443.22,352.03,2.500,0.00,50.0
10764.00,-1510.56,21445.70,352.03,2.500,0.00,50.0
10765.00,-1510.91,21448.17,352.03,2.500,0.00,50.0
10766.00,-1511.25,21450.65,352.03,2.500,0.00,50.0
10767.00,-1511.60,21453.12,352.03,2.500,0.00,50.0
10768.00,-1511.95,21455.60,352.03,2.500,0.00,50.0
10769.00,-1512.29,21458.08,352.03,2.500,0.00,50.0
10770.00,-1512.64,21460.55,352.03,2.500,0.00,50.0
10771.00,-1512.99,21463.03,352.03,2.500,0.00,50.0
10772.00,-1513.33,21465.50,352.03,2.500,0.00,50.0
10773.00,-1513.68,21467.98,352.03,2.500,0.00,50.0
10774.00,-1514.03,21470.46,352.03,2.500,0.00,50.0
10775.00,-1514.38,21472.93,352.03,2.500,0.00,50.0
10776.00,-1514.72,21475.41,352.03,2.500,0.00,50.0
10777.00,-1515.07,21477.88,352.03,2.500,0.00,50.0
10778.00,-1515.42,21480.36,352.03,2.500,0.00,50.0
10779.00,-1515.76,21482.84,352.03,2.500,0.00,50.0
10780.00,-1516.11,21485.31,352.03,2.500,0.00,50.0
10781.00,-1516.46,21487.79,352.03,2.500,0.00,50.0
10782.00,-1516.80,21490.26,352.03,2.500,0.00,50.0
10783.00,-1517.15,21492.74,352.03,2.500,0.00,50.0
10784.00,-1517.50,21495.21,352.03,2.500,0.00,50.0
10785.00,-1517.84,21497.69,352.03,2.500,0.00,50.0
10786.00,-1518.19,21500.17,352.03,2.500,0.00,50.0
10787.00,-1518.54,21502.64,352.03,2.500,0.00,50.0
10788.00,-1518.88,21505.12,352.03,2.500,0.00,50.0
10789.00,-1519.23,21507.59,352.03,2.500,0.00,50.0
10790.00,-1519.58,21510.07,352.03,2.500,0.00,50.0
10791.00,-1519.92,21512.55,352.03,2.500,0.00,50.0
10792.00,-1520.27,21515.02,352.03,2.500,0.00,50.0
10793.00,-1520.62,21517.50,352.03,2.500,0.00,50.0
10794.00,-1520.96,21519.97,352.03,2.500,0.00,50.0
10795.00,-1521.31,21522.45,352.03,2.500,0.00,50.0
10796.00,-1521.66,21524.92,352.03,2.500,0.00,50.0
10797.00,-1522.00,21527.40,352.03,2.500,0.00,50.0
10798.00,-1522.35,21529.88,352.03,2.500,0.00,50.0
10799.00,-1522.70,21532.35,352.03,2.500,0.00,50.0
10800.00,-1523.04,21534.83,352.03,2.500,0.00,50.0
10801.00,-1523.39,21537.30,352.03,2.500,0.00,50.0
10802.00,-1523.74,21539.78,352.03,2.500,0.00,50.0
10803.00,-1524.08,21542.26,352.03,2.500,0.00,50.0
10804.00,-1524.43,21544.73,352.03,2.500,0.00,50.0
10805.00,-1524.78,21547.21,352.03,2.500,0.00,50.0
10806.00,-1525.12,21549.68,352.03,2.500,0.00,50.0
10807.00,-1525.47,21552.16,352.03,2.500,0.00,50.0
10808.00,-1525.82,21554.63,352.03,2.500,0.00,50.0
10809.00,-1526.16,21557.11,352.03,2.500,0.00,50.0
10810.00,-1526.51,21559.59,352.03,2.500,0.00,50.0
10811.00,-1526.86,21562.06,352.03,2.500,0.00,50.0
10812.00,-1527.20,21564.54,352.03,2.500,0.00,50.0
10813.00,-1527.55,21567.01,352.03,2.500,0.00,50.0
10814.00,-1527.90,21569.49,352.03,2.500,0.00,50.0
10815.00,-1528.24,21571.97,352.03,2.500,0.00,50.0
10816.00,-1528.59,21574.44,352.03,2.500,0.00,50.0
10817.00,-1528.94,21576.92,352.03,2.500,0.00,50.0
10818.00,-1529.28,21579.39,352.03,2.500,0.00,50.0
10819.00,-1529.63,21581.87,352.03,2.500,0.00,50.0
10820.00,-1529.98,21584.34,352.03,2.500,0.00,50.0
10821.00,-1530.32,21586.82,352.03,2.500,0.00,50.0
10822.00,-1530.67,21589.30,352.03,2.500,0.00,50.0
10823.00,-1531.02,21591.77,352.03,2.500,0.00,50.0
10824.00,-1531.36,21594.25,352.03,2.500,0.00,50.0
10825.00,-1531.71,21596.72,352.03,2.500,0.00,50.0
10826.00,-1532.06,21599.20,352.03,2.500,0.00,50.0
10827.00,-1532.40,21601.68,352.03,2.500,0.00,50.0
10828.00,-1532.75,21604.15,352.03,2.500,0.00,50.0
10829.00,-1533.10,21606.63,352.03,2.500,0.00,50.0
10830.00,-1533.44,21609.10,352.03,2.500,0.00,50.0
10831.00,-1533.79,21611.58,352.03,2.500,0.00,50.0
10832.00,-1534.14,21614.05,352.03,2.500,0.00,50.0
10833.00,-1534.48,21616.53,352.03,2.500,0.00,50.0
10834.00,-1534.83,21619.01,352.03,2.500,0.00,50.0
10835.00,-1535.18,21621.48,352.03,2.500,0.00,50.0
10836.00,-1535.52,21623.96,352.03,2.500,0.00,50.0
10837.00,-1535.87,21626.43,352.03,2.500,0.00,50.0
10838.00,-1536.22,21628.91,352.03,2.500,0.00,50.0
10839.00,-1536.56,21631.39,352.03,2.500,0.00,50.0
10840.00,-1536.91,21633.86,352.03,2.500,0.00,50.0
10841.00,-1537.26,21636.34,352.03,2.500,0.00,50.0
10842.00,-1537.60,21638.81,352.03,2.500,0.00,50.0
10843.00,-1537.95,21641.29,352.03,2.500,0.00,50.0
10844.00,-1538.30,21643.76,352.03,2.500,0.00,50.0
10845.00,-1538.64,21646.24,352.03,2.500,0.00,50.0
10846.00,-1538.99,21648.72,352.03,2.500,0.00,50.0
10847.00,-1539.34,21651.19,352.03,2.500,0.00,50.0
10848.00,-1539.68,21653.67,352.03,2.500,0.00,50.0
10849.00,-1540.03,21656.14,352.03,2.500,0.00,50.0
10850.00,-1540.38,21658.62,352.03,2.500,0.00,50.0
10851.00,-1540.72,21661.10,352.03,2.500,0.00,50.0
10852.00,-1541.07,21663.57,352.03,2.500,0.00,50.0
10853.00,-1541.42,21666.05,352.03,2.500,0.00,50.0
10854.00,-1541.76,21668.52,352.03,2.500,0.00,50.0
10855.00,-1542.11,21671.00,352.03,2.500,0.00,50.0
10856.00,-1542.46,21673.47,352.03,2.500,0.00,50.0
10857.00,-1542.80,21675.95,352.03,2.500,0.00,50.0
10858.00,-1543.15,21678.43,352.03,2.500,0.00,50.0
10859.00,-1543.50,21680.90,352.03,2.500,0.00,50.0
10860.00,-1543.84,21683.38,352.03,2.500,0.00,50.0
10861.00,-1544.19,21685.85,352.03,2.500,0.00,50.0
10862.00,-1544.54,21688.33,352.03,2.500,0.00,50.0
10863.00,-1544.88,21690.81,352.03,2.500,0.00,50.0
10864.00,-1545.23,21693.28,352.03,2.500,0.00,50.0
10865.00,-1545.58,21695.76,352.03,2.500,0.00,50.0
10866.00,-1545.92,21698.23,352.03,2.500,0.00,50.0
10867.00,-1546.27,21700.71,352.03,2.500,0.00,50.0
10868.00,-1546.62,21703.19,352.03,2.500,0.00,50.0
10869.00,-1546.96,21705.66,352.03,2.500,0.00,50.0
10870.00,-1547.31,21708.14,352.03,2.500,0.00,50.0
10871.00,-1547.66,21710.61,352.03,2.500,0.00,50.0
10872.00,-1548.00,21713.09,352.03,2.500,0.00,50.0
10873.00,-1548.35,21715.56,352.03,2.500,0.00,50.0
10874.00,-1548.70,21718.04,352.03,2.500,0.00,50.0
10875.00,-1549.04,21720.52,352.03,2.500,0.00,50.0
10876.00,-1549.39,21722.99,352.03,2.500,0.00,50.0
10877.00,-1549.74,21725.47,352.03,2.500,0.00,50.0
10878.00,-1550.08,21727.94,352.03,2.500,0.00,50.0
10879.00,-1550.43,21730.42,352.03,2.500,0.00,50.0
10880.00,-1550.78,21732.90,352.03,2.500,0.00,50.0
10881.00,-1551.13,21735.37,352.03,2.500,0.00,50.0
10882.00,-1551.47,21737.85,352.03,2.500,0.00,50.0
10883.00,-1551.82,21740.32,352.03,2.500,0.00,50.0
10884.00,-1552.17,21742.80,352.03,2.500,0.00,50.0
10885.00,-1552.51,21745.27,352.03,2.500,0.00,50.0
10886.00,-1552.86,21747.75,352.03,2.500,0.00,50.0
10887.00,-1553.21,21750.23,352.03,2.500,0.00,50.0
10888.00,-1553.55,21752.70,352.03,2.500,0.00,50.0
10889.00,-1553.90,21755.18,352.03,2.500,0.00,50.0
10890.00,-1554.25,21757.65,352.03,2.500,0.00,50.0
10891.00,-1554.59,21760.13,352.03,2.500,0.00,50.0
10892.00,-1554.94,21762.61,352.03,2.500,0.00,50.0
10893.00,-1555.29,21765.08,352.03,2.500,0.00,50.0
10894.00,-1555.63,21767.56,352.03,2.500,0.00,50.0
10895.00,-1555.98,21770.03,352.03,2.500,0.00,50.0
10896.00,-1556.33,21772.51,352.03,2.500,0.00,50.0
10897.00,-1556.67,21774.98,352.03,2.500,0.00,50.0
10898.00,-1557.02,21777.46,352.03,2.500,0.00,50.0
10899.00,-1557.37,21779.94,352.03,2.500,0.00,50.0
10900.00,-1557.71,21782.41,352.03,2.500,0.00,50.0
10901.00,-1558.06,21784.89,352.03,2.500,0.00,50.0
10902.00,-1558.41,21787.36,352.03,2.500,0.00,50.0
10903.00,-1558.75,21789.84,352.03,2.500,0.00,50.0
10904.00,-1559.10,21792.32,352.03,2.500,0.00,50.0
10905.00,-1559.45,21794.79,352.03,2.500,0.00,50.0
10906.00,-1559.79,21797.27,352.03,2.500,0.00,50.0
10907.00,-1560.14,21799.74,352.03,2.500,0.00,50.0
10908.00,-1560.49,21802.22,352.03,2.500,0.00,50.0
10909.00,-1560.83,21804.69,352.03,2.500,0.00,50.0
10910.00,-1561.18,21807.17,352.03,2.500,0.00,50.0
10911.00,-1561.53,21809.65,352.03,2.500,0.00,50.0
10912.00,-1561.87,21812.12,352.03,2.500,0.00,50.0
10913.00,-1562.22,21814.60,352.03,2.500,0.00,50.0
10914.00,-1562.57,21817.07,352.03,2.500,0.00,50.0
10915.00,-1562.91,21819.55,352.03,2.500,0.00,50.0
10916.00,-1563.26,21822.03,352.03,2.500,0.00,50.0
10917.00,-1563.61,21824.50,352.03,2.500,0.00,50.0
10918.00,-1563.95,21826.98,352.03,2.500,0.00,50.0
10919.00,-1564.30,21829.45,352.03,2.500,0.00,50.0
10920.00,-1564.65,21831.93,352.03,2.500,0.00,50.0
10921.00,-1564.99,21834.40,352.03,2.500,0.00,50.0
10922.00,-1565.34,21836.88,352.03,2.500,0.00,50.0
10923.00,-1565.69,21839.36,352.03,2.500,0.00,50.0
10924.00,-1566.03,21841.83,352.03,2.500,0.00,50.0
10925.00,-1566.38,21844.31,352.03,2.500,0.00,50.0
10926.00,-1566.73,21846.78,352.03,2.500,0.00,50.0
10927.00,-1567.07,21849.26,352.03,2.500,0.00,50.0
10928.00,-1567.42,21851.74,352.03,2.500,0.00,50.0
10929.00,-1567.77,21854.21,352.03,2.500,0.00,50.0
10930.00,-1568.11,21856.69,352.03,2.500,0.00,50.0
10931.00,-1568.46,21859.16,352.03,2.500,0.00,50.0
10932.00,-1568.81,21861.64,352.03,2.500,0.00,50.0
10933.00,-1569.15,21864.11,352.03,2.500,0.00,50.0
10934.00,-1569.50,21866.59,352.03,2.500,0.00,50.0
10935.00,-1569.85,21869.07,352.03,2.500,0.00,50.0
10936.00,-1570.19,21871.54,352.03,2.500,0.00,50.0
10937.00,-1570.54,21874.02,352.03,2.500,0.00,50.0
10938.00,-1570.89,21876.49,352.03,2.500,0.00,50.0
10939.00,-1571.23,21878.97,352.03,2.500,0.00,50.0
10940.00,-1571.58,21881.45,352.03,2.500,0.00,50.0
10941.00,-1571.93,21883.92,352.03,2.500,0.00,50.0
10942.00,-1572.27,21886.40,352.03,2.500,0.00,50.0
10943.00,-1572.62,21888.87,352.03,2.500,0.00,50.0
10944.00,-1572.97,21891.35,352.03,2.500,0.00,50.0
10945.00,-1573.31,21893.83,352.03,2.500,0.00,50.0
10946.00,-1573.66,21896.30,352.03,2.500,0.00,50.0
10947.00,-1574.01,21898.78,352.03,2.500,0.00,50.0
10948.00,-1574.35,21901.25,352.03,2.500,0.00,50.0
10949.00,-1574.70,21903.73,352.03,2.500,0.00,50.0
10950.00,-1575.05,21906.20,352.03,2.500,0.00,50.0
10951.00,-1575.39,21908.68,352.03,2.500,0.00,50.0
10952.00,-1575.74,21911.16,352.03,2.500,0.00,50.0
10953.00,-1576.09,21913.63,352.03,2.500,0.00,50.0
10954.00,-1576.43,21916.11,352.03,2.500,0.00,50.0
10955.00,-1576.78,21918.58,352.03,2.500,0.00,50.0
10956.00,-1577.13,21921.06,352.03,2.500,0.00,50.0
10957.00,-1577.47,21923.54,352.03,2.500,0.00,50.0
10958.00,-1577.82,21926.01,352.03,2.500,0.00,50.0
10959.00,-1578.17,21928.49,352.03,2.500,0.00,50.0
10960.00,-1578.51,21930.96,352.03,2.500,0.00,50.0
10961.00,-1578.86,21933.44,352.03,2.500,0.00,50.0
10962.00,-1579.21,21935.91,352.03,2.500,0.00,50.0
10963.00,-1579.55,21938.39,352.03,2.500,0.00,50.0
10964.00,-1579.90,21940.87,352.03,2.500,0.00,50.0
10965.00,-1580.25,21943.34,352.03,2.500,0.00,50.0
10966.00,-1580.59,21945.82,352.03,2.500,0.00,50.0
10967.00,-1580.94,21948.29,352.03,2.500,0.00,50.0
10968.00,-1581.29,21950.77,352.03,2.500,0.00,50.0
10969.00,-1581.63,21953.25,352.03,2.500,0.00,50.0
10970.00,-1581.98,21955.72,352.03,2.500,0.00,50.0
10971.00,-1582.33,21958.20,352.03,2.500,0.00,50.0
10972.00,-1582.67,21960.67,352.03,2.500,0.00,50.0
10973.00,-1583.02,21963.15,352.03,2.500,0.00,50.0
10974.00,-1583.37,21965.62,352.03,2.500,0.00,50.0
10975.00,-1583.71,21968.10,352.03,2.500,0.00,50.0
10976.00,-1584.06,21970.58,352.03,2.500,0.00,50.0
10977.00,-1584.41,21973.05,352.03,2.500,0.00,50.0
10978.00,-1584.75,21975.53,352.03,2.500,0.00,50.0
10979.00,-1585.10,21978.00,352.03,2.500,0.00,50.0
10980.00,-1585.45,21980.48,352.03,2.500,0.00,50.0
10981.00,-1585.79,21982.96,352.03,2.500,0.00,50.0
10982.00,-1586.14,21985.43,352.03,2.500,0.00,50.0
10983.00,-1586.49,21987.91,352.03,2.500,0.00,50.0
10984.00,-1586.84,21990.38,352.03,2.500,0.00,50.0
10985.00,-1587.18,21992.86,352.03,2.500,0.00,50.0
10986.00,-1587.53,21995.33,352.03,2.500,0.00,50.0
10987.00,-1587.88,21997.81,352.03,2.500,0.00,50.0
10988.00,-1588.22,22000.29,352.03,2.500,0.00,50.0
10989.00,-1588.57,22002.76,352.03,2.500,0.00,50.0
10990.00,-1588.92,22005.24,352.03,2.500,0.00,50.0
10991.00,-1589.26,22007.71,352.03,2.500,0.00,50.0
10992.00,-1589.61,22010.19,352.03,2.500,0.00,50.0
10993.00,-1589.96,22012.67,352.03,2.500,0.00,50.0
10994.00,-1590.30,22015.14,352.03,2.500,0.00,50.0
10995.00,-1590.65,22017.62,352.03,2.500,0.00,50.0
10996.00,-1591.00,22020.09,352.03,2.500,0.00,50.0
10997.00,-1591.34,22022.57,352.03,2.500,0.00,50.0
10998.00,-1591.69,22025.04,352.03,2.500,0.00,50.0
10999.00,-1592.04,22027.52,352.03,2.500,0.00,50.0
11000.00,-1592.38,22030.00,352.03,2.500,0.00,50.0
11001.00,-1592.73,22032.47,352.03,2.500,0.00,50.0
11002.00,-1593.08,22034.95,352.03,2.500,0.00,50.0
11003.00,-1593.42,22037.42,352.03,2.500,0.00,50.0
11004.00,-1593.77,22039.90,352.03,2.500,0.00,50.0
11005.00,-1594.12,22042.38,352.03,2.500,0.00,50.0
11006.00,-1594.46,22044.85,352.03,2.500,0.00,50.0
11007.00,-1594.81,22047.33,352.03,2.500,0.00,50.0
11008.00,-1595.16,22049.80,352.03,2.500,0.00,50.0
11009.00,-1595.50,22052.28,352.03,2.500,0.00,50.0
11010.00,-1595.85,22054.75,352.03,2.500,0.00,50.0
11011.00,-1596.20,22057.23,352.03,2.500,0.00,50.0
11012.00,-1596.54,22059.71,352.03,2.500,0.00,50.0
11013.00,-1596.89,22062.18,352.03,2.500,0.00,50.0
11014.00,-1597.24,22064.66,352.03,2.500,0.00,50.0
11015.00,-1597.58,22067.13,352.03,2.500,0.00,50.0
11016.00,-1597.93,22069.61,352.03,2.500,0.00,50.0
11017.00,-1598.28,22072.09,352.03,2.500,0.00,50.0
11018.00,-1598.62,22074.56,352.03,2.500,0.00,50.0
11019.00,-1598.97,22077.04,352.03,2.500,0.00,50.0
11020.00,-1599.32,22079.51,352.03,2.500,0.00,50.0
11021.00,-1599.66,22081.99,352.03,2.500,0.00,50.0
11022.00,-1600.01,22084.46,352.03,2.500,0.00,50.0
11023.00,-1600.36,22086.94,352.03,2.500,0.00,50.0
11024.00,-1600.70,22089.42,352.03,2.500,0.00,50.0
11025.00,-1601.05,22091.89,352.03,2.500,0.00,50.0
11026.00,-1601.40,22094.37,352.03,2.500,0.00,50.0
11027.00,-1601.74,22096.84,352.03,2.500,0.00,50.0
11028.00,-1602.09,22099.32,352.03,2.500,0.00,50.0
11029.00,-1602.44,22101.80,352.03,2.500,0.00,50.0
11030.00,-1602.78,22104.27,352.03,2.500,0.00,50.0
11031.00,-1603.13,22106.75,352.03,2.500,0.00,50.0
11032.00,-1603.48,22109.22,352.03,2.500,0.00,50.0
11033.00,-1603.82,22111.70,352.03,2.500,0.00,50.0
11034.00,-1604.17,22114.18,352.03,2.500,0.00,50.0
11035.00,-1604.52,22116.65,352.03,2.500,0.00,50.0
11036.00,-1604.86,22119.13,352.03,2.500,0.00,50.0
11037.00,-1605.21,22121.60,352.03,2.500,0.00,50.0
11038.00,-1605.56,22124.08,352.03,2.500,0.00,50.0
11039.00,-1605.90,22126.55,352.03,2.500,0.00,50.0
11040.00,-1606.25,22129.03,352.03,2.500,0.00,50.0
11041.00,-1606.60,22131.51,352.03,2.500,0.00,50.0
11042.00,-1606.94,22133.98,352.03,2.500,0.00,50.0
11043.00,-1607.29,22136.46,352.03,2.500,0.00,50.0
11044.00,-1607.64,22138.93,352.03,2.500,0.00,50.0
11045.00,-1607.98,22141.41,352.03,2.500,0.00,50.0
11046.00,-1608.33,22143.89,352.03,2.500,0.00,50.0
11047.00,-1608.68,22146.36,352.03,2.500,0.00,50.0
11048.00,-1609.02,22148.84,352.03,2.500,0.00,50.0
11049.00,-1609.37,22151.31,352.03,2.500,0.00,50.0
11050.00,-1609.72,22153.79,352.03,2.500,0.00,50.0
11051.00,-1610.06,22156.26,352.03,2.500,0.00,50.0
11052.00,-1610.41,22158.74,352.03,2.500,0.00,50.0
11053.00,-1610.76,22161.22,352.03,2.500,0.00,50.0
11054.00,-1611.10,22163.69,352.03,2.500,0.00,50.0
11055.00,-1611.45,22166.17,352.03,2.500,0.00,50.0
11056.00,-1611.80,22168.64,352.03,2.500,0.00,50.0
11057.00,-1612.14,22171.12,352.03,2.500,0.00,50.0
11058.00,-1612.49,22173.60,352.03,2.500,0.00,50.0
11059.00,-1612.84,22176.07,352.03,2.500,0.00,50.0
11060.00,-1613.18,22178.55,352.03,2.500,0.00,50.0
11061.00,-1613.53,22181.02,352.03,2.500,0.00,50.0
11062.00,-1613.88,22183.50,352.03,2.500,0.00,50.0
11063.00,-1614.22,22185.97,352.03,2.500,0.00,50.0
11064.00,-1614.57,22188.45,352.03,2.500,0.00,50.0
11065.00,-1614.92,22190.93,352.03,2.500,0.00,50.0
11066.00,-1615.26,22193.40,352.03,2.500,0.00,50.0
11067.00,-1615.61,22195.88,352.03,2.500,0.00,50.0
11068.00,-1615.96,22198.35,352.03,2.500,0.00,50.0
11069.00,-1616.30,22200.83,352.03,2.500,0.00,50.0
11070.00,-1616.65,22203.31,352.03,2.500,0.00,50.0
11071.00,-1617.00,22205.78,352.03,2.500,0.00,50.0
11072.00,-1617.34,22208.26,352.03,2.500,0.00,50.0
11073.00,-1617.69,22210.73,352.03,2.500,0.00,50.0
11074.00,-1618.04,22213.21,352.03,2.500,0.00,50.0
11075.00,-1618.38,22215.68,352.03,2.500,0.00,50.0
11076.00,-1618.73,22218.16,352.03,2.500,0.00,50.0
11077.00,-1619.08,22220.64,352.03,2.500,0.00,50.0
11078.00,-1619.42,22223.11,352.03,2.500,0.00,50.0
11079.00,-1619.77,22225.59,352.03,2.500,0.00,50.0
11080.00,-1620.12,22228.06,352.03,2.500,0.00,50.0
11081.00,-1620.46,22230.54,352.03,2.500,0.00,50.0
11082.00,-1620.81,22233.02,352.03,2.500,0.00,50.0
11083.00,-1621.16,22235.49,352.03,2.500,0.00,50.0
11084.00,-1621.50,22237.97,352.03,2.500,0.00,50.0
11085.00,-1621.85,22240.44,352.03,2.500,0.00,50.0
11086.00,-1622.20,22242.92,352.03,2.500,0.00,50.0
11087.00,-1622.54,22245.39,352.03,2.500,0.00,50.0
11088.00,-1622.89,22247.87,352.03,2.500,0.00,50.0
11089.00,-1623.24,22250.35,352.03,2.500,0.00,50.0
11090.00,-1623.59,22252.82,352.03,2.500,0.00,50.0
11091.00,-1623.93,22255.30,352.03,2.500,0.00,50.0
11092.00,-1624.28,22257.77,352.03,2.500,0.00,50.0
11093.00,-1624.63,22260.25,352.03,2.500,0.00,50.0
11094.00,-1624.97,22262.73,352.03,2.500,0.00,50.0
11095.00,-1625.32,22265.20,352.03,2.500,0.00,50.0
11096.00,-1625.67,22267.68,352.03,2.500,0.00,50.0
11097.00,-1626.01,22270.15,352.03,2.500,0.00,50.0
11098.00,-1626.36,22272.63,352.03,2.500,0.00,50.0
11099.00,-1626.71,22275.10,352.03,2.500,0.00,50.0
11100.00,-1627.05,22277.58,352.03,2.500,0.00,50.0
11101.00,-1627.40,22280.06,352.03,2.500,0.00,50.0
11102.00,-1627.75,22282.53,352.03,2.500,0.00,50.0
11103.00,-1628.09,22285.01,352.03,2.500,0.00,50.0
11104.00,-1628.44,22287.48,352.03,2.500,0.00,50.0
11105.00,-1628.79,22289.96,352.03,2.500,0.00,50.0
11106.00,-1629.13,22292.44,352.03,2.500,0.00,50.0
11107.00,-1629.48,22294.91,352.03,2.500,0.00,50.0
11108.00,-1629.83,22297.39,352.03,2.500,0.00,50.0
11109.00,-1630.17,22299.86,352.03,2.500,0.00,50.0
11110.00,-1630.52,22302.34,352.03,2.500,0.00,50.0
11111.00,-1630.87,22304.82,352.03,2.500,0.00,50.0
11112.00,-1631.21,22307.29,352.03,2.500,0.00,50.0
11113.00,-1631.56,22309.77,352.03,2.500,0.00,50.0
11114.00,-1631.91,22312.24,352.03,2.500,0.00,50.0
11115.00,-1632.25,22314.72,352.03,2.500,0.00,50.0
11116.00,-1632.60,22317.19,352.03,2.500,0.00,50.0
11117.00,-1632.95,22319.67,352.03,2.500,0.00,50.0
11118.00,-1633.29,22322.15,352.03,2.500,0.00,50.0
11119.00,-1633.64,22324.62,352.03,2.500,0.00,50.0
11120.00,-1633.99,22327.10,352.03,2.500,0.00,50.0
11121.00,-1634.33,22329.57,352.03,2.500,0.00,50.0
11122.00,-1634.68,22332.05,352.03,2.500,0.00,50.0
11123.00,-1635.03,22334.53,352.03,2.500,0.00,50.0
11124.00,-1635.37,22337.00,352.03,2.500,0.00,50.0
11125.00,-1635.72,22339.48,352.03,2.500,0.00,50.0
11126.00,-1636.07,22341.95,352.03,2.500,0.00,50.0
11127.00,-1636.41,22344.43,352.03,2.500,0.00,50.0
11128.00,-1636.76,22346.90,352.03,2.500,0.00,50.0
11129.00,-1637.11,22349.38,352.03,2.500,0.00,50.0
11130.00,-1637.45,22351.86,352.03,2.500,0.00,50.0
11131.00,-1637.80,22354.33,352.03,2.500,0.00,50.0
11132.00,-1638.15,22356.81,352.03,2.500,0.00,50.0
11133.00,-1638.49,22359.28,352.03,2.500,0.00,50.0
11134.00,-1638.84,22361.76,352.03,2.500,0.00,50.0
11135.00,-1639.19,22364.24,352.03,2.500,0.00,50.0
11136.00,-1639.53,22366.71,352.03,2.500,0.00,50.0
11137.00,-1639.88,22369.19,352.03,2.500,0.00,50.0
11138.00,-1640.23,22371.66,352.03,2.500,0.00,50.0
11139.00,-1640.57,22374.14,352.03,2.500,0.00,50.0
11140.00,-1640.92,22376.61,352.03,2.500,0.00,50.0
11141.00,-1641.27,22379.09,352.03,2.500,0.00,50.0
11142.00,-1641.61,22381.57,352.03,2.500,0.00,50.0
11143.00,-1641.96,22384.04,352.03,2.500,0.00,50.0
11144.00,-1642.31,22386.52,352.03,2.500,0.00,50.0
11145.00,-1642.65,22388.99,352.03,2.500,0.00,50.0
11146.00,-1643.00,22391.47,352.03,2.500,0.00,50.0
11147.00,-1643.35,22393.95,352.03,2.500,0.00,50.0
11148.00,-1643.69,22396.42,352.03,2.500,0.00,50.0
11149.00,-1644.04,22398.90,352.03,2.500,0.00,50.0
11150.00,-1644.39,22401.37,352.03,2.500,0.00,50.0
11151.00,-1644.73,22403.85,352.03,2.500,0.00,50.0
11152.00,-1645.08,22406.32,352.03,2.500,0.00,50.0
11153.00,-1645.43,22408.80,352.03,2.500,0.00,50.0
11154.00,-1645.77,22411.28,352.03,2.500,0.00,50.0
11155.00,-1646.12,22413.75,352.03,2.500,0.00,50.0
11156.00,-1646.47,22416.23,352.03,2.500,0.00,50.0
11157.00,-1646.81,22418.70,352.03,2.500,0.00,50.0
11158.00,-1647.16,22421.18,352.03,2.500,0.00,50.0
11159.00,-1647.51,22423.66,352.03,2.500,0.00,50.0
11160.00,-1647.85,22426.13,352.03,2.500,0.00,50.0
11161.00,-1648.20,22428.61,352.03,2.500,0.00,50.0
11162.00,-1648.55,22431.08,352.03,2.500,0.00,50.0
11163.00,-1648.89,22433.56,352.03,2.500,0.00,50.0
11164.00,-1649.24,22436.03,352.03,2.500,0.00,50.0
11165.00,-1649.59,22438.51,352.03,2.500,0.00,50.0
11166.00,-1649.93,22440.99,352.03,2.500,0.00,50.0
11167.00,-1650.28,22443.46,352.03,2.500,0.00,50.0
11168.00,-1650.63,22445.94,352.03,2.500,0.00,50.0
11169.00,-1650.97,22448.41,352.03,2.500,0.00,50.0
11170.00,-1651.32,22450.89,352.03,2.500,0.00,50.0
11171.00,-1651.67,22453.37,352.03,2.500,0.00,50.0
11172.00,-1652.01,22455.84,352.03,2.500,0.00,50.0
11173.00,-1652.36,22458.32,352.03,2.500,0.00,50.0
11174.00,-1652.71,22460.79,352.03,2.500,0.00,50.0
11175.00,-1653.05,22463.27,352.03,2.500,0.00,50.0
11176.00,-1653.40,22465.74,352.03,2.500,0.00,50.0
11177.00,-1653.75,22468.22,352.03,2.500,0.00,50.0
11178.00,-1654.09,22470.70,352.03,2.500,0.00,50.0
11179.00,-1654.44,22473.17,352.03,2.500,0.00,50.0
11180.00,-1654.79,22475.65,352.03,2.500,0.00,50.0
11181.00,-1655.13,22478.12,352.03,2.500,0.00,50.0
11182.00,-1655.48,22480.60,352.03,2.500,0.00,50.0
11183.00,-1655.83,22483.08,352.03,2.500,0.00,50.0
11184.00,-1656.17,22485.55,352.03,2.500,0.00,50.0
11185.00,-1656.52,22488.03,352.03,2.500,0.00,50.0
11186.00,-1656.87,22490.50,352.03,2.500,0.00,50.0
11187.00,-1657.21,22492.98,352.03,2.500,0.00,50.0
11188.00,-1657.56,22495.45,352.03,2.500,0.00,50.0
11189.00,-1657.91,22497.93,352.03,2.500,0.00,50.0
11190.00,-1658.25,22500.41,352.03,2.500,0.00,50.0
11191.00,-1658.60,22502.88,352.03,2.500,0.00,50.0
11192.00,-1658.95,22505.36,352.03,2.500,0.00,50.0
11193.00,-1659.29,22507.83,352.03,2.500,0.00,50.0
11194.00,-1659.64,22510.31,352.03,2.500,0.00,50.0
11195.00,-1659.99,22512.79,352.03,2.500,0.00,50.0
11196.00,-1660.34,22515.26,352.03,2.500,0.00,50.0
11197.00,-1660.68,22517.74,352.03,2.500,0.00,50.0
11198.00,-1661.03,22520.21,352.03,2.500,0.00,50.0
11199.00,-1661.38,22522.69,352.03,2.500,0.00,50.0
11200.00,-1661.72,22525.17,352.03,2.500,0.00,50.0
11201.00,-1662.07,22527.64,352.03,2.500,0.00,50.0
11202.00,-1662.42,22530.12,352.03,2.500,0.00,50.0
11203.00,-1662.76,22532.59,352.03,2.500,0.00,50.0
11204.00,-1663.11,22535.07,352.03,2.500,0.00,50.0
11205.00,-1663.46,22537.54,352.03,2.500,0.00,50.0
11206.00,-1663.80,22540.02,352.03,2.500,0.00,50.0
11207.00,-1664.15,22542.50,352.03,2.500,0.00,50.0
11208.00,-1664.50,22544.97,352.03,2.500,0.00,50.0
11209.00,-1664.84,22547.45,352.03,2.500,0.00,50.0
11210.00,-1665.19,22549.92,352.03,2.500,0.00,50.0
11211.00,-1665.54,22552.40,352.03,2.500,0.00,50.0
11212.00,-1665.88,22554.88,352.03,2.500,0.00,50.0
11213.00,-1666.23,22557.35,352.03,2.500,0.00,50.0
11214.00,-1666.58,22559.83,352.03,2.500,0.00,50.0
11215.00,-1666.92,22562.30,352.03,2.500,0.00,50.0
11216.00,-1667.27,22564.78,352.03,2.500,0.00,50.0
11217.00,-1667.62,22567.25,352.03,2.500,0.00,50.0
11218.00,-1667.96,22569.73,352.03,2.500,0.00,50.0
11219.00,-1668.31,22572.21,352.03,2.500,0.00,50.0
11220.00,-1668.66,22574.68,352.03,2.500,0.00,50.0
11221.00,-1669.00,22577.16,352.03,2.500,0.00,50.0
11222.00,-1669.35,22579.63,352.03,2.500,0.00,50.0
11223.00,-1669.70,22582.11,352.03,2.500,0.00,50.0
11224.00,-1670.04,22584.59,352.03,2.500,0.00,50.0
11225.00,-1670.39,22587.06,352.03,2.500,0.00,50.0
11226.00,-1670.74,22589.54,352.03,2.500,0.00,50.0
11227.00,-1671.08,22592.01,352.03,2.500,0.00,50.0
11228.00,-1671.43,22594.49,352.03,2.500,0.00,50.0
11229.00,-1671.78,22596.96,352.03,2.500,0.00,50.0
11230.00,-1672.12,22599.44,352.03,2.500,0.00,50.0
11231.00,-1672.47,22601.92,352.03,2.500,0.00,50.0
11232.00,-1672.82,22604.39,352.03,2.500,0.00,50.0
11233.00,-1673.16,22606.87,352.03,2.500,0.00,50.0
11234.00,-1673.51,22609.34,352.03,2.500,0.00,50.0
11235.00,-1673.86,22611.82,352.03,2.500,0.00,50.0
11236.00,-1674.20,22614.30,352.03,2.500,0.00,50.0
11237.00,-1674.55,22616.77,352.03,2.500,0.00,50.0
11238.00,-1674.90,22619.25,352.03,2.500,0.00,50.0
11239.00,-1675.24,22621.72,352.03,2.500,0.00,50.0
11240.00,-1675.59,22624.20,352.03,2.500,0.00,50.0
11241.00,-1675.94,22626.67,352.03,2.500,0.00,50.0
11242.00,-1676.28,22629.15,352.03,2.500,0.00,50.0
11243.00,-1676.63,22631.63,352.03,2.500,0.00,50.0
11244.00,-1676.98,22634.10,352.03,2.500,0.00,50.0
11245.00,-1677.32,22636.58,352.03,2.500,0.00,50.0
11246.00,-1677.67,22639.05,352.03,2.500,0.00,50.0
11247.00,-1678.02,22641.53,352.03,2.500,0.00,50.0
11248.00,-1678.36,22644.01,352.03,2.500,0.00,50.0
11249.00,-1678.71,22646.48,352.03,2.500,0.00,50.0
11250.00,-1679.06,22648.96,352.03,2.500,0.00,50.0
11251.00,-1679.40,22651.43,352.03,2.500,0.00,50.0
11252.00,-1679.75,22653.91,352.03,2.500,0.00,50.0
11253.00,-1680.10,22656.38,352.03,2.500,0.00,50.0
11254.00,-1680.44,22658.86,352.03,2.500,0.00,50.0
11255.00,-1680.79,22661.34,352.03,2.500,0.00,50.0
11256.00,-1681.14,22663.81,352.03,2.500,0.00,50.0
11257.00,-1681.48,22666.29,352.03,2.500,0.00,50.0
11258.00,-1681.83,22668.76,352.03,2.500,0.00,50.0
11259.00,-1682.18,22671.24,352.03,2.500,0.00,50.0
11260.00,-1682.52,22673.72,352.03,2.500,0.00,50.0
11261.00,-1682.87,22676.19,352.03,2.500,0.00,50.0
11262.00,-1683.22,22678.67,352.03,2.500,0.00,50.0
11263.00,-1683.56,22681.14,352.03,2.500,0.00,50.0
11264.00,-1683.91,22683.62,352.03,2.500,0.00,50.0
11265.00,-1684.26,22686.09,352.03,2.500,0.00,50.0
11266.00,-1684.60,22688.57,352.03,2.500,0.00,50.0
11267.00,-1684.95,22691.05,352.03,2.500,0.00,50.0
11268.00,-1685.30,22693.52,352.03,2.500,0.00,50.0
11269.00,-1685.64,22696.00,352.03,2.500,0.00,50.0
11270.00,-1685.99,22698.47,352.03,2.500,0.00,50.0
11271.00,-1686.34,22700.95,352.03,2.500,0.00,50.0
11272.00,-1686.68,22703.43,352.03,2.500,0.00,50.0
11273.00,-1687.03,22705.90,352.03,2.500,0.00,50.0
11274.00,-1687.38,22708.38,352.03,2.500,0.00,50.0
11275.00,-1687.72,22710.85,352.03,2.500,0.00,50.0
11276.00,-1688.07,22713.33,352.03,2.500,0.00,50.0
11277.00,-1688.42,22715.81,352.03,2.500,0.00,50.0
11278.00,-1688.76,22718.28,352.03,2.500,0.00,50.0
11279.00,-1689.11,22720.76,352.03,2.500,0.00,50.0
11280.00,-1689.46,22723.23,352.03,2.500,0.00,50.0
11281.00,-1689.80,22725.71,352.03,2.500,0.00,50.0
11282.00,-1690.15,22728.18,352.03,2.500,0.00,50.0
11283.00,-1690.50,22730.66,352.03,2.500,0.00,50.0
11284.00,-1690.84,22733.14,352.03,2.500,0.00,50.0
11285.00,-1691.19,22735.61,352.03,2.500,0.00,50.0
11286.00,-1691.54,22738.09,352.03,2.500,0.00,50.0
11287.00,-1691.88,22740.56,352.03,2.500,0.00,50.0
11288.00,-1692.23,22743.04,352.03,2.500,0.00,50.0
11289.00,-1692.58,22745.52,352.03,2.500,0.00,50.0
11290.00,-1692.92,22747.99,352.03,2.500,0.00,50.0
11291.00,-1693.27,22750.47,352.03,2.500,0.00,50.0
11292.00,-1693.62,22752.94,352.03,2.500,0.00,50.0
11293.00,-1693.96,22755.42,352.03,2.500,0.00,50.0
11294.00,-1694.31,22757.89,352.03,2.500,0.00,50.0
11295.00,-1694.66,22760.37,352.03,2.500,0.00,50.0
11296.00,-1695.00,22762.85,352.03,2.500,0.00,50.0
11297.00,-1695.35,22765.32,352.03,2.500,0.00,50.0
11298.00,-1695.70,22767.80,352.03,2.500,0.00,50.0
11299.00,-1696.04,22770.27,352.03,2.500,0.00,50.0
11300.00,-1696.39,22772.75,352.03,2.500,0.00,50.0
11301.00,-1696.74,22775.23,352.03,2.500,0.00,50.0
11302.00,-1697.09,22777.70,352.03,2.500,0.00,50.0
11303.00,-1697.43,22780.18,352.03,2.500,0.00,50.0
11304.00,-1697.78,22782.65,352.03,2.500,0.00,50.0
11305.00,-1698.13,22785.13,352.03,2.500,0.00,50.0
11306.00,-1698.47,22787.60,352.03,2.500,0.00,50.0
11307.00,-1698.82,22790.08,352.03,2.500,0.00,50.0
11308.00,-1699.17,22792.56,352.03,2.500,0.00,50.0
11309.00,-1699.51,22795.03,352.03,2.500,0.00,50.0
11310.00,-1699.86,22797.51,352.03,2.500,0.00,50.0
11311.00,-1700.21,22799.98,352.03,2.500,0.00,50.0
11312.00,-1700.55,22802.46,352.03,2.500,0.00,50.0
11313.00,-1700.90,22804.94,352.03,2.500,0.00,50.0
11314.00,-1701.25,22807.41,352.03,2.500,0.00,50.0
11315.00,-1701.59,22809.89,352.03,2.500,0.00,50.0
11316.00,-1701.94,22812.36,352.03,2.500,0.00,50.0
11317.00,-1702.29,22814.84,352.03,2.500,0.00,50.0
11318.00,-1702.63,22817.31,352.03,2.500,0.00,50.0
11319.00,-1702.98,22819.79,352.03,2.500,0.00,50.0
11320.00,-1703.33,22822.27,352.03,2.500,0.00,50.0
11321.00,-1703.67,22824.74,352.03,2.500,0.00,50.0
11322.00,-1704.02,22827.22,352.03,2.500,0.00,50.0
11323.00,-1704.37,22829.69,352.03,2.500,0.00,50.0
11324.00,-1704.71,22832.17,352.03,2.500,0.00,50.0
11325.00,-1705.06,22834.65,352.03,2.500,0.00,50.0
11326.00,-1705.41,22837.12,352.03,2.500,0.00,50.0
11327.00,-1705.75,22839.60,352.03,2.500,0.00,50.0
11328.00,-1706.10,22842.07,352.03,2.500,0.00,50.0
11329.00,-1706.45,22844.55,352.03,2.500,0.00,50.0
11330.00,-1706.79,22847.02,352.03,2.500,0.00,50.0
11331.00,-1707.14,22849.50,352.03,2.500,0.00,50.0
11332.00,-1707.49,22851.98,352.03,2.500,0.00,50.0
11333.00,-1707.83,22854.45,352.03,2.500,0.00,50.0
11334.00,-1708.18,22856.93,352.03,2.500,0.00,50.0
11335.00,-1708.53,22859.40,352.03,2.500,0.00,50.0
11336.00,-1708.87,22861.88,352.03,2.500,0.00,50.0
11337.00,-1709.22,22864.36,352.03,2.500,0.00,50.0
11338.00,-1709.57,22866.83,352.03,2.500,0.00,50.0
11339.00,-1709.91,22869.31,352.03,2.500,0.00,50.0
11340.00,-1710.26,22871.78,352.03,2.500,0.00,50.0
11341.00,-1710.61,22874.26,352.03,2.500,0.00,50.0
11342.00,-1710.95,22876.73,352.03,2.500,0.00,50.0
11343.00,-1711.30,22879.21,352.03,2.500,0.00,50.0
11344.00,-1711.65,22881.69,352.03,2.500,0.00,50.0
11345.00,-1711.99,22884.16,352.03,2.500,0.00,50.0
11346.00,-1712.34,22886.64,352.03,2.500,0.00,50.0
11347.00,-1712.69,22889.11,352.03,2.500,0.00,50.0
11348.00,-1713.03,22891.59,352.03,2.500,0.00,50.0
11349.00,-1713.38,22894.07,352.03,2.500,0.00,50.0
11350.00,-1713.73,22896.54,352.03,2.500,0.00,50.0
11351.00,-1714.07,22899.02,352.03,2.500,0.00,50.0
11352.00,-1714.42,22901.49,352.03,2.500,0.00,50.0
11353.00,-1714.77,22903.97,352.03,2.500,0.00,50.0
11354.00,-1715.11,22906.44,352.03,2.500,0.00,50.0
11355.00,-1715.46,22908.92,352.03,2.500,0.00,50.0
11356.00,-1715.81,22911.40,352.03,2.500,0.00,50.0
11357.00,-1716.15,22913.87,352.03,2.500,0.00,50.0
11358.00,-1716.50,22916.35,352.03,2.500,0.00,50.0
11359.00,-1716.85,22918.82,352.03,2.500,0.00,50.0
11360.00,-1717.19,22921.30,352.03,2.500,0.00,50.0
11361.00,-1717.54,22923.78,352.03,2.500,0.00,50.0
11362.00,-1717.89,22926.25,352.03,2.500,0.00,50.0
11363.00,-1718.23,22928.73,352.03,2.500,0.00,50.0
11364.00,-1718.58,22931.20,352.03,2.500,0.00,50.0
11365.00,-1718.93,22933.68,352.03,2.500,0.00,50.0
11366.00,-1719.27,22936.16,352.03,2.500,0.00,50.0
11367.00,-1719.62,22938.63,352.03,2.500,0.00,50.0
11368.00,-1719.97,22941.11,352.03,2.500,0.00,50.0
11369.00,-1720.31,22943.58,352.03,2.500,0.00,50.0
11370.00,-1720.66,22946.06,352.03,2.500,0.00,50.0
11371.00,-1721.01,22948.53,352.03,2.500,0.00,50.0
11372.00,-1721.35,22951.01,352.03,2.500,0.00,50.0
11373.00,-1721.70,22953.49,352.03,2.500,0.00,50.0
11374.00,-1722.05,22955.96,352.03,2.500,0.00,50.0
11375.00,-1722.39,22958.44,352.03,2.500,0.00,50.0
11376.00,-1722.74,22960.91,352.03,2.500,0.00,50.0
11377.00,-1723.09,22963.39,352.03,2.500,0.00,50.0
11378.00,-1723.43,22965.87,352.03,2.500,0.00,50.0
11379.00,-1723.78,22968.34,352.03,2.500,0.00,50.0
11380.00,-1724.13,22970.82,352.03,2.500,0.00,50.0
11381.00,-1724.47,22973.29,352.03,2.500,0.00,50.0
11382.00,-1724.82,22975.77,352.03,2.500,0.00,50.0
11383.00,-1725.17,22978.24,352.03,2.500,0.00,50.0
11384.00,-1725.51,22980.72,352.03,2.500,0.00,50.0
11385.00,-1725.86,22983.20,352.03,2.500,0.00,50.0
11386.00,-1726.21,22985.67,352.03,2.500,0.00,50.0
11387.00,-1726.55,22988.15,352.03,2.500,0.00,50.0
11388.00,-1726.90,22990.62,352.03,2.500,0.00,50.0
11389.00,-1727.25,22993.10,352.03,2.500,0.00,50.0
11390.00,-1727.59,22995.58,352.03,2.500,0.00,50.0
11391.00,-1727.94,22998.05,352.03,2.500,0.00,50.0
11392.00,-1728.29,23000.53,352.03,2.500,0.00,50.0
11393.00,-1728.63,23003.00,352.03,2.500,0.00,50.0
11394.00,-1728.98,23005.48,352.03,2.500,0.00,50.0
11395.00,-1729.33,23007.95,352.03,2.500,0.00,50.0
11396.00,-1729.67,23010.43,352.03,2.500,0.00,50.0
11397.00,-1730.02,23012.91,352.03,2.500,0.00,50.0
11398.00,-1730.37,23015.38,352.03,2.500,0.00,50.0
11399.00,-1730.71,23017.86,352.03,2.500,0.00,50.0
11400.00,-1731.06,23020.33,352.03,2.500,0.00,50.0
11401.00,-1731.41,23022.81,352.03,2.500,0.00,50.0
11402.00,-1731.75,23025.29,352.03,2.500,0.00,50.0
11403.00,-1732.10,23027.76,352.03,2.500,0.00,50.0
11404.00,-1732.45,23030.24,352.03,2.500,0.00,50.0
11405.00,-1732.79,23032.71,352.03,2.500,0.00,50.0
11406.00,-1733.14,23035.19,352.03,2.500,0.00,50.0
11407.00,-1733.49,23037.66,352.03,2.500,0.00,50.0
11408.00,-1733.84,23040.14,352.03,2.500,0.00,50.0
11409.00,-1734.18,23042.62,352.03,2.500,0.00,50.0
11410.00,-1734.53,23045.09,352.03,2.500,0.00,50.0
11411.00,-1734.88,23047.57,352.03,2.500,0.00,50.0
11412.00,-1735.22,23050.04,352.03,2.500,0.00,50.0
11413.00,-1735.57,23052.52,352.03,2.500,0.00,50.0
11414.00,-1735.92,23055.00,352.03,2.500,0.00,50.0
11415.00,-1736.26,23057.47,352.03,2.500,0.00,50.0
11416.00,-1736.61,23059.95,352.03,2.500,0.00,50.0
11417.00,-1736.96,23062.42,352.03,2.500,0.00,50.0
11418.00,-1737.30,23064.90,352.03,2.500,0.00,50.0
11419.00,-1737.65,23067.37,352.03,2.500,0.00,50.0
11420.00,-1738.00,23069.85,352.03,2.500,0.00,50.0
11421.00,-1738.34,23072.33,352.03,2.500,0.00,50.0
11422.00,-1738.69,23074.80,352.03,2.500,0.00,50.0
11423.00,-1739.04,23077.28,352.03,2.500,0.00,50.0
11424.00,-1739.38,23079.75,352.03,2.500,0.00,50.0
11425.00,-1739.73,23082.23,352.03,2.500,0.00,50.0
11426.00,-1740.08,23084.71,352.03,2.500,0.00,50.0
11427.00,-1740.42,23087.18,352.03,2.500,0.00,50.0
11428.00,-1740.77,23089.66,352.03,2.500,0.00,50.0
11429.00,-1741.12,23092.13,352.03,2.500,0.00,50.0
11430.00,-1741.46,23094.61,352.03,2.500,0.00,50.0
11431.00,-1741.81,23097.08,352.03,2.500,0.00,50.0
11432.00,-1742.16,23099.56,352.03,2.500,0.00,50.0
11433.00,-1742.50,23102.04,352.03,2.500,0.00,50.0
11434.00,-1742.85,23104.51,352.03,2.500,0.00,50.0
11435.00,-1743.20,23106.99,352.03,2.500,0.00,50.0
11436.00,-1743.54,23109.46,352.03,2.500,0.00,50.0
11437.00,-1743.89,23111.94,352.03,2.500,0.00,50.0
11438.00,-1744.24,23114.42,352.03,2.500,0.00,50.0
11439.00,-1744.58,23116.89,352.03,2.500,0.00,50.0
11440.00,-1744.93,23119.37,352.03,2.500,0.00,50.0
11441.00,-1745.28,23121.84,352.03,2.500,0.00,50.0
11442.00,-1745.62,23124.32,352.03,2.500,0.00,50.0
11443.00,-1745.97,23126.80,352.03,2.500,0.00,50.0
11444.00,-1746.32,23129.27,352.03,2.500,0.00,50.0
11445.00,-1746.66,23131.75,352.03,2.500,0.00,50.0
11446.00,-1747.01,23134.22,352.03,2.500,0.00,50.0
11447.00,-1747.36,23136.70,352.03,2.500,0.00,50.0
11448.00,-1747.70,23139.17,352.03,2.500,0.00,50.0
11449.00,-1748.05,23141.65,352.03,2.500,0.00,50.0
11450.00,-1748.40,23144.13,352.03,2.500,0.00,50.0
11451.00,-1748.74,23146.60,352.03,2.500,0.00,50.0
11452.00,-1749.09,23149.08,352.03,2.500,0.00,50.0
11453.00,-1749.44,23151.55,352.03,2.500,0.00,50.0
11454.00,-1749.78,23154.03,352.03,2.500,0.00,50.0
11455.00,-1750.13,23156.51,352.03,2.500,0.00,50.0
11456.00,-1750.48,23158.98,352.03,2.500,0.00,50.0
11457.00,-1750.82,23161.46,352.03,2.500,0.00,50.0
11458.00,-1751.17,23163.93,352.03,2.500,0.00,50.0
11459.00,-1751.52,23166.41,352.03,2.500,0.00,50.0
11460.00,-1751.86,23168.88,352.03,2.500,0.00,50.0
11461.00,-1752.21,23171.36,352.03,2.500,0.00,50.0
11462.00,-1752.56,23173.84,352.03,2.500,0.00,50.0
11463.00,-1752.90,23176.31,352.03,2.500,0.00,50.0
11464.00,-1753.25,23178.79,352.03,2.500,0.00,50.0
11465.00,-1753.60,23181.26,352.03,2.500,0.00,50.0
11466.00,-1753.94,23183.74,352.03,2.500,0.00,50.0
11467.00,-1754.29,23186.22,352.03,2.500,0.00,50.0
11468.00,-1754.64,23188.69,352.03,2.500,0.00,50.0
11469.00,-1754.98,23191.17,352.03,2.500,0.00,50.0
11470.00,-1755.33,23193.64,352.03,2.500,0.00,50.0
11471.00,-1755.68,23196.12,352.03,2.500,0.00,50.0
11472.00,-1756.02,23198.59,352.03,2.500,0.00,50.0
11473.00,-1756.37,23201.07,352.03,2.500,0.00,50.0
11474.00,-1756.72,23203.55,352.03,2.500,0.00,50.0
11475.00,-1757.06,23206.02,352.03,2.500,0.00,50.0
11476.00,-1757.41,23208.50,352.03,2.500,0.00,50.0
11477.00,-1757.76,23210.97,352.03,2.500,0.00,50.0
11478.00,-1758.10,23213.45,352.03,2.500,0.00,50.0
11479.00,-1758.45,23215.93,352.03,2.500,0.00,50.0
11480.00,-1758.80,23218.40,352.03,2.500,0.00,50.0
11481.00,-1759.14,23220.88,352.03,2.500,0.00,50.0
11482.00,-1759.49,23223.35,352.03,2.500,0.00,50.0
11483.00,-1759.84,23225.83,352.03,2.500,0.00,50.0
11484.00,-1760.18,23228.30,352.03,2.500,0.00,50.0
11485.00,-1760.53,23230.78,352.03,2.500,0.00,50.0
11486.00,-1760.88,23233.26,352.03,2.500,0.00,50.0
11487.00,-1761.22,23235.73,352.03,2.500,0.00,50.0
11488.00,-1761.57,23238.21,352.03,2.500,0.00,50.0
11489.00,-1761.92,23240.68,352.03,2.500,0.00,50.0
11490.00,-1762.26,23243.16,352.03,2.500,0.00,50.0
11491.00,-1762.61,23245.64,352.03,2.500,0.00,50.0
11492.00,-1762.96,23248.11,352.03,2.500,0.00,50.0
11493.00,-1763.30,23250.59,352.03,2.500,0.00,50.0
11494.00,-1763.65,23253.06,352.03,2.500,0.00,50.0
11495.00,-1764.00,23255.54,352.03,2.500,0.00,50.0
11496.00,-1764.34,23258.01,352.03,2.500,0.00,50.0
11497.00,-1764.69,23260.49,352.03,2.500,0.00,50.0
11498.00,-1765.04,23262.97,352.03,2.500,0.00,50.0
11499.00,-1765.38,23265.44,352.03,2.500,0.00,50.0
11500.00,-1765.73,23267.92,352.03,2.500,0.00,50.0
11501.00,-1766.08,23270.39,352.03,2.500,0.00,50.0
11502.00,-1766.42,23272.87,352.03,2.500,0.00,50.0
11503.00,-1766.77,23275.35,352.03,2.500,0.00,50.0
11504.00,-1767.12,23277.82,352.03,2.500,0.00,50.0
11505.00,-1767.46,23280.30,352.03,2.500,0.00,50.0
11506.00,-1767.81,23282.77,352.03,2.500,0.00,50.0
11507.00,-1768.16,23285.25,352.03,2.500,0.00,50.0
11508.00,-1768.50,23287.72,352.03,2.500,0.00,50.0
11509.00,-1768.85,23290.20,352.03,2.500,0.00,50.0
11510.00,-1769.20,23292.68,352.03,2.500,0.00,50.0
11511.00,-1769.54,23295.15,352.03,2.500,0.00,50.0
11512.00,-1769.89,23297.63,352.03,2.500,0.00,50.0
11513.00,-1770.24,23300.10,352.03,2.500,0.00,50.0
11514.00,-1770.59,23302.58,352.03,2.500,0.00,50.0
11515.00,-1770.93,23305.06,352.03,2.500,0.00,50.0
11516.00,-1771.28,23307.53,352.03,2.500,0.00,50.0
11517.00,-1771.63,23310.01,352.03,2.500,0.00,50.0
11518.00,-1771.97,23312.48,352.03,2.500,0.00,50.0
11519.00,-1772.32,23314.96,352.03,2.500,0.00,50.0
11520.00,-1772.67,23317.43,352.03,2.500,0.00,50.0
11521.00,-1773.01,23319.91,352.03,2.500,0.00,50.0
11522.00,-1773.36,23322.39,352.03,2.500,0.00,50.0
11523.00,-1773.71,23324.86,352.03,2.500,0.00,50.0
11524.00,-1774.05,23327.34,352.03,2.500,0.00,50.0
11525.00,-1774.40,23329.81,352.03,2.500,0.00,50.0
11526.00,-1774.75,23332.29,352.03,2.500,0.00,50.0
11527.00,-1775.09,23334.77,352.03,2.500,0.00,50.0
11528.00,-1775.44,23337.24,352.03,2.500,0.00,50.0
11529.00,-1775.79,23339.72,352.03,2.500,0.00,50.0
11530.00,-1776.13,23342.19,352.03,2.500,0.00,50.0
11531.00,-1776.48,23344.67,352.03,2.500,0.00,50.0
11532.00,-1776.83,23347.15,352.03,2.500,0.00,50.0
11533.00,-1777.17,23349.62,352.03,2.500,0.00,50.0
11534.00,-1777.52,23352.10,352.03,2.500,0.00,50.0
11535.00,-1777.87,23354.57,352.03,2.500,0.00,50.0
11536.00,-1778.21,23357.05,352.03,2.500,0.00,50.0
11537.00,-1778.56,23359.52,352.03,2.500,0.00,50.0
11538.00,-1778.91,23362.00,352.03,2.500,0.00,50.0
11539.00,-1779.25,23364.48,352.03,2.500,0.00,50.0
11540.00,-1779.60,23366.95,352.03,2.500,0.00,50.0
11541.00,-1779.95,23369.43,352.03,2.500,0.00,50.0
11542.00,-1780.29,23371.90,352.03,2.500,0.00,50.0
11543.00,-1780.64,23374.38,352.03,2.500,0.00,50.0
11544.00,-1780.99,23376.86,352.03,2.500,0.00,50.0
11545.00,-1781.33,23379.33,352.03,2.500,0.00,50.0
11546.00,-1781.68,23381.81,352.03,2.500,0.00,50.0
11547.00,-1782.03,23384.28,352.03,2.500,0.00,50.0
11548.00,-1782.37,23386.76,352.03,2.500,0.00,50.0
11549.00,-1782.72,23389.23,352.03,2.500,0.00,50.0
11550.00,-1783.07,23391.71,352.03,2.500,0.00,50.0
11551.00,-1783.41,23394.19,352.03,2.500,0.00,50.0
11552.00,-1783.76,23396.66,352.03,2.500,0.00,50.0
11553.00,-1784.11,23399.14,352.03,2.500,0.00,50.0
11554.00,-1784.45,23401.61,352.03,2.500,0.00,50.0
11555.00,-1784.80,23404.09,352.03,2.500,0.00,50.0
11556.00,-1785.15,23406.57,352.03,2.500,0.00,50.0
11557.00,-1785.49,23409.04,352.03,2.500,0.00,50.0
11558.00,-1785.84,23411.52,352.03,2.500,0.00,50.0
11559.00,-1786.19,23413.99,352.03,2.500,0.00,50.0
11560.00,-1786.53,23416.47,352.03,2.500,0.00,50.0
11561.00,-1786.88,23418.94,352.03,2.500,0.00,50.0
11562.00,-1787.23,23421.42,352.03,2.500,0.00,50.0
11563.00,-1787.57,23423.90,352.03,2.500,0.00,50.0
11564.00,-1787.92,23426.37,352.03,2.500,0.00,50.0
11565.00,-1788.27,23428.85,352.03,2.500,0.00,50.0
11566.00,-1788.61,23431.32,352.03,2.500,0.00,50.0
11567.00,-1788.96,23433.80,352.03,2.500,0.00,50.0
11568.00,-1789.31,23436.28,352.03,2.500,0.00,50.0
11569.00,-1789.65,23438.75,352.03,2.500,0.00,50.0
11570.00,-1790.00,23441.23,352.03,2.500,0.00,50.0
11571.00,-1790.35,23443.70,352.03,2.500,0.00,50.0
11572.00,-1790.69,23446.18,352.03,2.500,0.00,50.0
11573.00,-1791.04,23448.65,352.03,2.500,0.00,50.0
11574.00,-1791.39,23451.13,352.03,2.500,0.00,50.0
11575.00,-1791.73,23453.61,352.03,2.500,0.00,50.0
11576.00,-1792.08,23456.08,352.03,2.500,0.00,50.0
11577.00,-1792.43,23458.56,352.03,2.500,0.00,50.0
11578.00,-1792.77,23461.03,352.03,2.500,0.00,50.0
11579.00,-1793.12,23463.51,352.03,2.500,0.00,50.0
11580.00,-1793.47,23465.99,352.03,2.500,0.00,50.0
11581.00,-1793.81,23468.46,352.03,2.500,0.00,50.0
11582.00,-1794.16,23470.94,352.03,2.500,0.00,50.0
11583.00,-1794.51,23473.41,352.03,2.500,0.00,50.0
11584.00,-1794.85,23475.89,352.03,2.500,0.00,50.0
11585.00,-1795.20,23478.36,352.03,2.500,0.00,50.0
11586.00,-1795.55,23480.84,352.03,2.500,0.00,50.0
11587.00,-1795.89,23483.32,352.03,2.500,0.00,50.0
11588.00,-1796.24,23485.79,352.03,2.500,0.00,50.0
11589.00,-1796.59,23488.27,352.03,2.500,0.00,50.0
11590.00,-1796.93,23490.74,352.03,2.500,0.00,50.0
11591.00,-1797.28,23493.22,352.03,2.500,0.00,50.0
11592.00,-1797.63,23495.70,352.03,2.500,0.00,50.0
11593.00,-1797.97,23498.17,352.03,2.500,0.00,50.0
11594.00,-1798.32,23500.65,352.03,2.500,0.00,50.0
11595.00,-1798.67,23503.12,352.03,2.500,0.00,50.0
11596.00,-1799.01,23505.60,352.03,2.500,0.00,50.0
11597.00,-1799.36,23508.07,352.03,2.500,0.00,50.0
11598.00,-1799.71,23510.55,352.03,2.500,0.00,50.0
11599.00,-1800.05,23513.03,352.03,2.500,0.00,50.0
11600.00,-1800.40,23515.50,352.03,2.500,0.00,50.0
11601.00,-1800.75,23517.98,352.03,2.500,0.00,50.0
11602.00,-1801.09,23520.45,352.03,2.500,0.00,50.0
11603.00,-1801.44,23522.93,352.03,2.500,0.00,50.0
11604.00,-1801.79,23525.41,352.03,2.500,0.00,50.0
11605.00,-1802.13,23527.88,352.03,2.500,0.00,50.0
11606.00,-1802.48,23530.36,352.03,2.500,0.00,50.0
11607.00,-1802.83,23532.83,352.03,2.500,0.00,50.0
11608.00,-1803.17,23535.31,352.03,2.500,0.00,50.0
11609.00,-1803.52,23537.79,352.03,2.500,0.00,50.0
11610.00,-1803.87,23540.26,352.03,2.500,0.00,50.0
11611.00,-1804.21,23542.74,352.03,2.500,0.00,50.0
11612.00,-1804.56,23545.21,352.03,2.500,0.00,50.0
11613.00,-1804.91,23547.69,352.03,2.500,0.00,50.0
11614.00,-1805.25,23550.16,352.03,2.500,0.00,50.0
11615.00,-1805.60,23552.64,352.03,2.500,0.00,50.0
11616.00,-1805.95,23555.12,352.03,2.500,0.00,50.0
11617.00,-1806.29,23557.59,352.03,2.500,0.00,50.0
11618.00,-1806.64,23560.07,352.03,2.500,0.00,50.0
11619.00,-1806.99,23562.54,352.03,2.500,0.00,50.0
11620.00,-1807.34,23565.02,352.03,2.500,0.00,50.0
11621.00,-1807.68,23567.50,352.03,2.500,0.00,50.0
11622.00,-1808.03,23569.97,352.03,2.500,0.00,50.0
11623.00,-1808.38,23572.45,352.03,2.500,0.00,50.0
11624.00,-1808.72,23574.92,352.03,2.500,0.00,50.0
11625.00,-1809.07,23577.40,352.03,2.500,0.00,50.0
11626.00,-1809.42,23579.87,352.03,2.500,0.00,50.0
11627.00,-1809.76,23582.35,352.03,2.500,0.00,50.0
11628.00,-1810.11,23584.83,352.03,2.500,0.00,50.0
11629.00,-1810.46,23587.30,352.03,2.500,0.00,50.0
11630.00,-1810.80,23589.78,352.03,2.500,0.00,50.0
11631.00,-1811.15,23592.25,352.03,2.500,0.00,50.0
11632.00,-1811.50,23594.73,352.03,2.500,0.00,50.0
11633.00,-1811.84,23597.21,352.03,2.500,0.00,50.0
11634.00,-1812.19,23599.68,352.03,2.500,0.00,50.0
11635.00,-1812.54,23602.16,352.03,2.500,0.00,50.0
11636.00,-1812.88,23604.63,352.03,2.500,0.00,50.0
11637.00,-1813.23,23607.11,352.03,2.500,0.00,50.0
11638.00,-1813.58,23609.58,352.03,2.500,0.00,50.0
11639.00,-1813.92,23612.06,352.03,2.500,0.00,50.0
11640.00,-1814.27,23614.54,352.03,2.500,0.00,50.0
11641.00,-1814.62,23617.01,352.03,2.500,0.00,50.0
11642.00,-1814.96,23619.49,352.03,2.500,0.00,50.0
11643.00,-1815.31,23621.96,352.03,2.500,0.00,50.0
11644.00,-1815.66,23624.44,352.03,2.500,0.00,50.0
11645.00,-1816.00,23626.92,352.03,2.500,0.00,50.0
11646.00,-1816.35,23629.39,352.03,2.500,0.00,50.0
11647.00,-1816.70,23631.87,352.03,2.500,0.00,50.0
11648.00,-1817.04,23634.34,352.03,2.500,0.00,50.0
11649.00,-1817.39,23636.82,352.03,2.500,0.00,50.0
11650.00,-1817.74,23639.29,352.03,2.500,0.00,50.0
11651.00,-1818.08,23641.77,352.03,2.500,0.00,50.0
11652.00,-1818.43,23644.25,352.03,2.500,0.00,50.0
11653.00,-1818.78,23646.72,352.03,2.500,0.00,50.0
11654.00,-1819.12,23649.20,352.03,2.500,0.00,50.0
11655.00,-1819.47,23651.67,352.03,2.500,0.00,50.0
11656.00,-1819.82,23654.15,352.03,2.500,0.00,50.0
11657.00,-1820.16,23656.63,352.03,2.500,0.00,50.0
11658.00,-1820.51,23659.10,352.03,2.500,0.00,50.0
11659.00,-1820.86,23661.58,352.03,2.500,0.00,50.0
11660.00,-1821.20,23664.05,352.03,2.500,0.00,50.0
11661.00,-1821.55,23666.53,352.03,2.500,0.00,50.0
11662.00,-1821.90,23669.00,352.03,2.500,0.00,50.0
11663.00,-1822.24,23671.48,352.03,2.500,0.00,50.0
11664.00,-1822.59,23673.96,352.03,2.500,0.00,50.0
11665.00,-1822.94,23676.43,352.03,2.500,0.00,50.0
11666.00,-1823.28,23678.91,352.03,2.500,0.00,50.0
11667.00,-1823.63,23681.38,352.03,2.500,0.00,50.0
11668.00,-1823.98,23683.86,352.03,2.500,0.00,50.0
11669.00,-1824.32,23686.34,352.03,2.500,0.00,50.0
11670.00,-1824.67,23688.81,352.03,2.500,0.00,50.0
11671.00,-1825.02,23691.29,352.03,2.500,0.00,50.0
11672.00,-1825.36,23693.76,352.03,2.500,0.00,50.0
11673.00,-1825.71,23696.24,352.03,2.500,0.00,50.0
11674.00,-1826.06,23698.71,352.03,2.500,0.00,50.0
11675.00,-1826.40,23701.19,352.03,2.500,0.00,50.0
11676.00,-1826.75,23703.67,352.03,2.500,0.00,50.0
11677.00,-1827.10,23706.14,352.03,2.500,0.00,50.0
11678.00,-1827.44,23708.62,352.03,2.500,0.00,50.0
11679.00,-1827.79,23711.09,352.03,2.500,0.00,50.0
11680.00,-1828.14,23713.57,352.03,2.500,0.00,50.0
11681.00,-1828.48,23716.05,352.03,2.500,0.00,50.0
11682.00,-1828.83,23718.52,352.03,2.500,0.00,50.0
11683.00,-1829.18,23721.00,352.03,2.500,0.00,50.0
11684.00,-1829.52,23723.47,352.03,2.500,0.00,50.0
11685.00,-1829.87,23725.95,352.03,2.500,0.00,50.0
11686.00,-1830.22,23728.42,352.03,2.500,0.00,50.0
11687.00,-1830.56,23730.90,352.03,2.500,0.00,50.0
11688.00,-1830.91,23733.38,352.03,2.500,0.00,50.0
11689.00,-1831.26,23735.85,352.03,2.500,0.00,50.0
11690.00,-1831.60,23738.33,352.03,2.500,0.00,50.0
11691.00,-1831.95,23740.80,352.03,2.500,0.00,50.0
11692.00,-1832.30,23743.28,352.03,2.500,0.00,50.0
11693.00,-1832.64,23745.76,352.03,2.500,0.00,50.0
11694.00,-1832.99,23748.23,352.03,2.500,0.00,50.0
11695.00,-1833.34,23750.71,352.03,2.500,0.00,50.0
11696.00,-1833.68,23753.18,352.03,2.500,0.00,50.0
11697.00,-1834.03,23755.66,352.03,2.500,0.00,50.0
11698.00,-1834.38,23758.14,352.03,2.500,0.00,50.0
11699.00,-1834.72,23760.61,352.03,2.500,0.00,50.0
11700.00,-1835.07,23763.09,352.03,2.500,0.00,50.0
11701.00,-1835.42,23765.56,352.03,2.500,0.00,50.0
11702.00,-1835.76,23768.04,352.03,2.500,0.00,50.0
11703.00,-1836.11,23770.51,352.03,2.500,0.00,50.0
11704.00,-1836.46,23772.99,352.03,2.500,0.00,50.0
11705.00,-1836.80,23775.47,352.03,2.500,0.00,50.0
11706.00,-1837.15,23777.94,352.03,2.500,0.00,50.0
11707.00,-1837.50,23780.42,352.03,2.500,0.00,50.0
11708.00,-1837.84,23782.89,352.03,2.500,0.00,50.0
11709.00,-1838.19,23785.37,352.03,2.500,0.00,50.0
11710.00,-1838.54,23787.85,352.03,2.500,0.00,50.0
11711.00,-1838.88,23790.32,352.03,2.500,0.00,50.0
11712.00,-1839.23,23792.80,352.03,2.500,0.00,50.0
11713.00,-1839.58,23795.27,352.03,2.500,0.00,50.0
11714.00,-1839.92,23797.75,352.03,2.500,0.00,50.0
11715.00,-1840.27,23800.22,352.03,2.500,0.00,50.0
11716.00,-1840.62,23802.70,352.03,2.500,0.00,50.0
11717.00,-1840.96,23805.18,352.03,2.500,0.00,50.0
11718.00,-1841.31,23807.65,352.03,2.500,0.00,50.0
11719.00,-1841.66,23810.13,352.03,2.500,0.00,50.0
11720.00,-1842.00,23812.60,352.03,2.500,0.00,50.0
11721.00,-1842.35,23815.08,352.03,2.500,0.00,50.0
11722.00,-1842.70,23817.56,352.03,2.500,0.00,50.0
11723.00,-1843.04,23820.03,352.03,2.500,0.00,50.0
11724.00,-1843.39,23822.51,352.03,2.500,0.00,50.0
11725.00,-1843.74,23824.98,352.03,2.500,0.00,50.0
11726.00,-1844.09,23827.46,352.03,2.500,0.00,50.0
11727.00,-1844.43,23829.93,352.03,2.500,0.00,50.0
11728.00,-1844.78,23832.41,352.03,2.500,0.00,50.0
11729.00,-1845.13,23834.89,352.03,2.500,0.00,50.0
11730.00,-1845.47,23837.36,352.03,2.500,0.00,50.0
11731.00,-1845.82,23839.84,352.03,2.500,0.00,50.0
11732.00,-1846.17,23842.31,352.03,2.500,0.00,50.0
11733.00,-1846.51,23844.79,352.03,2.500,0.00,50.0
11734.00,-1846.86,23847.27,352.03,2.500,0.00,50.0
11735.00,-1847.21,23849.74,352.03,2.500,0.00,50.0
11736.00,-1847.55,23852.22,352.03,2.500,0.00,50.0
11737.00,-1847.90,23854.69,352.03,2.500,0.00,50.0
11738.00,-1848.25,23857.17,352.03,2.500,0.00,50.0
11739.00,-1848.59,23859.64,352.03,2.500,0.00,50.0
11740.00,-1848.94,23862.12,352.03,2.500,0.00,50.0
11741.00,-1849.29,23864.60,352.03,2.500,0.00,50.0
11742.00,-1849.63,23867.07,352.03,2.500,0.00,50.0
11743.00,-1849.98,23869.55,352.03,2.500,0.00,50.0
11744.00,-1850.33,23872.02,352.03,2.500,0.00,50.0
11745.00,-1850.67,23874.50,352.03,2.500,0.00,50.0
11746.00,-1851.02,23876.98,352.03,2.500,0.00,50.0
11747.00,-1851.37,23879.45,352.03,2.500,0.00,50.0
11748.00,-1851.71,23881.93,352.03,2.500,0.00,50.0
11749.00,-1852.06,23884.40,352.03,2.500,0.00,50.0
11750.00,-1852.41,23886.88,352.03,2.500,0.00,50.0
11751.00,-1852.75,23889.35,352.03,2.500,0.00,50.0
11752.00,-1853.10,23891.83,352.03,2.500,0.00,50.0
11753.00,-1853.45,23894.31,352.03,2.500,0.00,50.0
11754.00,-1853.79,23896.78,352.03,2.500,0.00,50.0
11755.00,-1854.14,23899.26,352.03,2.500,0.00,50.0
11756.00,-1854.49,23901.73,352.03,2.500,0.00,50.0
11757.00,-1854.83,23904.21,352.03,2.500,0.00,50.0
11758.00,-1855.18,23906.69,352.03,2.500,0.00,50.0
11759.00,-1855.53,23909.16,352.03,2.500,0.00,50.0
11760.00,-1855.87,23911.64,352.03,2.500,0.00,50.0
11761.00,-1856.22,23914.11,352.03,2.500,0.00,50.0
11762.00,-1856.57,23916.59,352.03,2.500,0.00,50.0
11763.00,-1856.91,23919.06,352.03,2.500,0.00,50.0
11764.00,-1857.26,23921.54,352.03,2.500,0.00,50.0
11765.00,-1857.61,23924.02,352.03,2.500,0.00,50.0
11766.00,-1857.95,23926.49,352.03,2.500,0.00,50.0
11767.00,-1858.30,23928.97,352.03,2.500,0.00,50.0
11768.00,-1858.65,23931.44,352.03,2.500,0.00,50.0
11769.00,-1858.99,23933.92,352.03,2.500,0.00,50.0
11770.00,-1859.34,23936.40,352.03,2.500,0.00,50.0
11771.00,-1859.69,23938.87,352.03,2.500,0.00,50.0
11772.00,-1860.03,23941.35,352.03,2.500,0.00,50.0
11773.00,-1860.38,23943.82,352.03,2.500,0.00,50.0
11774.00,-1860.73,23946.30,352.03,2.500,0.00,50.0
11775.00,-1861.07,23948.78,352.03,2.500,0.00,50.0
11776.00,-1861.42,23951.25,352.03,2.500,0.00,50.0
11777.00,-1861.77,23953.73,352.03,2.500,0.00,50.0
11778.00,-1862.11,23956.20,352.03,2.500,0.00,50.0
11779.00,-1862.46,23958.68,352.03,2.500,0.00,50.0
11780.00,-1862.81,23961.15,352.03,2.500,0.00,50.0
11781.00,-1863.15,23963.63,352.03,2.500,0.00,50.0
11782.00,-1863.50,23966.11,352.03,2.500,0.00,50.0
11783.00,-1863.85,23968.58,352.03,2.500,0.00,50.0
11784.00,-1864.19,23971.06,352.03,2.500,0.00,50.0
11785.00,-1864.54,23973.53,352.03,2.500,0.00,50.0
11786.00,-1864.89,23976.01,352.03,2.500,0.00,50.0
11787.00,-1865.23,23978.49,352.03,2.500,0.00,50.0
11788.00,-1865.58,23980.96,352.03,2.500,0.00,50.0
11789.00,-1865.93,23983.44,352.03,2.500,0.00,50.0
11790.00,-1866.27,23985.91,352.03,2.500,0.00,50.0
11791.00,-1866.62,23988.39,352.03,2.500,0.00,50.0
11792.00,-1866.97,23990.86,352.03,2.500,0.00,50.0
11793.00,-1867.31,23993.34,352.03,2.500,0.00,50.0
11794.00,-1867.66,23995.82,352.03,2.500,0.00,50.0
11795.00,-1868.01,23998.29,352.03,2.500,0.00,50.0
11796.00,-1868.35,24000.77,352.03,2.500,0.00,50.0
11797.00,-1868.70,24003.24,352.03,2.500,0.00,50.0
11798.00,-1869.05,24005.72,352.03,2.500,0.00,50.0
11799.00,-1869.39,24008.20,352.03,2.500,0.00,50.0
11800.00,-1869.74,24010.67,352.03,2.500,0.00,50.0
11801.00,-1870.09,24013.15,352.03,2.500,0.00,50.0
11802.00,-1870.43,24015.62,352.03,2.500,0.00,50.0
11803.00,-1870.78,24018.10,352.03,2.500,0.00,50.0
11804.00,-1871.13,24020.57,352.03,2.500,0.00,50.0
11805.00,-1871.47,24023.05,352.03,2.500,0.00,50.0
11806.00,-1871.82,24025.53,352.03,2.500,0.00,50.0
11807.00,-1872.17,24028.00,352.03,2.500,0.00,50.0
11808.00,-1872.51,24030.48,352.03,2.500,0.00,50.0
11809.00,-1872.86,24032.95,352.03,2.500,0.00,50.0
11810.00,-1873.21,24035.43,352.03,2.500,0.00,50.0
11811.00,-1873.55,24037.91,352.03,2.500,0.00,50.0
11812.00,-1873.90,24040.38,352.03,2.500,0.00,50.0
11813.00,-1874.25,24042.86,352.03,2.500,0.00,50.0
11814.00,-1874.59,24045.33,352.03,2.500,0.00,50.0
11815.00,-1874.94,24047.81,352.03,2.500,0.00,50.0
11816.00,-1875.29,24050.28,352.03,2.500,0.00,50.0
11817.00,-1875.63,24052.76,352.03,2.500,0.00,50.0
11818.00,-1875.98,24055.24,352.03,2.500,0.00,50.0
11819.00,-1876.33,24057.71,352.03,2.500,0.00,50.0
11820.00,-1876.67,24060.19,352.03,2.500,0.00,50.0
11821.00,-1877.02,24062.66,352.03,2.500,0.00,50.0
11822.00,-1877.37,24065.14,352.03,2.500,0.00,50.0
11823.00,-1877.71,24067.62,352.03,2.500,0.00,50.0
11824.00,-1878.06,24070.09,352.03,2.500,0.00,50.0
11825.00,-1878.41,24072.57,352.03,2.500,0.00,50.0
11826.00,-1878.75,24075.04,352.03,2.500,0.00,50.0
11827.00,-1879.10,24077.52,352.03,2.500,0.00,50.0
11828.00,-1879.45,24079.99,352.03,2.500,0.00,50.0
11829.00,-1879.79,24082.47,352.03,2.500,0.00,50.0
11830.00,-1880.14,24084.95,352.03,2.500,0.00,50.0
11831.00,-1880.49,24087.42,352.03,2.500,0.00,50.0
11832.00,-1880.84,24089.90,352.03,2.500,0.00,50.0
11833.00,-1881.18,24092.37,352.03,2.500,0.00,50.0
11834.00,-1881.53,24094.85,352.03,2.500,0.00,50.0
11835.00,-1881.88,24097.33,352.03,2.500,0.00,50.0
11836.00,-1882.22,24099.80,352.03,2.500,0.00,50.0
11837.00,-1882.57,24102.28,352.03,2.500,0.00,50.0
11838.00,-1882.92,24104.75,352.03,2.500,0.00,50.0
11839.00,-1883.26,24107.23,352.03,2.500,0.00,50.0
11840.00,-1883.61,24109.70,352.03,2.500,0.00,50.0
11841.00,-1883.96,24112.18,352.03,2.500,0.00,50.0
11842.00,-1884.30,24114.66,352.03,2.500,0.00,50.0
11843.00,-1884.65,24117.13,352.03,2.500,0.00,50.0
11844.00,-1885.00,24119.61,352.03,2.500,0.00,50.0
11845.00,-1885.34,24122.08,352.03,2.500,0.00,50.0
11846.00,-1885.69,24124.56,352.03,2.500,0.00,50.0
11847.00,-1886.04,24127.04,352.03,2.500,0.00,50.0
11848.00,-1886.38,24129.51,352.03,2.500,0.00,50.0
11849.00,-1886.73,24131.99,352.03,2.500,0.00,50.0
11850.00,-1887.08,24134.46,352.03,2.500,0.00,50.0
11851.00,-1887.42,24136.94,352.03,2.500,0.00,50.0
11852.00,-1887.77,24139.41,352.03,2.500,0.00,50.0
11853.00,-1888.12,24141.89,352.03,2.500,0.00,50.0
11854.00,-1888.46,24144.37,352.03,2.500,0.00,50.0
11855.00,-1888.81,24146.84,352.03,2.500,0.00,50.0
11856.00,-1889.16,24149.32,352.03,2.500,0.00,50.0
11857.00,-1889.50,24151.79,352.03,2.500,0.00,50.0
11858.00,-1889.85,24154.27,352.03,2.500,0.00,50.0
11859.00,-1890.20,24156.75,352.03,2.500,0.00,50.0
11860.00,-1890.54,24159.22,352.03,2.500,0.00,50.0
11861.00,-1890.89,24161.70,352.03,2.500,0.00,50.0
11862.00,-1891.24,24164.17,352.03,2.500,0.00,50.0
11863.00,-1891.58,24166.65,352.03,2.500,0.00,50.0
11864.00,-1891.93,24169.13,352.03,2.500,0.00,50.0
11865.00,-1892.28,24171.60,352.03,2.500,0.00,50.0
11866.00,-1892.62,24174.08,352.03,2.500,0.00,50.0
11867.00,-1892.97,24176.55,352.03,2.500,0.00,50.0
11868.00,-1893.32,24179.03,352.03,2.500,0.00,50.0
11869.00,-1893.66,24181.50,352.03,2.500,0.00,50.0
11870.00,-1894.01,24183.98,352.03,2.500,0.00,50.0
11871.00,-1894.36,24186.46,352.03,2.500,0.00,50.0
11872.00,-1894.70,24188.93,352.03,2.500,0.00,50.0
11873.00,-1895.05,24191.41,352.03,2.500,0.00,50.0
11874.00,-1895.40,24193.88,352.03,2.500,0.00,50.0
11875.00,-1895.74,24196.36,352.03,2.500,0.00,50.0
11876.00,-1896.09,24198.84,352.03,2.500,0.00,50.0
11877.00,-1896.44,24201.31,352.03,2.500,0.00,50.0
11878.00,-1896.78,24203.79,352.03,2.500,0.00,50.0
11879.00,-1897.13,24206.26,352.03,2.500,0.00,50.0
11880.00,-1897.48,24208.74,352.03,2.500,0.00,50.0
11881.00,-1897.82,24211.21,352.03,2.500,0.00,50.0
11882.00,-1898.17,24213.69,352.03,2.500,0.00,50.0
11883.00,-1898.52,24216.17,352.03,2.500,0.00,50.0
11884.00,-1898.86,24218.64,352.03,2.500,0.00,50.0
11885.00,-1899.21,24221.12,352.03,2.500,0.00,50.0
11886.00,-1899.56,24223.59,352.03,2.500,0.00,50.0
11887.00,-1899.90,24226.07,352.03,2.500,0.00,50.0
11888.00,-1900.25,24228.55,352.03,2.500,0.00,50.0
11889.00,-1900.60,24231.02,352.03,2.500,0.00,50.0
11890.00,-1900.94,24233.50,352.03,2.500,0.00,50.0
11891.00,-1901.29,24235.97,352.03,2.500,0.00,50.0
11892.00,-1901.64,24238.45,352.03,2.500,0.00,50.0
11893.00,-1901.98,24240.92,352.03,2.500,0.00,50.0
11894.00,-1902.33,24243.40,352.03,2.500,0.00,50.0
11895.00,-1902.68,24245.88,352.03,2.500,0.00,50.0
11896.00,-1903.02,24248.35,352.03,2.500,0.00,50.0
11897.00,-1903.37,24250.83,352.03,2.500,0.00,50.0
11898.00,-1903.72,24253.30,352.03,2.500,0.00,50.0
11899.00,-1904.06,24255.78,352.03,2.500,0.00,50.0
11900.00,-1904.41,24258.26,352.03,2.500,0.00,50.0
11901.00,-1904.76,24260.73,352.03,2.500,0.00,50.0
11902.00,-1905.10,24263.21,352.03,2.500,0.00,50.0
11903.00,-1905.45,24265.68,352.03,2.500,0.00,50.0
11904.00,-1905.80,24268.16,352.03,2.500,0.00,50.0
11905.00,-1906.14,24270.63,352.03,2.500,0.00,50.0
11906.00,-1906.49,24273.11,352.03,2.500,0.00,50.0
11907.00,-1906.84,24275.59,352.03,2.500,0.00,50.0
11908.00,-1907.18,24278.06,352.03,2.500,0.00,50.0
11909.00,-1907.53,24280.54,352.03,2.500,0.00,50.0
11910.00,-1907.88,24283.01,352.03,2.500,0.00,50.0
11911.00,-1908.22,24285.49,352.03,2.500,0.00,50.0
11912.00,-1908.57,24287.97,352.03,2.500,0.00,50.0
11913.00,-1908.92,24290.44,352.03,2.500,0.00,50.0
11914.00,-1909.26,24292.92,352.03,2.500,0.00,50.0
11915.00,-1909.61,24295.39,352.03,2.500,0.00,50.0
11916.00,-1909.96,24297.87,352.03,2.500,0.00,50.0
11917.00,-1910.30,24300.34,352.03,2.500,0.00,50.0
11918.00,-1910.65,24302.82,352.03,2.500,0.00,50.0
11919.00,-1911.00,24305.30,352.03,2.500,0.00,50.0
11920.00,-1911.34,24307.77,352.03,2.500,0.00,50.0
11921.00,-1911.69,24310.25,352.03,2.500,0.00,50.0
11922.00,-1912.04,24312.72,352.03,2.500,0.00,50.0
11923.00,-1912.38,24315.20,352.03,2.500,0.00,50.0
11924.00,-1912.73,24317.68,352.03,2.500,0.00,50.0
11925.00,-1913.08,24320.15,352.03,2.500,0.00,50.0
11926.00,-1913.42,24322.63,352.03,2.500,0.00,50.0
11927.00,-1913.77,24325.10,352.03,2.500,0.00,50.0
11928.00,-1914.12,24327.58,352.03,2.500,0.00,50.0
11929.00,-1914.46,24330.05,352.03,2.500,0.00,50.0
11930.00,-1914.81,24332.53,352.03,2.500,0.00,50.0
11931.00,-1915.16,24335.01,352.03,2.500,0.00,50.0
11932.00,-1915.50,24337.48,352.03,2.500,0.00,50.0
11933.00,-1915.85,24339.96,352.03,2.500,0.00,50.0
11934.00,-1916.20,24342.43,352.03,2.500,0.00,50.0
11935.00,-1916.54,24344.91,352.03,2.500,0.00,50.0
11936.00,-1916.89,24347.39,352.03,2.500,0.00,50.0
11937.00,-1917.24,24349.86,352.03,2.500,0.00,50.0
11938.00,-1917.59,24352.34,352.03,2.500,0.00,50.0
11939.00,-1917.93,24354.81,352.03,2.500,0.00,50.0
11940.00,-1918.28,24357.29,352.03,2.500,0.00,50.0
11941.00,-1918.63,24359.77,352.03,2.500,0.00,50.0
11942.00,-1918.97,24362.24,352.03,2.500,0.00,50.0
11943.00,-1919.32,24364.72,352.03,2.500,0.00,50.0
11944.00,-1919.67,24367.19,352.03,2.500,0.00,50.0
11945.00,-1920.01,24369.67,352.03,2.500,0.00,50.0
11946.00,-1920.36,24372.14,352.03,2.500,0.00,50.0
11947.00,-1920.71,24374.62,352.03,2.500,0.00,50.0
11948.00,-1921.05,24377.10,352.03,2.500,0.00,50.0
11949.00,-1921.40,24379.57,352.03,2.500,0.00,50.0
11950.00,-1921.75,24382.05,352.03,2.500,0.00,50.0
11951.00,-1922.09,24384.52,352.03,2.500,0.00,50.0
11952.00,-1922.44,24387.00,352.03,2.500,0.00,50.0
11953.00,-1922.79,24389.48,352.03,2.500,0.00,50.0
11954.00,-1923.13,24391.95,352.03,2.500,0.00,50.0
11955.00,-1923.48,24394.43,352.03,2.500,0.00,50.0
11956.00,-1923.83,24396.90,352.03,2.500,0.00,50.0
11957.00,-1924.17,24399.38,352.03,2.500,0.00,50.0
11958.00,-1924.52,24401.85,352.03,2.500,0.00,50.0
11959.00,-1924.87,24404.33,352.03,2.500,0.00,50.0
11960.00,-1925.21,24406.81,352.03,2.500,0.00,50.0
11961.00,-1925.56,24409.28,352.03,2.500,0.00,50.0
11962.00,-1925.91,24411.76,352.03,2.500,0.00,50.0
11963.00,-1926.25,24414.23,352.03,2.500,0.00,50.0
11964.00,-1926.60,24416.71,352.03,2.500,0.00,50.0
11965.00,-1926.95,24419.19,352.03,2.500,0.00,50.0
11966.00,-1927.29,24421.66,352.03,2.500,0.00,50.0
11967.00,-1927.64,24424.14,352.03,2.500,0.00,50.0
11968.00,-1927.99,24426.61,352.03,2.500,0.00,50.0
11969.00,-1928.33,24429.09,352.03,2.500,0.00,50.0
11970.00,-1928.68,24431.56,352.03,2.500,0.00,50.0
11971.00,-1929.03,24434.04,352.03,2.500,0.00,50.0
11972.00,-1929.37,24436.52,352.03,2.500,0.00,50.0
11973.00,-1929.72,24438.99,352.03,2.500,0.00,50.0
11974.00,-1930.07,24441.47,352.03,2.500,0.00,50.0
11975.00,-1930.41,24443.94,352.03,2.500,0.00,50.0
11976.00,-1930.76,24446.42,352.03,2.500,0.00,50.0
11977.00,-1931.11,24448.90,352.03,2.500,0.00,50.0
11978.00,-1931.45,24451.37,352.03,2.500,0.00,50.0
11979.00,-1931.80,24453.85,352.03,2.500,0.00,50.0
11980.00,-1932.15,24456.32,352.03,2.500,0.00,50.0
11981.00,-1932.49,24458.80,352.03,2.500,0.00,50.0
11982.00,-1932.84,24461.27,352.03,2.500,0.00,50.0
11983.00,-1933.19,24463.75,352.03,2.500,0.00,50.0
11984.00,-1933.53,24466.23,352.03,2.500,0.00,50.0
11985.00,-1933.88,24468.70,352.03,2.500,0.00,50.0
11986.00,-1934.23,24471.18,352.03,2.500,0.00,50.0
11987.00,-1934.57,24473.65,352.03,2.500,0.00,50.0
11988.00,-1934.92,24476.13,352.03,2.500,0.00,50.0
11989.00,-1935.27,24478.61,352.03,2.500,0.00,50.0
11990.00,-1935.61,24481.08,352.03,2.500,0.00,50.0
11991.00,-1935.96,24483.56,352.03,2.500,0.00,50.0
11992.00,-1936.31,24486.03,352.03,2.500,0.00,50.0
11993.00,-1936.65,24488.51,352.03,2.500,0.00,50.0
11994.00,-1937.00,24490.98,352.03,2.500,0.00,50.0
11995.00,-1937.35,24493.46,352.03,2.500,0.00,50.0
11996.00,-1937.69,24495.94,352.03,2.500,0.00,50.0
11997.00,-1938.04,24498.41,352.03,2.500,0.00,50.0
11998.00,-1938.39,24500.89,352.03,2.500,0.00,50.0
11999.00,-1938.73,24503.36,352.03,2.500,0.00,50.0
12000.00,-1939.08,24505.84,352.03,2.500,0.00,50.0
12001.00,-1939.43,24508.32,352.03,2.500,0.00,50.0
12002.00,-1939.77,24510.79,352.03,2.500,0.00,50.0
12003.00,-1940.12,24513.27,352.03,2.500,0.00,50.0
12004.00,-1940.47,24515.74,352.03,2.500,0.00,50.0
12005.00,-1940.81,24518.22,352.03,2.500,0.00,50.0
12006.00,-1941.16,24520.69,352.03,2.500,0.00,50.0
12007.00,-1941.51,24523.17,352.03,2.500,0.00,50.0
12008.00,-1941.85,24525.65,352.03,2.500,0.00,50.0
12009.00,-1942.20,24528.12,352.03,2.500,0.00,50.0
12010.00,-1942.55,24530.60,352.03,2.500,0.00,50.0
12011.00,-1942.89,24533.07,352.03,2.500,0.00,50.0
12012.00,-1943.24,24535.55,352.03,2.500,0.00,50.0
12013.00,-1943.59,24538.03,352.03,2.500,0.00,50.0
12014.00,-1943.93,24540.50,352.03,2.500,0.00,50.0
12015.00,-1944.28,24542.98,352.03,2.500,0.00,50.0
12016.00,-1944.63,24545.45,352.03,2.500,0.00,50.0
12017.00,-1944.97,24547.93,352.03,2.500,0.00,50.0
12018.00,-1945.32,24550.40,352.03,2.500,0.00,50.0
12019.00,-1945.67,24552.88,352.03,2.500,0.00,50.0
12020.00,-1946.01,24555.36,352.03,2.500,0.00,50.0
12021.00,-1946.36,24557.83,352.03,2.500,0.00,50.0
12022.00,-1946.71,24560.31,352.03,2.500,0.00,50.0
12023.00,-1947.05,24562.78,352.03,2.500,0.00,50.0
12024.00,-1947.40,24565.26,352.03,2.500,0.00,50.0
12025.00,-1947.75,24567.74,352.03,2.500,0.00,50.0
12026.00,-1948.09,24570.21,352.03,2.500,0.00,50.0
12027.00,-1948.44,24572.69,352.03,2.500,0.00,50.0
12028.00,-1948.79,24575.16,352.03,2.500,0.00,50.0
12029.00,-1949.13,24577.64,352.03,2.500,0.00,50.0
12030.00,-1949.48,24580.12,352.03,2.500,0.00,50.0
12031.00,-1949.83,24582.59,352.03,2.500,0.00,50.0
12032.00,-1950.17,24585.07,352.03,2.500,0.00,50.0
12033.00,-1950.52,24587.54,352.03,2.500,0.00,50.0
12034.00,-1950.87,24590.02,352.03,2.500,0.00,50.0
12035.00,-1951.21,24592.49,352.03,2.500,0.00,50.0
12036.00,-1951.56,24594.97,352.03,2.500,0.00,50.0
12037.00,-1951.91,24597.45,352.03,2.500,0.00,50.0
12038.00,-1952.25,24599.92,352.03,2.500,0.00,50.0
12039.00,-1952.60,24602.40,352.03,2.500,0.00,50.0
12040.00,-1952.95,24604.87,352.03,2.500,0.00,50.0
12041.00,-1953.29,24607.35,352.03,2.500,0.00,50.0
12042.00,-1953.64,24609.83,352.03,2.500,0.00,50.0
12043.00,-1953.99,24612.30,352.03,2.500,0.00,50.0
12044.00,-1954.34,24614.78,352.03,2.500,0.00,50.0
12045.00,-1954.68,24617.25,352.03,2.500,0.00,50.0
12046.00,-1955.03,24619.73,352.03,2.500,0.00,50.0
12047.00,-1955.38,24622.20,352.03,2.500,0.00,50.0
12048.00,-1955.72,24624.68,352.03,2.500,0.00,50.0
12049.00,-1956.07,24627.16,352.03,2.500,0.00,50.0
12050.00,-1956.42,24629.63,352.03,2.500,0.00,50.0
12051.00,-1956.76,24632.11,352.03,2.500,0.00,50.0
12052.00,-1957.11,24634.58,352.03,2.500,0.00,50.0
12053.00,-1957.46,24637.06,352.03,2.500,0.00,50.0
12054.00,-1957.80,24639.54,352.03,2.500,0.00,50.0
12055.00,-1958.15,24642.01,352.03,2.500,0.00,50.0
12056.00,-1958.50,24644.49,352.03,2.500,0.00,50.0
12057.00,-1958.84,24646.96,352.03,2.500,0.00,50.0
12058.00,-1959.19,24649.44,352.03,2.500,0.00,50.0
12059.00,-1959.54,24651.91,352.03,2.500,0.00,50.0
12060.00,-1959.88,24654.39,352.03,2.500,0.00,50.0
12061.00,-1960.23,24656.87,352.03,2.500,0.00,50.0
12062.00,-1960.58,24659.34,352.03,2.500,0.00,50.0
12063.00,-1960.92,24661.82,352.03,2.500,0.00,50.0
12064.00,-1961.27,24664.29,352.03,2.500,0.00,50.0
12065.00,-1961.62,24666.77,352.03,2.500,0.00,50.0
12066.00,-1961.96,24669.25,352.03,2.500,0.00,50.0
12067.00,-1962.31,24671.72,352.03,2.500,0.00,50.0
12068.00,-1962.66,24674.20,352.03,2.500,0.00,50.0
12069.00,-1963.00,24676.67,352.03,2.500,0.00,50.0
12070.00,-1963.35,24679.15,352.03,2.500,0.00,50.0
12071.00,-1963.70,24681.62,352.03,2.500,0.00,50.0
12072.00,-1964.04,24684.10,352.03,2.500,0.00,50.0
12073.00,-1964.39,24686.58,352.03,2.500,0.00,50.0
12074.00,-1964.74,24689.05,352.03,2.500,0.00,50.0
12075.00,-1965.08,24691.53,352.03,2.500,0.00,50.0
12076.00,-1965.43,24694.00,352.03,2.500,0.00,50.0
12077.00,-1965.78,24696.48,352.03,2.500,0.00,50.0
12078.00,-1966.12,24698.96,352.03,2.500,0.00,50.0
12079.00,-1966.47,24701.43,352.03,2.500,0.00,50.0
12080.00,-1966.82,24703.91,352.03,2.500,0.00,50.0
12081.00,-1967.16,24706.38,352.03,2.500,0.00,50.0
12082.00,-1967.51,24708.86,352.03,2.500,0.00,50.0
12083.00,-1967.86,24711.33,352.03,2.500,0.00,50.0
12084.00,-1968.20,24713.81,352.03,2.500,0.00,50.0
12085.00,-1968.55,24716.29,352.03,2.500,0.00,50.0
12086.00,-1968.90,24718.76,352.03,2.500,0.00,50.0
12087.00,-1969.24,24721.24,352.03,2.500,0.00,50.0
12088.00,-1969.59,24723.71,352.03,2.500,0.00,50.0
12089.00,-1969.94,24726.19,352.03,2.500,0.00,50.0
12090.00,-1970.28,24728.67,352.03,2.500,0.00,50.0
12091.00,-1970.63,24731.14,352.03,2.500,0.00,50.0
12092.00,-1970.98,24733.62,352.03,2.500,0.00,50.0
12093.00,-1971.32,24736.09,352.03,2.500,0.00,50.0
12094.00,-1971.67,24738.57,352.03,2.500,0.00,50.0
12095.00,-1972.02,24741.04,352.03,2.500,0.00,50.0
12096.00,-1972.36,24743.52,352.03,2.500,0.00,50.0
12097.00,-1972.71,24746.00,352.03,2.500,0.00,50.0
12098.00,-1973.06,24748.47,352.03,2.500,0.00,50.0
12099.00,-1973.40,24750.95,352.03,2.500,0.00,50.0
12100.00,-1973.75,24753.42,352.03,2.500,0.00,50.0
12101.00,-1974.10,24755.90,352.03,2.500,0.00,50.0
12102.00,-1974.44,24758.38,352.03,2.500,0.00,50.0
12103.00,-1974.79,24760.85,352.03,2.500,0.00,50.0
12104.00,-1975.14,24763.33,352.03,2.500,0.00,50.0
12105.00,-1975.48,24765.80,352.03,2.500,0.00,50.0
12106.00,-1975.83,24768.28,352.03,2.500,0.00,50.0
12107.00,-1976.18,24770.76,352.03,2.500,0.00,50.0
12108.00,-1976.52,24773.23,352.03,2.500,0.00,50.0
12109.00,-1976.87,24775.71,352.03,2.500,0.00,50.0
12110.00,-1977.22,24778.18,352.03,2.500,0.00,50.0
12111.00,-1977.56,24780.66,352.03,2.500,0.00,50.0
12112.00,-1977.91,24783.13,352.03,2.500,0.00,50.0
12113.00,-1978.26,24785.61,352.03,2.500,0.00,50.0
12114.00,-1978.60,24788.09,352.03,2.500,0.00,50.0
12115.00,-1978.95,24790.56,352.03,2.500,0.00,50.0
12116.00,-1979.30,24793.04,352.03,2.500,0.00,50.0
12117.00,-1979.64,24795.51,352.03,2.500,0.00,50.0
12118.00,-1979.99,24797.99,352.03,2.500,0.00,50.0
12119.00,-1980.34,24800.47,352.03,2.500,0.00,50.0
12120.00,-1980.68,24802.94,352.03,2.500,0.00,50.0
12121.00,-1981.03,24805.42,352.03,2.500,0.00,50.0
12122.00,-1981.38,24807.89,352.03,2.500,0.00,50.0
12123.00,-1981.72,24810.37,352.03,2.500,0.00,50.0
12124.00,-1982.07,24812.84,352.03,2.500,0.00,50.0
12125.00,-1982.42,24815.32,352.03,2.500,0.00,50.0
12126.00,-1982.76,24817.80,352.03,2.500,0.00,50.0
12127.00,-1983.11,24820.27,352.03,2.500,0.00,50.0
12128.00,-1983.46,24822.75,352.03,2.500,0.00,50.0
12129.00,-1983.80,24825.22,352.03,2.500,0.00,50.0
12130.00,-1984.15,24827.70,352.03,2.500,0.00,50.0
12131.00,-1984.50,24830.18,352.03,2.500,0.00,50.0
12132.00,-1984.84,24832.65,352.03,2.500,0.00,50.0
12133.00,-1985.19,24835.13,352.03,2.500,0.00,50.0
12134.00,-1985.54,24837.60,352.03,2.500,0.00,50.0
12135.00,-1985.88,24840.08,352.03,2.500,0.00,50.0
12136.00,-1986.23,24842.55,352.03,2.500,0.00,50.0
12137.00,-1986.58,24845.03,352.03,2.500,0.00,50.0
12138.00,-1986.92,24847.51,352.03,2.500,0.00,50.0
12139.00,-1987.27,24849.98,352.03,2.500,0.00,50.0
12140.00,-1987.62,24852.46,352.03,2.500,0.00,50.0
12141.00,-1987.96,24854.93,352.03,2.500,0.00,50.0
12142.00,-1988.31,24857.41,352.03,2.500,0.00,50.0
12143.00,-1988.66,24859.89,352.03,2.500,0.00,50.0
12144.00,-1989.00,24862.36,352.03,2.500,0.00,50.0
12145.00,-1989.35,24864.84,352.03,2.500,0.00,50.0
12146.00,-1989.70,24867.31,352.03,2.500,0.00,50.0
12147.00,-1990.04,24869.79,352.03,2.500,0.00,50.0
12148.00,-1990.39,24872.26,352.03,2.500,0.00,50.0
12149.00,-1990.74,24874.74,352.03,2.500,0.00,50.0
12150.00,-1991.09,24877.22,352.03,2.500,0.00,50.0
12151.00,-1991.43,24879.69,352.03,2.500,0.00,50.0
12152.00,-1991.78,24882.17,352.03,2.500,0.00,50.0
12153.00,-1992.13,24884.64,352.03,2.500,0.00,50.0
12154.00,-1992.47,24887.12,352.03,2.500,0.00,50.0
12155.00,-1992.82,24889.60,352.03,2.500,0.00,50.0
12156.00,-1993.17,24892.07,352.03,2.500,0.00,50.0
12157.00,-1993.51,24894.55,352.03,2.500,0.00,50.0
12158.00,-1993.86,24897.02,352.03,2.500,0.00,50.0
12159.00,-1994.21,24899.50,352.03,2.500,0.00,50.0
12160.00,-1994.55,24901.97,352.03,2.500,0.00,50.0
12161.00,-1994.90,24904.45,352.03,2.500,0.00,50.0
12162.00,-1995.25,24906.93,352.03,2.500,0.00,50.0
12163.00,-1995.59,24909.40,352.03,2.500,0.00,50.0
12164.00,-1995.94,24911.88,352.03,2.500,0.00,50.0
12165.00,-1996.29,24914.35,352.03,2.500,0.00,50.0
12166.00,-1996.63,24916.83,352.03,2.500,0.00,50.0
12167.00,-1996.98,24919.31,352.03,2.500,0.00,50.0
12168.00,-1997.33,24921.78,352.03,2.500,0.00,50.0
12169.00,-1997.67,24924.26,352.03,2.500,0.00,50.0
12170.00,-1998.02,24926.73,352.03,2.500,0.00,50.0
12171.00,-1998.37,24929.21,352.03,2.500,0.00,50.0
12172.00,-1998.71,24931.68,352.03,2.500,0.00,50.0
12173.00,-1999.06,24934.16,352.03,2.500,0.00,50.0
12174.00,-1999.41,24936.64,352.03,2.500,0.00,50.0
12175.00,-1999.75,24939.11,352.03,2.500,0.00,50.0
12176.00,-2000.10,24941.59,352.03,2.500,0.00,50.0
12177.00,-2000.45,24944.06,352.03,2.500,0.00,50.0
12178.00,-2000.79,24946.54,352.03,2.500,0.00,50.0
12179.00,-2001.14,24949.02,352.03,2.500,0.00,50.0
12180.00,-2001.49,24951.49,352.03,2.500,0.00,50.0
12181.00,-2001.83,24953.97,352.03,2.500,0.00,50.0
12182.00,-2002.18,24956.44,352.03,2.500,0.00,50.0
12183.00,-2002.53,24958.92,352.03,2.500,0.00,50.0
12184.00,-2002.87,24961.39,352.03,2.500,0.00,50.0
12185.00,-2003.22,24963.87,352.03,2.500,0.00,50.0
12186.00,-2003.57,24966.35,352.03,2.500,0.00,50.0
12187.00,-2003.91,24968.82,352.03,2.500,0.00,50.0
12188.00,-2004.26,24971.30,352.03,2.500,0.00,50.0
12189.00,-2004.61,24973.77,352.03,2.500,0.00,50.0
12190.00,-2004.95,24976.25,352.03,2.500,0.00,50.0
12191.00,-2005.30,24978.73,352.03,2.500,0.00,50.0
12192.00,-2005.65,24981.20,352.03,2.500,0.00,50.0
12193.00,-2005.99,24983.68,352.03,2.500,0.00,50.0
12194.00,-2006.34,24986.15,352.03,2.500,0.00,50.0
12195.00,-2006.69,24988.63,352.03,2.500,0.00,50.0
12196.00,-2007.03,24991.11,352.03,2.500,0.00,50.0
12197.00,-2007.38,24993.58,352.03,2.500,0.00,50.0
12198.00,-2007.73,24996.06,352.03,2.500,0.00,50.0
12199.00,-2008.07,24998.53,352.03,2.500,0.00,50.0
12200.00,-2008.42,25001.01,352.03,2.500,0.00,50.0
12201.00,-2008.77,25003.48,352.03,2.500,0.00,50.0
12202.00,-2009.11,25005.96,352.03,2.500,0.00,50.0
12203.00,-2009.46,25008.44,352.03,2.500,0.00,50.0
12204.00,-2009.81,25010.91,352.03,2.500,0.00,50.0
12205.00,-2010.15,25013.39,352.03,2.500,0.00,50.0
12206.00,-2010.50,25015.86,352.03,2.500,0.00,50.0
12207.00,-2010.85,25018.34,352.03,2.500,0.00,50.0
12208.00,-2011.19,25020.82,352.03,2.500,0.00,50.0
12209.00,-2011.54,25023.29,352.03,2.500,0.00,50.0
12210.00,-2011.89,25025.77,352.03,2.500,0.00,50.0
12211.00,-2012.23,25028.24,352.03,2.500,0.00,50.0
12212.00,-2012.58,25030.72,352.03,2.500,0.00,50.0
12213.00,-2012.93,25033.19,352.03,2.500,0.00,50.0
12214.00,-2013.27,25035.67,352.03,2.500,0.00,50.0
12215.00,-2013.62,25038.15,352.03,2.500,0.00,50.0
12216.00,-2013.97,25040.62,352.03,2.500,0.00,50.0
12217.00,-2014.31,25043.10,352.03,2.500,0.00,50.0
12218.00,-2014.66,25045.57,352.03,2.500,0.00,50.0
12219.00,-2015.01,25048.05,352.03,2.500,0.00,50.0
12220.00,-2015.35,25050.53,352.03,2.500,0.00,50.0
12221.00,-2015.70,25053.00,352.03,2.500,0.00,50.0
12222.00,-2016.05,25055.48,352.03,2.500,0.00,50.0
12223.00,-2016.39,25057.95,352.03,2.500,0.00,50.0
12224.00,-2016.74,25060.43,352.03,2.500,0.00,50.0
12225.00,-2017.09,25062.90,352.03,2.500,0.00,50.0
12226.00,-2017.43,25065.38,352.03,2.500,0.00,50.0
12227.00,-2017.78,25067.86,352.03,2.500,0.00,50.0
12228.00,-2018.13,25070.33,352.03,2.500,0.00,50.0
12229.00,-2018.47,25072.81,352.03,2.500,0.00,50.0
12230.00,-2018.82,25075.28,352.03,2.500,0.00,50.0
12231.00,-2019.17,25077.76,352.03,2.500,0.00,50.0
12232.00,-2019.51,25080.24,352.03,2.500,0.00,50.0
12233.00,-2019.86,25082.71,352.03,2.500,0.00,50.0
12234.00,-2020.21,25085.19,352.03,2.500,0.00,50.0
12235.00,-2020.55,25087.66,352.03,2.500,0.00,50.0
12236.00,-2020.90,25090.14,352.03,2.500,0.00,50.0
12237.00,-2021.25,25092.61,352.03,2.500,0.00,50.0
12238.00,-2021.59,25095.09,352.03,2.500,0.00,50.0
12239.00,-2021.94,25097.57,352.03,2.500,0.00,50.0
12240.00,-2022.29,25100.04,352.03,2.500,0.00,50.0
12241.00,-2022.63,25102.52,352.03,2.500,0.00,50.0
12242.00,-2022.98,25104.99,352.03,2.500,0.00,50.0
12243.00,-2023.33,25107.47,352.03,2.500,0.00,50.0
12244.00,-2023.67,25109.95,352.03,2.500,0.00,50.0
12245.00,-2024.02,25112.42,352.03,2.500,0.00,50.0
12246.00,-2024.37,25114.90,352.03,2.500,0.00,50.0
12247.00,-2024.71,25117.37,352.03,2.500,0.00,50.0
12248.00,-2025.06,25119.85,352.03,2.500,0.00,50.0
12249.00,-2025.41,25122.32,352.03,2.500,0.00,50.0
12250.00,-2025.75,25124.80,352.03,2.500,0.00,50.0
12251.00,-2026.10,25127.28,352.03,2.500,0.00,50.0
12252.00,-2026.45,25129.75,352.03,2.500,0.00,50.0
12253.00,-2026.79,25132.23,352.03,2.500,0.00,50.0
12254.00,-2027.14,25134.70,352.03,2.500,0.00,50.0
12255.00,-2027.49,25137.18,352.03,2.500,0.00,50.0
12256.00,-2027.84,25139.66,352.03,2.500,0.00,50.0
12257.00,-2028.18,25142.13,352.03,2.500,0.00,50.0
12258.00,-2028.53,25144.61,352.03,2.500,0.00,50.0
12259.00,-2028.88,25147.08,352.03,2.500,0.00,50.0
12260.00,-2029.22,25149.56,352.03,2.500,0.00,50.0
12261.00,-2029.57,25152.03,352.03,2.500,0.00,50.0
12262.00,-2029.92,25154.51,352.03,2.500,0.00,50.0
12263.00,-2030.26,25156.99,352.03,2.500,0.00,50.0
12264.00,-2030.61,25159.46,352.03,2.500,0.00,50.0
12265.00,-2030.96,25161.94,352.03,2.500,0.00,50.0
12266.00,-2031.30,25164.41,352.03,2.500,0.00,50.0
12267.00,-2031.65,25166.89,352.03,2.500,0.00,50.0
12268.00,-2032.00,25169.37,352.03,2.500,0.00,50.0
12269.00,-2032.34,25171.84,352.03,2.500,0.00,50.0
12270.00,-2032.69,25174.32,352.03,2.500,0.00,50.0
12271.00,-2033.04,25176.79,352.03,2.500,0.00,50.0
12272.00,-2033.38,25179.27,352.03,2.500,0.00,50.0
12273.00,-2033.73,25181.75,352.03,2.500,0.00,50.0
12274.00,-2034.08,25184.22,352.03,2.500,0.00,50.0
12275.00,-2034.42,25186.70,352.03,2.500,0.00,50.0
12276.00,-2034.77,25189.17,352.03,2.500,0.00,50.0
12277.00,-2035.12,25191.65,352.03,2.500,0.00,50.0
12278.00,-2035.46,25194.12,352.03,2.500,0.00,50.0
12279.00,-2035.81,25196.60,352.03,2.500,0.00,50.0
12280.00,-2036.16,25199.08,352.03,2.500,0.00,50.0
12281.00,-2036.50,25201.55,352.03,2.500,0.00,50.0
12282.00,-2036.85,25204.03,352.03,2.500,0.00,50.0
12283.00,-2037.20,25206.50,352.03,2.500,0.00,50.0
12284.00,-2037.54,25208.98,352.03,2.500,0.00,50.0
12285.00,-2037.89,25211.46,352.03,2.500,0.00,50.0
12286.00,-2038.24,25213.93,352.03,2.500,0.00,50.0
12287.00,-2038.58,25216.41,352.03,2.500,0.00,50.0
12288.00,-2038.93,25218.88,352.03,2.500,0.00,50.0
12289.00,-2039.28,25221.36,352.03,2.500,0.00,50.0
12290.00,-2039.62,25223.83,352.03,2.500,0.00,50.0
12291.00,-2039.97,25226.31,352.03,2.500,0.00,50.0
12292.00,-2040.32,25228.79,352.03,2.500,0.00,50.0
12293.00,-2040.66,25231.26,352.03,2.500,0.00,50.0
12294.00,-2041.01,25233.74,352.03,2.500,0.00,50.0
12295.00,-2041.36,25236.21,352.03,2.500,0.00,50.0
12296.00,-2041.70,25238.69,352.03,2.500,0.00,50.0
12297.00,-2042.05,25241.17,352.03,2.500,0.00,50.0
12298.00,-2042.40,25243.64,352.03,2.500,0.00,50.0
12299.00,-2042.74,25246.12,352.03,2.500,0.00,50.0
12300.00,-2043.09,25248.59,352.03,2.500,0.00,50.0
12301.00,-2043.44,25251.07,352.03,2.500,0.00,50.0
12302.00,-2043.78,25253.54,352.03,2.500,0.00,50.0
12303.00,-2044.13,25256.02,352.03,2.500,0.00,50.0
12304.00,-2044.48,25258.50,352.03,2.500,0.00,50.0
12305.00,-2044.82,25260.97,352.03,2.500,0.00,50.0
12306.00,-2045.17,25263.45,352.03,2.500,0.00,50.0
12307.00,-2045.52,25265.92,352.03,2.500,0.00,50.0
12308.00,-2045.86,25268.40,352.03,2.500,0.00,50.0
12309.00,-2046.21,25270.88,352.03,2.500,0.00,50.0
12310.00,-2046.56,25273.35,352.03,2.500,0.00,50.0
12311.00,-2046.90,25275.83,352.03,2.500,0.00,50.0
12312.00,-2047.25,25278.30,352.03,2.500,0.00,50.0
12313.00,-2047.60,25280.78,352.03,2.500,0.00,50.0
12314.00,-2047.94,25283.25,352.03,2.500,0.00,50.0
12315.00,-2048.29,25285.73,352.03,2.500,0.00,50.0
12316.00,-2048.64,25288.21,352.03,2.500,0.00,50.0
12317.00,-2048.98,25290.68,352.03,2.500,0.00,50.0
12318.00,-2049.33,25293.16,352.03,2.500,0.00,50.0
12319.00,-2049.68,25295.63,352.03,2.500,0.00,50.0
12320.00,-2050.02,25298.11,352.03,2.500,0.00,50.0
12321.00,-2050.37,25300.59,352.03,2.500,0.00,50.0
12322.00,-2050.72,25303.06,352.03,2.500,0.00,50.0
12323.00,-2051.06,25305.54,352.03,2.500,0.00,50.0
12324.00,-2051.41,25308.01,352.03,2.500,0.00,50.0
12325.00,-2051.76,25310.49,352.03,2.500,0.00,50.0
12326.00,-2052.10,25312.96,352.03,2.500,0.00,50.0
12327.00,-2052.45,25315.44,352.03,2.500,0.00,50.0
12328.00,-2052.80,25317.92,352.03,2.500,0.00,50.0
12329.00,-2053.14,25320.39,352.03,2.500,0.00,50.0
12330.00,-2053.49,25322.87,352.03,2.500,0.00,50.0
12331.00,-2053.84,25325.34,352.03,2.500,0.00,50.0
12332.00,-2054.18,25327.82,352.03,2.500,0.00,50.0
12333.00,-2054.53,25330.30,352.03,2.500,0.00,50.0
12334.00,-2054.88,25332.77,352.03,2.500,0.00,50.0
12335.00,-2055.22,25335.25,352.03,2.500,0.00,50.0
12336.00,-2055.57,25337.72,352.03,2.500,0.00,50.0
12337.00,-2055.92,25340.20,352.03,2.500,0.00,50.0
12338.00,-2056.26,25342.67,352.03,2.500,0.00,50.0
12339.00,-2056.61,25345.15,352.03,2.500,0.00,50.0
12340.00,-2056.96,25347.63,352.03,2.500,0.00,50.0
12341.00,-2057.30,25350.10,352.03,2.500,0.00,50.0
12342.00,-2057.65,25352.58,352.03,2.500,0.00,50.0
12343.00,-2058.00,25355.05,352.03,2.500,0.00,50.0
12344.00,-2058.34,25357.53,352.03,2.500,0.00,50.0
12345.00,-2058.69,25360.01,352.03,2.500,0.00,50.0
12346.00,-2059.04,25362.48,352.03,2.500,0.00,50.0
12347.00,-2059.38,25364.96,352.03,2.500,0.00,50.0
12348.00,-2059.73,25367.43,352.03,2.500,0.00,50.0
12349.00,-2060.08,25369.91,352.03,2.500,0.00,50.0
12350.00,-2060.42,25372.38,352.03,2.500,0.00,50.0
12351.00,-2060.77,25374.86,352.03,2.500,0.00,50.0
12352.00,-2061.12,25377.34,352.03,2.500,0.00,50.0
12353.00,-2061.46,25379.81,352.03,2.500,0.00,50.0
12354.00,-2061.81,25382.29,352.03,2.500,0.00,50.0
12355.00,-2062.16,25384.76,352.03,2.500,0.00,50.0
12356.00,-2062.50,25387.24,352.03,2.500,0.00,50.0
12357.00,-2062.85,25389.72,352.03,2.500,0.00,50.0
12358.00,-2063.20,25392.19,352.03,2.500,0.00,50.0
12359.00,-2063.54,25394.67,352.03,2.500,0.00,50.0
12360.00,-2063.89,25397.14,352.03,2.500,0.00,50.0
12361.00,-2064.24,25399.62,352.03,2.500,0.00,50.0
12362.00,-2064.59,25402.10,352.03,2.500,0.00,50.0
12363.00,-2064.93,25404.57,352.03,2.500,0.00,50.0
12364.00,-2065.28,25407.05,352.03,2.500,0.00,50.0
12365.00,-2065.63,25409.52,352.03,2.500,0.00,50.0
12366.00,-2065.97,25412.00,352.03,2.500,0.00,50.0
12367.00,-2066.32,25414.47,352.03,2.500,0.00,50.0
12368.00,-2066.67,25416.95,352.03,2.500,0.00,50.0
12369.00,-2067.01,25419.43,352.03,2.500,0.00,50.0
12370.00,-2067.36,25421.90,352.03,2.500,0.00,50.0
12371.00,-2067.71,25424.38,352.03,2.500,0.00,50.0
12372.00,-2068.05,25426.85,352.03,2.500,0.00,50.0
12373.00,-2068.40,25429.33,352.03,2.500,0.00,50.0
12374.00,-2068.75,25431.81,352.03,2.500,0.00,50.0
12375.00,-2069.09,25434.28,352.03,2.500,0.00,50.0
12376.00,-2069.44,25436.76,352.03,2.500,0.00,50.0
12377.00,-2069.79,25439.23,352.03,2.500,0.00,50.0
12378.00,-2070.13,25441.71,352.03,2.500,0.00,50.0
12379.00,-2070.48,25444.18,352.03,2.500,0.00,50.0
12380.00,-2070.83,25446.66,352.03,2.500,0.00,50.0
12381.00,-2071.17,25449.14,352.03,2.500,0.00,50.0
12382.00,-2071.52,25451.61,352.03,2.500,0.00,50.0
12383.00,-2071.87,25454.09,352.03,2.500,0.00,50.0
12384.00,-2072.21,25456.56,352.03,2.500,0.00,50.0
12385.00,-2072.56,25459.04,352.03,2.500,0.00,50.0
12386.00,-2072.91,25461.52,352.03,2.500,0.00,50.0
12387.00,-2073.25,25463.99,352.03,2.500,0.00,50.0
12388.00,-2073.60,25466.47,352.03,2.500,0.00,50.0
12389.00,-2073.95,25468.94,352.03,2.500,0.00,50.0
12390.00,-2074.29,25471.42,352.03,2.500,0.00,50.0
12391.00,-2074.64,25473.89,352.03,2.500,0.00,50.0
12392.00,-2074.99,25476.37,352.03,2.500,0.00,50.0
12393.00,-2075.33,25478.85,352.03,2.500,0.00,50.0
12394.00,-2075.68,25481.32,352.03,2.500,0.00,50.0
12395.00,-2076.03,25483.80,352.03,2.500,0.00,50.0
12396.00,-2076.37,25486.27,352.03,2.500,0.00,50.0
12397.00,-2076.72,25488.75,352.03,2.500,0.00,50.0
12398.00,-2077.07,25491.23,352.03,2.500,0.00,50.0
12399.00,-2077.41,25493.70,352.03,2.500,0.00,50.0
12400.00,-2077.76,25496.18,352.03,2.500,0.00,50.0
12401.00,-2078.11,25498.65,352.03,2.500,0.00,50.0
12402.00,-2078.45,25501.13,352.03,2.500,0.00,50.0
12403.00,-2078.80,25503.60,352.03,2.500,0.00,50.0
12404.00,-2079.15,25506.08,352.03,2.500,0.00,50.0
12405.00,-2079.49,25508.56,352.03,2.500,0.00,50.0
12406.00,-2079.84,25511.03,352.03,2.500,0.00,50.0
12407.00,-2080.19,25513.51,352.03,2.500,0.00,50.0
12408.00,-2080.53,25515.98,352.03,2.500,0.00,50.0
12409.00,-2080.88,25518.46,352.03,2.500,0.00,50.0
12410.00,-2081.23,25520.94,352.03,2.500,0.00,50.0
12411.00,-2081.57,25523.41,352.03,2.500,0.00,50.0
12412.00,-2081.92,25525.89,352.03,2.500,0.00,50.0
12413.00,-2082.27,25528.36,352.03,2.500,0.00,50.0
12414.00,-2082.61,25530.84,352.03,2.500,0.00,50.0
12415.00,-2082.96,25533.31,352.03,2.500,0.00,50.0
12416.00,-2083.31,25535.79,352.03,2.500,0.00,50.0
12417.00,-2083.65,25538.27,352.03,2.500,0.00,50.0
12418.00,-2084.00,25540.74,352.03,2.500,0.00,50.0
12419.00,-2084.35,25543.22,352.03,2.500,0.00,50.0
12420.00,-2084.69,25545.69,352.03,2.500,0.00,50.0
12421.00,-2085.04,25548.17,352.03,2.500,0.00,50.0
12422.00,-2085.39,25550.65,352.03,2.500,0.00,50.0
12423.00,-2085.73,25553.12,352.03,2.500,0.00,50.0
12424.00,-2086.08,25555.60,352.03,2.500,0.00,50.0
12425.00,-2086.43,25558.07,352.03,2.500,0.00,50.0
12426.00,-2086.77,25560.55,352.03,2.500,0.00,50.0
12427.00,-2087.12,25563.02,352.03,2.500,0.00,50.0
12428.00,-2087.47,25565.50,352.03,2.500,0.00,50.0
12429.00,-2087.81,25567.98,352.03,2.500,0.00,50.0
12430.00,-2088.16,25570.45,352.03,2.500,0.00,50.0
12431.00,-2088.51,25572.93,352.03,2.500,0.00,50.0
12432.00,-2088.85,25575.40,352.03,2.500,0.00,50.0
12433.00,-2089.20,25577.88,352.03,2.500,0.00,50.0
12434.00,-2089.55,25580.36,352.03,2.500,0.00,50.0
12435.00,-2089.89,25582.83,352.03,2.500,0.00,50.0
12436.00,-2090.24,25585.31,352.03,2.500,0.00,50.0
12437.00,-2090.59,25587.78,352.03,2.500,0.00,50.0
12438.00,-2090.93,25590.26,352.03,2.500,0.00,50.0
12439.00,-2091.28,25592.74,352.03,2.500,0.00,50.0
12440.00,-2091.63,25595.21,352.03,2.500,0.00,50.0
12441.00,-2091.97,25597.69,352.03,2.500,0.00,50.0
12442.00,-2092.32,25600.16,352.03,2.500,0.00,50.0
12443.00,-2092.67,25602.64,352.03,2.500,0.00,50.0
12444.00,-2093.01,25605.11,352.03,2.500,0.00,50.0
12445.00,-2093.36,25607.59,352.03,2.500,0.00,50.0
12446.00,-2093.71,25610.07,352.03,2.500,0.00,50.0
12447.00,-2094.05,25612.54,352.03,2.500,0.00,50.0
12448.00,-2094.40,25615.02,352.03,2.500,0.00,50.0
12449.00,-2094.75,25617.49,352.03,2.500,0.00,50.0
12450.00,-2095.09,25619.97,352.03,2.500,0.00,50.0
12451.00,-2095.44,25622.45,352.03,2.500,0.00,50.0
12452.00,-2095.79,25624.92,352.03,2.500,0.00,50.0
12453.00,-2096.13,25627.40,352.03,2.500,0.00,50.0
12454.00,-2096.48,25629.87,352.03,2.500,0.00,50.0
12455.00,-2096.83,25632.35,352.03,2.500,0.00,50.0
12456.00,-2097.17,25634.82,352.03,2.500,0.00,50.0
12457.00,-2097.52,25637.30,352.03,2.500,0.00,50.0
12458.00,-2097.87,25639.78,352.03,2.500,0.00,50.0
12459.00,-2098.21,25642.25,352.03,2.500,0.00,50.0
12460.00,-2098.56,25644.73,352.03,2.500,0.00,50.0
12461.00,-2098.91,25647.20,352.03,2.500,0.00,50.0
12462.00,-2099.25,25649.68,352.03,2.500,0.00,50.0
12463.00,-2099.60,25652.16,352.03,2.500,0.00,50.0
12464.00,-2099.95,25654.63,352.03,2.500,0.00,50.0
12465.00,-2100.30,25657.11,352.03,2.500,0.00,50.0
12466.00,-2100.64,25659.58,352.03,2.500,0.00,50.0
12467.00,-2100.99,25662.06,352.03,2.500,0.00,50.0
12468.00,-2101.34,25664.53,352.03,2.500,0.00,50.0
12469.00,-2101.68,25667.01,352.03,2.500,0.00,50.0
12470.00,-2102.03,25669.49,352.03,2.500,0.00,50.0
12471.00,-2102.38,25671.96,352.03,2.500,0.00,50.0
12472.00,-2102.72,25674.44,352.03,2.500,0.00,50.0
12473.00,-2103.07,25676.91,352.03,2.500,0.00,50.0
12474.00,-2103.42,25679.39,352.03,2.500,0.00,50.0
12475.00,-2103.76,25681.87,352.03,2.500,0.00,50.0
12476.00,-2104.11,25684.34,352.03,2.500,0.00,50.0
12477.00,-2104.46,25686.82,352.03,2.500,0.00,50.0
12478.00,-2104.80,25689.29,352.03,2.500,0.00,50.0
12479.00,-2105.15,25691.77,352.03,2.500,0.00,50.0
12480.00,-2105.50,25694.24,352.03,2.500,0.00,50.0
12481.00,-2105.84,25696.72,352.03,2.500,0.00,50.0
12482.00,-2106.19,25699.20,352.03,2.500,0.00,50.0
12483.00,-2106.54,25701.67,352.03,2.500,0.00,50.0
12484.00,-2106.88,25704.15,352.03,2.500,0.00,50.0
12485.00,-2107.23,25706.62,352.03,2.500,0.00,50.0
12486.00,-2107.58,25709.10,352.03,2.500,0.00,50.0
12487.00,-2107.92,25711.58,352.03,2.500,0.00,50.0
12488.00,-2108.27,25714.05,352.03,2.500,0.00,50.0
12489.00,-2108.62,25716.53,352.03,2.500,0.00,50.0
12490.00,-2108.96,25719.00,352.03,2.500,0.00,50.0
12491.00,-2109.31,25721.48,352.03,2.500,0.00,50.0
12492.00,-2109.66,25723.95,352.03,2.500,0.00,50.0
12493.00,-2110.00,25726.43,352.03,2.500,0.00,50.0
12494.00,-2110.35,25728.91,352.03,2.500,0.00,50.0
12495.00,-2110.70,25731.38,352.03,2.500,0.00,50.0
12496.00,-2111.04,25733.86,352.03,2.500,0.00,50.0
12497.00,-2111.39,25736.33,352.03,2.500,0.00,50.0
12498.00,-2111.74,25738.81,352.03,2.500,0.00,50.0
12499.00,-2112.08,25741.29,352.03,2.500,0.00,50.0
12500.00,-2112.43,25743.76,352.03,2.500,0.00,50.0
12501.00,-2112.78,25746.24,352.03,2.500,0.00,50.0
12502.00,-2113.12,25748.71,352.03,2.500,0.00,50.0
12503.00,-2113.47,25751.19,352.03,2.500,0.00,50.0
12504.00,-2113.82,25753.66,352.03,2.500,0.00,50.0
12505.00,-2114.16,25756.14,352.03,2.500,0.00,50.0
12506.00,-2114.51,25758.62,352.03,2.500,0.00,50.0
12507.00,-2114.86,25761.09,352.03,2.500,0.00,50.0
12508.00,-2115.20,25763.57,352.03,2.500,0.00,50.0
12509.00,-2115.55,25766.04,352.03,2.500,0.00,50.0
12510.00,-2115.90,25768.52,352.03,2.500,0.00,50.0
12511.00,-2116.24,25771.00,352.03,2.500,0.00,50.0
12512.00,-2116.59,25773.47,352.03,2.500,0.00,50.0
12513.00,-2116.94,25775.95,352.03,2.500,0.00,50.0
12514.00,-2117.28,25778.42,352.03,2.500,0.00,50.0
12515.00,-2117.63,25780.90,352.03,2.500,0.00,50.0
12516.00,-2117.98,25783.37,352.03,2.500,0.00,50.0
12517.00,-2118.32,25785.85,352.03,2.500,0.00,50.0
12518.00,-2118.67,25788.33,352.03,2.500,0.00,50.0
12519.00,-2119.02,25790.80,352.03,2.500,0.00,50.0
12520.00,-2119.36,25793.28,352.03,2.500,0.00,50.0
12521.00,-2119.71,25795.75,352.03,2.500,0.00,50.0
12522.00,-2120.06,25798.23,352.03,2.500,0.00,50.0
12523.00,-2120.40,25800.71,352.03,2.500,0.00,50.0
12524.00,-2120.75,25803.18,352.03,2.500,0.00,50.0
12525.00,-2121.10,25805.66,352.03,2.500,0.00,50.0
12526.00,-2121.44,25808.13,352.03,2.500,0.00,50.0
12527.00,-2121.79,25810.61,352.03,2.500,0.00,50.0
12528.00,-2122.14,25813.09,352.03,2.500,0.00,50.0
12529.00,-2122.48,25815.56,352.03,2.500,0.00,50.0
12530.00,-2122.83,25818.04,352.03,2.500,0.00,50.0
12531.00,-2123.18,25820.51,352.03,2.500,0.00,50.0
12532.00,-2123.52,25822.99,352.03,2.500,0.00,50.0
12533.00,-2123.87,25825.46,352.03,2.500,0.00,50.0
12534.00,-2124.22,25827.94,352.03,2.500,0.00,50.0
12535.00,-2124.56,25830.42,352.03,2.500,0.00,50.0
12536.00,-2124.91,25832.89,352.03,2.500,0.00,50.0
12537.00,-2125.26,25835.37,352.03,2.500,0.00,50.0
12538.00,-2125.60,25837.84,352.03,2.500,0.00,50.0
12539.00,-2125.95,25840.32,352.03,2.500,0.00,50.0
12540.00,-2126.30,25842.80,352.03,2.500,0.00,50.0
12541.00,-2126.64,25845.27,352.03,2.500,0.00,50.0
12542.00,-2126.99,25847.75,352.03,2.500,0.00,50.0
12543.00,-2127.34,25850.22,352.03,2.500,0.00,50.0
12544.00,-2127.68,25852.70,352.03,2.500,0.00,50.0
12545.00,-2128.03,25855.17,352.03,2.500,0.00,50.0
12546.00,-2128.38,25857.65,352.03,2.500,0.00,50.0
12547.00,-2128.72,25860.13,352.03,2.500,0.00,50.0
12548.00,-2129.07,25862.60,352.03,2.500,0.00,50.0
12549.00,-2129.42,25865.08,352.03,2.500,0.00,50.0
12550.00,-2129.76,25867.55,352.03,2.500,0.00,50.0
12551.00,-2130.11,25870.03,352.03,2.500,0.00,50.0
12552.00,-2130.46,25872.51,352.03,2.500,0.00,50.0
12553.00,-2130.80,25874.98,352.03,2.500,0.00,50.0
12554.00,-2131.15,25877.46,352.03,2.500,0.00,50.0
12555.00,-2131.50,25879.93,352.03,2.500,0.00,50.0
12556.00,-2131.84,25882.41,352.03,2.500,0.00,50.0
12557.00,-2132.19,25884.88,352.03,2.500,0.00,50.0
12558.00,-2132.54,25887.36,352.03,2.500,0.00,50.0
12559.00,-2132.88,25889.84,352.03,2.500,0.00,50.0
12560.00,-2133.23,25892.31,352.03,2.500,0.00,50.0
12561.00,-2133.58,25894.79,352.03,2.500,0.00,50.0
12562.00,-2133.92,25897.26,352.03,2.500,0.00,50.0
12563.00,-2134.27,25899.74,352.03,2.500,0.00,50.0
12564.00,-2134.62,25902.22,352.03,2.500,0.00,50.0
12565.00,-2134.96,25904.69,352.03,2.500,0.00,50.0
12566.00,-2135.31,25907.17,352.03,2.500,0.00,50.0
12567.00,-2135.66,25909.64,352.03,2.500,0.00,50.0
12568.00,-2136.00,25912.12,352.03,2.500,0.00,50.0
12569.00,-2136.35,25914.59,352.03,2.500,0.00,50.0
12570.00,-2136.70,25917.07,352.03,2.500,0.00,50.0
12571.00,-2137.05,25919.55,352.03,2.500,0.00,50.0
12572.00,-2137.39,25922.02,352.03,2.500,0.00,50.0
12573.00,-2137.74,25924.50,352.03,2.500,0.00,50.0
12574.00,-2138.09,25926.97,352.03,2.500,0.00,50.0
12575.00,-2138.43,25929.45,352.03,2.500,0.00,50.0
12576.00,-2138.78,25931.93,352.03,2.500,0.00,50.0
12577.00,-2139.13,25934.40,352.03,2.500,0.00,50.0
12578.00,-2139.47,25936.88,352.03,2.500,0.00,50.0
12579.00,-2139.82,25939.35,352.03,2.500,0.00,50.0
12580.00,-2140.17,25941.83,352.03,2.500,0.00,50.0
12581.00,-2140.51,25944.30,352.03,2.500,0.00,50.0
12582.00,-2140.86,25946.78,352.03,2.500,0.00,50.0
12583.00,-2141.21,25949.26,352.03,2.500,0.00,50.0
12584.00,-2141.55,25951.73,352.03,2.500,0.00,50.0
12585.00,-2141.90,25954.21,352.03,2.500,0.00,50.0
12586.00,-2142.25,25956.68,352.03,2.500,0.00,50.0
12587.00,-2142.59,25959.16,352.03,2.500,0.00,50.0
12588.00,-2142.94,25961.64,352.03,2.500,0.00,50.0
12589.00,-2143.29,25964.11,352.03,2.500,0.00,50.0
12590.00,-2143.63,25966.59,352.03,2.500,0.00,50.0
12591.00,-2143.98,25969.06,352.03,2.500,0.00,50.0
12592.00,-2144.33,25971.54,352.03,2.500,0.00,50.0
12593.00,-2144.67,25974.01,352.03,2.500,0.00,50.0
12594.00,-2145.02,25976.49,352.03,2.500,0.00,50.0
12595.00,-2145.37,25978.97,352.03,2.500,0.00,50.0
12596.00,-2145.71,25981.44,352.03,2.500,0.00,50.0
12597.00,-2146.06,25983.92,352.03,2.500,0.00,50.0
12598.00,-2146.41,25986.39,352.03,2.500,0.00,50.0
12599.00,-2146.75,25988.87,352.03,2.500,0.00,50.0
12600.00,-2147.10,25991.35,352.03,2.500,0.00,50.0
12601.00,-2147.45,25993.82,352.03,2.500,0.00,50.0
12602.00,-2147.79,25996.30,352.03,2.500,0.00,50.0
12603.00,-2148.14,25998.77,352.03,2.500,0.00,50.0
12604.00,-2148.49,26001.25,352.03,2.500,0.00,50.0
12605.00,-2148.83,26003.73,352.03,2.500,0.00,50.0
12606.00,-2149.18,26006.20,352.03,2.500,0.00,50.0
12607.00,-2149.53,26008.68,352.03,2.500,0.00,50.0
12608.00,-2149.87,26011.15,352.03,2.500,0.00,50.0
12609.00,-2150.22,26013.63,352.03,2.500,0.00,50.0
12610.00,-2150.57,26016.10,352.03,2.500,0.00,50.0
12611.00,-2150.91,26018.58,352.03,2.500,0.00,50.0
12612.00,-2151.26,26021.06,352.03,2.500,0.00,50.0
12613.00,-2151.61,26023.53,352.03,2.500,0.00,50.0
12614.00,-2151.95,26026.01,352.03,2.500,0.00,50.0
12615.00,-2152.30,26028.48,352.03,2.500,0.00,50.0
12616.00,-2152.65,26030.96,352.03,2.500,0.00,50.0
12617.00,-2152.99,26033.44,352.03,2.500,0.00,50.0
12618.00,-2153.34,26035.91,352.03,2.500,0.00,50.0
12619.00,-2153.69,26038.39,352.03,2.500,0.00,50.0
12620.00,-2154.03,26040.86,352.03,2.500,0.00,50.0
12621.00,-2154.38,26043.34,352.03,2.500,0.00,50.0
12622.00,-2154.73,26045.81,352.03,2.500,0.00,50.0
12623.00,-2155.07,26048.29,352.03,2.500,0.00,50.0
12624.00,-2155.42,26050.77,352.03,2.500,0.00,50.0
12625.00,-2155.77,26053.24,352.03,2.500,0.00,50.0
12626.00,-2156.11,26055.72,352.03,2.500,0.00,50.0
12627.00,-2156.46,26058.19,352.03,2.500,0.00,50.0
12628.00,-2156.81,26060.67,352.03,2.500,0.00,50.0
12629.00,-2157.15,26063.15,352.03,2.500,0.00,50.0
12630.00,-2157.50,26065.62,352.03,2.500,0.00,50.0
12631.00,-2157.85,26068.10,352.03,2.500,0.00,50.0
12632.00,-2158.19,26070.57,352.03,2.500,0.00,50.0
12633.00,-2158.54,26073.05,352.03,2.500,0.00,50.0
12634.00,-2158.89,26075.52,352.03,2.500,0.00,50.0
12635.00,-2159.23,26078.00,352.03,2.500,0.00,50.0
12636.00,-2159.58,26080.48,352.03,2.500,0.00,50.0
12637.00,-2159.93,26082.95,352.03,2.500,0.00,50.0
12638.00,-2160.27,26085.43,352.03,2.500,0.00,50.0
12639.00,-2160.62,26087.90,352.03,2.500,0.00,50.0
12640.00,-2160.97,26090.38,352.03,2.500,0.00,50.0
12641.00,-2161.31,26092.86,352.03,2.500,0.00,50.0
12642.00,-2161.66,26095.33,352.03,2.500,0.00,50.0
12643.00,-2162.01,26097.81,352.03,2.500,0.00,50.0
12644.00,-2162.35,26100.28,352.03,2.500,0.00,50.0
12645.00,-2162.70,26102.76,352.03,2.500,0.00,50.0
12646.00,-2163.05,26105.23,352.03,2.500,0.00,50.0
12647.00,-2163.39,26107.71,352.03,2.500,0.00,50.0
12648.00,-2163.74,26110.19,352.03,2.500,0.00,50.0
12649.00,-2164.09,26112.66,352.03,2.500,0.00,50.0
12650.00,-2164.43,26115.14,352.03,2.500,0.00,50.0
12651.00,-2164.78,26117.61,352.03,2.500,0.00,50.0
12652.00,-2165.13,26120.09,352.03,2.500,0.00,50.0
12653.00,-2165.47,26122.57,352.03,2.500,0.00,50.0
12654.00,-2165.82,26125.04,352.03,2.500,0.00,50.0
12655.00,-2166.17,26127.52,352.03,2.500,0.00,50.0
12656.00,-2166.51,26129.99,352.03,2.500,0.00,50.0
12657.00,-2166.86,26132.47,352.03,2.500,0.00,50.0
12658.00,-2167.21,26134.94,352.03,2.500,0.00,50.0
12659.00,-2167.55,26137.42,352.03,2.500,0.00,50.0
12660.00,-2167.90,26139.90,352.03,2.500,0.00,50.0
12661.00,-2168.25,26142.37,352.03,2.500,0.00,50.0
12662.00,-2168.59,26144.85,352.03,2.500,0.00,50.0
12663.00,-2168.94,26147.32,352.03,2.500,0.00,50.0
12664.00,-2169.29,26149.80,352.03,2.500,0.00,50.0
12665.00,-2169.63,26152.28,352.03,2.500,0.00,50.0
12666.00,-2169.98,26154.75,352.03,2.500,0.00,50.0
12667.00,-2170.33,26157.23,352.03,2.500,0.00,50.0
12668.00,-2170.67,26159.70,352.03,2.500,0.00,50.0
12669.00,-2171.02,26162.18,352.03,2.500,0.00,50.0
12670.00,-2171.37,26164.65,352.03,2.500,0.00,50.0
12671.00,-2171.71,26167.13,352.03,2.500,0.00,50.0
12672.00,-2172.06,26169.61,352.03,2.500,0.00,50.0
12673.00,-2172.41,26172.08,352.03,2.500,0.00,50.0
12674.00,-2172.75,26174.56,352.03,2.500,0.00,50.0
12675.00,-2173.10,26177.03,352.03,2.500,0.00,50.0
12676.00,-2173.45,26179.51,352.03,2.500,0.00,50.0
12677.00,-2173.80,26181.99,352.03,2.500,0.00,50.0
12678.00,-2174.14,26184.46,352.03,2.500,0.00,50.0
12679.00,-2174.49,26186.94,352.03,2.500,0.00,50.0
12680.00,-2174.84,26189.41,352.03,2.500,0.00,50.0
12681.00,-2175.18,26191.89,352.03,2.500,0.00,50.0
12682.00,-2175.53,26194.36,352.03,2.500,0.00,50.0
12683.00,-2175.88,26196.84,352.03,2.500,0.00,50.0
12684.00,-2176.22,26199.32,352.03,2.500,0.00,50.0
12685.00,-2176.57,26201.79,352.03,2.500,0.00,50.0
12686.00,-2176.92,26204.27,352.03,2.500,0.00,50.0
12687.00,-2177.26,26206.74,352.03,2.500,0.00,50.0
12688.00,-2177.61,26209.22,352.03,2.500,0.00,50.0
12689.00,-2177.96,26211.70,352.03,2.500,0.00,50.0
12690.00,-2178.30,26214.17,352.03,2.500,0.00,50.0
12691.00,-2178.65,26216.65,352.03,2.500,0.00,50.0
12692.00,-2179.00,26219.12,352.03,2.500,0.00,50.0
12693.00,-2179.34,26221.60,352.03,2.500,0.00,50.0
12694.00,-2179.69,26224.08,352.03,2.500,0.00,50.0
12695.00,-2180.04,26226.55,352.03,2.500,0.00,50.0
12696.00,-2180.38,26229.03,352.03,2.500,0.00,50.0
12697.00,-2180.73,26231.50,352.03,2.500,0.00,50.0
12698.00,-2181.08,26233.98,352.03,2.500,0.00,50.0
12699.00,-2181.42,26236.45,352.03,2.500,0.00,50.0
12700.00,-2181.77,26238.93,352.03,2.500,0.00,50.0
12701.00,-2182.12,26241.41,352.03,2.500,0.00,50.0
12702.00,-2182.46,26243.88,352.03,2.500,0.00,50.0
12703.00,-2182.81,26246.36,352.03,2.500,0.00,50.0
12704.00,-2183.16,26248.83,352.03,2.500,0.00,50.0
12705.00,-2183.50,26251.31,352.03,2.500,0.00,50.0
12706.00,-2183.85,26253.79,352.03,2.500,0.00,50.0
12707.00,-2184.20,26256.26,352.03,2.500,0.00,50.0
12708.00,-2184.54,26258.74,352.03,2.500,0.00,50.0
12709.00,-2184.89,26261.21,352.03,2.500,0.00,50.0
12710.00,-2185.24,26263.69,352.03,2.500,0.00,50.0
12711.00,-2185.58,26266.16,352.03,2.500,0.00,50.0
12712.00,-2185.93,26268.64,352.03,2.500,0.00,50.0
12713.00,-2186.28,26271.12,352.03,2.500,0.00,50.0
12714.00,-2186.62,26273.59,352.03,2.500,0.00,50.0
12715.00,-2186.97,26276.07,352.03,2.500,0.00,50.0
12716.00,-2187.32,26278.54,352.03,2.500,0.00,50.0
12717.00,-2187.66,26281.02,352.03,2.500,0.00,50.0
12718.00,-2188.01,26283.50,352.03,2.500,0.00,50.0
12719.00,-2188.36,26285.97,352.03,2.500,0.00,50.0
12720.00,-2188.70,26288.45,352.03,2.500,0.00,50.0
12721.00,-2189.05,26290.92,352.03,2.500,0.00,50.0
12722.00,-2189.40,26293.40,352.03,2.500,0.00,50.0
12723.00,-2189.74,26295.87,352.03,2.500,0.00,50.0
12724.00,-2190.09,26298.35,352.03,2.500,0.00,50.0
12725.00,-2190.44,26300.83,352.03,2.500,0.00,50.0
12726.00,-2190.78,26303.30,352.03,2.500,0.00,50.0
12727.00,-2191.13,26305.78,352.03,2.500,0.00,50.0
12728.00,-2191.48,26308.25,352.03,2.500,0.00,50.0
12729.00,-2191.82,26310.73,352.03,2.500,0.00,50.0
12730.00,-2192.17,26313.21,352.03,2.500,0.00,50.0
12731.00,-2192.52,26315.68,352.03,2.500,0.00,50.0
12732.00,-2192.86,26318.16,352.03,2.500,0.00,50.0
12733.00,-2193.21,26320.63,352.03,2.500,0.00,50.0
12734.00,-2193.56,26323.11,352.03,2.500,0.00,50.0
12735.00,-2193.90,26325.58,352.03,2.500,0.00,50.0
12736.00,-2194.25,26328.06,352.03,2.500,0.00,50.0
12737.00,-2194.60,26330.54,352.03,2.500,0.00,50.0
12738.00,-2194.94,26333.01,352.03,2.500,0.00,50.0
12739.00,-2195.29,26335.49,352.03,2.500,0.00,50.0
12740.00,-2195.64,26337.96,352.03,2.500,0.00,50.0
12741.00,-2195.98,26340.44,352.03,2.500,0.00,50.0
12742.00,-2196.33,26342.92,352.03,2.500,0.00,50.0
12743.00,-2196.68,26345.39,352.03,2.500,0.00,50.0
12744.00,-2197.02,26347.87,352.03,2.500,0.00,50.0
12745.00,-2197.37,26350.34,352.03,2.500,0.00,50.0
12746.00,-2197.72,26352.82,352.03,2.500,0.00,50.0
12747.00,-2198.06,26355.29,352.03,2.500,0.00,50.0
12748.00,-2198.41,26357.77,352.03,2.500,0.00,50.0
12749.00,-2198.76,26360.25,352.03,2.500,0.00,50.0
12750.00,-2199.10,26362.72,352.03,2.500,0.00,50.0
12751.00,-2199.45,26365.20,352.03,2.500,0.00,50.0
12752.00,-2199.80,26367.67,352.03,2.500,0.00,50.0
12753.00,-2200.14,26370.15,352.03,2.500,0.00,50.0
12754.00,-2200.49,26372.63,352.03,2.500,0.00,50.0
12755.00,-2200.84,26375.10,352.03,2.500,0.00,50.0
12756.00,-2201.18,26377.58,352.03,2.500,0.00,50.0
12757.00,-2201.53,26380.05,352.03,2.500,0.00,50.0
12758.00,-2201.88,26382.53,352.03,2.500,0.00,50.0
12759.00,-2202.22,26385.00,352.03,2.500,0.00,50.0
12760.00,-2202.57,26387.48,352.03,2.500,0.00,50.0
12761.00,-2202.92,26389.96,352.03,2.500,0.00,50.0
12762.00,-2203.26,26392.43,352.03,2.500,0.00,50.0
12763.00,-2203.61,26394.91,352.03,2.500,0.00,50.0
12764.00,-2203.96,26397.38,352.03,2.500,0.00,50.0
12765.00,-2204.30,26399.86,352.03,2.500,0.00,50.0
12766.00,-2204.65,26402.34,352.03,2.500,0.00,50.0
12767.00,-2205.00,26404.81,352.03,2.500,0.00,50.0
12768.00,-2205.34,26407.29,352.03,2.500,0.00,50.0
12769.00,-2205.69,26409.76,352.03,2.500,0.00,50.0
12770.00,-2206.04,26412.24,352.03,2.500,0.00,50.0
12771.00,-2206.38,26414.72,352.03,2.500,0.00,50.0
12772.00,-2206.73,26417.19,352.03,2.500,0.00,50.0
12773.00,-2207.08,26419.67,352.03,2.500,0.00,50.0
12774.00,-2207.42,26422.14,352.03,2.500,0.00,50.0
12775.00,-2207.77,26424.62,352.03,2.500,0.00,50.0
12776.00,-2208.12,26427.09,352.03,2.500,0.00,50.0
12777.00,-2208.46,26429.57,352.03,2.500,0.00,50.0
12778.00,-2208.81,26432.05,352.03,2.500,0.00,50.0
12779.00,-2209.16,26434.52,352.03,2.500,0.00,50.0
12780.00,-2209.50,26437.00,352.03,2.500,0.00,50.0
12781.00,-2209.85,26439.47,352.03,2.500,0.00,50.0
12782.00,-2210.20,26441.95,352.03,2.500,0.00,50.0
12783.00,-2210.55,26444.43,352.03,2.500,0.00,50.0
12784.00,-2210.89,26446.90,352.03,2.500,0.00,50.0
12785.00,-2211.24,26449.38,352.03,2.500,0.00,50.0
12786.00,-2211.59,26451.85,352.03,2.500,0.00,50.0
12787.00,-2211.93,26454.33,352.03,2.500,0.00,50.0
12788.00,-2212.28,26456.80,352.03,2.500,0.00,50.0
12789.00,-2212.63,26459.28,352.03,2.500,0.00,50.0
12790.00,-2212.97,26461.76,352.03,2.500,0.00,50.0
12791.00,-2213.32,26464.23,352.03,2.500,0.00,50.0
12792.00,-2213.67,26466.71,352.03,2.500,0.00,50.0
12793.00,-2214.01,26469.18,352.03,2.500,0.00,50.0
12794.00,-2214.36,26471.66,352.03,2.500,0.00,50.0
12795.00,-2214.71,26474.14,352.03,2.500,0.00,50.0
12796.00,-2215.05,26476.61,352.03,2.500,0.00,50.0
12797.00,-2215.40,26479.09,352.03,2.500,0.00,50.0
12798.00,-2215.75,26481.56,352.03,2.500,0.00,50.0
12799.00,-2216.09,26484.04,352.03,2.500,0.00,50.0
12800.00,-2216.44,26486.51,352.03,2.500,0.00,50.0
12801.00,-2216.79,26488.99,352.03,2.500,0.00,50.0
12802.00,-2217.13,26491.47,352.03,2.500,0.00,50.0
12803.00,-2217.48,26493.94,352.03,2.500,0.00,50.0
12804.00,-2217.83,26496.42,352.03,2.500,0.00,50.0
12805.00,-2218.17,26498.89,352.03,2.500,0.00,50.0
12806.00,-2218.52,26501.37,352.03,2.500,0.00,50.0
12807.00,-2218.87,26503.85,352.03,2.500,0.00,50.0
12808.00,-2219.21,26506.32,352.03,2.500,0.00,50.0
12809.00,-2219.56,26508.80,352.03,2.500,0.00,50.0
12810.00,-2219.91,26511.27,352.03,2.500,0.00,50.0
12811.00,-2220.25,26513.75,352.03,2.500,0.00,50.0
12812.00,-2220.60,26516.22,352.03,2.500,0.00,50.0
12813.00,-2220.95,26518.70,352.03,2.500,0.00,50.0
12814.00,-2221.29,26521.18,352.03,2.500,0.00,50.0
12815.00,-2221.64,26523.65,352.03,2.500,0.00,50.0
12816.00,-2221.99,26526.13,352.03,2.500,0.00,50.0
12817.00,-2222.33,26528.60,352.03,2.500,0.00,50.0
12818.00,-2222.68,26531.08,352.03,2.500,0.00,50.0
12819.00,-2223.03,26533.56,352.03,2.500,0.00,50.0
12820.00,-2223.37,26536.03,352.03,2.500,0.00,50.0
12821.00,-2223.72,26538.51,352.03,2.500,0.00,50.0
12822.00,-2224.07,26540.98,352.03,2.500,0.00,50.0
12823.00,-2224.41,26543.46,352.03,2.500,0.00,50.0
12824.00,-2224.76,26545.93,352.03,2.500,0.00,50.0
12825.00,-2225.11,26548.41,352.03,2.500,0.00,50.0
12826.00,-2225.45,26550.89,352.03,2.500,0.00,50.0
12827.00,-2225.80,26553.36,352.03,2.500,0.00,50.0
12828.00,-2226.15,26555.84,352.03,2.500,0.00,50.0
12829.00,-2226.49,26558.31,352.03,2.500,0.00,50.0
12830.00,-2226.84,26560.79,352.03,2.500,0.00,50.0
12831.00,-2227.19,26563.27,352.03,2.500,0.00,50.0
12832.00,-2227.53,26565.74,352.03,2.500,0.00,50.0
12833.00,-2227.88,26568.22,352.03,2.500,0.00,50.0
12834.00,-2228.23,26570.69,352.03,2.500,0.00,50.0
12835.00,-2228.57,26573.17,352.03,2.500,0.00,50.0
12836.00,-2228.92,26575.64,352.03,2.500,0.00,50.0
12837.00,-2229.27,26578.12,352.03,2.500,0.00,50.0
12838.00,-2229.61,26580.60,352.03,2.500,0.00,50.0
12839.00,-2229.96,26583.07,352.03,2.500,0.00,50.0
12840.00,-2230.31,26585.55,352.03,2.500,0.00,50.0
12841.00,-2230.65,26588.02,352.03,2.500,0.00,50.0
12842.00,-2231.00,26590.50,352.03,2.500,0.00,50.0
12843.00,-2231.35,26592.98,352.03,2.500,0.00,50.0
12844.00,-2231.69,26595.45,352.03,2.500,0.00,50.0
12845.00,-2232.04,26597.93,352.03,2.500,0.00,50.0
12846.00,-2232.39,26600.40,352.03,2.500,0.00,50.0
12847.00,-2232.73,26602.88,352.03,2.500,0.00,50.0
12848.00,-2233.08,26605.35,352.03,2.500,0.00,50.0
12849.00,-2233.43,26607.83,352.03,2.500,0.00,50.0
12850.00,-2233.77,26610.31,352.03,2.500,0.00,50.0
12851.00,-2234.12,26612.78,352.03,2.500,0.00,50.0
12852.00,-2234.47,26615.26,352.03,2.500,0.00,50.0
12853.00,-2234.81,26617.73,352.03,2.500,0.00,50.0
12854.00,-2235.16,26620.21,352.03,2.500,0.00,50.0
12855.00,-2235.51,26622.69,352.03,2.500,0.00,50.0
12856.00,-2235.85,26625.16,352.03,2.500,0.00,50.0
12857.00,-2236.20,26627.64,352.03,2.500,0.00,50.0
12858.00,-2236.55,26630.11,352.03,2.500,0.00,50.0
12859.00,-2236.89,26632.59,352.03,2.500,0.00,50.0
12860.00,-2237.24,26635.07,352.03,2.500,0.00,50.0
12861.00,-2237.59,26637.54,352.03,2.500,0.00,50.0
12862.00,-2237.93,26640.02,352.03,2.500,0.00,50.0
12863.00,-2238.28,26642.49,352.03,2.500,0.00,50.0
12864.00,-2238.63,26644.97,352.03,2.500,0.00,50.0
12865.00,-2238.97,26647.44,352.03,2.500,0.00,50.0
12866.00,-2239.32,26649.92,352.03,2.500,0.00,50.0
12867.00,-2239.67,26652.40,352.03,2.500,0.00,50.0
12868.00,-2240.01,26654.87,352.03,2.500,0.00,50.0
12869.00,-2240.36,26657.35,352.03,2.500,0.00,50.0
12870.00,-2240.71,26659.82,352.03,2.500,0.00,50.0
12871.00,-2241.05,26662.30,352.03,2.500,0.00,50.0
12872.00,-2241.40,26664.78,352.03,2.500,0.00,50.0
12873.00,-2241.75,26667.25,352.03,2.500,0.00,50.0
12874.00,-2242.09,26669.73,352.03,2.500,0.00,50.0
12875.00,-2242.44,26672.20,352.03,2.500,0.00,50.0
12876.00,-2242.79,26674.68,352.03,2.500,0.00,50.0
12877.00,-2243.13,26677.15,352.03,2.500,0.00,50.0
12878.00,-2243.48,26679.63,352.03,2.500,0.00,50.0
12879.00,-2243.83,26682.11,352.03,2.500,0.00,50.0
12880.00,-2244.17,26684.58,352.03,2.500,0.00,50.0
12881.00,-2244.52,26687.06,352.03,2.500,0.00,50.0
12882.00,-2244.87,26689.53,352.03,2.500,0.00,50.0
12883.00,-2245.21,26692.01,352.03,2.500,0.00,50.0
12884.00,-2245.56,26694.49,352.03,2.500,0.00,50.0
12885.00,-2245.91,26696.96,352.03,2.500,0.00,50.0
12886.00,-2246.25,26699.44,352.03,2.500,0.00,50.0
12887.00,-2246.60,26701.91,352.03,2.500,0.00,50.0
12888.00,-2246.95,26704.39,352.03,2.500,0.00,50.0
12889.00,-2247.30,26706.86,352.03,2.500,0.00,50.0
12890.00,-2247.64,26709.34,352.03,2.500,0.00,50.0
12891.00,-2247.99,26711.82,352.03,2.500,0.00,50.0
12892.00,-2248.34,26714.29,352.03,2.500,0.00,50.0
12893.00,-2248.68,26716.77,352.03,2.500,0.00,50.0
12894.00,-2249.03,26719.24,352.03,2.500,0.00,50.0
12895.00,-2249.38,26721.72,352.03,2.500,0.00,50.0
12896.00,-2249.72,26724.20,352.03,2.500,0.00,50.0
12897.00,-2250.07,26726.67,352.03,2.500,0.00,50.0
12898.00,-2250.42,26729.15,352.03,2.500,0.00,50.0
12899.00,-2250.76,26731.62,352.03,2.500,0.00,50.0
12900.00,-2251.11,26734.10,352.03,2.500,0.00,50.0
12901.00,-2251.46,26736.57,352.03,2.500,0.00,50.0
12902.00,-2251.80,26739.05,352.03,2.500,0.00,50.0
12903.00,-2252.15,26741.53,352.03,2.500,0.00,50.0
12904.00,-2252.50,26744.00,352.03,2.500,0.00,50.0
12905.00,-2252.84,26746.48,352.03,2.500,0.00,50.0
12906.00,-2253.19,26748.95,352.03,2.500,0.00,50.0
12907.00,-2253.54,26751.43,352.03,2.500,0.00,50.0
12908.00,-2253.88,26753.91,352.03,2.500,0.00,50.0
12909.00,-2254.23,26756.38,352.03,2.500,0.00,50.0
12910.00,-2254.58,26758.86,352.03,2.500,0.00,50.0
12911.00,-2254.92,26761.33,352.03,2.500,0.00,50.0
12912.00,-2255.27,26763.81,352.03,2.500,0.00,50.0
12913.00,-2255.62,26766.28,352.03,2.500,0.00,50.0
12914.00,-2255.96,26768.76,352.03,2.500,0.00,50.0
12915.00,-2256.31,26771.24,352.03,2.500,0.00,50.0
12916.00,-2256.66,26773.71,352.03,2.500,0.00,50.0
12917.00,-2257.00,26776.19,352.03,2.500,0.00,50.0
12918.00,-2257.35,26778.66,352.03,2.500,0.00,50.0
12919.00,-2257.70,26781.14,352.03,2.500,0.00,50.0
12920.00,-2258.04,26783.62,352.03,2.500,0.00,50.0
12921.00,-2258.39,26786.09,352.03,2.500,0.00,50.0
12922.00,-2258.74,26788.57,352.03,2.500,0.00,50.0
12923.00,-2259.08,26791.04,352.03,2.500,0.00,50.0
12924.00,-2259.43,26793.52,352.03,2.500,0.00,50.0
12925.00,-2259.78,26795.99,352.03,2.500,0.00,50.0
12926.00,-2260.12,26798.47,352.03,2.500,0.00,50.0
12927.00,-2260.47,26800.95,352.03,2.500,0.00,50.0
12928.00,-2260.82,26803.42,352.03,2.500,0.00,50.0
12929.00,-2261.16,26805.90,352.03,2.500,0.00,50.0
12930.00,-2261.51,26808.37,352.03,2.500,0.00,50.0
12931.00,-2261.86,26810.85,352.03,2.500,0.00,50.0
12932.00,-2262.20,26813.33,352.03,2.500,0.00,50.0
12933.00,-2262.55,26815.80,352.03,2.500,0.00,50.0
12934.00,-2262.90,26818.28,352.03,2.500,0.00,50.0
12935.00,-2263.24,26820.75,352.03,2.500,0.00,50.0
12936.00,-2263.59,26823.23,352.03,2.500,0.00,50.0
12937.00,-2263.94,26825.71,352.03,2.500,0.00,50.0
12938.00,-2264.28,26828.18,352.03,2.500,0.00,50.0
12939.00,-2264.63,26830.66,352.03,2.500,0.00,50.0
12940.00,-2264.98,26833.13,352.03,2.500,0.00,50.0
12941.00,-2265.32,26835.61,352.03,2.500,0.00,50.0
12942.00,-2265.67,26838.08,352.03,2.500,0.00,50.0
12943.00,-2266.02,26840.56,352.03,2.500,0.00,50.0
12944.00,-2266.36,26843.04,352.03,2.500,0.00,50.0
12945.00,-2266.71,26845.51,352.03,2.500,0.00,50.0
12946.00,-2267.06,26847.99,352.03,2.500,0.00,50.0
12947.00,-2267.40,26850.46,352.03,2.500,0.00,50.0
12948.00,-2267.75,26852.94,352.03,2.500,0.00,50.0
12949.00,-2268.10,26855.42,352.03,2.500,0.00,50.0
12950.00,-2268.44,26857.89,352.03,2.500,0.00,50.0
12951.00,-2268.79,26860.37,352.03,2.500,0.00,50.0
12952.00,-2269.14,26862.84,352.03,2.500,0.00,50.0
12953.00,-2269.48,26865.32,352.03,2.500,0.00,50.0
12954.00,-2269.83,26867.79,352.03,2.500,0.00,50.0
12955.00,-2270.18,26870.27,352.03,2.500,0.00,50.0
12956.00,-2270.52,26872.75,352.03,2.500,0.00,50.0
12957.00,-2270.87,26875.22,352.03,2.500,0.00,50.0
12958.00,-2271.22,26877.70,352.03,2.500,0.00,50.0
12959.00,-2271.56,26880.17,352.03,2.500,0.00,50.0
12960.00,-2271.91,26882.65,352.03,2.500,0.00,50.0
12961.00,-2272.26,26885.13,352.03,2.500,0.00,50.0
12962.00,-2272.60,26887.60,352.03,2.500,0.00,50.0
12963.00,-2272.95,26890.08,352.03,2.500,0.00,50.0
12964.00,-2273.30,26892.55,352.03,2.500,0.00,50.0
12965.00,-2273.64,26895.03,352.03,2.500,0.00,50.0
12966.00,-2273.99,26897.50,352.03,2.500,0.00,50.0
12967.00,-2274.34,26899.98,352.03,2.500,0.00,50.0
12968.00,-2274.68,26902.46,352.03,2.500,0.00,50.0
12969.00,-2275.03,26904.93,352.03,2.500,0.00,50.0
12970.00,-2275.38,26907.41,352.03,2.500,0.00,50.0
12971.00,-2275.72,26909.88,352.03,2.500,0.00,50.0
12972.00,-2276.07,26912.36,352.03,2.500,0.00,50.0
12973.00,-2276.42,26914.84,352.03,2.500,0.00,50.0
12974.00,-2276.76,26917.31,352.03,2.500,0.00,50.0
12975.00,-2277.11,26919.79,352.03,2.500,0.00,50.0
12976.00,-2277.46,26922.26,352.03,2.500,0.00,50.0
12977.00,-2277.80,26924.74,352.03,2.500,0.00,50.0
12978.00,-2278.15,26927.21,352.03,2.500,0.00,50.0
12979.00,-2278.50,26929.69,352.03,2.500,0.00,50.0
12980.00,-2278.84,26932.17,352.03,2.500,0.00,50.0
12981.00,-2279.19,26934.64,352.03,2.500,0.00,50.0
12982.00,-2279.54,26937.12,352.03,2.500,0.00,50.0
12983.00,-2279.88,26939.59,352.03,2.500,0.00,50.0
12984.00,-2280.23,26942.07,352.03,2.500,0.00,50.0
12985.00,-2280.58,26944.55,352.03,2.500,0.00,50.0
12986.00,-2280.92,26947.02,352.03,2.500,0.00,50.0
12987.00,-2281.27,26949.50,352.03,2.500,0.00,50.0
12988.00,-2281.62,26951.97,352.03,2.500,0.00,50.0
12989.00,-2281.96,26954.45,352.03,2.500,0.00,50.0
12990.00,-2282.31,26956.92,352.03,2.500,0.00,50.0
12991.00,-2282.66,26959.40,352.03,2.500,0.00,50.0
12992.00,-2283.00,26961.88,352.03,2.500,0.00,50.0
12993.00,-2283.35,26964.35,352.03,2.500,0.00,50.0
12994.00,-2283.70,26966.83,352.03,2.500,0.00,50.0
12995.00,-2284.05,26969.30,352.03,2.500,0.00,50.0
12996.00,-2284.39,26971.78,352.03,2.500,0.00,50.0
12997.00,-2284.74,26974.26,352.03,2.500,0.00,50.0
12998.00,-2285.09,26976.73,352.03,2.500,0.00,50.0
12999.00,-2285.43,26979.21,352.03,2.500,0.00,50.0
13000.00,-2285.78,26981.68,352.03,2.500,0.00,50.0
13001.00,-2286.13,26984.16,352.03,2.500,0.00,50.0
13002.00,-2286.47,26986.63,352.03,2.500,0.00,50.0
13003.00,-2286.82,26989.11,352.03,2.500,0.00,50.0
13004.00,-2287.17,26991.59,352.03,2.500,0.00,50.0
13005.00,-2287.51,26994.06,352.03,2.500,0.00,50.0
13006.00,-2287.86,26996.54,352.03,2.500,0.00,50.0
13007.00,-2288.21,26999.01,352.03,2.500,0.00,50.0
13008.00,-2288.55,27001.49,352.03,2.500,0.00,50.0
13009.00,-2288.90,27003.97,352.03,2.500,0.00,50.0
13010.00,-2289.25,27006.44,352.03,2.500,0.00,50.0
13011.00,-2289.59,27008.92,352.03,2.500,0.00,50.0
13012.00,-2289.94,27011.39,352.03,2.500,0.00,50.0
13013.00,-2290.29,27013.87,352.03,2.500,0.00,50.0
13014.00,-2290.63,27016.34,352.03,2.500,0.00,50.0
13015.00,-2290.98,27018.82,352.03,2.500,0.00,50.0
13016.00,-2291.33,27021.30,352.03,2.500,0.00,50.0
13017.00,-2291.67,27023.77,352.03,2.500,0.00,50.0
13018.00,-2292.02,27026.25,352.03,2.500,0.00,50.0
13019.00,-2292.37,27028.72,352.03,2.500,0.00,50.0
13020.00,-2292.71,27031.20,352.03,2.500,0.00,50.0
13021.00,-2293.06,27033.68,352.03,2.500,0.00,50.0
13022.00,-2293.41,27036.15,352.03,2.500,0.00,50.0
13023.00,-2293.75,27038.63,352.03,2.500,0.00,50.0
13024.00,-2294.10,27041.10,352.03,2.500,0.00,50.0
13025.00,-2294.45,27043.58,352.03,2.500,0.00,50.0
13026.00,-2294.79,27046.06,352.03,2.500,0.00,50.0
13027.00,-2295.14,27048.53,352.03,2.500,0.00,50.0
13028.00,-2295.49,27051.01,352.03,2.500,0.00,50.0
13029.00,-2295.83,27053.48,352.03,2.500,0.00,50.0
13030.00,-2296.18,27055.96,352.03,2.500,0.00,50.0
13031.00,-2296.53,27058.43,352.03,2.500,0.00,50.0
13032.00,-2296.87,27060.91,352.03,2.500,0.00,50.0
13033.00,-2297.22,27063.39,352.03,2.500,0.00,50.0
13034.00,-2297.57,27065.86,352.03,2.500,0.00,50.0
13035.00,-2297.91,27068.34,352.03,2.500,0.00,50.0
13036.00,-2298.26,27070.81,352.03,2.500,0.00,50.0
13037.00,-2298.61,27073.29,352.03,2.500,0.00,50.0
13038.00,-2298.95,27075.77,352.03,2.500,0.00,50.0
13039.00,-2299.30,27078.24,352.03,2.500,0.00,50.0
13040.00,-2299.65,27080.72,352.03,2.500,0.00,50.0
13041.00,-2299.99,27083.19,352.03,2.500,0.00,50.0
13042.00,-2300.34,27085.67,352.03,2.500,0.00,50.0
13043.00,-2300.69,27088.14,352.03,2.500,0.00,50.0
13044.00,-2301.03,27090.62,352.03,2.500,0.00,50.0
13045.00,-2301.38,27093.10,352.03,2.500,0.00,50.0
13046.00,-2301.73,27095.57,352.03,2.500,0.00,50.0
13047.00,-2302.07,27098.05,352.03,2.500,0.00,50.0
13048.00,-2302.42,27100.52,352.03,2.500,0.00,50.0
13049.00,-2302.77,27103.00,352.03,2.500,0.00,50.0
13050.00,-2303.11,27105.48,352.03,2.500,0.00,50.0
13051.00,-2303.46,27107.95,352.03,2.500,0.00,50.0
13052.00,-2303.81,27110.43,352.03,2.500,0.00,50.0
13053.00,-2304.15,27112.90,352.03,2.500,0.00,50.0
13054.00,-2304.50,27115.38,352.03,2.500,0.00,50.0
13055.00,-2304.85,27117.85,352.03,2.500,0.00,50.0
13056.00,-2305.19,27120.33,352.03,2.500,0.00,50.0
13057.00,-2305.54,27122.81,352.03,2.500,0.00,50.0
13058.00,-2305.89,27125.28,352.03,2.500,0.00,50.0
13059.00,-2306.23,27127.76,352.03,2.500,0.00,50.0
13060.00,-2306.58,27130.23,352.03,2.500,0.00,50.0
13061.00,-2306.93,27132.71,352.03,2.500,0.00,50.0
13062.00,-2307.27,27135.19,352.03,2.500,0.00,50.0
13063.00,-2307.62,27137.66,352.03,2.500,0.00,50.0
13064.00,-2307.97,27140.14,352.03,2.500,0.00,50.0
13065.00,-2308.31,27142.61,352.03,2.500,0.00,50.0
13066.00,-2308.66,27145.09,352.03,2.500,0.00,50.0
13067.00,-2309.01,27147.56,352.03,2.500,0.00,50.0
13068.00,-2309.35,27150.04,352.03,2.500,0.00,50.0
13069.00,-2309.70,27152.52,352.03,2.500,0.00,50.0
13070.00,-2310.05,27154.99,352.03,2.500,0.00,50.0
13071.00,-2310.39,27157.47,352.03,2.500,0.00,50.0
13072.00,-2310.74,27159.94,352.03,2.500,0.00,50.0
13073.00,-2311.09,27162.42,352.03,2.500,0.00,50.0
13074.00,-2311.43,27164.90,352.03,2.500,0.00,50.0
13075.00,-2311.78,27167.37,352.03,2.500,0.00,50.0
13076.00,-2312.13,27169.85,352.03,2.500,0.00,50.0
13077.00,-2312.47,27172.32,352.03,2.500,0.00,50.0
13078.00,-2312.82,27174.80,352.03,2.500,0.00,50.0
13079.00,-2313.17,27177.27,352.03,2.500,0.00,50.0
13080.00,-2313.51,27179.75,352.03,2.500,0.00,50.0
13081.00,-2313.86,27182.23,352.03,2.500,0.00,50.0
13082.00,-2314.21,27184.70,352.03,2.500,0.00,50.0
13083.00,-2314.55,27187.18,352.03,2.500,0.00,50.0
13084.00,-2314.90,27189.65,352.03,2.500,0.00,50.0
13085.00,-2315.25,27192.13,352.03,2.500,0.00,50.0
13086.00,-2315.59,27194.61,352.03,2.500,0.00,50.0
13087.00,-2315.94,27197.08,352.03,2.500,0.00,50.0
13088.00,-2316.29,27199.56,352.03,2.500,0.00,50.0
13089.00,-2316.63,27202.03,352.03,2.500,0.00,50.0
13090.00,-2316.98,27204.51,352.03,2.500,0.00,50.0
13091.00,-2317.33,27206.98,352.03,2.500,0.00,50.0
13092.00,-2317.67,27209.46,352.03,2.500,0.00,50.0
13093.00,-2318.02,27211.94,352.03,2.500,0.00,50.0
13094.00,-2318.37,27214.41,352.03,2.500,0.00,50.0
13095.00,-2318.71,27216.89,352.03,2.500,0.00,50.0
13096.00,-2319.06,27219.36,352.03,2.500,0.00,50.0
13097.00,-2319.41,27221.84,352.03,2.500,0.00,50.0
13098.00,-2319.75,27224.32,352.03,2.500,0.00,50.0
13099.00,-2320.10,27226.79,352.03,2.500,0.00,50.0
13100.00,-2320.45,27229.27,352.03,2.500,0.00,50.0
13101.00,-2320.80,27231.74,352.03,2.500,0.00,50.0
13102.00,-2321.14,27234.22,352.03,2.500,0.00,50.0
13103.00,-2321.49,27236.70,352.03,2.500,0.00,50.0
13104.00,-2321.84,27239.17,352.03,2.500,0.00,50.0
13105.00,-2322.18,27241.65,352.03,2.500,0.00,50.0
13106.00,-2322.53,27244.12,352.03,2.500,0.00,50.0
13107.00,-2322.88,27246.60,352.03,2.500,0.00,50.0
13108.00,-2323.22,27249.07,352.03,2.500,0.00,50.0
13109.00,-2323.57,27251.55,352.03,2.500,0.00,50.0
13110.00,-2323.92,27254.03,352.03,2.500,0.00,50.0
13111.00,-2324.26,27256.50,352.03,2.500,0.00,50.0
13112.00,-2324.61,27258.98,352.03,2.500,0.00,50.0
13113.00,-2324.96,27261.45,352.03,2.500,0.00,50.0
13114.00,-2325.30,27263.93,352.03,2.500,0.00,50.0
13115.00,-2325.65,27266.41,352.03,2.500,0.00,50.0
13116.00,-2326.00,27268.88,352.03,2.500,0.00,50.0
13117.00,-2326.34,27271.36,352.03,2.500,0.00,50.0
13118.00,-2326.69,27273.83,352.03,2.500,0.00,50.0
13119.00,-2327.04,27276.31,352.03,2.500,0.00,50.0
13120.00,-2327.38,27278.78,352.03,2.500,0.00,50.0
13121.00,-2327.73,27281.26,352.03,2.500,0.00,50.0
13122.00,-2328.08,27283.74,352.03,2.500,0.00,50.0
13123.00,-2328.42,27286.21,352.03,2.500,0.00,50.0
13124.00,-2328.77,27288.69,352.03,2.500,0.00,50.0
13125.00,-2329.12,27291.16,352.03,2.500,0.00,50.0
13126.00,-2329.46,27293.64,352.03,2.500,0.00,50.0
13127.00,-2329.81,27296.12,352.03,2.500,0.00,50.0
13128.00,-2330.16,27298.59,352.03,2.500,0.00,50.0
13129.00,-2330.50,27301.07,352.03,2.500,0.00,50.0
13130.00,-2330.85,27303.54,352.03,2.500,0.00,50.0
13131.00,-2331.20,27306.02,352.03,2.500,0.00,50.0
13132.00,-2331.54,27308.49,352.03,2.500,0.00,50.0
13133.00,-2331.89,27310.97,352.03,2.500,0.00,50.0
13134.00,-2332.24,27313.45,352.03,2.500,0.00,50.0
13135.00,-2332.58,27315.92,352.03,2.500,0.00,50.0
13136.00,-2332.93,27318.40,352.03,2.500,0.00,50.0
13137.00,-2333.28,27320.87,352.03,2.500,0.00,50.0
13138.00,-2333.62,27323.35,352.03,2.500,0.00,50.0
13139.00,-2333.97,27325.83,352.03,2.500,0.00,50.0
13140.00,-2334.32,27328.30,352.03,2.500,0.00,50.0
13141.00,-2334.66,27330.78,352.03,2.500,0.00,50.0
13142.00,-2335.01,27333.25,352.03,2.500,0.00,50.0
13143.00,-2335.36,27335.73,352.03,2.500,0.00,50.0
13144.00,-2335.70,27338.20,352.03,2.500,0.00,50.0
13145.00,-2336.05,27340.68,352.03,2.500,0.00,50.0
13146.00,-2336.40,27343.16,352.03,2.500,0.00,50.0
13147.00,-2336.74,27345.63,352.03,2.500,0.00,50.0
13148.00,-2337.09,27348.11,352.03,2.500,0.00,50.0
13149.00,-2337.44,27350.58,352.03,2.500,0.00,50.0
13150.00,-2337.78,27353.06,352.03,2.500,0.00,50.0
13151.00,-2338.13,27355.54,352.03,2.500,0.00,50.0
13152.00,-2338.48,27358.01,352.03,2.500,0.00,50.0
13153.00,-2338.82,27360.49,352.03,2.500,0.00,50.0
13154.00,-2339.17,27362.96,352.03,2.500,0.00,50.0
13155.00,-2339.52,27365.44,352.03,2.500,0.00,50.0
13156.00,-2339.86,27367.91,352.03,2.500,0.00,50.0
13157.00,-2340.21,27370.39,352.03,2.500,0.00,50.0
13158.00,-2340.56,27372.87,352.03,2.500,0.00,50.0
13159.00,-2340.90,27375.34,352.03,2.500,0.00,50.0
13160.00,-2341.25,27377.82,352.03,2.500,0.00,50.0
13161.00,-2341.60,27380.29,352.03,2.500,0.00,50.0
13162.00,-2341.94,27382.77,352.03,2.500,0.00,50.0
13163.00,-2342.29,27385.25,352.03,2.500,0.00,50.0
13164.00,-2342.64,27387.72,352.03,2.500,0.00,50.0
13165.00,-2342.98,27390.20,352.03,2.500,0.00,50.0
13166.00,-2343.33,27392.67,352.03,2.500,0.00,50.0
13167.00,-2343.68,27395.15,352.03,2.500,0.00,50.0
13168.00,-2344.02,27397.62,352.03,2.500,0.00,50.0
13169.00,-2344.37,27400.10,352.03,2.500,0.00,50.0
13170.00,-2344.72,27402.58,352.03,2.500,0.00,50.0
13171.00,-2345.06,27405.05,352.03,2.500,0.00,50.0
13172.00,-2345.41,27407.53,352.03,2.500,0.00,50.0
13173.00,-2345.76,27410.00,352.03,2.500,0.00,50.0
13174.00,-2346.10,27412.48,352.03,2.500,0.00,50.0
13175.00,-2346.45,27414.96,352.03,2.500,0.00,50.0
13176.00,-2346.80,27417.43,352.03,2.500,0.00,50.0
13177.00,-2347.14,27419.91,352.03,2.500,0.00,50.0
13178.00,-2347.49,27422.38,352.03,2.500,0.00,50.0
13179.00,-2347.84,27424.86,352.03,2.500,0.00,50.0
13180.00,-2348.18,27427.33,352.03,2.500,0.00,50.0
13181.00,-2348.53,27429.81,352.03,2.500,0.00,50.0
13182.00,-2348.88,27432.29,352.03,2.500,0.00,50.0
13183.00,-2349.22,27434.76,352.03,2.500,0.00,50.0
13184.00,-2349.57,27437.24,352.03,2.500,0.00,50.0
13185.00,-2349.92,27439.71,352.03,2.500,0.00,50.0
13186.00,-2350.26,27442.19,352.03,2.500,0.00,50.0
13187.00,-2350.61,27444.67,352.03,2.500,0.00,50.0
13188.00,-2350.96,27447.14,352.03,2.500,0.00,50.0
13189.00,-2351.30,27449.62,352.03,2.500,0.00,50.0
13190.00,-2351.65,27452.09,352.03,2.500,0.00,50.0
13191.00,-2352.00,27454.57,352.03,2.500,0.00,50.0
13192.00,-2352.34,27457.05,352.03,2.500,0.00,50.0
13193.00,-2352.69,27459.52,352.03,2.500,0.00,50.0
13194.00,-2353.04,27462.00,352.03,2.500,0.00,50.0
13195.00,-2353.38,27464.47,352.03,2.500,0.00,50.0
13196.00,-2353.73,27466.95,352.03,2.500,0.00,50.0
13197.00,-2354.08,27469.42,352.03,2.500,0.00,50.0
13198.00,-2354.42,27471.90,352.03,2.500,0.00,50.0
13199.00,-2354.77,27474.38,352.03,2.500,0.00,50.0
13200.00,-2355.12,27476.85,352.03,2.500,0.00,50.0
13201.00,-2355.46,27479.33,352.03,2.500,0.00,50.0
13202.00,-2355.81,27481.80,352.03,2.500,0.00,50.0
13203.00,-2356.16,27484.28,352.03,2.500,0.00,50.0
13204.00,-2356.50,27486.76,352.03,2.500,0.00,50.0
13205.00,-2356.85,27489.23,352.03,2.500,0.00,50.0
13206.00,-2357.20,27491.71,352.03,2.500,0.00,50.0
13207.00,-2357.55,27494.18,352.03,2.500,0.00,50.0
13208.00,-2357.89,27496.66,352.03,2.500,0.00,50.0
13209.00,-2358.24,27499.13,352.03,2.500,0.00,50.0
13210.00,-2358.59,27501.61,352.03,2.500,0.00,50.0
13211.00,-2358.93,27504.09,352.03,2.500,0.00,50.0
13212.00,-2359.28,27506.56,352.03,2.500,0.00,50.0
13213.00,-2359.63,27509.04,352.03,2.500,0.00,50.0
13214.00,-2359.97,27511.51,352.03,2.500,0.00,50.0
13215.00,-2360.32,27513.99,352.03,2.500,0.00,50.0
13216.00,-2360.67,27516.47,352.03,2.500,0.00,50.0
13217.00,-2361.01,27518.94,352.03,2.500,0.00,50.0
13218.00,-2361.36,27521.42,352.03,2.500,0.00,50.0
13219.00,-2361.71,27523.89,352.03,2.500,0.00,50.0
13220.00,-2362.05,27526.37,352.03,2.500,0.00,50.0
13221.00,-2362.40,27528.84,352.03,2.500,0.00,50.0
13222.00,-2362.75,27531.32,352.03,2.500,0.00,50.0
13223.00,-2363.09,27533.80,352.03,2.500,0.00,50.0
13224.00,-2363.44,27536.27,352.03,2.500,0.00,50.0
13225.00,-2363.79,27538.75,352.03,2.500,0.00,50.0
13226.00,-2364.13,27541.22,352.03,2.500,0.00,50.0
13227.00,-2364.48,27543.70,352.03,2.500,0.00,50.0
13228.00,-2364.83,27546.18,352.03,2.500,0.00,50.0
13229.00,-2365.17,27548.65,352.03,2.500,0.00,50.0
13230.00,-2365.52,27551.13,352.03,2.500,0.00,50.0
13231.00,-2365.87,27553.60,352.03,2.500,0.00,50.0
13232.00,-2366.21,27556.08,352.03,2.500,0.00,50.0
13233.00,-2366.56,27558.55,352.03,2.500,0.00,50.0
13234.00,-2366.91,27561.03,352.03,2.500,0.00,50.0
13235.00,-2367.25,27563.51,352.03,2.500,0.00,50.0
13236.00,-2367.60,27565.98,352.03,2.500,0.00,50.0
13237.00,-2367.95,27568.46,352.03,2.500,0.00,50.0
13238.00,-2368.29,27570.93,352.03,2.500,0.00,50.0
13239.00,-2368.64,27573.41,352.03,2.500,0.00,50.0
13240.00,-2368.99,27575.89,352.03,2.500,0.00,50.0
13241.00,-2369.33,27578.36,352.03,2.500,0.00,50.0
13242.00,-2369.68,27580.84,352.03,2.500,0.00,50.0
13243.00,-2370.03,27583.31,352.03,2.500,0.00,50.0
13244.00,-2370.37,27585.79,352.03,2.500,0.00,50.0
13245.00,-2370.72,27588.26,352.03,2.500,0.00,50.0
13246.00,-2371.07,27590.74,352.03,2.500,0.00,50.0
13247.00,-2371.41,27593.22,352.03,2.500,0.00,50.0
13248.00,-2371.76,27595.69,352.03,2.500,0.00,50.0
13249.00,-2372.11,27598.17,352.03,2.500,0.00,50.0
13250.00,-2372.45,27600.64,352.03,2.500,0.00,50.0
13251.00,-2372.80,27603.12,352.03,2.500,0.00,50.0
13252.00,-2373.15,27605.60,352.03,2.500,0.00,50.0
13253.00,-2373.49,27608.07,352.03,2.500,0.00,50.0
13254.00,-2373.84,27610.55,352.03,2.500,0.00,50.0
13255.00,-2374.19,27613.02,352.03,2.500,0.00,50.0
13256.00,-2374.53,27615.50,352.03,2.500,0.00,50.0
13257.00,-2374.88,27617.97,352.03,2.500,0.00,50.0
13258.00,-2375.23,27620.45,352.03,2.500,0.00,50.0
13259.00,-2375.57,27622.93,352.03,2.500,0.00,50.0
13260.00,-2375.92,27625.40,352.03,2.500,0.00,50.0
13261.00,-2376.27,27627.88,352.03,2.500,0.00,50.0
13262.00,-2376.61,27630.35,352.03,2.500,0.00,50.0
13263.00,-2376.96,27632.83,352.03,2.500,0.00,50.0
13264.00,-2377.31,27635.31,352.03,2.500,0.00,50.0
13265.00,-2377.65,27637.78,352.03,2.500,0.00,50.0
13266.00,-2378.00,27640.26,352.03,2.500,0.00,50.0
13267.00,-2378.35,27642.73,352.03,2.500,0.00,50.0
13268.00,-2378.69,27645.21,352.03,2.500,0.00,50.0
13269.00,-2379.04,27647.69,352.03,2.500,0.00,50.0
13270.00,-2379.39,27650.16,352.03,2.500,0.00,50.0
13271.00,-2379.73,27652.64,352.03,2.500,0.00,50.0
13272.00,-2380.08,27655.11,352.03,2.500,0.00,50.0
13273.00,-2380.43,27657.59,352.03,2.500,0.00,50.0
13274.00,-2380.77,27660.06,352.03,2.500,0.00,50.0
13275.00,-2381.12,27662.54,352.03,2.500,0.00,50.0
13276.00,-2381.47,27665.02,352.03,2.500,0.00,50.0
13277.00,-2381.81,27667.49,352.03,2.500,0.00,50.0
13278.00,-2382.16,27669.97,352.03,2.500,0.00,50.0
13279.00,-2382.51,27672.44,352.03,2.500,0.00,50.0
13280.00,-2382.85,27674.92,352.03,2.500,0.00,50.0
13281.00,-2383.20,27677.40,352.03,2.500,0.00,50.0
13282.00,-2383.55,27679.87,352.03,2.500,0.00,50.0
13283.00,-2383.89,27682.35,352.03,2.500,0.00,50.0
13284.00,-2384.24,27684.82,352.03,2.500,0.00,50.0
13285.00,-2384.59,27687.30,352.03,2.500,0.00,50.0
13286.00,-2384.93,27689.77,352.03,2.500,0.00,50.0
13287.00,-2385.28,27692.25,352.03,2.500,0.00,50.0
13288.00,-2385.63,27694.73,352.03,2.500,0.00,50.0
13289.00,-2385.97,27697.20,352.03,2.500,0.00,50.0
13290.00,-2386.32,27699.68,352.03,2.500,0.00,50.0
13291.00,-2386.67,27702.15,352.03,2.500,0.00,50.0
13292.00,-2387.01,27704.63,352.03,2.500,0.00,50.0
13293.00,-2387.36,27707.11,352.03,2.500,0.00,50.0
13294.00,-2387.71,27709.58,352.03,2.500,0.00,50.0
13295.00,-2388.05,27712.06,352.03,2.500,0.00,50.0
13296.00,-2388.40,27714.53,352.03,2.500,0.00,50.0
13297.00,-2388.75,27717.01,352.03,2.500,0.00,50.0
13298.00,-2389.09,27719.48,352.03,2.500,0.00,50.0
13299.00,-2389.44,27721.96,352.03,2.500,0.00,50.0
13300.00,-2389.79,27724.44,352.03,2.500,0.00,50.0
13301.00,-2390.13,27726.91,352.03,2.500,0.00,50.0
13302.00,-2390.48,27729.39,352.03,2.500,0.00,50.0
13303.00,-2390.83,27731.86,352.03,2.500,0.00,50.0
13304.00,-2391.17,27734.34,352.03,2.500,0.00,50.0
13305.00,-2391.52,27736.82,352.03,2.500,0.00,50.0
13306.00,-2391.87,27739.29,352.03,2.500,0.00,50.0
13307.00,-2392.21,27741.77,352.03,2.500,0.00,50.0
13308.00,-2392.56,27744.24,352.03,2.500,0.00,50.0
13309.00,-2392.91,27746.72,352.03,2.500,0.00,50.0
13310.00,-2393.25,27749.19,352.03,2.500,0.00,50.0
13311.00,-2393.60,27751.67,352.03,2.500,0.00,50.0
13312.00,-2393.95,27754.15,352.03,2.500,0.00,50.0
13313.00,-2394.30,27756.62,352.03,2.500,0.00,50.0
13314.00,-2394.64,27759.10,352.03,2.500,0.00,50.0
13315.00,-2394.99,27761.57,352.03,2.500,0.00,50.0
13316.00,-2395.34,27764.05,352.03,2.500,0.00,50.0
13317.00,-2395.68,27766.53,352.03,2.500,0.00,50.0
13318.00,-2396.03,27769.00,352.03,2.500,0.00,50.0
13319.00,-2396.38,27771.48,352.03,2.500,0.00,50.0
13320.00,-2396.72,27773.95,352.03,2.500,0.00,50.0
13321.00,-2397.07,27776.43,352.03,2.500,0.00,50.0
13322.00,-2397.42,27778.90,352.03,2.500,0.00,50.0
13323.00,-2397.76,27781.38,352.03,2.500,0.00,50.0
13324.00,-2398.11,27783.86,352.03,2.500,0.00,50.0
13325.00,-2398.46,27786.33,352.03,2.500,0.00,50.0
13326.00,-2398.80,27788.81,352.03,2.500,0.00,50.0
13327.00,-2399.15,27791.28,352.03,2.500,0.00,50.0
13328.00,-2399.50,27793.76,352.03,2.500,0.00,50.0
13329.00,-2399.84,27796.24,352.03,2.500,0.00,50.0
13330.00,-2400.19,27798.71,352.03,2.500,0.00,50.0
13331.00,-2400.54,27801.19,352.03,2.500,0.00,50.0
13332.00,-2400.88,27803.66,352.03,2.500,0.00,50.0
13333.00,-2401.23,27806.14,352.03,2.500,0.00,50.0
13334.00,-2401.58,27808.61,352.03,2.500,0.00,50.0
13335.00,-2401.92,27811.09,352.03,2.500,0.00,50.0
13336.00,-2402.27,27813.57,352.03,2.500,0.00,50.0
13337.00,-2402.62,27816.04,352.03,2.500,0.00,50.0
13338.00,-2402.96,27818.52,352.03,2.500,0.00,50.0
13339.00,-2403.31,27820.99,352.03,2.500,0.00,50.0
13340.00,-2403.66,27823.47,352.03,2.500,0.00,50.0
13341.00,-2404.00,27825.95,352.03,2.500,0.00,50.0
13342.00,-2404.35,27828.42,352.03,2.500,0.00,50.0
13343.00,-2404.70,27830.90,352.03,2.500,0.00,50.0
13344.00,-2405.04,27833.37,352.03,2.500,0.00,50.0
13345.00,-2405.39,27835.85,352.03,2.500,0.00,50.0
13346.00,-2405.74,27838.32,352.03,2.500,0.00,50.0
13347.00,-2406.08,27840.80,352.03,2.500,0.00,50.0
13348.00,-2406.43,27843.28,352.03,2.500,0.00,50.0
13349.00,-2406.78,27845.75,352.03,2.500,0.00,50.0
13350.00,-2407.12,27848.23,352.03,2.500,0.00,50.0
13351.00,-2407.47,27850.70,352.03,2.500,0.00,50.0
13352.00,-2407.82,27853.18,352.03,2.500,0.00,50.0
13353.00,-2408.16,27855.66,352.03,2.500,0.00,50.0
13354.00,-2408.51,27858.13,352.03,2.500,0.00,50.0
13355.00,-2408.86,27860.61,352.03,2.500,0.00,50.0
13356.00,-2409.20,27863.08,352.03,2.500,0.00,50.0
13357.00,-2409.55,27865.56,352.03,2.500,0.00,50.0
13358.00,-2409.90,27868.04,352.03,2.500,0.00,50.0
13359.00,-2410.24,27870.51,352.03,2.500,0.00,50.0
13360.00,-2410.59,27872.99,352.03,2.500,0.00,50.0
13361.00,-2410.94,27875.46,352.03,2.500,0.00,50.0
13362.00,-2411.28,27877.94,352.03,2.500,0.00,50.0
13363.00,-2411.63,27880.41,352.03,2.500,0.00,50.0
13364.00,-2411.98,27882.89,352.03,2.500,0.00,50.0
13365.00,-2412.32,27885.37,352.03,2.500,0.00,50.0
13366.00,-2412.67,27887.84,352.03,2.500,0.00,50.0
13367.00,-2413.02,27890.32,352.03,2.500,0.00,50.0
13368.00,-2413.36,27892.79,352.03,2.500,0.00,50.0
13369.00,-2413.71,27895.27,352.03,2.500,0.00,50.0
13370.00,-2414.06,27897.75,352.03,2.500,0.00,50.0
13371.00,-2414.40,27900.22,352.03,2.500,0.00,50.0
13372.00,-2414.75,27902.70,352.03,2.500,0.00,50.0
13373.00,-2415.10,27905.17,352.03,2.500,0.00,50.0
13374.00,-2415.44,27907.65,352.03,2.500,0.00,50.0
13375.00,-2415.79,27910.12,352.03,2.500,0.00,50.0
13376.00,-2416.14,27912.60,352.03,2.500,0.00,50.0
13377.00,-2416.48,27915.08,352.03,2.500,0.00,50.0
13378.00,-2416.83,27917.55,352.03,2.500,0.00,50.0
13379.00,-2417.18,27920.03,352.03,2.500,0.00,50.0
13380.00,-2417.52,27922.50,352.03,2.500,0.00,50.0
13381.00,-2417.87,27924.98,352.03,2.500,0.00,50.0
13382.00,-2418.22,27927.46,352.03,2.500,0.00,50.0
13383.00,-2418.56,27929.93,352.03,2.500,0.00,50.0
13384.00,-2418.91,27932.41,352.03,2.500,0.00,50.0
13385.00,-2419.26,27934.88,352.03,2.500,0.00,50.0
13386.00,-2419.60,27937.36,352.03,2.500,0.00,50.0
13387.00,-2419.95,27939.83,352.03,2.500,0.00,50.0
13388.00,-2420.30,27942.31,352.03,2.500,0.00,50.0
13389.00,-2420.64,27944.79,352.03,2.500,0.00,50.0
13390.00,-2420.99,27947.26,352.03,2.500,0.00,50.0
13391.00,-2421.34,27949.74,352.03,2.500,0.00,50.0
13392.00,-2421.68,27952.21,352.03,2.500,0.00,50.0
13393.00,-2422.03,27954.69,352.03,2.500,0.00,50.0
13394.00,-2422.38,27957.17,352.03,2.500,0.00,50.0
13395.00,-2422.72,27959.64,352.03,2.500,0.00,50.0
13396.00,-2423.07,27962.12,352.03,2.500,0.00,50.0
13397.00,-2423.42,27964.59,352.03,2.500,0.00,50.0
13398.00,-2423.76,27967.07,352.03,2.500,0.00,50.0
13399.00,-2424.11,27969.54,352.03,2.500,0.00,50.0
13400.00,-2424.46,27972.02,352.03,2.500,0.00,50.0
13401.00,-2424.80,27974.50,352.03,2.500,0.00,50.0
13402.00,-2425.15,27976.97,352.03,2.500,0.00,50.0
13403.00,-2425.50,27979.45,352.03,2.500,0.00,50.0
13404.00,-2425.84,27981.92,352.03,2.500,0.00,50.0
13405.00,-2426.19,27984.40,352.03,2.500,0.00,50.0
13406.00,-2426.54,27986.88,352.03,2.500,0.00,50.0
13407.00,-2426.88,27989.35,352.03,2.500,0.00,50.0
13408.00,-2427.23,27991.83,352.03,2.500,0.00,50.0
13409.00,-2427.58,27994.30,352.03,2.500,0.00,50.0
13410.00,-2427.92,27996.78,352.03,2.500,0.00,50.0
13411.00,-2428.27,27999.25,352.03,2.500,0.00,50.0
13412.00,-2428.62,28001.73,352.03,2.500,0.00,50.0
13413.00,-2428.96,28004.21,352.03,2.500,0.00,50.0
13414.00,-2429.31,28006.68,352.03,2.500,0.00,50.0
13415.00,-2429.66,28009.16,352.03,2.500,0.00,50.0
13416.00,-2430.00,28011.63,352.03,2.500,0.00,50.0
13417.00,-2430.35,28014.11,352.03,2.500,0.00,50.0
13418.00,-2430.70,28016.59,352.03,2.500,0.00,50.0
13419.00,-2431.05,28019.06,352.03,2.500,0.00,50.0
13420.00,-2431.39,28021.54,352.03,2.500,0.00,50.0
13421.00,-2431.74,28024.01,352.03,2.500,0.00,50.0
13422.00,-2432.09,28026.49,352.03,2.500,0.00,50.0
13423.00,-2432.43,28028.96,352.03,2.500,0.00,50.0
13424.00,-2432.78,28031.44,352.03,2.500,0.00,50.0
13425.00,-2433.13,28033.92,352.03,2.500,0.00,50.0
13426.00,-2433.47,28036.39,352.03,2.500,0.00,50.0
13427.00,-2433.82,28038.87,352.03,2.500,0.00,50.0
13428.00,-2434.17,28041.34,352.03,2.500,0.00,50.0
13429.00,-2434.51,28043.82,352.03,2.500,0.00,50.0
13430.00,-2434.86,28046.30,352.03,2.500,0.00,50.0
13431.00,-2435.21,28048.77,352.03,2.500,0.00,50.0
13432.00,-2435.55,28051.25,352.03,2.500,0.00,50.0
13433.00,-2435.90,28053.72,352.03,2.500,0.00,50.0
13434.00,-2436.25,28056.20,352.03,2.500,0.00,50.0
13435.00,-2436.59,28058.68,352.03,2.500,0.00,50.0
13436.00,-2436.94,28061.15,352.03,2.500,0.00,50.0
13437.00,-2437.29,28063.63,352.03,2.500,0.00,50.0
13438.00,-2437.63,28066.10,352.03,2.500,0.00,50.0
13439.00,-2437.98,28068.58,352.03,2.500,0.00,50.0
13440.00,-2438.33,28071.05,352.03,2.500,0.00,50.0
13441.00,-2438.67,28073.53,352.03,2.500,0.00,50.0
13442.00,-2439.02,28076.01,352.03,2.500,0.00,50.0
13443.00,-2439.37,28078.48,352.03,2.500,0.00,50.0
13444.00,-2439.71,28080.96,352.03,2.500,0.00,50.0
13445.00,-2440.06,28083.43,352.03,2.500,0.00,50.0
13446.00,-2440.41,28085.91,352.03,2.500,0.00,50.0
13447.00,-2440.75,28088.39,352.03,2.500,0.00,50.0
13448.00,-2441.10,28090.86,352.03,2.500,0.00,50.0
13449.00,-2441.45,28093.34,352.03,2.500,0.00,50.0
13450.00,-2441.79,28095.81,352.03,2.500,0.00,50.0
13451.00,-2442.14,28098.29,352.03,2.500,0.00,50.0
13452.00,-2442.49,28100.76,352.03,2.500,0.00,50.0
13453.00,-2442.83,28103.24,352.03,2.500,0.00,50.0
13454.00,-2443.18,28105.72,352.03,2.500,0.00,50.0
13455.00,-2443.53,28108.19,352.03,2.500,0.00,50.0
13456.00,-2443.87,28110.67,352.03,2.500,0.00,50.0
13457.00,-2444.22,28113.14,352.03,2.500,0.00,50.0
13458.00,-2444.57,28115.62,352.03,2.500,0.00,50.0
13459.00,-2444.91,28118.10,352.03,2.500,0.00,50.0
13460.00,-2445.26,28120.57,352.03,2.500,0.00,50.0
13461.00,-2445.61,28123.05,352.03,2.500,0.00,50.0
13462.00,-2445.95,28125.52,352.03,2.500,0.00,50.0
13463.00,-2446.30,28128.00,352.03,2.500,0.00,50.0
13464.00,-2446.65,28130.47,352.03,2.500,0.00,50.0
13465.00,-2446.99,28132.95,352.03,2.500,0.00,50.0
13466.00,-2447.34,28135.43,352.03,2.500,0.00,50.0
13467.00,-2447.69,28137.90,352.03,2.500,0.00,50.0
13468.00,-2448.03,28140.38,352.03,2.500,0.00,50.0
13469.00,-2448.38,28142.85,352.03,2.500,0.00,50.0
13470.00,-2448.73,28145.33,352.03,2.500,0.00,50.0
13471.00,-2449.07,28147.81,352.03,2.500,0.00,50.0
13472.00,-2449.42,28150.28,352.03,2.500,0.00,50.0
13473.00,-2449.77,28152.76,352.03,2.500,0.00,50.0
13474.00,-2450.11,28155.23,352.03,2.500,0.00,50.0
13475.00,-2450.46,28157.71,352.03,2.500,0.00,50.0
13476.00,-2450.81,28160.18,352.03,2.500,0.00,50.0
13477.00,-2451.15,28162.66,352.03,2.500,0.00,50.0
13478.00,-2451.50,28165.14,352.03,2.500,0.00,50.0
13479.00,-2451.85,28167.61,352.03,2.500,0.00,50.0
13480.00,-2452.19,28170.09,352.03,2.500,0.00,50.0
13481.00,-2452.54,28172.56,352.03,2.500,0.00,50.0
13482.00,-2452.89,28175.04,352.03,2.500,0.00,50.0
13483.00,-2453.23,28177.52,352.03,2.500,0.00,50.0
13484.00,-2453.58,28179.99,352.03,2.500,0.00,50.0
13485.00,-2453.93,28182.47,352.03,2.500,0.00,50.0
13486.00,-2454.27,28184.94,352.03,2.500,0.00,50.0
13487.00,-2454.62,28187.42,352.03,2.500,0.00,50.0
13488.00,-2454.97,28189.89,352.03,2.500,0.00,50.0
13489.00,-2455.31,28192.37,352.03,2.500,0.00,50.0
13490.00,-2455.66,28194.85,352.03,2.500,0.00,50.0
13491.00,-2456.01,28197.32,352.03,2.500,0.00,50.0
13492.00,-2456.35,28199.80,352.03,2.500,0.00,50.0
13493.00,-2456.70,28202.27,352.03,2.500,0.00,50.0
13494.00,-2457.05,28204.75,352.03,2.500,0.00,50.0
13495.00,-2457.39,28207.23,352.03,2.500,0.00,50.0
13496.00,-2457.74,28209.70,352.03,2.500,0.00,50.0
13497.00,-2458.09,28212.18,352.03,2.500,0.00,50.0
13498.00,-2458.43,28214.65,352.03,2.500,0.00,50.0
13499.00,-2458.78,28217.13,352.03,2.500,0.00,50.0
13500.00,-2459.13,28219.60,352.03,2.500,0.00,50.0
13501.00,-2459.47,28222.08,352.03,2.500,0.00,50.0
13502.00,-2459.82,28224.56,352.03,2.500,0.00,50.0
13503.00,-2460.17,28227.03,352.03,2.500,0.00,50.0
13504.00,-2460.51,28229.51,352.03,2.500,0.00,50.0
13505.00,-2460.86,28231.98,352.03,2.500,0.00,50.0
13506.00,-2461.21,28234.46,352.03,2.500,0.00,50.0
13507.00,-2461.55,28236.94,352.03,2.500,0.00,50.0
13508.00,-2461.90,28239.41,352.03,2.500,0.00,50.0
13509.00,-2462.25,28241.89,352.03,2.500,0.00,50.0
13510.00,-2462.59,28244.36,352.03,2.500,0.00,50.0
13511.00,-2462.94,28246.84,352.03,2.500,0.00,50.0
13512.00,-2463.29,28249.31,352.03,2.500,0.00,50.0
13513.00,-2463.63,28251.79,352.03,2.500,0.00,50.0
13514.00,-2463.98,28254.27,352.03,2.500,0.00,50.0
13515.00,-2464.33,28256.74,352.03,2.500,0.00,50.0
13516.00,-2464.67,28259.22,352.03,2.500,0.00,50.0
13517.00,-2465.02,28261.69,352.03,2.500,0.00,50.0
13518.00,-2465.37,28264.17,352.03,2.500,0.00,50.0
13519.00,-2465.71,28266.65,352.03,2.500,0.00,50.0
13520.00,-2466.06,28269.12,352.03,2.500,0.00,50.0
13521.00,-2466.41,28271.60,352.03,2.500,0.00,50.0
13522.00,-2466.75,28274.07,352.03,2.500,0.00,50.0
13523.00,-2467.10,28276.55,352.03,2.500,0.00,50.0
13524.00,-2467.45,28279.03,352.03,2.500,0.00,50.0
13525.00,-2467.80,28281.50,352.03,2.500,0.00,50.0
13526.00,-2468.14,28283.98,352.03,2.500,0.00,50.0
13527.00,-2468.49,28286.45,352.03,2.500,0.00,50.0
13528.00,-2468.84,28288.93,352.03,2.500,0.00,50.0
13529.00,-2469.18,28291.40,352.03,2.500,0.00,50.0
13530.00,-2469.53,28293.88,352.03,2.500,0.00,50.0
13531.00,-2469.88,28296.36,352.03,2.500,0.00,50.0
13532.00,-2470.22,28298.83,352.03,2.500,0.00,50.0
13533.00,-2470.57,28301.31,352.03,2.500,0.00,50.0
13534.00,-2470.92,28303.78,352.03,2.500,0.00,50.0
13535.00,-2471.26,28306.26,352.03,2.500,0.00,50.0
13536.00,-2471.61,28308.74,352.03,2.500,0.00,50.0
13537.00,-2471.96,28311.21,352.03,2.500,0.00,50.0
13538.00,-2472.30,28313.69,352.03,2.500,0.00,50.0
13539.00,-2472.65,28316.16,352.03,2.500,0.00,50.0
13540.00,-2473.00,28318.64,352.03,2.500,0.00,50.0
13541.00,-2473.34,28321.11,352.03,2.500,0.00,50.0
13542.00,-2473.69,28323.59,352.03,2.500,0.00,50.0
13543.00,-2474.04,28326.07,352.03,2.500,0.00,50.0
13544.00,-2474.38,28328.54,352.03,2.500,0.00,50.0
13545.00,-2474.73,28331.02,352.03,2.500,0.00,50.0
13546.00,-2475.08,28333.49,352.03,2.500,0.00,50.0
13547.00,-2475.42,28335.97,352.03,2.500,0.00,50.0
13548.00,-2475.77,28338.45,352.03,2.500,0.00,50.0
13549.00,-2476.12,28340.92,352.03,2.500,0.00,50.0
13550.00,-2476.46,28343.40,352.03,2.500,0.00,50.0
13551.00,-2476.81,28345.87,352.03,2.500,0.00,50.0
13552.00,-2477.16,28348.35,352.03,2.500,0.00,50.0
13553.00,-2477.50,28350.82,352.03,2.500,0.00,50.0
13554.00,-2477.85,28353.30,352.03,2.500,0.00,50.0
13555.00,-2478.20,28355.78,352.03,2.500,0.00,50.0
13556.00,-2478.54,28358.25,352.03,2.500,0.00,50.0
13557.00,-2478.89,28360.73,352.03,2.500,0.00,50.0
13558.00,-2479.24,28363.20,352.03,2.500,0.00,50.0
13559.00,-2479.58,28365.68,352.03,2.500,0.00,50.0
13560.00,-2479.93,28368.16,352.03,2.500,0.00,50.0
13561.00,-2480.28,28370.63,352.03,2.500,0.00,50.0
13562.00,-2480.62,28373.11,352.03,2.500,0.00,50.0
13563.00,-2480.97,28375.58,352.03,2.500,0.00,50.0
13564.00,-2481.32,28378.06,352.03,2.500,0.00,50.0
13565.00,-2481.66,28380.53,352.03,2.500,0.00,50.0
13566.00,-2482.01,28383.01,352.03,2.500,0.00,50.0
13567.00,-2482.36,28385.49,352.03,2.500,0.00,50.0
13568.00,-2482.70,28387.96,352.03,2.500,0.00,50.0
13569.00,-2483.05,28390.44,352.03,2.500,0.00,50.0
13570.00,-2483.40,28392.91,352.03,2.500,0.00,50.0
13571.00,-2483.74,28395.39,352.03,2.500,0.00,50.0
13572.00,-2484.09,28397.87,352.03,2.500,0.00,50.0
13573.00,-2484.44,28400.34,352.03,2.500,0.00,50.0
13574.00,-2484.78,28402.82,352.03,2.500,0.00,50.0
13575.00,-2485.13,28405.29,352.03,2.500,0.00,50.0
13576.00,-2485.48,28407.77,352.03,2.500,0.00,50.0
13577.00,-2485.82,28410.24,352.03,2.500,0.00,50.0
13578.00,-2486.17,28412.72,352.03,2.500,0.00,50.0
13579.00,-2486.52,28415.20,352.03,2.500,0.00,50.0
13580.00,-2486.86,28417.67,352.03,2.500,0.00,50.0
13581.00,-2487.21,28420.15,352.03,2.500,0.00,50.0
13582.00,-2487.56,28422.62,352.03,2.500,0.00,50.0
13583.00,-2487.90,28425.10,352.03,2.500,0.00,50.0
13584.00,-2488.25,28427.58,352.03,2.500,0.00,50.0
13585.00,-2488.60,28430.05,352.03,2.500,0.00,50.0
13586.00,-2488.94,28432.53,352.03,2.500,0.00,50.0
13587.00,-2489.29,28435.00,352.03,2.500,0.00,50.0
13588.00,-2489.64,28437.48,352.03,2.500,0.00,50.0
13589.00,-2489.98,28439.95,352.03,2.500,0.00,50.0
13590.00,-2490.33,28442.43,352.03,2.500,0.00,50.0
13591.00,-2490.68,28444.91,352.03,2.500,0.00,50.0
13592.00,-2491.02,28447.38,352.03,2.500,0.00,50.0
13593.00,-2491.37,28449.86,352.03,2.500,0.00,50.0
13594.00,-2491.72,28452.33,352.03,2.500,0.00,50.0
13595.00,-2492.06,28454.81,352.03,2.500,0.00,50.0
13596.00,-2492.41,28457.29,352.03,2.500,0.00,50.0
13597.00,-2492.76,28459.76,352.03,2.500,0.00,50.0
13598.00,-2493.10,28462.24,352.03,2.500,0.00,50.0
13599.00,-2493.45,28464.71,352.03,2.500,0.00,50.0
13600.00,-2493.80,28467.19,352.03,2.500,0.00,50.0
13601.00,-2494.14,28469.67,352.03,2.500,0.00,50.0
13602.00,-2494.49,28472.14,352.03,2.500,0.00,50.0
13603.00,-2494.84,28474.62,352.03,2.500,0.00,50.0
13604.00,-2495.18,28477.09,352.03,2.500,0.00,50.0
13605.00,-2495.53,28479.57,352.03,2.500,0.00,50.0
13606.00,-2495.88,28482.04,352.03,2.500,0.00,50.0
13607.00,-2496.22,28484.52,352.03,2.500,0.00,50.0
13608.00,-2496.57,28487.00,352.03,2.500,0.00,50.0
13609.00,-2496.92,28489.47,352.03,2.500,0.00,50.0
13610.00,-2497.26,28491.95,352.03,2.500,0.00,50.0
13611.00,-2497.61,28494.42,352.03,2.500,0.00,50.0
13612.00,-2497.96,28496.90,352.03,2.500,0.00,50.0
13613.00,-2498.30,28499.38,352.03,2.500,0.00,50.0
13614.00,-2498.65,28501.85,352.03,2.500,0.00,50.0
13615.00,-2499.00,28504.33,352.03,2.500,0.00,50.0
13616.00,-2499.34,28506.80,352.03,2.500,0.00,50.0
13617.00,-2499.69,28509.28,352.03,2.500,0.00,50.0
13618.00,-2500.04,28511.75,352.03,2.500,0.00,50.0
13619.00,-2500.38,28514.23,352.03,2.500,0.00,50.0
13620.00,-2500.73,28516.71,352.03,2.500,0.00,50.0
13621.00,-2501.08,28519.18,352.03,2.500,0.00,50.0
13622.00,-2501.42,28521.66,352.03,2.500,0.00,50.0
13623.00,-2501.77,28524.13,352.03,2.500,0.00,50.0
13624.00,-2502.12,28526.61,352.03,2.500,0.00,50.0
13625.00,-2502.46,28529.09,352.03,2.500,0.00,50.0
13626.00,-2502.81,28531.56,352.03,2.500,0.00,50.0
13627.00,-2503.16,28534.04,352.03,2.500,0.00,50.0
13628.00,-2503.50,28536.51,352.03,2.500,0.00,50.0
13629.00,-2503.85,28538.99,352.03,2.500,0.00,50.0
13630.00,-2504.20,28541.46,352.03,2.500,0.00,50.0
13631.00,-2504.55,28543.94,352.03,2.500,0.00,50.0
13632.00,-2504.89,28546.42,352.03,2.500,0.00,50.0
13633.00,-2505.24,28548.89,352.03,2.500,0.00,50.0
13634.00,-2505.59,28551.37,352.03,2.500,0.00,50.0
13635.00,-2505.93,28553.84,352.03,2.500,0.00,50.0
13636.00,-2506.28,28556.32,352.03,2.500,0.00,50.0
13637.00,-2506.63,28558.80,352.03,2.500,0.00,50.0
13638.00,-2506.97,28561.27,352.03,2.500,0.00,50.0
13639.00,-2507.32,28563.75,352.03,2.500,0.00,50.0
13640.00,-2507.67,28566.22,352.03,2.500,0.00,50.0
13641.00,-2508.01,28568.70,352.03,2.500,0.00,50.0
13642.00,-2508.36,28571.17,352.03,2.500,0.00,50.0
13643.00,-2508.71,28573.65,352.03,2.500,0.00,50.0
13644.00,-2509.05,28576.13,352.03,2.500,0.00,50.0
13645.00,-2509.40,28578.60,352.03,2.500,0.00,50.0
13646.00,-2509.75,28581.08,352.03,2.500,0.00,50.0
13647.00,-2510.09,28583.55,352.03,2.500,0.00,50.0
13648.00,-2510.44,28586.03,352.03,2.500,0.00,50.0
13649.00,-2510.79,28588.51,352.03,2.500,0.00,50.0
13650.00,-2511.13,28590.98,352.03,2.500,0.00,50.0
13651.00,-2511.48,28593.46,352.03,2.500,0.00,50.0
13652.00,-2511.83,28595.93,352.03,2.500,0.00,50.0
13653.00,-2512.17,28598.41,352.03,2.500,0.00,50.0
13654.00,-2512.52,28600.88,352.03,2.500,0.00,50.0
13655.00,-2512.87,28603.36,352.03,2.500,0.00,50.0
13656.00,-2513.21,28605.84,352.03,2.500,0.00,50.0
13657.00,-2513.56,28608.31,352.03,2.500,0.00,50.0
13658.00,-2513.91,28610.79,352.03,2.500,0.00,50.0
13659.00,-2514.25,28613.26,352.03,2.500,0.00,50.0
13660.00,-2514.60,28615.74,352.03,2.500,0.00,50.0
13661.00,-2514.95,28618.22,352.03,2.500,0.00,50.0
13662.00,-2515.29,28620.69,352.03,2.500,0.00,50.0
13663.00,-2515.64,28623.17,352.03,2.500,0.00,50.0
13664.00,-2515.99,28625.64,352.03,2.500,0.00,50.0
13665.00,-2516.33,28628.12,352.03,2.500,0.00,50.0
13666.00,-2516.68,28630.59,352.03,2.500,0.00,50.0
13667.00,-2517.03,28633.07,352.03,2.500,0.00,50.0
13668.00,-2517.37,28635.55,352.03,2.500,0.00,50.0
13669.00,-2517.72,28638.02,352.03,2.500,0.00,50.0
13670.00,-2518.07,28640.50,352.03,2.500,0.00,50.0
13671.00,-2518.41,28642.97,352.03,2.500,0.00,50.0
13672.00,-2518.76,28645.45,352.03,2.500,0.00,50.0
13673.00,-2519.11,28647.93,352.03,2.500,0.00,50.0
13674.00,-2519.45,28650.40,352.03,2.500,0.00,50.0
13675.00,-2519.80,28652.88,352.03,2.500,0.00,50.0
13676.00,-2520.15,28655.35,352.03,2.500,0.00,50.0
13677.00,-2520.49,28657.83,352.03,2.500,0.00,50.0
13678.00,-2520.84,28660.30,352.03,2.500,0.00,50.0
13679.00,-2521.19,28662.78,352.03,2.500,0.00,50.0
13680.00,-2521.53,28665.26,352.03,2.500,0.00,50.0
13681.00,-2521.88,28667.73,352.03,2.500,0.00,50.0
13682.00,-2522.23,28670.21,352.03,2.500,0.00,50.0
13683.00,-2522.57,28672.68,352.03,2.500,0.00,50.0
13684.00,-2522.92,28675.16,352.03,2.500,0.00,50.0
13685.00,-2523.27,28677.64,352.03,2.500,0.00,50.0
13686.00,-2523.61,28680.11,352.03,2.500,0.00,50.0
13687.00,-2523.96,28682.59,352.03,2.500,0.00,50.0
13688.00,-2524.31,28685.06,352.03,2.500,0.00,50.0
13689.00,-2524.65,28687.54,352.03,2.500,0.00,50.0
13690.00,-2525.00,28690.02,352.03,2.500,0.00,50.0
13691.00,-2525.35,28692.49,352.03,2.500,0.00,50.0
13692.00,-2525.69,28694.97,352.03,2.500,0.00,50.0
13693.00,-2526.04,28697.44,352.03,2.500,0.00,50.0
13694.00,-2526.39,28699.92,352.03,2.500,0.00,50.0
13695.00,-2526.73,28702.39,352.03,2.500,0.00,50.0
13696.00,-2527.08,28704.87,352.03,2.500,0.00,50.0
13697.00,-2527.43,28707.35,352.03,2.500,0.00,50.0
13698.00,-2527.77,28709.82,352.03,2.500,0.00,50.0
13699.00,-2528.12,28712.30,352.03,2.500,0.00,50.0
13700.00,-2528.47,28714.77,352.03,2.500,0.00,50.0
13701.00,-2528.81,28717.25,352.03,2.500,0.00,50.0
13702.00,-2529.16,28719.73,352.03,2.500,0.00,50.0
13703.00,-2529.51,28722.20,352.03,2.500,0.00,50.0
13704.00,-2529.85,28724.68,352.03,2.500,0.00,50.0
13705.00,-2530.20,28727.15,352.03,2.500,0.00,50.0
13706.00,-2530.55,28729.63,352.03,2.500,0.00,50.0
13707.00,-2530.89,28732.10,352.03,2.500,0.00,50.0
13708.00,-2531.24,28734.58,352.03,2.500,0.00,50.0
13709.00,-2531.59,28737.06,352.03,2.500,0.00,50.0
13710.00,-2531.93,28739.53,352.03,2.500,0.00,50.0
13711.00,-2532.28,28742.01,352.03,2.500,0.00,50.0
13712.00,-2532.63,28744.48,352.03,2.500,0.00,50.0
13713.00,-2532.97,28746.96,352.03,2.500,0.00,50.0
13714.00,-2533.32,28749.44,352.03,2.500,0.00,50.0
13715.00,-2533.67,28751.91,352.03,2.500,0.00,50.0
13716.00,-2534.01,28754.39,352.03,2.500,0.00,50.0
13717.00,-2534.36,28756.86,352.03,2.500,0.00,50.0
13718.00,-2534.71,28759.34,352.03,2.500,0.00,50.0
13719.00,-2535.05,28761.81,352.03,2.500,0.00,50.0
13720.00,-2535.40,28764.29,352.03,2.500,0.00,50.0
13721.00,-2535.75,28766.77,352.03,2.500,0.00,50.0
13722.00,-2536.09,28769.24,352.03,2.500,0.00,50.0
13723.00,-2536.44,28771.72,352.03,2.500,0.00,50.0
13724.00,-2536.79,28774.19,352.03,2.500,0.00,50.0
13725.00,-2537.13,28776.67,352.03,2.500,0.00,50.0
13726.00,-2537.48,28779.15,352.03,2.500,0.00,50.0
13727.00,-2537.83,28781.62,352.03,2.500,0.00,50.0
13728.00,-2538.17,28784.10,352.03,2.500,0.00,50.0
13729.00,-2538.52,28786.57,352.03,2.500,0.00,50.0
13730.00,-2538.87,28789.05,352.03,2.500,0.00,50.0
13731.00,-2539.21,28791.52,352.03,2.500,0.00,50.0
13732.00,-2539.56,28794.00,352.03,2.500,0.00,50.0
13733.00,-2539.91,28796.48,352.03,2.500,0.00,50.0
13734.00,-2540.25,28798.95,352.03,2.500,0.00,50.0
13735.00,-2540.60,28801.43,352.03,2.500,0.00,50.0
13736.00,-2540.95,28803.90,352.03,2.500,0.00,50.0
13737.00,-2541.30,28806.38,352.03,2.500,0.00,50.0
13738.00,-2541.64,28808.86,352.03,2.500,0.00,50.0
13739.00,-2541.99,28811.33,352.03,2.500,0.00,50.0
13740.00,-2542.34,28813.81,352.03,2.500,0.00,50.0
13741.00,-2542.68,28816.28,352.03,2.500,0.00,50.0
13742.00,-2543.03,28818.76,352.03,2.500,0.00,50.0
13743.00,-2543.38,28821.23,352.03,2.500,0.00,50.0
13744.00,-2543.72,28823.71,352.03,2.500,0.00,50.0
13745.00,-2544.07,28826.19,352.03,2.500,0.00,50.0
13746.00,-2544.42,28828.66,352.03,2.500,0.00,50.0
13747.00,-2544.76,28831.14,352.03,2.500,0.00,50.0
13748.00,-2545.11,28833.61,352.03,2.500,0.00,50.0
13749.00,-2545.46,28836.09,352.03,2.500,0.00,50.0
13750.00,-2545.80,28838.57,352.03,2.500,0.00,50.0
13751.00,-2546.15,28841.04,352.03,2.500,0.00,50.0
13752.00,-2546.50,28843.52,352.03,2.500,0.00,50.0
13753.00,-2546.84,28845.99,352.03,2.500,0.00,50.0
13754.00,-2547.19,28848.47,352.03,2.500,0.00,50.0
13755.00,-2547.54,28850.94,352.03,2.500,0.00,50.0
13756.00,-2547.88,28853.42,352.03,2.500,0.00,50.0
13757.00,-2548.23,28855.90,352.03,2.500,0.00,50.0
13758.00,-2548.58,28858.37,352.03,2.500,0.00,50.0
13759.00,-2548.92,28860.85,352.03,2.500,0.00,50.0
13760.00,-2549.27,28863.32,352.03,2.500,0.00,50.0
13761.00,-2549.62,28865.80,352.03,2.500,0.00,50.0
13762.00,-2549.96,28868.28,352.03,2.500,0.00,50.0
13763.00,-2550.31,28870.75,352.03,2.500,0.00,50.0
13764.00,-2550.66,28873.23,352.03,2.500,0.00,50.0
13765.00,-2551.00,28875.70,352.03,2.500,0.00,50.0
13766.00,-2551.35,28878.18,352.03,2.500,0.00,50.0
13767.00,-2551.70,28880.65,352.03,2.500,0.00,50.0
13768.00,-2552.04,28883.13,352.03,2.500,0.00,50.0
13769.00,-2552.39,28885.61,352.03,2.500,0.00,50.0
13770.00,-2552.74,28888.08,352.03,2.500,0.00,50.0
13771.00,-2553.08,28890.56,352.03,2.500,0.00,50.0
13772.00,-2553.43,28893.03,352.03,2.500,0.00,50.0
13773.00,-2553.78,28895.51,352.03,2.500,0.00,50.0
13774.00,-2554.12,28897.99,352.03,2.500,0.00,50.0
13775.00,-2554.47,28900.46,352.03,2.500,0.00,50.0
13776.00,-2554.82,28902.94,352.03,2.500,0.00,50.0
13777.00,-2555.16,28905.41,352.03,2.500,0.00,50.0
13778.00,-2555.51,28907.89,352.03,2.500,0.00,50.0
13779.00,-2555.86,28910.37,352.03,2.500,0.00,50.0
13780.00,-2556.20,28912.84,352.03,2.500,0.00,50.0
13781.00,-2556.55,28915.32,352.03,2.500,0.00,50.0
13782.00,-2556.90,28917.79,352.03,2.500,0.00,50.0
13783.00,-2557.24,28920.27,352.03,2.500,0.00,50.0
13784.00,-2557.59,28922.74,352.03,2.500,0.00,50.0
13785.00,-2557.94,28925.22,352.03,2.500,0.00,50.0
13786.00,-2558.28,28927.70,352.03,2.500,0.00,50.0
13787.00,-2558.63,28930.17,352.03,2.500,0.00,50.0
13788.00,-2558.98,28932.65,352.03,2.500,0.00,50.0
13789.00,-2559.32,28935.12,352.03,2.500,0.00,50.0
13790.00,-2559.67,28937.60,352.03,2.500,0.00,50.0
13791.00,-2560.02,28940.08,352.03,2.500,0.00,50.0
13792.00,-2560.36,28942.55,352.03,2.500,0.00,50.0
13793.00,-2560.71,28945.03,352.03,2.500,0.00,50.0
13794.00,-2561.06,28947.50,352.03,2.500,0.00,50.0
13795.00,-2561.40,28949.98,352.03,2.500,0.00,50.0
13796.00,-2561.75,28952.45,352.03,2.500,0.00,50.0
13797.00,-2562.10,28954.93,352.03,2.500,0.00,50.0
13798.00,-2562.44,28957.41,352.03,2.500,0.00,50.0
13799.00,-2562.79,28959.88,352.03,2.500,0.00,50.0
13800.00,-2563.14,28962.36,352.03,2.500,0.00,50.0
13801.00,-2563.48,28964.83,352.03,2.500,0.00,50.0
13802.00,-2563.83,28967.31,352.03,2.500,0.00,50.0
13803.00,-2564.18,28969.79,352.03,2.500,0.00,50.0
13804.00,-2564.52,28972.26,352.03,2.500,0.00,50.0
13805.00,-2564.87,28974.74,352.03,2.500,0.00,50.0
13806.00,-2565.22,28977.21,352.03,2.500,0.00,50.0
13807.00,-2565.56,28979.69,352.03,2.500,0.00,50.0
13808.00,-2565.91,28982.16,352.03,2.500,0.00,50.0
13809.00,-2566.26,28984.64,352.03,2.500,0.00,50.0
13810.00,-2566.60,28987.12,352.03,2.500,0.00,50.0
13811.00,-2566.95,28989.59,352.03,2.500,0.00,50.0
13812.00,-2567.30,28992.07,352.03,2.500,0.00,50.0
13813.00,-2567.64,28994.54,352.03,2.500,0.00,50.0
13814.00,-2567.99,28997.02,352.03,2.500,0.00,50.0
13815.00,-2568.34,28999.50,352.03,2.500,0.00,50.0
13816.00,-2568.68,29001.97,352.03,2.500,0.00,50.0
13817.00,-2569.03,29004.45,352.03,2.500,0.00,50.0
13818.00,-2569.38,29006.92,352.03,2.500,0.00,50.0
13819.00,-2569.72,29009.40,352.03,2.500,0.00,50.0
13820.00,-2570.07,29011.87,352.03,2.500,0.00,50.0
13821.00,-2570.42,29014.35,352.03,2.500,0.00,50.0
13822.00,-2570.76,29016.83,352.03,2.500,0.00,50.0
13823.00,-2571.11,29019.30,352.03,2.500,0.00,50.0
13824.00,-2571.46,29021.78,352.03,2.500,0.00,50.0
13825.00,-2571.80,29024.25,352.03,2.500,0.00,50.0
13826.00,-2572.15,29026.73,352.03,2.500,0.00,50.0
13827.00,-2572.50,29029.21,352.03,2.500,0.00,50.0
13828.00,-2572.84,29031.68,352.03,2.500,0.00,50.0
13829.00,-2573.19,29034.16,352.03,2.500,0.00,50.0
13830.00,-2573.54,29036.63,352.03,2.500,0.00,50.0
13831.00,-2573.88,29039.11,352.03,2.500,0.00,50.0
13832.00,-2574.23,29041.58,352.03,2.500,0.00,50.0
13833.00,-2574.58,29044.06,352.03,2.500,0.00,50.0
13834.00,-2574.92,29046.54,352.03,2.500,0.00,50.0
13835.00,-2575.27,29049.01,352.03,2.500,0.00,50.0
13836.00,-2575.62,29051.49,352.03,2.500,0.00,50.0
13837.00,-2575.96,29053.96,352.03,2.500,0.00,50.0
13838.00,-2576.31,29056.44,352.03,2.500,0.00,50.0
13839.00,-2576.66,29058.92,352.03,2.500,0.00,50.0
13840.00,-2577.00,29061.39,352.03,2.500,0.00,50.0
13841.00,-2577.35,29063.87,352.03,2.500,0.00,50.0
13842.00,-2577.70,29066.34,352.03,2.500,0.00,50.0
13843.00,-2578.05,29068.82,352.03,2.500,0.00,50.0
13844.00,-2578.39,29071.29,352.03,2.500,0.00,50.0
13845.00,-2578.74,29073.77,352.03,2.500,0.00,50.0
13846.00,-2579.09,29076.25,352.03,2.500,0.00,50.0
13847.00,-2579.43,29078.72,352.03,2.500,0.00,50.0
13848.00,-2579.78,29081.20,352.03,2.500,0.00,50.0
13849.00,-2580.13,29083.67,352.03,2.500,0.00,50.0
13850.00,-2580.47,29086.15,352.03,2.500,0.00,50.0
13851.00,-2580.82,29088.63,352.03,2.500,0.00,50.0
13852.00,-2581.17,29091.10,352.03,2.500,0.00,50.0
13853.00,-2581.51,29093.58,352.03,2.500,0.00,50.0
13854.00,-2581.86,29096.05,352.03,2.500,0.00,50.0
13855.00,-2582.21,29098.53,352.03,2.500,0.00,50.0
13856.00,-2582.55,29101.01,352.03,2.500,0.00,50.0
13857.00,-2582.90,29103.48,352.03,2.500,0.00,50.0
13858.00,-2583.25,29105.96,352.03,2.500,0.00,50.0
13859.00,-2583.59,29108.43,352.03,2.500,0.00,50.0
13860.00,-2583.94,29110.91,352.03,2.500,0.00,50.0
13861.00,-2584.29,29113.38,352.03,2.500,0.00,50.0
13862.00,-2584.63,29115.86,352.03,2.500,0.00,50.0
13863.00,-2584.98,29118.34,352.03,2.500,0.00,50.0
13864.00,-2585.33,29120.81,352.03,2.500,0.00,50.0
13865.00,-2585.67,29123.29,352.03,2.500,0.00,50.0
13866.00,-2586.02,29125.76,352.03,2.500,0.00,50.0
13867.00,-2586.37,29128.24,352.03,2.500,0.00,50.0
13868.00,-2586.71,29130.72,352.03,2.500,0.00,50.0
13869.00,-2587.06,29133.19,352.03,2.500,0.00,50.0
13870.00,-2587.41,29135.67,352.03,2.500,0.00,50.0
13871.00,-2587.75,29138.14,352.03,2.500,0.00,50.0
13872.00,-2588.10,29140.62,352.03,2.500,0.00,50.0
13873.00,-2588.45,29143.09,352.03,2.500,0.00,50.0
13874.00,-2588.79,29145.57,352.03,2.500,0.00,50.0
13875.00,-2589.14,29148.05,352.03,2.500,0.00,50.0
13876.00,-2589.49,29150.52,352.03,2.500,0.00,50.0
13877.00,-2589.83,29153.00,352.03,2.500,0.00,50.0
13878.00,-2590.18,29155.47,352.03,2.500,0.00,50.0
13879.00,-2590.53,29157.95,352.03,2.500,0.00,50.0
13880.00,-2590.87,29160.43,352.03,2.500,0.00,50.0
13881.00,-2591.22,29162.90,352.03,2.500,0.00,50.0
13882.00,-2591.57,29165.38,352.03,2.500,0.00,50.0
13883.00,-2591.91,29167.85,352.03,2.500,0.00,50.0
13884.00,-2592.26,29170.33,352.03,2.500,0.00,50.0
13885.00,-2592.61,29172.80,352.03,2.500,0.00,50.0
13886.00,-2592.95,29175.28,352.03,2.500,0.00,50.0
13887.00,-2593.30,29177.76,352.03,2.500,0.00,50.0
13888.00,-2593.65,29180.23,352.03,2.500,0.00,50.0
13889.00,-2593.99,29182.71,352.03,2.500,0.00,50.0
13890.00,-2594.34,29185.18,352.03,2.500,0.00,50.0
13891.00,-2594.69,29187.66,352.03,2.500,0.00,50.0
13892.00,-2595.03,29190.14,352.03,2.500,0.00,50.0
13893.00,-2595.38,29192.61,352.03,2.500,0.00,50.0
13894.00,-2595.73,29195.09,352.03,2.500,0.00,50.0
13895.00,-2596.07,29197.56,352.03,2.500,0.00,50.0
13896.00,-2596.42,29200.04,352.03,2.500,0.00,50.0
13897.00,-2596.77,29202.51,352.03,2.500,0.00,50.0
13898.00,-2597.11,29204.99,352.03,2.500,0.00,50.0
13899.00,-2597.46,29207.47,352.03,2.500,0.00,50.0
13900.00,-2597.81,29209.94,352.03,2.500,0.00,50.0
13901.00,-2598.15,29212.42,352.03,2.500,0.00,50.0
13902.00,-2598.50,29214.89,352.03,2.500,0.00,50.0
13903.00,-2598.85,29217.37,352.03,2.500,0.00,50.0
13904.00,-2599.19,29219.85,352.03,2.500,0.00,50.0
13905.00,-2599.54,29222.32,352.03,2.500,0.00,50.0
13906.00,-2599.89,29224.80,352.03,2.500,0.00,50.0
13907.00,-2600.23,29227.27,352.03,2.500,0.00,50.0
13908.00,-2600.58,29229.75,352.03,2.500,0.00,50.0
13909.00,-2600.93,29232.22,352.03,2.500,0.00,50.0
13910.00,-2601.27,29234.70,352.03,2.500,0.00,50.0
13911.00,-2601.62,29237.18,352.03,2.500,0.00,50.0
13912.00,-2601.97,29239.65,352.03,2.500,0.00,50.0
13913.00,-2602.31,29242.13,352.03,2.500,0.00,50.0
13914.00,-2602.66,29244.60,352.03,2.500,0.00,50.0
13915.00,-2603.01,29247.08,352.03,2.500,0.00,50.0
13916.00,-2603.35,29249.56,352.03,2.500,0.00,50.0
13917.00,-2603.70,29252.03,352.03,2.500,0.00,50.0
13918.00,-2604.05,29254.51,352.03,2.500,0.00,50.0
13919.00,-2604.39,29256.98,352.03,2.500,0.00,50.0
13920.00,-2604.74,29259.46,352.03,2.500,0.00,50.0
13921.00,-2605.09,29261.93,352.03,2.500,0.00,50.0
13922.00,-2605.43,29264.41,352.03,2.500,0.00,50.0
13923.00,-2605.78,29266.89,352.03,2.500,0.00,50.0
13924.00,-2606.13,29269.36,352.03,2.500,0.00,50.0
13925.00,-2606.47,29271.84,352.03,2.500,0.00,50.0
13926.00,-2606.82,29274.31,352.03,2.500,0.00,50.0
13927.00,-2607.17,29276.79,352.03,2.500,0.00,50.0
13928.00,-2607.51,29279.27,352.03,2.500,0.00,50.0
13929.00,-2607.86,29281.74,352.03,2.500,0.00,50.0
13930.00,-2608.21,29284.22,352.03,2.500,0.00,50.0
13931.00,-2608.55,29286.69,352.03,2.500,0.00,50.0
13932.00,-2608.90,29289.17,352.03,2.500,0.00,50.0
13933.00,-2609.25,29291.64,352.03,2.500,0.00,50.0
13934.00,-2609.59,29294.12,352.03,2.500,0.00,50.0
13935.00,-2609.94,29296.60,352.03,2.500,0.00,50.0
13936.00,-2610.29,29299.07,352.03,2.500,0.00,50.0
13937.00,-2610.63,29301.55,352.03,2.500,0.00,50.0
13938.00,-2610.98,29304.02,352.03,2.500,0.00,50.0
13939.00,-2611.33,29306.50,352.03,2.500,0.00,50.0
13940.00,-2611.67,29308.98,352.03,2.500,0.00,50.0
13941.00,-2612.02,29311.45,352.03,2.500,0.00,50.0
13942.00,-2612.37,29313.93,352.03,2.500,0.00,50.0
13943.00,-2612.71,29316.40,352.03,2.500,0.00,50.0
13944.00,-2613.06,29318.88,352.03,2.500,0.00,50.0
13945.00,-2613.41,29321.36,352.03,2.500,0.00,50.0
13946.00,-2613.76,29323.83,352.03,2.500,0.00,50.0
13947.00,-2614.10,29326.31,352.03,2.500,0.00,50.0
13948.00,-2614.45,29328.78,352.03,2.500,0.00,50.0
13949.00,-2614.80,29331.26,352.03,2.500,0.00,50.0
13950.00,-2615.14,29333.73,352.03,2.500,0.00,50.0
13951.00,-2615.49,29336.21,352.03,2.500,0.00,50.0
13952.00,-2615.84,29338.69,352.03,2.500,0.00,50.0
13953.00,-2616.18,29341.16,352.03,2.500,0.00,50.0
13954.00,-2616.53,29343.64,352.03,2.500,0.00,50.0
13955.00,-2616.88,29346.11,352.03,2.500,0.00,50.0
13956.00,-2617.22,29348.59,352.03,2.500,0.00,50.0
13957.00,-2617.57,29351.07,352.03,2.500,0.00,50.0
13958.00,-2617.92,29353.54,352.03,2.500,0.00,50.0
13959.00,-2618.26,29356.02,352.03,2.500,0.00,50.0
13960.00,-2618.61,29358.49,352.03,2.500,0.00,50.0
13961.00,-2618.96,29360.97,352.03,2.500,0.00,50.0
13962.00,-2619.30,29363.44,352.03,2.500,0.00,50.0
13963.00,-2619.65,29365.92,352.03,2.500,0.00,50.0
13964.00,-2620.00,29368.40,352.03,2.500,0.00,50.0
13965.00,-2620.34,29370.87,352.03,2.500,0.00,50.0
13966.00,-2620.69,29373.35,352.03,2.500,0.00,50.0
13967.00,-2621.04,29375.82,352.03,2.500,0.00,50.0
13968.00,-2621.38,29378.30,352.03,2.500,0.00,50.0
13969.00,-2621.73,29380.78,352.03,2.500,0.00,50.0
13970.00,-2622.08,29383.25,352.03,2.500,0.00,50.0
13971.00,-2622.42,29385.73,352.03,2.500,0.00,50.0
13972.00,-2622.77,29388.20,352.03,2.500,0.00,50.0
13973.00,-2623.12,29390.68,352.03,2.500,0.00,50.0
13974.00,-2623.46,29393.15,352.03,2.500,0.00,50.0
13975.00,-2623.81,29395.63,352.03,2.500,0.00,50.0
13976.00,-2624.16,29398.11,352.03,2.500,0.00,50.0
13977.00,-2624.50,29400.58,352.03,2.500,0.00,50.0
13978.00,-2624.85,29403.06,352.03,2.500,0.00,50.0
13979.00,-2625.20,29405.53,352.03,2.500,0.00,50.0
13980.00,-2625.54,29408.01,352.03,2.500,0.00,50.0
13981.00,-2625.89,29410.49,352.03,2.500,0.00,50.0
13982.00,-2626.24,29412.96,352.03,2.500,0.00,50.0
13983.00,-2626.58,29415.44,352.03,2.500,0.00,50.0
13984.00,-2626.93,29417.91,352.03,2.500,0.00,50.0
13985.00,-2627.28,29420.39,352.03,2.500,0.00,50.0
13986.00,-2627.62,29422.86,352.03,2.500,0.00,50.0
13987.00,-2627.97,29425.34,352.03,2.500,0.00,50.0
13988.00,-2628.32,29427.82,352.03,2.500,0.00,50.0
13989.00,-2628.66,29430.29,352.03,2.500,0.00,50.0
13990.00,-2629.01,29432.77,352.03,2.500,0.00,50.0
13991.00,-2629.36,29435.24,352.03,2.500,0.00,50.0
13992.00,-2629.70,29437.72,352.03,2.500,0.00,50.0
13993.00,-2630.05,29440.20,352.03,2.500,0.00,50.0
13994.00,-2630.40,29442.67,352.03,2.500,0.00,50.0
13995.00,-2630.74,29445.15,352.03,2.500,0.00,50.0
13996.00,-2631.09,29447.62,352.03,2.500,0.00,50.0
13997.00,-2631.44,29450.10,352.03,2.500,0.00,50.0
13998.00,-2631.78,29452.57,352.03,2.500,0.00,50.0
13999.00,-2632.13,29455.05,352.03,2.500,0.00,50.0
14000.00,-2632.48,29457.53,352.03,2.500,0.00,50.0
14001.00,-2632.82,29460.00,352.03,2.500,0.00,50.0
14002.00,-2633.17,29462.48,352.03,2.500,0.00,50.0
14003.00,-2633.52,29464.95,352.03,2.500,0.00,50.0
14004.00,-2633.86,29467.43,352.03,2.500,0.00,50.0
14005.00,-2634.21,29469.91,352.03,2.500,0.00,50.0
14006.00,-2634.56,29472.38,352.03,2.500,0.00,50.0
14007.00,-2634.90,29474.86,352.03,2.500,0.00,50.0
14008.00,-2635.25,29477.33,352.03,2.500,0.00,50.0
14009.00,-2635.60,29479.81,352.03,2.500,0.00,50.0
14010.00,-2635.94,29482.28,352.03,2.500,0.00,50.0
14011.00,-2636.29,29484.76,352.03,2.500,0.00,50.0
14012.00,-2636.64,29487.24,352.03,2.500,0.00,50.0
14013.00,-2636.98,29489.71,352.03,2.500,0.00,50.0
14014.00,-2637.33,29492.19,352.03,2.500,0.00,50.0
14015.00,-2637.68,29494.66,352.03,2.500,0.00,50.0
14016.00,-2638.02,29497.14,352.03,2.500,0.00,50.0
14017.00,-2638.37,29499.62,352.03,2.500,0.00,50.0
14018.00,-2638.72,29502.09,352.03,2.500,0.00,50.0
14019.00,-2639.06,29504.57,352.03,2.500,0.00,50.0
14020.00,-2639.41,29507.04,352.03,2.500,0.00,50.0
14021.00,-2639.76,29509.52,352.03,2.500,0.00,50.0
14022.00,-2640.10,29512.00,352.03,2.500,0.00,50.0
14023.00,-2640.45,29514.47,352.03,2.500,0.00,50.0
14024.00,-2640.80,29516.95,352.03,2.500,0.00,50.0
14025.00,-2641.14,29519.42,352.03,2.500,0.00,50.0
14026.00,-2641.49,29521.90,352.03,2.500,0.00,50.0
14027.00,-2641.84,29524.37,352.03,2.500,0.00,50.0
14028.00,-2642.18,29526.85,352.03,2.500,0.00,50.0
14029.00,-2642.53,29529.33,352.03,2.500,0.00,50.0
14030.00,-2642.88,29531.80,352.03,2.500,0.00,50.0
14031.00,-2643.22,29534.28,352.03,2.500,0.00,50.0
14032.00,-2643.57,29536.75,352.03,2.500,0.00,50.0
14033.00,-2643.92,29539.23,352.03,2.500,0.00,50.0
14034.00,-2644.26,29541.71,352.03,2.500,0.00,50.0
14035.00,-2644.61,29544.18,352.03,2.500,0.00,50.0
14036.00,-2644.96,29546.66,352.03,2.500,0.00,50.0
14037.00,-2645.30,29549.13,352.03,2.500,0.00,50.0
14038.00,-2645.65,29551.61,352.03,2.500,0.00,50.0
14039.00,-2646.00,29554.08,352.03,2.500,0.00,50.0
14040.00,-2646.34,29556.56,352.03,2.500,0.00,50.0
14041.00,-2646.69,29559.04,352.03,2.500,0.00,50.0
14042.00,-2647.04,29561.51,352.03,2.500,0.00,50.0
14043.00,-2647.38,29563.99,352.03,2.500,0.00,50.0
14044.00,-2647.73,29566.46,352.03,2.500,0.00,50.0
14045.00,-2648.08,29568.94,352.03,2.500,0.00,50.0
14046.00,-2648.42,29571.42,352.03,2.500,0.00,50.0
14047.00,-2648.77,29573.89,352.03,2.500,0.00,50.0
14048.00,-2649.12,29576.37,352.03,2.500,0.00,50.0
14049.00,-2649.46,29578.84,352.03,2.500,0.00,50.0
14050.00,-2649.81,29581.32,352.03,2.500,0.00,50.0
14051.00,-2650.16,29583.79,352.03,2.500,0.00,50.0
14052.00,-2650.51,29586.27,352.03,2.500,0.00,50.0
14053.00,-2650.85,29588.75,352.03,2.500,0.00,50.0
14054.00,-2651.20,29591.22,352.03,2.500,0.00,50.0
14055.00,-2651.55,29593.70,352.03,2.500,0.00,50.0
14056.00,-2651.89,29596.17,352.03,2.500,0.00,50.0
14057.00,-2652.24,29598.65,352.03,2.500,0.00,50.0
14058.00,-2652.59,29601.13,352.03,2.500,0.00,50.0
14059.00,-2652.93,29603.60,352.03,2.500,0.00,50.0
14060.00,-2653.28,29606.08,352.03,2.500,0.00,50.0
14061.00,-2653.63,29608.55,352.03,2.500,0.00,50.0
14062.00,-2653.97,29611.03,352.03,2.500,0.00,50.0
14063.00,-2654.32,29613.50,352.03,2.500,0.00,50.0
14064.00,-2654.67,29615.98,352.03,2.500,0.00,50.0
14065.00,-2655.01,29618.46,352.03,2.500,0.00,50.0
14066.00,-2655.36,29620.93,352.03,2.500,0.00,50.0
14067.00,-2655.71,29623.41,352.03,2.500,0.00,50.0
14068.00,-2656.05,29625.88,352.03,2.500,0.00,50.0
14069.00,-2656.40,29628.36,352.03,2.500,0.00,50.0
14070.00,-2656.75,29630.84,352.03,2.500,0.00,50.0
14071.00,-2657.09,29633.31,352.03,2.500,0.00,50.0
14072.00,-2657.44,29635.79,352.03,2.500,0.00,50.0
14073.00,-2657.79,29638.26,352.03,2.500,0.00,50.0
14074.00,-2658.13,29640.74,352.03,2.500,0.00,50.0
14075.00,-2658.48,29643.21,352.03,2.500,0.00,50.0
14076.00,-2658.83,29645.69,352.03,2.500,0.00,50.0
14077.00,-2659.17,29648.17,352.03,2.500,0.00,50.0
14078.00,-2659.52,29650.64,352.03,2.500,0.00,50.0
14079.00,-2659.87,29653.12,352.03,2.500,0.00,50.0
14080.00,-2660.21,29655.59,352.03,2.500,0.00,50.0
14081.00,-2660.56,29658.07,352.03,2.500,0.00,50.0
14082.00,-2660.91,29660.55,352.03,2.500,0.00,50.0
14083.00,-2661.25,29663.02,352.03,2.500,0.00,50.0
14084.00,-2661.60,29665.50,352.03,2.500,0.00,50.0
14085.00,-2661.95,29667.97,352.03,2.500,0.00,50.0
14086.00,-2662.29,29670.45,352.03,2.500,0.00,50.0
14087.00,-2662.64,29672.92,352.03,2.500,0.00,50.0
14088.00,-2662.99,29675.40,352.03,2.500,0.00,50.0
14089.00,-2663.33,29677.88,352.03,2.500,0.00,50.0
14090.00,-2663.68,29680.35,352.03,2.500,0.00,50.0
14091.00,-2664.03,29682.83,352.03,2.500,0.00,50.0
14092.00,-2664.37,29685.30,352.03,2.500,0.00,50.0
14093.00,-2664.72,29687.78,352.03,2.500,0.00,50.0
14094.00,-2665.07,29690.26,352.03,2.500,0.00,50.0
14095.00,-2665.41,29692.73,352.03,2.500,0.00,50.0
14096.00,-2665.76,29695.21,352.03,2.500,0.00,50.0
14097.00,-2666.11,29697.68,352.03,2.500,0.00,50.0
14098.00,-2666.45,29700.16,352.03,2.500,0.00,50.0
14099.00,-2666.80,29702.63,352.03,2.500,0.00,50.0
14100.00,-2667.15,29705.11,352.03,2.500,0.00,50.0
14101.00,-2667.49,29707.59,352.03,2.500,0.00,50.0
14102.00,-2667.84,29710.06,352.03,2.500,0.00,50.0
14103.00,-2668.19,29712.54,352.03,2.500,0.00,50.0
14104.00,-2668.53,29715.01,352.03,2.500,0.00,50.0
14105.00,-2668.88,29717.49,352.03,2.500,0.00,50.0
14106.00,-2669.23,29719.97,352.03,2.500,0.00,50.0
14107.00,-2669.57,29722.44,352.03,2.500,0.00,50.0
14108.00,-2669.92,29724.92,352.03,2.500,0.00,50.0
14109.00,-2670.27,29727.39,352.03,2.500,0.00,50.0
14110.00,-2670.61,29729.87,352.03,2.500,0.00,50.0
14111.00,-2670.96,29732.35,352.03,2.500,0.00,50.0
14112.00,-2671.31,29734.82,352.03,2.500,0.00,50.0
14113.00,-2671.65,29737.30,352.03,2.500,0.00,50.0
14114.00,-2672.00,29739.77,352.03,2.500,0.00,50.0
14115.00,-2672.35,29742.25,352.03,2.500,0.00,50.0
14116.00,-2672.69,29744.72,352.03,2.500,0.00,50.0
14117.00,-2673.04,29747.20,352.03,2.500,0.00,50.0
14118.00,-2673.39,29749.68,352.03,2.500,0.00,50.0
14119.00,-2673.73,29752.15,352.03,2.500,0.00,50.0
14120.00,-2674.08,29754.63,352.03,2.500,0.00,50.0
14121.00,-2674.43,29757.10,352.03,2.500,0.00,50.0
14122.00,-2674.77,29759.58,352.03,2.500,0.00,50.0
14123.00,-2675.12,29762.06,352.03,2.500,0.00,50.0
14124.00,-2675.47,29764.53,352.03,2.500,0.00,50.0
14125.00,-2675.81,29767.01,352.03,2.500,0.00,50.0
14126.00,-2676.16,29769.48,352.03,2.500,0.00,50.0
14127.00,-2676.51,29771.96,352.03,2.500,0.00,50.0
14128.00,-2676.85,29774.43,352.03,2.500,0.00,50.0
14129.00,-2677.20,29776.91,352.03,2.500,0.00,50.0
14130.00,-2677.55,29779.39,352.03,2.500,0.00,50.0
14131.00,-2677.89,29781.86,352.03,2.500,0.00,50.0
14132.00,-2678.24,29784.34,352.03,2.500,0.00,50.0
14133.00,-2678.59,29786.81,352.03,2.500,0.00,50.0
14134.00,-2678.93,29789.29,352.03,2.500,0.00,50.0
14135.00,-2679.28,29791.77,352.03,2.500,0.00,50.0
14136.00,-2679.63,29794.24,352.03,2.500,0.00,50.0
14137.00,-2679.97,29796.72,352.03,2.500,0.00,50.0
14138.00,-2680.32,29799.19,352.03,2.500,0.00,50.0
14139.00,-2680.67,29801.67,352.03,2.500,0.00,50.0
14140.00,-2681.01,29804.14,352.03,2.500,0.00,50.0
14141.00,-2681.36,29806.62,352.03,2.500,0.00,50.0
14142.00,-2681.71,29809.10,352.03,2.500,0.00,50.0
14143.00,-2682.05,29811.57,352.03,2.500,0.00,50.0
14144.00,-2682.40,29814.05,352.03,2.500,0.00,50.0
14145.00,-2682.75,29816.52,352.03,2.500,0.00,50.0
14146.00,-2683.09,29819.00,352.03,2.500,0.00,50.0
14147.00,-2683.44,29821.48,352.03,2.500,0.00,50.0
14148.00,-2683.79,29823.95,352.03,2.500,0.00,50.0
14149.00,-2684.13,29826.43,352.03,2.500,0.00,50.0
14150.00,-2684.48,29828.90,352.03,2.500,0.00,50.0
14151.00,-2684.83,29831.38,352.03,2.500,0.00,50.0
14152.00,-2685.17,29833.85,352.03,2.500,0.00,50.0
14153.00,-2685.52,29836.33,352.03,2.500,0.00,50.0
14154.00,-2685.87,29838.81,352.03,2.500,0.00,50.0
14155.00,-2686.21,29841.28,352.03,2.500,0.00,50.0
14156.00,-2686.56,29843.76,352.03,2.500,0.00,50.0
14157.00,-2686.91,29846.23,352.03,2.500,0.00,50.0
14158.00,-2687.26,29848.71,352.03,2.500,0.00,50.0
14159.00,-2687.60,29851.19,352.03,2.500,0.00,50.0
14160.00,-2687.95,29853.66,352.03,2.500,0.00,50.0
14161.00,-2688.30,29856.14,352.03,2.500,0.00,50.0
14162.00,-2688.64,29858.61,352.03,2.500,0.00,50.0
14163.00,-2688.99,29861.09,352.03,2.500,0.00,50.0
14164.00,-2689.34,29863.56,352.03,2.500,0.00,50.0
14165.00,-2689.68,29866.04,352.03,2.500,0.00,50.0
14166.00,-2690.03,29868.52,352.03,2.500,0.00,50.0
14167.00,-2690.38,29870.99,352.03,2.500,0.00,50.0
14168.00,-2690.72,29873.47,352.03,2.500,0.00,50.0
14169.00,-2691.07,29875.94,352.03,2.500,0.00,50.0
14170.00,-2691.42,29878.42,352.03,2.500,0.00,50.0
14171.00,-2691.76,29880.90,352.03,2.500,0.00,50.0
14172.00,-2692.11,29883.37,352.03,2.500,0.00,50.0
14173.00,-2692.46,29885.85,352.03,2.500,0.00,50.0
14174.00,-2692.80,29888.32,352.03,2.500,0.00,50.0
14175.00,-2693.15,29890.80,352.03,2.500,0.00,50.0
14176.00,-2693.50,29893.27,352.03,2.500,0.00,50.0
14177.00,-2693.84,29895.75,352.03,2.500,0.00,50.0
14178.00,-2694.19,29898.23,352.03,2.500,0.00,50.0
14179.00,-2694.54,29900.70,352.03,2.500,0.00,50.0
14180.00,-2694.88,29903.18,352.03,2.500,0.00,50.0
14181.00,-2695.23,29905.65,352.03,2.500,0.00,50.0
14182.00,-2695.58,29908.13,352.03,2.500,0.00,50.0
14183.00,-2695.92,29910.61,352.03,2.500,0.00,50.0
14184.00,-2696.27,29913.08,352.03,2.500,0.00,50.0
14185.00,-2696.62,29915.56,352.03,2.500,0.00,50.0
14186.00,-2696.96,29918.03,352.03,2.500,0.00,50.0
14187.00,-2697.31,29920.51,352.03,2.500,0.00,50.0
14188.00,-2697.66,29922.99,352.03,2.500,0.00,50.0
14189.00,-2698.00,29925.46,352.03,2.500,0.00,50.0
14190.00,-2698.35,29927.94,352.03,2.500,0.00,50.0
14191.00,-2698.70,29930.41,352.03,2.500,0.00,50.0
14192.00,-2699.04,29932.89,352.03,2.500,0.00,50.0
14193.00,-2699.39,29935.36,352.03,2.500,0.00,50.0
14194.00,-2699.74,29937.84,352.03,2.500,0.00,50.0
14195.00,-2700.08,29940.32,352.03,2.500,0.00,50.0
14196.00,-2700.43,29942.79,352.03,2.500,0.00,50.0
14197.00,-2700.78,29945.27,352.03,2.500,0.00,50.0
14198.00,-2701.12,29947.74,352.03,2.500,0.00,50.0
14199.00,-2701.47,29950.22,352.03,2.500,0.00,50.0
14200.00,-2701.82,29952.70,352.03,2.500,0.00,50.0
14201.00,-2702.16,29955.17,352.03,2.500,0.00,50.0
14202.00,-2702.51,29957.65,352.03,2.500,0.00,50.0
14203.00,-2702.86,29960.12,352.03,2.500,0.00,50.0
14204.00,-2703.20,29962.60,352.03,2.500,0.00,50.0
14205.00,-2703.55,29965.07,352.03,2.500,0.00,50.0
14206.00,-2703.90,29967.55,352.03,2.500,0.00,50.0
14207.00,-2704.24,29970.03,352.03,2.500,0.00,50.0
14208.00,-2704.59,29972.50,352.03,2.500,0.00,50.0
14209.00,-2704.94,29974.98,352.03,2.500,0.00,50.0
14210.00,-2705.28,29977.45,352.03,2.500,0.00,50.0
14211.00,-2705.63,29979.93,352.03,2.500,0.00,50.0
14212.00,-2705.98,29982.41,352.03,2.500,0.00,50.0
14213.00,-2706.32,29984.88,352.03,2.500,0.00,50.0
14214.00,-2706.67,29987.36,352.03,2.500,0.00,50.0
14215.00,-2707.02,29989.83,352.03,2.500,0.00,50.0
14216.00,-2707.36,29992.31,352.03,2.500,0.00,50.0
14217.00,-2707.71,29994.78,352.03,2.500,0.00,50.0
14218.00,-2708.06,29997.26,352.03,2.500,0.00,50.0
14219.00,-2708.40,29999.74,352.03,2.500,0.00,50.0
14220.00,-2708.75,30002.21,352.03,2.500,0.00,50.0
14221.00,-2709.10,30004.69,352.03,2.500,0.00,50.0
14222.00,-2709.44,30007.16,352.03,2.500,0.00,50.0
14223.00,-2709.79,30009.64,352.03,2.500,0.00,50.0
14224.00,-2710.14,30012.12,352.03,2.500,0.00,50.0
14225.00,-2710.48,30014.59,352.03,2.500,0.00,50.0
14226.00,-2710.83,30017.07,352.03,2.500,0.00,50.0
14227.00,-2711.18,30019.54,352.03,2.500,0.00,50.0
14228.00,-2711.52,30022.02,352.03,2.500,0.00,50.0
14229.00,-2711.87,30024.49,352.03,2.500,0.00,50.0
14230.00,-2712.22,30026.97,352.03,2.500,0.00,50.0
14231.00,-2712.56,30029.45,352.03,2.500,0.00,50.0
14232.00,-2712.91,30031.92,352.03,2.500,0.00,50.0
14233.00,-2713.26,30034.40,352.03,2.500,0.00,50.0
14234.00,-2713.60,30036.87,352.03,2.500,0.00,50.0
14235.00,-2713.95,30039.35,352.03,2.500,0.00,50.0
14236.00,-2714.30,30041.83,352.03,2.500,0.00,50.0
14237.00,-2714.64,30044.30,352.03,2.500,0.00,50.0
14238.00,-2714.99,30046.78,352.03,2.500,0.00,50.0
14239.00,-2715.34,30049.25,352.03,2.500,0.00,50.0
14240.00,-2715.68,30051.73,352.03,2.500,0.00,50.0
14241.00,-2716.03,30054.20,352.03,2.500,0.00,50.0
14242.00,-2716.38,30056.68,352.03,2.500,0.00,50.0
14243.00,-2716.72,30059.16,352.03,2.500,0.00,50.0
14244.00,-2717.07,30061.63,352.03,2.500,0.00,50.0
14245.00,-2717.42,30064.11,352.03,2.500,0.00,50.0
14246.00,-2717.76,30066.58,352.03,2.500,0.00,50.0
14247.00,-2718.11,30069.06,352.03,2.500,0.00,50.0
14248.00,-2718.46,30071.54,352.03,2.500,0.00,50.0
14249.00,-2718.80,30074.01,352.03,2.500,0.00,50.0
14250.00,-2719.15,30076.49,352.03,2.500,0.00,50.0
14251.00,-2719.50,30078.96,352.03,2.500,0.00,50.0
14252.00,-2719.84,30081.44,352.03,2.500,0.00,50.0
14253.00,-2720.19,30083.91,352.03,2.500,0.00,50.0
14254.00,-2720.54,30086.39,352.03,2.500,0.00,50.0
14255.00,-2720.88,30088.87,352.03,2.500,0.00,50.0
14256.00,-2721.23,30091.34,352.03,2.500,0.00,50.0
14257.00,-2721.58,30093.82,352.03,2.500,0.00,50.0
14258.00,-2721.92,30096.29,352.03,2.500,0.00,50.0
14259.00,-2722.27,30098.77,352.03,2.500,0.00,50.0
14260.00,-2722.62,30101.25,352.03,2.500,0.00,50.0
14261.00,-2722.96,30103.72,352.03,2.500,0.00,50.0
14262.00,-2723.31,30106.20,352.03,2.500,0.00,50.0
14263.00,-2723.66,30108.67,352.03,2.500,0.00,50.0
14264.00,-2724.01,30111.15,352.03,2.500,0.00,50.0
14265.00,-2724.35,30113.62,352.03,2.500,0.00,50.0
14266.00,-2724.70,30116.10,352.03,2.500,0.00,50.0
14267.00,-2725.05,30118.58,352.03,2.500,0.00,50.0
14268.00,-2725.39,30121.05,352.03,2.500,0.00,50.0
14269.00,-2725.74,30123.53,352.03,2.500,0.00,50.0
14270.00,-2726.09,30126.00,352.03,2.500,0.00,50.0
14271.00,-2726.43,30128.48,352.03,2.500,0.00,50.0
14272.00,-2726.78,30130.96,352.03,2.500,0.00,50.0
14273.00,-2727.13,30133.43,352.03,2.500,0.00,50.0
14274.00,-2727.47,30135.91,352.03,2.500,0.00,50.0
14275.00,-2727.82,30138.38,352.03,2.500,0.00,50.0
14276.00,-2728.17,30140.86,352.03,2.500,0.00,50.0
14277.00,-2728.51,30143.34,352.03,2.500,0.00,50.0
14278.00,-2728.86,30145.81,352.03,2.500,0.00,50.0
14279.00,-2729.21,30148.29,352.03,2.500,0.00,50.0
14280.00,-2729.55,30150.76,352.03,2.500,0.00,50.0
14281.00,-2729.90,30153.24,352.03,2.500,0.00,50.0
14282.00,-2730.25,30155.71,352.03,2.500,0.00,50.0
14283.00,-2730.59,30158.19,352.03,2.500,0.00,50.0
14284.00,-2730.94,30160.67,352.03,2.500,0.00,50.0
14285.00,-2731.29,30163.14,352.03,2.500,0.00,50.0
14286.00,-2731.63,30165.62,352.03,2.500,0.00,50.0
14287.00,-2731.98,30168.09,352.03,2.500,0.00,50.0
14288.00,-2732.33,30170.57,352.03,2.500,0.00,50.0
14289.00,-2732.67,30173.05,352.03,2.500,0.00,50.0
14290.00,-2733.02,30175.52,352.03,2.500,0.00,50.0
14291.00,-2733.37,30178.00,352.03,2.500,0.00,50.0
14292.00,-2733.71,30180.47,352.03,2.500,0.00,50.0
14293.00,-2734.06,30182.95,352.03,2.500,0.00,50.0
14294.00,-2734.41,30185.42,352.03,2.500,0.00,50.0
14295.00,-2734.75,30187.90,352.03,2.500,0.00,50.0
14296.00,-2735.10,30190.38,352.03,2.500,0.00,50.0
14297.00,-2735.45,30192.85,352.03,2.500,0.00,50.0
14298.00,-2735.79,30195.33,352.03,2.500,0.00,50.0
14299.00,-2736.14,30197.80,352.03,2.500,0.00,50.0
14300.00,-2736.49,30200.28,352.03,2.500,0.00,50.0
14301.00,-2736.83,30202.76,352.03,2.500,0.00,50.0
14302.00,-2737.18,30205.23,352.03,2.500,0.00,50.0
14303.00,-2737.53,30207.71,352.03,2.500,0.00,50.0
14304.00,-2737.87,30210.18,352.03,2.500,0.00,50.0
14305.00,-2738.22,30212.66,352.03,2.500,0.00,50.0
14306.00,-2738.57,30215.13,352.03,2.500,0.00,50.0
14307.00,-2738.91,30217.61,352.03,2.500,0.00,50.0
14308.00,-2739.26,30220.09,352.03,2.500,0.00,50.0
14309.00,-2739.61,30222.56,352.03,2.500,0.00,50.0
14310.00,-2739.95,30225.04,352.03,2.500,0.00,50.0
14311.00,-2740.30,30227.51,352.03,2.500,0.00,50.0
14312.00,-2740.65,30229.99,352.03,2.500,0.00,50.0
14313.00,-2740.99,30232.47,352.03,2.500,0.00,50.0
14314.00,-2741.34,30234.94,352.03,2.500,0.00,50.0
14315.00,-2741.69,30237.42,352.03,2.500,0.00,50.0
14316.00,-2742.03,30239.89,352.03,2.500,0.00,50.0
14317.00,-2742.38,30242.37,352.03,2.500,0.00,50.0
14318.00,-2742.73,30244.84,352.03,2.500,0.00,50.0
14319.00,-2743.07,30247.32,352.03,2.500,0.00,50.0
14320.00,-2743.42,30249.80,352.03,2.500,0.00,50.0
14321.00,-2743.77,30252.27,352.03,2.500,0.00,50.0
14322.00,-2744.11,30254.75,352.03,2.500,0.00,50.0
14323.00,-2744.46,30257.22,352.03,2.500,0.00,50.0
14324.00,-2744.81,30259.70,352.03,2.500,0.00,50.0
14325.00,-2745.15,30262.18,352.03,2.500,0.00,50.0
14326.00,-2745.50,30264.65,352.03,2.500,0.00,50.0
14327.00,-2745.85,30267.13,352.03,2.500,0.00,50.0
14328.00,-2746.19,30269.60,352.03,2.500,0.00,50.0
14329.00,-2746.54,30272.08,352.03,2.500,0.00,50.0
14330.00,-2746.89,30274.55,352.03,2.500,0.00,50.0
14331.00,-2747.23,30277.03,352.03,2.500,0.00,50.0
14332.00,-2747.58,30279.51,352.03,2.500,0.00,50.0
14333.00,-2747.93,30281.98,352.03,2.500,0.00,50.0
14334.00,-2748.27,30284.46,352.03,2.500,0.00,50.0
14335.00,-2748.62,30286.93,352.03,2.500,0.00,50.0
14336.00,-2748.97,30289.41,352.03,2.500,0.00,50.0
14337.00,-2749.31,30291.89,352.03,2.500,0.00,50.0
14338.00,-2749.66,30294.36,352.03,2.500,0.00,50.0
14339.00,-2750.01,30296.84,352.03,2.500,0.00,50.0
14340.00,-2750.35,30299.31,352.03,2.500,0.00,50.0
14341.00,-2750.70,30301.79,352.03,2.500,0.00,50.0
14342.00,-2751.05,30304.26,352.03,2.500,0.00,50.0
14343.00,-2751.39,30306.74,352.03,2.500,0.00,50.0
14344.00,-2751.74,30309.22,352.03,2.500,0.00,50.0
14345.00,-2752.09,30311.69,352.03,2.500,0.00,50.0
14346.00,-2752.43,30314.17,352.03,2.500,0.00,50.0
14347.00,-2752.78,30316.64,352.03,2.500,0.00,50.0
14348.00,-2753.13,30319.12,352.03,2.500,0.00,50.0
14349.00,-2753.47,30321.60,352.03,2.500,0.00,50.0
14350.00,-2753.82,30324.07,352.03,2.500,0.00,50.0
14351.00,-2754.17,30326.55,352.03,2.500,0.00,50.0
14352.00,-2754.51,30329.02,352.03,2.500,0.00,50.0
14353.00,-2754.86,30331.50,352.03,2.500,0.00,50.0
14354.00,-2755.21,30333.98,352.03,2.500,0.00,50.0
14355.00,-2755.55,30336.45,352.03,2.500,0.00,50.0
14356.00,-2755.90,30338.93,352.03,2.500,0.00,50.0
14357.00,-2756.25,30341.40,352.03,2.500,0.00,50.0
14358.00,-2756.59,30343.88,352.03,2.500,0.00,50.0
14359.00,-2756.94,30346.35,352.03,2.500,0.00,50.0
14360.00,-2757.29,30348.83,352.03,2.500,0.00,50.0
14361.00,-2757.63,30351.31,352.03,2.500,0.00,50.0
14362.00,-2757.98,30353.78,352.03,2.500,0.00,50.0
14363.00,-2758.33,30356.26,352.03,2.500,0.00,50.0
14364.00,-2758.67,30358.73,352.03,2.500,0.00,50.0
14365.00,-2759.02,30361.21,352.03,2.500,0.00,50.0
14366.00,-2759.37,30363.69,352.03,2.500,0.00,50.0
14367.00,-2759.71,30366.16,352.03,2.500,0.00,50.0
14368.00,-2760.06,30368.64,352.03,2.500,0.00,50.0
14369.00,-2760.41,30371.11,352.03,2.500,0.00,50.0
14370.00,-2760.76,30373.59,352.03,2.500,0.00,50.0
14371.00,-2761.10,30376.06,352.03,2.500,0.00,50.0
14372.00,-2761.45,30378.54,352.03,2.500,0.00,50.0
14373.00,-2761.80,30381.02,352.03,2.500,0.00,50.0
14374.00,-2762.14,30383.49,352.03,2.500,0.00,50.0
14375.00,-2762.49,30385.97,352.03,2.500,0.00,50.0
14376.00,-2762.84,30388.44,352.03,2.500,0.00,50.0
14377.00,-2763.18,30390.92,352.03,2.500,0.00,50.0
14378.00,-2763.53,30393.40,352.03,2.500,0.00,50.0
14379.00,-2763.88,30395.87,352.03,2.500,0.00,50.0
14380.00,-2764.22,30398.35,352.03,2.500,0.00,50.0
14381.00,-2764.57,30400.82,352.03,2.500,0.00,50.0
14382.00,-2764.92,30403.30,352.03,2.500,0.00,50.0
14383.00,-2765.26,30405.77,352.03,2.500,0.00,50.0
14384.00,-2765.61,30408.25,352.03,2.500,0.00,50.0
14385.00,-2765.96,30410.73,352.03,2.500,0.00,50.0
14386.00,-2766.30,30413.20,352.03,2.500,0.00,50.0
14387.00,-2766.65,30415.68,352.03,2.500,0.00,50.0
14388.00,-2767.00,30418.15,352.03,2.500,0.00,50.0
14389.00,-2767.34,30420.63,352.03,2.500,0.00,50.0
14390.00,-2767.69,30423.11,352.03,2.500,0.00,50.0
14391.00,-2768.04,30425.58,352.03,2.500,0.00,50.0
14392.00,-2768.38,30428.06,352.03,2.500,0.00,50.0
14393.00,-2768.73,30430.53,352.03,2.500,0.00,50.0
14394.00,-2769.08,30433.01,352.03,2.500,0.00,50.0
14395.00,-2769.42,30435.48,352.03,2.500,0.00,50.0
14396.00,-2769.77,30437.96,352.03,2.500,0.00,50.0
14397.00,-2770.12,30440.44,352.03,2.500,0.00,50.0
14398.00,-2770.46,30442.91,352.03,2.500,0.00,50.0
14399.00,-2770.81,30445.39,352.03,2.500,0.00,50.0
14400.00,-2771.16,30447.86,352.03,2.500,0.00,50.0
14401.00,-2771.50,30450.34,352.03,2.500,0.00,50.0
14402.00,-2771.85,30452.82,352.03,2.500,0.00,50.0
14403.00,-2772.20,30455.29,352.03,2.500,0.00,50.0
14404.00,-2772.54,30457.77,352.03,2.500,0.00,50.0
14405.00,-2772.89,30460.24,352.03,2.500,0.00,50.0
14406.00,-2773.24,30462.72,352.03,2.500,0.00,50.0
14407.00,-2773.58,30465.19,352.03,2.500,0.00,50.0
14408.00,-2773.93,30467.67,352.03,2.500,0.00,50.0
14409.00,-2774.28,30470.15,352.03,2.500,0.00,50.0
14410.00,-2774.62,30472.62,352.03,2.500,0.00,50.0
14411.00,-2774.97,30475.10,352.03,2.500,0.00,50.0
14412.00,-2775.32,30477.57,352.03,2.500,0.00,50.0
14413.00,-2775.66,30480.05,352.03,2.500,0.00,50.0
14414.00,-2776.01,30482.53,352.03,2.500,0.00,50.0
14415.00,-2776.36,30485.00,352.03,2.500,0.00,50.0
14416.00,-2776.70,30487.48,352.03,2.500,0.00,50.0
14417.00,-2777.05,30489.95,352.03,2.500,0.00,50.0
14418.00,-2777.40,30492.43,352.03,2.500,0.00,50.0
14419.00,-2777.74,30494.90,352.03,2.500,0.00,50.0
14420.00,-2778.09,30497.38,352.03,2.500,0.00,50.0
14421.00,-2778.44,30499.86,352.03,2.500,0.00,50.0
14422.00,-2778.78,30502.33,352.03,2.500,0.00,50.0
14423.00,-2779.13,30504.81,352.03,2.500,0.00,50.0
14424.00,-2779.48,30507.28,352.03,2.500,0.00,50.0
14425.00,-2779.82,30509.76,352.03,2.500,0.00,50.0
14426.00,-2780.17,30512.24,352.03,2.500,0.00,50.0
14427.00,-2780.52,30514.71,352.03,2.500,0.00,50.0
14428.00,-2780.86,30517.19,352.03,2.500,0.00,50.0
14429.00,-2781.21,30519.66,352.03,2.500,0.00,50.0
14430.00,-2781.56,30522.14,352.03,2.500,0.00,50.0
14431.00,-2781.90,30524.61,352.03,2.500,0.00,50.0
14432.00,-2782.25,30527.09,352.03,2.500,0.00,50.0
14433.00,-2782.60,30529.57,352.03,2.500,0.00,50.0
14434.00,-2782.94,30532.04,352.03,2.500,0.00,50.0
14435.00,-2783.29,30534.52,352.03,2.500,0.00,50.0
14436.00,-2783.64,30536.99,352.03,2.500,0.00,50.0
14437.00,-2783.98,30539.47,352.03,2.500,0.00,50.0
14438.00,-2784.33,30541.95,352.03,2.500,0.00,50.0
14439.00,-2784.68,30544.42,352.03,2.500,0.00,50.0
14440.00,-2785.02,30546.90,352.03,2.500,0.00,50.0
14441.00,-2785.37,30549.37,352.03,2.500,0.00,50.0
14442.00,-2785.72,30551.85,352.03,2.500,0.00,50.0
14443.00,-2786.06,30554.33,352.03,2.500,0.00,50.0
14444.00,-2786.41,30556.80,352.03,2.500,0.00,50.0
14445.00,-2786.76,30559.28,352.03,2.500,0.00,50.0
14446.00,-2787.10,30561.75,352.03,2.500,0.00,50.0
14447.00,-2787.45,30564.23,352.03,2.500,0.00,50.0
14448.00,-2787.80,30566.70,352.03,2.500,0.00,50.0
14449.00,-2788.14,30569.18,352.03,2.500,0.00,50.0
14450.00,-2788.49,30571.66,352.03,2.500,0.00,50.0
14451.00,-2788.84,30574.13,352.03,2.500,0.00,50.0
14452.00,-2789.18,30576.61,352.03,2.500,0.00,50.0
14453.00,-2789.53,30579.08,352.03,2.500,0.00,50.0
14454.00,-2789.88,30581.56,352.03,2.500,0.00,50.0
14455.00,-2790.22,30584.04,352.03,2.500,0.00,50.0
14456.00,-2790.57,30586.51,352.03,2.500,0.00,50.0
14457.00,-2790.92,30588.99,352.03,2.500,0.00,50.0
14458.00,-2791.26,30591.46,352.03,2.500,0.00,50.0
14459.00,-2791.61,30593.94,352.03,2.500,0.00,50.0
14460.00,-2791.96,30596.41,352.03,2.500,0.00,50.0
14461.00,-2792.30,30598.89,352.03,2.500,0.00,50.0
14462.00,-2792.65,30601.37,352.03,2.500,0.00,50.0
14463.00,-2793.00,30603.84,352.03,2.500,0.00,50.0
14464.00,-2793.34,30606.32,352.03,2.500,0.00,50.0
14465.00,-2793.69,30608.79,352.03,2.500,0.00,50.0
14466.00,-2794.04,30611.27,352.03,2.500,0.00,50.0
14467.00,-2794.38,30613.75,352.03,2.500,0.00,50.0
14468.00,-2794.73,30616.22,352.03,2.500,0.00,50.0
14469.00,-2795.08,30618.70,352.03,2.500,0.00,50.0
14470.00,-2795.42,30621.17,352.03,2.500,0.00,50.0
14471.00,-2795.77,30623.65,352.03,2.500,0.00,50.0
14472.00,-2796.12,30626.12,352.03,2.500,0.00,50.0
14473.00,-2796.46,30628.60,352.03,2.500,0.00,50.0
14474.00,-2796.81,30631.08,352.03,2.500,0.00,50.0
14475.00,-2797.16,30633.55,352.03,2.500,0.00,50.0
14476.00,-2797.51,30636.03,352.03,2.500,0.00,50.0
14477.00,-2797.85,30638.50,352.03,2.500,0.00,50.0
14478.00,-2798.20,30640.98,352.03,2.500,0.00,50.0
14479.00,-2798.55,30643.46,352.03,2.500,0.00,50.0
14480.00,-2798.89,30645.93,352.03,2.500,0.00,50.0
14481.00,-2799.24,30648.41,352.03,2.500,0.00,50.0
14482.00,-2799.59,30650.88,352.03,2.500,0.00,50.0
14483.00,-2799.93,30653.36,352.03,2.500,0.00,50.0
14484.00,-2800.28,30655.83,352.03,2.500,0.00,50.0
14485.00,-2800.63,30658.31,352.03,2.500,0.00,50.0
14486.00,-2800.97,30660.79,352.03,2.500,0.00,50.0
14487.00,-2801.32,30663.26,352.03,2.500,0.00,50.0
14488.00,-2801.67,30665.74,352.03,2.500,0.00,50.0
14489.00,-2802.01,30668.21,352.03,2.500,0.00,50.0
14490.00,-2802.36,30670.69,352.03,2.500,0.00,50.0
14491.00,-2802.71,30673.17,352.03,2.500,0.00,50.0
14492.00,-2803.05,30675.64,352.03,2.500,0.00,50.0
14493.00,-2803.40,30678.12,352.03,2.500,0.00,50.0
14494.00,-2803.75,30680.59,352.03,2.500,0.00,50.0
14495.00,-2804.09,30683.07,352.03,2.500,0.00,50.0
14496.00,-2804.44,30685.54,352.03,2.500,0.00,50.0
14497.00,-2804.79,30688.02,352.03,2.500,0.00,50.0
14498.00,-2805.13,30690.50,352.03,2.500,0.00,50.0
14499.00,-2805.48,30692.97,352.03,2.500,0.00,50.0
14500.00,-2805.83,30695.45,352.03,2.500,0.00,50.0
14501.00,-2806.17,30697.92,352.03,2.500,0.00,50.0
14502.00,-2806.52,30700.40,352.03,2.500,0.00,50.0
14503.00,-2806.87,30702.88,352.03,2.500,0.00,50.0
14504.00,-2807.21,30705.35,352.03,2.500,0.00,50.0
14505.00,-2807.56,30707.83,352.03,2.500,0.00,50.0
14506.00,-2807.91,30710.30,352.03,2.500,0.00,50.0
14507.00,-2808.25,30712.78,352.03,2.500,0.00,50.0
14508.00,-2808.60,30715.25,352.03,2.500,0.00,50.0
14509.00,-2808.95,30717.73,352.03,2.500,0.00,50.0
14510.00,-2809.29,30720.21,352.03,2.500,0.00,50.0
14511.00,-2809.64,30722.68,352.03,2.500,0.00,50.0
14512.00,-2809.99,30725.16,352.03,2.500,0.00,50.0
14513.00,-2810.33,30727.63,352.03,2.500,0.00,50.0
14514.00,-2810.68,30730.11,352.03,2.500,0.00,50.0
14515.00,-2811.03,30732.59,352.03,2.500,0.00,50.0
14516.00,-2811.37,30735.06,352.03,2.500,0.00,50.0
14517.00,-2811.72,30737.54,352.03,2.500,0.00,50.0
14518.00,-2812.07,30740.01,352.03,2.500,0.00,50.0
14519.00,-2812.41,30742.49,352.03,2.500,0.00,50.0
14520.00,-2812.76,30744.97,352.03,2.500,0.00,50.0
14521.00,-2813.11,30747.44,352.03,2.500,0.00,50.0
14522.00,-2813.45,30749.92,352.03,2.500,0.00,50.0
14523.00,-2813.80,30752.39,352.03,2.500,0.00,50.0
14524.00,-2814.15,30754.87,352.03,2.500,0.00,50.0
14525.00,-2814.49,30757.34,352.03,2.500,0.00,50.0
14526.00,-2814.84,30759.82,352.03,2.500,0.00,50.0
14527.00,-2815.19,30762.30,352.03,2.500,0.00,50.0
14528.00,-2815.53,30764.77,352.03,2.500,0.00,50.0
14529.00,-2815.88,30767.25,352.03,2.500,0.00,50.0
14530.00,-2816.23,30769.72,352.03,2.500,0.00,50.0
14531.00,-2816.57,30772.20,352.03,2.500,0.00,50.0
14532.00,-2816.92,30774.68,352.03,2.500,0.00,50.0
14533.00,-2817.27,30777.15,352.03,2.500,0.00,50.0
14534.00,-2817.61,30779.63,352.03,2.500,0.00,50.0
14535.00,-2817.96,30782.10,352.03,2.500,0.00,50.0
14536.00,-2818.31,30784.58,352.03,2.500,0.00,50.0
14537.00,-2818.65,30787.05,352.03,2.500,0.00,50.0
14538.00,-2819.00,30789.53,352.03,2.500,0.00,50.0
14539.00,-2819.35,30792.01,352.03,2.500,0.00,50.0
14540.00,-2819.69,30794.48,352.03,2.500,0.00,50.0
14541.00,-2820.04,30796.96,352.03,2.500,0.00,50.0
14542.00,-2820.39,30799.43,352.03,2.500,0.00,50.0
14543.00,-2820.73,30801.91,352.03,2.500,0.00,50.0
14544.00,-2821.08,30804.39,352.03,2.500,0.00,50.0
14545.00,-2821.43,30806.86,352.03,2.500,0.00,50.0
14546.00,-2821.77,30809.34,352.03,2.500,0.00,50.0
14547.00,-2822.12,30811.81,352.03,2.500,0.00,50.0
14548.00,-2822.47,30814.29,352.03,2.500,0.00,50.0
14549.00,-2822.81,30816.76,352.03,2.500,0.00,50.0
14550.00,-2823.16,30819.24,352.03,2.500,0.00,50.0
14551.00,-2823.51,30821.72,352.03,2.500,0.00,50.0
14552.00,-2823.85,30824.19,352.03,2.500,0.00,50.0
14553.00,-2824.20,30826.67,352.03,2.500,0.00,50.0
14554.00,-2824.55,30829.14,352.03,2.500,0.00,50.0
14555.00,-2824.89,30831.62,352.03,2.500,0.00,50.0
14556.00,-2825.24,30834.10,352.03,2.500,0.00,50.0
14557.00,-2825.59,30836.57,352.03,2.500,0.00,50.0
14558.00,-2825.93,30839.05,352.03,2.500,0.00,50.0
14559.00,-2826.28,30841.52,352.03,2.500,0.00,50.0
14560.00,-2826.63,30844.00,352.03,2.500,0.00,50.0
14561.00,-2826.97,30846.47,352.03,2.500,0.00,50.0
14562.00,-2827.32,30848.95,352.03,2.500,0.00,50.0
14563.00,-2827.67,30851.43,352.03,2.500,0.00,50.0
14564.00,-2828.01,30853.90,352.03,2.500,0.00,50.0
14565.00,-2828.36,30856.38,352.03,2.500,0.00,50.0
14566.00,-2828.71,30858.85,352.03,2.500,0.00,50.0
14567.00,-2829.05,30861.33,352.03,2.500,0.00,50.0
14568.00,-2829.40,30863.81,352.03,2.500,0.00,50.0
14569.00,-2829.75,30866.28,352.03,2.500,0.00,50.0
14570.00,-2830.09,30868.76,352.03,2.500,0.00,50.0
14571.00,-2830.44,30871.23,352.03,2.500,0.00,50.0
14572.00,-2830.79,30873.71,352.03,2.500,0.00,50.0
14573.00,-2831.13,30876.18,352.03,2.500,0.00,50.0
14574.00,-2831.48,30878.66,352.03,2.500,0.00,50.0
14575.00,-2831.83,30881.14,352.03,2.500,0.00,50.0
14576.00,-2832.17,30883.61,352.03,2.500,0.00,50.0
14577.00,-2832.52,30886.09,352.03,2.500,0.00,50.0
14578.00,-2832.87,30888.56,352.03,2.500,0.00,50.0
14579.00,-2833.21,30891.04,352.03,2.500,0.00,50.0
14580.00,-2833.56,30893.52,352.03,2.500,0.00,50.0
14581.00,-2833.91,30895.99,352.03,2.500,0.00,50.0
14582.00,-2834.26,30898.47,352.03,2.500,0.00,50.0
14583.00,-2834.60,30900.94,352.03,2.500,0.00,50.0
14584.00,-2834.95,30903.42,352.03,2.500,0.00,50.0
14585.00,-2835.30,30905.89,352.03,2.500,0.00,50.0
14586.00,-2835.64,30908.37,352.03,2.500,0.00,50.0
14587.00,-2835.99,30910.85,352.03,2.500,0.00,50.0
14588.00,-2836.34,30913.32,352.03,2.500,0.00,50.0
14589.00,-2836.68,30915.80,352.03,2.500,0.00,50.0
14590.00,-2837.03,30918.27,352.03,2.500,0.00,50.0
14591.00,-2837.38,30920.75,352.03,2.500,0.00,50.0
14592.00,-2837.72,30923.23,352.03,2.500,0.00,50.0
14593.00,-2838.07,30925.70,352.03,2.500,0.00,50.0
14594.00,-2838.42,30928.18,352.03,2.500,0.00,50.0
14595.00,-2838.76,30930.65,352.03,2.500,0.00,50.0
14596.00,-2839.11,30933.13,352.03,2.500,0.00,50.0
14597.00,-2839.46,30935.60,352.03,2.500,0.00,50.0
14598.00,-2839.80,30938.08,352.03,2.500,0.00,50.0
14599.00,-2840.15,30940.56,352.03,2.500,0.00,50.0
14600.00,-2840.50,30943.03,352.03,2.500,0.00,50.0
14601.00,-2840.84,30945.51,352.03,2.500,0.00,50.0
14602.00,-2841.19,30947.98,352.03,2.500,0.00,50.0
14603.00,-2841.54,30950.46,352.03,2.500,0.00,50.0
14604.00,-2841.88,30952.94,352.03,2.500,0.00,50.0
14605.00,-2842.23,30955.41,352.03,2.500,0.00,50.0
14606.00,-2842.58,30957.89,352.03,2.500,0.00,50.0
14607.00,-2842.92,30960.36,352.03,2.500,0.00,50.0
14608.00,-2843.27,30962.84,352.03,2.500,0.00,50.0
14609.00,-2843.62,30965.32,352.03,2.500,0.00,50.0
14610.00,-2843.96,30967.79,352.03,2.500,0.00,50.0
14611.00,-2844.31,30970.27,352.03,2.500,0.00,50.0
14612.00,-2844.66,30972.74,352.03,2.500,0.00,50.0
14613.00,-2845.00,30975.22,352.03,2.500,0.00,50.0
14614.00,-2845.35,30977.69,352.03,2.500,0.00,50.0
14615.00,-2845.70,30980.17,352.03,2.500,0.00,50.0
14616.00,-2846.04,30982.65,352.03,2.500,0.00,50.0
14617.00,-2846.39,30985.12,352.03,2.500,0.00,50.0
14618.00,-2846.74,30987.60,352.03,2.500,0.00,50.0
14619.00,-2847.08,30990.07,352.03,2.500,0.00,50.0
14620.00,-2847.43,30992.55,352.03,2.500,0.00,50.0
14621.00,-2847.78,30995.03,352.03,2.500,0.00,50.0
14622.00,-2848.12,30997.50,352.03,2.500,0.00,50.0
14623.00,-2848.47,30999.98,352.03,2.500,0.00,50.0
14624.00,-2848.82,31002.45,352.03,2.500,0.00,50.0
14625.00,-2849.16,31004.93,352.03,2.500,0.00,50.0
14626.00,-2849.51,31007.40,352.03,2.500,0.00,50.0
14627.00,-2849.86,31009.88,352.03,2.500,0.00,50.0
14628.00,-2850.20,31012.36,352.03,2.500,0.00,50.0
14629.00,-2850.55,31014.83,352.03,2.500,0.00,50.0
14630.00,-2850.90,31017.31,352.03,2.500,0.00,50.0
14631.00,-2851.24,31019.78,352.03,2.500,0.00,50.0
14632.00,-2851.59,31022.26,352.03,2.500,0.00,50.0
14633.00,-2851.94,31024.74,352.03,2.500,0.00,50.0
14634.00,-2852.28,31027.21,352.03,2.500,0.00,50.0
14635.00,-2852.63,31029.69,352.03,2.500,0.00,50.0
14636.00,-2852.98,31032.16,352.03,2.500,0.00,50.0
14637.00,-2853.32,31034.64,352.03,2.500,0.00,50.0
14638.00,-2853.67,31037.11,352.03,2.500,0.00,50.0
14639.00,-2854.02,31039.59,352.03,2.500,0.00,50.0
14640.00,-2854.36,31042.07,352.03,2.500,0.00,50.0
14641.00,-2854.71,31044.54,352.03,2.500,0.00,50.0
14642.00,-2855.06,31047.02,352.03,2.500,0.00,50.0
14643.00,-2855.40,31049.49,352.03,2.500,0.00,50.0
14644.00,-2855.75,31051.97,352.03,2.500,0.00,50.0
14645.00,-2856.10,31054.45,352.03,2.500,0.00,50.0
14646.00,-2856.44,31056.92,352.03,2.500,0.00,50.0
14647.00,-2856.79,31059.40,352.03,2.500,0.00,50.0
14648.00,-2857.14,31061.87,352.03,2.500,0.00,50.0
14649.00,-2857.48,31064.35,352.03,2.500,0.00,50.0
14650.00,-2857.83,31066.82,352.03,2.500,0.00,50.0
14651.00,-2858.18,31069.30,352.03,2.500,0.00,50.0
14652.00,-2858.52,31071.78,352.03,2.500,0.00,50.0
14653.00,-2858.87,31074.25,352.03,2.500,0.00,50.0
14654.00,-2859.22,31076.73,352.03,2.500,0.00,50.0
14655.00,-2859.56,31079.20,352.03,2.500,0.00,50.0
14656.00,-2859.91,31081.68,352.03,2.500,0.00,50.0
14657.00,-2860.26,31084.16,352.03,2.500,0.00,50.0
14658.00,-2860.60,31086.63,352.03,2.500,0.00,50.0
14659.00,-2860.95,31089.11,352.03,2.500,0.00,50.0
14660.00,-2861.30,31091.58,352.03,2.500,0.00,50.0
14661.00,-2861.64,31094.06,352.03,2.500,0.00,50.0
14662.00,-2861.99,31096.53,352.03,2.500,0.00,50.0
14663.00,-2862.34,31099.01,352.03,2.500,0.00,50.0
14664.00,-2862.68,31101.49,352.03,2.500,0.00,50.0
14665.00,-2863.03,31103.96,352.03,2.500,0.00,50.0
14666.00,-2863.38,31106.44,352.03,2.500,0.00,50.0
14667.00,-2863.72,31108.91,352.03,2.500,0.00,50.0
14668.00,-2864.07,31111.39,352.03,2.500,0.00,50.0
14669.00,-2864.42,31113.87,352.03,2.500,0.00,50.0
14670.00,-2864.76,31116.34,352.03,2.500,0.00,50.0
14671.00,-2865.11,31118.82,352.03,2.500,0.00,50.0
14672.00,-2865.46,31121.29,352.03,2.500,0.00,50.0
14673.00,-2865.80,31123.77,352.03,2.500,0.00,50.0
14674.00,-2866.15,31126.24,352.03,2.500,0.00,50.0
14675.00,-2866.50,31128.72,352.03,2.500,0.00,50.0
14676.00,-2866.84,31131.20,352.03,2.500,0.00,50.0
14677.00,-2867.19,31133.67,352.03,2.500,0.00,50.0
14678.00,-2867.54,31136.15,352.03,2.500,0.00,50.0
14679.00,-2867.88,31138.62,352.03,2.500,0.00,50.0
14680.00,-2868.23,31141.10,352.03,2.500,0.00,50.0
14681.00,-2868.58,31143.58,352.03,2.500,0.00,50.0
14682.00,-2868.92,31146.05,352.03,2.500,0.00,50.0
14683.00,-2869.27,31148.53,352.03,2.500,0.00,50.0
14684.00,-2869.62,31151.00,352.03,2.500,0.00,50.0
14685.00,-2869.96,31153.48,352.03,2.500,0.00,50.0
14686.00,-2870.31,31155.96,352.03,2.500,0.00,50.0
14687.00,-2870.66,31158.43,352.03,2.500,0.00,50.0
14688.00,-2871.01,31160.91,352.03,2.500,0.00,50.0
14689.00,-2871.35,31163.38,352.03,2.500,0.00,50.0
14690.00,-2871.70,31165.86,352.03,2.500,0.00,50.0
14691.00,-2872.05,31168.33,352.03,2.500,0.00,50.0
14692.00,-2872.39,31170.81,352.03,2.500,0.00,50.0
14693.00,-2872.74,31173.29,352.03,2.500,0.00,50.0
14694.00,-2873.09,31175.76,352.03,2.500,0.00,50.0
14695.00,-2873.43,31178.24,352.03,2.500,0.00,50.0
14696.00,-2873.78,31180.71,352.03,2.500,0.00,50.0
14697.00,-2874.13,31183.19,352.03,2.500,0.00,50.0
14698.00,-2874.47,31185.67,352.03,2.500,0.00,50.0
14699.00,-2874.82,31188.14,352.03,2.500,0.00,50.0
14700.00,-2875.17,31190.62,352.03,2.500,0.00,50.0
14701.00,-2875.51,31193.09,352.03,2.500,0.00,50.0
14702.00,-2875.86,31195.57,352.03,2.500,0.00,50.0
14703.00,-2876.21,31198.04,352.03,2.500,0.00,50.0
14704.00,-2876.55,31200.52,352.03,2.500,0.00,50.0
14705.00,-2876.90,31203.00,352.03,2.500,0.00,50.0
14706.00,-2877.25,31205.47,352.03,2.500,0.00,50.0
14707.00,-2877.59,31207.95,352.03,2.500,0.00,50.0
14708.00,-2877.94,31210.42,352.03,2.500,0.00,50.0
14709.00,-2878.29,31212.90,352.03,2.500,0.00,50.0
14710.00,-2878.63,31215.38,352.03,2.500,0.00,50.0
14711.00,-2878.98,31217.85,352.03,2.500,0.00,50.0
14712.00,-2879.33,31220.33,352.03,2.500,0.00,50.0
14713.00,-2879.67,31222.80,352.03,2.500,0.00,50.0
14714.00,-2880.02,31225.28,352.03,2.500,0.00,50.0
14715.00,-2880.37,31227.75,352.03,2.500,0.00,50.0
14716.00,-2880.71,31230.23,352.03,2.500,0.00,50.0
14717.00,-2881.06,31232.71,352.03,2.500,0.00,50.0
14718.00,-2881.41,31235.18,352.03,2.500,0.00,50.0
14719.00,-2881.75,31237.66,352.03,2.500,0.00,50.0
14720.00,-2882.10,31240.13,352.03,2.500,0.00,50.0
14721.00,-2882.45,31242.61,352.03,2.500,0.00,50.0
14722.00,-2882.79,31245.09,352.03,2.500,0.00,50.0
14723.00,-2883.14,31247.56,352.03,2.500,0.00,50.0
14724.00,-2883.49,31250.04,352.03,2.500,0.00,50.0
14725.00,-2883.83,31252.51,352.03,2.500,0.00,50.0
14726.00,-2884.18,31254.99,352.03,2.500,0.00,50.0
14727.00,-2884.53,31257.46,352.03,2.500,0.00,50.0
14728.00,-2884.87,31259.94,352.03,2.500,0.00,50.0
14729.00,-2885.22,31262.42,352.03,2.500,0.00,50.0
14730.00,-2885.57,31264.89,352.03,2.500,0.00,50.0
14731.00,-2885.91,31267.37,352.03,2.500,0.00,50.0
14732.00,-2886.26,31269.84,352.03,2.500,0.00,50.0
14733.00,-2886.61,31272.32,352.03,2.500,0.00,50.0
14734.00,-2886.95,31274.80,352.03,2.500,0.00,50.0
14735.00,-2887.30,31277.27,352.03,2.500,0.00,50.0
14736.00,-2887.65,31279.75,352.03,2.500,0.00,50.0
14737.00,-2887.99,31282.22,352.03,2.500,0.00,50.0
14738.00,-2888.34,31284.70,352.03,2.500,0.00,50.0
14739.00,-2888.69,31287.17,352.03,2.500,0.00,50.0
14740.00,-2889.03,31289.65,352.03,2.500,0.00,50.0
14741.00,-2889.38,31292.13,352.03,2.500,0.00,50.0
14742.00,-2889.73,31294.60,352.03,2.500,0.00,50.0
14743.00,-2890.07,31297.08,352.03,2.500,0.00,50.0
14744.00,-2890.42,31299.55,352.03,2.500,0.00,50.0
14745.00,-2890.77,31302.03,352.03,2.500,0.00,50.0
14746.00,-2891.11,31304.51,352.03,2.500,0.00,50.0
14747.00,-2891.46,31306.98,352.03,2.500,0.00,50.0
14748.00,-2891.81,31309.46,352.03,2.500,0.00,50.0
14749.00,-2892.15,31311.93,352.03,2.500,0.00,50.0
14750.00,-2892.50,31314.41,352.03,2.500,0.00,50.0
14751.00,-2892.85,31316.88,352.03,2.500,0.00,50.0
14752.00,-2893.19,31319.36,352.03,2.500,0.00,50.0
14753.00,-2893.54,31321.84,352.03,2.500,0.00,50.0
14754.00,-2893.89,31324.31,352.03,2.500,0.00,50.0
14755.00,-2894.23,31326.79,352.03,2.500,0.00,50.0
14756.00,-2894.58,31329.26,352.03,2.500,0.00,50.0
14757.00,-2894.93,31331.74,352.03,2.500,0.00,50.0
14758.00,-2895.27,31334.22,352.03,2.500,0.00,50.0
14759.00,-2895.62,31336.69,352.03,2.500,0.00,50.0
14760.00,-2895.97,31339.17,352.03,2.500,0.00,50.0
14761.00,-2896.31,31341.64,352.03,2.500,0.00,50.0
14762.00,-2896.66,31344.12,352.03,2.500,0.00,50.0
14763.00,-2897.01,31346.59,352.03,2.500,0.00,50.0
14764.00,-2897.35,31349.07,352.03,2.500,0.00,50.0
14765.00,-2897.70,31351.55,352.03,2.500,0.00,50.0
14766.00,-2898.05,31354.02,352.03,2.500,0.00,50.0
14767.00,-2898.39,31356.50,352.03,2.500,0.00,50.0
14768.00,-2898.74,31358.97,352.03,2.500,0.00,50.0
14769.00,-2899.09,31361.45,352.03,2.500,0.00,50.0
14770.00,-2899.43,31363.93,352.03,2.500,0.00,50.0
14771.00,-2899.78,31366.40,352.03,2.500,0.00,50.0
14772.00,-2900.13,31368.88,352.03,2.500,0.00,50.0
14773.00,-2900.47,31371.35,352.03,2.500,0.00,50.0
14774.00,-2900.82,31373.83,352.03,2.500,0.00,50.0
14775.00,-2901.17,31376.31,352.03,2.500,0.00,50.0
14776.00,-2901.51,31378.78,352.03,2.500,0.00,50.0
14777.00,-2901.86,31381.26,352.03,2.500,0.00,50.0
14778.00,-2902.21,31383.73,352.03,2.500,0.00,50.0
14779.00,-2902.55,31386.21,352.03,2.500,0.00,50.0
14780.00,-2902.90,31388.68,352.03,2.500,0.00,50.0
14781.00,-2903.25,31391.16,352.03,2.500,0.00,50.0
14782.00,-2903.59,31393.64,352.03,2.500,0.00,50.0
14783.00,-2903.94,31396.11,352.03,2.500,0.00,50.0
14784.00,-2904.29,31398.59,352.03,2.500,0.00,50.0
14785.00,-2904.63,31401.06,352.03,2.500,0.00,50.0
14786.00,-2904.98,31403.54,352.03,2.500,0.00,50.0
14787.00,-2905.33,31406.02,352.03,2.500,0.00,50.0
14788.00,-2905.67,31408.49,352.03,2.500,0.00,50.0
14789.00,-2906.02,31410.97,352.03,2.500,0.00,50.0
14790.00,-2906.37,31413.44,352.03,2.500,0.00,50.0
14791.00,-2906.71,31415.92,352.03,2.500,0.00,50.0
14792.00,-2907.06,31418.39,352.03,2.500,0.00,50.0
14793.00,-2907.41,31420.87,352.03,2.500,0.00,50.0
14794.00,-2907.76,31423.35,352.03,2.500,0.00,50.0
14795.00,-2908.10,31425.82,352.03,2.500,0.00,50.0
14796.00,-2908.45,31428.30,352.03,2.500,0.00,50.0
14797.00,-2908.80,31430.77,352.03,2.500,0.00,50.0
14798.00,-2909.14,31433.25,352.03,2.500,0.00,50.0
14799.00,-2909.49,31435.73,352.03,2.500,0.00,50.0
14800.00,-2909.84,31438.20,352.03,2.500,0.00,50.0
14801.00,-2910.18,31440.68,352.03,2.500,0.00,50.0
14802.00,-2910.53,31443.15,352.03,2.500,0.00,50.0
14803.00,-2910.88,31445.63,352.03,2.500,0.00,50.0
14804.00,-2911.22,31448.10,352.03,2.500,0.00,50.0
14805.00,-2911.57,31450.58,352.03,2.500,0.00,50.0
14806.00,-2911.92,31453.06,352.03,2.500,0.00,50.0
14807.00,-2912.26,31455.53,352.03,2.500,0.00,50.0
14808.00,-2912.61,31458.01,352.03,2.500,0.00,50.0
14809.00,-2912.96,31460.48,352.03,2.500,0.00,50.0
14810.00,-2913.30,31462.96,352.03,2.500,0.00,50.0
14811.00,-2913.65,31465.44,352.03,2.500,0.00,50.0
14812.00,-2914.00,31467.91,352.03,2.500,0.00,50.0
14813.00,-2914.34,31470.39,352.03,2.500,0.00,50.0
14814.00,-2914.69,31472.86,352.03,2.500,0.00,50.0
14815.00,-2915.04,31475.34,352.03,2.500,0.00,50.0
14816.00,-2915.38,31477.81,352.03,2.500,0.00,50.0
14817.00,-2915.73,31480.29,352.03,2.500,0.00,50.0
14818.00,-2916.08,31482.77,352.03,2.500,0.00,50.0
14819.00,-2916.42,31485.24,352.03,2.500,0.00,50.0
14820.00,-2916.77,31487.72,352.03,2.500,0.00,50.0
14821.00,-2917.12,31490.19,352.03,2.500,0.00,50.0
14822.00,-2917.46,31492.67,352.03,2.500,0.00,50.0
14823.00,-2917.81,31495.15,352.03,2.500,0.00,50.0
14824.00,-2918.16,31497.62,352.03,2.500,0.00,50.0
14825.00,-2918.50,31500.10,352.03,2.500,0.00,50.0
14826.00,-2918.85,31502.57,352.03,2.500,0.00,50.0
14827.00,-2919.20,31505.05,352.03,2.500,0.00,50.0
14828.00,-2919.54,31507.52,352.03,2.500,0.00,50.0
14829.00,-2919.89,31510.00,352.03,2.500,0.00,50.0
14830.00,-2920.24,31512.48,352.03,2.500,0.00,50.0
14831.00,-2920.58,31514.95,352.03,2.500,0.00,50.0
14832.00,-2920.93,31517.43,352.03,2.500,0.00,50.0
14833.00,-2921.28,31519.90,352.03,2.500,0.00,50.0
14834.00,-2921.62,31522.38,352.03,2.500,0.00,50.0
14835.00,-2921.97,31524.86,352.03,2.500,0.00,50.0
14836.00,-2922.32,31527.33,352.03,2.500,0.00,50.0
14837.00,-2922.66,31529.81,352.03,2.500,0.00,50.0
14838.00,-2923.01,31532.28,352.03,2.500,0.00,50.0
14839.00,-2923.36,31534.76,352.03,2.500,0.00,50.0
14840.00,-2923.70,31537.23,352.03,2.500,0.00,50.0
14841.00,-2924.05,31539.71,352.03,2.500,0.00,50.0
14842.00,-2924.40,31542.19,352.03,2.500,0.00,50.0
14843.00,-2924.74,31544.66,352.03,2.500,0.00,50.0
14844.00,-2925.09,31547.14,352.03,2.500,0.00,50.0
14845.00,-2925.44,31549.61,352.03,2.500,0.00,50.0
14846.00,-2925.78,31552.09,352.03,2.500,0.00,50.0
14847.00,-2926.13,31554.57,352.03,2.500,0.00,50.0
14848.00,-2926.48,31557.04,352.03,2.500,0.00,50.0
14849.00,-2926.82,31559.52,352.03,2.500,0.00,50.0
14850.00,-2927.17,31561.99,352.03,2.500,0.00,50.0
14851.00,-2927.52,31564.47,352.03,2.500,0.00,50.0
14852.00,-2927.86,31566.95,352.03,2.500,0.00,50.0
14853.00,-2928.21,31569.42,352.03,2.500,0.00,50.0
14854.00,-2928.56,31571.90,352.03,2.500,0.00,50.0
14855.00,-2928.90,31574.37,352.03,2.500,0.00,50.0
14856.00,-2929.25,31576.85,352.03,2.500,0.00,50.0
14857.00,-2929.60,31579.32,352.03,2.500,0.00,50.0
14858.00,-2929.94,31581.80,352.03,2.500,0.00,50.0
14859.00,-2930.29,31584.28,352.03,2.500,0.00,50.0
14860.00,-2930.64,31586.75,352.03,2.500,0.00,50.0
14861.00,-2930.98,31589.23,352.03,2.500,0.00,50.0
14862.00,-2931.33,31591.70,352.03,2.500,0.00,50.0
14863.00,-2931.68,31594.18,352.03,2.500,0.00,50.0
14864.00,-2932.02,31596.66,352.03,2.500,0.00,50.0
14865.00,-2932.37,31599.13,352.03,2.500,0.00,50.0
14866.00,-2932.72,31601.61,352.03,2.500,0.00,50.0
14867.00,-2933.06,31604.08,352.03,2.500,0.00,50.0
14868.00,-2933.41,31606.56,352.03,2.500,0.00,50.0
14869.00,-2933.76,31609.03,352.03,2.500,0.00,50.0
14870.00,-2934.10,31611.51,352.03,2.500,0.00,50.0
14871.00,-2934.45,31613.99,352.03,2.500,0.00,50.0
14872.00,-2934.80,31616.46,352.03,2.500,0.00,50.0
14873.00,-2935.14,31618.94,352.03,2.500,0.00,50.0
14874.00,-2935.49,31621.41,352.03,2.500,0.00,50.0
14875.00,-2935.84,31623.89,352.03,2.500,0.00,50.0
14876.00,-2936.18,31626.37,352.03,2.500,0.00,50.0
14877.00,-2936.53,31628.84,352.03,2.500,0.00,50.0
14878.00,-2936.88,31631.32,352.03,2.500,0.00,50.0
14879.00,-2937.22,31633.79,352.03,2.500,0.00,50.0
14880.00,-2937.57,31636.27,352.03,2.500,0.00,50.0
14881.00,-2937.92,31638.74,352.03,2.500,0.00,50.0
14882.00,-2938.26,31641.22,352.03,2.500,0.00,50.0
14883.00,-2938.61,31643.70,352.03,2.500,0.00,50.0
14884.00,-2938.96,31646.17,352.03,2.500,0.00,50.0
14885.00,-2939.30,31648.65,352.03,2.500,0.00,50.0
14886.00,-2939.65,31651.12,352.03,2.500,0.00,50.0
14887.00,-2940.00,31653.60,352.03,2.500,0.00,50.0
14888.00,-2940.34,31656.08,352.03,2.500,0.00,50.0
14889.00,-2940.69,31658.55,352.03,2.500,0.00,50.0
14890.00,-2941.04,31661.03,352.03,2.500,0.00,50.0
14891.00,-2941.38,31663.50,352.03,2.500,0.00,50.0
14892.00,-2941.73,31665.98,352.03,2.500,0.00,50.0
14893.00,-2942.08,31668.45,352.03,2.500,0.00,50.0
14894.00,-2942.42,31670.93,352.03,2.500,0.00,50.0
14895.00,-2942.77,31673.41,352.03,2.500,0.00,50.0
14896.00,-2943.12,31675.88,352.03,2.500,0.00,50.0
14897.00,-2943.46,31678.36,352.03,2.500,0.00,50.0
14898.00,-2943.81,31680.83,352.03,2.500,0.00,50.0
14899.00,-2944.16,31683.31,352.03,2.500,0.00,50.0
14900.00,-2944.51,31685.79,352.03,2.500,0.00,50.0
14901.00,-2944.85,31688.26,352.03,2.500,0.00,50.0
14902.00,-2945.20,31690.74,352.03,2.500,0.00,50.0
14903.00,-2945.55,31693.21,352.03,2.500,0.00,50.0
14904.00,-2945.89,31695.69,352.03,2.500,0.00,50.0
14905.00,-2946.24,31698.16,352.03,2.500,0.00,50.0
14906.00,-2946.59,31700.64,352.03,2.500,0.00,50.0
14907.00,-2946.93,31703.12,352.03,2.500,0.00,50.0
14908.00,-2947.28,31705.59,352.03,2.500,0.00,50.0
14909.00,-2947.63,31708.07,352.03,2.500,0.00,50.0
14910.00,-2947.97,31710.54,352.03,2.500,0.00,50.0
14911.00,-2948.32,31713.02,352.03,2.500,0.00,50.0
14912.00,-2948.67,31715.50,352.03,2.500,0.00,50.0
14913.00,-2949.01,31717.97,352.03,2.500,0.00,50.0
14914.00,-2949.36,31720.45,352.03,2.500,0.00,50.0
14915.00,-2949.71,31722.92,352.03,2.500,0.00,50.0
14916.00,-2950.05,31725.40,352.03,2.500,0.00,50.0
14917.00,-2950.40,31727.87,352.03,2.500,0.00,50.0
14918.00,-2950.75,31730.35,352.03,2.500,0.00,50.0
14919.00,-2951.09,31732.83,352.03,2.500,0.00,50.0
14920.00,-2951.44,31735.30,352.03,2.500,0.00,50.0
14921.00,-2951.79,31737.78,352.03,2.500,0.00,50.0
14922.00,-2952.13,31740.25,352.03,2.500,0.00,50.0
14923.00,-2952.48,31742.73,352.03,2.500,0.00,50.0
14924.00,-2952.83,31745.21,352.03,2.500,0.00,50.0
14925.00,-2953.17,31747.68,352.03,2.500,0.00,50.0
14926.00,-2953.52,31750.16,352.03,2.500,0.00,50.0
14927.00,-2953.87,31752.63,352.03,2.500,0.00,50.0
14928.00,-2954.21,31755.11,352.03,2.500,0.00,50.0
14929.00,-2954.56,31757.58,352.03,2.500,0.00,50.0
14930.00,-2954.91,31760.06,352.03,2.500,0.00,50.0
14931.00,-2955.25,31762.54,352.03,2.500,0.00,50.0
14932.00,-2955.60,31765.01,352.03,2.500,0.00,50.0
14933.00,-2955.95,31767.49,352.03,2.500,0.00,50.0
14934.00,-2956.29,31769.96,352.03,2.500,0.00,50.0
14935.00,-2956.64,31772.44,352.03,2.500,0.00,50.0
14936.00,-2956.99,31774.92,352.03,2.500,0.00,50.0
14937.00,-2957.33,31777.39,352.03,2.500,0.00,50.0
14938.00,-2957.68,31779.87,352.03,2.500,0.00,50.0
14939.00,-2958.03,31782.34,352.03,2.500,0.00,50.0
14940.00,-2958.37,31784.82,352.03,2.500,0.00,50.0
14941.00,-2958.72,31787.30,352.03,2.500,0.00,50.0
14942.00,-2959.07,31789.77,352.03,2.500,0.00,50.0
14943.00,-2959.41,31792.25,352.03,2.500,0.00,50.0
14944.00,-2959.76,31794.72,352.03,2.500,0.00,50.0
14945.00,-2960.11,31797.20,352.03,2.500,0.00,50.0
14946.00,-2960.45,31799.67,352.03,2.500,0.00,50.0
14947.00,-2960.80,31802.15,352.03,2.500,0.00,50.0
14948.00,-2961.15,31804.63,352.03,2.500,0.00,50.0
14949.00,-2961.49,31807.10,352.03,2.500,0.00,50.0
14950.00,-2961.84,31809.58,352.03,2.500,0.00,50.0
14951.00,-2962.19,31812.05,352.03,2.500,0.00,50.0
14952.00,-2962.53,31814.53,352.03,2.500,0.00,50.0
14953.00,-2962.88,31817.01,352.03,2.500,0.00,50.0
14954.00,-2963.23,31819.48,352.03,2.500,0.00,50.0
14955.00,-2963.57,31821.96,352.03,2.500,0.00,50.0
14956.00,-2963.92,31824.43,352.03,2.500,0.00,50.0
14957.00,-2964.27,31826.91,352.03,2.500,0.00,50.0
14958.00,-2964.61,31829.38,352.03,2.500,0.00,50.0
14959.00,-2964.96,31831.86,352.03,2.500,0.00,50.0
14960.00,-2965.31,31834.34,352.03,2.500,0.00,50.0
14961.00,-2965.65,31836.81,352.03,2.500,0.00,50.0
14962.00,-2966.00,31839.29,352.03,2.500,0.00,50.0
14963.00,-2966.35,31841.76,352.03,2.500,0.00,50.0
14964.00,-2966.69,31844.24,352.03,2.500,0.00,50.0
14965.00,-2967.04,31846.72,352.03,2.500,0.00,50.0
14966.00,-2967.39,31849.19,352.03,2.500,0.00,50.0
14967.00,-2967.73,31851.67,352.03,2.500,0.00,50.0
14968.00,-2968.08,31854.14,352.03,2.500,0.00,50.0
14969.00,-2968.43,31856.62,352.03,2.500,0.00,50.0
14970.00,-2968.77,31859.09,352.03,2.500,0.00,50.0
14971.00,-2969.12,31861.57,352.03,2.500,0.00,50.0
14972.00,-2969.47,31864.05,352.03,2.500,0.00,50.0
14973.00,-2969.81,31866.52,352.03,2.500,0.00,50.0
14974.00,-2970.16,31869.00,352.03,2.500,0.00,50.0
14975.00,-2970.51,31871.47,352.03,2.500,0.00,50.0
14976.00,-2970.85,31873.95,352.03,2.500,0.00,50.0
14977.00,-2971.20,31876.43,352.03,2.500,0.00,50.0
14978.00,-2971.55,31878.90,352.03,2.500,0.00,50.0
14979.00,-2971.89,31881.38,352.03,2.500,0.00,50.0
14980.00,-2972.24,31883.85,352.03,2.500,0.00,50.0
14981.00,-2972.59,31886.33,352.03,2.500,0.00,50.0
14982.00,-2972.93,31888.80,352.03,2.500,0.00,50.0
14983.00,-2973.28,31891.28,352.03,2.500,0.00,50.0
14984.00,-2973.63,31893.76,352.03,2.500,0.00,50.0
14985.00,-2973.97,31896.23,352.03,2.500,0.00,50.0
14986.00,-2974.32,31898.71,352.03,2.500,0.00,50.0
14987.00,-2974.67,31901.18,352.03,2.500,0.00,50.0
14988.00,-2975.01,31903.66,352.03,2.500,0.00,50.0
14989.00,-2975.36,31906.14,352.03,2.500,0.00,50.0
14990.00,-2975.71,31908.61,352.03,2.500,0.00,50.0
14991.00,-2976.05,31911.09,352.03,2.500,0.00,50.0
14992.00,-2976.40,31913.56,352.03,2.500,0.00,50.0
14993.00,-2976.75,31916.04,352.03,2.500,0.00,50.0
14994.00,-2977.09,31918.51,352.03,2.500,0.00,50.0
14995.00,-2977.44,31920.99,352.03,2.500,0.00,50.0
14996.00,-2977.79,31923.47,352.03,2.500,0.00,50.0
14997.00,-2978.13,31925.94,352.03,2.500,0.00,50.0
14998.00,-2978.48,31928.42,352.03,2.500,0.00,50.0
14999.00,-2978.83,31930.89,352.03,2.500,0.00,50.0
15000.00,-2979.17,31933.37,352.03,2.500,0.00,50.0
15001.00,-2979.52,31935.85,352.03,2.500,0.00,50.0
15002.00,-2979.87,31938.32,352.03,2.500,0.00,50.0
15003.00,-2980.21,31940.80,352.03,2.500,0.00,50.0
15004.00,-2980.56,31943.27,352.03,2.500,0.00,50.0
15005.00,-2980.91,31945.75,352.03,2.500,0.00,50.0
15006.00,-2981.26,31948.22,352.03,2.500,0.00,50.0
15007.00,-2981.60,31950.70,352.03,2.500,0.00,50.0
15008.00,-2981.95,31953.18,352.03,2.500,0.00,50.0
15009.00,-2982.30,31955.65,352.03,2.500,0.00,50.0
15010.00,-2982.64,31958.13,352.03,2.500,0.00,50.0
15011.00,-2982.99,31960.60,352.03,2.500,0.00,50.0
15012.00,-2983.34,31963.08,352.03,2.500,0.00,50.0
15013.00,-2983.68,31965.56,352.03,2.500,0.00,50.0
15014.00,-2984.03,31968.03,352.03,2.500,0.00,50.0
15015.00,-2984.38,31970.51,352.03,2.500,0.00,50.0
15016.00,-2984.72,31972.98,352.03,2.500,0.00,50.0
15017.00,-2985.07,31975.46,352.03,2.500,0.00,50.0
15018.00,-2985.42,31977.94,352.03,2.500,0.00,50.0
15019.00,-2985.76,31980.41,352.03,2.500,0.00,50.0
15020.00,-2986.11,31982.89,352.03,2.500,0.00,50.0
15021.00,-2986.46,31985.36,352.03,2.500,0.00,50.0
15022.00,-2986.80,31987.84,352.03,2.500,0.00,50.0
15023.00,-2987.15,31990.31,352.03,2.500,0.00,50.0
15024.00,-2987.50,31992.79,352.03,2.500,0.00,50.0
15025.00,-2987.84,31995.27,352.03,2.500,0.00,50.0
15026.00,-2988.19,31997.74,352.03,2.500,0.00,50.0
15027.00,-2988.54,32000.22,352.03,2.500,0.00,50.0
15028.00,-2988.88,32002.69,352.03,2.500,0.00,50.0
15029.00,-2989.23,32005.17,352.03,2.500,0.00,50.0
15030.00,-2989.58,32007.65,352.03,2.500,0.00,50.0
15031.00,-2989.92,32010.12,352.03,2.500,0.00,50.0
15032.00,-2990.27,32012.60,352.03,2.500,0.00,50.0
15033.00,-2990.62,32015.07,352.03,2.500,0.00,50.0
15034.00,-2990.96,32017.55,352.03,2.500,0.00,50.0
15035.00,-2991.31,32020.02,352.03,2.500,0.00,50.0
15036.00,-2991.66,32022.50,352.03,2.500,0.00,50.0
15037.00,-2992.00,32024.98,352.03,2.500,0.00,50.0
15038.00,-2992.35,32027.45,352.03,2.500,0.00,50.0
15039.00,-2992.70,32029.93,352.03,2.500,0.00,50.0
15040.00,-2993.04,32032.40,352.03,2.500,0.00,50.0
15041.00,-2993.39,32034.88,352.03,2.500,0.00,50.0
15042.00,-2993.74,32037.36,352.03,2.500,0.00,50.0
15043.00,-2994.08,32039.83,352.03,2.500,0.00,50.0
15044.00,-2994.43,32042.31,352.03,2.500,0.00,50.0
15045.00,-2994.78,32044.78,352.03,2.500,0.00,50.0
15046.00,-2995.12,32047.26,352.03,2.500,0.00,50.0
15047.00,-2995.47,32049.73,352.03,2.500,0.00,50.0
15048.00,-2995.82,32052.21,352.03,2.500,0.00,50.0
15049.00,-2996.16,32054.69,352.03,2.500,0.00,50.0
15050.00,-2996.51,32057.16,352.03,2.500,0.00,50.0
15051.00,-2996.86,32059.64,352.03,2.500,0.00,50.0
15052.00,-2997.20,32062.11,352.03,2.500,0.00,50.0
15053.00,-2997.55,32064.59,352.03,2.500,0.00,50.0
15054.00,-2997.90,32067.07,352.03,2.500,0.00,50.0
15055.00,-2998.24,32069.54,352.03,2.500,0.00,50.0
15056.00,-2998.59,32072.02,352.03,2.500,0.00,50.0
15057.00,-2998.94,32074.49,352.03,2.500,0.00,50.0
15058.00,-2999.28,32076.97,352.03,2.500,0.00,50.0
15059.00,-2999.63,32079.44,352.03,2.500,0.00,50.0
15060.00,-2999.98,32081.92,352.03,2.500,0.00,50.0
15061.00,-3000.32,32084.40,352.03,2.500,0.00,50.0
15062.00,-3000.67,32086.87,352.03,2.500,0.00,50.0
15063.00,-3001.02,32089.35,352.03,2.500,0.00,50.0
15064.00,-3001.36,32091.82,352.03,2.500,0.00,50.0
15065.00,-3001.71,32094.30,352.03,2.500,0.00,50.0
15066.00,-3002.06,32096.78,352.03,2.500,0.00,50.0
15067.00,-3002.40,32099.25,352.03,2.500,0.00,50.0
15068.00,-3002.75,32101.73,352.03,2.500,0.00,50.0
15069.00,-3003.10,32104.20,352.03,2.500,0.00,50.0
15070.00,-3003.44,32106.68,352.03,2.500,0.00,50.0
15071.00,-3003.79,32109.15,352.03,2.500,0.00,50.0
15072.00,-3004.14,32111.63,352.03,2.500,0.00,50.0
15073.00,-3004.48,32114.11,352.03,2.500,0.00,50.0
15074.00,-3004.83,32116.58,352.03,2.500,0.00,50.0
15075.00,-3005.18,32119.06,352.03,2.500,0.00,50.0
15076.00,-3005.52,32121.53,352.03,2.500,0.00,50.0
15077.00,-3005.87,32124.01,352.03,2.500,0.00,50.0
15078.00,-3006.22,32126.49,352.03,2.500,0.00,50.0
15079.00,-3006.56,32128.96,352.03,2.500,0.00,50.0
15080.00,-3006.91,32131.44,352.03,2.500,0.00,50.0
15081.00,-3007.26,32133.91,352.03,2.500,0.00,50.0
15082.00,-3007.60,32136.39,352.03,2.500,0.00,50.0
15083.00,-3007.95,32138.86,352.03,2.500,0.00,50.0
15084.00,-3008.30,32141.34,352.03,2.500,0.00,50.0
15085.00,-3008.64,32143.82,352.03,2.500,0.00,50.0
15086.00,-3008.99,32146.29,352.03,2.500,0.00,50.0
15087.00,-3009.34,32148.77,352.03,2.500,0.00,50.0
15088.00,-3009.68,32151.24,352.03,2.500,0.00,50.0
15089.00,-3010.03,32153.72,352.03,2.500,0.00,50.0
15090.00,-3010.38,32156.20,352.03,2.500,0.00,50.0
15091.00,-3010.72,32158.67,352.03,2.500,0.00,50.0
15092.00,-3011.07,32161.15,352.03,2.500,0.00,50.0
15093.00,-3011.42,32163.62,352.03,2.500,0.00,50.0
15094.00,-3011.76,32166.10,352.03,2.500,0.00,50.0
15095.00,-3012.11,32168.57,352.03,2.500,0.00,50.0
15096.00,-3012.46,32171.05,352.03,2.500,0.00,50.0
15097.00,-3012.80,32173.53,352.03,2.500,0.00,50.0
15098.00,-3013.15,32176.00,352.03,2.500,0.00,50.0
15099.00,-3013.50,32178.48,352.03,2.500,0.00,50.0
15100.00,-3013.84,32180.95,352.03,2.500,0.00,50.0
15101.00,-3014.19,32183.43,352.03,2.500,0.00,50.0
15102.00,-3014.54,32185.91,352.03,2.500,0.00,50.0
15103.00,-3014.88,32188.38,352.03,2.500,0.00,50.0
15104.00,-3015.23,32190.86,352.03,2.500,0.00,50.0
15105.00,-3015.58,32193.33,352.03,2.500,0.00,50.0
15106.00,-3015.92,32195.81,352.03,2.500,0.00,50.0
15107.00,-3016.27,32198.29,352.03,2.500,0.00,50.0
15108.00,-3016.62,32200.76,352.03,2.500,0.00,50.0
15109.00,-3016.96,32203.24,352.03,2.500,0.00,50.0
15110.00,-3017.31,32205.71,352.03,2.500,0.00,50.0
15111.00,-3017.66,32208.19,352.03,2.500,0.00,50.0
15112.00,-3018.01,32210.66,352.03,2.500,0.00,50.0
15113.00,-3018.35,32213.14,352.03,2.500,0.00,50.0
15114.00,-3018.70,32215.62,352.03,2.500,0.00,50.0
15115.00,-3019.05,32218.09,352.03,2.500,0.00,50.0
15116.00,-3019.39,32220.57,352.03,2.500,0.00,50.0
15117.00,-3019.74,32223.04,352.03,2.500,0.00,50.0
15118.00,-3020.09,32225.52,352.03,2.500,0.00,50.0
15119.00,-3020.43,32228.00,352.03,2.500,0.00,50.0
15120.00,-3020.78,32230.47,352.03,2.500,0.00,50.0
15121.00,-3021.13,32232.95,352.03,2.500,0.00,50.0
15122.00,-3021.47,32235.42,352.03,2.500,0.00,50.0
15123.00,-3021.82,32237.90,352.03,2.500,0.00,50.0
15124.00,-3022.17,32240.37,352.03,2.500,0.00,50.0
15125.00,-3022.51,32242.85,352.03,2.500,0.00,50.0
15126.00,-3022.86,32245.33,352.03,2.500,0.00,50.0
15127.00,-3023.21,32247.80,352.03,2.500,0.00,50.0
15128.00,-3023.55,32250.28,352.03,2.500,0.00,50.0
15129.00,-3023.90,32252.75,352.03,2.500,0.00,50.0
15130.00,-3024.25,32255.23,352.03,2.500,0.00,50.0
15131.00,-3024.59,32257.71,352.03,2.500,0.00,50.0
15132.00,-3024.94,32260.18,352.03,2.500,0.00,50.0
15133.00,-3025.29,32262.66,352.03,2.500,0.00,50.0
15134.00,-3025.63,32265.13,352.03,2.500,0.00,50.0
15135.00,-3025.98,32267.61,352.03,2.500,0.00,50.0
15136.00,-3026.33,32270.08,352.03,2.500,0.00,50.0
15137.00,-3026.67,32272.56,352.03,2.500,0.00,50.0
15138.00,-3027.02,32275.04,352.03,2.500,0.00,50.0
15139.00,-3027.37,32277.51,352.03,2.500,0.00,50.0
15140.00,-3027.71,32279.99,352.03,2.500,0.00,50.0
15141.00,-3028.06,32282.46,352.03,2.500,0.00,50.0
15142.00,-3028.41,32284.94,352.03,2.500,0.00,50.0
15143.00,-3028.75,32287.42,352.03,2.500,0.00,50.0
15144.00,-3029.10,32289.89,352.03,2.500,0.00,50.0
15145.00,-3029.45,32292.37,352.03,2.500,0.00,50.0
15146.00,-3029.79,32294.84,352.03,2.500,0.00,50.0
15147.00,-3030.14,32297.32,352.03,2.500,0.00,50.0
15148.00,-3030.49,32299.79,352.03,2.500,0.00,50.0
15149.00,-3030.83,32302.27,352.03,2.500,0.00,50.0
15150.00,-3031.18,32304.75,352.03,2.500,0.00,50.0
15151.00,-3031.53,32307.22,352.03,2.500,0.00,50.0
15152.00,-3031.87,32309.70,352.03,2.500,0.00,50.0
15153.00,-3032.22,32312.17,352.03,2.500,0.00,50.0
15154.00,-3032.57,32314.65,352.03,2.500,0.00,50.0
15155.00,-3032.91,32317.13,352.03,2.500,0.00,50.0
15156.00,-3033.26,32319.60,352.03,2.500,0.00,50.0
15157.00,-3033.61,32322.08,352.03,2.500,0.00,50.0
15158.00,-3033.95,32324.55,352.03,2.500,0.00,50.0
15159.00,-3034.30,32327.03,352.03,2.500,0.00,50.0
15160.00,-3034.65,32329.50,352.03,2.500,0.00,50.0
15161.00,-3034.99,32331.98,352.03,2.500,0.00,50.0
15162.00,-3035.34,32334.46,352.03,2.500,0.00,50.0
15163.00,-3035.69,32336.93,352.03,2.500,0.00,50.0
15164.00,-3036.03,32339.41,352.03,2.500,0.00,50.0
15165.00,-3036.38,32341.88,352.03,2.500,0.00,50.0
15166.00,-3036.73,32344.36,352.03,2.500,0.00,50.0
15167.00,-3037.07,32346.84,352.03,2.500,0.00,50.0
15168.00,-3037.42,32349.31,352.03,2.500,0.00,50.0
15169.00,-3037.77,32351.79,352.03,2.500,0.00,50.0
15170.00,-3038.11,32354.26,352.03,2.500,0.00,50.0
15171.00,-3038.46,32356.74,352.03,2.500,0.00,50.0
15172.00,-3038.81,32359.21,352.03,2.500,0.00,50.0
15173.00,-3039.15,32361.69,352.03,2.500,0.00,50.0
15174.00,-3039.50,32364.17,352.03,2.500,0.00,50.0
15175.00,-3039.85,32366.64,352.03,2.500,0.00,50.0
15176.00,-3040.19,32369.12,352.03,2.500,0.00,50.0
15177.00,-3040.54,32371.59,352.03,2.500,0.00,50.0
15178.00,-3040.89,32374.07,352.03,2.500,0.00,50.0
15179.00,-3041.23,32376.55,352.03,2.500,0.00,50.0
15180.00,-3041.58,32379.02,352.03,2.500,0.00,50.0
15181.00,-3041.93,32381.50,352.03,2.500,0.00,50.0
15182.00,-3042.27,32383.97,352.03,2.500,0.00,50.0
15183.00,-3042.62,32386.45,352.03,2.500,0.00,50.0
15184.00,-3042.97,32388.93,352.03,2.500,0.00,50.0
15185.00,-3043.31,32391.40,352.03,2.500,0.00,50.0
15186.00,-3043.66,32393.88,352.03,2.500,0.00,50.0
15187.00,-3044.01,32396.35,352.03,2.500,0.00,50.0
15188.00,-3044.35,32398.83,352.03,2.500,0.00,50.0
15189.00,-3044.70,32401.30,352.03,2.500,0.00,50.0
15190.00,-3045.05,32403.78,352.03,2.500,0.00,50.0
15191.00,-3045.39,32406.26,352.03,2.500,0.00,50.0
15192.00,-3045.74,32408.73,352.03,2.500,0.00,50.0
15193.00,-3046.09,32411.21,352.03,2.500,0.00,50.0
15194.00,-3046.43,32413.68,352.03,2.500,0.00,50.0
15195.00,-3046.78,32416.16,352.03,2.500,0.00,50.0
15196.00,-3047.13,32418.64,352.03,2.500,0.00,50.0
15197.00,-3047.47,32421.11,352.03,2.500,0.00,50.0
15198.00,-3047.82,32423.59,352.03,2.500,0.00,50.0
15199.00,-3048.17,32426.06,352.03,2.500,0.00,50.0
15200.00,-3048.51,32428.54,352.03,2.500,0.00,50.0
15201.00,-3048.86,32431.01,352.03,2.500,0.00,50.0
15202.00,-3049.21,32433.49,352.03,2.500,0.00,50.0
15203.00,-3049.55,32435.97,352.03,2.500,0.00,50.0
15204.00,-3049.90,32438.44,352.03,2.500,0.00,50.0
15205.00,-3050.25,32440.92,352.03,2.500,0.00,50.0
15206.00,-3050.59,32443.39,352.03,2.500,0.00,50.0
15207.00,-3050.94,32445.87,352.03,2.500,0.00,50.0
15208.00,-3051.29,32448.35,352.03,2.500,0.00,50.0
15209.00,-3051.63,32450.82,352.03,2.500,0.00,50.0
15210.00,-3051.98,32453.30,352.03,2.500,0.00,50.0
15211.00,-3052.33,32455.77,352.03,2.500,0.00,50.0
15212.00,-3052.67,32458.25,352.03,2.500,0.00,50.0
15213.00,-3053.02,32460.72,352.03,2.500,0.00,50.0
15214.00,-3053.37,32463.20,352.03,2.500,0.00,50.0
15215.00,-3053.71,32465.68,352.03,2.500,0.00,50.0
15216.00,-3054.06,32468.15,352.03,2.500,0.00,50.0
15217.00,-3054.41,32470.63,352.03,2.500,0.00,50.0
15218.00,-3054.76,32473.10,352.03,2.500,0.00,50.0
15219.00,-3055.10,32475.58,352.03,2.500,0.00,50.0
15220.00,-3055.45,32478.06,352.03,2.500,0.00,50.0
15221.00,-3055.80,32480.53,352.03,2.500,0.00,50.0
15222.00,-3056.14,32483.01,352.03,2.500,0.00,50.0
15223.00,-3056.49,32485.48,352.03,2.500,0.00,50.0
15224.00,-3056.84,32487.96,352.03,2.500,0.00,50.0
15225.00,-3057.18,32490.43,352.03,2.500,0.00,50.0
15226.00,-3057.53,32492.91,352.03,2.500,0.00,50.0
15227.00,-3057.88,32495.39,352.03,2.500,0.00,50.0
15228.00,-3058.22,32497.86,352.03,2.500,0.00,50.0
15229.00,-3058.57,32500.34,352.03,2.500,0.00,50.0
15230.00,-3058.92,32502.81,352.03,2.500,0.00,50.0
15231.00,-3059.26,32505.29,352.03,2.500,0.00,50.0
15232.00,-3059.61,32507.77,352.03,2.500,0.00,50.0
15233.00,-3059.96,32510.24,352.03,2.500,0.00,50.0
15234.00,-3060.30,32512.72,352.03,2.500,0.00,50.0
15235.00,-3060.65,32515.19,352.03,2.500,0.00,50.0
15236.00,-3061.00,32517.67,352.03,2.500,0.00,50.0
15237.00,-3061.34,32520.14,352.03,2.500,0.00,50.0
15238.00,-3061.69,32522.62,352.03,2.500,0.00,50.0
15239.00,-3062.04,32525.10,352.03,2.500,0.00,50.0
15240.00,-3062.38,32527.57,352.03,2.500,0.00,50.0
15241.00,-3062.73,32530.05,352.03,2.500,0.00,50.0
15242.00,-3063.08,32532.52,352.03,2.500,0.00,50.0
15243.00,-3063.42,32535.00,352.03,2.500,0.00,50.0
15244.00,-3063.77,32537.48,352.03,2.500,0.00,50.0
15245.00,-3064.12,32539.95,352.03,2.500,0.00,50.0
15246.00,-3064.46,32542.43,352.03,2.500,0.00,50.0
15247.00,-3064.81,32544.90,352.03,2.500,0.00,50.0
15248.00,-3065.16,32547.38,352.03,2.500,0.00,50.0
15249.00,-3065.50,32549.85,352.03,2.500,0.00,50.0
15250.00,-3065.85,32552.33,352.03,2.500,0.00,50.0
15251.00,-3066.20,32554.81,352.03,2.500,0.00,50.0
15252.00,-3066.54,32557.28,352.03,2.500,0.00,50.0
15253.00,-3066.89,32559.76,352.03,2.500,0.00,50.0
15254.00,-3067.24,32562.23,352.03,2.500,0.00,50.0
15255.00,-3067.58,32564.71,352.03,2.500,0.00,50.0
15256.00,-3067.93,32567.19,352.03,2.500,0.00,50.0
15257.00,-3068.28,32569.66,352.03,2.500,0.00,50.0
15258.00,-3068.62,32572.14,352.03,2.500,0.00,50.0
15259.00,-3068.97,32574.61,352.03,2.500,0.00,50.0
15260.00,-3069.32,32577.09,352.03,2.500,0.00,50.0
15261.00,-3069.66,32579.56,352.03,2.500,0.00,50.0
15262.00,-3070.01,32582.04,352.03,2.500,0.00,50.0
15263.00,-3070.36,32584.52,352.03,2.500,0.00,50.0
15264.00,-3070.70,32586.99,352.03,2.500,0.00,50.0
15265.00,-3071.05,32589.47,352.03,2.500,0.00,50.0
15266.00,-3071.40,32591.94,352.03,2.500,0.00,50.0
15267.00,-3071.74,32594.42,352.03,2.500,0.00,50.0
15268.00,-3072.09,32596.90,352.03,2.500,0.00,50.0
15269.00,-3072.44,32599.37,352.03,2.500,0.00,50.0
15270.00,-3072.78,32601.85,352.03,2.500,0.00,50.0
15271.00,-3073.13,32604.32,352.03,2.500,0.00,50.0
15272.00,-3073.48,32606.80,352.03,2.500,0.00,50.0
15273.00,-3073.82,32609.28,352.03,2.500,0.00,50.0
15274.00,-3074.17,32611.75,352.03,2.500,0.00,50.0
15275.00,-3074.52,32614.23,352.03,2.500,0.00,50.0
15276.00,-3074.86,32616.70,352.03,2.500,0.00,50.0
15277.00,-3075.21,32619.18,352.03,2.500,0.00,50.0
15278.00,-3075.56,32621.65,352.03,2.500,0.00,50.0
15279.00,-3075.90,32624.13,352.03,2.500,0.00,50.0
15280.00,-3076.25,32626.61,352.03,2.500,0.00,50.0
15281.00,-3076.60,32629.08,352.03,2.500,0.00,50.0
15282.00,-3076.94,32631.56,352.03,2.500,0.00,50.0
15283.00,-3077.29,32634.03,352.03,2.500,0.00,50.0
15284.00,-3077.64,32636.51,352.03,2.500,0.00,50.0
15285.00,-3077.98,32638.99,352.03,2.500,0.00,50.0
15286.00,-3078.33,32641.46,352.03,2.500,0.00,50.0
15287.00,-3078.68,32643.94,352.03,2.500,0.00,50.0
15288.00,-3079.02,32646.41,352.03,2.500,0.00,50.0
15289.00,-3079.37,32648.89,352.03,2.500,0.00,50.0
15290.00,-3079.72,32651.36,352.03,2.500,0.00,50.0
15291.00,-3080.06,32653.84,352.03,2.500,0.00,50.0
15292.00,-3080.41,32656.32,352.03,2.500,0.00,50.0
15293.00,-3080.76,32658.79,352.03,2.500,0.00,50.0
15294.00,-3081.10,32661.27,352.03,2.500,0.00,50.0
15295.00,-3081.45,32663.74,352.03,2.500,0.00,50.0
15296.00,-3081.80,32666.22,352.03,2.500,0.00,50.0
15297.00,-3082.14,32668.70,352.03,2.500,0.00,50.0
15298.00,-3082.49,32671.17,352.03,2.500,0.00,50.0
15299.00,-3082.84,32673.65,352.03,2.500,0.00,50.0
15300.00,-3083.18,32676.12,352.03,2.500,0.00,50.0
15301.00,-3083.53,32678.60,352.03,2.500,0.00,50.0
15302.00,-3083.88,32681.07,352.03,2.500,0.00,50.0
15303.00,-3084.22,32683.55,352.03,2.500,0.00,50.0
15304.00,-3084.57,32686.03,352.03,2.500,0.00,50.0
15305.00,-3084.92,32688.50,352.03,2.500,0.00,50.0
15306.00,-3085.26,32690.98,352.03,2.500,0.00,50.0
15307.00,-3085.61,32693.45,352.03,2.500,0.00,50.0
15308.00,-3085.96,32695.93,352.03,2.500,0.00,50.0
15309.00,-3086.30,32698.41,352.03,2.500,0.00,50.0
15310.00,-3086.65,32700.88,352.03,2.500,0.00,50.0
15311.00,-3087.00,32703.36,352.03,2.500,0.00,50.0
15312.00,-3087.34,32705.83,352.03,2.500,0.00,50.0
15313.00,-3087.69,32708.31,352.03,2.500,0.00,50.0
15314.00,-3088.04,32710.78,352.03,2.500,0.00,50.0
15315.00,-3088.38,32713.26,352.03,2.500,0.00,50.0
15316.00,-3088.73,32715.74,352.03,2.500,0.00,50.0
15317.00,-3089.08,32718.21,352.03,2.500,0.00,50.0
15318.00,-3089.42,32720.69,352.03,2.500,0.00,50.0
15319.00,-3089.77,32723.16,352.03,2.500,0.00,50.0
15320.00,-3090.12,32725.64,352.03,2.500,0.00,50.0
15321.00,-3090.46,32728.12,352.03,2.500,0.00,50.0
15322.00,-3090.81,32730.59,352.03,2.500,0.00,50.0
15323.00,-3091.16,32733.07,352.03,2.500,0.00,50.0
15324.00,-3091.51,32735.54,352.03,2.500,0.00,50.0
15325.00,-3091.85,32738.02,352.03,2.500,0.00,50.0
15326.00,-3092.20,32740.49,352.03,2.500,0.00,50.0
15327.00,-3092.55,32742.97,352.03,2.500,0.00,50.0
15328.00,-3092.89,32745.45,352.03,2.500,0.00,50.0
15329.00,-3093.24,32747.92,352.03,2.500,0.00,50.0
15330.00,-3093.59,32750.40,352.03,2.500,0.00,50.0
15331.00,-3093.93,32752.87,352.03,2.500,0.00,50.0
15332.00,-3094.28,32755.35,352.03,2.500,0.00,50.0
15333.00,-3094.63,32757.83,352.03,2.500,0.00,50.0
15334.00,-3094.97,32760.30,352.03,2.500,0.00,50.0
15335.00,-3095.32,32762.78,352.03,2.500,0.00,50.0
15336.00,-3095.67,32765.25,352.03,2.500,0.00,50.0
15337.00,-3096.01,32767.73,352.03,2.500,0.00,50.0
15338.00,-3096.36,32770.20,352.03,2.500,0.00,50.0
15339.00,-3096.71,32772.68,352.03,2.500,0.00,50.0
15340.00,-3097.05,32775.16,352.03,2.500,0.00,50.0
15341.00,-3097.40,32777.63,352.03,2.500,0.00,50.0
15342.00,-3097.75,32780.11,352.03,2.500,0.00,50.0
15343.00,-3098.09,32782.58,352.03,2.500,0.00,50.0
15344.00,-3098.44,32785.06,352.03,2.500,0.00,50.0
15345.00,-3098.79,32787.54,352.03,2.500,0.00,50.0
15346.00,-3099.13,32790.01,352.03,2.500,0.00,50.0
15347.00,-3099.48,32792.49,352.03,2.500,0.00,50.0
15348.00,-3099.83,32794.96,352.03,2.500,0.00,50.0
15349.00,-3100.17,32797.44,352.03,2.500,0.00,50.0
15350.00,-3100.52,32799.92,352.03,2.500,0.00,50.0
15351.00,-3100.87,32802.39,352.03,2.500,0.00,50.0
15352.00,-3101.21,32804.87,352.03,2.500,0.00,50.0
15353.00,-3101.56,32807.34,352.03,2.500,0.00,50.0
15354.00,-3101.91,32809.82,352.03,2.500,0.00,50.0
15355.00,-3102.25,32812.29,352.03,2.500,0.00,50.0
15356.00,-3102.60,32814.77,352.03,2.500,0.00,50.0
15357.00,-3102.95,32817.25,352.03,2.500,0.00,50.0
15358.00,-3103.29,32819.72,352.03,2.500,0.00,50.0
15359.00,-3103.64,32822.20,352.03,2.500,0.00,50.0
15360.00,-3103.99,32824.67,352.03,2.500,0.00,50.0
15361.00,-3104.33,32827.15,352.03,2.500,0.00,50.0
15362.00,-3104.68,32829.63,352.03,2.500,0.00,50.0
15363.00,-3105.03,32832.10,352.03,2.500,0.00,50.0
15364.00,-3105.37,32834.58,352.03,2.500,0.00,50.0
15365.00,-3105.72,32837.05,352.03,2.500,0.00,50.0
15366.00,-3106.07,32839.53,352.03,2.500,0.00,50.0
15367.00,-3106.41,32842.00,352.03,2.500,0.00,50.0
15368.00,-3106.76,32844.48,352.03,2.500,0.00,50.0
15369.00,-3107.11,32846.96,352.03,2.500,0.00,50.0
15370.00,-3107.45,32849.43,352.03,2.500,0.00,50.0
15371.00,-3107.80,32851.91,352.03,2.500,0.00,50.0
15372.00,-3108.15,32854.38,352.03,2.500,0.00,50.0
15373.00,-3108.49,32856.86,352.03,2.500,0.00,50.0
15374.00,-3108.84,32859.34,352.03,2.500,0.00,50.0
15375.00,-3109.19,32861.81,352.03,2.500,0.00,50.0
15376.00,-3109.53,32864.29,352.03,2.500,0.00,50.0
15377.00,-3109.88,32866.76,352.03,2.500,0.00,50.0
15378.00,-3110.23,32869.24,352.03,2.500,0.00,50.0
15379.00,-3110.57,32871.71,352.03,2.500,0.00,50.0
15380.00,-3110.92,32874.19,352.03,2.500,0.00,50.0
15381.00,-3111.27,32876.67,352.03,2.500,0.00,50.0
15382.00,-3111.61,32879.14,352.03,2.500,0.00,50.0
15383.00,-3111.96,32881.62,352.03,2.500,0.00,50.0
15384.00,-3112.31,32884.09,352.03,2.500,0.00,50.0
15385.00,-3112.65,32886.57,352.03,2.500,0.00,50.0
15386.00,-3113.00,32889.05,352.03,2.500,0.00,50.0
15387.00,-3113.35,32891.52,352.03,2.500,0.00,50.0
15388.00,-3113.69,32894.00,352.03,2.500,0.00,50.0
15389.00,-3114.04,32896.47,352.03,2.500,0.00,50.0
15390.00,-3114.39,32898.95,352.03,2.500,0.00,50.0
15391.00,-3114.73,32901.42,352.03,2.500,0.00,50.0
15392.00,-3115.08,32903.90,352.03,2.500,0.00,50.0
15393.00,-3115.43,32906.38,352.03,2.500,0.00,50.0
15394.00,-3115.77,32908.85,352.03,2.500,0.00,50.0
15395.00,-3116.12,32911.33,352.03,2.500,0.00,50.0
15396.00,-3116.47,32913.80,352.03,2.500,0.00,50.0
15397.00,-3116.81,32916.28,352.03,2.500,0.00,50.0
15398.00,-3117.16,32918.76,352.03,2.500,0.00,50.0
15399.00,-3117.51,32921.23,352.03,2.500,0.00,50.0
15400.00,-3117.85,32923.71,352.03,2.500,0.00,50.0
15401.00,-3118.20,32926.18,352.03,2.500,0.00,50.0
15402.00,-3118.55,32928.66,352.03,2.500,0.00,50.0
15403.00,-3118.89,32931.13,352.03,2.500,0.00,50.0
15404.00,-3119.24,32933.61,352.03,2.500,0.00,50.0
15405.00,-3119.59,32936.09,352.03,2.500,0.00,50.0
15406.00,-3119.93,32938.56,352.03,2.500,0.00,50.0
15407.00,-3120.28,32941.04,352.03,2.500,0.00,50.0
15408.00,-3120.63,32943.51,352.03,2.500,0.00,50.0
15409.00,-3120.97,32945.99,352.03,2.500,0.00,50.0
15410.00,-3121.32,32948.47,352.03,2.500,0.00,50.0
15411.00,-3121.67,32950.94,352.03,2.500,0.00,50.0
15412.00,-3122.01,32953.42,352.03,2.500,0.00,50.0
15413.00,-3122.36,32955.89,352.03,2.500,0.00,50.0
15414.00,-3122.71,32958.37,352.03,2.500,0.00,50.0
15415.00,-3123.05,32960.84,352.03,2.500,0.00,50.0
15416.00,-3123.40,32963.32,352.03,2.500,0.00,50.0
15417.00,-3123.75,32965.80,352.03,2.500,0.00,50.0
15418.00,-3124.09,32968.27,352.03,2.500,0.00,50.0
15419.00,-3124.44,32970.75,352.03,2.500,0.00,50.0
15420.00,-3124.79,32973.22,352.03,2.500,0.00,50.0
15421.00,-3125.13,32975.70,352.03,2.500,0.00,50.0
15422.00,-3125.48,32978.18,352.03,2.500,0.00,50.0
15423.00,-3125.83,32980.65,352.03,2.500,0.00,50.0
15424.00,-3126.17,32983.13,352.03,2.500,0.00,50.0
15425.00,-3126.52,32985.60,352.03,2.500,0.00,50.0
15426.00,-3126.87,32988.08,352.03,2.500,0.00,50.0
15427.00,-3127.22,32990.55,352.03,2.500,0.00,50.0
15428.00,-3127.56,32993.03,352.03,2.500,0.00,50.0
15429.00,-3127.91,32995.51,352.03,2.500,0.00,50.0
15430.00,-3128.26,32997.98,352.03,2.500,0.00,50.0
15431.00,-3128.60,33000.46,352.03,2.500,0.00,50.0
15432.00,-3128.95,33002.93,352.03,2.500,0.00,50.0
15433.00,-3129.30,33005.41,352.03,2.500,0.00,50.0
15434.00,-3129.64,33007.89,352.03,2.500,0.00,50.0
15435.00,-3129.99,33010.36,352.03,2.500,0.00,50.0
15436.00,-3130.34,33012.84,352.03,2.500,0.00,50.0
15437.00,-3130.68,33015.31,352.03,2.500,0.00,50.0
15438.00,-3131.03,33017.79,352.03,2.500,0.00,50.0
15439.00,-3131.38,33020.27,352.03,2.500,0.00,50.0
15440.00,-3131.72,33022.74,352.03,2.500,0.00,50.0
15441.00,-3132.07,33025.22,352.03,2.500,0.00,50.0
15442.00,-3132.42,33027.69,352.03,2.500,0.00,50.0
15443.00,-3132.76,33030.17,352.03,2.500,0.00,50.0
15444.00,-3133.11,33032.64,352.03,2.500,0.00,50.0
15445.00,-3133.46,33035.12,352.03,2.500,0.00,50.0
15446.00,-3133.80,33037.60,352.03,2.500,0.00,50.0
15447.00,-3134.15,33040.07,352.03,2.500,0.00,50.0
15448.00,-3134.50,33042.55,352.03,2.500,0.00,50.0
15449.00,-3134.84,33045.02,352.03,2.500,0.00,50.0
15450.00,-3135.19,33047.50,352.03,2.500,0.00,50.0
15451.00,-3135.54,33049.98,352.03,2.500,0.00,50.0
15452.00,-3135.88,33052.45,352.03,2.500,0.00,50.0
15453.00,-3136.23,33054.93,352.03,2.500,0.00,50.0
15454.00,-3136.58,33057.40,352.03,2.500,0.00,50.0
15455.00,-3136.92,33059.88,352.03,2.500,0.00,50.0
15456.00,-3137.27,33062.35,352.03,2.500,0.00,50.0
15457.00,-3137.62,33064.83,352.03,2.500,0.00,50.0
15458.00,-3137.96,33067.31,352.03,2.500,0.00,50.0
15459.00,-3138.31,33069.78,352.03,2.500,0.00,50.0
15460.00,-3138.66,33072.26,352.03,2.500,0.00,50.0
15461.00,-3139.00,33074.73,352.03,2.500,0.00,50.0
15462.00,-3139.35,33077.21,352.03,2.500,0.00,50.0
15463.00,-3139.70,33079.69,352.03,2.500,0.00,50.0
15464.00,-3140.04,33082.16,352.03,2.500,0.00,50.0
15465.00,-3140.39,33084.64,352.03,2.500,0.00,50.0
15466.00,-3140.74,33087.11,352.03,2.500,0.00,50.0
15467.00,-3141.08,33089.59,352.03,2.500,0.00,50.0
15468.00,-3141.43,33092.06,352.03,2.500,0.00,50.0
15469.00,-3141.78,33094.54,352.03,2.500,0.00,50.0
15470.00,-3142.12,33097.02,352.03,2.500,0.00,50.0
15471.00,-3142.47,33099.49,352.03,2.500,0.00,50.0
15472.00,-3142.82,33101.97,352.03,2.500,0.00,50.0
15473.00,-3143.16,33104.44,352.03,2.500,0.00,50.0
15474.00,-3143.51,33106.92,352.03,2.500,0.00,50.0
15475.00,-3143.86,33109.40,352.03,2.500,0.00,50.0
15476.00,-3144.20,33111.87,352.03,2.500,0.00,50.0
15477.00,-3144.55,33114.35,352.03,2.500,0.00,50.0
15478.00,-3144.90,33116.82,352.03,2.500,0.00,50.0
15479.00,-3145.24,33119.30,352.03,2.500,0.00,50.0
15480.00,-3145.59,33121.77,352.03,2.500,0.00,50.0
15481.00,-3145.94,33124.25,352.03,2.500,0.00,50.0
15482.00,-3146.28,33126.73,352.03,2.500,0.00,50.0
15483.00,-3146.63,33129.20,352.03,2.500,0.00,50.0
15484.00,-3146.98,33131.68,352.03,2.500,0.00,50.0
15485.00,-3147.32,33134.15,352.03,2.500,0.00,50.0
15486.00,-3147.67,33136.63,352.03,2.500,0.00,50.0
15487.00,-3148.02,33139.11,352.03,2.500,0.00,50.0
15488.00,-3148.36,33141.58,352.03,2.500,0.00,50.0
15489.00,-3148.71,33144.06,352.03,2.500,0.00,50.0
15490.00,-3149.06,33146.53,352.03,2.500,0.00,50.0
15491.00,-3149.40,33149.01,352.03,2.500,0.00,50.0
15492.00,-3149.75,33151.48,352.03,2.500,0.00,50.0
15493.00,-3150.10,33153.96,352.03,2.500,0.00,50.0
15494.00,-3150.44,33156.44,352.03,2.500,0.00,50.0
15495.00,-3150.79,33158.91,352.03,2.500,0.00,50.0
15496.00,-3151.14,33161.39,352.03,2.500,0.00,50.0
15497.00,-3151.48,33163.86,352.03,2.500,0.00,50.0
15498.00,-3151.83,33166.34,352.03,2.500,0.00,50.0
15499.00,-3152.18,33168.82,352.03,2.500,0.00,50.0
15500.00,-3152.52,33171.29,352.03,2.500,0.00,50.0
15501.00,-3152.87,33173.77,352.03,2.500,0.00,50.0
15502.00,-3153.22,33176.24,352.03,2.500,0.00,50.0
15503.00,-3153.56,33178.72,352.03,2.500,0.00,50.0
15504.00,-3153.91,33181.19,352.03,2.500,0.00,50.0
15505.00,-3154.26,33183.67,352.03,2.500,0.00,50.0
15506.00,-3154.60,33186.15,352.03,2.500,0.00,50.0
15507.00,-3154.95,33188.62,352.03,2.500,0.00,50.0
15508.00,-3155.30,33191.10,352.03,2.500,0.00,50.0
15509.00,-3155.64,33193.57,352.03,2.500,0.00,50.0
15510.00,-3155.99,33196.05,352.03,2.500,0.00,50.0
15511.00,-3156.34,33198.53,352.03,2.500,0.00,50.0
15512.00,-3156.68,33201.00,352.03,2.500,0.00,50.0
15513.00,-3157.03,33203.48,352.03,2.500,0.00,50.0
15514.00,-3157.38,33205.95,352.03,2.500,0.00,50.0
15515.00,-3157.72,33208.43,352.03,2.500,0.00,50.0
15516.00,-3158.07,33210.91,352.03,2.500,0.00,50.0
15517.00,-3158.42,33213.38,352.03,2.500,0.00,50.0
15518.00,-3158.76,33215.86,352.03,2.500,0.00,50.0
15519.00,-3159.11,33218.33,352.03,2.500,0.00,50.0
15520.00,-3159.46,33220.81,352.03,2.500,0.00,50.0
15521.00,-3159.80,33223.28,352.03,2.500,0.00,50.0
15522.00,-3160.15,33225.76,352.03,2.500,0.00,50.0
15523.00,-3160.50,33228.24,352.03,2.500,0.00,50.0
15524.00,-3160.84,33230.71,352.03,2.500,0.00,50.0
15525.00,-3161.19,33233.19,352.03,2.500,0.00,50.0
15526.00,-3161.54,33235.66,352.03,2.500,0.00,50.0
15527.00,-3161.88,33238.14,352.03,2.500,0.00,50.0
15528.00,-3162.23,33240.62,352.03,2.500,0.00,50.0
15529.00,-3162.58,33243.09,352.03,2.500,0.00,50.0
15530.00,-3162.92,33245.57,352.03,2.500,0.00,50.0
15531.00,-3163.27,33248.04,352.03,2.500,0.00,50.0
15532.00,-3163.62,33250.52,352.03,2.500,0.00,50.0
15533.00,-3163.97,33252.99,352.03,2.500,0.00,50.0
15534.00,-3164.31,33255.47,352.03,2.500,0.00,50.0
15535.00,-3164.66,33257.95,352.03,2.500,0.00,50.0
15536.00,-3165.01,33260.42,352.03,2.500,0.00,50.0
15537.00,-3165.35,33262.90,352.03,2.500,0.00,50.0
15538.00,-3165.70,33265.37,352.03,2.500,0.00,50.0
15539.00,-3166.05,33267.85,352.03,2.500,0.00,50.0
15540.00,-3166.39,33270.33,352.03,2.500,0.00,50.0
15541.00,-3166.74,33272.80,352.03,2.500,0.00,50.0
15542.00,-3167.09,33275.28,352.03,2.500,0.00,50.0
15543.00,-3167.43,33277.75,352.03,2.500,0.00,50.0
15544.00,-3167.78,33280.23,352.03,2.500,0.00,50.0
15545.00,-3168.13,33282.70,352.03,2.500,0.00,50.0
15546.00,-3168.47,33285.18,352.03,2.500,0.00,50.0
15547.00,-3168.82,33287.66,352.03,2.500,0.00,50.0
15548.00,-3169.17,33290.13,352.03,2.500,0.00,50.0
15549.00,-3169.51,33292.61,352.03,2.500,0.00,50.0
15550.00,-3169.86,33295.08,352.03,2.500,0.00,50.0
15551.00,-3170.21,33297.56,352.03,2.500,0.00,50.0
15552.00,-3170.55,33300.04,352.03,2.500,0.00,50.0
15553.00,-3170.90,33302.51,352.03,2.500,0.00,50.0
15554.00,-3171.25,33304.99,352.03,2.500,0.00,50.0
15555.00,-3171.59,33307.46,352.03,2.500,0.00,50.0
15556.00,-3171.94,33309.94,352.03,2.500,0.00,50.0
15557.00,-3172.29,33312.41,352.03,2.500,0.00,50.0
15558.00,-3172.63,33314.89,352.03,2.500,0.00,50.0
15559.00,-3172.98,33317.37,352.03,2.500,0.00,50.0
15560.00,-3173.33,33319.84,352.03,2.500,0.00,50.0
15561.00,-3173.67,33322.32,352.03,2.500,0.00,50.0
15562.00,-3174.02,33324.79,352.03,2.500,0.00,50.0
15563.00,-3174.37,33327.27,352.03,2.500,0.00,50.0
15564.00,-3174.71,33329.75,352.03,2.500,0.00,50.0
15565.00,-3175.06,33332.22,352.03,2.500,0.00,50.0
15566.00,-3175.41,33334.70,352.03,2.500,0.00,50.0
15567.00,-3175.75,33337.17,352.03,2.500,0.00,50.0
15568.00,-3176.10,33339.65,352.03,2.500,0.00,50.0
15569.00,-3176.45,33342.12,352.03,2.500,0.00,50.0
15570.00,-3176.79,33344.60,352.03,2.500,0.00,50.0
15571.00,-3177.14,33347.08,352.03,2.500,0.00,50.0
15572.00,-3177.49,33349.55,352.03,2.500,0.00,50.0
15573.00,-3177.83,33352.03,352.03,2.500,0.00,50.0
15574.00,-3178.18,33354.50,352.03,2.500,0.00,50.0
15575.00,-3178.53,33356.98,352.03,2.500,0.00,50.0
15576.00,-3178.87,33359.46,352.03,2.500,0.00,50.0
15577.00,-3179.22,33361.93,352.03,2.500,0.00,50.0
15578.00,-3179.57,33364.41,352.03,2.500,0.00,50.0
15579.00,-3179.91,33366.88,352.03,2.500,0.00,50.0
15580.00,-3180.26,33369.36,352.03,2.500,0.00,50.0
15581.00,-3180.61,33371.83,352.03,2.500,0.00,50.0
15582.00,-3180.95,33374.31,352.03,2.500,0.00,50.0
15583.00,-3181.30,33376.79,352.03,2.500,0.00,50.0
15584.00,-3181.65,33379.26,352.03,2.500,0.00,50.0
15585.00,-3181.99,33381.74,352.03,2.500,0.00,50.0
15586.00,-3182.34,33384.21,352.03,2.500,0.00,50.0
15587.00,-3182.69,33386.69,352.03,2.500,0.00,50.0
15588.00,-3183.03,33389.17,352.03,2.500,0.00,50.0
15589.00,-3183.38,33391.64,352.03,2.500,0.00,50.0
15590.00,-3183.73,33394.12,352.03,2.500,0.00,50.0
15591.00,-3184.07,33396.59,352.03,2.500,0.00,50.0
15592.00,-3184.42,33399.07,352.03,2.500,0.00,50.0
15593.00,-3184.77,33401.54,352.03,2.500,0.00,50.0
15594.00,-3185.11,33404.02,352.03,2.500,0.00,50.0
15595.00,-3185.46,33406.50,352.03,2.500,0.00,50.0
15596.00,-3185.81,33408.97,352.03,2.500,0.00,50.0
15597.00,-3186.15,33411.45,352.03,2.500,0.00,50.0
15598.00,-3186.50,33413.92,352.03,2.500,0.00,50.0
15599.00,-3186.85,33416.40,352.03,2.500,0.00,50.0
15600.00,-3187.19,33418.88,352.03,2.500,0.00,50.0
15601.00,-3187.54,33421.35,352.03,2.500,0.00,50.0
15602.00,-3187.89,33423.83,352.03,2.500,0.00,50.0
15603.00,-3188.23,33426.30,352.03,2.500,0.00,50.0
15604.00,-3188.58,33428.78,352.03,2.500,0.00,50.0
15605.00,-3188.93,33431.26,352.03,2.500,0.00,50.0
15606.00,-3189.27,33433.73,352.03,2.500,0.00,50.0
15607.00,-3189.62,33436.21,352.03,2.500,0.00,50.0
15608.00,-3189.97,33438.68,352.03,2.500,0.00,50.0
15609.00,-3190.31,33441.16,352.03,2.500,0.00,50.0
15610.00,-3190.66,33443.63,352.03,2.500,0.00,50.0
15611.00,-3191.01,33446.11,352.03,2.500,0.00,50.0
15612.00,-3191.35,33448.59,352.03,2.500,0.00,50.0
15613.00,-3191.70,33451.06,352.03,2.500,0.00,50.0
15614.00,-3192.05,33453.54,352.03,2.500,0.00,50.0
15615.00,-3192.39,33456.01,352.03,2.500,0.00,50.0
15616.00,-3192.74,33458.49,352.03,2.500,0.00,50.0
15617.00,-3193.09,33460.97,352.03,2.500,0.00,50.0
15618.00,-3193.43,33463.44,352.03,2.500,0.00,50.0
15619.00,-3193.78,33465.92,352.03,2.500,0.00,50.0
15620.00,-3194.13,33468.39,352.03,2.500,0.00,50.0
15621.00,-3194.47,33470.87,352.03,2.500,0.00,50.0
15622.00,-3194.82,33473.34,352.03,2.500,0.00,50.0
15623.00,-3195.17,33475.82,352.03,2.500,0.00,50.0
15624.00,-3195.51,33478.30,352.03,2.500,0.00,50.0
15625.00,-3195.86,33480.77,352.03,2.500,0.00,50.0
15626.00,-3196.21,33483.25,352.03,2.500,0.00,50.0
15627.00,-3196.55,33485.72,352.03,2.500,0.00,50.0
15628.00,-3196.90,33488.20,352.03,2.500,0.00,50.0
15629.00,-3197.25,33490.68,352.03,2.500,0.00,50.0
15630.00,-3197.59,33493.15,352.03,2.500,0.00,50.0
15631.00,-3197.94,33495.63,352.03,2.500,0.00,50.0
15632.00,-3198.29,33498.10,352.03,2.500,0.00,50.0
15633.00,-3198.63,33500.58,352.03,2.500,0.00,50.0
15634.00,-3198.98,33503.05,352.03,2.500,0.00,50.0
15635.00,-3199.33,33505.53,352.03,2.500,0.00,50.0
15636.00,-3199.67,33508.01,352.03,2.500,0.00,50.0
15637.00,-3200.02,33510.48,352.03,2.500,0.00,50.0
15638.00,-3200.37,33512.96,352.03,2.500,0.00,50.0
15639.00,-3200.72,33515.43,352.03,2.500,0.00,50.0
15640.00,-3201.06,33517.91,352.03,2.500,0.00,50.0
15641.00,-3201.41,33520.39,352.03,2.500,0.00,50.0
15642.00,-3201.76,33522.86,352.03,2.500,0.00,50.0
15643.00,-3202.10,33525.34,352.03,2.500,0.00,50.0
15644.00,-3202.45,33527.81,352.03,2.500,0.00,50.0
15645.00,-3202.80,33530.29,352.03,2.500,0.00,50.0
15646.00,-3203.14,33532.76,352.03,2.500,0.00,50.0
15647.00,-3203.49,33535.24,352.03,2.500,0.00,50.0
15648.00,-3203.84,33537.72,352.03,2.500,0.00,50.0
15649.00,-3204.18,33540.19,352.03,2.500,0.00,50.0
15650.00,-3204.53,33542.67,352.03,2.500,0.00,50.0
15651.00,-3204.88,33545.14,352.03,2.500,0.00,50.0
15652.00,-3205.22,33547.62,352.03,2.500,0.00,50.0
15653.00,-3205.57,33550.10,352.03,2.500,0.00,50.0
15654.00,-3205.92,33552.57,352.03,2.500,0.00,50.0
15655.00,-3206.26,33555.05,352.03,2.500,0.00,50.0
15656.00,-3206.61,33557.52,352.03,2.500,0.00,50.0
15657.00,-3206.96,33560.00,352.03,2.500,0.00,50.0
15658.00,-3207.30,33562.47,352.03,2.500,0.00,50.0
15659.00,-3207.65,33564.95,352.03,2.500,0.00,50.0
15660.00,-3208.00,33567.43,352.03,2.500,0.00,50.0
15661.00,-3208.34,33569.90,352.03,2.500,0.00,50.0
15662.00,-3208.69,33572.38,352.03,2.500,0.00,50.0
15663.00,-3209.04,33574.85,352.03,2.500,0.00,50.0
15664.00,-3209.38,33577.33,352.03,2.500,0.00,50.0
15665.00,-3209.73,33579.81,352.03,2.500,0.00,50.0
15666.00,-3210.08,33582.28,352.03,2.500,0.00,50.0
15667.00,-3210.42,33584.76,352.03,2.500,0.00,50.0
15668.00,-3210.77,33587.23,352.03,2.500,0.00,50.0
15669.00,-3211.12,33589.71,352.03,2.500,0.00,50.0
15670.00,-3211.46,33592.18,352.03,2.500,0.00,50.0
15671.00,-3211.81,33594.66,352.03,2.500,0.00,50.0
15672.00,-3212.16,33597.14,352.03,2.500,0.00,50.0
15673.00,-3212.50,33599.61,352.03,2.500,0.00,50.0
15674.00,-3212.85,33602.09,352.03,2.500,0.00,50.0
15675.00,-3213.20,33604.56,352.03,2.500,0.00,50.0
15676.00,-3213.54,33607.04,352.03,2.500,0.00,50.0
15677.00,-3213.89,33609.52,352.03,2.500,0.00,50.0
15678.00,-3214.24,33611.99,352.03,2.500,0.00,50.0
15679.00,-3214.58,33614.47,352.03,2.500,0.00,50.0
15680.00,-3214.93,33616.94,352.03,2.500,0.00,50.0
15681.00,-3215.28,33619.42,352.03,2.500,0.00,50.0
15682.00,-3215.62,33621.90,352.03,2.500,0.00,50.0
15683.00,-3215.97,33624.37,352.03,2.500,0.00,50.0
15684.00,-3216.32,33626.85,352.03,2.500,0.00,50.0
15685.00,-3216.66,33629.32,352.03,2.500,0.00,50.0
15686.00,-3217.01,33631.80,352.03,2.500,0.00,50.0
15687.00,-3217.36,33634.27,352.03,2.500,0.00,50.0
15688.00,-3217.70,33636.75,352.03,2.500,0.00,50.0
15689.00,-3218.05,33639.23,352.03,2.500,0.00,50.0
15690.00,-3218.40,33641.70,352.03,2.500,0.00,50.0
15691.00,-3218.74,33644.18,352.03,2.500,0.00,50.0
15692.00,-3219.09,33646.65,352.03,2.500,0.00,50.0
15693.00,-3219.44,33649.13,352.03,2.500,0.00,50.0
15694.00,-3219.78,33651.61,352.03,2.500,0.00,50.0
15695.00,-3220.13,33654.08,352.03,2.500,0.00,50.0
15696.00,-3220.48,33656.56,352.03,2.500,0.00,50.0
15697.00,-3220.82,33659.03,352.03,2.500,0.00,50.0
15698.00,-3221.17,33661.51,352.03,2.500,0.00,50.0
15699.00,-3221.52,33663.98,352.03,2.500,0.00,50.0
15700.00,-3221.86,33666.46,352.03,2.500,0.00,50.0
15701.00,-3222.21,33668.94,352.03,2.500,0.00,50.0
15702.00,-3222.56,33671.41,352.03,2.500,0.00,50.0
15703.00,-3222.90,33673.89,352.03,2.500,0.00,50.0
15704.00,-3223.25,33676.36,352.03,2.500,0.00,50.0
15705.00,-3223.60,33678.84,352.03,2.500,0.00,50.0
15706.00,-3223.94,33681.32,352.03,2.500,0.00,50.0
15707.00,-3224.29,33683.79,352.03,2.500,0.00,50.0
15708.00,-3224.64,33686.27,352.03,2.500,0.00,50.0
15709.00,-3224.98,33688.74,352.03,2.500,0.00,50.0
15710.00,-3225.33,33691.22,352.03,2.500,0.00,50.0
15711.00,-3225.68,33693.69,352.03,2.500,0.00,50.0
15712.00,-3226.02,33696.17,352.03,2.500,0.00,50.0
15713.00,-3226.37,33698.65,352.03,2.500,0.00,50.0
15714.00,-3226.72,33701.12,352.03,2.500,0.00,50.0
15715.00,-3227.06,33703.60,352.03,2.500,0.00,50.0
15716.00,-3227.41,33706.07,352.03,2.500,0.00,50.0
15717.00,-3227.76,33708.55,352.03,2.500,0.00,50.0
15718.00,-3228.10,33711.03,352.03,2.500,0.00,50.0
15719.00,-3228.45,33713.50,352.03,2.500,0.00,50.0
15720.00,-3228.80,33715.98,352.03,2.500,0.00,50.0
15721.00,-3229.14,33718.45,352.03,2.500,0.00,50.0
15722.00,-3229.49,33720.93,352.03,2.500,0.00,50.0
15723.00,-3229.84,33723.40,352.03,2.500,0.00,50.0
15724.00,-3230.18,33725.88,352.03,2.500,0.00,50.0
15725.00,-3230.53,33728.36,352.03,2.500,0.00,50.0
15726.00,-3230.88,33730.83,352.03,2.500,0.00,50.0
15727.00,-3231.22,33733.31,352.03,2.500,0.00,50.0
15728.00,-3231.57,33735.78,352.03,2.500,0.00,50.0
15729.00,-3231.92,33738.26,352.03,2.500,0.00,50.0
15730.00,-3232.26,33740.74,352.03,2.500,0.00,50.0
15731.00,-3232.61,33743.21,352.03,2.500,0.00,50.0
15732.00,-3232.96,33745.69,352.03,2.500,0.00,50.0
15733.00,-3233.30,33748.16,352.03,2.500,0.00,50.0
15734.00,-3233.65,33750.64,352.03,2.500,0.00,50.0
15735.00,-3234.00,33753.11,352.03,2.500,0.00,50.0
15736.00,-3234.34,33755.59,352.03,2.500,0.00,50.0
15737.00,-3234.69,33758.07,352.03,2.500,0.00,50.0
15738.00,-3235.04,33760.54,352.03,2.500,0.00,50.0
15739.00,-3235.38,33763.02,352.03,2.500,0.00,50.0
15740.00,-3235.73,33765.49,352.03,2.500,0.00,50.0
15741.00,-3236.08,33767.97,352.03,2.500,0.00,50.0
15742.00,-3236.42,33770.45,352.03,2.500,0.00,50.0
15743.00,-3236.77,33772.92,352.03,2.500,0.00,50.0
15744.00,-3237.12,33775.40,352.03,2.500,0.00,50.0
15745.00,-3237.47,33777.87,352.03,2.500,0.00,50.0
15746.00,-3237.81,33780.35,352.03,2.500,0.00,50.0
15747.00,-3238.16,33782.82,352.03,2.500,0.00,50.0
15748.00,-3238.51,33785.30,352.03,2.500,0.00,50.0
15749.00,-3238.85,33787.78,352.03,2.500,0.00,50.0
15750.00,-3239.20,33790.25,352.03,2.500,0.00,50.0
15751.00,-3239.55,33792.73,352.03,2.500,0.00,50.0
15752.00,-3239.89,33795.20,352.03,2.500,0.00,50.0
15753.00,-3240.24,33797.68,352.03,2.500,0.00,50.0
15754.00,-3240.59,33800.16,352.03,2.500,0.00,50.0
15755.00,-3240.93,33802.63,352.03,2.500,0.00,50.0
15756.00,-3241.28,33805.11,352.03,2.500,0.00,50.0
15757.00,-3241.63,33807.58,352.03,2.500,0.00,50.0
15758.00,-3241.97,33810.06,352.03,2.500,0.00,50.0
15759.00,-3242.32,33812.53,352.03,2.500,0.00,50.0
15760.00,-3242.67,33815.01,352.03,2.500,0.00,50.0
15761.00,-3243.01,33817.49,352.03,2.500,0.00,50.0
15762.00,-3243.36,33819.96,352.03,2.500,0.00,50.0
15763.00,-3243.71,33822.44,352.03,2.500,0.00,50.0
15764.00,-3244.05,33824.91,352.03,2.500,0.00,50.0
15765.00,-3244.40,33827.39,352.03,2.500,0.00,50.0
15766.00,-3244.75,33829.87,352.03,2.500,0.00,50.0
15767.00,-3245.09,33832.34,352.03,2.500,0.00,50.0
15768.00,-3245.44,33834.82,352.03,2.500,0.00,50.0
15769.00,-3245.79,33837.29,352.03,2.500,0.00,50.0
15770.00,-3246.13,33839.77,352.03,2.500,0.00,50.0
15771.00,-3246.48,33842.25,352.03,2.500,0.00,50.0
15772.00,-3246.83,33844.72,352.03,2.500,0.00,50.0
15773.00,-3247.17,33847.20,352.03,2.500,0.00,50.0
15774.00,-3247.52,33849.67,352.03,2.500,0.00,50.0
15775.00,-3247.87,33852.15,352.03,2.500,0.00,50.0
15776.00,-3248.21,33854.62,352.03,2.500,0.00,50.0
15777.00,-3248.56,33857.10,352.03,2.500,0.00,50.0
15778.00,-3248.91,33859.58,352.03,2.500,0.00,50.0
15779.00,-3249.25,33862.05,352.03,2.500,0.00,50.0
15780.00,-3249.60,33864.53,352.03,2.500,0.00,50.0
15781.00,-3249.95,33867.00,352.03,2.500,0.00,50.0
15782.00,-3250.29,33869.48,352.03,2.500,0.00,50.0
15783.00,-3250.64,33871.96,352.03,2.500,0.00,50.0
15784.00,-3250.99,33874.43,352.03,2.500,0.00,50.0
15785.00,-3251.33,33876.91,352.03,2.500,0.00,50.0
15786.00,-3251.68,33879.38,352.03,2.500,0.00,50.0
15787.00,-3252.03,33881.86,352.03,2.500,0.00,50.0
15788.00,-3252.37,33884.33,352.03,2.500,0.00,50.0
15789.00,-3252.72,33886.81,352.03,2.500,0.00,50.0
15790.00,-3253.07,33889.29,352.03,2.500,0.00,50.0
15791.00,-3253.41,33891.76,352.03,2.500,0.00,50.0
15792.00,-3253.76,33894.24,352.03,2.500,0.00,50.0
15793.00,-3254.11,33896.71,352.03,2.500,0.00,50.0
15794.00,-3254.45,33899.19,352.03,2.500,0.00,50.0
15795.00,-3254.80,33901.67,352.03,2.500,0.00,50.0
15796.00,-3255.15,33904.14,352.03,2.500,0.00,50.0
15797.00,-3255.49,33906.62,352.03,2.500,0.00,50.0
15798.00,-3255.84,33909.09,352.03,2.500,0.00,50.0
15799.00,-3256.19,33911.57,352.03,2.500,0.00,50.0
15800.00,-3256.53,33914.04,352.03,2.500,0.00,50.0
15801.00,-3256.88,33916.52,352.03,2.500,0.00,50.0
15802.00,-3257.23,33919.00,352.03,2.500,0.00,50.0
15803.00,-3257.57,33921.47,352.03,2.500,0.00,50.0
15804.00,-3257.92,33923.95,352.03,2.500,0.00,50.0
15805.00,-3258.27,33926.42,352.03,2.500,0.00,50.0
15806.00,-3258.61,33928.90,352.03,2.500,0.00,50.0
15807.00,-3258.96,33931.38,352.03,2.500,0.00,50.0
15808.00,-3259.31,33933.85,352.03,2.500,0.00,50.0
15809.00,-3259.65,33936.33,352.03,2.500,0.00,50.0
15810.00,-3260.00,33938.80,352.03,2.500,0.00,50.0
15811.00,-3260.35,33941.28,352.03,2.500,0.00,50.0
15812.00,-3260.69,33943.75,352.03,2.500,0.00,50.0
15813.00,-3261.04,33946.23,352.03,2.500,0.00,50.0
15814.00,-3261.39,33948.71,352.03,2.500,0.00,50.0
15815.00,-3261.73,33951.18,352.03,2.500,0.00,50.0
15816.00,-3262.08,33953.66,352.03,2.500,0.00,50.0
15817.00,-3262.43,33956.13,352.03,2.500,0.00,50.0
15818.00,-3262.77,33958.61,352.03,2.500,0.00,50.0
15819.00,-3263.12,33961.09,352.03,2.500,0.00,50.0
15820.00,-3263.47,33963.56,352.03,2.500,0.00,50.0
15821.00,-3263.81,33966.04,352.03,2.500,0.00,50.0
15822.00,-3264.16,33968.51,352.03,2.500,0.00,50.0
15823.00,-3264.51,33970.99,352.03,2.500,0.00,50.0
15824.00,-3264.85,33973.46,352.03,2.500,0.00,50.0
15825.00,-3265.20,33975.94,352.03,2.500,0.00,50.0
15826.00,-3265.55,33978.42,352.03,2.500,0.00,50.0
15827.00,-3265.89,33980.89,352.03,2.500,0.00,50.0
15828.00,-3266.24,33983.37,352.03,2.500,0.00,50.0
15829.00,-3266.59,33985.84,352.03,2.500,0.00,50.0
15830.00,-3266.93,33988.32,352.03,2.500,0.00,50.0
15831.00,-3267.28,33990.80,352.03,2.500,0.00,50.0
15832.00,-3267.63,33993.27,352.03,2.500,0.00,50.0
15833.00,-3267.97,33995.75,352.03,2.500,0.00,50.0
15834.00,-3268.32,33998.22,352.03,2.500,0.00,50.0
15835.00,-3268.67,34000.70,352.03,2.500,0.00,50.0
15836.00,-3269.01,34003.17,352.03,2.500,0.00,50.0
15837.00,-3269.36,34005.65,352.03,2.500,0.00,50.0
15838.00,-3269.71,34008.13,352.03,2.500,0.00,50.0
15839.00,-3270.05,34010.60,352.03,2.500,0.00,50.0
15840.00,-3270.40,34013.08,352.03,2.500,0.00,50.0
15841.00,-3270.75,34015.55,352.03,2.500,0.00,50.0
15842.00,-3271.09,34018.03,352.03,2.500,0.00,50.0
15843.00,-3271.44,34020.51,352.03,2.500,0.00,50.0
15844.00,-3271.79,34022.98,352.03,2.500,0.00,50.0
15845.00,-3272.13,34025.46,352.03,2.500,0.00,50.0
15846.00,-3272.48,34027.93,352.03,2.500,0.00,50.0
15847.00,-3272.83,34030.41,352.03,2.500,0.00,50.0
15848.00,-3273.17,34032.89,352.03,2.500,0.00,50.0
15849.00,-3273.52,34035.36,352.03,2.500,0.00,50.0
15850.00,-3273.87,34037.84,352.03,2.500,0.00,50.0
15851.00,-3274.22,34040.31,352.03,2.500,0.00,50.0
15852.00,-3274.56,34042.79,352.03,2.500,0.00,50.0
15853.00,-3274.91,34045.26,352.03,2.500,0.00,50.0
15854.00,-3275.26,34047.74,352.03,2.500,0.00,50.0
15855.00,-3275.60,34050.22,352.03,2.500,0.00,50.0
15856.00,-3275.95,34052.69,352.03,2.500,0.00,50.0
15857.00,-3276.30,34055.17,352.03,2.500,0.00,50.0
15858.00,-3276.64,34057.64,352.03,2.500,0.00,50.0
15859.00,-3276.99,34060.12,352.03,2.500,0.00,50.0
15860.00,-3277.34,34062.60,352.03,2.500,0.00,50.0
15861.00,-3277.68,34065.07,352.03,2.500,0.00,50.0
15862.00,-3278.03,34067.55,352.03,2.500,0.00,50.0
15863.00,-3278.38,34070.02,352.03,2.500,0.00,50.0
15864.00,-3278.72,34072.50,352.03,2.500,0.00,50.0
15865.00,-3279.07,34074.97,352.03,2.500,0.00,50.0
15866.00,-3279.42,34077.45,352.03,2.500,0.00,50.0
15867.00,-3279.76,34079.93,352.03,2.500,0.00,50.0
15868.00,-3280.11,34082.40,352.03,2.500,0.00,50.0
15869.00,-3280.46,34084.88,352.03,2.500,0.00,50.0
15870.00,-3280.80,34087.35,352.03,2.500,0.00,50.0
15871.00,-3281.15,34089.83,352.03,2.500,0.00,50.0
15872.00,-3281.50,34092.31,352.03,2.500,0.00,50.0
15873.00,-3281.84,34094.78,352.03,2.500,0.00,50.0
15874.00,-3282.19,34097.26,352.03,2.500,0.00,50.0
15875.00,-3282.54,34099.73,352.03,2.500,0.00,50.0
15876.00,-3282.88,34102.21,352.03,2.500,0.00,50.0
15877.00,-3283.23,34104.68,352.03,2.500,0.00,50.0
15878.00,-3283.58,34107.16,352.03,2.500,0.00,50.0
15879.00,-3283.92,34109.64,352.03,2.500,0.00,50.0
15880.00,-3284.27,34112.11,352.03,2.500,0.00,50.0
15881.00,-3284.62,34114.59,352.03,2.500,0.00,50.0
15882.00,-3284.96,34117.06,352.03,2.500,0.00,50.0
15883.00,-3285.31,34119.54,352.03,2.500,0.00,50.0
15884.00,-3285.66,34122.02,352.03,2.500,0.00,50.0
15885.00,-3286.00,34124.49,352.03,2.500,0.00,50.0
15886.00,-3286.35,34126.97,352.03,2.500,0.00,50.0
15887.00,-3286.70,34129.44,352.03,2.500,0.00,50.0
15888.00,-3287.04,34131.92,352.03,2.500,0.00,50.0
15889.00,-3287.39,34134.39,352.03,2.500,0.00,50.0
15890.00,-3287.74,34136.87,352.03,2.500,0.00,50.0
15891.00,-3288.08,34139.35,352.03,2.500,0.00,50.0
15892.00,-3288.43,34141.82,352.03,2.500,0.00,50.0
15893.00,-3288.78,34144.30,352.03,2.500,0.00,50.0
15894.00,-3289.12,34146.77,352.03,2.500,0.00,50.0
15895.00,-3289.47,34149.25,352.03,2.500,0.00,50.0
15896.00,-3289.82,34151.73,352.03,2.500,0.00,50.0
15897.00,-3290.16,34154.20,352.03,2.500,0.00,50.0
15898.00,-3290.51,34156.68,352.03,2.500,0.00,50.0
15899.00,-3290.86,34159.15,352.03,2.500,0.00,50.0
15900.00,-3291.20,34161.63,352.03,2.500,0.00,50.0
15901.00,-3291.55,34164.10,352.03,2.500,0.00,50.0
15902.00,-3291.90,34166.58,352.03,2.500,0.00,50.0
15903.00,-3292.24,34169.06,352.03,2.500,0.00,50.0
15904.00,-3292.59,34171.53,352.03,2.500,0.00,50.0
15905.00,-3292.94,34174.01,352.03,2.500,0.00,50.0
15906.00,-3293.28,34176.48,352.03,2.500,0.00,50.0
15907.00,-3293.63,34178.96,352.03,2.500,0.00,50.0
15908.00,-3293.98,34181.44,352.03,2.500,0.00,50.0
15909.00,-3294.32,34183.91,352.03,2.500,0.00,50.0
15910.00,-3294.67,34186.39,352.03,2.500,0.00,50.0
15911.00,-3295.02,34188.86,352.03,2.500,0.00,50.0
15912.00,-3295.36,34191.34,352.03,2.500,0.00,50.0
15913.00,-3295.71,34193.81,352.03,2.500,0.00,50.0
15914.00,-3296.06,34196.29,352.03,2.500,0.00,50.0
15915.00,-3296.40,34198.77,352.03,2.500,0.00,50.0
15916.00,-3296.75,34201.24,352.03,2.500,0.00,50.0
15917.00,-3297.10,34203.72,352.03,2.500,0.00,50.0
15918.00,-3297.44,34206.19,352.03,2.500,0.00,50.0
15919.00,-3297.79,34208.67,352.03,2.500,0.00,50.0
15920.00,-3298.14,34211.15,352.03,2.500,0.00,50.0
15921.00,-3298.48,34213.62,352.03,2.500,0.00,50.0
15922.00,-3298.83,34216.10,352.03,2.500,0.00,50.0
15923.00,-3299.18,34218.57,352.03,2.500,0.00,50.0
15924.00,-3299.52,34221.05,352.03,2.500,0.00,50.0
15925.00,-3299.87,34223.52,352.03,2.500,0.00,50.0
15926.00,-3300.22,34226.00,352.03,2.500,0.00,50.0
15927.00,-3300.56,34228.48,352.03,2.500,0.00,50.0
15928.00,-3300.91,34230.95,352.03,2.500,0.00,50.0
15929.00,-3301.26,34233.43,352.03,2.500,0.00,50.0
15930.00,-3301.60,34235.90,352.03,2.500,0.00,50.0
15931.00,-3301.95,34238.38,352.03,2.500,0.00,50.0
15932.00,-3302.30,34240.86,352.03,2.500,0.00,50.0
15933.00,-3302.64,34243.33,352.03,2.500,0.00,50.0
15934.00,-3302.99,34245.81,352.03,2.500,0.00,50.0
15935.00,-3303.34,34248.28,352.03,2.500,0.00,50.0
15936.00,-3303.68,34250.76,352.03,2.500,0.00,50.0
15937.00,-3304.03,34253.24,352.03,2.500,0.00,50.0
15938.00,-3304.38,34255.71,352.03,2.500,0.00,50.0
15939.00,-3304.72,34258.19,352.03,2.500,0.00,50.0
15940.00,-3305.07,34260.66,352.03,2.500,0.00,50.0
15941.00,-3305.42,34263.14,352.03,2.500,0.00,50.0
15942.00,-3305.76,34265.61,352.03,2.500,0.00,50.0
15943.00,-3306.11,34268.09,352.03,2.500,0.00,50.0
15944.00,-3306.46,34270.57,352.03,2.500,0.00,50.0
15945.00,-3306.80,34273.04,352.03,2.500,0.00,50.0
15946.00,-3307.15,34275.52,352.03,2.500,0.00,50.0
15947.00,-3307.50,34277.99,352.03,2.500,0.00,50.0
15948.00,-3307.84,34280.47,352.03,2.500,0.00,50.0
15949.00,-3308.19,34282.95,352.03,2.500,0.00,50.0
15950.00,-3308.54,34285.42,352.03,2.500,0.00,50.0
15951.00,-3308.88,34287.90,352.03,2.500,0.00,50.0
15952.00,-3309.23,34290.37,352.03,2.500,0.00,50.0
15953.00,-3309.58,34292.85,352.03,2.500,0.00,50.0
15954.00,-3309.92,34295.32,352.03,2.500,0.00,50.0
15955.00,-3310.27,34297.80,352.03,2.500,0.00,50.0
15956.00,-3310.62,34300.28,352.03,2.500,0.00,50.0
15957.00,-3310.97,34302.75,352.03,2.500,0.00,50.0
15958.00,-3311.31,34305.23,352.03,2.500,0.00,50.0
15959.00,-3311.66,34307.70,352.03,2.500,0.00,50.0
15960.00,-3312.01,34310.18,352.03,2.500,0.00,50.0
15961.00,-3312.35,34312.66,352.03,2.500,0.00,50.0
15962.00,-3312.70,34315.13,352.03,2.500,0.00,50.0
15963.00,-3313.05,34317.61,352.03,2.500,0.00,50.0
15964.00,-3313.39,34320.08,352.03,2.500,0.00,50.0
15965.00,-3313.74,34322.56,352.03,2.500,0.00,50.0
15966.00,-3314.09,34325.03,352.03,2.500,0.00,50.0
15967.00,-3314.43,34327.51,352.03,2.500,0.00,50.0
15968.00,-3314.78,34329.99,352.03,2.500,0.00,50.0
15969.00,-3315.13,34332.46,352.03,2.500,0.00,50.0
15970.00,-3315.47,34334.94,352.03,2.500,0.00,50.0
15971.00,-3315.82,34337.41,352.03,2.500,0.00,50.0
15972.00,-3316.17,34339.89,352.03,2.500,0.00,50.0
15973.00,-3316.51,34342.37,352.03,2.500,0.00,50.0
15974.00,-3316.86,34344.84,352.03,2.500,0.00,50.0
15975.00,-3317.21,34347.32,352.03,2.500,0.00,50.0
15976.00,-3317.55,34349.79,352.03,2.500,0.00,50.0
15977.00,-3317.90,34352.27,352.03,2.500,0.00,50.0
15978.00,-3318.25,34354.74,352.03,2.500,0.00,50.0
15979.00,-3318.59,34357.22,352.03,2.500,0.00,50.0
15980.00,-3318.94,34359.70,352.03,2.500,0.00,50.0
15981.00,-3319.29,34362.17,352.03,2.500,0.00,50.0
15982.00,-3319.63,34364.65,352.03,2.500,0.00,50.0
15983.00,-3319.98,34367.12,352.03,2.500,0.00,50.0
15984.00,-3320.33,34369.60,352.03,2.500,0.00,50.0
15985.00,-3320.67,34372.08,352.03,2.500,0.00,50.0
15986.00,-3321.02,34374.55,352.03,2.500,0.00,50.0
15987.00,-3321.37,34377.03,352.03,2.500,0.00,50.0
15988.00,-3321.71,34379.50,352.03,2.500,0.00,50.0
15989.00,-3322.06,34381.98,352.03,2.500,0.00,50.0
15990.00,-3322.41,34384.45,352.03,2.500,0.00,50.0
15991.00,-3322.75,34386.93,352.03,2.500,0.00,50.0
15992.00,-3323.10,34389.41,352.03,2.500,0.00,50.0
15993.00,-3323.45,34391.88,352.03,2.500,0.00,50.0
15994.00,-3323.79,34394.36,352.03,2.500,0.00,50.0
15995.00,-3324.14,34396.83,352.03,2.500,0.00,50.0
15996.00,-3324.49,34399.31,352.03,2.500,0.00,50.0
15997.00,-3324.83,34401.79,352.03,2.500,0.00,50.0
15998.00,-3325.18,34404.26,352.03,2.500,0.00,50.0
15999.00,-3325.53,34406.74,352.03,2.500,0.00,50.0
16000.00,-3325.87,34409.21,352.03,2.500,0.00,50.0
16001.00,-3326.22,34411.69,352.03,2.500,0.00,50.0
16002.00,-3326.57,34414.16,352.03,2.500,0.00,50.0
16003.00,-3326.91,34416.64,352.03,2.500,0.00,50.0
16004.00,-3327.26,34419.12,352.03,2.500,0.00,50.0
16005.00,-3327.61,34421.59,352.03,2.500,0.00,50.0
16006.00,-3327.95,34424.07,352.03,2.500,0.00,50.0
16007.00,-3328.30,34426.54,352.03,2.500,0.00,50.0
16008.00,-3328.65,34429.02,352.03,2.500,0.00,50.0
16009.00,-3328.99,34431.50,352.03,2.500,0.00,50.0
16010.00,-3329.34,34433.97,352.03,2.500,0.00,50.0
16011.00,-3329.69,34436.45,352.03,2.500,0.00,50.0
16012.00,-3330.03,34438.92,352.03,2.500,0.00,50.0
16013.00,-3330.38,34441.40,352.03,2.500,0.00,50.0
16014.00,-3330.73,34443.88,352.03,2.500,0.00,50.0
16015.00,-3331.07,34446.35,352.03,2.500,0.00,50.0
16016.00,-3331.42,34448.83,352.03,2.500,0.00,50.0
16017.00,-3331.77,34451.30,352.03,2.500,0.00,50.0
16018.00,-3332.11,34453.78,352.03,2.500,0.00,50.0
16019.00,-3332.46,34456.25,352.03,2.500,0.00,50.0
16020.00,-3332.81,34458.73,352.03,2.500,0.00,50.0
16021.00,-3333.15,34461.21,352.03,2.500,0.00,50.0
16022.00,-3333.50,34463.68,352.03,2.500,0.00,50.0
16023.00,-3333.85,34466.16,352.03,2.500,0.00,50.0
16024.00,-3334.19,34468.63,352.03,2.500,0.00,50.0
16025.00,-3334.54,34471.11,352.03,2.500,0.00,50.0
16026.00,-3334.89,34473.59,352.03,2.500,0.00,50.0
16027.00,-3335.23,34476.06,352.03,2.500,0.00,50.0
16028.00,-3335.58,34478.54,352.03,2.500,0.00,50.0
16029.00,-3335.93,34481.01,352.03,2.500,0.00,50.0
16030.00,-3336.27,34483.49,352.03,2.500,0.00,50.0
16031.00,-3336.62,34485.96,352.03,2.500,0.00,50.0
16032.00,-3336.97,34488.44,352.03,2.500,0.00,50.0
16033.00,-3337.31,34490.92,352.03,2.500,0.00,50.0
16034.00,-3337.66,34493.39,352.03,2.500,0.00,50.0
16035.00,-3338.01,34495.87,352.03,2.500,0.00,50.0
16036.00,-3338.35,34498.34,352.03,2.500,0.00,50.0
16037.00,-3338.70,34500.82,352.03,2.500,0.00,50.0
16038.00,-3339.05,34503.30,352.03,2.500,0.00,50.0
16039.00,-3339.39,34505.77,352.03,2.500,0.00,50.0
16040.00,-3339.74,34508.25,352.03,2.500,0.00,50.0
16041.00,-3340.09,34510.72,352.03,2.500,0.00,50.0
16042.00,-3340.43,34513.20,352.03,2.500,0.00,50.0
16043.00,-3340.78,34515.67,352.03,2.500,0.00,50.0
16044.00,-3341.13,34518.15,352.03,2.500,0.00,50.0
16045.00,-3341.47,34520.63,352.03,2.500,0.00,50.0
16046.00,-3341.82,34523.10,352.03,2.500,0.00,50.0
16047.00,-3342.17,34525.58,352.03,2.500,0.00,50.0
16048.00,-3342.51,34528.05,352.03,2.500,0.00,50.0
16049.00,-3342.86,34530.53,352.03,2.500,0.00,50.0
16050.00,-3343.21,34533.01,352.03,2.500,0.00,50.0
16051.00,-3343.55,34535.48,352.03,2.500,0.00,50.0
16052.00,-3343.90,34537.96,352.03,2.500,0.00,50.0
16053.00,-3344.25,34540.43,352.03,2.500,0.00,50.0
16054.00,-3344.59,34542.91,352.03,2.500,0.00,50.0
16055.00,-3344.94,34545.38,352.03,2.500,0.00,50.0
16056.00,-3345.29,34547.86,352.03,2.500,0.00,50.0
16057.00,-3345.63,34550.34,352.03,2.500,0.00,50.0
16058.00,-3345.98,34552.81,352.03,2.500,0.00,50.0
16059.00,-3346.33,34555.29,352.03,2.500,0.00,50.0
16060.00,-3346.67,34557.76,352.03,2.500,0.00,50.0
16061.00,-3347.02,34560.24,352.03,2.500,0.00,50.0
16062.00,-3347.37,34562.72,352.03,2.500,0.00,50.0
16063.00,-3347.72,34565.19,352.03,2.500,0.00,50.0
16064.00,-3348.06,34567.67,352.03,2.500,0.00,50.0
16065.00,-3348.41,34570.14,352.03,2.500,0.00,50.0
16066.00,-3348.76,34572.62,352.03,2.500,0.00,50.0
16067.00,-3349.10,34575.09,352.03,2.500,0.00,50.0
16068.00,-3349.45,34577.57,352.03,2.500,0.00,50.0
16069.00,-3349.80,34580.05,352.03,2.500,0.00,50.0
16070.00,-3350.14,34582.52,352.03,2.500,0.00,50.0
16071.00,-3350.49,34585.00,352.03,2.500,0.00,50.0
16072.00,-3350.84,34587.47,352.03,2.500,0.00,50.0
16073.00,-3351.18,34589.95,352.03,2.500,0.00,50.0
16074.00,-3351.53,34592.43,352.03,2.500,0.00,50.0
16075.00,-3351.88,34594.90,352.03,2.500,0.00,50.0
16076.00,-3352.22,34597.38,352.03,2.500,0.00,50.0
16077.00,-3352.57,34599.85,352.03,2.500,0.00,50.0
16078.00,-3352.92,34602.33,352.03,2.500,0.00,50.0
16079.00,-3353.26,34604.80,352.03,2.500,0.00,50.0
16080.00,-3353.61,34607.28,352.03,2.500,0.00,50.0
16081.00,-3353.96,34609.76,352.03,2.500,0.00,50.0
16082.00,-3354.30,34612.23,352.03,2.500,0.00,50.0
16083.00,-3354.65,34614.71,352.03,2.500,0.00,50.0
16084.00,-3355.00,34617.18,352.03,2.500,0.00,50.0
16085.00,-3355.34,34619.66,352.03,2.500,0.00,50.0
16086.00,-3355.69,34622.14,352.03,2.500,0.00,50.0
16087.00,-3356.04,34624.61,352.03,2.500,0.00,50.0
16088.00,-3356.38,34627.09,352.03,2.500,0.00,50.0
16089.00,-3356.73,34629.56,352.03,2.500,0.00,50.0
16090.00,-3357.08,34632.04,352.03,2.500,0.00,50.0
16091.00,-3357.42,34634.51,352.03,2.500,0.00,50.0
16092.00,-3357.77,34636.99,352.03,2.500,0.00,50.0
16093.00,-3358.12,34639.47,352.03,2.500,0.00,50.0
16094.00,-3358.46,34641.94,352.03,2.500,0.00,50.0
16095.00,-3358.81,34644.42,352.03,2.500,0.00,50.0
16096.00,-3359.16,34646.89,352.03,2.500,0.00,50.0
16097.00,-3359.50,34649.37,352.03,2.500,0.00,50.0
16098.00,-3359.85,34651.85,352.03,2.500,0.00,50.0
16099.00,-3360.20,34654.32,352.03,2.500,0.00,50.0
16100.00,-3360.54,34656.80,352.03,2.500,0.00,50.0
16101.00,-3360.89,34659.27,352.03,2.500,0.00,50.0
16102.00,-3361.24,34661.75,352.03,2.500,0.00,50.0
16103.00,-3361.58,34664.23,352.03,2.500,0.00,50.0
16104.00,-3361.93,34666.70,352.03,2.500,0.00,50.0
16105.00,-3362.28,34669.18,352.03,2.500,0.00,50.0
16106.00,-3362.62,34671.65,352.03,2.500,0.00,50.0
16107.00,-3362.97,34674.13,352.03,2.500,0.00,50.0
16108.00,-3363.32,34676.60,352.03,2.500,0.00,50.0
16109.00,-3363.66,34679.08,352.03,2.500,0.00,50.0
16110.00,-3364.01,34681.56,352.03,2.500,0.00,50.0
16111.00,-3364.36,34684.03,352.03,2.500,0.00,50.0
16112.00,-3364.70,34686.51,352.03,2.500,0.00,50.0
16113.00,-3365.05,34688.98,352.03,2.500,0.00,50.0
16114.00,-3365.40,34691.46,352.03,2.500,0.00,50.0
16115.00,-3365.74,34693.94,352.03,2.500,0.00,50.0
16116.00,-3366.09,34696.41,352.03,2.500,0.00,50.0
16117.00,-3366.44,34698.89,352.03,2.500,0.00,50.0
16118.00,-3366.78,34701.36,352.03,2.500,0.00,50.0
16119.00,-3367.13,34703.84,352.03,2.500,0.00,50.0
16120.00,-3367.48,34706.31,352.03,2.500,0.00,50.0
16121.00,-3367.82,34708.79,352.03,2.500,0.00,50.0
16122.00,-3368.17,34711.27,352.03,2.500,0.00,50.0
16123.00,-3368.52,34713.74,352.03,2.500,0.00,50.0
16124.00,-3368.86,34716.22,352.03,2.500,0.00,50.0
16125.00,-3369.21,34718.69,352.03,2.500,0.00,50.0
16126.00,-3369.56,34721.17,352.03,2.500,0.00,50.0
16127.00,-3369.90,34723.65,352.03,2.500,0.00,50.0
16128.00,-3370.25,34726.12,352.03,2.500,0.00,50.0
16129.00,-3370.60,34728.60,352.03,2.500,0.00,50.0
16130.00,-3370.94,34731.07,352.03,2.500,0.00,50.0
16131.00,-3371.29,34733.55,352.03,2.500,0.00,50.0
16132.00,-3371.64,34736.02,352.03,2.500,0.00,50.0
16133.00,-3371.98,34738.50,352.03,2.500,0.00,50.0
16134.00,-3372.33,34740.98,352.03,2.500,0.00,50.0
16135.00,-3372.68,34743.45,352.03,2.500,0.00,50.0
16136.00,-3373.02,34745.93,352.03,2.500,0.00,50.0
16137.00,-3373.37,34748.40,352.03,2.500,0.00,50.0
16138.00,-3373.72,34750.88,352.03,2.500,0.00,50.0
16139.00,-3374.06,34753.36,352.03,2.500,0.00,50.0
16140.00,-3374.41,34755.83,352.03,2.500,0.00,50.0
16141.00,-3374.76,34758.31,352.03,2.500,0.00,50.0
16142.00,-3375.10,34760.78,352.03,2.500,0.00,50.0
16143.00,-3375.45,34763.26,352.03,2.500,0.00,50.0
16144.00,-3375.80,34765.73,352.03,2.500,0.00,50.0
16145.00,-3376.14,34768.21,352.03,2.500,0.00,50.0
16146.00,-3376.49,34770.69,352.03,2.500,0.00,50.0
16147.00,-3376.84,34773.16,352.03,2.500,0.00,50.0
16148.00,-3377.18,34775.64,352.03,2.500,0.00,50.0
16149.00,-3377.53,34778.11,352.03,2.500,0.00,50.0
16150.00,-3377.88,34780.59,352.03,2.500,0.00,50.0
16151.00,-3378.22,34783.07,352.03,2.500,0.00,50.0
16152.00,-3378.57,34785.54,352.03,2.500,0.00,50.0
16153.00,-3378.92,34788.02,352.03,2.500,0.00,50.0
16154.00,-3379.26,34790.49,352.03,2.500,0.00,50.0
16155.00,-3379.61,34792.97,352.03,2.500,0.00,50.0
16156.00,-3379.96,34795.44,352.03,2.500,0.00,50.0
16157.00,-3380.30,34797.92,352.03,2.500,0.00,50.0
16158.00,-3380.65,34800.40,352.03,2.500,0.00,50.0
16159.00,-3381.00,34802.87,352.03,2.500,0.00,50.0
16160.00,-3381.34,34805.35,352.03,2.500,0.00,50.0
16161.00,-3381.69,34807.82,352.03,2.500,0.00,50.0
16162.00,-3382.04,34810.30,352.03,2.500,0.00,50.0
16163.00,-3382.38,34812.78,352.03,2.500,0.00,50.0
16164.00,-3382.73,34815.25,352.03,2.500,0.00,50.0
16165.00,-3383.08,34817.73,352.03,2.500,0.00,50.0
16166.00,-3383.42,34820.20,352.03,2.500,0.00,50.0
16167.00,-3383.77,34822.68,352.03,2.500,0.00,50.0
16168.00,-3384.12,34825.15,352.03,2.500,0.00,50.0
16169.00,-3384.47,34827.63,352.03,2.500,0.00,50.0
16170.00,-3384.81,34830.11,352.03,2.500,0.00,50.0
16171.00,-3385.16,34832.58,352.03,2.500,0.00,50.0
16172.00,-3385.51,34835.06,352.03,2.500,0.00,50.0
16173.00,-3385.85,34837.53,352.03,2.500,0.00,50.0
16174.00,-3386.20,34840.01,352.03,2.500,0.00,50.0
16175.00,-3386.55,34842.49,352.03,2.500,0.00,50.0
16176.00,-3386.89,34844.96,352.03,2.500,0.00,50.0
16177.00,-3387.24,34847.44,352.03,2.500,0.00,50.0
16178.00,-3387.59,34849.91,352.03,2.500,0.00,50.0
16179.00,-3387.93,34852.39,352.03,2.500,0.00,50.0
16180.00,-3388.28,34854.87,352.03,2.500,0.00,50.0
16181.00,-3388.63,34857.34,352.03,2.500,0.00,50.0
16182.00,-3388.97,34859.82,352.03,2.500,0.00,50.0
16183.00,-3389.32,34862.29,352.03,2.500,0.00,50.0
16184.00,-3389.67,34864.77,352.03,2.500,0.00,50.0
16185.00,-3390.01,34867.24,352.03,2.500,0.00,50.0
16186.00,-3390.36,34869.72,352.03,2.500,0.00,50.0
16187.00,-3390.71,34872.20,352.03,2.500,0.00,50.0
16188.00,-3391.05,34874.67,352.03,2.500,0.00,50.0
16189.00,-3391.40,34877.15,352.03,2.500,0.00,50.0
16190.00,-3391.75,34879.62,352.03,2.500,0.00,50.0
16191.00,-3392.09,34882.10,352.03,2.500,0.00,50.0
16192.00,-3392.44,34884.58,352.03,2.500,0.00,50.0
16193.00,-3392.79,34887.05,352.03,2.500,0.00,50.0
16194.00,-3393.13,34889.53,352.03,2.500,0.00,50.0
16195.00,-3393.48,34892.00,352.03,2.500,0.00,50.0
16196.00,-3393.83,34894.48,352.03,2.500,0.00,50.0
16197.00,-3394.17,34896.95,352.03,2.500,0.00,50.0
16198.00,-3394.52,34899.43,352.03,2.500,0.00,50.0
16199.00,-3394.87,34901.91,352.03,2.500,0.00,50.0
16200.00,-3395.21,34904.38,352.03,2.500,0.00,50.0
16201.00,-3395.56,34906.86,352.03,2.500,0.00,50.0
16202.00,-3395.91,34909.33,352.03,2.500,0.00,50.0
16203.00,-3396.25,34911.81,352.03,2.500,0.00,50.0
16204.00,-3396.60,34914.29,352.03,2.500,0.00,50.0
16205.00,-3396.95,34916.76,352.03,2.500,0.00,50.0
16206.00,-3397.29,34919.24,352.03,2.500,0.00,50.0
16207.00,-3397.64,34921.71,352.03,2.500,0.00,50.0
16208.00,-3397.99,34924.19,352.03,2.500,0.00,50.0
16209.00,-3398.33,34926.66,352.03,2.500,0.00,50.0
16210.00,-3398.68,34929.14,352.03,2.500,0.00,50.0
16211.00,-3399.03,34931.62,352.03,2.500,0.00,50.0
16212.00,-3399.37,34934.09,352.03,2.500,0.00,50.0
16213.00,-3399.72,34936.57,352.03,2.500,0.00,50.0
16214.00,-3400.07,34939.04,352.03,2.500,0.00,50.0
16215.00,-3400.41,34941.52,352.03,2.500,0.00,50.0
16216.00,-3400.76,34944.00,352.03,2.500,0.00,50.0
16217.00,-3401.11,34946.47,352.03,2.500,0.00,50.0
16218.00,-3401.45,34948.95,352.03,2.500,0.00,50.0
16219.00,-3401.80,34951.42,352.03,2.500,0.00,50.0
16220.00,-3402.15,34953.90,352.03,2.500,0.00,50.0
16221.00,-3402.49,34956.37,352.03,2.500,0.00,50.0
16222.00,-3402.84,34958.85,352.03,2.500,0.00,50.0
16223.00,-3403.19,34961.33,352.03,2.500,0.00,50.0
16224.00,-3403.53,34963.80,352.03,2.500,0.00,50.0
16225.00,-3403.88,34966.28,352.03,2.500,0.00,50.0
16226.00,-3404.23,34968.75,352.03,2.500,0.00,50.0
16227.00,-3404.57,34971.23,352.03,2.500,0.00,50.0
16228.00,-3404.92,34973.71,352.03,2.500,0.00,50.0
16229.00,-3405.27,34976.18,352.03,2.500,0.00,50.0
16230.00,-3405.61,34978.66,352.03,2.500,0.00,50.0
16231.00,-3405.96,34981.13,352.03,2.500,0.00,50.0
16232.00,-3406.31,34983.61,352.03,2.500,0.00,50.0
16233.00,-3406.65,34986.08,352.03,2.500,0.00,50.0
16234.00,-3407.00,34988.56,352.03,2.500,0.00,50.0
16235.00,-3407.35,34991.04,352.03,2.500,0.00,50.0
16236.00,-3407.69,34993.51,352.03,2.500,0.00,50.0
16237.00,-3408.04,34995.99,352.03,2.500,0.00,50.0
16238.00,-3408.39,34998.46,352.03,2.500,0.00,50.0
16239.00,-3408.73,35000.94,352.03,2.500,0.00,50.0
16240.00,-3409.08,35003.42,352.03,2.500,0.00,50.0
16241.00,-3409.43,35005.89,352.03,2.500,0.00,50.0
16242.00,-3409.77,35008.37,352.03,2.500,0.00,50.0
16243.00,-3410.12,35010.84,352.03,2.500,0.00,50.0
16244.00,-3410.47,35013.32,352.03,2.500,0.00,50.0
16245.00,-3410.81,35015.79,352.03,2.500,0.00,50.0
16246.00,-3411.16,35018.27,352.03,2.500,0.00,50.0
16247.00,-3411.51,35020.75,352.03,2.500,0.00,50.0
16248.00,-3411.85,35023.22,352.03,2.500,0.00,50.0
16249.00,-3412.20,35025.70,352.03,2.500,0.00,50.0
16250.00,-3412.55,35028.17,352.03,2.500,0.00,50.0
16251.00,-3412.89,35030.65,352.03,2.500,0.00,50.0
16252.00,-3413.24,35033.13,352.03,2.500,0.00,50.0
16253.00,-3413.59,35035.60,352.03,2.500,0.00,50.0
16254.00,-3413.93,35038.08,352.03,2.500,0.00,50.0
16255.00,-3414.28,35040.55,352.03,2.500,0.00,50.0
16256.00,-3414.63,35043.03,352.03,2.500,0.00,50.0
16257.00,-3414.97,35045.50,352.03,2.500,0.00,50.0
16258.00,-3415.32,35047.98,352.03,2.500,0.00,50.0
16259.00,-3415.67,35050.46,352.03,2.500,0.00,50.0
16260.00,-3416.01,35052.93,352.03,2.500,0.00,50.0
16261.00,-3416.36,35055.41,352.03,2.500,0.00,50.0
16262.00,-3416.71,35057.88,352.03,2.500,0.00,50.0
16263.00,-3417.05,35060.36,352.03,2.500,0.00,50.0
16264.00,-3417.40,35062.84,352.03,2.500,0.00,50.0
16265.00,-3417.75,35065.31,352.03,2.500,0.00,50.0
16266.00,-3418.09,35067.79,352.03,2.500,0.00,50.0
16267.00,-3418.44,35070.26,352.03,2.500,0.00,50.0
16268.00,-3418.79,35072.74,352.03,2.500,0.00,50.0
16269.00,-3419.13,35075.22,352.03,2.500,0.00,50.0
16270.00,-3419.48,35077.69,352.03,2.500,0.00,50.0
16271.00,-3419.83,35080.17,352.03,2.500,0.00,50.0
16272.00,-3420.17,35082.64,352.03,2.500,0.00,50.0
16273.00,-3420.52,35085.12,352.03,2.500,0.00,50.0
16274.00,-3420.87,35087.59,352.03,2.500,0.00,50.0
16275.00,-3421.22,35090.07,352.03,2.500,0.00,50.0
16276.00,-3421.56,35092.55,352.03,2.500,0.00,50.0
16277.00,-3421.91,35095.02,352.03,2.500,0.00,50.0
16278.00,-3422.26,35097.50,352.03,2.500,0.00,50.0
16279.00,-3422.60,35099.97,352.03,2.500,0.00,50.0
16280.00,-3422.95,35102.45,352.03,2.500,0.00,50.0
16281.00,-3423.30,35104.93,352.03,2.500,0.00,50.0
16282.00,-3423.64,35107.40,352.03,2.500,0.00,50.0
16283.00,-3423.99,35109.88,352.03,2.500,0.00,50.0
16284.00,-3424.34,35112.35,352.03,2.500,0.00,50.0
16285.00,-3424.68,35114.83,352.03,2.500,0.00,50.0
16286.00,-3425.03,35117.30,352.03,2.500,0.00,50.0
16287.00,-3425.38,35119.78,352.03,2.500,0.00,50.0
16288.00,-3425.72,35122.26,352.03,2.500,0.00,50.0
16289.00,-3426.07,35124.73,352.03,2.500,0.00,50.0
16290.00,-3426.42,35127.21,352.03,2.500,0.00,50.0
16291.00,-3426.76,35129.68,352.03,2.500,0.00,50.0
16292.00,-3427.11,35132.16,352.03,2.500,0.00,50.0
16293.00,-3427.46,35134.64,352.03,2.500,0.00,50.0
16294.00,-3427.80,35137.11,352.03,2.500,0.00,50.0
16295.00,-3428.15,35139.59,352.03,2.500,0.00,50.0
16296.00,-3428.50,35142.06,352.03,2.500,0.00,50.0
16297.00,-3428.84,35144.54,352.03,2.500,0.00,50.0
16298.00,-3429.19,35147.01,352.03,2.500,0.00,50.0
16299.00,-3429.54,35149.49,352.03,2.500,0.00,50.0
16300.00,-3429.88,35151.97,352.03,2.500,0.00,50.0
16301.00,-3430.23,35154.44,352.03,2.500,0.00,50.0
16302.00,-3430.58,35156.92,352.03,2.500,0.00,50.0
16303.00,-3430.92,35159.39,352.03,2.500,0.00,50.0
16304.00,-3431.27,35161.87,352.03,2.500,0.00,50.0
16305.00,-3431.62,35164.35,352.03,2.500,0.00,50.0
16306.00,-3431.96,35166.82,352.03,2.500,0.00,50.0
16307.00,-3432.31,35169.30,352.03,2.500,0.00,50.0
16308.00,-3432.66,35171.77,352.03,2.500,0.00,50.0
16309.00,-3433.00,35174.25,352.03,2.500,0.00,50.0
16310.00,-3433.35,35176.72,352.03,2.500,0.00,50.0
16311.00,-3433.70,35179.20,352.03,2.500,0.00,50.0
16312.00,-3434.04,35181.68,352.03,2.500,0.00,50.0
16313.00,-3434.39,35184.15,352.03,2.500,0.00,50.0
16314.00,-3434.74,35186.63,352.03,2.500,0.00,50.0
16315.00,-3435.08,35189.10,352.03,2.500,0.00,50.0
16316.00,-3435.43,35191.58,352.03,2.500,0.00,50.0
16317.00,-3435.78,35194.06,352.03,2.500,0.00,50.0
16318.00,-3436.12,35196.53,352.03,2.500,0.00,50.0
16319.00,-3436.47,35199.01,352.03,2.500,0.00,50.0
16320.00,-3436.82,35201.48,352.03,2.500,0.00,50.0
16321.00,-3437.16,35203.96,352.03,2.500,0.00,50.0
16322.00,-3437.51,35206.43,352.03,2.500,0.00,50.0
16323.00,-3437.86,35208.91,352.03,2.500,0.00,50.0
16324.00,-3438.20,35211.39,352.03,2.500,0.00,50.0
16325.00,-3438.55,35213.86,352.03,2.500,0.00,50.0
16326.00,-3438.90,35216.34,352.03,2.500,0.00,50.0
16327.00,-3439.24,35218.81,352.03,2.500,0.00,50.0
16328.00,-3439.59,35221.29,352.03,2.500,0.00,50.0
16329.00,-3439.94,35223.77,352.03,2.500,0.00,50.0
16330.00,-3440.28,35226.24,352.03,2.500,0.00,50.0
16331.00,-3440.63,35228.72,352.03,2.500,0.00,50.0
16332.00,-3440.98,35231.19,352.03,2.500,0.00,50.0
16333.00,-3441.32,35233.67,352.03,2.500,0.00,50.0
16334.00,-3441.67,35236.14,352.03,2.500,0.00,50.0
16335.00,-3442.02,35238.62,352.03,2.500,0.00,50.0
16336.00,-3442.36,35241.10,352.03,2.500,0.00,50.0
16337.00,-3442.71,35243.57,352.03,2.500,0.00,50.0
16338.00,-3443.06,35246.05,352.03,2.500,0.00,50.0
16339.00,-3443.40,35248.52,352.03,2.500,0.00,50.0
16340.00,-3443.75,35251.00,352.03,2.500,0.00,50.0
16341.00,-3444.10,35253.48,352.03,2.500,0.00,50.0
16342.00,-3444.44,35255.95,352.03,2.500,0.00,50.0
16343.00,-3444.79,35258.43,352.03,2.500,0.00,50.0
16344.00,-3445.14,35260.90,352.03,2.500,0.00,50.0
16345.00,-3445.48,35263.38,352.03,2.500,0.00,50.0
16346.00,-3445.83,35265.86,352.03,2.500,0.00,50.0
16347.00,-3446.18,35268.33,352.03,2.500,0.00,50.0
16348.00,-3446.52,35270.81,352.03,2.500,0.00,50.0
16349.00,-3446.87,35273.28,352.03,2.500,0.00,50.0
16350.00,-3447.22,35275.76,352.03,2.500,0.00,50.0
16351.00,-3447.56,35278.23,352.03,2.500,0.00,50.0
16352.00,-3447.91,35280.71,352.03,2.500,0.00,50.0
16353.00,-3448.26,35283.19,352.03,2.500,0.00,50.0
16354.00,-3448.60,35285.66,352.03,2.500,0.00,50.0
16355.00,-3448.95,35288.14,352.03,2.500,0.00,50.0
16356.00,-3449.30,35290.61,352.03,2.500,0.00,50.0
16357.00,-3449.64,35293.09,352.03,2.500,0.00,50.0
16358.00,-3449.99,35295.57,352.03,2.500,0.00,50.0
16359.00,-3450.34,35298.04,352.03,2.500,0.00,50.0
16360.00,-3450.68,35300.52,352.03,2.500,0.00,50.0
16361.00,-3451.03,35302.99,352.03,2.500,0.00,50.0
16362.00,-3451.38,35305.47,352.03,2.500,0.00,50.0
16363.00,-3451.72,35307.94,352.03,2.500,0.00,50.0
16364.00,-3452.07,35310.42,352.03,2.500,0.00,50.0
16365.00,-3452.42,35312.90,352.03,2.500,0.00,50.0
16366.00,-3452.76,35315.37,352.03,2.500,0.00,50.0
16367.00,-3453.11,35317.85,352.03,2.500,0.00,50.0
16368.00,-3453.46,35320.32,352.03,2.500,0.00,50.0
16369.00,-3453.80,35322.80,352.03,2.500,0.00,50.0
16370.00,-3454.15,35325.28,352.03,2.500,0.00,50.0
16371.00,-3454.50,35327.75,352.03,2.500,0.00,50.0
16372.00,-3454.84,35330.23,352.03,2.500,0.00,50.0
16373.00,-3455.19,35332.70,352.03,2.500,0.00,50.0
16374.00,-3455.54,35335.18,352.03,2.500,0.00,50.0
16375.00,-3455.88,35337.65,352.03,2.500,0.00,50.0
16376.00,-3456.23,35340.13,352.03,2.500,0.00,50.0
16377.00,-3456.58,35342.61,352.03,2.500,0.00,50.0
16378.00,-3456.92,35345.08,352.03,2.500,0.00,50.0
16379.00,-3457.27,35347.56,352.03,2.500,0.00,50.0
16380.00,-3457.62,35350.03,352.03,2.500,0.00,50.0
16381.00,-3457.97,35352.51,352.03,2.500,0.00,50.0
16382.00,-3458.31,35354.99,352.03,2.500,0.00,50.0
16383.00,-3458.66,35357.46,352.03,2.500,0.00,50.0
16384.00,-3459.01,35359.94,352.03,2.500,0.00,50.0
16385.00,-3459.35,35362.41,352.03,2.500,0.00,50.0
16386.00,-3459.70,35364.89,352.03,2.500,0.00,50.0
16387.00,-3460.05,35367.36,352.03,2.500,0.00,50.0
16388.00,-3460.39,35369.84,352.03,2.500,0.00,50.0
16389.00,-3460.74,35372.32,352.03,2.500,0.00,50.0
16390.00,-3461.09,35374.79,352.03,2.500,0.00,50.0
16391.00,-3461.43,35377.27,352.03,2.500,0.00,50.0
16392.00,-3461.78,35379.74,352.03,2.500,0.00,50.0
16393.00,-3462.13,35382.22,352.03,2.500,0.00,50.0
16394.00,-3462.47,35384.70,352.03,2.500,0.00,50.0
16395.00,-3462.82,35387.17,352.03,2.500,0.00,50.0
16396.00,-3463.17,35389.65,352.03,2.500,0.00,50.0
16397.00,-3463.51,35392.12,352.03,2.500,0.00,50.0
16398.00,-3463.86,35394.60,352.03,2.500,0.00,50.0
16399.00,-3464.21,35397.07,352.03,2.500,0.00,50.0
16400.00,-3464.55,35399.55,352.03,2.500,0.00,50.0
16401.00,-3464.90,35402.03,352.03,2.500,0.00,50.0
16402.00,-3465.25,35404.50,352.03,2.500,0.00,50.0
16403.00,-3465.59,35406.98,352.03,2.500,0.00,50.0
16404.00,-3465.94,35409.45,352.03,2.500,0.00,50.0
16405.00,-3466.29,35411.93,352.03,2.500,0.00,50.0
16406.00,-3466.63,35414.41,352.03,2.500,0.00,50.0
16407.00,-3466.98,35416.88,352.03,2.500,0.00,50.0
16408.00,-3467.33,35419.36,352.03,2.500,0.00,50.0
16409.00,-3467.67,35421.83,352.03,2.500,0.00,50.0
16410.00,-3468.02,35424.31,352.03,2.500,0.00,50.0
16411.00,-3468.37,35426.78,352.03,2.500,0.00,50.0
16412.00,-3468.71,35429.26,352.03,2.500,0.00,50.0
16413.00,-3469.06,35431.74,352.03,2.500,0.00,50.0
16414.00,-3469.41,35434.21,352.03,2.500,0.00,50.0
16415.00,-3469.75,35436.69,352.03,2.500,0.00,50.0
16416.00,-3470.10,35439.16,352.03,2.500,0.00,50.0
16417.00,-3470.45,35441.64,352.03,2.500,0.00,50.0
16418.00,-3470.79,35444.12,352.03,2.500,0.00,50.0
16419.00,-3471.14,35446.59,352.03,2.500,0.00,50.0
16420.00,-3471.49,35449.07,352.03,2.500,0.00,50.0
16421.00,-3471.83,35451.54,352.03,2.500,0.00,50.0
16422.00,-3472.18,35454.02,352.03,2.500,0.00,50.0
16423.00,-3472.53,35456.49,352.03,2.500,0.00,50.0
16424.00,-3472.87,35458.97,352.03,2.500,0.00,50.0
16425.00,-3473.22,35461.45,352.03,2.500,0.00,50.0
16426.00,-3473.57,35463.92,352.03,2.500,0.00,50.0
16427.00,-3473.91,35466.40,352.03,2.500,0.00,50.0
16428.00,-3474.26,35468.87,352.03,2.500,0.00,50.0
16429.00,-3474.61,35471.35,352.03,2.500,0.00,50.0
16430.00,-3474.95,35473.83,352.03,2.500,0.00,50.0
16431.00,-3475.30,35476.30,352.03,2.500,0.00,50.0
16432.00,-3475.65,35478.78,352.03,2.500,0.00,50.0
16433.00,-3475.99,35481.25,352.03,2.500,0.00,50.0
16434.00,-3476.34,35483.73,352.03,2.500,0.00,50.0
16435.00,-3476.69,35486.21,352.03,2.500,0.00,50.0
16436.00,-3477.03,35488.68,352.03,2.500,0.00,50.0
16437.00,-3477.38,35491.16,352.03,2.500,0.00,50.0
16438.00,-3477.73,35493.63,352.03,2.500,0.00,50.0
16439.00,-3478.07,35496.11,352.03,2.500,0.00,50.0
16440.00,-3478.42,35498.58,352.03,2.500,0.00,50.0
16441.00,-3478.77,35501.06,352.03,2.500,0.00,50.0
16442.00,-3479.11,35503.54,352.03,2.500,0.00,50.0
16443.00,-3479.46,35506.01,352.03,2.500,0.00,50.0
16444.00,-3479.81,35508.49,352.03,2.500,0.00,50.0
16445.00,-3480.15,35510.96,352.03,2.500,0.00,50.0
16446.00,-3480.50,35513.44,352.03,2.500,0.00,50.0
16447.00,-3480.85,35515.92,352.03,2.500,0.00,50.0
16448.00,-3481.19,35518.39,352.03,2.500,0.00,50.0
16449.00,-3481.54,35520.87,352.03,2.500,0.00,50.0
16450.00,-3481.89,35523.34,352.03,2.500,0.00,50.0
16451.00,-3482.23,35525.82,352.03,2.500,0.00,50.0
16452.00,-3482.58,35528.29,352.03,2.500,0.00,50.0
16453.00,-3482.93,35530.77,352.03,2.500,0.00,50.0
16454.00,-3483.27,35533.25,352.03,2.500,0.00,50.0
16455.00,-3483.62,35535.72,352.03,2.500,0.00,50.0
16456.00,-3483.97,35538.20,352.03,2.500,0.00,50.0
16457.00,-3484.31,35540.67,352.03,2.500,0.00,50.0
16458.00,-3484.66,35543.15,352.03,2.500,0.00,50.0
16459.00,-3485.01,35545.63,352.03,2.500,0.00,50.0
16460.00,-3485.35,35548.10,352.03,2.500,0.00,50.0
16461.00,-3485.70,35550.58,352.03,2.500,0.00,50.0
16462.00,-3486.05,35553.05,352.03,2.500,0.00,50.0
16463.00,-3486.39,35555.53,352.03,2.500,0.00,50.0
16464.00,-3486.74,35558.00,352.03,2.500,0.00,50.0
16465.00,-3487.09,35560.48,352.03,2.500,0.00,50.0
16466.00,-3487.43,35562.96,352.03,2.500,0.00,50.0
16467.00,-3487.78,35565.43,352.03,2.500,0.00,50.0
16468.00,-3488.13,35567.91,352.03,2.500,0.00,50.0
16469.00,-3488.47,35570.38,352.03,2.500,0.00,50.0
16470.00,-3488.82,35572.86,352.03,2.500,0.00,50.0
16471.00,-3489.17,35575.34,352.03,2.500,0.00,50.0
16472.00,-3489.51,35577.81,352.03,2.500,0.00,50.0
16473.00,-3489.86,35580.29,352.03,2.500,0.00,50.0
16474.00,-3490.21,35582.76,352.03,2.500,0.00,50.0
16475.00,-3490.55,35585.24,352.03,2.500,0.00,50.0
16476.00,-3490.90,35587.71,352.03,2.500,0.00,50.0
16477.00,-3491.25,35590.19,352.03,2.500,0.00,50.0
16478.00,-3491.59,35592.67,352.03,2.500,0.00,50.0
16479.00,-3491.94,35595.14,352.03,2.500,0.00,50.0
16480.00,-3492.29,35597.62,352.03,2.500,0.00,50.0
16481.00,-3492.63,35600.09,352.03,2.500,0.00,50.0
16482.00,-3492.98,35602.57,352.03,2.500,0.00,50.0
16483.00,-3493.33,35605.05,352.03,2.500,0.00,50.0
16484.00,-3493.67,35607.52,352.03,2.500,0.00,50.0
16485.00,-3494.02,35610.00,352.03,2.500,0.00,50.0
16486.00,-3494.37,35612.47,352.03,2.500,0.00,50.0
16487.00,-3494.72,35614.95,352.03,2.500,0.00,50.0
16488.00,-3495.06,35617.42,352.03,2.500,0.00,50.0
16489.00,-3495.41,35619.90,352.03,2.500,0.00,50.0
16490.00,-3495.76,35622.38,352.03,2.500,0.00,50.0
16491.00,-3496.10,35624.85,352.03,2.500,0.00,50.0
16492.00,-3496.45,35627.33,352.03,2.500,0.00,50.0
16493.00,-3496.80,35629.80,352.03,2.500,0.00,50.0
16494.00,-3497.14,35632.28,352.03,2.500,0.00,50.0
16495.00,-3497.49,35634.76,352.03,2.500,0.00,50.0
16496.00,-3497.84,35637.23,352.03,2.500,0.00,50.0
16497.00,-3498.18,35639.71,352.03,2.500,0.00,50.0
16498.00,-3498.53,35642.18,352.03,2.500,0.00,50.0
16499.00,-3498.88,35644.66,352.03,2.500,0.00,50.0
16500.00,-3499.22,35647.13,352.03,2.500,0.00,50.0
16501.00,-3499.57,35649.61,352.03,2.500,0.00,50.0
16502.00,-3499.92,35652.09,352.03,2.500,0.00,50.0
16503.00,-3500.26,35654.56,352.03,2.500,0.00,50.0
16504.00,-3500.61,35657.04,352.03,2.500,0.00,50.0
16505.00,-3500.96,35659.51,352.03,2.500,0.00,50.0
16506.00,-3501.30,35661.99,352.03,2.500,0.00,50.0
16507.00,-3501.65,35664.47,352.03,2.500,0.00,50.0
16508.00,-3502.00,35666.94,352.03,2.500,0.00,50.0
16509.00,-3502.34,35669.42,352.03,2.500,0.00,50.0
16510.00,-3502.69,35671.89,352.03,2.500,0.00,50.0
16511.00,-3503.04,35674.37,352.03,2.500,0.00,50.0
16512.00,-3503.38,35676.85,352.03,2.500,0.00,50.0
16513.00,-3503.73,35679.32,352.03,2.500,0.00,50.0
16514.00,-3504.08,35681.80,352.03,2.500,0.00,50.0
16515.00,-3504.42,35684.27,352.03,2.500,0.00,50.0
16516.00,-3504.77,35686.75,352.03,2.500,0.00,50.0
16517.00,-3505.12,35689.22,352.03,2.500,0.00,50.0
16518.00,-3505.46,35691.70,352.03,2.500,0.00,50.0
16519.00,-3505.81,35694.18,352.03,2.500,0.00,50.0
16520.00,-3506.16,35696.65,352.03,2.500,0.00,50.0
16521.00,-3506.50,35699.13,352.03,2.500,0.00,50.0
16522.00,-3506.85,35701.60,352.03,2.500,0.00,50.0
16523.00,-3507.20,35704.08,352.03,2.500,0.00,50.0
16524.00,-3507.54,35706.56,352.03,2.500,0.00,50.0
16525.00,-3507.89,35709.03,352.03,2.500,0.00,50.0
16526.00,-3508.24,35711.51,352.03,2.500,0.00,50.0
16527.00,-3508.58,35713.98,352.03,2.500,0.00,50.0
16528.00,-3508.93,35716.46,352.03,2.500,0.00,50.0
16529.00,-3509.28,35718.93,352.03,2.500,0.00,50.0
16530.00,-3509.62,35721.41,352.03,2.500,0.00,50.0
16531.00,-3509.97,35723.89,352.03,2.500,0.00,50.0
16532.00,-3510.32,35726.36,352.03,2.500,0.00,50.0
16533.00,-3510.66,35728.84,352.03,2.500,0.00,50.0
16534.00,-3511.01,35731.31,352.03,2.500,0.00,50.0
16535.00,-3511.36,35733.79,352.03,2.500,0.00,50.0
16536.00,-3511.70,35736.27,352.03,2.500,0.00,50.0
16537.00,-3512.05,35738.74,352.03,2.500,0.00,50.0
16538.00,-3512.40,35741.22,352.03,2.500,0.00,50.0
16539.00,-3512.74,35743.69,352.03,2.500,0.00,50.0
16540.00,-3513.09,35746.17,352.03,2.500,0.00,50.0
16541.00,-3513.44,35748.64,352.03,2.500,0.00,50.0
16542.00,-3513.78,35751.12,352.03,2.500,0.00,50.0
16543.00,-3514.13,35753.60,352.03,2.500,0.00,50.0
16544.00,-3514.48,35756.07,352.03,2.500,0.00,50.0
16545.00,-3514.82,35758.55,352.03,2.500,0.00,50.0
16546.00,-3515.17,35761.02,352.03,2.500,0.00,50.0
16547.00,-3515.52,35763.50,352.03,2.500,0.00,50.0
16548.00,-3515.86,35765.98,352.03,2.500,0.00,50.0
16549.00,-3516.21,35768.45,352.03,2.500,0.00,50.0
16550.00,-3516.56,35770.93,352.03,2.500,0.00,50.0
16551.00,-3516.90,35773.40,352.03,2.500,0.00,50.0
16552.00,-3517.25,35775.88,352.03,2.500,0.00,50.0
16553.00,-3517.60,35778.35,352.03,2.500,0.00,50.0
16554.00,-3517.94,35780.83,352.03,2.500,0.00,50.0
16555.00,-3518.29,35783.31,352.03,2.500,0.00,50.0
16556.00,-3518.64,35785.78,352.03,2.500,0.00,50.0
16557.00,-3518.98,35788.26,352.03,2.500,0.00,50.0
16558.00,-3519.33,35790.73,352.03,2.500,0.00,50.0
16559.00,-3519.68,35793.21,352.03,2.500,0.00,50.0
16560.00,-3520.02,35795.69,352.03,2.500,0.00,50.0
16561.00,-3520.37,35798.16,352.03,2.500,0.00,50.0
16562.00,-3520.72,35800.64,352.03,2.500,0.00,50.0
16563.00,-3521.06,35803.11,352.03,2.500,0.00,50.0
16564.00,-3521.41,35805.59,352.03,2.500,0.00,50.0
16565.00,-3521.76,35808.06,352.03,2.500,0.00,50.0
16566.00,-3522.10,35810.54,352.03,2.500,0.00,50.0
16567.00,-3522.45,35813.02,352.03,2.500,0.00,50.0
16568.00,-3522.80,35815.49,352.03,2.500,0.00,50.0
16569.00,-3523.14,35817.97,352.03,2.500,0.00,50.0
16570.00,-3523.49,35820.44,352.03,2.500,0.00,50.0
16571.00,-3523.84,35822.92,352.03,2.500,0.00,50.0
16572.00,-3524.18,35825.40,352.03,2.500,0.00,50.0
16573.00,-3524.53,35827.87,352.03,2.500,0.00,50.0
16574.00,-3524.88,35830.35,352.03,2.500,0.00,50.0
16575.00,-3525.22,35832.82,352.03,2.500,0.00,50.0
16576.00,-3525.57,35835.30,352.03,2.500,0.00,50.0
16577.00,-3525.92,35837.77,352.03,2.500,0.00,50.0
16578.00,-3526.26,35840.25,352.03,2.500,0.00,50.0
16579.00,-3526.61,35842.73,352.03,2.500,0.00,50.0
16580.00,-3526.96,35845.20,352.03,2.500,0.00,50.0
16581.00,-3527.30,35847.68,352.03,2.500,0.00,50.0
16582.00,-3527.65,35850.15,352.03,2.500,0.00,50.0
16583.00,-3528.00,35852.63,352.03,2.500,0.00,50.0
16584.00,-3528.34,35855.11,352.03,2.500,0.00,50.0
16585.00,-3528.69,35857.58,352.03,2.500,0.00,50.0
16586.00,-3529.04,35860.06,352.03,2.500,0.00,50.0
16587.00,-3529.38,35862.53,352.03,2.500,0.00,50.0
16588.00,-3529.73,35865.01,352.03,2.500,0.00,50.0
16589.00,-3530.08,35867.48,352.03,2.500,0.00,50.0
16590.00,-3530.42,35869.96,352.03,2.500,0.00,50.0
16591.00,-3530.77,35872.44,352.03,2.500,0.00,50.0
16592.00,-3531.12,35874.91,352.03,2.500,0.00,50.0
16593.00,-3531.47,35877.39,352.03,2.500,0.00,50.0
16594.00,-3531.81,35879.86,352.03,2.500,0.00,50.0
16595.00,-3532.16,35882.34,352.03,2.500,0.00,50.0
16596.00,-3532.51,35884.82,352.03,2.500,0.00,50.0
16597.00,-3532.85,35887.29,352.03,2.500,0.00,50.0
16598.00,-3533.20,35889.77,352.03,2.500,0.00,50.0
16599.00,-3533.55,35892.24,352.03,2.500,0.00,50.0
16600.00,-3533.89,35894.72,352.03,2.500,0.00,50.0
16601.00,-3534.24,35897.20,352.03,2.500,0.00,50.0
16602.00,-3534.59,35899.67,352.03,2.500,0.00,50.0
16603.00,-3534.93,35902.15,352.03,2.500,0.00,50.0
16604.00,-3535.28,35904.62,352.03,2.500,0.00,50.0
16605.00,-3535.63,35907.10,352.03,2.500,0.00,50.0
16606.00,-3535.97,35909.57,352.03,2.500,0.00,50.0
16607.00,-3536.32,35912.05,352.03,2.500,0.00,50.0
16608.00,-3536.67,35914.53,352.03,2.500,0.00,50.0
16609.00,-3537.01,35917.00,352.03,2.500,0.00,50.0
16610.00,-3537.36,35919.48,352.03,2.500,0.00,50.0
16611.00,-3537.71,35921.95,352.03,2.500,0.00,50.0
16612.00,-3538.05,35924.43,352.03,2.500,0.00,50.0
16613.00,-3538.40,35926.91,352.03,2.500,0.00,50.0
16614.00,-3538.75,35929.38,352.03,2.500,0.00,50.0
16615.00,-3539.09,35931.86,352.03,2.500,0.00,50.0
16616.00,-3539.44,35934.33,352.03,2.500,0.00,50.0
16617.00,-3539.79,35936.81,352.03,2.500,0.00,50.0
16618.00,-3540.13,35939.28,352.03,2.500,0.00,50.0
16619.00,-3540.48,35941.76,352.03,2.500,0.00,50.0
16620.00,-3540.83,35944.24,352.03,2.500,0.00,50.0
16621.00,-3541.17,35946.71,352.03,2.500,0.00,50.0
16622.00,-3541.52,35949.19,352.03,2.500,0.00,50.0
16623.00,-3541.87,35951.66,352.03,2.500,0.00,50.0
16624.00,-3542.21,35954.14,352.03,2.500,0.00,50.0
16625.00,-3542.56,35956.62,352.03,2.500,0.00,50.0
16626.00,-3542.91,35959.09,352.03,2.500,0.00,50.0
16627.00,-3543.25,35961.57,352.03,2.500,0.00,50.0
16628.00,-3543.60,35964.04,352.03,2.500,0.00,50.0
16629.00,-3543.95,35966.52,352.03,2.500,0.00,50.0
16630.00,-3544.29,35968.99,352.03,2.500,0.00,50.0
16631.00,-3544.64,35971.47,352.03,2.500,0.00,50.0
16632.00,-3544.99,35973.95,352.03,2.500,0.00,50.0
16633.00,-3545.33,35976.42,352.03,2.500,0.00,50.0
16634.00,-3545.68,35978.90,352.03,2.500,0.00,50.0
16635.00,-3546.03,35981.37,352.03,2.500,0.00,50.0
16636.00,-3546.37,35983.85,352.03,2.500,0.00,50.0
16637.00,-3546.72,35986.33,352.03,2.500,0.00,50.0
16638.00,-3547.07,35988.80,352.03,2.500,0.00,50.0
16639.00,-3547.41,35991.28,352.03,2.500,0.00,50.0
16640.00,-3547.76,35993.75,352.03,2.500,0.00,50.0
16641.00,-3548.11,35996.23,352.03,2.500,0.00,50.0
16642.00,-3548.45,35998.70,352.03,2.500,0.00,50.0
16643.00,-3548.80,36001.18,352.03,2.500,0.00,50.0
16644.00,-3549.15,36003.66,352.03,2.500,0.00,50.0
16645.00,-3549.49,36006.13,352.03,2.500,0.00,50.0
16646.00,-3549.84,36008.61,352.03,2.500,0.00,50.0
16647.00,-3550.19,36011.08,352.03,2.500,0.00,50.0
16648.00,-3550.53,36013.56,352.03,2.500,0.00,50.0
16649.00,-3550.88,36016.04,352.03,2.500,0.00,50.0
16650.00,-3551.23,36018.51,352.03,2.500,0.00,50.0
16651.00,-3551.57,36020.99,352.03,2.500,0.00,50.0
16652.00,-3551.92,36023.46,352.03,2.500,0.00,50.0
16653.00,-3552.27,36025.94,352.03,2.500,0.00,50.0
16654.00,-3552.61,36028.41,352.03,2.500,0.00,50.0
16655.00,-3552.96,36030.89,352.03,2.500,0.00,50.0
16656.00,-3553.31,36033.37,352.03,2.500,0.00,50.0
16657.00,-3553.65,36035.84,352.03,2.500,0.00,50.0
16658.00,-3554.00,36038.32,352.03,2.500,0.00,50.0
16659.00,-3554.35,36040.79,352.03,2.500,0.00,50.0
16660.00,-3554.69,36043.27,352.03,2.500,0.00,50.0
16661.00,-3555.04,36045.75,352.03,2.500,0.00,50.0
16662.00,-3555.39,36048.22,352.03,2.500,0.00,50.0
16663.00,-3555.73,36050.70,352.03,2.500,0.00,50.0
16664.00,-3556.08,36053.17,352.03,2.500,0.00,50.0
16665.00,-3556.43,36055.65,352.03,2.500,0.00,50.0
16666.00,-3556.77,36058.12,352.03,2.500,0.00,50.0
16667.00,-3557.12,36060.60,352.03,2.500,0.00,50.0
16668.00,-3557.47,36063.08,352.03,2.500,0.00,50.0
16669.00,-3557.81,36065.55,352.03,2.500,0.00,50.0
16670.00,-3558.16,36068.03,352.03,2.500,0.00,50.0
16671.00,-3558.51,36070.50,352.03,2.500,0.00,50.0
16672.00,-3558.85,36072.98,352.03,2.500,0.00,50.0
16673.00,-3559.20,36075.46,352.03,2.500,0.00,50.0
16674.00,-3559.55,36077.93,352.03,2.500,0.00,50.0
16675.00,-3559.89,36080.41,352.03,2.500,0.00,50.0
16676.00,-3560.24,36082.88,352.03,2.500,0.00,50.0
16677.00,-3560.59,36085.36,352.03,2.500,0.00,50.0
16678.00,-3560.93,36087.84,352.03,2.500,0.00,50.0
16679.00,-3561.28,36090.31,352.03,2.500,0.00,50.0
16680.00,-3561.63,36092.79,352.03,2.500,0.00,50.0
16681.00,-3561.97,36095.26,352.03,2.500,0.00,50.0
16682.00,-3562.32,36097.74,352.03,2.500,0.00,50.0
16683.00,-3562.67,36100.21,352.03,2.500,0.00,50.0
16684.00,-3563.01,36102.69,352.03,2.500,0.00,50.0
16685.00,-3563.36,36105.17,352.03,2.500,0.00,50.0
16686.00,-3563.71,36107.64,352.03,2.500,0.00,50.0
16687.00,-3564.05,36110.12,352.03,2.500,0.00,50.0
16688.00,-3564.40,36112.59,352.03,2.500,0.00,50.0
16689.00,-3564.75,36115.07,352.03,2.500,0.00,50.0
16690.00,-3565.09,36117.55,352.03,2.500,0.00,50.0
16691.00,-3565.44,36120.02,352.03,2.500,0.00,50.0
16692.00,-3565.79,36122.50,352.03,2.500,0.00,50.0
16693.00,-3566.13,36124.97,352.03,2.500,0.00,50.0
16694.00,-3566.48,36127.45,352.03,2.500,0.00,50.0
16695.00,-3566.83,36129.92,352.03,2.500,0.00,50.0
16696.00,-3567.17,36132.40,352.03,2.500,0.00,50.0
16697.00,-3567.52,36134.88,352.03,2.500,0.00,50.0
16698.00,-3567.87,36137.35,352.03,2.500,0.00,50.0
16699.00,-3568.22,36139.83,352.03,2.500,0.00,50.0
16700.00,-3568.56,36142.30,352.03,2.500,0.00,50.0
16701.00,-3568.91,36144.78,352.03,2.500,0.00,50.0
16702.00,-3569.26,36147.26,352.03,2.500,0.00,50.0
16703.00,-3569.60,36149.73,352.03,2.500,0.00,50.0
16704.00,-3569.95,36152.21,352.03,2.500,0.00,50.0
16705.00,-3570.30,36154.68,352.03,2.500,0.00,50.0
16706.00,-3570.64,36157.16,352.03,2.500,0.00,50.0
16707.00,-3570.99,36159.63,352.03,2.500,0.00,50.0
16708.00,-3571.34,36162.11,352.03,2.500,0.00,50.0
16709.00,-3571.68,36164.59,352.03,2.500,0.00,50.0
16710.00,-3572.03,36167.06,352.03,2.500,0.00,50.0
16711.00,-3572.38,36169.54,352.03,2.500,0.00,50.0
16712.00,-3572.72,36172.01,352.03,2.500,0.00,50.0
16713.00,-3573.07,36174.49,352.03,2.500,0.00,50.0
16714.00,-3573.42,36176.97,352.03,2.500,0.00,50.0
16715.00,-3573.76,36179.44,352.03,2.500,0.00,50.0
16716.00,-3574.11,36181.92,352.03,2.500,0.00,50.0
16717.00,-3574.46,36184.39,352.03,2.500,0.00,50.0
16718.00,-3574.80,36186.87,352.03,2.500,0.00,50.0
16719.00,-3575.15,36189.34,352.03,2.500,0.00,50.0
16720.00,-3575.50,36191.82,352.03,2.500,0.00,50.0
16721.00,-3575.84,36194.30,352.03,2.500,0.00,50.0
16722.00,-3576.19,36196.77,352.03,2.500,0.00,50.0
16723.00,-3576.54,36199.25,352.03,2.500,0.00,50.0
16724.00,-3576.88,36201.72,352.03,2.500,0.00,50.0
16725.00,-3577.23,36204.20,352.03,2.500,0.00,50.0
16726.00,-3577.58,36206.68,352.03,2.500,0.00,50.0
16727.00,-3577.92,36209.15,352.03,2.500,0.00,50.0
16728.00,-3578.27,36211.63,352.03,2.500,0.00,50.0
16729.00,-3578.62,36214.10,352.03,2.500,0.00,50.0
16730.00,-3578.96,36216.58,352.03,2.500,0.00,50.0
16731.00,-3579.31,36219.05,352.03,2.500,0.00,50.0
16732.00,-3579.66,36221.53,352.03,2.500,0.00,50.0
16733.00,-3580.00,36224.01,352.03,2.500,0.00,50.0
16734.00,-3580.35,36226.48,352.03,2.500,0.00,50.0
16735.00,-3580.70,36228.96,352.03,2.500,0.00,50.0
16736.00,-3581.04,36231.43,352.03,2.500,0.00,50.0
16737.00,-3581.39,36233.91,352.03,2.500,0.00,50.0
16738.00,-3581.74,36236.39,352.03,2.500,0.00,50.0
16739.00,-3582.08,36238.86,352.03,2.500,0.00,50.0
16740.00,-3582.43,36241.34,352.03,2.500,0.00,50.0
16741.00,-3582.78,36243.81,352.03,2.500,0.00,50.0
16742.00,-3583.12,36246.29,352.03,2.500,0.00,50.0
16743.00,-3583.47,36248.76,352.03,2.500,0.00,50.0
16744.00,-3583.82,36251.24,352.03,2.500,0.00,50.0
16745.00,-3584.16,36253.72,352.03,2.500,0.00,50.0
16746.00,-3584.51,36256.19,352.03,2.500,0.00,50.0
16747.00,-3584.86,36258.67,352.03,2.500,0.00,50.0
16748.00,-3585.20,36261.14,352.03,2.500,0.00,50.0
16749.00,-3585.55,36263.62,352.03,2.500,0.00,50.0
16750.00,-3585.90,36266.10,352.03,2.500,0.00,50.0
16751.00,-3586.24,36268.57,352.03,2.500,0.00,50.0
16752.00,-3586.59,36271.05,352.03,2.500,0.00,50.0
16753.00,-3586.94,36273.52,352.03,2.500,0.00,50.0
16754.00,-3587.28,36276.00,352.03,2.500,0.00,50.0
16755.00,-3587.63,36278.47,352.03,2.500,0.00,50.0
16756.00,-3587.98,36280.95,352.03,2.500,0.00,50.0
16757.00,-3588.32,36283.43,352.03,2.500,0.00,50.0
16758.00,-3588.67,36285.90,352.03,2.500,0.00,50.0
16759.00,-3589.02,36288.38,352.03,2.500,0.00,50.0
16760.00,-3589.36,36290.85,352.03,2.500,0.00,50.0
16761.00,-3589.71,36293.33,352.03,2.500,0.00,50.0
16762.00,-3590.06,36295.81,352.03,2.500,0.00,50.0
16763.00,-3590.40,36298.28,352.03,2.500,0.00,50.0
16764.00,-3590.75,36300.76,352.03,2.500,0.00,50.0
16765.00,-3591.10,36303.23,352.03,2.500,0.00,50.0
16766.00,-3591.44,36305.71,352.03,2.500,0.00,50.0
16767.00,-3591.79,36308.19,352.03,2.500,0.00,50.0
16768.00,-3592.14,36310.66,352.03,2.500,0.00,50.0
16769.00,-3592.48,36313.14,352.03,2.500,0.00,50.0
16770.00,-3592.83,36315.61,352.03,2.500,0.00,50.0
16771.00,-3593.18,36318.09,352.03,2.500,0.00,50.0
16772.00,-3593.52,36320.56,352.03,2.500,0.00,50.0
16773.00,-3593.87,36323.04,352.03,2.500,0.00,50.0
16774.00,-3594.22,36325.52,352.03,2.500,0.00,50.0
16775.00,-3594.56,36327.99,352.03,2.500,0.00,50.0
16776.00,-3594.91,36330.47,352.03,2.500,0.00,50.0
16777.00,-3595.26,36332.94,352.03,2.500,0.00,50.0
16778.00,-3595.60,36335.42,352.03,2.500,0.00,50.0
16779.00,-3595.95,36337.90,352.03,2.500,0.00,50.0
16780.00,-3596.30,36340.37,352.03,2.500,0.00,50.0
16781.00,-3596.64,36342.85,352.03,2.500,0.00,50.0
16782.00,-3596.99,36345.32,352.03,2.500,0.00,50.0
16783.00,-3597.34,36347.80,352.03,2.500,0.00,50.0
16784.00,-3597.68,36350.27,352.03,2.500,0.00,50.0
16785.00,-3598.03,36352.75,352.03,2.500,0.00,50.0
16786.00,-3598.38,36355.23,352.03,2.500,0.00,50.0
16787.00,-3598.72,36357.70,352.03,2.500,0.00,50.0
16788.00,-3599.07,36360.18,352.03,2.500,0.00,50.0
16789.00,-3599.42,36362.65,352.03,2.500,0.00,50.0
16790.00,-3599.76,36365.13,352.03,2.500,0.00,50.0
16791.00,-3600.11,36367.61,352.03,2.500,0.00,50.0
16792.00,-3600.46,36370.08,352.03,2.500,0.00,50.0
16793.00,-3600.80,36372.56,352.03,2.500,0.00,50.0
16794.00,-3601.15,36375.03,352.03,2.500,0.00,50.0
16795.00,-3601.50,36377.51,352.03,2.500,0.00,50.0
16796.00,-3601.84,36379.98,352.03,2.500,0.00,50.0
16797.00,-3602.19,36382.46,352.03,2.500,0.00,50.0
16798.00,-3602.54,36384.94,352.03,2.500,0.00,50.0
16799.00,-3602.88,36387.41,352.03,2.500,0.00,50.0
16800.00,-3603.23,36389.89,352.03,2.500,0.00,50.0
16801.00,-3603.58,36392.36,352.03,2.500,0.00,50.0
16802.00,-3603.93,36394.84,352.03,2.500,0.00,50.0
16803.00,-3604.27,36397.32,352.03,2.500,0.00,50.0
16804.00,-3604.62,36399.79,352.03,2.500,0.00,50.0
16805.00,-3604.97,36402.27,352.03,2.500,0.00,50.0
16806.00,-3605.31,36404.74,352.03,2.500,0.00,50.0
16807.00,-3605.66,36407.22,352.03,2.500,0.00,50.0
16808.00,-3606.01,36409.69,352.03,2.500,0.00,50.0
16809.00,-3606.35,36412.17,352.03,2.500,0.00,50.0
16810.00,-3606.70,36414.65,352.03,2.500,0.00,50.0
16811.00,-3607.05,36417.12,352.03,2.500,0.00,50.0
16812.00,-3607.39,36419.60,352.03,2.500,0.00,50.0
16813.00,-3607.74,36422.07,352.03,2.500,0.00,50.0
16814.00,-3608.09,36424.55,352.03,2.500,0.00,50.0
16815.00,-3608.43,36427.03,352.03,2.500,0.00,50.0
16816.00,-3608.78,36429.50,352.03,2.500,0.00,50.0
16817.00,-3609.13,36431.98,352.03,2.500,0.00,50.0
16818.00,-3609.47,36434.45,352.03,2.500,0.00,50.0
16819.00,-3609.82,36436.93,352.03,2.500,0.00,50.0
16820.00,-3610.17,36439.40,352.03,2.500,0.00,50.0
16821.00,-3610.51,36441.88,352.03,2.500,0.00,50.0
16822.00,-3610.86,36444.36,352.03,2.500,0.00,50.0
16823.00,-3611.21,36446.83,352.03,2.500,0.00,50.0
16824.00,-3611.55,36449.31,352.03,2.500,0.00,50.0
16825.00,-3611.90,36451.78,352.03,2.500,0.00,50.0
16826.00,-3612.25,36454.26,352.03,2.500,0.00,50.0
16827.00,-3612.59,36456.74,352.03,2.500,0.00,50.0
16828.00,-3612.94,36459.21,352.03,2.500,0.00,50.0
16829.00,-3613.29,36461.69,352.03,2.500,0.00,50.0
16830.00,-3613.63,36464.16,352.03,2.500,0.00,50.0
16831.00,-3613.98,36466.64,352.03,2.500,0.00,50.0
16832.00,-3614.33,36469.11,352.03,2.500,0.00,50.0
16833.00,-3614.67,36471.59,352.03,2.500,0.00,50.0
16834.00,-3615.02,36474.07,352.03,2.500,0.00,50.0
16835.00,-3615.37,36476.54,352.03,2.500,0.00,50.0
16836.00,-3615.71,36479.02,352.03,2.500,0.00,50.0
16837.00,-3616.06,36481.49,352.03,2.500,0.00,50.0
16838.00,-3616.41,36483.97,352.03,2.500,0.00,50.0
16839.00,-3616.75,36486.45,352.03,2.500,0.00,50.0
16840.00,-3617.10,36488.92,352.03,2.500,0.00,50.0
16841.00,-3617.45,36491.40,352.03,2.500,0.00,50.0
16842.00,-3617.79,36493.87,352.03,2.500,0.00,50.0
16843.00,-3618.14,36496.35,352.03,2.500,0.00,50.0
16844.00,-3618.49,36498.83,352.03,2.500,0.00,50.0
16845.00,-3618.83,36501.30,352.03,2.500,0.00,50.0
16846.00,-3619.18,36503.78,352.03,2.500,0.00,50.0
16847.00,-3619.53,36506.25,352.03,2.500,0.00,50.0
16848.00,-3619.87,36508.73,352.03,2.500,0.00,50.0
16849.00,-3620.22,36511.20,352.03,2.500,0.00,50.0
16850.00,-3620.57,36513.68,352.03,2.500,0.00,50.0
16851.00,-3620.91,36516.16,352.03,2.500,0.00,50.0
16852.00,-3621.26,36518.63,352.03,2.500,0.00,50.0
16853.00,-3621.61,36521.11,352.03,2.500,0.00,50.0
16854.00,-3621.95,36523.58,352.03,2.500,0.00,50.0
16855.00,-3622.30,36526.06,352.03,2.500,0.00,50.0
16856.00,-3622.65,36528.54,352.03,2.500,0.00,50.0
16857.00,-3622.99,36531.01,352.03,2.500,0.00,50.0
16858.00,-3623.34,36533.49,352.03,2.500,0.00,50.0
16859.00,-3623.69,36535.96,352.03,2.500,0.00,50.0
16860.00,-3624.03,36538.44,352.03,2.500,0.00,50.0
16861.00,-3624.38,36540.91,352.03,2.500,0.00,50.0
16862.00,-3624.73,36543.39,352.03,2.500,0.00,50.0
16863.00,-3625.07,36545.87,352.03,2.500,0.00,50.0
16864.00,-3625.42,36548.34,352.03,2.500,0.00,50.0
16865.00,-3625.77,36550.82,352.03,2.500,0.00,50.0
16866.00,-3626.11,36553.29,352.03,2.500,0.00,50.0
16867.00,-3626.46,36555.77,352.03,2.500,0.00,50.0
16868.00,-3626.81,36558.25,352.03,2.500,0.00,50.0
16869.00,-3627.15,36560.72,352.03,2.500,0.00,50.0
16870.00,-3627.50,36563.20,352.03,2.500,0.00,50.0
16871.00,-3627.85,36565.67,352.03,2.500,0.00,50.0
16872.00,-3628.19,36568.15,352.03,2.500,0.00,50.0
16873.00,-3628.54,36570.62,352.03,2.500,0.00,50.0
16874.00,-3628.89,36573.10,352.03,2.500,0.00,50.0
16875.00,-3629.23,36575.58,352.03,2.500,0.00,50.0
16876.00,-3629.58,36578.05,352.03,2.500,0.00,50.0
16877.00,-3629.93,36580.53,352.03,2.500,0.00,50.0
16878.00,-3630.27,36583.00,352.03,2.500,0.00,50.0
16879.00,-3630.62,36585.48,352.03,2.500,0.00,50.0
16880.00,-3630.97,36587.96,352.03,2.500,0.00,50.0
16881.00,-3631.31,36590.43,352.03,2.500,0.00,50.0
16882.00,-3631.66,36592.91,352.03,2.500,0.00,50.0
16883.00,-3632.01,36595.38,352.03,2.500,0.00,50.0
16884.00,-3632.35,36597.86,352.03,2.500,0.00,50.0
16885.00,-3632.70,36600.33,352.03,2.500,0.00,50.0
16886.00,-3633.05,36602.81,352.03,2.500,0.00,50.0
16887.00,-3633.39,36605.29,352.03,2.500,0.00,50.0
16888.00,-3633.74,36607.76,352.03,2.500,0.00,50.0
16889.00,-3634.09,36610.24,352.03,2.500,0.00,50.0
16890.00,-3634.43,36612.71,352.03,2.500,0.00,50.0
16891.00,-3634.78,36615.19,352.03,2.500,0.00,50.0
16892.00,-3635.13,36617.67,352.03,2.500,0.00,50.0
16893.00,-3635.47,36620.14,352.03,2.500,0.00,50.0
16894.00,-3635.82,36622.62,352.03,2.500,0.00,50.0
16895.00,-3636.17,36625.09,352.03,2.500,0.00,50.0
16896.00,-3636.51,36627.57,352.03,2.500,0.00,50.0
16897.00,-3636.86,36630.04,352.03,2.500,0.00,50.0
16898.00,-3637.21,36632.52,352.03,2.500,0.00,50.0
16899.00,-3637.55,36635.00,352.03,2.500,0.00,50.0
16900.00,-3637.90,36637.47,352.03,2.500,0.00,50.0
16901.00,-3638.25,36639.95,352.03,2.500,0.00,50.0
16902.00,-3638.59,36642.42,352.03,2.500,0.00,50.0
16903.00,-3638.94,36644.90,352.03,2.500,0.00,50.0
16904.00,-3639.29,36647.38,352.03,2.500,0.00,50.0
16905.00,-3639.63,36649.85,352.03,2.500,0.00,50.0
16906.00,-3639.98,36652.33,352.03,2.500,0.00,50.0
16907.00,-3640.33,36654.80,352.03,2.500,0.00,50.0
16908.00,-3640.68,36657.28,352.03,2.500,0.00,50.0
16909.00,-3641.02,36659.75,352.03,2.500,0.00,50.0
16910.00,-3641.37,36662.23,352.03,2.500,0.00,50.0
16911.00,-3641.72,36664.71,352.03,2.500,0.00,50.0
16912.00,-3642.06,36667.18,352.03,2.500,0.00,50.0
16913.00,-3642.41,36669.66,352.03,2.500,0.00,50.0
16914.00,-3642.76,36672.13,352.03,2.500,0.00,50.0
16915.00,-3643.10,36674.61,352.03,2.500,0.00,50.0
16916.00,-3643.45,36677.09,352.03,2.500,0.00,50.0
16917.00,-3643.80,36679.56,352.03,2.500,0.00,50.0
16918.00,-3644.14,36682.04,352.03,2.500,0.00,50.0
16919.00,-3644.49,36684.51,352.03,2.500,0.00,50.0
16920.00,-3644.84,36686.99,352.03,2.500,0.00,50.0
16921.00,-3645.18,36689.46,352.03,2.500,0.00,50.0
16922.00,-3645.53,36691.94,352.03,2.500,0.00,50.0
16923.00,-3645.88,36694.42,352.03,2.500,0.00,50.0
16924.00,-3646.22,36696.89,352.03,2.500,0.00,50.0
16925.00,-3646.57,36699.37,352.03,2.500,0.00,50.0
16926.00,-3646.92,36701.84,352.03,2.500,0.00,50.0
16927.00,-3647.26,36704.32,352.03,2.500,0.00,50.0
16928.00,-3647.61,36706.80,352.03,2.500,0.00,50.0
16929.00,-3647.96,36709.27,352.03,2.500,0.00,50.0
16930.00,-3648.30,36711.75,352.03,2.500,0.00,50.0
16931.00,-3648.65,36714.22,352.03,2.500,0.00,50.0
16932.00,-3649.00,36716.70,352.03,2.500,0.00,50.0
16933.00,-3649.34,36719.18,352.03,2.500,0.00,50.0
16934.00,-3649.69,36721.65,352.03,2.500,0.00,50.0
16935.00,-3650.04,36724.13,352.03,2.500,0.00,50.0
16936.00,-3650.38,36726.60,352.03,2.500,0.00,50.0
16937.00,-3650.73,36729.08,352.03,2.500,0.00,50.0
16938.00,-3651.08,36731.55,352.03,2.500,0.00,50.0
16939.00,-3651.42,36734.03,352.03,2.500,0.00,50.0
16940.00,-3651.77,36736.51,352.03,2.500,0.00,50.0
16941.00,-3652.12,36738.98,352.03,2.500,0.00,50.0
16942.00,-3652.46,36741.46,352.03,2.500,0.00,50.0
16943.00,-3652.81,36743.93,352.03,2.500,0.00,50.0
16944.00,-3653.16,36746.41,352.03,2.500,0.00,50.0
16945.00,-3653.50,36748.89,352.03,2.500,0.00,50.0
16946.00,-3653.85,36751.36,352.03,2.500,0.00,50.0
16947.00,-3654.20,36753.84,352.03,2.500,0.00,50.0
16948.00,-3654.54,36756.31,352.03,2.500,0.00,50.0
16949.00,-3654.89,36758.79,352.03,2.500,0.00,50.0
16950.00,-3655.24,36761.26,352.03,2.500,0.00,50.0
16951.00,-3655.58,36763.74,352.03,2.500,0.00,50.0
16952.00,-3655.93,36766.22,352.03,2.500,0.00,50.0
16953.00,-3656.28,36768.69,352.03,2.500,0.00,50.0
16954.00,-3656.62,36771.17,352.03,2.500,0.00,50.0
16955.00,-3656.97,36773.64,352.03,2.500,0.00,50.0
16956.00,-3657.32,36776.12,352.03,2.500,0.00,50.0
16957.00,-3657.66,36778.60,352.03,2.500,0.00,50.0
16958.00,-3658.01,36781.07,352.03,2.500,0.00,50.0
16959.00,-3658.36,36783.55,352.03,2.500,0.00,50.0
16960.00,-3658.70,36786.02,352.03,2.500,0.00,50.0
16961.00,-3659.05,36788.50,352.03,2.500,0.00,50.0
16962.00,-3659.40,36790.97,352.03,2.500,0.00,50.0
16963.00,-3659.74,36793.45,352.03,2.500,0.00,50.0
16964.00,-3660.09,36795.93,352.03,2.500,0.00,50.0
16965.00,-3660.44,36798.40,352.03,2.500,0.00,50.0
16966.00,-3660.78,36800.88,352.03,2.500,0.00,50.0
16967.00,-3661.13,36803.35,352.03,2.500,0.00,50.0
16968.00,-3661.48,36805.83,352.03,2.500,0.00,50.0
16969.00,-3661.82,36808.31,352.03,2.500,0.00,50.0
16970.00,-3662.17,36810.78,352.03,2.500,0.00,50.0
16971.00,-3662.52,36813.26,352.03,2.500,0.00,50.0
16972.00,-3662.86,36815.73,352.03,2.500,0.00,50.0
16973.00,-3663.21,36818.21,352.03,2.500,0.00,50.0
16974.00,-3663.56,36820.68,352.03,2.500,0.00,50.0
16975.00,-3663.90,36823.16,352.03,2.500,0.00,50.0
16976.00,-3664.25,36825.64,352.03,2.500,0.00,50.0
16977.00,-3664.60,36828.11,352.03,2.500,0.00,50.0
16978.00,-3664.94,36830.59,352.03,2.500,0.00,50.0
16979.00,-3665.29,36833.06,352.03,2.500,0.00,50.0
16980.00,-3665.64,36835.54,352.03,2.500,0.00,50.0
16981.00,-3665.98,36838.02,352.03,2.500,0.00,50.0
16982.00,-3666.33,36840.49,352.03,2.500,0.00,50.0
16983.00,-3666.68,36842.97,352.03,2.500,0.00,50.0
16984.00,-3667.02,36845.44,352.03,2.500,0.00,50.0
16985.00,-3667.37,36847.92,352.03,2.500,0.00,50.0
16986.00,-3667.72,36850.39,352.03,2.500,0.00,50.0
16987.00,-3668.06,36852.87,352.03,2.500,0.00,50.0
16988.00,-3668.41,36855.35,352.03,2.500,0.00,50.0
16989.00,-3668.76,36857.82,352.03,2.500,0.00,50.0
16990.00,-3669.10,36860.30,352.03,2.500,0.00,50.0
16991.00,-3669.45,36862.77,352.03,2.500,0.00,50.0
16992.00,-3669.80,36865.25,352.03,2.500,0.00,50.0
16993.00,-3670.14,36867.73,352.03,2.500,0.00,50.0
16994.00,-3670.49,36870.20,352.03,2.500,0.00,50.0
16995.00,-3670.84,36872.68,352.03,2.500,0.00,50.0
16996.00,-3671.18,36875.15,352.03,2.500,0.00,50.0
16997.00,-3671.53,36877.63,352.03,2.500,0.00,50.0
16998.00,-3671.88,36880.10,352.03,2.500,0.00,50.0
16999.00,-3672.22,36882.58,352.03,2.500,0.00,50.0
17000.00,-3672.57,36885.06,352.03,2.500,0.00,50.0
17001.00,-3672.92,36887.53,352.03,2.500,0.00,50.0
17002.00,-3673.26,36890.01,352.03,2.500,0.00,50.0
17003.00,-3673.61,36892.48,352.03,2.500,0.00,50.0
17004.00,-3673.96,36894.96,352.03,2.500,0.00,50.0
17005.00,-3674.30,36897.44,352.03,2.500,0.00,50.0
17006.00,-3674.65,36899.91,352.03,2.500,0.00,50.0
17007.00,-3675.00,36902.39,352.03,2.500,0.00,50.0
17008.00,-3675.34,36904.86,352.03,2.500,0.00,50.0
17009.00,-3675.69,36907.34,352.03,2.500,0.00,50.0
17010.00,-3676.04,36909.82,352.03,2.500,0.00,50.0
17011.00,-3676.38,36912.29,352.03,2.500,0.00,50.0
17012.00,-3676.73,36914.77,352.03,2.500,0.00,50.0
17013.00,-3677.08,36917.24,352.03,2.500,0.00,50.0
17014.00,-3677.43,36919.72,352.03,2.500,0.00,50.0
17015.00,-3677.77,36922.19,352.03,2.500,0.00,50.0
17016.00,-3678.12,36924.67,352.03,2.500,0.00,50.0
17017.00,-3678.47,36927.15,352.03,2.500,0.00,50.0
17018.00,-3678.81,36929.62,352.03,2.500,0.00,50.0
17019.00,-3679.16,36932.10,352.03,2.500,0.00,50.0
17020.00,-3679.51,36934.57,352.03,2.500,0.00,50.0
17021.00,-3679.85,36937.05,352.03,2.500,0.00,50.0
17022.00,-3680.20,36939.53,352.03,2.500,0.00,50.0
17023.00,-3680.55,36942.00,352.03,2.500,0.00,50.0
17024.00,-3680.89,36944.48,352.03,2.500,0.00,50.0
17025.00,-3681.24,36946.95,352.03,2.500,0.00,50.0
17026.00,-3681.59,36949.43,352.03,2.500,0.00,50.0
17027.00,-3681.93,36951.90,352.03,2.500,0.00,50.0
17028.00,-3682.28,36954.38,352.03,2.500,0.00,50.0
17029.00,-3682.63,36956.86,352.03,2.500,0.00,50.0
17030.00,-3682.97,36959.33,352.03,2.500,0.00,50.0
17031.00,-3683.32,36961.81,352.03,2.500,0.00,50.0
17032.00,-3683.67,36964.28,352.03,2.500,0.00,50.0
17033.00,-3684.01,36966.76,352.03,2.500,0.00,50.0
17034.00,-3684.36,36969.24,352.03,2.500,0.00,50.0
17035.00,-3684.71,36971.71,352.03,2.500,0.00,50.0
17036.00,-3685.05,36974.19,352.03,2.500,0.00,50.0
17037.00,-3685.40,36976.66,352.03,2.500,0.00,50.0
17038.00,-3685.75,36979.14,352.03,2.500,0.00,50.0
17039.00,-3686.09,36981.61,352.03,2.500,0.00,50.0
17040.00,-3686.44,36984.09,352.03,2.500,0.00,50.0
17041.00,-3686.79,36986.57,352.03,2.500,0.00,50.0
17042.00,-3687.13,36989.04,352.03,2.500,0.00,50.0
17043.00,-3687.48,36991.52,352.03,2.500,0.00,50.0
17044.00,-3687.83,36993.99,352.03,2.500,0.00,50.0
17045.00,-3688.17,36996.47,352.03,2.500,0.00,50.0
17046.00,-3688.52,36998.95,352.03,2.500,0.00,50.0
17047.00,-3688.87,37001.42,352.03,2.500,0.00,50.0
17048.00,-3689.21,37003.90,352.03,2.500,0.00,50.0
17049.00,-3689.56,37006.37,352.03,2.500,0.00,50.0
17050.00,-3689.91,37008.85,352.03,2.500,0.00,50.0
17051.00,-3690.25,37011.32,352.03,2.500,0.00,50.0
17052.00,-3690.60,37013.80,352.03,2.500,0.00,50.0
17053.00,-3690.95,37016.28,352.03,2.500,0.00,50.0
17054.00,-3691.29,37018.75,352.03,2.500,0.00,50.0
17055.00,-3691.64,37021.23,352.03,2.500,0.00,50.0
17056.00,-3691.99,37023.70,352.03,2.500,0.00,50.0
17057.00,-3692.33,37026.18,352.03,2.500,0.00,50.0
17058.00,-3692.68,37028.66,352.03,2.500,0.00,50.0
17059.00,-3693.03,37031.13,352.03,2.500,0.00,50.0
17060.00,-3693.37,37033.61,352.03,2.500,0.00,50.0
17061.00,-3693.72,37036.08,352.03,2.500,0.00,50.0
17062.00,-3694.07,37038.56,352.03,2.500,0.00,50.0
17063.00,-3694.41,37041.03,352.03,2.500,0.00,50.0
17064.00,-3694.76,37043.51,352.03,2.500,0.00,50.0
17065.00,-3695.11,37045.99,352.03,2.500,0.00,50.0
17066.00,-3695.45,37048.46,352.03,2.500,0.00,50.0
17067.00,-3695.80,37050.94,352.03,2.500,0.00,50.0
17068.00,-3696.15,37053.41,352.03,2.500,0.00,50.0
17069.00,-3696.49,37055.89,352.03,2.500,0.00,50.0
17070.00,-3696.84,37058.37,352.03,2.500,0.00,50.0
17071.00,-3697.19,37060.84,352.03,2.500,0.00,50.0
17072.00,-3697.53,37063.32,352.03,2.500,0.00,50.0
17073.00,-3697.88,37065.79,352.03,2.500,0.00,50.0
17074.00,-3698.23,37068.27,352.03,2.500,0.00,50.0
17075.00,-3698.57,37070.74,352.03,2.500,0.00,50.0
17076.00,-3698.92,37073.22,352.03,2.500,0.00,50.0
17077.00,-3699.27,37075.70,352.03,2.500,0.00,50.0
17078.00,-3699.61,37078.17,352.03,2.500,0.00,50.0
17079.00,-3699.96,37080.65,352.03,2.500,0.00,50.0
17080.00,-3700.31,37083.12,352.03,2.500,0.00,50.0
17081.00,-3700.65,37085.60,352.03,2.500,0.00,50.0
17082.00,-3701.00,37088.08,352.03,2.500,0.00,50.0
17083.00,-3701.35,37090.55,352.03,2.500,0.00,50.0
17084.00,-3701.69,37093.03,352.03,2.500,0.00,50.0
17085.00,-3702.04,37095.50,352.03,2.500,0.00,50.0
17086.00,-3702.39,37097.98,352.03,2.500,0.00,50.0
17087.00,-3702.73,37100.45,352.03,2.500,0.00,50.0
17088.00,-3703.08,37102.93,352.03,2.500,0.00,50.0
17089.00,-3703.43,37105.41,352.03,2.500,0.00,50.0
17090.00,-3703.77,37107.88,352.03,2.500,0.00,50.0
17091.00,-3704.12,37110.36,352.03,2.500,0.00,50.0
17092.00,-3704.47,37112.83,352.03,2.500,0.00,50.0
17093.00,-3704.81,37115.31,352.03,2.500,0.00,50.0
17094.00,-3705.16,37117.79,352.03,2.500,0.00,50.0
17095.00,-3705.51,37120.26,352.03,2.500,0.00,50.0
17096.00,-3705.85,37122.74,352.03,2.500,0.00,50.0
17097.00,-3706.20,37125.21,352.03,2.500,0.00,50.0
17098.00,-3706.55,37127.69,352.03,2.500,0.00,50.0
17099.00,-3706.89,37130.17,352.03,2.500,0.00,50.0
17100.00,-3707.24,37132.64,352.03,2.500,0.00,50.0
17101.00,-3707.59,37135.12,352.03,2.500,0.00,50.0
17102.00,-3707.93,37137.59,352.03,2.500,0.00,50.0
17103.00,-3708.28,37140.07,352.03,2.500,0.00,50.0
17104.00,-3708.63,37142.54,352.03,2.500,0.00,50.0
17105.00,-3708.97,37145.02,352.03,2.500,0.00,50.0
17106.00,-3709.32,37147.50,352.03,2.500,0.00,50.0
17107.00,-3709.67,37149.97,352.03,2.500,0.00,50.0
17108.00,-3710.01,37152.45,352.03,2.500,0.00,50.0
17109.00,-3710.36,37154.92,352.03,2.500,0.00,50.0
17110.00,-3710.71,37157.40,352.03,2.500,0.00,50.0
17111.00,-3711.05,37159.88,352.03,2.500,0.00,50.0
17112.00,-3711.40,37162.35,352.03,2.500,0.00,50.0
17113.00,-3711.75,37164.83,352.03,2.500,0.00,50.0
17114.00,-3712.09,37167.30,352.03,2.500,0.00,50.0
17115.00,-3712.44,37169.78,352.03,2.500,0.00,50.0
17116.00,-3712.79,37172.25,352.03,2.500,0.00,50.0
17117.00,-3713.13,37174.73,352.03,2.500,0.00,50.0
17118.00,-3713.48,37177.21,352.03,2.500,0.00,50.0
17119.00,-3713.83,37179.68,352.03,2.500,0.00,50.0
17120.00,-3714.18,37182.16,352.03,2.500,0.00,50.0
17121.00,-3714.52,37184.63,352.03,2.500,0.00,50.0
17122.00,-3714.87,37187.11,352.03,2.500,0.00,50.0
17123.00,-3715.22,37189.59,352.03,2.500,0.00,50.0
17124.00,-3715.56,37192.06,352.03,2.500,0.00,50.0
17125.00,-3715.91,37194.54,352.03,2.500,0.00,50.0
17126.00,-3716.26,37197.01,352.03,2.500,0.00,50.0
17127.00,-3716.60,37199.49,352.03,2.500,0.00,50.0
17128.00,-3716.95,37201.96,352.03,2.500,0.00,50.0
17129.00,-3717.30,37204.44,352.03,2.500,0.00,50.0
17130.00,-3717.64,37206.92,352.03,2.500,0.00,50.0
17131.00,-3717.99,37209.39,352.03,2.500,0.00,50.0
17132.00,-3718.34,37211.87,352.03,2.500,0.00,50.0
17133.00,-3718.68,37214.34,352.03,2.500,0.00,50.0
17134.00,-3719.03,37216.82,352.03,2.500,0.00,50.0
17135.00,-3719.38,37219.30,352.03,2.500,0.00,50.0
17136.00,-3719.72,37221.77,352.03,2.500,0.00,50.0
17137.00,-3720.07,37224.25,352.03,2.500,0.00,50.0
17138.00,-3720.42,37226.72,352.03,2.500,0.00,50.0
17139.00,-3720.76,37229.20,352.03,2.500,0.00,50.0
17140.00,-3721.11,37231.67,352.03,2.500,0.00,50.0
17141.00,-3721.46,37234.15,352.03,2.500,0.00,50.0
17142.00,-3721.80,37236.63,352.03,2.500,0.00,50.0
17143.00,-3722.15,37239.10,352.03,2.500,0.00,50.0
17144.00,-3722.50,37241.58,352.03,2.500,0.00,50.0
17145.00,-3722.84,37244.05,352.03,2.500,0.00,50.0
17146.00,-3723.19,37246.53,352.03,2.500,0.00,50.0
17147.00,-3723.54,37249.01,352.03,2.500,0.00,50.0
17148.00,-3723.88,37251.48,352.03,2.500,0.00,50.0
17149.00,-3724.23,37253.96,352.03,2.500,0.00,50.0
17150.00,-3724.58,37256.43,352.03,2.500,0.00,50.0
17151.00,-3724.92,37258.91,352.03,2.500,0.00,50.0
17152.00,-3725.27,37261.38,352.03,2.500,0.00,50.0
17153.00,-3725.62,37263.86,352.03,2.500,0.00,50.0
17154.00,-3725.96,37266.34,352.03,2.500,0.00,50.0
17155.00,-3726.31,37268.81,352.03,2.500,0.00,50.0
17156.00,-3726.66,37271.29,352.03,2.500,0.00,50.0
17157.00,-3727.00,37273.76,352.03,2.500,0.00,50.0
17158.00,-3727.35,37276.24,352.03,2.500,0.00,50.0
17159.00,-3727.70,37278.72,352.03,2.500,0.00,50.0
17160.00,-3728.04,37281.19,352.03,2.500,0.00,50.0
17161.00,-3728.39,37283.67,352.03,2.500,0.00,50.0
17162.00,-3728.74,37286.14,352.03,2.500,0.00,50.0
17163.00,-3729.08,37288.62,352.03,2.500,0.00,50.0
17164.00,-3729.43,37291.09,352.03,2.500,0.00,50.0
17165.00,-3729.78,37293.57,352.03,2.500,0.00,50.0
17166.00,-3730.12,37296.05,352.03,2.500,0.00,50.0
17167.00,-3730.47,37298.52,352.03,2.500,0.00,50.0
17168.00,-3730.82,37301.00,352.03,2.500,0.00,50.0
17169.00,-3731.16,37303.47,352.03,2.500,0.00,50.0
17170.00,-3731.51,37305.95,352.03,2.500,0.00,50.0
17171.00,-3731.86,37308.43,352.03,2.500,0.00,50.0
17172.00,-3732.20,37310.90,352.03,2.500,0.00,50.0
17173.00,-3732.55,37313.38,352.03,2.500,0.00,50.0
17174.00,-3732.90,37315.85,352.03,2.500,0.00,50.0
17175.00,-3733.24,37318.33,352.03,2.500,0.00,50.0
17176.00,-3733.59,37320.81,352.03,2.500,0.00,50.0
17177.00,-3733.94,37323.28,352.03,2.500,0.00,50.0
17178.00,-3734.28,37325.76,352.03,2.500,0.00,50.0
17179.00,-3734.63,37328.23,352.03,2.500,0.00,50.0
17180.00,-3734.98,37330.71,352.03,2.500,0.00,50.0
17181.00,-3735.32,37333.18,352.03,2.500,0.00,50.0
17182.00,-3735.67,37335.66,352.03,2.500,0.00,50.0
17183.00,-3736.02,37338.14,352.03,2.500,0.00,50.0
17184.00,-3736.36,37340.61,352.03,2.500,0.00,50.0
17185.00,-3736.71,37343.09,352.03,2.500,0.00,50.0
17186.00,-3737.06,37345.56,352.03,2.500,0.00,50.0
17187.00,-3737.40,37348.04,352.03,2.500,0.00,50.0
17188.00,-3737.75,37350.52,352.03,2.500,0.00,50.0
17189.00,-3738.10,37352.99,352.03,2.500,0.00,50.0
17190.00,-3738.44,37355.47,352.03,2.500,0.00,50.0
17191.00,-3738.79,37357.94,352.03,2.500,0.00,50.0
17192.00,-3739.14,37360.42,352.03,2.500,0.00,50.0
17193.00,-3739.48,37362.89,352.03,2.500,0.00,50.0
17194.00,-3739.83,37365.37,352.03,2.500,0.00,50.0
17195.00,-3740.18,37367.85,352.03,2.500,0.00,50.0
17196.00,-3740.52,37370.32,352.03,2.500,0.00,50.0
17197.00,-3740.87,37372.80,352.03,2.500,0.00,50.0
17198.00,-3741.22,37375.27,352.03,2.500,0.00,50.0
17199.00,-3741.56,37377.75,352.03,2.500,0.00,50.0
17200.00,-3741.91,37380.23,352.03,2.500,0.00,50.0
17201.00,-3742.26,37382.70,352.03,2.500,0.00,50.0
17202.00,-3742.60,37385.18,352.03,2.500,0.00,50.0
17203.00,-3742.95,37387.65,352.03,2.500,0.00,50.0
17204.00,-3743.30,37390.13,352.03,2.500,0.00,50.0
17205.00,-3743.64,37392.60,352.03,2.500,0.00,50.0
17206.00,-3743.99,37395.08,352.03,2.500,0.00,50.0
17207.00,-3744.34,37397.56,352.03,2.500,0.00,50.0
17208.00,-3744.68,37400.03,352.03,2.500,0.00,50.0
17209.00,-3745.03,37402.51,352.03,2.500,0.00,50.0
17210.00,-3745.38,37404.98,352.03,2.500,0.00,50.0
17211.00,-3745.72,37407.46,352.03,2.500,0.00,50.0
17212.00,-3746.07,37409.94,352.03,2.500,0.00,50.0
17213.00,-3746.42,37412.41,352.03,2.500,0.00,50.0
17214.00,-3746.76,37414.89,352.03,2.500,0.00,50.0
17215.00,-3747.11,37417.36,352.03,2.500,0.00,50.0
17216.00,-3747.46,37419.84,352.03,2.500,0.00,50.0
17217.00,-3747.80,37422.31,352.03,2.500,0.00,50.0
17218.00,-3748.15,37424.79,352.03,2.500,0.00,50.0
17219.00,-3748.50,37427.27,352.03,2.500,0.00,50.0
17220.00,-3748.84,37429.74,352.03,2.500,0.00,50.0
17221.00,-3749.19,37432.22,352.03,2.500,0.00,50.0
17222.00,-3749.54,37434.69,352.03,2.500,0.00,50.0
17223.00,-3749.88,37437.17,352.03,2.500,0.00,50.0
17224.00,-3750.23,37439.65,352.03,2.500,0.00,50.0
17225.00,-3750.58,37442.12,352.03,2.500,0.00,50.0
17226.00,-3750.93,37444.60,352.03,2.500,0.00,50.0
17227.00,-3751.27,37447.07,352.03,2.500,0.00,50.0
17228.00,-3751.62,37449.55,352.03,2.500,0.00,50.0
17229.00,-3751.97,37452.02,352.03,2.500,0.00,50.0
17230.00,-3752.31,37454.50,352.03,2.500,0.00,50.0
17231.00,-3752.66,37456.98,352.03,2.500,0.00,50.0
17232.00,-3753.01,37459.45,352.03,2.500,0.00,50.0
17233.00,-3753.35,37461.93,352.03,2.500,0.00,50.0
17234.00,-3753.70,37464.40,352.03,2.500,0.00,50.0
17235.00,-3754.05,37466.88,352.03,2.500,0.00,50.0
17236.00,-3754.39,37469.36,352.03,2.500,0.00,50.0
17237.00,-3754.74,37471.83,352.03,2.500,0.00,50.0
17238.00,-3755.09,37474.31,352.03,2.500,0.00,50.0
17239.00,-3755.43,37476.78,352.03,2.500,0.00,50.0
17240.00,-3755.78,37479.26,352.03,2.500,0.00,50.0
17241.00,-3756.13,37481.73,352.03,2.500,0.00,50.0
17242.00,-3756.47,37484.21,352.03,2.500,0.00,50.0
17243.00,-3756.82,37486.69,352.03,2.500,0.00,50.0
17244.00,-3757.17,37489.16,352.03,2.500,0.00,50.0
17245.00,-3757.51,37491.64,352.03,2.500,0.00,50.0
17246.00,-3757.86,37494.11,352.03,2.500,0.00,50.0
17247.00,-3758.21,37496.59,352.03,2.500,0.00,50.0
17248.00,-3758.55,37499.07,352.03,2.500,0.00,50.0
17249.00,-3758.90,37501.54,352.03,2.500,0.00,50.0
17250.00,-3759.25,37504.02,352.03,2.500,0.00,50.0
17251.00,-3759.59,37506.49,352.03,2.500,0.00,50.0
17252.00,-3759.94,37508.97,352.03,2.500,0.00,50.0
17253.00,-3760.29,37511.44,352.03,2.500,0.00,50.0
17254.00,-3760.63,37513.92,352.03,2.500,0.00,50.0
17255.00,-3760.98,37516.40,352.03,2.500,0.00,50.0
17256.00,-3761.33,37518.87,352.03,2.500,0.00,50.0
17257.00,-3761.67,37521.35,352.03,2.500,0.00,50.0
17258.00,-3762.02,37523.82,352.03,2.500,0.00,50.0
17259.00,-3762.37,37526.30,352.03,2.500,0.00,50.0
17260.00,-3762.71,37528.78,352.03,2.500,0.00,50.0
17261.00,-3763.06,37531.25,352.03,2.500,0.00,50.0
17262.00,-3763.41,37533.73,352.03,2.500,0.00,50.0
17263.00,-3763.75,37536.20,352.03,2.500,0.00,50.0
17264.00,-3764.10,37538.68,352.03,2.500,0.00,50.0
17265.00,-3764.45,37541.16,352.03,2.500,0.00,50.0
17266.00,-3764.79,37543.63,352.03,2.500,0.00,50.0
17267.00,-3765.14,37546.11,352.03,2.500,0.00,50.0
17268.00,-3765.49,37548.58,352.03,2.500,0.00,50.0
17269.00,-3765.83,37551.06,352.03,2.500,0.00,50.0
17270.00,-3766.18,37553.53,352.03,2.500,0.00,50.0
17271.00,-3766.53,37556.01,352.03,2.500,0.00,50.0
17272.00,-3766.87,37558.49,352.03,2.500,0.00,50.0
17273.00,-3767.22,37560.96,352.03,2.500,0.00,50.0
17274.00,-3767.57,37563.44,352.03,2.500,0.00,50.0
17275.00,-3767.91,37565.91,352.03,2.500,0.00,50.0
17276.00,-3768.26,37568.39,352.03,2.500,0.00,50.0
17277.00,-3768.61,37570.87,352.03,2.500,0.00,50.0
17278.00,-3768.95,37573.34,352.03,2.500,0.00,50.0
17279.00,-3769.30,37575.82,352.03,2.500,0.00,50.0
17280.00,-3769.65,37578.29,352.03,2.500,0.00,50.0
17281.00,-3769.99,37580.77,352.03,2.500,0.00,50.0
17282.00,-3770.34,37583.24,352.03,2.500,0.00,50.0
17283.00,-3770.69,37585.72,352.03,2.500,0.00,50.0
17284.00,-3771.03,37588.20,352.03,2.500,0.00,50.0
17285.00,-3771.38,37590.67,352.03,2.500,0.00,50.0
17286.00,-3771.73,37593.15,352.03,2.500,0.00,50.0
17287.00,-3772.07,37595.62,352.03,2.500,0.00,50.0
17288.00,-3772.42,37598.10,352.03,2.500,0.00,50.0
17289.00,-3772.77,37600.58,352.03,2.500,0.00,50.0
17290.00,-3773.11,37603.05,352.03,2.500,0.00,50.0
17291.00,-3773.46,37605.53,352.03,2.500,0.00,50.0
17292.00,-3773.81,37608.00,352.03,2.500,0.00,50.0
17293.00,-3774.15,37610.48,352.03,2.500,0.00,50.0
17294.00,-3774.50,37612.95,352.03,2.500,0.00,50.0
17295.00,-3774.85,37615.43,352.03,2.500,0.00,50.0
17296.00,-3775.19,37617.91,352.03,2.500,0.00,50.0
17297.00,-3775.54,37620.38,352.03,2.500,0.00,50.0
17298.00,-3775.89,37622.86,352.03,2.500,0.00,50.0
17299.00,-3776.23,37625.33,352.03,2.500,0.00,50.0
17300.00,-3776.58,37627.81,352.03,2.500,0.00,50.0
17301.00,-3776.93,37630.29,352.03,2.500,0.00,50.0
17302.00,-3777.27,37632.76,352.03,2.500,0.00,50.0
17303.00,-3777.62,37635.24,352.03,2.500,0.00,50.0
17304.00,-3777.97,37637.71,352.03,2.500,0.00,50.0
17305.00,-3778.31,37640.19,352.03,2.500,0.00,50.0
17306.00,-3778.66,37642.66,352.03,2.500,0.00,50.0
17307.00,-3779.01,37645.14,352.03,2.500,0.00,50.0
17308.00,-3779.35,37647.62,352.03,2.500,0.00,50.0
17309.00,-3779.70,37650.09,352.03,2.500,0.00,50.0
17310.00,-3780.05,37652.57,352.03,2.500,0.00,50.0
17311.00,-3780.39,37655.04,352.03,2.500,0.00,50.0
17312.00,-3780.74,37657.52,352.03,2.500,0.00,50.0
17313.00,-3781.09,37660.00,352.03,2.500,0.00,50.0
17314.00,-3781.43,37662.47,352.03,2.500,0.00,50.0
17315.00,-3781.78,37664.95,352.03,2.500,0.00,50.0
17316.00,-3782.13,37667.42,352.03,2.500,0.00,50.0
17317.00,-3782.47,37669.90,352.03,2.500,0.00,50.0
17318.00,-3782.82,37672.37,352.03,2.500,0.00,50.0
17319.00,-3783.17,37674.85,352.03,2.500,0.00,50.0
17320.00,-3783.51,37677.33,352.03,2.500,0.00,50.0
17321.00,-3783.86,37679.80,352.03,2.500,0.00,50.0
17322.00,-3784.21,37682.28,352.03,2.500,0.00,50.0
17323.00,-3784.55,37684.75,352.03,2.500,0.00,50.0
17324.00,-3784.90,37687.23,352.03,2.500,0.00,50.0
17325.00,-3785.25,37689.71,352.03,2.500,0.00,50.0
17326.00,-3785.59,37692.18,352.03,2.500,0.00,50.0
17327.00,-3785.94,37694.66,352.03,2.500,0.00,50.0
17328.00,-3786.29,37697.13,352.03,2.500,0.00,50.0
17329.00,-3786.63,37699.61,352.03,2.500,0.00,50.0
17330.00,-3786.98,37702.08,352.03,2.500,0.00,50.0
17331.00,-3787.33,37704.56,352.03,2.500,0.00,50.0
17332.00,-3787.68,37707.04,352.03,2.500,0.00,50.0
17333.00,-3788.02,37709.51,352.03,2.500,0.00,50.0
17334.00,-3788.37,37711.99,352.03,2.500,0.00,50.0
17335.00,-3788.72,37714.46,352.03,2.500,0.00,50.0
17336.00,-3789.06,37716.94,352.03,2.500,0.00,50.0
17337.00,-3789.41,37719.42,352.03,2.500,0.00,50.0
17338.00,-3789.76,37721.89,352.03,2.500,0.00,50.0
17339.00,-3790.10,37724.37,352.03,2.500,0.00,50.0
17340.00,-3790.45,37726.84,352.03,2.500,0.00,50.0
17341.00,-3790.80,37729.32,352.03,2.500,0.00,50.0
17342.00,-3791.14,37731.80,352.03,2.500,0.00,50.0
17343.00,-3791.49,37734.27,352.03,2.500,0.00,50.0
17344.00,-3791.84,37736.75,352.03,2.500,0.00,50.0
17345.00,-3792.18,37739.22,352.03,2.500,0.00,50.0
17346.00,-3792.53,37741.70,352.03,2.500,0.00,50.0
17347.00,-3792.88,37744.17,352.03,2.500,0.00,50.0
17348.00,-3793.22,37746.65,352.03,2.500,0.00,50.0
17349.00,-3793.57,37749.13,352.03,2.500,0.00,50.0
17350.00,-3793.92,37751.60,352.03,2.500,0.00,50.0
17351.00,-3794.26,37754.08,352.03,2.500,0.00,50.0
17352.00,-3794.61,37756.55,352.03,2.500,0.00,50.0
17353.00,-3794.96,37759.03,352.03,2.500,0.00,50.0
17354.00,-3795.30,37761.51,352.03,2.500,0.00,50.0
17355.00,-3795.65,37763.98,352.03,2.500,0.00,50.0
17356.00,-3796.00,37766.46,352.03,2.500,0.00,50.0
17357.00,-3796.34,37768.93,352.03,2.500,0.00,50.0
17358.00,-3796.69,37771.41,352.03,2.500,0.00,50.0
17359.00,-3797.04,37773.88,352.03,2.500,0.00,50.0
17360.00,-3797.38,37776.36,352.03,2.500,0.00,50.0
17361.00,-3797.73,37778.84,352.03,2.500,0.00,50.0
17362.00,-3798.08,37781.31,352.03,2.500,0.00,50.0
17363.00,-3798.42,37783.79,352.03,2.500,0.00,50.0
17364.00,-3798.77,37786.26,352.03,2.500,0.00,50.0
17365.00,-3799.12,37788.74,352.03,2.500,0.00,50.0
17366.00,-3799.46,37791.22,352.03,2.500,0.00,50.0
17367.00,-3799.81,37793.69,352.03,2.500,0.00,50.0
17368.00,-3800.16,37796.17,352.03,2.500,0.00,50.0
17369.00,-3800.50,37798.64,352.03,2.500,0.00,50.0
17370.00,-3800.85,37801.12,352.03,2.500,0.00,50.0
17371.00,-3801.20,37803.59,352.03,2.500,0.00,50.0
17372.00,-3801.54,37806.07,352.03,2.500,0.00,50.0
17373.00,-3801.89,37808.55,352.03,2.500,0.00,50.0
17374.00,-3802.24,37811.02,352.03,2.500,0.00,50.0
17375.00,-3802.58,37813.50,352.03,2.500,0.00,50.0
17376.00,-3802.93,37815.97,352.03,2.500,0.00,50.0
17377.00,-3803.28,37818.45,352.03,2.500,0.00,50.0
17378.00,-3803.62,37820.93,352.03,2.500,0.00,50.0
17379.00,-3803.97,37823.40,352.03,2.500,0.00,50.0
17380.00,-3804.32,37825.88,352.03,2.500,0.00,50.0
17381.00,-3804.66,37828.35,352.03,2.500,0.00,50.0
17382.00,-3805.01,37830.83,352.03,2.500,0.00,50.0
17383.00,-3805.36,37833.30,352.03,2.500,0.00,50.0
17384.00,-3805.70,37835.78,352.03,2.500,0.00,50.0
17385.00,-3806.05,37838.26,352.03,2.500,0.00,50.0
17386.00,-3806.40,37840.73,352.03,2.500,0.00,50.0
17387.00,-3806.74,37843.21,352.03,2.500,0.00,50.0
17388.00,-3807.09,37845.68,352.03,2.500,0.00,50.0
17389.00,-3807.44,37848.16,352.03,2.500,0.00,50.0
17390.00,-3807.78,37850.64,352.03,2.500,0.00,50.0
17391.00,-3808.13,37853.11,352.03,2.500,0.00,50.0
17392.00,-3808.48,37855.59,352.03,2.500,0.00,50.0
17393.00,-3808.82,37858.06,352.03,2.500,0.00,50.0
17394.00,-3809.17,37860.54,352.03,2.500,0.00,50.0
17395.00,-3809.52,37863.01,352.03,2.500,0.00,50.0
17396.00,-3809.86,37865.49,352.03,2.500,0.00,50.0
17397.00,-3810.21,37867.97,352.03,2.500,0.00,50.0
17398.00,-3810.56,37870.44,352.03,2.500,0.00,50.0
17399.00,-3810.90,37872.92,352.03,2.500,0.00,50.0
17400.00,-3811.25,37875.39,352.03,2.500,0.00,50.0
17401.00,-3811.60,37877.87,352.03,2.500,0.00,50.0
17402.00,-3811.94,37880.35,352.03,2.500,0.00,50.0
17403.00,-3812.29,37882.82,352.03,2.500,0.00,50.0
17404.00,-3812.64,37885.30,352.03,2.500,0.00,50.0
17405.00,-3812.98,37887.77,352.03,2.500,0.00,50.0
17406.00,-3813.33,37890.25,352.03,2.500,0.00,50.0
17407.00,-3813.68,37892.72,352.03,2.500,0.00,50.0
17408.00,-3814.02,37895.20,352.03,2.500,0.00,50.0
17409.00,-3814.37,37897.68,352.03,2.500,0.00,50.0
17410.00,-3814.72,37900.15,352.03,2.500,0.00,50.0
17411.00,-3815.06,37902.63,352.03,2.500,0.00,50.0
17412.00,-3815.41,37905.10,352.03,2.500,0.00,50.0
17413.00,-3815.76,37907.58,352.03,2.500,0.00,50.0
17414.00,-3816.10,37910.06,352.03,2.500,0.00,50.0
17415.00,-3816.45,37912.53,352.03,2.500,0.00,50.0
17416.00,-3816.80,37915.01,352.03,2.500,0.00,50.0
17417.00,-3817.14,37917.48,352.03,2.500,0.00,50.0
17418.00,-3817.49,37919.96,352.03,2.500,0.00,50.0
17419.00,-3817.84,37922.43,352.03,2.500,0.00,50.0
17420.00,-3818.18,37924.91,352.03,2.500,0.00,50.0
17421.00,-3818.53,37927.39,352.03,2.500,0.00,50.0
17422.00,-3818.88,37929.86,352.03,2.500,0.00,50.0
17423.00,-3819.22,37932.34,352.03,2.500,0.00,50.0
17424.00,-3819.57,37934.81,352.03,2.500,0.00,50.0
17425.00,-3819.92,37937.29,352.03,2.500,0.00,50.0
17426.00,-3820.26,37939.77,352.03,2.500,0.00,50.0
17427.00,-3820.61,37942.24,352.03,2.500,0.00,50.0
17428.00,-3820.96,37944.72,352.03,2.500,0.00,50.0
17429.00,-3821.30,37947.19,352.03,2.500,0.00,50.0
17430.00,-3821.65,37949.67,352.03,2.500,0.00,50.0
17431.00,-3822.00,37952.15,352.03,2.500,0.00,50.0
17432.00,-3822.34,37954.62,352.03,2.500,0.00,50.0
17433.00,-3822.69,37957.10,352.03,2.500,0.00,50.0
17434.00,-3823.04,37959.57,352.03,2.500,0.00,50.0
17435.00,-3823.38,37962.05,352.03,2.500,0.00,50.0
17436.00,-3823.73,37964.52,352.03,2.500,0.00,50.0
17437.00,-3824.08,37967.00,352.03,2.500,0.00,50.0
17438.00,-3824.43,37969.48,352.03,2.500,0.00,50.0
17439.00,-3824.77,37971.95,352.03,2.500,0.00,50.0
17440.00,-3825.12,37974.43,352.03,2.500,0.00,50.0
17441.00,-3825.47,37976.90,352.03,2.500,0.00,50.0
17442.00,-3825.81,37979.38,352.03,2.500,0.00,50.0
17443.00,-3826.16,37981.86,352.03,2.500,0.00,50.0
17444.00,-3826.51,37984.33,352.03,2.500,0.00,50.0
17445.00,-3826.85,37986.81,352.03,2.500,0.00,50.0
17446.00,-3827.20,37989.28,352.03,2.500,0.00,50.0
17447.00,-3827.55,37991.76,352.03,2.500,0.00,50.0
17448.00,-3827.89,37994.23,352.03,2.500,0.00,50.0
17449.00,-3828.24,37996.71,352.03,2.500,0.00,50.0
17450.00,-3828.59,37999.19,352.03,2.500,0.00,50.0
17451.00,-3828.93,38001.66,352.03,2.500,0.00,50.0
17452.00,-3829.28,38004.14,352.03,2.500,0.00,50.0
17453.00,-3829.63,38006.61,352.03,2.500,0.00,50.0
17454.00,-3829.97,38009.09,352.03,2.500,0.00,50.0
17455.00,-3830.32,38011.57,352.03,2.500,0.00,50.0
17456.00,-3830.67,38014.04,352.03,2.500,0.00,50.0
17457.00,-3831.01,38016.52,352.03,2.500,0.00,50.0
17458.00,-3831.36,38018.99,352.03,2.500,0.00,50.0
17459.00,-3831.71,38021.47,352.03,2.500,0.00,50.0
17460.00,-3832.05,38023.94,352.03,2.500,0.00,50.0
17461.00,-3832.40,38026.42,352.03,2.500,0.00,50.0
17462.00,-3832.75,38028.90,352.03,2.500,0.00,50.0
17463.00,-3833.09,38031.37,352.03,2.500,0.00,50.0
17464.00,-3833.44,38033.85,352.03,2.500,0.00,50.0
17465.00,-3833.79,38036.32,352.03,2.500,0.00,50.0
17466.00,-3834.13,38038.80,352.03,2.500,0.00,50.0
17467.00,-3834.48,38041.28,352.03,2.500,0.00,50.0
17468.00,-3834.83,38043.75,352.03,2.500,0.00,50.0
17469.00,-3835.17,38046.23,352.03,2.500,0.00,50.0
17470.00,-3835.52,38048.70,352.03,2.500,0.00,50.0
17471.00,-3835.87,38051.18,352.03,2.500,0.00,50.0
17472.00,-3836.21,38053.65,352.03,2.500,0.00,50.0
17473.00,-3836.56,38056.13,352.03,2.500,0.00,50.0
17474.00,-3836.91,38058.61,352.03,2.500,0.00,50.0
17475.00,-3837.25,38061.08,352.03,2.500,0.00,50.0
17476.00,-3837.60,38063.56,352.03,2.500,0.00,50.0
17477.00,-3837.95,38066.03,352.03,2.500,0.00,50.0
17478.00,-3838.29,38068.51,352.03,2.500,0.00,50.0
17479.00,-3838.64,38070.99,352.03,2.500,0.00,50.0
17480.00,-3838.99,38073.46,352.03,2.500,0.00,50.0
17481.00,-3839.33,38075.94,352.03,2.500,0.00,50.0
17482.00,-3839.68,38078.41,352.03,2.500,0.00,50.0
17483.00,-3840.03,38080.89,352.03,2.500,0.00,50.0
17484.00,-3840.37,38083.36,352.03,2.500,0.00,50.0
17485.00,-3840.72,38085.84,352.03,2.500,0.00,50.0
17486.00,-3841.07,38088.32,352.03,2.500,0.00,50.0
17487.00,-3841.41,38090.79,352.03,2.500,0.00,50.0
17488.00,-3841.76,38093.27,352.03,2.500,0.00,50.0
17489.00,-3842.11,38095.74,352.03,2.500,0.00,50.0
17490.00,-3842.45,38098.22,352.03,2.500,0.00,50.0
17491.00,-3842.80,38100.70,352.03,2.500,0.00,50.0
17492.00,-3843.15,38103.17,352.03,2.500,0.00,50.0
17493.00,-3843.49,38105.65,352.03,2.500,0.00,50.0
17494.00,-3843.84,38108.12,352.03,2.500,0.00,50.0
17495.00,-3844.19,38110.60,352.03,2.500,0.00,50.0
17496.00,-3844.53,38113.07,352.03,2.500,0.00,50.0
17497.00,-3844.88,38115.55,352.03,2.500,0.00,50.0
17498.00,-3845.23,38118.03,352.03,2.500,0.00,50.0
17499.00,-3845.57,38120.50,352.03,2.500,0.00,50.0
17500.00,-3845.92,38122.98,352.03,2.500,0.00,50.0
17501.00,-3846.27,38125.45,352.03,2.500,0.00,50.0
17502.00,-3846.61,38127.93,352.03,2.500,0.00,50.0
17503.00,-3846.96,38130.41,352.03,2.500,0.00,50.0
17504.00,-3847.31,38132.88,352.03,2.500,0.00,50.0
17505.00,-3847.65,38135.36,352.03,2.500,0.00,50.0
17506.00,-3848.00,38137.83,352.03,2.500,0.00,50.0
17507.00,-3848.35,38140.31,352.03,2.500,0.00,50.0
17508.00,-3848.69,38142.79,352.03,2.500,0.00,50.0
17509.00,-3849.04,38145.26,352.03,2.500,0.00,50.0
17510.00,-3849.39,38147.74,352.03,2.500,0.00,50.0
17511.00,-3849.73,38150.21,352.03,2.500,0.00,50.0
17512.00,-3850.08,38152.69,352.03,2.500,0.00,50.0
17513.00,-3850.43,38155.16,352.03,2.500,0.00,50.0
17514.00,-3850.77,38157.64,352.03,2.500,0.00,50.0
17515.00,-3851.12,38160.12,352.03,2.500,0.00,50.0
17516.00,-3851.47,38162.59,352.03,2.500,0.00,50.0
17517.00,-3851.81,38165.07,352.03,2.500,0.00,50.0
17518.00,-3852.16,38167.54,352.03,2.500,0.00,50.0
17519.00,-3852.51,38170.02,352.03,2.500,0.00,50.0
17520.00,-3852.85,38172.50,352.03,2.500,0.00,50.0
17521.00,-3853.20,38174.97,352.03,2.500,0.00,50.0
17522.00,-3853.55,38177.45,352.03,2.500,0.00,50.0
17523.00,-3853.89,38179.92,352.03,2.500,0.00,50.0
17524.00,-3854.24,38182.40,352.03,2.500,0.00,50.0
17525.00,-3854.59,38184.87,352.03,2.500,0.00,50.0
17526.00,-3854.93,38187.35,352.03,2.500,0.00,50.0
17527.00,-3855.28,38189.83,352.03,2.500,0.00,50.0
17528.00,-3855.63,38192.30,352.03,2.500,0.00,50.0
17529.00,-3855.97,38194.78,352.03,2.500,0.00,50.0
17530.00,-3856.32,38197.25,352.03,2.500,0.00,50.0
17531.00,-3856.67,38199.73,352.03,2.500,0.00,50.0
17532.00,-3857.01,38202.21,352.03,2.500,0.00,50.0
17533.00,-3857.36,38204.68,352.03,2.500,0.00,50.0
17534.00,-3857.71,38207.16,352.03,2.500,0.00,50.0
17535.00,-3858.05,38209.63,352.03,2.500,0.00,50.0
17536.00,-3858.40,38212.11,352.03,2.500,0.00,50.0
17537.00,-3858.75,38214.58,352.03,2.500,0.00,50.0
17538.00,-3859.09,38217.06,352.03,2.500,0.00,50.0
17539.00,-3859.44,38219.54,352.03,2.500,0.00,50.0
17540.00,-3859.79,38222.01,352.03,2.500,0.00,50.0
17541.00,-3860.13,38224.49,352.03,2.500,0.00,50.0
17542.00,-3860.48,38226.96,352.03,2.500,0.00,50.0
17543.00,-3860.83,38229.44,352.03,2.500,0.00,50.0
17544.00,-3861.18,38231.92,352.03,2.500,0.00,50.0
17545.00,-3861.52,38234.39,352.03,2.500,0.00,50.0
17546.00,-3861.87,38236.87,352.03,2.500,0.00,50.0
17547.00,-3862.22,38239.34,352.03,2.500,0.00,50.0
17548.00,-3862.56,38241.82,352.03,2.500,0.00,50.0
17549.00,-3862.91,38244.29,352.03,2.500,0.00,50.0
17550.00,-3863.26,38246.77,352.03,2.500,0.00,50.0
17551.00,-3863.60,38249.25,352.03,2.500,0.00,50.0
17552.00,-3863.95,38251.72,352.03,2.500,0.00,50.0
17553.00,-3864.30,38254.20,352.03,2.500,0.00,50.0
17554.00,-3864.64,38256.67,352.03,2.500,0.00,50.0
17555.00,-3864.99,38259.15,352.03,2.500,0.00,50.0
17556.00,-3865.34,38261.63,352.03,2.500,0.00,50.0
17557.00,-3865.68,38264.10,352.03,2.500,0.00,50.0
17558.00,-3866.03,38266.58,352.03,2.500,0.00,50.0
17559.00,-3866.38,38269.05,352.03,2.500,0.00,50.0
17560.00,-3866.72,38271.53,352.03,2.500,0.00,50.0
17561.00,-3867.07,38274.00,352.03,2.500,0.00,50.0
17562.00,-3867.42,38276.48,352.03,2.500,0.00,50.0
17563.00,-3867.76,38278.96,352.03,2.500,0.00,50.0
17564.00,-3868.11,38281.43,352.03,2.500,0.00,50.0
17565.00,-3868.46,38283.91,352.03,2.500,0.00,50.0
17566.00,-3868.80,38286.38,352.03,2.500,0.00,50.0
17567.00,-3869.15,38288.86,352.03,2.500,0.00,50.0
17568.00,-3869.50,38291.34,352.03,2.500,0.00,50.0
17569.00,-3869.84,38293.81,352.03,2.500,0.00,50.0
17570.00,-3870.19,38296.29,352.03,2.500,0.00,50.0
17571.00,-3870.54,38298.76,352.03,2.500,0.00,50.0
17572.00,-3870.88,38301.24,352.03,2.500,0.00,50.0
17573.00,-3871.23,38303.71,352.03,2.500,0.00,50.0
17574.00,-3871.58,38306.19,352.03,2.500,0.00,50.0
17575.00,-3871.92,38308.67,352.03,2.500,0.00,50.0
17576.00,-3872.27,38311.14,352.03,2.500,0.00,50.0
17577.00,-3872.62,38313.62,352.03,2.500,0.00,50.0
17578.00,-3872.96,38316.09,352.03,2.500,0.00,50.0
17579.00,-3873.31,38318.57,352.03,2.500,0.00,50.0
17580.00,-3873.66,38321.05,352.03,2.500,0.00,50.0
17581.00,-3874.00,38323.52,352.03,2.500,0.00,50.0
17582.00,-3874.35,38326.00,352.03,2.500,0.00,50.0
17583.00,-3874.70,38328.47,352.03,2.500,0.00,50.0
17584.00,-3875.04,38330.95,352.03,2.500,0.00,50.0
17585.00,-3875.39,38333.42,352.03,2.500,0.00,50.0
17586.00,-3875.74,38335.90,352.03,2.500,0.00,50.0
17587.00,-3876.08,38338.38,352.03,2.500,0.00,50.0
17588.00,-3876.43,38340.85,352.03,2.500,0.00,50.0
17589.00,-3876.78,38343.33,352.03,2.500,0.00,50.0
17590.00,-3877.12,38345.80,352.03,2.500,0.00,50.0
17591.00,-3877.47,38348.28,352.03,2.500,0.00,50.0
17592.00,-3877.82,38350.76,352.03,2.500,0.00,50.0
17593.00,-3878.16,38353.23,352.03,2.500,0.00,50.0
17594.00,-3878.51,38355.71,352.03,2.500,0.00,50.0
17595.00,-3878.86,38358.18,352.03,2.500,0.00,50.0
17596.00,-3879.20,38360.66,352.03,2.500,0.00,50.0
17597.00,-3879.55,38363.14,352.03,2.500,0.00,50.0
17598.00,-3879.90,38365.61,352.03,2.500,0.00,50.0
17599.00,-3880.24,38368.09,352.03,2.500,0.00,50.0
17600.00,-3880.59,38370.56,352.03,2.500,0.00,50.0
17601.00,-3880.94,38373.04,352.03,2.500,0.00,50.0
17602.00,-3881.28,38375.51,352.03,2.500,0.00,50.0
17603.00,-3881.63,38377.99,352.03,2.500,0.00,50.0
17604.00,-3881.98,38380.47,352.03,2.500,0.00,50.0
17605.00,-3882.32,38382.94,352.03,2.500,0.00,50.0
17606.00,-3882.67,38385.42,352.03,2.500,0.00,50.0
17607.00,-3883.02,38387.89,352.03,2.500,0.00,50.0
17608.00,-3883.36,38390.37,352.03,2.500,0.00,50.0
17609.00,-3883.71,38392.85,352.03,2.500,0.00,50.0
17610.00,-3884.06,38395.32,352.03,2.500,0.00,50.0
17611.00,-3884.40,38397.80,352.03,2.500,0.00,50.0
17612.00,-3884.75,38400.27,352.03,2.500,0.00,50.0
17613.00,-3885.10,38402.75,352.03,2.500,0.00,50.0
17614.00,-3885.44,38405.22,352.03,2.500,0.00,50.0
17615.00,-3885.79,38407.70,352.03,2.500,0.00,50.0
17616.00,-3886.14,38410.18,352.03,2.500,0.00,50.0
17617.00,-3886.48,38412.65,352.03,2.500,0.00,50.0
17618.00,-3886.83,38415.13,352.03,2.500,0.00,50.0
17619.00,-3887.18,38417.60,352.03,2.500,0.00,50.0
17620.00,-3887.52,38420.08,352.03,2.500,0.00,50.0
17621.00,-3887.87,38422.56,352.03,2.500,0.00,50.0
17622.00,-3888.22,38425.03,352.03,2.500,0.00,50.0
17623.00,-3888.56,38427.51,352.03,2.500,0.00,50.0
17624.00,-3888.91,38429.98,352.03,2.500,0.00,50.0
17625.00,-3889.26,38432.46,352.03,2.500,0.00,50.0
17626.00,-3889.60,38434.93,352.03,2.500,0.00,50.0
17627.00,-3889.95,38437.41,352.03,2.500,0.00,50.0
17628.00,-3890.30,38439.89,352.03,2.500,0.00,50.0
17629.00,-3890.64,38442.36,352.03,2.500,0.00,50.0
17630.00,-3890.99,38444.84,352.03,2.500,0.00,50.0
17631.00,-3891.34,38447.31,352.03,2.500,0.00,50.0
17632.00,-3891.68,38449.79,352.03,2.500,0.00,50.0
17633.00,-3892.03,38452.27,352.03,2.500,0.00,50.0
17634.00,-3892.38,38454.74,352.03,2.500,0.00,50.0
17635.00,-3892.72,38457.22,352.03,2.500,0.00,50.0
17636.00,-3893.07,38459.69,352.03,2.500,0.00,50.0
17637.00,-3893.42,38462.17,352.03,2.500,0.00,50.0
17638.00,-3893.76,38464.64,352.03,2.500,0.00,50.0
17639.00,-3894.11,38467.12,352.03,2.500,0.00,50.0
17640.00,-3894.46,38469.60,352.03,2.500,0.00,50.0
17641.00,-3894.80,38472.07,352.03,2.500,0.00,50.0
17642.00,-3895.15,38474.55,352.03,2.500,0.00,50.0
17643.00,-3895.50,38477.02,352.03,2.500,0.00,50.0
17644.00,-3895.84,38479.50,352.03,2.500,0.00,50.0
17645.00,-3896.19,38481.98,352.03,2.500,0.00,50.0
17646.00,-3896.54,38484.45,352.03,2.500,0.00,50.0
17647.00,-3896.88,38486.93,352.03,2.500,0.00,50.0
17648.00,-3897.23,38489.40,352.03,2.500,0.00,50.0
17649.00,-3897.58,38491.88,352.03,2.500,0.00,50.0
17650.00,-3897.93,38494.35,352.03,2.500,0.00,50.0
17651.00,-3898.27,38496.83,352.03,2.500,0.00,50.0
17652.00,-3898.62,38499.31,352.03,2.500,0.00,50.0
17653.00,-3898.97,38501.78,352.03,2.500,0.00,50.0
17654.00,-3899.31,38504.26,352.03,2.500,0.00,50.0
17655.00,-3899.66,38506.73,352.03,2.500,0.00,50.0
17656.00,-3900.01,38509.21,352.03,2.500,0.00,50.0
17657.00,-3900.35,38511.69,352.03,2.500,0.00,50.0
17658.00,-3900.70,38514.16,352.03,2.500,0.00,50.0
17659.00,-3901.05,38516.64,352.03,2.500,0.00,50.0
17660.00,-3901.39,38519.11,352.03,2.500,0.00,50.0
17661.00,-3901.74,38521.59,352.03,2.500,0.00,50.0
17662.00,-3902.09,38524.06,352.03,2.500,0.00,50.0
17663.00,-3902.43,38526.54,352.03,2.500,0.00,50.0
17664.00,-3902.78,38529.02,352.03,2.500,0.00,50.0
17665.00,-3903.13,38531.49,352.03,2.500,0.00,50.0
17666.00,-3903.47,38533.97,352.03,2.500,0.00,50.0
17667.00,-3903.82,38536.44,352.03,2.500,0.00,50.0
17668.00,-3904.17,38538.92,352.03,2.500,0.00,50.0
17669.00,-3904.51,38541.40,352.03,2.500,0.00,50.0
17670.00,-3904.86,38543.87,352.03,2.500,0.00,50.0
17671.00,-3905.21,38546.35,352.03,2.500,0.00,50.0
17672.00,-3905.55,38548.82,352.03,2.500,0.00,50.0
17673.00,-3905.90,38551.30,352.03,2.500,0.00,50.0
17674.00,-3906.25,38553.78,352.03,2.500,0.00,50.0
17675.00,-3906.59,38556.25,352.03,2.500,0.00,50.0
17676.00,-3906.94,38558.73,352.03,2.500,0.00,50.0
17677.00,-3907.29,38561.20,352.03,2.500,0.00,50.0
17678.00,-3907.63,38563.68,352.03,2.500,0.00,50.0
17679.00,-3907.98,38566.15,352.03,2.500,0.00,50.0
17680.00,-3908.33,38568.63,352.03,2.500,0.00,50.0
17681.00,-3908.67,38571.11,352.03,2.500,0.00,50.0
17682.00,-3909.02,38573.58,352.03,2.500,0.00,50.0
17683.00,-3909.37,38576.06,352.03,2.500,0.00,50.0
17684.00,-3909.71,38578.53,352.03,2.500,0.00,50.0
17685.00,-3910.06,38581.01,352.03,2.500,0.00,50.0
17686.00,-3910.41,38583.49,352.03,2.500,0.00,50.0
17687.00,-3910.75,38585.96,352.03,2.500,0.00,50.0
17688.00,-3911.10,38588.44,352.03,2.500,0.00,50.0
17689.00,-3911.45,38590.91,352.03,2.500,0.00,50.0
17690.00,-3911.79,38593.39,352.03,2.500,0.00,50.0
17691.00,-3912.14,38595.86,352.03,2.500,0.00,50.0
17692.00,-3912.49,38598.34,352.03,2.500,0.00,50.0
17693.00,-3912.83,38600.82,352.03,2.500,0.00,50.0
17694.00,-3913.18,38603.29,352.03,2.500,0.00,50.0
17695.00,-3913.53,38605.77,352.03,2.500,0.00,50.0
17696.00,-3913.87,38608.24,352.03,2.500,0.00,50.0
17697.00,-3914.22,38610.72,352.03,2.500,0.00,50.0
17698.00,-3914.57,38613.20,352.03,2.500,0.00,50.0
17699.00,-3914.91,38615.67,352.03,2.500,0.00,50.0
17700.00,-3915.26,38618.15,352.03,2.500,0.00,50.0
17701.00,-3915.61,38620.62,352.03,2.500,0.00,50.0
17702.00,-3915.95,38623.10,352.03,2.500,0.00,50.0
17703.00,-3916.30,38625.57,352.03,2.500,0.00,50.0
17704.00,-3916.65,38628.05,352.03,2.500,0.00,50.0
17705.00,-3916.99,38630.53,352.03,2.500,0.00,50.0
17706.00,-3917.34,38633.00,352.03,2.500,0.00,50.0
17707.00,-3917.69,38635.48,352.03,2.500,0.00,50.0
17708.00,-3918.03,38637.95,352.03,2.500,0.00,50.0
17709.00,-3918.38,38640.43,352.03,2.500,0.00,50.0
17710.00,-3918.73,38642.91,352.03,2.500,0.00,50.0
17711.00,-3919.07,38645.38,352.03,2.500,0.00,50.0
17712.00,-3919.42,38647.86,352.03,2.500,0.00,50.0
17713.00,-3919.77,38650.33,352.03,2.500,0.00,50.0
17714.00,-3920.11,38652.81,352.03,2.500,0.00,50.0
17715.00,-3920.46,38655.28,352.03,2.500,0.00,50.0
17716.00,-3920.81,38657.76,352.03,2.500,0.00,50.0
17717.00,-3921.15,38660.24,352.03,2.500,0.00,50.0
17718.00,-3921.50,38662.71,352.03,2.500,0.00,50.0
17719.00,-3921.85,38665.19,352.03,2.500,0.00,50.0
17720.00,-3922.19,38667.66,352.03,2.500,0.00,50.0
17721.00,-3922.54,38670.14,352.03,2.500,0.00,50.0
17722.00,-3922.89,38672.62,352.03,2.500,0.00,50.0
17723.00,-3923.23,38675.09,352.03,2.500,0.00,50.0
17724.00,-3923.58,38677.57,352.03,2.500,0.00,50.0
17725.00,-3923.93,38680.04,352.03,2.500,0.00,50.0
17726.00,-3924.27,38682.52,352.03,2.500,0.00,50.0
17727.00,-3924.62,38684.99,352.03,2.500,0.00,50.0
17728.00,-3924.97,38687.47,352.03,2.500,0.00,50.0
17729.00,-3925.31,38689.95,352.03,2.500,0.00,50.0
17730.00,-3925.66,38692.42,352.03,2.500,0.00,50.0
17731.00,-3926.01,38694.90,352.03,2.500,0.00,50.0
17732.00,-3926.35,38697.37,352.03,2.500,0.00,50.0
17733.00,-3926.70,38699.85,352.03,2.500,0.00,50.0
17734.00,-3927.05,38702.33,352.03,2.500,0.00,50.0
17735.00,-3927.39,38704.80,352.03,2.500,0.00,50.0
17736.00,-3927.74,38707.28,352.03,2.500,0.00,50.0
17737.00,-3928.09,38709.75,352.03,2.500,0.00,50.0
17738.00,-3928.43,38712.23,352.03,2.500,0.00,50.0
17739.00,-3928.78,38714.70,352.03,2.500,0.00,50.0
17740.00,-3929.13,38717.18,352.03,2.500,0.00,50.0
17741.00,-3929.47,38719.66,352.03,2.500,0.00,50.0
17742.00,-3929.82,38722.13,352.03,2.500,0.00,50.0
17743.00,-3930.17,38724.61,352.03,2.500,0.00,50.0
17744.00,-3930.51,38727.08,352.03,2.500,0.00,50.0
17745.00,-3930.86,38729.56,352.03,2.500,0.00,50.0
17746.00,-3931.21,38732.04,352.03,2.500,0.00,50.0
17747.00,-3931.55,38734.51,352.03,2.500,0.00,50.0
17748.00,-3931.90,38736.99,352.03,2.500,0.00,50.0
17749.00,-3932.25,38739.46,352.03,2.500,0.00,50.0
17750.00,-3932.59,38741.94,352.03,2.500,0.00,50.0
17751.00,-3932.94,38744.41,352.03,2.500,0.00,50.0
17752.00,-3933.29,38746.89,352.03,2.500,0.00,50.0
17753.00,-3933.63,38749.37,352.03,2.500,0.00,50.0
17754.00,-3933.98,38751.84,352.03,2.500,0.00,50.0
17755.00,-3934.33,38754.32,352.03,2.500,0.00,50.0
17756.00,-3934.68,38756.79,352.03,2.500,0.00,50.0
17757.00,-3935.02,38759.27,352.03,2.500,0.00,50.0
17758.00,-3935.37,38761.75,352.03,2.500,0.00,50.0
17759.00,-3935.72,38764.22,352.03,2.500,0.00,50.0
17760.00,-3936.06,38766.70,352.03,2.500,0.00,50.0
17761.00,-3936.41,38769.17,352.03,2.500,0.00,50.0
17762.00,-3936.76,38771.65,352.03,2.500,0.00,50.0
17763.00,-3937.10,38774.13,352.03,2.500,0.00,50.0
17764.00,-3937.45,38776.60,352.03,2.500,0.00,50.0
17765.00,-3937.80,38779.08,352.03,2.500,0.00,50.0
17766.00,-3938.14,38781.55,352.03,2.500,0.00,50.0
17767.00,-3938.49,38784.03,352.03,2.500,0.00,50.0
17768.00,-3938.84,38786.50,352.03,2.500,0.00,50.0
17769.00,-3939.18,38788.98,352.03,2.500,0.00,50.0
17770.00,-3939.53,38791.46,352.03,2.500,0.00,50.0
17771.00,-3939.88,38793.93,352.03,2.500,0.00,50.0
17772.00,-3940.22,38796.41,352.03,2.500,0.00,50.0
17773.00,-3940.57,38798.88,352.03,2.500,0.00,50.0
17774.00,-3940.92,38801.36,352.03,2.500,0.00,50.0
17775.00,-3941.26,38803.84,352.03,2.500,0.00,50.0
17776.00,-3941.61,38806.31,352.03,2.500,0.00,50.0
17777.00,-3941.96,38808.79,352.03,2.500,0.00,50.0
17778.00,-3942.30,38811.26,352.03,2.500,0.00,50.0
17779.00,-3942.65,38813.74,352.03,2.500,0.00,50.0
17780.00,-3943.00,38816.21,352.03,2.500,0.00,50.0
17781.00,-3943.34,38818.69,352.03,2.500,0.00,50.0
17782.00,-3943.69,38821.17,352.03,2.500,0.00,50.0
17783.00,-3944.04,38823.64,352.03,2.500,0.00,50.0
17784.00,-3944.38,38826.12,352.03,2.500,0.00,50.0
17785.00,-3944.73,38828.59,352.03,2.500,0.00,50.0
17786.00,-3945.08,38831.07,352.03,2.500,0.00,50.0
17787.00,-3945.42,38833.55,352.03,2.500,0.00,50.0
17788.00,-3945.77,38836.02,352.03,2.500,0.00,50.0
17789.00,-3946.12,38838.50,352.03,2.500,0.00,50.0
17790.00,-3946.46,38840.97,352.03,2.500,0.00,50.0
17791.00,-3946.81,38843.45,352.03,2.500,0.00,50.0
17792.00,-3947.16,38845.92,352.03,2.500,0.00,50.0
17793.00,-3947.50,38848.40,352.03,2.500,0.00,50.0
17794.00,-3947.85,38850.88,352.03,2.500,0.00,50.0
17795.00,-3948.20,38853.35,352.03,2.500,0.00,50.0
17796.00,-3948.54,38855.83,352.03,2.500,0.00,50.0
17797.00,-3948.89,38858.30,352.03,2.500,0.00,50.0
17798.00,-3949.24,38860.78,352.03,2.500,0.00,50.0
17799.00,-3949.58,38863.26,352.03,2.500,0.00,50.0
17800.00,-3949.93,38865.73,352.03,2.500,0.00,50.0
17801.00,-3950.28,38868.21,352.03,2.500,0.00,50.0
17802.00,-3950.62,38870.68,352.03,2.500,0.00,50.0
17803.00,-3950.97,38873.16,352.03,2.500,0.00,50.0
17804.00,-3951.32,38875.63,352.03,2.500,0.00,50.0
17805.00,-3951.66,38878.11,352.03,2.500,0.00,50.0
17806.00,-3952.01,38880.59,352.03,2.500,0.00,50.0
17807.00,-3952.36,38883.06,352.03,2.500,0.00,50.0
17808.00,-3952.70,38885.54,352.03,2.500,0.00,50.0
17809.00,-3953.05,38888.01,352.03,2.500,0.00,50.0
17810.00,-3953.40,38890.49,352.03,2.500,0.00,50.0
17811.00,-3953.74,38892.97,352.03,2.500,0.00,50.0
17812.00,-3954.09,38895.44,352.03,2.500,0.00,50.0
17813.00,-3954.44,38897.92,352.03,2.500,0.00,50.0
17814.00,-3954.78,38900.39,352.03,2.500,0.00,50.0
17815.00,-3955.13,38902.87,352.03,2.500,0.00,50.0
17816.00,-3955.48,38905.34,352.03,2.500,0.00,50.0
17817.00,-3955.82,38907.82,352.03,2.500,0.00,50.0
17818.00,-3956.17,38910.30,352.03,2.500,0.00,50.0
17819.00,-3956.52,38912.77,352.03,2.500,0.00,50.0
17820.00,-3956.86,38915.25,352.03,2.500,0.00,50.0
17821.00,-3957.21,38917.72,352.03,2.500,0.00,50.0
17822.00,-3957.56,38920.20,352.03,2.500,0.00,50.0
17823.00,-3957.90,38922.68,352.03,2.500,0.00,50.0
17824.00,-3958.25,38925.15,352.03,2.500,0.00,50.0
17825.00,-3958.60,38927.63,352.03,2.500,0.00,50.0
17826.00,-3958.94,38930.10,352.03,2.500,0.00,50.0
17827.00,-3959.29,38932.58,352.03,2.500,0.00,50.0
17828.00,-3959.64,38935.05,352.03,2.500,0.00,50.0
17829.00,-3959.98,38937.53,352.03,2.500,0.00,50.0
17830.00,-3960.33,38940.01,352.03,2.500,0.00,50.0
17831.00,-3960.68,38942.48,352.03,2.500,0.00,50.0
17832.00,-3961.02,38944.96,352.03,2.500,0.00,50.0
17833.00,-3961.37,38947.43,352.03,2.500,0.00,50.0
17834.00,-3961.72,38949.91,352.03,2.500,0.00,50.0
17835.00,-3962.06,38952.39,352.03,2.500,0.00,50.0
17836.00,-3962.41,38954.86,352.03,2.500,0.00,50.0
17837.00,-3962.76,38957.34,352.03,2.500,0.00,50.0
17838.00,-3963.10,38959.81,352.03,2.500,0.00,50.0
17839.00,-3963.45,38962.29,352.03,2.500,0.00,50.0
17840.00,-3963.80,38964.77,352.03,2.500,0.00,50.0
17841.00,-3964.14,38967.24,352.03,2.500,0.00,50.0
17842.00,-3964.49,38969.72,352.03,2.500,0.00,50.0
17843.00,-3964.84,38972.19,352.03,2.500,0.00,50.0
17844.00,-3965.18,38974.67,352.03,2.500,0.00,50.0
17845.00,-3965.53,38977.14,352.03,2.500,0.00,50.0
17846.00,-3965.88,38979.62,352.03,2.500,0.00,50.0
17847.00,-3966.22,38982.10,352.03,2.500,0.00,50.0
17848.00,-3966.57,38984.57,352.03,2.500,0.00,50.0
17849.00,-3966.92,38987.05,352.03,2.500,0.00,50.0
17850.00,-3967.26,38989.52,352.03,2.500,0.00,50.0
17851.00,-3967.61,38992.00,352.03,2.500,0.00,50.0
17852.00,-3967.96,38994.48,352.03,2.500,0.00,50.0
17853.00,-3968.30,38996.95,352.03,2.500,0.00,50.0
17854.00,-3968.65,38999.43,352.03,2.500,0.00,50.0
17855.00,-3969.00,39001.90,352.03,2.500,0.00,50.0
17856.00,-3969.34,39004.38,352.03,2.500,0.00,50.0
17857.00,-3969.69,39006.85,352.03,2.500,0.00,50.0
17858.00,-3970.04,39009.33,352.03,2.500,0.00,50.0
17859.00,-3970.38,39011.81,352.03,2.500,0.00,50.0
17860.00,-3970.73,39014.28,352.03,2.500,0.00,50.0
17861.00,-3971.08,39016.76,352.03,2.500,0.00,50.0
17862.00,-3971.43,39019.23,352.03,2.500,0.00,50.0
17863.00,-3971.77,39021.71,352.03,2.500,0.00,50.0
17864.00,-3972.12,39024.19,352.03,2.500,0.00,50.0
17865.00,-3972.47,39026.66,352.03,2.500,0.00,50.0
17866.00,-3972.81,39029.14,352.03,2.500,0.00,50.0
17867.00,-3973.16,39031.61,352.03,2.500,0.00,50.0
17868.00,-3973.51,39034.09,352.03,2.500,0.00,50.0
17869.00,-3973.85,39036.56,352.03,2.500,0.00,50.0
17870.00,-3974.20,39039.04,352.03,2.500,0.00,50.0
17871.00,-3974.55,39041.52,352.03,2.500,0.00,50.0
17872.00,-3974.89,39043.99,352.03,2.500,0.00,50.0
17873.00,-3975.24,39046.47,352.03,2.500,0.00,50.0
17874.00,-3975.59,39048.94,352.03,2.500,0.00,50.0
17875.00,-3975.93,39051.42,352.03,2.500,0.00,50.0
17876.00,-3976.28,39053.90,352.03,2.500,0.00,50.0
17877.00,-3976.63,39056.37,352.03,2.500,0.00,50.0
17878.00,-3976.97,39058.85,352.03,2.500,0.00,50.0
17879.00,-3977.32,39061.32,352.03,2.500,0.00,50.0
17880.00,-3977.67,39063.80,352.03,2.500,0.00,50.0
17881.00,-3978.01,39066.27,352.03,2.500,0.00,50.0
17882.00,-3978.36,39068.75,352.03,2.500,0.00,50.0
17883.00,-3978.71,39071.23,352.03,2.500,0.00,50.0
17884.00,-3979.05,39073.70,352.03,2.500,0.00,50.0
17885.00,-3979.40,39076.18,352.03,2.500,0.00,50.0
17886.00,-3979.75,39078.65,352.03,2.500,0.00,50.0
17887.00,-3980.09,39081.13,352.03,2.500,0.00,50.0
17888.00,-3980.44,39083.61,352.03,2.500,0.00,50.0
17889.00,-3980.79,39086.08,352.03,2.500,0.00,50.0
17890.00,-3981.13,39088.56,352.03,2.500,0.00,50.0
17891.00,-3981.48,39091.03,352.03,2.500,0.00,50.0
17892.00,-3981.83,39093.51,352.03,2.500,0.00,50.0
17893.00,-3982.17,39095.98,352.03,2.500,0.00,50.0
17894.00,-3982.52,39098.46,352.03,2.500,0.00,50.0
17895.00,-3982.87,39100.94,352.03,2.500,0.00,50.0
17896.00,-3983.21,39103.41,352.03,2.500,0.00,50.0
17897.00,-3983.56,39105.89,352.03,2.500,0.00,50.0
17898.00,-3983.91,39108.36,352.03,2.500,0.00,50.0
17899.00,-3984.25,39110.84,352.03,2.500,0.00,50.0
17900.00,-3984.60,39113.32,352.03,2.500,0.00,50.0
17901.00,-3984.95,39115.79,352.03,2.500,0.00,50.0
17902.00,-3985.29,39118.27,352.03,2.500,0.00,50.0
17903.00,-3985.64,39120.74,352.03,2.500,0.00,50.0
17904.00,-3985.99,39123.22,352.03,2.500,0.00,50.0
17905.00,-3986.33,39125.69,352.03,2.500,0.00,50.0
17906.00,-3986.68,39128.17,352.03,2.500,0.00,50.0
17907.00,-3987.03,39130.65,352.03,2.500,0.00,50.0
17908.00,-3987.37,39133.12,352.03,2.500,0.00,50.0
17909.00,-3987.72,39135.60,352.03,2.500,0.00,50.0
17910.00,-3988.07,39138.07,352.03,2.500,0.00,50.0
17911.00,-3988.41,39140.55,352.03,2.500,0.00,50.0
17912.00,-3988.76,39143.03,352.03,2.500,0.00,50.0
17913.00,-3989.11,39145.50,352.03,2.500,0.00,50.0
17914.00,-3989.45,39147.98,352.03,2.500,0.00,50.0
17915.00,-3989.80,39150.45,352.03,2.500,0.00,50.0
17916.00,-3990.15,39152.93,352.03,2.500,0.00,50.0
17917.00,-3990.49,39155.40,352.03,2.500,0.00,50.0
17918.00,-3990.84,39157.88,352.03,2.500,0.00,50.0
17919.00,-3991.19,39160.36,352.03,2.500,0.00,50.0
17920.00,-3991.53,39162.83,352.03,2.500,0.00,50.0
17921.00,-3991.88,39165.31,352.03,2.500,0.00,50.0
17922.00,-3992.23,39167.78,352.03,2.500,0.00,50.0
17923.00,-3992.57,39170.26,352.03,2.500,0.00,50.0
17924.00,-3992.92,39172.74,352.03,2.500,0.00,50.0
17925.00,-3993.27,39175.21,352.03,2.500,0.00,50.0
17926.00,-3993.61,39177.69,352.03,2.500,0.00,50.0
17927.00,-3993.96,39180.16,352.03,2.500,0.00,50.0
17928.00,-3994.31,39182.64,352.03,2.500,0.00,50.0
17929.00,-3994.65,39185.12,352.03,2.500,0.00,50.0
17930.00,-3995.00,39187.59,352.03,2.500,0.00,50.0
17931.00,-3995.35,39190.07,352.03,2.500,0.00,50.0
17932.00,-3995.69,39192.54,352.03,2.500,0.00,50.0
17933.00,-3996.04,39195.02,352.03,2.500,0.00,50.0
17934.00,-3996.39,39197.49,352.03,2.500,0.00,50.0
17935.00,-3996.73,39199.97,352.03,2.500,0.00,50.0
17936.00,-3997.08,39202.45,352.03,2.500,0.00,50.0
17937.00,-3997.43,39204.92,352.03,2.500,0.00,50.0
17938.00,-3997.77,39207.40,352.03,2.500,0.00,50.0
17939.00,-3998.12,39209.87,352.03,2.500,0.00,50.0
17940.00,-3998.47,39212.35,352.03,2.500,0.00,50.0
17941.00,-3998.81,39214.83,352.03,2.500,0.00,50.0
17942.00,-3999.16,39217.30,352.03,2.500,0.00,50.0
17943.00,-3999.51,39219.78,352.03,2.500,0.00,50.0
17944.00,-3999.85,39222.25,352.03,2.500,0.00,50.0
17945.00,-4000.20,39224.73,352.03,2.500,0.00,50.0
17946.00,-4000.55,39227.20,352.03,2.500,0.00,50.0
17947.00,-4000.89,39229.68,352.03,2.500,0.00,50.0
17948.00,-4001.24,39232.16,352.03,2.500,0.00,50.0
17949.00,-4001.59,39234.63,352.03,2.500,0.00,50.0
17950.00,-4001.93,39237.11,352.03,2.500,0.00,50.0
17951.00,-4002.28,39239.58,352.03,2.500,0.00,50.0
17952.00,-4002.63,39242.06,352.03,2.500,0.00,50.0
17953.00,-4002.97,39244.54,352.03,2.500,0.00,50.0
17954.00,-4003.32,39247.01,352.03,2.500,0.00,50.0
17955.00,-4003.67,39249.49,352.03,2.500,0.00,50.0
17956.00,-4004.01,39251.96,352.03,2.500,0.00,50.0
17957.00,-4004.36,39254.44,352.03,2.500,0.00,50.0
17958.00,-4004.71,39256.91,352.03,2.500,0.00,50.0
17959.00,-4005.05,39259.39,352.03,2.500,0.00,50.0
17960.00,-4005.40,39261.87,352.03,2.500,0.00,50.0
17961.00,-4005.75,39264.34,352.03,2.500,0.00,50.0
17962.00,-4006.09,39266.82,352.03,2.500,0.00,50.0
17963.00,-4006.44,39269.29,352.03,2.500,0.00,50.0
17964.00,-4006.79,39271.77,352.03,2.500,0.00,50.0
17965.00,-4007.13,39274.25,352.03,2.500,0.00,50.0
17966.00,-4007.48,39276.72,352.03,2.500,0.00,50.0
17967.00,-4007.83,39279.20,352.03,2.500,0.00,50.0
17968.00,-4008.18,39281.67,352.03,2.500,0.00,50.0
17969.00,-4008.52,39284.15,352.03,2.500,0.00,50.0
17970.00,-4008.87,39286.62,352.03,2.500,0.00,50.0
17971.00,-4009.22,39289.10,352.03,2.500,0.00,50.0
17972.00,-4009.56,39291.58,352.03,2.500,0.00,50.0
17973.00,-4009.91,39294.05,352.03,2.500,0.00,50.0
17974.00,-4010.26,39296.53,352.03,2.500,0.00,50.0
17975.00,-4010.60,39299.00,352.03,2.500,0.00,50.0
17976.00,-4010.95,39301.48,352.03,2.500,0.00,50.0
17977.00,-4011.30,39303.96,352.03,2.500,0.00,50.0
17978.00,-4011.64,39306.43,352.03,2.500,0.00,50.0
17979.00,-4011.99,39308.91,352.03,2.500,0.00,50.0
17980.00,-4012.34,39311.38,352.03,2.500,0.00,50.0
17981.00,-4012.68,39313.86,352.03,2.500,0.00,50.0
17982.00,-4013.03,39316.33,352.03,2.500,0.00,50.0
17983.00,-4013.38,39318.81,352.03,2.500,0.00,50.0
17984.00,-4013.72,39321.29,352.03,2.500,0.00,50.0
17985.00,-4014.07,39323.76,352.03,2.500,0.00,50.0
17986.00,-4014.42,39326.24,352.03,2.500,0.00,50.0
17987.00,-4014.76,39328.71,352.03,2.500,0.00,50.0
17988.00,-4015.11,39331.19,352.03,2.500,0.00,50.0
17989.00,-4015.46,39333.67,352.03,2.500,0.00,50.0
17990.00,-4015.80,39336.14,352.03,2.500,0.00,50.0
17991.00,-4016.15,39338.62,352.03,2.500,0.00,50.0
17992.00,-4016.50,39341.09,352.03,2.500,0.00,50.0
17993.00,-4016.84,39343.57,352.03,2.500,0.00,50.0
17994.00,-4017.19,39346.04,352.03,2.500,0.00,50.0
17995.00,-4017.54,39348.52,352.03,2.500,0.00,50.0
17996.00,-4017.88,39351.00,352.03,2.500,0.00,50.0
17997.00,-4018.23,39353.47,352.03,2.500,0.00,50.0
17998.00,-4018.58,39355.95,352.03,2.500,0.00,50.0
17999.00,-4018.92,39358.42,352.03,2.500,0.00,50.0
18000.00,-4019.27,39360.90,352.03,2.500,0.00,50.0
18001.00,-4019.62,39363.38,352.03,2.500,0.00,50.0
18002.00,-4019.96,39365.85,352.03,2.500,0.00,50.0
18003.00,-4020.31,39368.33,352.03,2.500,0.00,50.0
18004.00,-4020.66,39370.80,352.03,2.500,0.00,50.0
18005.00,-4021.00,39373.28,352.03,2.500,0.00,50.0
18006.00,-4021.35,39375.76,352.03,2.500,0.00,50.0
18007.00,-4021.70,39378.23,352.03,2.500,0.00,50.0
18008.00,-4022.04,39380.71,352.03,2.500,0.00,50.0
18009.00,-4022.39,39383.18,352.03,2.500,0.00,50.0
18010.00,-4022.74,39385.66,352.03,2.500,0.00,50.0
18011.00,-4023.08,39388.13,352.03,2.500,0.00,50.0
18012.00,-4023.43,39390.61,352.03,2.500,0.00,50.0
18013.00,-4023.78,39393.09,352.03,2.500,0.00,50.0
18014.00,-4024.12,39395.56,352.03,2.500,0.00,50.0
18015.00,-4024.47,39398.04,352.03,2.500,0.00,50.0
18016.00,-4024.82,39400.51,352.03,2.500,0.00,50.0
18017.00,-4025.16,39402.99,352.03,2.500,0.00,50.0
18018.00,-4025.51,39405.47,352.03,2.500,0.00,50.0
18019.00,-4025.86,39407.94,352.03,2.500,0.00,50.0
18020.00,-4026.20,39410.42,352.03,2.500,0.00,50.0
18021.00,-4026.55,39412.89,352.03,2.500,0.00,50.0
18022.00,-4026.90,39415.37,352.03,2.500,0.00,50.0
18023.00,-4027.24,39417.84,352.03,2.500,0.00,50.0
18024.00,-4027.59,39420.32,352.03,2.500,0.00,50.0
18025.00,-4027.94,39422.80,352.03,2.500,0.00,50.0
18026.00,-4028.28,39425.27,352.03,2.500,0.00,50.0
18027.00,-4028.63,39427.75,352.03,2.500,0.00,50.0
18028.00,-4028.98,39430.22,352.03,2.500,0.00,50.0
18029.00,-4029.32,39432.70,352.03,2.500,0.00,50.0
18030.00,-4029.67,39435.18,352.03,2.500,0.00,50.0
18031.00,-4030.02,39437.65,352.03,2.500,0.00,50.0
18032.00,-4030.36,39440.13,352.03,2.500,0.00,50.0
18033.00,-4030.71,39442.60,352.03,2.500,0.00,50.0
18034.00,-4031.06,39445.08,352.03,2.500,0.00,50.0
18035.00,-4031.40,39447.55,352.03,2.500,0.00,50.0
18036.00,-4031.75,39450.03,352.03,2.500,0.00,50.0
18037.00,-4032.10,39452.51,352.03,2.500,0.00,50.0
18038.00,-4032.44,39454.98,352.03,2.500,0.00,50.0
18039.00,-4032.79,39457.46,352.03,2.500,0.00,50.0
18040.00,-4033.14,39459.93,352.03,2.500,0.00,50.0
18041.00,-4033.48,39462.41,352.03,2.500,0.00,50.0
18042.00,-4033.83,39464.89,352.03,2.500,0.00,50.0
18043.00,-4034.18,39467.36,352.03,2.500,0.00,50.0
18044.00,-4034.52,39469.84,352.03,2.500,0.00,50.0
18045.00,-4034.87,39472.31,352.03,2.500,0.00,50.0
18046.00,-4035.22,39474.79,352.03,2.500,0.00,50.0
18047.00,-4035.56,39477.26,352.03,2.500,0.00,50.0
18048.00,-4035.91,39479.74,352.03,2.500,0.00,50.0
18049.00,-4036.26,39482.22,352.03,2.500,0.00,50.0
18050.00,-4036.60,39484.69,352.03,2.500,0.00,50.0
18051.00,-4036.95,39487.17,352.03,2.500,0.00,50.0
18052.00,-4037.30,39489.64,352.03,2.500,0.00,50.0
18053.00,-4037.64,39492.12,352.03,2.500,0.00,50.0
18054.00,-4037.99,39494.60,352.03,2.500,0.00,50.0
18055.00,-4038.34,39497.07,352.03,2.500,0.00,50.0
18056.00,-4038.68,39499.55,352.03,2.500,0.00,50.0
18057.00,-4039.03,39502.02,352.03,2.500,0.00,50.0
18058.00,-4039.38,39504.50,352.03,2.500,0.00,50.0
18059.00,-4039.72,39506.97,352.03,2.500,0.00,50.0
18060.00,-4040.07,39509.45,352.03,2.500,0.00,50.0
18061.00,-4040.42,39511.93,352.03,2.500,0.00,50.0
18062.00,-4040.76,39514.40,352.03,2.500,0.00,50.0
18063.00,-4041.11,39516.88,352.03,2.500,0.00,50.0
18064.00,-4041.46,39519.35,352.03,2.500,0.00,50.0
18065.00,-4041.80,39521.83,352.03,2.500,0.00,50.0
18066.00,-4042.15,39524.31,352.03,2.500,0.00,50.0
18067.00,-4042.50,39526.78,352.03,2.500,0.00,50.0
18068.00,-4042.84,39529.26,352.03,2.500,0.00,50.0
18069.00,-4043.19,39531.73,352.03,2.500,0.00,50.0
18070.00,-4043.54,39534.21,352.03,2.500,0.00,50.0
18071.00,-4043.88,39536.68,352.03,2.500,0.00,50.0
18072.00,-4044.23,39539.16,352.03,2.500,0.00,50.0
18073.00,-4044.58,39541.64,352.03,2.500,0.00,50.0
18074.00,-4044.93,39544.11,352.03,2.500,0.00,50.0
18075.00,-4045.27,39546.59,352.03,2.500,0.00,50.0
18076.00,-4045.62,39549.06,352.03,2.500,0.00,50.0
18077.00,-4045.97,39551.54,352.03,2.500,0.00,50.0
18078.00,-4046.31,39554.02,352.03,2.500,0.00,50.0
18079.00,-4046.66,39556.49,352.03,2.500,0.00,50.0
18080.00,-4047.01,39558.97,352.03,2.500,0.00,50.0
18081.00,-4047.35,39561.44,352.03,2.500,0.00,50.0
18082.00,-4047.70,39563.92,352.03,2.500,0.00,50.0
18083.00,-4048.05,39566.39,352.03,2.500,0.00,50.0
18084.00,-4048.39,39568.87,352.03,2.500,0.00,50.0
18085.00,-4048.74,39571.35,352.03,2.500,0.00,50.0
18086.00,-4049.09,39573.82,352.03,2.500,0.00,50.0
18087.00,-4049.43,39576.30,352.03,2.500,0.00,50.0
18088.00,-4049.78,39578.77,352.03,2.500,0.00,50.0
18089.00,-4050.13,39581.25,352.03,2.500,0.00,50.0
18090.00,-4050.47,39583.73,352.03,2.500,0.00,50.0
18091.00,-4050.82,39586.20,352.03,2.500,0.00,50.0
18092.00,-4051.17,39588.68,352.03,2.500,0.00,50.0
18093.00,-4051.51,39591.15,352.03,2.500,0.00,50.0
18094.00,-4051.86,39593.63,352.03,2.500,0.00,50.0
18095.00,-4052.21,39596.11,352.03,2.500,0.00,50.0
18096.00,-4052.55,39598.58,352.03,2.500,0.00,50.0
18097.00,-4052.90,39601.06,352.03,2.500,0.00,50.0
18098.00,-4053.25,39603.53,352.03,2.500,0.00,50.0
18099.00,-4053.59,39606.01,352.03,2.500,0.00,50.0
18100.00,-4053.94,39608.48,352.03,2.500,0.00,50.0
18101.00,-4054.29,39610.96,352.03,2.500,0.00,50.0
18102.00,-4054.63,39613.44,352.03,2.500,0.00,50.0
18103.00,-4054.98,39615.91,352.03,2.500,0.00,50.0
18104.00,-4055.33,39618.39,352.03,2.500,0.00,50.0
18105.00,-4055.67,39620.86,352.03,2.500,0.00,50.0
18106.00,-4056.02,39623.34,352.03,2.500,0.00,50.0
18107.00,-4056.37,39625.82,352.03,2.500,0.00,50.0
18108.00,-4056.71,39628.29,352.03,2.500,0.00,50.0
18109.00,-4057.06,39630.77,352.03,2.500,0.00,50.0
18110.00,-4057.41,39633.24,352.03,2.500,0.00,50.0
18111.00,-4057.75,39635.72,352.03,2.500,0.00,50.0
18112.00,-4058.10,39638.19,352.03,2.500,0.00,50.0
18113.00,-4058.45,39640.67,352.03,2.500,0.00,50.0
18114.00,-4058.79,39643.15,352.03,2.500,0.00,50.0
18115.00,-4059.14,39645.62,352.03,2.500,0.00,50.0
18116.00,-4059.49,39648.10,352.03,2.500,0.00,50.0
18117.00,-4059.83,39650.57,352.03,2.500,0.00,50.0
18118.00,-4060.18,39653.05,352.03,2.500,0.00,50.0
18119.00,-4060.53,39655.53,352.03,2.500,0.00,50.0
18120.00,-4060.87,39658.00,352.03,2.500,0.00,50.0
18121.00,-4061.22,39660.48,352.03,2.500,0.00,50.0
18122.00,-4061.57,39662.95,352.03,2.500,0.00,50.0
18123.00,-4061.91,39665.43,352.03,2.500,0.00,50.0
18124.00,-4062.26,39667.90,352.03,2.500,0.00,50.0
18125.00,-4062.61,39670.38,352.03,2.500,0.00,50.0
18126.00,-4062.95,39672.86,352.03,2.500,0.00,50.0
18127.00,-4063.30,39675.33,352.03,2.500,0.00,50.0
18128.00,-4063.65,39677.81,352.03,2.500,0.00,50.0
18129.00,-4063.99,39680.28,352.03,2.500,0.00,50.0
18130.00,-4064.34,39682.76,352.03,2.500,0.00,50.0
18131.00,-4064.69,39685.24,352.03,2.500,0.00,50.0
18132.00,-4065.03,39687.71,352.03,2.500,0.00,50.0
18133.00,-4065.38,39690.19,352.03,2.500,0.00,50.0
18134.00,-4065.73,39692.66,352.03,2.500,0.00,50.0
18135.00,-4066.07,39695.14,352.03,2.500,0.00,50.0
18136.00,-4066.42,39697.61,352.03,2.500,0.00,50.0
18137.00,-4066.77,39700.09,352.03,2.500,0.00,50.0
18138.00,-4067.11,39702.57,352.03,2.500,0.00,50.0
18139.00,-4067.46,39705.04,352.03,2.500,0.00,50.0
18140.00,-4067.81,39707.52,352.03,2.500,0.00,50.0
18141.00,-4068.15,39709.99,352.03,2.500,0.00,50.0
18142.00,-4068.50,39712.47,352.03,2.500,0.00,50.0
18143.00,-4068.85,39714.95,352.03,2.500,0.00,50.0
18144.00,-4069.19,39717.42,352.03,2.500,0.00,50.0
18145.00,-4069.54,39719.90,352.03,2.500,0.00,50.0
18146.00,-4069.89,39722.37,352.03,2.500,0.00,50.0
18147.00,-4070.23,39724.85,352.03,2.500,0.00,50.0
18148.00,-4070.58,39727.32,352.03,2.500,0.00,50.0
18149.00,-4070.93,39729.80,352.03,2.500,0.00,50.0
18150.00,-4071.27,39732.28,352.03,2.500,0.00,50.0
18151.00,-4071.62,39734.75,352.03,2.500,0.00,50.0
18152.00,-4071.97,39737.23,352.03,2.500,0.00,50.0
18153.00,-4072.31,39739.70,352.03,2.500,0.00,50.0
18154.00,-4072.66,39742.18,352.03,2.500,0.00,50.0
18155.00,-4073.01,39744.66,352.03,2.500,0.00,50.0
18156.00,-4073.35,39747.13,352.03,2.500,0.00,50.0
18157.00,-4073.70,39749.61,352.03,2.500,0.00,50.0
18158.00,-4074.05,39752.08,352.03,2.500,0.00,50.0
18159.00,-4074.39,39754.56,352.03,2.500,0.00,50.0
18160.00,-4074.74,39757.03,352.03,2.500,0.00,50.0
18161.00,-4075.09,39759.51,352.03,2.500,0.00,50.0
18162.00,-4075.43,39761.99,352.03,2.500,0.00,50.0
18163.00,-4075.78,39764.46,352.03,2.500,0.00,50.0
18164.00,-4076.13,39766.94,352.03,2.500,0.00,50.0
18165.00,-4076.47,39769.41,352.03,2.500,0.00,50.0
18166.00,-4076.82,39771.89,352.03,2.500,0.00,50.0
18167.00,-4077.17,39774.37,352.03,2.500,0.00,50.0
18168.00,-4077.51,39776.84,352.03,2.500,0.00,50.0
18169.00,-4077.86,39779.32,352.03,2.500,0.00,50.0
18170.00,-4078.21,39781.79,352.03,2.500,0.00,50.0
18171.00,-4078.55,39784.27,352.03,2.500,0.00,50.0
18172.00,-4078.90,39786.75,352.03,2.500,0.00,50.0
18173.00,-4079.25,39789.22,352.03,2.500,0.00,50.0
18174.00,-4079.59,39791.70,352.03,2.500,0.00,50.0
18175.00,-4079.94,39794.17,352.03,2.500,0.00,50.0
18176.00,-4080.29,39796.65,352.03,2.500,0.00,50.0
18177.00,-4080.63,39799.12,352.03,2.500,0.00,50.0
18178.00,-4080.98,39801.60,352.03,2.500,0.00,50.0
18179.00,-4081.33,39804.08,352.03,2.500,0.00,50.0
18180.00,-4081.68,39806.55,352.03,2.500,0.00,50.0
18181.00,-4082.02,39809.03,352.03,2.500,0.00,50.0
18182.00,-4082.37,39811.50,352.03,2.500,0.00,50.0
18183.00,-4082.72,39813.98,352.03,2.500,0.00,50.0
18184.00,-4083.06,39816.46,352.03,2.500,0.00,50.0
18185.00,-4083.41,39818.93,352.03,2.500,0.00,50.0
18186.00,-4083.76,39821.41,352.03,2.500,0.00,50.0
18187.00,-4084.10,39823.88,352.03,2.500,0.00,50.0
18188.00,-4084.45,39826.36,352.03,2.500,0.00,50.0
18189.00,-4084.80,39828.83,352.03,2.500,0.00,50.0
18190.00,-4085.14,39831.31,352.03,2.500,0.00,50.0
18191.00,-4085.49,39833.79,352.03,2.500,0.00,50.0
18192.00,-4085.84,39836.26,352.03,2.500,0.00,50.0
18193.00,-4086.18,39838.74,352.03,2.500,0.00,50.0
18194.00,-4086.53,39841.21,352.03,2.500,0.00,50.0
18195.00,-4086.88,39843.69,352.03,2.500,0.00,50.0
18196.00,-4087.22,39846.17,352.03,2.500,0.00,50.0
18197.00,-4087.57,39848.64,352.03,2.500,0.00,50.0
18198.00,-4087.92,39851.12,352.03,2.500,0.00,50.0
18199.00,-4088.26,39853.59,352.03,2.500,0.00,50.0
18200.00,-4088.61,39856.07,352.03,2.500,0.00,50.0
18201.00,-4088.96,39858.54,352.03,2.500,0.00,50.0
18202.00,-4089.30,39861.02,352.03,2.500,0.00,50.0
18203.00,-4089.65,39863.50,352.03,2.500,0.00,50.0
18204.00,-4090.00,39865.97,352.03,2.500,0.00,50.0
18205.00,-4090.34,39868.45,352.03,2.500,0.00,50.0
18206.00,-4090.69,39870.92,352.03,2.500,0.00,50.0
18207.00,-4091.04,39873.40,352.03,2.500,0.00,50.0
18208.00,-4091.38,39875.88,352.03,2.500,0.00,50.0
18209.00,-4091.73,39878.35,352.03,2.500,0.00,50.0
18210.00,-4092.08,39880.83,352.03,2.500,0.00,50.0
18211.00,-4092.42,39883.30,352.03,2.500,0.00,50.0
18212.00,-4092.77,39885.78,352.03,2.500,0.00,50.0
18213.00,-4093.12,39888.25,352.03,2.500,0.00,50.0
18214.00,-4093.46,39890.73,352.03,2.500,0.00,50.0
18215.00,-4093.81,39893.21,352.03,2.500,0.00,50.0
18216.00,-4094.16,39895.68,352.03,2.500,0.00,50.0
18217.00,-4094.50,39898.16,352.03,2.500,0.00,50.0
18218.00,-4094.85,39900.63,352.03,2.500,0.00,50.0
18219.00,-4095.20,39903.11,352.03,2.500,0.00,50.0
18220.00,-4095.54,39905.59,352.03,2.500,0.00,50.0
18221.00,-4095.89,39908.06,352.03,2.500,0.00,50.0
18222.00,-4096.24,39910.54,352.03,2.500,0.00,50.0
18223.00,-4096.58,39913.01,352.03,2.500,0.00,50.0
18224.00,-4096.93,39915.49,352.03,2.500,0.00,50.0
18225.00,-4097.28,39917.96,352.03,2.500,0.00,50.0
18226.00,-4097.62,39920.44,352.03,2.500,0.00,50.0
18227.00,-4097.97,39922.92,352.03,2.500,0.00,50.0
18228.00,-4098.32,39925.39,352.03,2.500,0.00,50.0
18229.00,-4098.66,39927.87,352.03,2.500,0.00,50.0
18230.00,-4099.01,39930.34,352.03,2.500,0.00,50.0
18231.00,-4099.36,39932.82,352.03,2.500,0.00,50.0
18232.00,-4099.70,39935.30,352.03,2.500,0.00,50.0
18233.00,-4100.05,39937.77,352.03,2.500,0.00,50.0
18234.00,-4100.40,39940.25,352.03,2.500,0.00,50.0
18235.00,-4100.74,39942.72,352.03,2.500,0.00,50.0
18236.00,-4101.09,39945.20,352.03,2.500,0.00,50.0
18237.00,-4101.44,39947.67,352.03,2.500,0.00,50.0
18238.00,-4101.78,39950.15,352.03,2.500,0.00,50.0
18239.00,-4102.13,39952.63,352.03,2.500,0.00,50.0
18240.00,-4102.48,39955.10,352.03,2.500,0.00,50.0
18241.00,-4102.82,39957.58,352.03,2.500,0.00,50.0
18242.00,-4103.17,39960.05,352.03,2.500,0.00,50.0
18243.00,-4103.52,39962.53,352.03,2.500,0.00,50.0
18244.00,-4103.86,39965.01,352.03,2.500,0.00,50.0
18245.00,-4104.21,39967.48,352.03,2.500,0.00,50.0
18246.00,-4104.56,39969.96,352.03,2.500,0.00,50.0
18247.00,-4104.90,39972.43,352.03,2.500,0.00,50.0
18248.00,-4105.25,39974.91,352.03,2.500,0.00,50.0
18249.00,-4105.60,39977.38,352.03,2.500,0.00,50.0
18250.00,-4105.94,39979.86,352.03,2.500,0.00,50.0
18251.00,-4106.29,39982.34,352.03,2.500,0.00,50.0
18252.00,-4106.64,39984.81,352.03,2.500,0.00,50.0
18253.00,-4106.98,39987.29,352.03,2.500,0.00,50.0
18254.00,-4107.33,39989.76,352.03,2.500,0.00,50.0
18255.00,-4107.68,39992.24,352.03,2.500,0.00,50.0
18256.00,-4108.02,39994.72,352.03,2.500,0.00,50.0
18257.00,-4108.37,39997.19,352.03,2.500,0.00,50.0
18258.00,-4108.72,39999.67,352.03,2.500,0.00,50.0
18259.00,-4109.06,40002.14,352.03,2.500,0.00,50.0
18260.00,-4109.41,40004.62,352.03,2.500,0.00,50.0
18261.00,-4109.76,40007.10,352.03,2.500,0.00,50.0
18262.00,-4110.10,40009.57,352.03,2.500,0.00,50.0
18263.00,-4110.45,40012.05,352.03,2.500,0.00,50.0
18264.00,-4110.80,40014.52,352.03,2.500,0.00,50.0
18265.00,-4111.14,40017.00,352.03,2.500,0.00,50.0
18266.00,-4111.49,40019.47,352.03,2.500,0.00,50.0
18267.00,-4111.84,40021.95,352.03,2.500,0.00,50.0
18268.00,-4112.18,40024.43,352.03,2.500,0.00,50.0
18269.00,-4112.53,40026.90,352.03,2.500,0.00,50.0
18270.00,-4112.88,40029.38,352.03,2.500,0.00,50.0
18271.00,-4113.22,40031.85,352.03,2.500,0.00,50.0
18272.00,-4113.57,40034.33,352.03,2.500,0.00,50.0
18273.00,-4113.92,40036.81,352.03,2.500,0.00,50.0
18274.00,-4114.26,40039.28,352.03,2.500,0.00,50.0
18275.00,-4114.61,40041.76,352.03,2.500,0.00,50.0
18276.00,-4114.96,40044.23,352.03,2.500,0.00,50.0
18277.00,-4115.30,40046.71,352.03,2.500,0.00,50.0
18278.00,-4115.65,40049.18,352.03,2.500,0.00,50.0
18279.00,-4116.00,40051.66,352.03,2.500,0.00,50.0
18280.00,-4116.34,40054.14,352.03,2.500,0.00,50.0
18281.00,-4116.69,40056.61,352.03,2.500,0.00,50.0
18282.00,-4117.04,40059.09,352.03,2.500,0.00,50.0
18283.00,-4117.39,40061.56,352.03,2.500,0.00,50.0
18284.00,-4117.73,40064.04,352.03,2.500,0.00,50.0
18285.00,-4118.08,40066.52,352.03,2.500,0.00,50.0
18286.00,-4118.43,40068.99,352.03,2.500,0.00,50.0
18287.00,-4118.77,40071.47,352.03,2.500,0.00,50.0
18288.00,-4119.12,40073.94,352.03,2.500,0.00,50.0
18289.00,-4119.47,40076.42,352.03,2.500,0.00,50.0
18290.00,-4119.81,40078.89,352.03,2.500,0.00,50.0
18291.00,-4120.16,40081.37,352.03,2.500,0.00,50.0
18292.00,-4120.51,40083.85,352.03,2.500,0.00,50.0
18293.00,-4120.85,40086.32,352.03,2.500,0.00,50.0
18294.00,-4121.20,40088.80,352.03,2.500,0.00,50.0
18295.00,-4121.55,40091.27,352.03,2.500,0.00,50.0
18296.00,-4121.89,40093.75,352.03,2.500,0.00,50.0
18297.00,-4122.24,40096.23,352.03,2.500,0.00,50.0
18298.00,-4122.59,40098.70,352.03,2.500,0.00,50.0
18299.00,-4122.93,40101.18,352.03,2.500,0.00,50.0
18300.00,-4123.28,40103.65,352.03,2.500,0.00,50.0
18301.00,-4123.63,40106.13,352.03,2.500,0.00,50.0
18302.00,-4123.97,40108.60,352.03,2.500,0.00,50.0
18303.00,-4124.32,40111.08,352.03,2.500,0.00,50.0
18304.00,-4124.67,40113.56,352.03,2.500,0.00,50.0
18305.00,-4125.01,40116.03,352.03,2.500,0.00,50.0
18306.00,-4125.36,40118.51,352.03,2.500,0.00,50.0
18307.00,-4125.71,40120.98,352.03,2.500,0.00,50.0
18308.00,-4126.05,40123.46,352.03,2.500,0.00,50.0
18309.00,-4126.40,40125.94,352.03,2.500,0.00,50.0
18310.00,-4126.75,40128.41,352.03,2.500,0.00,50.0
18311.00,-4127.09,40130.89,352.03,2.500,0.00,50.0
18312.00,-4127.44,40133.36,352.03,2.500,0.00,50.0
18313.00,-4127.79,40135.84,352.03,2.500,0.00,50.0
18314.00,-4128.13,40138.31,352.03,2.500,0.00,50.0
18315.00,-4128.48,40140.79,352.03,2.500,0.00,50.0
18316.00,-4128.83,40143.27,352.03,2.500,0.00,50.0
18317.00,-4129.17,40145.74,352.03,2.500,0.00,50.0
18318.00,-4129.52,40148.22,352.03,2.500,0.00,50.0
18319.00,-4129.87,40150.69,352.03,2.500,0.00,50.0
18320.00,-4130.21,40153.17,352.03,2.500,0.00,50.0
18321.00,-4130.56,40155.65,352.03,2.500,0.00,50.0
18322.00,-4130.91,40158.12,352.03,2.500,0.00,50.0
18323.00,-4131.25,40160.60,352.03,2.500,0.00,50.0
18324.00,-4131.60,40163.07,352.03,2.500,0.00,50.0
18325.00,-4131.95,40165.55,352.03,2.500,0.00,50.0
18326.00,-4132.29,40168.02,352.03,2.500,0.00,50.0
18327.00,-4132.64,40170.50,352.03,2.500,0.00,50.0
18328.00,-4132.99,40172.98,352.03,2.500,0.00,50.0
18329.00,-4133.33,40175.45,352.03,2.500,0.00,50.0
18330.00,-4133.68,40177.93,352.03,2.500,0.00,50.0
18331.00,-4134.03,40180.40,352.03,2.500,0.00,50.0
18332.00,-4134.37,40182.88,352.03,2.500,0.00,50.0
18333.00,-4134.72,40185.36,352.03,2.500,0.00,50.0
18334.00,-4135.07,40187.83,352.03,2.500,0.00,50.0
18335.00,-4135.41,40190.31,352.03,2.500,0.00,50.0
18336.00,-4135.76,40192.78,352.03,2.500,0.00,50.0
18337.00,-4136.11,40195.26,352.03,2.500,0.00,50.0
18338.00,-4136.45,40197.74,352.03,2.500,0.00,50.0
18339.00,-4136.80,40200.21,352.03,2.500,0.00,50.0
18340.00,-4137.15,40202.69,352.03,2.500,0.00,50.0
18341.00,-4137.49,40205.16,352.03,2.500,0.00,50.0
18342.00,-4137.84,40207.64,352.03,2.500,0.00,50.0
18343.00,-4138.19,40210.11,352.03,2.500,0.00,50.0
18344.00,-4138.53,40212.59,352.03,2.500,0.00,50.0
18345.00,-4138.88,40215.07,352.03,2.500,0.00,50.0
18346.00,-4139.23,40217.54,352.03,2.500,0.00,50.0
18347.00,-4139.57,40220.02,352.03,2.500,0.00,50.0
18348.00,-4139.92,40222.49,352.03,2.500,0.00,50.0
18349.00,-4140.27,40224.97,352.03,2.500,0.00,50.0
18350.00,-4140.61,40227.45,352.03,2.500,0.00,50.0
18351.00,-4140.96,40229.92,352.03,2.500,0.00,50.0
18352.00,-4141.31,40232.40,352.03,2.500,0.00,50.0
18353.00,-4141.65,40234.87,352.03,2.500,0.00,50.0
18354.00,-4142.00,40237.35,352.03,2.500,0.00,50.0
18355.00,-4142.35,40239.82,352.03,2.500,0.00,50.0
18356.00,-4142.69,40242.30,352.03,2.500,0.00,50.0
18357.00,-4143.04,40244.78,352.03,2.500,0.00,50.0
18358.00,-4143.39,40247.25,352.03,2.500,0.00,50.0
18359.00,-4143.73,40249.73,352.03,2.500,0.00,50.0
18360.00,-4144.08,40252.20,352.03,2.500,0.00,50.0
18361.00,-4144.43,40254.68,352.03,2.500,0.00,50.0
18362.00,-4144.77,40257.16,352.03,2.500,0.00,50.0
18363.00,-4145.12,40259.63,352.03,2.500,0.00,50.0
18364.00,-4145.47,40262.11,352.03,2.500,0.00,50.0
18365.00,-4145.81,40264.58,352.03,2.500,0.00,50.0
18366.00,-4146.16,40267.06,352.03,2.500,0.00,50.0
18367.00,-4146.51,40269.53,352.03,2.500,0.00,50.0
18368.00,-4146.85,40272.01,352.03,2.500,0.00,50.0
18369.00,-4147.20,40274.49,352.03,2.500,0.00,50.0
18370.00,-4147.55,40276.96,352.03,2.500,0.00,50.0
18371.00,-4147.89,40279.44,352.03,2.500,0.00,50.0
18372.00,-4148.24,40281.91,352.03,2.500,0.00,50.0
18373.00,-4148.59,40284.39,352.03,2.500,0.00,50.0
18374.00,-4148.93,40286.87,352.03,2.500,0.00,50.0
18375.00,-4149.28,40289.34,352.03,2.500,0.00,50.0
18376.00,-4149.63,40291.82,352.03,2.500,0.00,50.0
18377.00,-4149.97,40294.29,352.03,2.500,0.00,50.0
18378.00,-4150.32,40296.77,352.03,2.500,0.00,50.0
18379.00,-4150.67,40299.24,352.03,2.500,0.00,50.0
18380.00,-4151.01,40301.72,352.03,2.500,0.00,50.0
18381.00,-4151.36,40304.20,352.03,2.500,0.00,50.0
18382.00,-4151.71,40306.67,352.03,2.500,0.00,50.0
18383.00,-4152.05,40309.15,352.03,2.500,0.00,50.0
18384.00,-4152.40,40311.62,352.03,2.500,0.00,50.0
18385.00,-4152.75,40314.10,352.03,2.500,0.00,50.0
18386.00,-4153.09,40316.58,352.03,2.500,0.00,50.0
18387.00,-4153.44,40319.05,352.03,2.500,0.00,50.0
18388.00,-4153.79,40321.53,352.03,2.500,0.00,50.0
18389.00,-4154.14,40324.00,352.03,2.500,0.00,50.0
18390.00,-4154.48,40326.48,352.03,2.500,0.00,50.0
18391.00,-4154.83,40328.95,352.03,2.500,0.00,50.0
18392.00,-4155.18,40331.43,352.03,2.500,0.00,50.0
18393.00,-4155.52,40333.91,352.03,2.500,0.00,50.0
18394.00,-4155.87,40336.38,352.03,2.500,0.00,50.0
18395.00,-4156.22,40338.86,352.03,2.500,0.00,50.0
18396.00,-4156.56,40341.33,352.03,2.500,0.00,50.0
18397.00,-4156.91,40343.81,352.03,2.500,0.00,50.0
18398.00,-4157.26,40346.29,352.03,2.500,0.00,50.0
18399.00,-4157.60,40348.76,352.03,2.500,0.00,50.0
18400.00,-4157.95,40351.24,352.03,2.500,0.00,50.0
18401.00,-4158.30,40353.71,352.03,2.500,0.00,50.0
18402.00,-4158.64,40356.19,352.03,2.500,0.00,50.0
18403.00,-4158.99,40358.66,352.03,2.500,0.00,50.0
18404.00,-4159.34,40361.14,352.03,2.500,0.00,50.0
18405.00,-4159.68,40363.62,352.03,2.500,0.00,50.0
18406.00,-4160.03,40366.09,352.03,2.500,0.00,50.0
18407.00,-4160.38,40368.57,352.03,2.500,0.00,50.0
18408.00,-4160.72,40371.04,352.03,2.500,0.00,50.0
18409.00,-4161.07,40373.52,352.03,2.500,0.00,50.0
18410.00,-4161.42,40376.00,352.03,2.500,0.00,50.0
18411.00,-4161.76,40378.47,352.03,2.500,0.00,50.0
18412.00,-4162.11,40380.95,352.03,2.500,0.00,50.0
18413.00,-4162.46,40383.42,352.03,2.500,0.00,50.0
18414.00,-4162.80,40385.90,352.03,2.500,0.00,50.0
18415.00,-4163.15,40388.37,352.03,2.500,0.00,50.0
18416.00,-4163.50,40390.85,352.03,2.500,0.00,50.0
18417.00,-4163.84,40393.33,352.03,2.500,0.00,50.0
18418.00,-4164.19,40395.80,352.03,2.500,0.00,50.0
18419.00,-4164.54,40398.28,352.03,2.500,0.00,50.0
18420.00,-4164.88,40400.75,352.03,2.500,0.00,50.0
18421.00,-4165.23,40403.23,352.03,2.500,0.00,50.0
18422.00,-4165.58,40405.71,352.03,2.500,0.00,50.0
18423.00,-4165.92,40408.18,352.03,2.500,0.00,50.0
18424.00,-4166.27,40410.66,352.03,2.500,0.00,50.0
18425.00,-4166.62,40413.13,352.03,2.500,0.00,50.0
18426.00,-4166.96,40415.61,352.03,2.500,0.00,50.0
18427.00,-4167.31,40418.09,352.03,2.500,0.00,50.0
18428.00,-4167.66,40420.56,352.03,2.500,0.00,50.0
18429.00,-4168.00,40423.04,352.03,2.500,0.00,50.0
18430.00,-4168.35,40425.51,352.03,2.500,0.00,50.0
18431.00,-4168.70,40427.99,352.03,2.500,0.00,50.0
18432.00,-4169.04,40430.46,352.03,2.500,0.00,50.0
18433.00,-4169.39,40432.94,352.03,2.500,0.00,50.0
18434.00,-4169.74,40435.42,352.03,2.500,0.00,50.0
18435.00,-4170.08,40437.89,352.03,2.500,0.00,50.0
18436.00,-4170.43,40440.37,352.03,2.500,0.00,50.0
18437.00,-4170.78,40442.84,352.03,2.500,0.00,50.0
18438.00,-4171.12,40445.32,352.03,2.500,0.00,50.0
18439.00,-4171.47,40447.80,352.03,2.500,0.00,50.0
18440.00,-4171.82,40450.27,352.03,2.500,0.00,50.0
18441.00,-4172.16,40452.75,352.03,2.500,0.00,50.0
18442.00,-4172.51,40455.22,352.03,2.500,0.00,50.0
18443.00,-4172.86,40457.70,352.03,2.500,0.00,50.0
18444.00,-4173.20,40460.17,352.03,2.500,0.00,50.0
18445.00,-4173.55,40462.65,352.03,2.500,0.00,50.0
18446.00,-4173.90,40465.13,352.03,2.500,0.00,50.0
18447.00,-4174.24,40467.60,352.03,2.500,0.00,50.0
18448.00,-4174.59,40470.08,352.03,2.500,0.00,50.0
18449.00,-4174.94,40472.55,352.03,2.500,0.00,50.0
18450.00,-4175.28,40475.03,352.03,2.500,0.00,50.0
18451.00,-4175.63,40477.51,352.03,2.500,0.00,50.0
18452.00,-4175.98,40479.98,352.03,2.500,0.00,50.0
18453.00,-4176.32,40482.46,352.03,2.500,0.00,50.0
18454.00,-4176.67,40484.93,352.03,2.500,0.00,50.0
18455.00,-4177.02,40487.41,352.03,2.500,0.00,50.0
18456.00,-4177.36,40489.88,352.03,2.500,0.00,50.0
18457.00,-4177.71,40492.36,352.03,2.500,0.00,50.0
18458.00,-4178.06,40494.84,352.03,2.500,0.00,50.0
18459.00,-4178.40,40497.31,352.03,2.500,0.00,50.0
18460.00,-4178.75,40499.79,352.03,2.500,0.00,50.0
18461.00,-4179.10,40502.26,352.03,2.500,0.00,50.0
18462.00,-4179.44,40504.74,352.03,2.500,0.00,50.0
18463.00,-4179.79,40507.22,352.03,2.500,0.00,50.0
18464.00,-4180.14,40509.69,352.03,2.500,0.00,50.0
18465.00,-4180.48,40512.17,352.03,2.500,0.00,50.0
18466.00,-4180.83,40514.64,352.03,2.500,0.00,50.0
18467.00,-4181.18,40517.12,352.03,2.500,0.00,50.0
18468.00,-4181.52,40519.59,352.03,2.500,0.00,50.0
18469.00,-4181.87,40522.07,352.03,2.500,0.00,50.0
18470.00,-4182.22,40524.55,352.03,2.500,0.00,50.0
18471.00,-4182.56,40527.02,352.03,2.500,0.00,50.0
18472.00,-4182.91,40529.50,352.03,2.500,0.00,50.0
18473.00,-4183.26,40531.97,352.03,2.500,0.00,50.0
18474.00,-4183.60,40534.45,352.03,2.500,0.00,50.0
18475.00,-4183.95,40536.93,352.03,2.500,0.00,50.0
18476.00,-4184.30,40539.40,352.03,2.500,0.00,50.0
18477.00,-4184.64,40541.88,352.03,2.500,0.00,50.0
18478.00,-4184.99,40544.35,352.03,2.500,0.00,50.0
18479.00,-4185.34,40546.83,352.03,2.500,0.00,50.0
18480.00,-4185.68,40549.30,352.03,2.500,0.00,50.0
18481.00,-4186.03,40551.78,352.03,2.500,0.00,50.0
18482.00,-4186.38,40554.26,352.03,2.500,0.00,50.0
18483.00,-4186.72,40556.73,352.03,2.500,0.00,50.0
18484.00,-4187.07,40559.21,352.03,2.500,0.00,50.0
18485.00,-4187.42,40561.68,352.03,2.500,0.00,50.0
18486.00,-4187.76,40564.16,352.03,2.500,0.00,50.0
18487.00,-4188.11,40566.64,352.03,2.500,0.00,50.0
18488.00,-4188.46,40569.11,352.03,2.500,0.00,50.0
18489.00,-4188.80,40571.59,352.03,2.500,0.00,50.0
18490.00,-4189.15,40574.06,352.03,2.500,0.00,50.0
18491.00,-4189.50,40576.54,352.03,2.500,0.00,50.0
18492.00,-4189.84,40579.01,352.03,2.500,0.00,50.0
18493.00,-4190.19,40581.49,352.03,2.500,0.00,50.0
18494.00,-4190.54,40583.97,352.03,2.500,0.00,50.0
18495.00,-4190.89,40586.44,352.03,2.500,0.00,50.0
18496.00,-4191.23,40588.92,352.03,2.500,0.00,50.0
18497.00,-4191.58,40591.39,352.03,2.500,0.00,50.0
18498.00,-4191.93,40593.87,352.03,2.500,0.00,50.0
18499.00,-4192.27,40596.35,352.03,2.500,0.00,50.0
18500.00,-4192.62,40598.82,352.03,2.500,0.00,50.0
18501.00,-4192.97,40601.30,352.03,2.500,0.00,50.0
18502.00,-4193.31,40603.77,352.03,2.500,0.00,50.0
18503.00,-4193.66,40606.25,352.03,2.500,0.00,50.0
18504.00,-4194.01,40608.73,352.03,2.500,0.00,50.0
18505.00,-4194.35,40611.20,352.03,2.500,0.00,50.0
18506.00,-4194.70,40613.68,352.03,2.500,0.00,50.0
18507.00,-4195.05,40616.15,352.03,2.500,0.00,50.0
18508.00,-4195.39,40618.63,352.03,2.500,0.00,50.0
18509.00,-4195.74,40621.10,352.03,2.500,0.00,50.0
18510.00,-4196.09,40623.58,352.03,2.500,0.00,50.0
18511.00,-4196.43,40626.06,352.03,2.500,0.00,50.0
18512.00,-4196.78,40628.53,352.03,2.500,0.00,50.0
18513.00,-4197.13,40631.01,352.03,2.500,0.00,50.0
18514.00,-4197.47,40633.48,352.03,2.500,0.00,50.0
18515.00,-4197.82,40635.96,352.03,2.500,0.00,50.0
18516.00,-4198.17,40638.44,352.03,2.500,0.00,50.0
18517.00,-4198.51,40640.91,352.03,2.500,0.00,50.0
18518.00,-4198.86,40643.39,352.03,2.500,0.00,50.0
18519.00,-4199.21,40645.86,352.03,2.500,0.00,50.0
18520.00,-4199.55,40648.34,352.03,2.500,0.00,50.0
18521.00,-4199.90,40650.81,352.03,2.500,0.00,50.0
18522.00,-4200.25,40653.29,352.03,2.500,0.00,50.0
18523.00,-4200.59,40655.77,352.03,2.500,0.00,50.0
18524.00,-4200.94,40658.24,352.03,2.500,0.00,50.0
18525.00,-4201.29,40660.72,352.03,2.500,0.00,50.0
18526.00,-4201.63,40663.19,352.03,2.500,0.00,50.0
18527.00,-4201.98,40665.67,352.03,2.500,0.00,50.0
18528.00,-4202.33,40668.15,352.03,2.500,0.00,50.0
18529.00,-4202.67,40670.62,352.03,2.500,0.00,50.0
18530.00,-4203.02,40673.10,352.03,2.500,0.00,50.0
18531.00,-4203.37,40675.57,352.03,2.500,0.00,50.0
18532.00,-4203.71,40678.05,352.03,2.500,0.00,50.0
18533.00,-4204.06,40680.52,352.03,2.500,0.00,50.0
18534.00,-4204.41,40683.00,352.03,2.500,0.00,50.0
18535.00,-4204.75,40685.48,352.03,2.500,0.00,50.0
18536.00,-4205.10,40687.95,352.03,2.500,0.00,50.0
18537.00,-4205.45,40690.43,352.03,2.500,0.00,50.0
18538.00,-4205.79,40692.90,352.03,2.500,0.00,50.0
18539.00,-4206.14,40695.38,352.03,2.500,0.00,50.0
18540.00,-4206.49,40697.86,352.03,2.500,0.00,50.0
18541.00,-4206.83,40700.33,352.03,2.500,0.00,50.0
18542.00,-4207.18,40702.81,352.03,2.500,0.00,50.0
18543.00,-4207.53,40705.28,352.03,2.500,0.00,50.0
18544.00,-4207.87,40707.76,352.03,2.500,0.00,50.0
18545.00,-4208.22,40710.23,352.03,2.500,0.00,50.0
18546.00,-4208.57,40712.71,352.03,2.500,0.00,50.0
18547.00,-4208.91,40715.19,352.03,2.500,0.00,50.0
18548.00,-4209.26,40717.66,352.03,2.500,0.00,50.0
18549.00,-4209.61,40720.14,352.03,2.500,0.00,50.0
18550.00,-4209.95,40722.61,352.03,2.500,0.00,50.0
18551.00,-4210.30,40725.09,352.03,2.500,0.00,50.0
18552.00,-4210.65,40727.57,352.03,2.500,0.00,50.0
18553.00,-4210.99,40730.04,352.03,2.500,0.00,50.0
18554.00,-4211.34,40732.52,352.03,2.500,0.00,50.0
18555.00,-4211.69,40734.99,352.03,2.500,0.00,50.0
18556.00,-4212.03,40737.47,352.03,2.500,0.00,50.0
18557.00,-4212.38,40739.94,352.03,2.500,0.00,50.0
18558.00,-4212.73,40742.42,352.03,2.500,0.00,50.0
18559.00,-4213.07,40744.90,352.03,2.500,0.00,50.0
18560.00,-4213.42,40747.37,352.03,2.500,0.00,50.0
18561.00,-4213.77,40749.85,352.03,2.500,0.00,50.0
18562.00,-4214.11,40752.32,352.03,2.500,0.00,50.0
18563.00,-4214.46,40754.80,352.03,2.500,0.00,50.0
18564.00,-4214.81,40757.28,352.03,2.500,0.00,50.0
18565.00,-4215.15,40759.75,352.03,2.500,0.00,50.0
18566.00,-4215.50,40762.23,352.03,2.500,0.00,50.0
18567.00,-4215.85,40764.70,352.03,2.500,0.00,50.0
18568.00,-4216.19,40767.18,352.03,2.500,0.00,50.0
18569.00,-4216.54,40769.65,352.03,2.500,0.00,50.0
18570.00,-4216.89,40772.13,352.03,2.500,0.00,50.0
18571.00,-4217.23,40774.61,352.03,2.500,0.00,50.0
18572.00,-4217.58,40777.08,352.03,2.500,0.00,50.0
18573.00,-4217.93,40779.56,352.03,2.500,0.00,50.0
18574.00,-4218.27,40782.03,352.03,2.500,0.00,50.0
18575.00,-4218.62,40784.51,352.03,2.500,0.00,50.0
18576.00,-4218.97,40786.99,352.03,2.500,0.00,50.0
18577.00,-4219.31,40789.46,352.03,2.500,0.00,50.0
18578.00,-4219.66,40791.94,352.03,2.500,0.00,50.0
18579.00,-4220.01,40794.41,352.03,2.500,0.00,50.0
18580.00,-4220.35,40796.89,352.03,2.500,0.00,50.0
18581.00,-4220.70,40799.36,352.03,2.500,0.00,50.0
18582.00,-4221.05,40801.84,352.03,2.500,0.00,50.0
18583.00,-4221.39,40804.32,352.03,2.500,0.00,50.0
18584.00,-4221.74,40806.79,352.03,2.500,0.00,50.0
18585.00,-4222.09,40809.27,352.03,2.500,0.00,50.0
18586.00,-4222.43,40811.74,352.03,2.500,0.00,50.0
18587.00,-4222.78,40814.22,352.03,2.500,0.00,50.0
18588.00,-4223.13,40816.70,352.03,2.500,0.00,50.0
18589.00,-4223.47,40819.17,352.03,2.500,0.00,50.0
18590.00,-4223.82,40821.65,352.03,2.500,0.00,50.0
18591.00,-4224.17,40824.12,352.03,2.500,0.00,50.0
18592.00,-4224.51,40826.60,352.03,2.500,0.00,50.0
18593.00,-4224.86,40829.08,352.03,2.500,0.00,50.0
18594.00,-4225.21,40831.55,352.03,2.500,0.00,50.0
18595.00,-4225.55,40834.03,352.03,2.500,0.00,50.0
18596.00,-4225.90,40836.50,352.03,2.500,0.00,50.0
18597.00,-4226.25,40838.98,352.03,2.500,0.00,50.0
18598.00,-4226.59,40841.45,352.03,2.500,0.00,50.0
18599.00,-4226.94,40843.93,352.03,2.500,0.00,50.0
18600.00,-4227.29,40846.41,352.03,2.500,0.00,50.0
18601.00,-4227.64,40848.88,352.03,2.500,0.00,50.0
18602.00,-4227.98,40851.36,352.03,2.500,0.00,50.0
18603.00,-4228.33,40853.83,352.03,2.500,0.00,50.0
18604.00,-4228.68,40856.31,352.03,2.500,0.00,50.0
18605.00,-4229.02,40858.79,352.03,2.500,0.00,50.0
18606.00,-4229.37,40861.26,352.03,2.500,0.00,50.0
18607.00,-4229.72,40863.74,352.03,2.500,0.00,50.0
18608.00,-4230.06,40866.21,352.03,2.500,0.00,50.0
18609.00,-4230.41,40868.69,352.03,2.500,0.00,50.0
18610.00,-4230.76,40871.16,352.03,2.500,0.00,50.0
18611.00,-4231.10,40873.64,352.03,2.500,0.00,50.0
18612.00,-4231.45,40876.12,352.03,2.500,0.00,50.0
18613.00,-4231.80,40878.59,352.03,2.500,0.00,50.0
18614.00,-4232.14,40881.07,352.03,2.500,0.00,50.0
18615.00,-4232.49,40883.54,352.03,2.500,0.00,50.0
18616.00,-4232.84,40886.02,352.03,2.500,0.00,50.0
18617.00,-4233.18,40888.50,352.03,2.500,0.00,50.0
18618.00,-4233.53,40890.97,352.03,2.500,0.00,50.0
18619.00,-4233.88,40893.45,352.03,2.500,0.00,50.0
18620.00,-4234.22,40895.92,352.03,2.500,0.00,50.0
18621.00,-4234.57,40898.40,352.03,2.500,0.00,50.0
18622.00,-4234.92,40900.87,352.03,2.500,0.00,50.0
18623.00,-4235.26,40903.35,352.03,2.500,0.00,50.0
18624.00,-4235.61,40905.83,352.03,2.500,0.00,50.0
18625.00,-4235.96,40908.30,352.03,2.500,0.00,50.0
18626.00,-4236.30,40910.78,352.03,2.500,0.00,50.0
18627.00,-4236.65,40913.25,352.03,2.500,0.00,50.0
18628.00,-4237.00,40915.73,352.03,2.500,0.00,50.0
18629.00,-4237.34,40918.21,352.03,2.500,0.00,50.0
18630.00,-4237.69,40920.68,352.03,2.500,0.00,50.0
18631.00,-4238.04,40923.16,352.03,2.500,0.00,50.0
18632.00,-4238.38,40925.63,352.03,2.500,0.00,50.0
18633.00,-4238.73,40928.11,352.03,2.500,0.00,50.0
18634.00,-4239.08,40930.58,352.03,2.500,0.00,50.0
18635.00,-4239.42,40933.06,352.03,2.500,0.00,50.0
18636.00,-4239.77,40935.54,352.03,2.500,0.00,50.0
18637.00,-4240.12,40938.01,352.03,2.500,0.00,50.0
18638.00,-4240.46,40940.49,352.03,2.500,0.00,50.0
18639.00,-4240.81,40942.96,352.03,2.500,0.00,50.0
18640.00,-4241.16,40945.44,352.03,2.500,0.00,50.0
18641.00,-4241.50,40947.92,352.03,2.500,0.00,50.0
18642.00,-4241.85,40950.39,352.03,2.500,0.00,50.0
18643.00,-4242.20,40952.87,352.03,2.500,0.00,50.0
18644.00,-4242.54,40955.34,352.03,2.500,0.00,50.0
18645.00,-4242.89,40957.82,352.03,2.500,0.00,50.0
18646.00,-4243.24,40960.29,352.03,2.500,0.00,50.0
18647.00,-4243.58,40962.77,352.03,2.500,0.00,50.0
18648.00,-4243.93,40965.25,352.03,2.500,0.00,50.0
18649.00,-4244.28,40967.72,352.03,2.500,0.00,50.0
18650.00,-4244.62,40970.20,352.03,2.500,0.00,50.0
18651.00,-4244.97,40972.67,352.03,2.500,0.00,50.0
18652.00,-4245.32,40975.15,352.03,2.500,0.00,50.0
18653.00,-4245.66,40977.63,352.03,2.500,0.00,50.0
18654.00,-4246.01,40980.10,352.03,2.500,0.00,50.0
18655.00,-4246.36,40982.58,352.03,2.500,0.00,50.0
18656.00,-4246.70,40985.05,352.03,2.500,0.00,50.0
18657.00,-4247.05,40987.53,352.03,2.500,0.00,50.0
18658.00,-4247.40,40990.00,352.03,2.500,0.00,50.0
18659.00,-4247.74,40992.48,352.03,2.500,0.00,50.0
18660.00,-4248.09,40994.96,352.03,2.500,0.00,50.0
18661.00,-4248.44,40997.43,352.03,2.500,0.00,50.0
18662.00,-4248.78,40999.91,352.03,2.500,0.00,50.0
18663.00,-4249.13,41002.38,352.03,2.500,0.00,50.0
18664.00,-4249.48,41004.86,352.03,2.500,0.00,50.0
18665.00,-4249.82,41007.34,352.03,2.500,0.00,50.0
18666.00,-4250.17,41009.81,352.03,2.500,0.00,50.0
18667.00,-4250.52,41012.29,352.03,2.500,0.00,50.0
18668.00,-4250.86,41014.76,352.03,2.500,0.00,50.0
18669.00,-4251.21,41017.24,352.03,2.500,0.00,50.0
18670.00,-4251.56,41019.72,352.03,2.500,0.00,50.0
18671.00,-4251.90,41022.19,352.03,2.500,0.00,50.0
18672.00,-4252.25,41024.67,352.03,2.500,0.00,50.0
18673.00,-4252.60,41027.14,352.03,2.500,0.00,50.0
18674.00,-4252.94,41029.62,352.03,2.500,0.00,50.0
18675.00,-4253.29,41032.09,352.03,2.500,0.00,50.0
18676.00,-4253.64,41034.57,352.03,2.500,0.00,50.0
18677.00,-4253.98,41037.05,352.03,2.500,0.00,50.0
18678.00,-4254.33,41039.52,352.03,2.500,0.00,50.0
18679.00,-4254.68,41042.00,352.03,2.500,0.00,50.0
18680.00,-4255.02,41044.47,352.03,2.500,0.00,50.0
18681.00,-4255.37,41046.95,352.03,2.500,0.00,50.0
18682.00,-4255.72,41049.43,352.03,2.500,0.00,50.0
18683.00,-4256.06,41051.90,352.03,2.500,0.00,50.0
18684.00,-4256.41,41054.38,352.03,2.500,0.00,50.0
18685.00,-4256.76,41056.85,352.03,2.500,0.00,50.0
18686.00,-4257.10,41059.33,352.03,2.500,0.00,50.0
18687.00,-4257.45,41061.80,352.03,2.500,0.00,50.0
18688.00,-4257.80,41064.28,352.03,2.500,0.00,50.0
18689.00,-4258.14,41066.76,352.03,2.500,0.00,50.0
18690.00,-4258.49,41069.23,352.03,2.500,0.00,50.0
18691.00,-4258.84,41071.71,352.03,2.500,0.00,50.0
18692.00,-4259.18,41074.18,352.03,2.500,0.00,50.0
18693.00,-4259.53,41076.66,352.03,2.500,0.00,50.0
18694.00,-4259.88,41079.14,352.03,2.500,0.00,50.0
18695.00,-4260.22,41081.61,352.03,2.500,0.00,50.0
18696.00,-4260.57,41084.09,352.03,2.500,0.00,50.0
18697.00,-4260.92,41086.56,352.03,2.500,0.00,50.0
18698.00,-4261.26,41089.04,352.03,2.500,0.00,50.0
18699.00,-4261.61,41091.51,352.03,2.500,0.00,50.0
18700.00,-4261.96,41093.99,352.03,2.500,0.00,50.0
18701.00,-4262.30,41096.47,352.03,2.500,0.00,50.0
18702.00,-4262.65,41098.94,352.03,2.500,0.00,50.0
18703.00,-4263.00,41101.42,352.03,2.500,0.00,50.0
18704.00,-4263.34,41103.89,352.03,2.500,0.00,50.0
18705.00,-4263.69,41106.37,352.03,2.500,0.00,50.0
18706.00,-4264.04,41108.85,352.03,2.500,0.00,50.0
18707.00,-4264.39,41111.32,352.03,2.500,0.00,50.0
18708.00,-4264.73,41113.80,352.03,2.500,0.00,50.0
18709.00,-4265.08,41116.27,352.03,2.500,0.00,50.0
18710.00,-4265.43,41118.75,352.03,2.500,0.00,50.0
18711.00,-4265.77,41121.22,352.03,2.500,0.00,50.0
18712.00,-4266.12,41123.70,352.03,2.500,0.00,50.0
18713.00,-4266.47,41126.18,352.03,2.500,0.00,50.0
18714.00,-4266.81,41128.65,352.03,2.500,0.00,50.0
18715.00,-4267.16,41131.13,352.03,2.500,0.00,50.0
18716.00,-4267.51,41133.60,352.03,2.500,0.00,50.0
18717.00,-4267.85,41136.08,352.03,2.500,0.00,50.0
18718.00,-4268.20,41138.56,352.03,2.500,0.00,50.0
18719.00,-4268.55,41141.03,352.03,2.500,0.00,50.0
18720.00,-4268.89,41143.51,352.03,2.500,0.00,50.0
18721.00,-4269.24,41145.98,352.03,2.500,0.00,50.0
18722.00,-4269.59,41148.46,352.03,2.500,0.00,50.0
18723.00,-4269.93,41150.93,352.03,2.500,0.00,50.0
18724.00,-4270.28,41153.41,352.03,2.500,0.00,50.0
18725.00,-4270.63,41155.89,352.03,2.500,0.00,50.0
18726.00,-4270.97,41158.36,352.03,2.500,0.00,50.0
18727.00,-4271.32,41160.84,352.03,2.500,0.00,50.0
18728.00,-4271.67,41163.31,352.03,2.500,0.00,50.0
18729.00,-4272.01,41165.79,352.03,2.500,0.00,50.0
18730.00,-4272.36,41168.27,352.03,2.500,0.00,50.0
18731.00,-4272.71,41170.74,352.03,2.500,0.00,50.0
18732.00,-4273.05,41173.22,352.03,2.500,0.00,50.0
18733.00,-4273.40,41175.69,352.03,2.500,0.00,50.0
18734.00,-4273.75,41178.17,352.03,2.500,0.00,50.0
18735.00,-4274.09,41180.64,352.03,2.500,0.00,50.0
18736.00,-4274.44,41183.12,352.03,2.500,0.00,50.0
18737.00,-4274.79,41185.60,352.03,2.500,0.00,50.0
18738.00,-4275.13,41188.07,352.03,2.500,0.00,50.0
18739.00,-4275.48,41190.55,352.03,2.500,0.00,50.0
18740.00,-4275.83,41193.02,352.03,2.500,0.00,50.0
18741.00,-4276.17,41195.50,352.03,2.500,0.00,50.0
18742.00,-4276.52,41197.98,352.03,2.500,0.00,50.0
18743.00,-4276.87,41200.45,352.03,2.500,0.00,50.0
18744.00,-4277.21,41202.93,352.03,2.500,0.00,50.0
18745.00,-4277.56,41205.40,352.03,2.500,0.00,50.0
18746.00,-4277.91,41207.88,352.03,2.500,0.00,50.0
18747.00,-4278.25,41210.35,352.03,2.500,0.00,50.0
18748.00,-4278.60,41212.83,352.03,2.500,0.00,50.0
18749.00,-4278.95,41215.31,352.03,2.500,0.00,50.0
18750.00,-4279.29,41217.78,352.03,2.500,0.00,50.0
18751.00,-4279.64,41220.26,352.03,2.500,0.00,50.0
18752.00,-4279.99,41222.73,352.03,2.500,0.00,50.0
18753.00,-4280.33,41225.21,352.03,2.500,0.00,50.0
18754.00,-4280.68,41227.69,352.03,2.500,0.00,50.0
18755.00,-4281.03,41230.16,352.03,2.500,0.00,50.0
18756.00,-4281.37,41232.64,352.03,2.500,0.00,50.0
18757.00,-4281.72,41235.11,352.03,2.500,0.00,50.0
18758.00,-4282.07,41237.59,352.03,2.500,0.00,50.0
18759.00,-4282.41,41240.07,352.03,2.500,0.00,50.0
18760.00,-4282.76,41242.54,352.03,2.500,0.00,50.0
18761.00,-4283.11,41245.02,352.03,2.500,0.00,50.0
18762.00,-4283.45,41247.49,352.03,2.500,0.00,50.0
18763.00,-4283.80,41249.97,352.03,2.500,0.00,50.0
18764.00,-4284.15,41252.44,352.03,2.500,0.00,50.0
18765.00,-4284.49,41254.92,352.03,2.500,0.00,50.0
18766.00,-4284.84,41257.40,352.03,2.500,0.00,50.0
18767.00,-4285.19,41259.87,352.03,2.500,0.00,50.0
18768.00,-4285.53,41262.35,352.03,2.500,0.00,50.0
18769.00,-4285.88,41264.82,352.03,2.500,0.00,50.0
18770.00,-4286.23,41267.30,352.03,2.500,0.00,50.0
18771.00,-4286.57,41269.78,352.03,2.500,0.00,50.0
18772.00,-4286.92,41272.25,352.03,2.500,0.00,50.0
18773.00,-4287.27,41274.73,352.03,2.500,0.00,50.0
18774.00,-4287.61,41277.20,352.03,2.500,0.00,50.0
18775.00,-4287.96,41279.68,352.03,2.500,0.00,50.0
18776.00,-4288.31,41282.15,352.03,2.500,0.00,50.0
18777.00,-4288.65,41284.63,352.03,2.500,0.00,50.0
18778.00,-4289.00,41287.11,352.03,2.500,0.00,50.0
18779.00,-4289.35,41289.58,352.03,2.500,0.00,50.0
18780.00,-4289.69,41292.06,352.03,2.500,0.00,50.0
18781.00,-4290.04,41294.53,352.03,2.500,0.00,50.0
18782.00,-4290.39,41297.01,352.03,2.500,0.00,50.0
18783.00,-4290.73,41299.49,352.03,2.500,0.00,50.0
18784.00,-4291.08,41301.96,352.03,2.500,0.00,50.0
18785.00,-4291.43,41304.44,352.03,2.500,0.00,50.0
18786.00,-4291.77,41306.91,352.03,2.500,0.00,50.0
18787.00,-4292.12,41309.39,352.03,2.500,0.00,50.0
18788.00,-4292.47,41311.86,352.03,2.500,0.00,50.0
18789.00,-4292.81,41314.34,352.03,2.500,0.00,50.0
18790.00,-4293.16,41316.82,352.03,2.500,0.00,50.0
18791.00,-4293.51,41319.29,352.03,2.500,0.00,50.0
18792.00,-4293.85,41321.77,352.03,2.500,0.00,50.0
18793.00,-4294.20,41324.24,352.03,2.500,0.00,50.0
18794.00,-4294.55,41326.72,352.03,2.500,0.00,50.0
18795.00,-4294.89,41329.20,352.03,2.500,0.00,50.0
18796.00,-4295.24,41331.67,352.03,2.500,0.00,50.0
18797.00,-4295.59,41334.15,352.03,2.500,0.00,50.0
18798.00,-4295.93,41336.62,352.03,2.500,0.00,50.0
18799.00,-4296.28,41339.10,352.03,2.500,0.00,50.0
18800.00,-4296.63,41341.57,352.03,2.500,0.00,50.0
18801.00,-4296.97,41344.05,352.03,2.500,0.00,50.0
18802.00,-4297.32,41346.53,352.03,2.500,0.00,50.0
18803.00,-4297.67,41349.00,352.03,2.500,0.00,50.0
18804.00,-4298.01,41351.48,352.03,2.500,0.00,50.0
18805.00,-4298.36,41353.95,352.03,2.500,0.00,50.0
18806.00,-4298.71,41356.43,352.03,2.500,0.00,50.0
18807.00,-4299.05,41358.91,352.03,2.500,0.00,50.0
18808.00,-4299.40,41361.38,352.03,2.500,0.00,50.0
18809.00,-4299.75,41363.86,352.03,2.500,0.00,50.0
18810.00,-4300.09,41366.33,352.03,2.500,0.00,50.0
18811.00,-4300.44,41368.81,352.03,2.500,0.00,50.0
18812.00,-4300.79,41371.28,352.03,2.500,0.00,50.0
18813.00,-4301.14,41373.76,352.03,2.500,0.00,50.0
18814.00,-4301.48,41376.24,352.03,2.500,0.00,50.0
18815.00,-4301.83,41378.71,352.03,2.500,0.00,50.0
18816.00,-4302.18,41381.19,352.03,2.500,0.00,50.0
18817.00,-4302.52,41383.66,352.03,2.500,0.00,50.0
18818.00,-4302.87,41386.14,352.03,2.500,0.00,50.0
18819.00,-4303.22,41388.62,352.03,2.500,0.00,50.0
18820.00,-4303.56,41391.09,352.03,2.500,0.00,50.0
18821.00,-4303.91,41393.57,352.03,2.500,0.00,50.0
18822.00,-4304.26,41396.04,352.03,2.500,0.00,50.0
18823.00,-4304.60,41398.52,352.03,2.500,0.00,50.0
18824.00,-4304.95,41400.99,352.03,2.500,0.00,50.0
18825.00,-4305.30,41403.47,352.03,2.500,0.00,50.0
18826.00,-4305.64,41405.95,352.03,2.500,0.00,50.0
18827.00,-4305.99,41408.42,352.03,2.500,0.00,50.0
18828.00,-4306.34,41410.90,352.03,2.500,0.00,50.0
18829.00,-4306.68,41413.37,352.03,2.500,0.00,50.0
18830.00,-4307.03,41415.85,352.03,2.500,0.00,50.0
18831.00,-4307.38,41418.33,352.03,2.500,0.00,50.0
18832.00,-4307.72,41420.80,352.03,2.500,0.00,50.0
18833.00,-4308.07,41423.28,352.03,2.500,0.00,50.0
18834.00,-4308.42,41425.75,352.03,2.500,0.00,50.0
18835.00,-4308.76,41428.23,352.03,2.500,0.00,50.0
18836.00,-4309.11,41430.71,352.03,2.500,0.00,50.0
18837.00,-4309.46,41433.18,352.03,2.500,0.00,50.0
18838.00,-4309.80,41435.66,352.03,2.500,0.00,50.0
18839.00,-4310.15,41438.13,352.03,2.500,0.00,50.0
18840.00,-4310.50,41440.61,352.03,2.500,0.00,50.0
18841.00,-4310.84,41443.08,352.03,2.500,0.00,50.0
18842.00,-4311.19,41445.56,352.03,2.500,0.00,50.0
18843.00,-4311.54,41448.04,352.03,2.500,0.00,50.0
18844.00,-4311.88,41450.51,352.03,2.500,0.00,50.0
18845.00,-4312.23,41452.99,352.03,2.500,0.00,50.0
18846.00,-4312.58,41455.46,352.03,2.500,0.00,50.0
18847.00,-4312.92,41457.94,352.03,2.500,0.00,50.0
18848.00,-4313.27,41460.42,352.03,2.500,0.00,50.0
18849.00,-4313.62,41462.89,352.03,2.500,0.00,50.0
18850.00,-4313.96,41465.37,352.03,2.500,0.00,50.0
18851.00,-4314.31,41467.84,352.03,2.500,0.00,50.0
18852.00,-4314.66,41470.32,352.03,2.500,0.00,50.0
18853.00,-4315.00,41472.79,352.03,2.500,0.00,50.0
18854.00,-4315.35,41475.27,352.03,2.500,0.00,50.0
18855.00,-4315.70,41477.75,352.03,2.500,0.00,50.0
18856.00,-4316.04,41480.22,352.03,2.500,0.00,50.0
18857.00,-4316.39,41482.70,352.03,2.500,0.00,50.0
18858.00,-4316.74,41485.17,352.03,2.500,0.00,50.0
18859.00,-4317.08,41487.65,352.03,2.500,0.00,50.0
18860.00,-4317.43,41490.13,352.03,2.500,0.00,50.0
18861.00,-4317.78,41492.60,352.03,2.500,0.00,50.0
18862.00,-4318.12,41495.08,352.03,2.500,0.00,50.0
18863.00,-4318.47,41497.55,352.03,2.500,0.00,50.0
18864.00,-4318.82,41500.03,352.03,2.500,0.00,50.0
18865.00,-4319.16,41502.50,352.03,2.500,0.00,50.0
18866.00,-4319.51,41504.98,352.03,2.500,0.00,50.0
18867.00,-4319.86,41507.46,352.03,2.500,0.00,50.0
18868.00,-4320.20,41509.93,352.03,2.500,0.00,50.0
18869.00,-4320.55,41512.41,352.03,2.500,0.00,50.0
18870.00,-4320.90,41514.88,352.03,2.500,0.00,50.0
18871.00,-4321.24,41517.36,352.03,2.500,0.00,50.0
18872.00,-4321.59,41519.84,352.03,2.500,0.00,50.0
18873.00,-4321.94,41522.31,352.03,2.500,0.00,50.0
18874.00,-4322.28,41524.79,352.03,2.500,0.00,50.0
18875.00,-4322.63,41527.26,352.03,2.500,0.00,50.0
18876.00,-4322.98,41529.74,352.03,2.500,0.00,50.0
18877.00,-4323.32,41532.21,352.03,2.500,0.00,50.0
18878.00,-4323.67,41534.69,352.03,2.500,0.00,50.0
18879.00,-4324.02,41537.17,352.03,2.500,0.00,50.0
18880.00,-4324.36,41539.64,352.03,2.500,0.00,50.0
18881.00,-4324.71,41542.12,352.03,2.500,0.00,50.0
18882.00,-4325.06,41544.59,352.03,2.500,0.00,50.0
18883.00,-4325.40,41547.07,352.03,2.500,0.00,50.0
18884.00,-4325.75,41549.55,352.03,2.500,0.00,50.0
