time_s,x_m,y_m,course_deg,speed_ms,rudder_deg,rpm_percent,rot_deg_min
6.00,12.36,-22.03,0.00,4.662,0.00,50.0,0.00
7.00,12.36,-17.42,0.00,4.618,0.00,50.0,0.00
8.00,12.36,-12.84,0.00,4.576,0.00,50.0,0.00
9.00,12.36,-8.30,0.00,4.535,0.00,50.0,0.00
10.00,12.36,-3.81,0.00,4.494,0.00,50.0,0.00
11.00,12.36,0.64,0.00,4.454,0.00,50.0,0.00
12.00,12.36,5.06,0.00,4.415,5.00,50.0,0.06
13.00,12.36,9.44,0.00,4.377,5.00,50.0,0.11
14.00,12.36,13.77,0.01,4.339,5.00,50.0,0.17
15.00,12.36,18.08,0.01,4.302,5.00,50.0,0.22
16.00,12.36,22.34,0.01,4.266,5.00,50.0,0.27
17.00,12.36,26.57,0.02,4.231,5.00,50.0,0.32
18.00,12.36,30.77,0.02,4.196,5.00,50.0,0.36
19.00,12.37,34.93,0.03,4.162,5.00,50.0,0.41
20.00,12.37,39.06,0.04,4.129,5.00,50.0,0.45
21.00,12.37,43.16,0.05,4.097,5.00,50.0,0.49
22.00,12.38,47.22,0.06,4.065,5.00,50.0,0.53
23.00,12.38,51.26,0.07,4.033,5.00,50.0,0.57
24.00,12.38,55.26,0.08,4.003,5.00,50.0,0.61
25.00,12.39,59.23,0.09,3.973,10.00,50.0,0.70
26.00,12.39,63.17,0.10,3.943,10.00,50.0,0.80
27.00,12.40,67.09,0.12,3.914,10.00,50.0,0.88
28.00,12.41,70.98,0.13,3.886,10.00,50.0,0.97
29.00,12.42,74.83,0.15,3.858,10.00,50.0,1.05
30.00,12.43,78.66,0.17,3.831,10.00,50.0,1.13
31.00,12.44,82.47,0.19,3.805,10.00,50.0,1.21
32.00,12.45,86.25,0.21,3.778,10.00,50.0,1.28
33.00,12.47,90.00,0.23,3.753,10.00,50.0,1.35
34.00,12.48,93.73,0.26,3.728,10.00,50.0,1.42
35.00,12.50,97.43,0.28,3.703,10.00,50.0,1.49
36.00,12.52,101.11,0.31,3.679,10.00,50.0,1.55
37.00,12.54,104.77,0.33,3.656,10.00,50.0,1.62
38.00,12.56,108.40,0.36,3.632,10.00,50.0,1.68
39.00,12.58,112.01,0.39,3.610,10.00,50.0,1.73
40.00,12.60,115.60,0.42,3.588,15.00,50.0,1.85
41.00,12.63,119.16,0.45,3.566,15.00,50.0,1.96
42.00,12.66,122.71,0.49,3.545,15.00,50.0,2.06
43.00,12.69,126.23,0.52,3.524,15.00,50.0,2.17
44.00,12.72,129.73,0.56,3.503,15.00,50.0,2.27
45.00,12.75,133.22,0.60,3.483,15.00,50.0,2.36
46.00,12.79,136.68,0.64,3.463,15.00,50.0,2.45
47.00,12.83,140.12,0.68,3.444,15.00,50.0,2.54
48.00,12.87,143.55,0.73,3.425,15.00,50.0,2.63
49.00,12.91,146.95,0.77,3.407,15.00,50.0,2.71
50.00,12.96,150.34,0.82,3.389,15.00,50.0,2.80
51.00,13.01,153.71,0.87,3.371,15.00,50.0,2.87
52.00,13.06,157.07,0.92,3.353,15.00,50.0,2.95
53.00,13.11,160.40,0.97,3.336,15.00,50.0,3.02
54.00,13.17,163.72,1.02,3.320,15.00,50.0,3.09
55.00,13.23,167.02,1.07,3.303,20.00,50.0,3.22
56.00,13.29,170.31,1.13,3.287,20.00,50.0,3.34
57.00,13.35,173.58,1.19,3.271,20.00,50.0,3.46
58.00,13.42,176.84,1.25,3.256,20.00,50.0,3.57
59.00,13.49,180.08,1.31,3.241,20.00,50.0,3.68
60.00,13.56,183.30,1.37,3.226,20.00,50.0,3.79
61.00,13.64,186.51,1.44,3.212,20.00,50.0,3.89
62.00,13.72,189.71,1.50,3.197,20.00,50.0,3.99
63.00,13.80,192.89,1.57,3.183,20.00,50.0,4.08
64.00,13.89,196.06,1.64,3.170,20.00,50.0,4.18
65.00,13.98,199.22,1.71,3.156,20.00,50.0,4.26
66.00,14.08,202.36,1.78,3.143,20.00,50.0,4.35
67.00,14.17,205.49,1.86,3.130,20.00,50.0,4.43
68.00,14.27,208.60,1.93,3.118,20.00,50.0,4.52
69.00,14.38,211.71,2.01,3.105,20.00,50.0,4.59
70.00,14.49,214.80,2.09,3.093,20.00,50.0,4.67
71.00,14.60,217.88,2.17,3.081,20.00,50.0,4.74
72.00,14.71,220.94,2.25,3.070,20.00,50.0,4.81
73.00,14.83,224.00,2.33,3.058,20.00,50.0,4.88
74.00,14.96,227.05,2.41,3.047,20.00,50.0,4.95
75.00,15.09,230.08,2.49,3.036,20.00,50.0,5.01
76.00,15.22,233.10,2.58,3.026,20.00,50.0,5.07
77.00,15.35,236.11,2.66,3.015,20.00,50.0,5.13
78.00,15.49,239.12,2.75,3.005,20.00,50.0,5.19
79.00,15.64,242.11,2.84,2.995,20.00,50.0,5.24
80.00,15.78,245.09,2.92,2.985,20.00,50.0,5.30
81.00,15.94,248.06,3.01,2.975,20.00,50.0,5.35
82.00,16.09,251.02,3.10,2.966,20.00,50.0,5.40
83.00,16.25,253.97,3.19,2.956,20.00,50.0,5.45
84.00,16.42,256.91,3.29,2.947,20.00,50.0,5.50
85.00,16.58,259.85,3.38,2.938,20.00,50.0,5.54
86.00,16.76,262.77,3.47,2.929,20.00,50.0,5.59
87.00,16.93,265.69,3.57,2.921,20.00,50.0,5.63
88.00,17.12,268.59,3.66,2.912,20.00,50.0,5.67
89.00,17.30,271.49,3.76,2.904,20.00,50.0,5.71
90.00,17.49,274.38,3.85,2.896,20.00,50.0,5.75
91.00,17.68,277.26,3.95,2.888,20.00,50.0,5.78
92.00,17.88,280.14,4.04,2.880,20.00,50.0,5.82
93.00,18.09,283.00,4.14,2.873,20.00,50.0,5.85
94.00,18.29,285.86,4.24,2.865,20.00,50.0,5.89
95.00,18.50,288.71,4.34,2.858,20.00,50.0,5.92
96.00,18.72,291.55,4.44,2.851,20.00,50.0,5.95
97.00,18.94,294.39,4.54,2.844,20.00,50.0,5.98
98.00,19.16,297.22,4.64,2.837,20.00,50.0,6.01
99.00,19.39,300.04,4.74,2.830,20.00,50.0,6.04
100.00,19.63,302.85,4.84,2.824,20.00,50.0,6.07
101.00,19.86,305.66,4.94,2.817,20.00,50.0,6.09
102.00,20.11,308.46,5.04,2.811,20.00,50.0,6.12
103.00,20.35,311.25,5.15,2.805,20.00,50.0,6.14
104.00,20.60,314.04,5.25,2.799,20.00,50.0,6.17
105.00,20.86,316.82,5.35,2.793,20.00,50.0,6.19
106.00,21.12,319.60,5.45,2.787,20.00,50.0,6.21
107.00,21.38,322.37,5.56,2.781,20.00,50.0,6.23
108.00,21.65,325.13,5.66,2.775,20.00,50.0,6.25
109.00,21.92,327.88,5.77,2.770,20.00,50.0,6.27
110.00,22.20,330.63,5.87,2.764,20.00,50.0,6.29
111.00,22.49,333.38,5.98,2.759,20.00,50.0,6.31
112.00,22.77,336.12,6.08,2.754,20.00,50.0,6.33
113.00,23.06,338.85,6.19,2.749,20.00,50.0,6.35
114.00,23.36,341.58,6.30,2.744,20.00,50.0,6.36
115.00,23.66,344.30,6.40,2.739,20.00,50.0,6.38
116.00,23.96,347.02,6.51,2.734,20.00,50.0,6.40
117.00,24.27,349.73,6.61,2.730,20.00,50.0,6.41
118.00,24.59,352.44,6.72,2.725,20.00,50.0,6.43
119.00,24.91,355.14,6.83,2.720,20.00,50.0,6.44
120.00,25.23,357.84,6.94,2.716,20.00,50.0,6.46
121.00,25.56,360.53,7.04,2.712,20.00,50.0,6.47
122.00,25.89,363.22,7.15,2.708,20.00,50.0,6.48
123.00,26.23,365.90,7.26,2.703,20.00,50.0,6.49
124.00,26.57,368.58,7.37,2.699,20.00,50.0,6.51
125.00,26.91,371.25,7.48,2.695,20.00,50.0,6.52
126.00,27.26,373.92,7.59,2.691,20.00,50.0,6.53
127.00,27.62,376.58,7.70,2.688,20.00,50.0,6.54
128.00,27.98,379.24,7.81,2.684,20.00,50.0,6.55
129.00,28.34,381.90,7.91,2.680,20.00,50.0,6.56
130.00,28.71,384.55,8.02,2.677,20.00,50.0,6.57
131.00,29.08,387.19,8.13,2.673,20.00,50.0,6.58
132.00,29.46,389.84,8.24,2.670,20.00,50.0,6.59
133.00,29.84,392.47,8.35,2.666,20.00,50.0,6.60
134.00,30.23,395.11,8.46,2.663,20.00,50.0,6.61
135.00,30.62,397.74,8.57,2.660,20.00,50.0,6.62
136.00,31.02,400.37,8.68,2.656,20.00,50.0,6.62
137.00,31.42,402.99,8.79,2.653,20.00,50.0,6.63
138.00,31.82,405.61,8.91,2.650,20.00,50.0,6.64
139.00,32.23,408.22,9.02,2.647,20.00,50.0,6.65
140.00,32.65,410.84,9.13,2.644,20.00,50.0,6.65
141.00,33.07,413.44,9.24,2.641,20.00,50.0,6.66
142.00,33.49,416.05,9.35,2.639,20.00,50.0,6.67
143.00,33.92,418.65,9.46,2.636,20.00,50.0,6.67
144.00,34.35,421.25,9.57,2.633,20.00,50.0,6.68
145.00,34.79,423.84,9.68,2.630,20.00,50.0,6.69
146.00,35.23,426.43,9.79,2.628,20.00,50.0,6.69
147.00,35.68,429.02,9.91,2.625,20.00,50.0,6.70
148.00,36.13,431.60,10.02,2.623,20.00,50.0,6.70
149.00,36.58,434.18,10.13,2.620,20.00,50.0,6.71
150.00,37.04,436.76,10.24,2.618,20.00,50.0,6.71
151.00,37.51,439.33,10.35,2.615,20.00,50.0,6.72
152.00,37.98,441.90,10.47,2.613,20.00,50.0,6.72
153.00,38.45,444.47,10.58,2.611,20.00,50.0,6.73
154.00,38.93,447.03,10.69,2.609,20.00,50.0,6.73
155.00,39.41,449.60,10.80,2.607,20.00,50.0,6.73
156.00,39.90,452.15,10.91,2.604,20.00,50.0,6.74
157.00,40.40,454.71,11.03,2.602,20.00,50.0,6.74
158.00,40.89,457.26,11.14,2.600,20.00,50.0,6.75
159.00,41.39,459.81,11.25,2.598,20.00,50.0,6.75
160.00,41.90,462.36,11.36,2.596,20.00,50.0,6.75
161.00,42.41,464.90,11.48,2.594,20.00,50.0,6.76
162.00,42.93,467.44,11.59,2.592,20.00,50.0,6.76
163.00,43.45,469.98,11.70,2.591,20.00,50.0,6.76
164.00,43.97,472.51,11.82,2.589,20.00,50.0,6.77
165.00,44.50,475.05,11.93,2.587,20.00,50.0,6.77
166.00,45.04,477.58,12.04,2.585,20.00,50.0,6.77
167.00,45.58,480.10,12.15,2.584,20.00,50.0,6.78
168.00,46.12,482.63,12.27,2.582,20.00,50.0,6.78
169.00,46.67,485.15,12.38,2.580,20.00,50.0,6.78
170.00,47.22,487.67,12.49,2.579,20.00,50.0,6.78
171.00,47.78,490.18,12.61,2.577,20.00,50.0,6.79
172.00,48.34,492.70,12.72,2.576,20.00,50.0,6.79
173.00,48.91,495.21,12.83,2.574,20.00,50.0,6.79
174.00,49.48,497.72,12.95,2.573,20.00,50.0,6.79
175.00,50.06,500.22,13.06,2.571,20.00,50.0,6.79
176.00,50.64,502.72,13.17,2.570,20.00,50.0,6.80
177.00,51.22,505.22,13.29,2.568,20.00,50.0,6.80
178.00,51.81,507.72,13.40,2.567,20.00,50.0,6.80
179.00,52.41,510.22,13.51,2.566,20.00,50.0,6.80
180.00,53.00,512.71,13.63,2.564,20.00,50.0,6.80
181.00,53.61,515.20,13.74,2.563,20.00,50.0,6.81
182.00,54.22,517.69,13.85,2.562,20.00,50.0,6.81
183.00,54.83,520.18,13.97,2.561,20.00,50.0,6.81
184.00,55.45,522.66,14.08,2.559,20.00,50.0,6.81
185.00,56.07,525.14,14.19,2.558,20.00,50.0,6.81
186.00,56.70,527.62,14.31,2.557,20.00,50.0,6.81
187.00,57.33,530.10,14.42,2.556,20.00,50.0,6.82
188.00,57.96,532.57,14.53,2.555,20.00,50.0,6.82
189.00,58.61,535.04,14.65,2.554,20.00,50.0,6.82
190.00,59.25,537.51,14.76,2.553,20.00,50.0,6.82
191.00,59.90,539.98,14.87,2.551,20.00,50.0,6.82
192.00,60.56,542.45,14.99,2.550,20.00,50.0,6.82
193.00,61.22,544.91,15.10,2.549,20.00,50.0,6.82
194.00,61.88,547.37,15.22,2.548,20.00,50.0,6.82
195.00,62.55,549.83,15.33,2.547,20.00,50.0,6.83
196.00,63.22,552.28,15.44,2.547,20.00,50.0,6.83
197.00,63.90,554.74,15.56,2.546,20.00,50.0,6.83
198.00,64.58,557.19,15.67,2.545,20.00,50.0,6.83
199.00,65.27,559.64,15.78,2.544,20.00,50.0,6.83
200.00,65.96,562.08,15.90,2.543,20.00,50.0,6.83
201.00,66.66,564.53,16.01,2.542,20.00,50.0,6.83
202.00,67.36,566.97,16.13,2.541,20.00,50.0,6.83
203.00,68.06,569.41,16.24,2.540,20.00,50.0,6.83
204.00,68.77,571.85,16.35,2.540,20.00,50.0,6.83
205.00,69.49,574.29,16.47,2.539,20.00,50.0,6.83
206.00,70.21,576.72,16.58,2.538,20.00,50.0,6.84
207.00,70.93,579.15,16.70,2.537,20.00,50.0,6.84
208.00,71.66,581.58,16.81,2.537,20.00,50.0,6.84
209.00,72.39,584.01,16.92,2.536,20.00,50.0,6.84
210.00,73.13,586.43,17.04,2.535,20.00,50.0,6.84
211.00,73.87,588.86,17.15,2.534,20.00,50.0,6.84
212.00,74.62,591.28,17.27,2.534,20.00,50.0,6.84
213.00,75.37,593.70,17.38,2.533,20.00,50.0,6.84
214.00,76.13,596.11,17.49,2.532,20.00,50.0,6.84
215.00,76.89,598.53,17.61,2.532,20.00,50.0,6.84
216.00,77.66,600.94,17.72,2.531,20.00,50.0,6.84
217.00,78.43,603.35,17.84,2.530,20.00,50.0,6.84
218.00,79.20,605.76,17.95,2.530,20.00,50.0,6.84
219.00,79.98,608.17,18.06,2.529,15.00,50.0,6.79
220.00,80.77,610.57,18.18,2.529,15.00,50.0,6.73
221.00,81.55,612.97,18.29,2.528,15.00,50.0,6.68
222.00,82.35,615.37,18.40,2.528,15.00,50.0,6.63
223.00,83.14,617.77,18.51,2.527,15.00,50.0,6.58
224.00,83.95,620.17,18.62,2.526,15.00,50.0,6.53
225.00,84.75,622.56,18.72,2.526,15.00,50.0,6.48
226.00,85.56,624.95,18.83,2.525,15.00,50.0,6.44
227.00,86.38,627.34,18.94,2.525,15.00,50.0,6.40
228.00,87.20,629.73,19.04,2.524,15.00,50.0,6.35
229.00,88.02,632.11,19.15,2.524,15.00,50.0,6.31
230.00,88.85,634.50,19.25,2.523,15.00,50.0,6.27
231.00,89.68,636.88,19.36,2.523,15.00,50.0,6.24
232.00,90.52,639.26,19.46,2.522,10.00,50.0,6.14
233.00,91.36,641.64,19.56,2.522,10.00,50.0,6.05
234.00,92.20,644.01,19.66,2.522,10.00,50.0,5.97
235.00,93.05,646.39,19.76,2.521,10.00,50.0,5.88
236.00,93.90,648.76,19.85,2.521,10.00,50.0,5.80
237.00,94.76,651.13,19.95,2.520,10.00,50.0,5.72
238.00,95.62,653.50,20.04,2.520,10.00,50.0,5.64
239.00,96.48,655.87,20.14,2.520,10.00,50.0,5.57
240.00,97.35,658.23,20.23,2.519,10.00,50.0,5.50
241.00,98.22,660.60,20.32,2.519,10.00,50.0,5.43
242.00,99.09,662.96,20.41,2.518,10.00,50.0,5.36
243.00,99.97,665.32,20.50,2.518,10.00,50.0,5.30
244.00,100.85,667.68,20.58,2.518,10.00,50.0,5.24
245.00,101.74,670.03,20.67,2.517,10.00,50.0,5.18
246.00,102.63,672.39,20.76,2.517,10.00,50.0,5.12
247.00,103.52,674.74,20.84,2.517,5.00,50.0,5.00
248.00,104.41,677.09,20.92,2.516,5.00,50.0,4.89
249.00,105.31,679.44,21.00,2.516,5.00,50.0,4.79
250.00,106.21,681.79,21.08,2.516,5.00,50.0,4.69
251.00,107.12,684.14,21.15,2.515,5.00,50.0,4.59
252.00,108.03,686.48,21.23,2.515,5.00,50.0,4.49
253.00,108.94,688.83,21.30,2.515,5.00,50.0,4.40
254.00,109.85,691.17,21.37,2.514,5.00,50.0,4.31
255.00,110.77,693.51,21.44,2.514,5.00,50.0,4.22
256.00,111.68,695.85,21.51,2.514,5.00,50.0,4.14
257.00,112.61,698.19,21.58,2.514,5.00,50.0,4.06
258.00,113.53,700.53,21.65,2.513,5.00,50.0,3.98
259.00,114.46,702.86,21.71,2.513,5.00,50.0,3.90
260.00,115.39,705.20,21.78,2.513,5.00,50.0,3.83
261.00,116.32,707.53,21.84,2.513,5.00,50.0,3.76
262.00,117.25,709.86,21.90,2.512,5.00,50.0,3.69
263.00,118.19,712.19,21.96,2.512,5.00,50.0,3.63
264.00,119.13,714.52,22.02,2.512,0.00,50.0,3.51
265.00,120.07,716.85,22.08,2.512,0.00,50.0,3.39
266.00,121.02,719.18,22.13,2.511,0.00,50.0,3.28
267.00,121.96,721.50,22.18,2.511,0.00,50.0,3.17
268.00,122.91,723.83,22.23,2.511,0.00,50.0,3.06
269.00,123.86,726.15,22.28,2.511,0.00,50.0,2.96
270.00,124.81,728.48,22.33,2.510,0.00,50.0,2.86
271.00,125.77,730.80,22.38,2.510,0.00,50.0,2.77
272.00,126.72,733.12,22.42,2.510,0.00,50.0,2.67
273.00,127.68,735.44,22.47,2.510,0.00,50.0,2.58
274.00,128.64,737.76,22.51,2.510,0.00,50.0,2.50
275.00,129.60,740.08,22.55,2.509,0.00,50.0,2.41
276.00,130.56,742.39,22.59,2.509,0.00,50.0,2.33
277.00,131.52,744.71,22.62,2.509,0.00,50.0,2.26
278.00,132.49,747.03,22.66,2.509,0.00,50.0,2.18
279.00,133.46,749.34,22.70,2.509,0.00,50.0,2.11
280.00,134.42,751.65,22.73,2.509,0.00,50.0,2.04
281.00,135.39,753.97,22.76,2.508,0.00,50.0,1.97
282.00,136.36,756.28,22.79,2.508,0.00,50.0,1.90
283.00,137.33,758.59,22.82,2.508,0.00,50.0,1.84
284.00,138.31,760.91,22.85,2.508,0.00,50.0,1.78
285.00,139.28,763.22,22.88,2.508,0.00,50.0,1.72
286.00,140.26,765.53,22.91,2.508,0.00,50.0,1.66
287.00,141.23,767.84,22.94,2.507,0.00,50.0,1.61
288.00,142.21,770.14,22.96,2.507,0.00,50.0,1.55
289.00,143.19,772.45,22.99,2.507,0.00,50.0,1.50
290.00,144.17,774.76,23.01,2.507,0.00,50.0,1.45
291.00,145.15,777.07,23.04,2.507,0.00,50.0,1.40
292.00,146.13,779.38,23.06,2.507,0.00,50.0,1.36
293.00,147.11,781.68,23.08,2.507,0.00,50.0,1.31
294.00,148.09,783.99,23.10,2.506,0.00,50.0,1.27
295.00,149.08,786.29,23.12,2.506,0.00,50.0,1.23
296.00,150.06,788.60,23.14,2.506,0.00,50.0,1.18
297.00,151.04,790.90,23.16,2.506,0.00,50.0,1.15
298.00,152.03,793.21,23.18,2.506,0.00,50.0,1.11
299.00,153.02,795.51,23.20,2.506,0.00,50.0,1.07
300.00,154.00,797.81,23.21,2.506,0.00,50.0,1.03
301.00,154.99,800.12,23.23,2.506,0.00,50.0,1.00
302.00,155.98,802.42,23.25,2.505,0.00,50.0,0.97
303.00,156.97,804.72,23.26,2.505,0.00,50.0,0.93
304.00,157.96,807.02,23.28,2.505,0.00,50.0,0.90
305.00,158.95,809.32,23.29,2.505,0.00,50.0,0.87
306.00,159.94,811.62,23.31,2.505,0.00,50.0,0.84
307.00,160.93,813.92,23.32,2.505,0.00,50.0,0.82
308.00,161.92,816.22,23.33,2.505,0.00,50.0,0.79
309.00,162.91,818.52,23.35,2.505,0.00,50.0,0.76
310.00,163.91,820.82,23.36,2.505,0.00,50.0,0.74
311.00,164.90,823.12,23.37,2.505,0.00,50.0,0.71
312.00,165.89,825.42,23.38,2.504,0.00,50.0,0.69
313.00,166.89,827.72,23.39,2.504,0.00,50.0,0.67
314.00,167.88,830.02,23.40,2.504,0.00,50.0,0.64
315.00,168.87,832.32,23.41,2.504,0.00,50.0,0.62
316.00,169.87,834.62,23.42,2.504,0.00,50.0,0.60
317.00,170.87,836.91,23.43,2.504,0.00,50.0,0.58
318.00,171.86,839.21,23.44,2.504,0.00,50.0,0.56
319.00,172.86,841.51,23.45,2.504,0.00,50.0,0.54
320.00,173.85,843.80,23.46,2.504,0.00,50.0,0.53
321.00,174.85,846.10,23.47,2.504,0.00,50.0,0.51
322.00,175.85,848.40,23.48,2.504,0.00,50.0,0.49
323.00,176.85,850.69,23.49,2.504,0.00,50.0,0.47
324.00,177.84,852.99,23.49,2.504,0.00,50.0,0.46
325.00,178.84,855.29,23.50,2.503,0.00,50.0,0.44
326.00,179.84,857.58,23.51,2.503,0.00,50.0,0.43
327.00,180.84,859.88,23.51,2.503,0.00,50.0,0.41
328.00,181.84,862.17,23.52,2.503,0.00,50.0,0.40
329.00,182.84,864.47,23.53,2.503,0.00,50.0,0.39
330.00,183.83,866.76,23.53,2.503,0.00,50.0,0.37
331.00,184.83,869.06,23.54,2.503,0.00,50.0,0.36
332.00,185.83,871.35,23.55,2.503,0.00,50.0,0.35
333.00,186.83,873.65,23.55,2.503,0.00,50.0,0.34
334.00,187.83,875.94,23.56,2.503,0.00,50.0,0.33
335.00,188.83,878.24,23.56,2.503,0.00,50.0,0.32
336.00,189.83,880.53,23.57,2.503,0.00,50.0,0.31
337.00,190.83,882.82,23.57,2.503,0.00,50.0,0.30
338.00,191.84,885.12,23.58,2.503,0.00,50.0,0.29
339.00,192.84,887.41,23.58,2.503,0.00,50.0,0.28
340.00,193.84,889.70,23.59,2.503,0.00,50.0,0.27
341.00,194.84,892.00,23.59,2.502,0.00,50.0,0.26
342.00,195.84,894.29,23.59,2.502,0.00,50.0,0.25
343.00,196.84,896.58,23.60,2.502,0.00,50.0,0.24
344.00,197.84,898.88,23.60,2.502,0.00,50.0,0.23
345.00,198.85,901.17,23.61,2.502,0.00,50.0,0.23
346.00,199.85,903.46,23.61,2.502,0.00,50.0,0.22
347.00,200.85,905.76,23.61,2.502,0.00,50.0,0.21
348.00,201.85,908.05,23.62,2.502,0.00,50.0,0.20
349.00,202.85,910.34,23.62,2.502,0.00,50.0,0.20
350.00,203.86,912.63,23.62,2.502,0.00,50.0,0.19
351.00,204.86,914.93,23.63,2.502,0.00,50.0,0.18
352.00,205.86,917.22,23.63,2.502,0.00,50.0,0.18
353.00,206.86,919.51,23.63,2.502,0.00,50.0,0.17
354.00,207.87,921.80,23.63,2.502,0.00,50.0,0.17
355.00,208.87,924.10,23.64,2.502,0.00,50.0,0.16
356.00,209.87,926.39,23.64,2.502,0.00,50.0,0.15
357.00,210.88,928.68,23.64,2.502,0.00,50.0,0.15
358.00,211.88,930.97,23.64,2.502,0.00,50.0,0.14
359.00,212.88,933.26,23.65,2.502,0.00,50.0,0.14
360.00,213.89,935.55,23.65,2.502,0.00,50.0,0.14
361.00,214.89,937.85,23.65,2.502,0.00,50.0,0.13
362.00,215.89,940.14,23.65,2.502,0.00,50.0,0.13
363.00,216.90,942.43,23.66,2.502,0.00,50.0,0.12
364.00,217.90,944.72,23.66,2.502,0.00,50.0,0.12
365.00,218.90,947.01,23.66,2.502,0.00,50.0,0.11
366.00,219.91,949.30,23.66,2.502,0.00,50.0,0.11
367.00,220.91,951.59,23.66,2.501,0.00,50.0,0.11
368.00,221.92,953.88,23.66,2.501,0.00,50.0,0.10
369.00,222.92,956.18,23.67,2.501,0.00,50.0,0.10
370.00,223.92,958.47,23.67,2.501,0.00,50.0,0.10
371.00,224.93,960.76,23.67,2.501,0.00,50.0,0.09
372.00,225.93,963.05,23.67,2.501,0.00,50.0,0.09
373.00,226.94,965.34,23.67,2.501,0.00,50.0,0.09
374.00,227.94,967.63,23.67,2.501,0.00,50.0,0.08
375.00,228.95,969.92,23.67,2.501,0.00,50.0,0.08
376.00,229.95,972.21,23.68,2.501,0.00,50.0,0.08
377.00,230.95,974.50,23.68,2.501,0.00,50.0,0.08
378.00,231.96,976.79,23.68,2.501,0.00,50.0,0.07
379.00,232.96,979.08,23.68,2.501,0.00,50.0,0.07
380.00,233.97,981.37,23.68,2.501,0.00,50.0,0.07
381.00,234.97,983.66,23.68,2.501,0.00,50.0,0.07
382.00,235.98,985.96,23.68,2.501,0.00,50.0,0.06
383.00,236.98,988.25,23.68,2.501,0.00,50.0,0.06
384.00,237.99,990.54,23.69,2.501,0.00,50.0,0.06
385.00,238.99,992.83,23.69,2.501,0.00,50.0,0.06
386.00,240.00,995.12,23.69,2.501,0.00,50.0,0.06
387.00,241.00,997.41,23.69,2.501,0.00,50.0,0.05
388.00,242.01,999.70,23.69,2.501,0.00,50.0,0.05
389.00,243.01,1001.99,23.69,2.501,0.00,50.0,0.05
390.00,244.01,1004.28,23.69,2.501,0.00,50.0,0.05
391.00,245.02,1006.57,23.69,2.501,0.00,50.0,0.05
392.00,246.02,1008.86,23.69,2.501,0.00,50.0,0.05
393.00,247.03,1011.15,23.69,2.501,0.00,50.0,0.04
394.00,248.03,1013.44,23.69,2.501,0.00,50.0,0.04
395.00,249.04,1015.73,23.69,2.501,0.00,50.0,0.04
396.00,250.04,1018.02,23.69,2.501,0.00,50.0,0.04
397.00,251.05,1020.31,23.70,2.501,0.00,50.0,0.04
398.00,252.05,1022.60,23.70,2.501,0.00,50.0,0.04
399.00,253.06,1024.89,23.70,2.501,0.00,50.0,0.04
400.00,254.06,1027.18,23.70,2.501,0.00,50.0,0.03
401.00,255.07,1029.47,23.70,2.501,0.00,50.0,0.03
402.00,256.07,1031.76,23.70,2.501,0.00,50.0,0.03
403.00,257.08,1034.05,23.70,2.501,0.00,50.0,0.03
404.00,258.08,1036.34,23.70,2.501,0.00,50.0,0.03
405.00,259.09,1038.63,23.70,2.501,0.00,50.0,0.03
406.00,260.10,1040.92,23.70,2.501,0.00,50.0,0.03
407.00,261.10,1043.21,23.70,2.501,0.00,50.0,0.03
408.00,262.11,1045.50,23.70,2.501,0.00,50.0,0.03
409.00,263.11,1047.79,23.70,2.501,0.00,50.0,0.03
410.00,264.12,1050.08,23.70,2.501,0.00,50.0,0.02
411.00,265.12,1052.37,23.70,2.501,0.00,50.0,0.02
412.00,266.13,1054.66,23.70,2.501,0.00,50.0,0.02
413.00,267.13,1056.94,23.70,2.501,0.00,50.0,0.02
414.00,268.14,1059.23,23.70,2.501,0.00,50.0,0.02
415.00,269.14,1061.52,23.70,2.501,0.00,50.0,0.02
416.00,270.15,1063.81,23.70,2.501,0.00,50.0,0.02
417.00,271.15,1066.10,23.70,2.501,0.00,50.0,0.02
418.00,272.16,1068.39,23.71,2.501,0.00,50.0,0.02
419.00,273.16,1070.68,23.71,2.501,0.00,50.0,0.02
420.00,274.17,1072.97,23.71,2.501,0.00,50.0,0.02
421.00,275.17,1075.26,23.71,2.500,0.00,50.0,0.02
422.00,276.18,1077.55,23.71,2.500,0.00,50.0,0.02
423.00,277.18,1079.84,23.71,2.500,0.00,50.0,0.02
424.00,278.19,1082.13,23.71,2.500,0.00,50.0,0.02
425.00,279.19,1084.42,23.71,2.500,0.00,50.0,0.01
426.00,280.20,1086.71,23.71,2.500,0.00,50.0,0.01
427.00,281.21,1089.00,23.71,2.500,0.00,50.0,0.01
428.00,282.21,1091.29,23.71,2.500,0.00,50.0,0.01
429.00,283.22,1093.58,23.71,2.500,0.00,50.0,0.01
430.00,284.22,1095.87,23.71,2.500,0.00,50.0,0.01
431.00,285.23,1098.16,23.71,2.500,0.00,50.0,0.01
432.00,286.23,1100.44,23.71,2.500,0.00,50.0,0.01
433.00,287.24,1102.73,23.71,2.500,0.00,50.0,0.01
434.00,288.24,1105.02,23.71,2.500,0.00,50.0,0.01
435.00,289.25,1107.31,23.71,2.500,0.00,50.0,0.01
436.00,290.25,1109.60,23.71,2.500,0.00,50.0,0.01
437.00,291.26,1111.89,23.71,2.500,0.00,50.0,0.01
438.00,292.26,1114.18,23.71,2.500,0.00,50.0,0.01
439.00,293.27,1116.47,23.71,2.500,0.00,50.0,0.01
440.00,294.28,1118.76,23.71,2.500,0.00,50.0,0.01
441.00,295.28,1121.05,23.71,2.500,0.00,50.0,0.01
442.00,296.29,1123.34,23.71,2.500,0.00,50.0,0.01
443.00,297.29,1125.63,23.71,2.500,0.00,50.0,0.01
444.00,298.30,1127.92,23.71,2.500,0.00,50.0,0.01
445.00,299.30,1130.21,23.71,2.500,0.00,50.0,0.01
446.00,300.31,1132.50,23.71,2.500,0.00,50.0,0.01
447.00,301.31,1134.78,23.71,2.500,0.00,50.0,0.01
448.00,302.32,1137.07,23.71,2.500,0.00,50.0,0.01
449.00,303.32,1139.36,23.71,2.500,0.00,50.0,0.01
450.00,304.33,1141.65,23.71,2.500,0.00,50.0,0.01
451.00,305.33,1143.94,23.71,2.500,0.00,50.0,0.01
452.00,306.34,1146.23,23.71,2.500,0.00,50.0,0.01
453.00,307.35,1148.52,23.71,2.500,0.00,50.0,0.01
454.00,308.35,1150.81,23.71,2.500,0.00,50.0,0.01
455.00,309.36,1153.10,23.71,2.500,0.00,50.0,0.01
456.00,310.36,1155.39,23.71,2.500,0.00,50.0,0.01
457.00,311.37,1157.68,23.71,2.500,0.00,50.0,0.01
458.00,312.37,1159.97,23.71,2.500,0.00,50.0,0.00
459.00,313.38,1162.25,23.71,2.500,0.00,50.0,0.00
460.00,314.38,1164.54,23.71,2.500,0.00,50.0,0.00
461.00,315.39,1166.83,23.71,2.500,0.00,50.0,0.00
462.00,316.39,1169.12,23.71,2.500,0.00,50.0,0.00
463.00,317.40,1171.41,23.71,2.500,0.00,50.0,0.00
464.00,318.41,1173.70,23.71,2.500,0.00,50.0,0.00
465.00,319.41,1175.99,23.71,2.500,0.00,50.0,0.00
466.00,320.42,1178.28,23.71,2.500,0.00,50.0,0.00
467.00,321.42,1180.57,23.71,2.500,0.00,50.0,0.00
468.00,322.43,1182.86,23.71,2.500,0.00,50.0,0.00
469.00,323.43,1185.15,23.71,2.500,0.00,50.0,0.00
470.00,324.44,1187.44,23.71,2.500,0.00,50.0,0.00
471.00,325.44,1189.72,23.71,2.500,0.00,50.0,0.00
472.00,326.45,1192.01,23.71,2.500,0.00,50.0,0.00
473.00,327.45,1194.30,23.71,2.500,0.00,50.0,0.00
474.00,328.46,1196.59,23.71,2.500,0.00,50.0,0.00
475.00,329.47,1198.88,23.71,2.500,0.00,50.0,0.00
476.00,330.47,1201.17,23.71,2.500,0.00,50.0,0.00
477.00,331.48,1203.46,23.71,2.500,0.00,50.0,0.00
478.00,332.48,1205.75,23.71,2.500,0.00,50.0,0.00
479.00,333.49,1208.04,23.71,2.500,0.00,50.0,0.00
480.00,334.49,1210.33,23.71,2.500,0.00,50.0,0.00
481.00,335.50,1212.61,23.71,2.500,0.00,50.0,0.00
482.00,336.50,1214.90,23.71,2.500,0.00,50.0,0.00
483.00,337.51,1217.19,23.71,2.500,0.00,50.0,0.00
484.00,338.51,1219.48,23.71,2.500,0.00,50.0,0.00
485.00,339.52,1221.77,23.71,2.500,0.00,50.0,0.00
486.00,340.53,1224.06,23.71,2.500,0.00,50.0,0.00
487.00,341.53,1226.35,23.71,2.500,0.00,50.0,0.00
488.00,342.54,1228.64,23.71,2.500,0.00,50.0,0.00
489.00,343.54,1230.93,23.71,2.500,0.00,50.0,0.00
490.00,344.54,1233.21,23.71,2.490,5.00,40.0,0.06
491.00,345.54,1235.48,23.72,2.480,5.00,40.0,0.11
492.00,346.53,1237.74,23.72,2.471,5.00,40.0,0.17
493.00,347.52,1239.99,23.72,2.461,5.00,40.0,0.22
494.00,348.51,1242.24,23.73,2.452,5.00,40.0,0.27
495.00,349.49,1244.47,23.73,2.443,5.00,40.0,0.32
496.00,350.47,1246.70,23.74,2.434,5.00,40.0,0.36
497.00,351.45,1248.92,23.75,2.425,5.00,40.0,0.41
498.00,352.42,1251.14,23.75,2.417,5.00,40.0,0.45
499.00,353.39,1253.34,23.76,2.409,5.00,40.0,0.49
500.00,354.36,1255.54,23.77,2.400,5.00,40.0,0.53
501.00,355.33,1257.73,23.78,2.392,5.00,40.0,0.57
502.00,356.29,1259.91,23.79,2.385,5.00,40.0,0.61
503.00,357.25,1262.08,23.80,2.377,10.00,40.0,0.71
504.00,358.20,1264.25,23.81,2.369,10.00,40.0,0.80
505.00,359.16,1266.41,23.83,2.362,10.00,40.0,0.88
506.00,360.11,1268.57,23.85,2.355,10.00,40.0,0.97
507.00,361.06,1270.71,23.86,2.348,10.00,40.0,1.05
508.00,362.00,1272.85,23.88,2.341,10.00,40.0,1.13
509.00,362.95,1274.99,23.90,2.334,10.00,40.0,1.21
510.00,363.89,1277.12,23.92,2.327,10.00,40.0,1.28
511.00,364.83,1279.24,23.95,2.321,10.00,40.0,1.35
512.00,365.77,1281.35,23.97,2.314,10.00,40.0,1.42
513.00,366.71,1283.46,23.99,2.308,10.00,40.0,1.49
514.00,367.64,1285.56,24.02,2.302,10.00,40.0,1.55
515.00,368.58,1287.66,24.05,2.296,10.00,40.0,1.62
516.00,369.51,1289.75,24.08,2.290,15.00,40.0,1.73
517.00,370.44,1291.84,24.11,2.284,15.00,40.0,1.85
518.00,371.37,1293.92,24.14,2.278,15.00,40.0,1.96
519.00,372.30,1295.99,24.17,2.273,15.00,40.0,2.06
520.00,373.23,1298.06,24.21,2.267,15.00,40.0,2.17
521.00,374.16,1300.12,24.25,2.262,15.00,40.0,2.27
522.00,375.09,1302.18,24.29,2.257,15.00,40.0,2.36
523.00,376.01,1304.23,24.33,2.252,15.00,40.0,2.45
524.00,376.94,1306.28,24.37,2.247,15.00,40.0,2.54
525.00,377.86,1308.32,24.41,2.242,15.00,40.0,2.63
526.00,378.79,1310.36,24.46,2.237,15.00,40.0,2.71
527.00,379.71,1312.39,24.51,2.232,15.00,40.0,2.79
528.00,380.64,1314.42,24.56,2.227,20.00,40.0,2.93
529.00,381.56,1316.44,24.61,2.223,20.00,40.0,3.06
530.00,382.48,1318.46,24.66,2.218,20.00,40.0,3.19
531.00,383.41,1320.47,24.71,2.214,20.00,40.0,3.31
532.00,384.33,1322.48,24.77,2.210,20.00,40.0,3.43
533.00,385.26,1324.48,24.83,2.206,20.00,40.0,3.54
534.00,386.18,1326.48,24.89,2.201,20.00,40.0,3.65
535.00,387.11,1328.47,24.95,2.197,20.00,40.0,3.76
536.00,388.03,1330.46,25.02,2.194,20.00,40.0,3.86
537.00,388.96,1332.44,25.08,2.190,20.00,40.0,3.96
538.00,389.88,1334.42,25.15,2.186,20.00,40.0,4.06
539.00,390.81,1336.40,25.22,2.182,20.00,40.0,4.15
540.00,391.74,1338.37,25.29,2.178,20.00,40.0,4.24
541.00,392.67,1340.34,25.36,2.175,20.00,40.0,4.33
542.00,393.60,1342.30,25.44,2.171,20.00,40.0,4.41
543.00,394.53,1344.25,25.51,2.168,20.00,40.0,4.50
544.00,395.46,1346.21,25.59,2.165,20.00,40.0,4.57
545.00,396.40,1348.16,25.67,2.161,20.00,40.0,4.65
546.00,397.33,1350.11,25.74,2.168,15.00,50.0,4.67
547.00,398.28,1352.07,25.82,2.175,15.00,50.0,4.68
548.00,399.23,1354.03,25.90,2.181,15.00,50.0,4.70
549.00,400.19,1356.00,25.98,2.188,15.00,50.0,4.71
550.00,401.15,1357.97,26.06,2.194,15.00,50.0,4.73
551.00,402.11,1359.95,26.14,2.200,15.00,50.0,4.74
552.00,403.08,1361.93,26.22,2.206,15.00,50.0,4.75
553.00,404.06,1363.92,26.30,2.212,15.00,50.0,4.77
554.00,405.04,1365.90,26.38,2.218,15.00,50.0,4.78
555.00,406.03,1367.90,26.46,2.223,15.00,50.0,4.79
556.00,407.02,1369.89,26.54,2.229,15.00,50.0,4.80
557.00,408.02,1371.89,26.62,2.234,15.00,50.0,4.81
558.00,409.03,1373.89,26.70,2.240,15.00,50.0,4.83
559.00,410.03,1375.90,26.78,2.245,15.00,50.0,4.84
560.00,411.05,1377.91,26.86,2.250,15.00,50.0,4.85
561.00,412.07,1379.92,26.94,2.255,15.00,50.0,4.86
562.00,413.09,1381.93,27.02,2.260,15.00,50.0,4.87
563.00,414.12,1383.95,27.10,2.265,15.00,50.0,4.88
564.00,415.15,1385.97,27.18,2.269,10.00,50.0,4.83
565.00,416.19,1387.99,27.26,2.274,10.00,50.0,4.78
566.00,417.24,1390.02,27.34,2.278,10.00,50.0,4.74
567.00,418.28,1392.05,27.42,2.283,10.00,50.0,4.69
568.00,419.34,1394.08,27.50,2.287,10.00,50.0,4.65
569.00,420.40,1396.11,27.57,2.291,10.00,50.0,4.61
570.00,421.46,1398.14,27.65,2.296,10.00,50.0,4.57
571.00,422.52,1400.18,27.72,2.300,10.00,50.0,4.53
572.00,423.60,1402.22,27.80,2.304,10.00,50.0,4.49
573.00,424.67,1404.26,27.87,2.308,10.00,50.0,4.46
574.00,425.75,1406.30,27.95,2.311,10.00,50.0,4.42
575.00,426.84,1408.35,28.02,2.315,5.00,50.0,4.33
576.00,427.93,1410.40,28.09,2.319,5.00,50.0,4.25
577.00,429.02,1412.45,28.16,2.323,5.00,50.0,4.16
578.00,430.12,1414.50,28.23,2.326,5.00,50.0,4.08
579.00,431.22,1416.55,28.29,2.330,5.00,50.0,4.00
580.00,432.33,1418.60,28.36,2.333,5.00,50.0,3.93
581.00,433.44,1420.66,28.42,2.336,5.00,50.0,3.85
582.00,434.55,1422.72,28.49,2.340,5.00,50.0,3.78
583.00,435.67,1424.78,28.55,2.343,5.00,50.0,3.71
584.00,436.79,1426.84,28.61,2.346,5.00,50.0,3.65
585.00,437.91,1428.90,28.67,2.349,5.00,50.0,3.58
586.00,439.04,1430.96,28.73,2.352,5.00,50.0,3.52
587.00,440.17,1433.03,28.79,2.355,5.00,50.0,3.46
588.00,441.31,1435.10,28.84,2.358,5.00,50.0,3.40
589.00,442.45,1437.16,28.90,2.361,5.00,50.0,3.34
590.00,443.59,1439.23,28.95,2.364,5.00,50.0,3.29
591.00,444.74,1441.30,29.01,2.366,0.00,50.0,3.18
592.00,445.88,1443.37,29.06,2.369,0.00,50.0,3.07
593.00,447.04,1445.45,29.11,2.372,0.00,50.0,2.97
594.00,448.19,1447.52,29.15,2.374,0.00,50.0,2.87
595.00,449.35,1449.60,29.20,2.377,0.00,50.0,2.78
596.00,450.51,1451.67,29.25,2.379,0.00,50.0,2.68
597.00,451.67,1453.75,29.29,2.382,0.00,50.0,2.60
598.00,452.84,1455.83,29.33,2.384,0.00,50.0,2.51
599.00,454.01,1457.91,29.37,2.386,0.00,50.0,2.42
600.00,455.18,1459.99,29.41,2.389,0.00,50.0,2.34
601.00,456.35,1462.08,29.45,2.391,0.00,50.0,2.27
602.00,457.53,1464.16,29.48,2.393,0.00,50.0,2.19
603.00,458.71,1466.24,29.52,2.395,0.00,50.0,2.12
604.00,459.89,1468.33,29.55,2.397,0.00,50.0,2.05
605.00,461.07,1470.42,29.59,2.399,0.00,50.0,1.98
606.00,462.26,1472.51,29.62,2.401,0.00,50.0,1.91
607.00,463.45,1474.60,29.65,2.403,0.00,50.0,1.85
608.00,464.64,1476.69,29.68,2.405,0.00,50.0,1.79
609.00,465.83,1478.78,29.71,2.407,0.00,50.0,1.73
610.00,467.02,1480.87,29.74,2.409,0.00,50.0,1.67
611.00,468.22,1482.96,29.76,2.411,0.00,50.0,1.61
612.00,469.42,1485.06,29.79,2.413,0.00,50.0,1.56
613.00,470.62,1487.15,29.81,2.414,0.00,50.0,1.51
614.00,471.82,1489.25,29.84,2.416,0.00,50.0,1.46
615.00,473.02,1491.35,29.86,2.418,0.00,50.0,1.41
616.00,474.22,1493.44,29.88,2.419,0.00,50.0,1.36
617.00,475.43,1495.54,29.91,2.421,0.00,50.0,1.32
618.00,476.64,1497.64,29.93,2.423,0.00,50.0,1.27
619.00,477.85,1499.74,29.95,2.424,0.00,50.0,1.23
620.00,479.06,1501.84,29.97,2.426,0.00,50.0,1.19
621.00,480.27,1503.95,29.99,2.427,0.00,50.0,1.15
622.00,481.48,1506.05,30.01,2.429,0.00,50.0,1.11
623.00,482.70,1508.16,30.02,2.430,0.00,50.0,1.07
624.00,483.92,1510.26,30.04,2.431,0.00,50.0,1.04
625.00,485.13,1512.37,30.06,2.433,0.00,50.0,1.00
626.00,486.35,1514.47,30.07,2.434,0.00,50.0,0.97
627.00,487.57,1516.58,30.09,2.435,0.00,50.0,0.94
628.00,488.80,1518.69,30.10,2.437,0.00,50.0,0.91
629.00,490.02,1520.80,30.12,2.438,0.00,50.0,0.88
630.00,491.24,1522.91,30.13,2.439,0.00,50.0,0.85
631.00,492.47,1525.02,30.15,2.440,0.00,50.0,0.82
632.00,493.69,1527.13,30.16,2.442,0.00,50.0,0.79
633.00,494.92,1529.24,30.17,2.443,0.00,50.0,0.77
634.00,496.15,1531.35,30.19,2.444,0.00,50.0,0.74
635.00,497.38,1533.47,30.20,2.445,0.00,50.0,0.72
636.00,498.61,1535.58,30.21,2.446,0.00,50.0,0.69
637.00,499.84,1537.70,30.22,2.447,0.00,50.0,0.67
638.00,501.07,1539.81,30.23,2.448,0.00,50.0,0.65
639.00,502.31,1541.93,30.24,2.449,0.00,50.0,0.62
640.00,503.54,1544.05,30.25,2.450,0.00,50.0,0.60
641.00,504.77,1546.16,30.26,2.451,0.00,50.0,0.58
642.00,506.02,1548.29,30.27,2.462,5.00,60.0,0.62
643.00,507.26,1550.43,30.28,2.473,5.00,60.0,0.66
644.00,508.51,1552.57,30.29,2.484,5.00,60.0,0.69
645.00,509.77,1554.72,30.31,2.494,5.00,60.0,0.73
646.00,511.04,1556.89,30.32,2.504,5.00,60.0,0.76
647.00,512.30,1559.06,30.33,2.514,5.00,60.0,0.79
648.00,513.58,1561.23,30.35,2.524,5.00,60.0,0.82
649.00,514.86,1563.42,30.36,2.533,5.00,60.0,0.85
650.00,516.14,1565.61,30.37,2.543,5.00,60.0,0.88
651.00,517.43,1567.82,30.39,2.552,5.00,60.0,0.91
652.00,518.73,1570.02,30.40,2.561,5.00,60.0,0.94
653.00,520.04,1572.25,30.42,2.579,10.00,70.0,1.02
654.00,521.35,1574.49,30.44,2.598,10.00,70.0,1.10
655.00,522.68,1576.74,30.46,2.616,10.00,70.0,1.18
656.00,524.01,1579.01,30.48,2.634,10.00,70.0,1.25
657.00,525.36,1581.30,30.50,2.651,10.00,70.0,1.32
658.00,526.71,1583.60,30.53,2.668,10.00,70.0,1.39
659.00,528.07,1585.91,30.55,2.685,10.00,70.0,1.46
660.00,529.45,1588.24,30.58,2.701,10.00,70.0,1.53
661.00,530.83,1590.58,30.60,2.717,10.00,70.0,1.59
662.00,532.22,1592.93,30.63,2.732,10.00,70.0,1.65
663.00,533.62,1595.29,30.66,2.748,10.00,70.0,1.71
664.00,535.03,1597.67,30.69,2.763,10.00,70.0,1.77
665.00,536.45,1600.06,30.72,2.778,10.00,70.0,1.82
666.00,537.87,1602.46,30.75,2.792,15.00,70.0,1.93
667.00,539.31,1604.87,30.78,2.806,15.00,70.0,2.04
668.00,540.75,1607.29,30.82,2.820,15.00,70.0,2.15
669.00,542.20,1609.73,30.86,2.834,15.00,70.0,2.25
670.00,543.66,1612.17,30.90,2.847,15.00,70.0,2.34
671.00,545.13,1614.62,30.94,2.860,15.00,70.0,2.44
672.00,546.61,1617.09,30.98,2.873,15.00,70.0,2.53
673.00,548.09,1619.56,31.02,2.885,15.00,70.0,2.61
674.00,549.59,1622.04,31.07,2.898,15.00,70.0,2.70
675.00,551.09,1624.54,31.11,2.910,15.00,70.0,2.78
676.00,552.60,1627.04,31.16,2.922,15.00,70.0,2.86
677.00,554.12,1629.55,31.21,2.933,15.00,70.0,2.93
678.00,555.64,1632.07,31.26,2.944,15.00,70.0,3.01
679.00,557.17,1634.59,31.31,2.956,15.00,70.0,3.08
680.00,558.72,1637.13,31.36,2.966,15.00,70.0,3.15
681.00,560.27,1639.67,31.42,2.977,20.00,70.0,3.27
682.00,561.82,1642.22,31.48,2.988,20.00,70.0,3.39
683.00,563.39,1644.78,31.53,2.998,20.00,70.0,3.51
684.00,564.96,1647.34,31.59,3.008,20.00,70.0,3.62
685.00,566.54,1649.91,31.66,3.018,20.00,70.0,3.73
686.00,568.13,1652.49,31.72,3.027,20.00,70.0,3.83
687.00,569.73,1655.07,31.79,3.037,20.00,70.0,3.93
688.00,571.33,1657.66,31.85,3.046,20.00,70.0,4.03
689.00,572.95,1660.25,31.92,3.055,20.00,70.0,4.12
690.00,574.57,1662.86,31.99,3.064,20.00,70.0,4.21
691.00,576.19,1665.46,32.06,3.073,20.00,70.0,4.30
692.00,577.83,1668.07,32.14,3.081,20.00,70.0,4.39
693.00,579.47,1670.69,32.21,3.090,20.00,70.0,4.47
694.00,581.12,1673.31,32.29,3.098,20.00,70.0,4.55
695.00,582.78,1675.94,32.36,3.106,20.00,70.0,4.63
696.00,584.45,1678.57,32.44,3.114,20.00,70.0,4.70
697.00,586.12,1681.20,32.52,3.122,20.00,70.0,4.77
698.00,587.81,1683.84,32.60,3.129,20.00,70.0,4.84
699.00,589.50,1686.48,32.68,3.137,20.00,70.0,4.91
700.00,591.19,1689.13,32.77,3.144,20.00,70.0,4.97
701.00,592.90,1691.78,32.85,3.151,20.00,70.0,5.04
702.00,594.61,1694.43,32.94,3.158,20.00,70.0,5.10
703.00,596.33,1697.09,33.02,3.165,20.00,70.0,5.16
704.00,598.06,1699.74,33.11,3.171,20.00,70.0,5.21
705.00,599.80,1702.41,33.20,3.178,20.00,70.0,5.27
706.00,601.54,1705.07,33.29,3.184,20.00,70.0,5.32
707.00,603.29,1707.74,33.38,3.191,20.00,70.0,5.37
708.00,605.05,1710.41,33.47,3.197,20.00,70.0,5.42
709.00,606.82,1713.08,33.56,3.203,20.00,70.0,5.47
710.00,608.59,1715.75,33.65,3.209,20.00,70.0,5.52
711.00,610.37,1718.43,33.74,3.215,20.00,70.0,5.56
712.00,612.16,1721.11,33.83,3.220,20.00,70.0,5.60
713.00,613.96,1723.79,33.93,3.226,20.00,70.0,5.65
714.00,615.76,1726.47,34.02,3.232,20.00,70.0,5.69
715.00,617.57,1729.15,34.12,3.237,20.00,70.0,5.72
716.00,619.39,1731.84,34.21,3.242,20.00,70.0,5.76
717.00,621.22,1734.52,34.31,3.247,20.00,70.0,5.80
718.00,623.05,1737.21,34.41,3.252,20.00,70.0,5.83
719.00,624.89,1739.90,34.51,3.257,20.00,70.0,5.87
720.00,626.74,1742.58,34.60,3.262,20.00,70.0,5.90
721.00,628.59,1745.27,34.70,3.267,20.00,70.0,5.93
722.00,630.46,1747.96,34.80,3.272,20.00,70.0,5.96
723.00,632.33,1750.65,34.90,3.276,20.00,70.0,5.99
724.00,634.20,1753.34,35.00,3.281,20.00,70.0,6.02
725.00,636.09,1756.03,35.10,3.285,20.00,70.0,6.05
726.00,637.98,1758.73,35.21,3.289,20.00,70.0,6.08
727.00,639.88,1761.42,35.31,3.294,20.00,70.0,6.10
728.00,641.78,1764.11,35.41,3.298,20.00,70.0,6.13
729.00,643.70,1766.80,35.51,3.302,20.00,70.0,6.15
730.00,645.62,1769.49,35.61,3.306,20.00,70.0,6.18
731.00,647.55,1772.18,35.72,3.310,20.00,70.0,6.20
732.00,649.48,1774.87,35.82,3.313,20.00,70.0,6.22
733.00,651.42,1777.56,35.93,3.317,20.00,70.0,6.24
734.00,653.37,1780.25,36.03,3.321,20.00,70.0,6.26
735.00,655.33,1782.94,36.14,3.324,20.00,70.0,6.28
736.00,657.29,1785.63,36.24,3.328,20.00,70.0,6.30
737.00,659.26,1788.31,36.35,3.331,20.00,70.0,6.32
738.00,661.23,1791.00,36.45,3.335,20.00,70.0,6.34
739.00,663.22,1793.68,36.56,3.338,20.00,70.0,6.36
740.00,665.21,1796.37,36.66,3.341,20.00,70.0,6.37
741.00,667.20,1799.05,36.77,3.344,20.00,70.0,6.39
742.00,669.21,1801.73,36.88,3.348,20.00,70.0,6.40
743.00,671.22,1804.41,36.98,3.351,20.00,70.0,6.42
744.00,673.24,1807.09,37.09,3.354,20.00,70.0,6.43
745.00,675.26,1809.77,37.20,3.356,20.00,70.0,6.45
746.00,677.29,1812.44,37.31,3.359,20.00,70.0,6.46
747.00,679.33,1815.12,37.41,3.362,20.00,70.0,6.47
748.00,681.37,1817.78,37.52,3.355,25.00,60.0,6.54
749.00,683.41,1820.44,37.63,3.348,25.00,60.0,6.61
750.00,685.45,1823.08,37.74,3.341,25.00,60.0,6.68
751.00,687.49,1825.72,37.86,3.334,25.00,60.0,6.74
752.00,689.53,1828.35,37.97,3.327,25.00,60.0,6.80
753.00,691.57,1830.97,38.08,3.321,25.00,60.0,6.86
754.00,693.62,1833.57,38.20,3.314,25.00,60.0,6.92
755.00,695.66,1836.17,38.32,3.308,25.00,60.0,6.97
756.00,697.71,1838.76,38.43,3.302,25.00,60.0,7.03
757.00,699.76,1841.35,38.55,3.296,25.00,60.0,7.08
758.00,701.81,1843.92,38.67,3.290,25.00,60.0,7.13
759.00,703.86,1846.48,38.79,3.284,25.00,60.0,7.18
760.00,705.91,1849.04,38.91,3.279,25.00,60.0,7.22
761.00,707.97,1851.59,39.03,3.273,25.00,60.0,7.27
762.00,710.03,1854.12,39.15,3.267,25.00,60.0,7.31
763.00,712.09,1856.65,39.27,3.262,25.00,60.0,7.35
764.00,714.15,1859.17,39.40,3.257,25.00,60.0,7.39
765.00,716.21,1861.69,39.52,3.252,25.00,60.0,7.43
766.00,718.28,1864.19,39.65,3.247,25.00,60.0,7.47
767.00,720.35,1866.69,39.77,3.242,25.00,60.0,7.51
768.00,722.42,1869.18,39.90,3.237,25.00,60.0,7.54
769.00,724.49,1871.66,40.02,3.232,25.00,60.0,7.58
770.00,726.57,1874.13,40.15,3.228,25.00,60.0,7.61
771.00,728.65,1876.59,40.28,3.223,25.00,60.0,7.64
772.00,730.73,1879.05,40.41,3.219,25.00,60.0,7.67
773.00,732.81,1881.49,40.53,3.214,25.00,60.0,7.70
774.00,734.90,1883.93,40.66,3.210,25.00,60.0,7.73
775.00,736.98,1886.37,40.79,3.206,25.00,60.0,7.76
776.00,739.08,1888.79,40.92,3.202,25.00,60.0,7.79
777.00,741.17,1891.21,41.05,3.198,25.00,60.0,7.81
778.00,743.27,1893.61,41.18,3.194,25.00,60.0,7.84
779.00,745.37,1896.01,41.31,3.190,25.00,60.0,7.86
780.00,747.47,1898.41,41.45,3.186,25.00,60.0,7.89
781.00,749.58,1900.79,41.58,3.182,25.00,60.0,7.91
782.00,751.69,1903.17,41.71,3.179,25.00,60.0,7.93
783.00,753.80,1905.54,41.84,3.175,25.00,60.0,7.95
784.00,755.92,1907.90,41.97,3.172,25.00,60.0,7.97
785.00,758.03,1910.26,42.11,3.168,25.00,60.0,7.99
786.00,760.16,1912.61,42.24,3.165,25.00,60.0,8.01
787.00,762.28,1914.95,42.38,3.161,25.00,60.0,8.03
788.00,764.41,1917.28,42.51,3.158,25.00,60.0,8.05
789.00,766.54,1919.61,42.64,3.155,25.00,60.0,8.07
790.00,768.68,1921.92,42.78,3.152,25.00,60.0,8.08
791.00,770.82,1924.24,42.91,3.149,25.00,60.0,8.10
792.00,772.96,1926.54,43.05,3.146,25.00,60.0,8.12
793.00,775.10,1928.84,43.18,3.143,25.00,60.0,8.13
794.00,777.25,1931.13,43.32,3.140,25.00,60.0,8.15
795.00,779.41,1933.41,43.46,3.137,25.00,60.0,8.16
796.00,781.56,1935.68,43.59,3.135,25.00,60.0,8.17
797.00,783.72,1937.95,43.73,3.132,25.00,60.0,8.19
798.00,785.88,1940.21,43.87,3.129,25.00,60.0,8.20
799.00,788.05,1942.47,44.00,3.127,25.00,60.0,8.21
800.00,790.22,1944.71,44.14,3.124,25.00,60.0,8.22
801.00,792.39,1946.96,44.28,3.122,25.00,60.0,8.24
802.00,794.57,1949.19,44.41,3.119,25.00,60.0,8.25
803.00,796.75,1951.41,44.55,3.117,25.00,60.0,8.26
804.00,798.94,1953.63,44.69,3.115,25.00,60.0,8.27
805.00,801.13,1955.85,44.83,3.112,25.00,60.0,8.28
806.00,803.32,1958.05,44.97,3.110,25.00,60.0,8.29
807.00,805.52,1960.25,45.10,3.108,25.00,60.0,8.30
808.00,807.72,1962.44,45.24,3.106,25.00,60.0,8.31
809.00,809.92,1964.63,45.38,3.104,25.00,60.0,8.32
810.00,812.13,1966.81,45.52,3.101,25.00,60.0,8.32
811.00,814.34,1968.98,45.66,3.099,25.00,60.0,8.33
812.00,816.55,1971.14,45.80,3.097,25.00,60.0,8.34
813.00,818.77,1973.30,45.94,3.095,25.00,60.0,8.35
814.00,821.00,1975.45,46.08,3.094,25.00,60.0,8.36
815.00,823.22,1977.60,46.22,3.092,25.00,60.0,8.36
816.00,825.45,1979.74,46.35,3.090,25.00,60.0,8.37
817.00,827.69,1981.87,46.49,3.088,25.00,60.0,8.38
818.00,829.93,1983.99,46.63,3.086,25.00,60.0,8.38
819.00,832.17,1986.11,46.77,3.085,25.00,60.0,8.39
820.00,834.42,1988.22,46.91,3.083,25.00,60.0,8.39
821.00,836.67,1990.33,47.05,3.081,25.00,60.0,8.40
822.00,838.92,1992.42,47.19,3.080,25.00,60.0,8.41
823.00,841.18,1994.52,47.33,3.078,25.00,60.0,8.41
824.00,843.44,1996.60,47.47,3.076,25.00,60.0,8.42
825.00,845.71,1998.68,47.61,3.075,25.00,60.0,8.42
826.00,847.98,2000.75,47.76,3.073,25.00,60.0,8.43
827.00,850.25,2002.82,47.90,3.072,25.00,60.0,8.43
828.00,852.53,2004.87,48.04,3.071,25.00,60.0,8.44
829.00,854.81,2006.93,48.18,3.069,25.00,60.0,8.44
830.00,857.10,2008.97,48.32,3.068,25.00,60.0,8.45
831.00,859.39,2011.01,48.46,3.066,25.00,60.0,8.45
832.00,861.68,2013.04,48.60,3.065,25.00,60.0,8.45
833.00,863.98,2015.07,48.74,3.064,25.00,60.0,8.46
834.00,866.28,2017.09,48.88,3.062,25.00,60.0,8.46
835.00,868.59,2019.10,49.02,3.061,25.00,60.0,8.47
836.00,870.90,2021.11,49.16,3.060,25.00,60.0,8.47
837.00,873.21,2023.11,49.31,3.059,25.00,60.0,8.47
838.00,875.53,2025.10,49.45,3.058,25.00,60.0,8.48
839.00,877.85,2027.09,49.59,3.056,25.00,60.0,8.48
840.00,880.18,2029.07,49.73,3.055,25.00,60.0,8.48
841.00,882.51,2031.05,49.87,3.054,25.00,60.0,8.48
842.00,884.84,2033.01,50.01,3.053,25.00,60.0,8.49
843.00,887.18,2034.97,50.15,3.052,25.00,60.0,8.49
844.00,889.52,2036.93,50.29,3.051,25.00,60.0,8.49
845.00,891.87,2038.88,50.44,3.050,25.00,60.0,8.50
846.00,894.22,2040.82,50.58,3.049,25.00,60.0,8.50
847.00,896.58,2042.76,50.72,3.048,25.00,60.0,8.50
848.00,898.93,2044.69,50.86,3.047,25.00,60.0,8.50
849.00,901.30,2046.61,51.00,3.046,25.00,60.0,8.51
850.00,903.66,2048.52,51.15,3.045,25.00,60.0,8.51
851.00,906.03,2050.43,51.29,3.044,25.00,60.0,8.51
852.00,908.41,2052.34,51.43,3.043,25.00,60.0,8.51
853.00,910.79,2054.23,51.57,3.043,25.00,60.0,8.51
854.00,913.17,2056.12,51.71,3.042,25.00,60.0,8.52
855.00,915.56,2058.01,51.85,3.041,25.00,60.0,8.52
856.00,917.95,2059.89,52.00,3.040,25.00,60.0,8.52
857.00,920.34,2061.76,52.14,3.039,25.00,60.0,8.52
858.00,922.74,2063.62,52.28,3.038,25.00,60.0,8.52
859.00,925.15,2065.48,52.42,3.038,25.00,60.0,8.52
860.00,927.55,2067.33,52.56,3.037,25.00,60.0,8.53
861.00,929.96,2069.18,52.71,3.036,25.00,60.0,8.53
862.00,932.38,2071.02,52.85,3.035,25.00,60.0,8.53
863.00,934.80,2072.85,52.99,3.035,25.00,60.0,8.53
864.00,937.22,2074.68,53.13,3.034,25.00,60.0,8.53
865.00,939.65,2076.50,53.28,3.033,25.00,60.0,8.53
866.00,942.08,2078.31,53.42,3.033,25.00,60.0,8.53
867.00,944.51,2080.12,53.56,3.032,25.00,60.0,8.54
868.00,946.95,2081.92,53.70,3.031,25.00,60.0,8.54
869.00,949.39,2083.71,53.84,3.031,25.00,60.0,8.54
870.00,951.84,2085.50,53.99,3.030,25.00,60.0,8.54
871.00,954.29,2087.28,54.13,3.030,25.00,60.0,8.54
872.00,956.75,2089.06,54.27,3.029,25.00,60.0,8.54
873.00,959.20,2090.82,54.41,3.028,25.00,60.0,8.54
874.00,961.67,2092.59,54.56,3.028,25.00,60.0,8.54
875.00,964.13,2094.34,54.70,3.027,25.00,60.0,8.54
876.00,966.60,2096.09,54.84,3.027,25.00,60.0,8.54
877.00,969.08,2097.83,54.98,3.026,25.00,60.0,8.55
878.00,971.55,2099.57,55.13,3.026,25.00,60.0,8.55
879.00,974.04,2101.30,55.27,3.025,25.00,60.0,8.55
880.00,976.52,2103.02,55.41,3.025,25.00,60.0,8.55
881.00,979.01,2104.74,55.55,3.024,25.00,60.0,8.55
882.00,981.51,2106.45,55.70,3.024,25.00,60.0,8.55
883.00,984.00,2108.15,55.84,3.023,25.00,60.0,8.55
884.00,986.50,2109.85,55.98,3.023,25.00,60.0,8.55
885.00,989.01,2111.54,56.12,3.022,25.00,60.0,8.55
886.00,991.52,2113.23,56.27,3.022,25.00,60.0,8.55
887.00,994.03,2114.90,56.41,3.021,25.00,60.0,8.55
888.00,996.55,2116.58,56.55,3.021,25.00,60.0,8.55
889.00,999.07,2118.24,56.69,3.021,25.00,60.0,8.55
890.00,1001.59,2119.90,56.84,3.020,25.00,60.0,8.55
891.00,1004.12,2121.55,56.98,3.020,25.00,60.0,8.56
892.00,1006.65,2123.20,57.12,3.019,25.00,60.0,8.56
893.00,1009.19,2124.84,57.26,3.019,25.00,60.0,8.56
894.00,1011.73,2126.47,57.41,3.019,25.00,60.0,8.56
895.00,1014.27,2128.09,57.55,3.018,25.00,60.0,8.56
896.00,1016.81,2129.71,57.69,3.018,25.00,60.0,8.56
897.00,1019.37,2131.33,57.83,3.017,25.00,60.0,8.56
898.00,1021.92,2132.93,57.98,3.017,25.00,60.0,8.56
899.00,1024.48,2134.53,58.12,3.017,25.00,60.0,8.56
900.00,1027.04,2136.12,58.26,3.016,25.00,60.0,8.56
901.00,1029.60,2137.71,58.41,3.016,25.00,60.0,8.56
902.00,1032.17,2139.29,58.55,3.016,25.00,60.0,8.56
903.00,1034.74,2140.86,58.69,3.015,25.00,60.0,8.56
904.00,1037.32,2142.43,58.83,3.015,25.00,60.0,8.56
905.00,1039.90,2143.99,58.98,3.015,25.00,60.0,8.56
906.00,1042.48,2145.55,59.12,3.015,25.00,60.0,8.56
907.00,1045.07,2147.09,59.26,3.014,25.00,60.0,8.56
908.00,1047.66,2148.63,59.40,3.014,25.00,60.0,8.56
909.00,1050.26,2150.17,59.55,3.014,25.00,60.0,8.56
910.00,1052.85,2151.69,59.69,3.013,25.00,60.0,8.56
911.00,1055.45,2153.21,59.83,3.013,25.00,60.0,8.56
912.00,1058.06,2154.73,59.98,3.013,25.00,60.0,8.56
913.00,1060.67,2156.24,60.12,3.013,25.00,60.0,8.56
914.00,1063.28,2157.74,60.26,3.012,25.00,60.0,8.56
915.00,1065.90,2159.23,60.40,3.012,25.00,60.0,8.56
916.00,1068.51,2160.72,60.55,3.012,25.00,60.0,8.56
917.00,1071.14,2162.20,60.69,3.012,25.00,60.0,8.56
918.00,1073.76,2163.67,60.83,3.011,25.00,60.0,8.57
919.00,1076.39,2165.14,60.97,3.011,25.00,60.0,8.57
920.00,1079.02,2166.60,61.12,3.011,25.00,60.0,8.57
921.00,1081.66,2168.06,61.26,3.011,25.00,60.0,8.57
922.00,1084.30,2169.50,61.40,3.011,25.00,60.0,8.57
923.00,1086.94,2170.95,61.55,3.010,25.00,60.0,8.57
924.00,1089.59,2172.38,61.69,3.010,25.00,60.0,8.57
925.00,1092.24,2173.81,61.83,3.010,25.00,60.0,8.57
926.00,1094.89,2175.23,61.97,3.010,25.00,60.0,8.57
927.00,1097.55,2176.64,62.12,3.010,25.00,60.0,8.57
928.00,1100.21,2178.05,62.26,3.009,25.00,60.0,8.57
929.00,1102.87,2179.45,62.40,3.009,25.00,60.0,8.57
930.00,1105.54,2180.84,62.54,3.009,25.00,60.0,8.57
931.00,1108.21,2182.23,62.69,3.009,25.00,60.0,8.57
932.00,1110.88,2183.61,62.83,3.009,25.00,60.0,8.57
933.00,1113.56,2184.99,62.97,3.008,25.00,60.0,8.57
934.00,1116.24,2186.35,63.12,3.008,25.00,60.0,8.57
935.00,1118.92,2187.71,63.26,3.008,25.00,60.0,8.57
936.00,1121.61,2189.07,63.40,3.008,25.00,60.0,8.57
937.00,1124.30,2190.41,63.54,3.008,25.00,60.0,8.57
938.00,1126.99,2191.75,63.69,3.008,25.00,60.0,8.57
939.00,1129.69,2193.09,63.83,3.007,25.00,60.0,8.57
940.00,1132.39,2194.41,63.97,3.007,25.00,60.0,8.57
941.00,1135.09,2195.73,64.12,3.007,25.00,60.0,8.57
942.00,1137.79,2197.04,64.26,3.007,25.00,60.0,8.57
943.00,1140.50,2198.35,64.40,3.007,25.00,60.0,8.57
944.00,1143.21,2199.65,64.54,3.007,25.00,60.0,8.57
945.00,1145.93,2200.94,64.69,3.007,25.00,60.0,8.57
946.00,1148.65,2202.23,64.83,3.007,25.00,60.0,8.57
947.00,1151.37,2203.51,64.97,3.006,25.00,60.0,8.57
948.00,1154.09,2204.78,65.12,3.006,25.00,60.0,8.57
949.00,1156.82,2206.04,65.26,3.006,25.00,60.0,8.57
950.00,1159.55,2207.30,65.40,3.006,25.00,60.0,8.57
951.00,1162.28,2208.55,65.54,3.006,25.00,60.0,8.57
952.00,1165.02,2209.80,65.69,3.006,25.00,60.0,8.57
953.00,1167.76,2211.03,65.83,3.006,25.00,60.0,8.57
954.00,1170.50,2212.26,65.97,3.006,25.00,60.0,8.57
955.00,1173.24,2213.49,66.12,3.005,25.00,60.0,8.57
956.00,1175.99,2214.70,66.26,3.005,25.00,60.0,8.57
957.00,1178.74,2215.91,66.40,3.005,25.00,60.0,8.57
958.00,1181.50,2217.12,66.54,3.005,25.00,60.0,8.57
959.00,1184.25,2218.31,66.69,3.005,25.00,60.0,8.57
960.00,1187.01,2219.50,66.83,3.005,25.00,60.0,8.57
961.00,1189.77,2220.69,66.97,3.005,25.00,60.0,8.57
962.00,1192.54,2221.86,67.11,3.005,25.00,60.0,8.57
963.00,1195.31,2223.03,67.26,3.005,25.00,60.0,8.57
964.00,1198.08,2224.19,67.40,3.005,25.00,60.0,8.57
965.00,1200.85,2225.35,67.54,3.004,25.00,60.0,8.57
966.00,1203.63,2226.49,67.69,3.004,25.00,60.0,8.57
967.00,1206.41,2227.63,67.83,3.004,25.00,60.0,8.57
968.00,1209.19,2228.77,67.97,3.004,25.00,60.0,8.57
969.00,1211.98,2229.89,68.11,3.004,25.00,60.0,8.57
970.00,1214.76,2231.01,68.26,3.004,25.00,60.0,8.57
971.00,1217.55,2232.13,68.40,3.004,25.00,60.0,8.57
972.00,1220.35,2233.23,68.54,3.004,25.00,60.0,8.57
973.00,1223.14,2234.33,68.69,3.004,25.00,60.0,8.57
974.00,1225.94,2235.42,68.83,3.004,25.00,60.0,8.57
975.00,1228.74,2236.51,68.97,3.004,25.00,60.0,8.57
976.00,1231.54,2237.59,69.11,3.004,25.00,60.0,8.57
977.00,1234.35,2238.66,69.26,3.003,25.00,60.0,8.57
978.00,1237.16,2239.72,69.40,3.003,25.00,60.0,8.57
979.00,1239.97,2240.78,69.54,3.003,25.00,60.0,8.57
980.00,1242.78,2241.83,69.69,3.003,25.00,60.0,8.57
981.00,1245.60,2242.87,69.83,3.003,25.00,60.0,8.57
982.00,1248.42,2243.90,69.97,3.003,25.00,60.0,8.57
983.00,1251.24,2244.93,70.11,3.003,25.00,60.0,8.57
984.00,1254.06,2245.95,70.26,3.003,25.00,60.0,8.57
985.00,1256.89,2246.97,70.40,3.003,25.00,60.0,8.57
986.00,1259.72,2247.98,70.54,3.003,25.00,60.0,8.57
987.00,1262.55,2248.98,70.69,3.003,25.00,60.0,8.57
988.00,1265.39,2249.97,70.83,3.003,25.00,60.0,8.57
989.00,1268.22,2250.96,70.97,3.003,25.00,60.0,8.57
990.00,1271.06,2251.93,71.11,3.003,25.00,60.0,8.57
991.00,1273.90,2252.91,71.26,3.003,25.00,60.0,8.57
992.00,1276.74,2253.87,71.40,3.003,25.00,60.0,8.57
993.00,1279.59,2254.83,71.54,3.003,25.00,60.0,8.57
994.00,1282.44,2255.78,71.69,3.002,25.00,60.0,8.57
995.00,1285.29,2256.72,71.83,3.002,25.00,60.0,8.57
996.00,1288.14,2257.66,71.97,3.002,25.00,60.0,8.57
997.00,1291.00,2258.59,72.11,3.002,25.00,60.0,8.57
998.00,1293.85,2259.51,72.26,3.002,25.00,60.0,8.57
999.00,1296.71,2260.43,72.40,3.002,25.00,60.0,8.57
1000.00,1299.57,2261.33,72.54,3.002,25.00,60.0,8.57
1001.00,1302.44,2262.23,72.69,3.002,25.00,60.0,8.57
1002.00,1305.30,2263.13,72.83,3.002,25.00,60.0,8.57
1003.00,1308.17,2264.01,72.97,3.002,25.00,60.0,8.57
1004.00,1311.04,2264.89,73.11,3.002,25.00,60.0,8.57
1005.00,1313.92,2265.76,73.26,3.002,25.00,60.0,8.57
1006.00,1316.79,2266.63,73.40,3.002,25.00,60.0,8.57
1007.00,1319.67,2267.49,73.54,3.002,25.00,60.0,8.57
1008.00,1322.55,2268.34,73.69,3.002,25.00,60.0,8.57
1009.00,1325.43,2269.18,73.83,3.002,25.00,60.0,8.57
1010.00,1328.31,2270.02,73.97,3.002,25.00,60.0,8.57
1011.00,1331.19,2270.85,74.11,3.002,25.00,60.0,8.57
1012.00,1334.08,2271.67,74.26,3.002,25.00,60.0,8.57
1013.00,1336.97,2272.48,74.40,3.002,25.00,60.0,8.57
1014.00,1339.86,2273.29,74.54,3.002,25.00,60.0,8.57
1015.00,1342.76,2274.09,74.69,3.002,25.00,60.0,8.57
1016.00,1345.65,2274.88,74.83,3.002,25.00,60.0,8.57
1017.00,1348.55,2275.67,74.97,3.002,25.00,60.0,8.57
1018.00,1351.45,2276.45,75.11,3.002,25.00,60.0,8.57
1019.00,1354.35,2277.22,75.26,3.001,25.00,60.0,8.57
1020.00,1357.25,2277.98,75.40,3.001,25.00,60.0,8.57
1021.00,1360.15,2278.74,75.54,3.001,25.00,60.0,8.57
1022.00,1363.06,2279.49,75.69,3.001,25.00,60.0,8.57
1023.00,1365.97,2280.23,75.83,3.001,25.00,60.0,8.57
1024.00,1368.88,2280.96,75.97,3.001,25.00,60.0,8.57
1025.00,1371.79,2281.69,76.11,3.001,25.00,60.0,8.57
1026.00,1374.70,2282.41,76.26,3.001,25.00,60.0,8.57
1027.00,1377.62,2283.12,76.40,3.001,25.00,60.0,8.57
1028.00,1380.54,2283.83,76.54,3.001,25.00,60.0,8.57
1029.00,1383.46,2284.53,76.69,3.001,25.00,60.0,8.57
1030.00,1386.38,2285.22,76.83,3.001,25.00,60.0,8.57
1031.00,1389.30,2285.90,76.97,3.001,25.00,60.0,8.57
1032.00,1392.22,2286.58,77.11,3.001,25.00,60.0,8.57
1033.00,1395.15,2287.25,77.26,3.001,25.00,60.0,8.57
1034.00,1398.07,2287.91,77.40,3.001,25.00,60.0,8.57
1035.00,1401.00,2288.57,77.54,3.001,25.00,60.0,8.57
1036.00,1403.93,2289.21,77.69,3.001,25.00,60.0,8.57
1037.00,1406.87,2289.85,77.83,3.001,25.00,60.0,8.57
1038.00,1409.80,2290.49,77.97,3.001,25.00,60.0,8.57
1039.00,1412.73,2291.11,78.11,3.001,25.00,60.0,8.57
1040.00,1415.67,2291.73,78.26,3.001,25.00,60.0,8.57
1041.00,1418.61,2292.34,78.40,3.001,25.00,60.0,8.57
1042.00,1421.55,2292.94,78.54,3.001,25.00,60.0,8.57
1043.00,1424.49,2293.54,78.69,3.001,25.00,60.0,8.57
1044.00,1427.43,2294.13,78.83,3.001,25.00,60.0,8.57
1045.00,1430.38,2294.71,78.97,3.001,25.00,60.0,8.57
1046.00,1433.32,2295.28,79.11,3.001,25.00,60.0,8.57
1047.00,1436.27,2295.85,79.26,3.001,25.00,60.0,8.57
1048.00,1439.22,2296.41,79.40,3.001,25.00,60.0,8.57
1049.00,1442.17,2296.96,79.54,3.001,25.00,60.0,8.57
1050.00,1445.12,2297.51,79.69,3.001,25.00,60.0,8.57
1051.00,1448.07,2298.04,79.83,3.001,25.00,60.0,8.57
1052.00,1451.02,2298.57,79.97,3.001,25.00,60.0,8.57
1053.00,1453.98,2299.10,80.11,3.001,25.00,60.0,8.57
1054.00,1456.93,2299.61,80.26,3.001,25.00,60.0,8.57
1055.00,1459.89,2300.12,80.40,3.001,25.00,60.0,8.57
1056.00,1462.85,2300.62,80.54,3.001,25.00,60.0,8.57
1057.00,1465.81,2301.11,80.69,3.001,25.00,60.0,8.57
1058.00,1468.77,2301.60,80.83,3.001,25.00,60.0,8.57
1059.00,1471.73,2302.08,80.97,3.001,25.00,60.0,8.57
1060.00,1474.70,2302.55,81.11,3.001,25.00,60.0,8.57
1061.00,1477.66,2303.01,81.26,3.001,25.00,60.0,8.57
1062.00,1480.63,2303.47,81.40,3.001,25.00,60.0,8.57
1063.00,1483.59,2303.92,81.54,3.001,25.00,60.0,8.57
1064.00,1486.56,2304.36,81.69,3.001,25.00,60.0,8.57
1065.00,1489.53,2304.79,81.83,3.001,25.00,60.0,8.57
1066.00,1492.50,2305.22,81.97,3.001,25.00,60.0,8.57
1067.00,1495.47,2305.64,82.11,3.001,25.00,60.0,8.57
1068.00,1498.45,2306.05,82.26,3.001,25.00,60.0,8.57
1069.00,1501.42,2306.45,82.40,3.001,25.00,60.0,8.57
1070.00,1504.39,2306.85,82.54,3.001,25.00,60.0,8.57
1071.00,1507.37,2307.24,82.69,3.001,25.00,60.0,8.57
1072.00,1510.34,2307.62,82.83,3.001,25.00,60.0,8.57
1073.00,1513.32,2307.99,82.97,3.000,25.00,60.0,8.57
1074.00,1516.30,2308.36,83.11,3.000,25.00,60.0,8.57
1075.00,1519.28,2308.72,83.26,3.000,25.00,60.0,8.57
1076.00,1522.26,2309.07,83.40,3.000,25.00,60.0,8.57
1077.00,1525.24,2309.42,83.54,3.000,25.00,60.0,8.57
1078.00,1528.22,2309.76,83.69,3.000,25.00,60.0,8.57
1079.00,1531.20,2310.09,83.83,3.000,25.00,60.0,8.57
1080.00,1534.18,2310.41,83.97,3.000,25.00,60.0,8.57
1081.00,1537.17,2310.72,84.11,3.000,25.00,60.0,8.57
1082.00,1540.15,2311.03,84.26,3.000,25.00,60.0,8.57
1083.00,1543.14,2311.33,84.40,3.000,25.00,60.0,8.57
1084.00,1546.12,2311.62,84.54,3.000,25.00,60.0,8.57
1085.00,1549.11,2311.91,84.69,3.000,25.00,60.0,8.57
1086.00,1552.10,2312.19,84.83,3.000,25.00,60.0,8.57
1087.00,1555.09,2312.46,84.97,3.000,25.00,60.0,8.57
1088.00,1558.08,2312.72,85.11,3.000,25.00,60.0,8.57
1089.00,1561.07,2312.98,85.26,3.000,25.00,60.0,8.57
1090.00,1564.06,2313.22,85.40,3.000,25.00,60.0,8.57
1091.00,1567.05,2313.47,85.54,3.000,25.00,60.0,8.57
1092.00,1570.04,2313.70,85.69,3.000,25.00,60.0,8.57
1093.00,1573.03,2313.92,85.83,3.000,25.00,60.0,8.57
1094.00,1576.02,2314.14,85.97,3.000,25.00,60.0,8.57
1095.00,1579.01,2314.35,86.11,3.000,25.00,60.0,8.57
1096.00,1582.01,2314.56,86.26,3.000,25.00,60.0,8.57
1097.00,1585.00,2314.75,86.40,3.000,25.00,60.0,8.57
1098.00,1588.00,2314.94,86.54,3.000,25.00,60.0,8.57
1099.00,1590.99,2315.12,86.69,3.000,25.00,60.0,8.57
1100.00,1593.99,2315.30,86.83,3.000,25.00,60.0,8.57
1101.00,1596.98,2315.46,86.97,3.000,25.00,60.0,8.57
1102.00,1599.98,2315.62,87.11,3.000,25.00,60.0,8.57
1103.00,1602.97,2315.77,87.26,3.000,25.00,60.0,8.57
1104.00,1605.97,2315.91,87.40,3.000,25.00,60.0,8.57
1105.00,1608.97,2316.05,87.54,3.000,25.00,60.0,8.57
1106.00,1611.97,2316.18,87.69,3.000,25.00,60.0,8.57
1107.00,1614.96,2316.30,87.83,3.000,25.00,60.0,8.57
1108.00,1617.96,2316.41,87.97,3.000,25.00,60.0,8.57
1109.00,1620.96,2316.52,88.11,3.000,25.00,60.0,8.57
1110.00,1623.96,2316.62,88.26,3.000,25.00,60.0,8.57
1111.00,1626.96,2316.71,88.40,3.000,25.00,60.0,8.57
1112.00,1629.96,2316.79,88.54,3.000,25.00,60.0,8.57
1113.00,1632.96,2316.87,88.69,3.000,25.00,60.0,8.57
1114.00,1635.96,2316.94,88.83,3.000,25.00,60.0,8.57
1115.00,1638.95,2317.00,88.97,3.000,25.00,60.0,8.57
1116.00,1641.95,2317.05,89.11,3.000,25.00,60.0,8.57
1117.00,1644.95,2317.10,89.26,3.000,25.00,60.0,8.57
1118.00,1647.95,2317.14,89.40,3.000,25.00,60.0,8.57
1119.00,1650.95,2317.17,89.54,3.000,25.00,60.0,8.57
1120.00,1653.95,2317.19,89.69,3.000,25.00,60.0,8.57
1121.00,1656.95,2317.21,89.83,3.000,25.00,60.0,8.57
1122.00,1659.95,2317.22,89.97,3.000,25.00,60.0,8.57
1123.00,1662.96,2317.22,90.11,3.000,25.00,60.0,8.57
1124.00,1665.96,2317.22,90.26,3.000,25.00,60.0,8.57
1125.00,1668.96,2317.20,90.40,3.000,25.00,60.0,8.57
1126.00,1671.96,2317.18,90.54,3.000,25.00,60.0,8.57
1127.00,1674.96,2317.15,90.69,3.000,25.00,60.0,8.57
1128.00,1677.96,2317.12,90.83,3.000,25.00,60.0,8.57
1129.00,1680.96,2317.07,90.97,3.000,25.00,60.0,8.57
1130.00,1683.96,2317.02,91.11,3.000,25.00,60.0,8.57
1131.00,1686.95,2316.96,91.26,3.000,25.00,60.0,8.57
1132.00,1689.95,2316.90,91.40,3.000,25.00,60.0,8.57
1133.00,1692.95,2316.83,91.54,3.000,25.00,60.0,8.57
1134.00,1695.95,2316.74,91.69,3.000,25.00,60.0,8.57
1135.00,1698.95,2316.66,91.83,3.000,25.00,60.0,8.57
1136.00,1701.95,2316.56,91.97,3.000,25.00,60.0,8.57
1137.00,1704.95,2316.46,92.11,3.000,25.00,60.0,8.57
1138.00,1707.95,2316.35,92.26,3.000,25.00,60.0,8.57
1139.00,1710.94,2316.23,92.40,3.000,25.00,60.0,8.57
1140.00,1713.94,2316.10,92.54,3.000,25.00,60.0,8.57
1141.00,1716.94,2315.97,92.69,3.000,25.00,60.0,8.57
1142.00,1719.94,2315.83,92.83,3.000,25.00,60.0,8.57
1143.00,1722.93,2315.68,92.97,3.000,25.00,60.0,8.57
1144.00,1725.93,2315.53,93.11,3.000,25.00,60.0,8.57
1145.00,1728.92,2315.36,93.26,3.000,25.00,60.0,8.57
1146.00,1731.92,2315.19,93.40,3.000,25.00,60.0,8.57
1147.00,1734.91,2315.01,93.54,3.000,25.00,60.0,8.57
1148.00,1737.91,2314.83,93.69,3.000,25.00,60.0,8.57
1149.00,1740.90,2314.64,93.83,3.000,25.00,60.0,8.57
1150.00,1743.90,2314.44,93.97,3.000,25.00,60.0,8.57
1151.00,1746.89,2314.23,94.11,3.000,25.00,60.0,8.57
1152.00,1749.88,2314.01,94.26,3.000,25.00,60.0,8.57
1153.00,1752.87,2313.79,94.40,3.000,25.00,60.0,8.57
1154.00,1755.86,2313.56,94.54,3.000,25.00,60.0,8.57
1155.00,1758.85,2313.32,94.69,3.000,25.00,60.0,8.57
1156.00,1761.84,2313.08,94.83,3.000,25.00,60.0,8.57
1157.00,1764.83,2312.82,94.97,3.000,25.00,60.0,8.57
1158.00,1767.82,2312.56,95.11,3.000,25.00,60.0,8.57
1159.00,1770.81,2312.30,95.26,3.000,25.00,60.0,8.57
1160.00,1773.80,2312.02,95.40,3.000,25.00,60.0,8.57
1161.00,1776.79,2311.74,95.54,3.000,25.00,60.0,8.57
1162.00,1779.77,2311.45,95.69,3.000,25.00,60.0,8.57
1163.00,1782.76,2311.15,95.83,3.000,25.00,60.0,8.57
1164.00,1785.74,2310.85,95.97,3.000,25.00,60.0,8.57
1165.00,1788.73,2310.54,96.11,3.000,25.00,60.0,8.57
1166.00,1791.71,2310.22,96.26,3.000,25.00,60.0,8.57
1167.00,1794.69,2309.89,96.40,3.000,25.00,60.0,8.57
1168.00,1797.67,2309.56,96.54,3.000,25.00,60.0,8.57
1169.00,1800.65,2309.21,96.69,3.000,25.00,60.0,8.57
1170.00,1803.63,2308.86,96.83,3.000,25.00,60.0,8.57
1171.00,1806.61,2308.51,96.97,3.000,25.00,60.0,8.57
1172.00,1809.59,2308.14,97.11,3.000,25.00,60.0,8.57
1173.00,1812.57,2307.77,97.26,3.000,25.00,60.0,8.57
1174.00,1815.54,2307.39,97.40,3.000,25.00,60.0,8.57
1175.00,1818.52,2307.01,97.54,3.000,25.00,60.0,8.57
1176.00,1821.49,2306.61,97.69,3.000,25.00,60.0,8.57
1177.00,1824.46,2306.21,97.83,3.000,25.00,60.0,8.57
1178.00,1827.44,2305.80,97.97,3.000,25.00,60.0,8.57
1179.00,1830.41,2305.39,98.11,3.000,25.00,60.0,8.57
1180.00,1833.38,2304.96,98.26,3.000,25.00,60.0,8.57
1181.00,1836.35,2304.53,98.40,3.000,25.00,60.0,8.57
1182.00,1839.31,2304.09,98.54,3.000,25.00,60.0,8.57
1183.00,1842.28,2303.65,98.69,3.000,25.00,60.0,8.57
1184.00,1845.25,2303.20,98.83,3.000,25.00,60.0,8.57
1185.00,1848.21,2302.73,98.97,3.000,25.00,60.0,8.57
1186.00,1851.17,2302.27,99.11,3.000,25.00,60.0,8.57
1187.00,1854.14,2301.79,99.26,3.000,25.00,60.0,8.57
1188.00,1857.10,2301.31,99.40,3.000,25.00,60.0,8.57
1189.00,1860.06,2300.82,99.54,3.000,25.00,60.0,8.57
1190.00,1863.02,2300.32,99.69,3.000,25.00,60.0,8.57
1191.00,1865.97,2299.82,99.83,3.000,25.00,60.0,8.57
1192.00,1868.93,2299.30,99.97,3.000,25.00,60.0,8.57
1193.00,1871.88,2298.79,100.11,3.000,25.00,60.0,8.57
1194.00,1874.84,2298.26,100.26,3.000,25.00,60.0,8.57
1195.00,1877.79,2297.72,100.40,3.000,25.00,60.0,8.57
1196.00,1880.74,2297.18,100.54,3.000,25.00,60.0,8.57
1197.00,1883.69,2296.63,100.69,3.000,25.00,60.0,8.57
1198.00,1886.64,2296.08,100.83,3.000,25.00,60.0,8.57
1199.00,1889.58,2295.51,100.97,3.000,25.00,60.0,8.57
1200.00,1892.53,2294.94,101.11,3.000,25.00,60.0,8.57
1201.00,1895.47,2294.36,101.26,3.000,25.00,60.0,8.57
1202.00,1898.42,2293.78,101.40,3.000,25.00,60.0,8.57
1203.00,1901.36,2293.19,101.54,3.000,25.00,60.0,8.57
1204.00,1904.30,2292.59,101.69,3.000,25.00,60.0,8.57
1205.00,1907.23,2291.98,101.83,3.000,25.00,60.0,8.57
1206.00,1910.17,2291.36,101.97,3.000,25.00,60.0,8.57
1207.00,1913.10,2290.74,102.11,3.000,25.00,60.0,8.57
1208.00,1916.04,2290.11,102.26,3.000,25.00,60.0,8.57
1209.00,1918.97,2289.47,102.40,3.000,25.00,60.0,8.57
1210.00,1921.90,2288.83,102.54,3.000,25.00,60.0,8.57
1211.00,1924.83,2288.18,102.69,3.000,25.00,60.0,8.57
1212.00,1927.75,2287.52,102.83,3.000,25.00,60.0,8.57
1213.00,1930.68,2286.85,102.97,3.000,25.00,60.0,8.57
1214.00,1933.60,2286.18,103.11,3.000,25.00,60.0,8.57
1215.00,1936.52,2285.50,103.26,3.000,25.00,60.0,8.57
1216.00,1939.44,2284.81,103.40,3.000,25.00,60.0,8.57
1217.00,1942.36,2284.12,103.54,3.000,25.00,60.0,8.57
1218.00,1945.28,2283.41,103.69,3.000,25.00,60.0,8.57
1219.00,1948.19,2282.70,103.83,3.000,25.00,60.0,8.57
1220.00,1951.11,2281.99,103.97,3.000,25.00,60.0,8.57
1221.00,1954.02,2281.26,104.11,3.000,25.00,60.0,8.57
1222.00,1956.93,2280.53,104.26,3.000,25.00,60.0,8.57
1223.00,1959.84,2279.79,104.40,3.000,25.00,60.0,8.57
1224.00,1962.74,2279.05,104.54,3.000,25.00,60.0,8.57
1225.00,1965.65,2278.29,104.69,3.000,25.00,60.0,8.57
1226.00,1968.55,2277.53,104.83,3.000,25.00,60.0,8.57
1227.00,1971.45,2276.76,104.97,3.000,25.00,60.0,8.57
1228.00,1974.35,2275.99,105.11,3.000,25.00,60.0,8.57
1229.00,1977.24,2275.21,105.26,3.000,25.00,60.0,8.57
1230.00,1980.14,2274.42,105.40,3.000,25.00,60.0,8.57
1231.00,1983.03,2273.62,105.54,3.000,25.00,60.0,8.57
1232.00,1985.92,2272.82,105.69,3.000,25.00,60.0,8.57
1233.00,1988.81,2272.01,105.83,3.000,25.00,60.0,8.57
1234.00,1991.69,2271.19,105.97,3.000,25.00,60.0,8.57
1235.00,1994.58,2270.36,106.11,3.000,25.00,60.0,8.57
1236.00,1997.46,2269.53,106.26,3.000,25.00,60.0,8.57
1237.00,2000.34,2268.69,106.40,3.000,25.00,60.0,8.57
1238.00,2003.22,2267.84,106.54,3.000,25.00,60.0,8.57
1239.00,2006.09,2266.99,106.69,3.000,25.00,60.0,8.57
1240.00,2008.97,2266.13,106.83,3.000,25.00,60.0,8.57
1241.00,2011.84,2265.26,106.97,3.000,25.00,60.0,8.57
1242.00,2014.71,2264.38,107.11,3.000,25.00,60.0,8.57
1243.00,2017.58,2263.50,107.26,3.000,25.00,60.0,8.57
1244.00,2020.44,2262.61,107.40,3.000,25.00,60.0,8.57
1245.00,2023.30,2261.71,107.54,3.000,25.00,60.0,8.57
1246.00,2026.16,2260.81,107.69,3.000,25.00,60.0,8.57
1247.00,2029.02,2259.90,107.83,3.000,25.00,60.0,8.57
1248.00,2031.88,2258.98,107.97,3.000,25.00,60.0,8.57
1249.00,2034.73,2258.05,108.11,3.000,25.00,60.0,8.57
1250.00,2037.58,2257.12,108.26,3.000,25.00,60.0,8.57
1251.00,2040.43,2256.18,108.40,3.000,25.00,60.0,8.57
1252.00,2043.28,2255.23,108.54,3.000,25.00,60.0,8.57
1253.00,2046.12,2254.28,108.69,3.000,25.00,60.0,8.57
1254.00,2048.96,2253.32,108.83,3.000,25.00,60.0,8.57
1255.00,2051.80,2252.35,108.97,3.000,25.00,60.0,8.57
1256.00,2054.64,2251.38,109.11,3.000,25.00,60.0,8.57
1257.00,2057.48,2250.39,109.26,3.000,25.00,60.0,8.57
1258.00,2060.31,2249.40,109.40,3.000,25.00,60.0,8.57
1259.00,2063.14,2248.41,109.54,3.000,25.00,60.0,8.57
1260.00,2065.97,2247.40,109.69,3.000,25.00,60.0,8.57
1261.00,2068.79,2246.39,109.83,3.000,25.00,60.0,8.57
1262.00,2071.61,2245.38,109.97,3.000,25.00,60.0,8.57
1263.00,2074.43,2244.35,110.11,3.000,25.00,60.0,8.57
1264.00,2077.25,2243.32,110.26,3.000,25.00,60.0,8.57
1265.00,2080.06,2242.28,110.40,3.000,25.00,60.0,8.57
1266.00,2082.87,2241.23,110.54,3.000,25.00,60.0,8.57
1267.00,2085.68,2240.18,110.69,3.000,25.00,60.0,8.57
1268.00,2088.49,2239.12,110.83,3.000,25.00,60.0,8.57
1269.00,2091.29,2238.06,110.97,3.000,25.00,60.0,8.57
1270.00,2094.10,2236.98,111.11,3.000,25.00,60.0,8.57
1271.00,2096.89,2235.90,111.26,3.000,25.00,60.0,8.57
1272.00,2099.69,2234.81,111.40,3.000,25.00,60.0,8.57
1273.00,2102.48,2233.72,111.54,3.000,25.00,60.0,8.57
1274.00,2105.27,2232.62,111.69,3.000,25.00,60.0,8.57
1275.00,2108.06,2231.51,111.83,3.000,25.00,60.0,8.57
1276.00,2110.85,2230.39,111.97,3.000,25.00,60.0,8.57
1277.00,2113.63,2229.27,112.11,3.000,25.00,60.0,8.57
1278.00,2116.41,2228.14,112.26,3.000,25.00,60.0,8.57
1279.00,2119.18,2227.00,112.40,3.000,25.00,60.0,8.57
1280.00,2121.96,2225.86,112.54,3.000,25.00,60.0,8.57
1281.00,2124.73,2224.71,112.69,3.000,25.00,60.0,8.57
1282.00,2127.50,2223.55,112.83,3.000,25.00,60.0,8.57
1283.00,2130.26,2222.39,112.97,3.000,25.00,60.0,8.57
1284.00,2133.02,2221.22,113.11,3.000,25.00,60.0,8.57
1285.00,2135.78,2220.04,113.26,3.000,25.00,60.0,8.57
1286.00,2138.54,2218.86,113.40,3.000,25.00,60.0,8.57
1287.00,2141.29,2217.67,113.54,3.000,25.00,60.0,8.57
1288.00,2144.04,2216.47,113.69,3.000,25.00,60.0,8.57
1289.00,2146.79,2215.26,113.83,3.000,25.00,60.0,8.57
1290.00,2149.53,2214.05,113.97,3.000,25.00,60.0,8.57
1291.00,2152.28,2212.83,114.11,3.000,25.00,60.0,8.57
1292.00,2155.01,2211.61,114.26,3.000,25.00,60.0,8.57
1293.00,2157.75,2210.37,114.40,3.000,25.00,60.0,8.57
1294.00,2160.48,2209.13,114.54,3.000,25.00,60.0,8.57
1295.00,2163.21,2207.89,114.69,3.000,25.00,60.0,8.57
1296.00,2165.94,2206.63,114.83,3.000,25.00,60.0,8.57
1297.00,2168.66,2205.38,114.97,3.000,25.00,60.0,8.57
1298.00,2171.38,2204.11,115.11,3.000,25.00,60.0,8.57
1299.00,2174.09,2202.84,115.26,3.000,25.00,60.0,8.57
1300.00,2176.81,2201.56,115.40,3.000,25.00,60.0,8.57
1301.00,2179.52,2200.27,115.54,3.000,25.00,60.0,8.57
1302.00,2182.22,2198.98,115.69,3.000,25.00,60.0,8.57
1303.00,2184.93,2197.67,115.83,3.000,25.00,60.0,8.57
1304.00,2187.63,2196.37,115.97,3.000,25.00,60.0,8.57
1305.00,2190.33,2195.05,116.11,3.000,25.00,60.0,8.57
1306.00,2193.02,2193.73,116.26,3.000,25.00,60.0,8.57
1307.00,2195.71,2192.41,116.40,3.000,25.00,60.0,8.57
1308.00,2198.40,2191.07,116.54,3.000,25.00,60.0,8.57
1309.00,2201.08,2189.73,116.69,3.000,25.00,60.0,8.57
1310.00,2203.76,2188.38,116.83,3.000,25.00,60.0,8.57
1311.00,2206.44,2187.03,116.97,3.000,25.00,60.0,8.57
1312.00,2209.11,2185.67,117.11,3.000,25.00,60.0,8.57
1313.00,2211.78,2184.30,117.26,3.000,25.00,60.0,8.57
1314.00,2214.45,2182.93,117.40,3.000,25.00,60.0,8.57
1315.00,2217.11,2181.55,117.54,3.000,25.00,60.0,8.57
1316.00,2219.77,2180.16,117.69,3.000,25.00,60.0,8.57
1317.00,2222.43,2178.77,117.83,3.000,25.00,60.0,8.57
1318.00,2225.08,2177.37,117.97,3.000,25.00,60.0,8.57
1319.00,2227.73,2175.96,118.11,3.000,25.00,60.0,8.57
1320.00,2230.38,2174.55,118.26,3.000,25.00,60.0,8.57
1321.00,2233.02,2173.13,118.40,3.000,25.00,60.0,8.57
1322.00,2235.66,2171.70,118.54,3.000,25.00,60.0,8.57
1323.00,2238.29,2170.26,118.69,3.000,25.00,60.0,8.57
1324.00,2240.93,2168.82,118.83,3.000,25.00,60.0,8.57
1325.00,2243.55,2167.38,118.97,3.000,25.00,60.0,8.57
1326.00,2246.18,2165.93,119.11,3.000,25.00,60.0,8.57
1327.00,2248.80,2164.47,119.26,3.000,25.00,60.0,8.57
1328.00,2251.42,2163.00,119.40,3.000,25.00,60.0,8.57
1329.00,2254.03,2161.53,119.54,3.000,25.00,60.0,8.57
1330.00,2256.64,2160.05,119.69,3.000,25.00,60.0,8.57
1331.00,2259.25,2158.56,119.83,3.000,25.00,60.0,8.57
1332.00,2261.85,2157.07,119.97,3.000,25.00,60.0,8.57
1333.00,2264.45,2155.57,120.11,3.000,25.00,60.0,8.57
1334.00,2267.04,2154.07,120.26,3.000,25.00,60.0,8.57
1335.00,2269.64,2152.55,120.40,3.000,25.00,60.0,8.57
1336.00,2272.22,2151.04,120.54,3.000,25.00,60.0,8.57
1337.00,2274.81,2149.51,120.69,3.000,25.00,60.0,8.57
1338.00,2277.39,2147.98,120.83,3.000,25.00,60.0,8.57
1339.00,2279.96,2146.44,120.97,3.000,25.00,60.0,8.57
1340.00,2282.53,2144.90,121.11,3.000,25.00,60.0,8.57
1341.00,2285.10,2143.35,121.26,3.000,25.00,60.0,8.57
1342.00,2287.67,2141.79,121.40,3.000,25.00,60.0,8.57
1343.00,2290.23,2140.23,121.54,3.000,25.00,60.0,8.57
1344.00,2292.79,2138.66,121.69,3.000,25.00,60.0,8.57
1345.00,2295.34,2137.08,121.83,3.000,25.00,60.0,8.57
1346.00,2297.89,2135.50,121.97,3.000,25.00,60.0,8.57
1347.00,2300.43,2133.91,122.11,3.000,25.00,60.0,8.57
1348.00,2302.97,2132.32,122.26,3.000,25.00,60.0,8.57
1349.00,2305.51,2130.72,122.40,3.000,25.00,60.0,8.57
1350.00,2308.04,2129.11,122.54,3.000,25.00,60.0,8.57
1351.00,2310.57,2127.50,122.69,3.000,25.00,60.0,8.57
1352.00,2313.10,2125.88,122.83,3.000,25.00,60.0,8.57
1353.00,2315.62,2124.25,122.97,3.000,25.00,60.0,8.57
1354.00,2318.13,2122.62,123.11,3.000,25.00,60.0,8.57
1355.00,2320.65,2120.98,123.26,3.000,25.00,60.0,8.57
1356.00,2323.16,2119.33,123.40,3.000,25.00,60.0,8.57
1357.00,2325.66,2117.68,123.54,3.000,25.00,60.0,8.57
1358.00,2328.16,2116.02,123.69,3.000,25.00,60.0,8.57
1359.00,2330.66,2114.36,123.83,3.000,25.00,60.0,8.57
1360.00,2333.15,2112.69,123.97,3.000,25.00,60.0,8.57
1361.00,2335.64,2111.01,124.11,3.000,25.00,60.0,8.57
1362.00,2338.12,2109.33,124.26,3.000,25.00,60.0,8.57
1363.00,2340.60,2107.64,124.40,3.000,25.00,60.0,8.57
1364.00,2343.08,2105.95,124.54,3.000,25.00,60.0,8.57
1365.00,2345.55,2104.25,124.69,3.000,25.00,60.0,8.57
1366.00,2348.01,2102.54,124.83,3.000,25.00,60.0,8.57
1367.00,2350.48,2100.83,124.97,3.000,25.00,60.0,8.57
1368.00,2352.93,2099.11,125.11,3.000,25.00,60.0,8.57
1369.00,2355.39,2097.38,125.26,3.000,25.00,60.0,8.57
1370.00,2357.84,2095.65,125.40,3.000,25.00,60.0,8.57
1371.00,2360.28,2093.91,125.54,3.000,25.00,60.0,8.57
1372.00,2362.72,2092.17,125.69,3.000,25.00,60.0,8.57
1373.00,2365.16,2090.42,125.83,3.000,25.00,60.0,8.57
1374.00,2367.59,2088.66,125.97,3.000,25.00,60.0,8.57
1375.00,2370.02,2086.90,126.11,3.000,25.00,60.0,8.57
1376.00,2372.45,2085.13,126.26,3.000,25.00,60.0,8.57
1377.00,2374.86,2083.36,126.40,3.000,25.00,60.0,8.57
1378.00,2377.28,2081.58,126.54,3.000,25.00,60.0,8.57
1379.00,2379.69,2079.79,126.69,3.000,25.00,60.0,8.57
1380.00,2382.10,2078.00,126.83,3.000,25.00,60.0,8.57
1381.00,2384.50,2076.20,126.97,3.000,25.00,60.0,8.57
1382.00,2386.89,2074.39,127.11,3.000,25.00,60.0,8.57
1383.00,2389.29,2072.58,127.26,3.000,25.00,60.0,8.57
1384.00,2391.67,2070.77,127.40,3.000,25.00,60.0,8.57
1385.00,2394.06,2068.95,127.54,3.000,25.00,60.0,8.57
1386.00,2396.44,2067.12,127.69,3.000,25.00,60.0,8.57
1387.00,2398.81,2065.28,127.83,3.000,25.00,60.0,8.57
1388.00,2401.18,2063.44,127.97,3.000,25.00,60.0,8.57
1389.00,2403.54,2061.60,128.11,3.000,25.00,60.0,8.57
1390.00,2405.90,2059.75,128.26,3.000,25.00,60.0,8.57
1391.00,2408.26,2057.89,128.40,3.000,25.00,60.0,8.57
1392.00,2410.61,2056.03,128.54,3.000,25.00,60.0,8.57
1393.00,2412.96,2054.16,128.69,3.000,25.00,60.0,8.57
1394.00,2415.30,2052.28,128.83,3.000,25.00,60.0,8.57
1395.00,2417.64,2050.40,128.97,3.000,25.00,60.0,8.57
1396.00,2419.97,2048.51,129.11,3.000,25.00,60.0,8.57
1397.00,2422.30,2046.62,129.26,3.000,25.00,60.0,8.57
1398.00,2424.62,2044.72,129.40,3.000,25.00,60.0,8.57
1399.00,2426.94,2042.82,129.54,3.000,25.00,60.0,8.57
1400.00,2429.25,2040.91,129.69,3.000,25.00,60.0,8.57
1401.00,2431.56,2038.99,129.83,3.000,25.00,60.0,8.57
1402.00,2433.86,2037.07,129.97,3.000,25.00,60.0,8.57
1403.00,2436.16,2035.14,130.11,3.000,25.00,60.0,8.57
1404.00,2438.46,2033.21,130.26,3.000,25.00,60.0,8.57
1405.00,2440.75,2031.27,130.40,3.000,25.00,60.0,8.57
1406.00,2443.03,2029.33,130.54,3.000,25.00,60.0,8.57
1407.00,2445.31,2027.38,130.69,3.000,25.00,60.0,8.57
1408.00,2447.59,2025.42,130.83,3.000,25.00,60.0,8.57
1409.00,2449.86,2023.46,130.97,3.000,25.00,60.0,8.57
1410.00,2452.12,2021.49,131.11,3.000,25.00,60.0,8.57
1411.00,2454.38,2019.52,131.26,3.000,25.00,60.0,8.57
1412.00,2456.64,2017.54,131.40,3.000,25.00,60.0,8.57
1413.00,2458.89,2015.56,131.54,3.000,25.00,60.0,8.57
1414.00,2461.13,2013.57,131.69,3.000,25.00,60.0,8.57
1415.00,2463.37,2011.57,131.83,3.000,25.00,60.0,8.57
1416.00,2465.61,2009.57,131.97,3.000,25.00,60.0,8.57
1417.00,2467.84,2007.57,132.11,3.000,25.00,60.0,8.57
1418.00,2470.06,2005.56,132.26,3.000,25.00,60.0,8.57
1419.00,2472.28,2003.54,132.40,3.000,25.00,60.0,8.57
1420.00,2474.50,2001.52,132.54,3.000,25.00,60.0,8.57
1421.00,2476.71,1999.49,132.69,3.000,25.00,60.0,8.57
1422.00,2478.91,1997.45,132.83,3.000,25.00,60.0,8.57
1423.00,2481.12,1995.41,132.97,3.000,25.00,60.0,8.57
1424.00,2483.31,1993.37,133.11,3.000,25.00,60.0,8.57
1425.00,2485.50,1991.32,133.26,3.000,25.00,60.0,8.57
1426.00,2487.69,1989.26,133.40,3.000,25.00,60.0,8.57
1427.00,2489.86,1987.20,133.54,3.000,25.00,60.0,8.57
1428.00,2492.04,1985.13,133.69,3.000,25.00,60.0,8.57
1429.00,2494.21,1983.06,133.83,3.000,25.00,60.0,8.57
1430.00,2496.37,1980.98,133.97,3.000,25.00,60.0,8.57
1431.00,2498.53,1978.90,134.11,3.000,25.00,60.0,8.57
1432.00,2500.69,1976.81,134.26,3.000,25.00,60.0,8.57
1433.00,2502.83,1974.72,134.40,3.000,25.00,60.0,8.57
1434.00,2504.98,1972.62,134.54,3.000,25.00,60.0,8.57
1435.00,2507.12,1970.52,134.69,3.000,25.00,60.0,8.57
1436.00,2509.25,1968.41,134.83,3.000,25.00,60.0,8.57
1437.00,2511.38,1966.29,134.97,3.000,25.00,60.0,8.57
1438.00,2513.50,1964.17,135.11,3.000,25.00,60.0,8.57
1439.00,2515.62,1962.05,135.26,3.000,25.00,60.0,8.57
1440.00,2517.73,1959.92,135.40,3.000,25.00,60.0,8.57
1441.00,2519.83,1957.78,135.54,3.000,25.00,60.0,8.57
1442.00,2521.94,1955.64,135.69,3.000,25.00,60.0,8.57
1443.00,2524.03,1953.49,135.83,3.000,25.00,60.0,8.57
1444.00,2526.12,1951.34,135.97,3.000,25.00,60.0,8.57
1445.00,2528.21,1949.18,136.11,3.000,25.00,60.0,8.57
1446.00,2530.29,1947.02,136.26,3.000,25.00,60.0,8.57
1447.00,2532.36,1944.85,136.40,3.000,25.00,60.0,8.57
1448.00,2534.43,1942.68,136.54,3.000,25.00,60.0,8.57
1449.00,2536.49,1940.50,136.69,3.000,25.00,60.0,8.57
1450.00,2538.55,1938.32,136.83,3.000,25.00,60.0,8.57
1451.00,2540.60,1936.13,136.97,3.000,25.00,60.0,8.57
1452.00,2542.65,1933.94,137.11,3.000,25.00,60.0,8.57
1453.00,2544.69,1931.74,137.26,3.000,25.00,60.0,8.57
1454.00,2546.73,1929.54,137.40,3.000,25.00,60.0,8.57
1455.00,2548.76,1927.33,137.54,3.000,25.00,60.0,8.57
1456.00,2550.78,1925.12,137.69,3.000,25.00,60.0,8.57
1457.00,2552.80,1922.90,137.83,3.000,25.00,60.0,8.57
1458.00,2554.82,1920.67,137.97,3.000,25.00,60.0,8.57
1459.00,2556.83,1918.45,138.11,3.000,25.00,60.0,8.57
1460.00,2558.83,1916.21,138.26,3.000,25.00,60.0,8.57
1461.00,2560.83,1913.97,138.40,3.000,25.00,60.0,8.57
1462.00,2562.82,1911.73,138.54,3.000,25.00,60.0,8.57
1463.00,2564.80,1909.48,138.69,3.000,25.00,60.0,8.57
1464.00,2566.79,1907.23,138.83,3.000,25.00,60.0,8.57
1465.00,2568.76,1904.97,138.97,3.000,25.00,60.0,8.57
1466.00,2570.73,1902.71,139.11,3.000,25.00,60.0,8.57
1467.00,2572.69,1900.44,139.26,3.000,25.00,60.0,8.57
1468.00,2574.65,1898.17,139.40,3.000,25.00,60.0,8.57
1469.00,2576.60,1895.89,139.54,3.000,25.00,60.0,8.57
1470.00,2578.55,1893.61,139.69,3.000,25.00,60.0,8.57
1471.00,2580.49,1891.32,139.83,3.000,25.00,60.0,8.57
1472.00,2582.43,1889.03,139.97,3.000,25.00,60.0,8.57
1473.00,2584.36,1886.73,140.11,3.000,25.00,60.0,8.57
1474.00,2586.28,1884.43,140.26,3.000,25.00,60.0,8.57
1475.00,2588.20,1882.12,140.40,3.000,25.00,60.0,8.57
1476.00,2590.11,1879.81,140.54,3.000,25.00,60.0,8.57
1477.00,2592.02,1877.49,140.69,3.000,25.00,60.0,8.57
1478.00,2593.92,1875.17,140.83,3.000,25.00,60.0,8.57
1479.00,2595.81,1872.85,140.97,3.000,25.00,60.0,8.57
1480.00,2597.70,1870.52,141.11,3.000,25.00,60.0,8.57
1481.00,2599.58,1868.18,141.26,3.000,25.00,60.0,8.57
1482.00,2601.46,1865.84,141.40,3.000,25.00,60.0,8.57
1483.00,2603.33,1863.50,141.54,3.000,25.00,60.0,8.57
1484.00,2605.20,1861.15,141.69,3.000,25.00,60.0,8.57
1485.00,2607.06,1858.79,141.83,3.000,25.00,60.0,8.57
1486.00,2608.91,1856.43,141.97,3.000,25.00,60.0,8.57
1487.00,2610.76,1854.07,142.11,3.000,25.00,60.0,8.57
1488.00,2612.60,1851.70,142.26,3.000,25.00,60.0,8.57
1489.00,2614.44,1849.33,142.40,3.000,25.00,60.0,8.57
1490.00,2616.27,1846.95,142.54,3.000,25.00,60.0,8.57
1491.00,2618.09,1844.57,142.69,3.000,25.00,60.0,8.57
1492.00,2619.91,1842.19,142.83,3.000,25.00,60.0,8.57
1493.00,2621.73,1839.80,142.97,3.000,25.00,60.0,8.57
1494.00,2623.53,1837.40,143.11,3.000,25.00,60.0,8.57
1495.00,2625.33,1835.00,143.26,3.000,25.00,60.0,8.57
1496.00,2627.13,1832.60,143.40,3.000,25.00,60.0,8.57
1497.00,2628.92,1830.19,143.54,3.000,25.00,60.0,8.57
1498.00,2630.70,1827.78,143.69,3.000,25.00,60.0,8.57
1499.00,2632.48,1825.36,143.83,3.000,25.00,60.0,8.57
1500.00,2634.25,1822.94,143.97,3.000,25.00,60.0,8.57
1501.00,2636.01,1820.51,144.11,3.000,25.00,60.0,8.57
1502.00,2637.77,1818.08,144.26,3.000,25.00,60.0,8.57
1503.00,2639.52,1815.65,144.40,3.000,25.00,60.0,8.57
1504.00,2641.27,1813.21,144.54,3.000,25.00,60.0,8.57
1505.00,2643.01,1810.76,144.69,3.000,25.00,60.0,8.57
1506.00,2644.74,1808.31,144.83,3.000,25.00,60.0,8.57
1507.00,2646.47,1805.86,144.97,3.000,25.00,60.0,8.57
1508.00,2648.19,1803.41,145.11,3.000,25.00,60.0,8.57
1509.00,2649.91,1800.94,145.26,3.000,25.00,60.0,8.57
1510.00,2651.62,1798.48,145.40,3.000,25.00,60.0,8.57
1511.00,2653.32,1796.01,145.54,3.000,25.00,60.0,8.57
1512.00,2655.02,1793.54,145.69,3.000,25.00,60.0,8.57
1513.00,2656.71,1791.06,145.83,3.000,25.00,60.0,8.57
1514.00,2658.40,1788.58,145.97,3.000,25.00,60.0,8.57
1515.00,2660.07,1786.09,146.11,3.000,25.00,60.0,8.57
1516.00,2661.75,1783.60,146.26,3.000,25.00,60.0,8.57
1517.00,2663.41,1781.11,146.40,3.000,25.00,60.0,8.57
1518.00,2665.07,1778.61,146.54,3.000,25.00,60.0,8.57
1519.00,2666.73,1776.10,146.69,3.000,25.00,60.0,8.57
1520.00,2668.38,1773.60,146.83,3.000,25.00,60.0,8.57
1521.00,2670.02,1771.09,146.97,3.000,25.00,60.0,8.57
1522.00,2671.65,1768.57,147.11,3.000,25.00,60.0,8.57
1523.00,2673.28,1766.05,147.26,3.000,25.00,60.0,8.57
1524.00,2674.90,1763.53,147.40,3.000,25.00,60.0,8.57
1525.00,2676.52,1761.00,147.54,3.000,25.00,60.0,8.57
1526.00,2678.13,1758.47,147.69,3.000,25.00,60.0,8.57
1527.00,2679.73,1755.93,147.83,3.000,25.00,60.0,8.57
1528.00,2681.33,1753.39,147.97,3.000,25.00,60.0,8.57
1529.00,2682.92,1750.85,148.11,3.000,25.00,60.0,8.57
1530.00,2684.51,1748.30,148.26,3.000,25.00,60.0,8.57
1531.00,2686.08,1745.75,148.40,3.000,25.00,60.0,8.57
1532.00,2687.66,1743.20,148.54,3.000,25.00,60.0,8.57
1533.00,2689.22,1740.64,148.69,3.000,25.00,60.0,8.57
1534.00,2690.78,1738.07,148.83,3.000,25.00,60.0,8.57
1535.00,2692.33,1735.51,148.97,3.000,25.00,60.0,8.57
1536.00,2693.88,1732.94,149.11,3.000,25.00,60.0,8.57
1537.00,2695.42,1730.36,149.26,3.000,25.00,60.0,8.57
1538.00,2696.95,1727.78,149.40,3.000,25.00,60.0,8.57
1539.00,2698.48,1725.20,149.54,3.000,25.00,60.0,8.57
1540.00,2700.00,1722.62,149.69,3.000,25.00,60.0,8.57
1541.00,2701.52,1720.03,149.83,3.000,25.00,60.0,8.57
1542.00,2703.02,1717.43,149.97,3.000,25.00,60.0,8.57
1543.00,2704.53,1714.84,150.11,3.000,25.00,60.0,8.57
1544.00,2706.02,1712.23,150.26,3.000,25.00,60.0,8.57
1545.00,2707.51,1709.63,150.40,3.000,25.00,60.0,8.57
1546.00,2708.99,1707.02,150.54,3.000,25.00,60.0,8.57
1547.00,2710.47,1704.41,150.69,3.000,25.00,60.0,8.57
1548.00,2711.93,1701.79,150.83,3.000,25.00,60.0,8.57
1549.00,2713.40,1699.17,150.97,3.000,25.00,60.0,8.57
1550.00,2714.85,1696.55,151.11,3.000,25.00,60.0,8.57
1551.00,2716.30,1693.92,151.26,3.000,25.00,60.0,8.57
1552.00,2717.74,1691.29,151.40,3.000,25.00,60.0,8.57
1553.00,2719.18,1688.66,151.54,3.000,25.00,60.0,8.57
1554.00,2720.61,1686.02,151.69,3.000,25.00,60.0,8.57
1555.00,2722.03,1683.38,151.83,3.000,25.00,60.0,8.57
1556.00,2723.45,1680.74,151.97,3.000,25.00,60.0,8.57
1557.00,2724.86,1678.09,152.11,3.000,25.00,60.0,8.57
1558.00,2726.26,1675.44,152.26,3.000,25.00,60.0,8.57
1559.00,2727.66,1672.78,152.40,3.000,25.00,60.0,8.57
1560.00,2729.05,1670.12,152.54,3.000,25.00,60.0,8.57
1561.00,2730.43,1667.46,152.69,3.000,25.00,60.0,8.57
1562.00,2731.81,1664.80,152.83,3.000,25.00,60.0,8.57
1563.00,2733.18,1662.13,152.97,3.000,25.00,60.0,8.57
1564.00,2734.54,1659.45,153.11,3.000,25.00,60.0,8.57
1565.00,2735.90,1656.78,153.26,3.000,25.00,60.0,8.57
1566.00,2737.25,1654.10,153.40,3.000,25.00,60.0,8.57
1567.00,2738.59,1651.42,153.54,3.000,25.00,60.0,8.57
1568.00,2739.93,1648.73,153.69,3.000,25.00,60.0,8.57
1569.00,2741.26,1646.04,153.83,3.000,25.00,60.0,8.57
1570.00,2742.58,1643.35,153.97,3.000,25.00,60.0,8.57
1571.00,2743.90,1640.65,154.11,3.000,25.00,60.0,8.57
1572.00,2745.21,1637.95,154.26,3.000,25.00,60.0,8.57
1573.00,2746.51,1635.25,154.40,3.000,25.00,60.0,8.57
1574.00,2747.81,1632.55,154.54,3.000,25.00,60.0,8.57
1575.00,2749.10,1629.84,154.69,3.000,25.00,60.0,8.57
1576.00,2750.38,1627.13,154.83,3.000,25.00,60.0,8.57
1577.00,2751.65,1624.41,154.97,3.000,25.00,60.0,8.57
1578.00,2752.92,1621.69,155.11,3.000,25.00,60.0,8.57
1579.00,2754.19,1618.97,155.26,3.000,25.00,60.0,8.57
1580.00,2755.44,1616.25,155.40,3.000,25.00,60.0,8.57
1581.00,2756.69,1613.52,155.54,3.000,25.00,60.0,8.57
1582.00,2757.93,1610.79,155.69,3.000,25.00,60.0,8.57
1583.00,2759.17,1608.05,155.83,3.000,25.00,60.0,8.57
1584.00,2760.40,1605.32,155.97,3.000,25.00,60.0,8.57
1585.00,2761.62,1602.58,156.11,3.000,25.00,60.0,8.57
1586.00,2762.83,1599.83,156.26,3.000,25.00,60.0,8.57
1587.00,2764.04,1597.09,156.40,3.000,25.00,60.0,8.57
1588.00,2765.24,1594.34,156.54,3.000,25.00,60.0,8.57
1589.00,2766.44,1591.59,156.69,3.000,25.00,60.0,8.57
1590.00,2767.62,1588.83,156.83,3.000,25.00,60.0,8.57
1591.00,2768.80,1586.07,156.97,3.000,25.00,60.0,8.57
1592.00,2769.98,1583.31,157.11,3.000,25.00,60.0,8.57
1593.00,2771.14,1580.55,157.26,3.000,25.00,60.0,8.57
1594.00,2772.30,1577.78,157.40,3.000,25.00,60.0,8.57
1595.00,2773.46,1575.01,157.54,3.000,25.00,60.0,8.57
1596.00,2774.60,1572.24,157.69,3.000,25.00,60.0,8.57
1597.00,2775.74,1569.46,157.83,3.000,25.00,60.0,8.57
1598.00,2776.87,1566.69,157.97,3.000,25.00,60.0,8.57
1599.00,2778.00,1563.91,158.11,3.000,25.00,60.0,8.57
1600.00,2779.12,1561.12,158.26,3.000,25.00,60.0,8.57
1601.00,2780.23,1558.34,158.40,3.000,25.00,60.0,8.57
1602.00,2781.33,1555.55,158.54,3.000,25.00,60.0,8.57
1603.00,2782.43,1552.75,158.69,3.000,25.00,60.0,8.57
1604.00,2783.52,1549.96,158.83,3.000,25.00,60.0,8.57
1605.00,2784.60,1547.16,158.97,3.000,25.00,60.0,8.57
1606.00,2785.68,1544.36,159.11,3.000,25.00,60.0,8.57
1607.00,2786.75,1541.56,159.26,3.000,25.00,60.0,8.57
1608.00,2787.81,1538.75,159.40,3.000,25.00,60.0,8.57
1609.00,2788.87,1535.94,159.54,3.000,25.00,60.0,8.57
1610.00,2789.92,1533.13,159.69,3.000,25.00,60.0,8.57
1611.00,2790.96,1530.32,159.83,3.000,25.00,60.0,8.57
1612.00,2791.99,1527.50,159.97,3.000,25.00,60.0,8.57
1613.00,2793.02,1524.69,160.11,3.000,25.00,60.0,8.57
1614.00,2794.04,1521.86,160.26,3.000,25.00,60.0,8.57
1615.00,2795.05,1519.04,160.40,3.000,25.00,60.0,8.57
1616.00,2796.06,1516.22,160.54,3.000,25.00,60.0,8.57
1617.00,2797.06,1513.39,160.69,3.000,25.00,60.0,8.57
1618.00,2798.05,1510.56,160.83,3.000,25.00,60.0,8.57
1619.00,2799.04,1507.72,160.97,3.000,25.00,60.0,8.57
1620.00,2800.02,1504.89,161.11,3.000,25.00,60.0,8.57
1621.00,2800.99,1502.05,161.26,3.000,25.00,60.0,8.57
1622.00,2801.95,1499.21,161.40,3.000,25.00,60.0,8.57
1623.00,2802.91,1496.36,161.54,3.000,25.00,60.0,8.57
1624.00,2803.86,1493.52,161.69,3.000,25.00,60.0,8.57
1625.00,2804.80,1490.67,161.83,3.000,25.00,60.0,8.57
1626.00,2805.74,1487.82,161.97,3.000,25.00,60.0,8.57
1627.00,2806.66,1484.97,162.11,3.000,25.00,60.0,8.57
1628.00,2807.59,1482.11,162.26,3.000,25.00,60.0,8.57
1629.00,2808.50,1479.25,162.40,3.000,25.00,60.0,8.57
1630.00,2809.41,1476.39,162.54,3.000,25.00,60.0,8.57
1631.00,2810.31,1473.53,162.69,3.000,25.00,60.0,8.57
1632.00,2811.20,1470.67,162.83,3.000,25.00,60.0,8.57
1633.00,2812.09,1467.80,162.97,3.000,25.00,60.0,8.57
1634.00,2812.96,1464.93,163.11,3.000,25.00,60.0,8.57
1635.00,2813.84,1462.06,163.26,3.000,25.00,60.0,8.57
1636.00,2814.70,1459.19,163.40,3.000,25.00,60.0,8.57
1637.00,2815.56,1456.32,163.54,3.000,25.00,60.0,8.57
1638.00,2816.41,1453.44,163.69,3.000,25.00,60.0,8.57
1639.00,2817.25,1450.56,163.83,3.000,25.00,60.0,8.57
1640.00,2818.08,1447.68,163.97,3.000,25.00,60.0,8.57
1641.00,2818.91,1444.79,164.11,3.000,25.00,60.0,8.57
1642.00,2819.73,1441.91,164.26,3.000,25.00,60.0,8.57
1643.00,2820.55,1439.02,164.40,3.000,25.00,60.0,8.57
1644.00,2821.35,1436.13,164.54,3.000,25.00,60.0,8.57
1645.00,2822.15,1433.24,164.69,3.000,25.00,60.0,8.57
1646.00,2822.95,1430.35,164.83,3.000,25.00,60.0,8.57
1647.00,2823.73,1427.45,164.97,3.000,25.00,60.0,8.57
1648.00,2824.51,1424.55,165.11,3.000,25.00,60.0,8.57
1649.00,2825.28,1421.65,165.26,3.000,25.00,60.0,8.57
1650.00,2826.04,1418.75,165.40,3.000,25.00,60.0,8.57
1651.00,2826.80,1415.85,165.54,3.000,25.00,60.0,8.57
1652.00,2827.55,1412.95,165.69,3.000,25.00,60.0,8.57
1653.00,2828.29,1410.04,165.83,3.000,25.00,60.0,8.57
1654.00,2829.03,1407.13,165.97,3.000,25.00,60.0,8.57
1655.00,2829.75,1404.22,166.11,3.000,25.00,60.0,8.57
1656.00,2830.47,1401.31,166.26,3.000,25.00,60.0,8.57
1657.00,2831.19,1398.39,166.40,3.000,25.00,60.0,8.57
1658.00,2831.89,1395.48,166.54,3.000,25.00,60.0,8.57
1659.00,2832.59,1392.56,166.69,3.000,25.00,60.0,8.57
1660.00,2833.28,1389.64,166.83,3.000,25.00,60.0,8.57
1661.00,2833.96,1386.72,166.97,3.000,25.00,60.0,8.57
1662.00,2834.64,1383.80,167.11,3.000,25.00,60.0,8.57
1663.00,2835.31,1380.87,167.26,3.000,25.00,60.0,8.57
1664.00,2835.97,1377.95,167.40,3.000,25.00,60.0,8.57
1665.00,2836.62,1375.02,167.54,3.000,25.00,60.0,8.57
1666.00,2837.27,1372.09,167.69,3.000,25.00,60.0,8.57
1667.00,2837.91,1369.16,167.83,3.000,25.00,60.0,8.57
1668.00,2838.54,1366.22,167.97,3.000,25.00,60.0,8.57
1669.00,2839.17,1363.29,168.11,3.000,25.00,60.0,8.57
1670.00,2839.79,1360.35,168.26,3.000,25.00,60.0,8.57
1671.00,2840.40,1357.42,168.40,3.000,25.00,60.0,8.57
1672.00,2841.00,1354.48,168.54,3.000,25.00,60.0,8.57
1673.00,2841.60,1351.54,168.69,3.000,25.00,60.0,8.57
1674.00,2842.19,1348.60,168.83,3.000,25.00,60.0,8.57
1675.00,2842.77,1345.65,168.97,3.000,25.00,60.0,8.57
1676.00,2843.34,1342.71,169.11,3.000,25.00,60.0,8.57
1677.00,2843.91,1339.76,169.26,3.000,25.00,60.0,8.57
1678.00,2844.47,1336.82,169.40,3.000,25.00,60.0,8.57
1679.00,2845.02,1333.87,169.54,3.000,25.00,60.0,8.57
1680.00,2845.56,1330.92,169.69,3.000,25.00,60.0,8.57
1681.00,2846.10,1327.97,169.83,3.000,25.00,60.0,8.57
1682.00,2846.63,1325.01,169.97,3.000,25.00,60.0,8.57
1683.00,2847.15,1322.06,170.11,3.000,25.00,60.0,8.57
1684.00,2847.67,1319.10,170.26,3.000,25.00,60.0,8.57
1685.00,2848.17,1316.15,170.40,3.000,25.00,60.0,8.57
1686.00,2848.67,1313.19,170.54,3.000,25.00,60.0,8.57
1687.00,2849.17,1310.23,170.69,3.000,25.00,60.0,8.57
1688.00,2849.65,1307.27,170.83,3.000,25.00,60.0,8.57
1689.00,2850.13,1304.31,170.97,3.000,25.00,60.0,8.57
1690.00,2850.60,1301.34,171.11,3.000,25.00,60.0,8.57
1691.00,2851.07,1298.38,171.26,3.000,25.00,60.0,8.57
1692.00,2851.52,1295.41,171.40,3.000,25.00,60.0,8.57
1693.00,2851.97,1292.45,171.54,3.000,25.00,60.0,8.57
1694.00,2852.41,1289.48,171.69,3.000,25.00,60.0,8.57
1695.00,2852.85,1286.51,171.83,3.000,25.00,60.0,8.57
1696.00,2853.27,1283.54,171.97,3.000,25.00,60.0,8.57
1697.00,2853.69,1280.57,172.11,3.000,25.00,60.0,8.57
1698.00,2854.10,1277.60,172.26,3.000,25.00,60.0,8.57
1699.00,2854.51,1274.63,172.40,3.000,25.00,60.0,8.57
1700.00,2854.90,1271.65,172.54,3.000,25.00,60.0,8.57
1701.00,2855.29,1268.68,172.69,3.000,25.00,60.0,8.57
1702.00,2855.67,1265.70,172.83,3.000,25.00,60.0,8.57
1703.00,2856.05,1262.73,172.97,3.000,25.00,60.0,8.57
1704.00,2856.42,1259.75,173.11,3.000,25.00,60.0,8.57
1705.00,2856.78,1256.77,173.26,3.000,25.00,60.0,8.57
1706.00,2857.13,1253.79,173.40,3.000,25.00,60.0,8.57
1707.00,2857.47,1250.81,173.54,3.000,25.00,60.0,8.57
1708.00,2857.81,1247.83,173.69,3.000,25.00,60.0,8.57
1709.00,2858.14,1244.85,173.83,3.000,25.00,60.0,8.57
1710.00,2858.46,1241.87,173.97,3.000,25.00,60.0,8.57
1711.00,2858.78,1238.88,174.11,3.000,25.00,60.0,8.57
1712.00,2859.09,1235.90,174.26,3.000,25.00,60.0,8.57
1713.00,2859.39,1232.91,174.40,3.000,25.00,60.0,8.57
1714.00,2859.68,1229.93,174.54,3.000,25.00,60.0,8.57
1715.00,2859.96,1226.94,174.69,3.000,25.00,60.0,8.57
1716.00,2860.24,1223.96,174.83,3.000,25.00,60.0,8.57
1717.00,2860.51,1220.97,174.97,3.000,25.00,60.0,8.57
1718.00,2860.78,1217.98,175.11,3.000,25.00,60.0,8.57
1719.00,2861.03,1214.99,175.26,3.000,25.00,60.0,8.57
1720.00,2861.28,1212.00,175.40,3.000,25.00,60.0,8.57
1721.00,2861.52,1209.01,175.54,3.000,25.00,60.0,8.57
1722.00,2861.75,1206.02,175.69,3.000,25.00,60.0,8.57
1723.00,2861.98,1203.03,175.83,3.000,25.00,60.0,8.57
1724.00,2862.20,1200.04,175.97,3.000,25.00,60.0,8.57
1725.00,2862.41,1197.04,176.11,3.000,25.00,60.0,8.57
1726.00,2862.61,1194.05,176.26,3.000,25.00,60.0,8.57
1727.00,2862.81,1191.06,176.40,3.000,25.00,60.0,8.57
1728.00,2862.99,1188.06,176.54,3.000,25.00,60.0,8.57
1729.00,2863.18,1185.07,176.69,3.000,25.00,60.0,8.57
1730.00,2863.35,1182.07,176.83,3.000,25.00,60.0,8.57
1731.00,2863.51,1179.08,176.97,3.000,25.00,60.0,8.57
1732.00,2863.67,1176.08,177.11,3.000,25.00,60.0,8.57
1733.00,2863.82,1173.09,177.26,3.000,25.00,60.0,8.57
1734.00,2863.97,1170.09,177.40,3.000,25.00,60.0,8.57
1735.00,2864.10,1167.09,177.54,3.000,25.00,60.0,8.57
1736.00,2864.23,1164.09,177.69,3.000,25.00,60.0,8.57
1737.00,2864.35,1161.10,177.83,3.000,25.00,60.0,8.57
1738.00,2864.47,1158.10,177.97,3.000,25.00,60.0,8.57
1739.00,2864.57,1155.10,178.11,3.000,25.00,60.0,8.57
1740.00,2864.67,1152.10,178.26,3.000,25.00,60.0,8.57
1741.00,2864.76,1149.10,178.40,3.000,25.00,60.0,8.57
1742.00,2864.85,1146.11,178.54,3.000,25.00,60.0,8.57
1743.00,2864.92,1143.11,178.69,3.000,25.00,60.0,8.57
1744.00,2864.99,1140.11,178.83,3.000,25.00,60.0,8.57
1745.00,2865.05,1137.11,178.97,3.000,25.00,60.0,8.57
1746.00,2865.11,1134.11,179.11,3.000,25.00,60.0,8.57
1747.00,2865.15,1131.11,179.26,3.000,25.00,60.0,8.57
1748.00,2865.19,1128.11,179.40,3.000,25.00,60.0,8.57
1749.00,2865.22,1125.11,179.54,3.000,25.00,60.0,8.57
1750.00,2865.25,1122.11,179.69,3.000,25.00,60.0,8.57
1751.00,2865.26,1119.11,179.83,3.000,25.00,60.0,8.57
1752.00,2865.27,1116.11,179.97,3.000,25.00,60.0,8.57
1753.00,2865.28,1113.11,180.11,3.000,25.00,60.0,8.57
1754.00,2865.27,1110.11,180.26,3.000,25.00,60.0,8.57
1755.00,2865.26,1107.11,180.40,3.000,25.00,60.0,8.57
1756.00,2865.23,1104.11,180.54,3.000,25.00,60.0,8.57
1757.00,2865.21,1101.11,180.69,3.000,25.00,60.0,8.57
1758.00,2865.17,1098.11,180.83,3.000,25.00,60.0,8.57
1759.00,2865.13,1095.11,180.97,3.000,25.00,60.0,8.57
1760.00,2865.08,1092.11,181.11,3.000,25.00,60.0,8.57
1761.00,2865.02,1089.11,181.26,3.000,25.00,60.0,8.57
1762.00,2864.95,1086.11,181.40,3.000,25.00,60.0,8.57
1763.00,2864.88,1083.11,181.54,3.000,25.00,60.0,8.57
1764.00,2864.80,1080.11,181.69,3.000,25.00,60.0,8.57
1765.00,2864.71,1077.11,181.83,3.000,25.00,60.0,8.57
1766.00,2864.61,1074.12,181.97,3.000,25.00,60.0,8.57
1767.00,2864.51,1071.12,182.11,3.000,25.00,60.0,8.57
1768.00,2864.40,1068.12,182.26,3.000,25.00,60.0,8.57
1769.00,2864.28,1065.12,182.40,3.000,25.00,60.0,8.57
1770.00,2864.16,1062.13,182.54,3.000,25.00,60.0,8.57
1771.00,2864.02,1059.13,182.69,3.000,25.00,60.0,8.57
1772.00,2863.88,1056.13,182.83,3.000,25.00,60.0,8.57
1773.00,2863.73,1053.14,182.97,3.000,25.00,60.0,8.57
1774.00,2863.58,1050.14,183.11,3.000,25.00,60.0,8.57
1775.00,2863.42,1047.14,183.26,3.000,25.00,60.0,8.57
1776.00,2863.25,1044.15,183.40,3.000,25.00,60.0,8.57
1777.00,2863.07,1041.15,183.54,3.000,25.00,60.0,8.57
1778.00,2862.88,1038.16,183.69,3.000,25.00,60.0,8.57
1779.00,2862.69,1035.17,183.83,3.000,25.00,60.0,8.57
1780.00,2862.49,1032.17,183.97,3.000,25.00,60.0,8.57
1781.00,2862.28,1029.18,184.11,3.000,25.00,60.0,8.57
1782.00,2862.07,1026.19,184.26,3.000,25.00,60.0,8.57
1783.00,2861.84,1023.20,184.40,3.000,25.00,60.0,8.57
1784.00,2861.61,1020.20,184.54,3.000,25.00,60.0,8.57
1785.00,2861.38,1017.21,184.69,3.000,25.00,60.0,8.57
1786.00,2861.13,1014.22,184.83,3.000,25.00,60.0,8.57
1787.00,2860.88,1011.23,184.97,3.000,25.00,60.0,8.57
1788.00,2860.62,1008.25,185.11,3.000,25.00,60.0,8.57
1789.00,2860.35,1005.26,185.26,3.000,25.00,60.0,8.57
1790.00,2860.08,1002.27,185.40,3.000,25.00,60.0,8.57
1791.00,2859.79,999.28,185.54,3.000,25.00,60.0,8.57
1792.00,2859.50,996.30,185.69,3.000,25.00,60.0,8.57
1793.00,2859.21,993.31,185.83,3.000,25.00,60.0,8.57
1794.00,2858.90,990.33,185.97,3.000,25.00,60.0,8.57
1795.00,2858.59,987.34,186.11,3.000,25.00,60.0,8.57
1796.00,2858.27,984.36,186.26,3.000,25.00,60.0,8.57
1797.00,2857.94,981.38,186.40,3.000,25.00,60.0,8.57
1798.00,2857.61,978.40,186.54,3.000,25.00,60.0,8.57
1799.00,2857.27,975.42,186.69,3.000,25.00,60.0,8.57
1800.00,2856.92,972.44,186.83,3.000,25.00,60.0,8.57
1801.00,2856.56,969.46,186.97,3.000,25.00,60.0,8.57
1802.00,2856.20,966.48,187.11,3.000,25.00,60.0,8.57
1803.00,2855.83,963.50,187.26,3.000,25.00,60.0,8.57
1804.00,2855.45,960.53,187.40,3.000,25.00,60.0,8.57
1805.00,2855.06,957.55,187.54,3.000,25.00,60.0,8.57
1806.00,2854.67,954.58,187.69,3.000,25.00,60.0,8.57
1807.00,2854.26,951.61,187.83,3.000,25.00,60.0,8.57
1808.00,2853.86,948.63,187.97,3.000,25.00,60.0,8.57
1809.00,2853.44,945.66,188.11,3.000,25.00,60.0,8.57
1810.00,2853.02,942.69,188.26,3.000,25.00,60.0,8.57
1811.00,2852.59,939.72,188.40,3.000,25.00,60.0,8.57
1812.00,2852.15,936.76,188.54,3.000,25.00,60.0,8.57
1813.00,2851.70,933.79,188.69,3.000,25.00,60.0,8.57
1814.00,2851.25,930.82,188.83,3.000,25.00,60.0,8.57
1815.00,2850.79,927.86,188.97,3.000,25.00,60.0,8.57
1816.00,2850.32,924.90,189.11,3.000,25.00,60.0,8.57
1817.00,2849.85,921.93,189.26,3.000,25.00,60.0,8.57
1818.00,2849.36,918.97,189.40,3.000,25.00,60.0,8.57
1819.00,2848.87,916.01,189.54,3.000,25.00,60.0,8.57
1820.00,2848.38,913.06,189.69,3.000,25.00,60.0,8.57
1821.00,2847.87,910.10,189.83,3.000,25.00,60.0,8.57
1822.00,2847.36,907.14,189.97,3.000,25.00,60.0,8.57
1823.00,2846.84,904.19,190.11,3.000,25.00,60.0,8.57
1824.00,2846.31,901.23,190.26,3.000,25.00,60.0,8.57
1825.00,2845.78,898.28,190.40,3.000,25.00,60.0,8.57
1826.00,2845.24,895.33,190.54,3.000,25.00,60.0,8.57
1827.00,2844.69,892.38,190.69,3.000,25.00,60.0,8.57
1828.00,2844.13,889.43,190.83,3.000,25.00,60.0,8.57
1829.00,2843.57,886.49,190.97,3.000,25.00,60.0,8.57
1830.00,2843.00,883.54,191.11,3.000,25.00,60.0,8.57
1831.00,2842.42,880.60,191.26,3.000,25.00,60.0,8.57
1832.00,2841.83,877.66,191.40,3.000,25.00,60.0,8.57
1833.00,2841.24,874.72,191.54,3.000,25.00,60.0,8.57
1834.00,2840.64,871.78,191.69,3.000,25.00,60.0,8.57
1835.00,2840.03,868.84,191.83,3.000,25.00,60.0,8.57
1836.00,2839.42,865.90,191.97,3.000,25.00,60.0,8.57
1837.00,2838.79,862.97,192.11,3.000,25.00,60.0,8.57
1838.00,2838.17,860.03,192.26,3.000,25.00,60.0,8.57
1839.00,2837.53,857.10,192.40,3.000,25.00,60.0,8.57
1840.00,2836.88,854.17,192.54,3.000,25.00,60.0,8.57
1841.00,2836.23,851.24,192.69,3.000,25.00,60.0,8.57
1842.00,2835.57,848.32,192.83,3.000,25.00,60.0,8.57
1843.00,2834.91,845.39,192.97,3.000,25.00,60.0,8.57
1844.00,2834.23,842.47,193.11,3.000,25.00,60.0,8.57
1845.00,2833.55,839.55,193.26,3.000,25.00,60.0,8.57
1846.00,2832.87,836.63,193.40,3.000,25.00,60.0,8.57
1847.00,2832.17,833.71,193.54,3.000,25.00,60.0,8.57
1848.00,2831.47,830.79,193.69,3.000,25.00,60.0,8.57
1849.00,2830.76,827.88,193.83,3.000,25.00,60.0,8.57
1850.00,2830.04,824.96,193.97,3.000,25.00,60.0,8.57
1851.00,2829.32,822.05,194.11,3.000,25.00,60.0,8.57
1852.00,2828.59,819.14,194.26,3.000,25.00,60.0,8.57
1853.00,2827.85,816.24,194.40,3.000,25.00,60.0,8.57
1854.00,2827.10,813.33,194.54,3.000,25.00,60.0,8.57
1855.00,2826.35,810.43,194.69,3.000,25.00,60.0,8.57
1856.00,2825.59,807.52,194.83,3.000,25.00,60.0,8.57
1857.00,2824.82,804.62,194.97,3.000,25.00,60.0,8.57
1858.00,2824.04,801.73,195.11,3.000,25.00,60.0,8.57
1859.00,2823.26,798.83,195.26,3.000,25.00,60.0,8.57
1860.00,2822.47,795.94,195.40,3.000,25.00,60.0,8.57
1861.00,2821.68,793.04,195.54,3.000,25.00,60.0,8.57
1862.00,2820.87,790.15,195.69,3.000,25.00,60.0,8.57
1863.00,2820.06,787.26,195.83,3.000,25.00,60.0,8.57
1864.00,2819.24,784.38,195.97,3.000,25.00,60.0,8.57
1865.00,2818.42,781.49,196.11,3.000,25.00,60.0,8.57
1866.00,2817.58,778.61,196.26,3.000,25.00,60.0,8.57
1867.00,2816.74,775.73,196.40,3.000,25.00,60.0,8.57
1868.00,2815.90,772.85,196.54,3.000,25.00,60.0,8.57
1869.00,2815.04,769.98,196.69,3.000,25.00,60.0,8.57
1870.00,2814.18,767.10,196.83,3.000,25.00,60.0,8.57
1871.00,2813.31,764.23,196.97,3.000,25.00,60.0,8.57
1872.00,2812.44,761.36,197.11,3.000,25.00,60.0,8.57
1873.00,2811.55,758.50,197.26,3.000,25.00,60.0,8.57
1874.00,2810.66,755.63,197.40,3.000,25.00,60.0,8.57
1875.00,2809.77,752.77,197.54,3.000,25.00,60.0,8.57
1876.00,2808.86,749.91,197.69,3.000,25.00,60.0,8.57
1877.00,2807.95,747.05,197.83,3.000,25.00,60.0,8.57
1878.00,2807.03,744.19,197.97,3.000,25.00,60.0,8.57
1879.00,2806.11,741.34,198.11,3.000,25.00,60.0,8.57
1880.00,2805.17,738.49,198.26,3.000,25.00,60.0,8.57
1881.00,2804.24,735.64,198.40,3.000,25.00,60.0,8.57
1882.00,2803.29,732.79,198.54,3.000,25.00,60.0,8.57
1883.00,2802.33,729.95,198.69,3.000,25.00,60.0,8.57
1884.00,2801.37,727.11,198.83,3.000,25.00,60.0,8.57
1885.00,2800.40,724.27,198.97,3.000,25.00,60.0,8.57
1886.00,2799.43,721.43,199.11,3.000,25.00,60.0,8.57
1887.00,2798.45,718.60,199.26,3.000,25.00,60.0,8.57
1888.00,2797.46,715.76,199.40,3.000,25.00,60.0,8.57
1889.00,2796.46,712.93,199.54,3.000,25.00,60.0,8.57
1890.00,2795.46,710.11,199.69,3.000,25.00,60.0,8.57
1891.00,2794.45,707.28,199.83,3.000,25.00,60.0,8.57
1892.00,2793.43,704.46,199.97,3.000,25.00,60.0,8.57
1893.00,2792.40,701.64,200.11,3.000,25.00,60.0,8.57
1894.00,2791.37,698.82,200.26,3.000,25.00,60.0,8.57
1895.00,2790.33,696.01,200.40,3.000,25.00,60.0,8.57
1896.00,2789.29,693.20,200.54,3.000,25.00,60.0,8.57
1897.00,2788.24,690.39,200.69,3.000,25.00,60.0,8.57
1898.00,2787.18,687.58,200.83,3.000,25.00,60.0,8.57
1899.00,2786.11,684.78,200.97,3.000,25.00,60.0,8.57
1900.00,2785.04,681.98,201.11,3.000,25.00,60.0,8.57
1901.00,2783.96,679.18,201.26,3.000,25.00,60.0,8.57
1902.00,2782.87,676.38,201.40,3.000,25.00,60.0,8.57
1903.00,2781.77,673.59,201.54,3.000,25.00,60.0,8.57
1904.00,2780.67,670.80,201.69,3.000,25.00,60.0,8.57
1905.00,2779.56,668.01,201.83,3.000,25.00,60.0,8.57
1906.00,2778.45,665.23,201.97,3.000,25.00,60.0,8.57
1907.00,2777.32,662.44,202.11,3.000,25.00,60.0,8.57
1908.00,2776.20,659.66,202.26,3.000,25.00,60.0,8.57
1909.00,2775.06,656.89,202.40,3.000,25.00,60.0,8.57
1910.00,2773.92,654.11,202.54,3.000,25.00,60.0,8.57
1911.00,2772.77,651.34,202.69,3.000,25.00,60.0,8.57
1912.00,2771.61,648.58,202.83,3.000,25.00,60.0,8.57
1913.00,2770.44,645.80,202.97,3.010,20.00,70.0,8.51
1914.00,2769.26,643.02,203.11,3.020,20.00,70.0,8.46
1915.00,2768.07,640.23,203.25,3.029,20.00,70.0,8.41
1916.00,2766.87,637.44,203.39,3.039,20.00,70.0,8.35
1917.00,2765.66,634.65,203.53,3.048,20.00,70.0,8.30
1918.00,2764.44,631.84,203.67,3.057,20.00,70.0,8.26
1919.00,2763.21,629.03,203.80,3.066,20.00,70.0,8.21
1920.00,2761.97,626.22,203.94,3.075,20.00,70.0,8.16
1921.00,2760.72,623.40,204.08,3.083,20.00,70.0,8.12
1922.00,2759.46,620.58,204.21,3.091,20.00,70.0,8.08
1923.00,2758.19,617.75,204.34,3.100,20.00,70.0,8.04
1924.00,2756.91,614.92,204.48,3.108,20.00,70.0,8.00
1925.00,2755.62,612.09,204.61,3.115,20.00,70.0,7.96
1926.00,2754.32,609.25,204.74,3.123,20.00,70.0,7.92
1927.00,2753.01,606.40,204.87,3.131,20.00,70.0,7.89
1928.00,2751.69,603.56,205.00,3.138,20.00,70.0,7.85
1929.00,2750.36,600.71,205.13,3.145,20.00,70.0,7.82
1930.00,2749.02,597.85,205.26,3.152,20.00,70.0,7.79
1931.00,2747.67,595.00,205.39,3.159,20.00,70.0,7.76
1932.00,2746.31,592.14,205.52,3.166,20.00,70.0,7.73
1933.00,2744.94,589.27,205.65,3.173,20.00,70.0,7.70
1934.00,2743.57,586.41,205.78,3.179,20.00,70.0,7.67
1935.00,2742.18,583.54,205.91,3.186,20.00,70.0,7.64
1936.00,2740.79,580.67,206.03,3.192,20.00,70.0,7.62
1937.00,2739.38,577.79,206.16,3.198,20.00,70.0,7.59
1938.00,2737.97,574.92,206.29,3.204,20.00,70.0,7.57
1939.00,2736.55,572.04,206.41,3.210,20.00,70.0,7.54
1940.00,2735.12,569.16,206.54,3.216,20.00,70.0,7.52
1941.00,2733.68,566.27,206.66,3.222,20.00,70.0,7.50
1942.00,2732.23,563.39,206.79,3.227,20.00,70.0,7.48
1943.00,2730.77,560.50,206.91,3.233,20.00,70.0,7.46
1944.00,2729.31,557.62,207.03,3.238,20.00,70.0,7.44
1945.00,2727.84,554.73,207.16,3.243,20.00,70.0,7.42
1946.00,2726.35,551.84,207.28,3.248,20.00,70.0,7.40
1947.00,2724.86,548.95,207.40,3.253,20.00,70.0,7.38
1948.00,2723.36,546.05,207.53,3.258,20.00,70.0,7.36
1949.00,2721.85,543.16,207.65,3.263,20.00,70.0,7.35
1950.00,2720.34,540.27,207.77,3.268,20.00,70.0,7.33
1951.00,2718.81,537.37,207.89,3.273,20.00,70.0,7.31
1952.00,2717.28,534.47,208.02,3.277,20.00,70.0,7.30
1953.00,2715.74,531.58,208.14,3.282,20.00,70.0,7.28
1954.00,2714.19,528.68,208.26,3.286,20.00,70.0,7.27
1955.00,2712.63,525.78,208.38,3.290,20.00,70.0,7.26
1956.00,2711.06,522.88,208.50,3.294,20.00,70.0,7.24
1957.00,2709.49,519.98,208.62,3.299,20.00,70.0,7.23
1958.00,2707.91,517.08,208.74,3.303,20.00,70.0,7.22
1959.00,2706.32,514.18,208.86,3.307,20.00,70.0,7.21
1960.00,2704.72,511.29,208.98,3.310,20.00,70.0,7.19
1961.00,2703.11,508.39,209.10,3.314,20.00,70.0,7.18
1962.00,2701.50,505.49,209.22,3.318,20.00,70.0,7.17
1963.00,2699.88,502.59,209.34,3.322,20.00,70.0,7.16
1964.00,2698.25,499.69,209.46,3.325,20.00,70.0,7.15
1965.00,2696.61,496.79,209.58,3.329,20.00,70.0,7.14
1966.00,2694.97,493.89,209.70,3.332,20.00,70.0,7.13
1967.00,2693.32,491.00,209.81,3.335,20.00,70.0,7.12
1968.00,2691.66,488.10,209.93,3.339,20.00,70.0,7.11
1969.00,2689.99,485.20,210.05,3.342,20.00,70.0,7.11
1970.00,2688.31,482.31,210.17,3.345,20.00,70.0,7.10
1971.00,2686.63,479.41,210.29,3.348,20.00,70.0,7.09
1972.00,2684.94,476.52,210.41,3.351,20.00,70.0,7.08
1973.00,2683.24,473.63,210.52,3.354,20.00,70.0,7.07
1974.00,2681.54,470.73,210.64,3.357,20.00,70.0,7.07
1975.00,2679.83,467.84,210.76,3.360,20.00,70.0,7.06
1976.00,2678.11,464.95,210.88,3.363,20.00,70.0,7.05
1977.00,2676.38,462.07,210.99,3.366,20.00,70.0,7.05
1978.00,2674.64,459.18,211.11,3.368,20.00,70.0,7.04
1979.00,2672.90,456.29,211.23,3.371,20.00,70.0,7.03
1980.00,2671.15,453.41,211.35,3.373,20.00,70.0,7.03
1981.00,2669.40,450.52,211.46,3.376,20.00,70.0,7.02
1982.00,2667.63,447.64,211.58,3.378,20.00,70.0,7.02
1983.00,2665.86,444.76,211.70,3.381,20.00,70.0,7.01
1984.00,2664.09,441.88,211.81,3.383,20.00,70.0,7.01
1985.00,2662.30,439.01,211.93,3.386,20.00,70.0,7.00
1986.00,2660.51,436.13,212.05,3.388,20.00,70.0,7.00
1987.00,2658.71,433.26,212.16,3.390,20.00,70.0,6.99
1988.00,2656.90,430.39,212.28,3.392,20.00,70.0,6.99
1989.00,2655.09,427.52,212.40,3.394,20.00,70.0,6.98
1990.00,2653.27,424.65,212.51,3.397,20.00,70.0,6.98
1991.00,2651.45,421.78,212.63,3.399,20.00,70.0,6.97
1992.00,2649.61,418.92,212.74,3.401,20.00,70.0,6.97
1993.00,2647.77,416.06,212.86,3.403,20.00,70.0,6.97
1994.00,2645.92,413.20,212.98,3.405,20.00,70.0,6.96
1995.00,2644.07,410.34,213.09,3.407,20.00,70.0,6.96
1996.00,2642.21,407.48,213.21,3.408,20.00,70.0,6.96
1997.00,2640.34,404.63,213.32,3.410,20.00,70.0,6.95
1998.00,2638.47,401.78,213.44,3.412,20.00,70.0,6.95
1999.00,2636.59,398.93,213.56,3.414,20.00,70.0,6.95
2000.00,2634.70,396.08,213.67,3.415,20.00,70.0,6.94
2001.00,2632.80,393.24,213.79,3.417,20.00,70.0,6.94
2002.00,2630.90,390.40,213.90,3.419,20.00,70.0,6.94
2003.00,2628.99,387.56,214.02,3.420,20.00,70.0,6.94
2004.00,2627.08,384.72,214.13,3.422,20.00,70.0,6.93
2005.00,2625.16,381.89,214.25,3.424,20.00,70.0,6.93
2006.00,2623.23,379.06,214.37,3.425,20.00,70.0,6.93
2007.00,2621.30,376.23,214.48,3.427,20.00,70.0,6.93
2008.00,2619.36,373.40,214.60,3.428,20.00,70.0,6.92
2009.00,2617.41,370.58,214.71,3.430,20.00,70.0,6.92
2010.00,2615.45,367.76,214.83,3.431,20.00,70.0,6.92
2011.00,2613.49,364.94,214.94,3.432,20.00,70.0,6.92
2012.00,2611.53,362.13,215.06,3.434,20.00,70.0,6.91
2013.00,2609.55,359.32,215.17,3.435,20.00,70.0,6.91
2014.00,2607.57,356.51,215.29,3.436,20.00,70.0,6.91
2015.00,2605.59,353.70,215.40,3.438,20.00,70.0,6.91
2016.00,2603.60,350.90,215.52,3.439,20.00,70.0,6.91
2017.00,2601.60,348.10,215.63,3.440,20.00,70.0,6.91
2018.00,2599.59,345.30,215.75,3.441,20.00,70.0,6.90
2019.00,2597.58,342.51,215.86,3.442,20.00,70.0,6.90
2020.00,2595.56,339.72,215.98,3.444,20.00,70.0,6.90
2021.00,2593.54,336.93,216.09,3.445,20.00,70.0,6.90
2022.00,2591.51,334.15,216.21,3.446,20.00,70.0,6.90
2023.00,2589.47,331.36,216.32,3.447,20.00,70.0,6.90
2024.00,2587.43,328.59,216.44,3.448,20.00,70.0,6.90
2025.00,2585.38,325.81,216.55,3.449,20.00,70.0,6.89
2026.00,2583.33,323.04,216.67,3.450,20.00,70.0,6.89
2027.00,2581.27,320.27,216.78,3.451,20.00,70.0,6.89
2028.00,2579.20,317.51,216.90,3.452,20.00,70.0,6.89
2029.00,2577.13,314.75,217.01,3.453,20.00,70.0,6.89
2030.00,2575.05,311.99,217.13,3.454,20.00,70.0,6.89
2031.00,2572.96,309.23,217.24,3.455,20.00,70.0,6.89
2032.00,2570.87,306.48,217.36,3.456,20.00,70.0,6.89
2033.00,2568.77,303.74,217.47,3.457,20.00,70.0,6.89
2034.00,2566.67,300.99,217.59,3.457,20.00,70.0,6.88
2035.00,2564.56,298.25,217.70,3.458,20.00,70.0,6.88
2036.00,2562.45,295.51,217.82,3.459,20.00,70.0,6.88
2037.00,2560.32,292.78,217.93,3.460,20.00,70.0,6.88
2038.00,2558.20,290.05,218.05,3.461,20.00,70.0,6.88
2039.00,2556.06,287.32,218.16,3.462,20.00,70.0,6.88
2040.00,2553.92,284.60,218.27,3.462,20.00,70.0,6.88
2041.00,2551.78,281.88,218.39,3.463,20.00,70.0,6.88
2042.00,2549.63,279.17,218.50,3.464,20.00,70.0,6.88
2043.00,2547.47,276.46,218.62,3.465,20.00,70.0,6.88
2044.00,2545.31,273.75,218.73,3.465,20.00,70.0,6.88
2045.00,2543.14,271.05,218.85,3.466,20.00,70.0,6.88
2046.00,2540.97,268.35,218.96,3.467,20.00,70.0,6.88
2047.00,2538.79,265.65,219.08,3.467,20.00,70.0,6.87
2048.00,2536.60,262.96,219.19,3.468,20.00,70.0,6.87
2049.00,2534.41,260.27,219.31,3.469,20.00,70.0,6.87
2050.00,2532.21,257.59,219.42,3.469,20.00,70.0,6.87
2051.00,2530.01,254.91,219.54,3.470,20.00,70.0,6.87
2052.00,2527.80,252.23,219.65,3.470,20.00,70.0,6.87
2053.00,2525.58,249.56,219.76,3.471,20.00,70.0,6.87
2054.00,2523.36,246.89,219.88,3.472,20.00,70.0,6.87
2055.00,2521.14,244.22,219.99,3.472,20.00,70.0,6.87
2056.00,2518.90,241.56,220.11,3.473,20.00,70.0,6.87
2057.00,2516.67,238.91,220.22,3.473,20.00,70.0,6.87
2058.00,2514.42,236.25,220.34,3.474,20.00,70.0,6.87
2059.00,2512.17,233.61,220.45,3.474,20.00,70.0,6.87
2060.00,2509.92,230.96,220.57,3.475,20.00,70.0,6.87
2061.00,2507.66,228.32,220.68,3.475,20.00,70.0,6.87
2062.00,2505.39,225.69,220.79,3.476,20.00,70.0,6.87
2063.00,2503.12,223.05,220.91,3.476,20.00,70.0,6.87
2064.00,2500.85,220.43,221.02,3.477,20.00,70.0,6.87
2065.00,2498.56,217.80,221.14,3.477,20.00,70.0,6.87
2066.00,2496.28,215.18,221.25,3.478,20.00,70.0,6.87
2067.00,2493.98,212.57,221.37,3.478,20.00,70.0,6.87
2068.00,2491.68,209.96,221.48,3.479,20.00,70.0,6.87
2069.00,2489.38,207.35,221.60,3.479,20.00,70.0,6.87
2070.00,2487.07,204.75,221.71,3.479,20.00,70.0,6.87
2071.00,2484.75,202.15,221.82,3.480,20.00,70.0,6.86
2072.00,2482.43,199.56,221.94,3.480,20.00,70.0,6.86
2073.00,2480.11,196.97,222.05,3.481,20.00,70.0,6.86
2074.00,2477.77,194.38,222.17,3.481,20.00,70.0,6.86
2075.00,2475.44,191.80,222.28,3.481,20.00,70.0,6.86
2076.00,2473.09,189.23,222.40,3.482,20.00,70.0,6.86
2077.00,2470.75,186.66,222.51,3.482,20.00,70.0,6.86
2078.00,2468.39,184.09,222.63,3.483,20.00,70.0,6.86
2079.00,2466.03,181.53,222.74,3.483,20.00,70.0,6.86
2080.00,2463.67,178.97,222.85,3.483,20.00,70.0,6.86
2081.00,2461.30,176.41,222.97,3.484,20.00,70.0,6.86
2082.00,2458.93,173.87,223.08,3.484,20.00,70.0,6.86
2083.00,2456.55,171.32,223.20,3.484,20.00,70.0,6.86
2084.00,2454.16,168.78,223.31,3.485,20.00,70.0,6.86
2085.00,2451.77,166.24,223.43,3.485,20.00,70.0,6.86
2086.00,2449.38,163.71,223.54,3.485,20.00,70.0,6.86
2087.00,2446.97,161.19,223.65,3.485,20.00,70.0,6.86
2088.00,2444.57,158.66,223.77,3.486,20.00,70.0,6.86
2089.00,2442.16,156.15,223.88,3.486,20.00,70.0,6.86
2090.00,2439.74,153.63,224.00,3.486,20.00,70.0,6.86
2091.00,2437.32,151.13,224.11,3.487,20.00,70.0,6.86
2092.00,2434.89,148.62,224.23,3.487,20.00,70.0,6.86
2093.00,2432.46,146.12,224.34,3.487,20.00,70.0,6.86
2094.00,2430.02,143.63,224.46,3.487,20.00,70.0,6.86
2095.00,2427.58,141.14,224.57,3.488,20.00,70.0,6.86
2096.00,2425.13,138.66,224.68,3.488,20.00,70.0,6.86
2097.00,2422.68,136.18,224.80,3.488,20.00,70.0,6.86
2098.00,2420.22,133.70,224.91,3.488,20.00,70.0,6.86
2099.00,2417.76,131.23,225.03,3.489,20.00,70.0,6.86
2100.00,2415.29,128.76,225.14,3.489,20.00,70.0,6.86
2101.00,2412.82,126.30,225.26,3.489,20.00,70.0,6.86
2102.00,2410.34,123.85,225.37,3.489,20.00,70.0,6.86
2103.00,2407.85,121.40,225.48,3.489,20.00,70.0,6.86
2104.00,2405.37,118.95,225.60,3.490,20.00,70.0,6.86
2105.00,2402.87,116.51,225.71,3.490,20.00,70.0,6.86
2106.00,2400.37,114.07,225.83,3.490,20.00,70.0,6.86
2107.00,2397.87,111.64,225.94,3.490,20.00,70.0,6.86
2108.00,2395.36,109.21,226.06,3.490,20.00,70.0,6.86
2109.00,2392.85,106.79,226.17,3.491,20.00,70.0,6.86
2110.00,2390.33,104.37,226.28,3.491,20.00,70.0,6.86
2111.00,2387.81,101.96,226.40,3.491,20.00,70.0,6.86
2112.00,2385.28,99.55,226.51,3.491,20.00,70.0,6.86
2113.00,2382.75,97.15,226.63,3.491,20.00,70.0,6.86
2114.00,2380.21,94.75,226.74,3.492,20.00,70.0,6.86
2115.00,2377.67,92.36,226.86,3.492,20.00,70.0,6.86
2116.00,2375.12,89.97,226.97,3.492,20.00,70.0,6.86
2117.00,2372.57,87.59,227.08,3.492,20.00,70.0,6.86
2118.00,2370.01,85.21,227.20,3.492,20.00,70.0,6.86
2119.00,2367.45,82.84,227.31,3.492,20.00,70.0,6.86
2120.00,2364.88,80.47,227.43,3.493,20.00,70.0,6.86
2121.00,2362.31,78.11,227.54,3.493,20.00,70.0,6.86
2122.00,2359.73,75.75,227.66,3.493,20.00,70.0,6.86
2123.00,2357.15,73.40,227.77,3.493,20.00,70.0,6.86
2124.00,2354.56,71.05,227.89,3.493,20.00,70.0,6.86
2125.00,2351.97,68.70,228.00,3.493,20.00,70.0,6.86
2126.00,2349.37,66.37,228.11,3.493,20.00,70.0,6.86
2127.00,2346.77,64.03,228.23,3.494,20.00,70.0,6.86
2128.00,2344.17,61.71,228.34,3.494,20.00,70.0,6.86
2129.00,2341.56,59.39,228.46,3.494,20.00,70.0,6.86
2130.00,2338.94,57.07,228.57,3.494,20.00,70.0,6.86
2131.00,2336.32,54.76,228.69,3.494,20.00,70.0,6.86
2132.00,2333.70,52.45,228.80,3.494,20.00,70.0,6.86
2133.00,2331.07,50.15,228.91,3.494,20.00,70.0,6.86
2134.00,2328.43,47.85,229.03,3.494,20.00,70.0,6.86
2135.00,2325.80,45.56,229.14,3.494,20.00,70.0,6.86
2136.00,2323.15,43.27,229.26,3.495,20.00,70.0,6.86
2137.00,2320.51,40.99,229.37,3.495,20.00,70.0,6.86
2138.00,2317.85,38.72,229.49,3.495,20.00,70.0,6.86
2139.00,2315.20,36.45,229.60,3.495,20.00,70.0,6.86
2140.00,2312.53,34.18,229.71,3.495,20.00,70.0,6.86
2141.00,2309.87,31.92,229.83,3.495,20.00,70.0,6.86
2142.00,2307.20,29.67,229.94,3.495,20.00,70.0,6.86
2143.00,2304.52,27.42,230.06,3.495,20.00,70.0,6.86
2144.00,2301.84,25.17,230.17,3.495,20.00,70.0,6.86
2145.00,2299.16,22.93,230.29,3.495,20.00,70.0,6.86
2146.00,2296.47,20.70,230.40,3.496,20.00,70.0,6.86
2147.00,2293.78,18.47,230.51,3.496,20.00,70.0,6.86
2148.00,2291.08,16.25,230.63,3.496,20.00,70.0,6.86
2149.00,2288.38,14.03,230.74,3.496,20.00,70.0,6.86
2150.00,2285.67,11.82,230.86,3.496,20.00,70.0,6.86
2151.00,2282.96,9.61,230.97,3.496,20.00,70.0,6.86
2152.00,2280.24,7.41,231.09,3.496,20.00,70.0,6.86
2153.00,2277.52,5.22,231.20,3.496,20.00,70.0,6.86
2154.00,2274.80,3.02,231.31,3.496,20.00,70.0,6.86
2155.00,2272.07,0.84,231.43,3.496,20.00,70.0,6.86
2156.00,2269.33,-1.34,231.54,3.496,20.00,70.0,6.86
2157.00,2266.60,-3.52,231.66,3.496,20.00,70.0,6.86
2158.00,2263.85,-5.68,231.77,3.497,20.00,70.0,6.86
2159.00,2261.11,-7.85,231.89,3.497,20.00,70.0,6.86
2160.00,2258.36,-10.01,232.00,3.497,20.00,70.0,6.86
2161.00,2255.60,-12.16,232.11,3.497,20.00,70.0,6.86
2162.00,2252.84,-14.31,232.23,3.497,20.00,70.0,6.86
2163.00,2250.08,-16.45,232.34,3.497,20.00,70.0,6.86
2164.00,2247.31,-18.58,232.46,3.497,20.00,70.0,6.86
2165.00,2244.53,-20.72,232.57,3.497,20.00,70.0,6.86
2166.00,2241.76,-22.84,232.69,3.497,20.00,70.0,6.86
2167.00,2238.98,-24.96,232.80,3.497,20.00,70.0,6.86
2168.00,2236.19,-27.08,232.91,3.497,20.00,70.0,6.86
2169.00,2233.40,-29.18,233.03,3.497,20.00,70.0,6.86
2170.00,2230.61,-31.29,233.14,3.497,20.00,70.0,6.86
2171.00,2227.81,-33.39,233.26,3.497,20.00,70.0,6.86
2172.00,2225.01,-35.48,233.37,3.497,20.00,70.0,6.86
2173.00,2222.20,-37.56,233.49,3.497,20.00,70.0,6.86
2174.00,2219.39,-39.65,233.60,3.497,20.00,70.0,6.86
2175.00,2216.57,-41.72,233.71,3.498,20.00,70.0,6.86
2176.00,2213.75,-43.79,233.83,3.498,20.00,70.0,6.86
2177.00,2210.93,-45.86,233.94,3.498,20.00,70.0,6.86
2178.00,2208.10,-47.91,234.06,3.498,20.00,70.0,6.86
2179.00,2205.27,-49.97,234.17,3.498,20.00,70.0,6.86
2180.00,2202.44,-52.01,234.29,3.498,20.00,70.0,6.86
2181.00,2199.60,-54.06,234.40,3.498,20.00,70.0,6.86
2182.00,2196.75,-56.09,234.51,3.498,20.00,70.0,6.86
2183.00,2193.90,-58.12,234.63,3.498,20.00,70.0,6.86
2184.00,2191.05,-60.15,234.74,3.498,20.00,70.0,6.86
2185.00,2188.19,-62.17,234.86,3.498,20.00,70.0,6.86
2186.00,2185.33,-64.18,234.97,3.498,20.00,70.0,6.86
2187.00,2182.47,-66.19,235.09,3.498,20.00,70.0,6.86
2188.00,2179.60,-68.19,235.20,3.498,20.00,70.0,6.86
2189.00,2176.73,-70.19,235.31,3.498,20.00,70.0,6.86
2190.00,2173.85,-72.18,235.43,3.498,20.00,70.0,6.86
2191.00,2170.97,-74.16,235.54,3.498,20.00,70.0,6.86
2192.00,2168.09,-76.14,235.66,3.498,20.00,70.0,6.86
2193.00,2165.20,-78.12,235.77,3.498,20.00,70.0,6.86
2194.00,2162.31,-80.08,235.89,3.498,20.00,70.0,6.86
2195.00,2159.41,-82.05,236.00,3.498,20.00,70.0,6.86
2196.00,2156.51,-84.00,236.11,3.498,20.00,70.0,6.86
2197.00,2153.61,-85.95,236.23,3.498,20.00,70.0,6.86
2198.00,2150.70,-87.90,236.34,3.498,20.00,70.0,6.86
2199.00,2147.78,-89.84,236.46,3.498,20.00,70.0,6.86
2200.00,2144.87,-91.77,236.57,3.499,20.00,70.0,6.86
2201.00,2141.95,-93.70,236.69,3.499,20.00,70.0,6.86
2202.00,2139.03,-95.62,236.80,3.499,20.00,70.0,6.86
2203.00,2136.10,-97.53,236.91,3.499,20.00,70.0,6.86
2204.00,2133.17,-99.44,237.03,3.499,20.00,70.0,6.86
2205.00,2130.23,-101.35,237.14,3.499,20.00,70.0,6.86
2206.00,2127.29,-103.25,237.26,3.499,20.00,70.0,6.86
2207.00,2124.35,-105.14,237.37,3.499,20.00,70.0,6.86
2208.00,2121.40,-107.02,237.49,3.499,20.00,70.0,6.86
2209.00,2118.45,-108.91,237.60,3.499,20.00,70.0,6.86
2210.00,2115.50,-110.78,237.71,3.499,20.00,70.0,6.86
2211.00,2112.54,-112.65,237.83,3.499,20.00,70.0,6.86
2212.00,2109.58,-114.51,237.94,3.499,20.00,70.0,6.86
2213.00,2106.61,-116.37,238.06,3.499,20.00,70.0,6.86
2214.00,2103.64,-118.22,238.17,3.499,20.00,70.0,6.86
2215.00,2100.67,-120.07,238.29,3.499,20.00,70.0,6.86
2216.00,2097.70,-121.90,238.40,3.499,20.00,70.0,6.86
2217.00,2094.72,-123.74,238.51,3.499,20.00,70.0,6.86
2218.00,2091.73,-125.57,238.63,3.499,20.00,70.0,6.86
2219.00,2088.74,-127.39,238.74,3.499,20.00,70.0,6.86
2220.00,2085.75,-129.20,238.86,3.499,20.00,70.0,6.86
2221.00,2082.76,-131.01,238.97,3.499,20.00,70.0,6.86
2222.00,2079.76,-132.82,239.09,3.499,20.00,70.0,6.86
2223.00,2076.76,-134.61,239.20,3.499,20.00,70.0,6.86
2224.00,2073.75,-136.40,239.31,3.499,20.00,70.0,6.86
2225.00,2070.74,-138.19,239.43,3.499,20.00,70.0,6.86
2226.00,2067.73,-139.97,239.54,3.499,20.00,70.0,6.86
2227.00,2064.71,-141.74,239.66,3.499,20.00,70.0,6.86
2228.00,2061.69,-143.51,239.77,3.499,20.00,70.0,6.86
2229.00,2058.67,-145.27,239.89,3.499,20.00,70.0,6.86
2230.00,2055.64,-147.03,240.00,3.499,20.00,70.0,6.86
2231.00,2052.61,-148.78,240.11,3.499,20.00,70.0,6.86
2232.00,2049.58,-150.52,240.23,3.499,20.00,70.0,6.86
2233.00,2046.54,-152.26,240.34,3.499,20.00,70.0,6.86
2234.00,2043.50,-153.99,240.46,3.499,20.00,70.0,6.86
2235.00,2040.46,-155.72,240.57,3.499,20.00,70.0,6.86
2236.00,2037.41,-157.44,240.69,3.499,20.00,70.0,6.86
2237.00,2034.36,-159.15,240.80,3.499,20.00,70.0,6.86
2238.00,2031.30,-160.86,240.91,3.499,20.00,70.0,6.86
2239.00,2028.25,-162.56,241.03,3.499,20.00,70.0,6.86
2240.00,2025.18,-164.25,241.14,3.499,20.00,70.0,6.86
2241.00,2022.12,-165.94,241.26,3.499,20.00,70.0,6.86
2242.00,2019.05,-167.62,241.37,3.499,20.00,70.0,6.86
2243.00,2015.98,-169.30,241.49,3.499,20.00,70.0,6.86
2244.00,2012.90,-170.97,241.60,3.499,20.00,70.0,6.86
2245.00,2009.83,-172.64,241.71,3.499,20.00,70.0,6.86
2246.00,2006.74,-174.29,241.83,3.499,20.00,70.0,6.86
2247.00,2003.66,-175.95,241.94,3.499,20.00,70.0,6.86
2248.00,2000.57,-177.59,242.06,3.499,20.00,70.0,6.86
2249.00,1997.48,-179.23,242.17,3.499,20.00,70.0,6.86
2250.00,1994.39,-180.87,242.29,3.499,20.00,70.0,6.86
2251.00,1991.29,-182.49,242.40,3.499,20.00,70.0,6.86
2252.00,1988.19,-184.11,242.51,3.499,20.00,70.0,6.86
2253.00,1985.08,-185.73,242.63,3.499,20.00,70.0,6.86
2254.00,1981.97,-187.34,242.74,3.500,20.00,70.0,6.86
2255.00,1978.86,-188.94,242.86,3.500,20.00,70.0,6.86
2256.00,1975.75,-190.54,242.97,3.500,20.00,70.0,6.86
2257.00,1972.63,-192.13,243.09,3.500,20.00,70.0,6.86
2258.00,1969.51,-193.71,243.20,3.500,20.00,70.0,6.86
2259.00,1966.39,-195.29,243.31,3.500,20.00,70.0,6.86
2260.00,1963.26,-196.86,243.43,3.500,20.00,70.0,6.86
2261.00,1960.13,-198.43,243.54,3.500,20.00,70.0,6.86
2262.00,1957.00,-199.99,243.66,3.500,20.00,70.0,6.86
2263.00,1953.86,-201.54,243.77,3.500,20.00,70.0,6.86
2264.00,1950.72,-203.09,243.89,3.500,20.00,70.0,6.86
2265.00,1947.58,-204.63,244.00,3.500,20.00,70.0,6.86
2266.00,1944.43,-206.16,244.11,3.500,20.00,70.0,6.86
2267.00,1941.29,-207.69,244.23,3.500,20.00,70.0,6.86
2268.00,1938.13,-209.21,244.34,3.500,20.00,70.0,6.86
2269.00,1934.98,-210.72,244.46,3.500,20.00,70.0,6.86
2270.00,1931.82,-212.23,244.57,3.500,20.00,70.0,6.86
2271.00,1928.66,-213.74,244.69,3.500,20.00,70.0,6.86
2272.00,1925.50,-215.23,244.80,3.500,20.00,70.0,6.86
2273.00,1922.33,-216.72,244.91,3.500,20.00,70.0,6.86
2274.00,1919.16,-218.21,245.03,3.500,20.00,70.0,6.86
2275.00,1915.99,-219.68,245.14,3.500,20.00,70.0,6.86
2276.00,1912.81,-221.16,245.26,3.500,20.00,70.0,6.86
2277.00,1909.64,-222.62,245.37,3.500,20.00,70.0,6.86
2278.00,1906.45,-224.08,245.49,3.500,20.00,70.0,6.86
2279.00,1903.27,-225.53,245.60,3.500,20.00,70.0,6.86
2280.00,1900.08,-226.98,245.71,3.500,20.00,70.0,6.86
2281.00,1896.89,-228.42,245.83,3.500,20.00,70.0,6.86
2282.00,1893.70,-229.85,245.94,3.500,20.00,70.0,6.86
2283.00,1890.50,-231.28,246.06,3.500,20.00,70.0,6.86
2284.00,1887.31,-232.70,246.17,3.500,20.00,70.0,6.86
2285.00,1884.10,-234.11,246.29,3.500,20.00,70.0,6.86
2286.00,1880.90,-235.52,246.40,3.500,20.00,70.0,6.86
2287.00,1877.69,-236.92,246.51,3.500,20.00,70.0,6.86
2288.00,1874.48,-238.31,246.63,3.500,20.00,70.0,6.86
2289.00,1871.27,-239.70,246.74,3.500,20.00,70.0,6.86
2290.00,1868.06,-241.08,246.86,3.500,20.00,70.0,6.86
2291.00,1864.84,-242.46,246.97,3.500,20.00,70.0,6.86
2292.00,1861.62,-243.83,247.09,3.500,20.00,70.0,6.86
2293.00,1858.39,-245.19,247.20,3.500,20.00,70.0,6.86
2294.00,1855.17,-246.55,247.31,3.500,20.00,70.0,6.86
2295.00,1851.94,-247.90,247.43,3.500,20.00,70.0,6.86
2296.00,1848.71,-249.24,247.54,3.500,20.00,70.0,6.86
2297.00,1845.47,-250.58,247.66,3.500,20.00,70.0,6.86
2298.00,1842.23,-251.91,247.77,3.500,20.00,70.0,6.86
2299.00,1838.99,-253.23,247.89,3.500,20.00,70.0,6.86
2300.00,1835.75,-254.55,248.00,3.500,20.00,70.0,6.86
2301.00,1832.51,-255.86,248.11,3.500,20.00,70.0,6.86
2302.00,1829.26,-257.16,248.23,3.500,20.00,70.0,6.86
2303.00,1826.01,-258.46,248.34,3.500,20.00,70.0,6.86
2304.00,1822.76,-259.75,248.46,3.500,20.00,70.0,6.86
2305.00,1819.50,-261.04,248.57,3.500,20.00,70.0,6.86
2306.00,1816.24,-262.32,248.69,3.500,20.00,70.0,6.86
2307.00,1812.98,-263.59,248.80,3.500,20.00,70.0,6.86
2308.00,1809.72,-264.86,248.91,3.500,20.00,70.0,6.86
2309.00,1806.45,-266.11,249.03,3.500,20.00,70.0,6.86
2310.00,1803.19,-267.37,249.14,3.500,20.00,70.0,6.86
2311.00,1799.92,-268.61,249.26,3.500,20.00,70.0,6.86
2312.00,1796.64,-269.85,249.37,3.500,20.00,70.0,6.86
2313.00,1793.37,-271.09,249.49,3.500,20.00,70.0,6.86
2314.00,1790.09,-272.31,249.60,3.500,20.00,70.0,6.86
2315.00,1786.81,-273.53,249.71,3.500,20.00,70.0,6.86
2316.00,1783.53,-274.75,249.83,3.500,20.00,70.0,6.86
2317.00,1780.24,-275.95,249.94,3.500,20.00,70.0,6.86
2318.00,1776.95,-277.15,250.06,3.500,20.00,70.0,6.86
2319.00,1773.66,-278.35,250.17,3.500,20.00,70.0,6.86
2320.00,1770.37,-279.53,250.29,3.500,20.00,70.0,6.86
2321.00,1767.08,-280.71,250.40,3.500,20.00,70.0,6.86
2322.00,1763.78,-281.89,250.51,3.500,20.00,70.0,6.86
2323.00,1760.48,-283.06,250.63,3.500,20.00,70.0,6.86
2324.00,1757.18,-284.22,250.74,3.500,20.00,70.0,6.86
2325.00,1753.87,-285.37,250.86,3.500,20.00,70.0,6.86
2326.00,1750.57,-286.52,250.97,3.500,20.00,70.0,6.86
2327.00,1747.26,-287.66,251.09,3.500,20.00,70.0,6.86
2328.00,1743.95,-288.79,251.20,3.500,20.00,70.0,6.86
2329.00,1740.64,-289.92,251.31,3.500,20.00,70.0,6.86
2330.00,1737.32,-291.04,251.43,3.500,20.00,70.0,6.86
2331.00,1734.00,-292.16,251.54,3.500,20.00,70.0,6.86
2332.00,1730.68,-293.27,251.66,3.500,20.00,70.0,6.86
2333.00,1727.36,-294.37,251.77,3.500,20.00,70.0,6.86
2334.00,1724.04,-295.46,251.89,3.500,20.00,70.0,6.86
2335.00,1720.71,-296.55,252.00,3.500,20.00,70.0,6.86
2336.00,1717.38,-297.63,252.11,3.500,20.00,70.0,6.86
2337.00,1714.05,-298.71,252.23,3.500,20.00,70.0,6.86
2338.00,1710.72,-299.78,252.34,3.500,20.00,70.0,6.86
2339.00,1707.38,-300.84,252.46,3.500,20.00,70.0,6.86
2340.00,1704.05,-301.89,252.57,3.500,20.00,70.0,6.86
2341.00,1700.71,-302.94,252.69,3.500,20.00,70.0,6.86
2342.00,1697.36,-303.98,252.80,3.500,20.00,70.0,6.86
2343.00,1694.02,-305.02,252.91,3.500,20.00,70.0,6.86
2344.00,1690.68,-306.04,253.03,3.500,20.00,70.0,6.86
2345.00,1687.33,-307.07,253.14,3.500,20.00,70.0,6.86
2346.00,1683.98,-308.08,253.26,3.500,20.00,70.0,6.86
2347.00,1680.63,-309.09,253.37,3.500,20.00,70.0,6.86
2348.00,1677.27,-310.09,253.49,3.500,20.00,70.0,6.86
2349.00,1673.92,-311.09,253.60,3.500,20.00,70.0,6.86
2350.00,1670.56,-312.07,253.71,3.500,20.00,70.0,6.86
2351.00,1667.20,-313.06,253.83,3.500,20.00,70.0,6.86
2352.00,1663.84,-314.03,253.94,3.500,20.00,70.0,6.86
2353.00,1660.48,-315.00,254.06,3.500,20.00,70.0,6.86
2354.00,1657.11,-315.96,254.17,3.500,20.00,70.0,6.86
2355.00,1653.74,-316.91,254.29,3.500,20.00,70.0,6.86
2356.00,1650.37,-317.86,254.40,3.500,20.00,70.0,6.86
2357.00,1647.00,-318.80,254.51,3.500,20.00,70.0,6.86
2358.00,1643.63,-319.74,254.63,3.500,20.00,70.0,6.86
2359.00,1640.26,-320.67,254.74,3.500,20.00,70.0,6.86
2360.00,1636.88,-321.59,254.86,3.500,20.00,70.0,6.86
2361.00,1633.50,-322.50,254.97,3.500,20.00,70.0,6.86
2362.00,1630.12,-323.41,255.09,3.500,20.00,70.0,6.86
2363.00,1626.74,-324.31,255.20,3.500,20.00,70.0,6.86
2364.00,1623.36,-325.20,255.31,3.500,20.00,70.0,6.86
2365.00,1619.97,-326.09,255.43,3.500,20.00,70.0,6.86
2366.00,1616.58,-326.97,255.54,3.500,20.00,70.0,6.86
2367.00,1613.19,-327.85,255.66,3.500,20.00,70.0,6.86
2368.00,1609.80,-328.71,255.77,3.500,20.00,70.0,6.86
2369.00,1606.41,-329.57,255.89,3.500,20.00,70.0,6.86
2370.00,1603.02,-330.43,256.00,3.500,20.00,70.0,6.86
2371.00,1599.62,-331.27,256.11,3.500,20.00,70.0,6.86
2372.00,1596.22,-332.11,256.23,3.500,20.00,70.0,6.86
2373.00,1592.82,-332.95,256.34,3.500,20.00,70.0,6.86
2374.00,1589.42,-333.77,256.46,3.500,20.00,70.0,6.86
2375.00,1586.02,-334.59,256.57,3.500,20.00,70.0,6.86
2376.00,1582.61,-335.40,256.69,3.500,20.00,70.0,6.86
2377.00,1579.21,-336.21,256.80,3.500,20.00,70.0,6.86
2378.00,1575.80,-337.01,256.91,3.500,20.00,70.0,6.86
2379.00,1572.39,-337.80,257.03,3.500,20.00,70.0,6.86
2380.00,1568.98,-338.59,257.14,3.500,20.00,70.0,6.86
2381.00,1565.57,-339.37,257.26,3.500,20.00,70.0,6.86
2382.00,1562.16,-340.14,257.37,3.500,20.00,70.0,6.86
2383.00,1558.74,-340.90,257.49,3.500,20.00,70.0,6.86
2384.00,1555.32,-341.66,257.60,3.500,20.00,70.0,6.86
2385.00,1551.90,-342.41,257.71,3.500,20.00,70.0,6.86
2386.00,1548.48,-343.16,257.83,3.500,20.00,70.0,6.86
2387.00,1545.06,-343.90,257.94,3.500,20.00,70.0,6.86
2388.00,1541.64,-344.63,258.06,3.500,20.00,70.0,6.86
2389.00,1538.22,-345.35,258.17,3.500,20.00,70.0,6.86
2390.00,1534.79,-346.07,258.29,3.500,20.00,70.0,6.86
2391.00,1531.36,-346.78,258.40,3.500,20.00,70.0,6.86
2392.00,1527.94,-347.48,258.51,3.500,20.00,70.0,6.86
2393.00,1524.51,-348.18,258.63,3.500,20.00,70.0,6.86
2394.00,1521.07,-348.87,258.74,3.500,20.00,70.0,6.86
2395.00,1517.64,-349.55,258.86,3.500,20.00,70.0,6.86
2396.00,1514.21,-350.23,258.97,3.500,20.00,70.0,6.86
2397.00,1510.77,-350.90,259.09,3.500,20.00,70.0,6.86
2398.00,1507.34,-351.56,259.20,3.500,20.00,70.0,6.86
2399.00,1503.90,-352.22,259.31,3.500,20.00,70.0,6.86
2400.00,1500.46,-352.87,259.43,3.500,20.00,70.0,6.86
2401.00,1497.02,-353.51,259.54,3.500,20.00,70.0,6.86
2402.00,1493.58,-354.14,259.66,3.500,20.00,70.0,6.86
2403.00,1490.13,-354.77,259.77,3.500,20.00,70.0,6.86
2404.00,1486.69,-355.39,259.89,3.500,20.00,70.0,6.86
2405.00,1483.24,-356.01,260.00,3.500,20.00,70.0,6.86
2406.00,1479.80,-356.62,260.11,3.500,20.00,70.0,6.86
2407.00,1476.35,-357.22,260.23,3.500,20.00,70.0,6.86
2408.00,1472.90,-357.81,260.34,3.500,20.00,70.0,6.86
2409.00,1469.45,-358.40,260.46,3.500,20.00,70.0,6.86
2410.00,1466.00,-358.98,260.57,3.500,20.00,70.0,6.86
2411.00,1462.54,-359.55,260.69,3.500,20.00,70.0,6.86
2412.00,1459.09,-360.12,260.80,3.500,20.00,70.0,6.86
2413.00,1455.64,-360.68,260.91,3.500,20.00,70.0,6.86
2414.00,1452.18,-361.23,261.03,3.500,20.00,70.0,6.86
2415.00,1448.72,-361.78,261.14,3.500,20.00,70.0,6.86
2416.00,1445.26,-362.32,261.26,3.500,20.00,70.0,6.86
2417.00,1441.80,-362.85,261.37,3.500,20.00,70.0,6.86
2418.00,1438.34,-363.37,261.49,3.500,20.00,70.0,6.86
2419.00,1434.88,-363.89,261.60,3.500,20.00,70.0,6.86
2420.00,1431.42,-364.40,261.71,3.500,20.00,70.0,6.86
2421.00,1427.96,-364.91,261.83,3.500,20.00,70.0,6.86
2422.00,1424.49,-365.40,261.94,3.500,20.00,70.0,6.86
2423.00,1421.03,-365.90,262.06,3.500,20.00,70.0,6.86
2424.00,1417.56,-366.38,262.17,3.500,20.00,70.0,6.86
2425.00,1414.09,-366.86,262.29,3.500,20.00,70.0,6.86
2426.00,1410.63,-367.33,262.40,3.500,20.00,70.0,6.86
2427.00,1407.16,-367.79,262.51,3.500,20.00,70.0,6.86
2428.00,1403.69,-368.24,262.63,3.500,20.00,70.0,6.86
2429.00,1400.21,-368.69,262.74,3.500,20.00,70.0,6.86
2430.00,1396.74,-369.14,262.86,3.500,20.00,70.0,6.86
2431.00,1393.27,-369.57,262.97,3.500,20.00,70.0,6.86
2432.00,1389.80,-370.00,263.09,3.500,20.00,70.0,6.86
2433.00,1386.32,-370.42,263.20,3.500,20.00,70.0,6.86
2434.00,1382.85,-370.83,263.31,3.500,20.00,70.0,6.86
2435.00,1379.37,-371.24,263.43,3.500,20.00,70.0,6.86
2436.00,1375.89,-371.64,263.54,3.500,20.00,70.0,6.86
2437.00,1372.42,-372.04,263.66,3.500,20.00,70.0,6.86
2438.00,1368.94,-372.42,263.77,3.500,20.00,70.0,6.86
2439.00,1365.46,-372.80,263.89,3.500,20.00,70.0,6.86
2440.00,1361.98,-373.18,264.00,3.500,20.00,70.0,6.86
2441.00,1358.50,-373.54,264.11,3.500,20.00,70.0,6.86
2442.00,1355.02,-373.90,264.23,3.500,20.00,70.0,6.86
2443.00,1351.53,-374.25,264.34,3.500,20.00,70.0,6.86
2444.00,1348.05,-374.60,264.46,3.500,20.00,70.0,6.86
2445.00,1344.57,-374.94,264.57,3.500,20.00,70.0,6.86
2446.00,1341.08,-375.27,264.69,3.500,20.00,70.0,6.86
2447.00,1337.60,-375.59,264.80,3.500,20.00,70.0,6.86
2448.00,1334.11,-375.91,264.91,3.500,20.00,70.0,6.86
2449.00,1330.63,-376.22,265.03,3.500,20.00,70.0,6.86
2450.00,1327.14,-376.52,265.14,3.500,20.00,70.0,6.86
2451.00,1323.65,-376.82,265.26,3.500,20.00,70.0,6.86
2452.00,1320.16,-377.11,265.37,3.500,20.00,70.0,6.86
2453.00,1316.67,-377.39,265.49,3.500,20.00,70.0,6.86
2454.00,1313.19,-377.66,265.60,3.500,20.00,70.0,6.86
2455.00,1309.70,-377.93,265.71,3.500,20.00,70.0,6.86
2456.00,1306.21,-378.19,265.83,3.500,20.00,70.0,6.86
2457.00,1302.71,-378.45,265.94,3.500,20.00,70.0,6.86
2458.00,1299.22,-378.70,266.06,3.500,20.00,70.0,6.86
2459.00,1295.73,-378.94,266.17,3.500,20.00,70.0,6.86
2460.00,1292.24,-379.17,266.29,3.500,20.00,70.0,6.86
2461.00,1288.75,-379.40,266.40,3.500,20.00,70.0,6.86
2462.00,1285.25,-379.62,266.51,3.500,20.00,70.0,6.86
2463.00,1281.76,-379.83,266.63,3.500,20.00,70.0,6.86
2464.00,1278.27,-380.04,266.74,3.500,20.00,70.0,6.86
2465.00,1274.77,-380.24,266.86,3.500,20.00,70.0,6.86
2466.00,1271.28,-380.43,266.97,3.500,20.00,70.0,6.86
2467.00,1267.78,-380.61,267.09,3.500,20.00,70.0,6.86
2468.00,1264.29,-380.79,267.20,3.500,20.00,70.0,6.86
2469.00,1260.79,-380.96,267.31,3.500,20.00,70.0,6.86
2470.00,1257.29,-381.13,267.43,3.500,20.00,70.0,6.86
2471.00,1253.80,-381.28,267.54,3.500,20.00,70.0,6.86
2472.00,1250.30,-381.43,267.66,3.500,20.00,70.0,6.86
2473.00,1246.80,-381.58,267.77,3.500,20.00,70.0,6.86
2474.00,1243.31,-381.71,267.89,3.500,20.00,70.0,6.86
2475.00,1239.81,-381.84,268.00,3.500,20.00,70.0,6.86
2476.00,1236.31,-381.96,268.11,3.500,20.00,70.0,6.86
2477.00,1232.81,-382.08,268.23,3.500,20.00,70.0,6.86
2478.00,1229.32,-382.19,268.34,3.500,20.00,70.0,6.86
2479.00,1225.82,-382.29,268.46,3.500,20.00,70.0,6.86
2480.00,1222.32,-382.38,268.57,3.500,20.00,70.0,6.86
2481.00,1218.82,-382.47,268.69,3.500,20.00,70.0,6.86
2482.00,1215.32,-382.55,268.80,3.500,20.00,70.0,6.86
2483.00,1211.82,-382.62,268.91,3.500,20.00,70.0,6.86
2484.00,1208.32,-382.69,269.03,3.500,20.00,70.0,6.86
2485.00,1204.82,-382.75,269.14,3.500,20.00,70.0,6.86
2486.00,1201.32,-382.80,269.26,3.500,20.00,70.0,6.86
2487.00,1197.82,-382.85,269.37,3.500,20.00,70.0,6.86
2488.00,1194.32,-382.88,269.49,3.500,20.00,70.0,6.86
2489.00,1190.82,-382.92,269.60,3.500,20.00,70.0,6.86
2490.00,1187.32,-382.94,269.71,3.500,20.00,70.0,6.86
2491.00,1183.82,-382.96,269.83,3.500,20.00,70.0,6.86
2492.00,1180.32,-382.97,269.94,3.500,20.00,70.0,6.86
2493.00,1176.82,-382.97,270.06,3.500,20.00,70.0,6.86
2494.00,1173.32,-382.97,270.17,3.500,20.00,70.0,6.86
2495.00,1169.82,-382.96,270.29,3.500,20.00,70.0,6.86
2496.00,1166.32,-382.94,270.40,3.500,20.00,70.0,6.86
2497.00,1162.82,-382.92,270.51,3.500,20.00,70.0,6.86
2498.00,1159.32,-382.88,270.63,3.500,20.00,70.0,6.86
2499.00,1155.82,-382.85,270.74,3.500,20.00,70.0,6.86
2500.00,1152.32,-382.80,270.86,3.500,20.00,70.0,6.86
2501.00,1148.82,-382.75,270.97,3.500,20.00,70.0,6.86
2502.00,1145.32,-382.69,271.09,3.500,20.00,70.0,6.86
2503.00,1141.83,-382.62,271.20,3.500,20.00,70.0,6.86
2504.00,1138.33,-382.55,271.31,3.500,20.00,70.0,6.86
2505.00,1134.83,-382.47,271.43,3.500,20.00,70.0,6.86
2506.00,1131.33,-382.38,271.54,3.500,20.00,70.0,6.86
2507.00,1127.83,-382.29,271.66,3.500,20.00,70.0,6.86
2508.00,1124.33,-382.19,271.77,3.500,20.00,70.0,6.86
2509.00,1120.83,-382.08,271.89,3.500,20.00,70.0,6.86
2510.00,1117.33,-381.96,272.00,3.500,20.00,70.0,6.86
2511.00,1113.84,-381.84,272.11,3.500,20.00,70.0,6.86
2512.00,1110.34,-381.71,272.23,3.500,20.00,70.0,6.86
2513.00,1106.84,-381.58,272.34,3.500,20.00,70.0,6.86
2514.00,1103.34,-381.43,272.46,3.500,20.00,70.0,6.86
2515.00,1099.85,-381.28,272.57,3.500,20.00,70.0,6.86
2516.00,1096.35,-381.13,272.69,3.500,20.00,70.0,6.86
2517.00,1092.86,-380.96,272.80,3.500,20.00,70.0,6.86
2518.00,1089.36,-380.79,272.91,3.500,20.00,70.0,6.86
2519.00,1085.86,-380.61,273.03,3.500,20.00,70.0,6.86
2520.00,1082.37,-380.43,273.14,3.500,20.00,70.0,6.86
2521.00,1078.87,-380.24,273.26,3.500,20.00,70.0,6.86
2522.00,1075.38,-380.04,273.37,3.500,20.00,70.0,6.86
2523.00,1071.89,-379.83,273.49,3.500,20.00,70.0,6.86
2524.00,1068.39,-379.62,273.60,3.500,20.00,70.0,6.86
2525.00,1064.90,-379.40,273.71,3.500,20.00,70.0,6.86
2526.00,1061.41,-379.17,273.83,3.500,20.00,70.0,6.86
2527.00,1057.91,-378.94,273.94,3.500,20.00,70.0,6.86
2528.00,1054.42,-378.70,274.06,3.500,20.00,70.0,6.86
2529.00,1050.93,-378.45,274.17,3.500,20.00,70.0,6.86
2530.00,1047.44,-378.19,274.29,3.500,20.00,70.0,6.86
2531.00,1043.95,-377.93,274.40,3.500,20.00,70.0,6.86
2532.00,1040.46,-377.66,274.51,3.500,20.00,70.0,6.86
2533.00,1036.97,-377.39,274.63,3.500,20.00,70.0,6.86
2534.00,1033.48,-377.11,274.74,3.500,20.00,70.0,6.86
2535.00,1030.00,-376.82,274.86,3.500,20.00,70.0,6.86
2536.00,1026.51,-376.52,274.97,3.500,20.00,70.0,6.86
2537.00,1023.02,-376.22,275.09,3.500,20.00,70.0,6.86
2538.00,1019.53,-375.91,275.20,3.500,20.00,70.0,6.86
2539.00,1016.05,-375.59,275.31,3.500,20.00,70.0,6.86
2540.00,1012.56,-375.27,275.43,3.500,20.00,70.0,6.86
2541.00,1009.08,-374.94,275.54,3.500,20.00,70.0,6.86
2542.00,1005.60,-374.60,275.66,3.500,20.00,70.0,6.86
2543.00,1002.11,-374.25,275.77,3.500,20.00,70.0,6.86
2544.00,998.63,-373.90,275.89,3.500,20.00,70.0,6.86
2545.00,995.15,-373.54,276.00,3.500,20.00,70.0,6.86
2546.00,991.67,-373.18,276.11,3.500,20.00,70.0,6.86
2547.00,988.19,-372.80,276.23,3.500,20.00,70.0,6.86
2548.00,984.71,-372.42,276.34,3.500,20.00,70.0,6.86
2549.00,981.23,-372.04,276.46,3.500,20.00,70.0,6.86
2550.00,977.75,-371.64,276.57,3.500,20.00,70.0,6.86
2551.00,974.28,-371.24,276.69,3.500,20.00,70.0,6.86
2552.00,970.80,-370.83,276.80,3.500,20.00,70.0,6.86
2553.00,967.32,-370.42,276.91,3.500,20.00,70.0,6.86
2554.00,963.85,-370.00,277.03,3.500,20.00,70.0,6.86
2555.00,960.38,-369.57,277.14,3.500,20.00,70.0,6.86
2556.00,956.90,-369.14,277.26,3.500,20.00,70.0,6.86
2557.00,953.43,-368.69,277.37,3.500,20.00,70.0,6.86
2558.00,949.96,-368.24,277.49,3.500,20.00,70.0,6.86
2559.00,946.49,-367.79,277.60,3.500,20.00,70.0,6.86
2560.00,943.02,-367.33,277.71,3.500,20.00,70.0,6.86
2561.00,939.55,-366.86,277.83,3.500,20.00,70.0,6.86
2562.00,936.08,-366.38,277.94,3.500,20.00,70.0,6.86
2563.00,932.62,-365.90,278.06,3.500,20.00,70.0,6.86
2564.00,929.15,-365.40,278.17,3.500,20.00,70.0,6.86
2565.00,925.69,-364.91,278.29,3.500,20.00,70.0,6.86
2566.00,922.23,-364.40,278.40,3.500,20.00,70.0,6.86
2567.00,918.76,-363.89,278.51,3.500,20.00,70.0,6.86
2568.00,915.30,-363.37,278.63,3.500,20.00,70.0,6.86
2569.00,911.84,-362.85,278.74,3.500,20.00,70.0,6.86
2570.00,908.38,-362.32,278.86,3.500,20.00,70.0,6.86
2571.00,904.92,-361.78,278.97,3.500,20.00,70.0,6.86
2572.00,901.47,-361.23,279.09,3.500,20.00,70.0,6.86
2573.00,898.01,-360.68,279.20,3.500,20.00,70.0,6.86
2574.00,894.56,-360.12,279.31,3.500,20.00,70.0,6.86
2575.00,891.10,-359.55,279.43,3.500,20.00,70.0,6.86
2576.00,887.65,-358.98,279.54,3.500,20.00,70.0,6.86
2577.00,884.20,-358.40,279.66,3.500,20.00,70.0,6.86
2578.00,880.75,-357.81,279.77,3.500,20.00,70.0,6.86
2579.00,877.30,-357.22,279.89,3.500,20.00,70.0,6.86
2580.00,873.85,-356.62,280.00,3.500,20.00,70.0,6.86
2581.00,870.40,-356.01,280.11,3.500,20.00,70.0,6.86
2582.00,866.96,-355.39,280.23,3.500,20.00,70.0,6.86
2583.00,863.51,-354.77,280.34,3.500,20.00,70.0,6.86
2584.00,860.07,-354.14,280.46,3.500,20.00,70.0,6.86
2585.00,856.63,-353.51,280.57,3.500,20.00,70.0,6.86
2586.00,853.19,-352.87,280.69,3.500,20.00,70.0,6.86
2587.00,849.75,-352.22,280.80,3.500,20.00,70.0,6.86
2588.00,846.31,-351.56,280.91,3.500,20.00,70.0,6.86
2589.00,842.87,-350.90,281.03,3.500,20.00,70.0,6.86
2590.00,839.44,-350.23,281.14,3.500,20.00,70.0,6.86
2591.00,836.00,-349.55,281.26,3.500,20.00,70.0,6.86
2592.00,832.57,-348.87,281.37,3.500,20.00,70.0,6.86
2593.00,829.14,-348.18,281.49,3.500,20.00,70.0,6.86
2594.00,825.71,-347.48,281.60,3.500,20.00,70.0,6.86
2595.00,822.28,-346.78,281.71,3.500,20.00,70.0,6.86
2596.00,818.85,-346.07,281.83,3.500,20.00,70.0,6.86
2597.00,815.43,-345.35,281.94,3.500,20.00,70.0,6.86
2598.00,812.00,-344.63,282.06,3.500,20.00,70.0,6.86
2599.00,808.58,-343.90,282.17,3.500,20.00,70.0,6.86
2600.00,805.16,-343.16,282.29,3.500,20.00,70.0,6.86
2601.00,801.74,-342.41,282.40,3.500,20.00,70.0,6.86
2602.00,798.32,-341.66,282.51,3.500,20.00,70.0,6.86
2603.00,794.90,-340.90,282.63,3.500,20.00,70.0,6.86
2604.00,791.49,-340.14,282.74,3.500,20.00,70.0,6.86
2605.00,788.08,-339.37,282.86,3.500,20.00,70.0,6.86
2606.00,784.66,-338.59,282.97,3.500,20.00,70.0,6.86
2607.00,781.25,-337.80,283.09,3.500,20.00,70.0,6.86
2608.00,777.84,-337.01,283.20,3.500,20.00,70.0,6.86
2609.00,774.44,-336.21,283.31,3.500,20.00,70.0,6.86
2610.00,771.03,-335.40,283.43,3.500,20.00,70.0,6.86
2611.00,767.63,-334.59,283.54,3.500,20.00,70.0,6.86
2612.00,764.22,-333.77,283.66,3.500,20.00,70.0,6.86
2613.00,760.82,-332.95,283.77,3.500,20.00,70.0,6.86
2614.00,757.42,-332.11,283.89,3.500,20.00,70.0,6.86
2615.00,754.03,-331.27,284.00,3.500,20.00,70.0,6.86
2616.00,750.63,-330.43,284.11,3.500,20.00,70.0,6.86
2617.00,747.23,-329.57,284.23,3.500,20.00,70.0,6.86
2618.00,743.84,-328.71,284.34,3.500,20.00,70.0,6.86
2619.00,740.45,-327.84,284.46,3.500,20.00,70.0,6.86
2620.00,737.06,-326.97,284.57,3.500,20.00,70.0,6.86
2621.00,733.67,-326.09,284.69,3.500,20.00,70.0,6.86
2622.00,730.29,-325.20,284.80,3.500,20.00,70.0,6.86
2623.00,726.91,-324.31,284.91,3.500,20.00,70.0,6.86
2624.00,723.52,-323.41,285.03,3.500,20.00,70.0,6.86
2625.00,720.14,-322.50,285.14,3.500,20.00,70.0,6.86
2626.00,716.76,-321.59,285.26,3.500,20.00,70.0,6.86
2627.00,713.39,-320.67,285.37,3.500,20.00,70.0,6.86
2628.00,710.01,-319.74,285.49,3.500,20.00,70.0,6.86
2629.00,706.64,-318.80,285.60,3.500,20.00,70.0,6.86
2630.00,703.27,-317.86,285.71,3.500,20.00,70.0,6.86
2631.00,699.90,-316.91,285.83,3.500,20.00,70.0,6.86
2632.00,696.53,-315.96,285.94,3.500,20.00,70.0,6.86
2633.00,693.17,-315.00,286.06,3.500,20.00,70.0,6.86
2634.00,689.80,-314.03,286.17,3.500,20.00,70.0,6.86
2635.00,686.44,-313.06,286.29,3.500,20.00,70.0,6.86
2636.00,683.08,-312.07,286.40,3.500,20.00,70.0,6.86
2637.00,679.72,-311.09,286.51,3.500,20.00,70.0,6.86
2638.00,676.37,-310.09,286.63,3.500,20.00,70.0,6.86
2639.00,673.02,-309.09,286.74,3.500,20.00,70.0,6.86
2640.00,669.66,-308.08,286.86,3.500,20.00,70.0,6.86
2641.00,666.31,-307.07,286.97,3.500,20.00,70.0,6.86
2642.00,662.97,-306.04,287.09,3.500,20.00,70.0,6.86
2643.00,659.62,-305.02,287.20,3.500,20.00,70.0,6.86
2644.00,656.28,-303.98,287.31,3.500,20.00,70.0,6.86
2645.00,652.94,-302.94,287.43,3.500,20.00,70.0,6.86
2646.00,649.60,-301.89,287.54,3.500,20.00,70.0,6.86
2647.00,646.26,-300.84,287.66,3.500,20.00,70.0,6.86
2648.00,642.92,-299.77,287.77,3.500,20.00,70.0,6.86
2649.00,639.59,-298.71,287.89,3.500,20.00,70.0,6.86
2650.00,636.26,-297.63,288.00,3.500,20.00,70.0,6.86
2651.00,632.93,-296.55,288.11,3.500,20.00,70.0,6.86
2652.00,629.61,-295.46,288.23,3.500,20.00,70.0,6.86
2653.00,626.28,-294.37,288.34,3.500,20.00,70.0,6.86
2654.00,622.96,-293.27,288.46,3.500,20.00,70.0,6.86
2655.00,619.64,-292.16,288.57,3.500,20.00,70.0,6.86
2656.00,616.32,-291.04,288.69,3.500,20.00,70.0,6.86
2657.00,613.01,-289.92,288.80,3.500,20.00,70.0,6.86
2658.00,609.69,-288.79,288.91,3.500,20.00,70.0,6.86
2659.00,606.38,-287.66,289.03,3.500,20.00,70.0,6.86
2660.00,603.07,-286.52,289.14,3.500,20.00,70.0,6.86
2661.00,599.77,-285.37,289.26,3.500,20.00,70.0,6.86
2662.00,596.46,-284.22,289.37,3.500,20.00,70.0,6.86
2663.00,593.16,-283.05,289.49,3.500,20.00,70.0,6.86
2664.00,589.86,-281.89,289.60,3.500,20.00,70.0,6.86
2665.00,586.56,-280.71,289.71,3.500,20.00,70.0,6.86
2666.00,583.27,-279.53,289.83,3.500,20.00,70.0,6.86
2667.00,579.98,-278.34,289.94,3.500,20.00,70.0,6.86
2668.00,576.69,-277.15,290.06,3.500,20.00,70.0,6.86
2669.00,573.40,-275.95,290.17,3.500,20.00,70.0,6.86
2670.00,570.11,-274.74,290.29,3.500,20.00,70.0,6.86
2671.00,566.83,-273.53,290.40,3.500,20.00,70.0,6.86
2672.00,563.55,-272.31,290.51,3.500,20.00,70.0,6.86
2673.00,560.27,-271.08,290.63,3.500,20.00,70.0,6.86
2674.00,557.00,-269.85,290.74,3.500,20.00,70.0,6.86
2675.00,553.72,-268.61,290.86,3.500,20.00,70.0,6.86
2676.00,550.45,-267.37,290.97,3.500,20.00,70.0,6.86
2677.00,547.18,-266.11,291.09,3.500,20.00,70.0,6.86
2678.00,543.92,-264.85,291.20,3.500,20.00,70.0,6.86
2679.00,540.66,-263.59,291.31,3.500,20.00,70.0,6.86
2680.00,537.39,-262.32,291.43,3.500,20.00,70.0,6.86
2681.00,534.14,-261.04,291.54,3.500,20.00,70.0,6.86
2682.00,530.88,-259.75,291.66,3.500,20.00,70.0,6.86
2683.00,527.63,-258.46,291.77,3.500,20.00,70.0,6.86
2684.00,524.38,-257.16,291.89,3.500,20.00,70.0,6.86
2685.00,521.13,-255.86,292.00,3.500,20.00,70.0,6.86
2686.00,517.89,-254.55,292.11,3.500,20.00,70.0,6.86
2687.00,514.64,-253.23,292.23,3.500,20.00,70.0,6.86
2688.00,511.40,-251.90,292.34,3.500,20.00,70.0,6.86
2689.00,508.17,-250.57,292.46,3.500,20.00,70.0,6.86
2690.00,504.93,-249.24,292.57,3.500,20.00,70.0,6.86
2691.00,501.70,-247.89,292.69,3.500,20.00,70.0,6.86
2692.00,498.47,-246.54,292.80,3.500,20.00,70.0,6.86
2693.00,495.24,-245.19,292.91,3.500,20.00,70.0,6.86
2694.00,492.02,-243.82,293.03,3.500,20.00,70.0,6.86
2695.00,488.80,-242.46,293.14,3.500,20.00,70.0,6.86
2696.00,485.58,-241.08,293.26,3.500,20.00,70.0,6.86
2697.00,482.36,-239.70,293.37,3.500,20.00,70.0,6.86
2698.00,479.15,-238.31,293.49,3.500,20.00,70.0,6.86
2699.00,475.94,-236.91,293.60,3.500,20.00,70.0,6.86
2700.00,472.73,-235.51,293.71,3.500,20.00,70.0,6.86
2701.00,469.53,-234.11,293.83,3.500,20.00,70.0,6.86
2702.00,466.33,-232.69,293.94,3.500,20.00,70.0,6.86
2703.00,463.13,-231.27,294.06,3.500,20.00,70.0,6.86
2704.00,459.93,-229.84,294.17,3.500,20.00,70.0,6.86
2705.00,456.74,-228.41,294.29,3.500,20.00,70.0,6.86
2706.00,453.55,-226.97,294.40,3.500,20.00,70.0,6.86
2707.00,450.36,-225.53,294.51,3.500,20.00,70.0,6.86
2708.00,447.18,-224.07,294.63,3.500,20.00,70.0,6.86
2709.00,444.00,-222.62,294.74,3.500,20.00,70.0,6.86
2710.00,440.82,-221.15,294.86,3.500,20.00,70.0,6.86
2711.00,437.64,-219.68,294.97,3.500,20.00,70.0,6.86
2712.00,434.47,-218.20,295.09,3.500,20.00,70.0,6.86
2713.00,431.30,-216.72,295.20,3.500,20.00,70.0,6.86
2714.00,428.13,-215.23,295.31,3.500,20.00,70.0,6.86
2715.00,424.97,-213.73,295.43,3.500,20.00,70.0,6.86
2716.00,421.81,-212.23,295.54,3.500,20.00,70.0,6.86
2717.00,418.65,-210.72,295.66,3.500,20.00,70.0,6.86
2718.00,415.49,-209.20,295.77,3.500,20.00,70.0,6.86
2719.00,412.34,-207.68,295.89,3.500,20.00,70.0,6.86
2720.00,409.19,-206.15,296.00,3.500,20.00,70.0,6.86
2721.00,406.05,-204.62,296.11,3.500,20.00,70.0,6.86
2722.00,402.91,-203.08,296.23,3.500,20.00,70.0,6.86
2723.00,399.77,-201.53,296.34,3.500,20.00,70.0,6.86
2724.00,396.63,-199.98,296.46,3.500,20.00,70.0,6.86
2725.00,393.50,-198.42,296.57,3.500,20.00,70.0,6.86
2726.00,390.37,-196.85,296.69,3.500,20.00,70.0,6.86
2727.00,387.24,-195.28,296.80,3.500,20.00,70.0,6.86
2728.00,384.11,-193.70,296.91,3.500,20.00,70.0,6.86
2729.00,380.99,-192.12,297.03,3.500,20.00,70.0,6.86
2730.00,377.88,-190.53,297.14,3.500,20.00,70.0,6.86
2731.00,374.76,-188.93,297.26,3.500,20.00,70.0,6.86
2732.00,371.65,-187.33,297.37,3.500,20.00,70.0,6.86
2733.00,368.54,-185.72,297.49,3.500,20.00,70.0,6.86
2734.00,365.44,-184.10,297.60,3.500,20.00,70.0,6.86
2735.00,362.33,-182.48,297.71,3.500,20.00,70.0,6.86
2736.00,359.24,-180.86,297.83,3.500,20.00,70.0,6.86
2737.00,356.14,-179.22,297.94,3.500,20.00,70.0,6.86
2738.00,353.05,-177.58,298.06,3.500,20.00,70.0,6.86
2739.00,349.96,-175.94,298.17,3.500,20.00,70.0,6.86
2740.00,346.88,-174.28,298.29,3.500,20.00,70.0,6.86
2741.00,343.79,-172.62,298.40,3.500,20.00,70.0,6.86
2742.00,340.71,-170.96,298.51,3.500,20.00,70.0,6.86
2743.00,337.64,-169.29,298.63,3.500,20.00,70.0,6.86
2744.00,334.57,-167.61,298.74,3.500,20.00,70.0,6.86
2745.00,331.50,-165.93,298.86,3.500,20.00,70.0,6.86
2746.00,328.43,-164.24,298.97,3.500,20.00,70.0,6.86
2747.00,325.37,-162.54,299.09,3.500,20.00,70.0,6.86
2748.00,322.31,-160.84,299.20,3.500,20.00,70.0,6.86
2749.00,319.26,-159.14,299.31,3.500,20.00,70.0,6.86
2750.00,316.20,-157.42,299.43,3.500,20.00,70.0,6.86
2751.00,313.16,-155.70,299.54,3.500,20.00,70.0,6.86
2752.00,310.11,-153.98,299.66,3.500,20.00,70.0,6.86
2753.00,307.07,-152.24,299.77,3.500,20.00,70.0,6.86
2754.00,304.03,-150.51,299.89,3.500,20.00,70.0,6.86
2755.00,301.00,-148.76,300.00,3.500,20.00,70.0,6.86
2756.00,297.97,-147.01,300.11,3.500,20.00,70.0,6.86
2757.00,294.94,-145.26,300.23,3.500,20.00,70.0,6.86
2758.00,291.91,-143.49,300.34,3.500,20.00,70.0,6.86
2759.00,288.89,-141.73,300.46,3.500,20.00,70.0,6.86
2760.00,285.88,-139.95,300.57,3.500,20.00,70.0,6.86
2761.00,282.86,-138.17,300.69,3.500,20.00,70.0,6.86
2762.00,279.85,-136.39,300.80,3.500,20.00,70.0,6.86
2763.00,276.85,-134.59,300.91,3.500,20.00,70.0,6.86
2764.00,273.84,-132.80,301.03,3.500,20.00,70.0,6.86
2765.00,270.85,-130.99,301.14,3.500,20.00,70.0,6.86
2766.00,267.85,-129.18,301.26,3.500,20.00,70.0,6.86
2767.00,264.86,-127.37,301.37,3.500,20.00,70.0,6.86
2768.00,261.87,-125.54,301.49,3.500,20.00,70.0,6.86
2769.00,258.88,-123.72,301.60,3.500,20.00,70.0,6.86
2770.00,255.90,-121.88,301.71,3.500,20.00,70.0,6.86
2771.00,252.93,-120.04,301.83,3.500,20.00,70.0,6.86
2772.00,249.95,-118.20,301.94,3.500,20.00,70.0,6.86
2773.00,246.98,-116.34,302.06,3.500,20.00,70.0,6.86
2774.00,244.02,-114.49,302.17,3.500,20.00,70.0,6.86
2775.00,241.05,-112.62,302.29,3.500,20.00,70.0,6.86
2776.00,238.09,-110.75,302.40,3.500,20.00,70.0,6.86
2777.00,235.14,-108.88,302.51,3.500,20.00,70.0,6.86
2778.00,232.19,-107.00,302.63,3.500,20.00,70.0,6.86
2779.00,229.24,-105.11,302.74,3.500,20.00,70.0,6.86
2780.00,226.30,-103.22,302.86,3.500,20.00,70.0,6.86
2781.00,223.36,-101.32,302.97,3.500,20.00,70.0,6.86
2782.00,220.42,-99.41,303.09,3.500,20.00,70.0,6.86
2783.00,217.49,-97.50,303.20,3.500,20.00,70.0,6.86
2784.00,214.56,-95.59,303.31,3.500,20.00,70.0,6.86
2785.00,211.63,-93.66,303.43,3.500,20.00,70.0,6.86
2786.00,208.71,-91.74,303.54,3.500,20.00,70.0,6.86
2787.00,205.80,-89.80,303.66,3.500,20.00,70.0,6.86
2788.00,202.88,-87.86,303.77,3.500,20.00,70.0,6.86
2789.00,199.97,-85.92,303.89,3.500,20.00,70.0,6.86
2790.00,197.07,-83.96,304.00,3.500,20.00,70.0,6.86
2791.00,194.17,-82.01,304.11,3.500,20.00,70.0,6.86
2792.00,191.27,-80.04,304.23,3.500,20.00,70.0,6.86
2793.00,188.37,-78.08,304.34,3.500,20.00,70.0,6.86
2794.00,185.49,-76.10,304.46,3.500,20.00,70.0,6.86
2795.00,182.60,-74.12,304.57,3.500,20.00,70.0,6.86
2796.00,179.72,-72.13,304.69,3.500,20.00,70.0,6.86
2797.00,176.84,-70.14,304.80,3.500,20.00,70.0,6.86
2798.00,173.97,-68.15,304.91,3.500,20.00,70.0,6.86
2799.00,171.10,-66.14,305.03,3.500,20.00,70.0,6.86
2800.00,168.23,-64.13,305.14,3.500,20.00,70.0,6.86
2801.00,165.37,-62.12,305.26,3.500,20.00,70.0,6.86
2802.00,162.51,-60.10,305.37,3.500,20.00,70.0,6.86
2803.00,159.66,-58.07,305.49,3.500,20.00,70.0,6.86
2804.00,156.81,-56.04,305.60,3.500,20.00,70.0,6.86
2805.00,153.96,-54.00,305.71,3.500,20.00,70.0,6.86
2806.00,151.12,-51.96,305.83,3.500,20.00,70.0,6.86
2807.00,148.28,-49.91,305.94,3.500,20.00,70.0,6.86
2808.00,145.45,-47.86,306.06,3.500,20.00,70.0,6.86
2809.00,142.62,-45.80,306.17,3.500,20.00,70.0,6.86
2810.00,139.79,-43.73,306.29,3.500,20.00,70.0,6.86
2811.00,136.97,-41.66,306.40,3.500,20.00,70.0,6.86
2812.00,134.15,-39.58,306.51,3.500,20.00,70.0,6.86
2813.00,131.34,-37.50,306.63,3.500,20.00,70.0,6.86
2814.00,128.53,-35.41,306.74,3.500,20.00,70.0,6.86
2815.00,125.73,-33.32,306.86,3.500,20.00,70.0,6.86
2816.00,122.93,-31.22,306.97,3.500,20.00,70.0,6.86
2817.00,120.13,-29.11,307.09,3.500,20.00,70.0,6.86
2818.00,117.34,-27.00,307.20,3.500,20.00,70.0,6.86
2819.00,114.55,-24.89,307.31,3.500,20.00,70.0,6.86
2820.00,111.77,-22.77,307.43,3.500,20.00,70.0,6.86
2821.00,108.99,-20.64,307.54,3.500,20.00,70.0,6.86
2822.00,106.21,-18.51,307.66,3.500,20.00,70.0,6.86
2823.00,103.44,-16.37,307.77,3.500,20.00,70.0,6.86
2824.00,100.67,-14.22,307.89,3.500,20.00,70.0,6.86
2825.00,97.91,-12.07,308.00,3.500,20.00,70.0,6.86
2826.00,95.15,-9.92,308.11,3.500,20.00,70.0,6.86
2827.00,92.40,-7.76,308.23,3.500,20.00,70.0,6.86
2828.00,89.65,-5.59,308.34,3.500,20.00,70.0,6.86
2829.00,86.91,-3.42,308.46,3.500,20.00,70.0,6.86
2830.00,84.16,-1.25,308.57,3.500,20.00,70.0,6.86
2831.00,81.43,0.94,308.69,3.500,20.00,70.0,6.86
2832.00,78.70,3.12,308.80,3.500,20.00,70.0,6.86
2833.00,75.97,5.32,308.91,3.500,20.00,70.0,6.86
2834.00,73.25,7.52,309.03,3.500,20.00,70.0,6.86
2835.00,70.53,9.72,309.14,3.500,20.00,70.0,6.86
2836.00,67.81,11.93,309.26,3.500,20.00,70.0,6.86
2837.00,65.10,14.14,309.37,3.500,20.00,70.0,6.86
2838.00,62.40,16.36,309.49,3.500,20.00,70.0,6.86
2839.00,59.69,18.59,309.60,3.500,20.00,70.0,6.86
2840.00,57.00,20.82,309.71,3.500,20.00,70.0,6.86
2841.00,54.31,23.06,309.83,3.500,20.00,70.0,6.86
2842.00,51.62,25.30,309.94,3.500,20.00,70.0,6.86
2843.00,48.93,27.55,310.06,3.500,20.00,70.0,6.86
2844.00,46.26,29.80,310.17,3.500,20.00,70.0,6.86
2845.00,43.58,32.06,310.29,3.500,20.00,70.0,6.86
2846.00,40.91,34.32,310.40,3.500,20.00,70.0,6.86
2847.00,38.25,36.59,310.51,3.500,20.00,70.0,6.86
2848.00,35.59,38.86,310.63,3.500,20.00,70.0,6.86
2849.00,32.93,41.14,310.74,3.500,20.00,70.0,6.86
2850.00,30.28,43.43,310.86,3.500,20.00,70.0,6.86
2851.00,27.63,45.71,310.97,3.500,20.00,70.0,6.86
2852.00,24.99,48.01,311.09,3.500,20.00,70.0,6.86
2853.00,22.35,50.31,311.20,3.500,20.00,70.0,6.86
2854.00,19.72,52.62,311.31,3.500,20.00,70.0,6.86
2855.00,17.09,54.93,311.43,3.500,20.00,70.0,6.86
2856.00,14.46,57.24,311.54,3.500,20.00,70.0,6.86
2857.00,11.84,59.56,311.66,3.500,20.00,70.0,6.86
2858.00,9.23,61.89,311.77,3.500,20.00,70.0,6.86
2859.00,6.62,64.22,311.89,3.500,20.00,70.0,6.86
2860.00,4.01,66.56,312.00,3.500,20.00,70.0,6.86
2861.00,1.41,68.90,312.11,3.500,20.00,70.0,6.86
2862.00,-1.19,71.25,312.23,3.500,20.00,70.0,6.86
2863.00,-3.78,73.60,312.34,3.500,20.00,70.0,6.86
2864.00,-6.36,75.96,312.46,3.500,20.00,70.0,6.86
2865.00,-8.95,78.32,312.57,3.500,20.00,70.0,6.86
2866.00,-11.52,80.69,312.69,3.500,20.00,70.0,6.86
2867.00,-14.10,83.06,312.80,3.500,20.00,70.0,6.86
2868.00,-16.66,85.44,312.91,3.500,20.00,70.0,6.86
2869.00,-19.23,87.82,313.03,3.500,20.00,70.0,6.86
2870.00,-21.79,90.21,313.14,3.500,20.00,70.0,6.86
2871.00,-24.34,92.60,313.26,3.500,20.00,70.0,6.86
2872.00,-26.89,95.00,313.37,3.500,20.00,70.0,6.86
2873.00,-29.43,97.40,313.49,3.500,20.00,70.0,6.86
2874.00,-31.97,99.81,313.60,3.500,20.00,70.0,6.86
2875.00,-34.51,102.23,313.71,3.500,20.00,70.0,6.86
2876.00,-37.04,104.65,313.83,3.500,20.00,70.0,6.86
2877.00,-39.56,107.07,313.94,3.500,20.00,70.0,6.86
2878.00,-42.08,109.50,314.06,3.500,20.00,70.0,6.86
2879.00,-44.60,111.93,314.17,3.500,20.00,70.0,6.86
2880.00,-47.11,114.37,314.29,3.500,20.00,70.0,6.86
2881.00,-49.61,116.81,314.40,3.500,20.00,70.0,6.86
2882.00,-52.11,119.26,314.51,3.500,20.00,70.0,6.86
2883.00,-54.61,121.72,314.63,3.500,20.00,70.0,6.86
2884.00,-57.10,124.18,314.74,3.500,20.00,70.0,6.86
2885.00,-59.59,126.64,314.86,3.500,20.00,70.0,6.86
2886.00,-62.07,129.11,314.97,3.500,20.00,70.0,6.86
2887.00,-64.54,131.58,315.09,3.500,20.00,70.0,6.86
2888.00,-67.02,134.06,315.20,3.500,20.00,70.0,6.86
2889.00,-69.48,136.54,315.31,3.500,20.00,70.0,6.86
2890.00,-71.94,139.03,315.43,3.500,20.00,70.0,6.86
2891.00,-74.40,141.53,315.54,3.500,20.00,70.0,6.86
2892.00,-76.85,144.02,315.66,3.500,20.00,70.0,6.86
2893.00,-79.30,146.53,315.77,3.500,20.00,70.0,6.86
2894.00,-81.74,149.04,315.89,3.500,20.00,70.0,6.86
2895.00,-84.17,151.55,316.00,3.500,20.00,70.0,6.86
2896.00,-86.61,154.07,316.11,3.500,20.00,70.0,6.86
2897.00,-89.03,156.59,316.23,3.500,20.00,70.0,6.86
2898.00,-91.45,159.12,316.34,3.500,20.00,70.0,6.86
2899.00,-93.87,161.65,316.46,3.500,20.00,70.0,6.86
2900.00,-96.28,164.18,316.57,3.500,20.00,70.0,6.86
2901.00,-98.69,166.73,316.69,3.500,20.00,70.0,6.86
2902.00,-101.09,169.27,316.80,3.500,20.00,70.0,6.86
2903.00,-103.48,171.82,316.91,3.500,20.00,70.0,6.86
2904.00,-105.87,174.38,317.03,3.500,20.00,70.0,6.86
2905.00,-108.26,176.94,317.14,3.500,20.00,70.0,6.86
2906.00,-110.64,179.51,317.26,3.500,20.00,70.0,6.86
2907.00,-113.02,182.08,317.37,3.500,20.00,70.0,6.86
2908.00,-115.39,184.65,317.49,3.500,20.00,70.0,6.86
2909.00,-117.75,187.23,317.60,3.500,20.00,70.0,6.86
2910.00,-120.11,189.82,317.71,3.500,20.00,70.0,6.86
2911.00,-122.47,192.41,317.83,3.500,20.00,70.0,6.86
2912.00,-124.82,195.00,317.94,3.500,20.00,70.0,6.86
2913.00,-127.16,197.60,318.06,3.500,20.00,70.0,6.86
2914.00,-129.50,200.20,318.17,3.500,20.00,70.0,6.86
2915.00,-131.83,202.81,318.29,3.500,20.00,70.0,6.86
2916.00,-134.16,205.42,318.40,3.500,20.00,70.0,6.86
2917.00,-136.49,208.04,318.51,3.500,20.00,70.0,6.86
2918.00,-138.81,210.66,318.63,3.500,20.00,70.0,6.86
2919.00,-141.12,213.29,318.74,3.500,20.00,70.0,6.86
2920.00,-143.43,215.92,318.86,3.500,20.00,70.0,6.86
2921.00,-145.73,218.56,318.97,3.500,20.00,70.0,6.86
2922.00,-148.03,221.20,319.09,3.500,20.00,70.0,6.86
2923.00,-150.32,223.84,319.20,3.500,20.00,70.0,6.86
2924.00,-152.61,226.49,319.31,3.500,20.00,70.0,6.86
2925.00,-154.89,229.15,319.43,3.500,20.00,70.0,6.86
2926.00,-157.16,231.80,319.54,3.500,20.00,70.0,6.86
2927.00,-159.44,234.47,319.66,3.500,20.00,70.0,6.86
2928.00,-161.70,237.13,319.77,3.500,20.00,70.0,6.86
2929.00,-163.96,239.81,319.89,3.500,20.00,70.0,6.86
2930.00,-166.22,242.48,320.00,3.500,20.00,70.0,6.86
2931.00,-168.47,245.16,320.11,3.500,20.00,70.0,6.86
2932.00,-170.71,247.85,320.23,3.500,20.00,70.0,6.86
2933.00,-172.95,250.54,320.34,3.500,20.00,70.0,6.86
2934.00,-175.18,253.23,320.46,3.500,20.00,70.0,6.86
2935.00,-177.41,255.93,320.57,3.500,20.00,70.0,6.86
2936.00,-179.63,258.64,320.69,3.500,20.00,70.0,6.86
2937.00,-181.85,261.35,320.80,3.500,20.00,70.0,6.86
2938.00,-184.06,264.06,320.91,3.500,20.00,70.0,6.86
2939.00,-186.27,266.77,321.03,3.500,20.00,70.0,6.86
2940.00,-188.47,269.50,321.14,3.500,20.00,70.0,6.86
2941.00,-190.67,272.22,321.26,3.500,20.00,70.0,6.86
2942.00,-192.86,274.95,321.37,3.500,20.00,70.0,6.86
2943.00,-195.04,277.68,321.49,3.500,20.00,70.0,6.86
2944.00,-197.22,280.42,321.60,3.500,20.00,70.0,6.86
2945.00,-199.40,283.17,321.71,3.500,20.00,70.0,6.86
2946.00,-201.57,285.91,321.83,3.500,20.00,70.0,6.86
2947.00,-203.73,288.67,321.94,3.500,20.00,70.0,6.86
2948.00,-205.89,291.42,322.06,3.500,20.00,70.0,6.86
2949.00,-208.04,294.18,322.17,3.500,20.00,70.0,6.86
2950.00,-210.18,296.95,322.29,3.500,20.00,70.0,6.86
2951.00,-212.33,299.71,322.40,3.500,20.00,70.0,6.86
2952.00,-214.46,302.49,322.51,3.500,20.00,70.0,6.86
2953.00,-216.59,305.26,322.63,3.500,20.00,70.0,6.86
2954.00,-218.72,308.05,322.74,3.500,20.00,70.0,6.86
2955.00,-220.83,310.83,322.86,3.500,20.00,70.0,6.86
2956.00,-222.95,313.62,322.97,3.500,20.00,70.0,6.86
2957.00,-225.06,316.42,323.09,3.500,20.00,70.0,6.86
2958.00,-227.16,319.21,323.20,3.500,20.00,70.0,6.86
2959.00,-229.25,322.02,323.31,3.500,20.00,70.0,6.86
2960.00,-231.35,324.82,323.43,3.500,20.00,70.0,6.86
2961.00,-233.43,327.63,323.54,3.500,20.00,70.0,6.86
2962.00,-235.51,330.45,323.66,3.500,20.00,70.0,6.86
2963.00,-237.58,333.27,323.77,3.500,20.00,70.0,6.86
2964.00,-239.65,336.09,323.89,3.500,20.00,70.0,6.86
2965.00,-241.72,338.92,324.00,3.500,20.00,70.0,6.86
2966.00,-243.77,341.75,324.11,3.500,20.00,70.0,6.86
2967.00,-245.83,344.59,324.23,3.500,20.00,70.0,6.86
2968.00,-247.87,347.43,324.34,3.500,20.00,70.0,6.86
2969.00,-249.91,350.27,324.46,3.500,20.00,70.0,6.86
2970.00,-251.95,353.12,324.57,3.500,20.00,70.0,6.86
2971.00,-253.97,355.97,324.69,3.500,20.00,70.0,6.86
2972.00,-256.00,358.83,324.80,3.500,20.00,70.0,6.86
2973.00,-258.02,361.69,324.91,3.500,20.00,70.0,6.86
2974.00,-260.03,364.55,325.03,3.500,20.00,70.0,6.86
2975.00,-262.03,367.42,325.14,3.500,20.00,70.0,6.86
2976.00,-264.03,370.29,325.26,3.500,20.00,70.0,6.86
2977.00,-266.03,373.17,325.37,3.500,20.00,70.0,6.86
2978.00,-268.02,376.05,325.49,3.500,20.00,70.0,6.86
2979.00,-270.00,378.93,325.60,3.500,20.00,70.0,6.86
2980.00,-271.98,381.82,325.71,3.500,20.00,70.0,6.86
2981.00,-273.95,384.71,325.83,3.500,20.00,70.0,6.86
2982.00,-275.92,387.61,325.94,3.500,20.00,70.0,6.86
2983.00,-277.88,390.51,326.06,3.500,20.00,70.0,6.86
2984.00,-279.83,393.41,326.17,3.500,20.00,70.0,6.86
2985.00,-281.78,396.32,326.29,3.500,20.00,70.0,6.86
2986.00,-283.72,399.23,326.40,3.500,20.00,70.0,6.86
2987.00,-285.66,402.14,326.51,3.500,20.00,70.0,6.86
2988.00,-287.59,405.06,326.63,3.500,20.00,70.0,6.86
2989.00,-289.51,407.99,326.74,3.500,20.00,70.0,6.86
2990.00,-291.43,410.91,326.86,3.500,20.00,70.0,6.86
2991.00,-293.35,413.84,326.97,3.500,20.00,70.0,6.86
2992.00,-295.25,416.78,327.09,3.500,20.00,70.0,6.86
2993.00,-297.16,419.72,327.20,3.500,20.00,70.0,6.86
2994.00,-299.05,422.66,327.31,3.500,20.00,70.0,6.86
2995.00,-300.94,425.60,327.43,3.500,20.00,70.0,6.86
2996.00,-302.83,428.55,327.54,3.500,20.00,70.0,6.86
2997.00,-304.71,431.51,327.66,3.500,20.00,70.0,6.86
2998.00,-306.58,434.46,327.77,3.500,20.00,70.0,6.86
2999.00,-308.44,437.42,327.89,3.500,20.00,70.0,6.86
3000.00,-310.30,440.39,328.00,3.500,20.00,70.0,6.86
3001.00,-312.16,443.36,328.11,3.500,20.00,70.0,6.86
3002.00,-314.01,446.33,328.23,3.500,20.00,70.0,6.86
3003.00,-315.85,449.30,328.34,3.500,20.00,70.0,6.86
3004.00,-317.69,452.28,328.46,3.500,20.00,70.0,6.86
3005.00,-319.52,455.27,328.57,3.500,20.00,70.0,6.86
3006.00,-321.34,458.25,328.69,3.500,20.00,70.0,6.86
3007.00,-323.16,461.24,328.80,3.500,20.00,70.0,6.86
3008.00,-324.98,464.24,328.91,3.500,20.00,70.0,6.86
3009.00,-326.78,467.23,329.03,3.500,20.00,70.0,6.86
3010.00,-328.58,470.23,329.14,3.500,20.00,70.0,6.86
3011.00,-330.38,473.24,329.26,3.500,20.00,70.0,6.86
3012.00,-332.17,476.25,329.37,3.500,20.00,70.0,6.86
3013.00,-333.95,479.26,329.49,3.500,20.00,70.0,6.86
3014.00,-335.73,482.27,329.60,3.500,20.00,70.0,6.86
3015.00,-337.50,485.29,329.71,3.500,20.00,70.0,6.86
3016.00,-339.27,488.32,329.83,3.500,20.00,70.0,6.86
3017.00,-341.02,491.34,329.94,3.500,20.00,70.0,6.86
3018.00,-342.78,494.37,330.06,3.500,20.00,70.0,6.86
3019.00,-344.52,497.40,330.17,3.500,20.00,70.0,6.86
3020.00,-346.27,500.44,330.29,3.500,20.00,70.0,6.86
3021.00,-348.00,503.48,330.40,3.500,20.00,70.0,6.86
3022.00,-349.73,506.52,330.51,3.500,20.00,70.0,6.86
3023.00,-351.45,509.57,330.63,3.500,20.00,70.0,6.86
3024.00,-353.17,512.62,330.74,3.500,20.00,70.0,6.86
3025.00,-354.88,515.67,330.86,3.500,20.00,70.0,6.86
3026.00,-356.58,518.73,330.97,3.500,20.00,70.0,6.86
3027.00,-358.28,521.79,331.09,3.500,20.00,70.0,6.86
3028.00,-359.97,524.85,331.20,3.500,20.00,70.0,6.86
3029.00,-361.66,527.92,331.31,3.500,20.00,70.0,6.86
3030.00,-363.34,530.99,331.43,3.500,20.00,70.0,6.86
3031.00,-365.01,534.06,331.54,3.500,20.00,70.0,6.86
3032.00,-366.68,537.14,331.66,3.500,20.00,70.0,6.86
3033.00,-368.34,540.22,331.77,3.500,20.00,70.0,6.86
3034.00,-370.00,543.31,331.89,3.500,20.00,70.0,6.86
3035.00,-371.65,546.39,332.00,3.500,20.00,70.0,6.86
3036.00,-373.29,549.48,332.11,3.500,20.00,70.0,6.86
3037.00,-374.93,552.58,332.23,3.500,20.00,70.0,6.86
3038.00,-376.56,555.67,332.34,3.500,20.00,70.0,6.86
3039.00,-378.18,558.77,332.46,3.500,20.00,70.0,6.86
3040.00,-379.80,561.88,332.57,3.500,20.00,70.0,6.86
3041.00,-381.41,564.98,332.69,3.500,20.00,70.0,6.86
3042.00,-383.02,568.09,332.80,3.500,20.00,70.0,6.86
3043.00,-384.62,571.21,332.91,3.500,20.00,70.0,6.86
3044.00,-386.21,574.32,333.03,3.500,20.00,70.0,6.86
3045.00,-387.80,577.44,333.14,3.500,20.00,70.0,6.86
3046.00,-389.38,580.56,333.26,3.500,20.00,70.0,6.86
3047.00,-390.96,583.69,333.37,3.500,20.00,70.0,6.86
3048.00,-392.53,586.82,333.49,3.500,20.00,70.0,6.86
3049.00,-394.09,589.95,333.60,3.500,20.00,70.0,6.86
3050.00,-395.64,593.09,333.71,3.500,20.00,70.0,6.86
3051.00,-397.19,596.22,333.83,3.500,20.00,70.0,6.86
3052.00,-398.74,599.37,333.94,3.500,20.00,70.0,6.86
3053.00,-400.28,602.51,334.06,3.500,20.00,70.0,6.86
3054.00,-401.81,605.66,334.17,3.500,20.00,70.0,6.86
3055.00,-403.33,608.81,334.29,3.500,20.00,70.0,6.86
3056.00,-404.85,611.96,334.40,3.500,20.00,70.0,6.86
3057.00,-406.36,615.12,334.51,3.500,20.00,70.0,6.86
3058.00,-407.87,618.28,334.63,3.500,20.00,70.0,6.86
3059.00,-409.37,621.44,334.74,3.500,20.00,70.0,6.86
3060.00,-410.86,624.60,334.86,3.500,20.00,70.0,6.86
3061.00,-412.35,627.77,334.97,3.500,20.00,70.0,6.86
3062.00,-413.83,630.94,335.09,3.500,20.00,70.0,6.86
3063.00,-415.30,634.12,335.20,3.500,20.00,70.0,6.86
3064.00,-416.77,637.30,335.31,3.500,20.00,70.0,6.86
3065.00,-418.23,640.48,335.43,3.500,20.00,70.0,6.86
3066.00,-419.69,643.66,335.54,3.500,20.00,70.0,6.86
3067.00,-421.14,646.84,335.66,3.500,20.00,70.0,6.86
3068.00,-422.58,650.03,335.77,3.500,20.00,70.0,6.86
3069.00,-424.02,653.23,335.89,3.500,20.00,70.0,6.86
3070.00,-425.45,656.42,336.00,3.500,20.00,70.0,6.86
3071.00,-426.87,659.62,336.11,3.500,20.00,70.0,6.86
3072.00,-428.29,662.82,336.23,3.500,20.00,70.0,6.86
3073.00,-429.70,666.02,336.34,3.500,20.00,70.0,6.86
3074.00,-431.10,669.23,336.46,3.500,20.00,70.0,6.86
3075.00,-432.50,672.43,336.57,3.500,20.00,70.0,6.86
3076.00,-433.89,675.65,336.69,3.500,20.00,70.0,6.86
3077.00,-435.28,678.86,336.80,3.500,20.00,70.0,6.86
3078.00,-436.66,682.08,336.91,3.500,20.00,70.0,6.86
3079.00,-438.03,685.30,337.03,3.500,20.00,70.0,6.86
3080.00,-439.40,688.52,337.14,3.500,20.00,70.0,6.86
3081.00,-440.75,691.74,337.26,3.500,20.00,70.0,6.86
3082.00,-442.11,694.97,337.37,3.500,20.00,70.0,6.86
3083.00,-443.45,698.20,337.49,3.500,20.00,70.0,6.86
3084.00,-444.79,701.44,337.60,3.500,20.00,70.0,6.86
3085.00,-446.13,704.67,337.71,3.500,20.00,70.0,6.86
3086.00,-447.46,707.91,337.83,3.500,20.00,70.0,6.86
3087.00,-448.78,711.15,337.94,3.500,20.00,70.0,6.86
3088.00,-450.09,714.40,338.06,3.500,20.00,70.0,6.86
3089.00,-451.40,717.64,338.17,3.500,20.00,70.0,6.86
3090.00,-452.70,720.89,338.29,3.500,20.00,70.0,6.86
3091.00,-454.00,724.14,338.40,3.500,20.00,70.0,6.86
3092.00,-455.28,727.40,338.51,3.500,20.00,70.0,6.86
3093.00,-456.57,730.65,338.63,3.500,20.00,70.0,6.86
3094.00,-457.84,733.91,338.74,3.500,20.00,70.0,6.86
3095.00,-459.11,737.18,338.86,3.500,20.00,70.0,6.86
3096.00,-460.37,740.44,338.97,3.500,20.00,70.0,6.86
3097.00,-461.63,743.71,339.09,3.500,20.00,70.0,6.86
3098.00,-462.88,746.98,339.20,3.500,20.00,70.0,6.86
3099.00,-464.12,750.25,339.31,3.500,20.00,70.0,6.86
3100.00,-465.36,753.52,339.43,3.500,20.00,70.0,6.86
3101.00,-466.59,756.80,339.54,3.500,20.00,70.0,6.86
3102.00,-467.81,760.08,339.66,3.500,20.00,70.0,6.86
3103.00,-469.03,763.36,339.77,3.500,20.00,70.0,6.86
3104.00,-470.24,766.64,339.89,3.500,20.00,70.0,6.86
3105.00,-471.44,769.93,340.00,3.500,20.00,70.0,6.86
3106.00,-472.64,773.22,340.11,3.500,20.00,70.0,6.86
3107.00,-473.83,776.51,340.23,3.500,20.00,70.0,6.86
3108.00,-475.01,779.80,340.34,3.500,20.00,70.0,6.86
3109.00,-476.19,783.10,340.46,3.500,20.00,70.0,6.86
3110.00,-477.36,786.40,340.57,3.500,20.00,70.0,6.86
3111.00,-478.52,789.70,340.69,3.500,20.00,70.0,6.86
3112.00,-479.68,793.00,340.80,3.500,20.00,70.0,6.86
3113.00,-480.83,796.31,340.91,3.500,20.00,70.0,6.86
3114.00,-481.98,799.62,341.03,3.500,20.00,70.0,6.86
3115.00,-483.12,802.93,341.14,3.500,20.00,70.0,6.86
3116.00,-484.25,806.24,341.26,3.500,20.00,70.0,6.86
3117.00,-485.37,809.55,341.37,3.500,20.00,70.0,6.86
3118.00,-486.49,812.87,341.49,3.500,20.00,70.0,6.86
3119.00,-487.60,816.19,341.60,3.500,20.00,70.0,6.86
3120.00,-488.71,819.51,341.71,3.500,20.00,70.0,6.86
3121.00,-489.80,822.83,341.83,3.500,20.00,70.0,6.86
3122.00,-490.90,826.16,341.94,3.500,20.00,70.0,6.86
3123.00,-491.98,829.48,342.06,3.500,20.00,70.0,6.86
3124.00,-493.06,832.81,342.17,3.500,20.00,70.0,6.86
3125.00,-494.13,836.15,342.29,3.500,20.00,70.0,6.86
3126.00,-495.19,839.48,342.40,3.500,20.00,70.0,6.86
3127.00,-496.25,842.82,342.51,3.500,20.00,70.0,6.86
3128.00,-497.30,846.16,342.63,3.500,20.00,70.0,6.86
3129.00,-498.35,849.50,342.74,3.500,20.00,70.0,6.86
3130.00,-499.39,852.84,342.86,3.500,20.00,70.0,6.86
3131.00,-500.42,856.18,342.97,3.500,20.00,70.0,6.86
3132.00,-501.44,859.53,343.09,3.500,20.00,70.0,6.86
3133.00,-502.46,862.88,343.20,3.500,20.00,70.0,6.86
3134.00,-503.47,866.23,343.31,3.500,20.00,70.0,6.86
3135.00,-504.48,869.58,343.43,3.500,20.00,70.0,6.86
3136.00,-505.48,872.94,343.54,3.500,20.00,70.0,6.86
3137.00,-506.47,876.29,343.66,3.500,20.00,70.0,6.86
3138.00,-507.45,879.65,343.77,3.500,20.00,70.0,6.86
3139.00,-508.43,883.01,343.89,3.500,20.00,70.0,6.86
3140.00,-509.40,886.37,344.00,3.500,20.00,70.0,6.86
3141.00,-510.37,889.74,344.11,3.500,20.00,70.0,6.86
3142.00,-511.33,893.10,344.23,3.500,20.00,70.0,6.86
3143.00,-512.28,896.47,344.34,3.500,20.00,70.0,6.86
3144.00,-513.22,899.84,344.46,3.500,20.00,70.0,6.86
3145.00,-514.16,903.21,344.57,3.500,20.00,70.0,6.86
3146.00,-515.09,906.59,344.69,3.500,20.00,70.0,6.86
3147.00,-516.02,909.96,344.80,3.500,20.00,70.0,6.86
3148.00,-516.93,913.34,344.91,3.500,20.00,70.0,6.86
3149.00,-517.84,916.72,345.03,3.500,20.00,70.0,6.86
3150.00,-518.75,920.10,345.14,3.500,20.00,70.0,6.86
3151.00,-519.65,923.49,345.26,3.500,20.00,70.0,6.86
3152.00,-520.54,926.87,345.37,3.500,20.00,70.0,6.86
3153.00,-521.42,930.26,345.49,3.500,20.00,70.0,6.86
3154.00,-522.30,933.65,345.60,3.500,20.00,70.0,6.86
3155.00,-523.17,937.04,345.71,3.500,20.00,70.0,6.86
3156.00,-524.03,940.43,345.83,3.500,20.00,70.0,6.86
3157.00,-524.89,943.82,345.94,3.500,20.00,70.0,6.86
3158.00,-525.74,947.22,346.06,3.500,20.00,70.0,6.86
3159.00,-526.58,950.61,346.17,3.500,20.00,70.0,6.86
3160.00,-527.42,954.01,346.29,3.500,20.00,70.0,6.86
3161.00,-528.25,957.41,346.40,3.500,20.00,70.0,6.86
3162.00,-529.07,960.81,346.51,3.500,20.00,70.0,6.86
3163.00,-529.89,964.22,346.63,3.500,20.00,70.0,6.86
3164.00,-530.70,967.62,346.74,3.500,20.00,70.0,6.86
3165.00,-531.50,971.03,346.86,3.500,20.00,70.0,6.86
3166.00,-532.30,974.44,346.97,3.500,20.00,70.0,6.86
3167.00,-533.08,977.85,347.09,3.500,20.00,70.0,6.86
3168.00,-533.87,981.26,347.20,3.500,20.00,70.0,6.86
3169.00,-534.64,984.67,347.31,3.500,20.00,70.0,6.86
3170.00,-535.41,988.09,347.43,3.500,20.00,70.0,6.86
3171.00,-536.17,991.50,347.54,3.500,20.00,70.0,6.86
3172.00,-536.93,994.92,347.66,3.500,20.00,70.0,6.86
3173.00,-537.68,998.34,347.77,3.500,20.00,70.0,6.86
3174.00,-538.42,1001.76,347.89,3.500,20.00,70.0,6.86
3175.00,-539.15,1005.18,348.00,3.500,20.00,70.0,6.86
3176.00,-539.88,1008.60,348.11,3.500,20.00,70.0,6.86
3177.00,-540.60,1012.03,348.23,3.500,20.00,70.0,6.86
3178.00,-541.31,1015.46,348.34,3.500,20.00,70.0,6.86
3179.00,-542.02,1018.88,348.46,3.500,20.00,70.0,6.86
3180.00,-542.72,1022.31,348.57,3.500,20.00,70.0,6.86
3181.00,-543.42,1025.74,348.69,3.500,20.00,70.0,6.86
3182.00,-544.10,1029.18,348.80,3.500,20.00,70.0,6.86
3183.00,-544.78,1032.61,348.91,3.500,20.00,70.0,6.86
3184.00,-545.45,1036.04,349.03,3.500,20.00,70.0,6.86
3185.00,-546.12,1039.48,349.14,3.500,20.00,70.0,6.86
3186.00,-546.78,1042.92,349.26,3.500,20.00,70.0,6.86
3187.00,-547.43,1046.36,349.37,3.500,20.00,70.0,6.86
3188.00,-548.08,1049.80,349.49,3.500,20.00,70.0,6.86
3189.00,-548.72,1053.24,349.60,3.500,20.00,70.0,6.86
3190.00,-549.35,1056.68,349.71,3.500,20.00,70.0,6.86
3191.00,-549.97,1060.12,349.83,3.500,20.00,70.0,6.86
3192.00,-550.59,1063.57,349.94,3.500,20.00,70.0,6.86
3193.00,-551.20,1067.01,350.06,3.500,20.00,70.0,6.86
3194.00,-551.81,1070.46,350.17,3.500,20.00,70.0,6.86
3195.00,-552.40,1073.91,350.29,3.500,20.00,70.0,6.86
3196.00,-553.00,1077.36,350.40,3.500,20.00,70.0,6.86
3197.00,-553.58,1080.81,350.51,3.500,20.00,70.0,6.86
3198.00,-554.16,1084.26,350.63,3.500,20.00,70.0,6.86
3199.00,-554.73,1087.72,350.74,3.500,20.00,70.0,6.86
3200.00,-555.29,1091.17,350.86,3.500,20.00,70.0,6.86
3201.00,-555.84,1094.63,350.97,3.500,20.00,70.0,6.86
3202.00,-556.39,1098.08,351.09,3.500,20.00,70.0,6.86
3203.00,-556.94,1101.54,351.20,3.500,20.00,70.0,6.86
3204.00,-557.47,1105.00,351.31,3.500,20.00,70.0,6.86
3205.00,-558.00,1108.46,351.43,3.500,20.00,70.0,6.86
3206.00,-558.52,1111.92,351.54,3.500,20.00,70.0,6.86
3207.00,-559.04,1115.38,351.66,3.500,20.00,70.0,6.86
3208.00,-559.54,1118.85,351.77,3.500,20.00,70.0,6.86
3209.00,-560.05,1122.31,351.89,3.500,20.00,70.0,6.86
3210.00,-560.54,1125.77,352.00,3.500,20.00,70.0,6.86
3211.00,-561.03,1129.24,352.11,3.500,20.00,70.0,6.86
3212.00,-561.51,1132.71,352.23,3.500,20.00,70.0,6.86
3213.00,-561.98,1136.18,352.34,3.500,20.00,70.0,6.86
3214.00,-562.45,1139.64,352.46,3.500,20.00,70.0,6.86
3215.00,-562.91,1143.11,352.57,3.500,20.00,70.0,6.86
3216.00,-563.36,1146.58,352.69,3.500,20.00,70.0,6.86
3217.00,-563.80,1150.06,352.80,3.500,20.00,70.0,6.86
3218.00,-564.24,1153.53,352.91,3.500,20.00,70.0,6.86
3219.00,-564.67,1157.00,353.03,3.500,20.00,70.0,6.86
3220.00,-565.10,1160.48,353.14,3.500,20.00,70.0,6.86
3221.00,-565.52,1163.95,353.26,3.500,20.00,70.0,6.86
3222.00,-565.93,1167.43,353.37,3.500,20.00,70.0,6.86
3223.00,-566.33,1170.90,353.49,3.500,20.00,70.0,6.86
3224.00,-566.73,1174.38,353.60,3.500,20.00,70.0,6.86
3225.00,-567.12,1177.86,353.71,3.500,20.00,70.0,6.86
3226.00,-567.50,1181.34,353.83,3.500,20.00,70.0,6.86
3227.00,-567.88,1184.82,353.94,3.500,20.00,70.0,6.86
3228.00,-568.25,1188.30,354.06,3.500,20.00,70.0,6.86
3229.00,-568.61,1191.78,354.17,3.500,20.00,70.0,6.86
3230.00,-568.97,1195.26,354.29,3.500,20.00,70.0,6.86
3231.00,-569.31,1198.74,354.40,3.500,20.00,70.0,6.86
3232.00,-569.66,1202.23,354.51,3.500,20.00,70.0,6.86
3233.00,-569.99,1205.71,354.63,3.500,20.00,70.0,6.86
3234.00,-570.32,1209.20,354.74,3.500,20.00,70.0,6.86
3235.00,-570.64,1212.68,354.86,3.500,20.00,70.0,6.86
3236.00,-570.95,1216.17,354.97,3.500,20.00,70.0,6.86
3237.00,-571.26,1219.65,355.09,3.500,20.00,70.0,6.86
3238.00,-571.56,1223.14,355.20,3.500,20.00,70.0,6.86
3239.00,-571.85,1226.63,355.31,3.500,20.00,70.0,6.86
3240.00,-572.14,1230.12,355.43,3.500,20.00,70.0,6.86
3241.00,-572.42,1233.60,355.54,3.500,20.00,70.0,6.86
3242.00,-572.69,1237.09,355.66,3.500,20.00,70.0,6.86
3243.00,-572.95,1240.58,355.77,3.500,20.00,70.0,6.86
3244.00,-573.21,1244.07,355.89,3.500,20.00,70.0,6.86
3245.00,-573.46,1247.57,356.00,3.500,20.00,70.0,6.86
3246.00,-573.71,1251.06,356.11,3.500,20.00,70.0,6.86
3247.00,-573.94,1254.55,356.23,3.500,20.00,70.0,6.86
3248.00,-574.17,1258.04,356.34,3.500,20.00,70.0,6.86
3249.00,-574.40,1261.53,356.46,3.500,20.00,70.0,6.86
3250.00,-574.61,1265.03,356.57,3.500,20.00,70.0,6.86
3251.00,-574.82,1268.52,356.69,3.500,20.00,70.0,6.86
3252.00,-575.03,1272.02,356.80,3.500,20.00,70.0,6.86
3253.00,-575.22,1275.51,356.91,3.500,20.00,70.0,6.86
3254.00,-575.41,1279.01,357.03,3.500,20.00,70.0,6.86
3255.00,-575.59,1282.50,357.14,3.500,20.00,70.0,6.86
3256.00,-575.77,1286.00,357.26,3.500,20.00,70.0,6.86
3257.00,-575.93,1289.49,357.37,3.500,20.00,70.0,6.86
3258.00,-576.09,1292.99,357.49,3.500,20.00,70.0,6.86
3259.00,-576.25,1296.49,357.60,3.500,20.00,70.0,6.86
3260.00,-576.39,1299.98,357.71,3.500,20.00,70.0,6.86
3261.00,-576.53,1303.48,357.83,3.500,20.00,70.0,6.86
3262.00,-576.67,1306.98,357.94,3.500,20.00,70.0,6.86
3263.00,-576.79,1310.47,358.06,3.500,20.00,70.0,6.86
3264.00,-576.91,1313.97,358.17,3.500,20.00,70.0,6.86
3265.00,-577.02,1317.47,358.29,3.500,20.00,70.0,6.86
3266.00,-577.13,1320.97,358.40,3.500,20.00,70.0,6.86
3267.00,-577.22,1324.47,358.51,3.500,20.00,70.0,6.86
3268.00,-577.31,1327.97,358.63,3.500,20.00,70.0,6.86
3269.00,-577.40,1331.47,358.74,3.500,20.00,70.0,6.86
3270.00,-577.48,1334.96,358.86,3.500,20.00,70.0,6.86
3271.00,-577.55,1338.46,358.97,3.500,20.00,70.0,6.86
3272.00,-577.61,1341.96,359.09,3.500,20.00,70.0,6.86
3273.00,-577.66,1345.46,359.20,3.500,20.00,70.0,6.86
3274.00,-577.71,1348.96,359.31,3.500,20.00,70.0,6.86
3275.00,-577.75,1352.46,359.43,3.500,20.00,70.0,6.86
3276.00,-577.79,1355.96,359.54,3.500,20.00,70.0,6.86
3277.00,-577.82,1359.46,359.66,3.500,20.00,70.0,6.86
3278.00,-577.84,1362.96,359.77,3.500,20.00,70.0,6.86
3279.00,-577.85,1366.46,359.89,3.500,20.00,70.0,6.86
3280.00,-577.86,1369.96,0.00,3.500,20.00,70.0,6.86
3281.00,-577.86,1373.46,0.11,3.500,20.00,70.0,6.86
3282.00,-577.85,1376.96,0.23,3.500,20.00,70.0,6.86
3283.00,-577.84,1380.46,0.34,3.500,20.00,70.0,6.86
3284.00,-577.82,1383.96,0.46,3.500,20.00,70.0,6.86
3285.00,-577.79,1387.46,0.57,3.500,20.00,70.0,6.86
3286.00,-577.75,1390.96,0.69,3.500,20.00,70.0,6.86
3287.00,-577.71,1394.46,0.80,3.500,20.00,70.0,6.86
3288.00,-577.66,1397.96,0.91,3.500,20.00,70.0,6.86
3289.00,-577.61,1401.46,1.03,3.500,20.00,70.0,6.86
3290.00,-577.55,1404.96,1.14,3.500,20.00,70.0,6.86
3291.00,-577.48,1408.46,1.26,3.500,20.00,70.0,6.86
3292.00,-577.40,1411.96,1.37,3.500,20.00,70.0,6.86
3293.00,-577.31,1415.46,1.49,3.500,20.00,70.0,6.86
3294.00,-577.22,1418.96,1.60,3.500,20.00,70.0,6.86
3295.00,-577.13,1422.45,1.71,3.500,20.00,70.0,6.86
3296.00,-577.02,1425.95,1.83,3.500,20.00,70.0,6.86
3297.00,-576.91,1429.45,1.94,3.500,20.00,70.0,6.86
3298.00,-576.79,1432.95,2.06,3.500,20.00,70.0,6.86
3299.00,-576.67,1436.45,2.17,3.500,20.00,70.0,6.86
3300.00,-576.53,1439.94,2.29,3.500,20.00,70.0,6.86
3301.00,-576.39,1443.44,2.40,3.500,20.00,70.0,6.86
3302.00,-576.25,1446.94,2.51,3.500,20.00,70.0,6.86
3303.00,-576.09,1450.44,2.63,3.500,20.00,70.0,6.86
3304.00,-575.93,1453.93,2.74,3.500,20.00,70.0,6.86
3305.00,-575.77,1457.43,2.86,3.500,20.00,70.0,6.86
3306.00,-575.59,1460.92,2.97,3.500,20.00,70.0,6.86
3307.00,-575.41,1464.42,3.09,3.500,20.00,70.0,6.86
3308.00,-575.22,1467.91,3.20,3.500,20.00,70.0,6.86
3309.00,-575.03,1471.41,3.31,3.500,20.00,70.0,6.86
3310.00,-574.82,1474.90,3.43,3.500,20.00,70.0,6.86
3311.00,-574.61,1478.40,3.54,3.500,20.00,70.0,6.86
3312.00,-574.40,1481.89,3.66,3.500,20.00,70.0,6.86
3313.00,-574.17,1485.38,3.77,3.500,20.00,70.0,6.86
3314.00,-573.94,1488.87,3.89,3.500,20.00,70.0,6.86
3315.00,-573.71,1492.37,4.00,3.500,20.00,70.0,6.86
3316.00,-573.46,1495.86,4.11,3.500,20.00,70.0,6.86
3317.00,-573.21,1499.35,4.23,3.500,20.00,70.0,6.86
3318.00,-572.95,1502.84,4.34,3.500,20.00,70.0,6.86
3319.00,-572.69,1506.33,4.46,3.500,20.00,70.0,6.86
3320.00,-572.42,1509.82,4.57,3.500,20.00,70.0,6.86
3321.00,-572.14,1513.31,4.69,3.500,20.00,70.0,6.86
3322.00,-571.85,1516.80,4.80,3.500,20.00,70.0,6.86
3323.00,-571.56,1520.28,4.91,3.500,20.00,70.0,6.86
3324.00,-571.26,1523.77,5.03,3.500,20.00,70.0,6.86
3325.00,-570.95,1527.26,5.14,3.500,20.00,70.0,6.86
3326.00,-570.64,1530.74,5.26,3.500,20.00,70.0,6.86
3327.00,-570.32,1534.23,5.37,3.500,20.00,70.0,6.86
3328.00,-569.99,1537.71,5.49,3.500,20.00,70.0,6.86
3329.00,-569.66,1541.20,5.60,3.500,20.00,70.0,6.86
3330.00,-569.31,1544.68,5.71,3.500,20.00,70.0,6.86
3331.00,-568.97,1548.16,5.83,3.500,20.00,70.0,6.86
3332.00,-568.61,1551.65,5.94,3.500,20.00,70.0,6.86
3333.00,-568.25,1555.13,6.06,3.500,20.00,70.0,6.86
3334.00,-567.88,1558.61,6.17,3.500,20.00,70.0,6.86
3335.00,-567.50,1562.09,6.29,3.500,20.00,70.0,6.86
3336.00,-567.12,1565.57,6.40,3.500,20.00,70.0,6.86
3337.00,-566.73,1569.04,6.51,3.500,20.00,70.0,6.86
3338.00,-566.33,1572.52,6.63,3.500,20.00,70.0,6.86
3339.00,-565.93,1576.00,6.74,3.500,20.00,70.0,6.86
3340.00,-565.52,1579.47,6.86,3.500,20.00,70.0,6.86
3341.00,-565.10,1582.95,6.97,3.500,20.00,70.0,6.86
3342.00,-564.67,1586.42,7.09,3.500,20.00,70.0,6.86
3343.00,-564.24,1589.90,7.20,3.500,20.00,70.0,6.86
3344.00,-563.80,1593.37,7.31,3.500,20.00,70.0,6.86
3345.00,-563.36,1596.84,7.43,3.500,20.00,70.0,6.86
3346.00,-562.91,1600.31,7.54,3.500,20.00,70.0,6.86
3347.00,-562.45,1603.78,7.66,3.500,20.00,70.0,6.86
3348.00,-561.98,1607.25,7.77,3.500,20.00,70.0,6.86
3349.00,-561.51,1610.72,7.89,3.500,20.00,70.0,6.86
3350.00,-561.03,1614.18,8.00,3.500,20.00,70.0,6.86
3351.00,-560.54,1617.65,8.11,3.500,20.00,70.0,6.86
3352.00,-560.05,1621.11,8.23,3.500,20.00,70.0,6.86
3353.00,-559.54,1624.58,8.34,3.500,20.00,70.0,6.86
3354.00,-559.04,1628.04,8.46,3.500,20.00,70.0,6.86
3355.00,-558.52,1631.50,8.57,3.500,20.00,70.0,6.86
3356.00,-558.00,1634.96,8.69,3.500,20.00,70.0,6.86
3357.00,-557.47,1638.42,8.80,3.500,20.00,70.0,6.86
3358.00,-556.94,1641.88,8.91,3.500,20.00,70.0,6.86
3359.00,-556.39,1645.34,9.03,3.500,20.00,70.0,6.86
3360.00,-555.84,1648.80,9.14,3.500,20.00,70.0,6.86
3361.00,-555.29,1652.25,9.26,3.500,20.00,70.0,6.86
3362.00,-554.73,1655.71,9.37,3.500,20.00,70.0,6.86
3363.00,-554.16,1659.16,9.49,3.500,20.00,70.0,6.86
3364.00,-553.58,1662.61,9.60,3.500,20.00,70.0,6.86
3365.00,-553.00,1666.06,9.71,3.500,20.00,70.0,6.86
3366.00,-552.40,1669.51,9.83,3.500,20.00,70.0,6.86
3367.00,-551.81,1672.96,9.94,3.500,20.00,70.0,6.86
3368.00,-551.20,1676.41,10.06,3.500,20.00,70.0,6.86
3369.00,-550.59,1679.86,10.17,3.500,20.00,70.0,6.86
3370.00,-549.97,1683.30,10.29,3.500,20.00,70.0,6.86
3371.00,-549.35,1686.74,10.40,3.500,20.00,70.0,6.86
3372.00,-548.72,1690.19,10.51,3.500,20.00,70.0,6.86
3373.00,-548.08,1693.63,10.63,3.500,20.00,70.0,6.86
3374.00,-547.43,1697.07,10.74,3.500,20.00,70.0,6.86
3375.00,-546.78,1700.51,10.86,3.500,20.00,70.0,6.86
3376.00,-546.12,1703.94,10.97,3.500,20.00,70.0,6.86
3377.00,-545.45,1707.38,11.09,3.500,20.00,70.0,6.86
3378.00,-544.78,1710.82,11.20,3.500,20.00,70.0,6.86
3379.00,-544.10,1714.25,11.31,3.500,20.00,70.0,6.86
3380.00,-543.42,1717.68,11.43,3.500,20.00,70.0,6.86
3381.00,-542.72,1721.11,11.54,3.500,20.00,70.0,6.86
3382.00,-542.02,1724.54,11.66,3.500,20.00,70.0,6.86
3383.00,-541.31,1727.97,11.77,3.500,20.00,70.0,6.86
3384.00,-540.60,1731.39,11.89,3.500,20.00,70.0,6.86
3385.00,-539.88,1734.82,12.00,3.500,20.00,70.0,6.86
3386.00,-539.15,1738.24,12.11,3.500,20.00,70.0,6.86
3387.00,-538.42,1741.66,12.23,3.500,20.00,70.0,6.86
3388.00,-537.68,1745.09,12.34,3.500,20.00,70.0,6.86
3389.00,-536.93,1748.50,12.46,3.500,20.00,70.0,6.86
3390.00,-536.17,1751.92,12.57,3.500,20.00,70.0,6.86
3391.00,-535.41,1755.34,12.69,3.500,20.00,70.0,6.86
3392.00,-534.64,1758.75,12.80,3.500,20.00,70.0,6.86
3393.00,-533.87,1762.17,12.91,3.500,20.00,70.0,6.86
3394.00,-533.08,1765.58,13.03,3.500,20.00,70.0,6.86
3395.00,-532.30,1768.99,13.14,3.500,20.00,70.0,6.86
3396.00,-531.50,1772.40,13.26,3.500,20.00,70.0,6.86
3397.00,-530.70,1775.80,13.37,3.500,20.00,70.0,6.86
3398.00,-529.89,1779.21,13.49,3.500,20.00,70.0,6.86
3399.00,-529.07,1782.61,13.60,3.500,20.00,70.0,6.86
3400.00,-528.25,1786.01,13.71,3.500,20.00,70.0,6.86
3401.00,-527.42,1789.41,13.83,3.500,20.00,70.0,6.86
3402.00,-526.58,1792.81,13.94,3.500,20.00,70.0,6.86
3403.00,-525.74,1796.21,14.06,3.500,20.00,70.0,6.86
3404.00,-524.89,1799.60,14.17,3.500,20.00,70.0,6.86
3405.00,-524.03,1803.00,14.29,3.500,20.00,70.0,6.86
3406.00,-523.17,1806.39,14.40,3.500,20.00,70.0,6.86
3407.00,-522.30,1809.78,14.51,3.500,20.00,70.0,6.86
3408.00,-521.42,1813.17,14.63,3.500,20.00,70.0,6.86
3409.00,-520.54,1816.55,14.74,3.500,20.00,70.0,6.86
3410.00,-519.65,1819.94,14.86,3.500,20.00,70.0,6.86
3411.00,-518.75,1823.32,14.97,3.500,20.00,70.0,6.86
3412.00,-517.84,1826.70,15.09,3.500,20.00,70.0,6.86
3413.00,-516.93,1830.08,15.20,3.500,20.00,70.0,6.86
3414.00,-516.02,1833.46,15.31,3.500,20.00,70.0,6.86
3415.00,-515.09,1836.84,15.43,3.500,20.00,70.0,6.86
3416.00,-514.16,1840.21,15.54,3.500,20.00,70.0,6.86
3417.00,-513.22,1843.58,15.66,3.500,20.00,70.0,6.86
3418.00,-512.28,1846.95,15.77,3.500,20.00,70.0,6.86
3419.00,-511.33,1850.32,15.89,3.500,20.00,70.0,6.86
3420.00,-510.37,1853.69,16.00,3.500,20.00,70.0,6.86
3421.00,-509.40,1857.05,16.11,3.500,20.00,70.0,6.86
3422.00,-508.43,1860.41,16.23,3.500,20.00,70.0,6.86
3423.00,-507.45,1863.77,16.34,3.500,20.00,70.0,6.86
3424.00,-506.47,1867.13,16.46,3.500,20.00,70.0,6.86
3425.00,-505.48,1870.49,16.57,3.500,20.00,70.0,6.86
3426.00,-504.48,1873.84,16.69,3.500,20.00,70.0,6.86
3427.00,-503.47,1877.20,16.80,3.500,20.00,70.0,6.86
3428.00,-502.46,1880.55,16.91,3.500,20.00,70.0,6.86
3429.00,-501.44,1883.90,17.03,3.500,20.00,70.0,6.86
3430.00,-500.42,1887.24,17.14,3.500,20.00,70.0,6.86
3431.00,-499.39,1890.59,17.26,3.500,20.00,70.0,6.86
3432.00,-498.35,1893.93,17.37,3.500,20.00,70.0,6.86
3433.00,-497.30,1897.27,17.49,3.500,20.00,70.0,6.86
3434.00,-496.25,1900.61,17.60,3.500,20.00,70.0,6.86
3435.00,-495.19,1903.94,17.71,3.500,20.00,70.0,6.86
3436.00,-494.13,1907.28,17.83,3.500,20.00,70.0,6.86
3437.00,-493.06,1910.61,17.94,3.500,20.00,70.0,6.86
3438.00,-491.98,1913.94,18.06,3.500,20.00,70.0,6.86
3439.00,-490.90,1917.27,18.17,3.500,20.00,70.0,6.86
3440.00,-489.80,1920.59,18.29,3.500,20.00,70.0,6.86
3441.00,-488.71,1923.92,18.40,3.500,20.00,70.0,6.86
3442.00,-487.60,1927.24,18.51,3.500,20.00,70.0,6.86
3443.00,-486.49,1930.56,18.63,3.500,20.00,70.0,6.86
3444.00,-485.37,1933.87,18.74,3.500,20.00,70.0,6.86
3445.00,-484.25,1937.19,18.86,3.500,20.00,70.0,6.86
3446.00,-483.12,1940.50,18.97,3.500,20.00,70.0,6.86
3447.00,-481.98,1943.81,19.09,3.500,20.00,70.0,6.86
3448.00,-480.83,1947.12,19.20,3.500,20.00,70.0,6.86
3449.00,-479.68,1950.42,19.31,3.500,20.00,70.0,6.86
3450.00,-478.52,1953.72,19.43,3.500,20.00,70.0,6.86
3451.00,-477.36,1957.03,19.54,3.500,20.00,70.0,6.86
3452.00,-476.19,1960.32,19.66,3.500,20.00,70.0,6.86
3453.00,-475.01,1963.62,19.77,3.500,20.00,70.0,6.86
3454.00,-473.83,1966.91,19.89,3.500,20.00,70.0,6.86
3455.00,-472.64,1970.20,20.00,3.500,20.00,70.0,6.86
3456.00,-471.44,1973.49,20.11,3.500,20.00,70.0,6.86
3457.00,-470.24,1976.78,20.23,3.500,20.00,70.0,6.86
3458.00,-469.03,1980.06,20.34,3.500,20.00,70.0,6.86
3459.00,-467.81,1983.35,20.46,3.500,20.00,70.0,6.86
3460.00,-466.59,1986.62,20.57,3.500,20.00,70.0,6.86
3461.00,-465.36,1989.90,20.69,3.500,20.00,70.0,6.86
3462.00,-464.12,1993.18,20.80,3.500,20.00,70.0,6.86
3463.00,-462.88,1996.45,20.91,3.500,20.00,70.0,6.86
3464.00,-461.63,1999.72,21.03,3.500,20.00,70.0,6.86
3465.00,-460.37,2002.98,21.14,3.500,20.00,70.0,6.86
3466.00,-459.11,2006.25,21.26,3.500,20.00,70.0,6.86
3467.00,-457.84,2009.51,21.37,3.500,20.00,70.0,6.86
3468.00,-456.57,2012.77,21.49,3.500,20.00,70.0,6.86
3469.00,-455.28,2016.03,21.60,3.500,20.00,70.0,6.86
3470.00,-454.00,2019.28,21.71,3.500,20.00,70.0,6.86
3471.00,-452.70,2022.53,21.83,3.500,20.00,70.0,6.86
3472.00,-451.40,2025.78,21.94,3.500,20.00,70.0,6.86
3473.00,-450.09,2029.03,22.06,3.500,20.00,70.0,6.86
3474.00,-448.78,2032.27,22.17,3.500,20.00,70.0,6.86
3475.00,-447.46,2035.51,22.29,3.500,20.00,70.0,6.86
3476.00,-446.13,2038.75,22.40,3.500,20.00,70.0,6.86
3477.00,-444.79,2041.99,22.51,3.500,20.00,70.0,6.86
3478.00,-443.45,2045.22,22.63,3.500,20.00,70.0,6.86
3479.00,-442.11,2048.45,22.74,3.500,20.00,70.0,6.86
3480.00,-440.75,2051.68,22.86,3.500,20.00,70.0,6.86
3481.00,-439.40,2054.90,22.97,3.500,20.00,70.0,6.86
3482.00,-438.03,2058.13,23.09,3.500,20.00,70.0,6.86
3483.00,-436.66,2061.35,23.20,3.500,20.00,70.0,6.86
3484.00,-435.28,2064.56,23.31,3.500,20.00,70.0,6.86
3485.00,-433.89,2067.78,23.43,3.500,20.00,70.0,6.86
3486.00,-432.50,2070.99,23.54,3.500,20.00,70.0,6.86
3487.00,-431.10,2074.20,23.66,3.500,20.00,70.0,6.86
3488.00,-429.70,2077.40,23.77,3.500,20.00,70.0,6.86
3489.00,-428.29,2080.61,23.89,3.500,20.00,70.0,6.86
3490.00,-426.87,2083.81,24.00,3.500,20.00,70.0,6.86
3491.00,-425.45,2087.00,24.11,3.500,20.00,70.0,6.86
3492.00,-424.02,2090.20,24.23,3.500,20.00,70.0,6.86
3493.00,-422.58,2093.39,24.34,3.500,20.00,70.0,6.86
3494.00,-421.14,2096.58,24.46,3.500,20.00,70.0,6.86
3495.00,-419.69,2099.77,24.57,3.500,20.00,70.0,6.86
3496.00,-418.23,2102.95,24.69,3.500,20.00,70.0,6.86
3497.00,-416.77,2106.13,24.80,3.500,20.00,70.0,6.86
3498.00,-415.30,2109.31,24.91,3.500,20.00,70.0,6.86
3499.00,-413.83,2112.48,25.03,3.500,20.00,70.0,6.86
3500.00,-412.35,2115.65,25.14,3.500,20.00,70.0,6.86
3501.00,-410.86,2118.82,25.26,3.500,20.00,70.0,6.86
3502.00,-409.37,2121.99,25.37,3.500,20.00,70.0,6.86
3503.00,-407.87,2125.15,25.49,3.500,20.00,70.0,6.86
3504.00,-406.36,2128.31,25.60,3.500,20.00,70.0,6.86
3505.00,-404.85,2131.46,25.71,3.500,20.00,70.0,6.86
3506.00,-403.33,2134.62,25.83,3.500,20.00,70.0,6.86
3507.00,-401.81,2137.77,25.94,3.500,20.00,70.0,6.86
3508.00,-400.28,2140.91,26.06,3.500,20.00,70.0,6.86
3509.00,-398.74,2144.06,26.17,3.500,20.00,70.0,6.86
3510.00,-397.19,2147.20,26.29,3.500,20.00,70.0,6.86
3511.00,-395.64,2150.34,26.40,3.500,20.00,70.0,6.86
3512.00,-394.09,2153.47,26.51,3.500,20.00,70.0,6.86
3513.00,-392.53,2156.61,26.63,3.500,20.00,70.0,6.86
3514.00,-390.96,2159.73,26.74,3.500,20.00,70.0,6.86
3515.00,-389.38,2162.86,26.86,3.500,20.00,70.0,6.86
3516.00,-387.80,2165.98,26.97,3.500,20.00,70.0,6.86
3517.00,-386.21,2169.10,27.09,3.500,20.00,70.0,6.86
3518.00,-384.62,2172.22,27.20,3.500,20.00,70.0,6.86
3519.00,-383.02,2175.33,27.31,3.500,20.00,70.0,6.86
3520.00,-381.41,2178.44,27.43,3.500,20.00,70.0,6.86
3521.00,-379.80,2181.55,27.54,3.500,20.00,70.0,6.86
3522.00,-378.18,2184.65,27.66,3.500,20.00,70.0,6.86
3523.00,-376.56,2187.75,27.77,3.500,20.00,70.0,6.86
3524.00,-374.93,2190.85,27.89,3.500,20.00,70.0,6.86
3525.00,-373.29,2193.94,28.00,3.500,20.00,70.0,6.86
3526.00,-371.65,2197.03,28.11,3.500,20.00,70.0,6.86
3527.00,-370.00,2200.12,28.23,3.500,20.00,70.0,6.86
3528.00,-368.34,2203.20,28.34,3.500,20.00,70.0,6.86
3529.00,-366.68,2206.28,28.46,3.500,20.00,70.0,6.86
3530.00,-365.01,2209.36,28.57,3.500,20.00,70.0,6.86
3531.00,-363.34,2212.43,28.69,3.500,20.00,70.0,6.86
3532.00,-361.66,2215.50,28.80,3.500,20.00,70.0,6.86
3533.00,-359.97,2218.57,28.91,3.500,20.00,70.0,6.86
3534.00,-358.28,2221.63,29.03,3.500,20.00,70.0,6.86
3535.00,-356.58,2224.69,29.14,3.500,20.00,70.0,6.86
3536.00,-354.88,2227.75,29.26,3.500,20.00,70.0,6.86
3537.00,-353.17,2230.80,29.37,3.500,20.00,70.0,6.86
3538.00,-351.45,2233.85,29.49,3.500,20.00,70.0,6.86
3539.00,-349.73,2236.90,29.60,3.500,20.00,70.0,6.86
3540.00,-348.00,2239.94,29.71,3.500,20.00,70.0,6.86
3541.00,-346.27,2242.98,29.83,3.500,20.00,70.0,6.86
3542.00,-344.52,2246.02,29.94,3.500,20.00,70.0,6.86
3543.00,-342.78,2249.05,30.06,3.500,20.00,70.0,6.86
3544.00,-341.02,2252.08,30.17,3.500,20.00,70.0,6.86
3545.00,-339.27,2255.11,30.29,3.500,20.00,70.0,6.86
3546.00,-337.50,2258.13,30.40,3.500,20.00,70.0,6.86
3547.00,-335.73,2261.15,30.51,3.500,20.00,70.0,6.86
3548.00,-333.95,2264.17,30.63,3.500,20.00,70.0,6.86
3549.00,-332.17,2267.18,30.74,3.500,20.00,70.0,6.86
3550.00,-330.38,2270.19,30.86,3.500,20.00,70.0,6.86
3551.00,-328.58,2273.19,30.97,3.500,20.00,70.0,6.86
3552.00,-326.78,2276.19,31.09,3.500,20.00,70.0,6.86
3553.00,-324.98,2279.19,31.20,3.500,20.00,70.0,6.86
3554.00,-323.16,2282.18,31.31,3.500,20.00,70.0,6.86
3555.00,-321.34,2285.17,31.43,3.500,20.00,70.0,6.86
3556.00,-319.52,2288.16,31.54,3.500,20.00,70.0,6.86
3557.00,-317.69,2291.14,31.66,3.500,20.00,70.0,6.86
3558.00,-315.85,2294.12,31.77,3.500,20.00,70.0,6.86
3559.00,-314.01,2297.10,31.89,3.500,20.00,70.0,6.86
3560.00,-312.16,2300.07,32.00,3.500,20.00,70.0,6.86
3561.00,-310.30,2303.04,32.11,3.500,20.00,70.0,6.86
3562.00,-308.44,2306.00,32.23,3.500,20.00,70.0,6.86
3563.00,-306.58,2308.96,32.34,3.500,20.00,70.0,6.86
3564.00,-304.71,2311.92,32.46,3.500,20.00,70.0,6.86
3565.00,-302.83,2314.87,32.57,3.500,20.00,70.0,6.86
3566.00,-300.94,2317.82,32.69,3.500,20.00,70.0,6.86
3567.00,-299.05,2320.77,32.80,3.500,20.00,70.0,6.86
3568.00,-297.16,2323.71,32.91,3.500,20.00,70.0,6.86
3569.00,-295.25,2326.65,33.03,3.500,20.00,70.0,6.86
3570.00,-293.35,2329.58,33.14,3.500,20.00,70.0,6.86
3571.00,-291.43,2332.51,33.26,3.500,20.00,70.0,6.86
3572.00,-289.51,2335.44,33.37,3.500,20.00,70.0,6.86
3573.00,-287.59,2338.36,33.49,3.500,20.00,70.0,6.86
3574.00,-285.66,2341.28,33.60,3.500,20.00,70.0,6.86
3575.00,-283.72,2344.20,33.71,3.500,20.00,70.0,6.86
3576.00,-281.78,2347.11,33.83,3.500,20.00,70.0,6.86
3577.00,-279.83,2350.02,33.94,3.500,20.00,70.0,6.86
3578.00,-277.88,2352.92,34.06,3.500,20.00,70.0,6.86
3579.00,-275.92,2355.82,34.17,3.500,20.00,70.0,6.86
3580.00,-273.95,2358.71,34.29,3.500,20.00,70.0,6.86
3581.00,-271.98,2361.61,34.40,3.500,20.00,70.0,6.86
3582.00,-270.00,2364.49,34.51,3.500,20.00,70.0,6.86
3583.00,-268.02,2367.38,34.63,3.500,20.00,70.0,6.86
3584.00,-266.03,2370.26,34.74,3.500,20.00,70.0,6.86
3585.00,-264.03,2373.13,34.86,3.500,20.00,70.0,6.86
3586.00,-262.03,2376.01,34.97,3.500,20.00,70.0,6.86
3587.00,-260.03,2378.87,35.09,3.500,20.00,70.0,6.86
3588.00,-258.02,2381.74,35.20,3.500,20.00,70.0,6.86
3589.00,-256.00,2384.60,35.31,3.500,20.00,70.0,6.86
3590.00,-253.97,2387.45,35.43,3.500,20.00,70.0,6.86
3591.00,-251.95,2390.31,35.54,3.500,20.00,70.0,6.86
3592.00,-249.91,2393.15,35.66,3.500,20.00,70.0,6.86
3593.00,-247.87,2396.00,35.77,3.500,20.00,70.0,6.86
3594.00,-245.83,2398.84,35.89,3.500,20.00,70.0,6.86
3595.00,-243.77,2401.67,36.00,3.500,20.00,70.0,6.86
3596.00,-241.72,2404.50,36.11,3.500,20.00,70.0,6.86
3597.00,-239.65,2407.33,36.23,3.500,20.00,70.0,6.86
3598.00,-237.58,2410.16,36.34,3.500,20.00,70.0,6.86
3599.00,-235.51,2412.97,36.46,3.500,20.00,70.0,6.86
3600.00,-233.43,2415.79,36.57,3.500,20.00,70.0,6.86
3601.00,-231.35,2418.60,36.69,3.500,20.00,70.0,6.86
3602.00,-229.25,2421.41,36.80,3.500,20.00,70.0,6.86
3603.00,-227.16,2424.21,36.91,3.500,20.00,70.0,6.86
3604.00,-225.06,2427.01,37.03,3.500,20.00,70.0,6.86
3605.00,-222.95,2429.80,37.14,3.500,20.00,70.0,6.86
3606.00,-220.83,2432.59,37.26,3.500,20.00,70.0,6.86
3607.00,-218.72,2435.38,37.37,3.500,20.00,70.0,6.86
3608.00,-216.59,2438.16,37.49,3.500,20.00,70.0,6.86
3609.00,-214.46,2440.94,37.60,3.500,20.00,70.0,6.86
3610.00,-212.33,2443.71,37.71,3.500,20.00,70.0,6.86
3611.00,-210.18,2446.48,37.83,3.500,20.00,70.0,6.86
3612.00,-208.04,2449.24,37.94,3.500,20.00,70.0,6.86
3613.00,-205.89,2452.00,38.06,3.500,20.00,70.0,6.86
3614.00,-203.73,2454.76,38.17,3.500,20.00,70.0,6.86
3615.00,-201.57,2457.51,38.29,3.500,20.00,70.0,6.86
3616.00,-199.40,2460.26,38.40,3.500,20.00,70.0,6.86
3617.00,-197.22,2463.00,38.51,3.500,20.00,70.0,6.86
3618.00,-195.04,2465.74,38.63,3.500,20.00,70.0,6.86
3619.00,-192.86,2468.47,38.74,3.500,20.00,70.0,6.86
3620.00,-190.67,2471.20,38.86,3.500,20.00,70.0,6.86
3621.00,-188.47,2473.93,38.97,3.500,20.00,70.0,6.86
3622.00,-186.27,2476.65,39.09,3.500,20.00,70.0,6.86
3623.00,-184.06,2479.37,39.20,3.500,20.00,70.0,6.86
3624.00,-181.85,2482.08,39.31,3.500,20.00,70.0,6.86
3625.00,-179.63,2484.79,39.43,3.500,20.00,70.0,6.86
3626.00,-177.41,2487.49,39.54,3.500,20.00,70.0,6.86
3627.00,-175.18,2490.19,39.66,3.500,20.00,70.0,6.86
3628.00,-172.95,2492.88,39.77,3.500,20.00,70.0,6.86
3629.00,-170.71,2495.57,39.89,3.500,20.00,70.0,6.86
3630.00,-168.47,2498.26,40.00,3.500,20.00,70.0,6.86
3631.00,-166.22,2500.94,40.11,3.500,20.00,70.0,6.86
3632.00,-163.96,2503.62,40.23,3.500,20.00,70.0,6.86
3633.00,-161.70,2506.29,40.34,3.500,20.00,70.0,6.86
3634.00,-159.44,2508.96,40.46,3.500,20.00,70.0,6.86
3635.00,-157.16,2511.62,40.57,3.500,20.00,70.0,6.86
3636.00,-154.89,2514.28,40.69,3.500,20.00,70.0,6.86
3637.00,-152.61,2516.93,40.80,3.500,20.00,70.0,6.86
3638.00,-150.32,2519.58,40.91,3.500,20.00,70.0,6.86
3639.00,-148.03,2522.23,41.03,3.500,20.00,70.0,6.86
3640.00,-145.73,2524.87,41.14,3.500,20.00,70.0,6.86
3641.00,-143.43,2527.50,41.26,3.500,20.00,70.0,6.86
3642.00,-141.12,2530.13,41.37,3.500,20.00,70.0,6.86
3643.00,-138.81,2532.76,41.49,3.500,20.00,70.0,6.86
3644.00,-136.49,2535.38,41.60,3.500,20.00,70.0,6.86
3645.00,-134.16,2538.00,41.71,3.500,20.00,70.0,6.86
3646.00,-131.83,2540.61,41.83,3.500,20.00,70.0,6.86
3647.00,-129.50,2543.22,41.94,3.500,20.00,70.0,6.86
3648.00,-127.16,2545.82,42.06,3.500,20.00,70.0,6.86
3649.00,-124.82,2548.42,42.17,3.500,20.00,70.0,6.86
3650.00,-122.47,2551.02,42.29,3.500,20.00,70.0,6.86
3651.00,-120.11,2553.61,42.40,3.500,20.00,70.0,6.86
3652.00,-117.75,2556.19,42.51,3.500,20.00,70.0,6.86
3653.00,-115.39,2558.77,42.63,3.500,20.00,70.0,6.86
3654.00,-113.02,2561.35,42.74,3.500,20.00,70.0,6.86
3655.00,-110.64,2563.92,42.86,3.500,20.00,70.0,6.86
3656.00,-108.26,2566.48,42.97,3.500,20.00,70.0,6.86
3657.00,-105.87,2569.04,43.09,3.500,20.00,70.0,6.86
3658.00,-103.48,2571.60,43.20,3.500,20.00,70.0,6.86
3659.00,-101.09,2574.15,43.31,3.500,20.00,70.0,6.86
3660.00,-98.69,2576.70,43.43,3.500,20.00,70.0,6.86
3661.00,-96.28,2579.24,43.54,3.500,20.00,70.0,6.86
3662.00,-93.87,2581.78,43.66,3.500,20.00,70.0,6.86
3663.00,-91.45,2584.31,43.77,3.500,20.00,70.0,6.86
3664.00,-89.03,2586.84,43.89,3.500,20.00,70.0,6.86
3665.00,-86.61,2589.36,44.00,3.500,20.00,70.0,6.86
3666.00,-84.17,2591.88,44.11,3.500,20.00,70.0,6.86
3667.00,-81.74,2594.39,44.23,3.500,20.00,70.0,6.86
3668.00,-79.30,2596.90,44.34,3.500,20.00,70.0,6.86
3669.00,-76.85,2599.40,44.46,3.500,20.00,70.0,6.86
3670.00,-74.40,2601.90,44.57,3.500,20.00,70.0,6.86
3671.00,-71.94,2604.39,44.69,3.500,20.00,70.0,6.86
3672.00,-69.48,2606.88,44.80,3.500,20.00,70.0,6.86
3673.00,-67.02,2609.36,44.91,3.500,20.00,70.0,6.86
3674.00,-64.54,2611.84,45.03,3.500,20.00,70.0,6.86
3675.00,-62.07,2614.32,45.14,3.500,20.00,70.0,6.86
3676.00,-59.59,2616.78,45.26,3.500,20.00,70.0,6.86
3677.00,-57.10,2619.25,45.37,3.500,20.00,70.0,6.86
3678.00,-54.61,2621.71,45.49,3.500,20.00,70.0,6.86
3679.00,-52.11,2624.16,45.60,3.500,20.00,70.0,6.86
3680.00,-49.61,2626.61,45.71,3.500,20.00,70.0,6.86
3681.00,-47.11,2629.05,45.83,3.500,20.00,70.0,6.86
3682.00,-44.60,2631.49,45.94,3.500,20.00,70.0,6.86
3683.00,-42.08,2633.93,46.06,3.500,20.00,70.0,6.86
3684.00,-39.56,2636.35,46.17,3.500,20.00,70.0,6.86
3685.00,-37.04,2638.78,46.29,3.500,20.00,70.0,6.86
3686.00,-34.51,2641.20,46.40,3.500,20.00,70.0,6.86
3687.00,-31.97,2643.61,46.51,3.500,20.00,70.0,6.86
3688.00,-29.43,2646.02,46.63,3.500,20.00,70.0,6.86
3689.00,-26.89,2648.42,46.74,3.500,20.00,70.0,6.86
3690.00,-24.34,2650.82,46.86,3.500,20.00,70.0,6.86
3691.00,-21.79,2653.21,46.97,3.500,20.00,70.0,6.86
3692.00,-19.23,2655.60,47.09,3.500,20.00,70.0,6.86
3693.00,-16.66,2657.99,47.20,3.500,20.00,70.0,6.86
3694.00,-14.10,2660.36,47.31,3.500,20.00,70.0,6.86
3695.00,-11.52,2662.74,47.43,3.500,20.00,70.0,6.86
3696.00,-8.95,2665.10,47.54,3.500,20.00,70.0,6.86
3697.00,-6.36,2667.47,47.66,3.500,20.00,70.0,6.86
3698.00,-3.78,2669.82,47.77,3.500,20.00,70.0,6.86
3699.00,-1.19,2672.18,47.89,3.500,20.00,70.0,6.86
3700.00,1.41,2674.52,48.00,3.500,20.00,70.0,6.86
3701.00,4.01,2676.87,48.11,3.500,20.00,70.0,6.86
3702.00,6.62,2679.20,48.23,3.500,20.00,70.0,6.86
3703.00,9.23,2681.53,48.34,3.500,20.00,70.0,6.86
3704.00,11.84,2683.86,48.46,3.500,20.00,70.0,6.86
3705.00,14.46,2686.18,48.57,3.500,20.00,70.0,6.86
3706.00,17.09,2688.50,48.69,3.500,20.00,70.0,6.86
3707.00,19.72,2690.81,48.80,3.500,20.00,70.0,6.86
3708.00,22.35,2693.11,48.91,3.500,20.00,70.0,6.86
3709.00,24.99,2695.41,49.03,3.500,20.00,70.0,6.86
3710.00,27.63,2697.71,49.14,3.500,20.00,70.0,6.86
3711.00,30.28,2700.00,49.26,3.500,20.00,70.0,6.86
3712.00,32.93,2702.28,49.37,3.500,20.00,70.0,6.86
3713.00,35.59,2704.56,49.49,3.500,20.00,70.0,6.86
3714.00,38.25,2706.84,49.60,3.500,20.00,70.0,6.86
3715.00,40.91,2709.10,49.71,3.500,20.00,70.0,6.86
3716.00,43.58,2711.37,49.83,3.500,20.00,70.0,6.86
3717.00,46.26,2713.63,49.94,3.500,20.00,70.0,6.86
3718.00,48.93,2715.88,50.06,3.500,20.00,70.0,6.86
3719.00,51.62,2718.12,50.17,3.500,20.00,70.0,6.86
3720.00,54.31,2720.37,50.29,3.500,20.00,70.0,6.86
3721.00,57.00,2722.60,50.40,3.500,20.00,70.0,6.86
3722.00,59.69,2724.83,50.51,3.500,20.00,70.0,6.86
3723.00,62.40,2727.06,50.63,3.500,20.00,70.0,6.86
3724.00,65.10,2729.28,50.74,3.500,20.00,70.0,6.86
3725.00,67.81,2731.49,50.86,3.500,20.00,70.0,6.86
3726.00,70.53,2733.70,50.97,3.500,20.00,70.0,6.86
3727.00,73.25,2735.91,51.09,3.500,20.00,70.0,6.86
3728.00,75.97,2738.11,51.20,3.500,20.00,70.0,6.86
3729.00,78.70,2740.30,51.31,3.500,20.00,70.0,6.86
3730.00,81.43,2742.49,51.43,3.500,20.00,70.0,6.86
3731.00,84.16,2744.67,51.54,3.500,20.00,70.0,6.86
3732.00,86.91,2746.85,51.66,3.500,20.00,70.0,6.86
3733.00,89.65,2749.02,51.77,3.500,20.00,70.0,6.86
3734.00,92.40,2751.18,51.89,3.500,20.00,70.0,6.86
3735.00,95.15,2753.34,52.00,3.500,20.00,70.0,6.86
3736.00,97.91,2755.50,52.11,3.500,20.00,70.0,6.86
3737.00,100.67,2757.65,52.23,3.500,20.00,70.0,6.86
3738.00,103.44,2759.79,52.34,3.500,20.00,70.0,6.86
3739.00,106.21,2761.93,52.46,3.500,20.00,70.0,6.86
3740.00,108.99,2764.06,52.57,3.500,20.00,70.0,6.86
3741.00,111.77,2766.19,52.69,3.500,20.00,70.0,6.86
3742.00,114.55,2768.31,52.80,3.500,20.00,70.0,6.86
3743.00,117.34,2770.43,52.91,3.500,20.00,70.0,6.86
3744.00,120.13,2772.54,53.03,3.500,20.00,70.0,6.86
3745.00,122.93,2774.64,53.14,3.500,20.00,70.0,6.86
3746.00,125.73,2776.74,53.26,3.500,20.00,70.0,6.86
3747.00,128.53,2778.84,53.37,3.500,20.00,70.0,6.86
3748.00,131.34,2780.92,53.49,3.500,20.00,70.0,6.86
3749.00,134.15,2783.01,53.60,3.500,20.00,70.0,6.86
3750.00,136.97,2785.08,53.71,3.500,20.00,70.0,6.86
3751.00,139.79,2787.16,53.83,3.500,20.00,70.0,6.86
3752.00,142.62,2789.22,53.94,3.500,20.00,70.0,6.86
3753.00,145.45,2791.28,54.06,3.500,20.00,70.0,6.86
3754.00,148.28,2793.34,54.17,3.500,20.00,70.0,6.86
3755.00,151.12,2795.38,54.29,3.500,20.00,70.0,6.86
3756.00,153.96,2797.43,54.40,3.500,20.00,70.0,6.86
3757.00,156.81,2799.46,54.51,3.500,20.00,70.0,6.86
3758.00,159.66,2801.50,54.63,3.500,20.00,70.0,6.86
3759.00,162.51,2803.52,54.74,3.500,20.00,70.0,6.86
3760.00,165.37,2805.54,54.86,3.500,20.00,70.0,6.86
3761.00,168.23,2807.56,54.97,3.500,20.00,70.0,6.86
3762.00,171.10,2809.57,55.09,3.500,20.00,70.0,6.86
3763.00,173.97,2811.57,55.20,3.500,20.00,70.0,6.86
3764.00,176.84,2813.57,55.31,3.500,20.00,70.0,6.86
3765.00,179.72,2815.56,55.43,3.500,20.00,70.0,6.86
3766.00,182.60,2817.54,55.54,3.500,20.00,70.0,6.86
3767.00,185.49,2819.53,55.66,3.500,20.00,70.0,6.86
3768.00,188.37,2821.50,55.77,3.500,20.00,70.0,6.86
3769.00,191.27,2823.47,55.89,3.500,20.00,70.0,6.86
3770.00,194.17,2825.43,56.00,3.500,20.00,70.0,6.86
3771.00,197.07,2827.39,56.11,3.500,20.00,70.0,6.86
3772.00,199.97,2829.34,56.23,3.500,20.00,70.0,6.86
3773.00,202.88,2831.29,56.34,3.500,20.00,70.0,6.86
3774.00,205.80,2833.23,56.46,3.500,20.00,70.0,6.86
3775.00,208.71,2835.16,56.57,3.500,20.00,70.0,6.86
3776.00,211.63,2837.09,56.69,3.500,20.00,70.0,6.86
3777.00,214.56,2839.01,56.80,3.500,20.00,70.0,6.86
3778.00,217.49,2840.93,56.91,3.500,20.00,70.0,6.86
3779.00,220.42,2842.84,57.03,3.500,20.00,70.0,6.86
3780.00,223.36,2844.74,57.14,3.500,20.00,70.0,6.86
3781.00,226.30,2846.64,57.26,3.500,20.00,70.0,6.86
3782.00,229.24,2848.53,57.37,3.500,20.00,70.0,6.86
3783.00,232.19,2850.42,57.49,3.500,20.00,70.0,6.86
3784.00,235.14,2852.30,57.60,3.500,20.00,70.0,6.86
3785.00,238.09,2854.18,57.71,3.500,20.00,70.0,6.86
3786.00,241.05,2856.05,57.83,3.500,20.00,70.0,6.86
3787.00,244.02,2857.91,57.94,3.500,20.00,70.0,6.86
3788.00,246.98,2859.77,58.06,3.500,20.00,70.0,6.86
3789.00,249.95,2861.62,58.17,3.500,20.00,70.0,6.86
3790.00,252.93,2863.47,58.29,3.500,20.00,70.0,6.86
3791.00,255.90,2865.31,58.40,3.500,20.00,70.0,6.86
3792.00,258.88,2867.14,58.51,3.500,20.00,70.0,6.86
3793.00,261.87,2868.97,58.63,3.500,20.00,70.0,6.86
3794.00,264.86,2870.79,58.74,3.500,20.00,70.0,6.86
3795.00,267.85,2872.61,58.86,3.500,20.00,70.0,6.86
3796.00,270.85,2874.42,58.97,3.500,20.00,70.0,6.86
3797.00,273.84,2876.22,59.09,3.500,20.00,70.0,6.86
3798.00,276.85,2878.02,59.20,3.500,20.00,70.0,6.86
3799.00,279.85,2879.81,59.31,3.500,20.00,70.0,6.86
3800.00,282.86,2881.60,59.43,3.500,20.00,70.0,6.86
3801.00,285.88,2883.38,59.54,3.500,20.00,70.0,6.86
3802.00,288.89,2885.15,59.66,3.500,20.00,70.0,6.86
3803.00,291.91,2886.92,59.77,3.500,20.00,70.0,6.86
3804.00,294.94,2888.68,59.89,3.500,20.00,70.0,6.86
3805.00,297.97,2890.44,60.00,3.500,20.00,70.0,6.86
3806.00,301.00,2892.19,60.11,3.500,20.00,70.0,6.86
3807.00,304.03,2893.93,60.23,3.500,20.00,70.0,6.86
3808.00,307.07,2895.67,60.34,3.500,20.00,70.0,6.86
3809.00,310.11,2897.40,60.46,3.500,20.00,70.0,6.86
3810.00,313.16,2899.13,60.57,3.500,20.00,70.0,6.86
3811.00,316.20,2900.85,60.69,3.500,20.00,70.0,6.86
3812.00,319.26,2902.56,60.80,3.500,20.00,70.0,6.86
3813.00,322.31,2904.27,60.91,3.500,20.00,70.0,6.86
3814.00,325.37,2905.97,61.03,3.500,20.00,70.0,6.86
3815.00,328.43,2907.66,61.14,3.500,20.00,70.0,6.86
3816.00,331.50,2909.35,61.26,3.500,20.00,70.0,6.86
3817.00,334.57,2911.04,61.37,3.500,20.00,70.0,6.86
3818.00,337.64,2912.71,61.49,3.500,20.00,70.0,6.86
3819.00,340.71,2914.38,61.60,3.500,20.00,70.0,6.86
3820.00,343.79,2916.05,61.71,3.500,20.00,70.0,6.86
3821.00,346.88,2917.71,61.83,3.500,20.00,70.0,6.86
3822.00,349.96,2919.36,61.94,3.500,20.00,70.0,6.86
3823.00,353.05,2921.01,62.06,3.500,20.00,70.0,6.86
3824.00,356.14,2922.65,62.17,3.500,20.00,70.0,6.86
3825.00,359.24,2924.28,62.29,3.500,20.00,70.0,6.86
3826.00,362.33,2925.91,62.40,3.500,20.00,70.0,6.86
3827.00,365.44,2927.53,62.51,3.500,20.00,70.0,6.86
3828.00,368.54,2929.14,62.63,3.500,20.00,70.0,6.86
3829.00,371.65,2930.75,62.74,3.500,20.00,70.0,6.86
3830.00,374.76,2932.36,62.86,3.500,20.00,70.0,6.86
3831.00,377.88,2933.95,62.97,3.500,20.00,70.0,6.86
3832.00,380.99,2935.54,63.09,3.500,20.00,70.0,6.86
3833.00,384.11,2937.13,63.20,3.500,20.00,70.0,6.86
3834.00,387.24,2938.71,63.31,3.500,20.00,70.0,6.86
3835.00,390.37,2940.28,63.43,3.500,20.00,70.0,6.86
3836.00,393.50,2941.84,63.54,3.500,20.00,70.0,6.86
3837.00,396.63,2943.40,63.66,3.500,20.00,70.0,6.86
3838.00,399.77,2944.96,63.77,3.500,20.00,70.0,6.86
3839.00,402.91,2946.50,63.89,3.500,20.00,70.0,6.86
3840.00,406.05,2948.04,64.00,3.500,20.00,70.0,6.86
3841.00,409.19,2949.58,64.11,3.500,20.00,70.0,6.86
3842.00,412.34,2951.11,64.23,3.500,20.00,70.0,6.86
3843.00,415.49,2952.63,64.34,3.500,20.00,70.0,6.86
3844.00,418.65,2954.14,64.46,3.500,20.00,70.0,6.86
3845.00,421.81,2955.65,64.57,3.500,20.00,70.0,6.86
3846.00,424.97,2957.15,64.69,3.500,20.00,70.0,6.86
3847.00,428.13,2958.65,64.80,3.500,20.00,70.0,6.86
3848.00,431.30,2960.14,64.91,3.500,20.00,70.0,6.86
3849.00,434.47,2961.63,65.03,3.500,20.00,70.0,6.86
3850.00,437.64,2963.10,65.14,3.500,20.00,70.0,6.86
3851.00,440.82,2964.57,65.26,3.500,20.00,70.0,6.86
3852.00,444.00,2966.04,65.37,3.500,20.00,70.0,6.86
3853.00,447.18,2967.50,65.49,3.500,20.00,70.0,6.86
3854.00,450.36,2968.95,65.60,3.500,20.00,70.0,6.86
3855.00,453.55,2970.40,65.71,3.500,20.00,70.0,6.86
3856.00,456.74,2971.84,65.83,3.500,20.00,70.0,6.86
3857.00,459.93,2973.27,65.94,3.500,20.00,70.0,6.86
3858.00,463.13,2974.70,66.06,3.500,20.00,70.0,6.86
3859.00,466.33,2976.12,66.17,3.500,20.00,70.0,6.86
3860.00,469.53,2977.53,66.29,3.500,20.00,70.0,6.86
3861.00,472.73,2978.94,66.40,3.500,20.00,70.0,6.86
3862.00,475.94,2980.34,66.51,3.500,20.00,70.0,6.86
3863.00,479.15,2981.73,66.63,3.500,20.00,70.0,6.86
3864.00,482.36,2983.12,66.74,3.500,20.00,70.0,6.86
3865.00,485.58,2984.50,66.86,3.500,20.00,70.0,6.86
3866.00,488.80,2985.88,66.97,3.500,20.00,70.0,6.86
3867.00,492.02,2987.25,67.09,3.500,20.00,70.0,6.86
3868.00,495.24,2988.61,67.20,3.500,20.00,70.0,6.86
3869.00,498.47,2989.97,67.31,3.500,20.00,70.0,6.86
3870.00,501.70,2991.32,67.43,3.500,20.00,70.0,6.86
3871.00,504.93,2992.66,67.54,3.500,20.00,70.0,6.86
3872.00,508.17,2994.00,67.66,3.500,20.00,70.0,6.86
3873.00,511.40,2995.33,67.77,3.500,20.00,70.0,6.86
3874.00,514.64,2996.65,67.89,3.500,20.00,70.0,6.86
3875.00,517.89,2997.97,68.00,3.500,20.00,70.0,6.86
3876.00,521.13,2999.28,68.11,3.500,20.00,70.0,6.86
3877.00,524.38,3000.59,68.23,3.500,20.00,70.0,6.86
3878.00,527.63,3001.88,68.34,3.500,20.00,70.0,6.86
3879.00,530.88,3003.18,68.46,3.500,20.00,70.0,6.86
3880.00,534.14,3004.46,68.57,3.500,20.00,70.0,6.86
3881.00,537.39,3005.74,68.69,3.500,20.00,70.0,6.86
3882.00,540.66,3007.01,68.80,3.500,20.00,70.0,6.86
3883.00,543.92,3008.28,68.91,3.500,20.00,70.0,6.86
3884.00,547.18,3009.54,69.03,3.500,20.00,70.0,6.86
3885.00,550.45,3010.79,69.14,3.500,20.00,70.0,6.86
3886.00,553.72,3012.04,69.26,3.500,20.00,70.0,6.86
3887.00,557.00,3013.27,69.37,3.500,20.00,70.0,6.86
3888.00,560.27,3014.51,69.49,3.500,20.00,70.0,6.86
3889.00,563.55,3015.73,69.60,3.500,20.00,70.0,6.86
3890.00,566.83,3016.95,69.71,3.500,20.00,70.0,6.86
3891.00,570.11,3018.17,69.83,3.500,20.00,70.0,6.86
3892.00,573.40,3019.37,69.94,3.500,20.00,70.0,6.86
3893.00,576.69,3020.58,70.06,3.500,20.00,70.0,6.86
3894.00,579.98,3021.77,70.17,3.500,20.00,70.0,6.86
3895.00,583.27,3022.96,70.29,3.500,20.00,70.0,6.86
3896.00,586.56,3024.14,70.40,3.500,20.00,70.0,6.86
3897.00,589.86,3025.31,70.51,3.500,20.00,70.0,6.86
3898.00,593.16,3026.48,70.63,3.500,20.00,70.0,6.86
3899.00,596.46,3027.64,70.74,3.500,20.00,70.0,6.86
3900.00,599.77,3028.79,70.86,3.500,20.00,70.0,6.86
3901.00,603.07,3029.94,70.97,3.500,20.00,70.0,6.86
3902.00,606.38,3031.08,71.09,3.500,20.00,70.0,6.86
3903.00,609.69,3032.22,71.20,3.500,20.00,70.0,6.86
3904.00,613.01,3033.35,71.31,3.500,20.00,70.0,6.86
3905.00,616.32,3034.47,71.43,3.500,20.00,70.0,6.86
3906.00,619.64,3035.58,71.54,3.500,20.00,70.0,6.86
3907.00,622.96,3036.69,71.66,3.500,20.00,70.0,6.86
3908.00,626.28,3037.79,71.77,3.500,20.00,70.0,6.86
3909.00,629.61,3038.89,71.89,3.500,20.00,70.0,6.86
3910.00,632.93,3039.97,72.00,3.500,20.00,70.0,6.86
3911.00,636.26,3041.06,72.11,3.500,20.00,70.0,6.86
3912.00,639.59,3042.13,72.23,3.500,20.00,70.0,6.86
3913.00,642.92,3043.20,72.34,3.500,20.00,70.0,6.86
3914.00,646.26,3044.26,72.46,3.500,20.00,70.0,6.86
3915.00,649.60,3045.31,72.57,3.500,20.00,70.0,6.86
3916.00,652.94,3046.36,72.69,3.500,20.00,70.0,6.86
3917.00,656.28,3047.40,72.80,3.500,20.00,70.0,6.86
3918.00,659.62,3048.44,72.91,3.500,20.00,70.0,6.86
3919.00,662.97,3049.47,73.03,3.500,20.00,70.0,6.86
3920.00,666.31,3050.49,73.14,3.500,20.00,70.0,6.86
3921.00,669.66,3051.50,73.26,3.500,20.00,70.0,6.86
3922.00,673.02,3052.51,73.37,3.500,20.00,70.0,6.86
3923.00,676.37,3053.51,73.49,3.500,20.00,70.0,6.86
3924.00,679.72,3054.51,73.60,3.500,20.00,70.0,6.86
3925.00,683.08,3055.50,73.71,3.500,20.00,70.0,6.86
3926.00,686.44,3056.48,73.83,3.500,20.00,70.0,6.86
3927.00,689.80,3057.45,73.94,3.500,20.00,70.0,6.86
3928.00,693.17,3058.42,74.06,3.500,20.00,70.0,6.86
3929.00,696.53,3059.38,74.17,3.500,20.00,70.0,6.86
3930.00,699.90,3060.34,74.29,3.500,20.00,70.0,6.86
3931.00,703.27,3061.29,74.40,3.500,20.00,70.0,6.86
3932.00,706.64,3062.23,74.51,3.500,20.00,70.0,6.86
3933.00,710.01,3063.16,74.63,3.500,20.00,70.0,6.86
3934.00,713.39,3064.09,74.74,3.500,20.00,70.0,6.86
3935.00,716.76,3065.01,74.86,3.500,20.00,70.0,6.86
3936.00,720.14,3065.92,74.97,3.500,20.00,70.0,6.86
3937.00,723.52,3066.83,75.09,3.500,20.00,70.0,6.86
3938.00,726.91,3067.73,75.20,3.500,20.00,70.0,6.86
3939.00,730.29,3068.63,75.31,3.500,20.00,70.0,6.86
3940.00,733.67,3069.51,75.43,3.500,20.00,70.0,6.86
3941.00,737.06,3070.40,75.54,3.500,20.00,70.0,6.86
3942.00,740.45,3071.27,75.66,3.500,20.00,70.0,6.86
3943.00,743.84,3072.14,75.77,3.500,20.00,70.0,6.86
3944.00,747.23,3073.00,75.89,3.500,20.00,70.0,6.86
3945.00,750.63,3073.85,76.00,3.500,20.00,70.0,6.86
3946.00,754.03,3074.70,76.11,3.500,20.00,70.0,6.86
3947.00,757.42,3075.54,76.23,3.500,20.00,70.0,6.86
3948.00,760.82,3076.37,76.34,3.500,20.00,70.0,6.86
3949.00,764.22,3077.20,76.46,3.500,20.00,70.0,6.86
3950.00,767.63,3078.02,76.57,3.500,20.00,70.0,6.86
3951.00,771.03,3078.83,76.69,3.500,20.00,70.0,6.86
3952.00,774.44,3079.63,76.80,3.500,20.00,70.0,6.86
3953.00,777.84,3080.43,76.91,3.500,20.00,70.0,6.86
3954.00,781.25,3081.23,77.03,3.500,20.00,70.0,6.86
3955.00,784.66,3082.01,77.14,3.500,20.00,70.0,6.86
3956.00,788.08,3082.79,77.26,3.500,20.00,70.0,6.86
3957.00,791.49,3083.56,77.37,3.500,20.00,70.0,6.86
3958.00,794.90,3084.33,77.49,3.500,20.00,70.0,6.86
3959.00,798.32,3085.09,77.60,3.500,20.00,70.0,6.86
3960.00,801.74,3085.84,77.71,3.500,20.00,70.0,6.86
3961.00,805.16,3086.58,77.83,3.500,20.00,70.0,6.86
3962.00,808.58,3087.32,77.94,3.500,20.00,70.0,6.86
3963.00,812.00,3088.05,78.06,3.500,20.00,70.0,6.86
3964.00,815.43,3088.78,78.17,3.500,20.00,70.0,6.86
3965.00,818.85,3089.49,78.29,3.500,20.00,70.0,6.86
3966.00,822.28,3090.20,78.40,3.500,20.00,70.0,6.86
3967.00,825.71,3090.91,78.51,3.500,20.00,70.0,6.86
3968.00,829.14,3091.60,78.63,3.500,20.00,70.0,6.86
3969.00,832.57,3092.29,78.74,3.500,20.00,70.0,6.86
3970.00,836.00,3092.98,78.86,3.500,20.00,70.0,6.86
3971.00,839.44,3093.65,78.97,3.500,20.00,70.0,6.86
3972.00,842.87,3094.32,79.09,3.500,20.00,70.0,6.86
3973.00,846.31,3094.99,79.20,3.500,20.00,70.0,6.86
3974.00,849.75,3095.64,79.31,3.500,20.00,70.0,6.86
3975.00,853.19,3096.29,79.43,3.500,20.00,70.0,6.86
3976.00,856.63,3096.93,79.54,3.500,20.00,70.0,6.86
3977.00,860.07,3097.57,79.66,3.500,20.00,70.0,6.86
3978.00,863.51,3098.20,79.77,3.500,20.00,70.0,6.86
3979.00,866.96,3098.82,79.89,3.500,20.00,70.0,6.86
3980.00,870.40,3099.43,80.00,3.500,20.00,70.0,6.86
3981.00,873.85,3100.04,80.11,3.500,20.00,70.0,6.86
3982.00,877.30,3100.64,80.23,3.500,20.00,70.0,6.86
3983.00,880.75,3101.24,80.34,3.500,20.00,70.0,6.86
3984.00,884.20,3101.82,80.46,3.500,20.00,70.0,6.86
3985.00,887.65,3102.40,80.57,3.500,20.00,70.0,6.86
3986.00,891.10,3102.98,80.69,3.500,20.00,70.0,6.86
3987.00,894.56,3103.54,80.80,3.500,20.00,70.0,6.86
3988.00,898.01,3104.10,80.91,3.500,20.00,70.0,6.86
3989.00,901.47,3104.66,81.03,3.500,20.00,70.0,6.86
3990.00,904.92,3105.20,81.14,3.500,20.00,70.0,6.86
3991.00,908.38,3105.74,81.26,3.500,20.00,70.0,6.86
3992.00,911.84,3106.27,81.37,3.500,20.00,70.0,6.86
3993.00,915.30,3106.80,81.49,3.500,20.00,70.0,6.86
3994.00,918.76,3107.32,81.60,3.500,20.00,70.0,6.86
3995.00,922.23,3107.83,81.71,3.500,20.00,70.0,6.86
3996.00,925.69,3108.33,81.83,3.500,20.00,70.0,6.86
3997.00,929.15,3108.83,81.94,3.500,20.00,70.0,6.86
3998.00,932.62,3109.32,82.06,3.500,20.00,70.0,6.86
3999.00,936.08,3109.80,82.17,3.500,20.00,70.0,6.86
4000.00,939.55,3110.28,82.29,3.500,20.00,70.0,6.86
4001.00,943.02,3110.75,82.40,3.500,20.00,70.0,6.86
4002.00,946.49,3111.21,82.51,3.500,20.00,70.0,6.86
4003.00,949.96,3111.67,82.63,3.500,20.00,70.0,6.86
4004.00,953.43,3112.12,82.74,3.500,20.00,70.0,6.86
4005.00,956.90,3112.56,82.86,3.500,20.00,70.0,6.86
4006.00,960.38,3112.99,82.97,3.500,20.00,70.0,6.86
4007.00,963.85,3113.42,83.09,3.500,20.00,70.0,6.86
4008.00,967.32,3113.84,83.20,3.500,20.00,70.0,6.86
4009.00,970.80,3114.26,83.31,3.500,20.00,70.0,6.86
4010.00,974.28,3114.67,83.43,3.500,20.00,70.0,6.86
4011.00,977.75,3115.07,83.54,3.500,20.00,70.0,6.86
4012.00,981.23,3115.46,83.66,3.500,20.00,70.0,6.86
4013.00,984.71,3115.85,83.77,3.500,20.00,70.0,6.86
4014.00,988.19,3116.23,83.89,3.500,20.00,70.0,6.86
4015.00,991.67,3116.60,84.00,3.500,20.00,70.0,6.86
4016.00,995.15,3116.97,84.11,3.500,20.00,70.0,6.86
4017.00,998.63,3117.32,84.23,3.500,20.00,70.0,6.86
4018.00,1002.11,3117.68,84.34,3.500,20.00,70.0,6.86
4019.00,1005.60,3118.02,84.46,3.500,20.00,70.0,6.86
4020.00,1009.08,3118.36,84.57,3.500,20.00,70.0,6.86
4021.00,1012.56,3118.69,84.69,3.500,20.00,70.0,6.86
4022.00,1016.05,3119.01,84.80,3.500,20.00,70.0,6.86
4023.00,1019.53,3119.33,84.91,3.500,20.00,70.0,6.86
4024.00,1023.02,3119.64,85.03,3.500,20.00,70.0,6.86
4025.00,1026.51,3119.95,85.14,3.500,20.00,70.0,6.86
4026.00,1030.00,3120.24,85.26,3.500,20.00,70.0,6.86
4027.00,1033.48,3120.53,85.37,3.500,20.00,70.0,6.86
4028.00,1036.97,3120.81,85.49,3.500,20.00,70.0,6.86
4029.00,1040.46,3121.09,85.60,3.500,20.00,70.0,6.86
4030.00,1043.95,3121.36,85.71,3.500,20.00,70.0,6.86
4031.00,1047.44,3121.62,85.83,3.500,20.00,70.0,6.86
4032.00,1050.93,3121.87,85.94,3.500,20.00,70.0,6.86
4033.00,1054.42,3122.12,86.06,3.500,20.00,70.0,6.86
4034.00,1057.91,3122.36,86.17,3.500,20.00,70.0,6.86
4035.00,1061.41,3122.60,86.29,3.500,20.00,70.0,6.86
4036.00,1064.90,3122.82,86.40,3.500,20.00,70.0,6.86
4037.00,1068.39,3123.04,86.51,3.500,20.00,70.0,6.86
4038.00,1071.89,3123.25,86.63,3.500,20.00,70.0,6.86
4039.00,1075.38,3123.46,86.74,3.500,20.00,70.0,6.86
4040.00,1078.87,3123.66,86.86,3.500,20.00,70.0,6.86
4041.00,1082.37,3123.85,86.97,3.500,20.00,70.0,6.86
4042.00,1085.86,3124.04,87.09,3.500,20.00,70.0,6.86
4043.00,1089.36,3124.21,87.20,3.500,20.00,70.0,6.86
4044.00,1092.86,3124.39,87.31,3.500,20.00,70.0,6.86
4045.00,1096.35,3124.55,87.43,3.500,20.00,70.0,6.86
4046.00,1099.85,3124.71,87.54,3.500,20.00,70.0,6.86
4047.00,1103.34,3124.86,87.66,3.500,20.00,70.0,6.86
4048.00,1106.84,3125.00,87.77,3.500,20.00,70.0,6.86
4049.00,1110.34,3125.14,87.89,3.500,20.00,70.0,6.86
4050.00,1113.84,3125.26,88.00,3.500,20.00,70.0,6.86
4051.00,1117.33,3125.39,88.11,3.500,20.00,70.0,6.86
4052.00,1120.83,3125.50,88.23,3.500,20.00,70.0,6.86
4053.00,1124.33,3125.61,88.34,3.500,20.00,70.0,6.86
4054.00,1127.83,3125.71,88.46,3.500,20.00,70.0,6.86
4055.00,1131.33,3125.81,88.57,3.500,20.00,70.0,6.86
4056.00,1134.83,3125.89,88.69,3.500,20.00,70.0,6.86
4057.00,1138.33,3125.97,88.80,3.500,20.00,70.0,6.86
4058.00,1141.83,3126.05,88.91,3.500,20.00,70.0,6.86
4059.00,1145.32,3126.11,89.03,3.500,20.00,70.0,6.86
4060.00,1148.82,3126.17,89.14,3.500,20.00,70.0,6.86
4061.00,1152.32,3126.22,89.26,3.500,20.00,70.0,6.86
4062.00,1155.82,3126.27,89.37,3.500,20.00,70.0,6.86
4063.00,1159.32,3126.31,89.49,3.500,20.00,70.0,6.86
4064.00,1162.82,3126.34,89.60,3.500,20.00,70.0,6.86
4065.00,1166.32,3126.36,89.71,3.500,20.00,70.0,6.86
4066.00,1169.82,3126.38,89.83,3.500,20.00,70.0,6.86
4067.00,1173.32,3126.39,89.94,3.500,20.00,70.0,6.86
4068.00,1176.82,3126.40,90.06,3.500,20.00,70.0,6.86
4069.00,1180.32,3126.39,90.17,3.500,20.00,70.0,6.86
4070.00,1183.82,3126.38,90.29,3.500,20.00,70.0,6.86
4071.00,1187.32,3126.36,90.40,3.500,20.00,70.0,6.86
4072.00,1190.82,3126.34,90.51,3.500,20.00,70.0,6.86
4073.00,1194.32,3126.31,90.63,3.500,20.00,70.0,6.86
4074.00,1197.82,3126.27,90.74,3.500,20.00,70.0,6.86
4075.00,1201.32,3126.22,90.86,3.500,20.00,70.0,6.86
4076.00,1204.82,3126.17,90.97,3.500,20.00,70.0,6.86
4077.00,1208.31,3126.11,91.08,3.490,-35.00,60.0,6.23
4078.00,1211.79,3126.05,91.17,3.480,-35.00,60.0,5.62
4079.00,1215.26,3125.98,91.25,3.471,-35.00,60.0,5.03
4080.00,1218.71,3125.90,91.33,3.451,-35.00,50.0,4.47
4081.00,1222.14,3125.82,91.39,3.432,-35.00,50.0,3.92
4082.00,1225.56,3125.74,91.45,3.414,-35.00,50.0,3.39
4083.00,1228.95,3125.65,91.50,3.395,-35.00,50.0,2.87
4084.00,1232.33,3125.56,91.54,3.377,-35.00,50.0,2.38
4085.00,1235.68,3125.47,91.57,3.360,-35.00,50.0,1.90
4086.00,1239.03,3125.38,91.59,3.343,-35.00,50.0,1.44
4087.00,1242.35,3125.29,91.61,3.326,-35.00,50.0,0.99
4088.00,1245.66,3125.20,91.62,3.309,-35.00,50.0,0.55
4089.00,1248.95,3125.11,91.62,3.293,-35.00,50.0,0.14
4090.00,1252.23,3125.01,91.62,3.277,-35.00,50.0,-0.27
4091.00,1255.49,3124.92,91.60,3.262,-35.00,50.0,-0.66
4092.00,1258.73,3124.83,91.59,3.246,-35.00,50.0,-1.04
4093.00,1261.96,3124.74,91.56,3.231,-35.00,50.0,-1.40
4094.00,1265.18,3124.65,91.53,3.217,-35.00,50.0,-1.76
4095.00,1268.38,3124.57,91.50,3.203,-35.00,50.0,-2.10
4096.00,1271.57,3124.48,91.46,3.188,-35.00,50.0,-2.43
4097.00,1274.74,3124.40,91.41,3.175,-35.00,50.0,-2.75
4098.00,1277.90,3124.32,91.36,3.161,-35.00,50.0,-3.06
4099.00,1281.05,3124.25,91.31,3.148,-35.00,50.0,-3.35
4100.00,1284.18,3124.18,91.25,3.135,-35.00,50.0,-3.64
4101.00,1287.30,3124.11,91.18,3.122,-35.00,50.0,-3.92
4102.00,1290.41,3124.05,91.11,3.110,-35.00,50.0,-4.19
4103.00,1293.51,3123.99,91.04,3.098,-35.00,50.0,-4.45
4104.00,1296.59,3123.93,90.96,3.086,-35.00,50.0,-4.70
4105.00,1299.67,3123.88,90.88,3.074,-35.00,50.0,-4.94
4106.00,1302.73,3123.83,90.79,3.063,-35.00,50.0,-5.18
4107.00,1305.78,3123.79,90.70,3.051,-35.00,50.0,-5.41
4108.00,1308.82,3123.75,90.61,3.040,-35.00,50.0,-5.63
4109.00,1311.85,3123.72,90.51,3.029,-35.00,50.0,-5.84
4110.00,1314.87,3123.69,90.41,3.019,-35.00,50.0,-6.04
4111.00,1317.88,3123.67,90.30,3.008,-35.00,50.0,-6.24
4112.00,1320.88,3123.66,90.20,2.998,-35.00,50.0,-6.44
4113.00,1323.86,3123.65,90.09,2.988,-35.00,50.0,-6.62
4114.00,1326.84,3123.64,89.97,2.979,-35.00,50.0,-6.80
4115.00,1329.81,3123.64,89.86,2.969,-35.00,50.0,-6.97
4116.00,1332.77,3123.65,89.74,2.960,-35.00,50.0,-7.14
4117.00,1335.72,3123.66,89.62,2.950,-35.00,50.0,-7.30
4118.00,1338.66,3123.68,89.49,2.941,-35.00,50.0,-7.46
4119.00,1341.60,3123.71,89.36,2.933,-35.00,50.0,-7.61
4120.00,1344.52,3123.74,89.24,2.924,-35.00,50.0,-7.76
4121.00,1347.43,3123.78,89.10,2.915,-35.00,50.0,-7.90
4122.00,1350.34,3123.83,88.97,2.907,-35.00,50.0,-8.04
4123.00,1353.24,3123.88,88.83,2.899,-35.00,50.0,-8.17
4124.00,1356.13,3123.94,88.70,2.891,-35.00,50.0,-8.30
4125.00,1359.01,3124.00,88.55,2.883,-35.00,50.0,-8.42
4126.00,1361.89,3124.08,88.41,2.876,-35.00,50.0,-8.54
4127.00,1364.75,3124.16,88.27,2.868,-35.00,50.0,-8.65
4128.00,1367.61,3124.24,88.12,2.861,-35.00,50.0,-8.77
4129.00,1370.47,3124.34,87.97,2.853,-35.00,50.0,-8.87
4130.00,1373.31,3124.44,87.82,2.846,-35.00,50.0,-8.98
4131.00,1376.15,3124.54,87.67,2.839,-35.00,50.0,-9.08
4132.00,1378.98,3124.66,87.52,2.833,-35.00,50.0,-9.18
4133.00,1381.80,3124.78,87.37,2.826,-35.00,50.0,-9.27
4134.00,1384.62,3124.91,87.21,2.820,-35.00,50.0,-9.36
4135.00,1387.43,3125.05,87.05,2.813,-35.00,50.0,-9.45
4136.00,1390.23,3125.19,86.89,2.807,-35.00,50.0,-9.53
4137.00,1393.03,3125.34,86.73,2.801,-35.00,50.0,-9.62
4138.00,1395.82,3125.50,86.57,2.795,-35.00,50.0,-9.70
4139.00,1398.60,3125.67,86.41,2.789,-35.00,50.0,-9.77
4140.00,1401.38,3125.84,86.24,2.783,-35.00,50.0,-9.85
4141.00,1404.15,3126.03,86.08,2.777,-35.00,50.0,-9.92
4142.00,1406.92,3126.22,85.91,2.772,-35.00,50.0,-9.99
4143.00,1409.67,3126.41,85.75,2.766,-35.00,50.0,-10.05
4144.00,1412.43,3126.62,85.58,2.761,-35.00,50.0,-10.12
4145.00,1415.18,3126.83,85.41,2.756,-35.00,50.0,-10.18
4146.00,1417.92,3127.05,85.24,2.751,-35.00,50.0,-10.24
4147.00,1420.65,3127.28,85.06,2.746,-35.00,50.0,-10.30
4148.00,1423.38,3127.51,84.89,2.741,-35.00,50.0,-10.36
4149.00,1426.11,3127.76,84.72,2.736,-35.00,50.0,-10.41
4150.00,1428.83,3128.01,84.54,2.731,-35.00,50.0,-10.47
4151.00,1431.54,3128.27,84.37,2.727,-35.00,50.0,-10.52
4152.00,1434.25,3128.54,84.19,2.722,-35.00,50.0,-10.57
4153.00,1436.96,3128.81,84.02,2.718,-35.00,50.0,-10.61
4154.00,1439.65,3129.09,83.84,2.713,-35.00,50.0,-10.66
4155.00,1442.35,3129.38,83.66,2.709,-35.00,50.0,-10.70
4156.00,1445.04,3129.68,83.48,2.705,-35.00,50.0,-10.75
4157.00,1447.72,3129.99,83.30,2.701,-35.00,50.0,-10.79
4158.00,1450.40,3130.30,83.12,2.697,-35.00,50.0,-10.83
4159.00,1453.07,3130.63,82.94,2.693,-35.00,50.0,-10.87
4160.00,1455.74,3130.96,82.76,2.689,-35.00,50.0,-10.91
4161.00,1458.40,3131.30,82.57,2.685,-35.00,50.0,-10.94
4162.00,1461.06,3131.64,82.39,2.681,-35.00,50.0,-10.98
4163.00,1463.72,3132.00,82.21,2.678,-35.00,50.0,-11.01
4164.00,1466.37,3132.36,82.02,2.674,-35.00,50.0,-11.05
4165.00,1469.01,3132.73,81.84,2.671,-35.00,50.0,-11.08
4166.00,1471.65,3133.11,81.65,2.667,-35.00,50.0,-11.11
4167.00,1474.29,3133.50,81.47,2.664,-35.00,50.0,-11.14
4168.00,1476.92,3133.89,81.28,2.661,-35.00,50.0,-11.17
4169.00,1479.55,3134.29,81.10,2.658,-35.00,50.0,-11.19
4170.00,1482.17,3134.70,80.91,2.654,-35.00,50.0,-11.22
4171.00,1484.79,3135.12,80.72,2.651,-35.00,50.0,-11.25
4172.00,1487.40,3135.55,80.53,2.648,-35.00,50.0,-11.27
4173.00,1490.01,3135.98,80.35,2.645,-35.00,50.0,-11.30
4174.00,1492.61,3136.43,80.16,2.642,-35.00,50.0,-11.32
4175.00,1495.21,3136.88,79.97,2.640,-35.00,50.0,-11.34
4176.00,1497.81,3137.34,79.78,2.637,-35.00,50.0,-11.36
4177.00,1500.40,3137.81,79.59,2.634,-35.00,50.0,-11.39
4178.00,1502.99,3138.28,79.40,2.631,-35.00,50.0,-11.41
4179.00,1505.58,3138.76,79.21,2.629,-35.00,50.0,-11.43
4180.00,1508.16,3139.26,79.02,2.626,-35.00,50.0,-11.45
4181.00,1510.73,3139.76,78.83,2.624,-35.00,50.0,-11.46
4182.00,1513.30,3140.26,78.64,2.621,-35.00,50.0,-11.48
4183.00,1515.87,3140.78,78.44,2.619,-35.00,50.0,-11.50
4184.00,1518.43,3141.30,78.25,2.616,-35.00,50.0,-11.52
4185.00,1520.99,3141.84,78.06,2.614,-35.00,50.0,-11.53
4186.00,1523.55,3142.38,77.87,2.612,-35.00,50.0,-11.55
4187.00,1526.10,3142.93,77.67,2.610,-35.00,50.0,-11.56
4188.00,1528.65,3143.48,77.48,2.607,-35.00,50.0,-11.58
4189.00,1531.19,3144.05,77.29,2.605,-35.00,50.0,-11.59
4190.00,1533.73,3144.62,77.09,2.603,-35.00,50.0,-11.60
4191.00,1536.26,3145.20,76.90,2.601,-35.00,50.0,-11.62
4192.00,1538.79,3145.79,76.71,2.599,-35.00,50.0,-11.63
4193.00,1541.32,3146.39,76.51,2.597,-35.00,50.0,-11.64
4194.00,1543.85,3146.99,76.32,2.595,-35.00,50.0,-11.65
4195.00,1546.37,3147.61,76.12,2.593,-35.00,50.0,-11.67
4196.00,1548.88,3148.23,75.93,2.591,-35.00,50.0,-11.68
4197.00,1551.39,3148.86,75.73,2.589,-35.00,50.0,-11.69
4198.00,1553.90,3149.49,75.54,2.588,-35.00,50.0,-11.70
4199.00,1556.40,3150.14,75.34,2.586,-35.00,50.0,-11.71
4200.00,1558.90,3150.79,75.15,2.584,-35.00,50.0,-11.72
4201.00,1561.40,3151.46,74.95,2.583,-35.00,50.0,-11.73
4202.00,1563.89,3152.13,74.76,2.581,-35.00,50.0,-11.74
4203.00,1566.38,3152.80,74.56,2.579,-35.00,50.0,-11.75
4204.00,1568.87,3153.49,74.37,2.578,-35.00,50.0,-11.75
4205.00,1571.35,3154.18,74.17,2.576,-35.00,50.0,-11.76
4206.00,1573.82,3154.89,73.97,2.575,-35.00,50.0,-11.77
4207.00,1576.30,3155.60,73.78,2.573,-35.00,50.0,-11.78
4208.00,1578.77,3156.31,73.58,2.572,-35.00,50.0,-11.79
4209.00,1581.23,3157.04,73.39,2.570,-35.00,50.0,-11.79
4210.00,1583.69,3157.78,73.19,2.569,-35.00,50.0,-11.80
4211.00,1586.15,3158.52,72.99,2.567,-35.00,50.0,-11.81
4212.00,1588.61,3159.27,72.80,2.566,-35.00,50.0,-11.81
4213.00,1591.06,3160.03,72.60,2.565,-35.00,50.0,-11.82
4214.00,1593.50,3160.79,72.40,2.563,-35.00,50.0,-11.82
4215.00,1595.94,3161.57,72.20,2.562,-35.00,50.0,-11.83
4216.00,1598.38,3162.35,72.01,2.561,-35.00,50.0,-11.84
4217.00,1600.82,3163.14,71.81,2.560,-35.00,50.0,-11.84
4218.00,1603.25,3163.94,71.61,2.559,-35.00,50.0,-11.85
4219.00,1605.67,3164.75,71.41,2.557,-35.00,50.0,-11.85
4220.00,1608.10,3165.56,71.22,2.556,-35.00,50.0,-11.86
4221.00,1610.52,3166.39,71.02,2.555,-35.00,50.0,-11.86
4222.00,1612.93,3167.22,70.82,2.554,-35.00,50.0,-11.87
4223.00,1615.34,3168.05,70.62,2.553,-35.00,50.0,-11.87
4224.00,1617.75,3168.90,70.43,2.552,-35.00,50.0,-11.88
4225.00,1620.15,3169.76,70.23,2.551,-35.00,50.0,-11.88
4226.00,1622.55,3170.62,70.03,2.550,-35.00,50.0,-11.88
4227.00,1624.95,3171.49,69.83,2.549,-35.00,50.0,-11.89
4228.00,1627.34,3172.37,69.63,2.548,-35.00,50.0,-11.89
4229.00,1629.73,3173.25,69.43,2.547,-35.00,50.0,-11.89
4230.00,1632.11,3174.15,69.24,2.546,-35.00,50.0,-11.90
4231.00,1634.49,3175.05,69.04,2.545,-35.00,50.0,-11.90
4232.00,1636.87,3175.96,68.84,2.544,-35.00,50.0,-11.90
4233.00,1639.24,3176.88,68.64,2.543,-35.00,50.0,-11.91
4234.00,1641.61,3177.80,68.44,2.542,-35.00,50.0,-11.91
4235.00,1643.97,3178.74,68.24,2.542,-35.00,50.0,-11.91
4236.00,1646.33,3179.68,68.05,2.541,-35.00,50.0,-11.92
4237.00,1648.69,3180.63,67.85,2.540,-35.00,50.0,-11.92
4238.00,1651.04,3181.59,67.65,2.539,-35.00,50.0,-11.92
4239.00,1653.38,3182.55,67.45,2.538,-35.00,50.0,-11.92
4240.00,1655.73,3183.53,67.25,2.538,-35.00,50.0,-11.93
4241.00,1658.07,3184.51,67.05,2.537,-35.00,50.0,-11.93
4242.00,1660.40,3185.50,66.85,2.536,-35.00,50.0,-11.93
4243.00,1662.73,3186.49,66.65,2.535,-35.00,50.0,-11.93
4244.00,1665.06,3187.50,66.46,2.535,-35.00,50.0,-11.94
4245.00,1667.38,3188.51,66.26,2.534,-35.00,50.0,-11.94
4246.00,1669.70,3189.53,66.06,2.533,-35.00,50.0,-11.94
4247.00,1672.02,3190.56,65.86,2.533,-35.00,50.0,-11.94
4248.00,1674.33,3191.59,65.66,2.532,-35.00,50.0,-11.94
4249.00,1676.63,3192.64,65.46,2.531,-35.00,50.0,-11.95
4250.00,1678.94,3193.69,65.26,2.531,-35.00,50.0,-11.95
4251.00,1681.23,3194.75,65.06,2.530,-35.00,50.0,-11.95
4252.00,1683.53,3195.81,64.86,2.529,-35.00,50.0,-11.95
4253.00,1685.82,3196.89,64.66,2.529,-35.00,50.0,-11.95
4254.00,1688.10,3197.97,64.46,2.528,-35.00,50.0,-11.95
4255.00,1690.38,3199.06,64.26,2.528,-35.00,50.0,-11.96
4256.00,1692.66,3200.15,64.07,2.527,-35.00,50.0,-11.96
4257.00,1694.93,3201.26,63.87,2.527,-35.00,50.0,-11.96
4258.00,1697.20,3202.37,63.67,2.526,-35.00,50.0,-11.96
4259.00,1699.46,3203.49,63.47,2.526,-35.00,50.0,-11.96
4260.00,1701.72,3204.62,63.27,2.525,-35.00,50.0,-11.96
4261.00,1703.98,3205.76,63.07,2.525,-35.00,50.0,-11.96
4262.00,1706.23,3206.90,62.87,2.524,-35.00,50.0,-11.97
4263.00,1708.47,3208.05,62.67,2.524,-35.00,50.0,-11.97
4264.00,1710.71,3209.21,62.47,2.523,-35.00,50.0,-11.97
4265.00,1712.95,3210.37,62.27,2.523,-35.00,50.0,-11.97
4266.00,1715.18,3211.55,62.07,2.522,-35.00,50.0,-11.97
4267.00,1717.41,3212.73,61.87,2.522,-35.00,50.0,-11.97
4268.00,1719.64,3213.92,61.67,2.521,-35.00,50.0,-11.97
4269.00,1721.86,3215.11,61.47,2.521,-35.00,50.0,-11.97
4270.00,1724.07,3216.32,61.27,2.520,-35.00,50.0,-11.97
4271.00,1726.28,3217.53,61.07,2.520,-35.00,50.0,-11.97
4272.00,1728.48,3218.75,60.87,2.520,-35.00,50.0,-11.98
4273.00,1730.69,3219.97,60.67,2.519,-35.00,50.0,-11.98
4274.00,1732.88,3221.21,60.47,2.519,-35.00,50.0,-11.98
4275.00,1735.07,3222.45,60.28,2.519,-35.00,50.0,-11.98
4276.00,1737.26,3223.70,60.08,2.518,-35.00,50.0,-11.98
4277.00,1739.44,3224.95,59.88,2.518,-35.00,50.0,-11.98
4278.00,1741.62,3226.22,59.68,2.517,-35.00,50.0,-11.98
4279.00,1743.79,3227.49,59.48,2.517,-35.00,50.0,-11.98
4280.00,1745.96,3228.77,59.28,2.517,-35.00,50.0,-11.98
4281.00,1748.12,3230.05,59.08,2.516,-35.00,50.0,-11.98
4282.00,1750.28,3231.34,58.88,2.516,-35.00,50.0,-11.98
4283.00,1752.44,3232.65,58.68,2.516,-35.00,50.0,-11.98
4284.00,1754.58,3233.95,58.48,2.515,-35.00,50.0,-11.98
4285.00,1756.73,3235.27,58.28,2.515,-35.00,50.0,-11.98
4286.00,1758.87,3236.59,58.08,2.515,-35.00,50.0,-11.98
4287.00,1761.00,3237.92,57.88,2.515,-35.00,50.0,-11.99
4288.00,1763.13,3239.26,57.68,2.514,-35.00,50.0,-11.99
4289.00,1765.26,3240.60,57.48,2.514,-35.00,50.0,-11.99
4290.00,1767.37,3241.95,57.28,2.514,-35.00,50.0,-11.99
4291.00,1769.49,3243.31,57.08,2.513,-35.00,50.0,-11.99
4292.00,1771.60,3244.68,56.88,2.513,-35.00,50.0,-11.99
4293.00,1773.70,3246.05,56.68,2.513,-35.00,50.0,-11.99
4294.00,1775.80,3247.43,56.48,2.513,-35.00,50.0,-11.99
4295.00,1777.90,3248.82,56.28,2.512,-35.00,50.0,-11.99
4296.00,1779.99,3250.21,56.08,2.512,-35.00,50.0,-11.99
4297.00,1782.07,3251.61,55.88,2.512,-35.00,50.0,-11.99
4298.00,1784.15,3253.02,55.68,2.512,-35.00,50.0,-11.99
4299.00,1786.22,3254.44,55.48,2.511,-35.00,50.0,-11.99
4300.00,1788.29,3255.86,55.28,2.511,-35.00,50.0,-11.99
4301.00,1790.36,3257.29,55.08,2.511,-35.00,50.0,-11.99
4302.00,1792.42,3258.73,54.88,2.511,-35.00,50.0,-11.99
4303.00,1794.47,3260.17,54.68,2.511,-35.00,50.0,-11.99
4304.00,1796.52,3261.62,54.48,2.510,-35.00,50.0,-11.99
4305.00,1798.56,3263.08,54.28,2.510,-35.00,50.0,-11.99
4306.00,1800.60,3264.55,54.08,2.510,-35.00,50.0,-11.99
4307.00,1802.63,3266.02,53.88,2.510,-35.00,50.0,-11.99
4308.00,1804.66,3267.50,53.68,2.510,-35.00,50.0,-11.99
4309.00,1806.68,3268.98,53.48,2.509,-35.00,50.0,-11.99
4310.00,1808.70,3270.48,53.28,2.509,-35.00,50.0,-11.99
4311.00,1810.71,3271.98,53.08,2.509,-35.00,50.0,-11.99
4312.00,1812.71,3273.49,52.88,2.509,-35.00,50.0,-11.99
4313.00,1814.71,3275.00,52.68,2.509,-35.00,50.0,-11.99
4314.00,1816.71,3276.52,52.48,2.508,-35.00,50.0,-11.99
4315.00,1818.70,3278.05,52.28,2.508,-35.00,50.0,-11.99
4316.00,1820.68,3279.58,52.08,2.508,-35.00,50.0,-11.99
4317.00,1822.66,3281.12,51.88,2.508,-35.00,50.0,-11.99
4318.00,1824.63,3282.67,51.68,2.508,-35.00,50.0,-11.99
4319.00,1826.60,3284.23,51.48,2.508,-35.00,50.0,-12.00
4320.00,1828.56,3285.79,51.28,2.507,-35.00,50.0,-12.00
4321.00,1830.52,3287.35,51.08,2.507,-35.00,50.0,-12.00
4322.00,1832.47,3288.93,50.88,2.507,-35.00,50.0,-12.00
4323.00,1834.42,3290.51,50.68,2.507,-35.00,50.0,-12.00
4324.00,1836.36,3292.10,50.48,2.507,-35.00,50.0,-12.00
4325.00,1838.29,3293.70,50.28,2.507,-35.00,50.0,-12.00
4326.00,1840.22,3295.30,50.08,2.507,-35.00,50.0,-12.00
4327.00,1842.14,3296.91,49.88,2.506,-35.00,50.0,-12.00
4328.00,1844.06,3298.52,49.68,2.506,-35.00,50.0,-12.00
4329.00,1845.97,3300.14,49.48,2.506,-35.00,50.0,-12.00
4330.00,1847.87,3301.77,49.28,2.506,-35.00,50.0,-12.00
4331.00,1849.77,3303.40,49.08,2.506,-35.00,50.0,-12.00
4332.00,1851.67,3305.05,48.88,2.506,-35.00,50.0,-12.00
4333.00,1853.55,3306.69,48.68,2.506,-35.00,50.0,-12.00
4334.00,1855.44,3308.35,48.48,2.506,-35.00,50.0,-12.00
4335.00,1857.31,3310.01,48.28,2.506,-35.00,50.0,-12.00
4336.00,1859.18,3311.68,48.08,2.505,-35.00,50.0,-12.00
4337.00,1861.05,3313.35,47.88,2.505,-35.00,50.0,-12.00
4338.00,1862.90,3315.03,47.68,2.505,-35.00,50.0,-12.00
4339.00,1864.76,3316.72,47.48,2.505,-35.00,50.0,-12.00
4340.00,1866.60,3318.41,47.28,2.505,-35.00,50.0,-12.00
4341.00,1868.44,3320.11,47.08,2.505,-35.00,50.0,-12.00
4342.00,1870.28,3321.81,46.88,2.505,-35.00,50.0,-12.00
4343.00,1872.11,3323.52,46.68,2.505,-35.00,50.0,-12.00
4344.00,1873.93,3325.24,46.48,2.505,-35.00,50.0,-12.00
4345.00,1875.74,3326.97,46.28,2.504,-35.00,50.0,-12.00
4346.00,1877.55,3328.70,46.08,2.504,-35.00,50.0,-12.00
4347.00,1879.36,3330.44,45.88,2.504,-35.00,50.0,-12.00
4348.00,1881.16,3332.18,45.68,2.504,-35.00,50.0,-12.00
4349.00,1882.95,3333.93,45.48,2.504,-35.00,50.0,-12.00
4350.00,1884.73,3335.68,45.28,2.504,-35.00,50.0,-12.00
4351.00,1886.51,3337.45,45.08,2.504,-35.00,50.0,-12.00
4352.00,1888.29,3339.21,44.88,2.504,-35.00,50.0,-12.00
4353.00,1890.05,3340.99,44.68,2.504,-35.00,50.0,-12.00
4354.00,1891.81,3342.77,44.48,2.504,-35.00,50.0,-12.00
4355.00,1893.57,3344.55,44.29,2.504,-35.00,50.0,-12.00
4356.00,1895.32,3346.35,44.09,2.504,-35.00,50.0,-12.00
4357.00,1897.06,3348.14,43.89,2.504,-35.00,50.0,-12.00
4358.00,1898.79,3349.95,43.69,2.503,-35.00,50.0,-12.00
4359.00,1900.52,3351.76,43.49,2.503,-35.00,50.0,-12.00
4360.00,1902.25,3353.58,43.29,2.503,-35.00,50.0,-12.00
4361.00,1903.96,3355.40,43.09,2.503,-35.00,50.0,-12.00
4362.00,1905.67,3357.23,42.89,2.503,-35.00,50.0,-12.00
4363.00,1907.38,3359.06,42.69,2.503,-35.00,50.0,-12.00
4364.00,1909.07,3360.90,42.49,2.503,-35.00,50.0,-12.00
4365.00,1910.76,3362.75,42.29,2.503,-35.00,50.0,-12.00
4366.00,1912.45,3364.60,42.09,2.503,-35.00,50.0,-12.00
4367.00,1914.12,3366.45,41.89,2.503,-35.00,50.0,-12.00
4368.00,1915.80,3368.32,41.69,2.503,-35.00,50.0,-12.00
4369.00,1917.46,3370.19,41.49,2.503,-35.00,50.0,-12.00
4370.00,1919.12,3372.06,41.29,2.503,-35.00,50.0,-12.00
4371.00,1920.77,3373.94,41.09,2.503,-35.00,50.0,-12.00
4372.00,1922.41,3375.83,40.89,2.503,-35.00,50.0,-12.00
4373.00,1924.05,3377.72,40.69,2.503,-35.00,50.0,-12.00
4374.00,1925.68,3379.62,40.49,2.503,-35.00,50.0,-12.00
4375.00,1927.31,3381.52,40.29,2.502,-35.00,50.0,-12.00
4376.00,1928.93,3383.43,40.09,2.502,-35.00,50.0,-12.00
4377.00,1930.54,3385.35,39.89,2.502,-35.00,50.0,-12.00
4378.00,1932.14,3387.27,39.69,2.502,-35.00,50.0,-12.00
4379.00,1933.74,3389.19,39.49,2.502,-35.00,50.0,-12.00
4380.00,1935.33,3391.12,39.29,2.502,-35.00,50.0,-12.00
4381.00,1936.91,3393.06,39.09,2.502,-35.00,50.0,-12.00
4382.00,1938.49,3395.00,38.89,2.502,-35.00,50.0,-12.00
4383.00,1940.06,3396.95,38.69,2.502,-35.00,50.0,-12.00
4384.00,1941.63,3398.90,38.49,2.502,-35.00,50.0,-12.00
4385.00,1943.18,3400.86,38.29,2.502,-35.00,50.0,-12.00
4386.00,1944.73,3402.82,38.09,2.502,-35.00,50.0,-12.00
4387.00,1946.28,3404.79,37.89,2.502,-35.00,50.0,-12.00
4388.00,1947.81,3406.77,37.69,2.502,-35.00,50.0,-12.00
4389.00,1949.34,3408.75,37.49,2.502,-35.00,50.0,-12.00
4390.00,1950.87,3410.73,37.29,2.502,-35.00,50.0,-12.00
4391.00,1952.38,3412.72,37.09,2.502,-35.00,50.0,-12.00
4392.00,1953.89,3414.72,36.89,2.502,-35.00,50.0,-12.00
4393.00,1955.39,3416.72,36.69,2.502,-35.00,50.0,-12.00
4394.00,1956.89,3418.73,36.49,2.502,-35.00,50.0,-12.00
4395.00,1958.37,3420.74,36.29,2.502,-35.00,50.0,-12.00
4396.00,1959.85,3422.75,36.09,2.502,-35.00,50.0,-12.00
4397.00,1961.33,3424.78,35.89,2.502,-35.00,50.0,-12.00
4398.00,1962.79,3426.80,35.69,2.502,-35.00,50.0,-12.00
4399.00,1964.25,3428.83,35.49,2.502,-35.00,50.0,-12.00
4400.00,1965.71,3430.87,35.29,2.501,-35.00,50.0,-12.00
4401.00,1967.15,3432.91,35.09,2.501,-35.00,50.0,-12.00
4402.00,1968.59,3434.96,34.89,2.501,-35.00,50.0,-12.00
4403.00,1970.02,3437.01,34.69,2.501,-35.00,50.0,-12.00
4404.00,1971.44,3439.07,34.49,2.501,-35.00,50.0,-12.00
4405.00,1972.86,3441.13,34.29,2.501,-35.00,50.0,-12.00
4406.00,1974.27,3443.20,34.09,2.501,-35.00,50.0,-12.00
4407.00,1975.67,3445.27,33.89,2.501,-35.00,50.0,-12.00
4408.00,1977.06,3447.35,33.69,2.501,-35.00,50.0,-12.00
4409.00,1978.45,3449.43,33.49,2.501,-35.00,50.0,-12.00
4410.00,1979.83,3451.51,33.29,2.501,-35.00,50.0,-12.00
4411.00,1981.20,3453.60,33.09,2.501,-35.00,50.0,-12.00
4412.00,1982.57,3455.70,32.89,2.501,-35.00,50.0,-12.00
4413.00,1983.93,3457.80,32.69,2.501,-35.00,50.0,-12.00
4414.00,1985.28,3459.90,32.49,2.501,-35.00,50.0,-12.00
4415.00,1986.62,3462.01,32.29,2.501,-35.00,50.0,-12.00
4416.00,1987.96,3464.13,32.09,2.501,-35.00,50.0,-12.00
4417.00,1989.29,3466.25,31.89,2.501,-35.00,50.0,-12.00
4418.00,1990.61,3468.37,31.69,2.501,-35.00,50.0,-12.00
4419.00,1991.92,3470.50,31.49,2.501,-35.00,50.0,-12.00
4420.00,1993.23,3472.63,31.29,2.501,-35.00,50.0,-12.00
4421.00,1994.53,3474.77,31.09,2.501,-35.00,50.0,-12.00
4422.00,1995.82,3476.91,30.89,2.501,-35.00,50.0,-12.00
4423.00,1997.10,3479.06,30.69,2.501,-35.00,50.0,-12.00
4424.00,1998.38,3481.21,30.49,2.501,-35.00,50.0,-12.00
4425.00,1999.65,3483.36,30.29,2.501,-35.00,50.0,-12.00
4426.00,2000.91,3485.52,30.09,2.501,-35.00,50.0,-12.00
4427.00,2002.16,3487.69,29.89,2.501,-35.00,50.0,-12.00
4428.00,2003.41,3489.86,29.69,2.501,-35.00,50.0,-12.00
4429.00,2004.64,3492.03,29.49,2.501,-35.00,50.0,-12.00
4430.00,2005.88,3494.20,29.29,2.501,-35.00,50.0,-12.00
4431.00,2007.10,3496.39,29.09,2.501,-35.00,50.0,-12.00
4432.00,2008.31,3498.57,28.89,2.501,-35.00,50.0,-12.00
4433.00,2009.52,3500.76,28.69,2.501,-35.00,50.0,-12.00
4434.00,2010.72,3502.95,28.49,2.501,-35.00,50.0,-12.00
4435.00,2011.92,3505.15,28.29,2.501,-35.00,50.0,-12.00
4436.00,2013.10,3507.35,28.09,2.501,-35.00,50.0,-12.00
4437.00,2014.28,3509.56,27.89,2.501,-35.00,50.0,-12.00
4438.00,2015.45,3511.77,27.69,2.501,-35.00,50.0,-12.00
4439.00,2016.61,3513.99,27.49,2.501,-35.00,50.0,-12.00
4440.00,2017.76,3516.20,27.29,2.501,-35.00,50.0,-12.00
4441.00,2018.91,3518.43,27.09,2.501,-35.00,50.0,-12.00
4442.00,2020.05,3520.65,26.89,2.501,-35.00,50.0,-12.00
4443.00,2021.18,3522.88,26.69,2.501,-35.00,50.0,-12.00
4444.00,2022.30,3525.12,26.49,2.501,-35.00,50.0,-12.00
4445.00,2023.42,3527.36,26.29,2.501,-35.00,50.0,-12.00
4446.00,2024.53,3529.60,26.09,2.501,-35.00,50.0,-12.00
4447.00,2025.62,3531.84,25.89,2.501,-35.00,50.0,-12.00
4448.00,2026.72,3534.09,25.69,2.501,-35.00,50.0,-12.00
4449.00,2027.80,3536.35,25.49,2.501,-35.00,50.0,-12.00
4450.00,2028.88,3538.60,25.29,2.501,-35.00,50.0,-12.00
4451.00,2029.94,3540.86,25.09,2.501,-35.00,50.0,-12.00
4452.00,2031.00,3543.13,24.89,2.501,-35.00,50.0,-12.00
4453.00,2032.06,3545.40,24.69,2.501,-35.00,50.0,-12.00
4454.00,2033.10,3547.67,24.49,2.500,-35.00,50.0,-12.00
4455.00,2034.14,3549.95,24.29,2.500,-35.00,50.0,-12.00
4456.00,2035.17,3552.22,24.09,2.500,-35.00,50.0,-12.00
4457.00,2036.19,3554.51,23.89,2.500,-35.00,50.0,-12.00
4458.00,2037.20,3556.79,23.69,2.500,-35.00,50.0,-12.00
4459.00,2038.20,3559.08,23.49,2.500,-35.00,50.0,-12.00
4460.00,2039.20,3561.38,23.29,2.500,-35.00,50.0,-12.00
4461.00,2040.19,3563.67,23.09,2.500,-35.00,50.0,-12.00
4462.00,2041.17,3565.97,22.89,2.500,-35.00,50.0,-12.00
4463.00,2042.14,3568.28,22.69,2.500,-35.00,50.0,-12.00
4464.00,2043.11,3570.58,22.49,2.500,-35.00,50.0,-12.00
4465.00,2044.06,3572.89,22.29,2.500,-35.00,50.0,-12.00
4466.00,2045.01,3575.21,22.09,2.500,-35.00,50.0,-12.00
4467.00,2045.95,3577.53,21.89,2.500,-35.00,50.0,-12.00
4468.00,2046.88,3579.85,21.69,2.500,-35.00,50.0,-12.00
4469.00,2047.81,3582.17,21.49,2.500,-35.00,50.0,-12.00
4470.00,2048.72,3584.50,21.29,2.500,-35.00,50.0,-12.00
4471.00,2049.63,3586.82,21.09,2.500,-35.00,50.0,-12.00
4472.00,2050.53,3589.16,20.89,2.500,-35.00,50.0,-12.00
4473.00,2051.42,3591.49,20.69,2.500,-35.00,50.0,-12.00
4474.00,2052.30,3593.83,20.49,2.500,-35.00,50.0,-12.00
4475.00,2053.18,3596.18,20.29,2.500,-35.00,50.0,-12.00
4476.00,2054.05,3598.52,20.09,2.500,-35.00,50.0,-12.00
4477.00,2054.90,3600.87,19.89,2.500,-35.00,50.0,-12.00
4478.00,2055.75,3603.22,19.69,2.500,-35.00,50.0,-12.00
4479.00,2056.60,3605.57,19.49,2.500,-35.00,50.0,-12.00
4480.00,2057.43,3607.93,19.29,2.500,-35.00,50.0,-12.00
4481.00,2058.26,3610.29,19.09,2.500,-35.00,50.0,-12.00
4482.00,2059.07,3612.65,18.89,2.500,-35.00,50.0,-12.00
4483.00,2059.88,3615.02,18.69,2.500,-35.00,50.0,-12.00
4484.00,2060.68,3617.39,18.49,2.500,-35.00,50.0,-12.00
4485.00,2061.48,3619.76,18.29,2.500,-35.00,50.0,-12.00
4486.00,2062.26,3622.13,18.09,2.500,-35.00,50.0,-12.00
4487.00,2063.04,3624.51,17.89,2.500,-35.00,50.0,-12.00
4488.00,2063.81,3626.89,17.69,2.500,-35.00,50.0,-12.00
4489.00,2064.57,3629.27,17.49,2.500,-35.00,50.0,-12.00
4490.00,2065.32,3631.66,17.29,2.500,-35.00,50.0,-12.00
4491.00,2066.06,3634.04,17.09,2.500,-35.00,50.0,-12.00
4492.00,2066.79,3636.43,16.89,2.500,-35.00,50.0,-12.00
4493.00,2067.52,3638.83,16.69,2.500,-35.00,50.0,-12.00
4494.00,2068.24,3641.22,16.49,2.500,-35.00,50.0,-12.00
4495.00,2068.95,3643.62,16.29,2.500,-35.00,50.0,-12.00
4496.00,2069.65,3646.02,16.09,2.500,-35.00,50.0,-12.00
4497.00,2070.34,3648.42,15.89,2.500,-35.00,50.0,-12.00
4498.00,2071.03,3650.83,15.69,2.500,-35.00,50.0,-12.00
4499.00,2071.70,3653.23,15.49,2.500,-35.00,50.0,-12.00
4500.00,2072.37,3655.64,15.29,2.500,-35.00,50.0,-12.00
4501.00,2073.03,3658.05,15.09,2.500,-35.00,50.0,-12.00
4502.00,2073.68,3660.47,14.89,2.500,-35.00,50.0,-12.00
4503.00,2074.32,3662.88,14.69,2.500,-35.00,50.0,-12.00
4504.00,2074.96,3665.30,14.49,2.500,-35.00,50.0,-12.00
4505.00,2075.58,3667.72,14.29,2.500,-35.00,50.0,-12.00
4506.00,2076.20,3670.15,14.09,2.500,-35.00,50.0,-12.00
4507.00,2076.81,3672.57,13.89,2.500,-35.00,50.0,-12.00
4508.00,2077.41,3675.00,13.69,2.500,-35.00,50.0,-12.00
4509.00,2078.00,3677.43,13.49,2.500,-35.00,50.0,-12.00
4510.00,2078.58,3679.86,13.29,2.500,-35.00,50.0,-12.00
4511.00,2079.16,3682.29,13.09,2.500,-35.00,50.0,-12.00
4512.00,2079.72,3684.73,12.89,2.500,-35.00,50.0,-12.00
4513.00,2080.28,3687.16,12.69,2.500,-35.00,50.0,-12.00
4514.00,2080.83,3689.60,12.49,2.500,-35.00,50.0,-12.00
4515.00,2081.37,3692.04,12.29,2.500,-35.00,50.0,-12.00
4516.00,2081.90,3694.49,12.09,2.500,-35.00,50.0,-12.00
4517.00,2082.42,3696.93,11.89,2.500,-35.00,50.0,-12.00
4518.00,2082.94,3699.38,11.69,2.500,-35.00,50.0,-12.00
4519.00,2083.45,3701.83,11.49,2.500,-35.00,50.0,-12.00
4520.00,2083.94,3704.28,11.29,2.500,-35.00,50.0,-12.00
4521.00,2084.43,3706.73,11.09,2.500,-35.00,50.0,-12.00
4522.00,2084.91,3709.18,10.89,2.500,-35.00,50.0,-12.00
4523.00,2085.39,3711.64,10.69,2.500,-35.00,50.0,-12.00
4524.00,2085.85,3714.09,10.49,2.500,-35.00,50.0,-12.00
4525.00,2086.30,3716.55,10.29,2.500,-35.00,50.0,-12.00
4526.00,2086.75,3719.01,10.09,2.500,-35.00,50.0,-12.00
4527.00,2087.19,3721.47,9.89,2.500,-35.00,50.0,-12.00
4528.00,2087.62,3723.94,9.69,2.500,-35.00,50.0,-12.00
4529.00,2088.04,3726.40,9.49,2.500,-35.00,50.0,-12.00
4530.00,2088.45,3728.87,9.29,2.500,-35.00,50.0,-12.00
4531.00,2088.85,3731.33,9.09,2.500,-35.00,50.0,-12.00
4532.00,2089.25,3733.80,8.89,2.500,-35.00,50.0,-12.00
4533.00,2089.63,3736.27,8.69,2.500,-35.00,50.0,-12.00
4534.00,2090.01,3738.74,8.49,2.500,-35.00,50.0,-12.00
4535.00,2090.38,3741.22,8.29,2.500,-35.00,50.0,-12.00
4536.00,2090.74,3743.69,8.09,2.500,-35.00,50.0,-12.00
4537.00,2091.09,3746.17,7.89,2.500,-35.00,50.0,-12.00
4538.00,2091.44,3748.64,7.69,2.500,-35.00,50.0,-12.00
4539.00,2091.77,3751.12,7.49,2.500,-35.00,50.0,-12.00
4540.00,2092.10,3753.60,7.29,2.500,-35.00,50.0,-12.00
4541.00,2092.41,3756.08,7.09,2.500,-35.00,50.0,-12.00
4542.00,2092.72,3758.56,6.89,2.500,-35.00,50.0,-12.00
4543.00,2093.02,3761.04,6.69,2.500,-35.00,50.0,-12.00
4544.00,2093.31,3763.53,6.49,2.500,-35.00,50.0,-12.00
4545.00,2093.59,3766.01,6.29,2.500,-35.00,50.0,-12.00
4546.00,2093.87,3768.49,6.09,2.500,-35.00,50.0,-12.00
4547.00,2094.13,3770.98,5.89,2.500,-35.00,50.0,-12.00
4548.00,2094.39,3773.47,5.69,2.500,-35.00,50.0,-12.00
4549.00,2094.64,3775.96,5.49,2.500,-35.00,50.0,-12.00
4550.00,2094.88,3778.44,5.29,2.500,-35.00,50.0,-12.00
4551.00,2095.11,3780.93,5.09,2.500,-35.00,50.0,-12.00
4552.00,2095.33,3783.42,4.89,2.500,-35.00,50.0,-12.00
4553.00,2095.54,3785.91,4.69,2.500,-35.00,50.0,-12.00
4554.00,2095.75,3788.41,4.49,2.500,-35.00,50.0,-12.00
4555.00,2095.94,3790.90,4.29,2.500,-35.00,50.0,-12.00
4556.00,2096.13,3793.39,4.09,2.500,-35.00,50.0,-12.00
4557.00,2096.31,3795.89,3.89,2.500,-35.00,50.0,-12.00
4558.00,2096.48,3798.38,3.69,2.500,-35.00,50.0,-12.00
4559.00,2096.64,3800.87,3.49,2.500,-35.00,50.0,-12.00
4560.00,2096.79,3803.37,3.29,2.500,-35.00,50.0,-12.00
4561.00,2096.93,3805.87,3.09,2.500,-35.00,50.0,-12.00
4562.00,2097.07,3808.36,2.89,2.500,-35.00,50.0,-12.00
4563.00,2097.19,3810.86,2.69,2.500,-35.00,50.0,-12.00
4564.00,2097.31,3813.36,2.49,2.500,-35.00,50.0,-12.00
4565.00,2097.42,3815.85,2.29,2.500,-35.00,50.0,-12.00
4566.00,2097.52,3818.35,2.09,2.500,-35.00,50.0,-12.00
4567.00,2097.61,3820.85,1.89,2.500,-35.00,50.0,-12.00
4568.00,2097.69,3823.35,1.69,2.500,-35.00,50.0,-12.00
4569.00,2097.76,3825.85,1.49,2.500,-35.00,50.0,-12.00
4570.00,2097.83,3828.35,1.29,2.500,-35.00,50.0,-12.00
4571.00,2097.88,3830.85,1.09,2.500,-35.00,50.0,-12.00
4572.00,2097.93,3833.35,0.89,2.500,-35.00,50.0,-12.00
4573.00,2097.97,3835.85,0.69,2.500,-35.00,50.0,-12.00
4574.00,2098.00,3838.35,0.49,2.500,-35.00,50.0,-12.00
4575.00,2098.02,3840.85,0.29,2.500,-35.00,50.0,-12.00
4576.00,2098.03,3843.35,0.09,2.500,-35.00,50.0,-12.00
4577.00,2098.04,3845.85,359.89,2.500,-35.00,50.0,-12.00
4578.00,2098.03,3848.35,359.69,2.500,-35.00,50.0,-12.00
4579.00,2098.02,3850.85,359.49,2.500,-35.00,50.0,-12.00
4580.00,2098.00,3853.35,359.29,2.500,-35.00,50.0,-12.00
4581.00,2097.97,3855.85,359.09,2.500,-35.00,50.0,-12.00
4582.00,2097.93,3858.35,358.89,2.500,-35.00,50.0,-12.00
4583.00,2097.88,3860.85,358.69,2.500,-35.00,50.0,-12.00
4584.00,2097.82,3863.35,358.49,2.510,-30.00,60.0,-11.94
4585.00,2097.75,3865.87,358.29,2.520,-30.00,60.0,-11.89
4586.00,2097.68,3868.40,358.09,2.529,-30.00,60.0,-11.83
4587.00,2097.59,3870.94,357.89,2.539,-30.00,60.0,-11.78
4588.00,2097.50,3873.49,357.70,2.548,-30.00,60.0,-11.73
4589.00,2097.40,3876.04,357.50,2.557,-30.00,60.0,-11.68
4590.00,2097.28,3878.60,357.31,2.566,-30.00,60.0,-11.64
4591.00,2097.16,3881.18,357.12,2.575,-30.00,60.0,-11.59
4592.00,2097.03,3883.76,356.92,2.583,-30.00,60.0,-11.55
4593.00,2096.90,3886.34,356.73,2.591,-30.00,60.0,-11.51
4594.00,2096.75,3888.94,356.54,2.600,-30.00,60.0,-11.47
4595.00,2096.59,3891.54,356.35,2.608,-30.00,60.0,-11.43
4596.00,2096.42,3894.16,356.16,2.626,-25.00,70.0,-11.33
4597.00,2096.25,3896.80,355.98,2.643,-25.00,70.0,-11.24
4598.00,2096.06,3899.45,355.79,2.660,-25.00,70.0,-11.15
4599.00,2095.86,3902.12,355.61,2.677,-25.00,70.0,-11.06
4600.00,2095.66,3904.81,355.42,2.693,-25.00,70.0,-10.98
4601.00,2095.44,3907.51,355.24,2.710,-25.00,70.0,-10.90
4602.00,2095.21,3910.23,355.06,2.725,-25.00,70.0,-10.82
4603.00,2094.98,3912.96,354.88,2.741,-25.00,70.0,-10.75
4604.00,2094.73,3915.70,354.70,2.756,-25.00,70.0,-10.68
4605.00,2094.48,3918.46,354.53,2.771,-25.00,70.0,-10.61
4606.00,2094.21,3921.23,354.35,2.785,-25.00,70.0,-10.54
4607.00,2093.94,3924.01,354.18,2.790,-20.00,60.0,-10.42
4608.00,2093.65,3926.79,354.01,2.794,-20.00,60.0,-10.30
4609.00,2093.36,3929.57,353.84,2.798,-20.00,60.0,-10.18
4610.00,2093.06,3932.36,353.67,2.802,-20.00,60.0,-10.07
4611.00,2092.75,3935.15,353.50,2.806,-20.00,60.0,-9.96
4612.00,2092.43,3937.94,353.34,2.810,-20.00,60.0,-9.86
4613.00,2092.11,3940.73,353.17,2.814,-20.00,60.0,-9.76
4614.00,2091.77,3943.53,353.01,2.817,-20.00,60.0,-9.66
4615.00,2091.43,3946.33,352.85,2.821,-20.00,60.0,-9.57
4616.00,2091.08,3949.13,352.70,2.825,-20.00,60.0,-9.48
4617.00,2090.72,3951.94,352.54,2.828,-20.00,60.0,-9.39
4618.00,2090.35,3954.75,352.38,2.832,-20.00,60.0,-9.31
4619.00,2089.97,3957.56,352.23,2.835,-20.00,60.0,-9.23
4620.00,2089.59,3960.37,352.08,2.838,-20.00,60.0,-9.15
4621.00,2089.20,3963.18,351.93,2.842,-20.00,60.0,-9.07
4622.00,2088.80,3965.99,351.78,2.835,-15.00,50.0,-8.94
4623.00,2088.39,3968.79,351.63,2.828,-15.00,50.0,-8.81
4624.00,2087.98,3971.58,351.49,2.821,-15.00,50.0,-8.69
4625.00,2087.57,3974.36,351.34,2.815,-15.00,50.0,-8.57
4626.00,2087.14,3977.14,351.20,2.809,-15.00,50.0,-8.46
4627.00,2086.72,3979.91,351.06,2.803,-15.00,50.0,-8.35
4628.00,2086.28,3982.67,350.93,2.797,-15.00,50.0,-8.24
4629.00,2085.84,3985.43,350.79,2.791,-15.00,50.0,-8.14
4630.00,2085.40,3988.18,350.66,2.785,-15.00,50.0,-8.04
4631.00,2084.94,3990.92,350.52,2.779,-15.00,50.0,-7.94
4632.00,2084.49,3993.66,350.39,2.774,-15.00,50.0,-7.85
4633.00,2084.03,3996.38,350.26,2.768,-15.00,50.0,-7.76
4634.00,2083.56,3999.11,350.14,2.763,-15.00,50.0,-7.67
4635.00,2083.09,4001.82,350.01,2.757,-15.00,50.0,-7.59
4636.00,2082.61,4004.53,349.89,2.752,-10.00,50.0,-7.45
4637.00,2082.13,4007.24,349.76,2.747,-10.00,50.0,-7.31
4638.00,2081.64,4009.94,349.64,2.742,-10.00,50.0,-7.18
4639.00,2081.15,4012.63,349.53,2.737,-10.00,50.0,-7.06
4640.00,2080.65,4015.32,349.41,2.733,-10.00,50.0,-6.94
4641.00,2080.15,4018.00,349.30,2.728,-10.00,50.0,-6.82
4642.00,2079.64,4020.68,349.19,2.723,-10.00,50.0,-6.71
4643.00,2079.13,4023.35,349.08,2.719,-10.00,50.0,-6.60
4644.00,2078.62,4026.01,348.97,2.715,-10.00,50.0,-6.49
4645.00,2078.10,4028.67,348.86,2.710,-10.00,50.0,-6.39
4646.00,2077.58,4031.33,348.76,2.706,-10.00,50.0,-6.29
4647.00,2077.05,4033.98,348.65,2.702,-10.00,50.0,-6.20
4648.00,2076.52,4036.62,348.55,2.698,-10.00,50.0,-6.10
4649.00,2075.98,4039.26,348.45,2.694,-10.00,50.0,-6.02
4650.00,2075.45,4041.90,348.35,2.690,-5.00,50.0,-5.87
4651.00,2074.90,4044.53,348.26,2.686,-5.00,50.0,-5.73
4652.00,2074.36,4047.16,348.16,2.683,-5.00,50.0,-5.60
4653.00,2073.81,4049.78,348.07,2.679,-5.00,50.0,-5.47
4654.00,2073.26,4052.40,347.98,2.675,-5.00,50.0,-5.34
4655.00,2072.70,4055.01,347.90,2.672,-5.00,50.0,-5.22
4656.00,2072.14,4057.62,347.81,2.668,-5.00,50.0,-5.11
4657.00,2071.58,4060.22,347.73,2.665,-5.00,50.0,-4.99
4658.00,2071.01,4062.82,347.65,2.662,-5.00,50.0,-4.88
4659.00,2070.44,4065.42,347.57,2.659,-5.00,50.0,-4.78
4660.00,2069.87,4068.01,347.49,2.655,-5.00,50.0,-4.68
4661.00,2069.30,4070.60,347.41,2.652,-5.00,50.0,-4.58
4662.00,2068.72,4073.19,347.34,2.649,-5.00,50.0,-4.48
4663.00,2068.14,4075.77,347.26,2.646,-5.00,50.0,-4.39
4664.00,2067.56,4078.35,347.19,2.643,-5.00,50.0,-4.30
4665.00,2066.97,4080.93,347.12,2.650,0.00,60.0,-4.16
4666.00,2066.38,4083.52,347.06,2.657,0.00,60.0,-4.02
4667.00,2065.78,4086.12,346.99,2.664,0.00,60.0,-3.88
4668.00,2065.18,4088.72,346.93,2.671,0.00,60.0,-3.76
4669.00,2064.57,4091.33,346.87,2.678,0.00,60.0,-3.63
4670.00,2063.96,4093.95,346.81,2.684,0.00,60.0,-3.51
4671.00,2063.35,4096.56,346.75,2.690,0.00,60.0,-3.39
4672.00,2062.73,4099.19,346.70,2.697,0.00,60.0,-3.28
4673.00,2062.11,4101.82,346.65,2.703,0.00,60.0,-3.17
4674.00,2061.48,4104.45,346.60,2.709,0.00,60.0,-3.06
4675.00,2060.85,4107.09,346.55,2.714,0.00,60.0,-2.96
4676.00,2060.22,4109.75,346.50,2.730,5.00,70.0,-2.81
4677.00,2059.58,4112.42,346.45,2.745,5.00,70.0,-2.66
4678.00,2058.93,4115.10,346.41,2.761,5.00,70.0,-2.51
4679.00,2058.28,4117.80,346.37,2.775,5.00,70.0,-2.37
4680.00,2057.62,4120.51,346.34,2.790,5.00,70.0,-2.23
4681.00,2056.96,4123.24,346.30,2.804,5.00,70.0,-2.10
4682.00,2056.29,4125.98,346.27,2.818,5.00,70.0,-1.97
4683.00,2055.62,4128.73,346.24,2.832,5.00,70.0,-1.85
4684.00,2054.94,4131.49,346.21,2.845,5.00,70.0,-1.73
4685.00,2054.26,4134.26,346.18,2.858,5.00,70.0,-1.62
4686.00,2053.58,4137.05,346.16,2.871,5.00,70.0,-1.51
4687.00,2052.89,4139.85,346.13,2.883,5.00,70.0,-1.40
4688.00,2052.19,4142.66,346.11,2.896,5.00,70.0,-1.30
4689.00,2051.50,4145.49,346.09,2.908,5.00,70.0,-1.19
4690.00,2050.79,4148.32,346.07,2.920,10.00,70.0,-1.04
4691.00,2050.09,4151.17,346.06,2.931,10.00,70.0,-0.89
4692.00,2049.38,4154.02,346.05,2.943,10.00,70.0,-0.75
4693.00,2048.67,4156.89,346.04,2.954,10.00,70.0,-0.61
4694.00,2047.95,4159.77,346.03,2.965,10.00,70.0,-0.47
4695.00,2047.23,4162.65,346.02,2.976,10.00,70.0,-0.34
4696.00,2046.51,4165.55,346.02,2.986,10.00,70.0,-0.22
4697.00,2045.79,4168.46,346.02,2.996,10.00,70.0,-0.10
4698.00,2045.06,4171.38,346.02,3.006,10.00,70.0,0.02
4699.00,2044.33,4174.30,346.02,3.016,10.00,70.0,0.13
4700.00,2043.60,4177.24,346.02,3.026,10.00,70.0,0.24
4701.00,2042.87,4180.18,346.03,3.035,10.00,70.0,0.35
4702.00,2042.13,4183.14,346.04,3.045,10.00,70.0,0.45
4703.00,2041.40,4186.10,346.05,3.054,10.00,70.0,0.55
4704.00,2040.66,4189.08,346.06,3.063,10.00,70.0,0.65
4705.00,2039.92,4192.05,346.07,3.061,5.00,60.0,0.68
4706.00,2039.18,4195.02,346.08,3.060,5.00,60.0,0.72
4707.00,2038.45,4197.99,346.09,3.059,5.00,60.0,0.75
4708.00,2037.71,4200.95,346.11,3.058,5.00,60.0,0.78
4709.00,2036.98,4203.92,346.12,3.057,5.00,60.0,0.81
4710.00,2036.25,4206.89,346.13,3.056,5.00,60.0,0.84
4711.00,2035.51,4209.85,346.15,3.054,5.00,60.0,0.87
4712.00,2034.78,4212.82,346.16,3.053,5.00,60.0,0.90
4713.00,2034.05,4215.78,346.18,3.052,5.00,60.0,0.93
4714.00,2033.32,4218.74,346.20,3.051,5.00,60.0,0.95
4715.00,2032.60,4221.71,346.21,3.050,5.00,60.0,0.98
4716.00,2031.87,4224.67,346.23,3.049,5.00,60.0,1.00
4717.00,2031.14,4227.63,346.25,3.048,5.00,60.0,1.03
4718.00,2030.42,4230.59,346.26,3.047,5.00,60.0,1.05
4719.00,2029.70,4233.55,346.28,3.046,5.00,60.0,1.07
4720.00,2028.98,4236.50,346.30,3.035,0.00,50.0,1.04
4721.00,2028.26,4239.43,346.32,3.025,0.00,50.0,1.00
4722.00,2027.55,4242.36,346.33,3.014,0.00,50.0,0.97
4723.00,2026.84,4245.28,346.35,3.004,0.00,50.0,0.94
4724.00,2026.13,4248.19,346.36,2.994,0.00,50.0,0.91
4725.00,2025.43,4251.09,346.38,2.984,0.00,50.0,0.88
4726.00,2024.73,4253.98,346.39,2.974,0.00,50.0,0.85
4727.00,2024.03,4256.86,346.40,2.965,0.00,50.0,0.82
4728.00,2023.33,4259.74,346.42,2.955,0.00,50.0,0.79
4729.00,2022.64,4262.60,346.43,2.946,0.00,50.0,0.76
4730.00,2021.95,4265.46,346.44,2.937,0.00,50.0,0.74
4731.00,2021.27,4268.30,346.45,2.929,0.00,50.0,0.71
4732.00,2020.58,4271.14,346.47,2.920,0.00,50.0,0.69
4733.00,2019.90,4273.97,346.48,2.912,0.00,50.0,0.67
4734.00,2019.22,4276.80,346.49,2.903,0.00,50.0,0.65
4735.00,2018.55,4279.61,346.50,2.895,0.00,50.0,0.62
4736.00,2017.87,4282.42,346.51,2.888,0.00,50.0,0.60
4737.00,2017.20,4285.22,346.52,2.880,0.00,50.0,0.58
4738.00,2016.53,4288.01,346.53,2.872,0.00,50.0,0.56
4739.00,2015.86,4290.80,346.54,2.865,0.00,50.0,0.54
4740.00,2015.20,4293.58,346.55,2.857,0.00,50.0,0.53
4741.00,2014.53,4296.35,346.55,2.850,0.00,50.0,0.51
4742.00,2013.87,4299.11,346.56,2.843,0.00,50.0,0.49
4743.00,2013.21,4301.87,346.57,2.836,0.00,50.0,0.48
4744.00,2012.56,4304.62,346.58,2.830,0.00,50.0,0.46
4745.00,2011.90,4307.37,346.59,2.823,0.00,50.0,0.44
4746.00,2011.25,4310.11,346.59,2.817,0.00,50.0,0.43
4747.00,2010.60,4312.84,346.60,2.810,0.00,50.0,0.42
4748.00,2009.95,4315.57,346.61,2.804,0.00,50.0,0.40
4749.00,2009.30,4318.29,346.61,2.798,0.00,50.0,0.39
4750.00,2008.65,4321.01,346.62,2.792,0.00,50.0,0.38
4751.00,2008.01,4323.72,346.62,2.786,0.00,50.0,0.36
4752.00,2007.36,4326.43,346.63,2.780,0.00,50.0,0.35
4753.00,2006.72,4329.13,346.64,2.775,0.00,50.0,0.34
4754.00,2006.08,4331.82,346.64,2.769,0.00,50.0,0.33
4755.00,2005.44,4334.51,346.65,2.764,0.00,50.0,0.32
4756.00,2004.81,4337.19,346.65,2.759,0.00,50.0,0.31
4757.00,2004.17,4339.87,346.66,2.754,0.00,50.0,0.30
4758.00,2003.54,4342.55,346.66,2.748,0.00,50.0,0.29
4759.00,2002.90,4345.22,346.67,2.743,0.00,50.0,0.28
4760.00,2002.27,4347.88,346.67,2.739,0.00,50.0,0.27
4761.00,2001.64,4350.54,346.68,2.734,0.00,50.0,0.26
4762.00,2001.01,4353.20,346.68,2.729,0.00,50.0,0.25
4763.00,2000.39,4355.85,346.68,2.725,0.00,50.0,0.24
4764.00,1999.76,4358.49,346.69,2.720,0.00,50.0,0.23
4765.00,1999.13,4361.15,346.69,2.726,5.00,60.0,0.28
4766.00,1998.50,4363.81,346.70,2.731,5.00,60.0,0.33
4767.00,1997.87,4366.47,346.70,2.737,5.00,60.0,0.38
4768.00,1997.24,4369.14,346.71,2.742,5.00,60.0,0.42
4769.00,1996.61,4371.81,346.72,2.747,5.00,60.0,0.46
4770.00,1995.98,4374.49,346.73,2.752,5.00,60.0,0.51
4771.00,1995.35,4377.17,346.74,2.757,5.00,60.0,0.55
4772.00,1994.71,4379.86,346.75,2.762,5.00,60.0,0.59
4773.00,1994.08,4382.55,346.76,2.767,5.00,60.0,0.62
4774.00,1993.44,4385.25,346.77,2.771,5.00,60.0,0.66
4775.00,1992.81,4387.95,346.78,2.776,5.00,60.0,0.69
4776.00,1992.17,4390.66,346.79,2.780,5.00,60.0,0.73
4777.00,1991.54,4393.37,346.80,2.785,5.00,60.0,0.76
4778.00,1990.90,4396.09,346.82,2.789,5.00,60.0,0.79
4779.00,1990.26,4398.82,346.83,2.803,10.00,70.0,0.88
4780.00,1989.62,4401.56,346.85,2.817,10.00,70.0,0.97
4781.00,1988.97,4404.31,346.86,2.831,10.00,70.0,1.05
4782.00,1988.33,4407.08,346.88,2.844,10.00,70.0,1.13
4783.00,1987.68,4409.87,346.90,2.857,10.00,70.0,1.20
4784.00,1987.03,4412.66,346.93,2.870,10.00,70.0,1.28
4785.00,1986.38,4415.47,346.95,2.883,10.00,70.0,1.35
4786.00,1985.72,4418.29,346.97,2.895,10.00,70.0,1.42
4787.00,1985.07,4421.12,347.00,2.907,10.00,70.0,1.49
4788.00,1984.41,4423.97,347.02,2.919,10.00,70.0,1.55
4789.00,1983.75,4426.82,347.05,2.931,10.00,70.0,1.61
4790.00,1983.09,4429.69,347.08,2.942,10.00,70.0,1.67
4791.00,1982.43,4432.56,347.10,2.943,5.00,60.0,1.68
4792.00,1981.78,4435.43,347.13,2.944,5.00,60.0,1.68
4793.00,1981.12,4438.30,347.16,2.946,5.00,60.0,1.68
4794.00,1980.47,4441.17,347.19,2.947,5.00,60.0,1.68
4795.00,1979.81,4444.05,347.22,2.948,5.00,60.0,1.68
4796.00,1979.16,4446.92,347.24,2.949,5.00,60.0,1.68
4797.00,1978.51,4449.80,347.27,2.950,5.00,60.0,1.68
4798.00,1977.86,4452.68,347.30,2.951,5.00,60.0,1.68
4799.00,1977.21,4455.56,347.33,2.952,5.00,60.0,1.68
4800.00,1976.56,4458.44,347.36,2.953,5.00,60.0,1.69
4801.00,1975.92,4461.32,347.38,2.954,5.00,60.0,1.69
4802.00,1975.27,4464.21,347.41,2.955,5.00,60.0,1.69
4803.00,1974.63,4467.08,347.44,2.945,0.00,50.0,1.63
4804.00,1973.99,4469.95,347.47,2.937,0.00,50.0,1.58
4805.00,1973.35,4472.80,347.49,2.928,0.00,50.0,1.52
4806.00,1972.72,4475.65,347.52,2.919,0.00,50.0,1.47
4807.00,1972.09,4478.50,347.54,2.911,0.00,50.0,1.42
4808.00,1971.47,4481.33,347.56,2.903,0.00,50.0,1.38
4809.00,1970.84,4484.16,347.59,2.895,0.00,50.0,1.33
4810.00,1970.22,4486.98,347.61,2.887,0.00,50.0,1.29
4811.00,1969.60,4489.79,347.63,2.879,0.00,50.0,1.24
4812.00,1968.99,4492.59,347.65,2.871,0.00,50.0,1.20
4813.00,1968.38,4495.39,347.67,2.864,0.00,50.0,1.16
4814.00,1967.77,4498.18,347.69,2.857,0.00,50.0,1.12
4815.00,1967.16,4500.97,347.70,2.850,0.00,50.0,1.09
4816.00,1966.55,4503.74,347.72,2.843,0.00,50.0,1.05
4817.00,1965.95,4506.51,347.74,2.836,0.00,50.0,1.01
4818.00,1965.35,4509.28,347.75,2.829,0.00,50.0,0.98
4819.00,1964.75,4512.04,347.77,2.822,0.00,50.0,0.95
4820.00,1964.15,4514.79,347.79,2.816,0.00,50.0,0.92
4821.00,1963.56,4517.53,347.80,2.810,0.00,50.0,0.89
4822.00,1962.97,4520.28,347.81,2.803,0.00,50.0,0.86
4823.00,1962.38,4523.01,347.83,2.797,0.00,50.0,0.83
4824.00,1961.79,4525.74,347.84,2.791,0.00,50.0,0.80
4825.00,1961.20,4528.46,347.85,2.786,0.00,50.0,0.77
4826.00,1960.62,4531.18,347.87,2.780,0.00,50.0,0.75
4827.00,1960.03,4533.89,347.88,2.774,0.00,50.0,0.72
4828.00,1959.45,4536.60,347.89,2.769,0.00,50.0,0.70
4829.00,1958.87,4539.30,347.90,2.763,0.00,50.0,0.68
4830.00,1958.29,4542.00,347.91,2.758,0.00,50.0,0.65
4831.00,1957.72,4544.69,347.92,2.753,0.00,50.0,0.63
4832.00,1957.14,4547.38,347.93,2.748,0.00,50.0,0.61
4833.00,1956.57,4550.06,347.94,2.743,0.00,50.0,0.59
4834.00,1956.00,4552.74,347.95,2.738,0.00,50.0,0.57
4835.00,1955.43,4555.41,347.96,2.733,0.00,50.0,0.55
4836.00,1954.86,4558.08,347.97,2.729,0.00,50.0,0.53
4837.00,1954.29,4560.74,347.98,2.724,0.00,50.0,0.52
4838.00,1953.72,4563.40,347.99,2.720,0.00,50.0,0.50
4839.00,1953.16,4566.06,348.00,2.715,0.00,50.0,0.48
4840.00,1952.60,4568.71,348.00,2.711,0.00,50.0,0.47
4841.00,1952.03,4571.36,348.01,2.707,0.00,50.0,0.45
4842.00,1951.47,4574.00,348.02,2.703,0.00,50.0,0.43
4843.00,1950.91,4576.64,348.03,2.699,0.00,50.0,0.42
4844.00,1950.35,4579.28,348.03,2.695,0.00,50.0,0.41
4845.00,1949.79,4581.91,348.04,2.691,0.00,50.0,0.39
4846.00,1949.24,4584.54,348.05,2.687,0.00,50.0,0.38
4847.00,1948.68,4587.16,348.05,2.683,0.00,50.0,0.37
4848.00,1948.13,4589.78,348.06,2.679,0.00,50.0,0.35
4849.00,1947.57,4592.41,348.06,2.686,5.00,60.0,0.40
4850.00,1947.01,4595.05,348.07,2.692,5.00,60.0,0.44
4851.00,1946.46,4597.69,348.08,2.698,5.00,60.0,0.49
4852.00,1945.90,4600.33,348.09,2.704,5.00,60.0,0.53
4853.00,1945.34,4602.98,348.10,2.710,5.00,60.0,0.57
4854.00,1944.78,4605.64,348.11,2.716,5.00,60.0,0.60
4855.00,1944.22,4608.31,348.12,2.722,5.00,60.0,0.64
4856.00,1943.66,4610.97,348.13,2.727,5.00,60.0,0.68
4857.00,1943.09,4613.65,348.14,2.733,5.00,60.0,0.71
4858.00,1942.53,4616.33,348.15,2.738,5.00,60.0,0.75
4859.00,1941.97,4619.01,348.17,2.743,5.00,60.0,0.78
4860.00,1941.40,4621.70,348.18,2.748,5.00,60.0,0.81
4861.00,1940.84,4624.40,348.19,2.754,5.00,60.0,0.84
4862.00,1940.27,4627.11,348.21,2.768,10.00,70.0,0.93
4863.00,1939.71,4629.83,348.23,2.783,10.00,70.0,1.01
4864.00,1939.13,4632.57,348.24,2.797,10.00,70.0,1.09
4865.00,1938.56,4635.32,348.26,2.811,10.00,70.0,1.17
4866.00,1937.99,4638.09,348.28,2.825,10.00,70.0,1.24
4867.00,1937.41,4640.87,348.31,2.839,10.00,70.0,1.32
4868.00,1936.83,4643.66,348.33,2.852,10.00,70.0,1.39
4869.00,1936.25,4646.47,348.35,2.865,10.00,70.0,1.45
4870.00,1935.67,4649.29,348.38,2.878,10.00,70.0,1.52
4871.00,1935.09,4652.12,348.41,2.890,10.00,70.0,1.58
4872.00,1934.51,4654.96,348.43,2.902,10.00,70.0,1.65
4873.00,1933.92,4657.81,348.46,2.904,5.00,60.0,1.65
4874.00,1933.34,4660.65,348.49,2.906,5.00,60.0,1.65
4875.00,1932.76,4663.50,348.52,2.908,5.00,60.0,1.65
4876.00,1932.18,4666.35,348.54,2.910,5.00,60.0,1.65
4877.00,1931.60,4669.21,348.57,2.912,5.00,60.0,1.66
4878.00,1931.03,4672.06,348.60,2.913,5.00,60.0,1.66
4879.00,1930.45,4674.92,348.63,2.915,5.00,60.0,1.66
4880.00,1929.88,4677.78,348.65,2.917,5.00,60.0,1.66
4881.00,1929.30,4680.64,348.68,2.919,5.00,60.0,1.66
4882.00,1928.73,4683.50,348.71,2.920,5.00,60.0,1.67
4883.00,1928.16,4686.37,348.74,2.922,5.00,60.0,1.67
4884.00,1927.59,4689.24,348.77,2.923,5.00,60.0,1.67
4885.00,1927.02,4692.10,348.79,2.915,0.00,50.0,1.61
4886.00,1926.45,4694.95,348.82,2.907,0.00,50.0,1.56
4887.00,1925.89,4697.79,348.84,2.898,0.00,50.0,1.51
4888.00,1925.33,4700.63,348.87,2.890,0.00,50.0,1.46
4889.00,1924.78,4703.45,348.89,2.883,0.00,50.0,1.41
4890.00,1924.22,4706.28,348.91,2.875,0.00,50.0,1.36
4891.00,1923.67,4709.09,348.94,2.867,0.00,50.0,1.32
4892.00,1923.12,4711.90,348.96,2.860,0.00,50.0,1.27
4893.00,1922.57,4714.70,348.98,2.853,0.00,50.0,1.23
4894.00,1922.03,4717.49,349.00,2.846,0.00,50.0,1.19
4895.00,1921.49,4720.28,349.02,2.839,0.00,50.0,1.15
4896.00,1920.95,4723.06,349.03,2.832,0.00,50.0,1.11
4897.00,1920.41,4725.83,349.05,2.826,0.00,50.0,1.07
4898.00,1919.88,4728.60,349.07,2.819,0.00,50.0,1.04
4899.00,1919.34,4731.36,349.09,2.813,0.00,50.0,1.00
4900.00,1918.81,4734.12,349.10,2.806,0.00,50.0,0.97
4901.00,1918.28,4736.87,349.12,2.800,0.00,50.0,0.94
4902.00,1917.75,4739.61,349.13,2.794,0.00,50.0,0.91
4903.00,1917.23,4742.35,349.15,2.788,0.00,50.0,0.88
4904.00,1916.70,4745.08,349.16,2.783,0.00,50.0,0.85
4905.00,1916.18,4747.81,349.18,2.777,0.00,50.0,0.82
4906.00,1915.66,4750.53,349.19,2.771,0.00,50.0,0.79
4907.00,1915.14,4753.25,349.20,2.766,0.00,50.0,0.76
4908.00,1914.63,4755.96,349.21,2.761,0.00,50.0,0.74
4909.00,1914.11,4758.67,349.23,2.755,0.00,50.0,0.71
4910.00,1913.60,4761.37,349.24,2.750,0.00,50.0,0.69
4911.00,1913.08,4764.07,349.25,2.745,0.00,50.0,0.67
4912.00,1912.57,4766.76,349.26,2.740,0.00,50.0,0.65
4913.00,1912.06,4769.45,349.27,2.736,0.00,50.0,0.62
4914.00,1911.55,4772.13,349.28,2.731,0.00,50.0,0.60
4915.00,1911.05,4774.81,349.29,2.726,0.00,50.0,0.58
4916.00,1910.54,4777.48,349.30,2.722,0.00,50.0,0.56
4917.00,1910.04,4780.15,349.31,2.717,0.00,50.0,0.55
4918.00,1909.53,4782.82,349.32,2.713,0.00,50.0,0.53
4919.00,1909.03,4785.48,349.33,2.709,0.00,50.0,0.51
4920.00,1908.53,4788.14,349.33,2.705,0.00,50.0,0.49
4921.00,1908.03,4790.79,349.34,2.700,0.00,50.0,0.48
4922.00,1907.53,4793.44,349.35,2.696,0.00,50.0,0.46
4923.00,1907.03,4796.09,349.36,2.693,0.00,50.0,0.44
4924.00,1906.54,4798.73,349.36,2.689,0.00,50.0,0.43
4925.00,1906.04,4801.37,349.37,2.685,0.00,50.0,0.42
4926.00,1905.55,4804.00,349.38,2.681,0.00,50.0,0.40
4927.00,1905.05,4806.63,349.38,2.678,0.00,50.0,0.39
4928.00,1904.56,4809.26,349.39,2.674,0.00,50.0,0.38
4929.00,1904.07,4811.89,349.40,2.671,0.00,50.0,0.36
4930.00,1903.58,4814.51,349.40,2.667,0.00,50.0,0.35
4931.00,1903.09,4817.13,349.41,2.664,0.00,50.0,0.34
4932.00,1902.60,4819.74,349.41,2.661,0.00,50.0,0.33
4933.00,1902.11,4822.35,349.42,2.657,0.00,50.0,0.32
4934.00,1901.62,4824.96,349.42,2.654,0.00,50.0,0.31
4935.00,1901.14,4827.57,349.43,2.651,0.00,50.0,0.30
4936.00,1900.65,4830.17,349.43,2.648,0.00,50.0,0.29
4937.00,1900.16,4832.78,349.44,2.655,5.00,60.0,0.33
4938.00,1899.68,4835.40,349.44,2.662,5.00,60.0,0.38
4939.00,1899.19,4838.02,349.45,2.669,5.00,60.0,0.42
4940.00,1898.70,4840.65,349.46,2.675,5.00,60.0,0.47
4941.00,1898.21,4843.29,349.47,2.682,5.00,60.0,0.51
4942.00,1897.72,4845.93,349.48,2.688,5.00,60.0,0.55
4943.00,1897.22,4848.58,349.49,2.694,5.00,60.0,0.59
4944.00,1896.73,4851.24,349.50,2.701,5.00,60.0,0.63
4945.00,1896.24,4853.90,349.51,2.707,5.00,60.0,0.66
4946.00,1895.74,4856.57,349.52,2.712,5.00,60.0,0.70
4947.00,1895.25,4859.24,349.53,2.718,5.00,60.0,0.73
4948.00,1894.75,4861.92,349.55,2.724,5.00,60.0,0.76
4949.00,1894.26,4864.60,349.56,2.729,5.00,60.0,0.80
4950.00,1893.76,4867.29,349.57,2.735,5.00,60.0,0.83
4951.00,1893.27,4870.00,349.59,2.750,10.00,70.0,0.91
4952.00,1892.77,4872.71,349.60,2.765,10.00,70.0,1.00
4953.00,1892.26,4875.45,349.62,2.780,10.00,70.0,1.08
4954.00,1891.76,4878.20,349.64,2.794,10.00,70.0,1.16
4955.00,1891.26,4880.96,349.66,2.808,10.00,70.0,1.23
4956.00,1890.75,4883.74,349.68,2.822,10.00,70.0,1.30
4957.00,1890.24,4886.53,349.71,2.836,10.00,70.0,1.38
4958.00,1889.73,4889.33,349.73,2.849,10.00,70.0,1.44
4959.00,1889.22,4892.15,349.76,2.862,10.00,70.0,1.51
4960.00,1888.71,4894.97,349.78,2.875,10.00,70.0,1.57
4961.00,1888.20,4897.82,349.81,2.887,10.00,70.0,1.64
4962.00,1887.69,4900.67,349.84,2.899,10.00,70.0,1.70
4963.00,1887.17,4903.53,349.87,2.902,5.00,60.0,1.70
4964.00,1886.66,4906.38,349.89,2.903,5.00,60.0,1.70
4965.00,1886.15,4909.24,349.92,2.905,5.00,60.0,1.70
4966.00,1885.65,4912.11,349.95,2.907,5.00,60.0,1.70
4967.00,1885.14,4914.97,349.98,2.909,5.00,60.0,1.70
4968.00,1884.63,4917.84,350.01,2.911,5.00,60.0,1.70
4969.00,1884.13,4920.71,350.04,2.913,5.00,60.0,1.70
4970.00,1883.62,4923.58,350.06,2.914,5.00,60.0,1.70
4971.00,1883.12,4926.45,350.09,2.916,5.00,60.0,1.70
4972.00,1882.62,4929.32,350.12,2.918,5.00,60.0,1.70
4973.00,1882.12,4932.20,350.15,2.920,5.00,60.0,1.70
4974.00,1881.62,4935.08,350.18,2.921,5.00,60.0,1.70
4975.00,1881.12,4937.96,350.21,2.923,5.00,60.0,1.70
4976.00,1880.62,4940.84,350.23,2.924,5.00,60.0,1.70
4977.00,1880.12,4943.72,350.26,2.926,5.00,60.0,1.70
4978.00,1879.63,4946.60,350.29,2.917,0.00,50.0,1.65
4979.00,1879.14,4949.47,350.32,2.909,0.00,50.0,1.59
4980.00,1878.65,4952.32,350.34,2.901,0.00,50.0,1.54
4981.00,1878.17,4955.18,350.37,2.893,0.00,50.0,1.49
4982.00,1877.68,4958.02,350.39,2.885,0.00,50.0,1.44
4983.00,1877.20,4960.86,350.41,2.877,0.00,50.0,1.39
4984.00,1876.72,4963.69,350.44,2.870,0.00,50.0,1.34
4985.00,1876.25,4966.51,350.46,2.862,0.00,50.0,1.30
4986.00,1875.78,4969.32,350.48,2.855,0.00,50.0,1.26
4987.00,1875.31,4972.13,350.50,2.848,0.00,50.0,1.21
4988.00,1874.84,4974.94,350.52,2.841,0.00,50.0,1.17
4989.00,1874.37,4977.73,350.54,2.834,0.00,50.0,1.13
4990.00,1873.90,4980.52,350.56,2.827,0.00,50.0,1.10
4991.00,1873.44,4983.30,350.57,2.821,0.00,50.0,1.06
4992.00,1872.98,4986.08,350.59,2.814,0.00,50.0,1.02
4993.00,1872.52,4988.85,350.61,2.808,0.00,50.0,0.99
4994.00,1872.06,4991.61,350.62,2.802,0.00,50.0,0.96
4995.00,1871.61,4994.37,350.64,2.796,0.00,50.0,0.93
4996.00,1871.15,4997.13,350.65,2.790,0.00,50.0,0.89
4997.00,1870.70,4999.87,350.67,2.784,0.00,50.0,0.86
4998.00,1870.25,5002.61,350.68,2.779,0.00,50.0,0.84
4999.00,1869.80,5005.35,350.70,2.773,0.00,50.0,0.81
5000.00,1869.36,5008.08,350.71,2.768,0.00,50.0,0.78
5001.00,1868.91,5010.81,350.72,2.762,0.00,50.0,0.75
5002.00,1868.47,5013.53,350.73,2.757,0.00,50.0,0.73
5003.00,1868.02,5016.24,350.74,2.752,0.00,50.0,0.71
5004.00,1867.58,5018.96,350.76,2.747,0.00,50.0,0.68
5005.00,1867.14,5021.66,350.77,2.742,0.00,50.0,0.66
5006.00,1866.70,5024.36,350.78,2.737,0.00,50.0,0.64
5007.00,1866.26,5027.06,350.79,2.732,0.00,50.0,0.62
5008.00,1865.83,5029.75,350.80,2.728,0.00,50.0,0.60
5009.00,1865.39,5032.44,350.81,2.723,0.00,50.0,0.58
5010.00,1864.96,5035.12,350.82,2.719,0.00,50.0,0.56
5011.00,1864.52,5037.80,350.83,2.714,0.00,50.0,0.54
5012.00,1864.09,5040.48,350.83,2.710,0.00,50.0,0.52
5013.00,1863.66,5043.15,350.84,2.706,0.00,50.0,0.50
5014.00,1863.23,5045.82,350.85,2.702,0.00,50.0,0.49
5015.00,1862.80,5048.48,350.86,2.698,0.00,50.0,0.47
5016.00,1862.37,5051.14,350.87,2.694,0.00,50.0,0.45
5017.00,1861.95,5053.80,350.87,2.690,0.00,50.0,0.44
5018.00,1861.52,5056.45,350.88,2.686,0.00,50.0,0.42
5019.00,1861.10,5059.10,350.89,2.682,0.00,50.0,0.41
5020.00,1860.67,5061.74,350.89,2.679,0.00,50.0,0.40
5021.00,1860.25,5064.38,350.90,2.675,0.00,50.0,0.38
5022.00,1859.83,5067.02,350.91,2.672,0.00,50.0,0.37
5023.00,1859.40,5069.65,350.91,2.668,0.00,50.0,0.36
5024.00,1858.98,5072.29,350.92,2.665,0.00,50.0,0.35
5025.00,1858.56,5074.91,350.92,2.661,0.00,50.0,0.33
5026.00,1858.14,5077.54,350.93,2.658,0.00,50.0,0.32
5027.00,1857.72,5080.16,350.93,2.655,0.00,50.0,0.31
5028.00,1857.31,5082.78,350.94,2.652,0.00,50.0,0.30
5029.00,1856.89,5085.40,350.94,2.649,0.00,50.0,0.29
5030.00,1856.47,5088.01,350.95,2.646,0.00,50.0,0.28
5031.00,1856.06,5090.62,350.95,2.643,0.00,50.0,0.27
5032.00,1855.64,5093.23,350.96,2.640,0.00,50.0,0.26
5033.00,1855.23,5095.83,350.96,2.637,0.00,50.0,0.26
5034.00,1854.81,5098.43,350.97,2.635,0.00,50.0,0.25
5035.00,1854.40,5101.03,350.97,2.632,0.00,50.0,0.24
5036.00,1853.99,5103.63,350.97,2.629,0.00,50.0,0.23
5037.00,1853.58,5106.22,350.98,2.627,0.00,50.0,0.22
5038.00,1853.16,5108.81,350.98,2.624,0.00,50.0,0.22
5039.00,1852.75,5111.40,350.99,2.622,0.00,50.0,0.21
5040.00,1852.34,5113.99,350.99,2.619,0.00,50.0,0.20
5041.00,1851.93,5116.57,350.99,2.617,0.00,50.0,0.19
5042.00,1851.52,5119.16,350.99,2.615,0.00,50.0,0.19
5043.00,1851.11,5121.75,351.00,2.622,5.00,60.0,0.24
5044.00,1850.70,5124.34,351.00,2.630,5.00,60.0,0.29
5045.00,1850.29,5126.95,351.01,2.637,5.00,60.0,0.34
5046.00,1849.88,5129.56,351.02,2.644,5.00,60.0,0.38
5047.00,1849.46,5132.18,351.02,2.652,5.00,60.0,0.43
5048.00,1849.05,5134.81,351.03,2.659,5.00,60.0,0.47
5049.00,1848.63,5137.44,351.04,2.665,5.00,60.0,0.51
5050.00,1848.22,5140.08,351.05,2.672,5.00,60.0,0.55
5051.00,1847.80,5142.72,351.06,2.679,5.00,60.0,0.59
5052.00,1847.38,5145.38,351.07,2.685,5.00,60.0,0.63
5053.00,1846.96,5148.04,351.08,2.691,5.00,60.0,0.66
5054.00,1846.55,5150.70,351.09,2.698,5.00,60.0,0.70
5055.00,1846.13,5153.38,351.10,2.714,10.00,70.0,0.79
5056.00,1845.70,5156.08,351.12,2.729,10.00,70.0,0.88
5057.00,1845.28,5158.79,351.13,2.745,10.00,70.0,0.96
5058.00,1844.85,5161.52,351.15,2.760,10.00,70.0,1.04
5059.00,1844.43,5164.26,351.17,2.775,10.00,70.0,1.12
5060.00,1844.00,5167.01,351.19,2.789,10.00,70.0,1.20
5061.00,1843.57,5169.78,351.21,2.803,10.00,70.0,1.27
5062.00,1843.14,5172.57,351.23,2.817,10.00,70.0,1.35
5063.00,1842.71,5175.37,351.26,2.831,10.00,70.0,1.42
5064.00,1842.28,5178.18,351.28,2.844,10.00,70.0,1.48
5065.00,1841.84,5181.00,351.31,2.857,10.00,70.0,1.55
5066.00,1841.41,5183.84,351.34,2.870,10.00,70.0,1.61
5067.00,1840.97,5186.69,351.36,2.883,10.00,70.0,1.67
5068.00,1840.54,5189.54,351.39,2.885,5.00,60.0,1.67
5069.00,1840.11,5192.40,351.42,2.888,5.00,60.0,1.67
5070.00,1839.68,5195.25,351.45,2.890,5.00,60.0,1.68
5071.00,1839.25,5198.11,351.48,2.892,5.00,60.0,1.68
5072.00,1838.82,5200.98,351.50,2.894,5.00,60.0,1.68
5073.00,1838.39,5203.84,351.53,2.896,5.00,60.0,1.68
5074.00,1837.96,5206.71,351.56,2.898,5.00,60.0,1.68
5075.00,1837.54,5209.58,351.59,2.900,5.00,60.0,1.68
5076.00,1837.11,5212.45,351.62,2.902,5.00,60.0,1.68
5077.00,1836.69,5215.32,351.64,2.904,5.00,60.0,1.68
5078.00,1836.27,5218.20,351.67,2.906,5.00,60.0,1.68
5079.00,1835.85,5221.07,351.70,2.908,5.00,60.0,1.69
5080.00,1835.43,5223.95,351.73,2.910,5.00,60.0,1.69
5081.00,1835.01,5226.83,351.76,2.912,5.00,60.0,1.69
5082.00,1834.59,5229.71,351.78,2.903,0.00,50.0,1.63
5083.00,1834.18,5232.57,351.81,2.895,0.00,50.0,1.58
5084.00,1833.77,5235.43,351.83,2.888,0.00,50.0,1.52
5085.00,1833.36,5238.28,351.86,2.880,0.00,50.0,1.47
5086.00,1832.95,5241.13,351.88,2.872,0.00,50.0,1.42
5087.00,1832.55,5243.96,351.91,2.865,0.00,50.0,1.38
5088.00,1832.14,5246.79,351.93,2.857,0.00,50.0,1.33
5089.00,1831.74,5249.61,351.95,2.850,0.00,50.0,1.29
5090.00,1831.35,5252.43,351.97,2.843,0.00,50.0,1.24
5091.00,1830.95,5255.24,351.99,2.836,0.00,50.0,1.20
5092.00,1830.55,5258.04,352.01,2.830,0.00,50.0,1.16
5093.00,1830.16,5260.83,352.03,2.823,0.00,50.0,1.12
5094.00,1829.77,5263.62,352.05,2.817,0.00,50.0,1.09
5095.00,1829.38,5266.41,352.06,2.810,0.00,50.0,1.05
5096.00,1829.00,5269.18,352.08,2.804,0.00,50.0,1.01
5097.00,1828.61,5271.95,352.10,2.798,0.00,50.0,0.98
5098.00,1828.23,5274.72,352.11,2.792,0.00,50.0,0.95
5099.00,1827.84,5277.48,352.13,2.786,0.00,50.0,0.92
5100.00,1827.46,5280.23,352.14,2.780,0.00,50.0,0.89
5101.00,1827.08,5282.98,352.16,2.775,0.00,50.0,0.86
5102.00,1826.71,5285.73,352.17,2.769,0.00,50.0,0.83
5103.00,1826.33,5288.47,352.18,2.764,0.00,50.0,0.80
5104.00,1825.95,5291.20,352.20,2.759,0.00,50.0,0.77
5105.00,1825.58,5293.93,352.21,2.754,0.00,50.0,0.75
5106.00,1825.21,5296.65,352.22,2.748,0.00,50.0,0.72
5107.00,1824.84,5299.37,352.23,2.743,0.00,50.0,0.70
5108.00,1824.47,5302.08,352.24,2.739,0.00,50.0,0.68
5109.00,1824.10,5304.79,352.26,2.734,0.00,50.0,0.65
5110.00,1823.73,5307.49,352.27,2.729,0.00,50.0,0.63
5111.00,1823.36,5310.19,352.28,2.725,0.00,50.0,0.61
5112.00,1823.00,5312.89,352.29,2.720,0.00,50.0,0.59
5113.00,1822.63,5315.58,352.30,2.716,0.00,50.0,0.57
5114.00,1822.27,5318.27,352.30,2.711,0.00,50.0,0.55
5115.00,1821.91,5320.95,352.31,2.707,0.00,50.0,0.53
5116.00,1821.55,5323.63,352.32,2.703,0.00,50.0,0.52
5117.00,1821.19,5326.30,352.33,2.699,0.00,50.0,0.50
5118.00,1820.83,5328.97,352.34,2.695,0.00,50.0,0.48
5119.00,1820.47,5331.64,352.35,2.691,0.00,50.0,0.47
5120.00,1820.11,5334.30,352.35,2.687,0.00,50.0,0.45
5121.00,1819.75,5336.96,352.36,2.684,0.00,50.0,0.43
5122.00,1819.40,5339.62,352.37,2.680,0.00,50.0,0.42
5123.00,1819.04,5342.27,352.38,2.676,0.00,50.0,0.41
5124.00,1818.69,5344.92,352.38,2.673,0.00,50.0,0.39
5125.00,1818.33,5347.57,352.39,2.669,0.00,50.0,0.38
5126.00,1817.98,5350.21,352.39,2.666,0.00,50.0,0.37
5127.00,1817.63,5352.85,352.40,2.663,0.00,50.0,0.35
5128.00,1817.27,5355.49,352.41,2.659,0.00,50.0,0.34
5129.00,1816.92,5358.12,352.41,2.656,0.00,50.0,0.33
5130.00,1816.57,5360.75,352.42,2.653,0.00,50.0,0.32
5131.00,1816.22,5363.37,352.42,2.650,0.00,50.0,0.31
5132.00,1815.87,5366.00,352.43,2.647,0.00,50.0,0.30
5133.00,1815.53,5368.62,352.43,2.644,0.00,50.0,0.29
5134.00,1815.18,5371.24,352.44,2.641,0.00,50.0,0.28
5135.00,1814.83,5373.85,352.44,2.638,0.00,50.0,0.27
5136.00,1814.48,5376.47,352.45,2.636,0.00,50.0,0.26
5137.00,1814.14,5379.08,352.45,2.633,0.00,50.0,0.25
5138.00,1813.79,5381.68,352.45,2.630,0.00,50.0,0.24
5139.00,1813.45,5384.29,352.46,2.628,0.00,50.0,0.24
5140.00,1813.10,5386.89,352.46,2.625,0.00,50.0,0.23
5141.00,1812.76,5389.49,352.46,2.623,0.00,50.0,0.22
5142.00,1812.41,5392.09,352.47,2.620,0.00,50.0,0.21
5143.00,1812.07,5394.68,352.47,2.618,0.00,50.0,0.21
5144.00,1811.73,5397.28,352.48,2.615,0.00,50.0,0.20
5145.00,1811.39,5399.87,352.48,2.613,0.00,50.0,0.19
5146.00,1811.05,5402.45,352.48,2.611,0.00,50.0,0.19
5147.00,1810.70,5405.04,352.48,2.609,0.00,50.0,0.18
5148.00,1810.36,5407.62,352.49,2.606,0.00,50.0,0.17
5149.00,1810.02,5410.21,352.49,2.604,0.00,50.0,0.17
5150.00,1809.68,5412.79,352.49,2.602,0.00,50.0,0.16
5151.00,1809.34,5415.36,352.50,2.600,0.00,50.0,0.16
5152.00,1809.00,5417.94,352.50,2.598,0.00,50.0,0.15
5153.00,1808.66,5420.51,352.50,2.596,0.00,50.0,0.15
5154.00,1808.33,5423.09,352.50,2.594,0.00,50.0,0.14
5155.00,1807.99,5425.66,352.51,2.592,0.00,50.0,0.14
5156.00,1807.65,5428.22,352.51,2.590,0.00,50.0,0.13
5157.00,1807.31,5430.79,352.51,2.589,0.00,50.0,0.13
5158.00,1806.97,5433.36,352.51,2.597,5.00,60.0,0.18
5159.00,1806.63,5435.95,352.52,2.605,5.00,60.0,0.23
5160.00,1806.29,5438.54,352.52,2.613,5.00,60.0,0.28
5161.00,1805.95,5441.14,352.53,2.621,5.00,60.0,0.33
5162.00,1805.61,5443.74,352.53,2.628,5.00,60.0,0.38
5163.00,1805.27,5446.36,352.54,2.636,5.00,60.0,0.42
5164.00,1804.93,5448.98,352.55,2.643,5.00,60.0,0.46
5165.00,1804.58,5451.60,352.56,2.650,5.00,60.0,0.51
5166.00,1804.24,5454.24,352.56,2.657,5.00,60.0,0.55
5167.00,1803.89,5456.88,352.57,2.664,5.00,60.0,0.58
5168.00,1803.55,5459.53,352.59,2.671,5.00,60.0,0.62
5169.00,1803.20,5462.18,352.60,2.677,5.00,60.0,0.66
5170.00,1802.86,5464.84,352.61,2.684,5.00,60.0,0.69
5171.00,1802.51,5467.51,352.62,2.690,5.00,60.0,0.73
5172.00,1802.16,5470.19,352.63,2.696,5.00,60.0,0.76
5173.00,1801.82,5472.88,352.65,2.712,10.00,70.0,0.85
5174.00,1801.47,5475.58,352.66,2.728,10.00,70.0,0.94
5175.00,1801.12,5478.30,352.68,2.743,10.00,70.0,1.02
5176.00,1800.76,5481.04,352.70,2.759,10.00,70.0,1.10
5177.00,1800.41,5483.79,352.72,2.773,10.00,70.0,1.18
5178.00,1800.06,5486.56,352.74,2.788,10.00,70.0,1.25
5179.00,1799.70,5489.33,352.76,2.802,10.00,70.0,1.32
5180.00,1799.35,5492.13,352.78,2.816,10.00,70.0,1.39
5181.00,1798.99,5494.94,352.81,2.830,10.00,70.0,1.46
5182.00,1798.64,5497.76,352.83,2.843,10.00,70.0,1.53
5183.00,1798.28,5500.59,352.86,2.856,10.00,70.0,1.59
5184.00,1797.93,5503.44,352.89,2.869,10.00,70.0,1.65
5185.00,1797.57,5506.30,352.92,2.882,10.00,70.0,1.71
5186.00,1797.21,5509.16,352.94,2.884,5.00,60.0,1.71
5187.00,1796.86,5512.02,352.97,2.887,5.00,60.0,1.71
5188.00,1796.50,5514.89,353.00,2.889,5.00,60.0,1.71
5189.00,1796.15,5517.76,353.03,2.891,5.00,60.0,1.71
5190.00,1795.80,5520.63,353.06,2.893,5.00,60.0,1.71
5191.00,1795.45,5523.51,353.09,2.895,5.00,60.0,1.71
5192.00,1795.10,5526.38,353.12,2.897,5.00,60.0,1.71
5193.00,1794.75,5529.26,353.14,2.899,5.00,60.0,1.71
5194.00,1794.41,5532.14,353.17,2.902,5.00,60.0,1.71
5195.00,1794.06,5535.03,353.20,2.903,5.00,60.0,1.71
5196.00,1793.72,5537.91,353.23,2.905,5.00,60.0,1.71
5197.00,1793.38,5540.80,353.26,2.907,5.00,60.0,1.71
5198.00,1793.04,5543.69,353.29,2.909,5.00,60.0,1.71
5199.00,1792.69,5546.58,353.32,2.911,5.00,60.0,1.71
5200.00,1792.36,5549.47,353.34,2.913,5.00,60.0,1.71
5201.00,1792.02,5552.36,353.37,2.904,0.00,50.0,1.66
5202.00,1791.68,5555.23,353.40,2.896,0.00,50.0,1.60
5203.00,1791.35,5558.10,353.42,2.888,0.00,50.0,1.55
5204.00,1791.02,5560.96,353.45,2.881,0.00,50.0,1.50
5205.00,1790.69,5563.82,353.47,2.873,0.00,50.0,1.45
5206.00,1790.37,5566.67,353.50,2.866,0.00,50.0,1.40
5207.00,1790.05,5569.50,353.52,2.858,0.00,50.0,1.35
5208.00,1789.72,5572.34,353.54,2.851,0.00,50.0,1.31
5209.00,1789.40,5575.16,353.56,2.844,0.00,50.0,1.26
5210.00,1789.09,5577.98,353.58,2.837,0.00,50.0,1.22
5211.00,1788.77,5580.80,353.60,2.831,0.00,50.0,1.18
5212.00,1788.45,5583.60,353.62,2.824,0.00,50.0,1.14
5213.00,1788.14,5586.40,353.64,2.817,0.00,50.0,1.10
5214.00,1787.83,5589.20,353.66,2.811,0.00,50.0,1.07
5215.00,1787.52,5591.98,353.67,2.805,0.00,50.0,1.03
5216.00,1787.21,5594.77,353.69,2.799,0.00,50.0,1.00
5217.00,1786.90,5597.54,353.71,2.793,0.00,50.0,0.96
5218.00,1786.60,5600.31,353.72,2.787,0.00,50.0,0.93
5219.00,1786.29,5603.08,353.74,2.781,0.00,50.0,0.90
5220.00,1785.99,5605.83,353.75,2.776,0.00,50.0,0.87
5221.00,1785.69,5608.59,353.77,2.770,0.00,50.0,0.84
5222.00,1785.39,5611.34,353.78,2.765,0.00,50.0,0.81
5223.00,1785.09,5614.08,353.79,2.759,0.00,50.0,0.79
5224.00,1784.79,5616.82,353.80,2.754,0.00,50.0,0.76
5225.00,1784.50,5619.55,353.82,2.749,0.00,50.0,0.73
5226.00,1784.20,5622.28,353.83,2.744,0.00,50.0,0.71
5227.00,1783.91,5625.00,353.84,2.739,0.00,50.0,0.69
5228.00,1783.61,5627.72,353.85,2.734,0.00,50.0,0.66
5229.00,1783.32,5630.44,353.86,2.730,0.00,50.0,0.64
5230.00,1783.03,5633.14,353.87,2.725,0.00,50.0,0.62
5231.00,1782.74,5635.85,353.88,2.721,0.00,50.0,0.60
5232.00,1782.45,5638.55,353.89,2.716,0.00,50.0,0.58
5233.00,1782.16,5641.25,353.90,2.712,0.00,50.0,0.56
5234.00,1781.87,5643.94,353.91,2.708,0.00,50.0,0.54
5235.00,1781.59,5646.63,353.92,2.704,0.00,50.0,0.52
5236.00,1781.30,5649.31,353.93,2.699,0.00,50.0,0.51
5237.00,1781.02,5651.99,353.94,2.695,0.00,50.0,0.49
5238.00,1780.73,5654.67,353.94,2.692,0.00,50.0,0.47
5239.00,1780.45,5657.34,353.95,2.688,0.00,50.0,0.46
5240.00,1780.16,5660.01,353.96,2.684,0.00,50.0,0.44
5241.00,1779.88,5662.68,353.97,2.680,0.00,50.0,0.43
5242.00,1779.60,5665.34,353.97,2.677,0.00,50.0,0.41
5243.00,1779.32,5668.00,353.98,2.673,0.00,50.0,0.40
5244.00,1779.04,5670.65,353.99,2.670,0.00,50.0,0.39
5245.00,1778.76,5673.30,353.99,2.666,0.00,50.0,0.37
5246.00,1778.48,5675.95,354.00,2.663,0.00,50.0,0.36
5247.00,1778.20,5678.60,354.00,2.660,0.00,50.0,0.35
5248.00,1777.93,5681.24,354.01,2.657,0.00,50.0,0.34
5249.00,1777.65,5683.88,354.01,2.653,0.00,50.0,0.33
5250.00,1777.37,5686.51,354.02,2.650,0.00,50.0,0.31
5251.00,1777.10,5689.15,354.02,2.647,0.00,50.0,0.30
5252.00,1776.82,5691.78,354.03,2.644,0.00,50.0,0.29
5253.00,1776.55,5694.40,354.03,2.641,0.00,50.0,0.28
5254.00,1776.27,5697.03,354.04,2.639,0.00,50.0,0.27
5255.00,1776.00,5699.65,354.04,2.636,0.00,50.0,0.27
5256.00,1775.73,5702.27,354.05,2.633,0.00,50.0,0.26
5257.00,1775.45,5704.88,354.05,2.630,0.00,50.0,0.25
5258.00,1775.18,5707.50,354.06,2.628,0.00,50.0,0.24
5259.00,1774.91,5710.11,354.06,2.625,0.00,50.0,0.23
5260.00,1774.64,5712.72,354.06,2.623,0.00,50.0,0.22
5261.00,1774.37,5715.32,354.07,2.620,0.00,50.0,0.22
5262.00,1774.10,5717.93,354.07,2.618,0.00,50.0,0.21
5263.00,1773.83,5720.53,354.07,2.616,0.00,50.0,0.20
5264.00,1773.56,5723.13,354.08,2.613,0.00,50.0,0.20
5265.00,1773.29,5725.73,354.08,2.611,0.00,50.0,0.19
5266.00,1773.02,5728.32,354.08,2.609,0.00,50.0,0.18
5267.00,1772.75,5730.91,354.09,2.607,0.00,50.0,0.18
5268.00,1772.48,5733.50,354.09,2.604,0.00,50.0,0.17
5269.00,1772.21,5736.09,354.09,2.602,0.00,50.0,0.17
5270.00,1771.94,5738.68,354.09,2.600,0.00,50.0,0.16
5271.00,1771.68,5741.26,354.10,2.598,0.00,50.0,0.15
5272.00,1771.41,5743.85,354.10,2.596,0.00,50.0,0.15
5273.00,1771.14,5746.43,354.10,2.594,0.00,50.0,0.14
5274.00,1770.88,5749.01,354.10,2.593,0.00,50.0,0.14
5275.00,1770.61,5751.58,354.11,2.591,0.00,50.0,0.13
5276.00,1770.35,5754.16,354.11,2.589,0.00,50.0,0.13
5277.00,1770.08,5756.73,354.11,2.587,0.00,50.0,0.13
5278.00,1769.81,5759.30,354.11,2.585,0.00,50.0,0.12
5279.00,1769.55,5761.87,354.11,2.584,0.00,50.0,0.12
5280.00,1769.28,5764.44,354.12,2.582,0.00,50.0,0.11
5281.00,1769.02,5767.01,354.12,2.580,0.00,50.0,0.11
5282.00,1768.76,5769.57,354.12,2.579,0.00,50.0,0.11
5283.00,1768.49,5772.14,354.12,2.577,0.00,50.0,0.10
5284.00,1768.23,5774.70,354.12,2.576,0.00,50.0,0.10
5285.00,1767.96,5777.26,354.13,2.574,0.00,50.0,0.10
5286.00,1767.70,5779.82,354.13,2.573,0.00,50.0,0.09
5287.00,1767.44,5782.38,354.13,2.571,0.00,50.0,0.09
5288.00,1767.18,5784.93,354.13,2.570,0.00,50.0,0.09
5289.00,1766.91,5787.49,354.13,2.568,0.00,50.0,0.08
5290.00,1766.65,5790.04,354.13,2.567,0.00,50.0,0.08
5291.00,1766.39,5792.59,354.13,2.566,0.00,50.0,0.08
5292.00,1766.13,5795.14,354.13,2.564,0.00,50.0,0.08
5293.00,1765.86,5797.69,354.14,2.563,0.00,50.0,0.07
5294.00,1765.60,5800.24,354.14,2.562,0.00,50.0,0.07
5295.00,1765.34,5802.79,354.14,2.561,0.00,50.0,0.07
5296.00,1765.08,5805.34,354.14,2.559,0.00,50.0,0.07
5297.00,1764.82,5807.88,354.14,2.558,0.00,50.0,0.06
5298.00,1764.56,5810.42,354.14,2.557,0.00,50.0,0.06
5299.00,1764.30,5812.97,354.14,2.556,0.00,50.0,0.06
5300.00,1764.04,5815.51,354.14,2.555,0.00,50.0,0.06
5301.00,1763.77,5818.05,354.14,2.554,0.00,50.0,0.06
5302.00,1763.51,5820.59,354.15,2.553,0.00,50.0,0.05
5303.00,1763.25,5823.13,354.15,2.552,0.00,50.0,0.05
5304.00,1762.99,5825.67,354.15,2.560,5.00,60.0,0.11
5305.00,1762.73,5828.23,354.15,2.569,5.00,60.0,0.16
5306.00,1762.47,5830.79,354.15,2.578,5.00,60.0,0.21
5307.00,1762.20,5833.37,354.16,2.586,5.00,60.0,0.26
5308.00,1761.94,5835.95,354.16,2.595,5.00,60.0,0.31
5309.00,1761.68,5838.54,354.17,2.603,5.00,60.0,0.36
5310.00,1761.41,5841.13,354.18,2.611,5.00,60.0,0.40
5311.00,1761.15,5843.74,354.18,2.618,5.00,60.0,0.45
5312.00,1760.88,5846.35,354.19,2.626,5.00,60.0,0.49
5313.00,1760.61,5848.97,354.20,2.634,5.00,60.0,0.53
5314.00,1760.35,5851.60,354.21,2.641,5.00,60.0,0.57
5315.00,1760.08,5854.23,354.22,2.648,5.00,60.0,0.61
5316.00,1759.81,5856.88,354.23,2.665,10.00,70.0,0.70
5317.00,1759.54,5859.55,354.25,2.682,10.00,70.0,0.79
5318.00,1759.27,5862.24,354.26,2.698,10.00,70.0,0.88
5319.00,1759.00,5864.94,354.28,2.714,10.00,70.0,0.97
5320.00,1758.73,5867.65,354.29,2.730,10.00,70.0,1.05
5321.00,1758.45,5870.39,354.31,2.745,10.00,70.0,1.13
5322.00,1758.18,5873.13,354.33,2.760,10.00,70.0,1.20
5323.00,1757.91,5875.89,354.35,2.775,10.00,70.0,1.28
5324.00,1757.63,5878.67,354.38,2.790,10.00,70.0,1.35
5325.00,1757.36,5881.46,354.40,2.804,10.00,70.0,1.42
5326.00,1757.08,5884.27,354.42,2.818,10.00,70.0,1.49
5327.00,1756.81,5887.07,354.45,2.821,5.00,60.0,1.49
5328.00,1756.53,5889.89,354.47,2.825,5.00,60.0,1.50
5329.00,1756.26,5892.70,354.50,2.829,5.00,60.0,1.51
5330.00,1755.99,5895.52,354.53,2.832,5.00,60.0,1.51
5331.00,1755.72,5898.34,354.55,2.835,5.00,60.0,1.52
5332.00,1755.45,5901.17,354.58,2.839,5.00,60.0,1.53
5333.00,1755.18,5904.00,354.60,2.842,5.00,60.0,1.53
5334.00,1754.91,5906.83,354.63,2.845,5.00,60.0,1.54
5335.00,1754.65,5909.67,354.65,2.848,5.00,60.0,1.55
5336.00,1754.38,5912.50,354.68,2.851,5.00,60.0,1.55
5337.00,1754.12,5915.35,354.70,2.854,5.00,60.0,1.56
5338.00,1753.85,5918.18,354.73,2.847,0.00,50.0,1.51
5339.00,1753.59,5921.01,354.75,2.840,0.00,50.0,1.45
5340.00,1753.33,5923.83,354.78,2.833,0.00,50.0,1.41
5341.00,1753.08,5926.65,354.80,2.827,0.00,50.0,1.36
5342.00,1752.82,5929.45,354.82,2.820,0.00,50.0,1.31
5343.00,1752.57,5932.26,354.84,2.814,0.00,50.0,1.27
5344.00,1752.32,5935.05,354.86,2.807,0.00,50.0,1.23
5345.00,1752.06,5937.84,354.88,2.801,0.00,50.0,1.19
5346.00,1751.82,5940.63,354.90,2.795,0.00,50.0,1.15
5347.00,1751.57,5943.40,354.92,2.789,0.00,50.0,1.11
5348.00,1751.32,5946.18,354.94,2.784,0.00,50.0,1.07
5349.00,1751.08,5948.94,354.96,2.778,0.00,50.0,1.04
5350.00,1750.83,5951.71,354.97,2.772,0.00,50.0,1.00
5351.00,1750.59,5954.46,354.99,2.767,0.00,50.0,0.97
5352.00,1750.35,5957.21,355.00,2.762,0.00,50.0,0.94
5353.00,1750.11,5959.96,355.02,2.756,0.00,50.0,0.91
5354.00,1749.87,5962.70,355.03,2.751,0.00,50.0,0.87
5355.00,1749.63,5965.44,355.05,2.746,0.00,50.0,0.85
5356.00,1749.40,5968.17,355.06,2.741,0.00,50.0,0.82
5357.00,1749.16,5970.89,355.08,2.736,0.00,50.0,0.79
5358.00,1748.93,5973.61,355.09,2.732,0.00,50.0,0.76
5359.00,1748.69,5976.33,355.10,2.727,0.00,50.0,0.74
5360.00,1748.46,5979.04,355.11,2.723,0.00,50.0,0.71
5361.00,1748.23,5981.75,355.12,2.718,0.00,50.0,0.69
5362.00,1748.00,5984.46,355.13,2.714,0.00,50.0,0.67
5363.00,1747.77,5987.16,355.15,2.709,0.00,50.0,0.64
5364.00,1747.54,5989.85,355.16,2.705,0.00,50.0,0.62
5365.00,1747.31,5992.54,355.17,2.701,0.00,50.0,0.60
5366.00,1747.08,5995.23,355.18,2.697,0.00,50.0,0.58
5367.00,1746.86,5997.91,355.18,2.693,0.00,50.0,0.56
5368.00,1746.63,6000.59,355.19,2.689,0.00,50.0,0.54
5369.00,1746.41,6003.27,355.20,2.686,0.00,50.0,0.53
5370.00,1746.18,6005.94,355.21,2.682,0.00,50.0,0.51
5371.00,1745.96,6008.61,355.22,2.678,0.00,50.0,0.49
5372.00,1745.73,6011.28,355.23,2.675,0.00,50.0,0.48
5373.00,1745.51,6013.94,355.24,2.671,0.00,50.0,0.46
5374.00,1745.29,6016.60,355.24,2.668,0.00,50.0,0.44
5375.00,1745.07,6019.25,355.25,2.664,0.00,50.0,0.43
5376.00,1744.85,6021.90,355.26,2.661,0.00,50.0,0.42
5377.00,1744.63,6024.55,355.26,2.658,0.00,50.0,0.40
5378.00,1744.41,6027.20,355.27,2.655,0.00,50.0,0.39
5379.00,1744.19,6029.84,355.28,2.652,0.00,50.0,0.37
5380.00,1743.97,6032.48,355.28,2.649,0.00,50.0,0.36
5381.00,1743.76,6035.12,355.29,2.646,0.00,50.0,0.35
5382.00,1743.54,6037.75,355.29,2.643,0.00,50.0,0.34
5383.00,1743.32,6040.38,355.30,2.640,0.00,50.0,0.33
5384.00,1743.11,6043.01,355.30,2.637,0.00,50.0,0.32
5385.00,1742.89,6045.64,355.31,2.634,0.00,50.0,0.31
5386.00,1742.68,6048.26,355.31,2.632,0.00,50.0,0.30
5387.00,1742.46,6050.88,355.32,2.629,0.00,50.0,0.29
5388.00,1742.25,6053.50,355.32,2.626,0.00,50.0,0.28
5389.00,1742.03,6056.11,355.33,2.624,0.00,50.0,0.27
5390.00,1741.82,6058.72,355.33,2.621,0.00,50.0,0.26
5391.00,1741.61,6061.33,355.34,2.619,0.00,50.0,0.25
5392.00,1741.39,6063.94,355.34,2.617,0.00,50.0,0.24
5393.00,1741.18,6066.55,355.34,2.614,0.00,50.0,0.23
5394.00,1740.97,6069.15,355.35,2.612,0.00,50.0,0.23
5395.00,1740.76,6071.75,355.35,2.610,0.00,50.0,0.22
5396.00,1740.55,6074.35,355.36,2.608,0.00,50.0,0.21
5397.00,1740.33,6076.95,355.36,2.605,0.00,50.0,0.20
5398.00,1740.12,6079.54,355.36,2.603,0.00,50.0,0.20
5399.00,1739.91,6082.13,355.37,2.601,0.00,50.0,0.19
5400.00,1739.70,6084.73,355.37,2.599,0.00,50.0,0.18
5401.00,1739.49,6087.31,355.37,2.597,0.00,50.0,0.18
5402.00,1739.28,6089.90,355.37,2.595,0.00,50.0,0.17
5403.00,1739.08,6092.49,355.38,2.593,0.00,50.0,0.17
5404.00,1738.87,6095.07,355.38,2.591,0.00,50.0,0.16
5405.00,1738.66,6097.65,355.38,2.590,0.00,50.0,0.16
5406.00,1738.45,6100.23,355.38,2.588,0.00,50.0,0.15
5407.00,1738.24,6102.81,355.39,2.586,0.00,50.0,0.15
5408.00,1738.03,6105.38,355.39,2.584,0.00,50.0,0.14
5409.00,1737.83,6107.96,355.39,2.583,0.00,50.0,0.14
5410.00,1737.62,6110.53,355.39,2.581,0.00,50.0,0.13
5411.00,1737.41,6113.10,355.40,2.579,0.00,50.0,0.13
5412.00,1737.20,6115.67,355.40,2.578,0.00,50.0,0.12
5413.00,1737.00,6118.24,355.40,2.576,0.00,50.0,0.12
5414.00,1736.79,6120.81,355.40,2.575,0.00,50.0,0.11
5415.00,1736.59,6123.37,355.40,2.573,0.00,50.0,0.11
5416.00,1736.38,6125.93,355.41,2.572,0.00,50.0,0.11
5417.00,1736.17,6128.50,355.41,2.570,0.00,50.0,0.10
5418.00,1735.97,6131.06,355.41,2.569,0.00,50.0,0.10
5419.00,1735.76,6133.62,355.41,2.568,0.00,50.0,0.10
5420.00,1735.56,6136.17,355.41,2.566,0.00,50.0,0.09
5421.00,1735.35,6138.73,355.41,2.565,0.00,50.0,0.09
5422.00,1735.15,6141.29,355.41,2.564,0.00,50.0,0.09
5423.00,1734.94,6143.84,355.42,2.562,0.00,50.0,0.08
5424.00,1734.74,6146.39,355.42,2.561,0.00,50.0,0.08
5425.00,1734.53,6148.94,355.42,2.560,0.00,50.0,0.08
5426.00,1734.33,6151.50,355.42,2.559,0.00,50.0,0.08
5427.00,1734.12,6154.04,355.42,2.557,0.00,50.0,0.07
5428.00,1733.92,6156.59,355.42,2.556,0.00,50.0,0.07
5429.00,1733.72,6159.14,355.42,2.555,0.00,50.0,0.07
5430.00,1733.51,6161.69,355.42,2.554,0.00,50.0,0.07
5431.00,1733.31,6164.23,355.43,2.553,0.00,50.0,0.06
5432.00,1733.10,6166.77,355.43,2.552,0.00,50.0,0.06
5433.00,1732.90,6169.32,355.43,2.551,0.00,50.0,0.06
5434.00,1732.70,6171.86,355.43,2.550,0.00,50.0,0.06
5435.00,1732.50,6174.40,355.43,2.549,0.00,50.0,0.06
5436.00,1732.29,6176.94,355.43,2.548,0.00,50.0,0.05
5437.00,1732.09,6179.48,355.43,2.547,0.00,50.0,0.05
5438.00,1731.89,6182.02,355.43,2.546,0.00,50.0,0.05
5439.00,1731.68,6184.55,355.43,2.545,0.00,50.0,0.05
5440.00,1731.48,6187.09,355.43,2.544,0.00,50.0,0.05
5441.00,1731.28,6189.62,355.43,2.543,0.00,50.0,0.05
5442.00,1731.08,6192.16,355.44,2.542,0.00,50.0,0.04
5443.00,1730.87,6194.69,355.44,2.542,0.00,50.0,0.04
5444.00,1730.67,6197.23,355.44,2.541,0.00,50.0,0.04
5445.00,1730.47,6199.76,355.44,2.540,0.00,50.0,0.04
5446.00,1730.27,6202.29,355.44,2.539,0.00,50.0,0.04
5447.00,1730.07,6204.82,355.44,2.538,0.00,50.0,0.04
5448.00,1729.86,6207.35,355.44,2.538,0.00,50.0,0.04
5449.00,1729.66,6209.88,355.44,2.537,0.00,50.0,0.03
5450.00,1729.46,6212.41,355.44,2.536,0.00,50.0,0.03
5451.00,1729.26,6214.93,355.44,2.535,0.00,50.0,0.03
5452.00,1729.06,6217.46,355.44,2.535,0.00,50.0,0.03
5453.00,1728.86,6219.99,355.44,2.534,0.00,50.0,0.03
5454.00,1728.66,6222.51,355.44,2.533,0.00,50.0,0.03
5455.00,1728.45,6225.04,355.44,2.533,0.00,50.0,0.03
5456.00,1728.25,6227.56,355.44,2.532,0.00,50.0,0.03
5457.00,1728.05,6230.08,355.44,2.531,0.00,50.0,0.03
5458.00,1727.85,6232.61,355.44,2.531,0.00,50.0,0.03
5459.00,1727.65,6235.13,355.45,2.530,0.00,50.0,0.02
5460.00,1727.45,6237.65,355.45,2.530,0.00,50.0,0.02
5461.00,1727.25,6240.17,355.45,2.529,0.00,50.0,0.02
5462.00,1727.05,6242.69,355.45,2.528,0.00,50.0,0.02
5463.00,1726.85,6245.21,355.45,2.528,0.00,50.0,0.02
5464.00,1726.65,6247.73,355.45,2.527,0.00,50.0,0.02
5465.00,1726.45,6250.25,355.45,2.527,0.00,50.0,0.02
5466.00,1726.25,6252.77,355.45,2.526,0.00,50.0,0.02
5467.00,1726.04,6255.28,355.45,2.526,0.00,50.0,0.02
5468.00,1725.84,6257.80,355.45,2.525,0.00,50.0,0.02
5469.00,1725.64,6260.32,355.45,2.525,0.00,50.0,0.02
5470.00,1725.44,6262.83,355.45,2.524,0.00,50.0,0.02
5471.00,1725.24,6265.35,355.45,2.524,0.00,50.0,0.02
5472.00,1725.04,6267.86,355.45,2.523,0.00,50.0,0.02
5473.00,1724.84,6270.38,355.45,2.523,0.00,50.0,0.02
5474.00,1724.64,6272.89,355.45,2.522,0.00,50.0,0.01
5475.00,1724.44,6275.41,355.45,2.522,0.00,50.0,0.01
5476.00,1724.24,6277.92,355.45,2.521,0.00,50.0,0.01
5477.00,1724.04,6280.43,355.45,2.521,0.00,50.0,0.01
5478.00,1723.84,6282.95,355.45,2.521,0.00,50.0,0.01
5479.00,1723.64,6285.46,355.45,2.520,0.00,50.0,0.01
5480.00,1723.44,6287.97,355.45,2.520,0.00,50.0,0.01
5481.00,1723.24,6290.48,355.45,2.519,0.00,50.0,0.01
5482.00,1723.04,6292.99,355.45,2.519,0.00,50.0,0.01
5483.00,1722.84,6295.50,355.45,2.519,0.00,50.0,0.01
5484.00,1722.64,6298.01,355.45,2.518,0.00,50.0,0.01
5485.00,1722.44,6300.52,355.45,2.518,0.00,50.0,0.01
5486.00,1722.24,6303.03,355.45,2.517,0.00,50.0,0.01
5487.00,1722.05,6305.54,355.45,2.517,0.00,50.0,0.01
5488.00,1721.85,6308.05,355.45,2.517,0.00,50.0,0.01
5489.00,1721.65,6310.56,355.45,2.516,0.00,50.0,0.01
5490.00,1721.45,6313.08,355.45,2.526,5.00,60.0,0.07
5491.00,1721.25,6315.61,355.46,2.536,5.00,60.0,0.12
5492.00,1721.04,6318.14,355.46,2.545,5.00,60.0,0.17
5493.00,1720.84,6320.69,355.46,2.554,5.00,60.0,0.23
5494.00,1720.64,6323.24,355.47,2.563,5.00,60.0,0.27
5495.00,1720.44,6325.81,355.47,2.572,5.00,60.0,0.32
5496.00,1720.23,6328.38,355.48,2.580,5.00,60.0,0.37
5497.00,1720.03,6330.96,355.49,2.589,5.00,60.0,0.41
5498.00,1719.82,6333.55,355.49,2.597,5.00,60.0,0.46
5499.00,1719.62,6336.14,355.50,2.605,5.00,60.0,0.50
5500.00,1719.41,6338.75,355.51,2.613,5.00,60.0,0.54
5501.00,1719.21,6341.36,355.52,2.621,5.00,60.0,0.58
5502.00,1719.00,6343.98,355.53,2.628,5.00,60.0,0.62
5503.00,1718.80,6346.62,355.54,2.646,10.00,70.0,0.71
5504.00,1718.59,6349.27,355.56,2.663,10.00,70.0,0.80
5505.00,1718.38,6351.95,355.57,2.679,10.00,70.0,0.89
5506.00,1718.17,6354.63,355.59,2.696,10.00,70.0,0.97
5507.00,1717.97,6357.34,355.60,2.712,10.00,70.0,1.06
5508.00,1717.76,6360.06,355.62,2.728,10.00,70.0,1.13
5509.00,1717.55,6362.79,355.64,2.743,10.00,70.0,1.21
5510.00,1717.34,6365.54,355.66,2.758,10.00,70.0,1.28
5511.00,1717.13,6368.31,355.69,2.773,10.00,70.0,1.36
5512.00,1716.92,6371.09,355.71,2.788,10.00,70.0,1.43
5513.00,1716.71,6373.88,355.74,2.802,10.00,70.0,1.49
5514.00,1716.50,6376.69,355.76,2.816,10.00,70.0,1.56
5515.00,1716.29,6379.51,355.79,2.830,10.00,70.0,1.62
5516.00,1716.08,6382.35,355.82,2.843,10.00,70.0,1.68
5517.00,1715.87,6385.19,355.85,2.856,10.00,70.0,1.74
5518.00,1715.67,6388.05,355.87,2.859,5.00,60.0,1.74
5519.00,1715.46,6390.90,355.90,2.862,5.00,60.0,1.74
5520.00,1715.26,6393.76,355.93,2.865,5.00,60.0,1.74
5521.00,1715.05,6396.62,355.96,2.867,5.00,60.0,1.73
5522.00,1714.85,6399.48,355.99,2.870,5.00,60.0,1.73
5523.00,1714.65,6402.35,356.02,2.872,5.00,60.0,1.73
5524.00,1714.45,6405.21,356.05,2.875,5.00,60.0,1.73
5525.00,1714.25,6408.08,356.08,2.878,5.00,60.0,1.73
5526.00,1714.05,6410.96,356.11,2.880,5.00,60.0,1.73
5527.00,1713.86,6413.83,356.13,2.882,5.00,60.0,1.73
5528.00,1713.66,6416.71,356.16,2.885,5.00,60.0,1.73
5529.00,1713.47,6419.59,356.19,2.887,5.00,60.0,1.73
5530.00,1713.28,6422.47,356.22,2.879,0.00,50.0,1.67
5531.00,1713.09,6425.33,356.25,2.872,0.00,50.0,1.62
5532.00,1712.90,6428.19,356.27,2.864,0.00,50.0,1.56
5533.00,1712.72,6431.04,356.30,2.857,0.00,50.0,1.51
5534.00,1712.53,6433.88,356.32,2.850,0.00,50.0,1.46
5535.00,1712.35,6436.72,356.35,2.843,0.00,50.0,1.41
5536.00,1712.17,6439.55,356.37,2.836,0.00,50.0,1.36
5537.00,1711.99,6442.37,356.39,2.829,0.00,50.0,1.32
5538.00,1711.81,6445.19,356.41,2.823,0.00,50.0,1.27
5539.00,1711.64,6448.00,356.43,2.816,0.00,50.0,1.23
5540.00,1711.46,6450.81,356.45,2.810,0.00,50.0,1.19
5541.00,1711.29,6453.61,356.47,2.804,0.00,50.0,1.15
5542.00,1711.12,6456.40,356.49,2.798,0.00,50.0,1.11
5543.00,1710.95,6459.18,356.51,2.792,0.00,50.0,1.08
5544.00,1710.78,6461.96,356.53,2.786,0.00,50.0,1.04
5545.00,1710.61,6464.74,356.54,2.780,0.00,50.0,1.01
5546.00,1710.44,6467.51,356.56,2.775,0.00,50.0,0.97
5547.00,1710.27,6470.27,356.57,2.769,0.00,50.0,0.94
5548.00,1710.11,6473.03,356.59,2.764,0.00,50.0,0.91
5549.00,1709.94,6475.79,356.60,2.758,0.00,50.0,0.88
5550.00,1709.78,6478.53,356.62,2.753,0.00,50.0,0.85
5551.00,1709.62,6481.28,356.63,2.748,0.00,50.0,0.82
5552.00,1709.46,6484.02,356.65,2.743,0.00,50.0,0.79
5553.00,1709.30,6486.75,356.66,2.738,0.00,50.0,0.77
5554.00,1709.14,6489.48,356.67,2.734,0.00,50.0,0.74
5555.00,1708.98,6492.20,356.68,2.729,0.00,50.0,0.72
5556.00,1708.82,6494.92,356.69,2.724,0.00,50.0,0.69
5557.00,1708.67,6497.64,356.70,2.720,0.00,50.0,0.67
5558.00,1708.51,6500.35,356.72,2.715,0.00,50.0,0.65
5559.00,1708.35,6503.06,356.73,2.711,0.00,50.0,0.63
5560.00,1708.20,6505.76,356.74,2.707,0.00,50.0,0.60
5561.00,1708.05,6508.46,356.75,2.703,0.00,50.0,0.58
5562.00,1707.89,6511.15,356.76,2.699,0.00,50.0,0.57
5563.00,1707.74,6513.84,356.76,2.695,0.00,50.0,0.55
5564.00,1707.59,6516.53,356.77,2.691,0.00,50.0,0.53
5565.00,1707.44,6519.21,356.78,2.687,0.00,50.0,0.51
5566.00,1707.29,6521.89,356.79,2.683,0.00,50.0,0.49
5567.00,1707.14,6524.56,356.80,2.680,0.00,50.0,0.48
5568.00,1706.99,6527.24,356.81,2.676,0.00,50.0,0.46
5569.00,1706.84,6529.90,356.81,2.673,0.00,50.0,0.45
5570.00,1706.69,6532.57,356.82,2.669,0.00,50.0,0.43
5571.00,1706.54,6535.23,356.83,2.666,0.00,50.0,0.42
5572.00,1706.39,6537.89,356.83,2.662,0.00,50.0,0.40
5573.00,1706.25,6540.54,356.84,2.659,0.00,50.0,0.39
5574.00,1706.10,6543.20,356.85,2.656,0.00,50.0,0.38
5575.00,1705.96,6545.85,356.85,2.653,0.00,50.0,0.36
5576.00,1705.81,6548.49,356.86,2.650,0.00,50.0,0.35
5577.00,1705.66,6551.13,356.86,2.647,0.00,50.0,0.34
5578.00,1705.52,6553.77,356.87,2.644,0.00,50.0,0.33
5579.00,1705.38,6556.41,356.88,2.641,0.00,50.0,0.32
5580.00,1705.23,6559.05,356.88,2.638,0.00,50.0,0.31
5581.00,1705.09,6561.68,356.89,2.635,0.00,50.0,0.30
5582.00,1704.95,6564.31,356.89,2.633,0.00,50.0,0.29
5583.00,1704.80,6566.93,356.89,2.630,0.00,50.0,0.28
5584.00,1704.66,6569.55,356.90,2.627,0.00,50.0,0.27
5585.00,1704.52,6572.18,356.90,2.625,0.00,50.0,0.26
5586.00,1704.38,6574.79,356.91,2.622,0.00,50.0,0.25
5587.00,1704.24,6577.41,356.91,2.620,0.00,50.0,0.24
5588.00,1704.09,6580.02,356.92,2.618,0.00,50.0,0.23
5589.00,1703.95,6582.64,356.92,2.615,0.00,50.0,0.23
5590.00,1703.81,6585.24,356.92,2.613,0.00,50.0,0.22
5591.00,1703.67,6587.85,356.93,2.611,0.00,50.0,0.21
5592.00,1703.53,6590.46,356.93,2.608,0.00,50.0,0.20
5593.00,1703.39,6593.06,356.93,2.606,0.00,50.0,0.20
5594.00,1703.25,6595.66,356.94,2.604,0.00,50.0,0.19
5595.00,1703.12,6598.26,356.94,2.602,0.00,50.0,0.18
5596.00,1702.98,6600.85,356.94,2.600,0.00,50.0,0.18
5597.00,1702.84,6603.45,356.95,2.598,0.00,50.0,0.17
5598.00,1702.70,6606.04,356.95,2.596,0.00,50.0,0.17
5599.00,1702.56,6608.63,356.95,2.594,0.00,50.0,0.16
5600.00,1702.42,6611.22,356.95,2.592,0.00,50.0,0.16
5601.00,1702.29,6613.81,356.96,2.590,0.00,50.0,0.15
5602.00,1702.15,6616.39,356.96,2.589,0.00,50.0,0.15
5603.00,1702.01,6618.97,356.96,2.587,0.00,50.0,0.14
5604.00,1701.87,6621.56,356.96,2.585,0.00,50.0,0.14
5605.00,1701.74,6624.14,356.96,2.583,0.00,50.0,0.13
5606.00,1701.60,6626.71,356.97,2.582,0.00,50.0,0.13
5607.00,1701.46,6629.29,356.97,2.580,0.00,50.0,0.12
5608.00,1701.33,6631.86,356.97,2.578,0.00,50.0,0.12
5609.00,1701.19,6634.44,356.97,2.577,0.00,50.0,0.11
5610.00,1701.06,6637.01,356.97,2.575,0.00,50.0,0.11
5611.00,1700.92,6639.58,356.98,2.574,0.00,50.0,0.11
5612.00,1700.78,6642.15,356.98,2.572,0.00,50.0,0.10
5613.00,1700.65,6644.72,356.98,2.571,0.00,50.0,0.10
5614.00,1700.51,6647.28,356.98,2.569,0.00,50.0,0.10
5615.00,1700.38,6649.85,356.98,2.568,0.00,50.0,0.09
5616.00,1700.24,6652.41,356.98,2.567,0.00,50.0,0.09
5617.00,1700.11,6654.97,356.99,2.565,0.00,50.0,0.09
5618.00,1699.97,6657.53,356.99,2.564,0.00,50.0,0.08
5619.00,1699.84,6660.09,356.99,2.563,0.00,50.0,0.08
5620.00,1699.70,6662.65,356.99,2.562,0.00,50.0,0.08
5621.00,1699.57,6665.21,356.99,2.560,0.00,50.0,0.08
5622.00,1699.44,6667.76,356.99,2.559,0.00,50.0,0.07
5623.00,1699.30,6670.32,356.99,2.558,0.00,50.0,0.07
5624.00,1699.17,6672.87,357.00,2.557,0.00,50.0,0.07
5625.00,1699.03,6675.42,357.00,2.556,0.00,50.0,0.07
5626.00,1698.90,6677.97,357.00,2.555,0.00,50.0,0.06
5627.00,1698.77,6680.52,357.00,2.553,0.00,50.0,0.06
5628.00,1698.63,6683.07,357.00,2.552,0.00,50.0,0.06
5629.00,1698.50,6685.62,357.00,2.551,0.00,50.0,0.06
5630.00,1698.36,6688.17,357.00,2.550,0.00,50.0,0.06
5631.00,1698.23,6690.71,357.00,2.549,0.00,50.0,0.05
5632.00,1698.10,6693.26,357.00,2.548,0.00,50.0,0.05
5633.00,1697.97,6695.80,357.00,2.547,0.00,50.0,0.05
5634.00,1697.83,6698.34,357.00,2.546,0.00,50.0,0.05
5635.00,1697.70,6700.89,357.01,2.545,0.00,50.0,0.05
5636.00,1697.57,6703.43,357.01,2.545,0.00,50.0,0.05
5637.00,1697.43,6705.97,357.01,2.544,0.00,50.0,0.04
5638.00,1697.30,6708.51,357.01,2.543,0.00,50.0,0.04
5639.00,1697.17,6711.04,357.01,2.542,0.00,50.0,0.04
5640.00,1697.04,6713.58,357.01,2.541,0.00,50.0,0.04
5641.00,1696.90,6716.12,357.01,2.540,0.00,50.0,0.04
5642.00,1696.77,6718.66,357.01,2.539,0.00,50.0,0.04
5643.00,1696.64,6721.19,357.01,2.539,0.00,50.0,0.04
5644.00,1696.51,6723.72,357.01,2.538,0.00,50.0,0.04
5645.00,1696.37,6726.26,357.01,2.537,0.00,50.0,0.03
5646.00,1696.24,6728.79,357.01,2.536,0.00,50.0,0.03
5647.00,1696.11,6731.32,357.01,2.536,0.00,50.0,0.03
5648.00,1695.98,6733.86,357.01,2.535,0.00,50.0,0.03
5649.00,1695.84,6736.39,357.01,2.534,0.00,50.0,0.03
5650.00,1695.71,6738.92,357.01,2.534,0.00,50.0,0.03
5651.00,1695.58,6741.45,357.02,2.533,0.00,50.0,0.03
5652.00,1695.45,6743.97,357.02,2.532,0.00,50.0,0.03
5653.00,1695.32,6746.50,357.02,2.532,0.00,50.0,0.03
5654.00,1695.19,6749.03,357.02,2.531,0.00,50.0,0.02
5655.00,1695.05,6751.56,357.02,2.530,0.00,50.0,0.02
5656.00,1694.92,6754.08,357.02,2.530,0.00,50.0,0.02
5657.00,1694.79,6756.61,357.02,2.529,0.00,50.0,0.02
5658.00,1694.66,6759.13,357.02,2.529,0.00,50.0,0.02
5659.00,1694.53,6761.66,357.02,2.528,0.00,50.0,0.02
5660.00,1694.40,6764.18,357.02,2.527,0.00,50.0,0.02
5661.00,1694.26,6766.71,357.02,2.527,0.00,50.0,0.02
5662.00,1694.13,6769.23,357.02,2.526,0.00,50.0,0.02
5663.00,1694.00,6771.75,357.02,2.526,0.00,50.0,0.02
5664.00,1693.87,6774.27,357.02,2.525,0.00,50.0,0.02
5665.00,1693.74,6776.79,357.02,2.525,0.00,50.0,0.02
5666.00,1693.61,6779.32,357.02,2.524,0.00,50.0,0.02
5667.00,1693.48,6781.84,357.02,2.524,0.00,50.0,0.02
5668.00,1693.35,6784.36,357.02,2.523,0.00,50.0,0.02
5669.00,1693.21,6786.88,357.02,2.523,0.00,50.0,0.02
5670.00,1693.08,6789.39,357.02,2.522,0.00,50.0,0.01
5671.00,1692.95,6791.91,357.02,2.522,0.00,50.0,0.01
5672.00,1692.82,6794.43,357.02,2.522,0.00,50.0,0.01
5673.00,1692.69,6796.95,357.02,2.521,0.00,50.0,0.01
5674.00,1692.56,6799.47,357.02,2.521,0.00,50.0,0.01
5675.00,1692.43,6801.98,357.02,2.520,0.00,50.0,0.01
5676.00,1692.30,6804.50,357.02,2.520,0.00,50.0,0.01
5677.00,1692.17,6807.02,357.02,2.519,0.00,50.0,0.01
5678.00,1692.04,6809.53,357.02,2.519,0.00,50.0,0.01
5679.00,1691.91,6812.05,357.02,2.519,0.00,50.0,0.01
5680.00,1691.77,6814.56,357.02,2.518,0.00,50.0,0.01
5681.00,1691.64,6817.08,357.02,2.518,0.00,50.0,0.01
5682.00,1691.51,6819.59,357.02,2.518,0.00,50.0,0.01
5683.00,1691.38,6822.10,357.02,2.517,0.00,50.0,0.01
5684.00,1691.25,6824.62,357.02,2.517,0.00,50.0,0.01
5685.00,1691.12,6827.13,357.02,2.517,0.00,50.0,0.01
5686.00,1690.99,6829.64,357.02,2.516,0.00,50.0,0.01
5687.00,1690.86,6832.16,357.02,2.516,0.00,50.0,0.01
5688.00,1690.73,6834.67,357.02,2.516,0.00,50.0,0.01
5689.00,1690.60,6837.18,357.02,2.515,0.00,50.0,0.01
5690.00,1690.47,6839.69,357.03,2.515,0.00,50.0,0.01
5691.00,1690.34,6842.20,357.03,2.515,0.00,50.0,0.01
5692.00,1690.21,6844.71,357.03,2.514,0.00,50.0,0.01
5693.00,1690.08,6847.22,357.03,2.514,0.00,50.0,0.01
5694.00,1689.95,6849.74,357.03,2.514,0.00,50.0,0.01
5695.00,1689.82,6852.25,357.03,2.514,0.00,50.0,0.01
5696.00,1689.69,6854.76,357.03,2.513,0.00,50.0,0.01
5697.00,1689.55,6857.26,357.03,2.513,0.00,50.0,0.01
5698.00,1689.42,6859.77,357.03,2.513,0.00,50.0,0.01
5699.00,1689.29,6862.28,357.03,2.512,0.00,50.0,0.01
5700.00,1689.16,6864.79,357.03,2.512,0.00,50.0,0.01
5701.00,1689.03,6867.30,357.03,2.512,0.00,50.0,0.01
5702.00,1688.90,6869.81,357.03,2.512,0.00,50.0,0.00
5703.00,1688.77,6872.32,357.03,2.512,0.00,50.0,0.00
5704.00,1688.64,6874.83,357.03,2.511,0.00,50.0,0.00
5705.00,1688.51,6877.33,357.03,2.511,0.00,50.0,0.00
5706.00,1688.38,6879.84,357.03,2.511,0.00,50.0,0.00
5707.00,1688.25,6882.35,357.03,2.511,0.00,50.0,0.00
5708.00,1688.12,6884.85,357.03,2.510,0.00,50.0,0.00
5709.00,1687.99,6887.36,357.03,2.510,0.00,50.0,0.00
5710.00,1687.86,6889.87,357.03,2.510,0.00,50.0,0.00
5711.00,1687.73,6892.37,357.03,2.510,0.00,50.0,0.00
5712.00,1687.60,6894.88,357.03,2.510,0.00,50.0,0.00
5713.00,1687.47,6897.39,357.03,2.509,0.00,50.0,0.00
5714.00,1687.34,6899.89,357.03,2.509,0.00,50.0,0.00
5715.00,1687.21,6902.40,357.03,2.509,0.00,50.0,0.00
5716.00,1687.08,6904.90,357.03,2.509,0.00,50.0,0.00
5717.00,1686.95,6907.41,357.03,2.509,0.00,50.0,0.00
5718.00,1686.82,6909.91,357.03,2.509,0.00,50.0,0.00
5719.00,1686.69,6912.42,357.03,2.508,0.00,50.0,0.00
5720.00,1686.56,6914.92,357.03,2.508,0.00,50.0,0.00
5721.00,1686.43,6917.43,357.03,2.508,0.00,50.0,0.00
5722.00,1686.30,6919.93,357.03,2.508,0.00,50.0,0.00
5723.00,1686.17,6922.44,357.03,2.508,0.00,50.0,0.00
5724.00,1686.04,6924.94,357.03,2.508,0.00,50.0,0.00
5725.00,1685.91,6927.45,357.03,2.507,0.00,50.0,0.00
5726.00,1685.78,6929.95,357.03,2.507,0.00,50.0,0.00
5727.00,1685.65,6932.45,357.03,2.507,0.00,50.0,0.00
5728.00,1685.52,6934.96,357.03,2.507,0.00,50.0,0.00
5729.00,1685.39,6937.46,357.03,2.507,0.00,50.0,0.00
5730.00,1685.26,6939.96,357.03,2.507,0.00,50.0,0.00
5731.00,1685.13,6942.47,357.03,2.507,0.00,50.0,0.00
5732.00,1685.00,6944.97,357.03,2.506,0.00,50.0,0.00
5733.00,1684.87,6947.47,357.03,2.506,0.00,50.0,0.00
5734.00,1684.74,6949.98,357.03,2.506,0.00,50.0,0.00
5735.00,1684.61,6952.48,357.03,2.506,0.00,50.0,0.00
5736.00,1684.48,6954.98,357.03,2.506,0.00,50.0,0.00
5737.00,1684.35,6957.48,357.03,2.506,0.00,50.0,0.00
5738.00,1684.22,6959.99,357.03,2.506,0.00,50.0,0.00
5739.00,1684.09,6962.49,357.03,2.506,0.00,50.0,0.00
5740.00,1683.96,6964.99,357.03,2.505,0.00,50.0,0.00
5741.00,1683.83,6967.49,357.03,2.505,0.00,50.0,0.00
5742.00,1683.70,6969.99,357.03,2.505,0.00,50.0,0.00
5743.00,1683.57,6972.49,357.03,2.505,0.00,50.0,0.00
5744.00,1683.44,6975.00,357.03,2.505,0.00,50.0,0.00
5745.00,1683.31,6977.50,357.03,2.505,0.00,50.0,0.00
5746.00,1683.18,6980.00,357.03,2.505,0.00,50.0,0.00
5747.00,1683.05,6982.50,357.03,2.505,0.00,50.0,0.00
5748.00,1682.92,6985.00,357.03,2.505,0.00,50.0,0.00
5749.00,1682.79,6987.50,357.03,2.505,0.00,50.0,0.00
5750.00,1682.66,6990.00,357.03,2.504,0.00,50.0,0.00
5751.00,1682.53,6992.51,357.03,2.504,0.00,50.0,0.00
5752.00,1682.40,6995.01,357.03,2.504,0.00,50.0,0.00
5753.00,1682.27,6997.51,357.03,2.504,0.00,50.0,0.00
5754.00,1682.14,7000.01,357.03,2.504,0.00,50.0,0.00
5755.00,1682.01,7002.51,357.03,2.504,0.00,50.0,0.00
5756.00,1681.88,7005.01,357.03,2.504,0.00,50.0,0.00
5757.00,1681.75,7007.51,357.03,2.504,0.00,50.0,0.00
5758.00,1681.62,7010.01,357.03,2.504,0.00,50.0,0.00
5759.00,1681.49,7012.51,357.03,2.504,0.00,50.0,0.00
5760.00,1681.36,7015.01,357.03,2.504,0.00,50.0,0.00
5761.00,1681.23,7017.51,357.03,2.504,0.00,50.0,0.00
5762.00,1681.10,7020.01,357.03,2.503,0.00,50.0,0.00
5763.00,1680.97,7022.51,357.03,2.503,0.00,50.0,0.00
5764.00,1680.84,7025.01,357.03,2.503,0.00,50.0,0.00
5765.00,1680.71,7027.51,357.03,2.503,0.00,50.0,0.00
5766.00,1680.58,7030.01,357.03,2.503,0.00,50.0,0.00
5767.00,1680.45,7032.51,357.03,2.503,0.00,50.0,0.00
5768.00,1680.33,7035.01,357.03,2.503,0.00,50.0,0.00
5769.00,1680.20,7037.51,357.03,2.503,0.00,50.0,0.00
5770.00,1680.07,7040.01,357.03,2.503,0.00,50.0,0.00
5771.00,1679.94,7042.51,357.03,2.503,0.00,50.0,0.00
5772.00,1679.81,7045.01,357.03,2.503,0.00,50.0,0.00
5773.00,1679.68,7047.51,357.03,2.503,0.00,50.0,0.00
5774.00,1679.55,7050.01,357.03,2.503,0.00,50.0,0.00
5775.00,1679.42,7052.51,357.03,2.503,0.00,50.0,0.00
5776.00,1679.29,7055.01,357.03,2.503,0.00,50.0,0.00
5777.00,1679.16,7057.51,357.03,2.503,0.00,50.0,0.00
5778.00,1679.03,7060.00,357.03,2.503,0.00,50.0,0.00
5779.00,1678.90,7062.50,357.03,2.502,0.00,50.0,0.00
5780.00,1678.77,7065.00,357.03,2.502,0.00,50.0,0.00
5781.00,1678.64,7067.50,357.03,2.502,0.00,50.0,0.00
5782.00,1678.51,7070.00,357.03,2.502,0.00,50.0,0.00
5783.00,1678.38,7072.50,357.03,2.502,0.00,50.0,0.00
5784.00,1678.25,7075.00,357.03,2.502,0.00,50.0,0.00
5785.00,1678.12,7077.50,357.03,2.502,0.00,50.0,0.00
5786.00,1677.99,7080.00,357.03,2.502,0.00,50.0,0.00
5787.00,1677.86,7082.49,357.03,2.502,0.00,50.0,0.00
5788.00,1677.73,7084.99,357.03,2.502,0.00,50.0,0.00
5789.00,1677.60,7087.49,357.03,2.502,0.00,50.0,0.00
5790.00,1677.47,7089.99,357.03,2.502,0.00,50.0,0.00
5791.00,1677.34,7092.49,357.03,2.502,0.00,50.0,0.00
5792.00,1677.21,7094.99,357.03,2.502,0.00,50.0,0.00
5793.00,1677.08,7097.49,357.03,2.502,0.00,50.0,0.00
5794.00,1676.95,7099.98,357.03,2.502,0.00,50.0,0.00
5795.00,1676.82,7102.48,357.03,2.502,0.00,50.0,0.00
5796.00,1676.69,7104.98,357.03,2.502,0.00,50.0,0.00
5797.00,1676.56,7107.48,357.03,2.502,0.00,50.0,0.00
5798.00,1676.43,7109.98,357.03,2.502,0.00,50.0,0.00
5799.00,1676.30,7112.48,357.03,2.502,0.00,50.0,0.00
5800.00,1676.17,7114.97,357.03,2.502,0.00,50.0,0.00
5801.00,1676.04,7117.47,357.03,2.502,0.00,50.0,0.00
5802.00,1675.91,7119.97,357.03,2.502,0.00,50.0,0.00
5803.00,1675.79,7122.47,357.03,2.502,0.00,50.0,0.00
5804.00,1675.66,7124.97,357.03,2.501,0.00,50.0,0.00
5805.00,1675.53,7127.47,357.03,2.501,0.00,50.0,0.00
5806.00,1675.40,7129.96,357.03,2.501,0.00,50.0,0.00
5807.00,1675.27,7132.46,357.03,2.501,0.00,50.0,0.00
5808.00,1675.14,7134.96,357.03,2.501,0.00,50.0,0.00
5809.00,1675.01,7137.46,357.03,2.501,0.00,50.0,0.00
5810.00,1674.88,7139.96,357.03,2.501,0.00,50.0,0.00
5811.00,1674.75,7142.45,357.03,2.501,0.00,50.0,0.00
5812.00,1674.62,7144.95,357.03,2.501,0.00,50.0,0.00
5813.00,1674.49,7147.45,357.03,2.501,0.00,50.0,0.00
5814.00,1674.36,7149.95,357.03,2.501,0.00,50.0,0.00
5815.00,1674.23,7152.45,357.03,2.501,0.00,50.0,0.00
5816.00,1674.10,7154.94,357.03,2.501,0.00,50.0,0.00
5817.00,1673.97,7157.44,357.03,2.501,0.00,50.0,0.00
5818.00,1673.84,7159.94,357.03,2.501,0.00,50.0,0.00
5819.00,1673.71,7162.44,357.03,2.501,0.00,50.0,0.00
5820.00,1673.58,7164.93,357.03,2.501,0.00,50.0,0.00
5821.00,1673.45,7167.43,357.03,2.501,0.00,50.0,0.00
5822.00,1673.32,7169.93,357.03,2.501,0.00,50.0,0.00
5823.00,1673.19,7172.43,357.03,2.501,0.00,50.0,0.00
5824.00,1673.06,7174.92,357.03,2.501,0.00,50.0,0.00
5825.00,1672.93,7177.42,357.03,2.501,0.00,50.0,0.00
5826.00,1672.80,7179.92,357.03,2.501,0.00,50.0,0.00
5827.00,1672.67,7182.42,357.03,2.501,0.00,50.0,0.00
5828.00,1672.54,7184.92,357.03,2.501,0.00,50.0,0.00
5829.00,1672.41,7187.41,357.03,2.501,0.00,50.0,0.00
5830.00,1672.28,7189.91,357.03,2.501,0.00,50.0,0.00
5831.00,1672.15,7192.41,357.03,2.501,0.00,50.0,0.00
5832.00,1672.03,7194.91,357.03,2.501,0.00,50.0,0.00
5833.00,1671.90,7197.40,357.03,2.501,0.00,50.0,0.00
5834.00,1671.77,7199.90,357.03,2.501,0.00,50.0,0.00
5835.00,1671.64,7202.40,357.03,2.501,0.00,50.0,0.00
5836.00,1671.51,7204.89,357.03,2.501,0.00,50.0,0.00
5837.00,1671.38,7207.39,357.03,2.501,0.00,50.0,0.00
5838.00,1671.25,7209.89,357.03,2.501,0.00,50.0,0.00
5839.00,1671.12,7212.39,357.03,2.501,0.00,50.0,0.00
5840.00,1670.99,7214.88,357.03,2.501,0.00,50.0,0.00
5841.00,1670.86,7217.38,357.03,2.501,0.00,50.0,0.00
5842.00,1670.73,7219.88,357.03,2.501,0.00,50.0,0.00
5843.00,1670.60,7222.38,357.03,2.501,0.00,50.0,0.00
5844.00,1670.47,7224.87,357.03,2.501,0.00,50.0,0.00
5845.00,1670.34,7227.37,357.03,2.501,0.00,50.0,0.00
5846.00,1670.21,7229.87,357.03,2.501,0.00,50.0,0.00
5847.00,1670.08,7232.37,357.03,2.501,0.00,50.0,0.00
5848.00,1669.95,7234.86,357.03,2.501,0.00,50.0,0.00
5849.00,1669.82,7237.36,357.03,2.501,0.00,50.0,0.00
5850.00,1669.69,7239.86,357.03,2.501,0.00,50.0,0.00
5851.00,1669.56,7242.35,357.03,2.501,0.00,50.0,0.00
5852.00,1669.43,7244.85,357.03,2.501,0.00,50.0,0.00
5853.00,1669.30,7247.35,357.03,2.501,0.00,50.0,0.00
5854.00,1669.17,7249.85,357.03,2.501,0.00,50.0,0.00
5855.00,1669.04,7252.34,357.03,2.501,0.00,50.0,0.00
5856.00,1668.91,7254.84,357.03,2.501,0.00,50.0,0.00
5857.00,1668.78,7257.34,357.03,2.501,0.00,50.0,0.00
5858.00,1668.65,7259.83,357.03,2.501,0.00,50.0,0.00
5859.00,1668.53,7262.33,357.03,2.500,0.00,50.0,0.00
5860.00,1668.40,7264.83,357.03,2.500,0.00,50.0,0.00
5861.00,1668.27,7267.33,357.03,2.500,0.00,50.0,0.00
5862.00,1668.14,7269.82,357.03,2.500,0.00,50.0,0.00
5863.00,1668.01,7272.32,357.03,2.500,0.00,50.0,0.00
5864.00,1667.88,7274.82,357.03,2.500,0.00,50.0,0.00
5865.00,1667.75,7277.31,357.03,2.500,0.00,50.0,0.00
5866.00,1667.62,7279.81,357.03,2.500,0.00,50.0,0.00
5867.00,1667.49,7282.31,357.03,2.500,0.00,50.0,0.00
5868.00,1667.36,7284.81,357.03,2.500,0.00,50.0,0.00
5869.00,1667.23,7287.30,357.03,2.500,0.00,50.0,0.00
5870.00,1667.10,7289.80,357.03,2.500,0.00,50.0,0.00
5871.00,1666.97,7292.30,357.03,2.500,0.00,50.0,0.00
5872.00,1666.84,7294.79,357.03,2.500,0.00,50.0,0.00
5873.00,1666.71,7297.29,357.03,2.500,0.00,50.0,0.00
5874.00,1666.58,7299.79,357.03,2.500,0.00,50.0,0.00
5875.00,1666.45,7302.28,357.03,2.500,0.00,50.0,0.00
5876.00,1666.32,7304.78,357.03,2.500,0.00,50.0,0.00
5877.00,1666.19,7307.28,357.03,2.500,0.00,50.0,0.00
5878.00,1666.06,7309.78,357.03,2.500,0.00,50.0,0.00
5879.00,1665.93,7312.27,357.03,2.500,0.00,50.0,0.00
5880.00,1665.80,7314.77,357.03,2.500,0.00,50.0,0.00
5881.00,1665.67,7317.27,357.03,2.500,0.00,50.0,0.00
5882.00,1665.54,7319.76,357.03,2.500,0.00,50.0,0.00
5883.00,1665.41,7322.26,357.03,2.500,0.00,50.0,0.00
5884.00,1665.28,7324.76,357.03,2.500,0.00,50.0,0.00
5885.00,1665.16,7327.25,357.03,2.500,0.00,50.0,0.00
5886.00,1665.03,7329.75,357.03,2.500,0.00,50.0,0.00
5887.00,1664.90,7332.25,357.03,2.500,0.00,50.0,0.00
5888.00,1664.77,7334.75,357.03,2.500,0.00,50.0,0.00
5889.00,1664.64,7337.24,357.03,2.500,0.00,50.0,0.00
5890.00,1664.51,7339.74,357.03,2.500,0.00,50.0,0.00
5891.00,1664.38,7342.24,357.03,2.500,0.00,50.0,0.00
5892.00,1664.25,7344.73,357.03,2.500,0.00,50.0,0.00
5893.00,1664.12,7347.23,357.03,2.500,0.00,50.0,0.00
5894.00,1663.99,7349.73,357.03,2.500,0.00,50.0,0.00
5895.00,1663.86,7352.22,357.03,2.500,0.00,50.0,0.00
5896.00,1663.73,7354.72,357.03,2.500,0.00,50.0,0.00
5897.00,1663.60,7357.22,357.03,2.500,0.00,50.0,0.00
5898.00,1663.47,7359.71,357.03,2.500,0.00,50.0,0.00
5899.00,1663.34,7362.21,357.03,2.500,0.00,50.0,0.00
5900.00,1663.21,7364.71,357.03,2.500,0.00,50.0,0.00
5901.00,1663.08,7367.20,357.03,2.500,0.00,50.0,0.00
5902.00,1662.95,7369.70,357.03,2.500,0.00,50.0,0.00
5903.00,1662.82,7372.20,357.03,2.500,0.00,50.0,0.00
5904.00,1662.69,7374.70,357.03,2.500,0.00,50.0,0.00
5905.00,1662.56,7377.19,357.03,2.500,0.00,50.0,0.00
5906.00,1662.43,7379.69,357.03,2.500,0.00,50.0,0.00
5907.00,1662.30,7382.19,357.03,2.500,0.00,50.0,0.00
5908.00,1662.17,7384.68,357.03,2.500,0.00,50.0,0.00
5909.00,1662.04,7387.18,357.03,2.500,0.00,50.0,0.00
5910.00,1661.91,7389.68,357.03,2.500,0.00,50.0,0.00
5911.00,1661.79,7392.17,357.03,2.500,0.00,50.0,0.00
5912.00,1661.66,7394.67,357.03,2.500,0.00,50.0,0.00
5913.00,1661.53,7397.17,357.03,2.500,0.00,50.0,0.00
5914.00,1661.40,7399.66,357.03,2.500,0.00,50.0,0.00
5915.00,1661.27,7402.16,357.03,2.500,0.00,50.0,0.00
5916.00,1661.14,7404.66,357.03,2.500,0.00,50.0,0.00
5917.00,1661.01,7407.15,357.03,2.500,0.00,50.0,0.00
5918.00,1660.88,7409.65,357.03,2.500,0.00,50.0,0.00
5919.00,1660.75,7412.15,357.03,2.500,0.00,50.0,0.00
5920.00,1660.62,7414.64,357.03,2.500,0.00,50.0,0.00
5921.00,1660.49,7417.14,357.03,2.500,0.00,50.0,0.00
5922.00,1660.36,7419.64,357.03,2.500,0.00,50.0,0.00
5923.00,1660.23,7422.13,357.03,2.500,0.00,50.0,0.00
5924.00,1660.10,7424.63,357.03,2.500,0.00,50.0,0.00
5925.00,1659.97,7427.13,357.03,2.500,0.00,50.0,0.00
5926.00,1659.84,7429.62,357.03,2.500,0.00,50.0,0.00
5927.00,1659.71,7432.12,357.03,2.500,0.00,50.0,0.00
5928.00,1659.58,7434.62,357.03,2.500,0.00,50.0,0.00
5929.00,1659.45,7437.11,357.03,2.500,0.00,50.0,0.00
5930.00,1659.32,7439.61,357.03,2.500,0.00,50.0,0.00
5931.00,1659.19,7442.11,357.03,2.500,0.00,50.0,0.00
5932.00,1659.06,7444.61,357.03,2.500,0.00,50.0,0.00
5933.00,1658.93,7447.10,357.03,2.500,0.00,50.0,0.00
5934.00,1658.80,7449.60,357.03,2.500,0.00,50.0,0.00
5935.00,1658.67,7452.10,357.03,2.500,0.00,50.0,0.00
5936.00,1658.55,7454.59,357.03,2.500,0.00,50.0,0.00
5937.00,1658.42,7457.09,357.03,2.500,0.00,50.0,0.00
5938.00,1658.29,7459.59,357.03,2.500,0.00,50.0,0.00
5939.00,1658.16,7462.08,357.03,2.500,0.00,50.0,0.00
5940.00,1658.03,7464.58,357.03,2.500,0.00,50.0,0.00
5941.00,1657.90,7467.08,357.03,2.500,0.00,50.0,0.00
5942.00,1657.77,7469.57,357.03,2.500,0.00,50.0,0.00
5943.00,1657.64,7472.07,357.03,2.500,0.00,50.0,0.00
5944.00,1657.51,7474.57,357.03,2.500,0.00,50.0,0.00
5945.00,1657.38,7477.06,357.03,2.500,0.00,50.0,0.00
5946.00,1657.25,7479.56,357.03,2.500,0.00,50.0,0.00
5947.00,1657.12,7482.06,357.03,2.500,0.00,50.0,0.00
5948.00,1656.99,7484.55,357.03,2.500,0.00,50.0,0.00
5949.00,1656.86,7487.05,357.03,2.500,0.00,50.0,0.00
5950.00,1656.73,7489.55,357.03,2.500,0.00,50.0,0.00
5951.00,1656.60,7492.04,357.03,2.500,0.00,50.0,0.00
5952.00,1656.47,7494.54,357.03,2.500,0.00,50.0,0.00
5953.00,1656.34,7497.04,357.03,2.500,0.00,50.0,0.00
5954.00,1656.21,7499.53,357.03,2.500,0.00,50.0,0.00
5955.00,1656.08,7502.03,357.03,2.500,0.00,50.0,0.00
5956.00,1655.95,7504.53,357.03,2.500,0.00,50.0,0.00
5957.00,1655.82,7507.02,357.03,2.500,0.00,50.0,0.00
5958.00,1655.69,7509.52,357.03,2.500,0.00,50.0,0.00
5959.00,1655.56,7512.02,357.03,2.500,0.00,50.0,0.00
5960.00,1655.43,7514.51,357.03,2.500,0.00,50.0,0.00
5961.00,1655.31,7517.01,357.03,2.500,0.00,50.0,0.00
5962.00,1655.18,7519.51,357.03,2.500,0.00,50.0,0.00
5963.00,1655.05,7522.00,357.03,2.500,0.00,50.0,0.00
5964.00,1654.92,7524.50,357.03,2.500,0.00,50.0,0.00
5965.00,1654.79,7527.00,357.03,2.500,0.00,50.0,0.00
5966.00,1654.66,7529.49,357.03,2.500,0.00,50.0,0.00
5967.00,1654.53,7531.99,357.03,2.500,0.00,50.0,0.00
5968.00,1654.40,7534.49,357.03,2.500,0.00,50.0,0.00
5969.00,1654.27,7536.98,357.03,2.500,0.00,50.0,0.00
5970.00,1654.14,7539.48,357.03,2.500,0.00,50.0,0.00
5971.00,1654.01,7541.98,357.03,2.500,0.00,50.0,0.00
5972.00,1653.88,7544.47,357.03,2.500,0.00,50.0,0.00
5973.00,1653.75,7546.97,357.03,2.500,0.00,50.0,0.00
5974.00,1653.62,7549.47,357.03,2.500,0.00,50.0,0.00
5975.00,1653.49,7551.96,357.03,2.500,0.00,50.0,0.00
5976.00,1653.36,7554.46,357.03,2.500,0.00,50.0,0.00
5977.00,1653.23,7556.96,357.03,2.500,0.00,50.0,0.00
5978.00,1653.10,7559.45,357.03,2.500,0.00,50.0,0.00
5979.00,1652.97,7561.95,357.03,2.500,0.00,50.0,0.00
5980.00,1652.84,7564.45,357.03,2.500,0.00,50.0,0.00
5981.00,1652.71,7566.94,357.03,2.500,0.00,50.0,0.00
5982.00,1652.58,7569.44,357.03,2.500,0.00,50.0,0.00
5983.00,1652.45,7571.94,357.03,2.500,0.00,50.0,0.00
5984.00,1652.32,7574.43,357.03,2.500,0.00,50.0,0.00
5985.00,1652.19,7576.93,357.03,2.500,0.00,50.0,0.00
5986.00,1652.07,7579.43,357.03,2.500,0.00,50.0,0.00
5987.00,1651.94,7581.92,357.03,2.500,0.00,50.0,0.00
5988.00,1651.81,7584.42,357.03,2.500,0.00,50.0,0.00
5989.00,1651.68,7586.92,357.03,2.500,0.00,50.0,0.00
5990.00,1651.55,7589.41,357.03,2.500,0.00,50.0,0.00
5991.00,1651.42,7591.91,357.03,2.500,0.00,50.0,0.00
5992.00,1651.29,7594.41,357.03,2.500,0.00,50.0,0.00
5993.00,1651.16,7596.90,357.03,2.500,0.00,50.0,0.00
5994.00,1651.03,7599.40,357.03,2.500,0.00,50.0,0.00
5995.00,1650.90,7601.90,357.03,2.500,0.00,50.0,0.00
5996.00,1650.77,7604.39,357.03,2.500,0.00,50.0,0.00
5997.00,1650.64,7606.89,357.03,2.500,0.00,50.0,0.00
5998.00,1650.51,7609.39,357.03,2.500,0.00,50.0,0.00
5999.00,1650.38,7611.88,357.03,2.500,0.00,50.0,0.00
6000.00,1650.25,7614.38,357.03,2.500,0.00,50.0,0.00
6001.00,1650.12,7616.88,357.03,2.500,0.00,50.0,0.00
6002.00,1649.99,7619.37,357.03,2.500,0.00,50.0,0.00
6003.00,1649.86,7621.87,357.03,2.500,0.00,50.0,0.00
6004.00,1649.73,7624.37,357.03,2.500,0.00,50.0,0.00
6005.00,1649.60,7626.86,357.03,2.500,0.00,50.0,0.00
6006.00,1649.47,7629.36,357.03,2.500,0.00,50.0,0.00
6007.00,1649.34,7631.86,357.03,2.500,0.00,50.0,0.00
6008.00,1649.21,7634.35,357.03,2.500,0.00,50.0,0.00
6009.00,1649.08,7636.85,357.03,2.500,0.00,50.0,0.00
6010.00,1648.96,7639.35,357.03,2.500,0.00,50.0,0.00
6011.00,1648.83,7641.84,357.03,2.500,0.00,50.0,0.00
6012.00,1648.70,7644.34,357.03,2.500,0.00,50.0,0.00
6013.00,1648.57,7646.84,357.03,2.500,0.00,50.0,0.00
6014.00,1648.44,7649.33,357.03,2.500,0.00,50.0,0.00
6015.00,1648.31,7651.83,357.03,2.500,0.00,50.0,0.00
6016.00,1648.18,7654.33,357.03,2.500,0.00,50.0,0.00
6017.00,1648.05,7656.82,357.03,2.500,0.00,50.0,0.00
6018.00,1647.92,7659.32,357.03,2.500,0.00,50.0,0.00
6019.00,1647.79,7661.82,357.03,2.500,0.00,50.0,0.00
6020.00,1647.66,7664.31,357.03,2.500,0.00,50.0,0.00
6021.00,1647.53,7666.81,357.03,2.500,0.00,50.0,0.00
6022.00,1647.40,7669.31,357.03,2.500,0.00,50.0,0.00
6023.00,1647.27,7671.80,357.03,2.500,0.00,50.0,0.00
6024.00,1647.14,7674.30,357.03,2.500,0.00,50.0,0.00
6025.00,1647.01,7676.80,357.03,2.500,0.00,50.0,0.00
6026.00,1646.88,7679.29,357.03,2.500,0.00,50.0,0.00
6027.00,1646.75,7681.79,357.03,2.500,0.00,50.0,0.00
6028.00,1646.62,7684.29,357.03,2.500,0.00,50.0,0.00
6029.00,1646.49,7686.78,357.03,2.500,0.00,50.0,0.00
6030.00,1646.36,7689.28,357.03,2.500,0.00,50.0,0.00
6031.00,1646.23,7691.78,357.03,2.500,0.00,50.0,0.00
6032.00,1646.10,7694.27,357.03,2.500,0.00,50.0,0.00
6033.00,1645.97,7696.77,357.03,2.500,0.00,50.0,0.00
6034.00,1645.84,7699.27,357.03,2.500,0.00,50.0,0.00
6035.00,1645.72,7701.76,357.03,2.500,0.00,50.0,0.00
6036.00,1645.59,7704.26,357.03,2.500,0.00,50.0,0.00
6037.00,1645.46,7706.76,357.03,2.500,0.00,50.0,0.00
6038.00,1645.33,7709.25,357.03,2.500,0.00,50.0,0.00
6039.00,1645.20,7711.75,357.03,2.500,0.00,50.0,0.00
6040.00,1645.07,7714.25,357.03,2.500,0.00,50.0,0.00
6041.00,1644.94,7716.74,357.03,2.500,0.00,50.0,0.00
6042.00,1644.81,7719.24,357.03,2.500,0.00,50.0,0.00
6043.00,1644.68,7721.74,357.03,2.500,0.00,50.0,0.00
6044.00,1644.55,7724.23,357.03,2.500,0.00,50.0,0.00
6045.00,1644.42,7726.73,357.03,2.500,0.00,50.0,0.00
6046.00,1644.29,7729.23,357.03,2.500,0.00,50.0,0.00
6047.00,1644.16,7731.72,357.03,2.500,0.00,50.0,0.00
6048.00,1644.03,7734.22,357.03,2.500,0.00,50.0,0.00
6049.00,1643.90,7736.72,357.03,2.500,0.00,50.0,0.00
6050.00,1643.77,7739.21,357.03,2.500,0.00,50.0,0.00
6051.00,1643.64,7741.71,357.03,2.500,0.00,50.0,0.00
6052.00,1643.51,7744.21,357.03,2.500,0.00,50.0,0.00
6053.00,1643.38,7746.70,357.03,2.500,0.00,50.0,0.00
6054.00,1643.25,7749.20,357.03,2.500,0.00,50.0,0.00
6055.00,1643.12,7751.70,357.03,2.500,0.00,50.0,0.00
6056.00,1642.99,7754.19,357.03,2.500,0.00,50.0,0.00
6057.00,1642.86,7756.69,357.03,2.500,0.00,50.0,0.00
6058.00,1642.73,7759.19,357.03,2.500,0.00,50.0,0.00
6059.00,1642.60,7761.68,357.03,2.500,0.00,50.0,0.00
6060.00,1642.48,7764.18,357.03,2.500,0.00,50.0,0.00
6061.00,1642.35,7766.68,357.03,2.500,0.00,50.0,0.00
6062.00,1642.22,7769.17,357.03,2.500,0.00,50.0,0.00
6063.00,1642.09,7771.67,357.03,2.500,0.00,50.0,0.00
6064.00,1641.96,7774.17,357.03,2.500,0.00,50.0,0.00
6065.00,1641.83,7776.66,357.03,2.500,0.00,50.0,0.00
6066.00,1641.70,7779.16,357.03,2.500,0.00,50.0,0.00
6067.00,1641.57,7781.66,357.03,2.500,0.00,50.0,0.00
6068.00,1641.44,7784.15,357.03,2.500,0.00,50.0,0.00
6069.00,1641.31,7786.65,357.03,2.500,0.00,50.0,0.00
6070.00,1641.18,7789.15,357.03,2.500,0.00,50.0,0.00
6071.00,1641.05,7791.64,357.03,2.500,0.00,50.0,0.00
6072.00,1640.92,7794.14,357.03,2.500,0.00,50.0,0.00
6073.00,1640.79,7796.64,357.03,2.500,0.00,50.0,0.00
6074.00,1640.66,7799.13,357.03,2.500,0.00,50.0,0.00
6075.00,1640.53,7801.63,357.03,2.500,0.00,50.0,0.00
6076.00,1640.40,7804.13,357.03,2.500,0.00,50.0,0.00
6077.00,1640.27,7806.62,357.03,2.500,0.00,50.0,0.00
6078.00,1640.14,7809.12,357.03,2.500,0.00,50.0,0.00
6079.00,1640.01,7811.62,357.03,2.500,0.00,50.0,0.00
6080.00,1639.88,7814.11,357.03,2.500,0.00,50.0,0.00
6081.00,1639.75,7816.61,357.03,2.500,0.00,50.0,0.00
6082.00,1639.62,7819.11,357.03,2.500,0.00,50.0,0.00
6083.00,1639.49,7821.60,357.03,2.500,0.00,50.0,0.00
6084.00,1639.37,7824.10,357.03,2.500,0.00,50.0,0.00
6085.00,1639.24,7826.60,357.03,2.500,0.00,50.0,0.00
6086.00,1639.11,7829.09,357.03,2.500,0.00,50.0,0.00
6087.00,1638.98,7831.59,357.03,2.500,0.00,50.0,0.00
6088.00,1638.85,7834.09,357.03,2.500,0.00,50.0,0.00
6089.00,1638.72,7836.58,357.03,2.500,0.00,50.0,0.00
6090.00,1638.59,7839.08,357.03,2.500,0.00,50.0,0.00
6091.00,1638.46,7841.58,357.03,2.500,0.00,50.0,0.00
6092.00,1638.33,7844.07,357.03,2.500,0.00,50.0,0.00
6093.00,1638.20,7846.57,357.03,2.500,0.00,50.0,0.00
6094.00,1638.07,7849.07,357.03,2.500,0.00,50.0,0.00
6095.00,1637.94,7851.56,357.03,2.500,0.00,50.0,0.00
6096.00,1637.81,7854.06,357.03,2.500,0.00,50.0,0.00
6097.00,1637.68,7856.56,357.03,2.500,0.00,50.0,0.00
6098.00,1637.55,7859.05,357.03,2.500,0.00,50.0,0.00
6099.00,1637.42,7861.55,357.03,2.500,0.00,50.0,0.00
6100.00,1637.29,7864.05,357.03,2.500,0.00,50.0,0.00
6101.00,1637.16,7866.54,357.03,2.500,0.00,50.0,0.00
6102.00,1637.03,7869.04,357.03,2.500,0.00,50.0,0.00
6103.00,1636.90,7871.54,357.03,2.500,0.00,50.0,0.00
6104.00,1636.77,7874.03,357.03,2.500,0.00,50.0,0.00
6105.00,1636.64,7876.53,357.03,2.500,0.00,50.0,0.00
6106.00,1636.51,7879.03,357.03,2.500,0.00,50.0,0.00
6107.00,1636.38,7881.52,357.03,2.500,0.00,50.0,0.00
6108.00,1636.25,7884.02,357.03,2.500,0.00,50.0,0.00
6109.00,1636.13,7886.52,357.03,2.500,0.00,50.0,0.00
6110.00,1636.00,7889.01,357.03,2.500,0.00,50.0,0.00
6111.00,1635.87,7891.51,357.03,2.500,0.00,50.0,0.00
6112.00,1635.74,7894.01,357.03,2.500,0.00,50.0,0.00
6113.00,1635.61,7896.50,357.03,2.500,0.00,50.0,0.00
6114.00,1635.48,7899.00,357.03,2.500,0.00,50.0,0.00
6115.00,1635.35,7901.50,357.03,2.500,0.00,50.0,0.00
6116.00,1635.22,7903.99,357.03,2.500,0.00,50.0,0.00
6117.00,1635.09,7906.49,357.03,2.500,0.00,50.0,0.00
6118.00,1634.96,7908.99,357.03,2.500,0.00,50.0,0.00
6119.00,1634.83,7911.48,357.03,2.500,0.00,50.0,0.00
6120.00,1634.70,7913.98,357.03,2.500,0.00,50.0,0.00
6121.00,1634.57,7916.48,357.03,2.500,0.00,50.0,0.00
6122.00,1634.44,7918.97,357.03,2.500,0.00,50.0,0.00
6123.00,1634.31,7921.47,357.03,2.500,0.00,50.0,0.00
6124.00,1634.18,7923.97,357.03,2.500,0.00,50.0,0.00
6125.00,1634.05,7926.46,357.03,2.500,0.00,50.0,0.00
6126.00,1633.92,7928.96,357.03,2.500,0.00,50.0,0.00
6127.00,1633.79,7931.46,357.03,2.500,0.00,50.0,0.00
6128.00,1633.66,7933.95,357.03,2.500,0.00,50.0,0.00
6129.00,1633.53,7936.45,357.03,2.500,0.00,50.0,0.00
6130.00,1633.40,7938.95,357.03,2.500,0.00,50.0,0.00
6131.00,1633.27,7941.44,357.03,2.500,0.00,50.0,0.00
6132.00,1633.14,7943.94,357.03,2.500,0.00,50.0,0.00
6133.00,1633.01,7946.43,357.03,2.500,0.00,50.0,0.00
6134.00,1632.89,7948.93,357.03,2.500,0.00,50.0,0.00
6135.00,1632.76,7951.43,357.03,2.500,0.00,50.0,0.00
6136.00,1632.63,7953.92,357.03,2.500,0.00,50.0,0.00
6137.00,1632.50,7956.42,357.03,2.500,0.00,50.0,0.00
6138.00,1632.37,7958.92,357.03,2.500,0.00,50.0,0.00
6139.00,1632.24,7961.41,357.03,2.500,0.00,50.0,0.00
6140.00,1632.11,7963.91,357.03,2.500,0.00,50.0,0.00
6141.00,1631.98,7966.41,357.03,2.500,0.00,50.0,0.00
6142.00,1631.85,7968.90,357.03,2.500,0.00,50.0,0.00
6143.00,1631.72,7971.40,357.03,2.500,0.00,50.0,0.00
6144.00,1631.59,7973.90,357.03,2.500,0.00,50.0,0.00
6145.00,1631.46,7976.39,357.03,2.500,0.00,50.0,0.00
6146.00,1631.33,7978.89,357.03,2.500,0.00,50.0,0.00
6147.00,1631.20,7981.39,357.03,2.500,0.00,50.0,0.00
6148.00,1631.07,7983.88,357.03,2.500,0.00,50.0,0.00
6149.00,1630.94,7986.38,357.03,2.500,0.00,50.0,0.00
6150.00,1630.81,7988.88,357.03,2.500,0.00,50.0,0.00
6151.00,1630.68,7991.37,357.03,2.500,0.00,50.0,0.00
6152.00,1630.55,7993.87,357.03,2.500,0.00,50.0,0.00
6153.00,1630.42,7996.37,357.03,2.500,0.00,50.0,0.00
6154.00,1630.29,7998.86,357.03,2.500,0.00,50.0,0.00
6155.00,1630.16,8001.36,357.03,2.500,0.00,50.0,0.00
6156.00,1630.03,8003.86,357.03,2.500,0.00,50.0,0.00
6157.00,1629.90,8006.35,357.03,2.500,0.00,50.0,0.00
6158.00,1629.77,8008.85,357.03,2.500,0.00,50.0,0.00
6159.00,1629.65,8011.35,357.03,2.500,0.00,50.0,0.00
6160.00,1629.52,8013.84,357.03,2.500,0.00,50.0,0.00
6161.00,1629.39,8016.34,357.03,2.500,0.00,50.0,0.00
6162.00,1629.26,8018.84,357.03,2.500,0.00,50.0,0.00
6163.00,1629.13,8021.33,357.03,2.500,0.00,50.0,0.00
6164.00,1629.00,8023.83,357.03,2.500,0.00,50.0,0.00
6165.00,1628.87,8026.33,357.03,2.500,0.00,50.0,0.00
6166.00,1628.74,8028.82,357.03,2.500,0.00,50.0,0.00
6167.00,1628.61,8031.32,357.03,2.500,0.00,50.0,0.00
6168.00,1628.48,8033.82,357.03,2.500,0.00,50.0,0.00
6169.00,1628.35,8036.31,357.03,2.500,0.00,50.0,0.00
6170.00,1628.22,8038.81,357.03,2.500,0.00,50.0,0.00
6171.00,1628.09,8041.31,357.03,2.500,0.00,50.0,0.00
6172.00,1627.96,8043.80,357.03,2.500,0.00,50.0,0.00
6173.00,1627.83,8046.30,357.03,2.500,0.00,50.0,0.00
6174.00,1627.70,8048.80,357.03,2.500,0.00,50.0,0.00
6175.00,1627.57,8051.29,357.03,2.500,0.00,50.0,0.00
6176.00,1627.44,8053.79,357.03,2.500,0.00,50.0,0.00
6177.00,1627.31,8056.29,357.03,2.500,0.00,50.0,0.00
6178.00,1627.18,8058.78,357.03,2.500,0.00,50.0,0.00
6179.00,1627.05,8061.28,357.03,2.500,0.00,50.0,0.00
6180.00,1626.92,8063.78,357.03,2.500,0.00,50.0,0.00
6181.00,1626.79,8066.27,357.03,2.500,0.00,50.0,0.00
6182.00,1626.66,8068.77,357.03,2.500,0.00,50.0,0.00
6183.00,1626.54,8071.27,357.03,2.500,0.00,50.0,0.00
6184.00,1626.41,8073.76,357.03,2.500,0.00,50.0,0.00
6185.00,1626.28,8076.26,357.03,2.500,0.00,50.0,0.00
6186.00,1626.15,8078.76,357.03,2.500,0.00,50.0,0.00
6187.00,1626.02,8081.25,357.03,2.500,0.00,50.0,0.00
6188.00,1625.89,8083.75,357.03,2.500,0.00,50.0,0.00
6189.00,1625.76,8086.25,357.03,2.500,0.00,50.0,0.00
6190.00,1625.63,8088.74,357.03,2.500,0.00,50.0,0.00
6191.00,1625.50,8091.24,357.03,2.500,0.00,50.0,0.00
6192.00,1625.37,8093.74,357.03,2.500,0.00,50.0,0.00
6193.00,1625.24,8096.23,357.03,2.500,0.00,50.0,0.00
6194.00,1625.11,8098.73,357.03,2.500,0.00,50.0,0.00
6195.00,1624.98,8101.23,357.03,2.500,0.00,50.0,0.00
6196.00,1624.85,8103.72,357.03,2.500,0.00,50.0,0.00
6197.00,1624.72,8106.22,357.03,2.500,0.00,50.0,0.00
6198.00,1624.59,8108.72,357.03,2.500,0.00,50.0,0.00
6199.00,1624.46,8111.21,357.03,2.500,0.00,50.0,0.00
6200.00,1624.33,8113.71,357.03,2.500,0.00,50.0,0.00
6201.00,1624.20,8116.21,357.03,2.500,0.00,50.0,0.00
6202.00,1624.07,8118.70,357.03,2.500,0.00,50.0,0.00
6203.00,1623.94,8121.20,357.03,2.500,0.00,50.0,0.00
6204.00,1623.81,8123.70,357.03,2.500,0.00,50.0,0.00
6205.00,1623.68,8126.19,357.03,2.500,0.00,50.0,0.00
6206.00,1623.55,8128.69,357.03,2.500,0.00,50.0,0.00
6207.00,1623.42,8131.19,357.03,2.500,0.00,50.0,0.00
6208.00,1623.30,8133.68,357.03,2.500,0.00,50.0,0.00
6209.00,1623.17,8136.18,357.03,2.500,0.00,50.0,0.00
6210.00,1623.04,8138.68,357.03,2.500,0.00,50.0,0.00
6211.00,1622.91,8141.17,357.03,2.500,0.00,50.0,0.00
6212.00,1622.78,8143.67,357.03,2.500,0.00,50.0,0.00
6213.00,1622.65,8146.17,357.03,2.500,0.00,50.0,0.00
6214.00,1622.52,8148.66,357.03,2.500,0.00,50.0,0.00
6215.00,1622.39,8151.16,357.03,2.500,0.00,50.0,0.00
6216.00,1622.26,8153.66,357.02,2.500,-35.00,50.0,-0.40
6217.00,1622.13,8156.15,357.01,2.500,-35.00,50.0,-0.79
6218.00,1622.00,8158.65,356.99,2.500,-35.00,50.0,-1.16
6219.00,1621.87,8161.15,356.96,2.500,-35.00,50.0,-1.52
6220.00,1621.73,8163.64,356.93,2.500,-35.00,50.0,-1.87
6221.00,1621.60,8166.14,356.90,2.500,-35.00,50.0,-2.21
6222.00,1621.47,8168.64,356.85,2.500,-35.00,50.0,-2.54
6223.00,1621.33,8171.13,356.81,2.500,-35.00,50.0,-2.85
6224.00,1621.19,8173.63,356.75,2.500,-35.00,50.0,-3.16
6225.00,1621.05,8176.12,356.70,2.500,-35.00,50.0,-3.45
6226.00,1620.90,8178.62,356.63,2.500,-35.00,50.0,-3.74
6227.00,1620.76,8181.11,356.57,2.500,-35.00,50.0,-4.01
6228.00,1620.61,8183.61,356.50,2.500,-35.00,50.0,-4.28
6229.00,1620.45,8186.11,356.42,2.500,-35.00,50.0,-4.53
6230.00,1620.30,8188.60,356.34,2.500,-35.00,50.0,-4.78
6231.00,1620.14,8191.10,356.26,2.500,-35.00,50.0,-5.02
6232.00,1619.98,8193.59,356.17,2.500,-35.00,50.0,-5.26
6233.00,1619.81,8196.08,356.08,2.500,-35.00,50.0,-5.48
6234.00,1619.64,8198.58,355.98,2.500,-35.00,50.0,-5.70
6235.00,1619.46,8201.07,355.88,2.500,-35.00,50.0,-5.91
6236.00,1619.28,8203.57,355.78,2.500,-35.00,50.0,-6.11
6237.00,1619.10,8206.06,355.68,2.500,-35.00,50.0,-6.31
6238.00,1618.91,8208.55,355.57,2.500,-35.00,50.0,-6.50
6239.00,1618.72,8211.05,355.46,2.500,-35.00,50.0,-6.68
6240.00,1618.52,8213.54,355.34,2.500,-35.00,50.0,-6.86
6241.00,1618.32,8216.03,355.23,2.500,-35.00,50.0,-7.03
6242.00,1618.11,8218.52,355.11,2.500,-35.00,50.0,-7.20
6243.00,1617.89,8221.01,354.98,2.500,-34.67,50.0,-7.35
6244.00,1617.68,8223.50,354.86,2.500,-34.67,50.0,-7.50
6245.00,1617.45,8225.99,354.73,2.500,-34.67,50.0,-7.65
6246.00,1617.22,8228.48,354.60,2.500,-33.54,50.0,-7.78
6247.00,1616.99,8230.97,354.47,2.500,-33.54,50.0,-7.90
6248.00,1616.75,8233.46,354.34,2.500,-33.54,50.0,-8.02
6249.00,1616.50,8235.95,354.20,2.500,-32.35,50.0,-8.12
6250.00,1616.25,8238.43,354.06,2.500,-32.35,50.0,-8.22
6251.00,1615.99,8240.92,353.93,2.500,-32.35,50.0,-8.32
6252.00,1615.72,8243.41,353.79,2.500,-31.11,50.0,-8.40
6253.00,1615.45,8245.89,353.64,2.500,-31.11,50.0,-8.47
6254.00,1615.18,8248.38,353.50,2.500,-31.11,50.0,-8.55
6255.00,1614.89,8250.86,353.36,2.500,-29.83,50.0,-8.60
6256.00,1614.60,8253.34,353.21,2.500,-29.83,50.0,-8.66
6257.00,1614.31,8255.83,353.07,2.500,-29.83,50.0,-8.71
6258.00,1614.01,8258.31,352.92,2.500,-28.52,50.0,-8.74
6259.00,1613.70,8260.79,352.78,2.500,-28.52,50.0,-8.78
6260.00,1613.39,8263.27,352.63,2.500,-28.52,50.0,-8.81
6261.00,1613.06,8265.75,352.48,2.500,-27.20,50.0,-8.83
6262.00,1612.74,8268.23,352.34,2.500,-27.20,50.0,-8.85
6263.00,1612.40,8270.70,352.19,2.500,-27.20,50.0,-8.86
6264.00,1612.06,8273.18,352.04,2.500,-25.86,50.0,-8.86
6265.00,1611.72,8275.66,351.89,2.500,-25.86,50.0,-8.86
6266.00,1611.37,8278.13,351.74,2.500,-25.86,50.0,-8.86
6267.00,1611.01,8280.61,351.60,2.500,-24.51,50.0,-8.85
6268.00,1610.64,8283.08,351.45,2.500,-24.51,50.0,-8.83
6269.00,1610.27,8285.55,351.30,2.500,-24.51,50.0,-8.82
6270.00,1609.89,8288.02,351.16,2.500,-23.17,50.0,-8.79
6271.00,1609.51,8290.49,351.01,2.500,-23.17,50.0,-8.76
6272.00,1609.12,8292.96,350.87,2.500,-23.17,50.0,-8.73
6273.00,1608.72,8295.43,350.72,2.500,-21.84,50.0,-8.69
6274.00,1608.32,8297.90,350.58,2.500,-21.84,50.0,-8.65
6275.00,1607.91,8300.36,350.43,2.500,-21.84,50.0,-8.61
6276.00,1607.49,8302.83,350.29,2.500,-20.52,50.0,-8.56
6277.00,1607.07,8305.29,350.15,2.500,-20.52,50.0,-8.51
6278.00,1606.64,8307.76,350.01,2.500,-20.52,50.0,-8.46
6279.00,1606.21,8310.22,349.87,2.500,-19.22,50.0,-8.40
6280.00,1605.77,8312.68,349.73,2.500,-19.22,50.0,-8.34
6281.00,1605.32,8315.14,349.59,2.500,-19.22,50.0,-8.28
6282.00,1604.87,8317.60,349.45,2.500,-17.95,50.0,-8.21
6283.00,1604.41,8320.06,349.32,2.500,-17.95,50.0,-8.14
6284.00,1603.95,8322.51,349.18,2.500,-17.95,50.0,-8.07
6285.00,1603.48,8324.97,349.05,2.500,-16.70,50.0,-8.00
6286.00,1603.01,8327.42,348.92,2.500,-16.70,50.0,-7.92
6287.00,1602.53,8329.88,348.79,2.500,-16.70,50.0,-7.85
6288.00,1602.04,8332.33,348.66,2.500,-15.48,50.0,-7.76
6289.00,1601.55,8334.78,348.53,2.500,-15.48,50.0,-7.68
6290.00,1601.05,8337.23,348.40,2.500,-15.48,50.0,-7.60
6291.00,1600.55,8339.68,348.28,2.500,-14.30,50.0,-7.51
6292.00,1600.04,8342.13,348.15,2.500,-14.30,50.0,-7.42
6293.00,1599.53,8344.57,348.03,2.500,-14.30,50.0,-7.34
6294.00,1599.01,8347.02,347.91,2.500,-13.15,50.0,-7.25
6295.00,1598.48,8349.46,347.79,2.500,-13.15,50.0,-7.15
6296.00,1597.96,8351.91,347.67,2.500,-13.15,50.0,-7.07
6297.00,1597.42,8354.35,347.56,2.500,-12.04,50.0,-6.97
6298.00,1596.88,8356.79,347.44,2.500,-12.04,50.0,-6.87
6299.00,1596.34,8359.23,347.33,2.500,-12.04,50.0,-6.78
6300.00,1595.79,8361.67,347.22,2.500,-10.97,50.0,-6.68
6301.00,1595.24,8364.11,347.11,2.500,-10.97,50.0,-6.58
6302.00,1594.68,8366.54,347.00,2.500,-10.97,50.0,-6.49
6303.00,1594.12,8368.98,346.89,2.500,-9.95,50.0,-6.39
6304.00,1593.55,8371.42,346.79,2.500,-9.95,50.0,-6.29
6305.00,1592.98,8373.85,346.69,2.500,-9.95,50.0,-6.19
6306.00,1592.40,8376.28,346.59,2.500,-8.96,50.0,-6.09
6307.00,1591.82,8378.71,346.49,2.500,-8.96,50.0,-5.99
6308.00,1591.24,8381.14,346.39,2.500,-8.96,50.0,-5.89
6309.00,1590.65,8383.57,346.29,2.500,-8.02,50.0,-5.79
6310.00,1590.06,8386.00,346.20,2.500,-8.02,50.0,-5.68
6311.00,1589.46,8388.43,346.10,2.500,-8.02,50.0,-5.59
6312.00,1588.86,8390.86,346.01,2.500,-7.13,50.0,-5.48
6313.00,1588.26,8393.28,345.92,2.500,-7.13,50.0,-5.38
6314.00,1587.65,8395.71,345.83,2.500,-7.13,50.0,-5.28
6315.00,1587.04,8398.13,345.75,2.500,-6.28,50.0,-5.18
6316.00,1586.42,8400.56,345.66,2.500,-6.28,50.0,-5.08
6317.00,1585.80,8402.98,345.58,2.500,-6.28,50.0,-4.98
6318.00,1585.18,8405.40,345.50,2.500,-5.47,50.0,-4.88
6319.00,1584.56,8407.82,345.42,2.500,-5.47,50.0,-4.78
6320.00,1583.93,8410.24,345.34,2.500,-5.47,50.0,-4.68
6321.00,1583.29,8412.66,345.26,2.500,-4.70,50.0,-4.58
6322.00,1582.66,8415.08,345.19,2.500,-4.70,50.0,-4.48
6323.00,1582.02,8417.49,345.12,2.500,-4.70,50.0,-4.38
6324.00,1581.38,8419.91,345.05,2.500,-3.98,50.0,-4.28
6325.00,1580.73,8422.32,344.98,2.500,-3.98,50.0,-4.19
6326.00,1580.08,8424.74,344.91,2.500,-3.98,50.0,-4.09
6327.00,1579.43,8427.15,344.84,2.500,-3.30,50.0,-3.99
6328.00,1578.78,8429.57,344.78,2.500,-3.30,50.0,-3.90
6329.00,1578.12,8431.98,344.71,2.500,-3.30,50.0,-3.81
6330.00,1577.46,8434.39,344.65,2.500,-2.66,50.0,-3.71
6331.00,1576.80,8436.80,344.59,2.500,-2.66,50.0,-3.62
6332.00,1576.14,8439.21,344.53,2.500,-2.66,50.0,-3.53
6333.00,1575.47,8441.62,344.47,2.500,-2.07,50.0,-3.43
6334.00,1574.80,8444.03,344.42,2.500,-2.07,50.0,-3.34
6335.00,1574.13,8446.44,344.36,2.500,-2.07,50.0,-3.25
6336.00,1573.46,8448.84,344.31,2.500,-1.51,50.0,-3.16
6337.00,1572.78,8451.25,344.26,2.500,-1.51,50.0,-3.07
6338.00,1572.10,8453.66,344.21,2.500,-1.51,50.0,-2.99
6339.00,1571.42,8456.06,344.16,2.500,-0.99,50.0,-2.90
6340.00,1570.74,8458.47,344.12,2.500,-0.99,50.0,-2.81
6341.00,1570.05,8460.87,344.07,2.500,-0.99,50.0,-2.73
6342.00,1569.37,8463.28,344.03,2.500,-0.51,50.0,-2.65
6343.00,1568.68,8465.68,343.98,2.500,-0.51,50.0,-2.56
6344.00,1567.99,8468.08,343.94,2.500,-0.51,50.0,-2.49
6345.00,1567.30,8470.49,343.90,2.500,-0.07,50.0,-2.40
6346.00,1566.61,8472.89,343.86,2.500,-0.07,50.0,-2.32
6347.00,1565.91,8475.29,343.83,2.500,-0.07,50.0,-2.25
6348.00,1565.21,8477.69,343.79,2.500,0.34,50.0,-2.17
6349.00,1564.52,8480.09,343.75,2.500,0.34,50.0,-2.09
6350.00,1563.82,8482.49,343.72,2.500,0.34,50.0,-2.02
6351.00,1563.12,8484.89,343.69,2.500,0.71,50.0,-1.94
6352.00,1562.41,8487.29,343.66,2.500,0.71,50.0,-1.87
6353.00,1561.71,8489.69,343.63,2.500,0.71,50.0,-1.80
6354.00,1561.01,8492.09,343.60,2.500,1.05,50.0,-1.73
6355.00,1560.30,8494.49,343.57,2.500,1.05,50.0,-1.66
6356.00,1559.59,8496.88,343.54,2.500,1.05,50.0,-1.59
6357.00,1558.89,8499.28,343.52,2.500,1.36,50.0,-1.52
6358.00,1558.18,8501.68,343.49,2.500,1.36,50.0,-1.46
6359.00,1557.47,8504.08,343.47,2.500,1.36,50.0,-1.39
6360.00,1556.75,8506.47,343.45,2.500,1.64,50.0,-1.33
6361.00,1556.04,8508.87,343.43,2.500,1.64,50.0,-1.26
6362.00,1555.33,8511.26,343.41,2.500,1.64,50.0,-1.20
6363.00,1554.62,8513.66,343.39,2.500,1.89,50.0,-1.14
6364.00,1553.90,8516.06,343.37,2.500,1.89,50.0,-1.08
6365.00,1553.19,8518.45,343.35,2.500,1.89,50.0,-1.02
6366.00,1552.47,8520.85,343.34,2.500,2.12,50.0,-0.97
6367.00,1551.75,8523.24,343.32,2.500,2.12,50.0,-0.91
6368.00,1551.03,8525.64,343.31,2.500,2.12,50.0,-0.85
6369.00,1550.32,8528.03,343.30,2.500,2.32,50.0,-0.80
6370.00,1549.60,8530.43,343.28,2.500,2.32,50.0,-0.75
6371.00,1548.88,8532.82,343.27,2.500,2.32,50.0,-0.70
6372.00,1548.16,8535.21,343.26,2.500,2.49,50.0,-0.64
6373.00,1547.44,8537.61,343.25,2.500,2.49,50.0,-0.59
6374.00,1546.72,8540.00,343.24,2.500,2.49,50.0,-0.55
6375.00,1546.00,8542.40,343.23,2.500,2.65,50.0,-0.50
6376.00,1545.28,8544.79,343.23,2.500,2.65,50.0,-0.45
6377.00,1544.56,8547.18,343.22,2.500,2.65,50.0,-0.41
6378.00,1543.83,8549.58,343.21,2.500,2.65,50.0,-0.36
6379.00,1543.11,8551.97,343.21,2.500,2.65,50.0,-0.32
6380.00,1542.39,8554.36,343.20,2.500,2.65,50.0,-0.28
6381.00,1541.67,8556.76,343.20,2.500,2.65,50.0,-0.24
6382.00,1540.94,8559.15,343.20,2.500,2.65,50.0,-0.20
6383.00,1540.22,8561.54,343.19,2.500,2.65,50.0,-0.16
6384.00,1539.50,8563.94,343.19,2.500,2.65,50.0,-0.13
6385.00,1538.78,8566.33,343.19,2.500,2.65,50.0,-0.09
6386.00,1538.05,8568.72,343.19,2.500,2.65,50.0,-0.06
6387.00,1537.33,8571.12,343.19,2.500,2.65,50.0,-0.03
6388.00,1536.61,8573.51,343.19,2.500,2.65,50.0,0.00
6389.00,1535.88,8575.90,343.19,2.500,2.65,50.0,0.03
6390.00,1535.16,8578.30,343.19,2.500,2.65,50.0,0.06
6391.00,1534.44,8580.69,343.19,2.500,2.65,50.0,0.09
6392.00,1533.71,8583.08,343.19,2.500,0.00,50.0,0.09
6393.00,1532.99,8585.48,343.19,2.500,0.00,50.0,0.08
6394.00,1532.27,8587.87,343.20,2.500,0.00,50.0,0.08
6395.00,1531.55,8590.26,343.20,2.500,0.00,50.0,0.08
6396.00,1530.82,8592.66,343.20,2.500,0.00,50.0,0.08
6397.00,1530.10,8595.05,343.20,2.500,0.00,50.0,0.07
6398.00,1529.38,8597.44,343.20,2.500,0.00,50.0,0.07
6399.00,1528.66,8599.84,343.20,2.500,0.00,50.0,0.07
6400.00,1527.93,8602.23,343.20,2.500,0.00,50.0,0.07
6401.00,1527.21,8604.62,343.20,2.500,0.00,50.0,0.06
6402.00,1526.49,8607.02,343.20,2.500,0.00,50.0,0.06
6403.00,1525.77,8609.41,343.21,2.500,0.00,50.0,0.06
6404.00,1525.04,8611.80,343.21,2.500,0.00,50.0,0.06
6405.00,1524.32,8614.20,343.21,2.500,0.00,50.0,0.06
6406.00,1523.60,8616.59,343.21,2.500,0.00,50.0,0.05
6407.00,1522.88,8618.98,343.21,2.500,0.00,50.0,0.05
6408.00,1522.15,8621.38,343.21,2.500,0.00,50.0,0.05
6409.00,1521.43,8623.77,343.21,2.500,0.00,50.0,0.05
6410.00,1520.71,8626.16,343.21,2.500,0.00,50.0,0.05
6411.00,1519.99,8628.56,343.21,2.500,0.00,50.0,0.05
6412.00,1519.27,8630.95,343.21,2.500,0.00,50.0,0.04
6413.00,1518.54,8633.34,343.21,2.500,0.00,50.0,0.04
6414.00,1517.82,8635.74,343.21,2.500,0.00,50.0,0.04
6415.00,1517.10,8638.13,343.22,2.500,0.00,50.0,0.04
6416.00,1516.38,8640.52,343.22,2.500,0.00,50.0,0.04
6417.00,1515.66,8642.92,343.22,2.500,0.00,50.0,0.04
6418.00,1514.93,8645.31,343.22,2.500,0.00,50.0,0.04
6419.00,1514.21,8647.70,343.22,2.500,0.00,50.0,0.04
6420.00,1513.49,8650.10,343.22,2.500,0.00,50.0,0.03
6421.00,1512.77,8652.49,343.22,2.500,0.00,50.0,0.03
6422.00,1512.05,8654.88,343.22,2.500,0.00,50.0,0.03
6423.00,1511.33,8657.28,343.22,2.500,0.00,50.0,0.03
6424.00,1510.60,8659.67,343.22,2.500,0.00,50.0,0.03
6425.00,1509.88,8662.06,343.22,2.500,0.00,50.0,0.03
6426.00,1509.16,8664.46,343.22,2.500,0.00,50.0,0.03
6427.00,1508.44,8666.85,343.22,2.500,0.00,50.0,0.03
6428.00,1507.72,8669.25,343.22,2.500,0.00,50.0,0.03
6429.00,1507.00,8671.64,343.22,2.500,0.00,50.0,0.03
6430.00,1506.27,8674.03,343.22,2.500,0.00,50.0,0.02
6431.00,1505.55,8676.43,343.22,2.500,0.00,50.0,0.02
6432.00,1504.83,8678.82,343.22,2.500,0.00,50.0,0.02
6433.00,1504.11,8681.21,343.22,2.500,0.00,50.0,0.02
6434.00,1503.39,8683.61,343.22,2.500,0.00,50.0,0.02
6435.00,1502.67,8686.00,343.23,2.500,0.00,50.0,0.02
6436.00,1501.94,8688.39,343.23,2.500,0.00,50.0,0.02
6437.00,1501.22,8690.79,343.23,2.500,0.00,50.0,0.02
6438.00,1500.50,8693.18,343.23,2.500,0.00,50.0,0.02
6439.00,1499.78,8695.58,343.23,2.500,0.00,50.0,0.02
6440.00,1499.06,8697.97,343.23,2.500,0.00,50.0,0.02
6441.00,1498.34,8700.36,343.23,2.500,0.00,50.0,0.02
6442.00,1497.62,8702.76,343.23,2.500,0.00,50.0,0.02
6443.00,1496.89,8705.15,343.23,2.500,0.00,50.0,0.02
6444.00,1496.17,8707.54,343.23,2.500,0.00,50.0,0.02
6445.00,1495.45,8709.94,343.23,2.500,0.00,50.0,0.01
6446.00,1494.73,8712.33,343.23,2.500,0.00,50.0,0.01
6447.00,1494.01,8714.72,343.23,2.500,0.00,50.0,0.01
6448.00,1493.29,8717.12,343.23,2.500,0.00,50.0,0.01
6449.00,1492.57,8719.51,343.23,2.500,0.00,50.0,0.01
6450.00,1491.84,8721.91,343.23,2.500,0.00,50.0,0.01
6451.00,1491.12,8724.30,343.23,2.500,0.00,50.0,0.01
6452.00,1490.40,8726.69,343.23,2.500,0.00,50.0,0.01
6453.00,1489.68,8729.09,343.23,2.500,0.00,50.0,0.01
6454.00,1488.96,8731.48,343.23,2.500,0.00,50.0,0.01
6455.00,1488.24,8733.87,343.23,2.500,0.00,50.0,0.01
6456.00,1487.52,8736.27,343.23,2.500,0.00,50.0,0.01
6457.00,1486.79,8738.66,343.23,2.500,0.00,50.0,0.01
6458.00,1486.07,8741.05,343.23,2.500,0.00,50.0,0.01
6459.00,1485.35,8743.45,343.23,2.500,0.00,50.0,0.01
6460.00,1484.63,8745.84,343.23,2.500,0.00,50.0,0.01
6461.00,1483.91,8748.24,343.23,2.500,0.00,50.0,0.01
6462.00,1483.19,8750.63,343.23,2.500,0.00,50.0,0.01
6463.00,1482.47,8753.02,343.23,2.500,0.00,50.0,0.01
6464.00,1481.75,8755.42,343.23,2.500,0.00,50.0,0.01
6465.00,1481.02,8757.81,343.23,2.500,0.00,50.0,0.01
6466.00,1480.30,8760.20,343.23,2.500,0.00,50.0,0.01
6467.00,1479.58,8762.60,343.23,2.500,0.00,50.0,0.01
6468.00,1478.86,8764.99,343.23,2.500,0.00,50.0,0.01
6469.00,1478.14,8767.39,343.23,2.500,0.00,50.0,0.01
6470.00,1477.42,8769.78,343.23,2.500,0.00,50.0,0.01
6471.00,1476.70,8772.17,343.23,2.500,0.00,50.0,0.01
6472.00,1475.98,8774.57,343.23,2.500,0.00,50.0,0.01
6473.00,1475.25,8776.96,343.23,2.500,0.00,50.0,0.01
6474.00,1474.53,8779.35,343.23,2.500,0.00,50.0,0.01
6475.00,1473.81,8781.75,343.23,2.500,0.00,50.0,0.01
6476.00,1473.09,8784.14,343.23,2.500,0.00,50.0,0.01
6477.00,1472.37,8786.54,343.23,2.500,0.00,50.0,0.00
6478.00,1471.65,8788.93,343.23,2.500,0.00,50.0,0.00
6479.00,1470.93,8791.32,343.23,2.500,0.00,50.0,0.00
6480.00,1470.21,8793.72,343.23,2.500,0.00,50.0,0.00
6481.00,1469.48,8796.11,343.23,2.500,0.00,50.0,0.00
6482.00,1468.76,8798.50,343.23,2.500,0.00,50.0,0.00
6483.00,1468.04,8800.90,343.23,2.500,0.00,50.0,0.00
6484.00,1467.32,8803.29,343.23,2.500,0.00,50.0,0.00
6485.00,1466.60,8805.68,343.23,2.500,0.00,50.0,0.00
6486.00,1465.88,8808.08,343.23,2.500,0.00,50.0,0.00
6487.00,1465.16,8810.47,343.23,2.500,0.00,50.0,0.00
6488.00,1464.44,8812.87,343.23,2.500,0.00,50.0,0.00
6489.00,1463.71,8815.26,343.23,2.500,0.00,50.0,0.00
6490.00,1462.99,8817.65,343.23,2.500,0.00,50.0,0.00
6491.00,1462.27,8820.05,343.23,2.500,0.00,50.0,0.00
6492.00,1461.55,8822.44,343.23,2.500,0.00,50.0,0.00
6493.00,1460.83,8824.83,343.23,2.500,0.00,50.0,0.00
6494.00,1460.11,8827.23,343.23,2.500,0.00,50.0,0.00
6495.00,1459.39,8829.62,343.23,2.500,0.00,50.0,0.00
6496.00,1458.67,8832.02,343.23,2.500,0.00,50.0,0.00
6497.00,1457.95,8834.41,343.23,2.500,0.00,50.0,0.00
6498.00,1457.22,8836.80,343.23,2.500,0.00,50.0,0.00
6499.00,1456.50,8839.20,343.23,2.500,0.00,50.0,0.00
6500.00,1455.78,8841.59,343.23,2.500,0.00,50.0,0.00
6501.00,1455.06,8843.98,343.23,2.500,0.00,50.0,0.00
6502.00,1454.34,8846.38,343.23,2.500,0.00,50.0,0.00
6503.00,1453.62,8848.77,343.23,2.500,0.00,50.0,0.00
6504.00,1452.90,8851.17,343.23,2.500,0.00,50.0,0.00
6505.00,1452.18,8853.56,343.23,2.500,0.00,50.0,0.00
6506.00,1451.46,8855.95,343.23,2.500,0.00,50.0,0.00
6507.00,1450.73,8858.35,343.23,2.500,0.00,50.0,0.00
6508.00,1450.01,8860.74,343.23,2.500,0.00,50.0,0.00
6509.00,1449.29,8863.13,343.23,2.500,0.00,50.0,0.00
6510.00,1448.57,8865.53,343.23,2.500,0.00,50.0,0.00
6511.00,1447.85,8867.92,343.23,2.500,0.00,50.0,0.00
6512.00,1447.13,8870.32,343.23,2.500,0.00,50.0,0.00
6513.00,1446.41,8872.71,343.23,2.500,0.00,50.0,0.00
6514.00,1445.69,8875.10,343.23,2.500,0.00,50.0,0.00
6515.00,1444.96,8877.50,343.23,2.500,0.00,50.0,0.00
6516.00,1444.24,8879.89,343.23,2.500,0.00,50.0,0.00
6517.00,1443.52,8882.28,343.23,2.500,0.00,50.0,0.00
6518.00,1442.80,8884.68,343.23,2.500,0.00,50.0,0.00
6519.00,1442.08,8887.07,343.23,2.500,0.00,50.0,0.00
6520.00,1441.36,8889.47,343.23,2.500,0.00,50.0,0.00
6521.00,1440.64,8891.86,343.23,2.500,0.00,50.0,0.00
6522.00,1439.92,8894.25,343.23,2.500,0.00,50.0,0.00
6523.00,1439.20,8896.65,343.23,2.500,0.00,50.0,0.00
6524.00,1438.47,8899.04,343.23,2.500,0.00,50.0,0.00
6525.00,1437.75,8901.43,343.23,2.500,0.00,50.0,0.00
6526.00,1437.03,8903.83,343.23,2.500,0.00,50.0,0.00
6527.00,1436.31,8906.22,343.23,2.500,0.00,50.0,0.00
6528.00,1435.59,8908.62,343.23,2.500,0.00,50.0,0.00
6529.00,1434.87,8911.01,343.23,2.500,0.00,50.0,0.00
6530.00,1434.15,8913.40,343.23,2.500,0.00,50.0,0.00
6531.00,1433.43,8915.80,343.23,2.500,0.00,50.0,0.00
6532.00,1432.71,8918.19,343.23,2.500,0.00,50.0,0.00
6533.00,1431.98,8920.58,343.23,2.500,0.00,50.0,0.00
6534.00,1431.26,8922.98,343.23,2.500,0.00,50.0,0.00
6535.00,1430.54,8925.37,343.23,2.500,0.00,50.0,0.00
6536.00,1429.82,8927.76,343.23,2.500,0.00,50.0,0.00
6537.00,1429.10,8930.16,343.23,2.500,0.00,50.0,0.00
6538.00,1428.38,8932.55,343.23,2.500,0.00,50.0,0.00
6539.00,1427.66,8934.95,343.23,2.500,0.00,50.0,0.00
6540.00,1426.94,8937.34,343.23,2.500,0.00,50.0,0.00
6541.00,1426.22,8939.73,343.23,2.500,0.00,50.0,0.00
6542.00,1425.49,8942.13,343.23,2.500,0.00,50.0,0.00
6543.00,1424.77,8944.52,343.23,2.500,0.00,50.0,0.00
6544.00,1424.05,8946.91,343.23,2.500,0.00,50.0,0.00
6545.00,1423.33,8949.31,343.23,2.500,0.00,50.0,0.00
6546.00,1422.61,8951.70,343.23,2.500,0.00,50.0,0.00
6547.00,1421.89,8954.10,343.23,2.500,0.00,50.0,0.00
6548.00,1421.17,8956.49,343.23,2.500,0.00,50.0,0.00
6549.00,1420.45,8958.88,343.23,2.500,0.00,50.0,0.00
6550.00,1419.73,8961.28,343.23,2.500,0.00,50.0,0.00
6551.00,1419.00,8963.67,343.23,2.500,0.00,50.0,0.00
6552.00,1418.28,8966.06,343.23,2.500,0.00,50.0,0.00
6553.00,1417.56,8968.46,343.23,2.500,0.00,50.0,0.00
6554.00,1416.84,8970.85,343.23,2.500,0.00,50.0,0.00
6555.00,1416.12,8973.25,343.23,2.500,0.00,50.0,0.00
6556.00,1415.40,8975.64,343.23,2.500,0.00,50.0,0.00
6557.00,1414.68,8978.03,343.23,2.500,0.00,50.0,0.00
6558.00,1413.96,8980.43,343.23,2.500,0.00,50.0,0.00
6559.00,1413.23,8982.82,343.23,2.500,0.00,50.0,0.00
6560.00,1412.51,8985.21,343.23,2.500,0.00,50.0,0.00
6561.00,1411.79,8987.61,343.23,2.500,0.00,50.0,0.00
6562.00,1411.07,8990.00,343.23,2.500,0.00,50.0,0.00
6563.00,1410.35,8992.40,343.23,2.500,0.00,50.0,0.00
6564.00,1409.63,8994.79,343.23,2.500,0.00,50.0,0.00
6565.00,1408.91,8997.18,343.23,2.500,0.00,50.0,0.00
6566.00,1408.19,8999.58,343.23,2.500,0.00,50.0,0.00
6567.00,1407.47,9001.97,343.23,2.500,0.00,50.0,0.00
6568.00,1406.74,9004.36,343.23,2.500,0.00,50.0,0.00
6569.00,1406.02,9006.76,343.23,2.500,0.00,50.0,0.00
6570.00,1405.30,9009.15,343.23,2.500,0.00,50.0,0.00
6571.00,1404.58,9011.55,343.23,2.500,0.00,50.0,0.00
6572.00,1403.86,9013.94,343.23,2.500,0.00,50.0,0.00
6573.00,1403.14,9016.33,343.23,2.500,0.00,50.0,0.00
6574.00,1402.42,9018.73,343.23,2.500,0.00,50.0,0.00
6575.00,1401.70,9021.12,343.23,2.500,0.00,50.0,0.00
6576.00,1400.98,9023.51,343.23,2.500,0.00,50.0,0.00
6577.00,1400.25,9025.91,343.23,2.500,0.00,50.0,0.00
6578.00,1399.53,9028.30,343.23,2.500,0.00,50.0,0.00
6579.00,1398.81,9030.70,343.23,2.500,0.00,50.0,0.00
6580.00,1398.09,9033.09,343.23,2.500,0.00,50.0,0.00
6581.00,1397.37,9035.48,343.23,2.500,0.00,50.0,0.00
6582.00,1396.65,9037.88,343.23,2.500,0.00,50.0,0.00
6583.00,1395.93,9040.27,343.23,2.500,0.00,50.0,0.00
6584.00,1395.21,9042.66,343.23,2.500,0.00,50.0,0.00
6585.00,1394.49,9045.06,343.23,2.500,0.00,50.0,0.00
6586.00,1393.76,9047.45,343.23,2.500,0.00,50.0,0.00
6587.00,1393.04,9049.85,343.23,2.500,0.00,50.0,0.00
6588.00,1392.32,9052.24,343.23,2.500,0.00,50.0,0.00
6589.00,1391.60,9054.63,343.23,2.500,0.00,50.0,0.00
6590.00,1390.88,9057.03,343.23,2.500,0.00,50.0,0.00
6591.00,1390.16,9059.42,343.23,2.500,0.00,50.0,0.00
6592.00,1389.44,9061.81,343.23,2.500,0.00,50.0,0.00
6593.00,1388.72,9064.21,343.23,2.500,0.00,50.0,0.00
6594.00,1388.00,9066.60,343.23,2.500,0.00,50.0,0.00
6595.00,1387.27,9069.00,343.23,2.500,0.00,50.0,0.00
6596.00,1386.55,9071.39,343.23,2.500,0.00,50.0,0.00
6597.00,1385.83,9073.78,343.23,2.500,0.00,50.0,0.00
6598.00,1385.11,9076.18,343.23,2.500,0.00,50.0,0.00
6599.00,1384.39,9078.57,343.23,2.500,0.00,50.0,0.00
6600.00,1383.67,9080.96,343.23,2.500,0.00,50.0,0.00
6601.00,1382.95,9083.36,343.23,2.500,0.00,50.0,0.00
6602.00,1382.23,9085.75,343.23,2.500,0.00,50.0,0.00
6603.00,1381.51,9088.15,343.23,2.500,0.00,50.0,0.00
6604.00,1380.78,9090.54,343.23,2.500,0.00,50.0,0.00
6605.00,1380.06,9092.93,343.23,2.500,0.00,50.0,0.00
6606.00,1379.34,9095.33,343.23,2.500,0.00,50.0,0.00
6607.00,1378.62,9097.72,343.23,2.500,0.00,50.0,0.00
6608.00,1377.90,9100.11,343.23,2.500,0.00,50.0,0.00
6609.00,1377.18,9102.51,343.23,2.500,0.00,50.0,0.00
6610.00,1376.46,9104.90,343.23,2.500,0.00,50.0,0.00
6611.00,1375.74,9107.30,343.23,2.500,0.00,50.0,0.00
6612.00,1375.02,9109.69,343.23,2.500,0.00,50.0,0.00
6613.00,1374.29,9112.08,343.23,2.500,0.00,50.0,0.00
6614.00,1373.57,9114.48,343.23,2.500,0.00,50.0,0.00
6615.00,1372.85,9116.87,343.23,2.500,0.00,50.0,0.00
6616.00,1372.13,9119.26,343.23,2.500,0.00,50.0,0.00
6617.00,1371.41,9121.66,343.23,2.500,0.00,50.0,0.00
6618.00,1370.69,9124.05,343.23,2.500,0.00,50.0,0.00
6619.00,1369.97,9126.45,343.23,2.500,0.00,50.0,0.00
6620.00,1369.25,9128.84,343.23,2.500,0.00,50.0,0.00
6621.00,1368.53,9131.23,343.23,2.500,0.00,50.0,0.00
6622.00,1367.80,9133.63,343.23,2.500,0.00,50.0,0.00
6623.00,1367.08,9136.02,343.24,2.500,5.00,50.0,0.06
6624.00,1366.36,9138.41,343.24,2.500,5.00,50.0,0.11
6625.00,1365.64,9140.81,343.24,2.500,5.00,50.0,0.17
6626.00,1364.92,9143.20,343.24,2.500,5.00,50.0,0.22
6627.00,1364.20,9145.60,343.25,2.500,5.00,50.0,0.27
6628.00,1363.48,9147.99,343.25,2.500,5.00,50.0,0.32
6629.00,1362.76,9150.38,343.26,2.500,5.00,50.0,0.36
6630.00,1362.04,9152.78,343.27,2.500,5.00,50.0,0.41
6631.00,1361.32,9155.17,343.27,2.500,5.00,50.0,0.45
6632.00,1360.60,9157.57,343.28,2.500,5.00,50.0,0.49
6633.00,1359.88,9159.96,343.29,2.500,5.00,50.0,0.53
6634.00,1359.16,9162.35,343.30,2.500,5.00,50.0,0.57
6635.00,1358.44,9164.75,343.31,2.500,5.00,50.0,0.61
6636.00,1357.73,9167.14,343.32,2.500,5.00,50.0,0.65
6637.00,1357.01,9169.54,343.33,2.500,5.00,50.0,0.68
6638.00,1356.29,9171.93,343.35,2.500,5.00,50.0,0.72
6639.00,1355.57,9174.33,343.36,2.500,10.00,50.0,0.81
6640.00,1354.86,9176.72,343.37,2.500,10.00,50.0,0.90
6641.00,1354.14,9179.12,343.39,2.500,10.00,50.0,0.98
6642.00,1353.43,9181.52,343.41,2.500,10.00,50.0,1.06
6643.00,1352.71,9183.91,343.43,2.500,10.00,50.0,1.14
6644.00,1352.00,9186.31,343.45,2.500,10.00,50.0,1.22
6645.00,1351.29,9188.70,343.47,2.500,10.00,50.0,1.29
6646.00,1350.58,9191.10,343.49,2.500,10.00,50.0,1.36
6647.00,1349.87,9193.50,343.51,2.500,10.00,50.0,1.43
6648.00,1349.16,9195.89,343.54,2.500,10.00,50.0,1.50
6649.00,1348.45,9198.29,343.57,2.500,10.00,50.0,1.56
6650.00,1347.74,9200.69,343.59,2.500,10.00,50.0,1.62
6651.00,1347.04,9203.09,343.62,2.500,10.00,50.0,1.68
6652.00,1346.33,9205.49,343.65,2.500,10.00,50.0,1.74
6653.00,1345.63,9207.89,343.68,2.500,10.00,50.0,1.80
6654.00,1344.92,9210.28,343.71,2.500,10.00,50.0,1.85
6655.00,1344.22,9212.68,343.74,2.500,10.00,50.0,1.91
6656.00,1343.52,9215.08,343.78,2.500,10.00,50.0,1.96
6657.00,1342.83,9217.48,343.81,2.500,10.00,50.0,2.01
6658.00,1342.13,9219.89,343.84,2.500,15.00,50.0,2.11
6659.00,1341.43,9222.29,343.88,2.500,15.00,50.0,2.21
6660.00,1340.74,9224.69,343.92,2.500,15.00,50.0,2.31
6661.00,1340.05,9227.09,343.96,2.500,15.00,50.0,2.40
6662.00,1339.36,9229.49,344.00,2.500,15.00,50.0,2.49
6663.00,1338.67,9231.90,344.04,2.500,15.00,50.0,2.58
6664.00,1337.98,9234.30,344.09,2.500,15.00,50.0,2.67
6665.00,1337.29,9236.70,344.13,2.500,15.00,50.0,2.75
6666.00,1336.61,9239.11,344.18,2.500,15.00,50.0,2.83
6667.00,1335.93,9241.51,344.23,2.500,15.00,50.0,2.91
6668.00,1335.25,9243.92,344.28,2.500,15.00,50.0,2.98
6669.00,1334.57,9246.33,344.33,2.500,15.00,50.0,3.05
6670.00,1333.90,9248.73,344.38,2.500,15.00,50.0,3.12
6671.00,1333.22,9251.14,344.44,2.500,15.00,50.0,3.19
6672.00,1332.55,9253.55,344.49,2.500,15.00,50.0,3.26
6673.00,1331.88,9255.96,344.55,2.500,20.00,50.0,3.38
6674.00,1331.22,9258.37,344.60,2.500,20.00,50.0,3.49
6675.00,1330.55,9260.78,344.66,2.500,20.00,50.0,3.60
6676.00,1329.89,9263.19,344.73,2.500,20.00,50.0,3.71
6677.00,1329.23,9265.60,344.79,2.500,20.00,50.0,3.82
6678.00,1328.58,9268.01,344.86,2.500,20.00,50.0,3.92
6679.00,1327.93,9270.43,344.92,2.500,20.00,50.0,4.02
6680.00,1327.28,9272.84,344.99,2.500,20.00,50.0,4.11
6681.00,1326.63,9275.26,345.06,2.500,20.00,50.0,4.20
6682.00,1325.98,9277.67,345.13,2.500,20.00,50.0,4.29
6683.00,1325.34,9280.09,345.21,2.500,20.00,50.0,4.38
6684.00,1324.70,9282.50,345.28,2.500,20.00,50.0,4.46
6685.00,1324.07,9284.92,345.36,2.500,20.00,50.0,4.54
6686.00,1323.44,9287.34,345.43,2.500,20.00,50.0,4.62
6687.00,1322.81,9289.76,345.51,2.500,20.00,50.0,4.69
6688.00,1322.18,9292.18,345.59,2.500,20.00,50.0,4.76
6689.00,1321.56,9294.60,345.67,2.500,20.00,50.0,4.83
6690.00,1320.94,9297.03,345.75,2.500,20.00,50.0,4.90
6691.00,1320.33,9299.45,345.83,2.500,20.00,50.0,4.97
6692.00,1319.71,9301.87,345.92,2.500,20.00,50.0,5.03
6693.00,1319.11,9304.30,346.00,2.500,20.00,50.0,5.09
6694.00,1318.50,9306.72,346.09,2.500,20.00,50.0,5.15
6695.00,1317.90,9309.15,346.18,2.500,20.00,50.0,5.21
6696.00,1317.30,9311.58,346.26,2.500,20.00,50.0,5.26
6697.00,1316.71,9314.01,346.35,2.500,20.00,50.0,5.31
6698.00,1316.12,9316.44,346.44,2.500,20.00,50.0,5.37
6699.00,1315.53,9318.87,346.53,2.500,20.00,50.0,5.42
6700.00,1314.95,9321.30,346.62,2.500,20.00,50.0,5.46
6701.00,1314.37,9323.73,346.71,2.500,20.00,50.0,5.51
6702.00,1313.80,9326.16,346.81,2.500,20.00,50.0,5.55
6703.00,1313.23,9328.60,346.90,2.500,20.00,50.0,5.60
6704.00,1312.66,9331.03,346.99,2.500,20.00,50.0,5.64
6705.00,1312.10,9333.47,347.09,2.500,20.00,50.0,5.68
6706.00,1311.54,9335.90,347.18,2.500,20.00,50.0,5.72
6707.00,1310.98,9338.34,347.28,2.500,20.00,50.0,5.76
6708.00,1310.43,9340.78,347.38,2.500,20.00,50.0,5.79
6709.00,1309.89,9343.22,347.47,2.500,20.00,50.0,5.83
6710.00,1309.35,9345.66,347.57,2.500,20.00,50.0,5.86
6711.00,1308.81,9348.10,347.67,2.500,20.00,50.0,5.90
6712.00,1308.27,9350.54,347.77,2.500,20.00,50.0,5.93
6713.00,1307.74,9352.99,347.87,2.500,20.00,50.0,5.96
6714.00,1307.22,9355.43,347.97,2.500,20.00,50.0,5.99
6715.00,1306.70,9357.88,348.07,2.500,20.00,50.0,6.02
6716.00,1306.18,9360.32,348.17,2.500,20.00,50.0,6.05
6717.00,1305.67,9362.77,348.27,2.500,20.00,50.0,6.07
6718.00,1305.16,9365.22,348.37,2.500,20.00,50.0,6.10
6719.00,1304.66,9367.67,348.47,2.500,20.00,50.0,6.13
6720.00,1304.16,9370.12,348.57,2.500,-6.75,50.0,5.84
6721.00,1303.66,9372.57,348.66,2.500,-6.75,50.0,5.57
6722.00,1303.17,9375.02,348.75,2.500,-6.75,50.0,5.31
6723.00,1302.68,9377.47,348.84,2.500,-6.78,50.0,5.05
6724.00,1302.20,9379.92,348.92,2.500,-6.78,50.0,4.81
6725.00,1301.72,9382.38,348.99,2.500,-6.78,50.0,4.57
6726.00,1301.24,9384.83,349.07,2.500,-7.45,50.0,4.33
6727.00,1300.77,9387.28,349.13,2.500,-7.45,50.0,4.10
6728.00,1300.30,9389.74,349.20,2.500,-7.45,50.0,3.88
6729.00,1299.83,9392.19,349.26,2.500,-8.02,50.0,3.66
6730.00,1299.36,9394.65,349.32,2.500,-8.02,50.0,3.45
6731.00,1298.90,9397.11,349.37,2.500,-8.02,50.0,3.24
6732.00,1298.44,9399.56,349.42,2.500,-8.49,50.0,3.04
6733.00,1297.98,9402.02,349.47,2.500,-8.49,50.0,2.84
6734.00,1297.52,9404.48,349.51,2.500,-8.49,50.0,2.65
6735.00,1297.07,9406.94,349.55,2.500,-8.87,50.0,2.46
6736.00,1296.61,9409.40,349.59,2.500,-8.87,50.0,2.27
6737.00,1296.16,9411.86,349.63,2.500,-8.87,50.0,2.10
6738.00,1295.71,9414.31,349.66,2.500,-9.17,50.0,1.92
6739.00,1295.26,9416.77,349.69,2.500,-9.17,50.0,1.75
6740.00,1294.81,9419.23,349.72,2.500,-9.17,50.0,1.59
6741.00,1294.37,9421.69,349.74,2.500,-9.39,50.0,1.43
6742.00,1293.92,9424.15,349.76,2.500,-9.39,50.0,1.27
6743.00,1293.48,9426.61,349.78,2.500,-9.39,50.0,1.12
6744.00,1293.03,9429.07,349.80,2.500,-9.54,50.0,0.98
6745.00,1292.59,9431.53,349.81,2.500,-9.54,50.0,0.84
6746.00,1292.15,9434.00,349.82,2.500,-9.54,50.0,0.70
6747.00,1291.71,9436.46,349.83,2.500,-9.63,50.0,0.57
6748.00,1291.27,9438.92,349.84,2.500,-9.63,50.0,0.44
6749.00,1290.82,9441.38,349.84,2.500,-9.63,50.0,0.31
6750.00,1290.38,9443.84,349.85,2.500,-9.65,50.0,0.19
6751.00,1289.94,9446.30,349.85,2.500,-9.65,50.0,0.07
6752.00,1289.50,9448.76,349.85,2.500,-9.65,50.0,-0.04
6753.00,1289.06,9451.22,349.84,2.500,-9.63,50.0,-0.15
6754.00,1288.62,9453.68,349.84,2.500,-9.63,50.0,-0.25
6755.00,1288.18,9456.14,349.83,2.500,-9.63,50.0,-0.35
6756.00,1287.74,9458.60,349.83,2.500,-9.55,50.0,-0.45
6757.00,1287.30,9461.06,349.82,2.500,-9.55,50.0,-0.55
6758.00,1286.86,9463.52,349.81,2.500,-9.55,50.0,-0.64
6759.00,1286.41,9465.98,349.79,2.500,-9.43,50.0,-0.72
6760.00,1285.97,9468.45,349.78,2.500,-9.43,50.0,-0.81
6761.00,1285.53,9470.91,349.77,2.500,-9.43,50.0,-0.89
6762.00,1285.08,9473.37,349.75,2.500,-9.27,50.0,-0.96
6763.00,1284.64,9475.83,349.73,2.500,-9.27,50.0,-1.04
6764.00,1284.19,9478.29,349.71,2.500,-9.27,50.0,-1.11
6765.00,1283.75,9480.75,349.69,2.500,-9.08,50.0,-1.18
6766.00,1283.30,9483.21,349.67,2.500,-9.08,50.0,-1.24
6767.00,1282.85,9485.66,349.65,2.500,-9.08,50.0,-1.30
6768.00,1282.40,9488.12,349.63,2.500,-8.86,50.0,-1.36
6769.00,1281.95,9490.58,349.61,2.500,-8.86,50.0,-1.42
6770.00,1281.50,9493.04,349.58,2.500,-8.86,50.0,-1.47
6771.00,1281.05,9495.50,349.56,2.500,-8.61,50.0,-1.52
6772.00,1280.59,9497.96,349.53,2.500,-8.61,50.0,-1.57
6773.00,1280.14,9500.42,349.50,2.500,-8.61,50.0,-1.61
6774.00,1279.68,9502.88,349.48,2.500,-8.34,50.0,-1.66
6775.00,1279.23,9505.33,349.45,2.500,-8.34,50.0,-1.70
6776.00,1278.77,9507.79,349.42,2.500,-8.34,50.0,-1.73
6777.00,1278.31,9510.25,349.39,2.500,-8.05,50.0,-1.77
6778.00,1277.85,9512.71,349.36,2.500,-8.05,50.0,-1.80
6779.00,1277.39,9515.16,349.33,2.500,-8.05,50.0,-1.83
6780.00,1276.93,9517.62,349.30,2.500,-7.74,50.0,-1.86
6781.00,1276.46,9520.08,349.27,2.500,-7.74,50.0,-1.89
6782.00,1276.00,9522.53,349.23,2.500,-7.74,50.0,-1.91
6783.00,1275.53,9524.99,349.20,2.500,-7.42,50.0,-1.93
6784.00,1275.06,9527.45,349.17,2.500,-7.42,50.0,-1.95
6785.00,1274.59,9529.90,349.14,2.500,-7.42,50.0,-1.97
6786.00,1274.12,9532.36,349.10,2.500,-7.09,50.0,-1.99
6787.00,1273.65,9534.81,349.07,2.500,-7.09,50.0,-2.00
6788.00,1273.17,9537.27,349.04,2.500,-7.09,50.0,-2.02
6789.00,1272.70,9539.72,349.00,2.500,-6.75,50.0,-2.03
6790.00,1272.22,9542.17,348.97,2.500,-6.75,50.0,-2.04
6791.00,1271.74,9544.63,348.93,2.500,-6.75,50.0,-2.05
6792.00,1271.26,9547.08,348.90,2.500,-6.40,50.0,-2.05
6793.00,1270.78,9549.53,348.87,2.500,-6.40,50.0,-2.06
6794.00,1270.30,9551.99,348.83,2.500,-6.40,50.0,-2.06
6795.00,1269.81,9554.44,348.80,2.500,-6.05,50.0,-2.06
6796.00,1269.33,9556.89,348.76,2.500,-6.05,50.0,-2.06
6797.00,1268.84,9559.34,348.73,2.500,-6.05,50.0,-2.06
6798.00,1268.35,9561.80,348.69,2.500,-5.71,50.0,-2.06
6799.00,1267.86,9564.25,348.66,2.500,-5.71,50.0,-2.05
6800.00,1267.37,9566.70,348.63,2.500,-5.71,50.0,-2.05
6801.00,1266.88,9569.15,348.59,2.500,-5.36,50.0,-2.04
6802.00,1266.38,9571.60,348.56,2.500,-5.36,50.0,-2.04
6803.00,1265.89,9574.05,348.52,2.500,-5.36,50.0,-2.03
6804.00,1265.39,9576.50,348.49,2.500,-5.01,50.0,-2.02
6805.00,1264.89,9578.95,348.46,2.500,-5.01,50.0,-2.01
6806.00,1264.39,9581.40,348.42,2.500,-5.01,50.0,-2.00
6807.00,1263.89,9583.85,348.39,2.500,-4.67,50.0,-1.99
6808.00,1263.39,9586.30,348.36,2.500,-4.67,50.0,-1.97
6809.00,1262.88,9588.75,348.32,2.500,-4.67,50.0,-1.96
6810.00,1262.38,9591.19,348.29,2.500,-4.33,50.0,-1.95
6811.00,1261.87,9593.64,348.26,2.500,-4.33,50.0,-1.93
6812.00,1261.36,9596.09,348.23,2.500,-4.33,50.0,-1.92
6813.00,1260.85,9598.54,348.20,2.500,-4.00,50.0,-1.90
6814.00,1260.34,9600.98,348.17,2.500,-4.00,50.0,-1.88
6815.00,1259.83,9603.43,348.13,2.500,-4.00,50.0,-1.86
6816.00,1259.31,9605.88,348.10,2.500,-3.67,50.0,-1.84
6817.00,1258.80,9608.32,348.07,2.500,-3.67,50.0,-1.82
6818.00,1258.28,9610.77,348.04,2.500,-3.67,50.0,-1.80
6819.00,1257.76,9613.22,348.01,2.500,-3.36,50.0,-1.78
6820.00,1257.24,9615.66,347.98,2.500,-3.36,50.0,-1.76
6821.00,1256.72,9618.11,347.96,2.500,-3.36,50.0,-1.74
6822.00,1256.20,9620.55,347.93,2.500,-3.05,50.0,-1.72
6823.00,1255.68,9623.00,347.90,2.500,-3.05,50.0,-1.70
6824.00,1255.15,9625.44,347.87,2.500,-3.05,50.0,-1.67
6825.00,1254.63,9627.89,347.84,2.500,-2.75,50.0,-1.65
6826.00,1254.10,9630.33,347.82,2.500,-2.75,50.0,-1.63
6827.00,1253.57,9632.77,347.79,2.500,-2.75,50.0,-1.60
6828.00,1253.05,9635.22,347.76,2.500,-2.46,50.0,-1.58
6829.00,1252.52,9637.66,347.74,2.500,-2.46,50.0,-1.55
6830.00,1251.99,9640.10,347.71,2.500,-2.46,50.0,-1.53
6831.00,1251.45,9642.55,347.69,2.500,-2.18,50.0,-1.50
6832.00,1250.92,9644.99,347.66,2.500,-2.18,50.0,-1.48
6833.00,1250.39,9647.43,347.64,2.500,-2.18,50.0,-1.45
6834.00,1249.85,9649.87,347.61,2.500,-1.92,50.0,-1.43
6835.00,1249.31,9652.31,347.59,2.500,-1.92,50.0,-1.40
6836.00,1248.78,9654.76,347.57,2.500,-1.92,50.0,-1.38
6837.00,1248.24,9657.20,347.54,2.500,-1.66,50.0,-1.35
6838.00,1247.70,9659.64,347.52,2.500,-1.66,50.0,-1.32
6839.00,1247.16,9662.08,347.50,2.500,-1.66,50.0,-1.30
6840.00,1246.62,9664.52,347.48,2.500,-1.42,50.0,-1.27
6841.00,1246.08,9666.96,347.46,2.500,-1.42,50.0,-1.25
6842.00,1245.53,9669.40,347.44,2.500,-1.42,50.0,-1.22
6843.00,1244.99,9671.84,347.42,2.500,-1.18,50.0,-1.19
6844.00,1244.45,9674.28,347.40,2.500,-1.18,50.0,-1.17
6845.00,1243.90,9676.72,347.38,2.500,-1.18,50.0,-1.14
6846.00,1243.35,9679.16,347.36,2.500,-0.96,50.0,-1.11
6847.00,1242.81,9681.60,347.34,2.500,-0.96,50.0,-1.09
6848.00,1242.26,9684.04,347.33,2.500,-0.96,50.0,-1.06
6849.00,1241.71,9686.48,347.31,2.500,-0.75,50.0,-1.04
6850.00,1241.16,9688.92,347.29,2.500,-0.75,50.0,-1.01
6851.00,1240.61,9691.36,347.28,2.500,-0.75,50.0,-0.99
6852.00,1240.06,9693.79,347.26,2.500,-0.55,50.0,-0.96
6853.00,1239.51,9696.23,347.24,2.500,-0.55,50.0,-0.93
6854.00,1238.96,9698.67,347.23,2.500,-0.55,50.0,-0.91
6855.00,1238.40,9701.11,347.21,2.500,-0.36,50.0,-0.88
6856.00,1237.85,9703.55,347.20,2.500,-0.36,50.0,-0.86
6857.00,1237.30,9705.99,347.19,2.500,-0.36,50.0,-0.83
6858.00,1236.74,9708.42,347.17,2.500,-0.19,50.0,-0.81
6859.00,1236.19,9710.86,347.16,2.500,-0.19,50.0,-0.78
6860.00,1235.63,9713.30,347.15,2.500,-0.19,50.0,-0.76
6861.00,1235.08,9715.74,347.13,2.500,-0.02,50.0,-0.73
6862.00,1234.52,9718.17,347.12,2.500,-0.02,50.0,-0.71
6863.00,1233.96,9720.61,347.11,2.500,-0.02,50.0,-0.69
6864.00,1233.40,9723.05,347.10,2.500,0.14,50.0,-0.66
6865.00,1232.85,9725.48,347.09,2.500,0.14,50.0,-0.64
6866.00,1232.29,9727.92,347.08,2.500,0.14,50.0,-0.61
6867.00,1231.73,9730.36,347.07,2.500,0.28,50.0,-0.59
6868.00,1231.17,9732.79,347.06,2.500,0.28,50.0,-0.57
6869.00,1230.61,9735.23,347.05,2.500,0.28,50.0,-0.55
6870.00,1230.05,9737.67,347.04,2.500,0.42,50.0,-0.52
6871.00,1229.49,9740.10,347.03,2.500,0.42,50.0,-0.50
6872.00,1228.93,9742.54,347.03,2.500,0.42,50.0,-0.48
6873.00,1228.37,9744.98,347.02,2.500,0.54,50.0,-0.46
6874.00,1227.81,9747.41,347.01,2.500,0.54,50.0,-0.44
6875.00,1227.24,9749.85,347.00,2.500,0.54,50.0,-0.41
6876.00,1226.68,9752.28,347.00,2.500,0.66,50.0,-0.39
6877.00,1226.12,9754.72,346.99,2.500,0.66,50.0,-0.37
6878.00,1225.56,9757.16,346.99,2.500,0.66,50.0,-0.35
6879.00,1224.99,9759.59,346.98,2.500,0.76,50.0,-0.33
6880.00,1224.43,9762.03,346.97,2.500,0.76,50.0,-0.31
6881.00,1223.87,9764.46,346.97,2.500,0.76,50.0,-0.29
6882.00,1223.30,9766.90,346.97,2.500,0.86,50.0,-0.27
6883.00,1222.74,9769.33,346.96,2.500,0.86,50.0,-0.26
6884.00,1222.17,9771.77,346.96,2.500,0.86,50.0,-0.24
6885.00,1221.61,9774.20,346.95,2.500,0.95,50.0,-0.22
6886.00,1221.05,9776.64,346.95,2.500,0.95,50.0,-0.20
6887.00,1220.48,9779.08,346.95,2.500,0.95,50.0,-0.18
6888.00,1219.92,9781.51,346.94,2.500,1.03,50.0,-0.16
6889.00,1219.35,9783.95,346.94,2.500,1.03,50.0,-0.15
6890.00,1218.79,9786.38,346.94,2.500,1.03,50.0,-0.13
6891.00,1218.22,9788.82,346.94,2.500,1.10,50.0,-0.11
6892.00,1217.66,9791.25,346.94,2.500,1.10,50.0,-0.10
6893.00,1217.09,9793.69,346.93,2.500,1.10,50.0,-0.08
6894.00,1216.53,9796.12,346.93,2.500,1.17,50.0,-0.07
6895.00,1215.96,9798.56,346.93,2.500,1.17,50.0,-0.05
6896.00,1215.40,9800.99,346.93,2.500,1.17,50.0,-0.04
6897.00,1214.83,9803.43,346.93,2.500,1.22,50.0,-0.02
6898.00,1214.27,9805.86,346.93,2.500,1.22,50.0,-0.01
6899.00,1213.70,9808.30,346.93,2.500,1.22,50.0,0.01
6900.00,1213.14,9810.73,346.93,2.500,1.28,50.0,0.02
6901.00,1212.57,9813.17,346.93,2.500,1.28,50.0,0.04
6902.00,1212.01,9815.60,346.93,2.500,1.28,50.0,0.05
6903.00,1211.44,9818.04,346.93,2.500,1.32,50.0,0.06
6904.00,1210.87,9820.48,346.94,2.500,1.32,50.0,0.08
6905.00,1210.31,9822.91,346.94,2.500,1.32,50.0,0.09
6906.00,1209.74,9825.35,346.94,2.500,1.36,50.0,0.10
6907.00,1209.18,9827.78,346.94,2.500,1.36,50.0,0.11
6908.00,1208.61,9830.22,346.94,2.500,1.36,50.0,0.13
6909.00,1208.05,9832.65,346.95,2.500,1.39,50.0,0.14
6910.00,1207.49,9835.09,346.95,2.500,1.39,50.0,0.15
6911.00,1206.92,9837.52,346.95,2.500,1.39,50.0,0.16
6912.00,1206.36,9839.96,346.95,2.500,1.42,50.0,0.17
6913.00,1205.79,9842.39,346.96,2.500,1.42,50.0,0.18
6914.00,1205.23,9844.83,346.96,2.500,1.42,50.0,0.19
6915.00,1204.66,9847.26,346.96,2.500,1.45,50.0,0.20
6916.00,1204.10,9849.70,346.97,2.500,1.45,50.0,0.21
6917.00,1203.54,9852.14,346.97,2.500,1.45,50.0,0.22
6918.00,1202.97,9854.57,346.97,2.500,1.47,50.0,0.23
6919.00,1202.41,9857.01,346.98,2.500,1.47,50.0,0.24
6920.00,1201.85,9859.44,346.98,2.500,1.47,50.0,0.25
6921.00,1201.28,9861.88,346.99,2.500,1.48,50.0,0.26
6922.00,1200.72,9864.31,346.99,2.500,1.48,50.0,0.27
6923.00,1200.16,9866.75,347.00,2.500,1.48,50.0,0.27
6924.00,1199.59,9869.19,347.00,2.500,1.49,50.0,0.28
6925.00,1199.03,9871.62,347.01,2.500,1.49,50.0,0.29
6926.00,1198.47,9874.06,347.01,2.500,1.49,50.0,0.30
6927.00,1197.91,9876.49,347.02,2.500,1.50,50.0,0.30
6928.00,1197.35,9878.93,347.02,2.500,1.50,50.0,0.31
6929.00,1196.78,9881.37,347.03,2.500,1.50,50.0,0.32
6930.00,1196.22,9883.80,347.03,2.500,1.50,50.0,0.32
6931.00,1195.66,9886.24,347.04,2.500,1.50,50.0,0.33
6932.00,1195.10,9888.68,347.04,2.500,1.50,50.0,0.34
6933.00,1194.54,9891.11,347.05,2.500,1.51,50.0,0.34
6934.00,1193.98,9893.55,347.05,2.500,1.51,50.0,0.35
6935.00,1193.42,9895.98,347.06,2.500,1.51,50.0,0.35
6936.00,1192.86,9898.42,347.07,2.500,1.50,50.0,0.36
6937.00,1192.30,9900.86,347.07,2.500,1.50,50.0,0.36
6938.00,1191.74,9903.29,347.08,2.500,1.50,50.0,0.37
6939.00,1191.18,9905.73,347.08,2.500,1.50,50.0,0.37
6940.00,1190.62,9908.17,347.09,2.500,1.50,50.0,0.38
6941.00,1190.06,9910.60,347.10,2.500,1.50,50.0,0.38
6942.00,1189.51,9913.04,347.10,2.500,1.49,50.0,0.39
6943.00,1188.95,9915.48,347.11,2.500,1.49,50.0,0.39
6944.00,1188.39,9917.92,347.12,2.500,1.49,50.0,0.40
6945.00,1187.83,9920.35,347.12,2.500,1.49,50.0,0.40
6946.00,1187.28,9922.79,347.13,2.500,1.49,50.0,0.40
6947.00,1186.72,9925.23,347.14,2.500,1.49,50.0,0.41
6948.00,1186.16,9927.66,347.14,2.500,1.48,50.0,0.41
6949.00,1185.61,9930.10,347.15,2.500,1.48,50.0,0.41
6950.00,1185.05,9932.54,347.16,2.500,1.48,50.0,0.42
6951.00,1184.49,9934.98,347.16,2.500,1.47,50.0,0.42
6952.00,1183.94,9937.41,347.17,2.500,1.47,50.0,0.42
6953.00,1183.38,9939.85,347.18,2.500,1.47,50.0,0.42
6954.00,1182.83,9942.29,347.19,2.500,1.45,50.0,0.43
6955.00,1182.28,9944.73,347.19,2.500,1.45,50.0,0.43
6956.00,1181.72,9947.16,347.20,2.500,1.45,50.0,0.43
6957.00,1181.17,9949.60,347.21,2.500,1.44,50.0,0.43
6958.00,1180.61,9952.04,347.21,2.500,1.44,50.0,0.44
6959.00,1180.06,9954.48,347.22,2.500,1.44,50.0,0.44
6960.00,1179.51,9956.92,347.23,2.500,1.42,50.0,0.44
6961.00,1178.95,9959.35,347.24,2.500,1.42,50.0,0.44
6962.00,1178.40,9961.79,347.24,2.500,1.42,50.0,0.44
6963.00,1177.85,9964.23,347.25,2.500,1.41,50.0,0.44
6964.00,1177.30,9966.67,347.26,2.500,1.41,50.0,0.45
6965.00,1176.75,9969.11,347.27,2.500,1.41,50.0,0.45
6966.00,1176.20,9971.55,347.27,2.500,1.39,50.0,0.45
6967.00,1175.65,9973.98,347.28,2.500,1.39,50.0,0.45
6968.00,1175.09,9976.42,347.29,2.500,1.39,50.0,0.45
6969.00,1174.54,9978.86,347.30,2.500,1.37,50.0,0.45
6970.00,1173.99,9981.30,347.30,2.500,1.37,50.0,0.45
6971.00,1173.45,9983.74,347.31,2.500,1.37,50.0,0.45
6972.00,1172.90,9986.18,347.32,2.500,1.36,50.0,0.45
6973.00,1172.35,9988.62,347.33,2.500,1.36,50.0,0.45
6974.00,1171.80,9991.06,347.33,2.500,1.36,50.0,0.45
6975.00,1171.25,9993.50,347.34,2.500,1.34,50.0,0.45
6976.00,1170.70,9995.94,347.35,2.500,1.34,50.0,0.45
6977.00,1170.16,9998.37,347.36,2.500,1.34,50.0,0.45
6978.00,1169.61,10000.81,347.36,2.500,1.32,50.0,0.45
6979.00,1169.06,10003.25,347.37,2.500,1.32,50.0,0.45
6980.00,1168.51,10005.69,347.38,2.500,1.32,50.0,0.45
6981.00,1167.97,10008.13,347.39,2.500,1.30,50.0,0.45
6982.00,1167.42,10010.57,347.39,2.500,1.30,50.0,0.45
6983.00,1166.88,10013.01,347.40,2.500,1.30,50.0,0.45
6984.00,1166.33,10015.45,347.41,2.500,1.28,50.0,0.45
6985.00,1165.79,10017.89,347.42,2.500,1.28,50.0,0.45
6986.00,1165.24,10020.33,347.42,2.500,1.28,50.0,0.45
6987.00,1164.70,10022.77,347.43,2.500,1.27,50.0,0.45
6988.00,1164.15,10025.21,347.44,2.500,1.27,50.0,0.45
6989.00,1163.61,10027.65,347.45,2.500,1.27,50.0,0.45
6990.00,1163.07,10030.09,347.45,2.500,1.25,50.0,0.45
6991.00,1162.52,10032.53,347.46,2.500,1.25,50.0,0.45
6992.00,1161.98,10034.97,347.47,2.500,1.25,50.0,0.45
6993.00,1161.44,10037.41,347.48,2.500,1.23,50.0,0.45
6994.00,1160.90,10039.85,347.48,2.500,1.23,50.0,0.45
6995.00,1160.35,10042.29,347.49,2.500,1.23,50.0,0.45
6996.00,1159.81,10044.73,347.50,2.500,1.21,50.0,0.44
6997.00,1159.27,10047.18,347.51,2.500,1.21,50.0,0.44
6998.00,1158.73,10049.62,347.51,2.500,1.21,50.0,0.44
6999.00,1158.19,10052.06,347.52,2.500,1.20,50.0,0.44
7000.00,1157.65,10054.50,347.53,2.500,1.20,50.0,0.44
7001.00,1157.11,10056.94,347.54,2.500,1.20,50.0,0.44
7002.00,1156.57,10059.38,347.54,2.500,1.18,50.0,0.44
7003.00,1156.03,10061.82,347.55,2.500,1.18,50.0,0.44
7004.00,1155.49,10064.26,347.56,2.500,1.18,50.0,0.44
7005.00,1154.95,10066.70,347.56,2.500,1.16,50.0,0.43
7006.00,1154.42,10069.15,347.57,2.500,1.16,50.0,0.43
7007.00,1153.88,10071.59,347.58,2.500,1.16,50.0,0.43
7008.00,1153.34,10074.03,347.59,2.500,1.15,50.0,0.43
7009.00,1152.80,10076.47,347.59,2.500,1.15,50.0,0.43
7010.00,1152.27,10078.91,347.60,2.500,1.15,50.0,0.43
7011.00,1151.73,10081.35,347.61,2.500,1.13,50.0,0.43
7012.00,1151.19,10083.79,347.61,2.500,1.13,50.0,0.43
7013.00,1150.66,10086.24,347.62,2.500,1.13,50.0,0.42
7014.00,1150.12,10088.68,347.63,2.500,1.12,50.0,0.42
7015.00,1149.58,10091.12,347.64,2.500,1.12,50.0,0.42
7016.00,1149.05,10093.56,347.64,2.500,1.12,50.0,0.42
7017.00,1148.51,10096.00,347.65,2.500,1.10,50.0,0.42
7018.00,1147.98,10098.45,347.66,2.500,1.10,50.0,0.42
7019.00,1147.44,10100.89,347.66,2.500,1.10,50.0,0.42
7020.00,1146.91,10103.33,347.67,2.500,1.09,50.0,0.41
7021.00,1146.38,10105.77,347.68,2.500,1.09,50.0,0.41
7022.00,1145.84,10108.22,347.68,2.500,1.09,50.0,0.41
7023.00,1145.31,10110.66,347.69,2.500,1.07,50.0,0.41
7024.00,1144.78,10113.10,347.70,2.500,1.07,50.0,0.41
7025.00,1144.24,10115.54,347.70,2.500,1.07,50.0,0.41
7026.00,1143.71,10117.99,347.71,2.500,1.06,50.0,0.41
7027.00,1143.18,10120.43,347.72,2.500,1.06,50.0,0.40
7028.00,1142.65,10122.87,347.73,2.500,1.06,50.0,0.40
7029.00,1142.12,10125.31,347.73,2.500,1.05,50.0,0.40
7030.00,1141.59,10127.76,347.74,2.500,1.05,50.0,0.40
7031.00,1141.05,10130.20,347.75,2.500,1.05,50.0,0.40
7032.00,1140.52,10132.64,347.75,2.500,1.04,50.0,0.40
7033.00,1139.99,10135.09,347.76,2.500,1.04,50.0,0.40
7034.00,1139.46,10137.53,347.76,2.500,1.04,50.0,0.40
7035.00,1138.93,10139.97,347.77,2.500,1.03,50.0,0.39
7036.00,1138.40,10142.42,347.78,2.500,1.03,50.0,0.39
7037.00,1137.87,10144.86,347.78,2.500,1.03,50.0,0.39
7038.00,1137.35,10147.30,347.79,2.500,1.01,50.0,0.39
7039.00,1136.82,10149.75,347.80,2.500,1.01,50.0,0.39
7040.00,1136.29,10152.19,347.80,2.500,1.01,50.0,0.39
7041.00,1135.76,10154.63,347.81,2.500,1.00,50.0,0.39
7042.00,1135.23,10157.08,347.82,2.500,1.00,50.0,0.38
7043.00,1134.70,10159.52,347.82,2.500,1.00,50.0,0.38
7044.00,1134.18,10161.96,347.83,2.500,0.99,50.0,0.38
7045.00,1133.65,10164.41,347.84,2.500,0.99,50.0,0.38
7046.00,1133.12,10166.85,347.84,2.500,0.99,50.0,0.38
7047.00,1132.60,10169.30,347.85,2.500,0.99,50.0,0.38
7048.00,1132.07,10171.74,347.85,2.500,0.99,50.0,0.38
7049.00,1131.55,10174.18,347.86,2.500,0.99,50.0,0.37
7050.00,1131.02,10176.63,347.87,2.500,0.98,50.0,0.37
7051.00,1130.49,10179.07,347.87,2.500,0.98,50.0,0.37
7052.00,1129.97,10181.52,347.88,2.500,0.98,50.0,0.37
7053.00,1129.44,10183.96,347.89,2.500,0.97,50.0,0.37
7054.00,1128.92,10186.41,347.89,2.500,0.97,50.0,0.37
7055.00,1128.39,10188.85,347.90,2.500,0.97,50.0,0.37
7056.00,1127.87,10191.29,347.90,2.500,0.96,50.0,0.37
7057.00,1127.35,10193.74,347.91,2.500,0.96,50.0,0.36
7058.00,1126.82,10196.18,347.92,2.500,0.96,50.0,0.36
7059.00,1126.30,10198.63,347.92,2.500,0.95,50.0,0.36
7060.00,1125.78,10201.07,347.93,2.500,0.95,50.0,0.36
7061.00,1125.25,10203.52,347.93,2.500,0.95,50.0,0.36
7062.00,1124.73,10205.96,347.94,2.500,0.95,50.0,0.36
7063.00,1124.21,10208.41,347.95,2.500,0.95,50.0,0.36
7064.00,1123.69,10210.85,347.95,2.500,0.95,50.0,0.36
7065.00,1123.17,10213.30,347.96,2.500,0.94,50.0,0.36
7066.00,1122.64,10215.74,347.96,2.500,0.94,50.0,0.35
7067.00,1122.12,10218.19,347.97,2.500,0.94,50.0,0.35
7068.00,1121.60,10220.63,347.98,2.500,0.94,50.0,0.35
7069.00,1121.08,10223.08,347.98,2.500,0.94,50.0,0.35
7070.00,1120.56,10225.52,347.99,2.500,0.94,50.0,0.35
7071.00,1120.04,10227.97,347.99,2.500,0.93,50.0,0.35
7072.00,1119.52,10230.41,348.00,2.500,0.93,50.0,0.35
7073.00,1119.00,10232.86,348.00,2.500,0.93,50.0,0.35
7074.00,1118.48,10235.30,348.01,2.500,0.92,50.0,0.35
7075.00,1117.96,10237.75,348.02,2.500,0.92,50.0,0.35
7076.00,1117.44,10240.19,348.02,2.500,0.92,50.0,0.34
7077.00,1116.92,10242.64,348.03,2.500,0.92,50.0,0.34
7078.00,1116.40,10245.09,348.03,2.500,0.92,50.0,0.34
7079.00,1115.89,10247.53,348.04,2.500,0.92,50.0,0.34
7080.00,1115.37,10249.98,348.04,2.500,0.92,50.0,0.34
7081.00,1114.85,10252.42,348.05,2.500,0.92,50.0,0.34
7082.00,1114.33,10254.87,348.06,2.500,0.92,50.0,0.34
7083.00,1113.81,10257.31,348.06,2.500,0.91,50.0,0.34
7084.00,1113.30,10259.76,348.07,2.500,0.91,50.0,0.34
7085.00,1112.78,10262.21,348.07,2.500,0.91,50.0,0.34
7086.00,1112.26,10264.65,348.08,2.500,0.91,50.0,0.34
7087.00,1111.75,10267.10,348.08,2.500,0.91,50.0,0.33
7088.00,1111.23,10269.54,348.09,2.500,0.91,50.0,0.33
7089.00,1110.72,10271.99,348.10,2.500,0.91,50.0,0.33
7090.00,1110.20,10274.44,348.10,2.500,0.91,50.0,0.33
7091.00,1109.68,10276.88,348.11,2.500,0.91,50.0,0.33
7092.00,1109.17,10279.33,348.11,2.500,0.91,50.0,0.33
7093.00,1108.65,10281.78,348.12,2.500,0.91,50.0,0.33
7094.00,1108.14,10284.22,348.12,2.500,0.91,50.0,0.33
7095.00,1107.62,10286.67,348.13,2.500,0.91,50.0,0.33
7096.00,1107.11,10289.12,348.13,2.500,0.91,50.0,0.33
7097.00,1106.60,10291.56,348.14,2.500,0.91,50.0,0.33
7098.00,1106.08,10294.01,348.14,2.500,0.91,50.0,0.33
7099.00,1105.57,10296.46,348.15,2.500,0.91,50.0,0.33
7100.00,1105.06,10298.90,348.16,2.500,0.91,50.0,0.33
7101.00,1104.54,10301.35,348.16,2.500,0.91,50.0,0.33
7102.00,1104.03,10303.80,348.17,2.500,0.00,50.0,0.31
7103.00,1103.52,10306.24,348.17,2.500,0.00,50.0,0.30
7104.00,1103.00,10308.69,348.18,2.500,0.00,50.0,0.29
7105.00,1102.49,10311.14,348.18,2.500,0.00,50.0,0.28
7106.00,1101.98,10313.58,348.19,2.500,0.00,50.0,0.28
7107.00,1101.47,10316.03,348.19,2.500,0.00,50.0,0.27
7108.00,1100.96,10318.48,348.19,2.500,0.00,50.0,0.26
7109.00,1100.45,10320.92,348.20,2.500,0.00,50.0,0.25
7110.00,1099.93,10323.37,348.20,2.500,0.00,50.0,0.24
7111.00,1099.42,10325.82,348.21,2.500,0.00,50.0,0.23
7112.00,1098.91,10328.27,348.21,2.500,0.00,50.0,0.22
7113.00,1098.40,10330.71,348.21,2.500,0.00,50.0,0.22
7114.00,1097.89,10333.16,348.22,2.500,0.00,50.0,0.21
7115.00,1097.38,10335.61,348.22,2.500,0.00,50.0,0.20
7116.00,1096.87,10338.06,348.22,2.500,0.00,50.0,0.20
7117.00,1096.36,10340.50,348.23,2.500,0.00,50.0,0.19
7118.00,1095.85,10342.95,348.23,2.500,0.00,50.0,0.18
7119.00,1095.34,10345.40,348.23,2.500,0.00,50.0,0.18
7120.00,1094.83,10347.84,348.24,2.500,0.00,50.0,0.17
7121.00,1094.32,10350.29,348.24,2.500,0.00,50.0,0.17
7122.00,1093.81,10352.74,348.24,2.500,0.00,50.0,0.16
7123.00,1093.30,10355.19,348.24,2.500,0.00,50.0,0.15
7124.00,1092.79,10357.64,348.25,2.500,0.00,50.0,0.15
7125.00,1092.28,10360.08,348.25,2.500,0.00,50.0,0.14
7126.00,1091.77,10362.53,348.25,2.500,0.00,50.0,0.14
7127.00,1091.26,10364.98,348.25,2.500,0.00,50.0,0.13
7128.00,1090.75,10367.43,348.26,2.500,0.00,50.0,0.13
7129.00,1090.25,10369.87,348.26,2.500,0.00,50.0,0.13
7130.00,1089.74,10372.32,348.26,2.500,0.00,50.0,0.12
7131.00,1089.23,10374.77,348.26,2.500,0.00,50.0,0.12
7132.00,1088.72,10377.22,348.26,2.500,0.00,50.0,0.11
7133.00,1088.21,10379.66,348.27,2.500,0.00,50.0,0.11
7134.00,1087.70,10382.11,348.27,2.500,0.00,50.0,0.11
7135.00,1087.19,10384.56,348.27,2.500,0.00,50.0,0.10
7136.00,1086.69,10387.01,348.27,2.500,0.00,50.0,0.10
7137.00,1086.18,10389.46,348.27,2.500,0.00,50.0,0.10
7138.00,1085.67,10391.90,348.27,2.500,0.00,50.0,0.09
7139.00,1085.16,10394.35,348.28,2.500,0.00,50.0,0.09
7140.00,1084.65,10396.80,348.28,2.500,0.00,50.0,0.09
7141.00,1084.15,10399.25,348.28,2.500,0.00,50.0,0.08
7142.00,1083.64,10401.69,348.28,2.500,0.00,50.0,0.08
7143.00,1083.13,10404.14,348.28,2.500,0.00,50.0,0.08
7144.00,1082.62,10406.59,348.28,2.500,0.00,50.0,0.08
7145.00,1082.11,10409.04,348.28,2.500,0.00,50.0,0.07
7146.00,1081.61,10411.49,348.28,2.500,0.00,50.0,0.07
7147.00,1081.10,10413.93,348.29,2.500,0.00,50.0,0.07
7148.00,1080.59,10416.38,348.29,2.500,0.00,50.0,0.07
7149.00,1080.08,10418.83,348.29,2.500,0.00,50.0,0.06
7150.00,1079.58,10421.28,348.29,2.500,0.00,50.0,0.06
7151.00,1079.07,10423.73,348.29,2.500,0.00,50.0,0.06
7152.00,1078.56,10426.17,348.29,2.500,0.00,50.0,0.06
7153.00,1078.05,10428.62,348.29,2.500,0.00,50.0,0.06
7154.00,1077.55,10431.07,348.29,2.500,0.00,50.0,0.05
7155.00,1077.04,10433.52,348.29,2.500,0.00,50.0,0.05
7156.00,1076.53,10435.97,348.29,2.500,0.00,50.0,0.05
7157.00,1076.03,10438.41,348.29,2.500,0.00,50.0,0.05
7158.00,1075.52,10440.86,348.30,2.500,0.00,50.0,0.05
7159.00,1075.01,10443.31,348.30,2.500,0.00,50.0,0.05
7160.00,1074.50,10445.76,348.30,2.500,0.00,50.0,0.04
7161.00,1074.00,10448.21,348.30,2.500,0.00,50.0,0.04
7162.00,1073.49,10450.65,348.30,2.500,0.00,50.0,0.04
7163.00,1072.98,10453.10,348.30,2.500,0.00,50.0,0.04
7164.00,1072.48,10455.55,348.30,2.500,0.00,50.0,0.04
7165.00,1071.97,10458.00,348.30,2.500,0.00,50.0,0.04
7166.00,1071.46,10460.45,348.30,2.500,0.00,50.0,0.04
7167.00,1070.95,10462.89,348.30,2.500,0.00,50.0,0.03
7168.00,1070.45,10465.34,348.30,2.500,0.00,50.0,0.03
7169.00,1069.94,10467.79,348.30,2.500,0.00,50.0,0.03
7170.00,1069.43,10470.24,348.30,2.500,0.00,50.0,0.03
7171.00,1068.93,10472.69,348.30,2.500,0.00,50.0,0.03
7172.00,1068.42,10475.13,348.30,2.500,0.00,50.0,0.03
7173.00,1067.91,10477.58,348.30,2.500,0.00,50.0,0.03
7174.00,1067.41,10480.03,348.31,2.500,0.00,50.0,0.03
7175.00,1066.90,10482.48,348.31,2.500,0.00,50.0,0.03
7176.00,1066.39,10484.93,348.31,2.500,0.00,50.0,0.03
7177.00,1065.89,10487.37,348.31,2.500,0.00,50.0,0.02
7178.00,1065.38,10489.82,348.31,2.500,0.00,50.0,0.02
7179.00,1064.87,10492.27,348.31,2.500,0.00,50.0,0.02
7180.00,1064.37,10494.72,348.31,2.500,0.00,50.0,0.02
7181.00,1063.86,10497.17,348.31,2.500,0.00,50.0,0.02
7182.00,1063.35,10499.62,348.31,2.500,0.00,50.0,0.02
7183.00,1062.85,10502.06,348.31,2.500,0.00,50.0,0.02
7184.00,1062.34,10504.51,348.31,2.500,0.00,50.0,0.02
7185.00,1061.83,10506.96,348.31,2.500,0.00,50.0,0.02
7186.00,1061.33,10509.41,348.31,2.500,0.00,50.0,0.02
7187.00,1060.82,10511.86,348.31,2.500,0.00,50.0,0.02
7188.00,1060.31,10514.30,348.31,2.500,0.00,50.0,0.02
7189.00,1059.81,10516.75,348.31,2.500,0.00,50.0,0.02
7190.00,1059.30,10519.20,348.31,2.500,0.00,50.0,0.02
7191.00,1058.79,10521.65,348.31,2.500,0.00,50.0,0.02
7192.00,1058.29,10524.10,348.31,2.500,0.00,50.0,0.01
7193.00,1057.78,10526.54,348.31,2.500,0.00,50.0,0.01
7194.00,1057.27,10528.99,348.31,2.500,0.00,50.0,0.01
7195.00,1056.77,10531.44,348.31,2.500,0.00,50.0,0.01
7196.00,1056.26,10533.89,348.31,2.500,0.00,50.0,0.01
7197.00,1055.76,10536.34,348.31,2.500,0.00,50.0,0.01
7198.00,1055.25,10538.79,348.31,2.500,0.00,50.0,0.01
7199.00,1054.74,10541.23,348.31,2.500,0.00,50.0,0.01
7200.00,1054.24,10543.68,348.31,2.500,2.00,50.0,0.03
7201.00,1053.73,10546.13,348.31,2.500,2.00,50.0,0.06
7202.00,1053.22,10548.58,348.32,2.500,2.00,50.0,0.08
7203.00,1052.72,10551.03,348.32,2.500,1.94,50.0,0.10
7204.00,1052.21,10553.47,348.32,2.500,1.94,50.0,0.12
7205.00,1051.70,10555.92,348.32,2.500,1.94,50.0,0.13
7206.00,1051.20,10558.37,348.32,2.500,1.97,50.0,0.15
7207.00,1050.69,10560.82,348.33,2.500,1.97,50.0,0.17
7208.00,1050.19,10563.27,348.33,2.500,1.97,50.0,0.19
7209.00,1049.68,10565.72,348.33,2.500,1.99,50.0,0.20
7210.00,1049.18,10568.16,348.34,2.500,1.99,50.0,0.22
7211.00,1048.67,10570.61,348.34,2.500,1.99,50.0,0.23
7212.00,1048.17,10573.06,348.35,2.500,2.00,50.0,0.25
7213.00,1047.66,10575.51,348.35,2.500,2.00,50.0,0.26
7214.00,1047.16,10577.96,348.35,2.500,2.00,50.0,0.28
7215.00,1046.65,10580.41,348.36,2.500,2.01,50.0,0.29
7216.00,1046.15,10582.86,348.36,2.500,2.01,50.0,0.31
7217.00,1045.64,10585.30,348.37,2.500,2.01,50.0,0.32
7218.00,1045.14,10587.75,348.37,2.500,2.01,50.0,0.33
7219.00,1044.63,10590.20,348.38,2.500,2.01,50.0,0.34
7220.00,1044.13,10592.65,348.39,2.500,2.01,50.0,0.35
7221.00,1043.63,10595.10,348.39,2.500,2.01,50.0,0.36
7222.00,1043.12,10597.55,348.40,2.500,2.01,50.0,0.38
7223.00,1042.62,10600.00,348.41,2.500,2.01,50.0,0.39
7224.00,1042.12,10602.45,348.41,2.500,2.00,50.0,0.40
7225.00,1041.62,10604.89,348.42,2.500,2.00,50.0,0.41
7226.00,1041.12,10607.34,348.43,2.500,2.00,50.0,0.41
7227.00,1040.61,10609.79,348.43,2.500,1.98,50.0,0.42
7228.00,1040.11,10612.24,348.44,2.500,1.98,50.0,0.43
7229.00,1039.61,10614.69,348.45,2.500,1.98,50.0,0.44
7230.00,1039.11,10617.14,348.45,2.500,1.96,50.0,0.45
7231.00,1038.61,10619.59,348.46,2.500,1.96,50.0,0.46
7232.00,1038.11,10622.04,348.47,2.500,1.96,50.0,0.46
7233.00,1037.61,10624.49,348.48,2.500,1.94,50.0,0.47
7234.00,1037.11,10626.94,348.49,2.500,1.94,50.0,0.48
7235.00,1036.61,10629.39,348.49,2.500,1.94,50.0,0.48
7236.00,1036.11,10631.84,348.50,2.500,1.91,50.0,0.49
7237.00,1035.61,10634.29,348.51,2.500,1.91,50.0,0.49
7238.00,1035.12,10636.74,348.52,2.500,1.91,50.0,0.50
7239.00,1034.62,10639.19,348.53,2.500,1.88,50.0,0.50
7240.00,1034.12,10641.64,348.54,2.500,1.88,50.0,0.51
7241.00,1033.63,10644.09,348.54,2.500,1.88,50.0,0.51
7242.00,1033.13,10646.54,348.55,2.500,1.85,50.0,0.52
7243.00,1032.63,10648.99,348.56,2.500,1.85,50.0,0.52
7244.00,1032.14,10651.44,348.57,2.500,1.85,50.0,0.53
7245.00,1031.64,10653.89,348.58,2.500,1.82,50.0,0.53
7246.00,1031.15,10656.34,348.59,2.500,1.82,50.0,0.53
7247.00,1030.65,10658.79,348.60,2.500,1.82,50.0,0.53
7248.00,1030.16,10661.24,348.61,2.500,1.79,50.0,0.54
7249.00,1029.66,10663.69,348.61,2.500,1.79,50.0,0.54
7250.00,1029.17,10666.14,348.62,2.500,1.79,50.0,0.54
7251.00,1028.68,10668.59,348.63,2.500,1.75,50.0,0.54
7252.00,1028.18,10671.04,348.64,2.500,1.75,50.0,0.55
7253.00,1027.69,10673.50,348.65,2.500,1.75,50.0,0.55
7254.00,1027.20,10675.95,348.66,2.500,1.71,50.0,0.55
7255.00,1026.71,10678.40,348.67,2.500,1.71,50.0,0.55
7256.00,1026.22,10680.85,348.68,2.500,1.71,50.0,0.55
7257.00,1025.73,10683.30,348.69,2.500,1.68,50.0,0.55
7258.00,1025.24,10685.75,348.70,2.500,1.68,50.0,0.55
7259.00,1024.75,10688.20,348.71,2.500,1.68,50.0,0.55
7260.00,1024.26,10690.66,348.72,2.500,1.64,50.0,0.55
7261.00,1023.77,10693.11,348.72,2.500,1.64,50.0,0.55
7262.00,1023.28,10695.56,348.73,2.500,1.64,50.0,0.55
7263.00,1022.79,10698.01,348.74,2.500,1.60,50.0,0.55
7264.00,1022.30,10700.46,348.75,2.500,1.60,50.0,0.55
7265.00,1021.81,10702.91,348.76,2.500,1.60,50.0,0.55
7266.00,1021.33,10705.37,348.77,2.500,1.56,50.0,0.55
7267.00,1020.84,10707.82,348.78,2.500,1.56,50.0,0.55
7268.00,1020.35,10710.27,348.79,2.500,1.56,50.0,0.55
7269.00,1019.87,10712.72,348.80,2.500,1.52,50.0,0.55
7270.00,1019.38,10715.18,348.81,2.500,1.52,50.0,0.55
7271.00,1018.90,10717.63,348.82,2.500,1.52,50.0,0.55
7272.00,1018.41,10720.08,348.83,2.500,1.48,50.0,0.55
7273.00,1017.93,10722.53,348.83,2.500,1.48,50.0,0.55
7274.00,1017.44,10724.99,348.84,2.500,1.48,50.0,0.55
7275.00,1016.96,10727.44,348.85,2.500,1.45,50.0,0.54
7276.00,1016.48,10729.89,348.86,2.500,1.45,50.0,0.54
7277.00,1015.99,10732.34,348.87,2.500,1.45,50.0,0.54
7278.00,1015.51,10734.80,348.88,2.500,1.41,50.0,0.54
7279.00,1015.03,10737.25,348.89,2.500,1.41,50.0,0.54
7280.00,1014.55,10739.70,348.90,2.500,1.41,50.0,0.53
7281.00,1014.06,10742.16,348.91,2.500,1.37,50.0,0.53
7282.00,1013.58,10744.61,348.92,2.500,1.37,50.0,0.53
7283.00,1013.10,10747.06,348.92,2.500,1.37,50.0,0.53
7284.00,1012.62,10749.52,348.93,2.500,1.34,50.0,0.53
7285.00,1012.14,10751.97,348.94,2.500,1.34,50.0,0.52
7286.00,1011.66,10754.42,348.95,2.500,1.34,50.0,0.52
7287.00,1011.18,10756.88,348.96,2.500,1.30,50.0,0.52
7288.00,1010.71,10759.33,348.97,2.500,1.30,50.0,0.52
7289.00,1010.23,10761.78,348.98,2.500,1.30,50.0,0.51
7290.00,1009.75,10764.24,348.98,2.500,1.27,50.0,0.51
7291.00,1009.27,10766.69,348.99,2.500,1.27,50.0,0.51
7292.00,1008.79,10769.15,349.00,2.500,1.27,50.0,0.51
7293.00,1008.32,10771.60,349.01,2.500,1.24,50.0,0.50
7294.00,1007.84,10774.05,349.02,2.500,1.24,50.0,0.50
7295.00,1007.36,10776.51,349.03,2.500,1.24,50.0,0.50
7296.00,1006.89,10778.96,349.04,2.500,1.20,50.0,0.50
7297.00,1006.41,10781.42,349.04,2.500,1.20,50.0,0.49
7298.00,1005.94,10783.87,349.05,2.500,1.20,50.0,0.49
7299.00,1005.46,10786.33,349.06,2.500,1.17,50.0,0.49
7300.00,1004.99,10788.78,349.07,2.500,1.17,50.0,0.48
7301.00,1004.51,10791.24,349.08,2.500,1.17,50.0,0.48
7302.00,1004.04,10793.69,349.08,2.500,1.14,50.0,0.48
7303.00,1003.57,10796.15,349.09,2.500,1.14,50.0,0.48
7304.00,1003.09,10798.60,349.10,2.500,1.14,50.0,0.47
7305.00,1002.62,10801.06,349.11,2.500,1.12,50.0,0.47
7306.00,1002.15,10803.51,349.12,2.500,1.12,50.0,0.47
7307.00,1001.68,10805.97,349.12,2.500,1.12,50.0,0.46
7308.00,1001.21,10808.42,349.13,2.500,1.09,50.0,0.46
7309.00,1000.73,10810.88,349.14,2.500,1.09,50.0,0.46
7310.00,1000.26,10813.33,349.15,2.500,1.09,50.0,0.46
7311.00,999.79,10815.79,349.15,2.500,1.06,50.0,0.45
7312.00,999.32,10818.24,349.16,2.500,1.06,50.0,0.45
7313.00,998.85,10820.70,349.17,2.500,1.06,50.0,0.45
7314.00,998.38,10823.15,349.18,2.500,1.04,50.0,0.44
7315.00,997.91,10825.61,349.18,2.500,1.04,50.0,0.44
7316.00,997.44,10828.06,349.19,2.500,1.04,50.0,0.44
7317.00,996.97,10830.52,349.20,2.500,1.01,50.0,0.44
7318.00,996.51,10832.97,349.20,2.500,1.01,50.0,0.43
7319.00,996.04,10835.43,349.21,2.500,1.01,50.0,0.43
7320.00,995.57,10837.89,349.22,2.500,0.99,50.0,0.43
7321.00,995.10,10840.34,349.23,2.500,0.99,50.0,0.42
7322.00,994.63,10842.80,349.23,2.500,0.99,50.0,0.42
7323.00,994.17,10845.25,349.24,2.500,0.97,50.0,0.42
7324.00,993.70,10847.71,349.25,2.500,0.97,50.0,0.41
7325.00,993.23,10850.17,349.25,2.500,0.97,50.0,0.41
7326.00,992.77,10852.62,349.26,2.500,0.95,50.0,0.41
7327.00,992.30,10855.08,349.27,2.500,0.95,50.0,0.41
7328.00,991.84,10857.53,349.27,2.500,0.95,50.0,0.40
7329.00,991.37,10859.99,349.28,2.500,0.93,50.0,0.40
7330.00,990.91,10862.45,349.29,2.500,0.93,50.0,0.40
7331.00,990.44,10864.90,349.29,2.500,0.93,50.0,0.40
7332.00,989.98,10867.36,349.30,2.500,0.92,50.0,0.39
7333.00,989.51,10869.82,349.31,2.500,0.92,50.0,0.39
7334.00,989.05,10872.27,349.31,2.500,0.92,50.0,0.39
7335.00,988.59,10874.73,349.32,2.500,0.90,50.0,0.39
7336.00,988.12,10877.19,349.33,2.500,0.90,50.0,0.38
7337.00,987.66,10879.64,349.33,2.500,0.90,50.0,0.38
7338.00,987.20,10882.10,349.34,2.500,0.88,50.0,0.38
7339.00,986.73,10884.56,349.35,2.500,0.88,50.0,0.38
7340.00,986.27,10887.01,349.35,2.500,0.88,50.0,0.37
7341.00,985.81,10889.47,349.36,2.500,0.87,50.0,0.37
7342.00,985.35,10891.93,349.36,2.500,0.87,50.0,0.37
7343.00,984.89,10894.38,349.37,2.500,0.87,50.0,0.37
7344.00,984.43,10896.84,349.38,2.500,0.86,50.0,0.36
7345.00,983.96,10899.30,349.38,2.500,0.86,50.0,0.36
7346.00,983.50,10901.76,349.39,2.500,0.86,50.0,0.36
7347.00,983.04,10904.21,349.39,2.500,0.84,50.0,0.36
7348.00,982.58,10906.67,349.40,2.500,0.84,50.0,0.35
7349.00,982.12,10909.13,349.41,2.500,0.84,50.0,0.35
7350.00,981.66,10911.59,349.41,2.500,0.83,50.0,0.35
7351.00,981.20,10914.04,349.42,2.500,0.83,50.0,0.35
7352.00,980.75,10916.50,349.42,2.500,0.83,50.0,0.35
7353.00,980.29,10918.96,349.43,2.500,0.82,50.0,0.34
7354.00,979.83,10921.42,349.43,2.500,0.82,50.0,0.34
7355.00,979.37,10923.87,349.44,2.500,0.82,50.0,0.34
7356.00,978.91,10926.33,349.45,2.500,0.81,50.0,0.34
7357.00,978.45,10928.79,349.45,2.500,0.81,50.0,0.34
7358.00,978.00,10931.25,349.46,2.500,0.81,50.0,0.33
7359.00,977.54,10933.70,349.46,2.500,0.80,50.0,0.33
7360.00,977.08,10936.16,349.47,2.500,0.80,50.0,0.33
7361.00,976.62,10938.62,349.47,2.500,0.80,50.0,0.33
7362.00,976.17,10941.08,349.48,2.500,0.80,50.0,0.33
7363.00,975.71,10943.54,349.48,2.500,0.80,50.0,0.32
7364.00,975.25,10945.99,349.49,2.500,0.80,50.0,0.32
7365.00,974.80,10948.45,349.49,2.500,0.79,50.0,0.32
7366.00,974.34,10950.91,349.50,2.500,0.79,50.0,0.32
7367.00,973.89,10953.37,349.51,2.500,0.79,50.0,0.32
7368.00,973.43,10955.83,349.51,2.500,0.78,50.0,0.32
7369.00,972.98,10958.28,349.52,2.500,0.78,50.0,0.31
7370.00,972.52,10960.74,349.52,2.500,0.78,50.0,0.31
7371.00,972.07,10963.20,349.53,2.500,0.78,50.0,0.31
7372.00,971.61,10965.66,349.53,2.500,0.78,50.0,0.31
7373.00,971.16,10968.12,349.54,2.500,0.78,50.0,0.31
7374.00,970.70,10970.58,349.54,2.500,0.77,50.0,0.31
7375.00,970.25,10973.03,349.55,2.500,0.77,50.0,0.31
7376.00,969.80,10975.49,349.55,2.500,0.77,50.0,0.30
7377.00,969.34,10977.95,349.56,2.500,0.77,50.0,0.30
7378.00,968.89,10980.41,349.56,2.500,0.77,50.0,0.30
7379.00,968.44,10982.87,349.57,2.500,0.77,50.0,0.30
7380.00,967.98,10985.33,349.57,2.500,0.76,50.0,0.30
7381.00,967.53,10987.79,349.58,2.500,0.76,50.0,0.30
7382.00,967.08,10990.25,349.58,2.500,0.76,50.0,0.30
7383.00,966.63,10992.70,349.59,2.500,0.76,50.0,0.29
7384.00,966.18,10995.16,349.59,2.500,0.76,50.0,0.29
7385.00,965.72,10997.62,349.60,2.500,0.76,50.0,0.29
7386.00,965.27,11000.08,349.60,2.500,0.75,50.0,0.29
7387.00,964.82,11002.54,349.61,2.500,0.75,50.0,0.29
7388.00,964.37,11005.00,349.61,2.500,0.75,50.0,0.29
7389.00,963.92,11007.46,349.62,2.500,0.75,50.0,0.29
7390.00,963.47,11009.92,349.62,2.500,0.75,50.0,0.29
7391.00,963.02,11012.38,349.63,2.500,0.75,50.0,0.29
7392.00,962.57,11014.83,349.63,2.500,0.75,50.0,0.29
7393.00,962.12,11017.29,349.63,2.500,0.75,50.0,0.28
7394.00,961.67,11019.75,349.64,2.500,0.75,50.0,0.28
7395.00,961.22,11022.21,349.64,2.500,0.75,50.0,0.28
7396.00,960.77,11024.67,349.65,2.500,0.75,50.0,0.28
7397.00,960.32,11027.13,349.65,2.500,0.75,50.0,0.28
7398.00,959.87,11029.59,349.66,2.500,0.75,50.0,0.28
7399.00,959.42,11032.05,349.66,2.500,0.75,50.0,0.28
7400.00,958.97,11034.51,349.67,2.500,0.75,50.0,0.28
7401.00,958.53,11036.97,349.67,2.500,0.74,50.0,0.28
7402.00,958.08,11039.43,349.68,2.500,0.74,50.0,0.28
7403.00,957.63,11041.89,349.68,2.500,0.74,50.0,0.28
7404.00,957.18,11044.35,349.69,2.500,0.74,50.0,0.28
7405.00,956.73,11046.81,349.69,2.500,0.74,50.0,0.27
7406.00,956.29,11049.27,349.70,2.500,0.74,50.0,0.27
7407.00,955.84,11051.73,349.70,2.500,0.74,50.0,0.27
7408.00,955.39,11054.19,349.70,2.500,0.74,50.0,0.27
7409.00,954.95,11056.65,349.71,2.500,0.74,50.0,0.27
7410.00,954.50,11059.11,349.71,2.500,0.74,50.0,0.27
7411.00,954.05,11061.57,349.72,2.500,0.74,50.0,0.27
7412.00,953.61,11064.02,349.72,2.500,0.74,50.0,0.27
7413.00,953.16,11066.48,349.73,2.500,0.74,50.0,0.27
7414.00,952.71,11068.94,349.73,2.500,0.74,50.0,0.27
7415.00,952.27,11071.40,349.74,2.500,0.74,50.0,0.27
7416.00,951.82,11073.86,349.74,2.500,0.74,50.0,0.27
7417.00,951.38,11076.32,349.74,2.500,0.74,50.0,0.27
7418.00,950.93,11078.78,349.75,2.500,0.74,50.0,0.27
7419.00,950.49,11081.24,349.75,2.500,0.74,50.0,0.27
7420.00,950.04,11083.71,349.76,2.500,0.74,50.0,0.27
7421.00,949.60,11086.17,349.76,2.500,0.74,50.0,0.27
7422.00,949.16,11088.63,349.77,2.500,0.74,50.0,0.27
7423.00,948.71,11091.09,349.77,2.500,0.74,50.0,0.27
7424.00,948.27,11093.55,349.78,2.500,0.74,50.0,0.27
7425.00,947.82,11096.01,349.78,2.500,0.74,50.0,0.26
7426.00,947.38,11098.47,349.78,2.500,0.74,50.0,0.26
7427.00,946.94,11100.93,349.79,2.500,0.74,50.0,0.26
7428.00,946.49,11103.39,349.79,2.500,0.74,50.0,0.26
7429.00,946.05,11105.85,349.80,2.500,0.74,50.0,0.26
7430.00,945.61,11108.31,349.80,2.500,0.74,50.0,0.26
7431.00,945.16,11110.77,349.81,2.500,0.74,50.0,0.26
7432.00,944.72,11113.23,349.81,2.500,0.74,50.0,0.26
7433.00,944.28,11115.69,349.82,2.500,0.74,50.0,0.26
7434.00,943.84,11118.15,349.82,2.500,0.74,50.0,0.26
7435.00,943.40,11120.61,349.82,2.500,0.74,50.0,0.26
7436.00,942.95,11123.07,349.83,2.500,0.74,50.0,0.26
7437.00,942.51,11125.53,349.83,2.500,0.74,50.0,0.26
7438.00,942.07,11127.99,349.84,2.500,0.74,50.0,0.26
7439.00,941.63,11130.45,349.84,2.500,0.74,50.0,0.26
7440.00,941.19,11132.91,349.85,2.500,0.75,50.0,0.26
7441.00,940.75,11135.38,349.85,2.500,0.75,50.0,0.26
7442.00,940.31,11137.84,349.85,2.500,0.75,50.0,0.26
7443.00,939.87,11140.30,349.86,2.500,0.75,50.0,0.26
7444.00,939.43,11142.76,349.86,2.500,0.75,50.0,0.26
7445.00,938.99,11145.22,349.87,2.500,0.75,50.0,0.26
7446.00,938.55,11147.68,349.87,2.500,0.75,50.0,0.26
7447.00,938.11,11150.14,349.88,2.500,0.75,50.0,0.26
7448.00,937.67,11152.60,349.88,2.500,0.75,50.0,0.26
7449.00,937.23,11155.06,349.89,2.500,0.75,50.0,0.26
7450.00,936.79,11157.52,349.89,2.500,0.75,50.0,0.26
7451.00,936.35,11159.99,349.89,2.500,0.75,50.0,0.26
7452.00,935.91,11162.45,349.90,2.500,0.75,50.0,0.26
7453.00,935.47,11164.91,349.90,2.500,0.75,50.0,0.26
7454.00,935.04,11167.37,349.91,2.500,0.75,50.0,0.26
7455.00,934.60,11169.83,349.91,2.500,0.75,50.0,0.26
7456.00,934.16,11172.29,349.92,2.500,0.75,50.0,0.26
7457.00,933.72,11174.75,349.92,2.500,0.75,50.0,0.26
7458.00,933.28,11177.22,349.92,2.500,0.75,50.0,0.26
7459.00,932.85,11179.68,349.93,2.500,0.75,50.0,0.26
7460.00,932.41,11182.14,349.93,2.500,0.75,50.0,0.26
7461.00,931.97,11184.60,349.94,2.500,0.75,50.0,0.26
7462.00,931.54,11187.06,349.94,2.500,0.75,50.0,0.26
7463.00,931.10,11189.52,349.95,2.500,0.75,50.0,0.26
7464.00,930.66,11191.98,349.95,2.500,0.75,50.0,0.26
7465.00,930.23,11194.45,349.95,2.500,0.75,50.0,0.26
7466.00,929.79,11196.91,349.96,2.500,0.75,50.0,0.26
7467.00,929.36,11199.37,349.96,2.500,0.75,50.0,0.26
7468.00,928.92,11201.83,349.97,2.500,0.75,50.0,0.26
7469.00,928.48,11204.29,349.97,2.500,0.75,50.0,0.26
7470.00,928.05,11206.75,349.98,2.500,0.75,50.0,0.26
7471.00,927.61,11209.22,349.98,2.500,0.75,50.0,0.26
7472.00,927.18,11211.68,349.98,2.500,0.75,50.0,0.26
7473.00,926.74,11214.14,349.99,2.500,0.75,50.0,0.26
7474.00,926.31,11216.60,349.99,2.500,0.75,50.0,0.26
7475.00,925.87,11219.06,350.00,2.500,0.75,50.0,0.26
7476.00,925.44,11221.53,350.00,2.500,0.75,50.0,0.26
7477.00,925.01,11223.99,350.01,2.500,0.75,50.0,0.26
7478.00,924.57,11226.45,350.01,2.500,0.75,50.0,0.26
7479.00,924.14,11228.91,350.01,2.500,0.75,50.0,0.26
7480.00,923.71,11231.37,350.02,2.500,0.75,50.0,0.26
7481.00,923.27,11233.84,350.02,2.500,0.75,50.0,0.26
7482.00,922.84,11236.30,350.03,2.500,0.75,50.0,0.26
7483.00,922.41,11238.76,350.03,2.500,0.75,50.0,0.26
7484.00,921.97,11241.22,350.04,2.500,0.75,50.0,0.26
7485.00,921.54,11243.69,350.04,2.500,0.75,50.0,0.26
7486.00,921.11,11246.15,350.04,2.500,0.75,50.0,0.26
7487.00,920.68,11248.61,350.05,2.500,0.75,50.0,0.26
7488.00,920.24,11251.07,350.05,2.500,0.75,50.0,0.26
7489.00,919.81,11253.53,350.06,2.500,0.75,50.0,0.26
7490.00,919.38,11256.00,350.06,2.500,0.75,50.0,0.26
7491.00,918.95,11258.46,350.07,2.500,0.75,50.0,0.26
7492.00,918.52,11260.92,350.07,2.500,0.75,50.0,0.26
7493.00,918.09,11263.38,350.07,2.500,0.75,50.0,0.26
7494.00,917.66,11265.85,350.08,2.500,0.76,50.0,0.26
7495.00,917.22,11268.31,350.08,2.500,0.76,50.0,0.26
7496.00,916.79,11270.77,350.09,2.500,0.76,50.0,0.26
7497.00,916.36,11273.24,350.09,2.500,0.76,50.0,0.26
7498.00,915.93,11275.70,350.10,2.500,0.76,50.0,0.26
7499.00,915.50,11278.16,350.10,2.500,0.76,50.0,0.26
7500.00,915.07,11280.62,350.10,2.500,0.76,50.0,0.26
7501.00,914.64,11283.09,350.11,2.500,0.76,50.0,0.26
7502.00,914.21,11285.55,350.11,2.500,0.76,50.0,0.26
7503.00,913.79,11288.01,350.12,2.500,0.76,50.0,0.26
7504.00,913.36,11290.48,350.12,2.500,0.76,50.0,0.26
7505.00,912.93,11292.94,350.13,2.500,0.76,50.0,0.26
7506.00,912.50,11295.40,350.13,2.500,0.76,50.0,0.26
7507.00,912.07,11297.86,350.13,2.500,0.76,50.0,0.26
7508.00,911.64,11300.33,350.14,2.500,0.76,50.0,0.26
7509.00,911.21,11302.79,350.14,2.500,0.76,50.0,0.26
7510.00,910.79,11305.25,350.15,2.500,0.76,50.0,0.26
7511.00,910.36,11307.72,350.15,2.500,0.76,50.0,0.26
7512.00,909.93,11310.18,350.16,2.500,0.75,50.0,0.26
7513.00,909.50,11312.64,350.16,2.500,0.75,50.0,0.26
7514.00,909.08,11315.11,350.17,2.500,0.75,50.0,0.26
7515.00,908.65,11317.57,350.17,2.500,0.75,50.0,0.26
7516.00,908.22,11320.03,350.17,2.500,0.75,50.0,0.26
7517.00,907.80,11322.50,350.18,2.500,0.75,50.0,0.26
7518.00,907.37,11324.96,350.18,2.500,0.75,50.0,0.26
7519.00,906.94,11327.42,350.19,2.500,0.75,50.0,0.26
7520.00,906.52,11329.89,350.19,2.500,0.75,50.0,0.26
7521.00,906.09,11332.35,350.20,2.500,0.75,50.0,0.26
7522.00,905.67,11334.81,350.20,2.500,0.75,50.0,0.26
7523.00,905.24,11337.28,350.20,2.500,0.75,50.0,0.26
7524.00,904.81,11339.74,350.21,2.500,0.75,50.0,0.26
7525.00,904.39,11342.20,350.21,2.500,0.75,50.0,0.26
7526.00,903.96,11344.67,350.22,2.500,0.75,50.0,0.26
7527.00,903.54,11347.13,350.22,2.500,0.75,50.0,0.26
7528.00,903.11,11349.59,350.23,2.500,0.75,50.0,0.26
7529.00,902.69,11352.06,350.23,2.500,0.75,50.0,0.26
7530.00,902.27,11354.52,350.23,2.500,0.75,50.0,0.26
7531.00,901.84,11356.99,350.24,2.500,0.75,50.0,0.26
7532.00,901.42,11359.45,350.24,2.500,0.75,50.0,0.26
7533.00,900.99,11361.91,350.25,2.500,0.75,50.0,0.26
7534.00,900.57,11364.38,350.25,2.500,0.75,50.0,0.26
7535.00,900.15,11366.84,350.26,2.500,0.75,50.0,0.26
7536.00,899.72,11369.31,350.26,2.500,0.75,50.0,0.26
7537.00,899.30,11371.77,350.26,2.500,0.75,50.0,0.26
7538.00,898.88,11374.23,350.27,2.500,0.75,50.0,0.26
7539.00,898.46,11376.70,350.27,2.500,0.75,50.0,0.26
7540.00,898.03,11379.16,350.28,2.500,0.75,50.0,0.26
7541.00,897.61,11381.63,350.28,2.500,0.75,50.0,0.26
7542.00,897.19,11384.09,350.29,2.500,0.75,50.0,0.26
7543.00,896.77,11386.55,350.29,2.500,0.75,50.0,0.26
7544.00,896.35,11389.02,350.29,2.500,0.75,50.0,0.26
7545.00,895.92,11391.48,350.30,2.500,0.75,50.0,0.26
7546.00,895.50,11393.95,350.30,2.500,0.75,50.0,0.26
7547.00,895.08,11396.41,350.31,2.500,0.75,50.0,0.26
7548.00,894.66,11398.87,350.31,2.500,0.75,50.0,0.26
7549.00,894.24,11401.34,350.32,2.500,0.75,50.0,0.26
7550.00,893.82,11403.80,350.32,2.500,0.75,50.0,0.26
7551.00,893.40,11406.27,350.32,2.500,0.75,50.0,0.26
7552.00,892.98,11408.73,350.33,2.500,0.75,50.0,0.26
7553.00,892.56,11411.20,350.33,2.500,0.75,50.0,0.26
7554.00,892.14,11413.66,350.34,2.500,0.75,50.0,0.26
7555.00,891.72,11416.13,350.34,2.500,0.75,50.0,0.26
7556.00,891.30,11418.59,350.35,2.500,0.75,50.0,0.26
7557.00,890.88,11421.06,350.35,2.500,0.75,50.0,0.26
7558.00,890.46,11423.52,350.35,2.500,0.75,50.0,0.26
7559.00,890.04,11425.98,350.36,2.500,0.75,50.0,0.26
7560.00,889.62,11428.45,350.36,2.500,0.75,50.0,0.26
7561.00,889.21,11430.91,350.37,2.500,0.75,50.0,0.26
7562.00,888.79,11433.38,350.37,2.500,0.75,50.0,0.26
7563.00,888.37,11435.84,350.38,2.500,0.75,50.0,0.26
7564.00,887.95,11438.31,350.38,2.500,0.75,50.0,0.26
7565.00,887.53,11440.77,350.38,2.500,0.75,50.0,0.26
7566.00,887.12,11443.24,350.39,2.500,0.74,50.0,0.26
7567.00,886.70,11445.70,350.39,2.500,0.74,50.0,0.26
7568.00,886.28,11448.17,350.40,2.500,0.74,50.0,0.26
7569.00,885.86,11450.63,350.40,2.500,0.74,50.0,0.26
7570.00,885.45,11453.10,350.41,2.500,0.74,50.0,0.26
7571.00,885.03,11455.56,350.41,2.500,0.74,50.0,0.26
7572.00,884.61,11458.03,350.41,2.500,0.74,50.0,0.26
7573.00,884.20,11460.49,350.42,2.500,0.74,50.0,0.26
7574.00,883.78,11462.96,350.42,2.500,0.74,50.0,0.26
7575.00,883.37,11465.42,350.43,2.500,0.74,50.0,0.26
7576.00,882.95,11467.89,350.43,2.500,0.74,50.0,0.26
7577.00,882.54,11470.35,350.44,2.500,0.74,50.0,0.26
7578.00,882.12,11472.82,350.44,2.500,0.74,50.0,0.26
7579.00,881.70,11475.28,350.44,2.500,0.74,50.0,0.26
7580.00,881.29,11477.75,350.45,2.500,0.74,50.0,0.26
7581.00,880.87,11480.21,350.45,2.500,0.74,50.0,0.26
7582.00,880.46,11482.68,350.46,2.500,0.74,50.0,0.26
7583.00,880.05,11485.15,350.46,2.500,0.74,50.0,0.26
7584.00,879.63,11487.61,350.47,2.500,0.74,50.0,0.26
7585.00,879.22,11490.08,350.47,2.500,0.74,50.0,0.26
7586.00,878.80,11492.54,350.47,2.500,0.74,50.0,0.26
7587.00,878.39,11495.01,350.48,2.500,0.74,50.0,0.26
7588.00,877.98,11497.47,350.48,2.500,0.74,50.0,0.26
7589.00,877.56,11499.94,350.49,2.500,0.74,50.0,0.26
7590.00,877.15,11502.40,350.49,2.500,0.74,50.0,0.26
7591.00,876.74,11504.87,350.50,2.500,0.74,50.0,0.26
7592.00,876.32,11507.34,350.50,2.500,0.74,50.0,0.26
7593.00,875.91,11509.80,350.50,2.500,0.74,50.0,0.26
7594.00,875.50,11512.27,350.51,2.500,0.74,50.0,0.25
7595.00,875.09,11514.73,350.51,2.500,0.74,50.0,0.25
7596.00,874.67,11517.20,350.52,2.500,0.73,50.0,0.25
7597.00,874.26,11519.66,350.52,2.500,0.73,50.0,0.25
7598.00,873.85,11522.13,350.53,2.500,0.73,50.0,0.25
7599.00,873.44,11524.60,350.53,2.500,0.73,50.0,0.25
7600.00,873.03,11527.06,350.53,2.500,0.73,50.0,0.25
7601.00,872.62,11529.53,350.54,2.500,0.73,50.0,0.25
7602.00,872.21,11531.99,350.54,2.500,0.73,50.0,0.25
7603.00,871.79,11534.46,350.55,2.500,0.73,50.0,0.25
7604.00,871.38,11536.93,350.55,2.500,0.73,50.0,0.25
7605.00,870.97,11539.39,350.55,2.500,0.73,50.0,0.25
7606.00,870.56,11541.86,350.56,2.500,0.73,50.0,0.25
7607.00,870.15,11544.32,350.56,2.500,0.73,50.0,0.25
7608.00,869.74,11546.79,350.57,2.500,0.73,50.0,0.25
7609.00,869.33,11549.26,350.57,2.500,0.73,50.0,0.25
7610.00,868.92,11551.72,350.58,2.500,0.73,50.0,0.25
7611.00,868.51,11554.19,350.58,2.500,0.73,50.0,0.25
7612.00,868.11,11556.66,350.58,2.500,0.73,50.0,0.25
7613.00,867.70,11559.12,350.59,2.500,0.73,50.0,0.25
7614.00,867.29,11561.59,350.59,2.500,0.73,50.0,0.25
7615.00,866.88,11564.05,350.60,2.500,0.73,50.0,0.25
7616.00,866.47,11566.52,350.60,2.500,0.73,50.0,0.25
7617.00,866.06,11568.99,350.61,2.500,0.73,50.0,0.25
7618.00,865.65,11571.45,350.61,2.500,0.73,50.0,0.25
7619.00,865.25,11573.92,350.61,2.500,0.73,50.0,0.25
7620.00,864.84,11576.39,350.62,2.500,0.73,50.0,0.25
7621.00,864.43,11578.85,350.62,2.500,0.73,50.0,0.25
7622.00,864.02,11581.32,350.63,2.500,0.73,50.0,0.25
7623.00,863.62,11583.79,350.63,2.500,0.73,50.0,0.25
7624.00,863.21,11586.25,350.64,2.500,0.73,50.0,0.25
7625.00,862.80,11588.72,350.64,2.500,0.73,50.0,0.25
7626.00,862.40,11591.19,350.64,2.500,0.72,50.0,0.25
7627.00,861.99,11593.65,350.65,2.500,0.72,50.0,0.25
7628.00,861.58,11596.12,350.65,2.500,0.72,50.0,0.25
7629.00,861.18,11598.59,350.66,2.500,0.72,50.0,0.25
7630.00,860.77,11601.05,350.66,2.500,0.72,50.0,0.25
7631.00,860.37,11603.52,350.66,2.500,0.72,50.0,0.25
7632.00,859.96,11605.99,350.67,2.500,0.72,50.0,0.25
7633.00,859.56,11608.45,350.67,2.500,0.72,50.0,0.25
7634.00,859.15,11610.92,350.68,2.500,0.72,50.0,0.25
7635.00,858.75,11613.39,350.68,2.500,0.72,50.0,0.25
7636.00,858.34,11615.86,350.69,2.500,0.72,50.0,0.25
7637.00,857.94,11618.32,350.69,2.500,0.72,50.0,0.25
7638.00,857.53,11620.79,350.69,2.500,0.72,50.0,0.25
7639.00,857.13,11623.26,350.70,2.500,0.72,50.0,0.25
7640.00,856.72,11625.72,350.70,2.500,0.72,50.0,0.25
7641.00,856.32,11628.19,350.71,2.500,0.72,50.0,0.25
7642.00,855.92,11630.66,350.71,2.500,0.72,50.0,0.25
7643.00,855.51,11633.13,350.71,2.500,0.72,50.0,0.25
7644.00,855.11,11635.59,350.72,2.500,0.72,50.0,0.25
7645.00,854.70,11638.06,350.72,2.500,0.72,50.0,0.25
7646.00,854.30,11640.53,350.73,2.500,0.72,50.0,0.25
7647.00,853.90,11642.99,350.73,2.500,0.72,50.0,0.25
7648.00,853.50,11645.46,350.74,2.500,0.72,50.0,0.25
7649.00,853.09,11647.93,350.74,2.500,0.72,50.0,0.25
7650.00,852.69,11650.40,350.74,2.500,0.72,50.0,0.25
7651.00,852.29,11652.86,350.75,2.500,0.72,50.0,0.25
7652.00,851.89,11655.33,350.75,2.500,0.72,50.0,0.25
7653.00,851.49,11657.80,350.76,2.500,0.71,50.0,0.25
7654.00,851.08,11660.27,350.76,2.500,0.71,50.0,0.25
7655.00,850.68,11662.73,350.76,2.500,0.71,50.0,0.25
7656.00,850.28,11665.20,350.77,2.500,0.71,50.0,0.25
7657.00,849.88,11667.67,350.77,2.500,0.71,50.0,0.25
7658.00,849.48,11670.14,350.78,2.500,0.71,50.0,0.25
7659.00,849.08,11672.60,350.78,2.500,0.71,50.0,0.25
7660.00,848.68,11675.07,350.78,2.500,0.71,50.0,0.25
7661.00,848.28,11677.54,350.79,2.500,0.71,50.0,0.25
7662.00,847.88,11680.01,350.79,2.500,0.71,50.0,0.25
7663.00,847.48,11682.48,350.80,2.500,0.71,50.0,0.25
7664.00,847.08,11684.94,350.80,2.500,0.71,50.0,0.25
7665.00,846.68,11687.41,350.81,2.500,0.71,50.0,0.25
7666.00,846.28,11689.88,350.81,2.500,0.71,50.0,0.25
7667.00,845.88,11692.35,350.81,2.500,0.71,50.0,0.25
7668.00,845.48,11694.82,350.82,2.500,0.71,50.0,0.25
7669.00,845.08,11697.28,350.82,2.500,0.71,50.0,0.25
7670.00,844.68,11699.75,350.83,2.500,0.71,50.0,0.25
7671.00,844.28,11702.22,350.83,2.500,0.71,50.0,0.25
7672.00,843.89,11704.69,350.83,2.500,0.71,50.0,0.25
7673.00,843.49,11707.16,350.84,2.500,0.71,50.0,0.25
7674.00,843.09,11709.62,350.84,2.500,0.71,50.0,0.25
7675.00,842.69,11712.09,350.85,2.500,0.71,50.0,0.25
7676.00,842.29,11714.56,350.85,2.500,0.71,50.0,0.25
7677.00,841.90,11717.03,350.85,2.500,0.71,50.0,0.25
7678.00,841.50,11719.50,350.86,2.500,0.71,50.0,0.25
7679.00,841.10,11721.96,350.86,2.500,0.71,50.0,0.25
7680.00,840.70,11724.43,350.87,2.500,0.71,50.0,0.25
7681.00,840.31,11726.90,350.87,2.500,0.71,50.0,0.25
7682.00,839.91,11729.37,350.88,2.500,0.71,50.0,0.25
7683.00,839.51,11731.84,350.88,2.500,0.70,50.0,0.24
7684.00,839.12,11734.31,350.88,2.500,0.70,50.0,0.24
7685.00,838.72,11736.77,350.89,2.500,0.70,50.0,0.24
7686.00,838.33,11739.24,350.89,2.500,0.70,50.0,0.24
7687.00,837.93,11741.71,350.90,2.500,0.70,50.0,0.24
7688.00,837.54,11744.18,350.90,2.500,0.70,50.0,0.24
7689.00,837.14,11746.65,350.90,2.500,0.70,50.0,0.24
7690.00,836.74,11749.12,350.91,2.500,0.70,50.0,0.24
7691.00,836.35,11751.59,350.91,2.500,0.70,50.0,0.24
7692.00,835.95,11754.05,350.92,2.500,0.70,50.0,0.24
7693.00,835.56,11756.52,350.92,2.500,0.70,50.0,0.24
7694.00,835.17,11758.99,350.92,2.500,0.70,50.0,0.24
7695.00,834.77,11761.46,350.93,2.500,0.70,50.0,0.24
7696.00,834.38,11763.93,350.93,2.500,0.70,50.0,0.24
7697.00,833.98,11766.40,350.94,2.500,0.70,50.0,0.24
7698.00,833.59,11768.87,350.94,2.500,0.70,50.0,0.24
7699.00,833.20,11771.34,350.94,2.500,0.70,50.0,0.24
7700.00,832.80,11773.80,350.95,2.500,0.70,50.0,0.24
7701.00,832.41,11776.27,350.95,2.500,0.70,50.0,0.24
7702.00,832.02,11778.74,350.96,2.500,0.70,50.0,0.24
7703.00,831.62,11781.21,350.96,2.500,0.70,50.0,0.24
7704.00,831.23,11783.68,350.96,2.500,0.70,50.0,0.24
7705.00,830.84,11786.15,350.97,2.500,0.70,50.0,0.24
7706.00,830.44,11788.62,350.97,2.500,0.70,50.0,0.24
7707.00,830.05,11791.09,350.98,2.500,0.70,50.0,0.24
7708.00,829.66,11793.56,350.98,2.500,0.70,50.0,0.24
7709.00,829.27,11796.02,350.98,2.500,0.70,50.0,0.24
7710.00,828.88,11798.49,350.99,2.500,0.70,50.0,0.24
7711.00,828.49,11800.96,350.99,2.500,0.70,50.0,0.24
7712.00,828.09,11803.43,351.00,2.500,0.70,50.0,0.24
7713.00,827.70,11805.90,351.00,2.500,0.69,50.0,0.24
7714.00,827.31,11808.37,351.00,2.500,0.69,50.0,0.24
7715.00,826.92,11810.84,351.01,2.500,0.69,50.0,0.24
7716.00,826.53,11813.31,351.01,2.500,0.69,50.0,0.24
7717.00,826.14,11815.78,351.02,2.500,0.69,50.0,0.24
7718.00,825.75,11818.25,351.02,2.500,0.69,50.0,0.24
7719.00,825.36,11820.72,351.02,2.500,0.69,50.0,0.24
7720.00,824.97,11823.19,351.03,2.500,0.69,50.0,0.24
7721.00,824.58,11825.66,351.03,2.500,0.69,50.0,0.24
7722.00,824.19,11828.13,351.04,2.500,0.69,50.0,0.24
7723.00,823.80,11830.59,351.04,2.500,0.69,50.0,0.24
7724.00,823.41,11833.06,351.05,2.500,0.69,50.0,0.24
7725.00,823.02,11835.53,351.05,2.500,0.69,50.0,0.24
7726.00,822.63,11838.00,351.05,2.500,0.69,50.0,0.24
7727.00,822.24,11840.47,351.06,2.500,0.69,50.0,0.24
7728.00,821.85,11842.94,351.06,2.500,0.69,50.0,0.24
7729.00,821.47,11845.41,351.07,2.500,0.69,50.0,0.24
7730.00,821.08,11847.88,351.07,2.500,0.69,50.0,0.24
7731.00,820.69,11850.35,351.07,2.500,0.69,50.0,0.24
7732.00,820.30,11852.82,351.08,2.500,0.69,50.0,0.24
7733.00,819.91,11855.29,351.08,2.500,0.69,50.0,0.24
7734.00,819.53,11857.76,351.08,2.500,0.69,50.0,0.24
7735.00,819.14,11860.23,351.09,2.500,0.69,50.0,0.24
7736.00,818.75,11862.70,351.09,2.500,0.69,50.0,0.24
7737.00,818.36,11865.17,351.10,2.500,0.69,50.0,0.24
7738.00,817.98,11867.64,351.10,2.500,0.69,50.0,0.24
7739.00,817.59,11870.11,351.10,2.500,0.69,50.0,0.24
7740.00,817.20,11872.58,351.11,2.500,0.69,50.0,0.24
7741.00,816.82,11875.05,351.11,2.500,0.69,50.0,0.24
7742.00,816.43,11877.52,351.12,2.500,0.69,50.0,0.24
7743.00,816.05,11879.99,351.12,2.500,0.68,50.0,0.24
7744.00,815.66,11882.46,351.12,2.500,0.68,50.0,0.24
7745.00,815.27,11884.93,351.13,2.500,0.68,50.0,0.24
7746.00,814.89,11887.40,351.13,2.500,0.68,50.0,0.24
7747.00,814.50,11889.87,351.14,2.500,0.68,50.0,0.24
7748.00,814.12,11892.34,351.14,2.500,0.68,50.0,0.24
7749.00,813.73,11894.81,351.14,2.500,0.68,50.0,0.24
7750.00,813.35,11897.28,351.15,2.500,0.68,50.0,0.24
7751.00,812.96,11899.75,351.15,2.500,0.68,50.0,0.24
7752.00,812.58,11902.22,351.16,2.500,0.68,50.0,0.24
7753.00,812.19,11904.69,351.16,2.500,0.68,50.0,0.24
7754.00,811.81,11907.16,351.16,2.500,0.68,50.0,0.24
7755.00,811.43,11909.63,351.17,2.500,0.68,50.0,0.24
7756.00,811.04,11912.10,351.17,2.500,0.68,50.0,0.24
7757.00,810.66,11914.57,351.18,2.500,0.68,50.0,0.24
7758.00,810.28,11917.04,351.18,2.500,0.68,50.0,0.24
7759.00,809.89,11919.51,351.18,2.500,0.68,50.0,0.24
7760.00,809.51,11921.98,351.19,2.500,0.68,50.0,0.24
7761.00,809.13,11924.45,351.19,2.500,0.68,50.0,0.24
7762.00,808.74,11926.93,351.20,2.500,0.68,50.0,0.24
7763.00,808.36,11929.40,351.20,2.500,0.68,50.0,0.24
7764.00,807.98,11931.87,351.20,2.500,0.68,50.0,0.24
7765.00,807.60,11934.34,351.21,2.500,0.68,50.0,0.24
7766.00,807.21,11936.81,351.21,2.500,0.68,50.0,0.24
7767.00,806.83,11939.28,351.22,2.500,0.68,50.0,0.24
7768.00,806.45,11941.75,351.22,2.500,0.68,50.0,0.24
7769.00,806.07,11944.22,351.22,2.500,0.68,50.0,0.24
7770.00,805.69,11946.69,351.23,2.500,0.68,50.0,0.24
7771.00,805.31,11949.16,351.23,2.500,0.68,50.0,0.24
7772.00,804.92,11951.63,351.24,2.500,0.68,50.0,0.23
7773.00,804.54,11954.10,351.24,2.500,0.68,50.0,0.23
7774.00,804.16,11956.57,351.24,2.500,0.68,50.0,0.23
7775.00,803.78,11959.04,351.25,2.500,0.68,50.0,0.23
7776.00,803.40,11961.52,351.25,2.500,0.67,50.0,0.23
7777.00,803.02,11963.99,351.25,2.500,0.67,50.0,0.23
7778.00,802.64,11966.46,351.26,2.500,0.67,50.0,0.23
7779.00,802.26,11968.93,351.26,2.500,0.67,50.0,0.23
7780.00,801.88,11971.40,351.27,2.500,0.67,50.0,0.23
7781.00,801.50,11973.87,351.27,2.500,0.67,50.0,0.23
7782.00,801.12,11976.34,351.27,2.500,0.67,50.0,0.23
7783.00,800.74,11978.81,351.28,2.500,0.67,50.0,0.23
7784.00,800.36,11981.28,351.28,2.500,0.67,50.0,0.23
7785.00,799.99,11983.75,351.29,2.500,0.67,50.0,0.23
7786.00,799.61,11986.23,351.29,2.500,0.67,50.0,0.23
7787.00,799.23,11988.70,351.29,2.500,0.67,50.0,0.23
7788.00,798.85,11991.17,351.30,2.500,0.67,50.0,0.23
7789.00,798.47,11993.64,351.30,2.500,0.67,50.0,0.23
7790.00,798.09,11996.11,351.31,2.500,0.67,50.0,0.23
7791.00,797.72,11998.58,351.31,2.500,0.67,50.0,0.23
7792.00,797.34,12001.05,351.31,2.500,0.67,50.0,0.23
7793.00,796.96,12003.52,351.32,2.500,0.67,50.0,0.23
7794.00,796.58,12006.00,351.32,2.500,0.67,50.0,0.23
7795.00,796.21,12008.47,351.32,2.500,0.67,50.0,0.23
7796.00,795.83,12010.94,351.33,2.500,0.67,50.0,0.23
7797.00,795.45,12013.41,351.33,2.500,0.67,50.0,0.23
7798.00,795.07,12015.88,351.34,2.500,0.67,50.0,0.23
7799.00,794.70,12018.35,351.34,2.500,0.67,50.0,0.23
7800.00,794.32,12020.82,351.34,2.500,0.67,50.0,0.23
7801.00,793.95,12023.30,351.35,2.500,0.67,50.0,0.23
7802.00,793.57,12025.77,351.35,2.500,0.67,50.0,0.23
7803.00,793.19,12028.24,351.36,2.500,0.67,50.0,0.23
7804.00,792.82,12030.71,351.36,2.500,0.67,50.0,0.23
7805.00,792.44,12033.18,351.36,2.500,0.67,50.0,0.23
7806.00,792.07,12035.65,351.37,2.500,0.67,50.0,0.23
7807.00,791.69,12038.13,351.37,2.500,0.67,50.0,0.23
7808.00,791.32,12040.60,351.37,2.500,0.67,50.0,0.23
7809.00,790.94,12043.07,351.38,2.500,0.66,50.0,0.23
7810.00,790.57,12045.54,351.38,2.500,0.66,50.0,0.23
7811.00,790.19,12048.01,351.39,2.500,0.66,50.0,0.23
7812.00,789.82,12050.48,351.39,2.500,0.66,50.0,0.23
7813.00,789.44,12052.96,351.39,2.500,0.66,50.0,0.23
7814.00,789.07,12055.43,351.40,2.500,0.66,50.0,0.23
7815.00,788.70,12057.90,351.40,2.500,0.66,50.0,0.23
7816.00,788.32,12060.37,351.41,2.500,0.66,50.0,0.23
7817.00,787.95,12062.84,351.41,2.500,0.66,50.0,0.23
7818.00,787.57,12065.32,351.41,2.500,0.66,50.0,0.23
7819.00,787.20,12067.79,351.42,2.500,0.66,50.0,0.23
7820.00,786.83,12070.26,351.42,2.500,0.66,50.0,0.23
7821.00,786.46,12072.73,351.42,2.500,0.66,50.0,0.23
7822.00,786.08,12075.20,351.43,2.500,0.66,50.0,0.23
7823.00,785.71,12077.68,351.43,2.500,0.66,50.0,0.23
7824.00,785.34,12080.15,351.44,2.500,0.66,50.0,0.23
7825.00,784.96,12082.62,351.44,2.500,0.66,50.0,0.23
7826.00,784.59,12085.09,351.44,2.500,0.66,50.0,0.23
7827.00,784.22,12087.56,351.45,2.500,0.66,50.0,0.23
7828.00,783.85,12090.04,351.45,2.500,0.66,50.0,0.23
7829.00,783.48,12092.51,351.46,2.500,0.66,50.0,0.23
7830.00,783.11,12094.98,351.46,2.500,0.66,50.0,0.23
7831.00,782.73,12097.45,351.46,2.500,0.66,50.0,0.23
7832.00,782.36,12099.93,351.47,2.500,0.66,50.0,0.23
7833.00,781.99,12102.40,351.47,2.500,0.66,50.0,0.23
7834.00,781.62,12104.87,351.47,2.500,0.66,50.0,0.23
7835.00,781.25,12107.34,351.48,2.500,0.66,50.0,0.23
7836.00,780.88,12109.81,351.48,2.500,0.66,50.0,0.23
7837.00,780.51,12112.29,351.49,2.500,0.66,50.0,0.23
7838.00,780.14,12114.76,351.49,2.500,0.66,50.0,0.23
7839.00,779.77,12117.23,351.49,2.500,0.66,50.0,0.23
7840.00,779.40,12119.70,351.50,2.500,0.66,50.0,0.23
7841.00,779.03,12122.18,351.50,2.500,0.66,50.0,0.23
7842.00,778.66,12124.65,351.50,2.500,0.65,50.0,0.23
7843.00,778.29,12127.12,351.51,2.500,0.65,50.0,0.23
7844.00,777.92,12129.60,351.51,2.500,0.65,50.0,0.23
7845.00,777.55,12132.07,351.52,2.500,0.65,50.0,0.23
7846.00,777.19,12134.54,351.52,2.500,0.65,50.0,0.23
7847.00,776.82,12137.01,351.52,2.500,0.65,50.0,0.23
7848.00,776.45,12139.49,351.53,2.500,0.65,50.0,0.23
7849.00,776.08,12141.96,351.53,2.500,0.65,50.0,0.23
7850.00,775.71,12144.43,351.54,2.500,0.65,50.0,0.23
7851.00,775.34,12146.90,351.54,2.500,0.65,50.0,0.23
7852.00,774.98,12149.38,351.54,2.500,0.65,50.0,0.23
7853.00,774.61,12151.85,351.55,2.500,0.65,50.0,0.23
7854.00,774.24,12154.32,351.55,2.500,0.65,50.0,0.23
7855.00,773.87,12156.80,351.55,2.500,0.65,50.0,0.23
7856.00,773.51,12159.27,351.56,2.500,0.65,50.0,0.23
7857.00,773.14,12161.74,351.56,2.500,0.65,50.0,0.23
7858.00,772.77,12164.21,351.57,2.500,0.65,50.0,0.23
7859.00,772.41,12166.69,351.57,2.500,0.65,50.0,0.23
7860.00,772.04,12169.16,351.57,2.500,0.65,50.0,0.23
7861.00,771.67,12171.63,351.58,2.500,0.65,50.0,0.23
7862.00,771.31,12174.11,351.58,2.500,0.65,50.0,0.23
7863.00,770.94,12176.58,351.58,2.500,0.65,50.0,0.23
7864.00,770.57,12179.05,351.59,2.500,0.65,50.0,0.23
7865.00,770.21,12181.53,351.59,2.500,0.65,50.0,0.23
7866.00,769.84,12184.00,351.60,2.500,0.65,50.0,0.23
7867.00,769.48,12186.47,351.60,2.500,0.65,50.0,0.22
7868.00,769.11,12188.94,351.60,2.500,0.65,50.0,0.22
7869.00,768.75,12191.42,351.61,2.500,0.65,50.0,0.22
7870.00,768.38,12193.89,351.61,2.500,0.65,50.0,0.22
7871.00,768.02,12196.36,351.61,2.500,0.65,50.0,0.22
7872.00,767.65,12198.84,351.62,2.500,0.65,50.0,0.22
7873.00,767.29,12201.31,351.62,2.500,0.65,50.0,0.22
7874.00,766.92,12203.78,351.63,2.500,0.65,50.0,0.22
7875.00,766.56,12206.26,351.63,2.500,0.64,50.0,0.22
7876.00,766.20,12208.73,351.63,2.500,0.64,50.0,0.22
7877.00,765.83,12211.20,351.64,2.500,0.64,50.0,0.22
7878.00,765.47,12213.68,351.64,2.500,0.64,50.0,0.22
7879.00,765.10,12216.15,351.64,2.500,0.64,50.0,0.22
7880.00,764.74,12218.62,351.65,2.500,0.64,50.0,0.22
7881.00,764.38,12221.10,351.65,2.500,0.64,50.0,0.22
7882.00,764.02,12223.57,351.66,2.500,0.64,50.0,0.22
7883.00,763.65,12226.05,351.66,2.500,0.64,50.0,0.22
7884.00,763.29,12228.52,351.66,2.500,0.64,50.0,0.22
7885.00,762.93,12230.99,351.67,2.500,0.64,50.0,0.22
7886.00,762.57,12233.47,351.67,2.500,0.64,50.0,0.22
7887.00,762.20,12235.94,351.67,2.500,0.64,50.0,0.22
7888.00,761.84,12238.41,351.68,2.500,0.64,50.0,0.22
7889.00,761.48,12240.89,351.68,2.500,0.64,50.0,0.22
7890.00,761.12,12243.36,351.68,2.500,0.64,50.0,0.22
7891.00,760.76,12245.83,351.69,2.500,0.64,50.0,0.22
7892.00,760.39,12248.31,351.69,2.500,0.64,50.0,0.22
7893.00,760.03,12250.78,351.70,2.500,0.64,50.0,0.22
7894.00,759.67,12253.26,351.70,2.500,0.64,50.0,0.22
7895.00,759.31,12255.73,351.70,2.500,0.64,50.0,0.22
7896.00,758.95,12258.20,351.71,2.500,0.64,50.0,0.22
7897.00,758.59,12260.68,351.71,2.500,0.64,50.0,0.22
7898.00,758.23,12263.15,351.71,2.500,0.64,50.0,0.22
7899.00,757.87,12265.62,351.72,2.500,0.64,50.0,0.22
7900.00,757.51,12268.10,351.72,2.500,0.64,50.0,0.22
7901.00,757.15,12270.57,351.73,2.500,0.64,50.0,0.22
7902.00,756.79,12273.05,351.73,2.500,0.64,50.0,0.22
7903.00,756.43,12275.52,351.73,2.500,0.64,50.0,0.22
7904.00,756.07,12277.99,351.74,2.500,0.64,50.0,0.22
7905.00,755.71,12280.47,351.74,2.500,0.64,50.0,0.22
7906.00,755.35,12282.94,351.74,2.500,0.64,50.0,0.22
7907.00,754.99,12285.42,351.75,2.500,0.64,50.0,0.22
7908.00,754.63,12287.89,351.75,2.500,0.64,50.0,0.22
7909.00,754.28,12290.37,351.75,2.500,0.64,50.0,0.22
7910.00,753.92,12292.84,351.76,2.500,0.64,50.0,0.22
7911.00,753.56,12295.31,351.76,2.500,0.63,50.0,0.22
7912.00,753.20,12297.79,351.77,2.500,0.63,50.0,0.22
7913.00,752.84,12300.26,351.77,2.500,0.63,50.0,0.22
7914.00,752.48,12302.74,351.77,2.500,0.63,50.0,0.22
7915.00,752.13,12305.21,351.78,2.500,0.63,50.0,0.22
7916.00,751.77,12307.68,351.78,2.500,0.63,50.0,0.22
7917.00,751.41,12310.16,351.78,2.500,0.63,50.0,0.22
7918.00,751.05,12312.63,351.79,2.500,0.63,50.0,0.22
7919.00,750.70,12315.11,351.79,2.500,0.63,50.0,0.22
7920.00,750.34,12317.58,351.80,2.500,0.63,50.0,0.22
7921.00,749.98,12320.06,351.80,2.500,0.63,50.0,0.22
7922.00,749.63,12322.53,351.80,2.500,0.63,50.0,0.22
7923.00,749.27,12325.01,351.81,2.500,0.63,50.0,0.22
7924.00,748.91,12327.48,351.81,2.500,0.63,50.0,0.22
7925.00,748.56,12329.95,351.81,2.500,0.63,50.0,0.22
7926.00,748.20,12332.43,351.82,2.500,0.63,50.0,0.22
7927.00,747.85,12334.90,351.82,2.500,0.63,50.0,0.22
7928.00,747.49,12337.38,351.82,2.500,0.63,50.0,0.22
7929.00,747.13,12339.85,351.83,2.500,0.63,50.0,0.22
7930.00,746.78,12342.33,351.83,2.500,0.63,50.0,0.22
7931.00,746.42,12344.80,351.84,2.500,0.63,50.0,0.22
7932.00,746.07,12347.28,351.84,2.500,0.63,50.0,0.22
7933.00,745.71,12349.75,351.84,2.500,0.63,50.0,0.22
7934.00,745.36,12352.23,351.85,2.500,0.63,50.0,0.22
7935.00,745.01,12354.70,351.85,2.500,0.63,50.0,0.22
7936.00,744.65,12357.18,351.85,2.500,0.63,50.0,0.22
7937.00,744.30,12359.65,351.86,2.500,0.63,50.0,0.22
7938.00,743.94,12362.12,351.86,2.500,0.63,50.0,0.22
7939.00,743.59,12364.60,351.86,2.500,0.63,50.0,0.22
7940.00,743.23,12367.07,351.87,2.500,0.63,50.0,0.22
7941.00,742.88,12369.55,351.87,2.500,0.63,50.0,0.22
7942.00,742.53,12372.02,351.88,2.500,0.63,50.0,0.22
7943.00,742.17,12374.50,351.88,2.500,0.63,50.0,0.22
7944.00,741.82,12376.97,351.88,2.500,0.63,50.0,0.22
7945.00,741.47,12379.45,351.89,2.500,0.63,50.0,0.22
7946.00,741.12,12381.92,351.89,2.500,0.63,50.0,0.22
7947.00,740.76,12384.40,351.89,2.500,0.62,50.0,0.22
7948.00,740.41,12386.87,351.90,2.500,0.62,50.0,0.22
7949.00,740.06,12389.35,351.90,2.500,0.62,50.0,0.22
7950.00,739.71,12391.82,351.90,2.500,0.62,50.0,0.22
7951.00,739.35,12394.30,351.91,2.500,0.62,50.0,0.22
7952.00,739.00,12396.77,351.91,2.500,0.62,50.0,0.22
7953.00,738.65,12399.25,351.92,2.500,0.62,50.0,0.22
7954.00,738.30,12401.72,351.92,2.500,0.62,50.0,0.22
7955.00,737.95,12404.20,351.92,2.500,0.62,50.0,0.22
7956.00,737.60,12406.68,351.93,2.500,0.62,50.0,0.22
7957.00,737.24,12409.15,351.93,2.500,0.62,50.0,0.22
7958.00,736.89,12411.63,351.93,2.500,0.62,50.0,0.22
7959.00,736.54,12414.10,351.94,2.500,0.62,50.0,0.22
7960.00,736.19,12416.58,351.94,2.500,0.62,50.0,0.22
7961.00,735.84,12419.05,351.94,2.500,0.62,50.0,0.22
7962.00,735.49,12421.53,351.95,2.500,0.62,50.0,0.22
7963.00,735.14,12424.00,351.95,2.500,0.62,50.0,0.22
7964.00,734.79,12426.48,351.95,2.500,0.62,50.0,0.22
7965.00,734.44,12428.95,351.96,2.500,0.62,50.0,0.22
7966.00,734.09,12431.43,351.96,2.500,0.62,50.0,0.22
7967.00,733.74,12433.90,351.97,2.500,0.62,50.0,0.22
7968.00,733.39,12436.38,351.97,2.500,0.62,50.0,0.21
7969.00,733.04,12438.85,351.97,2.500,0.62,50.0,0.21
7970.00,732.69,12441.33,351.98,2.500,0.62,50.0,0.21
7971.00,732.34,12443.81,351.98,2.500,0.62,50.0,0.21
7972.00,732.00,12446.28,351.98,2.500,0.62,50.0,0.21
7973.00,731.65,12448.76,351.99,2.500,0.62,50.0,0.21
7974.00,731.30,12451.23,351.99,2.500,0.62,50.0,0.21
7975.00,730.95,12453.71,351.99,2.500,0.62,50.0,0.21
7976.00,730.60,12456.18,352.00,2.500,0.62,50.0,0.21
7977.00,730.25,12458.66,352.00,2.500,0.62,50.0,0.21
7978.00,729.91,12461.13,352.00,2.500,0.62,50.0,0.21
7979.00,729.56,12463.61,352.01,2.500,0.62,50.0,0.21
7980.00,729.21,12466.09,352.01,2.500,0.61,50.0,0.21
7981.00,728.86,12468.56,352.02,2.500,0.61,50.0,0.21
7982.00,728.52,12471.04,352.02,2.500,0.61,50.0,0.21
7983.00,728.17,12473.51,352.02,2.500,0.61,50.0,0.21
7984.00,727.82,12475.99,352.03,2.500,0.61,50.0,0.21
7985.00,727.48,12478.47,352.03,2.500,0.61,50.0,0.21
7986.00,727.13,12480.94,352.03,2.500,0.61,50.0,0.21
7987.00,726.78,12483.42,352.04,2.500,0.61,50.0,0.21
7988.00,726.44,12485.89,352.04,2.500,0.61,50.0,0.21
7989.00,726.09,12488.37,352.04,2.500,0.61,50.0,0.21
7990.00,725.74,12490.84,352.05,2.500,0.61,50.0,0.21
7991.00,725.40,12493.32,352.05,2.500,0.61,50.0,0.21
7992.00,725.05,12495.80,352.05,2.500,0.61,50.0,0.21
7993.00,724.71,12498.27,352.06,2.500,0.61,50.0,0.21
7994.00,724.36,12500.75,352.06,2.500,0.61,50.0,0.21
7995.00,724.02,12503.22,352.07,2.500,0.61,50.0,0.21
7996.00,723.67,12505.70,352.07,2.500,0.61,50.0,0.21
7997.00,723.33,12508.18,352.07,2.500,0.61,50.0,0.21
7998.00,722.98,12510.65,352.08,2.500,0.61,50.0,0.21
7999.00,722.64,12513.13,352.08,2.500,0.61,50.0,0.21
8000.00,722.29,12515.61,352.08,2.500,0.61,50.0,0.21
8001.00,721.95,12518.08,352.09,2.500,0.61,50.0,0.21
8002.00,721.60,12520.56,352.09,2.500,0.61,50.0,0.21
8003.00,721.26,12523.03,352.09,2.500,0.61,50.0,0.21
8004.00,720.92,12525.51,352.10,2.500,0.61,50.0,0.21
8005.00,720.57,12527.99,352.10,2.500,0.61,50.0,0.21
8006.00,720.23,12530.46,352.10,2.500,0.61,50.0,0.21
8007.00,719.88,12532.94,352.11,2.500,0.61,50.0,0.21
8008.00,719.54,12535.42,352.11,2.500,0.61,50.0,0.21
8009.00,719.20,12537.89,352.11,2.500,0.61,50.0,0.21
8010.00,718.86,12540.37,352.12,2.500,0.61,50.0,0.21
8011.00,718.51,12542.84,352.12,2.500,0.61,50.0,0.21
8012.00,718.17,12545.32,352.13,2.500,0.61,50.0,0.21
8013.00,717.83,12547.80,352.13,2.500,0.61,50.0,0.21
8014.00,717.48,12550.27,352.13,2.500,0.61,50.0,0.21
8015.00,717.14,12552.75,352.14,2.500,0.61,50.0,0.21
8016.00,716.80,12555.23,352.14,2.500,0.60,50.0,0.21
8017.00,716.46,12557.70,352.14,2.500,0.60,50.0,0.21
8018.00,716.12,12560.18,352.15,2.500,0.60,50.0,0.21
8019.00,715.78,12562.66,352.15,2.500,0.60,50.0,0.21
8020.00,715.43,12565.13,352.15,2.500,0.60,50.0,0.21
8021.00,715.09,12567.61,352.16,2.500,0.60,50.0,0.21
8022.00,714.75,12570.09,352.16,2.500,0.60,50.0,0.21
8023.00,714.41,12572.56,352.16,2.500,0.60,50.0,0.21
8024.00,714.07,12575.04,352.17,2.500,0.60,50.0,0.21
8025.00,713.73,12577.52,352.17,2.500,0.60,50.0,0.21
8026.00,713.39,12579.99,352.17,2.500,0.60,50.0,0.21
8027.00,713.05,12582.47,352.18,2.500,0.60,50.0,0.21
8028.00,712.71,12584.95,352.18,2.500,0.60,50.0,0.21
8029.00,712.37,12587.42,352.18,2.500,0.60,50.0,0.21
8030.00,712.03,12589.90,352.19,2.500,0.60,50.0,0.21
8031.00,711.69,12592.38,352.19,2.500,0.60,50.0,0.21
8032.00,711.35,12594.85,352.19,2.500,0.60,50.0,0.21
8033.00,711.01,12597.33,352.20,2.500,0.60,50.0,0.21
8034.00,710.67,12599.81,352.20,2.500,0.60,50.0,0.21
8035.00,710.33,12602.28,352.21,2.500,0.60,50.0,0.21
8036.00,709.99,12604.76,352.21,2.500,0.60,50.0,0.21
8037.00,709.65,12607.24,352.21,2.500,0.60,50.0,0.21
8038.00,709.31,12609.71,352.22,2.500,0.60,50.0,0.21
8039.00,708.97,12612.19,352.22,2.500,0.60,50.0,0.21
8040.00,708.64,12614.67,352.22,2.500,0.60,50.0,0.21
8041.00,708.30,12617.15,352.23,2.500,0.60,50.0,0.21
8042.00,707.96,12619.62,352.23,2.500,0.60,50.0,0.21
8043.00,707.62,12622.10,352.23,2.500,0.60,50.0,0.21
8044.00,707.28,12624.58,352.24,2.500,0.60,50.0,0.21
8045.00,706.95,12627.05,352.24,2.500,0.60,50.0,0.21
8046.00,706.61,12629.53,352.24,2.500,0.60,50.0,0.21
8047.00,706.27,12632.01,352.25,2.500,0.60,50.0,0.21
8048.00,705.93,12634.49,352.25,2.500,0.60,50.0,0.21
8049.00,705.60,12636.96,352.25,2.500,0.60,50.0,0.21
8050.00,705.26,12639.44,352.26,2.500,0.60,50.0,0.21
8051.00,704.92,12641.92,352.26,2.500,0.60,50.0,0.21
8052.00,704.59,12644.39,352.26,2.500,0.60,50.0,0.21
8053.00,704.25,12646.87,352.27,2.500,0.60,50.0,0.21
8054.00,703.91,12649.35,352.27,2.500,0.60,50.0,0.21
8055.00,703.58,12651.83,352.27,2.500,0.59,50.0,0.21
8056.00,703.24,12654.30,352.28,2.500,0.59,50.0,0.21
8057.00,702.91,12656.78,352.28,2.500,0.59,50.0,0.21
8058.00,702.57,12659.26,352.28,2.500,0.59,50.0,0.21
8059.00,702.23,12661.74,352.29,2.500,0.59,50.0,0.21
8060.00,701.90,12664.21,352.29,2.500,0.59,50.0,0.21
8061.00,701.56,12666.69,352.30,2.500,0.59,50.0,0.21
8062.00,701.23,12669.17,352.30,2.500,0.59,50.0,0.21
8063.00,700.89,12671.64,352.30,2.500,0.59,50.0,0.21
8064.00,700.56,12674.12,352.31,2.500,0.59,50.0,0.21
8065.00,700.22,12676.60,352.31,2.500,0.59,50.0,0.21
8066.00,699.89,12679.08,352.31,2.500,0.59,50.0,0.21
8067.00,699.55,12681.55,352.32,2.500,0.59,50.0,0.21
8068.00,699.22,12684.03,352.32,2.500,0.59,50.0,0.21
8069.00,698.89,12686.51,352.32,2.500,0.59,50.0,0.21
8070.00,698.55,12688.99,352.33,2.500,0.59,50.0,0.21
8071.00,698.22,12691.47,352.33,2.500,0.59,50.0,0.21
8072.00,697.88,12693.94,352.33,2.500,0.59,50.0,0.20
8073.00,697.55,12696.42,352.34,2.500,0.59,50.0,0.20
8074.00,697.22,12698.90,352.34,2.500,0.59,50.0,0.20
8075.00,696.88,12701.38,352.34,2.500,0.59,50.0,0.20
8076.00,696.55,12703.85,352.35,2.500,0.59,50.0,0.20
8077.00,696.22,12706.33,352.35,2.500,0.59,50.0,0.20
8078.00,695.89,12708.81,352.35,2.500,0.59,50.0,0.20
8079.00,695.55,12711.29,352.36,2.500,0.59,50.0,0.20
8080.00,695.22,12713.76,352.36,2.500,0.59,50.0,0.20
8081.00,694.89,12716.24,352.36,2.500,0.59,50.0,0.20
8082.00,694.56,12718.72,352.37,2.500,0.59,50.0,0.20
8083.00,694.22,12721.20,352.37,2.500,0.59,50.0,0.20
8084.00,693.89,12723.68,352.37,2.500,0.59,50.0,0.20
8085.00,693.56,12726.15,352.38,2.500,0.59,50.0,0.20
8086.00,693.23,12728.63,352.38,2.500,0.59,50.0,0.20
8087.00,692.90,12731.11,352.38,2.500,0.59,50.0,0.20
8088.00,692.57,12733.59,352.39,2.500,0.59,50.0,0.20
8089.00,692.23,12736.07,352.39,2.500,0.59,50.0,0.20
8090.00,691.90,12738.54,352.39,2.500,0.59,50.0,0.20
8091.00,691.57,12741.02,352.40,2.500,0.58,50.0,0.20
8092.00,691.24,12743.50,352.40,2.500,0.58,50.0,0.20
8093.00,690.91,12745.98,352.40,2.500,0.58,50.0,0.20
8094.00,690.58,12748.46,352.41,2.500,0.58,50.0,0.20
8095.00,690.25,12750.93,352.41,2.500,0.58,50.0,0.20
8096.00,689.92,12753.41,352.41,2.500,0.58,50.0,0.20
8097.00,689.59,12755.89,352.42,2.500,0.58,50.0,0.20
8098.00,689.26,12758.37,352.42,2.500,0.58,50.0,0.20
8099.00,688.93,12760.85,352.42,2.500,0.58,50.0,0.20
8100.00,688.60,12763.32,352.43,2.500,0.58,50.0,0.20
8101.00,688.27,12765.80,352.43,2.500,0.58,50.0,0.20
8102.00,687.94,12768.28,352.43,2.500,0.58,50.0,0.20
8103.00,687.61,12770.76,352.44,2.500,0.58,50.0,0.20
8104.00,687.28,12773.24,352.44,2.500,0.58,50.0,0.20
8105.00,686.95,12775.72,352.44,2.500,0.58,50.0,0.20
8106.00,686.63,12778.19,352.45,2.500,0.58,50.0,0.20
8107.00,686.30,12780.67,352.45,2.500,0.58,50.0,0.20
8108.00,685.97,12783.15,352.45,2.500,0.58,50.0,0.20
8109.00,685.64,12785.63,352.46,2.500,0.58,50.0,0.20
8110.00,685.31,12788.11,352.46,2.500,0.58,50.0,0.20
8111.00,684.98,12790.59,352.46,2.500,0.58,50.0,0.20
8112.00,684.66,12793.06,352.47,2.500,0.58,50.0,0.20
8113.00,684.33,12795.54,352.47,2.500,0.58,50.0,0.20
8114.00,684.00,12798.02,352.47,2.500,0.58,50.0,0.20
8115.00,683.67,12800.50,352.48,2.500,0.58,50.0,0.20
8116.00,683.35,12802.98,352.48,2.500,0.58,50.0,0.20
8117.00,683.02,12805.46,352.48,2.500,0.58,50.0,0.20
8118.00,682.69,12807.93,352.49,2.500,0.58,50.0,0.20
8119.00,682.37,12810.41,352.49,2.500,0.58,50.0,0.20
8120.00,682.04,12812.89,352.49,2.500,0.58,50.0,0.20
8121.00,681.71,12815.37,352.50,2.500,0.58,50.0,0.20
8122.00,681.39,12817.85,352.50,2.500,0.58,50.0,0.20
8123.00,681.06,12820.33,352.51,2.500,0.58,50.0,0.20
8124.00,680.73,12822.81,352.51,2.500,0.58,50.0,0.20
8125.00,680.41,12825.29,352.51,2.500,0.58,50.0,0.20
8126.00,680.08,12827.76,352.52,2.500,0.58,50.0,0.20
8127.00,679.76,12830.24,352.52,2.500,0.58,50.0,0.20
8128.00,679.43,12832.72,352.52,2.500,0.58,50.0,0.20
8129.00,679.11,12835.20,352.52,2.500,0.58,50.0,0.20
8130.00,678.78,12837.68,352.53,2.500,0.57,50.0,0.20
8131.00,678.46,12840.16,352.53,2.500,0.57,50.0,0.20
8132.00,678.13,12842.64,352.53,2.500,0.57,50.0,0.20
8133.00,677.81,12845.12,352.54,2.500,0.57,50.0,0.20
8134.00,677.48,12847.59,352.54,2.500,0.57,50.0,0.20
8135.00,677.16,12850.07,352.54,2.500,0.57,50.0,0.20
8136.00,676.83,12852.55,352.55,2.500,0.57,50.0,0.20
8137.00,676.51,12855.03,352.55,2.500,0.57,50.0,0.20
8138.00,676.18,12857.51,352.55,2.500,0.57,50.0,0.20
8139.00,675.86,12859.99,352.56,2.500,0.57,50.0,0.20
8140.00,675.54,12862.47,352.56,2.500,0.57,50.0,0.20
8141.00,675.21,12864.95,352.56,2.500,0.57,50.0,0.20
8142.00,674.89,12867.43,352.57,2.500,0.57,50.0,0.20
8143.00,674.57,12869.90,352.57,2.500,0.57,50.0,0.20
8144.00,674.24,12872.38,352.57,2.500,0.57,50.0,0.20
8145.00,673.92,12874.86,352.58,2.500,0.57,50.0,0.20
8146.00,673.60,12877.34,352.58,2.500,0.57,50.0,0.20
8147.00,673.27,12879.82,352.58,2.500,0.57,50.0,0.20
8148.00,672.95,12882.30,352.59,2.500,0.57,50.0,0.20
8149.00,672.63,12884.78,352.59,2.500,0.57,50.0,0.20
8150.00,672.31,12887.26,352.59,2.500,0.57,50.0,0.20
8151.00,671.98,12889.74,352.60,2.500,0.57,50.0,0.20
8152.00,671.66,12892.22,352.60,2.500,0.57,50.0,0.20
8153.00,671.34,12894.70,352.60,2.500,0.57,50.0,0.20
8154.00,671.02,12897.17,352.61,2.500,0.57,50.0,0.20
8155.00,670.70,12899.65,352.61,2.500,0.57,50.0,0.20
8156.00,670.37,12902.13,352.61,2.500,0.57,50.0,0.20
8157.00,670.05,12904.61,352.62,2.500,0.57,50.0,0.20
8158.00,669.73,12907.09,352.62,2.500,0.57,50.0,0.20
8159.00,669.41,12909.57,352.62,2.500,0.57,50.0,0.20
8160.00,669.09,12912.05,352.63,2.500,0.57,50.0,0.20
8161.00,668.77,12914.53,352.63,2.500,0.57,50.0,0.20
8162.00,668.45,12917.01,352.63,2.500,0.57,50.0,0.20
8163.00,668.13,12919.49,352.64,2.500,0.57,50.0,0.20
8164.00,667.81,12921.97,352.64,2.500,0.57,50.0,0.20
8165.00,667.49,12924.45,352.64,2.500,0.57,50.0,0.20
8166.00,667.17,12926.93,352.65,2.500,0.56,50.0,0.20
8167.00,666.85,12929.41,352.65,2.500,0.56,50.0,0.20
8168.00,666.53,12931.89,352.65,2.500,0.56,50.0,0.20
8169.00,666.21,12934.36,352.66,2.500,0.56,50.0,0.20
8170.00,665.89,12936.84,352.66,2.500,0.56,50.0,0.20
8171.00,665.57,12939.32,352.66,2.500,0.56,50.0,0.20
8172.00,665.25,12941.80,352.67,2.500,0.56,50.0,0.20
8173.00,664.93,12944.28,352.67,2.500,0.56,50.0,0.20
8174.00,664.61,12946.76,352.67,2.500,0.56,50.0,0.20
8175.00,664.29,12949.24,352.68,2.500,0.56,50.0,0.20
8176.00,663.97,12951.72,352.68,2.500,0.56,50.0,0.20
8177.00,663.66,12954.20,352.68,2.500,0.56,50.0,0.20
8178.00,663.34,12956.68,352.69,2.500,0.56,50.0,0.20
8179.00,663.02,12959.16,352.69,2.500,0.56,50.0,0.20
8180.00,662.70,12961.64,352.69,2.500,0.56,50.0,0.20
8181.00,662.38,12964.12,352.70,2.500,0.56,50.0,0.20
8182.00,662.07,12966.60,352.70,2.500,0.56,50.0,0.19
8183.00,661.75,12969.08,352.70,2.500,0.56,50.0,0.19
8184.00,661.43,12971.56,352.71,2.500,0.56,50.0,0.19
8185.00,661.11,12974.04,352.71,2.500,0.56,50.0,0.19
8186.00,660.80,12976.52,352.71,2.500,0.56,50.0,0.19
8187.00,660.48,12979.00,352.72,2.500,0.56,50.0,0.19
8188.00,660.16,12981.48,352.72,2.500,0.56,50.0,0.19
8189.00,659.84,12983.96,352.72,2.500,0.56,50.0,0.19
8190.00,659.53,12986.44,352.73,2.500,0.56,50.0,0.19
8191.00,659.21,12988.92,352.73,2.500,0.56,50.0,0.19
8192.00,658.89,12991.40,352.73,2.500,0.56,50.0,0.19
8193.00,658.58,12993.88,352.73,2.500,0.56,50.0,0.19
8194.00,658.26,12996.36,352.74,2.500,0.56,50.0,0.19
8195.00,657.95,12998.84,352.74,2.500,0.56,50.0,0.19
8196.00,657.63,13001.32,352.74,2.500,0.56,50.0,0.19
8197.00,657.31,13003.80,352.75,2.500,0.56,50.0,0.19
8198.00,657.00,13006.28,352.75,2.500,0.56,50.0,0.19
8199.00,656.68,13008.76,352.75,2.500,0.56,50.0,0.19
8200.00,656.37,13011.24,352.76,2.500,0.56,50.0,0.19
8201.00,656.05,13013.72,352.76,2.500,0.56,50.0,0.19
8202.00,655.74,13016.20,352.76,2.500,0.56,50.0,0.19
8203.00,655.42,13018.68,352.77,2.500,0.56,50.0,0.19
8204.00,655.11,13021.16,352.77,2.500,0.56,50.0,0.19
8205.00,654.79,13023.64,352.77,2.500,0.55,50.0,0.19
8206.00,654.48,13026.12,352.78,2.500,0.55,50.0,0.19
8207.00,654.16,13028.60,352.78,2.500,0.55,50.0,0.19
8208.00,653.85,13031.08,352.78,2.500,0.55,50.0,0.19
8209.00,653.54,13033.56,352.79,2.500,0.55,50.0,0.19
8210.00,653.22,13036.04,352.79,2.500,0.55,50.0,0.19
8211.00,652.91,13038.52,352.79,2.500,0.55,50.0,0.19
8212.00,652.60,13041.00,352.80,2.500,0.55,50.0,0.19
8213.00,652.28,13043.48,352.80,2.500,0.55,50.0,0.19
8214.00,651.97,13045.96,352.80,2.500,0.55,50.0,0.19
8215.00,651.66,13048.44,352.81,2.500,0.55,50.0,0.19
8216.00,651.34,13050.92,352.81,2.500,0.55,50.0,0.19
8217.00,651.03,13053.40,352.81,2.500,0.55,50.0,0.19
8218.00,650.72,13055.88,352.82,2.500,0.55,50.0,0.19
8219.00,650.40,13058.36,352.82,2.500,0.55,50.0,0.19
8220.00,650.09,13060.84,352.82,2.500,0.55,50.0,0.19
8221.00,649.78,13063.32,352.82,2.500,0.55,50.0,0.19
8222.00,649.47,13065.80,352.83,2.500,0.55,50.0,0.19
8223.00,649.15,13068.28,352.83,2.500,0.55,50.0,0.19
8224.00,648.84,13070.76,352.83,2.500,0.55,50.0,0.19
8225.00,648.53,13073.24,352.84,2.500,0.55,50.0,0.19
8226.00,648.22,13075.72,352.84,2.500,0.55,50.0,0.19
8227.00,647.91,13078.21,352.84,2.500,0.55,50.0,0.19
8228.00,647.60,13080.69,352.85,2.500,0.55,50.0,0.19
8229.00,647.28,13083.17,352.85,2.500,0.55,50.0,0.19
8230.00,646.97,13085.65,352.85,2.500,0.55,50.0,0.19
8231.00,646.66,13088.13,352.86,2.500,0.55,50.0,0.19
8232.00,646.35,13090.61,352.86,2.500,0.55,50.0,0.19
8233.00,646.04,13093.09,352.86,2.500,0.55,50.0,0.19
8234.00,645.73,13095.57,352.87,2.500,0.55,50.0,0.19
8235.00,645.42,13098.05,352.87,2.500,0.55,50.0,0.19
8236.00,645.11,13100.53,352.87,2.500,0.55,50.0,0.19
8237.00,644.80,13103.01,352.88,2.500,0.55,50.0,0.19
8238.00,644.49,13105.49,352.88,2.500,0.55,50.0,0.19
8239.00,644.18,13107.97,352.88,2.500,0.55,50.0,0.19
8240.00,643.87,13110.45,352.89,2.500,0.55,50.0,0.19
8241.00,643.56,13112.93,352.89,2.500,0.55,50.0,0.19
8242.00,643.25,13115.41,352.89,2.500,0.55,50.0,0.19
8243.00,642.94,13117.90,352.89,2.500,0.55,50.0,0.19
8244.00,642.63,13120.38,352.90,2.500,0.55,50.0,0.19
8245.00,642.32,13122.86,352.90,2.500,0.55,50.0,0.19
8246.00,642.01,13125.34,352.90,2.500,0.55,50.0,0.19
8247.00,641.70,13127.82,352.91,2.500,0.54,50.0,0.19
8248.00,641.40,13130.30,352.91,2.500,0.54,50.0,0.19
8249.00,641.09,13132.78,352.91,2.500,0.54,50.0,0.19
8250.00,640.78,13135.26,352.92,2.500,0.54,50.0,0.19
8251.00,640.47,13137.74,352.92,2.500,0.54,50.0,0.19
8252.00,640.16,13140.22,352.92,2.500,0.54,50.0,0.19
8253.00,639.85,13142.70,352.93,2.500,0.54,50.0,0.19
8254.00,639.55,13145.19,352.93,2.500,0.54,50.0,0.19
8255.00,639.24,13147.67,352.93,2.500,0.54,50.0,0.19
8256.00,638.93,13150.15,352.94,2.500,0.54,50.0,0.19
8257.00,638.62,13152.63,352.94,2.500,0.54,50.0,0.19
8258.00,638.32,13155.11,352.94,2.500,0.54,50.0,0.19
8259.00,638.01,13157.59,352.95,2.500,0.54,50.0,0.19
8260.00,637.70,13160.07,352.95,2.500,0.54,50.0,0.19
8261.00,637.40,13162.55,352.95,2.500,0.54,50.0,0.19
8262.00,637.09,13165.03,352.95,2.500,0.54,50.0,0.19
8263.00,636.78,13167.51,352.96,2.500,0.54,50.0,0.19
8264.00,636.48,13170.00,352.96,2.500,0.54,50.0,0.19
8265.00,636.17,13172.48,352.96,2.500,0.54,50.0,0.19
8266.00,635.86,13174.96,352.97,2.500,0.54,50.0,0.19
8267.00,635.56,13177.44,352.97,2.500,0.54,50.0,0.19
8268.00,635.25,13179.92,352.97,2.500,0.54,50.0,0.19
8269.00,634.95,13182.40,352.98,2.500,0.54,50.0,0.19
8270.00,634.64,13184.88,352.98,2.500,0.54,50.0,0.19
8271.00,634.33,13187.36,352.98,2.500,0.54,50.0,0.19
8272.00,634.03,13189.85,352.99,2.500,0.54,50.0,0.19
8273.00,633.72,13192.33,352.99,2.500,0.54,50.0,0.19
8274.00,633.42,13194.81,352.99,2.500,0.54,50.0,0.19
8275.00,633.11,13197.29,353.00,2.500,0.54,50.0,0.19
8276.00,632.81,13199.77,353.00,2.500,0.54,50.0,0.19
8277.00,632.50,13202.25,353.00,2.500,0.54,50.0,0.19
8278.00,632.20,13204.73,353.00,2.500,0.54,50.0,0.19
8279.00,631.89,13207.22,353.01,2.500,0.54,50.0,0.19
8280.00,631.59,13209.70,353.01,2.500,0.54,50.0,0.19
8281.00,631.29,13212.18,353.01,2.500,0.54,50.0,0.19
8282.00,630.98,13214.66,353.02,2.500,0.54,50.0,0.19
8283.00,630.68,13217.14,353.02,2.500,0.54,50.0,0.19
8284.00,630.37,13219.62,353.02,2.500,0.54,50.0,0.19
8285.00,630.07,13222.10,353.03,2.500,0.54,50.0,0.19
8286.00,629.77,13224.59,353.03,2.500,0.53,50.0,0.19
8287.00,629.46,13227.07,353.03,2.500,0.53,50.0,0.19
8288.00,629.16,13229.55,353.04,2.500,0.53,50.0,0.19
8289.00,628.86,13232.03,353.04,2.500,0.53,50.0,0.19
8290.00,628.55,13234.51,353.04,2.500,0.53,50.0,0.19
8291.00,628.25,13236.99,353.04,2.500,0.53,50.0,0.19
8292.00,627.95,13239.47,353.05,2.500,0.53,50.0,0.19
8293.00,627.65,13241.96,353.05,2.500,0.53,50.0,0.19
8294.00,627.34,13244.44,353.05,2.500,0.53,50.0,0.19
8295.00,627.04,13246.92,353.06,2.500,0.53,50.0,0.19
8296.00,626.74,13249.40,353.06,2.500,0.53,50.0,0.19
8297.00,626.44,13251.88,353.06,2.500,0.53,50.0,0.18
8298.00,626.13,13254.36,353.07,2.500,0.53,50.0,0.18
8299.00,625.83,13256.85,353.07,2.500,0.53,50.0,0.18
8300.00,625.53,13259.33,353.07,2.500,0.53,50.0,0.18
8301.00,625.23,13261.81,353.08,2.500,0.53,50.0,0.18
8302.00,624.93,13264.29,353.08,2.500,0.53,50.0,0.18
8303.00,624.63,13266.77,353.08,2.500,0.53,50.0,0.18
8304.00,624.33,13269.26,353.08,2.500,0.53,50.0,0.18
8305.00,624.02,13271.74,353.09,2.500,0.53,50.0,0.18
8306.00,623.72,13274.22,353.09,2.500,0.53,50.0,0.18
8307.00,623.42,13276.70,353.09,2.500,0.53,50.0,0.18
8308.00,623.12,13279.18,353.10,2.500,0.53,50.0,0.18
8309.00,622.82,13281.66,353.10,2.500,0.53,50.0,0.18
8310.00,622.52,13284.15,353.10,2.500,0.53,50.0,0.18
8311.00,622.22,13286.63,353.11,2.500,0.53,50.0,0.18
8312.00,621.92,13289.11,353.11,2.500,0.53,50.0,0.18
8313.00,621.62,13291.59,353.11,2.500,0.53,50.0,0.18
8314.00,621.32,13294.07,353.12,2.500,0.53,50.0,0.18
8315.00,621.02,13296.56,353.12,2.500,0.53,50.0,0.18
8316.00,620.72,13299.04,353.12,2.500,0.53,50.0,0.18
8317.00,620.42,13301.52,353.12,2.500,0.53,50.0,0.18
8318.00,620.12,13304.00,353.13,2.500,0.53,50.0,0.18
8319.00,619.82,13306.48,353.13,2.500,0.53,50.0,0.18
8320.00,619.53,13308.97,353.13,2.500,0.53,50.0,0.18
8321.00,619.23,13311.45,353.14,2.500,0.53,50.0,0.18
8322.00,618.93,13313.93,353.14,2.500,0.53,50.0,0.18
8323.00,618.63,13316.41,353.14,2.500,0.53,50.0,0.18
8324.00,618.33,13318.89,353.15,2.500,0.53,50.0,0.18
8325.00,618.03,13321.38,353.15,2.500,0.53,50.0,0.18
8326.00,617.73,13323.86,353.15,2.500,0.53,50.0,0.18
8327.00,617.44,13326.34,353.16,2.500,0.53,50.0,0.18
8328.00,617.14,13328.82,353.16,2.500,0.52,50.0,0.18
8329.00,616.84,13331.31,353.16,2.500,0.52,50.0,0.18
8330.00,616.54,13333.79,353.16,2.500,0.52,50.0,0.18
8331.00,616.25,13336.27,353.17,2.500,0.52,50.0,0.18
8332.00,615.95,13338.75,353.17,2.500,0.52,50.0,0.18
8333.00,615.65,13341.23,353.17,2.500,0.52,50.0,0.18
8334.00,615.35,13343.72,353.18,2.500,0.52,50.0,0.18
8335.00,615.06,13346.20,353.18,2.500,0.52,50.0,0.18
8336.00,614.76,13348.68,353.18,2.500,0.52,50.0,0.18
8337.00,614.46,13351.16,353.19,2.500,0.52,50.0,0.18
8338.00,614.17,13353.65,353.19,2.500,0.52,50.0,0.18
8339.00,613.87,13356.13,353.19,2.500,0.52,50.0,0.18
8340.00,613.57,13358.61,353.19,2.500,0.52,50.0,0.18
8341.00,613.28,13361.09,353.20,2.500,0.52,50.0,0.18
8342.00,612.98,13363.58,353.20,2.500,0.52,50.0,0.18
8343.00,612.68,13366.06,353.20,2.500,0.52,50.0,0.18
8344.00,612.39,13368.54,353.21,2.500,0.52,50.0,0.18
8345.00,612.09,13371.02,353.21,2.500,0.52,50.0,0.18
8346.00,611.80,13373.50,353.21,2.500,0.52,50.0,0.18
8347.00,611.50,13375.99,353.22,2.500,0.52,50.0,0.18
8348.00,611.21,13378.47,353.22,2.500,0.52,50.0,0.18
8349.00,610.91,13380.95,353.22,2.500,0.52,50.0,0.18
8350.00,610.62,13383.43,353.22,2.500,0.52,50.0,0.18
8351.00,610.32,13385.92,353.23,2.500,0.52,50.0,0.18
8352.00,610.03,13388.40,353.23,2.500,0.52,50.0,0.18
8353.00,609.73,13390.88,353.23,2.500,0.52,50.0,0.18
8354.00,609.44,13393.37,353.24,2.500,0.52,50.0,0.18
8355.00,609.14,13395.85,353.24,2.500,0.52,50.0,0.18
8356.00,608.85,13398.33,353.24,2.500,0.52,50.0,0.18
8357.00,608.55,13400.81,353.25,2.500,0.52,50.0,0.18
8358.00,608.26,13403.30,353.25,2.500,0.52,50.0,0.18
8359.00,607.97,13405.78,353.25,2.500,0.52,50.0,0.18
8360.00,607.67,13408.26,353.25,2.500,0.52,50.0,0.18
8361.00,607.38,13410.74,353.26,2.500,0.52,50.0,0.18
8362.00,607.09,13413.23,353.26,2.500,0.52,50.0,0.18
8363.00,606.79,13415.71,353.26,2.500,0.52,50.0,0.18
8364.00,606.50,13418.19,353.27,2.500,0.52,50.0,0.18
8365.00,606.21,13420.67,353.27,2.500,0.52,50.0,0.18
8366.00,605.91,13423.16,353.27,2.500,0.52,50.0,0.18
8367.00,605.62,13425.64,353.28,2.500,0.52,50.0,0.18
8368.00,605.33,13428.12,353.28,2.500,0.52,50.0,0.18
8369.00,605.03,13430.61,353.28,2.500,0.52,50.0,0.18
8370.00,604.74,13433.09,353.28,2.500,0.51,50.0,0.18
8371.00,604.45,13435.57,353.29,2.500,0.51,50.0,0.18
8372.00,604.16,13438.05,353.29,2.500,0.51,50.0,0.18
8373.00,603.87,13440.54,353.29,2.500,0.51,50.0,0.18
8374.00,603.57,13443.02,353.30,2.500,0.51,50.0,0.18
8375.00,603.28,13445.50,353.30,2.500,0.51,50.0,0.18
8376.00,602.99,13447.99,353.30,2.500,0.51,50.0,0.18
8377.00,602.70,13450.47,353.31,2.500,0.51,50.0,0.18
8378.00,602.41,13452.95,353.31,2.500,0.51,50.0,0.18
8379.00,602.12,13455.43,353.31,2.500,0.51,50.0,0.18
8380.00,601.82,13457.92,353.31,2.500,0.51,50.0,0.18
8381.00,601.53,13460.40,353.32,2.500,0.51,50.0,0.18
8382.00,601.24,13462.88,353.32,2.500,0.51,50.0,0.18
8383.00,600.95,13465.37,353.32,2.500,0.51,50.0,0.18
8384.00,600.66,13467.85,353.33,2.500,0.51,50.0,0.18
8385.00,600.37,13470.33,353.33,2.500,0.51,50.0,0.18
8386.00,600.08,13472.82,353.33,2.500,0.51,50.0,0.18
8387.00,599.79,13475.30,353.33,2.500,0.51,50.0,0.18
8388.00,599.50,13477.78,353.34,2.500,0.51,50.0,0.18
8389.00,599.21,13480.27,353.34,2.500,0.51,50.0,0.18
8390.00,598.92,13482.75,353.34,2.500,0.51,50.0,0.18
8391.00,598.63,13485.23,353.35,2.500,0.51,50.0,0.18
8392.00,598.34,13487.71,353.35,2.500,0.51,50.0,0.18
8393.00,598.05,13490.20,353.35,2.500,0.51,50.0,0.18
8394.00,597.76,13492.68,353.36,2.500,0.51,50.0,0.18
8395.00,597.47,13495.16,353.36,2.500,0.51,50.0,0.18
8396.00,597.18,13497.65,353.36,2.500,0.51,50.0,0.18
8397.00,596.89,13500.13,353.36,2.500,0.51,50.0,0.18
8398.00,596.60,13502.61,353.37,2.500,0.51,50.0,0.18
8399.00,596.32,13505.10,353.37,2.500,0.51,50.0,0.18
8400.00,596.03,13507.58,353.37,2.500,0.51,50.0,0.18
8401.00,595.74,13510.06,353.38,2.500,0.51,50.0,0.18
8402.00,595.45,13512.55,353.38,2.500,0.51,50.0,0.18
8403.00,595.16,13515.03,353.38,2.500,0.51,50.0,0.18
8404.00,594.87,13517.51,353.39,2.500,0.51,50.0,0.18
8405.00,594.59,13520.00,353.39,2.500,0.51,50.0,0.18
8406.00,594.30,13522.48,353.39,2.500,0.51,50.0,0.18
8407.00,594.01,13524.96,353.39,2.500,0.51,50.0,0.18
8408.00,593.72,13527.45,353.40,2.500,0.51,50.0,0.18
8409.00,593.44,13529.93,353.40,2.500,0.51,50.0,0.18
8410.00,593.15,13532.41,353.40,2.500,0.51,50.0,0.18
8411.00,592.86,13534.90,353.41,2.500,0.51,50.0,0.18
8412.00,592.57,13537.38,353.41,2.500,0.50,50.0,0.18
8413.00,592.29,13539.86,353.41,2.500,0.50,50.0,0.18
8414.00,592.00,13542.35,353.41,2.500,0.50,50.0,0.18
8415.00,591.71,13544.83,353.42,2.500,0.50,50.0,0.18
8416.00,591.43,13547.32,353.42,2.500,0.50,50.0,0.18
8417.00,591.14,13549.80,353.42,2.500,0.50,50.0,0.18
8418.00,590.85,13552.28,353.43,2.500,0.50,50.0,0.18
8419.00,590.57,13554.77,353.43,2.500,0.50,50.0,0.17
8420.00,590.28,13557.25,353.43,2.500,0.50,50.0,0.17
8421.00,590.00,13559.73,353.43,2.500,0.50,50.0,0.17
8422.00,589.71,13562.22,353.44,2.500,0.50,50.0,0.17
8423.00,589.42,13564.70,353.44,2.500,0.50,50.0,0.17
8424.00,589.14,13567.18,353.44,2.500,0.50,50.0,0.17
8425.00,588.85,13569.67,353.45,2.500,0.50,50.0,0.17
8426.00,588.57,13572.15,353.45,2.500,0.50,50.0,0.17
8427.00,588.28,13574.63,353.45,2.500,0.50,50.0,0.17
8428.00,588.00,13577.12,353.46,2.500,0.50,50.0,0.17
8429.00,587.71,13579.60,353.46,2.500,0.50,50.0,0.17
8430.00,587.43,13582.09,353.46,2.500,0.50,50.0,0.17
8431.00,587.14,13584.57,353.46,2.500,0.50,50.0,0.17
8432.00,586.86,13587.05,353.47,2.500,0.50,50.0,0.17
8433.00,586.57,13589.54,353.47,2.500,0.50,50.0,0.17
8434.00,586.29,13592.02,353.47,2.500,0.50,50.0,0.17
8435.00,586.01,13594.50,353.48,2.500,0.50,50.0,0.17
8436.00,585.72,13596.99,353.48,2.500,0.50,50.0,0.17
8437.00,585.44,13599.47,353.48,2.500,0.50,50.0,0.17
8438.00,585.15,13601.96,353.48,2.500,0.50,50.0,0.17
8439.00,584.87,13604.44,353.49,2.500,0.50,50.0,0.17
8440.00,584.59,13606.92,353.49,2.500,0.50,50.0,0.17
8441.00,584.30,13609.41,353.49,2.500,0.50,50.0,0.17
8442.00,584.02,13611.89,353.50,2.500,0.50,50.0,0.17
8443.00,583.74,13614.38,353.50,2.500,0.50,50.0,0.17
8444.00,583.45,13616.86,353.50,2.500,0.50,50.0,0.17
8445.00,583.17,13619.34,353.50,2.500,0.50,50.0,0.17
8446.00,582.89,13621.83,353.51,2.500,0.50,50.0,0.17
8447.00,582.60,13624.31,353.51,2.500,0.50,50.0,0.17
8448.00,582.32,13626.80,353.51,2.500,0.50,50.0,0.17
8449.00,582.04,13629.28,353.52,2.500,0.50,50.0,0.17
8450.00,581.76,13631.76,353.52,2.500,0.50,50.0,0.17
8451.00,581.48,13634.25,353.52,2.500,0.50,50.0,0.17
8452.00,581.19,13636.73,353.52,2.500,0.50,50.0,0.17
8453.00,580.91,13639.22,353.53,2.500,0.50,50.0,0.17
8454.00,580.63,13641.70,353.53,2.500,0.50,50.0,0.17
8455.00,580.35,13644.18,353.53,2.500,0.50,50.0,0.17
8456.00,580.07,13646.67,353.54,2.500,0.50,50.0,0.17
8457.00,579.78,13649.15,353.54,2.500,0.49,50.0,0.17
8458.00,579.50,13651.64,353.54,2.500,0.49,50.0,0.17
8459.00,579.22,13654.12,353.54,2.500,0.49,50.0,0.17
8460.00,578.94,13656.60,353.55,2.500,0.49,50.0,0.17
8461.00,578.66,13659.09,353.55,2.500,0.49,50.0,0.17
8462.00,578.38,13661.57,353.55,2.500,0.49,50.0,0.17
8463.00,578.10,13664.06,353.56,2.500,0.49,50.0,0.17
8464.00,577.82,13666.54,353.56,2.500,0.49,50.0,0.17
8465.00,577.54,13669.03,353.56,2.500,0.49,50.0,0.17
8466.00,577.26,13671.51,353.56,2.500,0.49,50.0,0.17
8467.00,576.98,13673.99,353.57,2.500,0.49,50.0,0.17
8468.00,576.70,13676.48,353.57,2.500,0.49,50.0,0.17
8469.00,576.42,13678.96,353.57,2.500,0.49,50.0,0.17
8470.00,576.14,13681.45,353.58,2.500,0.49,50.0,0.17
8471.00,575.86,13683.93,353.58,2.500,0.49,50.0,0.17
8472.00,575.58,13686.42,353.58,2.500,0.49,50.0,0.17
8473.00,575.30,13688.90,353.58,2.500,0.49,50.0,0.17
8474.00,575.02,13691.38,353.59,2.500,0.49,50.0,0.17
8475.00,574.74,13693.87,353.59,2.500,0.49,50.0,0.17
8476.00,574.46,13696.35,353.59,2.500,0.49,50.0,0.17
8477.00,574.18,13698.84,353.60,2.500,0.49,50.0,0.17
8478.00,573.90,13701.32,353.60,2.500,0.49,50.0,0.17
8479.00,573.62,13703.81,353.60,2.500,0.49,50.0,0.17
8480.00,573.35,13706.29,353.60,2.500,0.49,50.0,0.17
8481.00,573.07,13708.77,353.61,2.500,0.49,50.0,0.17
8482.00,572.79,13711.26,353.61,2.500,0.49,50.0,0.17
8483.00,572.51,13713.74,353.61,2.500,0.49,50.0,0.17
8484.00,572.23,13716.23,353.62,2.500,0.49,50.0,0.17
8485.00,571.95,13718.71,353.62,2.500,0.49,50.0,0.17
8486.00,571.68,13721.20,353.62,2.500,0.49,50.0,0.17
8487.00,571.40,13723.68,353.62,2.500,0.49,50.0,0.17
8488.00,571.12,13726.17,353.63,2.500,0.49,50.0,0.17
8489.00,570.84,13728.65,353.63,2.500,0.49,50.0,0.17
8490.00,570.57,13731.14,353.63,2.500,0.49,50.0,0.17
8491.00,570.29,13733.62,353.64,2.500,0.49,50.0,0.17
8492.00,570.01,13736.10,353.64,2.500,0.49,50.0,0.17
8493.00,569.73,13738.59,353.64,2.500,0.49,50.0,0.17
8494.00,569.46,13741.07,353.64,2.500,0.49,50.0,0.17
8495.00,569.18,13743.56,353.65,2.500,0.49,50.0,0.17
8496.00,568.90,13746.04,353.65,2.500,0.49,50.0,0.17
8497.00,568.63,13748.53,353.65,2.500,0.49,50.0,0.17
8498.00,568.35,13751.01,353.66,2.500,0.49,50.0,0.17
8499.00,568.08,13753.50,353.66,2.500,0.49,50.0,0.17
8500.00,567.80,13755.98,353.66,2.500,0.49,50.0,0.17
8501.00,567.52,13758.47,353.66,2.500,0.49,50.0,0.17
8502.00,567.25,13760.95,353.67,2.500,0.48,50.0,0.17
8503.00,566.97,13763.44,353.67,2.500,0.48,50.0,0.17
8504.00,566.70,13765.92,353.67,2.500,0.48,50.0,0.17
8505.00,566.42,13768.41,353.67,2.500,0.48,50.0,0.17
8506.00,566.14,13770.89,353.68,2.500,0.48,50.0,0.17
8507.00,565.87,13773.37,353.68,2.500,0.48,50.0,0.17
8508.00,565.59,13775.86,353.68,2.500,0.48,50.0,0.17
8509.00,565.32,13778.34,353.69,2.500,0.48,50.0,0.17
8510.00,565.04,13780.83,353.69,2.500,0.48,50.0,0.17
8511.00,564.77,13783.31,353.69,2.500,0.48,50.0,0.17
8512.00,564.49,13785.80,353.69,2.500,0.48,50.0,0.17
8513.00,564.22,13788.28,353.70,2.500,0.48,50.0,0.17
8514.00,563.95,13790.77,353.70,2.500,0.48,50.0,0.17
8515.00,563.67,13793.25,353.70,2.500,0.48,50.0,0.17
8516.00,563.40,13795.74,353.71,2.500,0.48,50.0,0.17
8517.00,563.12,13798.22,353.71,2.500,0.48,50.0,0.17
8518.00,562.85,13800.71,353.71,2.500,0.48,50.0,0.17
8519.00,562.58,13803.19,353.71,2.500,0.48,50.0,0.17
8520.00,562.30,13805.68,353.72,2.500,0.48,50.0,0.17
8521.00,562.03,13808.16,353.72,2.500,0.48,50.0,0.17
8522.00,561.75,13810.65,353.72,2.500,0.48,50.0,0.17
8523.00,561.48,13813.13,353.73,2.500,0.48,50.0,0.17
8524.00,561.21,13815.62,353.73,2.500,0.48,50.0,0.17
8525.00,560.93,13818.10,353.73,2.500,0.48,50.0,0.17
8526.00,560.66,13820.59,353.73,2.500,0.48,50.0,0.17
8527.00,560.39,13823.07,353.74,2.500,0.48,50.0,0.17
8528.00,560.12,13825.56,353.74,2.500,0.48,50.0,0.17
8529.00,559.84,13828.04,353.74,2.500,0.48,50.0,0.17
8530.00,559.57,13830.53,353.74,2.500,0.48,50.0,0.17
8531.00,559.30,13833.01,353.75,2.500,0.48,50.0,0.17
8532.00,559.03,13835.50,353.75,2.500,0.48,50.0,0.17
8533.00,558.75,13837.98,353.75,2.500,0.48,50.0,0.17
8534.00,558.48,13840.47,353.76,2.500,0.48,50.0,0.17
8535.00,558.21,13842.95,353.76,2.500,0.48,50.0,0.17
8536.00,557.94,13845.44,353.76,2.500,0.48,50.0,0.17
8537.00,557.67,13847.92,353.76,2.500,0.48,50.0,0.17
8538.00,557.39,13850.41,353.77,2.500,0.48,50.0,0.17
8539.00,557.12,13852.90,353.77,2.500,0.48,50.0,0.17
8540.00,556.85,13855.38,353.77,2.500,0.48,50.0,0.17
8541.00,556.58,13857.87,353.77,2.500,0.48,50.0,0.17
8542.00,556.31,13860.35,353.78,2.500,0.48,50.0,0.17
8543.00,556.04,13862.84,353.78,2.500,0.48,50.0,0.17
8544.00,555.77,13865.32,353.78,2.500,0.48,50.0,0.17
8545.00,555.50,13867.81,353.79,2.500,0.48,50.0,0.17
8546.00,555.23,13870.29,353.79,2.500,0.48,50.0,0.17
8547.00,554.96,13872.78,353.79,2.500,0.47,50.0,0.17
8548.00,554.69,13875.26,353.79,2.500,0.47,50.0,0.16
8549.00,554.42,13877.75,353.80,2.500,0.47,50.0,0.16
8550.00,554.15,13880.23,353.80,2.500,0.47,50.0,0.16
8551.00,553.88,13882.72,353.80,2.500,0.47,50.0,0.16
8552.00,553.61,13885.20,353.81,2.500,0.47,50.0,0.16
8553.00,553.34,13887.69,353.81,2.500,0.47,50.0,0.16
8554.00,553.07,13890.18,353.81,2.500,0.47,50.0,0.16
8555.00,552.80,13892.66,353.81,2.500,0.47,50.0,0.16
8556.00,552.53,13895.15,353.82,2.500,0.47,50.0,0.16
8557.00,552.26,13897.63,353.82,2.500,0.47,50.0,0.16
8558.00,551.99,13900.12,353.82,2.500,0.47,50.0,0.16
8559.00,551.72,13902.60,353.82,2.500,0.47,50.0,0.16
8560.00,551.45,13905.09,353.83,2.500,0.47,50.0,0.16
8561.00,551.18,13907.57,353.83,2.500,0.47,50.0,0.16
8562.00,550.91,13910.06,353.83,2.500,0.47,50.0,0.16
8563.00,550.64,13912.54,353.84,2.500,0.47,50.0,0.16
8564.00,550.38,13915.03,353.84,2.500,0.47,50.0,0.16
8565.00,550.11,13917.52,353.84,2.500,0.47,50.0,0.16
8566.00,549.84,13920.00,353.84,2.500,0.47,50.0,0.16
8567.00,549.57,13922.49,353.85,2.500,0.47,50.0,0.16
8568.00,549.30,13924.97,353.85,2.500,0.47,50.0,0.16
8569.00,549.04,13927.46,353.85,2.500,0.47,50.0,0.16
8570.00,548.77,13929.94,353.85,2.500,0.47,50.0,0.16
8571.00,548.50,13932.43,353.86,2.500,0.47,50.0,0.16
8572.00,548.23,13934.91,353.86,2.500,0.47,50.0,0.16
8573.00,547.97,13937.40,353.86,2.500,0.47,50.0,0.16
8574.00,547.70,13939.89,353.87,2.500,0.47,50.0,0.16
8575.00,547.43,13942.37,353.87,2.500,0.47,50.0,0.16
8576.00,547.16,13944.86,353.87,2.500,0.47,50.0,0.16
8577.00,546.90,13947.34,353.87,2.500,0.47,50.0,0.16
8578.00,546.63,13949.83,353.88,2.500,0.47,50.0,0.16
8579.00,546.36,13952.31,353.88,2.500,0.47,50.0,0.16
8580.00,546.10,13954.80,353.88,2.500,0.47,50.0,0.16
8581.00,545.83,13957.29,353.88,2.500,0.47,50.0,0.16
8582.00,545.56,13959.77,353.89,2.500,0.47,50.0,0.16
8583.00,545.30,13962.26,353.89,2.500,0.47,50.0,0.16
8584.00,545.03,13964.74,353.89,2.500,0.47,50.0,0.16
8585.00,544.77,13967.23,353.89,2.500,0.47,50.0,0.16
8586.00,544.50,13969.72,353.90,2.500,0.47,50.0,0.16
8587.00,544.23,13972.20,353.90,2.500,0.47,50.0,0.16
8588.00,543.97,13974.69,353.90,2.500,0.47,50.0,0.16
8589.00,543.70,13977.17,353.91,2.500,0.47,50.0,0.16
8590.00,543.44,13979.66,353.91,2.500,0.47,50.0,0.16
8591.00,543.17,13982.14,353.91,2.500,0.47,50.0,0.16
8592.00,542.91,13984.63,353.91,2.500,0.47,50.0,0.16
8593.00,542.64,13987.12,353.92,2.500,0.47,50.0,0.16
8594.00,542.38,13989.60,353.92,2.500,0.47,50.0,0.16
8595.00,542.11,13992.09,353.92,2.500,0.46,50.0,0.16
8596.00,541.85,13994.57,353.92,2.500,0.46,50.0,0.16
8597.00,541.58,13997.06,353.93,2.500,0.46,50.0,0.16
8598.00,541.32,13999.55,353.93,2.500,0.46,50.0,0.16
8599.00,541.05,14002.03,353.93,2.500,0.46,50.0,0.16
8600.00,540.79,14004.52,353.94,2.500,0.46,50.0,0.16
8601.00,540.53,14007.00,353.94,2.500,0.46,50.0,0.16
8602.00,540.26,14009.49,353.94,2.500,0.46,50.0,0.16
8603.00,540.00,14011.98,353.94,2.500,0.46,50.0,0.16
8604.00,539.73,14014.46,353.95,2.500,0.46,50.0,0.16
8605.00,539.47,14016.95,353.95,2.500,0.46,50.0,0.16
8606.00,539.21,14019.43,353.95,2.500,0.46,50.0,0.16
8607.00,538.94,14021.92,353.95,2.500,0.46,50.0,0.16
8608.00,538.68,14024.41,353.96,2.500,0.46,50.0,0.16
8609.00,538.42,14026.89,353.96,2.500,0.46,50.0,0.16
8610.00,538.15,14029.38,353.96,2.500,0.46,50.0,0.16
8611.00,537.89,14031.86,353.96,2.500,0.46,50.0,0.16
8612.00,537.63,14034.35,353.97,2.500,0.46,50.0,0.16
8613.00,537.37,14036.84,353.97,2.500,0.46,50.0,0.16
8614.00,537.10,14039.32,353.97,2.500,0.46,50.0,0.16
8615.00,536.84,14041.81,353.98,2.500,0.46,50.0,0.16
8616.00,536.58,14044.30,353.98,2.500,0.46,50.0,0.16
8617.00,536.32,14046.78,353.98,2.500,0.46,50.0,0.16
8618.00,536.05,14049.27,353.98,2.500,0.46,50.0,0.16
8619.00,535.79,14051.75,353.99,2.500,0.46,50.0,0.16
8620.00,535.53,14054.24,353.99,2.500,0.46,50.0,0.16
8621.00,535.27,14056.73,353.99,2.500,0.46,50.0,0.16
8622.00,535.01,14059.21,353.99,2.500,0.46,50.0,0.16
8623.00,534.74,14061.70,354.00,2.500,0.46,50.0,0.16
8624.00,534.48,14064.19,354.00,2.500,0.46,50.0,0.16
8625.00,534.22,14066.67,354.00,2.500,0.46,50.0,0.16
8626.00,533.96,14069.16,354.00,2.500,0.46,50.0,0.16
8627.00,533.70,14071.64,354.01,2.500,0.46,50.0,0.16
8628.00,533.44,14074.13,354.01,2.500,0.46,50.0,0.16
8629.00,533.18,14076.62,354.01,2.500,0.46,50.0,0.16
8630.00,532.92,14079.10,354.02,2.500,0.46,50.0,0.16
8631.00,532.66,14081.59,354.02,2.500,0.46,50.0,0.16
8632.00,532.40,14084.08,354.02,2.500,0.46,50.0,0.16
8633.00,532.13,14086.56,354.02,2.500,0.46,50.0,0.16
8634.00,531.87,14089.05,354.03,2.500,0.46,50.0,0.16
8635.00,531.61,14091.54,354.03,2.500,0.46,50.0,0.16
8636.00,531.35,14094.02,354.03,2.500,0.46,50.0,0.16
8637.00,531.09,14096.51,354.03,2.500,0.46,50.0,0.16
8638.00,530.83,14098.99,354.04,2.500,0.46,50.0,0.16
8639.00,530.57,14101.48,354.04,2.500,0.46,50.0,0.16
8640.00,530.31,14103.97,354.04,2.500,0.45,50.0,0.16
8641.00,530.06,14106.45,354.04,2.500,0.45,50.0,0.16
8642.00,529.80,14108.94,354.05,2.500,0.45,50.0,0.16
8643.00,529.54,14111.43,354.05,2.500,0.45,50.0,0.16
8644.00,529.28,14113.91,354.05,2.500,0.45,50.0,0.16
8645.00,529.02,14116.40,354.05,2.500,0.45,50.0,0.16
8646.00,528.76,14118.89,354.06,2.500,0.45,50.0,0.16
8647.00,528.50,14121.37,354.06,2.500,0.45,50.0,0.16
8648.00,528.24,14123.86,354.06,2.500,0.45,50.0,0.16
8649.00,527.98,14126.35,354.07,2.500,0.45,50.0,0.16
8650.00,527.72,14128.83,354.07,2.500,0.45,50.0,0.16
8651.00,527.47,14131.32,354.07,2.500,0.45,50.0,0.16
8652.00,527.21,14133.81,354.07,2.500,0.45,50.0,0.16
8653.00,526.95,14136.29,354.08,2.500,0.45,50.0,0.16
8654.00,526.69,14138.78,354.08,2.500,0.45,50.0,0.16
8655.00,526.43,14141.27,354.08,2.500,0.45,50.0,0.16
8656.00,526.18,14143.75,354.08,2.500,0.45,50.0,0.16
8657.00,525.92,14146.24,354.09,2.500,0.45,50.0,0.16
8658.00,525.66,14148.73,354.09,2.500,0.45,50.0,0.16
8659.00,525.40,14151.21,354.09,2.500,0.45,50.0,0.16
8660.00,525.15,14153.70,354.09,2.500,0.45,50.0,0.16
8661.00,524.89,14156.19,354.10,2.500,0.45,50.0,0.16
8662.00,524.63,14158.67,354.10,2.500,0.45,50.0,0.16
8663.00,524.38,14161.16,354.10,2.500,0.45,50.0,0.16
8664.00,524.12,14163.65,354.10,2.500,0.45,50.0,0.16
8665.00,523.86,14166.13,354.11,2.500,0.45,50.0,0.16
8666.00,523.60,14168.62,354.11,2.500,0.45,50.0,0.16
8667.00,523.35,14171.11,354.11,2.500,0.45,50.0,0.16
8668.00,523.09,14173.59,354.12,2.500,0.45,50.0,0.16
8669.00,522.84,14176.08,354.12,2.500,0.45,50.0,0.16
8670.00,522.58,14178.57,354.12,2.500,0.45,50.0,0.16
8671.00,522.32,14181.05,354.12,2.500,0.45,50.0,0.16
8672.00,522.07,14183.54,354.13,2.500,0.45,50.0,0.16
8673.00,521.81,14186.03,354.13,2.500,0.45,50.0,0.16
8674.00,521.56,14188.52,354.13,2.500,0.45,50.0,0.16
8675.00,521.30,14191.00,354.13,2.500,0.45,50.0,0.16
8676.00,521.04,14193.49,354.14,2.500,0.45,50.0,0.16
8677.00,520.79,14195.98,354.14,2.500,0.45,50.0,0.16
8678.00,520.53,14198.46,354.14,2.500,0.45,50.0,0.16
8679.00,520.28,14200.95,354.14,2.500,0.45,50.0,0.16
8680.00,520.02,14203.44,354.15,2.500,0.45,50.0,0.16
8681.00,519.77,14205.92,354.15,2.500,0.45,50.0,0.16
8682.00,519.51,14208.41,354.15,2.500,0.45,50.0,0.16
8683.00,519.26,14210.90,354.15,2.500,0.45,50.0,0.16
8684.00,519.00,14213.38,354.16,2.500,0.45,50.0,0.16
8685.00,518.75,14215.87,354.16,2.500,0.45,50.0,0.15
8686.00,518.50,14218.36,354.16,2.500,0.45,50.0,0.15
8687.00,518.24,14220.85,354.16,2.500,0.45,50.0,0.15
8688.00,517.99,14223.33,354.17,2.500,0.45,50.0,0.15
8689.00,517.73,14225.82,354.17,2.500,0.45,50.0,0.15
8690.00,517.48,14228.31,354.17,2.500,0.45,50.0,0.15
8691.00,517.22,14230.79,354.17,2.500,0.44,50.0,0.15
8692.00,516.97,14233.28,354.18,2.500,0.44,50.0,0.15
8693.00,516.72,14235.77,354.18,2.500,0.44,50.0,0.15
8694.00,516.46,14238.26,354.18,2.500,0.44,50.0,0.15
8695.00,516.21,14240.74,354.18,2.500,0.44,50.0,0.15
8696.00,515.96,14243.23,354.19,2.500,0.44,50.0,0.15
8697.00,515.70,14245.72,354.19,2.500,0.44,50.0,0.15
8698.00,515.45,14248.20,354.19,2.500,0.44,50.0,0.15
8699.00,515.20,14250.69,354.20,2.500,0.44,50.0,0.15
8700.00,514.95,14253.18,354.20,2.500,0.44,50.0,0.15
8701.00,514.69,14255.67,354.20,2.500,0.44,50.0,0.15
8702.00,514.44,14258.15,354.20,2.500,0.44,50.0,0.15
8703.00,514.19,14260.64,354.21,2.500,0.44,50.0,0.15
8704.00,513.93,14263.13,354.21,2.500,0.44,50.0,0.15
8705.00,513.68,14265.61,354.21,2.500,0.44,50.0,0.15
8706.00,513.43,14268.10,354.21,2.500,0.44,50.0,0.15
8707.00,513.18,14270.59,354.22,2.500,0.44,50.0,0.15
8708.00,512.93,14273.08,354.22,2.500,0.44,50.0,0.15
8709.00,512.67,14275.56,354.22,2.500,0.44,50.0,0.15
8710.00,512.42,14278.05,354.22,2.500,0.44,50.0,0.15
8711.00,512.17,14280.54,354.23,2.500,0.44,50.0,0.15
8712.00,511.92,14283.03,354.23,2.500,0.44,50.0,0.15
8713.00,511.67,14285.51,354.23,2.500,0.44,50.0,0.15
8714.00,511.42,14288.00,354.23,2.500,0.44,50.0,0.15
8715.00,511.17,14290.49,354.24,2.500,0.44,50.0,0.15
8716.00,510.91,14292.97,354.24,2.500,0.44,50.0,0.15
8717.00,510.66,14295.46,354.24,2.500,0.44,50.0,0.15
8718.00,510.41,14297.95,354.24,2.500,0.44,50.0,0.15
8719.00,510.16,14300.44,354.25,2.500,0.44,50.0,0.15
8720.00,509.91,14302.92,354.25,2.500,0.44,50.0,0.15
8721.00,509.66,14305.41,354.25,2.500,0.44,50.0,0.15
8722.00,509.41,14307.90,354.25,2.500,0.44,50.0,0.15
8723.00,509.16,14310.39,354.26,2.500,0.44,50.0,0.15
8724.00,508.91,14312.87,354.26,2.500,0.44,50.0,0.15
8725.00,508.66,14315.36,354.26,2.500,0.44,50.0,0.15
8726.00,508.41,14317.85,354.26,2.500,0.44,50.0,0.15
8727.00,508.16,14320.34,354.27,2.500,0.44,50.0,0.15
8728.00,507.91,14322.82,354.27,2.500,0.44,50.0,0.15
8729.00,507.66,14325.31,354.27,2.500,0.44,50.0,0.15
8730.00,507.41,14327.80,354.27,2.500,0.44,50.0,0.15
8731.00,507.16,14330.29,354.28,2.500,0.44,50.0,0.15
8732.00,506.91,14332.77,354.28,2.500,0.44,50.0,0.15
8733.00,506.66,14335.26,354.28,2.500,0.44,50.0,0.15
8734.00,506.41,14337.75,354.28,2.500,0.44,50.0,0.15
8735.00,506.17,14340.24,354.29,2.500,0.44,50.0,0.15
8736.00,505.92,14342.72,354.29,2.500,0.44,50.0,0.15
8737.00,505.67,14345.21,354.29,2.500,0.44,50.0,0.15
8738.00,505.42,14347.70,354.29,2.500,0.44,50.0,0.15
8739.00,505.17,14350.19,354.30,2.500,0.43,50.0,0.15
8740.00,504.92,14352.67,354.30,2.500,0.43,50.0,0.15
8741.00,504.67,14355.16,354.30,2.500,0.43,50.0,0.15
8742.00,504.43,14357.65,354.30,2.500,0.43,50.0,0.15
8743.00,504.18,14360.14,354.31,2.500,0.43,50.0,0.15
8744.00,503.93,14362.63,354.31,2.500,0.43,50.0,0.15
8745.00,503.68,14365.11,354.31,2.500,0.43,50.0,0.15
8746.00,503.43,14367.60,354.31,2.500,0.43,50.0,0.15
8747.00,503.19,14370.09,354.32,2.500,0.43,50.0,0.15
8748.00,502.94,14372.58,354.32,2.500,0.43,50.0,0.15
8749.00,502.69,14375.06,354.32,2.500,0.43,50.0,0.15
8750.00,502.44,14377.55,354.32,2.500,0.43,50.0,0.15
8751.00,502.20,14380.04,354.33,2.500,0.43,50.0,0.15
8752.00,501.95,14382.53,354.33,2.500,0.43,50.0,0.15
8753.00,501.70,14385.01,354.33,2.500,0.43,50.0,0.15
8754.00,501.46,14387.50,354.33,2.500,0.43,50.0,0.15
8755.00,501.21,14389.99,354.34,2.500,0.43,50.0,0.15
8756.00,500.96,14392.48,354.34,2.500,0.43,50.0,0.15
8757.00,500.72,14394.97,354.34,2.500,0.43,50.0,0.15
8758.00,500.47,14397.45,354.34,2.500,0.43,50.0,0.15
8759.00,500.22,14399.94,354.35,2.500,0.43,50.0,0.15
8760.00,499.98,14402.43,354.35,2.500,0.43,50.0,0.15
8761.00,499.73,14404.92,354.35,2.500,0.43,50.0,0.15
8762.00,499.48,14407.41,354.35,2.500,0.43,50.0,0.15
8763.00,499.24,14409.89,354.36,2.500,0.43,50.0,0.15
8764.00,498.99,14412.38,354.36,2.500,0.43,50.0,0.15
8765.00,498.75,14414.87,354.36,2.500,0.43,50.0,0.15
8766.00,498.50,14417.36,354.36,2.500,0.43,50.0,0.15
8767.00,498.26,14419.84,354.37,2.500,0.43,50.0,0.15
8768.00,498.01,14422.33,354.37,2.500,0.43,50.0,0.15
8769.00,497.76,14424.82,354.37,2.500,0.43,50.0,0.15
8770.00,497.52,14427.31,354.37,2.500,0.43,50.0,0.15
8771.00,497.27,14429.80,354.38,2.500,0.43,50.0,0.15
8772.00,497.03,14432.28,354.38,2.500,0.43,50.0,0.15
8773.00,496.78,14434.77,354.38,2.500,0.43,50.0,0.15
8774.00,496.54,14437.26,354.38,2.500,0.43,50.0,0.15
8775.00,496.30,14439.75,354.39,2.500,0.43,50.0,0.15
8776.00,496.05,14442.24,354.39,2.500,0.43,50.0,0.15
8777.00,495.81,14444.72,354.39,2.500,0.43,50.0,0.15
8778.00,495.56,14447.21,354.39,2.500,0.43,50.0,0.15
8779.00,495.32,14449.70,354.40,2.500,0.43,50.0,0.15
8780.00,495.07,14452.19,354.40,2.500,0.43,50.0,0.15
8781.00,494.83,14454.68,354.40,2.500,0.43,50.0,0.15
8782.00,494.59,14457.16,354.40,2.500,0.43,50.0,0.15
8783.00,494.34,14459.65,354.41,2.500,0.43,50.0,0.15
8784.00,494.10,14462.14,354.41,2.500,0.43,50.0,0.15
8785.00,493.85,14464.63,354.41,2.500,0.43,50.0,0.15
8786.00,493.61,14467.12,354.41,2.500,0.43,50.0,0.15
8787.00,493.37,14469.61,354.42,2.500,0.43,50.0,0.15
8788.00,493.12,14472.09,354.42,2.500,0.43,50.0,0.15
8789.00,492.88,14474.58,354.42,2.500,0.43,50.0,0.15
8790.00,492.64,14477.07,354.42,2.500,0.42,50.0,0.15
8791.00,492.40,14479.56,354.43,2.500,0.42,50.0,0.15
8792.00,492.15,14482.05,354.43,2.500,0.42,50.0,0.15
8793.00,491.91,14484.53,354.43,2.500,0.42,50.0,0.15
8794.00,491.67,14487.02,354.43,2.500,0.42,50.0,0.15
8795.00,491.42,14489.51,354.44,2.500,0.42,50.0,0.15
8796.00,491.18,14492.00,354.44,2.500,0.42,50.0,0.15
8797.00,490.94,14494.49,354.44,2.500,0.42,50.0,0.15
8798.00,490.70,14496.98,354.44,2.500,0.42,50.0,0.15
8799.00,490.46,14499.46,354.45,2.500,0.42,50.0,0.15
8800.00,490.21,14501.95,354.45,2.500,0.42,50.0,0.15
8801.00,489.97,14504.44,354.45,2.500,0.42,50.0,0.15
8802.00,489.73,14506.93,354.45,2.500,0.42,50.0,0.15
8803.00,489.49,14509.42,354.46,2.500,0.42,50.0,0.15
8804.00,489.25,14511.91,354.46,2.500,0.42,50.0,0.15
8805.00,489.01,14514.39,354.46,2.500,0.42,50.0,0.15
8806.00,488.76,14516.88,354.46,2.500,0.42,50.0,0.15
8807.00,488.52,14519.37,354.47,2.500,0.42,50.0,0.15
8808.00,488.28,14521.86,354.47,2.500,0.42,50.0,0.15
8809.00,488.04,14524.35,354.47,2.500,0.42,50.0,0.15
8810.00,487.80,14526.84,354.47,2.500,0.42,50.0,0.15
8811.00,487.56,14529.32,354.48,2.500,0.42,50.0,0.15
8812.00,487.32,14531.81,354.48,2.500,0.42,50.0,0.15
8813.00,487.08,14534.30,354.48,2.500,0.42,50.0,0.15
8814.00,486.84,14536.79,354.48,2.500,0.42,50.0,0.15
8815.00,486.60,14539.28,354.48,2.500,0.42,50.0,0.15
8816.00,486.36,14541.77,354.49,2.500,0.42,50.0,0.15
8817.00,486.12,14544.25,354.49,2.500,0.42,50.0,0.15
8818.00,485.88,14546.74,354.49,2.500,0.42,50.0,0.15
8819.00,485.64,14549.23,354.49,2.500,0.42,50.0,0.15
8820.00,485.40,14551.72,354.50,2.500,0.42,50.0,0.15
8821.00,485.16,14554.21,354.50,2.500,0.42,50.0,0.15
8822.00,484.92,14556.70,354.50,2.500,0.42,50.0,0.15
8823.00,484.68,14559.18,354.50,2.500,0.42,50.0,0.15
8824.00,484.44,14561.67,354.51,2.500,0.42,50.0,0.15
8825.00,484.20,14564.16,354.51,2.500,0.42,50.0,0.15
8826.00,483.96,14566.65,354.51,2.500,0.42,50.0,0.15
8827.00,483.72,14569.14,354.51,2.500,0.42,50.0,0.15
8828.00,483.48,14571.63,354.52,2.500,0.42,50.0,0.15
8829.00,483.24,14574.12,354.52,2.500,0.42,50.0,0.15
8830.00,483.00,14576.60,354.52,2.500,0.42,50.0,0.14
8831.00,482.77,14579.09,354.52,2.500,0.42,50.0,0.14
8832.00,482.53,14581.58,354.53,2.500,0.42,50.0,0.14
8833.00,482.29,14584.07,354.53,2.500,0.42,50.0,0.14
8834.00,482.05,14586.56,354.53,2.500,0.42,50.0,0.14
8835.00,481.81,14589.05,354.53,2.500,0.42,50.0,0.14
8836.00,481.57,14591.54,354.54,2.500,0.42,50.0,0.14
8837.00,481.34,14594.02,354.54,2.500,0.42,50.0,0.14
8838.00,481.10,14596.51,354.54,2.500,0.42,50.0,0.14
8839.00,480.86,14599.00,354.54,2.500,0.42,50.0,0.14
8840.00,480.62,14601.49,354.55,2.500,0.42,50.0,0.14
8841.00,480.38,14603.98,354.55,2.500,0.41,50.0,0.14
8842.00,480.15,14606.47,354.55,2.500,0.41,50.0,0.14
8843.00,479.91,14608.96,354.55,2.500,0.41,50.0,0.14
8844.00,479.67,14611.45,354.56,2.500,0.41,50.0,0.14
8845.00,479.43,14613.93,354.56,2.500,0.41,50.0,0.14
8846.00,479.20,14616.42,354.56,2.500,0.41,50.0,0.14
8847.00,478.96,14618.91,354.56,2.500,0.41,50.0,0.14
8848.00,478.72,14621.40,354.56,2.500,0.41,50.0,0.14
8849.00,478.49,14623.89,354.57,2.500,0.41,50.0,0.14
8850.00,478.25,14626.38,354.57,2.500,0.41,50.0,0.14
8851.00,478.01,14628.87,354.57,2.500,0.41,50.0,0.14
8852.00,477.78,14631.36,354.57,2.500,0.41,50.0,0.14
8853.00,477.54,14633.84,354.58,2.500,0.41,50.0,0.14
8854.00,477.30,14636.33,354.58,2.500,0.41,50.0,0.14
8855.00,477.07,14638.82,354.58,2.500,0.41,50.0,0.14
8856.00,476.83,14641.31,354.58,2.500,0.41,50.0,0.14
8857.00,476.60,14643.80,354.59,2.500,0.41,50.0,0.14
8858.00,476.36,14646.29,354.59,2.500,0.41,50.0,0.14
8859.00,476.12,14648.78,354.59,2.500,0.41,50.0,0.14
8860.00,475.89,14651.27,354.59,2.500,0.41,50.0,0.14
8861.00,475.65,14653.76,354.60,2.500,0.41,50.0,0.14
8862.00,475.42,14656.24,354.60,2.500,0.41,50.0,0.14
8863.00,475.18,14658.73,354.60,2.500,0.41,50.0,0.14
8864.00,474.95,14661.22,354.60,2.500,0.41,50.0,0.14
8865.00,474.71,14663.71,354.61,2.500,0.41,50.0,0.14
8866.00,474.48,14666.20,354.61,2.500,0.41,50.0,0.14
8867.00,474.24,14668.69,354.61,2.500,0.41,50.0,0.14
8868.00,474.01,14671.18,354.61,2.500,0.41,50.0,0.14
8869.00,473.77,14673.67,354.61,2.500,0.41,50.0,0.14
8870.00,473.54,14676.16,354.62,2.500,0.41,50.0,0.14
8871.00,473.30,14678.64,354.62,2.500,0.41,50.0,0.14
8872.00,473.07,14681.13,354.62,2.500,0.41,50.0,0.14
8873.00,472.83,14683.62,354.62,2.500,0.41,50.0,0.14
8874.00,472.60,14686.11,354.63,2.500,0.41,50.0,0.14
8875.00,472.37,14688.60,354.63,2.500,0.41,50.0,0.14
8876.00,472.13,14691.09,354.63,2.500,0.41,50.0,0.14
8877.00,471.90,14693.58,354.63,2.500,0.41,50.0,0.14
8878.00,471.66,14696.07,354.64,2.500,0.41,50.0,0.14
8879.00,471.43,14698.56,354.64,2.500,0.41,50.0,0.14
8880.00,471.20,14701.05,354.64,2.500,0.41,50.0,0.14
8881.00,470.96,14703.53,354.64,2.500,0.41,50.0,0.14
8882.00,470.73,14706.02,354.65,2.500,0.41,50.0,0.14
8883.00,470.50,14708.51,354.65,2.500,0.41,50.0,0.14
8884.00,470.26,14711.00,354.65,2.500,0.41,50.0,0.14
8885.00,470.03,14713.49,354.65,2.500,0.41,50.0,0.14
8886.00,469.80,14715.98,354.65,2.500,0.41,50.0,0.14
8887.00,469.57,14718.47,354.66,2.500,0.41,50.0,0.14
8888.00,469.33,14720.96,354.66,2.500,0.41,50.0,0.14
8889.00,469.10,14723.45,354.66,2.500,0.41,50.0,0.14
8890.00,468.87,14725.94,354.66,2.500,0.41,50.0,0.14
8891.00,468.63,14728.43,354.67,2.500,0.41,50.0,0.14
8892.00,468.40,14730.92,354.67,2.500,0.41,50.0,0.14
8893.00,468.17,14733.40,354.67,2.500,0.41,50.0,0.14
8894.00,467.94,14735.89,354.67,2.500,0.41,50.0,0.14
8895.00,467.71,14738.38,354.68,2.500,0.40,50.0,0.14
8896.00,467.47,14740.87,354.68,2.500,0.40,50.0,0.14
8897.00,467.24,14743.36,354.68,2.500,0.40,50.0,0.14
8898.00,467.01,14745.85,354.68,2.500,0.40,50.0,0.14
8899.00,466.78,14748.34,354.69,2.500,0.40,50.0,0.14
8900.00,466.55,14750.83,354.69,2.500,0.40,50.0,0.14
8901.00,466.32,14753.32,354.69,2.500,0.40,50.0,0.14
8902.00,466.08,14755.81,354.69,2.500,0.40,50.0,0.14
8903.00,465.85,14758.30,354.69,2.500,0.40,50.0,0.14
8904.00,465.62,14760.79,354.70,2.500,0.40,50.0,0.14
8905.00,465.39,14763.28,354.70,2.500,0.40,50.0,0.14
8906.00,465.16,14765.76,354.70,2.500,0.40,50.0,0.14
8907.00,464.93,14768.25,354.70,2.500,0.40,50.0,0.14
8908.00,464.70,14770.74,354.71,2.500,0.40,50.0,0.14
8909.00,464.47,14773.23,354.71,2.500,0.40,50.0,0.14
8910.00,464.24,14775.72,354.71,2.500,0.40,50.0,0.14
8911.00,464.01,14778.21,354.71,2.500,0.40,50.0,0.14
8912.00,463.78,14780.70,354.72,2.500,0.40,50.0,0.14
8913.00,463.55,14783.19,354.72,2.500,0.40,50.0,0.14
8914.00,463.32,14785.68,354.72,2.500,0.40,50.0,0.14
8915.00,463.09,14788.17,354.72,2.500,0.40,50.0,0.14
8916.00,462.86,14790.66,354.73,2.500,0.40,50.0,0.14
8917.00,462.63,14793.15,354.73,2.500,0.40,50.0,0.14
8918.00,462.40,14795.64,354.73,2.500,0.40,50.0,0.14
8919.00,462.17,14798.13,354.73,2.500,0.40,50.0,0.14
8920.00,461.94,14800.62,354.73,2.500,0.40,50.0,0.14
8921.00,461.71,14803.11,354.74,2.500,0.40,50.0,0.14
8922.00,461.48,14805.59,354.74,2.500,0.40,50.0,0.14
8923.00,461.25,14808.08,354.74,2.500,0.40,50.0,0.14
8924.00,461.02,14810.57,354.74,2.500,0.40,50.0,0.14
8925.00,460.79,14813.06,354.75,2.500,0.40,50.0,0.14
8926.00,460.56,14815.55,354.75,2.500,0.40,50.0,0.14
8927.00,460.33,14818.04,354.75,2.500,0.40,50.0,0.14
8928.00,460.10,14820.53,354.75,2.500,0.40,50.0,0.14
8929.00,459.88,14823.02,354.76,2.500,0.40,50.0,0.14
8930.00,459.65,14825.51,354.76,2.500,0.40,50.0,0.14
8931.00,459.42,14828.00,354.76,2.500,0.40,50.0,0.14
8932.00,459.19,14830.49,354.76,2.500,0.40,50.0,0.14
8933.00,458.96,14832.98,354.76,2.500,0.40,50.0,0.14
8934.00,458.73,14835.47,354.77,2.500,0.40,50.0,0.14
8935.00,458.51,14837.96,354.77,2.500,0.40,50.0,0.14
8936.00,458.28,14840.45,354.77,2.500,0.40,50.0,0.14
8937.00,458.05,14842.94,354.77,2.500,0.40,50.0,0.14
8938.00,457.82,14845.43,354.78,2.500,0.40,50.0,0.14
8939.00,457.59,14847.92,354.78,2.500,0.40,50.0,0.14
8940.00,457.37,14850.41,354.78,2.500,0.40,50.0,0.14
8941.00,457.14,14852.90,354.78,2.500,0.40,50.0,0.14
8942.00,456.91,14855.39,354.79,2.500,0.40,50.0,0.14
8943.00,456.69,14857.88,354.79,2.500,0.40,50.0,0.14
8944.00,456.46,14860.37,354.79,2.500,0.40,50.0,0.14
8945.00,456.23,14862.85,354.79,2.500,0.40,50.0,0.14
8946.00,456.00,14865.34,354.79,2.500,0.40,50.0,0.14
8947.00,455.78,14867.83,354.80,2.500,0.40,50.0,0.14
8948.00,455.55,14870.32,354.80,2.500,0.40,50.0,0.14
8949.00,455.32,14872.81,354.80,2.500,0.39,50.0,0.14
8950.00,455.10,14875.30,354.80,2.500,0.39,50.0,0.14
8951.00,454.87,14877.79,354.81,2.500,0.39,50.0,0.14
8952.00,454.64,14880.28,354.81,2.500,0.39,50.0,0.14
8953.00,454.42,14882.77,354.81,2.500,0.39,50.0,0.14
8954.00,454.19,14885.26,354.81,2.500,0.39,50.0,0.14
8955.00,453.97,14887.75,354.81,2.500,0.39,50.0,0.14
8956.00,453.74,14890.24,354.82,2.500,0.39,50.0,0.14
8957.00,453.51,14892.73,354.82,2.500,0.39,50.0,0.14
8958.00,453.29,14895.22,354.82,2.500,0.39,50.0,0.14
8959.00,453.06,14897.71,354.82,2.500,0.39,50.0,0.14
8960.00,452.84,14900.20,354.83,2.500,0.39,50.0,0.14
8961.00,452.61,14902.69,354.83,2.500,0.39,50.0,0.14
8962.00,452.39,14905.18,354.83,2.500,0.39,50.0,0.14
8963.00,452.16,14907.67,354.83,2.500,0.39,50.0,0.14
8964.00,451.94,14910.16,354.84,2.500,0.39,50.0,0.14
8965.00,451.71,14912.65,354.84,2.500,0.39,50.0,0.14
8966.00,451.49,14915.14,354.84,2.500,0.39,50.0,0.14
8967.00,451.26,14917.63,354.84,2.500,0.39,50.0,0.14
8968.00,451.04,14920.12,354.84,2.500,0.39,50.0,0.14
8969.00,450.81,14922.61,354.85,2.500,0.39,50.0,0.14
8970.00,450.59,14925.10,354.85,2.500,0.39,50.0,0.14
8971.00,450.36,14927.59,354.85,2.500,0.39,50.0,0.14
8972.00,450.14,14930.08,354.85,2.500,0.39,50.0,0.14
8973.00,449.91,14932.57,354.86,2.500,0.39,50.0,0.14
8974.00,449.69,14935.06,354.86,2.500,0.39,50.0,0.14
8975.00,449.47,14937.55,354.86,2.500,0.39,50.0,0.14
8976.00,449.24,14940.04,354.86,2.500,0.39,50.0,0.14
8977.00,449.02,14942.53,354.86,2.500,0.39,50.0,0.14
8978.00,448.79,14945.02,354.87,2.500,0.39,50.0,0.14
8979.00,448.57,14947.51,354.87,2.500,0.39,50.0,0.14
8980.00,448.35,14950.00,354.87,2.500,0.39,50.0,0.14
8981.00,448.12,14952.49,354.87,2.500,0.39,50.0,0.14
8982.00,447.90,14954.98,354.88,2.500,0.39,50.0,0.14
8983.00,447.68,14957.47,354.88,2.500,0.39,50.0,0.14
8984.00,447.45,14959.96,354.88,2.500,0.39,50.0,0.14
8985.00,447.23,14962.45,354.88,2.500,0.39,50.0,0.14
8986.00,447.01,14964.94,354.89,2.500,0.39,50.0,0.13
8987.00,446.79,14967.43,354.89,2.500,0.39,50.0,0.13
8988.00,446.56,14969.92,354.89,2.500,0.39,50.0,0.13
8989.00,446.34,14972.41,354.89,2.500,0.39,50.0,0.13
8990.00,446.12,14974.90,354.89,2.500,0.39,50.0,0.13
8991.00,445.89,14977.39,354.90,2.500,0.39,50.0,0.13
8992.00,445.67,14979.88,354.90,2.500,0.39,50.0,0.13
8993.00,445.45,14982.37,354.90,2.500,0.39,50.0,0.13
8994.00,445.23,14984.86,354.90,2.500,0.39,50.0,0.13
8995.00,445.01,14987.35,354.91,2.500,0.39,50.0,0.13
8996.00,444.78,14989.84,354.91,2.500,0.39,50.0,0.13
8997.00,444.56,14992.33,354.91,2.500,0.39,50.0,0.13
8998.00,444.34,14994.82,354.91,2.500,0.39,50.0,0.13
8999.00,444.12,14997.31,354.91,2.500,0.39,50.0,0.13
9000.00,443.90,14999.80,354.92,2.500,0.39,50.0,0.13
9001.00,443.68,15002.29,354.92,2.500,0.39,50.0,0.13
9002.00,443.45,15004.78,354.92,2.500,0.39,50.0,0.13
9003.00,443.23,15007.27,354.92,2.500,0.39,50.0,0.13
9004.00,443.01,15009.76,354.93,2.500,0.39,50.0,0.13
9005.00,442.79,15012.25,354.93,2.500,0.39,50.0,0.13
9006.00,442.57,15014.74,354.93,2.500,0.38,50.0,0.13
9007.00,442.35,15017.23,354.93,2.500,0.38,50.0,0.13
9008.00,442.13,15019.72,354.93,2.500,0.38,50.0,0.13
9009.00,441.91,15022.21,354.94,2.500,0.38,50.0,0.13
9010.00,441.69,15024.70,354.94,2.500,0.38,50.0,0.13
9011.00,441.47,15027.19,354.94,2.500,0.38,50.0,0.13
9012.00,441.25,15029.68,354.94,2.500,0.38,50.0,0.13
9013.00,441.02,15032.17,354.95,2.500,0.38,50.0,0.13
9014.00,440.80,15034.66,354.95,2.500,0.38,50.0,0.13
9015.00,440.58,15037.15,354.95,2.500,0.38,50.0,0.13
9016.00,440.36,15039.64,354.95,2.500,0.38,50.0,0.13
9017.00,440.14,15042.13,354.95,2.500,0.38,50.0,0.13
9018.00,439.92,15044.62,354.96,2.500,0.38,50.0,0.13
9019.00,439.70,15047.12,354.96,2.500,0.38,50.0,0.13
9020.00,439.48,15049.61,354.96,2.500,0.38,50.0,0.13
9021.00,439.27,15052.10,354.96,2.500,0.38,50.0,0.13
9022.00,439.05,15054.59,354.97,2.500,0.38,50.0,0.13
9023.00,438.83,15057.08,354.97,2.500,0.38,50.0,0.13
9024.00,438.61,15059.57,354.97,2.500,0.38,50.0,0.13
9025.00,438.39,15062.06,354.97,2.500,0.38,50.0,0.13
9026.00,438.17,15064.55,354.97,2.500,0.38,50.0,0.13
9027.00,437.95,15067.04,354.98,2.500,0.38,50.0,0.13
9028.00,437.73,15069.53,354.98,2.500,0.38,50.0,0.13
9029.00,437.51,15072.02,354.98,2.500,0.38,50.0,0.13
9030.00,437.29,15074.51,354.98,2.500,0.38,50.0,0.13
9031.00,437.07,15077.00,354.99,2.500,0.38,50.0,0.13
9032.00,436.86,15079.49,354.99,2.500,0.38,50.0,0.13
9033.00,436.64,15081.98,354.99,2.500,0.38,50.0,0.13
9034.00,436.42,15084.47,354.99,2.500,0.38,50.0,0.13
9035.00,436.20,15086.96,354.99,2.500,0.38,50.0,0.13
9036.00,435.98,15089.45,355.00,2.500,0.38,50.0,0.13
9037.00,435.76,15091.94,355.00,2.500,0.38,50.0,0.13
9038.00,435.55,15094.43,355.00,2.500,0.38,50.0,0.13
9039.00,435.33,15096.92,355.00,2.500,0.38,50.0,0.13
9040.00,435.11,15099.41,355.01,2.500,0.38,50.0,0.13
9041.00,434.89,15101.90,355.01,2.500,0.38,50.0,0.13
9042.00,434.68,15104.39,355.01,2.500,0.38,50.0,0.13
9043.00,434.46,15106.89,355.01,2.500,0.38,50.0,0.13
9044.00,434.24,15109.38,355.01,2.500,0.38,50.0,0.13
9045.00,434.02,15111.87,355.02,2.500,0.38,50.0,0.13
9046.00,433.81,15114.36,355.02,2.500,0.38,50.0,0.13
9047.00,433.59,15116.85,355.02,2.500,0.38,50.0,0.13
9048.00,433.37,15119.34,355.02,2.500,0.38,50.0,0.13
9049.00,433.16,15121.83,355.02,2.500,0.38,50.0,0.13
9050.00,432.94,15124.32,355.03,2.500,0.38,50.0,0.13
9051.00,432.72,15126.81,355.03,2.500,0.38,50.0,0.13
9052.00,432.51,15129.30,355.03,2.500,0.38,50.0,0.13
9053.00,432.29,15131.79,355.03,2.500,0.38,50.0,0.13
9054.00,432.07,15134.28,355.04,2.500,0.38,50.0,0.13
9055.00,431.86,15136.77,355.04,2.500,0.38,50.0,0.13
9056.00,431.64,15139.26,355.04,2.500,0.38,50.0,0.13
9057.00,431.42,15141.75,355.04,2.500,0.38,50.0,0.13
9058.00,431.21,15144.24,355.04,2.500,0.38,50.0,0.13
9059.00,430.99,15146.73,355.05,2.500,0.38,50.0,0.13
9060.00,430.78,15149.23,355.05,2.500,0.38,50.0,0.13
9061.00,430.56,15151.72,355.05,2.500,0.38,50.0,0.13
9062.00,430.34,15154.21,355.05,2.500,0.38,50.0,0.13
9063.00,430.13,15156.70,355.06,2.500,0.37,50.0,0.13
9064.00,429.91,15159.19,355.06,2.500,0.37,50.0,0.13
9065.00,429.70,15161.68,355.06,2.500,0.37,50.0,0.13
9066.00,429.48,15164.17,355.06,2.500,0.37,50.0,0.13
9067.00,429.27,15166.66,355.06,2.500,0.37,50.0,0.13
9068.00,429.05,15169.15,355.07,2.500,0.37,50.0,0.13
9069.00,428.84,15171.64,355.07,2.500,0.37,50.0,0.13
9070.00,428.62,15174.13,355.07,2.500,0.37,50.0,0.13
9071.00,428.41,15176.62,355.07,2.500,0.37,50.0,0.13
9072.00,428.19,15179.11,355.07,2.500,0.37,50.0,0.13
9073.00,427.98,15181.60,355.08,2.500,0.37,50.0,0.13
9074.00,427.76,15184.10,355.08,2.500,0.37,50.0,0.13
9075.00,427.55,15186.59,355.08,2.500,0.37,50.0,0.13
9076.00,427.34,15189.08,355.08,2.500,0.37,50.0,0.13
9077.00,427.12,15191.57,355.09,2.500,0.37,50.0,0.13
9078.00,426.91,15194.06,355.09,2.500,0.37,50.0,0.13
9079.00,426.69,15196.55,355.09,2.500,0.37,50.0,0.13
9080.00,426.48,15199.04,355.09,2.500,0.37,50.0,0.13
9081.00,426.26,15201.53,355.09,2.500,0.37,50.0,0.13
9082.00,426.05,15204.02,355.10,2.500,0.37,50.0,0.13
9083.00,425.84,15206.51,355.10,2.500,0.37,50.0,0.13
9084.00,425.62,15209.00,355.10,2.500,0.37,50.0,0.13
9085.00,425.41,15211.49,355.10,2.500,0.37,50.0,0.13
9086.00,425.20,15213.99,355.10,2.500,0.37,50.0,0.13
9087.00,424.98,15216.48,355.11,2.500,0.37,50.0,0.13
9088.00,424.77,15218.97,355.11,2.500,0.37,50.0,0.13
9089.00,424.56,15221.46,355.11,2.500,0.37,50.0,0.13
9090.00,424.34,15223.95,355.11,2.500,0.37,50.0,0.13
9091.00,424.13,15226.44,355.12,2.500,0.37,50.0,0.13
9092.00,423.92,15228.93,355.12,2.500,0.37,50.0,0.13
9093.00,423.71,15231.42,355.12,2.500,0.37,50.0,0.13
9094.00,423.49,15233.91,355.12,2.500,0.37,50.0,0.13
9095.00,423.28,15236.40,355.12,2.500,0.37,50.0,0.13
9096.00,423.07,15238.89,355.13,2.500,0.37,50.0,0.13
9097.00,422.86,15241.39,355.13,2.500,0.37,50.0,0.13
9098.00,422.64,15243.88,355.13,2.500,0.37,50.0,0.13
9099.00,422.43,15246.37,355.13,2.500,0.37,50.0,0.13
9100.00,422.22,15248.86,355.13,2.500,0.37,50.0,0.13
9101.00,422.01,15251.35,355.14,2.500,0.37,50.0,0.13
9102.00,421.79,15253.84,355.14,2.500,0.37,50.0,0.13
9103.00,421.58,15256.33,355.14,2.500,0.37,50.0,0.13
9104.00,421.37,15258.82,355.14,2.500,0.37,50.0,0.13
9105.00,421.16,15261.31,355.15,2.500,0.37,50.0,0.13
9106.00,420.95,15263.80,355.15,2.500,0.37,50.0,0.13
9107.00,420.74,15266.30,355.15,2.500,0.37,50.0,0.13
9108.00,420.53,15268.79,355.15,2.500,0.37,50.0,0.13
9109.00,420.31,15271.28,355.15,2.500,0.37,50.0,0.13
9110.00,420.10,15273.77,355.16,2.500,0.37,50.0,0.13
9111.00,419.89,15276.26,355.16,2.500,0.37,50.0,0.13
9112.00,419.68,15278.75,355.16,2.500,0.37,50.0,0.13
9113.00,419.47,15281.24,355.16,2.500,0.37,50.0,0.13
9114.00,419.26,15283.73,355.16,2.500,0.37,50.0,0.13
9115.00,419.05,15286.22,355.17,2.500,0.37,50.0,0.13
9116.00,418.84,15288.72,355.17,2.500,0.37,50.0,0.13
9117.00,418.63,15291.21,355.17,2.500,0.37,50.0,0.13
9118.00,418.42,15293.70,355.17,2.500,0.37,50.0,0.13
9119.00,418.21,15296.19,355.18,2.500,0.37,50.0,0.13
9120.00,418.00,15298.68,355.18,2.500,0.37,50.0,0.13
9121.00,417.79,15301.17,355.18,2.500,0.37,50.0,0.13
9122.00,417.58,15303.66,355.18,2.500,0.37,50.0,0.13
9123.00,417.37,15306.15,355.18,2.500,0.36,50.0,0.13
9124.00,417.16,15308.64,355.19,2.500,0.36,50.0,0.13
9125.00,416.95,15311.14,355.19,2.500,0.36,50.0,0.13
9126.00,416.74,15313.63,355.19,2.500,0.36,50.0,0.13
9127.00,416.53,15316.12,355.19,2.500,0.36,50.0,0.13
9128.00,416.32,15318.61,355.19,2.500,0.36,50.0,0.13
9129.00,416.11,15321.10,355.20,2.500,0.36,50.0,0.13
9130.00,415.90,15323.59,355.20,2.500,0.36,50.0,0.13
9131.00,415.69,15326.08,355.20,2.500,0.36,50.0,0.13
9132.00,415.48,15328.57,355.20,2.500,0.36,50.0,0.13
9133.00,415.27,15331.07,355.20,2.500,0.36,50.0,0.13
9134.00,415.06,15333.56,355.21,2.500,0.36,50.0,0.13
9135.00,414.85,15336.05,355.21,2.500,0.36,50.0,0.13
9136.00,414.64,15338.54,355.21,2.500,0.36,50.0,0.13
9137.00,414.44,15341.03,355.21,2.500,0.36,50.0,0.13
9138.00,414.23,15343.52,355.22,2.500,0.36,50.0,0.13
9139.00,414.02,15346.01,355.22,2.500,0.36,50.0,0.13
9140.00,413.81,15348.50,355.22,2.500,0.36,50.0,0.13
9141.00,413.60,15351.00,355.22,2.500,0.36,50.0,0.13
9142.00,413.39,15353.49,355.22,2.500,0.36,50.0,0.13
9143.00,413.18,15355.98,355.23,2.500,0.36,50.0,0.13
9144.00,412.98,15358.47,355.23,2.500,0.36,50.0,0.13
9145.00,412.77,15360.96,355.23,2.500,0.36,50.0,0.13
9146.00,412.56,15363.45,355.23,2.500,0.36,50.0,0.13
9147.00,412.35,15365.94,355.23,2.500,0.36,50.0,0.13
9148.00,412.15,15368.44,355.24,2.500,0.36,50.0,0.13
9149.00,411.94,15370.93,355.24,2.500,0.36,50.0,0.13
9150.00,411.73,15373.42,355.24,2.500,0.36,50.0,0.13
9151.00,411.52,15375.91,355.24,2.500,0.36,50.0,0.13
9152.00,411.32,15378.40,355.24,2.500,0.36,50.0,0.13
9153.00,411.11,15380.89,355.25,2.500,0.36,50.0,0.13
9154.00,410.90,15383.38,355.25,2.500,0.36,50.0,0.13
9155.00,410.69,15385.87,355.25,2.500,0.36,50.0,0.12
9156.00,410.49,15388.37,355.25,2.500,0.36,50.0,0.12
9157.00,410.28,15390.86,355.26,2.500,0.36,50.0,0.12
9158.00,410.07,15393.35,355.26,2.500,0.36,50.0,0.12
9159.00,409.87,15395.84,355.26,2.500,0.36,50.0,0.12
9160.00,409.66,15398.33,355.26,2.500,0.36,50.0,0.12
9161.00,409.45,15400.82,355.26,2.500,0.36,50.0,0.12
9162.00,409.25,15403.32,355.27,2.500,0.36,50.0,0.12
9163.00,409.04,15405.81,355.27,2.500,0.36,50.0,0.12
9164.00,408.83,15408.30,355.27,2.500,0.36,50.0,0.12
9165.00,408.63,15410.79,355.27,2.500,0.36,50.0,0.12
9166.00,408.42,15413.28,355.27,2.500,0.36,50.0,0.12
9167.00,408.22,15415.77,355.28,2.500,0.36,50.0,0.12
9168.00,408.01,15418.26,355.28,2.500,0.36,50.0,0.12
9169.00,407.80,15420.76,355.28,2.500,0.36,50.0,0.12
9170.00,407.60,15423.25,355.28,2.500,0.36,50.0,0.12
9171.00,407.39,15425.74,355.28,2.500,0.36,50.0,0.12
9172.00,407.19,15428.23,355.29,2.500,0.36,50.0,0.12
9173.00,406.98,15430.72,355.29,2.500,0.36,50.0,0.12
9174.00,406.78,15433.21,355.29,2.500,0.36,50.0,0.12
9175.00,406.57,15435.70,355.29,2.500,0.36,50.0,0.12
9176.00,406.37,15438.20,355.29,2.500,0.36,50.0,0.12
9177.00,406.16,15440.69,355.30,2.500,0.36,50.0,0.12
9178.00,405.96,15443.18,355.30,2.500,0.36,50.0,0.12
9179.00,405.75,15445.67,355.30,2.500,0.36,50.0,0.12
9180.00,405.55,15448.16,355.30,2.500,0.36,50.0,0.12
9181.00,405.34,15450.65,355.30,2.500,0.36,50.0,0.12
9182.00,405.14,15453.15,355.31,2.500,0.36,50.0,0.12
9183.00,404.93,15455.64,355.31,2.500,0.35,50.0,0.12
9184.00,404.73,15458.13,355.31,2.500,0.35,50.0,0.12
9185.00,404.52,15460.62,355.31,2.500,0.35,50.0,0.12
9186.00,404.32,15463.11,355.31,2.500,0.35,50.0,0.12
9187.00,404.12,15465.60,355.32,2.500,0.35,50.0,0.12
9188.00,403.91,15468.10,355.32,2.500,0.35,50.0,0.12
9189.00,403.71,15470.59,355.32,2.500,0.35,50.0,0.12
9190.00,403.50,15473.08,355.32,2.500,0.35,50.0,0.12
9191.00,403.30,15475.57,355.33,2.500,0.35,50.0,0.12
9192.00,403.10,15478.06,355.33,2.500,0.35,50.0,0.12
9193.00,402.89,15480.55,355.33,2.500,0.35,50.0,0.12
9194.00,402.69,15483.05,355.33,2.500,0.35,50.0,0.12
9195.00,402.48,15485.54,355.33,2.500,0.35,50.0,0.12
9196.00,402.28,15488.03,355.34,2.500,0.35,50.0,0.12
9197.00,402.08,15490.52,355.34,2.500,0.35,50.0,0.12
9198.00,401.88,15493.01,355.34,2.500,0.35,50.0,0.12
9199.00,401.67,15495.50,355.34,2.500,0.35,50.0,0.12
9200.00,401.47,15498.00,355.34,2.500,0.35,50.0,0.12
9201.00,401.27,15500.49,355.35,2.500,0.35,50.0,0.12
9202.00,401.06,15502.98,355.35,2.500,0.35,50.0,0.12
9203.00,400.86,15505.47,355.35,2.500,0.35,50.0,0.12
9204.00,400.66,15507.96,355.35,2.500,0.35,50.0,0.12
9205.00,400.46,15510.45,355.35,2.500,0.35,50.0,0.12
9206.00,400.25,15512.95,355.36,2.500,0.35,50.0,0.12
9207.00,400.05,15515.44,355.36,2.500,0.35,50.0,0.12
9208.00,399.85,15517.93,355.36,2.500,0.35,50.0,0.12
9209.00,399.65,15520.42,355.36,2.500,0.35,50.0,0.12
9210.00,399.44,15522.91,355.36,2.500,0.35,50.0,0.12
9211.00,399.24,15525.41,355.37,2.500,0.35,50.0,0.12
9212.00,399.04,15527.90,355.37,2.500,0.35,50.0,0.12
9213.00,398.84,15530.39,355.37,2.500,0.35,50.0,0.12
9214.00,398.64,15532.88,355.37,2.500,0.35,50.0,0.12
9215.00,398.43,15535.37,355.37,2.500,0.35,50.0,0.12
9216.00,398.23,15537.86,355.38,2.500,0.35,50.0,0.12
9217.00,398.03,15540.36,355.38,2.500,0.35,50.0,0.12
9218.00,397.83,15542.85,355.38,2.500,0.35,50.0,0.12
9219.00,397.63,15545.34,355.38,2.500,0.35,50.0,0.12
9220.00,397.43,15547.83,355.38,2.500,0.35,50.0,0.12
9221.00,397.23,15550.32,355.39,2.500,0.35,50.0,0.12
9222.00,397.02,15552.82,355.39,2.500,0.35,50.0,0.12
9223.00,396.82,15555.31,355.39,2.500,0.35,50.0,0.12
9224.00,396.62,15557.80,355.39,2.500,0.35,50.0,0.12
9225.00,396.42,15560.29,355.39,2.500,0.35,50.0,0.12
9226.00,396.22,15562.78,355.40,2.500,0.35,50.0,0.12
9227.00,396.02,15565.28,355.40,2.500,0.35,50.0,0.12
9228.00,395.82,15567.77,355.40,2.500,0.35,50.0,0.12
9229.00,395.62,15570.26,355.40,2.500,0.35,50.0,0.12
9230.00,395.42,15572.75,355.40,2.500,0.35,50.0,0.12
9231.00,395.22,15575.24,355.41,2.500,0.35,50.0,0.12
9232.00,395.02,15577.74,355.41,2.500,0.35,50.0,0.12
9233.00,394.82,15580.23,355.41,2.500,0.35,50.0,0.12
9234.00,394.62,15582.72,355.41,2.500,0.35,50.0,0.12
9235.00,394.42,15585.21,355.41,2.500,0.35,50.0,0.12
9236.00,394.22,15587.70,355.42,2.500,0.35,50.0,0.12
9237.00,394.02,15590.20,355.42,2.500,0.35,50.0,0.12
9238.00,393.82,15592.69,355.42,2.500,0.35,50.0,0.12
9239.00,393.62,15595.18,355.42,2.500,0.35,50.0,0.12
9240.00,393.42,15597.67,355.42,2.500,0.35,50.0,0.12
9241.00,393.22,15600.16,355.43,2.500,0.35,50.0,0.12
9242.00,393.02,15602.66,355.43,2.500,0.35,50.0,0.12
9243.00,392.82,15605.15,355.43,2.500,0.35,50.0,0.12
9244.00,392.62,15607.64,355.43,2.500,0.35,50.0,0.12
9245.00,392.42,15610.13,355.43,2.500,0.35,50.0,0.12
9246.00,392.22,15612.62,355.44,2.500,0.34,50.0,0.12
9247.00,392.03,15615.12,355.44,2.500,0.34,50.0,0.12
9248.00,391.83,15617.61,355.44,2.500,0.34,50.0,0.12
9249.00,391.63,15620.10,355.44,2.500,0.34,50.0,0.12
9250.00,391.43,15622.59,355.44,2.500,0.34,50.0,0.12
9251.00,391.23,15625.08,355.45,2.500,0.34,50.0,0.12
9252.00,391.03,15627.58,355.45,2.500,0.34,50.0,0.12
9253.00,390.83,15630.07,355.45,2.500,0.34,50.0,0.12
9254.00,390.64,15632.56,355.45,2.500,0.34,50.0,0.12
9255.00,390.44,15635.05,355.45,2.500,0.34,50.0,0.12
9256.00,390.24,15637.54,355.46,2.500,0.34,50.0,0.12
9257.00,390.04,15640.04,355.46,2.500,0.34,50.0,0.12
9258.00,389.84,15642.53,355.46,2.500,0.34,50.0,0.12
9259.00,389.65,15645.02,355.46,2.500,0.34,50.0,0.12
9260.00,389.45,15647.51,355.46,2.500,0.34,50.0,0.12
9261.00,389.25,15650.01,355.47,2.500,0.34,50.0,0.12
9262.00,389.05,15652.50,355.47,2.500,0.34,50.0,0.12
9263.00,388.85,15654.99,355.47,2.500,0.34,50.0,0.12
9264.00,388.66,15657.48,355.47,2.500,0.34,50.0,0.12
9265.00,388.46,15659.97,355.47,2.500,0.34,50.0,0.12
9266.00,388.26,15662.47,355.48,2.500,0.34,50.0,0.12
9267.00,388.07,15664.96,355.48,2.500,0.34,50.0,0.12
9268.00,387.87,15667.45,355.48,2.500,0.34,50.0,0.12
9269.00,387.67,15669.94,355.48,2.500,0.34,50.0,0.12
9270.00,387.47,15672.44,355.48,2.500,0.34,50.0,0.12
9271.00,387.28,15674.93,355.49,2.500,0.34,50.0,0.12
9272.00,387.08,15677.42,355.49,2.500,0.34,50.0,0.12
9273.00,386.88,15679.91,355.49,2.500,0.34,50.0,0.12
9274.00,386.69,15682.40,355.49,2.500,0.34,50.0,0.12
9275.00,386.49,15684.90,355.49,2.500,0.34,50.0,0.12
9276.00,386.29,15687.39,355.50,2.500,0.34,50.0,0.12
9277.00,386.10,15689.88,355.50,2.500,0.34,50.0,0.12
9278.00,385.90,15692.37,355.50,2.500,0.34,50.0,0.12
9279.00,385.71,15694.87,355.50,2.500,0.34,50.0,0.12
9280.00,385.51,15697.36,355.50,2.500,0.34,50.0,0.12
9281.00,385.31,15699.85,355.51,2.500,0.34,50.0,0.12
9282.00,385.12,15702.34,355.51,2.500,0.34,50.0,0.12
9283.00,384.92,15704.84,355.51,2.500,0.34,50.0,0.12
9284.00,384.73,15707.33,355.51,2.500,0.34,50.0,0.12
9285.00,384.53,15709.82,355.51,2.500,0.34,50.0,0.12
9286.00,384.34,15712.31,355.52,2.500,0.34,50.0,0.12
9287.00,384.14,15714.80,355.52,2.500,0.34,50.0,0.12
9288.00,383.94,15717.30,355.52,2.500,0.34,50.0,0.12
9289.00,383.75,15719.79,355.52,2.500,0.34,50.0,0.12
9290.00,383.55,15722.28,355.52,2.500,0.34,50.0,0.12
9291.00,383.36,15724.77,355.53,2.500,0.34,50.0,0.12
9292.00,383.16,15727.27,355.53,2.500,0.34,50.0,0.12
9293.00,382.97,15729.76,355.53,2.500,0.34,50.0,0.12
9294.00,382.77,15732.25,355.53,2.500,0.34,50.0,0.12
9295.00,382.58,15734.74,355.53,2.500,0.34,50.0,0.12
9296.00,382.38,15737.24,355.54,2.500,0.34,50.0,0.12
9297.00,382.19,15739.73,355.54,2.500,0.34,50.0,0.12
9298.00,382.00,15742.22,355.54,2.500,0.34,50.0,0.12
9299.00,381.80,15744.71,355.54,2.500,0.34,50.0,0.12
9300.00,381.61,15747.21,355.54,2.500,0.34,50.0,0.12
9301.00,381.41,15749.70,355.54,2.500,0.34,50.0,0.12
9302.00,381.22,15752.19,355.55,2.500,0.34,50.0,0.12
9303.00,381.02,15754.68,355.55,2.500,0.34,50.0,0.12
9304.00,380.83,15757.18,355.55,2.500,0.34,50.0,0.12
9305.00,380.64,15759.67,355.55,2.500,0.34,50.0,0.12
9306.00,380.44,15762.16,355.55,2.500,0.34,50.0,0.12
9307.00,380.25,15764.65,355.56,2.500,0.34,50.0,0.12
9308.00,380.05,15767.15,355.56,2.500,0.34,50.0,0.12
9309.00,379.86,15769.64,355.56,2.500,0.33,50.0,0.12
9310.00,379.67,15772.13,355.56,2.500,0.33,50.0,0.12
9311.00,379.47,15774.62,355.56,2.500,0.33,50.0,0.12
9312.00,379.28,15777.12,355.57,2.500,0.33,50.0,0.12
9313.00,379.09,15779.61,355.57,2.500,0.33,50.0,0.12
9314.00,378.89,15782.10,355.57,2.500,0.33,50.0,0.12
9315.00,378.70,15784.59,355.57,2.500,0.33,50.0,0.12
9316.00,378.51,15787.09,355.57,2.500,0.33,50.0,0.12
9317.00,378.32,15789.58,355.58,2.500,0.33,50.0,0.12
9318.00,378.12,15792.07,355.58,2.500,0.33,50.0,0.12
9319.00,377.93,15794.56,355.58,2.500,0.33,50.0,0.12
9320.00,377.74,15797.06,355.58,2.500,0.33,50.0,0.12
9321.00,377.54,15799.55,355.58,2.500,0.33,50.0,0.12
9322.00,377.35,15802.04,355.59,2.500,0.33,50.0,0.12
9323.00,377.16,15804.53,355.59,2.500,0.33,50.0,0.12
9324.00,376.97,15807.03,355.59,2.500,0.33,50.0,0.12
9325.00,376.77,15809.52,355.59,2.500,0.33,50.0,0.12
9326.00,376.58,15812.01,355.59,2.500,0.33,50.0,0.12
9327.00,376.39,15814.50,355.60,2.500,0.33,50.0,0.12
9328.00,376.20,15817.00,355.60,2.500,0.33,50.0,0.12
9329.00,376.01,15819.49,355.60,2.500,0.33,50.0,0.12
9330.00,375.81,15821.98,355.60,2.500,0.33,50.0,0.12
9331.00,375.62,15824.47,355.60,2.500,0.33,50.0,0.12
9332.00,375.43,15826.97,355.60,2.500,0.33,50.0,0.12
9333.00,375.24,15829.46,355.61,2.500,0.33,50.0,0.12
9334.00,375.05,15831.95,355.61,2.500,0.33,50.0,0.12
9335.00,374.86,15834.44,355.61,2.500,0.33,50.0,0.12
9336.00,374.67,15836.94,355.61,2.500,0.33,50.0,0.11
9337.00,374.47,15839.43,355.61,2.500,0.33,50.0,0.11
9338.00,374.28,15841.92,355.62,2.500,0.33,50.0,0.11
9339.00,374.09,15844.42,355.62,2.500,0.33,50.0,0.11
9340.00,373.90,15846.91,355.62,2.500,0.33,50.0,0.11
9341.00,373.71,15849.40,355.62,2.500,0.33,50.0,0.11
9342.00,373.52,15851.89,355.62,2.500,0.33,50.0,0.11
9343.00,373.33,15854.39,355.63,2.500,0.33,50.0,0.11
9344.00,373.14,15856.88,355.63,2.500,0.33,50.0,0.11
9345.00,372.95,15859.37,355.63,2.500,0.33,50.0,0.11
9346.00,372.76,15861.86,355.63,2.500,0.33,50.0,0.11
9347.00,372.57,15864.36,355.63,2.500,0.33,50.0,0.11
9348.00,372.38,15866.85,355.64,2.500,0.33,50.0,0.11
9349.00,372.19,15869.34,355.64,2.500,0.33,50.0,0.11
9350.00,372.00,15871.84,355.64,2.500,0.33,50.0,0.11
9351.00,371.81,15874.33,355.64,2.500,0.33,50.0,0.11
9352.00,371.62,15876.82,355.64,2.500,0.33,50.0,0.11
9353.00,371.43,15879.31,355.64,2.500,0.33,50.0,0.11
9354.00,371.24,15881.81,355.65,2.500,0.33,50.0,0.11
9355.00,371.05,15884.30,355.65,2.500,0.33,50.0,0.11
9356.00,370.86,15886.79,355.65,2.500,0.33,50.0,0.11
9357.00,370.67,15889.29,355.65,2.500,0.33,50.0,0.11
9358.00,370.48,15891.78,355.65,2.500,0.33,50.0,0.11
9359.00,370.29,15894.27,355.66,2.500,0.33,50.0,0.11
9360.00,370.10,15896.76,355.66,2.500,0.33,50.0,0.11
9361.00,369.91,15899.26,355.66,2.500,0.33,50.0,0.11
9362.00,369.72,15901.75,355.66,2.500,0.33,50.0,0.11
9363.00,369.53,15904.24,355.66,2.500,0.33,50.0,0.11
9364.00,369.34,15906.73,355.67,2.500,0.33,50.0,0.11
9365.00,369.15,15909.23,355.67,2.500,0.33,50.0,0.11
9366.00,368.96,15911.72,355.67,2.500,0.33,50.0,0.11
9367.00,368.78,15914.21,355.67,2.500,0.33,50.0,0.11
9368.00,368.59,15916.71,355.67,2.500,0.33,50.0,0.11
9369.00,368.40,15919.20,355.68,2.500,0.33,50.0,0.11
9370.00,368.21,15921.69,355.68,2.500,0.33,50.0,0.11
9371.00,368.02,15924.18,355.68,2.500,0.33,50.0,0.11
9372.00,367.83,15926.68,355.68,2.500,0.33,50.0,0.11
9373.00,367.64,15929.17,355.68,2.500,0.33,50.0,0.11
9374.00,367.46,15931.66,355.68,2.500,0.33,50.0,0.11
9375.00,367.27,15934.16,355.69,2.500,0.32,50.0,0.11
9376.00,367.08,15936.65,355.69,2.500,0.32,50.0,0.11
9377.00,366.89,15939.14,355.69,2.500,0.32,50.0,0.11
9378.00,366.70,15941.64,355.69,2.500,0.32,50.0,0.11
9379.00,366.52,15944.13,355.69,2.500,0.32,50.0,0.11
9380.00,366.33,15946.62,355.70,2.500,0.32,50.0,0.11
9381.00,366.14,15949.11,355.70,2.500,0.32,50.0,0.11
9382.00,365.95,15951.61,355.70,2.500,0.32,50.0,0.11
9383.00,365.77,15954.10,355.70,2.500,0.32,50.0,0.11
9384.00,365.58,15956.59,355.70,2.500,0.32,50.0,0.11
9385.00,365.39,15959.09,355.71,2.500,0.32,50.0,0.11
9386.00,365.20,15961.58,355.71,2.500,0.32,50.0,0.11
9387.00,365.02,15964.07,355.71,2.500,0.32,50.0,0.11
9388.00,364.83,15966.56,355.71,2.500,0.32,50.0,0.11
9389.00,364.64,15969.06,355.71,2.500,0.32,50.0,0.11
9390.00,364.46,15971.55,355.71,2.500,0.32,50.0,0.11
9391.00,364.27,15974.04,355.72,2.500,0.32,50.0,0.11
9392.00,364.08,15976.54,355.72,2.500,0.32,50.0,0.11
9393.00,363.90,15979.03,355.72,2.500,0.32,50.0,0.11
9394.00,363.71,15981.52,355.72,2.500,0.32,50.0,0.11
9395.00,363.52,15984.02,355.72,2.500,0.32,50.0,0.11
9396.00,363.34,15986.51,355.73,2.500,0.32,50.0,0.11
9397.00,363.15,15989.00,355.73,2.500,0.32,50.0,0.11
9398.00,362.96,15991.50,355.73,2.500,0.32,50.0,0.11
9399.00,362.78,15993.99,355.73,2.500,0.32,50.0,0.11
9400.00,362.59,15996.48,355.73,2.500,0.32,50.0,0.11
9401.00,362.41,15998.97,355.74,2.500,0.32,50.0,0.11
9402.00,362.22,16001.47,355.74,2.500,0.32,50.0,0.11
9403.00,362.03,16003.96,355.74,2.500,0.32,50.0,0.11
9404.00,361.85,16006.45,355.74,2.500,0.32,50.0,0.11
9405.00,361.66,16008.95,355.74,2.500,0.32,50.0,0.11
9406.00,361.48,16011.44,355.74,2.500,0.32,50.0,0.11
9407.00,361.29,16013.93,355.75,2.500,0.32,50.0,0.11
9408.00,361.11,16016.43,355.75,2.500,0.32,50.0,0.11
9409.00,360.92,16018.92,355.75,2.500,0.32,50.0,0.11
9410.00,360.74,16021.41,355.75,2.500,0.32,50.0,0.11
9411.00,360.55,16023.91,355.75,2.500,0.32,50.0,0.11
9412.00,360.37,16026.40,355.76,2.500,0.32,50.0,0.11
9413.00,360.18,16028.89,355.76,2.500,0.32,50.0,0.11
9414.00,360.00,16031.38,355.76,2.500,0.32,50.0,0.11
9415.00,359.81,16033.88,355.76,2.500,0.32,50.0,0.11
9416.00,359.63,16036.37,355.76,2.500,0.32,50.0,0.11
9417.00,359.44,16038.86,355.76,2.500,0.32,50.0,0.11
9418.00,359.26,16041.36,355.77,2.500,0.32,50.0,0.11
9419.00,359.07,16043.85,355.77,2.500,0.32,50.0,0.11
9420.00,358.89,16046.34,355.77,2.500,0.32,50.0,0.11
9421.00,358.70,16048.84,355.77,2.500,0.32,50.0,0.11
9422.00,358.52,16051.33,355.77,2.500,0.32,50.0,0.11
9423.00,358.33,16053.82,355.78,2.500,0.32,50.0,0.11
9424.00,358.15,16056.32,355.78,2.500,0.32,50.0,0.11
9425.00,357.97,16058.81,355.78,2.500,0.32,50.0,0.11
9426.00,357.78,16061.30,355.78,2.500,0.32,50.0,0.11
9427.00,357.60,16063.80,355.78,2.500,0.32,50.0,0.11
9428.00,357.41,16066.29,355.79,2.500,0.32,50.0,0.11
9429.00,357.23,16068.78,355.79,2.500,0.32,50.0,0.11
9430.00,357.05,16071.28,355.79,2.500,0.32,50.0,0.11
9431.00,356.86,16073.77,355.79,2.500,0.32,50.0,0.11
9432.00,356.68,16076.26,355.79,2.500,0.32,50.0,0.11
9433.00,356.50,16078.76,355.79,2.500,0.32,50.0,0.11
9434.00,356.31,16081.25,355.80,2.500,0.32,50.0,0.11
9435.00,356.13,16083.74,355.80,2.500,0.32,50.0,0.11
9436.00,355.95,16086.24,355.80,2.500,0.32,50.0,0.11
9437.00,355.76,16088.73,355.80,2.500,0.32,50.0,0.11
9438.00,355.58,16091.22,355.80,2.500,0.32,50.0,0.11
9439.00,355.40,16093.72,355.81,2.500,0.32,50.0,0.11
9440.00,355.21,16096.21,355.81,2.500,0.32,50.0,0.11
9441.00,355.03,16098.70,355.81,2.500,0.32,50.0,0.11
9442.00,354.85,16101.20,355.81,2.500,0.32,50.0,0.11
9443.00,354.67,16103.69,355.81,2.500,0.32,50.0,0.11
9444.00,354.48,16106.18,355.81,2.500,0.31,50.0,0.11
9445.00,354.30,16108.68,355.82,2.500,0.31,50.0,0.11
9446.00,354.12,16111.17,355.82,2.500,0.31,50.0,0.11
9447.00,353.94,16113.66,355.82,2.500,0.31,50.0,0.11
9448.00,353.75,16116.16,355.82,2.500,0.31,50.0,0.11
9449.00,353.57,16118.65,355.82,2.500,0.31,50.0,0.11
9450.00,353.39,16121.14,355.83,2.500,0.31,50.0,0.11
9451.00,353.21,16123.64,355.83,2.500,0.31,50.0,0.11
9452.00,353.03,16126.13,355.83,2.500,0.31,50.0,0.11
9453.00,352.84,16128.62,355.83,2.500,0.31,50.0,0.11
9454.00,352.66,16131.12,355.83,2.500,0.31,50.0,0.11
9455.00,352.48,16133.61,355.83,2.500,0.31,50.0,0.11
9456.00,352.30,16136.10,355.84,2.500,0.31,50.0,0.11
9457.00,352.12,16138.60,355.84,2.500,0.31,50.0,0.11
9458.00,351.94,16141.09,355.84,2.500,0.31,50.0,0.11
9459.00,351.76,16143.58,355.84,2.500,0.31,50.0,0.11
9460.00,351.57,16146.08,355.84,2.500,0.31,50.0,0.11
9461.00,351.39,16148.57,355.85,2.500,0.31,50.0,0.11
9462.00,351.21,16151.06,355.85,2.500,0.31,50.0,0.11
9463.00,351.03,16153.56,355.85,2.500,0.31,50.0,0.11
9464.00,350.85,16156.05,355.85,2.500,0.31,50.0,0.11
9465.00,350.67,16158.54,355.85,2.500,0.31,50.0,0.11
9466.00,350.49,16161.04,355.85,2.500,0.31,50.0,0.11
9467.00,350.31,16163.53,355.86,2.500,0.31,50.0,0.11
9468.00,350.13,16166.02,355.86,2.500,0.31,50.0,0.11
9469.00,349.95,16168.52,355.86,2.500,0.31,50.0,0.11
9470.00,349.77,16171.01,355.86,2.500,0.31,50.0,0.11
9471.00,349.59,16173.50,355.86,2.500,0.31,50.0,0.11
9472.00,349.41,16176.00,355.87,2.500,0.31,50.0,0.11
9473.00,349.22,16178.49,355.87,2.500,0.31,50.0,0.11
9474.00,349.04,16180.98,355.87,2.500,0.31,50.0,0.11
9475.00,348.86,16183.48,355.87,2.500,0.31,50.0,0.11
9476.00,348.68,16185.97,355.87,2.500,0.31,50.0,0.11
9477.00,348.50,16188.47,355.87,2.500,0.31,50.0,0.11
9478.00,348.32,16190.96,355.88,2.500,0.31,50.0,0.11
9479.00,348.14,16193.45,355.88,2.500,0.31,50.0,0.11
9480.00,347.97,16195.95,355.88,2.500,0.31,50.0,0.11
9481.00,347.79,16198.44,355.88,2.500,0.31,50.0,0.11
9482.00,347.61,16200.93,355.88,2.500,0.31,50.0,0.11
9483.00,347.43,16203.43,355.88,2.500,0.31,50.0,0.11
9484.00,347.25,16205.92,355.89,2.500,0.31,50.0,0.11
9485.00,347.07,16208.41,355.89,2.500,0.31,50.0,0.11
9486.00,346.89,16210.91,355.89,2.500,0.31,50.0,0.11
9487.00,346.71,16213.40,355.89,2.500,0.31,50.0,0.11
9488.00,346.53,16215.89,355.89,2.500,0.31,50.0,0.11
9489.00,346.35,16218.39,355.90,2.500,0.31,50.0,0.11
9490.00,346.17,16220.88,355.90,2.500,0.31,50.0,0.11
9491.00,345.99,16223.37,355.90,2.500,0.31,50.0,0.11
9492.00,345.81,16225.87,355.90,2.500,0.31,50.0,0.11
9493.00,345.64,16228.36,355.90,2.500,0.31,50.0,0.11
9494.00,345.46,16230.86,355.90,2.500,0.31,50.0,0.11
9495.00,345.28,16233.35,355.91,2.500,0.31,50.0,0.11
9496.00,345.10,16235.84,355.91,2.500,0.31,50.0,0.11
9497.00,344.92,16238.34,355.91,2.500,0.31,50.0,0.11
9498.00,344.74,16240.83,355.91,2.500,0.31,50.0,0.11
9499.00,344.57,16243.32,355.91,2.500,0.31,50.0,0.11
9500.00,344.39,16245.82,355.92,2.500,0.31,50.0,0.11
9501.00,344.21,16248.31,355.92,2.500,0.31,50.0,0.11
9502.00,344.03,16250.80,355.92,2.500,0.31,50.0,0.11
9503.00,343.85,16253.30,355.92,2.500,0.31,50.0,0.11
9504.00,343.68,16255.79,355.92,2.500,0.31,50.0,0.11
9505.00,343.50,16258.29,355.92,2.500,0.31,50.0,0.11
9506.00,343.32,16260.78,355.93,2.500,0.31,50.0,0.11
9507.00,343.14,16263.27,355.93,2.500,0.31,50.0,0.11
9508.00,342.96,16265.77,355.93,2.500,0.31,50.0,0.11
9509.00,342.79,16268.26,355.93,2.500,0.31,50.0,0.11
9510.00,342.61,16270.75,355.93,2.500,0.31,50.0,0.11
9511.00,342.43,16273.25,355.93,2.500,0.31,50.0,0.11
9512.00,342.26,16275.74,355.94,2.500,0.31,50.0,0.11
9513.00,342.08,16278.24,355.94,2.500,0.31,50.0,0.11
9514.00,341.90,16280.73,355.94,2.500,0.31,50.0,0.11
9515.00,341.72,16283.22,355.94,2.500,0.31,50.0,0.11
9516.00,341.55,16285.72,355.94,2.500,0.30,50.0,0.11
9517.00,341.37,16288.21,355.95,2.500,0.30,50.0,0.11
9518.00,341.19,16290.70,355.95,2.500,0.30,50.0,0.11
9519.00,341.02,16293.20,355.95,2.500,0.30,50.0,0.11
9520.00,340.84,16295.69,355.95,2.500,0.30,50.0,0.11
9521.00,340.66,16298.19,355.95,2.500,0.30,50.0,0.11
9522.00,340.49,16300.68,355.95,2.500,0.30,50.0,0.11
9523.00,340.31,16303.17,355.96,2.500,0.30,50.0,0.11
9524.00,340.13,16305.67,355.96,2.500,0.30,50.0,0.11
9525.00,339.96,16308.16,355.96,2.500,0.30,50.0,0.11
9526.00,339.78,16310.65,355.96,2.500,0.30,50.0,0.11
9527.00,339.61,16313.15,355.96,2.500,0.30,50.0,0.11
9528.00,339.43,16315.64,355.96,2.500,0.30,50.0,0.11
9529.00,339.25,16318.14,355.97,2.500,0.30,50.0,0.11
9530.00,339.08,16320.63,355.97,2.500,0.30,50.0,0.11
9531.00,338.90,16323.12,355.97,2.500,0.30,50.0,0.11
9532.00,338.73,16325.62,355.97,2.500,0.30,50.0,0.11
9533.00,338.55,16328.11,355.97,2.500,0.30,50.0,0.11
9534.00,338.38,16330.60,355.98,2.500,0.30,50.0,0.11
9535.00,338.20,16333.10,355.98,2.500,0.30,50.0,0.10
9536.00,338.02,16335.59,355.98,2.500,0.30,50.0,0.10
9537.00,337.85,16338.09,355.98,2.500,0.30,50.0,0.10
9538.00,337.67,16340.58,355.98,2.500,0.30,50.0,0.10
9539.00,337.50,16343.07,355.98,2.500,0.30,50.0,0.10
9540.00,337.32,16345.57,355.99,2.500,0.30,50.0,0.10
9541.00,337.15,16348.06,355.99,2.500,0.30,50.0,0.10
9542.00,336.97,16350.56,355.99,2.500,0.30,50.0,0.10
9543.00,336.80,16353.05,355.99,2.500,0.30,50.0,0.10
9544.00,336.62,16355.54,355.99,2.500,0.30,50.0,0.10
9545.00,336.45,16358.04,355.99,2.500,0.30,50.0,0.10
9546.00,336.28,16360.53,356.00,2.500,0.30,50.0,0.10
9547.00,336.10,16363.02,356.00,2.500,0.30,50.0,0.10
9548.00,335.93,16365.52,356.00,2.500,0.30,50.0,0.10
9549.00,335.75,16368.01,356.00,2.500,0.30,50.0,0.10
9550.00,335.58,16370.51,356.00,2.500,0.30,50.0,0.10
9551.00,335.40,16373.00,356.00,2.500,0.30,50.0,0.10
9552.00,335.23,16375.49,356.01,2.500,0.30,50.0,0.10
9553.00,335.05,16377.99,356.01,2.500,0.30,50.0,0.10
9554.00,334.88,16380.48,356.01,2.500,0.30,50.0,0.10
9555.00,334.71,16382.98,356.01,2.500,0.30,50.0,0.10
9556.00,334.53,16385.47,356.01,2.500,0.30,50.0,0.10
9557.00,334.36,16387.96,356.02,2.500,0.30,50.0,0.10
9558.00,334.19,16390.46,356.02,2.500,0.30,50.0,0.10
9559.00,334.01,16392.95,356.02,2.500,0.30,50.0,0.10
9560.00,333.84,16395.45,356.02,2.500,0.30,50.0,0.10
9561.00,333.66,16397.94,356.02,2.500,0.30,50.0,0.10
9562.00,333.49,16400.43,356.02,2.500,0.30,50.0,0.10
9563.00,333.32,16402.93,356.03,2.500,0.30,50.0,0.10
9564.00,333.14,16405.42,356.03,2.500,0.30,50.0,0.10
9565.00,332.97,16407.92,356.03,2.500,0.30,50.0,0.10
9566.00,332.80,16410.41,356.03,2.500,0.30,50.0,0.10
9567.00,332.63,16412.90,356.03,2.500,0.30,50.0,0.10
9568.00,332.45,16415.40,356.03,2.500,0.30,50.0,0.10
9569.00,332.28,16417.89,356.04,2.500,0.30,50.0,0.10
9570.00,332.11,16420.39,356.04,2.500,0.30,50.0,0.10
9571.00,331.93,16422.88,356.04,2.500,0.30,50.0,0.10
9572.00,331.76,16425.37,356.04,2.500,0.30,50.0,0.10
9573.00,331.59,16427.87,356.04,2.500,0.30,50.0,0.10
9574.00,331.42,16430.36,356.04,2.500,0.30,50.0,0.10
9575.00,331.24,16432.86,356.05,2.500,0.30,50.0,0.10
9576.00,331.07,16435.35,356.05,2.500,0.30,50.0,0.10
9577.00,330.90,16437.84,356.05,2.500,0.30,50.0,0.10
9578.00,330.73,16440.34,356.05,2.500,0.30,50.0,0.10
9579.00,330.55,16442.83,356.05,2.500,0.30,50.0,0.10
9580.00,330.38,16445.33,356.05,2.500,0.30,50.0,0.10
9581.00,330.21,16447.82,356.06,2.500,0.30,50.0,0.10
9582.00,330.04,16450.31,356.06,2.500,0.30,50.0,0.10
9583.00,329.87,16452.81,356.06,2.500,0.30,50.0,0.10
9584.00,329.69,16455.30,356.06,2.500,0.30,50.0,0.10
9585.00,329.52,16457.80,356.06,2.500,0.30,50.0,0.10
9586.00,329.35,16460.29,356.07,2.500,0.30,50.0,0.10
9587.00,329.18,16462.79,356.07,2.500,0.30,50.0,0.10
9588.00,329.01,16465.28,356.07,2.500,0.29,50.0,0.10
9589.00,328.84,16467.77,356.07,2.500,0.29,50.0,0.10
9590.00,328.67,16470.27,356.07,2.500,0.29,50.0,0.10
9591.00,328.49,16472.76,356.07,2.500,0.29,50.0,0.10
9592.00,328.32,16475.26,356.08,2.500,0.29,50.0,0.10
9593.00,328.15,16477.75,356.08,2.500,0.29,50.0,0.10
9594.00,327.98,16480.24,356.08,2.500,0.29,50.0,0.10
9595.00,327.81,16482.74,356.08,2.500,0.29,50.0,0.10
9596.00,327.64,16485.23,356.08,2.500,0.29,50.0,0.10
9597.00,327.47,16487.73,356.08,2.500,0.29,50.0,0.10
9598.00,327.30,16490.22,356.09,2.500,0.29,50.0,0.10
9599.00,327.13,16492.71,356.09,2.500,0.29,50.0,0.10
9600.00,326.96,16495.21,356.09,2.500,0.29,50.0,0.10
9601.00,326.79,16497.70,356.09,2.500,0.29,50.0,0.10
9602.00,326.62,16500.20,356.09,2.500,0.29,50.0,0.10
9603.00,326.45,16502.69,356.09,2.500,0.29,50.0,0.10
9604.00,326.28,16505.19,356.10,2.500,0.29,50.0,0.10
9605.00,326.10,16507.68,356.10,2.500,0.29,50.0,0.10
9606.00,325.93,16510.17,356.10,2.500,0.29,50.0,0.10
9607.00,325.76,16512.67,356.10,2.500,0.29,50.0,0.10
9608.00,325.59,16515.16,356.10,2.500,0.29,50.0,0.10
9609.00,325.42,16517.66,356.10,2.500,0.29,50.0,0.10
9610.00,325.25,16520.15,356.11,2.500,0.29,50.0,0.10
9611.00,325.09,16522.65,356.11,2.500,0.29,50.0,0.10
9612.00,324.92,16525.14,356.11,2.500,0.29,50.0,0.10
9613.00,324.75,16527.63,356.11,2.500,0.29,50.0,0.10
9614.00,324.58,16530.13,356.11,2.500,0.29,50.0,0.10
9615.00,324.41,16532.62,356.11,2.500,0.29,50.0,0.10
9616.00,324.24,16535.12,356.12,2.500,0.29,50.0,0.10
9617.00,324.07,16537.61,356.12,2.500,0.29,50.0,0.10
9618.00,323.90,16540.11,356.12,2.500,0.29,50.0,0.10
9619.00,323.73,16542.60,356.12,2.500,0.29,50.0,0.10
9620.00,323.56,16545.09,356.12,2.500,0.29,50.0,0.10
9621.00,323.39,16547.59,356.12,2.500,0.29,50.0,0.10
9622.00,323.22,16550.08,356.13,2.500,0.29,50.0,0.10
9623.00,323.05,16552.58,356.13,2.500,0.29,50.0,0.10
9624.00,322.88,16555.07,356.13,2.500,0.29,50.0,0.10
9625.00,322.72,16557.57,356.13,2.500,0.29,50.0,0.10
9626.00,322.55,16560.06,356.13,2.500,0.29,50.0,0.10
9627.00,322.38,16562.55,356.13,2.500,0.29,50.0,0.10
9628.00,322.21,16565.05,356.14,2.500,0.29,50.0,0.10
9629.00,322.04,16567.54,356.14,2.500,0.29,50.0,0.10
9630.00,321.87,16570.04,356.14,2.500,0.29,50.0,0.10
9631.00,321.70,16572.53,356.14,2.500,0.29,50.0,0.10
9632.00,321.54,16575.03,356.14,2.500,0.29,50.0,0.10
9633.00,321.37,16577.52,356.14,2.500,0.29,50.0,0.10
9634.00,321.20,16580.01,356.15,2.500,0.29,50.0,0.10
9635.00,321.03,16582.51,356.15,2.500,0.29,50.0,0.10
9636.00,320.86,16585.00,356.15,2.500,0.29,50.0,0.10
9637.00,320.70,16587.50,356.15,2.500,0.29,50.0,0.10
9638.00,320.53,16589.99,356.15,2.500,0.29,50.0,0.10
9639.00,320.36,16592.49,356.15,2.500,0.29,50.0,0.10
9640.00,320.19,16594.98,356.16,2.500,0.29,50.0,0.10
9641.00,320.03,16597.47,356.16,2.500,0.29,50.0,0.10
9642.00,319.86,16599.97,356.16,2.500,0.29,50.0,0.10
9643.00,319.69,16602.46,356.16,2.500,0.29,50.0,0.10
9644.00,319.52,16604.96,356.16,2.500,0.29,50.0,0.10
9645.00,319.36,16607.45,356.16,2.500,0.29,50.0,0.10
9646.00,319.19,16609.95,356.17,2.500,0.29,50.0,0.10
9647.00,319.02,16612.44,356.17,2.500,0.29,50.0,0.10
9648.00,318.85,16614.94,356.17,2.500,0.29,50.0,0.10
9649.00,318.69,16617.43,356.17,2.500,0.29,50.0,0.10
9650.00,318.52,16619.92,356.17,2.500,0.29,50.0,0.10
9651.00,318.35,16622.42,356.17,2.500,0.29,50.0,0.10
9652.00,318.19,16624.91,356.18,2.500,0.29,50.0,0.10
9653.00,318.02,16627.41,356.18,2.500,0.29,50.0,0.10
9654.00,317.85,16629.90,356.18,2.500,0.29,50.0,0.10
9655.00,317.69,16632.40,356.18,2.500,0.29,50.0,0.10
9656.00,317.52,16634.89,356.18,2.500,0.29,50.0,0.10
9657.00,317.35,16637.39,356.18,2.500,0.29,50.0,0.10
9658.00,317.19,16639.88,356.19,2.500,0.29,50.0,0.10
9659.00,317.02,16642.37,356.19,2.500,0.29,50.0,0.10
9660.00,316.86,16644.87,356.19,2.500,0.29,50.0,0.10
9661.00,316.69,16647.36,356.19,2.500,0.29,50.0,0.10
9662.00,316.52,16649.86,356.19,2.500,0.29,50.0,0.10
9663.00,316.36,16652.35,356.19,2.500,0.28,50.0,0.10
9664.00,316.19,16654.85,356.20,2.500,0.28,50.0,0.10
9665.00,316.03,16657.34,356.20,2.500,0.28,50.0,0.10
9666.00,315.86,16659.84,356.20,2.500,0.28,50.0,0.10
9667.00,315.69,16662.33,356.20,2.500,0.28,50.0,0.10
9668.00,315.53,16664.82,356.20,2.500,0.28,50.0,0.10
9669.00,315.36,16667.32,356.20,2.500,0.28,50.0,0.10
9670.00,315.20,16669.81,356.21,2.500,0.28,50.0,0.10
9671.00,315.03,16672.31,356.21,2.500,0.28,50.0,0.10
9672.00,314.87,16674.80,356.21,2.500,0.28,50.0,0.10
9673.00,314.70,16677.30,356.21,2.500,0.28,50.0,0.10
9674.00,314.54,16679.79,356.21,2.500,0.28,50.0,0.10
9675.00,314.37,16682.29,356.21,2.500,0.28,50.0,0.10
9676.00,314.21,16684.78,356.22,2.500,0.28,50.0,0.10
9677.00,314.04,16687.28,356.22,2.500,0.28,50.0,0.10
9678.00,313.88,16689.77,356.22,2.500,0.28,50.0,0.10
9679.00,313.71,16692.26,356.22,2.500,0.28,50.0,0.10
9680.00,313.55,16694.76,356.22,2.500,0.28,50.0,0.10
9681.00,313.38,16697.25,356.22,2.500,0.28,50.0,0.10
9682.00,313.22,16699.75,356.23,2.500,0.28,50.0,0.10
9683.00,313.05,16702.24,356.23,2.500,0.28,50.0,0.10
9684.00,312.89,16704.74,356.23,2.500,0.28,50.0,0.10
9685.00,312.72,16707.23,356.23,2.500,0.28,50.0,0.10
9686.00,312.56,16709.73,356.23,2.500,0.28,50.0,0.10
9687.00,312.39,16712.22,356.23,2.500,0.28,50.0,0.10
9688.00,312.23,16714.72,356.24,2.500,0.28,50.0,0.10
9689.00,312.07,16717.21,356.24,2.500,0.28,50.0,0.10
9690.00,311.90,16719.70,356.24,2.500,0.28,50.0,0.10
9691.00,311.74,16722.20,356.24,2.500,0.28,50.0,0.10
9692.00,311.57,16724.69,356.24,2.500,0.28,50.0,0.10
9693.00,311.41,16727.19,356.24,2.500,0.28,50.0,0.10
9694.00,311.25,16729.68,356.25,2.500,0.28,50.0,0.10
9695.00,311.08,16732.18,356.25,2.500,0.28,50.0,0.10
9696.00,310.92,16734.67,356.25,2.500,0.28,50.0,0.10
9697.00,310.76,16737.17,356.25,2.500,0.28,50.0,0.10
9698.00,310.59,16739.66,356.25,2.500,0.28,50.0,0.10
9699.00,310.43,16742.16,356.25,2.500,0.28,50.0,0.10
9700.00,310.27,16744.65,356.25,2.500,0.28,50.0,0.10
9701.00,310.10,16747.15,356.26,2.500,0.28,50.0,0.10
9702.00,309.94,16749.64,356.26,2.500,0.28,50.0,0.10
9703.00,309.78,16752.14,356.26,2.500,0.28,50.0,0.10
9704.00,309.61,16754.63,356.26,2.500,0.28,50.0,0.10
9705.00,309.45,16757.12,356.26,2.500,0.28,50.0,0.10
9706.00,309.29,16759.62,356.26,2.500,0.28,50.0,0.10
9707.00,309.12,16762.11,356.27,2.500,0.28,50.0,0.10
9708.00,308.96,16764.61,356.27,2.500,0.28,50.0,0.10
9709.00,308.80,16767.10,356.27,2.500,0.28,50.0,0.10
9710.00,308.64,16769.60,356.27,2.500,0.28,50.0,0.10
9711.00,308.47,16772.09,356.27,2.500,0.28,50.0,0.10
9712.00,308.31,16774.59,356.27,2.500,0.28,50.0,0.10
9713.00,308.15,16777.08,356.28,2.500,0.28,50.0,0.10
9714.00,307.99,16779.58,356.28,2.500,0.28,50.0,0.10
9715.00,307.82,16782.07,356.28,2.500,0.28,50.0,0.10
9716.00,307.66,16784.57,356.28,2.500,0.28,50.0,0.10
9717.00,307.50,16787.06,356.28,2.500,0.28,50.0,0.10
9718.00,307.34,16789.56,356.28,2.500,0.28,50.0,0.10
9719.00,307.17,16792.05,356.29,2.500,0.28,50.0,0.10
9720.00,307.01,16794.55,356.29,2.500,0.28,50.0,0.10
9721.00,306.85,16797.04,356.29,2.500,0.28,50.0,0.10
9722.00,306.69,16799.53,356.29,2.500,0.28,50.0,0.10
9723.00,306.53,16802.03,356.29,2.500,0.28,50.0,0.10
9724.00,306.37,16804.52,356.29,2.500,0.28,50.0,0.10
9725.00,306.20,16807.02,356.30,2.500,0.28,50.0,0.10
9726.00,306.04,16809.51,356.30,2.500,0.28,50.0,0.10
9727.00,305.88,16812.01,356.30,2.500,0.28,50.0,0.10
9728.00,305.72,16814.50,356.30,2.500,0.28,50.0,0.10
9729.00,305.56,16817.00,356.30,2.500,0.28,50.0,0.10
9730.00,305.40,16819.49,356.30,2.500,0.28,50.0,0.10
9731.00,305.24,16821.99,356.30,2.500,0.28,50.0,0.10
9732.00,305.07,16824.48,356.31,2.500,0.28,50.0,0.10
9733.00,304.91,16826.98,356.31,2.500,0.28,50.0,0.10
9734.00,304.75,16829.47,356.31,2.500,0.28,50.0,0.10
9735.00,304.59,16831.97,356.31,2.500,0.28,50.0,0.10
9736.00,304.43,16834.46,356.31,2.500,0.28,50.0,0.10
9737.00,304.27,16836.96,356.31,2.500,0.28,50.0,0.10
9738.00,304.11,16839.45,356.32,2.500,0.28,50.0,0.10
9739.00,303.95,16841.95,356.32,2.500,0.28,50.0,0.10
9740.00,303.79,16844.44,356.32,2.500,0.28,50.0,0.10
9741.00,303.63,16846.94,356.32,2.500,0.27,50.0,0.10
9742.00,303.47,16849.43,356.32,2.500,0.27,50.0,0.10
9743.00,303.31,16851.93,356.32,2.500,0.27,50.0,0.10
9744.00,303.15,16854.42,356.33,2.500,0.27,50.0,0.10
9745.00,302.99,16856.92,356.33,2.500,0.27,50.0,0.10
9746.00,302.83,16859.41,356.33,2.500,0.27,50.0,0.10
9747.00,302.67,16861.91,356.33,2.500,0.27,50.0,0.10
9748.00,302.51,16864.40,356.33,2.500,0.27,50.0,0.10
9749.00,302.35,16866.89,356.33,2.500,0.27,50.0,0.10
9750.00,302.19,16869.39,356.34,2.500,0.27,50.0,0.10
9751.00,302.03,16871.88,356.34,2.500,0.27,50.0,0.10
9752.00,301.87,16874.38,356.34,2.500,0.27,50.0,0.10
9753.00,301.71,16876.87,356.34,2.500,0.27,50.0,0.09
9754.00,301.55,16879.37,356.34,2.500,0.27,50.0,0.09
9755.00,301.39,16881.86,356.34,2.500,0.27,50.0,0.09
9756.00,301.23,16884.36,356.34,2.500,0.27,50.0,0.09
9757.00,301.07,16886.85,356.35,2.500,0.27,50.0,0.09
9758.00,300.91,16889.35,356.35,2.500,0.27,50.0,0.09
9759.00,300.75,16891.84,356.35,2.500,0.27,50.0,0.09
9760.00,300.59,16894.34,356.35,2.500,0.27,50.0,0.09
9761.00,300.43,16896.83,356.35,2.500,0.27,50.0,0.09
9762.00,300.27,16899.33,356.35,2.500,0.27,50.0,0.09
9763.00,300.11,16901.82,356.36,2.500,0.27,50.0,0.09
9764.00,299.96,16904.32,356.36,2.500,0.27,50.0,0.09
9765.00,299.80,16906.81,356.36,2.500,0.27,50.0,0.09
9766.00,299.64,16909.31,356.36,2.500,0.27,50.0,0.09
9767.00,299.48,16911.80,356.36,2.500,0.27,50.0,0.09
9768.00,299.32,16914.30,356.36,2.500,0.27,50.0,0.09
9769.00,299.16,16916.79,356.37,2.500,0.27,50.0,0.09
9770.00,299.00,16919.29,356.37,2.500,0.27,50.0,0.09
9771.00,298.85,16921.78,356.37,2.500,0.27,50.0,0.09
9772.00,298.69,16924.28,356.37,2.500,0.27,50.0,0.09
9773.00,298.53,16926.77,356.37,2.500,0.27,50.0,0.09
9774.00,298.37,16929.27,356.37,2.500,0.27,50.0,0.09
9775.00,298.21,16931.76,356.37,2.500,0.27,50.0,0.09
9776.00,298.05,16934.26,356.38,2.500,0.27,50.0,0.09
9777.00,297.90,16936.75,356.38,2.500,0.27,50.0,0.09
9778.00,297.74,16939.25,356.38,2.500,0.27,50.0,0.09
9779.00,297.58,16941.74,356.38,2.500,0.27,50.0,0.09
9780.00,297.42,16944.24,356.38,2.500,0.27,50.0,0.09
9781.00,297.26,16946.73,356.38,2.500,0.27,50.0,0.09
9782.00,297.11,16949.23,356.39,2.500,0.27,50.0,0.09
9783.00,296.95,16951.72,356.39,2.500,0.27,50.0,0.09
9784.00,296.79,16954.22,356.39,2.500,0.27,50.0,0.09
9785.00,296.63,16956.71,356.39,2.500,0.27,50.0,0.09
9786.00,296.48,16959.21,356.39,2.500,0.27,50.0,0.09
9787.00,296.32,16961.70,356.39,2.500,0.27,50.0,0.09
9788.00,296.16,16964.20,356.39,2.500,0.27,50.0,0.09
9789.00,296.01,16966.69,356.40,2.500,0.27,50.0,0.09
9790.00,295.85,16969.19,356.40,2.500,0.27,50.0,0.09
9791.00,295.69,16971.68,356.40,2.500,0.27,50.0,0.09
9792.00,295.53,16974.18,356.40,2.500,0.27,50.0,0.09
9793.00,295.38,16976.67,356.40,2.500,0.27,50.0,0.09
9794.00,295.22,16979.17,356.40,2.500,0.27,50.0,0.09
9795.00,295.06,16981.66,356.41,2.500,0.27,50.0,0.09
9796.00,294.91,16984.16,356.41,2.500,0.27,50.0,0.09
9797.00,294.75,16986.65,356.41,2.500,0.27,50.0,0.09
9798.00,294.59,16989.15,356.41,2.500,0.27,50.0,0.09
9799.00,294.44,16991.64,356.41,2.500,0.27,50.0,0.09
9800.00,294.28,16994.14,356.41,2.500,0.27,50.0,0.09
9801.00,294.12,16996.63,356.41,2.500,0.27,50.0,0.09
9802.00,293.97,16999.13,356.42,2.500,0.27,50.0,0.09
9803.00,293.81,17001.62,356.42,2.500,0.27,50.0,0.09
9804.00,293.66,17004.12,356.42,2.500,0.27,50.0,0.09
9805.00,293.50,17006.62,356.42,2.500,0.27,50.0,0.09
9806.00,293.34,17009.11,356.42,2.500,0.27,50.0,0.09
9807.00,293.19,17011.61,356.42,2.500,0.27,50.0,0.09
9808.00,293.03,17014.10,356.43,2.500,0.27,50.0,0.09
9809.00,292.88,17016.60,356.43,2.500,0.27,50.0,0.09
9810.00,292.72,17019.09,356.43,2.500,0.27,50.0,0.09
9811.00,292.56,17021.59,356.43,2.500,0.27,50.0,0.09
9812.00,292.41,17024.08,356.43,2.500,0.27,50.0,0.09
9813.00,292.25,17026.58,356.43,2.500,0.27,50.0,0.09
9814.00,292.10,17029.07,356.44,2.500,0.27,50.0,0.09
9815.00,291.94,17031.57,356.44,2.500,0.27,50.0,0.09
9816.00,291.79,17034.06,356.44,2.500,0.27,50.0,0.09
9817.00,291.63,17036.56,356.44,2.500,0.27,50.0,0.09
9818.00,291.48,17039.05,356.44,2.500,0.27,50.0,0.09
9819.00,291.32,17041.55,356.44,2.500,0.27,50.0,0.09
9820.00,291.17,17044.04,356.44,2.500,0.27,50.0,0.09
9821.00,291.01,17046.54,356.45,2.500,0.27,50.0,0.09
9822.00,290.86,17049.03,356.45,2.500,0.26,50.0,0.09
9823.00,290.70,17051.53,356.45,2.500,0.26,50.0,0.09
9824.00,290.55,17054.02,356.45,2.500,0.26,50.0,0.09
9825.00,290.39,17056.52,356.45,2.500,0.26,50.0,0.09
9826.00,290.24,17059.01,356.45,2.500,0.26,50.0,0.09
9827.00,290.08,17061.51,356.46,2.500,0.26,50.0,0.09
9828.00,289.93,17064.00,356.46,2.500,0.26,50.0,0.09
9829.00,289.77,17066.50,356.46,2.500,0.26,50.0,0.09
9830.00,289.62,17068.99,356.46,2.500,0.26,50.0,0.09
9831.00,289.46,17071.49,356.46,2.500,0.26,50.0,0.09
9832.00,289.31,17073.98,356.46,2.500,0.26,50.0,0.09
9833.00,289.15,17076.48,356.46,2.500,0.26,50.0,0.09
9834.00,289.00,17078.98,356.47,2.500,0.26,50.0,0.09
9835.00,288.85,17081.47,356.47,2.500,0.26,50.0,0.09
9836.00,288.69,17083.97,356.47,2.500,0.26,50.0,0.09
9837.00,288.54,17086.46,356.47,2.500,0.26,50.0,0.09
9838.00,288.38,17088.96,356.47,2.500,0.26,50.0,0.09
9839.00,288.23,17091.45,356.47,2.500,0.26,50.0,0.09
9840.00,288.08,17093.95,356.47,2.500,0.26,50.0,0.09
9841.00,287.92,17096.44,356.48,2.500,0.26,50.0,0.09
9842.00,287.77,17098.94,356.48,2.500,0.26,50.0,0.09
9843.00,287.62,17101.43,356.48,2.500,0.26,50.0,0.09
9844.00,287.46,17103.93,356.48,2.500,0.26,50.0,0.09
9845.00,287.31,17106.42,356.48,2.500,0.26,50.0,0.09
9846.00,287.16,17108.92,356.48,2.500,0.26,50.0,0.09
9847.00,287.00,17111.41,356.49,2.500,0.26,50.0,0.09
9848.00,286.85,17113.91,356.49,2.500,0.26,50.0,0.09
9849.00,286.70,17116.40,356.49,2.500,0.26,50.0,0.09
9850.00,286.54,17118.90,356.49,2.500,0.26,50.0,0.09
9851.00,286.39,17121.40,356.49,2.500,0.26,50.0,0.09
9852.00,286.24,17123.89,356.49,2.500,0.26,50.0,0.09
9853.00,286.08,17126.39,356.49,2.500,0.26,50.0,0.09
9854.00,285.93,17128.88,356.50,2.500,0.26,50.0,0.09
9855.00,285.78,17131.38,356.50,2.500,0.26,50.0,0.09
9856.00,285.63,17133.87,356.50,2.500,0.26,50.0,0.09
9857.00,285.47,17136.37,356.50,2.500,0.26,50.0,0.09
9858.00,285.32,17138.86,356.50,2.500,0.26,50.0,0.09
9859.00,285.17,17141.36,356.50,2.500,0.26,50.0,0.09
9860.00,285.02,17143.85,356.51,2.500,0.26,50.0,0.09
9861.00,284.86,17146.35,356.51,2.500,0.26,50.0,0.09
9862.00,284.71,17148.84,356.51,2.500,0.26,50.0,0.09
9863.00,284.56,17151.34,356.51,2.500,0.26,50.0,0.09
9864.00,284.41,17153.83,356.51,2.500,0.26,50.0,0.09
9865.00,284.25,17156.33,356.51,2.500,0.26,50.0,0.09
9866.00,284.10,17158.83,356.51,2.500,0.26,50.0,0.09
9867.00,283.95,17161.32,356.52,2.500,0.26,50.0,0.09
9868.00,283.80,17163.82,356.52,2.500,0.26,50.0,0.09
9869.00,283.65,17166.31,356.52,2.500,0.26,50.0,0.09
9870.00,283.49,17168.81,356.52,2.500,0.26,50.0,0.09
9871.00,283.34,17171.30,356.52,2.500,0.26,50.0,0.09
9872.00,283.19,17173.80,356.52,2.500,0.26,50.0,0.09
9873.00,283.04,17176.29,356.52,2.500,0.26,50.0,0.09
9874.00,282.89,17178.79,356.53,2.500,0.26,50.0,0.09
9875.00,282.74,17181.28,356.53,2.500,0.26,50.0,0.09
9876.00,282.58,17183.78,356.53,2.500,0.26,50.0,0.09
9877.00,282.43,17186.27,356.53,2.500,0.26,50.0,0.09
9878.00,282.28,17188.77,356.53,2.500,0.26,50.0,0.09
9879.00,282.13,17191.27,356.53,2.500,0.26,50.0,0.09
9880.00,281.98,17193.76,356.54,2.500,0.26,50.0,0.09
9881.00,281.83,17196.26,356.54,2.500,0.26,50.0,0.09
9882.00,281.68,17198.75,356.54,2.500,0.26,50.0,0.09
9883.00,281.53,17201.25,356.54,2.500,0.26,50.0,0.09
9884.00,281.38,17203.74,356.54,2.500,0.26,50.0,0.09
9885.00,281.22,17206.24,356.54,2.500,0.26,50.0,0.09
9886.00,281.07,17208.73,356.54,2.500,0.26,50.0,0.09
9887.00,280.92,17211.23,356.55,2.500,0.26,50.0,0.09
9888.00,280.77,17213.72,356.55,2.500,0.26,50.0,0.09
9889.00,280.62,17216.22,356.55,2.500,0.26,50.0,0.09
9890.00,280.47,17218.72,356.55,2.500,0.26,50.0,0.09
9891.00,280.32,17221.21,356.55,2.500,0.26,50.0,0.09
9892.00,280.17,17223.71,356.55,2.500,0.26,50.0,0.09
9893.00,280.02,17226.20,356.55,2.500,0.26,50.0,0.09
9894.00,279.87,17228.70,356.56,2.500,0.26,50.0,0.09
9895.00,279.72,17231.19,356.56,2.500,0.26,50.0,0.09
9896.00,279.57,17233.69,356.56,2.500,0.26,50.0,0.09
9897.00,279.42,17236.18,356.56,2.500,0.26,50.0,0.09
9898.00,279.27,17238.68,356.56,2.500,0.26,50.0,0.09
9899.00,279.12,17241.17,356.56,2.500,0.26,50.0,0.09
9900.00,278.97,17243.67,356.56,2.500,0.26,50.0,0.09
9901.00,278.82,17246.17,356.57,2.500,0.26,50.0,0.09
9902.00,278.67,17248.66,356.57,2.500,0.26,50.0,0.09
9903.00,278.52,17251.16,356.57,2.500,0.26,50.0,0.09
9904.00,278.37,17253.65,356.57,2.500,0.26,50.0,0.09
9905.00,278.22,17256.15,356.57,2.500,0.26,50.0,0.09
9906.00,278.07,17258.64,356.57,2.500,0.25,50.0,0.09
9907.00,277.92,17261.14,356.58,2.500,0.25,50.0,0.09
9908.00,277.77,17263.63,356.58,2.500,0.25,50.0,0.09
9909.00,277.62,17266.13,356.58,2.500,0.25,50.0,0.09
9910.00,277.48,17268.63,356.58,2.500,0.25,50.0,0.09
9911.00,277.33,17271.12,356.58,2.500,0.25,50.0,0.09
9912.00,277.18,17273.62,356.58,2.500,0.25,50.0,0.09
9913.00,277.03,17276.11,356.58,2.500,0.25,50.0,0.09
9914.00,276.88,17278.61,356.59,2.500,0.25,50.0,0.09
9915.00,276.73,17281.10,356.59,2.500,0.25,50.0,0.09
9916.00,276.58,17283.60,356.59,2.500,0.25,50.0,0.09
9917.00,276.43,17286.09,356.59,2.500,0.25,50.0,0.09
9918.00,276.28,17288.59,356.59,2.500,0.25,50.0,0.09
9919.00,276.14,17291.09,356.59,2.500,0.25,50.0,0.09
9920.00,275.99,17293.58,356.59,2.500,0.25,50.0,0.09
9921.00,275.84,17296.08,356.60,2.500,0.25,50.0,0.09
9922.00,275.69,17298.57,356.60,2.500,0.25,50.0,0.09
9923.00,275.54,17301.07,356.60,2.500,0.25,50.0,0.09
9924.00,275.39,17303.56,356.60,2.500,0.25,50.0,0.09
9925.00,275.24,17306.06,356.60,2.500,0.25,50.0,0.09
9926.00,275.10,17308.55,356.60,2.500,0.25,50.0,0.09
9927.00,274.95,17311.05,356.60,2.500,0.25,50.0,0.09
9928.00,274.80,17313.55,356.61,2.500,0.25,50.0,0.09
9929.00,274.65,17316.04,356.61,2.500,0.25,50.0,0.09
9930.00,274.50,17318.54,356.61,2.500,0.25,50.0,0.09
9931.00,274.36,17321.03,356.61,2.500,0.25,50.0,0.09
9932.00,274.21,17323.53,356.61,2.500,0.25,50.0,0.09
9933.00,274.06,17326.02,356.61,2.500,0.25,50.0,0.09
9934.00,273.91,17328.52,356.61,2.500,0.25,50.0,0.09
9935.00,273.77,17331.02,356.62,2.500,0.25,50.0,0.09
9936.00,273.62,17333.51,356.62,2.500,0.25,50.0,0.09
9937.00,273.47,17336.01,356.62,2.500,0.25,50.0,0.09
9938.00,273.32,17338.50,356.62,2.500,0.25,50.0,0.09
9939.00,273.18,17341.00,356.62,2.500,0.25,50.0,0.09
9940.00,273.03,17343.49,356.62,2.500,0.25,50.0,0.09
9941.00,272.88,17345.99,356.62,2.500,0.25,50.0,0.09
9942.00,272.73,17348.48,356.63,2.500,0.25,50.0,0.09
9943.00,272.59,17350.98,356.63,2.500,0.25,50.0,0.09
9944.00,272.44,17353.48,356.63,2.500,0.25,50.0,0.09
9945.00,272.29,17355.97,356.63,2.500,0.25,50.0,0.09
9946.00,272.15,17358.47,356.63,2.500,0.25,50.0,0.09
9947.00,272.00,17360.96,356.63,2.500,0.25,50.0,0.09
9948.00,271.85,17363.46,356.64,2.500,0.25,50.0,0.09
9949.00,271.71,17365.95,356.64,2.500,0.25,50.0,0.09
9950.00,271.56,17368.45,356.64,2.500,0.25,50.0,0.09
9951.00,271.41,17370.95,356.64,2.500,0.25,50.0,0.09
9952.00,271.27,17373.44,356.64,2.500,0.25,50.0,0.09
9953.00,271.12,17375.94,356.64,2.500,0.25,50.0,0.09
9954.00,270.97,17378.43,356.64,2.500,0.25,50.0,0.09
9955.00,270.83,17380.93,356.65,2.500,0.25,50.0,0.09
9956.00,270.68,17383.42,356.65,2.500,0.25,50.0,0.09
9957.00,270.53,17385.92,356.65,2.500,0.25,50.0,0.09
9958.00,270.39,17388.42,356.65,2.500,0.25,50.0,0.09
9959.00,270.24,17390.91,356.65,2.500,0.25,50.0,0.09
9960.00,270.10,17393.41,356.65,2.500,0.25,50.0,0.09
9961.00,269.95,17395.90,356.65,2.500,0.25,50.0,0.09
9962.00,269.80,17398.40,356.66,2.500,0.25,50.0,0.09
9963.00,269.66,17400.89,356.66,2.500,0.25,50.0,0.09
9964.00,269.51,17403.39,356.66,2.500,0.25,50.0,0.09
9965.00,269.37,17405.89,356.66,2.500,0.25,50.0,0.09
9966.00,269.22,17408.38,356.66,2.500,0.25,50.0,0.09
9967.00,269.07,17410.88,356.66,2.500,0.25,50.0,0.09
9968.00,268.93,17413.37,356.66,2.500,0.25,50.0,0.09
9969.00,268.78,17415.87,356.67,2.500,0.25,50.0,0.09
9970.00,268.64,17418.36,356.67,2.500,0.25,50.0,0.09
9971.00,268.49,17420.86,356.67,2.500,0.25,50.0,0.09
9972.00,268.35,17423.36,356.67,2.500,0.25,50.0,0.09
9973.00,268.20,17425.85,356.67,2.500,0.25,50.0,0.09
9974.00,268.06,17428.35,356.67,2.500,0.25,50.0,0.09
9975.00,267.91,17430.84,356.67,2.500,0.25,50.0,0.09
9976.00,267.77,17433.34,356.68,2.500,0.25,50.0,0.09
9977.00,267.62,17435.84,356.68,2.500,0.25,50.0,0.09
9978.00,267.48,17438.33,356.68,2.500,0.25,50.0,0.09
9979.00,267.33,17440.83,356.68,2.500,0.25,50.0,0.09
9980.00,267.19,17443.32,356.68,2.500,0.25,50.0,0.09
9981.00,267.04,17445.82,356.68,2.500,0.25,50.0,0.09
9982.00,266.90,17448.31,356.68,2.500,0.25,50.0,0.09
9983.00,266.75,17450.81,356.69,2.500,0.25,50.0,0.09
9984.00,266.61,17453.31,356.69,2.500,0.25,50.0,0.09
9985.00,266.46,17455.80,356.69,2.500,0.25,50.0,0.09
9986.00,266.32,17458.30,356.69,2.500,0.25,50.0,0.09
9987.00,266.18,17460.79,356.69,2.500,0.25,50.0,0.09
9988.00,266.03,17463.29,356.69,2.500,0.25,50.0,0.09
9989.00,265.89,17465.79,356.69,2.500,0.25,50.0,0.09
9990.00,265.74,17468.28,356.70,2.500,0.25,50.0,0.09
9991.00,265.60,17470.78,356.70,2.500,0.25,50.0,0.09
9992.00,265.45,17473.27,356.70,2.500,0.25,50.0,0.09
9993.00,265.31,17475.77,356.70,2.500,0.24,50.0,0.09
9994.00,265.17,17478.26,356.70,2.500,0.24,50.0,0.09
9995.00,265.02,17480.76,356.70,2.500,0.24,50.0,0.09
9996.00,264.88,17483.26,356.70,2.500,0.24,50.0,0.08
9997.00,264.74,17485.75,356.71,2.500,0.24,50.0,0.08
9998.00,264.59,17488.25,356.71,2.500,0.24,50.0,0.08
9999.00,264.45,17490.74,356.71,2.500,0.24,50.0,0.08
10000.00,264.30,17493.24,356.71,2.500,0.24,50.0,0.08
10001.00,264.16,17495.74,356.71,2.500,0.24,50.0,0.08
10002.00,264.02,17498.23,356.71,2.500,0.24,50.0,0.08
10003.00,263.87,17500.73,356.71,2.500,0.24,50.0,0.08
10004.00,263.73,17503.22,356.72,2.500,0.24,50.0,0.08
10005.00,263.59,17505.72,356.72,2.500,0.24,50.0,0.08
10006.00,263.44,17508.21,356.72,2.500,0.24,50.0,0.08
10007.00,263.30,17510.71,356.72,2.500,0.24,50.0,0.08
10008.00,263.16,17513.21,356.72,2.500,0.24,50.0,0.08
10009.00,263.02,17515.70,356.72,2.500,0.24,50.0,0.08
10010.00,262.87,17518.20,356.72,2.500,0.24,50.0,0.08
10011.00,262.73,17520.69,356.72,2.500,0.24,50.0,0.08
10012.00,262.59,17523.19,356.73,2.500,0.24,50.0,0.08
10013.00,262.44,17525.69,356.73,2.500,0.24,50.0,0.08
10014.00,262.30,17528.18,356.73,2.500,0.24,50.0,0.08
10015.00,262.16,17530.68,356.73,2.500,0.24,50.0,0.08
10016.00,262.02,17533.17,356.73,2.500,0.24,50.0,0.08
10017.00,261.87,17535.67,356.73,2.500,0.24,50.0,0.08
10018.00,261.73,17538.17,356.73,2.500,0.24,50.0,0.08
10019.00,261.59,17540.66,356.74,2.500,0.24,50.0,0.08
10020.00,261.45,17543.16,356.74,2.500,0.24,50.0,0.08
10021.00,261.30,17545.65,356.74,2.500,0.24,50.0,0.08
10022.00,261.16,17548.15,356.74,2.500,0.24,50.0,0.08
10023.00,261.02,17550.65,356.74,2.500,0.24,50.0,0.08
10024.00,260.88,17553.14,356.74,2.500,0.24,50.0,0.08
10025.00,260.74,17555.64,356.74,2.500,0.24,50.0,0.08
10026.00,260.59,17558.13,356.75,2.500,0.24,50.0,0.08
10027.00,260.45,17560.63,356.75,2.500,0.24,50.0,0.08
10028.00,260.31,17563.13,356.75,2.500,0.24,50.0,0.08
10029.00,260.17,17565.62,356.75,2.500,0.24,50.0,0.08
10030.00,260.03,17568.12,356.75,2.500,0.24,50.0,0.08
10031.00,259.88,17570.61,356.75,2.500,0.24,50.0,0.08
10032.00,259.74,17573.11,356.75,2.500,0.24,50.0,0.08
10033.00,259.60,17575.61,356.76,2.500,0.24,50.0,0.08
10034.00,259.46,17578.10,356.76,2.500,0.24,50.0,0.08
10035.00,259.32,17580.60,356.76,2.500,0.24,50.0,0.08
10036.00,259.18,17583.09,356.76,2.500,0.24,50.0,0.08
10037.00,259.04,17585.59,356.76,2.500,0.24,50.0,0.08
10038.00,258.89,17588.09,356.76,2.500,0.24,50.0,0.08
10039.00,258.75,17590.58,356.76,2.500,0.24,50.0,0.08
10040.00,258.61,17593.08,356.77,2.500,0.24,50.0,0.08
10041.00,258.47,17595.57,356.77,2.500,0.24,50.0,0.08
10042.00,258.33,17598.07,356.77,2.500,0.24,50.0,0.08
10043.00,258.19,17600.57,356.77,2.500,0.24,50.0,0.08
10044.00,258.05,17603.06,356.77,2.500,0.24,50.0,0.08
10045.00,257.91,17605.56,356.77,2.500,0.24,50.0,0.08
10046.00,257.77,17608.05,356.77,2.500,0.24,50.0,0.08
10047.00,257.63,17610.55,356.78,2.500,0.24,50.0,0.08
10048.00,257.49,17613.05,356.78,2.500,0.24,50.0,0.08
10049.00,257.35,17615.54,356.78,2.500,0.24,50.0,0.08
10050.00,257.20,17618.04,356.78,2.500,0.24,50.0,0.08
10051.00,257.06,17620.53,356.78,2.500,0.24,50.0,0.08
10052.00,256.92,17623.03,356.78,2.500,0.24,50.0,0.08
10053.00,256.78,17625.53,356.78,2.500,0.24,50.0,0.08
10054.00,256.64,17628.02,356.78,2.500,0.24,50.0,0.08
10055.00,256.50,17630.52,356.79,2.500,0.24,50.0,0.08
10056.00,256.36,17633.01,356.79,2.500,0.24,50.0,0.08
10057.00,256.22,17635.51,356.79,2.500,0.24,50.0,0.08
10058.00,256.08,17638.01,356.79,2.500,0.24,50.0,0.08
10059.00,255.94,17640.50,356.79,2.500,0.24,50.0,0.08
10060.00,255.80,17643.00,356.79,2.500,0.24,50.0,0.08
10061.00,255.66,17645.49,356.79,2.500,0.24,50.0,0.08
10062.00,255.52,17647.99,356.80,2.500,0.24,50.0,0.08
10063.00,255.38,17650.49,356.80,2.500,0.24,50.0,0.08
10064.00,255.24,17652.98,356.80,2.500,0.24,50.0,0.08
10065.00,255.10,17655.48,356.80,2.500,0.24,50.0,0.08
10066.00,254.96,17657.98,356.80,2.500,0.24,50.0,0.08
10067.00,254.83,17660.47,356.80,2.500,0.24,50.0,0.08
10068.00,254.69,17662.97,356.80,2.500,0.24,50.0,0.08
10069.00,254.55,17665.46,356.81,2.500,0.24,50.0,0.08
10070.00,254.41,17667.96,356.81,2.500,0.24,50.0,0.08
10071.00,254.27,17670.46,356.81,2.500,0.24,50.0,0.08
10072.00,254.13,17672.95,356.81,2.500,0.24,50.0,0.08
10073.00,253.99,17675.45,356.81,2.500,0.24,50.0,0.08
10074.00,253.85,17677.94,356.81,2.500,0.24,50.0,0.08
10075.00,253.71,17680.44,356.81,2.500,0.24,50.0,0.08
10076.00,253.57,17682.94,356.82,2.500,0.24,50.0,0.08
10077.00,253.43,17685.43,356.82,2.500,0.24,50.0,0.08
10078.00,253.29,17687.93,356.82,2.500,0.24,50.0,0.08
10079.00,253.16,17690.42,356.82,2.500,0.24,50.0,0.08
10080.00,253.02,17692.92,356.82,2.500,0.24,50.0,0.08
10081.00,252.88,17695.42,356.82,2.500,0.24,50.0,0.08
10082.00,252.74,17697.91,356.82,2.500,0.24,50.0,0.08
10083.00,252.60,17700.41,356.82,2.500,0.23,50.0,0.08
10084.00,252.46,17702.91,356.83,2.500,0.23,50.0,0.08
10085.00,252.32,17705.40,356.83,2.500,0.23,50.0,0.08
10086.00,252.19,17707.90,356.83,2.500,0.23,50.0,0.08
10087.00,252.05,17710.39,356.83,2.500,0.23,50.0,0.08
10088.00,251.91,17712.89,356.83,2.500,0.23,50.0,0.08
10089.00,251.77,17715.39,356.83,2.500,0.23,50.0,0.08
10090.00,251.63,17717.88,356.83,2.500,0.23,50.0,0.08
10091.00,251.49,17720.38,356.84,2.500,0.23,50.0,0.08
10092.00,251.36,17722.87,356.84,2.500,0.23,50.0,0.08
10093.00,251.22,17725.37,356.84,2.500,0.23,50.0,0.08
10094.00,251.08,17727.87,356.84,2.500,0.23,50.0,0.08
10095.00,250.94,17730.36,356.84,2.500,0.23,50.0,0.08
10096.00,250.81,17732.86,356.84,2.500,0.23,50.0,0.08
10097.00,250.67,17735.36,356.84,2.500,0.23,50.0,0.08
10098.00,250.53,17737.85,356.84,2.500,0.23,50.0,0.08
10099.00,250.39,17740.35,356.85,2.500,0.23,50.0,0.08
10100.00,250.25,17742.84,356.85,2.500,0.23,50.0,0.08
10101.00,250.12,17745.34,356.85,2.500,0.23,50.0,0.08
10102.00,249.98,17747.84,356.85,2.500,0.23,50.0,0.08
10103.00,249.84,17750.33,356.85,2.500,0.23,50.0,0.08
10104.00,249.71,17752.83,356.85,2.500,0.23,50.0,0.08
10105.00,249.57,17755.33,356.85,2.500,0.23,50.0,0.08
10106.00,249.43,17757.82,356.86,2.500,0.23,50.0,0.08
10107.00,249.29,17760.32,356.86,2.500,0.23,50.0,0.08
10108.00,249.16,17762.81,356.86,2.500,0.23,50.0,0.08
10109.00,249.02,17765.31,356.86,2.500,0.23,50.0,0.08
10110.00,248.88,17767.81,356.86,2.500,0.23,50.0,0.08
10111.00,248.75,17770.30,356.86,2.500,0.23,50.0,0.08
10112.00,248.61,17772.80,356.86,2.500,0.23,50.0,0.08
10113.00,248.47,17775.30,356.87,2.500,0.23,50.0,0.08
10114.00,248.34,17777.79,356.87,2.500,0.23,50.0,0.08
10115.00,248.20,17780.29,356.87,2.500,0.23,50.0,0.08
10116.00,248.06,17782.78,356.87,2.500,0.23,50.0,0.08
10117.00,247.93,17785.28,356.87,2.500,0.23,50.0,0.08
10118.00,247.79,17787.78,356.87,2.500,0.23,50.0,0.08
10119.00,247.65,17790.27,356.87,2.500,0.23,50.0,0.08
10120.00,247.52,17792.77,356.87,2.500,0.23,50.0,0.08
10121.00,247.38,17795.27,356.88,2.500,0.23,50.0,0.08
10122.00,247.24,17797.76,356.88,2.500,0.23,50.0,0.08
10123.00,247.11,17800.26,356.88,2.500,0.23,50.0,0.08
10124.00,246.97,17802.75,356.88,2.500,0.23,50.0,0.08
10125.00,246.84,17805.25,356.88,2.500,0.23,50.0,0.08
10126.00,246.70,17807.75,356.88,2.500,0.23,50.0,0.08
10127.00,246.56,17810.24,356.88,2.500,0.23,50.0,0.08
10128.00,246.43,17812.74,356.89,2.500,0.23,50.0,0.08
10129.00,246.29,17815.24,356.89,2.500,0.23,50.0,0.08
10130.00,246.16,17817.73,356.89,2.500,0.23,50.0,0.08
10131.00,246.02,17820.23,356.89,2.500,0.23,50.0,0.08
10132.00,245.88,17822.72,356.89,2.500,0.23,50.0,0.08
10133.00,245.75,17825.22,356.89,2.500,0.23,50.0,0.08
10134.00,245.61,17827.72,356.89,2.500,0.23,50.0,0.08
10135.00,245.48,17830.21,356.89,2.500,0.23,50.0,0.08
10136.00,245.34,17832.71,356.90,2.500,0.23,50.0,0.08
10137.00,245.21,17835.21,356.90,2.500,0.23,50.0,0.08
10138.00,245.07,17837.70,356.90,2.500,0.23,50.0,0.08
10139.00,244.94,17840.20,356.90,2.500,0.23,50.0,0.08
10140.00,244.80,17842.70,356.90,2.500,0.23,50.0,0.08
10141.00,244.67,17845.19,356.90,2.500,0.23,50.0,0.08
10142.00,244.53,17847.69,356.90,2.500,0.23,50.0,0.08
10143.00,244.40,17850.18,356.91,2.500,0.23,50.0,0.08
10144.00,244.26,17852.68,356.91,2.500,0.23,50.0,0.08
10145.00,244.13,17855.18,356.91,2.500,0.23,50.0,0.08
10146.00,243.99,17857.67,356.91,2.500,0.23,50.0,0.08
10147.00,243.86,17860.17,356.91,2.500,0.23,50.0,0.08
10148.00,243.72,17862.67,356.91,2.500,0.23,50.0,0.08
10149.00,243.59,17865.16,356.91,2.500,0.23,50.0,0.08
10150.00,243.45,17867.66,356.91,2.500,0.23,50.0,0.08
10151.00,243.32,17870.16,356.92,2.500,0.23,50.0,0.08
10152.00,243.18,17872.65,356.92,2.500,0.23,50.0,0.08
10153.00,243.05,17875.15,356.92,2.500,0.23,50.0,0.08
10154.00,242.91,17877.64,356.92,2.500,0.23,50.0,0.08
10155.00,242.78,17880.14,356.92,2.500,0.23,50.0,0.08
10156.00,242.65,17882.64,356.92,2.500,0.23,50.0,0.08
10157.00,242.51,17885.13,356.92,2.500,0.23,50.0,0.08
10158.00,242.38,17887.63,356.92,2.500,0.23,50.0,0.08
10159.00,242.24,17890.13,356.93,2.500,0.23,50.0,0.08
10160.00,242.11,17892.62,356.93,2.500,0.23,50.0,0.08
10161.00,241.98,17895.12,356.93,2.500,0.23,50.0,0.08
10162.00,241.84,17897.62,356.93,2.500,0.23,50.0,0.08
10163.00,241.71,17900.11,356.93,2.500,0.23,50.0,0.08
10164.00,241.57,17902.61,356.93,2.500,0.23,50.0,0.08
10165.00,241.44,17905.11,356.93,2.500,0.23,50.0,0.08
10166.00,241.31,17907.60,356.94,2.500,0.23,50.0,0.08
10167.00,241.17,17910.10,356.94,2.500,0.23,50.0,0.08
10168.00,241.04,17912.59,356.94,2.500,0.23,50.0,0.08
10169.00,240.91,17915.09,356.94,2.500,0.23,50.0,0.08
10170.00,240.77,17917.59,356.94,2.500,0.23,50.0,0.08
10171.00,240.64,17920.08,356.94,2.500,0.23,50.0,0.08
10172.00,240.51,17922.58,356.94,2.500,0.23,50.0,0.08
10173.00,240.37,17925.08,356.94,2.500,0.23,50.0,0.08
10174.00,240.24,17927.57,356.95,2.500,0.23,50.0,0.08
10175.00,240.11,17930.07,356.95,2.500,0.23,50.0,0.08
10176.00,239.97,17932.57,356.95,2.500,0.23,50.0,0.08
10177.00,239.84,17935.06,356.95,2.500,0.23,50.0,0.08
10178.00,239.71,17937.56,356.95,2.500,0.23,50.0,0.08
10179.00,239.57,17940.06,356.95,2.500,0.22,50.0,0.08
10180.00,239.44,17942.55,356.95,2.500,0.22,50.0,0.08
10181.00,239.31,17945.05,356.95,2.500,0.22,50.0,0.08
10182.00,239.17,17947.54,356.96,2.500,0.22,50.0,0.08
10183.00,239.04,17950.04,356.96,2.500,0.22,50.0,0.08
10184.00,238.91,17952.54,356.96,2.500,0.22,50.0,0.08
10185.00,238.78,17955.03,356.96,2.500,0.22,50.0,0.08
10186.00,238.64,17957.53,356.96,2.500,0.22,50.0,0.08
10187.00,238.51,17960.03,356.96,2.500,0.22,50.0,0.08
10188.00,238.38,17962.52,356.96,2.500,0.22,50.0,0.08
10189.00,238.25,17965.02,356.97,2.500,0.22,50.0,0.08
10190.00,238.11,17967.52,356.97,2.500,0.22,50.0,0.08
10191.00,237.98,17970.01,356.97,2.500,0.22,50.0,0.08
10192.00,237.85,17972.51,356.97,2.500,0.22,50.0,0.08
10193.00,237.72,17975.01,356.97,2.500,0.22,50.0,0.08
10194.00,237.59,17977.50,356.97,2.500,0.22,50.0,0.08
10195.00,237.45,17980.00,356.97,2.500,0.22,50.0,0.08
10196.00,237.32,17982.50,356.97,2.500,0.22,50.0,0.08
10197.00,237.19,17984.99,356.98,2.500,0.22,50.0,0.08
10198.00,237.06,17987.49,356.98,2.500,0.22,50.0,0.08
10199.00,236.93,17989.99,356.98,2.500,0.22,50.0,0.08
10200.00,236.79,17992.48,356.98,2.500,0.22,50.0,0.08
10201.00,236.66,17994.98,356.98,2.500,0.22,50.0,0.08
10202.00,236.53,17997.47,356.98,2.500,0.22,50.0,0.08
10203.00,236.40,17999.97,356.98,2.500,0.22,50.0,0.08
10204.00,236.27,18002.47,356.98,2.500,0.22,50.0,0.08
10205.00,236.14,18004.96,356.99,2.500,0.22,50.0,0.08
10206.00,236.00,18007.46,356.99,2.500,0.22,50.0,0.08
10207.00,235.87,18009.96,356.99,2.500,0.22,50.0,0.08
10208.00,235.74,18012.45,356.99,2.500,0.22,50.0,0.08
10209.00,235.61,18014.95,356.99,2.500,0.22,50.0,0.08
10210.00,235.48,18017.45,356.99,2.500,0.22,50.0,0.08
10211.00,235.35,18019.94,356.99,2.500,0.22,50.0,0.08
10212.00,235.22,18022.44,356.99,2.500,0.22,50.0,0.08
10213.00,235.09,18024.94,357.00,2.500,0.22,50.0,0.08
10214.00,234.95,18027.43,357.00,2.500,0.22,50.0,0.08
10215.00,234.82,18029.93,357.00,2.500,0.22,50.0,0.08
10216.00,234.69,18032.43,357.00,2.500,0.22,50.0,0.08
10217.00,234.56,18034.92,357.00,2.500,0.22,50.0,0.08
10218.00,234.43,18037.42,357.00,2.500,0.22,50.0,0.08
10219.00,234.30,18039.92,357.00,2.500,0.22,50.0,0.08
10220.00,234.17,18042.41,357.01,2.500,0.22,50.0,0.08
10221.00,234.04,18044.91,357.01,2.500,0.22,50.0,0.08
10222.00,233.91,18047.41,357.01,2.500,0.22,50.0,0.08
10223.00,233.78,18049.90,357.01,2.500,0.22,50.0,0.08
10224.00,233.65,18052.40,357.01,2.500,0.22,50.0,0.08
10225.00,233.52,18054.90,357.01,2.500,0.22,50.0,0.08
10226.00,233.39,18057.39,357.01,2.500,0.22,50.0,0.08
10227.00,233.26,18059.89,357.01,2.500,0.22,50.0,0.08
10228.00,233.13,18062.39,357.02,2.500,0.22,50.0,0.08
10229.00,233.00,18064.88,357.02,2.500,0.22,50.0,0.08
10230.00,232.87,18067.38,357.02,2.500,0.22,50.0,0.08
10231.00,232.74,18069.88,357.02,2.500,0.22,50.0,0.08
10232.00,232.61,18072.37,357.02,2.500,0.22,50.0,0.08
10233.00,232.48,18074.87,357.02,2.500,0.22,50.0,0.08
10234.00,232.35,18077.37,357.02,2.500,0.22,50.0,0.08
10235.00,232.22,18079.86,357.02,2.500,0.22,50.0,0.08
10236.00,232.09,18082.36,357.03,2.500,0.22,50.0,0.08
10237.00,231.96,18084.86,357.03,2.500,0.22,50.0,0.08
10238.00,231.83,18087.35,357.03,2.500,0.22,50.0,0.08
10239.00,231.70,18089.85,357.03,2.500,0.22,50.0,0.08
10240.00,231.57,18092.35,357.03,2.500,0.22,50.0,0.08
10241.00,231.44,18094.84,357.03,2.500,0.22,50.0,0.08
10242.00,231.31,18097.34,357.03,2.500,0.22,50.0,0.08
10243.00,231.18,18099.84,357.03,2.500,0.22,50.0,0.08
10244.00,231.05,18102.33,357.04,2.500,0.22,50.0,0.08
10245.00,230.92,18104.83,357.04,2.500,0.22,50.0,0.08
10246.00,230.79,18107.32,357.04,2.500,0.22,50.0,0.08
10247.00,230.66,18109.82,357.04,2.500,0.22,50.0,0.08
10248.00,230.53,18112.32,357.04,2.500,0.22,50.0,0.08
10249.00,230.40,18114.81,357.04,2.500,0.22,50.0,0.08
10250.00,230.28,18117.31,357.04,2.500,0.22,50.0,0.08
10251.00,230.15,18119.81,357.04,2.500,0.22,50.0,0.08
10252.00,230.02,18122.30,357.05,2.500,0.22,50.0,0.08
10253.00,229.89,18124.80,357.05,2.500,0.22,50.0,0.08
10254.00,229.76,18127.30,357.05,2.500,0.22,50.0,0.08
10255.00,229.63,18129.80,357.05,2.500,0.22,50.0,0.08
10256.00,229.50,18132.29,357.05,2.500,0.22,50.0,0.08
10257.00,229.37,18134.79,357.05,2.500,0.22,50.0,0.08
10258.00,229.25,18137.29,357.05,2.500,0.22,50.0,0.08
10259.00,229.12,18139.78,357.05,2.500,0.22,50.0,0.08
10260.00,228.99,18142.28,357.06,2.500,0.22,50.0,0.08
10261.00,228.86,18144.78,357.06,2.500,0.22,50.0,0.08
10262.00,228.73,18147.27,357.06,2.500,0.22,50.0,0.08
10263.00,228.60,18149.77,357.06,2.500,0.22,50.0,0.08
10264.00,228.47,18152.27,357.06,2.500,0.22,50.0,0.08
10265.00,228.35,18154.76,357.06,2.500,0.22,50.0,0.08
10266.00,228.22,18157.26,357.06,2.500,0.22,50.0,0.08
10267.00,228.09,18159.76,357.06,2.500,0.22,50.0,0.08
10268.00,227.96,18162.25,357.07,2.500,0.22,50.0,0.07
10269.00,227.83,18164.75,357.07,2.500,0.22,50.0,0.07
10270.00,227.71,18167.25,357.07,2.500,0.22,50.0,0.07
10271.00,227.58,18169.74,357.07,2.500,0.22,50.0,0.07
10272.00,227.45,18172.24,357.07,2.500,0.22,50.0,0.07
10273.00,227.32,18174.74,357.07,2.500,0.22,50.0,0.07
10274.00,227.20,18177.23,357.07,2.500,0.22,50.0,0.07
10275.00,227.07,18179.73,357.07,2.500,0.22,50.0,0.07
10276.00,226.94,18182.23,357.08,2.500,0.22,50.0,0.07
10277.00,226.81,18184.72,357.08,2.500,0.22,50.0,0.07
10278.00,226.69,18187.22,357.08,2.500,0.21,50.0,0.07
10279.00,226.56,18189.72,357.08,2.500,0.21,50.0,0.07
10280.00,226.43,18192.21,357.08,2.500,0.21,50.0,0.07
10281.00,226.30,18194.71,357.08,2.500,0.21,50.0,0.07
10282.00,226.18,18197.21,357.08,2.500,0.21,50.0,0.07
10283.00,226.05,18199.70,357.08,2.500,0.21,50.0,0.07
10284.00,225.92,18202.20,357.09,2.500,0.21,50.0,0.07
10285.00,225.79,18204.70,357.09,2.500,0.21,50.0,0.07
10286.00,225.67,18207.19,357.09,2.500,0.21,50.0,0.07
10287.00,225.54,18209.69,357.09,2.500,0.21,50.0,0.07
10288.00,225.41,18212.19,357.09,2.500,0.21,50.0,0.07
10289.00,225.29,18214.68,357.09,2.500,0.21,50.0,0.07
10290.00,225.16,18217.18,357.09,2.500,0.21,50.0,0.07
10291.00,225.03,18219.68,357.09,2.500,0.21,50.0,0.07
10292.00,224.91,18222.17,357.10,2.500,0.21,50.0,0.07
10293.00,224.78,18224.67,357.10,2.500,0.21,50.0,0.07
10294.00,224.65,18227.17,357.10,2.500,0.21,50.0,0.07
10295.00,224.53,18229.66,357.10,2.500,0.21,50.0,0.07
10296.00,224.40,18232.16,357.10,2.500,0.21,50.0,0.07
10297.00,224.27,18234.66,357.10,2.500,0.21,50.0,0.07
10298.00,224.15,18237.16,357.10,2.500,0.21,50.0,0.07
10299.00,224.02,18239.65,357.10,2.500,0.21,50.0,0.07
10300.00,223.89,18242.15,357.11,2.500,0.21,50.0,0.07
10301.00,223.77,18244.65,357.11,2.500,0.21,50.0,0.07
10302.00,223.64,18247.14,357.11,2.500,0.21,50.0,0.07
10303.00,223.52,18249.64,357.11,2.500,0.21,50.0,0.07
10304.00,223.39,18252.14,357.11,2.500,0.21,50.0,0.07
10305.00,223.26,18254.63,357.11,2.500,0.21,50.0,0.07
10306.00,223.14,18257.13,357.11,2.500,0.21,50.0,0.07
10307.00,223.01,18259.63,357.11,2.500,0.21,50.0,0.07
10308.00,222.89,18262.12,357.12,2.500,0.21,50.0,0.07
10309.00,222.76,18264.62,357.12,2.500,0.21,50.0,0.07
10310.00,222.63,18267.12,357.12,2.500,0.21,50.0,0.07
10311.00,222.51,18269.61,357.12,2.500,0.21,50.0,0.07
10312.00,222.38,18272.11,357.12,2.500,0.21,50.0,0.07
10313.00,222.26,18274.61,357.12,2.500,0.21,50.0,0.07
10314.00,222.13,18277.10,357.12,2.500,0.21,50.0,0.07
10315.00,222.01,18279.60,357.12,2.500,0.21,50.0,0.07
10316.00,221.88,18282.10,357.13,2.500,0.21,50.0,0.07
10317.00,221.76,18284.59,357.13,2.500,0.21,50.0,0.07
10318.00,221.63,18287.09,357.13,2.500,0.21,50.0,0.07
10319.00,221.50,18289.59,357.13,2.500,0.21,50.0,0.07
10320.00,221.38,18292.09,357.13,2.500,0.21,50.0,0.07
10321.00,221.25,18294.58,357.13,2.500,0.21,50.0,0.07
10322.00,221.13,18297.08,357.13,2.500,0.21,50.0,0.07
10323.00,221.00,18299.58,357.13,2.500,0.21,50.0,0.07
10324.00,220.88,18302.07,357.13,2.500,0.21,50.0,0.07
10325.00,220.75,18304.57,357.14,2.500,0.21,50.0,0.07
10326.00,220.63,18307.07,357.14,2.500,0.21,50.0,0.07
10327.00,220.50,18309.56,357.14,2.500,0.21,50.0,0.07
10328.00,220.38,18312.06,357.14,2.500,0.21,50.0,0.07
10329.00,220.25,18314.56,357.14,2.500,0.21,50.0,0.07
10330.00,220.13,18317.05,357.14,2.500,0.21,50.0,0.07
10331.00,220.01,18319.55,357.14,2.500,0.21,50.0,0.07
10332.00,219.88,18322.05,357.14,2.500,0.21,50.0,0.07
10333.00,219.76,18324.54,357.15,2.500,0.21,50.0,0.07
10334.00,219.63,18327.04,357.15,2.500,0.21,50.0,0.07
10335.00,219.51,18329.54,357.15,2.500,0.21,50.0,0.07
10336.00,219.38,18332.04,357.15,2.500,0.21,50.0,0.07
10337.00,219.26,18334.53,357.15,2.500,0.21,50.0,0.07
10338.00,219.13,18337.03,357.15,2.500,0.21,50.0,0.07
10339.00,219.01,18339.53,357.15,2.500,0.21,50.0,0.07
10340.00,218.89,18342.02,357.15,2.500,0.21,50.0,0.07
10341.00,218.76,18344.52,357.16,2.500,0.21,50.0,0.07
10342.00,218.64,18347.02,357.16,2.500,0.21,50.0,0.07
10343.00,218.51,18349.51,357.16,2.500,0.21,50.0,0.07
10344.00,218.39,18352.01,357.16,2.500,0.21,50.0,0.07
10345.00,218.27,18354.51,357.16,2.500,0.21,50.0,0.07
10346.00,218.14,18357.00,357.16,2.500,0.21,50.0,0.07
10347.00,218.02,18359.50,357.16,2.500,0.21,50.0,0.07
10348.00,217.89,18362.00,357.16,2.500,0.21,50.0,0.07
10349.00,217.77,18364.50,357.17,2.500,0.21,50.0,0.07
10350.00,217.65,18366.99,357.17,2.500,0.21,50.0,0.07
10351.00,217.52,18369.49,357.17,2.500,0.21,50.0,0.07
10352.00,217.40,18371.99,357.17,2.500,0.21,50.0,0.07
10353.00,217.28,18374.48,357.17,2.500,0.21,50.0,0.07
10354.00,217.15,18376.98,357.17,2.500,0.21,50.0,0.07
10355.00,217.03,18379.48,357.17,2.500,0.21,50.0,0.07
10356.00,216.91,18381.97,357.17,2.500,0.21,50.0,0.07
10357.00,216.78,18384.47,357.17,2.500,0.21,50.0,0.07
10358.00,216.66,18386.97,357.18,2.500,0.21,50.0,0.07
10359.00,216.54,18389.47,357.18,2.500,0.21,50.0,0.07
10360.00,216.41,18391.96,357.18,2.500,0.21,50.0,0.07
10361.00,216.29,18394.46,357.18,2.500,0.21,50.0,0.07
10362.00,216.17,18396.96,357.18,2.500,0.21,50.0,0.07
10363.00,216.04,18399.45,357.18,2.500,0.21,50.0,0.07
10364.00,215.92,18401.95,357.18,2.500,0.21,50.0,0.07
10365.00,215.80,18404.45,357.18,2.500,0.21,50.0,0.07
10366.00,215.68,18406.94,357.19,2.500,0.21,50.0,0.07
10367.00,215.55,18409.44,357.19,2.500,0.21,50.0,0.07
10368.00,215.43,18411.94,357.19,2.500,0.21,50.0,0.07
10369.00,215.31,18414.43,357.19,2.500,0.21,50.0,0.07
10370.00,215.19,18416.93,357.19,2.500,0.21,50.0,0.07
10371.00,215.06,18419.43,357.19,2.500,0.21,50.0,0.07
10372.00,214.94,18421.93,357.19,2.500,0.21,50.0,0.07
10373.00,214.82,18424.42,357.19,2.500,0.21,50.0,0.07
10374.00,214.70,18426.92,357.20,2.500,0.21,50.0,0.07
10375.00,214.57,18429.42,357.20,2.500,0.21,50.0,0.07
10376.00,214.45,18431.91,357.20,2.500,0.21,50.0,0.07
10377.00,214.33,18434.41,357.20,2.500,0.21,50.0,0.07
10378.00,214.21,18436.91,357.20,2.500,0.21,50.0,0.07
10379.00,214.08,18439.40,357.20,2.500,0.21,50.0,0.07
10380.00,213.96,18441.90,357.20,2.500,0.20,50.0,0.07
10381.00,213.84,18444.40,357.20,2.500,0.20,50.0,0.07
10382.00,213.72,18446.90,357.20,2.500,0.20,50.0,0.07
10383.00,213.60,18449.39,357.21,2.500,0.20,50.0,0.07
10384.00,213.47,18451.89,357.21,2.500,0.20,50.0,0.07
10385.00,213.35,18454.39,357.21,2.500,0.20,50.0,0.07
10386.00,213.23,18456.88,357.21,2.500,0.20,50.0,0.07
10387.00,213.11,18459.38,357.21,2.500,0.20,50.0,0.07
10388.00,212.99,18461.88,357.21,2.500,0.20,50.0,0.07
10389.00,212.87,18464.38,357.21,2.500,0.20,50.0,0.07
10390.00,212.74,18466.87,357.21,2.500,0.20,50.0,0.07
10391.00,212.62,18469.37,357.22,2.500,0.20,50.0,0.07
10392.00,212.50,18471.87,357.22,2.500,0.20,50.0,0.07
10393.00,212.38,18474.36,357.22,2.500,0.20,50.0,0.07
10394.00,212.26,18476.86,357.22,2.500,0.20,50.0,0.07
10395.00,212.14,18479.36,357.22,2.500,0.20,50.0,0.07
10396.00,212.02,18481.85,357.22,2.500,0.20,50.0,0.07
10397.00,211.89,18484.35,357.22,2.500,0.20,50.0,0.07
10398.00,211.77,18486.85,357.22,2.500,0.20,50.0,0.07
10399.00,211.65,18489.35,357.22,2.500,0.20,50.0,0.07
10400.00,211.53,18491.84,357.23,2.500,0.20,50.0,0.07
10401.00,211.41,18494.34,357.23,2.500,0.20,50.0,0.07
10402.00,211.29,18496.84,357.23,2.500,0.20,50.0,0.07
10403.00,211.17,18499.33,357.23,2.500,0.20,50.0,0.07
10404.00,211.05,18501.83,357.23,2.500,0.20,50.0,0.07
10405.00,210.93,18504.33,357.23,2.500,0.20,50.0,0.07
10406.00,210.81,18506.83,357.23,2.500,0.20,50.0,0.07
10407.00,210.69,18509.32,357.23,2.500,0.20,50.0,0.07
10408.00,210.57,18511.82,357.24,2.500,0.20,50.0,0.07
10409.00,210.44,18514.32,357.24,2.500,0.20,50.0,0.07
10410.00,210.32,18516.81,357.24,2.500,0.20,50.0,0.07
10411.00,210.20,18519.31,357.24,2.500,0.20,50.0,0.07
10412.00,210.08,18521.81,357.24,2.500,0.20,50.0,0.07
10413.00,209.96,18524.30,357.24,2.500,0.20,50.0,0.07
10414.00,209.84,18526.80,357.24,2.500,0.20,50.0,0.07
10415.00,209.72,18529.30,357.24,2.500,0.20,50.0,0.07
10416.00,209.60,18531.80,357.24,2.500,0.20,50.0,0.07
10417.00,209.48,18534.29,357.25,2.500,0.20,50.0,0.07
10418.00,209.36,18536.79,357.25,2.500,0.20,50.0,0.07
10419.00,209.24,18539.29,357.25,2.500,0.20,50.0,0.07
10420.00,209.12,18541.78,357.25,2.500,0.20,50.0,0.07
10421.00,209.00,18544.28,357.25,2.500,0.20,50.0,0.07
10422.00,208.88,18546.78,357.25,2.500,0.20,50.0,0.07
10423.00,208.76,18549.28,357.25,2.500,0.20,50.0,0.07
10424.00,208.64,18551.77,357.25,2.500,0.20,50.0,0.07
10425.00,208.52,18554.27,357.26,2.500,0.20,50.0,0.07
10426.00,208.40,18556.77,357.26,2.500,0.20,50.0,0.07
10427.00,208.28,18559.26,357.26,2.500,0.20,50.0,0.07
10428.00,208.16,18561.76,357.26,2.500,0.20,50.0,0.07
10429.00,208.04,18564.26,357.26,2.500,0.20,50.0,0.07
10430.00,207.92,18566.76,357.26,2.500,0.20,50.0,0.07
10431.00,207.80,18569.25,357.26,2.500,0.20,50.0,0.07
10432.00,207.69,18571.75,357.26,2.500,0.20,50.0,0.07
10433.00,207.57,18574.25,357.26,2.500,0.20,50.0,0.07
10434.00,207.45,18576.74,357.27,2.500,0.20,50.0,0.07
10435.00,207.33,18579.24,357.27,2.500,0.20,50.0,0.07
10436.00,207.21,18581.74,357.27,2.500,0.20,50.0,0.07
10437.00,207.09,18584.24,357.27,2.500,0.20,50.0,0.07
10438.00,206.97,18586.73,357.27,2.500,0.20,50.0,0.07
10439.00,206.85,18589.23,357.27,2.500,0.20,50.0,0.07
10440.00,206.73,18591.73,357.27,2.500,0.20,50.0,0.07
10441.00,206.61,18594.22,357.27,2.500,0.20,50.0,0.07
10442.00,206.49,18596.72,357.27,2.500,0.20,50.0,0.07
10443.00,206.37,18599.22,357.28,2.500,0.20,50.0,0.07
10444.00,206.26,18601.72,357.28,2.500,0.20,50.0,0.07
10445.00,206.14,18604.21,357.28,2.500,0.20,50.0,0.07
10446.00,206.02,18606.71,357.28,2.500,0.20,50.0,0.07
10447.00,205.90,18609.21,357.28,2.500,0.20,50.0,0.07
10448.00,205.78,18611.70,357.28,2.500,0.20,50.0,0.07
10449.00,205.66,18614.20,357.28,2.500,0.20,50.0,0.07
10450.00,205.54,18616.70,357.28,2.500,0.20,50.0,0.07
10451.00,205.43,18619.20,357.29,2.500,0.20,50.0,0.07
10452.00,205.31,18621.69,357.29,2.500,0.20,50.0,0.07
10453.00,205.19,18624.19,357.29,2.500,0.20,50.0,0.07
10454.00,205.07,18626.69,357.29,2.500,0.20,50.0,0.07
10455.00,204.95,18629.19,357.29,2.500,0.20,50.0,0.07
10456.00,204.83,18631.68,357.29,2.500,0.20,50.0,0.07
10457.00,204.72,18634.18,357.29,2.500,0.20,50.0,0.07
10458.00,204.60,18636.68,357.29,2.500,0.20,50.0,0.07
10459.00,204.48,18639.17,357.29,2.500,0.20,50.0,0.07
10460.00,204.36,18641.67,357.30,2.500,0.20,50.0,0.07
10461.00,204.24,18644.17,357.30,2.500,0.20,50.0,0.07
10462.00,204.13,18646.67,357.30,2.500,0.20,50.0,0.07
10463.00,204.01,18649.16,357.30,2.500,0.20,50.0,0.07
10464.00,203.89,18651.66,357.30,2.500,0.20,50.0,0.07
10465.00,203.77,18654.16,357.30,2.500,0.20,50.0,0.07
10466.00,203.65,18656.65,357.30,2.500,0.20,50.0,0.07
10467.00,203.54,18659.15,357.30,2.500,0.20,50.0,0.07
10468.00,203.42,18661.65,357.30,2.500,0.20,50.0,0.07
10469.00,203.30,18664.15,357.31,2.500,0.20,50.0,0.07
10470.00,203.18,18666.64,357.31,2.500,0.20,50.0,0.07
10471.00,203.07,18669.14,357.31,2.500,0.20,50.0,0.07
10472.00,202.95,18671.64,357.31,2.500,0.20,50.0,0.07
10473.00,202.83,18674.14,357.31,2.500,0.20,50.0,0.07
10474.00,202.71,18676.63,357.31,2.500,0.20,50.0,0.07
10475.00,202.60,18679.13,357.31,2.500,0.20,50.0,0.07
10476.00,202.48,18681.63,357.31,2.500,0.20,50.0,0.07
10477.00,202.36,18684.12,357.31,2.500,0.20,50.0,0.07
10478.00,202.25,18686.62,357.32,2.500,0.20,50.0,0.07
10479.00,202.13,18689.12,357.32,2.500,0.20,50.0,0.07
10480.00,202.01,18691.62,357.32,2.500,0.20,50.0,0.07
10481.00,201.89,18694.11,357.32,2.500,0.20,50.0,0.07
10482.00,201.78,18696.61,357.32,2.500,0.20,50.0,0.07
10483.00,201.66,18699.11,357.32,2.500,0.20,50.0,0.07
10484.00,201.54,18701.61,357.32,2.500,0.20,50.0,0.07
10485.00,201.43,18704.10,357.32,2.500,0.20,50.0,0.07
10486.00,201.31,18706.60,357.33,2.500,0.20,50.0,0.07
10487.00,201.19,18709.10,357.33,2.500,0.20,50.0,0.07
10488.00,201.08,18711.59,357.33,2.500,0.20,50.0,0.07
10489.00,200.96,18714.09,357.33,2.500,0.20,50.0,0.07
10490.00,200.84,18716.59,357.33,2.500,0.20,50.0,0.07
10491.00,200.73,18719.09,357.33,2.500,0.19,50.0,0.07
10492.00,200.61,18721.58,357.33,2.500,0.19,50.0,0.07
10493.00,200.50,18724.08,357.33,2.500,0.19,50.0,0.07
10494.00,200.38,18726.58,357.33,2.500,0.19,50.0,0.07
10495.00,200.26,18729.08,357.34,2.500,0.19,50.0,0.07
10496.00,200.15,18731.57,357.34,2.500,0.19,50.0,0.07
10497.00,200.03,18734.07,357.34,2.500,0.19,50.0,0.07
10498.00,199.91,18736.57,357.34,2.500,0.19,50.0,0.07
10499.00,199.80,18739.06,357.34,2.500,0.19,50.0,0.07
10500.00,199.68,18741.56,357.34,2.500,0.19,50.0,0.07
10501.00,199.57,18744.06,357.34,2.500,0.19,50.0,0.07
10502.00,199.45,18746.56,357.34,2.500,0.19,50.0,0.07
10503.00,199.33,18749.05,357.34,2.500,0.19,50.0,0.07
10504.00,199.22,18751.55,357.35,2.500,0.19,50.0,0.07
10505.00,199.10,18754.05,357.35,2.500,0.19,50.0,0.07
10506.00,198.99,18756.55,357.35,2.500,0.19,50.0,0.07
10507.00,198.87,18759.04,357.35,2.500,0.19,50.0,0.07
10508.00,198.76,18761.54,357.35,2.500,0.19,50.0,0.07
10509.00,198.64,18764.04,357.35,2.500,0.19,50.0,0.07
10510.00,198.52,18766.53,357.35,2.500,0.19,50.0,0.07
10511.00,198.41,18769.03,357.35,2.500,0.19,50.0,0.07
10512.00,198.29,18771.53,357.35,2.500,0.19,50.0,0.07
10513.00,198.18,18774.03,357.36,2.500,0.19,50.0,0.07
10514.00,198.06,18776.52,357.36,2.500,0.19,50.0,0.07
10515.00,197.95,18779.02,357.36,2.500,0.19,50.0,0.07
10516.00,197.83,18781.52,357.36,2.500,0.19,50.0,0.07
10517.00,197.72,18784.02,357.36,2.500,0.19,50.0,0.07
10518.00,197.60,18786.51,357.36,2.500,0.19,50.0,0.07
10519.00,197.49,18789.01,357.36,2.500,0.19,50.0,0.07
10520.00,197.37,18791.51,357.36,2.500,0.19,50.0,0.07
10521.00,197.26,18794.01,357.36,2.500,0.19,50.0,0.07
10522.00,197.14,18796.50,357.37,2.500,0.19,50.0,0.07
10523.00,197.03,18799.00,357.37,2.500,0.19,50.0,0.07
10524.00,196.91,18801.50,357.37,2.500,0.19,50.0,0.07
10525.00,196.80,18804.00,357.37,2.500,0.19,50.0,0.07
10526.00,196.68,18806.49,357.37,2.500,0.19,50.0,0.07
10527.00,196.57,18808.99,357.37,2.500,0.19,50.0,0.07
10528.00,196.45,18811.49,357.37,2.500,0.19,50.0,0.07
10529.00,196.34,18813.98,357.37,2.500,0.19,50.0,0.07
10530.00,196.22,18816.48,357.37,2.500,0.19,50.0,0.07
10531.00,196.11,18818.98,357.38,2.500,0.19,50.0,0.07
10532.00,195.99,18821.48,357.38,2.500,0.19,50.0,0.07
10533.00,195.88,18823.97,357.38,2.500,0.19,50.0,0.07
10534.00,195.77,18826.47,357.38,2.500,0.19,50.0,0.07
10535.00,195.65,18828.97,357.38,2.500,0.19,50.0,0.07
10536.00,195.54,18831.47,357.38,2.500,0.19,50.0,0.07
10537.00,195.42,18833.96,357.38,2.500,0.19,50.0,0.07
10538.00,195.31,18836.46,357.38,2.500,0.19,50.0,0.07
10539.00,195.19,18838.96,357.38,2.500,0.19,50.0,0.07
10540.00,195.08,18841.46,357.39,2.500,0.19,50.0,0.07
10541.00,194.97,18843.95,357.39,2.500,0.19,50.0,0.07
10542.00,194.85,18846.45,357.39,2.500,0.19,50.0,0.07
10543.00,194.74,18848.95,357.39,2.500,0.19,50.0,0.07
10544.00,194.62,18851.45,357.39,2.500,0.19,50.0,0.07
10545.00,194.51,18853.94,357.39,2.500,0.19,50.0,0.07
10546.00,194.40,18856.44,357.39,2.500,0.19,50.0,0.07
10547.00,194.28,18858.94,357.39,2.500,0.19,50.0,0.07
10548.00,194.17,18861.44,357.39,2.500,0.19,50.0,0.07
10549.00,194.06,18863.93,357.40,2.500,0.19,50.0,0.07
10550.00,193.94,18866.43,357.40,2.500,0.19,50.0,0.07
10551.00,193.83,18868.93,357.40,2.500,0.19,50.0,0.07
10552.00,193.72,18871.42,357.40,2.500,0.19,50.0,0.07
10553.00,193.60,18873.92,357.40,2.500,0.19,50.0,0.07
10554.00,193.49,18876.42,357.40,2.500,0.19,50.0,0.07
10555.00,193.37,18878.92,357.40,2.500,0.19,50.0,0.07
10556.00,193.26,18881.41,357.40,2.500,0.19,50.0,0.07
10557.00,193.15,18883.91,357.40,2.500,0.19,50.0,0.07
10558.00,193.03,18886.41,357.41,2.500,0.19,50.0,0.07
10559.00,192.92,18888.91,357.41,2.500,0.19,50.0,0.07
10560.00,192.81,18891.40,357.41,2.500,0.19,50.0,0.07
10561.00,192.70,18893.90,357.41,2.500,0.19,50.0,0.07
10562.00,192.58,18896.40,357.41,2.500,0.19,50.0,0.07
10563.00,192.47,18898.90,357.41,2.500,0.19,50.0,0.07
10564.00,192.36,18901.39,357.41,2.500,0.19,50.0,0.07
10565.00,192.24,18903.89,357.41,2.500,0.19,50.0,0.07
10566.00,192.13,18906.39,357.41,2.500,0.19,50.0,0.07
10567.00,192.02,18908.89,357.41,2.500,0.19,50.0,0.07
10568.00,191.91,18911.38,357.42,2.500,0.19,50.0,0.07
10569.00,191.79,18913.88,357.42,2.500,0.19,50.0,0.07
10570.00,191.68,18916.38,357.42,2.500,0.19,50.0,0.07
10571.00,191.57,18918.88,357.42,2.500,0.19,50.0,0.07
10572.00,191.45,18921.37,357.42,2.500,0.19,50.0,0.07
10573.00,191.34,18923.87,357.42,2.500,0.19,50.0,0.07
10574.00,191.23,18926.37,357.42,2.500,0.19,50.0,0.07
10575.00,191.12,18928.87,357.42,2.500,0.19,50.0,0.07
10576.00,191.00,18931.36,357.42,2.500,0.19,50.0,0.07
10577.00,190.89,18933.86,357.43,2.500,0.19,50.0,0.07
10578.00,190.78,18936.36,357.43,2.500,0.19,50.0,0.07
10579.00,190.67,18938.86,357.43,2.500,0.19,50.0,0.07
10580.00,190.56,18941.35,357.43,2.500,0.19,50.0,0.06
10581.00,190.44,18943.85,357.43,2.500,0.19,50.0,0.06
10582.00,190.33,18946.35,357.43,2.500,0.19,50.0,0.06
10583.00,190.22,18948.85,357.43,2.500,0.19,50.0,0.06
10584.00,190.11,18951.34,357.43,2.500,0.19,50.0,0.06
10585.00,190.00,18953.84,357.43,2.500,0.19,50.0,0.06
10586.00,189.88,18956.34,357.44,2.500,0.19,50.0,0.06
10587.00,189.77,18958.84,357.44,2.500,0.19,50.0,0.06
10588.00,189.66,18961.33,357.44,2.500,0.19,50.0,0.06
10589.00,189.55,18963.83,357.44,2.500,0.19,50.0,0.06
10590.00,189.44,18966.33,357.44,2.500,0.19,50.0,0.06
10591.00,189.32,18968.83,357.44,2.500,0.19,50.0,0.06
10592.00,189.21,18971.32,357.44,2.500,0.19,50.0,0.06
10593.00,189.10,18973.82,357.44,2.500,0.19,50.0,0.06
10594.00,188.99,18976.32,357.44,2.500,0.19,50.0,0.06
10595.00,188.88,18978.82,357.45,2.500,0.19,50.0,0.06
10596.00,188.77,18981.31,357.45,2.500,0.19,50.0,0.06
10597.00,188.66,18983.81,357.45,2.500,0.19,50.0,0.06
10598.00,188.54,18986.31,357.45,2.500,0.19,50.0,0.06
10599.00,188.43,18988.81,357.45,2.500,0.19,50.0,0.06
10600.00,188.32,18991.30,357.45,2.500,0.19,50.0,0.06
10601.00,188.21,18993.80,357.45,2.500,0.19,50.0,0.06
10602.00,188.10,18996.30,357.45,2.500,0.19,50.0,0.06
10603.00,187.99,18998.80,357.45,2.500,0.19,50.0,0.06
10604.00,187.88,19001.29,357.45,2.500,0.19,50.0,0.06
10605.00,187.77,19003.79,357.46,2.500,0.18,50.0,0.06
10606.00,187.66,19006.29,357.46,2.500,0.18,50.0,0.06
10607.00,187.54,19008.79,357.46,2.500,0.18,50.0,0.06
10608.00,187.43,19011.28,357.46,2.500,0.18,50.0,0.06
10609.00,187.32,19013.78,357.46,2.500,0.18,50.0,0.06
10610.00,187.21,19016.28,357.46,2.500,0.18,50.0,0.06
10611.00,187.10,19018.78,357.46,2.500,0.18,50.0,0.06
10612.00,186.99,19021.27,357.46,2.500,0.18,50.0,0.06
10613.00,186.88,19023.77,357.46,2.500,0.18,50.0,0.06
10614.00,186.77,19026.27,357.47,2.500,0.18,50.0,0.06
10615.00,186.66,19028.77,357.47,2.500,0.18,50.0,0.06
10616.00,186.55,19031.26,357.47,2.500,0.18,50.0,0.06
10617.00,186.44,19033.76,357.47,2.500,0.18,50.0,0.06
10618.00,186.33,19036.26,357.47,2.500,0.18,50.0,0.06
10619.00,186.22,19038.76,357.47,2.500,0.18,50.0,0.06
10620.00,186.11,19041.25,357.47,2.500,0.18,50.0,0.06
10621.00,186.00,19043.75,357.47,2.500,0.18,50.0,0.06
10622.00,185.89,19046.25,357.47,2.500,0.18,50.0,0.06
10623.00,185.78,19048.75,357.48,2.500,0.18,50.0,0.06
10624.00,185.67,19051.24,357.48,2.500,0.18,50.0,0.06
10625.00,185.56,19053.74,357.48,2.500,0.18,50.0,0.06
10626.00,185.45,19056.24,357.48,2.500,0.18,50.0,0.06
10627.00,185.34,19058.74,357.48,2.500,0.18,50.0,0.06
10628.00,185.23,19061.23,357.48,2.500,0.18,50.0,0.06
10629.00,185.12,19063.73,357.48,2.500,0.18,50.0,0.06
10630.00,185.01,19066.23,357.48,2.500,0.18,50.0,0.06
10631.00,184.90,19068.73,357.48,2.500,0.18,50.0,0.06
10632.00,184.79,19071.23,357.48,2.500,0.18,50.0,0.06
10633.00,184.68,19073.72,357.49,2.500,0.18,50.0,0.06
10634.00,184.57,19076.22,357.49,2.500,0.18,50.0,0.06
10635.00,184.46,19078.72,357.49,2.500,0.18,50.0,0.06
10636.00,184.35,19081.22,357.49,2.500,0.18,50.0,0.06
10637.00,184.24,19083.71,357.49,2.500,0.18,50.0,0.06
10638.00,184.13,19086.21,357.49,2.500,0.18,50.0,0.06
10639.00,184.02,19088.71,357.49,2.500,0.18,50.0,0.06
10640.00,183.91,19091.21,357.49,2.500,0.18,50.0,0.06
10641.00,183.80,19093.70,357.49,2.500,0.18,50.0,0.06
10642.00,183.69,19096.20,357.50,2.500,0.18,50.0,0.06
10643.00,183.58,19098.70,357.50,2.500,0.18,50.0,0.06
10644.00,183.47,19101.20,357.50,2.500,0.18,50.0,0.06
10645.00,183.36,19103.69,357.50,2.500,0.18,50.0,0.06
10646.00,183.25,19106.19,357.50,2.500,0.18,50.0,0.06
10647.00,183.15,19108.69,357.50,2.500,0.18,50.0,0.06
10648.00,183.04,19111.19,357.50,2.500,0.18,50.0,0.06
10649.00,182.93,19113.68,357.50,2.500,0.18,50.0,0.06
10650.00,182.82,19116.18,357.50,2.500,0.18,50.0,0.06
10651.00,182.71,19118.68,357.50,2.500,0.18,50.0,0.06
10652.00,182.60,19121.18,357.51,2.500,0.18,50.0,0.06
10653.00,182.49,19123.68,357.51,2.500,0.18,50.0,0.06
10654.00,182.38,19126.17,357.51,2.500,0.18,50.0,0.06
10655.00,182.27,19128.67,357.51,2.500,0.18,50.0,0.06
10656.00,182.17,19131.17,357.51,2.500,0.18,50.0,0.06
10657.00,182.06,19133.67,357.51,2.500,0.18,50.0,0.06
10658.00,181.95,19136.16,357.51,2.500,0.18,50.0,0.06
10659.00,181.84,19138.66,357.51,2.500,0.18,50.0,0.06
10660.00,181.73,19141.16,357.51,2.500,0.18,50.0,0.06
10661.00,181.62,19143.66,357.52,2.500,0.18,50.0,0.06
10662.00,181.52,19146.15,357.52,2.500,0.18,50.0,0.06
10663.00,181.41,19148.65,357.52,2.500,0.18,50.0,0.06
10664.00,181.30,19151.15,357.52,2.500,0.18,50.0,0.06
10665.00,181.19,19153.65,357.52,2.500,0.18,50.0,0.06
10666.00,181.08,19156.14,357.52,2.500,0.18,50.0,0.06
10667.00,180.97,19158.64,357.52,2.500,0.18,50.0,0.06
10668.00,180.87,19161.14,357.52,2.500,0.18,50.0,0.06
10669.00,180.76,19163.64,357.52,2.500,0.18,50.0,0.06
10670.00,180.65,19166.14,357.52,2.500,0.18,50.0,0.06
10671.00,180.54,19168.63,357.53,2.500,0.18,50.0,0.06
10672.00,180.43,19171.13,357.53,2.500,0.18,50.0,0.06
10673.00,180.33,19173.63,357.53,2.500,0.18,50.0,0.06
10674.00,180.22,19176.13,357.53,2.500,0.18,50.0,0.06
10675.00,180.11,19178.62,357.53,2.500,0.18,50.0,0.06
10676.00,180.00,19181.12,357.53,2.500,0.18,50.0,0.06
10677.00,179.89,19183.62,357.53,2.500,0.18,50.0,0.06
10678.00,179.79,19186.12,357.53,2.500,0.18,50.0,0.06
10679.00,179.68,19188.61,357.53,2.500,0.18,50.0,0.06
10680.00,179.57,19191.11,357.53,2.500,0.18,50.0,0.06
10681.00,179.46,19193.61,357.54,2.500,0.18,50.0,0.06
10682.00,179.36,19196.11,357.54,2.500,0.18,50.0,0.06
10683.00,179.25,19198.61,357.54,2.500,0.18,50.0,0.06
10684.00,179.14,19201.10,357.54,2.500,0.18,50.0,0.06
10685.00,179.03,19203.60,357.54,2.500,0.18,50.0,0.06
10686.00,178.93,19206.10,357.54,2.500,0.18,50.0,0.06
10687.00,178.82,19208.60,357.54,2.500,0.18,50.0,0.06
10688.00,178.71,19211.09,357.54,2.500,0.18,50.0,0.06
10689.00,178.61,19213.59,357.54,2.500,0.18,50.0,0.06
10690.00,178.50,19216.09,357.55,2.500,0.18,50.0,0.06
10691.00,178.39,19218.59,357.55,2.500,0.18,50.0,0.06
10692.00,178.28,19221.08,357.55,2.500,0.18,50.0,0.06
10693.00,178.18,19223.58,357.55,2.500,0.18,50.0,0.06
10694.00,178.07,19226.08,357.55,2.500,0.18,50.0,0.06
10695.00,177.96,19228.58,357.55,2.500,0.18,50.0,0.06
10696.00,177.86,19231.08,357.55,2.500,0.18,50.0,0.06
10697.00,177.75,19233.57,357.55,2.500,0.18,50.0,0.06
10698.00,177.64,19236.07,357.55,2.500,0.18,50.0,0.06
10699.00,177.54,19238.57,357.55,2.500,0.18,50.0,0.06
10700.00,177.43,19241.07,357.56,2.500,0.18,50.0,0.06
10701.00,177.32,19243.56,357.56,2.500,0.18,50.0,0.06
10702.00,177.22,19246.06,357.56,2.500,0.18,50.0,0.06
10703.00,177.11,19248.56,357.56,2.500,0.18,50.0,0.06
10704.00,177.00,19251.06,357.56,2.500,0.18,50.0,0.06
10705.00,176.90,19253.55,357.56,2.500,0.18,50.0,0.06
10706.00,176.79,19256.05,357.56,2.500,0.18,50.0,0.06
10707.00,176.68,19258.55,357.56,2.500,0.18,50.0,0.06
10708.00,176.58,19261.05,357.56,2.500,0.18,50.0,0.06
10709.00,176.47,19263.55,357.56,2.500,0.18,50.0,0.06
10710.00,176.37,19266.04,357.57,2.500,0.18,50.0,0.06
10711.00,176.26,19268.54,357.57,2.500,0.18,50.0,0.06
10712.00,176.15,19271.04,357.57,2.500,0.18,50.0,0.06
10713.00,176.05,19273.54,357.57,2.500,0.18,50.0,0.06
10714.00,175.94,19276.03,357.57,2.500,0.18,50.0,0.06
10715.00,175.84,19278.53,357.57,2.500,0.18,50.0,0.06
10716.00,175.73,19281.03,357.57,2.500,0.18,50.0,0.06
10717.00,175.62,19283.53,357.57,2.500,0.18,50.0,0.06
10718.00,175.52,19286.03,357.57,2.500,0.18,50.0,0.06
10719.00,175.41,19288.52,357.57,2.500,0.18,50.0,0.06
10720.00,175.31,19291.02,357.58,2.500,0.18,50.0,0.06
10721.00,175.20,19293.52,357.58,2.500,0.18,50.0,0.06
10722.00,175.09,19296.02,357.58,2.500,0.18,50.0,0.06
10723.00,174.99,19298.51,357.58,2.500,0.18,50.0,0.06
10724.00,174.88,19301.01,357.58,2.500,0.18,50.0,0.06
10725.00,174.78,19303.51,357.58,2.500,0.17,50.0,0.06
10726.00,174.67,19306.01,357.58,2.500,0.17,50.0,0.06
10727.00,174.57,19308.51,357.58,2.500,0.17,50.0,0.06
10728.00,174.46,19311.00,357.58,2.500,0.17,50.0,0.06
10729.00,174.36,19313.50,357.59,2.500,0.17,50.0,0.06
10730.00,174.25,19316.00,357.59,2.500,0.17,50.0,0.06
10731.00,174.15,19318.50,357.59,2.500,0.17,50.0,0.06
10732.00,174.04,19320.99,357.59,2.500,0.17,50.0,0.06
10733.00,173.93,19323.49,357.59,2.500,0.17,50.0,0.06
10734.00,173.83,19325.99,357.59,2.500,0.17,50.0,0.06
10735.00,173.72,19328.49,357.59,2.500,0.17,50.0,0.06
10736.00,173.62,19330.99,357.59,2.500,0.17,50.0,0.06
10737.00,173.51,19333.48,357.59,2.500,0.17,50.0,0.06
10738.00,173.41,19335.98,357.59,2.500,0.17,50.0,0.06
10739.00,173.30,19338.48,357.60,2.500,0.17,50.0,0.06
10740.00,173.20,19340.98,357.60,2.500,0.17,50.0,0.06
10741.00,173.09,19343.47,357.60,2.500,0.17,50.0,0.06
10742.00,172.99,19345.97,357.60,2.500,0.17,50.0,0.06
10743.00,172.89,19348.47,357.60,2.500,0.17,50.0,0.06
10744.00,172.78,19350.97,357.60,2.500,0.17,50.0,0.06
10745.00,172.68,19353.47,357.60,2.500,0.17,50.0,0.06
10746.00,172.57,19355.96,357.60,2.500,0.17,50.0,0.06
10747.00,172.47,19358.46,357.60,2.500,0.17,50.0,0.06
10748.00,172.36,19360.96,357.60,2.500,0.17,50.0,0.06
10749.00,172.26,19363.46,357.61,2.500,0.17,50.0,0.06
10750.00,172.15,19365.95,357.61,2.500,0.17,50.0,0.06
10751.00,172.05,19368.45,357.61,2.500,0.17,50.0,0.06
10752.00,171.94,19370.95,357.61,2.500,0.17,50.0,0.06
10753.00,171.84,19373.45,357.61,2.500,0.17,50.0,0.06
10754.00,171.74,19375.95,357.61,2.500,0.17,50.0,0.06
10755.00,171.63,19378.44,357.61,2.500,0.17,50.0,0.06
10756.00,171.53,19380.94,357.61,2.500,0.17,50.0,0.06
10757.00,171.42,19383.44,357.61,2.500,0.17,50.0,0.06
10758.00,171.32,19385.94,357.61,2.500,0.17,50.0,0.06
10759.00,171.21,19388.44,357.62,2.500,0.17,50.0,0.06
10760.00,171.11,19390.93,357.62,2.500,0.17,50.0,0.06
10761.00,171.01,19393.43,357.62,2.500,0.17,50.0,0.06
10762.00,170.90,19395.93,357.62,2.500,0.17,50.0,0.06
10763.00,170.80,19398.43,357.62,2.500,0.17,50.0,0.06
10764.00,170.69,19400.92,357.62,2.500,0.17,50.0,0.06
10765.00,170.59,19403.42,357.62,2.500,0.17,50.0,0.06
10766.00,170.49,19405.92,357.62,2.500,0.17,50.0,0.06
10767.00,170.38,19408.42,357.62,2.500,0.17,50.0,0.06
10768.00,170.28,19410.92,357.62,2.500,0.17,50.0,0.06
10769.00,170.18,19413.41,357.63,2.500,0.17,50.0,0.06
10770.00,170.07,19415.91,357.63,2.500,0.17,50.0,0.06
10771.00,169.97,19418.41,357.63,2.500,0.17,50.0,0.06
10772.00,169.87,19420.91,357.63,2.500,0.17,50.0,0.06
10773.00,169.76,19423.40,357.63,2.500,0.17,50.0,0.06
10774.00,169.66,19425.90,357.63,2.500,0.17,50.0,0.06
10775.00,169.56,19428.40,357.63,2.500,0.17,50.0,0.06
10776.00,169.45,19430.90,357.63,2.500,0.17,50.0,0.06
10777.00,169.35,19433.40,357.63,2.500,0.17,50.0,0.06
10778.00,169.25,19435.89,357.63,2.500,0.17,50.0,0.06
10779.00,169.14,19438.39,357.64,2.500,0.17,50.0,0.06
10780.00,169.04,19440.89,357.64,2.500,0.17,50.0,0.06
10781.00,168.94,19443.39,357.64,2.500,0.17,50.0,0.06
10782.00,168.83,19445.89,357.64,2.500,0.17,50.0,0.06
10783.00,168.73,19448.38,357.64,2.500,0.17,50.0,0.06
10784.00,168.63,19450.88,357.64,2.500,0.17,50.0,0.06
10785.00,168.52,19453.38,357.64,2.500,0.17,50.0,0.06
10786.00,168.42,19455.88,357.64,2.500,0.17,50.0,0.06
10787.00,168.32,19458.38,357.64,2.500,0.17,50.0,0.06
10788.00,168.22,19460.87,357.64,2.500,0.17,50.0,0.06
10789.00,168.11,19463.37,357.64,2.500,0.17,50.0,0.06
10790.00,168.01,19465.87,357.65,2.500,0.17,50.0,0.06
10791.00,167.91,19468.37,357.65,2.500,0.17,50.0,0.06
10792.00,167.80,19470.86,357.65,2.500,0.17,50.0,0.06
10793.00,167.70,19473.36,357.65,2.500,0.17,50.0,0.06
10794.00,167.60,19475.86,357.65,2.500,0.17,50.0,0.06
10795.00,167.50,19478.36,357.65,2.500,0.17,50.0,0.06
10796.00,167.39,19480.86,357.65,2.500,0.17,50.0,0.06
10797.00,167.29,19483.35,357.65,2.500,0.17,50.0,0.06
10798.00,167.19,19485.85,357.65,2.500,0.17,50.0,0.06
10799.00,167.09,19488.35,357.65,2.500,0.17,50.0,0.06
10800.00,166.98,19490.85,357.66,2.500,0.17,50.0,0.06
10801.00,166.88,19493.35,357.66,2.500,0.17,50.0,0.06
10802.00,166.78,19495.84,357.66,2.500,0.17,50.0,0.06
10803.00,166.68,19498.34,357.66,2.500,0.17,50.0,0.06
10804.00,166.58,19500.84,357.66,2.500,0.17,50.0,0.06
10805.00,166.47,19503.34,357.66,2.500,0.17,50.0,0.06
10806.00,166.37,19505.84,357.66,2.500,0.17,50.0,0.06
10807.00,166.27,19508.33,357.66,2.500,0.17,50.0,0.06
10808.00,166.17,19510.83,357.66,2.500,0.17,50.0,0.06
10809.00,166.07,19513.33,357.66,2.500,0.17,50.0,0.06
10810.00,165.96,19515.83,357.67,2.500,0.17,50.0,0.06
10811.00,165.86,19518.32,357.67,2.500,0.17,50.0,0.06
10812.00,165.76,19520.82,357.67,2.500,0.17,50.0,0.06
10813.00,165.66,19523.32,357.67,2.500,0.17,50.0,0.06
10814.00,165.56,19525.82,357.67,2.500,0.17,50.0,0.06
10815.00,165.46,19528.32,357.67,2.500,0.17,50.0,0.06
10816.00,165.35,19530.81,357.67,2.500,0.17,50.0,0.06
10817.00,165.25,19533.31,357.67,2.500,0.17,50.0,0.06
10818.00,165.15,19535.81,357.67,2.500,0.17,50.0,0.06
10819.00,165.05,19538.31,357.67,2.500,0.17,50.0,0.06
10820.00,164.95,19540.81,357.68,2.500,0.17,50.0,0.06
10821.00,164.85,19543.30,357.68,2.500,0.17,50.0,0.06
10822.00,164.74,19545.80,357.68,2.500,0.17,50.0,0.06
10823.00,164.64,19548.30,357.68,2.500,0.17,50.0,0.06
10824.00,164.54,19550.80,357.68,2.500,0.17,50.0,0.06
10825.00,164.44,19553.30,357.68,2.500,0.17,50.0,0.06
10826.00,164.34,19555.79,357.68,2.500,0.17,50.0,0.06
10827.00,164.24,19558.29,357.68,2.500,0.17,50.0,0.06
10828.00,164.14,19560.79,357.68,2.500,0.17,50.0,0.06
10829.00,164.04,19563.29,357.68,2.500,0.17,50.0,0.06
10830.00,163.94,19565.79,357.68,2.500,0.17,50.0,0.06
10831.00,163.83,19568.28,357.69,2.500,0.17,50.0,0.06
10832.00,163.73,19570.78,357.69,2.500,0.17,50.0,0.06
10833.00,163.63,19573.28,357.69,2.500,0.17,50.0,0.06
10834.00,163.53,19575.78,357.69,2.500,0.17,50.0,0.06
10835.00,163.43,19578.28,357.69,2.500,0.17,50.0,0.06
10836.00,163.33,19580.77,357.69,2.500,0.17,50.0,0.06
10837.00,163.23,19583.27,357.69,2.500,0.17,50.0,0.06
10838.00,163.13,19585.77,357.69,2.500,0.17,50.0,0.06
10839.00,163.03,19588.27,357.69,2.500,0.17,50.0,0.06
10840.00,162.93,19590.77,357.69,2.500,0.17,50.0,0.06
10841.00,162.83,19593.26,357.70,2.500,0.17,50.0,0.06
10842.00,162.73,19595.76,357.70,2.500,0.17,50.0,0.06
10843.00,162.63,19598.26,357.70,2.500,0.17,50.0,0.06
10844.00,162.53,19600.76,357.70,2.500,0.17,50.0,0.06
10845.00,162.43,19603.26,357.70,2.500,0.17,50.0,0.06
10846.00,162.32,19605.75,357.70,2.500,0.17,50.0,0.06
10847.00,162.22,19608.25,357.70,2.500,0.17,50.0,0.06
10848.00,162.12,19610.75,357.70,2.500,0.17,50.0,0.06
10849.00,162.02,19613.25,357.70,2.500,0.17,50.0,0.06
10850.00,161.92,19615.75,357.70,2.500,0.17,50.0,0.06
10851.00,161.82,19618.24,357.71,2.500,0.17,50.0,0.06
10852.00,161.72,19620.74,357.71,2.500,0.17,50.0,0.06
10853.00,161.62,19623.24,357.71,2.500,0.17,50.0,0.06
10854.00,161.52,19625.74,357.71,2.500,0.16,50.0,0.06
10855.00,161.42,19628.24,357.71,2.500,0.16,50.0,0.06
10856.00,161.32,19630.73,357.71,2.500,0.16,50.0,0.06
10857.00,161.22,19633.23,357.71,2.500,0.16,50.0,0.06
10858.00,161.12,19635.73,357.71,2.500,0.16,50.0,0.06
10859.00,161.02,19638.23,357.71,2.500,0.16,50.0,0.06
10860.00,160.92,19640.73,357.71,2.500,0.16,50.0,0.06
10861.00,160.82,19643.22,357.71,2.500,0.16,50.0,0.06
10862.00,160.72,19645.72,357.72,2.500,0.16,50.0,0.06
10863.00,160.62,19648.22,357.72,2.500,0.16,50.0,0.06
10864.00,160.53,19650.72,357.72,2.500,0.16,50.0,0.06
10865.00,160.43,19653.22,357.72,2.500,0.16,50.0,0.06
10866.00,160.33,19655.71,357.72,2.500,0.16,50.0,0.06
10867.00,160.23,19658.21,357.72,2.500,0.16,50.0,0.06
10868.00,160.13,19660.71,357.72,2.500,0.16,50.0,0.06
10869.00,160.03,19663.21,357.72,2.500,0.16,50.0,0.06
10870.00,159.93,19665.71,357.72,2.500,0.16,50.0,0.06
10871.00,159.83,19668.20,357.72,2.500,0.16,50.0,0.06
10872.00,159.73,19670.70,357.72,2.500,0.16,50.0,0.06
10873.00,159.63,19673.20,357.73,2.500,0.16,50.0,0.06
10874.00,159.53,19675.70,357.73,2.500,0.16,50.0,0.06
10875.00,159.43,19678.20,357.73,2.500,0.16,50.0,0.06
10876.00,159.33,19680.69,357.73,2.500,0.16,50.0,0.06
10877.00,159.23,19683.19,357.73,2.500,0.16,50.0,0.06
10878.00,159.14,19685.69,357.73,2.500,0.16,50.0,0.06
10879.00,159.04,19688.19,357.73,2.500,0.16,50.0,0.06
10880.00,158.94,19690.69,357.73,2.500,0.16,50.0,0.06
10881.00,158.84,19693.18,357.73,2.500,0.16,50.0,0.06
10882.00,158.74,19695.68,357.73,2.500,0.16,50.0,0.06
10883.00,158.64,19698.18,357.74,2.500,0.16,50.0,0.06
10884.00,158.54,19700.68,357.74,2.500,0.16,50.0,0.06
10885.00,158.44,19703.18,357.74,2.500,0.16,50.0,0.06
10886.00,158.34,19705.67,357.74,2.500,0.16,50.0,0.06
10887.00,158.25,19708.17,357.74,2.500,0.16,50.0,0.06
10888.00,158.15,19710.67,357.74,2.500,0.16,50.0,0.06
10889.00,158.05,19713.17,357.74,2.500,0.16,50.0,0.06
10890.00,157.95,19715.67,357.74,2.500,0.16,50.0,0.06
10891.00,157.85,19718.16,357.74,2.500,0.16,50.0,0.06
10892.00,157.75,19720.66,357.74,2.500,0.16,50.0,0.06
10893.00,157.65,19723.16,357.74,2.500,0.16,50.0,0.06
10894.00,157.56,19725.66,357.75,2.500,0.16,50.0,0.06
10895.00,157.46,19728.16,357.75,2.500,0.16,50.0,0.06
10896.00,157.36,19730.65,357.75,2.500,0.16,50.0,0.06
10897.00,157.26,19733.15,357.75,2.500,0.16,50.0,0.06
10898.00,157.16,19735.65,357.75,2.500,0.16,50.0,0.06
10899.00,157.06,19738.15,357.75,2.500,0.16,50.0,0.06
10900.00,156.97,19740.65,357.75,2.500,0.16,50.0,0.06
10901.00,156.87,19743.14,357.75,2.500,0.16,50.0,0.06
10902.00,156.77,19745.64,357.75,2.500,0.16,50.0,0.06
10903.00,156.67,19748.14,357.75,2.500,0.16,50.0,0.06
10904.00,156.57,19750.64,357.76,2.500,0.16,50.0,0.06
10905.00,156.48,19753.14,357.76,2.500,0.16,50.0,0.06
10906.00,156.38,19755.64,357.76,2.500,0.16,50.0,0.06
10907.00,156.28,19758.13,357.76,2.500,0.16,50.0,0.06
10908.00,156.18,19760.63,357.76,2.500,0.16,50.0,0.06
10909.00,156.09,19763.13,357.76,2.500,0.16,50.0,0.06
10910.00,155.99,19765.63,357.76,2.500,0.16,50.0,0.06
10911.00,155.89,19768.13,357.76,2.500,0.16,50.0,0.06
10912.00,155.79,19770.62,357.76,2.500,0.16,50.0,0.06
10913.00,155.69,19773.12,357.76,2.500,0.16,50.0,0.06
10914.00,155.60,19775.62,357.76,2.500,0.16,50.0,0.06
10915.00,155.50,19778.12,357.77,2.500,0.16,50.0,0.06
10916.00,155.40,19780.62,357.77,2.500,0.16,50.0,0.06
10917.00,155.30,19783.11,357.77,2.500,0.16,50.0,0.06
10918.00,155.21,19785.61,357.77,2.500,0.16,50.0,0.06
10919.00,155.11,19788.11,357.77,2.500,0.16,50.0,0.06
10920.00,155.01,19790.61,357.77,2.500,0.16,50.0,0.06
10921.00,154.92,19793.11,357.77,2.500,0.16,50.0,0.06
10922.00,154.82,19795.60,357.77,2.500,0.16,50.0,0.06
10923.00,154.72,19798.10,357.77,2.500,0.16,50.0,0.06
10924.00,154.62,19800.60,357.77,2.500,0.16,50.0,0.06
10925.00,154.53,19803.10,357.77,2.500,0.16,50.0,0.06
10926.00,154.43,19805.60,357.78,2.500,0.16,50.0,0.06
10927.00,154.33,19808.10,357.78,2.500,0.16,50.0,0.06
10928.00,154.24,19810.59,357.78,2.500,0.16,50.0,0.06
10929.00,154.14,19813.09,357.78,2.500,0.16,50.0,0.06
10930.00,154.04,19815.59,357.78,2.500,0.16,50.0,0.06
10931.00,153.94,19818.09,357.78,2.500,0.16,50.0,0.06
10932.00,153.85,19820.59,357.78,2.500,0.16,50.0,0.06
10933.00,153.75,19823.08,357.78,2.500,0.16,50.0,0.06
10934.00,153.65,19825.58,357.78,2.500,0.16,50.0,0.06
10935.00,153.56,19828.08,357.78,2.500,0.16,50.0,0.06
10936.00,153.46,19830.58,357.78,2.500,0.16,50.0,0.06
10937.00,153.36,19833.08,357.79,2.500,0.16,50.0,0.06
10938.00,153.27,19835.57,357.79,2.500,0.16,50.0,0.06
10939.00,153.17,19838.07,357.79,2.500,0.16,50.0,0.06
10940.00,153.07,19840.57,357.79,2.500,0.16,50.0,0.06
10941.00,152.98,19843.07,357.79,2.500,0.16,50.0,0.06
10942.00,152.88,19845.57,357.79,2.500,0.16,50.0,0.06
10943.00,152.79,19848.07,357.79,2.500,0.16,50.0,0.06
10944.00,152.69,19850.56,357.79,2.500,0.16,50.0,0.05
10945.00,152.59,19853.06,357.79,2.500,0.16,50.0,0.05
10946.00,152.50,19855.56,357.79,2.500,0.16,50.0,0.05
10947.00,152.40,19858.06,357.79,2.500,0.16,50.0,0.05
10948.00,152.30,19860.56,357.80,2.500,0.16,50.0,0.05
10949.00,152.21,19863.05,357.80,2.500,0.16,50.0,0.05
10950.00,152.11,19865.55,357.80,2.500,0.16,50.0,0.05
10951.00,152.02,19868.05,357.80,2.500,0.16,50.0,0.05
10952.00,151.92,19870.55,357.80,2.500,0.16,50.0,0.05
10953.00,151.82,19873.05,357.80,2.500,0.16,50.0,0.05
10954.00,151.73,19875.55,357.80,2.500,0.16,50.0,0.05
10955.00,151.63,19878.04,357.80,2.500,0.16,50.0,0.05
10956.00,151.54,19880.54,357.80,2.500,0.16,50.0,0.05
10957.00,151.44,19883.04,357.80,2.500,0.16,50.0,0.05
10958.00,151.34,19885.54,357.80,2.500,0.16,50.0,0.05
10959.00,151.25,19888.04,357.81,2.500,0.16,50.0,0.05
10960.00,151.15,19890.53,357.81,2.500,0.16,50.0,0.05
10961.00,151.06,19893.03,357.81,2.500,0.16,50.0,0.05
10962.00,150.96,19895.53,357.81,2.500,0.16,50.0,0.05
10963.00,150.87,19898.03,357.81,2.500,0.16,50.0,0.05
10964.00,150.77,19900.53,357.81,2.500,0.16,50.0,0.05
10965.00,150.67,19903.03,357.81,2.500,0.16,50.0,0.05
10966.00,150.58,19905.52,357.81,2.500,0.16,50.0,0.05
10967.00,150.48,19908.02,357.81,2.500,0.16,50.0,0.05
10968.00,150.39,19910.52,357.81,2.500,0.16,50.0,0.05
10969.00,150.29,19913.02,357.81,2.500,0.16,50.0,0.05
10970.00,150.20,19915.52,357.82,2.500,0.16,50.0,0.05
10971.00,150.10,19918.01,357.82,2.500,0.16,50.0,0.05
10972.00,150.01,19920.51,357.82,2.500,0.16,50.0,0.05
10973.00,149.91,19923.01,357.82,2.500,0.16,50.0,0.05
10974.00,149.82,19925.51,357.82,2.500,0.16,50.0,0.05
10975.00,149.72,19928.01,357.82,2.500,0.16,50.0,0.05
10976.00,149.63,19930.51,357.82,2.500,0.16,50.0,0.05
10977.00,149.53,19933.00,357.82,2.500,0.16,50.0,0.05
10978.00,149.44,19935.50,357.82,2.500,0.16,50.0,0.05
10979.00,149.34,19938.00,357.82,2.500,0.16,50.0,0.05
10980.00,149.25,19940.50,357.82,2.500,0.16,50.0,0.05
10981.00,149.15,19943.00,357.83,2.500,0.16,50.0,0.05
10982.00,149.06,19945.49,357.83,2.500,0.16,50.0,0.05
10983.00,148.96,19947.99,357.83,2.500,0.16,50.0,0.05
10984.00,148.87,19950.49,357.83,2.500,0.16,50.0,0.05
10985.00,148.77,19952.99,357.83,2.500,0.16,50.0,0.05
10986.00,148.68,19955.49,357.83,2.500,0.16,50.0,0.05
10987.00,148.58,19957.99,357.83,2.500,0.16,50.0,0.05
10988.00,148.49,19960.48,357.83,2.500,0.16,50.0,0.05
10989.00,148.39,19962.98,357.83,2.500,0.15,50.0,0.05
10990.00,148.30,19965.48,357.83,2.500,0.15,50.0,0.05
10991.00,148.21,19967.98,357.83,2.500,0.15,50.0,0.05
10992.00,148.11,19970.48,357.84,2.500,0.15,50.0,0.05
10993.00,148.02,19972.97,357.84,2.500,0.15,50.0,0.05
10994.00,147.92,19975.47,357.84,2.500,0.15,50.0,0.05
10995.00,147.83,19977.97,357.84,2.500,0.15,50.0,0.05
10996.00,147.73,19980.47,357.84,2.500,0.15,50.0,0.05
10997.00,147.64,19982.97,357.84,2.500,0.15,50.0,0.05
10998.00,147.54,19985.47,357.84,2.500,0.15,50.0,0.05
10999.00,147.45,19987.96,357.84,2.500,0.15,50.0,0.05
11000.00,147.36,19990.46,357.84,2.500,0.15,50.0,0.05
11001.00,147.26,19992.96,357.84,2.500,0.15,50.0,0.05
11002.00,147.17,19995.46,357.84,2.500,0.15,50.0,0.05
11003.00,147.07,19997.96,357.85,2.500,0.15,50.0,0.05
11004.00,146.98,20000.45,357.85,2.500,0.15,50.0,0.05
11005.00,146.89,20002.95,357.85,2.500,0.15,50.0,0.05
11006.00,146.79,20005.45,357.85,2.500,0.15,50.0,0.05
11007.00,146.70,20007.95,357.85,2.500,0.15,50.0,0.05
11008.00,146.60,20010.45,357.85,2.500,0.15,50.0,0.05
11009.00,146.51,20012.95,357.85,2.500,0.15,50.0,0.05
11010.00,146.42,20015.44,357.85,2.500,0.15,50.0,0.05
11011.00,146.32,20017.94,357.85,2.500,0.15,50.0,0.05
11012.00,146.23,20020.44,357.85,2.500,0.15,50.0,0.05
11013.00,146.14,20022.94,357.85,2.500,0.15,50.0,0.05
11014.00,146.04,20025.44,357.86,2.500,0.15,50.0,0.05
11015.00,145.95,20027.94,357.86,2.500,0.15,50.0,0.05
11016.00,145.86,20030.43,357.86,2.500,0.15,50.0,0.05
11017.00,145.76,20032.93,357.86,2.500,0.15,50.0,0.05
11018.00,145.67,20035.43,357.86,2.500,0.15,50.0,0.05
11019.00,145.57,20037.93,357.86,2.500,0.15,50.0,0.05
11020.00,145.48,20040.43,357.86,2.500,0.15,50.0,0.05
11021.00,145.39,20042.93,357.86,2.500,0.15,50.0,0.05
11022.00,145.29,20045.42,357.86,2.500,0.15,50.0,0.05
11023.00,145.20,20047.92,357.86,2.500,0.15,50.0,0.05
11024.00,145.11,20050.42,357.86,2.500,0.15,50.0,0.05
11025.00,145.02,20052.92,357.86,2.500,0.15,50.0,0.05
11026.00,144.92,20055.42,357.87,2.500,0.15,50.0,0.05
11027.00,144.83,20057.91,357.87,2.500,0.15,50.0,0.05
11028.00,144.74,20060.41,357.87,2.500,0.15,50.0,0.05
11029.00,144.64,20062.91,357.87,2.500,0.15,50.0,0.05
11030.00,144.55,20065.41,357.87,2.500,0.15,50.0,0.05
11031.00,144.46,20067.91,357.87,2.500,0.15,50.0,0.05
11032.00,144.36,20070.41,357.87,2.500,0.15,50.0,0.05
11033.00,144.27,20072.90,357.87,2.500,0.15,50.0,0.05
11034.00,144.18,20075.40,357.87,2.500,0.15,50.0,0.05
11035.00,144.09,20077.90,357.87,2.500,0.15,50.0,0.05
11036.00,143.99,20080.40,357.87,2.500,0.15,50.0,0.05
11037.00,143.90,20082.90,357.88,2.500,0.15,50.0,0.05
11038.00,143.81,20085.40,357.88,2.500,0.15,50.0,0.05
11039.00,143.71,20087.89,357.88,2.500,0.15,50.0,0.05
11040.00,143.62,20090.39,357.88,2.500,0.15,50.0,0.05
11041.00,143.53,20092.89,357.88,2.500,0.15,50.0,0.05
11042.00,143.44,20095.39,357.88,2.500,0.15,50.0,0.05
11043.00,143.34,20097.89,357.88,2.500,0.15,50.0,0.05
11044.00,143.25,20100.39,357.88,2.500,0.15,50.0,0.05
11045.00,143.16,20102.88,357.88,2.500,0.15,50.0,0.05
11046.00,143.07,20105.38,357.88,2.500,0.15,50.0,0.05
11047.00,142.98,20107.88,357.88,2.500,0.15,50.0,0.05
11048.00,142.88,20110.38,357.89,2.500,0.15,50.0,0.05
11049.00,142.79,20112.88,357.89,2.500,0.15,50.0,0.05
11050.00,142.70,20115.38,357.89,2.500,0.15,50.0,0.05
11051.00,142.61,20117.87,357.89,2.500,0.15,50.0,0.05
11052.00,142.51,20120.37,357.89,2.500,0.15,50.0,0.05
11053.00,142.42,20122.87,357.89,2.500,0.15,50.0,0.05
11054.00,142.33,20125.37,357.89,2.500,0.15,50.0,0.05
11055.00,142.24,20127.87,357.89,2.500,0.15,50.0,0.05
11056.00,142.15,20130.37,357.89,2.500,0.15,50.0,0.05
11057.00,142.05,20132.86,357.89,2.500,0.15,50.0,0.05
11058.00,141.96,20135.36,357.89,2.500,0.15,50.0,0.05
11059.00,141.87,20137.86,357.89,2.500,0.15,50.0,0.05
11060.00,141.78,20140.36,357.90,2.500,0.15,50.0,0.05
11061.00,141.69,20142.86,357.90,2.500,0.15,50.0,0.05
11062.00,141.59,20145.35,357.90,2.500,0.15,50.0,0.05
11063.00,141.50,20147.85,357.90,2.500,0.15,50.0,0.05
11064.00,141.41,20150.35,357.90,2.500,0.15,50.0,0.05
11065.00,141.32,20152.85,357.90,2.500,0.15,50.0,0.05
11066.00,141.23,20155.35,357.90,2.500,0.15,50.0,0.05
11067.00,141.14,20157.85,357.90,2.500,0.15,50.0,0.05
11068.00,141.04,20160.34,357.90,2.500,0.15,50.0,0.05
11069.00,140.95,20162.84,357.90,2.500,0.15,50.0,0.05
11070.00,140.86,20165.34,357.90,2.500,0.15,50.0,0.05
11071.00,140.77,20167.84,357.91,2.500,0.15,50.0,0.05
11072.00,140.68,20170.34,357.91,2.500,0.15,50.0,0.05
11073.00,140.59,20172.84,357.91,2.500,0.15,50.0,0.05
11074.00,140.50,20175.33,357.91,2.500,0.15,50.0,0.05
11075.00,140.41,20177.83,357.91,2.500,0.15,50.0,0.05
11076.00,140.31,20180.33,357.91,2.500,0.15,50.0,0.05
11077.00,140.22,20182.83,357.91,2.500,0.15,50.0,0.05
11078.00,140.13,20185.33,357.91,2.500,0.15,50.0,0.05
11079.00,140.04,20187.83,357.91,2.500,0.15,50.0,0.05
11080.00,139.95,20190.32,357.91,2.500,0.15,50.0,0.05
11081.00,139.86,20192.82,357.91,2.500,0.15,50.0,0.05
11082.00,139.77,20195.32,357.91,2.500,0.15,50.0,0.05
11083.00,139.68,20197.82,357.92,2.500,0.15,50.0,0.05
11084.00,139.59,20200.32,357.92,2.500,0.15,50.0,0.05
11085.00,139.49,20202.82,357.92,2.500,0.15,50.0,0.05
11086.00,139.40,20205.31,357.92,2.500,0.15,50.0,0.05
11087.00,139.31,20207.81,357.92,2.500,0.15,50.0,0.05
11088.00,139.22,20210.31,357.92,2.500,0.15,50.0,0.05
11089.00,139.13,20212.81,357.92,2.500,0.15,50.0,0.05
11090.00,139.04,20215.31,357.92,2.500,0.15,50.0,0.05
11091.00,138.95,20217.81,357.92,2.500,0.15,50.0,0.05
11092.00,138.86,20220.31,357.92,2.500,0.15,50.0,0.05
11093.00,138.77,20222.80,357.92,2.500,0.15,50.0,0.05
11094.00,138.68,20225.30,357.92,2.500,0.15,50.0,0.05
11095.00,138.59,20227.80,357.93,2.500,0.15,50.0,0.05
11096.00,138.50,20230.30,357.93,2.500,0.15,50.0,0.05
11097.00,138.41,20232.80,357.93,2.500,0.15,50.0,0.05
11098.00,138.32,20235.30,357.93,2.500,0.15,50.0,0.05
11099.00,138.23,20237.79,357.93,2.500,0.15,50.0,0.05
11100.00,138.14,20240.29,357.93,2.500,0.15,50.0,0.05
11101.00,138.05,20242.79,357.93,2.500,0.15,50.0,0.05
11102.00,137.95,20245.29,357.93,2.500,0.15,50.0,0.05
11103.00,137.86,20247.79,357.93,2.500,0.15,50.0,0.05
11104.00,137.77,20250.29,357.93,2.500,0.15,50.0,0.05
11105.00,137.68,20252.78,357.93,2.500,0.15,50.0,0.05
11106.00,137.59,20255.28,357.94,2.500,0.15,50.0,0.05
11107.00,137.50,20257.78,357.94,2.500,0.15,50.0,0.05
11108.00,137.41,20260.28,357.94,2.500,0.15,50.0,0.05
11109.00,137.32,20262.78,357.94,2.500,0.15,50.0,0.05
11110.00,137.23,20265.28,357.94,2.500,0.15,50.0,0.05
11111.00,137.14,20267.77,357.94,2.500,0.15,50.0,0.05
11112.00,137.05,20270.27,357.94,2.500,0.15,50.0,0.05
11113.00,136.96,20272.77,357.94,2.500,0.15,50.0,0.05
11114.00,136.87,20275.27,357.94,2.500,0.15,50.0,0.05
11115.00,136.78,20277.77,357.94,2.500,0.15,50.0,0.05
11116.00,136.70,20280.27,357.94,2.500,0.15,50.0,0.05
11117.00,136.61,20282.76,357.94,2.500,0.15,50.0,0.05
11118.00,136.52,20285.26,357.95,2.500,0.15,50.0,0.05
11119.00,136.43,20287.76,357.95,2.500,0.15,50.0,0.05
11120.00,136.34,20290.26,357.95,2.500,0.15,50.0,0.05
11121.00,136.25,20292.76,357.95,2.500,0.15,50.0,0.05
11122.00,136.16,20295.26,357.95,2.500,0.15,50.0,0.05
11123.00,136.07,20297.75,357.95,2.500,0.15,50.0,0.05
11124.00,135.98,20300.25,357.95,2.500,0.15,50.0,0.05
11125.00,135.89,20302.75,357.95,2.500,0.15,50.0,0.05
11126.00,135.80,20305.25,357.95,2.500,0.15,50.0,0.05
11127.00,135.71,20307.75,357.95,2.500,0.15,50.0,0.05
11128.00,135.62,20310.25,357.95,2.500,0.15,50.0,0.05
11129.00,135.53,20312.75,357.95,2.500,0.15,50.0,0.05
11130.00,135.44,20315.24,357.96,2.500,0.15,50.0,0.05
11131.00,135.35,20317.74,357.96,2.500,0.15,50.0,0.05
11132.00,135.26,20320.24,357.96,2.500,0.15,50.0,0.05
11133.00,135.18,20322.74,357.96,2.500,0.15,50.0,0.05
11134.00,135.09,20325.24,357.96,2.500,0.15,50.0,0.05
11135.00,135.00,20327.74,357.96,2.500,0.15,50.0,0.05
11136.00,134.91,20330.23,357.96,2.500,0.14,50.0,0.05
11137.00,134.82,20332.73,357.96,2.500,0.14,50.0,0.05
11138.00,134.73,20335.23,357.96,2.500,0.14,50.0,0.05
11139.00,134.64,20337.73,357.96,2.500,0.14,50.0,0.05
11140.00,134.55,20340.23,357.96,2.500,0.14,50.0,0.05
11141.00,134.46,20342.73,357.96,2.500,0.14,50.0,0.05
11142.00,134.37,20345.22,357.97,2.500,0.14,50.0,0.05
11143.00,134.29,20347.72,357.97,2.500,0.14,50.0,0.05
11144.00,134.20,20350.22,357.97,2.500,0.14,50.0,0.05
11145.00,134.11,20352.72,357.97,2.500,0.14,50.0,0.05
11146.00,134.02,20355.22,357.97,2.500,0.14,50.0,0.05
11147.00,133.93,20357.72,357.97,2.500,0.14,50.0,0.05
11148.00,133.84,20360.22,357.97,2.500,0.14,50.0,0.05
11149.00,133.75,20362.71,357.97,2.500,0.14,50.0,0.05
11150.00,133.67,20365.21,357.97,2.500,0.14,50.0,0.05
11151.00,133.58,20367.71,357.97,2.500,0.14,50.0,0.05
11152.00,133.49,20370.21,357.97,2.500,0.14,50.0,0.05
11153.00,133.40,20372.71,357.97,2.500,0.14,50.0,0.05
11154.00,133.31,20375.21,357.98,2.500,0.14,50.0,0.05
11155.00,133.22,20377.70,357.98,2.500,0.14,50.0,0.05
11156.00,133.14,20380.20,357.98,2.500,0.14,50.0,0.05
11157.00,133.05,20382.70,357.98,2.500,0.14,50.0,0.05
11158.00,132.96,20385.20,357.98,2.500,0.14,50.0,0.05
11159.00,132.87,20387.70,357.98,2.500,0.14,50.0,0.05
11160.00,132.78,20390.20,357.98,2.500,0.14,50.0,0.05
11161.00,132.69,20392.69,357.98,2.500,0.14,50.0,0.05
11162.00,132.61,20395.19,357.98,2.500,0.14,50.0,0.05
11163.00,132.52,20397.69,357.98,2.500,0.14,50.0,0.05
11164.00,132.43,20400.19,357.98,2.500,0.14,50.0,0.05
11165.00,132.34,20402.69,357.98,2.500,0.14,50.0,0.05
11166.00,132.25,20405.19,357.99,2.500,0.14,50.0,0.05
11167.00,132.17,20407.69,357.99,2.500,0.14,50.0,0.05
11168.00,132.08,20410.18,357.99,2.500,0.14,50.0,0.05
11169.00,131.99,20412.68,357.99,2.500,0.14,50.0,0.05
11170.00,131.90,20415.18,357.99,2.500,0.14,50.0,0.05
11171.00,131.82,20417.68,357.99,2.500,0.14,50.0,0.05
11172.00,131.73,20420.18,357.99,2.500,0.14,50.0,0.05
11173.00,131.64,20422.68,357.99,2.500,0.14,50.0,0.05
11174.00,131.55,20425.17,357.99,2.500,0.14,50.0,0.05
11175.00,131.46,20427.67,357.99,2.500,0.14,50.0,0.05
11176.00,131.38,20430.17,357.99,2.500,0.14,50.0,0.05
11177.00,131.29,20432.67,357.99,2.500,0.14,50.0,0.05
11178.00,131.20,20435.17,358.00,2.500,0.14,50.0,0.05
11179.00,131.11,20437.67,358.00,2.500,0.14,50.0,0.05
11180.00,131.03,20440.17,358.00,2.500,0.14,50.0,0.05
11181.00,130.94,20442.66,358.00,2.500,0.14,50.0,0.05
11182.00,130.85,20445.16,358.00,2.500,0.14,50.0,0.05
11183.00,130.77,20447.66,358.00,2.500,0.14,50.0,0.05
11184.00,130.68,20450.16,358.00,2.500,0.14,50.0,0.05
11185.00,130.59,20452.66,358.00,2.500,0.14,50.0,0.05
11186.00,130.50,20455.16,358.00,2.500,0.14,50.0,0.05
11187.00,130.42,20457.65,358.00,2.500,0.14,50.0,0.05
11188.00,130.33,20460.15,358.00,2.500,0.14,50.0,0.05
11189.00,130.24,20462.65,358.00,2.500,0.14,50.0,0.05
11190.00,130.16,20465.15,358.01,2.500,0.14,50.0,0.05
11191.00,130.07,20467.65,358.01,2.500,0.14,50.0,0.05
11192.00,129.98,20470.15,358.01,2.500,0.14,50.0,0.05
11193.00,129.89,20472.65,358.01,2.500,0.14,50.0,0.05
11194.00,129.81,20475.14,358.01,2.500,0.14,50.0,0.05
11195.00,129.72,20477.64,358.01,2.500,0.14,50.0,0.05
11196.00,129.63,20480.14,358.01,2.500,0.14,50.0,0.05
11197.00,129.55,20482.64,358.01,2.500,0.14,50.0,0.05
11198.00,129.46,20485.14,358.01,2.500,0.14,50.0,0.05
11199.00,129.37,20487.64,358.01,2.500,0.14,50.0,0.05
11200.00,129.29,20490.14,358.01,2.500,0.14,50.0,0.05
11201.00,129.20,20492.63,358.01,2.500,0.14,50.0,0.05
11202.00,129.11,20495.13,358.01,2.500,0.14,50.0,0.05
11203.00,129.03,20497.63,358.02,2.500,0.14,50.0,0.05
11204.00,128.94,20500.13,358.02,2.500,0.14,50.0,0.05
11205.00,128.85,20502.63,358.02,2.500,0.14,50.0,0.05
11206.00,128.77,20505.13,358.02,2.500,0.14,50.0,0.05
11207.00,128.68,20507.62,358.02,2.500,0.14,50.0,0.05
11208.00,128.59,20510.12,358.02,2.500,0.14,50.0,0.05
11209.00,128.51,20512.62,358.02,2.500,0.14,50.0,0.05
11210.00,128.42,20515.12,358.02,2.500,0.14,50.0,0.05
11211.00,128.34,20517.62,358.02,2.500,0.14,50.0,0.05
11212.00,128.25,20520.12,358.02,2.500,0.14,50.0,0.05
11213.00,128.16,20522.62,358.02,2.500,0.14,50.0,0.05
11214.00,128.08,20525.11,358.02,2.500,0.14,50.0,0.05
11215.00,127.99,20527.61,358.03,2.500,0.14,50.0,0.05
11216.00,127.90,20530.11,358.03,2.500,0.14,50.0,0.05
11217.00,127.82,20532.61,358.03,2.500,0.14,50.0,0.05
11218.00,127.73,20535.11,358.03,2.500,0.14,50.0,0.05
11219.00,127.65,20537.61,358.03,2.500,0.14,50.0,0.05
11220.00,127.56,20540.11,358.03,2.500,0.14,50.0,0.05
11221.00,127.47,20542.60,358.03,2.500,0.14,50.0,0.05
11222.00,127.39,20545.10,358.03,2.500,0.14,50.0,0.05
11223.00,127.30,20547.60,358.03,2.500,0.14,50.0,0.05
11224.00,127.22,20550.10,358.03,2.500,0.14,50.0,0.05
11225.00,127.13,20552.60,358.03,2.500,0.14,50.0,0.05
11226.00,127.04,20555.10,358.03,2.500,0.14,50.0,0.05
11227.00,126.96,20557.60,358.04,2.500,0.14,50.0,0.05
11228.00,126.87,20560.09,358.04,2.500,0.14,50.0,0.05
11229.00,126.79,20562.59,358.04,2.500,0.14,50.0,0.05
11230.00,126.70,20565.09,358.04,2.500,0.14,50.0,0.05
11231.00,126.62,20567.59,358.04,2.500,0.14,50.0,0.05
11232.00,126.53,20570.09,358.04,2.500,0.14,50.0,0.05
11233.00,126.45,20572.59,358.04,2.500,0.14,50.0,0.05
11234.00,126.36,20575.08,358.04,2.500,0.14,50.0,0.05
11235.00,126.27,20577.58,358.04,2.500,0.14,50.0,0.05
11236.00,126.19,20580.08,358.04,2.500,0.14,50.0,0.05
11237.00,126.10,20582.58,358.04,2.500,0.14,50.0,0.05
11238.00,126.02,20585.08,358.04,2.500,0.14,50.0,0.05
11239.00,125.93,20587.58,358.04,2.500,0.14,50.0,0.05
11240.00,125.85,20590.08,358.05,2.500,0.14,50.0,0.05
11241.00,125.76,20592.57,358.05,2.500,0.14,50.0,0.05
11242.00,125.68,20595.07,358.05,2.500,0.14,50.0,0.05
11243.00,125.59,20597.57,358.05,2.500,0.14,50.0,0.05
11244.00,125.51,20600.07,358.05,2.500,0.14,50.0,0.05
11245.00,125.42,20602.57,358.05,2.500,0.14,50.0,0.05
11246.00,125.34,20605.07,358.05,2.500,0.14,50.0,0.05
11247.00,125.25,20607.57,358.05,2.500,0.14,50.0,0.05
11248.00,125.17,20610.06,358.05,2.500,0.14,50.0,0.05
11249.00,125.08,20612.56,358.05,2.500,0.14,50.0,0.05
11250.00,125.00,20615.06,358.05,2.500,0.14,50.0,0.05
11251.00,124.91,20617.56,358.05,2.500,0.14,50.0,0.05
11252.00,124.83,20620.06,358.06,2.500,0.14,50.0,0.05
11253.00,124.74,20622.56,358.06,2.500,0.14,50.0,0.05
11254.00,124.66,20625.06,358.06,2.500,0.14,50.0,0.05
11255.00,124.57,20627.55,358.06,2.500,0.14,50.0,0.05
11256.00,124.49,20630.05,358.06,2.500,0.14,50.0,0.05
11257.00,124.40,20632.55,358.06,2.500,0.14,50.0,0.05
11258.00,124.32,20635.05,358.06,2.500,0.14,50.0,0.05
11259.00,124.23,20637.55,358.06,2.500,0.14,50.0,0.05
11260.00,124.15,20640.05,358.06,2.500,0.14,50.0,0.05
11261.00,124.06,20642.55,358.06,2.500,0.14,50.0,0.05
11262.00,123.98,20645.04,358.06,2.500,0.14,50.0,0.05
11263.00,123.90,20647.54,358.06,2.500,0.14,50.0,0.05
11264.00,123.81,20650.04,358.06,2.500,0.14,50.0,0.05
11265.00,123.73,20652.54,358.07,2.500,0.14,50.0,0.05
11266.00,123.64,20655.04,358.07,2.500,0.14,50.0,0.05
11267.00,123.56,20657.54,358.07,2.500,0.14,50.0,0.05
11268.00,123.47,20660.04,358.07,2.500,0.14,50.0,0.05
11269.00,123.39,20662.53,358.07,2.500,0.14,50.0,0.05
11270.00,123.30,20665.03,358.07,2.500,0.14,50.0,0.05
11271.00,123.22,20667.53,358.07,2.500,0.14,50.0,0.05
11272.00,123.14,20670.03,358.07,2.500,0.14,50.0,0.05
11273.00,123.05,20672.53,358.07,2.500,0.14,50.0,0.05
11274.00,122.97,20675.03,358.07,2.500,0.14,50.0,0.05
11275.00,122.88,20677.53,358.07,2.500,0.14,50.0,0.05
11276.00,122.80,20680.02,358.07,2.500,0.14,50.0,0.05
11277.00,122.72,20682.52,358.07,2.500,0.14,50.0,0.05
11278.00,122.63,20685.02,358.08,2.500,0.14,50.0,0.05
11279.00,122.55,20687.52,358.08,2.500,0.14,50.0,0.05
11280.00,122.46,20690.02,358.08,2.500,0.14,50.0,0.05
11281.00,122.38,20692.52,358.08,2.500,0.14,50.0,0.05
11282.00,122.30,20695.02,358.08,2.500,0.14,50.0,0.05
11283.00,122.21,20697.51,358.08,2.500,0.14,50.0,0.05
11284.00,122.13,20700.01,358.08,2.500,0.14,50.0,0.05
11285.00,122.05,20702.51,358.08,2.500,0.14,50.0,0.05
11286.00,121.96,20705.01,358.08,2.500,0.14,50.0,0.05
11287.00,121.88,20707.51,358.08,2.500,0.14,50.0,0.05
11288.00,121.79,20710.01,358.08,2.500,0.14,50.0,0.05
11289.00,121.71,20712.51,358.08,2.500,0.13,50.0,0.05
11290.00,121.63,20715.00,358.09,2.500,0.13,50.0,0.05
11291.00,121.54,20717.50,358.09,2.500,0.13,50.0,0.05
11292.00,121.46,20720.00,358.09,2.500,0.13,50.0,0.05
11293.00,121.38,20722.50,358.09,2.500,0.13,50.0,0.05
11294.00,121.29,20725.00,358.09,2.500,0.13,50.0,0.05
11295.00,121.21,20727.50,358.09,2.500,0.13,50.0,0.05
11296.00,121.13,20730.00,358.09,2.500,0.13,50.0,0.05
11297.00,121.04,20732.50,358.09,2.500,0.13,50.0,0.05
11298.00,120.96,20734.99,358.09,2.500,0.13,50.0,0.05
11299.00,120.88,20737.49,358.09,2.500,0.13,50.0,0.05
11300.00,120.79,20739.99,358.09,2.500,0.13,50.0,0.05
11301.00,120.71,20742.49,358.09,2.500,0.13,50.0,0.05
11302.00,120.63,20744.99,358.09,2.500,0.13,50.0,0.05
11303.00,120.54,20747.49,358.10,2.500,0.13,50.0,0.05
11304.00,120.46,20749.99,358.10,2.500,0.13,50.0,0.05
11305.00,120.38,20752.48,358.10,2.500,0.13,50.0,0.05
11306.00,120.29,20754.98,358.10,2.500,0.13,50.0,0.05
11307.00,120.21,20757.48,358.10,2.500,0.13,50.0,0.05
11308.00,120.13,20759.98,358.10,2.500,0.13,50.0,0.05
11309.00,120.05,20762.48,358.10,2.500,0.13,50.0,0.05
11310.00,119.96,20764.98,358.10,2.500,0.13,50.0,0.05
11311.00,119.88,20767.48,358.10,2.500,0.13,50.0,0.05
11312.00,119.80,20769.97,358.10,2.500,0.13,50.0,0.05
11313.00,119.71,20772.47,358.10,2.500,0.13,50.0,0.05
11314.00,119.63,20774.97,358.10,2.500,0.13,50.0,0.05
11315.00,119.55,20777.47,358.10,2.500,0.13,50.0,0.05
11316.00,119.47,20779.97,358.11,2.500,0.13,50.0,0.05
11317.00,119.38,20782.47,358.11,2.500,0.13,50.0,0.05
11318.00,119.30,20784.97,358.11,2.500,0.13,50.0,0.05
11319.00,119.22,20787.46,358.11,2.500,0.13,50.0,0.05
11320.00,119.14,20789.96,358.11,2.500,0.13,50.0,0.05
11321.00,119.05,20792.46,358.11,2.500,0.13,50.0,0.05
11322.00,118.97,20794.96,358.11,2.500,0.13,50.0,0.05
11323.00,118.89,20797.46,358.11,2.500,0.13,50.0,0.05
11324.00,118.81,20799.96,358.11,2.500,0.13,50.0,0.05
11325.00,118.72,20802.46,358.11,2.500,0.13,50.0,0.05
11326.00,118.64,20804.96,358.11,2.500,0.13,50.0,0.05
11327.00,118.56,20807.45,358.11,2.500,0.13,50.0,0.05
11328.00,118.48,20809.95,358.11,2.500,0.13,50.0,0.05
11329.00,118.39,20812.45,358.12,2.500,0.13,50.0,0.05
11330.00,118.31,20814.95,358.12,2.500,0.13,50.0,0.05
11331.00,118.23,20817.45,358.12,2.500,0.13,50.0,0.05
11332.00,118.15,20819.95,358.12,2.500,0.13,50.0,0.05
11333.00,118.07,20822.45,358.12,2.500,0.13,50.0,0.05
11334.00,117.98,20824.94,358.12,2.500,0.13,50.0,0.05
11335.00,117.90,20827.44,358.12,2.500,0.13,50.0,0.05
11336.00,117.82,20829.94,358.12,2.500,0.13,50.0,0.05
11337.00,117.74,20832.44,358.12,2.500,0.13,50.0,0.05
11338.00,117.66,20834.94,358.12,2.500,0.13,50.0,0.05
11339.00,117.57,20837.44,358.12,2.500,0.13,50.0,0.05
11340.00,117.49,20839.94,358.12,2.500,0.13,50.0,0.05
11341.00,117.41,20842.44,358.12,2.500,0.13,50.0,0.05
11342.00,117.33,20844.93,358.13,2.500,0.13,50.0,0.05
11343.00,117.25,20847.43,358.13,2.500,0.13,50.0,0.05
11344.00,117.16,20849.93,358.13,2.500,0.13,50.0,0.05
11345.00,117.08,20852.43,358.13,2.500,0.13,50.0,0.05
11346.00,117.00,20854.93,358.13,2.500,0.13,50.0,0.05
11347.00,116.92,20857.43,358.13,2.500,0.13,50.0,0.05
11348.00,116.84,20859.93,358.13,2.500,0.13,50.0,0.05
11349.00,116.76,20862.42,358.13,2.500,0.13,50.0,0.05
11350.00,116.67,20864.92,358.13,2.500,0.13,50.0,0.05
11351.00,116.59,20867.42,358.13,2.500,0.13,50.0,0.05
11352.00,116.51,20869.92,358.13,2.500,0.13,50.0,0.05
11353.00,116.43,20872.42,358.13,2.500,0.13,50.0,0.05
11354.00,116.35,20874.92,358.13,2.500,0.13,50.0,0.05
11355.00,116.27,20877.42,358.14,2.500,0.13,50.0,0.05
11356.00,116.19,20879.92,358.14,2.500,0.13,50.0,0.05
11357.00,116.10,20882.41,358.14,2.500,0.13,50.0,0.05
11358.00,116.02,20884.91,358.14,2.500,0.13,50.0,0.05
11359.00,115.94,20887.41,358.14,2.500,0.13,50.0,0.05
11360.00,115.86,20889.91,358.14,2.500,0.13,50.0,0.05
11361.00,115.78,20892.41,358.14,2.500,0.13,50.0,0.05
11362.00,115.70,20894.91,358.14,2.500,0.13,50.0,0.05
11363.00,115.62,20897.41,358.14,2.500,0.13,50.0,0.05
11364.00,115.54,20899.90,358.14,2.500,0.13,50.0,0.05
11365.00,115.46,20902.40,358.14,2.500,0.13,50.0,0.05
11366.00,115.37,20904.90,358.14,2.500,0.13,50.0,0.05
11367.00,115.29,20907.40,358.14,2.500,0.13,50.0,0.05
11368.00,115.21,20909.90,358.15,2.500,0.13,50.0,0.05
11369.00,115.13,20912.40,358.15,2.500,0.13,50.0,0.05
11370.00,115.05,20914.90,358.15,2.500,0.13,50.0,0.05
11371.00,114.97,20917.40,358.15,2.500,0.13,50.0,0.05
11372.00,114.89,20919.89,358.15,2.500,0.13,50.0,0.05
11373.00,114.81,20922.39,358.15,2.500,0.13,50.0,0.05
11374.00,114.73,20924.89,358.15,2.500,0.13,50.0,0.05
11375.00,114.65,20927.39,358.15,2.500,0.13,50.0,0.05
11376.00,114.57,20929.89,358.15,2.500,0.13,50.0,0.05
11377.00,114.49,20932.39,358.15,2.500,0.13,50.0,0.05
11378.00,114.40,20934.89,358.15,2.500,0.13,50.0,0.05
11379.00,114.32,20937.38,358.15,2.500,0.13,50.0,0.05
11380.00,114.24,20939.88,358.15,2.500,0.13,50.0,0.05
11381.00,114.16,20942.38,358.15,2.500,0.13,50.0,0.04
11382.00,114.08,20944.88,358.16,2.500,0.13,50.0,0.04
11383.00,114.00,20947.38,358.16,2.500,0.13,50.0,0.04
11384.00,113.92,20949.88,358.16,2.500,0.13,50.0,0.04
11385.00,113.84,20952.38,358.16,2.500,0.13,50.0,0.04
11386.00,113.76,20954.88,358.16,2.500,0.13,50.0,0.04
11387.00,113.68,20957.37,358.16,2.500,0.13,50.0,0.04
11388.00,113.60,20959.87,358.16,2.500,0.13,50.0,0.04
11389.00,113.52,20962.37,358.16,2.500,0.13,50.0,0.04
11390.00,113.44,20964.87,358.16,2.500,0.13,50.0,0.04
11391.00,113.36,20967.37,358.16,2.500,0.13,50.0,0.04
11392.00,113.28,20969.87,358.16,2.500,0.13,50.0,0.04
11393.00,113.20,20972.37,358.16,2.500,0.13,50.0,0.04
11394.00,113.12,20974.87,358.16,2.500,0.13,50.0,0.04
11395.00,113.04,20977.36,358.17,2.500,0.13,50.0,0.04
11396.00,112.96,20979.86,358.17,2.500,0.13,50.0,0.04
11397.00,112.88,20982.36,358.17,2.500,0.13,50.0,0.04
11398.00,112.80,20984.86,358.17,2.500,0.13,50.0,0.04
11399.00,112.72,20987.36,358.17,2.500,0.13,50.0,0.04
11400.00,112.64,20989.86,358.17,2.500,0.13,50.0,0.04
11401.00,112.56,20992.36,358.17,2.500,0.13,50.0,0.04
11402.00,112.48,20994.86,358.17,2.500,0.13,50.0,0.04
11403.00,112.40,20997.35,358.17,2.500,0.13,50.0,0.04
11404.00,112.32,20999.85,358.17,2.500,0.13,50.0,0.04
11405.00,112.24,21002.35,358.17,2.500,0.13,50.0,0.04
11406.00,112.16,21004.85,358.17,2.500,0.13,50.0,0.04
11407.00,112.08,21007.35,358.17,2.500,0.13,50.0,0.04
11408.00,112.00,21009.85,358.17,2.500,0.13,50.0,0.04
