time_s,x_m,y_m,course_deg,speed_ms,rudder_deg,rpm_percent,rot_deg_min
6.00,-5993.70,24.84,45.00,4.604,0.00,40.0,0.00
7.00,-5990.48,28.06,45.00,4.552,0.00,40.0,0.00
8.00,-5987.30,31.25,45.00,4.501,0.00,40.0,0.00
9.00,-5984.15,34.39,45.00,4.451,0.00,40.0,0.00
10.00,-5981.04,37.51,45.00,4.402,0.00,40.0,0.00
11.00,-5977.96,40.58,45.00,4.354,0.00,40.0,0.00
12.00,-5974.91,43.63,45.00,4.307,0.00,40.0,0.00
13.00,-5971.90,46.64,45.00,4.261,0.00,40.0,0.00
14.00,-5968.92,49.62,45.00,4.216,5.00,40.0,0.06
15.00,-5965.97,52.57,45.00,4.171,5.00,40.0,0.11
16.00,-5963.05,55.49,45.01,4.128,5.00,40.0,0.17
17.00,-5960.16,58.38,45.01,4.085,5.00,40.0,0.22
18.00,-5957.30,61.24,45.01,4.044,5.00,40.0,0.27
19.00,-5954.47,64.07,45.02,4.003,5.00,40.0,0.32
20.00,-5951.67,66.87,45.02,3.963,5.00,40.0,0.36
21.00,-5948.89,69.64,45.03,3.924,5.00,40.0,0.41
22.00,-5946.14,72.39,45.04,3.885,5.00,40.0,0.45
23.00,-5943.42,75.11,45.05,3.847,5.00,40.0,0.49
24.00,-5940.72,77.80,45.06,3.810,5.00,40.0,0.53
25.00,-5938.05,80.47,45.07,3.774,5.00,40.0,0.57
26.00,-5935.40,83.11,45.08,3.739,5.00,40.0,0.61
27.00,-5932.78,85.72,45.09,3.704,5.00,40.0,0.65
28.00,-5930.18,88.31,45.10,3.670,5.00,40.0,0.68
29.00,-5927.61,90.88,45.11,3.636,5.00,40.0,0.72
30.00,-5925.05,93.42,45.12,3.604,10.00,40.0,0.81
31.00,-5922.52,95.94,45.14,3.572,10.00,40.0,0.90
32.00,-5920.01,98.44,45.15,3.540,10.00,40.0,0.98
33.00,-5917.53,100.92,45.17,3.509,10.00,40.0,1.06
34.00,-5915.06,103.37,45.19,3.479,10.00,40.0,1.14
35.00,-5912.61,105.80,45.21,3.450,10.00,40.0,1.22
36.00,-5910.18,108.21,45.23,3.421,10.00,40.0,1.29
37.00,-5907.77,110.60,45.26,3.392,10.00,40.0,1.36
38.00,-5905.39,112.97,45.28,3.364,10.00,40.0,1.43
39.00,-5903.01,115.31,45.30,3.337,10.00,40.0,1.50
40.00,-5900.66,117.64,45.33,3.310,10.00,40.0,1.56
41.00,-5898.33,119.95,45.36,3.284,10.00,40.0,1.62
42.00,-5896.01,122.24,45.39,3.258,10.00,40.0,1.68
43.00,-5893.71,124.51,45.42,3.233,10.00,40.0,1.74
44.00,-5891.42,126.76,45.45,3.209,10.00,40.0,1.80
45.00,-5889.15,129.00,45.48,3.184,10.00,40.0,1.85
46.00,-5886.90,131.21,45.51,3.161,10.00,40.0,1.91
47.00,-5884.66,133.41,45.54,3.138,10.00,40.0,1.96
48.00,-5882.44,135.60,45.57,3.115,10.00,40.0,2.01
49.00,-5880.23,137.76,45.61,3.093,10.00,40.0,2.05
50.00,-5878.03,139.91,45.64,3.071,10.00,40.0,2.10
51.00,-5875.85,142.04,45.68,3.049,10.00,40.0,2.14
52.00,-5873.69,144.16,45.72,3.028,10.00,40.0,2.19
53.00,-5871.53,146.26,45.75,3.008,10.00,40.0,2.23
54.00,-5869.39,148.34,45.79,2.988,10.00,40.0,2.27
55.00,-5867.27,150.41,45.83,2.968,15.00,40.0,2.36
56.00,-5865.15,152.46,45.87,2.948,15.00,40.0,2.46
57.00,-5863.05,154.50,45.91,2.929,15.00,40.0,2.55
58.00,-5860.96,156.53,45.96,2.911,15.00,40.0,2.63
59.00,-5858.88,158.54,46.00,2.893,15.00,40.0,2.72
60.00,-5856.81,160.54,46.05,2.875,15.00,40.0,2.80
61.00,-5854.75,162.52,46.10,2.857,15.00,40.0,2.87
62.00,-5852.71,164.49,46.15,2.840,15.00,40.0,2.95
63.00,-5850.67,166.45,46.20,2.823,15.00,40.0,3.02
64.00,-5848.65,168.39,46.25,2.807,15.00,40.0,3.09
65.00,-5846.63,170.32,46.30,2.791,15.00,40.0,3.16
66.00,-5844.62,172.24,46.35,2.775,15.00,40.0,3.23
67.00,-5842.63,174.14,46.41,2.759,15.00,40.0,3.29
68.00,-5840.64,176.03,46.46,2.744,15.00,40.0,3.35
69.00,-5838.66,177.91,46.52,2.729,15.00,40.0,3.41
70.00,-5836.69,179.78,46.58,2.715,15.00,40.0,3.47
71.00,-5834.73,181.64,46.64,2.700,15.00,40.0,3.53
72.00,-5832.78,183.48,46.70,2.686,15.00,40.0,3.58
73.00,-5830.83,185.31,46.76,2.673,15.00,40.0,3.63
74.00,-5828.89,187.14,46.82,2.659,15.00,40.0,3.68
75.00,-5826.96,188.95,46.88,2.646,15.00,40.0,3.73
76.00,-5825.04,190.75,46.95,2.633,15.00,40.0,3.78
77.00,-5823.13,192.54,47.01,2.621,15.00,40.0,3.82
78.00,-5821.22,194.31,47.07,2.608,15.00,40.0,3.87
79.00,-5819.32,196.08,47.14,2.596,15.00,40.0,3.91
80.00,-5817.42,197.84,47.20,2.584,15.00,40.0,3.95
81.00,-5815.54,199.59,47.27,2.572,15.00,40.0,3.99
82.00,-5813.66,201.33,47.34,2.561,15.00,40.0,4.03
83.00,-5811.78,203.05,47.41,2.550,15.00,40.0,4.07
84.00,-5809.91,204.77,47.47,2.539,15.00,40.0,4.10
85.00,-5808.05,206.48,47.54,2.528,15.00,40.0,4.14
86.00,-5806.19,208.18,47.61,2.517,15.00,40.0,4.17
87.00,-5804.34,209.87,47.68,2.507,15.00,40.0,4.20
88.00,-5802.49,211.55,47.75,2.497,15.00,40.0,4.23
89.00,-5800.65,213.22,47.82,2.487,15.00,40.0,4.26
90.00,-5798.82,214.89,47.90,2.477,15.00,40.0,4.29
91.00,-5796.99,216.54,47.97,2.468,15.00,40.0,4.32
92.00,-5795.16,218.19,48.04,2.458,15.00,40.0,4.35
93.00,-5793.34,219.82,48.11,2.449,15.00,40.0,4.38
94.00,-5791.52,221.45,48.19,2.440,15.00,40.0,4.40
95.00,-5789.71,223.07,48.26,2.431,15.00,40.0,4.43
96.00,-5787.90,224.69,48.33,2.423,15.00,40.0,4.45
97.00,-5786.10,226.29,48.41,2.414,15.00,40.0,4.47
98.00,-5784.30,227.89,48.48,2.406,15.00,40.0,4.50
99.00,-5782.50,229.48,48.56,2.398,15.00,40.0,4.52
100.00,-5780.71,231.06,48.64,2.390,15.00,40.0,4.54
101.00,-5778.92,232.63,48.71,2.382,15.00,40.0,4.56
102.00,-5777.14,234.20,48.79,2.374,15.00,40.0,4.58
103.00,-5775.36,235.76,48.86,2.367,15.00,40.0,4.60
104.00,-5773.58,237.31,48.94,2.360,15.00,40.0,4.61
105.00,-5771.81,238.86,49.02,2.352,15.00,40.0,4.63
106.00,-5770.04,240.40,49.10,2.345,15.00,40.0,4.65
107.00,-5768.27,241.93,49.17,2.338,15.00,40.0,4.67
108.00,-5766.51,243.45,49.25,2.332,15.00,40.0,4.68
109.00,-5764.74,244.97,49.33,2.325,15.00,40.0,4.70
110.00,-5762.99,246.48,49.41,2.319,15.00,40.0,4.71
111.00,-5761.23,247.98,49.49,2.312,15.00,40.0,4.73
112.00,-5759.48,249.48,49.57,2.306,15.00,40.0,4.74
113.00,-5757.73,250.97,49.65,2.300,15.00,40.0,4.75
114.00,-5755.98,252.46,49.72,2.294,15.00,40.0,4.77
115.00,-5754.23,253.94,49.80,2.288,15.00,40.0,4.78
116.00,-5752.49,255.41,49.88,2.282,15.00,40.0,4.79
117.00,-5750.75,256.88,49.96,2.277,15.00,40.0,4.80
118.00,-5749.01,258.34,50.04,2.271,15.00,40.0,4.81
119.00,-5747.27,259.79,50.12,2.266,15.00,40.0,4.83
120.00,-5745.54,261.24,50.21,2.260,15.00,40.0,4.84
121.00,-5743.81,262.69,50.29,2.255,15.00,40.0,4.85
122.00,-5742.08,264.12,50.37,2.250,15.00,40.0,4.86
123.00,-5740.35,265.56,50.45,2.245,15.00,40.0,4.87
124.00,-5738.62,266.98,50.53,2.240,15.00,40.0,4.87
125.00,-5736.89,268.40,50.61,2.235,15.00,40.0,4.88
126.00,-5735.17,269.82,50.69,2.231,15.00,40.0,4.89
127.00,-5733.45,271.23,50.77,2.226,15.00,40.0,4.90
128.00,-5731.73,272.63,50.86,2.221,15.00,40.0,4.91
129.00,-5730.01,274.03,50.94,2.217,15.00,40.0,4.92
130.00,-5728.29,275.43,51.02,2.213,15.00,40.0,4.92
131.00,-5726.57,276.82,51.10,2.208,15.00,40.0,4.93
132.00,-5724.86,278.20,51.18,2.204,15.00,40.0,4.94
133.00,-5723.14,279.58,51.27,2.200,15.00,40.0,4.95
134.00,-5721.43,280.95,51.35,2.196,15.00,40.0,4.95
135.00,-5719.72,282.32,51.43,2.192,15.00,40.0,4.96
136.00,-5718.01,283.69,51.51,2.188,15.00,40.0,4.96
137.00,-5716.30,285.05,51.60,2.185,15.00,40.0,4.97
138.00,-5714.59,286.40,51.68,2.181,15.00,40.0,4.98
139.00,-5712.88,287.75,51.76,2.177,15.00,40.0,4.98
140.00,-5711.17,289.10,51.85,2.174,15.00,40.0,4.99
141.00,-5709.46,290.44,51.93,2.170,15.00,40.0,4.99
142.00,-5707.76,291.78,52.01,2.167,15.00,40.0,5.00
143.00,-5706.05,293.11,52.10,2.164,15.00,40.0,5.00
144.00,-5704.35,294.43,52.18,2.160,15.00,40.0,5.01
145.00,-5702.64,295.76,52.26,2.157,15.00,40.0,5.01
146.00,-5700.94,297.07,52.35,2.154,15.00,40.0,5.02
147.00,-5699.24,298.39,52.43,2.151,15.00,40.0,5.02
148.00,-5697.54,299.70,52.51,2.148,15.00,40.0,5.02
149.00,-5695.83,301.00,52.60,2.145,15.00,40.0,5.03
150.00,-5694.13,302.30,52.68,2.142,15.00,40.0,5.03
151.00,-5692.43,303.60,52.77,2.139,15.00,40.0,5.04
152.00,-5690.73,304.89,52.85,2.136,15.00,40.0,5.04
153.00,-5689.03,306.18,52.93,2.134,15.00,40.0,5.04
154.00,-5687.33,307.47,53.02,2.131,20.00,40.0,5.10
155.00,-5685.63,308.75,53.11,2.128,20.00,40.0,5.16
156.00,-5683.93,310.02,53.19,2.126,20.00,40.0,5.22
157.00,-5682.23,311.30,53.28,2.123,20.00,40.0,5.27
158.00,-5680.53,312.56,53.37,2.121,20.00,40.0,5.33
159.00,-5678.83,313.83,53.46,2.118,20.00,40.0,5.38
160.00,-5677.13,315.09,53.55,2.116,20.00,40.0,5.43
161.00,-5675.43,316.34,53.64,2.114,20.00,40.0,5.47
162.00,-5673.73,317.60,53.73,2.111,20.00,40.0,5.52
163.00,-5672.03,318.84,53.82,2.109,20.00,40.0,5.56
164.00,-5670.33,320.09,53.92,2.107,20.00,40.0,5.61
165.00,-5668.63,321.33,54.01,2.105,20.00,40.0,5.65
166.00,-5666.92,322.56,54.11,2.103,20.00,40.0,5.69
167.00,-5665.22,323.79,54.20,2.101,20.00,40.0,5.73
168.00,-5663.52,325.02,54.30,2.099,20.00,40.0,5.77
169.00,-5661.82,326.24,54.40,2.097,20.00,40.0,5.80
170.00,-5660.11,327.46,54.49,2.095,20.00,40.0,5.84
171.00,-5658.41,328.68,54.59,2.093,20.00,40.0,5.87
172.00,-5656.71,329.89,54.69,2.091,20.00,40.0,5.90
173.00,-5655.00,331.10,54.79,2.089,20.00,40.0,5.94
174.00,-5653.30,332.30,54.89,2.087,20.00,40.0,5.97
175.00,-5651.59,333.50,54.99,2.086,20.00,40.0,6.00
176.00,-5649.88,334.70,55.09,2.084,20.00,40.0,6.03
177.00,-5648.18,335.89,55.19,2.082,20.00,40.0,6.05
178.00,-5646.47,337.08,55.29,2.081,20.00,40.0,6.08
179.00,-5644.76,338.26,55.39,2.079,20.00,40.0,6.11
180.00,-5643.05,339.44,55.49,2.077,20.00,40.0,6.13
181.00,-5641.34,340.62,55.60,2.076,20.00,40.0,6.15
182.00,-5639.63,341.79,55.70,2.074,20.00,40.0,6.18
183.00,-5637.91,342.96,55.80,2.073,20.00,40.0,6.20
184.00,-5636.20,344.12,55.91,2.071,20.00,40.0,6.22
185.00,-5634.49,345.28,56.01,2.070,20.00,40.0,6.24
186.00,-5632.77,346.44,56.12,2.069,20.00,40.0,6.26
187.00,-5631.06,347.59,56.22,2.067,20.00,40.0,6.28
188.00,-5629.34,348.74,56.32,2.066,20.00,40.0,6.30
189.00,-5627.62,349.88,56.43,2.065,20.00,40.0,6.32
190.00,-5625.90,351.03,56.54,2.063,20.00,40.0,6.34
191.00,-5624.18,352.16,56.64,2.062,20.00,40.0,6.36
192.00,-5622.46,353.30,56.75,2.061,20.00,40.0,6.37
193.00,-5620.74,354.42,56.85,2.060,20.00,40.0,6.39
194.00,-5619.01,355.55,56.96,2.058,20.00,40.0,6.41
195.00,-5617.29,356.67,57.07,2.057,20.00,40.0,6.42
196.00,-5615.56,357.79,57.18,2.056,20.00,40.0,6.43
197.00,-5613.84,358.90,57.28,2.055,20.00,40.0,6.45
198.00,-5612.11,360.01,57.39,2.054,20.00,40.0,6.46
199.00,-5610.38,361.12,57.50,2.053,20.00,40.0,6.48
200.00,-5608.65,362.22,57.61,2.052,20.00,40.0,6.49
201.00,-5606.92,363.32,57.72,2.051,20.00,40.0,6.50
202.00,-5605.18,364.42,57.82,2.050,20.00,40.0,6.51
203.00,-5603.45,365.51,57.93,2.049,20.00,40.0,6.52
204.00,-5601.72,366.59,58.04,2.048,20.00,40.0,6.54
205.00,-5599.98,367.68,58.15,2.047,20.00,40.0,6.55
206.00,-5598.24,368.76,58.26,2.046,20.00,40.0,6.56
207.00,-5596.50,369.83,58.37,2.045,20.00,40.0,6.57
208.00,-5594.76,370.90,58.48,2.044,20.00,40.0,6.58
209.00,-5593.02,371.97,58.59,2.043,20.00,40.0,6.59
210.00,-5591.28,373.04,58.70,2.042,20.00,40.0,6.59
211.00,-5589.53,374.10,58.81,2.041,20.00,40.0,6.60
212.00,-5587.79,375.15,58.92,2.041,20.00,40.0,6.61
213.00,-5586.04,376.21,59.03,2.040,20.00,40.0,6.62
214.00,-5584.29,377.26,59.14,2.039,20.00,40.0,6.63
215.00,-5582.54,378.30,59.25,2.038,20.00,40.0,6.64
216.00,-5580.79,379.34,59.36,2.037,20.00,40.0,6.64
217.00,-5579.04,380.38,59.47,2.037,20.00,40.0,6.65
218.00,-5577.29,381.42,59.58,2.036,20.00,40.0,6.66
219.00,-5575.53,382.45,59.69,2.035,20.00,40.0,6.66
220.00,-5573.77,383.47,59.80,2.035,20.00,40.0,6.67
221.00,-5572.02,384.50,59.92,2.034,20.00,40.0,6.68
222.00,-5570.26,385.51,60.03,2.033,20.00,40.0,6.68
223.00,-5568.50,386.53,60.14,2.032,20.00,40.0,6.69
224.00,-5566.73,387.54,60.25,2.032,20.00,40.0,6.69
225.00,-5564.97,388.55,60.36,2.031,20.00,40.0,6.70
226.00,-5563.21,389.55,60.47,2.031,20.00,40.0,6.70
227.00,-5561.44,390.55,60.59,2.030,20.00,40.0,6.71
228.00,-5559.67,391.55,60.70,2.029,20.00,40.0,6.71
229.00,-5557.90,392.54,60.81,2.029,20.00,40.0,6.72
230.00,-5556.13,393.53,60.92,2.028,20.00,40.0,6.72
231.00,-5554.36,394.52,61.03,2.028,20.00,40.0,6.73
232.00,-5552.59,395.50,61.15,2.027,20.00,40.0,6.73
233.00,-5550.81,396.48,61.26,2.027,20.00,40.0,6.74
234.00,-5549.03,397.45,61.37,2.026,20.00,40.0,6.74
235.00,-5547.26,398.42,61.48,2.025,20.00,40.0,6.74
236.00,-5545.48,399.39,61.60,2.025,20.00,40.0,6.75
237.00,-5543.70,400.35,61.71,2.024,20.00,40.0,6.75
238.00,-5541.91,401.31,61.82,2.024,20.00,40.0,6.76
239.00,-5540.13,402.27,61.93,2.024,20.00,40.0,6.76
240.00,-5538.35,403.22,62.05,2.023,20.00,40.0,6.76
241.00,-5536.56,404.17,62.16,2.023,20.00,40.0,6.77
242.00,-5534.77,405.11,62.27,2.022,20.00,40.0,6.77
243.00,-5532.98,406.05,62.38,2.022,20.00,40.0,6.77
244.00,-5531.19,406.99,62.50,2.021,20.00,40.0,6.77
245.00,-5529.40,407.92,62.61,2.021,20.00,40.0,6.78
246.00,-5527.60,408.85,62.72,2.020,20.00,40.0,6.78
247.00,-5525.81,409.78,62.84,2.020,20.00,40.0,6.78
248.00,-5524.01,410.70,62.95,2.020,20.00,40.0,6.78
249.00,-5522.21,411.62,63.06,2.019,20.00,40.0,6.79
250.00,-5520.41,412.53,63.18,2.019,20.00,40.0,6.79
251.00,-5518.61,413.44,63.29,2.018,20.00,40.0,6.79
252.00,-5516.81,414.35,63.40,2.018,20.00,40.0,6.79
253.00,-5515.01,415.25,63.52,2.018,20.00,40.0,6.80
254.00,-5513.20,416.15,63.63,2.017,20.00,40.0,6.80
255.00,-5511.39,417.05,63.74,2.017,20.00,40.0,6.80
256.00,-5509.58,417.94,63.86,2.017,20.00,40.0,6.80
257.00,-5507.77,418.83,63.97,2.016,20.00,40.0,6.80
258.00,-5505.96,419.72,64.08,2.016,20.00,40.0,6.81
259.00,-5504.15,420.60,64.20,2.016,20.00,40.0,6.81
260.00,-5502.34,421.47,64.31,2.015,20.00,40.0,6.81
261.00,-5500.52,422.35,64.42,2.015,20.00,40.0,6.81
262.00,-5498.70,423.22,64.54,2.015,20.00,40.0,6.81
263.00,-5496.88,424.08,64.65,2.014,20.00,40.0,6.81
264.00,-5495.06,424.95,64.76,2.014,20.00,40.0,6.82
265.00,-5493.24,425.80,64.88,2.014,20.00,40.0,6.82
266.00,-5491.42,426.66,64.99,2.014,20.00,40.0,6.82
267.00,-5489.59,427.51,65.10,2.013,20.00,40.0,6.82
268.00,-5487.77,428.36,65.22,2.013,20.00,40.0,6.82
269.00,-5485.94,429.20,65.33,2.013,20.00,40.0,6.82
270.00,-5484.11,430.04,65.45,2.013,20.00,40.0,6.82
271.00,-5482.28,430.88,65.56,2.012,20.00,40.0,6.82
272.00,-5480.45,431.71,65.67,2.012,20.00,40.0,6.83
273.00,-5478.62,432.54,65.79,2.012,20.00,40.0,6.83
274.00,-5476.78,433.36,65.90,2.012,20.00,40.0,6.83
275.00,-5474.95,434.19,66.01,2.011,20.00,40.0,6.83
276.00,-5473.11,435.00,66.13,2.011,20.00,40.0,6.83
277.00,-5471.27,435.82,66.24,2.011,20.00,40.0,6.83
278.00,-5469.43,436.63,66.36,2.011,20.00,40.0,6.83
279.00,-5467.59,437.43,66.47,2.010,20.00,40.0,6.83
280.00,-5465.74,438.24,66.58,2.010,20.00,40.0,6.83
281.00,-5463.90,439.03,66.70,2.010,20.00,40.0,6.83
282.00,-5462.05,439.83,66.81,2.010,20.00,40.0,6.83
283.00,-5460.21,440.62,66.92,2.010,20.00,40.0,6.84
284.00,-5458.36,441.41,67.04,2.009,20.00,40.0,6.84
285.00,-5456.51,442.19,67.15,2.009,20.00,40.0,6.84
286.00,-5454.66,442.97,67.27,2.009,20.00,40.0,6.84
287.00,-5452.80,443.75,67.38,2.009,20.00,40.0,6.84
288.00,-5450.95,444.52,67.49,2.009,20.00,40.0,6.84
289.00,-5449.09,445.29,67.61,2.009,20.00,40.0,6.84
290.00,-5447.24,446.06,67.72,2.008,20.00,40.0,6.84
291.00,-5445.38,446.82,67.84,2.008,20.00,40.0,6.84
292.00,-5443.52,447.57,67.95,2.008,20.00,40.0,6.84
293.00,-5441.66,448.33,68.06,2.008,20.00,40.0,6.84
294.00,-5439.79,449.08,68.18,2.008,20.00,40.0,6.84
295.00,-5437.93,449.82,68.29,2.008,20.00,40.0,6.84
296.00,-5436.07,450.57,68.41,2.007,20.00,40.0,6.84
297.00,-5434.20,451.31,68.52,2.007,20.00,40.0,6.84
298.00,-5432.33,452.04,68.64,2.007,20.00,40.0,6.84
299.00,-5430.46,452.77,68.75,2.007,20.00,40.0,6.84
300.00,-5428.59,453.50,68.86,2.007,20.00,40.0,6.84
301.00,-5426.72,454.22,68.98,2.007,20.00,40.0,6.85
302.00,-5424.85,454.94,69.09,2.007,20.00,40.0,6.85
303.00,-5422.97,455.66,69.21,2.006,20.00,40.0,6.85
304.00,-5421.10,456.37,69.32,2.006,20.00,40.0,6.85
305.00,-5419.22,457.08,69.43,2.006,20.00,40.0,6.85
306.00,-5417.34,457.78,69.55,2.006,20.00,40.0,6.85
307.00,-5415.46,458.48,69.66,2.006,20.00,40.0,6.85
308.00,-5413.58,459.18,69.78,2.006,20.00,40.0,6.85
309.00,-5411.70,459.88,69.89,2.006,20.00,40.0,6.85
310.00,-5409.82,460.56,70.00,2.006,20.00,40.0,6.85
311.00,-5407.93,461.25,70.12,2.005,20.00,40.0,6.85
312.00,-5406.05,461.93,70.23,2.005,20.00,40.0,6.85
313.00,-5404.16,462.61,70.35,2.005,20.00,40.0,6.85
314.00,-5402.27,463.29,70.46,2.005,20.00,40.0,6.85
315.00,-5400.38,463.96,70.58,2.005,20.00,40.0,6.85
316.00,-5398.49,464.62,70.69,2.005,20.00,40.0,6.85
317.00,-5396.60,465.29,70.80,2.005,20.00,40.0,6.85
318.00,-5394.70,465.94,70.92,2.005,20.00,40.0,6.85
319.00,-5392.81,466.60,71.03,2.005,20.00,40.0,6.85
320.00,-5390.91,467.25,71.15,2.005,20.00,40.0,6.85
321.00,-5389.02,467.90,71.26,2.004,20.00,40.0,6.85
322.00,-5387.12,468.54,71.37,2.004,20.00,40.0,6.85
323.00,-5385.22,469.18,71.49,2.004,20.00,40.0,6.85
324.00,-5383.32,469.82,71.60,2.004,20.00,40.0,6.85
325.00,-5381.42,470.45,71.72,2.004,20.00,40.0,6.85
326.00,-5379.52,471.08,71.83,2.004,20.00,40.0,6.85
327.00,-5377.61,471.71,71.95,2.004,20.00,40.0,6.85
328.00,-5375.71,472.33,72.06,2.004,20.00,40.0,6.85
329.00,-5373.80,472.94,72.17,2.004,20.00,40.0,6.85
330.00,-5371.89,473.56,72.29,2.004,20.00,40.0,6.85
331.00,-5369.98,474.17,72.40,2.004,20.00,40.0,6.85
332.00,-5368.07,474.77,72.52,2.004,20.00,40.0,6.85
333.00,-5366.16,475.37,72.63,2.004,20.00,40.0,6.85
334.00,-5364.25,475.97,72.74,2.003,20.00,40.0,6.85
335.00,-5362.34,476.57,72.86,2.003,20.00,40.0,6.85
336.00,-5360.42,477.16,72.97,2.003,20.00,40.0,6.85
337.00,-5358.51,477.74,73.09,2.003,20.00,40.0,6.85
338.00,-5356.59,478.33,73.20,2.003,20.00,40.0,6.85
339.00,-5354.67,478.91,73.32,2.003,20.00,40.0,6.85
340.00,-5352.75,479.48,73.43,2.003,20.00,40.0,6.85
341.00,-5350.83,480.05,73.54,2.003,20.00,40.0,6.85
342.00,-5348.91,480.62,73.66,2.003,20.00,40.0,6.85
343.00,-5346.99,481.18,73.77,2.003,20.00,40.0,6.85
344.00,-5345.07,481.74,73.89,2.003,20.00,40.0,6.85
345.00,-5343.14,482.30,74.00,2.003,20.00,40.0,6.85
346.00,-5341.22,482.85,74.12,2.003,20.00,40.0,6.85
347.00,-5339.29,483.40,74.23,2.003,20.00,40.0,6.85
348.00,-5337.37,483.94,74.34,2.003,20.00,40.0,6.85
349.00,-5335.44,484.48,74.46,2.003,20.00,40.0,6.85
350.00,-5333.51,485.02,74.57,2.002,20.00,40.0,6.85
351.00,-5331.58,485.55,74.69,2.002,20.00,40.0,6.85
352.00,-5329.65,486.08,74.80,2.002,20.00,40.0,6.86
353.00,-5327.71,486.61,74.92,2.002,20.00,40.0,6.86
354.00,-5325.78,487.13,75.03,2.002,20.00,40.0,6.86
355.00,-5323.85,487.64,75.14,2.002,20.00,40.0,6.86
356.00,-5321.91,488.16,75.26,2.002,20.00,40.0,6.86
357.00,-5319.98,488.67,75.37,2.002,20.00,40.0,6.86
358.00,-5318.04,489.17,75.49,2.002,20.00,40.0,6.86
359.00,-5316.10,489.68,75.60,2.002,20.00,40.0,6.86
360.00,-5314.16,490.17,75.72,2.002,20.00,40.0,6.86
361.00,-5312.22,490.67,75.83,2.002,20.00,40.0,6.86
362.00,-5310.28,491.16,75.94,2.002,20.00,40.0,6.86
363.00,-5308.34,491.64,76.06,2.002,20.00,40.0,6.86
364.00,-5306.39,492.13,76.17,2.002,20.00,40.0,6.86
365.00,-5304.45,492.60,76.29,2.002,20.00,40.0,6.86
366.00,-5302.51,493.08,76.40,2.002,20.00,40.0,6.86
367.00,-5300.56,493.55,76.51,2.002,20.00,40.0,6.86
368.00,-5298.61,494.02,76.63,2.002,20.00,40.0,6.86
369.00,-5296.67,494.48,76.74,2.002,20.00,40.0,6.86
370.00,-5294.72,494.94,76.86,2.002,20.00,40.0,6.86
371.00,-5292.77,495.39,76.97,2.002,20.00,40.0,6.86
372.00,-5290.82,495.84,77.09,2.002,20.00,40.0,6.86
373.00,-5288.87,496.29,77.20,2.002,20.00,40.0,6.86
374.00,-5286.92,496.73,77.31,2.002,20.00,40.0,6.86
375.00,-5284.96,497.17,77.43,2.002,20.00,40.0,6.86
376.00,-5283.01,497.61,77.54,2.001,20.00,40.0,6.86
377.00,-5281.06,498.04,77.66,2.001,20.00,40.0,6.86
378.00,-5279.10,498.47,77.77,2.001,20.00,40.0,6.86
379.00,-5277.14,498.89,77.89,2.001,20.00,40.0,6.86
380.00,-5275.19,499.31,78.00,2.001,20.00,40.0,6.86
381.00,-5273.23,499.73,78.11,2.001,20.00,40.0,6.86
382.00,-5271.27,500.14,78.23,2.001,20.00,40.0,6.86
383.00,-5269.31,500.55,78.34,2.001,20.00,40.0,6.86
384.00,-5267.35,500.95,78.46,2.001,20.00,40.0,6.86
385.00,-5265.39,501.35,78.57,2.001,20.00,40.0,6.86
386.00,-5263.43,501.75,78.69,2.001,20.00,40.0,6.86
387.00,-5261.47,502.14,78.80,2.001,20.00,40.0,6.86
388.00,-5259.51,502.53,78.91,2.001,20.00,40.0,6.86
389.00,-5257.54,502.92,79.03,2.001,20.00,40.0,6.86
390.00,-5255.58,503.30,79.14,2.001,20.00,40.0,6.86
391.00,-5253.61,503.68,79.26,2.001,20.00,40.0,6.86
392.00,-5251.65,504.05,79.37,2.001,20.00,40.0,6.86
393.00,-5249.68,504.42,79.49,2.001,20.00,40.0,6.86
394.00,-5247.71,504.78,79.60,2.001,20.00,40.0,6.86
395.00,-5245.74,505.14,79.71,2.001,20.00,40.0,6.86
396.00,-5243.77,505.50,79.83,2.001,20.00,40.0,6.86
397.00,-5241.80,505.85,79.94,2.001,20.00,40.0,6.86
398.00,-5239.83,506.20,80.06,2.001,20.00,40.0,6.86
399.00,-5237.86,506.55,80.17,2.001,20.00,40.0,6.86
400.00,-5235.89,506.89,80.29,2.001,20.00,40.0,6.86
401.00,-5233.92,507.23,80.40,2.001,20.00,40.0,6.86
402.00,-5231.95,507.56,80.51,2.001,20.00,40.0,6.86
403.00,-5229.97,507.89,80.63,2.001,20.00,40.0,6.86
404.00,-5228.00,508.22,80.74,2.001,20.00,40.0,6.86
405.00,-5226.02,508.54,80.86,2.001,20.00,40.0,6.86
406.00,-5224.05,508.86,80.97,2.001,20.00,40.0,6.86
407.00,-5222.07,509.17,81.09,2.001,20.00,40.0,6.86
408.00,-5220.10,509.48,81.20,2.001,20.00,40.0,6.86
409.00,-5218.12,509.79,81.31,2.001,20.00,40.0,6.86
410.00,-5216.14,510.09,81.43,2.001,20.00,40.0,6.86
411.00,-5214.16,510.39,81.54,2.001,20.00,40.0,6.86
412.00,-5212.18,510.68,81.66,2.001,20.00,40.0,6.86
413.00,-5210.20,510.97,81.77,2.001,20.00,40.0,6.86
414.00,-5208.22,511.26,81.89,2.001,20.00,40.0,6.86
415.00,-5206.24,511.54,82.00,2.001,20.00,40.0,6.86
416.00,-5204.26,511.82,82.11,2.001,20.00,40.0,6.86
417.00,-5202.28,512.09,82.23,2.001,20.00,40.0,6.86
418.00,-5200.30,512.36,82.34,2.001,20.00,40.0,6.86
419.00,-5198.32,512.63,82.46,2.001,20.00,40.0,6.86
420.00,-5196.33,512.89,82.57,2.001,20.00,40.0,6.86
421.00,-5194.35,513.15,82.69,2.001,20.00,40.0,6.86
422.00,-5192.36,513.41,82.80,2.001,20.00,40.0,6.86
423.00,-5190.38,513.66,82.91,2.001,20.00,40.0,6.86
424.00,-5188.39,513.90,83.03,2.001,20.00,40.0,6.86
425.00,-5186.41,514.15,83.14,2.001,20.00,40.0,6.86
426.00,-5184.42,514.39,83.26,2.001,20.00,40.0,6.86
427.00,-5182.44,514.62,83.37,2.001,20.00,40.0,6.86
428.00,-5180.45,514.85,83.49,2.001,20.00,40.0,6.86
429.00,-5178.46,515.08,83.60,2.001,20.00,40.0,6.86
430.00,-5176.47,515.30,83.71,2.000,20.00,40.0,6.86
431.00,-5174.48,515.52,83.83,2.000,20.00,40.0,6.86
432.00,-5172.50,515.74,83.94,2.000,20.00,40.0,6.86
433.00,-5170.51,515.95,84.06,2.000,20.00,40.0,6.86
434.00,-5168.52,516.15,84.17,2.000,20.00,40.0,6.86
435.00,-5166.53,516.36,84.29,2.000,20.00,40.0,6.86
436.00,-5164.54,516.56,84.40,2.000,20.00,40.0,6.86
437.00,-5162.55,516.75,84.51,2.000,20.00,40.0,6.86
438.00,-5160.55,516.94,84.63,2.000,20.00,40.0,6.86
439.00,-5158.56,517.13,84.74,2.000,20.00,40.0,6.86
440.00,-5156.57,517.31,84.86,2.000,20.00,40.0,6.86
441.00,-5154.58,517.49,84.97,2.000,20.00,40.0,6.86
442.00,-5152.59,517.67,85.09,2.000,20.00,40.0,6.86
443.00,-5150.59,517.84,85.20,2.000,20.00,40.0,6.86
444.00,-5148.60,518.01,85.31,2.000,20.00,40.0,6.86
445.00,-5146.61,518.17,85.43,2.000,20.00,40.0,6.86
446.00,-5144.61,518.33,85.54,2.000,20.00,40.0,6.86
447.00,-5142.62,518.49,85.66,2.000,20.00,40.0,6.86
448.00,-5140.62,518.64,85.77,2.000,20.00,40.0,6.86
449.00,-5138.63,518.78,85.89,2.000,20.00,40.0,6.86
450.00,-5136.63,518.93,86.00,2.000,20.00,40.0,6.86
451.00,-5134.64,519.07,86.11,2.000,20.00,40.0,6.86
452.00,-5132.64,519.20,86.23,2.000,20.00,40.0,6.86
453.00,-5130.65,519.33,86.34,2.000,20.00,40.0,6.86
454.00,-5128.65,519.46,86.46,2.000,20.00,40.0,6.86
455.00,-5126.65,519.59,86.57,2.000,20.00,40.0,6.86
456.00,-5124.66,519.71,86.69,2.000,20.00,40.0,6.86
457.00,-5122.66,519.82,86.80,2.000,20.00,40.0,6.86
458.00,-5120.66,519.93,86.91,2.000,20.00,40.0,6.86
459.00,-5118.66,520.04,87.03,2.000,20.00,40.0,6.86
460.00,-5116.67,520.14,87.14,2.000,20.00,40.0,6.86
461.00,-5114.67,520.24,87.26,2.000,20.00,40.0,6.86
462.00,-5112.67,520.34,87.37,2.000,20.00,40.0,6.86
463.00,-5110.67,520.43,87.49,2.000,20.00,40.0,6.86
464.00,-5108.67,520.52,87.60,2.000,20.00,40.0,6.86
465.00,-5106.68,520.60,87.71,2.000,20.00,40.0,6.86
466.00,-5104.68,520.68,87.83,2.000,20.00,40.0,6.86
467.00,-5102.68,520.76,87.94,2.000,20.00,40.0,6.86
468.00,-5100.68,520.83,88.06,2.000,20.00,40.0,6.86
469.00,-5098.68,520.90,88.17,2.000,20.00,40.0,6.86
470.00,-5096.68,520.96,88.29,2.000,20.00,40.0,6.86
471.00,-5094.68,521.02,88.40,2.000,20.00,40.0,6.86
472.00,-5092.68,521.08,88.51,2.000,20.00,40.0,6.86
473.00,-5090.68,521.13,88.63,2.000,20.00,40.0,6.86
474.00,-5088.68,521.18,88.74,2.000,20.00,40.0,6.86
475.00,-5086.68,521.22,88.86,2.000,20.00,40.0,6.86
476.00,-5084.68,521.26,88.97,2.000,20.00,40.0,6.86
477.00,-5082.68,521.30,89.09,2.000,20.00,40.0,6.86
478.00,-5080.68,521.33,89.20,2.000,20.00,40.0,6.86
479.00,-5078.68,521.36,89.31,2.000,20.00,40.0,6.86
480.00,-5076.68,521.38,89.43,2.000,20.00,40.0,6.86
481.00,-5074.68,521.40,89.54,2.000,20.00,40.0,6.86
482.00,-5072.68,521.42,89.66,2.000,20.00,40.0,6.86
483.00,-5070.68,521.43,89.77,2.000,20.00,40.0,6.86
484.00,-5068.68,521.44,89.89,2.000,20.00,40.0,6.86
485.00,-5066.68,521.44,90.00,2.000,20.00,40.0,6.86
486.00,-5064.68,521.44,90.11,2.000,20.00,40.0,6.86
487.00,-5062.68,521.44,90.23,2.000,20.00,40.0,6.86
488.00,-5060.68,521.43,90.34,2.000,20.00,40.0,6.86
489.00,-5058.68,521.42,90.46,2.000,20.00,40.0,6.86
490.00,-5056.68,521.40,90.57,2.000,20.00,40.0,6.86
491.00,-5054.68,521.38,90.69,2.000,20.00,40.0,6.86
492.00,-5052.68,521.36,90.80,2.000,20.00,40.0,6.86
493.00,-5050.68,521.33,90.91,2.000,20.00,40.0,6.86
494.00,-5048.68,521.30,91.03,2.000,20.00,40.0,6.86
495.00,-5046.68,521.26,91.14,2.000,20.00,40.0,6.86
496.00,-5044.68,521.22,91.26,2.000,20.00,40.0,6.86
497.00,-5042.68,521.18,91.37,2.000,20.00,40.0,6.86
498.00,-5040.68,521.13,91.49,2.000,20.00,40.0,6.86
499.00,-5038.68,521.08,91.60,2.000,20.00,40.0,6.86
500.00,-5036.69,521.02,91.71,2.000,20.00,40.0,6.86
501.00,-5034.69,520.96,91.83,2.000,20.00,40.0,6.86
502.00,-5032.69,520.90,91.94,2.000,20.00,40.0,6.86
503.00,-5030.69,520.83,92.06,2.000,20.00,40.0,6.86
504.00,-5028.69,520.76,92.17,2.000,20.00,40.0,6.86
505.00,-5026.69,520.68,92.29,2.000,20.00,40.0,6.86
506.00,-5024.69,520.60,92.40,2.000,20.00,40.0,6.86
507.00,-5022.69,520.52,92.51,2.000,20.00,40.0,6.86
508.00,-5020.70,520.43,92.63,2.000,20.00,40.0,6.86
509.00,-5018.70,520.34,92.74,2.000,20.00,40.0,6.86
510.00,-5016.70,520.24,92.86,2.000,20.00,40.0,6.86
511.00,-5014.70,520.14,92.97,2.000,20.00,40.0,6.86
512.00,-5012.70,520.04,93.09,2.000,20.00,40.0,6.86
513.00,-5010.71,519.93,93.20,2.000,20.00,40.0,6.86
514.00,-5008.71,519.82,93.31,2.000,20.00,40.0,6.86
515.00,-5006.71,519.71,93.43,2.000,20.00,40.0,6.86
516.00,-5004.72,519.59,93.54,2.000,20.00,40.0,6.86
517.00,-5002.72,519.46,93.66,2.000,20.00,40.0,6.86
518.00,-5000.73,519.33,93.77,2.000,20.00,40.0,6.86
519.00,-4998.73,519.20,93.89,2.000,20.00,40.0,6.86
520.00,-4996.73,519.07,94.00,2.000,20.00,40.0,6.86
521.00,-4994.74,518.93,94.11,2.000,20.00,40.0,6.86
522.00,-4992.74,518.78,94.23,2.000,20.00,40.0,6.86
523.00,-4990.75,518.64,94.34,2.000,20.00,40.0,6.86
524.00,-4988.75,518.49,94.46,2.000,20.00,40.0,6.86
525.00,-4986.76,518.33,94.57,2.000,20.00,40.0,6.86
526.00,-4984.77,518.17,94.69,2.000,20.00,40.0,6.86
527.00,-4982.77,518.01,94.80,2.000,20.00,40.0,6.86
528.00,-4980.78,517.84,94.91,2.000,20.00,40.0,6.86
529.00,-4978.79,517.67,95.03,2.000,20.00,40.0,6.86
530.00,-4976.80,517.49,95.14,2.000,20.00,40.0,6.86
531.00,-4974.80,517.31,95.26,2.000,20.00,40.0,6.86
532.00,-4972.81,517.13,95.37,2.000,20.00,40.0,6.86
533.00,-4970.82,516.94,95.49,2.000,20.00,40.0,6.86
534.00,-4968.83,516.75,95.60,2.000,20.00,40.0,6.86
535.00,-4966.84,516.56,95.71,2.000,20.00,40.0,6.86
536.00,-4964.85,516.36,95.83,2.000,20.00,40.0,6.86
537.00,-4962.86,516.15,95.94,2.000,20.00,40.0,6.86
538.00,-4960.87,515.95,96.06,2.000,20.00,40.0,6.86
539.00,-4958.88,515.74,96.17,2.000,20.00,40.0,6.86
540.00,-4956.89,515.52,96.29,2.000,20.00,40.0,6.86
541.00,-4954.90,515.30,96.40,2.000,20.00,40.0,6.86
542.00,-4952.92,515.08,96.51,2.000,20.00,40.0,6.86
543.00,-4950.93,514.85,96.63,2.000,20.00,40.0,6.86
544.00,-4948.94,514.62,96.74,2.000,20.00,40.0,6.86
545.00,-4946.96,514.39,96.86,2.000,20.00,40.0,6.86
546.00,-4944.97,514.15,96.97,2.000,20.00,40.0,6.86
547.00,-4942.99,513.91,97.09,2.000,20.00,40.0,6.86
548.00,-4941.00,513.66,97.20,2.000,20.00,40.0,6.86
549.00,-4939.02,513.41,97.31,2.000,20.00,40.0,6.86
550.00,-4937.03,513.15,97.43,2.000,20.00,40.0,6.86
551.00,-4935.05,512.89,97.54,2.000,20.00,40.0,6.86
552.00,-4933.07,512.63,97.66,2.000,20.00,40.0,6.86
553.00,-4931.09,512.37,97.77,2.000,20.00,40.0,6.86
554.00,-4929.10,512.10,97.89,2.000,20.00,40.0,6.86
555.00,-4927.12,511.82,98.00,2.000,20.00,40.0,6.86
556.00,-4925.14,511.54,98.11,2.000,20.00,40.0,6.86
557.00,-4923.16,511.26,98.23,2.000,20.00,40.0,6.86
558.00,-4921.18,510.97,98.34,2.000,20.00,40.0,6.86
559.00,-4919.20,510.68,98.46,2.000,20.00,40.0,6.86
560.00,-4917.23,510.39,98.57,2.000,20.00,40.0,6.86
561.00,-4915.25,510.09,98.69,2.000,20.00,40.0,6.86
562.00,-4913.27,509.79,98.80,2.000,20.00,40.0,6.86
563.00,-4911.29,509.48,98.91,2.000,20.00,40.0,6.86
564.00,-4909.32,509.17,99.03,2.000,20.00,40.0,6.86
565.00,-4907.34,508.86,99.14,2.000,20.00,40.0,6.86
566.00,-4905.37,508.54,99.26,2.000,20.00,40.0,6.86
567.00,-4903.39,508.22,99.37,2.000,20.00,40.0,6.86
568.00,-4901.42,507.89,99.49,2.000,20.00,40.0,6.86
569.00,-4899.45,507.57,99.60,2.000,20.00,40.0,6.86
570.00,-4897.48,507.23,99.71,2.000,20.00,40.0,6.86
571.00,-4895.50,506.89,99.83,2.000,20.00,40.0,6.86
572.00,-4893.53,506.55,99.94,2.000,20.00,40.0,6.86
573.00,-4891.56,506.21,100.06,2.000,20.00,40.0,6.86
574.00,-4889.59,505.86,100.17,2.000,20.00,40.0,6.86
575.00,-4887.63,505.50,100.29,2.000,20.00,40.0,6.86
576.00,-4885.66,505.15,100.40,2.000,20.00,40.0,6.86
577.00,-4883.69,504.79,100.51,2.000,20.00,40.0,6.86
578.00,-4881.72,504.42,100.63,2.000,20.00,40.0,6.86
579.00,-4879.76,504.05,100.74,2.000,20.00,40.0,6.86
580.00,-4877.79,503.68,100.86,2.000,20.00,40.0,6.86
581.00,-4875.83,503.30,100.97,2.000,20.00,40.0,6.86
582.00,-4873.87,502.92,101.09,2.000,20.00,40.0,6.86
583.00,-4871.90,502.54,101.20,2.000,20.00,40.0,6.86
584.00,-4869.94,502.15,101.31,2.000,20.00,40.0,6.86
585.00,-4867.98,501.76,101.43,2.000,20.00,40.0,6.86
586.00,-4866.02,501.36,101.54,2.000,20.00,40.0,6.86
587.00,-4864.06,500.96,101.66,2.000,20.00,40.0,6.86
588.00,-4862.10,500.56,101.77,2.000,20.00,40.0,6.86
589.00,-4860.14,500.15,101.89,2.000,20.00,40.0,6.86
590.00,-4858.19,499.74,102.00,2.000,20.00,40.0,6.86
591.00,-4856.23,499.32,102.11,2.000,20.00,40.0,6.86
592.00,-4854.27,498.90,102.23,2.000,20.00,40.0,6.86
593.00,-4852.32,498.48,102.34,2.000,20.00,40.0,6.86
594.00,-4850.37,498.05,102.46,2.000,20.00,40.0,6.86
595.00,-4848.41,497.62,102.57,2.000,20.00,40.0,6.86
596.00,-4846.46,497.18,102.69,2.000,20.00,40.0,6.86
597.00,-4844.51,496.74,102.80,2.000,20.00,40.0,6.86
598.00,-4842.56,496.30,102.91,2.000,20.00,40.0,6.86
599.00,-4840.61,495.85,103.03,2.000,20.00,40.0,6.86
600.00,-4838.66,495.40,103.14,2.000,20.00,40.0,6.86
601.00,-4836.71,494.95,103.26,2.000,20.00,40.0,6.86
602.00,-4834.77,494.49,103.37,2.000,20.00,40.0,6.86
603.00,-4832.82,494.03,103.49,2.000,20.00,40.0,6.86
604.00,-4830.88,493.56,103.60,2.000,20.00,40.0,6.86
605.00,-4828.93,493.09,103.71,2.000,20.00,40.0,6.86
606.00,-4826.99,492.62,103.83,2.000,20.00,40.0,6.86
607.00,-4825.05,492.14,103.94,2.000,20.00,40.0,6.86
608.00,-4823.11,491.66,104.06,2.000,20.00,40.0,6.86
609.00,-4821.17,491.17,104.17,2.000,20.00,40.0,6.86
610.00,-4819.23,490.68,104.29,2.000,20.00,40.0,6.86
611.00,-4817.29,490.19,104.40,2.000,20.00,40.0,6.86
612.00,-4815.35,489.69,104.51,2.000,20.00,40.0,6.86
613.00,-4813.42,489.19,104.63,2.000,20.00,40.0,6.86
614.00,-4811.48,488.68,104.74,2.000,20.00,40.0,6.86
615.00,-4809.55,488.17,104.86,2.000,20.00,40.0,6.86
616.00,-4807.61,487.66,104.97,2.000,20.00,40.0,6.86
617.00,-4805.68,487.15,105.09,2.000,20.00,40.0,6.86
618.00,-4803.75,486.62,105.20,2.000,20.00,40.0,6.86
619.00,-4801.82,486.10,105.31,2.000,20.00,40.0,6.86
620.00,-4799.89,485.57,105.43,2.000,20.00,40.0,6.86
621.00,-4797.96,485.04,105.54,2.000,20.00,40.0,6.86
622.00,-4796.04,484.50,105.66,2.000,20.00,40.0,6.86
623.00,-4794.11,483.96,105.77,2.000,20.00,40.0,6.86
624.00,-4792.19,483.42,105.89,2.000,20.00,40.0,6.86
625.00,-4790.26,482.87,106.00,2.000,20.00,40.0,6.86
626.00,-4788.34,482.32,106.11,2.000,20.00,40.0,6.86
627.00,-4786.42,481.77,106.23,2.000,20.00,40.0,6.86
628.00,-4784.50,481.21,106.34,2.000,20.00,40.0,6.86
629.00,-4782.58,480.65,106.46,2.000,20.00,40.0,6.86
630.00,-4780.66,480.08,106.57,2.000,20.00,40.0,6.86
631.00,-4778.74,479.51,106.69,2.000,20.00,40.0,6.86
632.00,-4776.83,478.93,106.80,2.000,20.00,40.0,6.86
633.00,-4774.91,478.36,106.91,2.000,20.00,40.0,6.86
634.00,-4773.00,477.77,107.03,2.000,20.00,40.0,6.86
635.00,-4771.09,477.19,107.14,2.000,20.00,40.0,6.86
636.00,-4769.18,476.60,107.26,2.000,20.00,40.0,6.86
637.00,-4767.27,476.01,107.37,2.000,20.00,40.0,6.86
638.00,-4765.36,475.41,107.49,2.000,20.00,40.0,6.86
639.00,-4763.45,474.81,107.60,2.000,20.00,40.0,6.86
640.00,-4761.54,474.20,107.71,2.000,20.00,40.0,6.86
641.00,-4759.64,473.59,107.83,2.000,20.00,40.0,6.86
642.00,-4757.73,472.98,107.94,2.000,20.00,40.0,6.86
643.00,-4755.83,472.37,108.06,2.000,20.00,40.0,6.86
644.00,-4753.93,471.75,108.17,2.000,20.00,40.0,6.86
645.00,-4752.03,471.12,108.29,2.000,20.00,40.0,6.86
646.00,-4750.13,470.49,108.40,2.000,20.00,40.0,6.86
647.00,-4748.23,469.86,108.51,2.000,20.00,40.0,6.86
648.00,-4746.34,469.23,108.63,2.000,20.00,40.0,6.86
649.00,-4744.44,468.59,108.74,2.000,20.00,40.0,6.86
650.00,-4742.55,467.95,108.86,2.000,20.00,40.0,6.86
651.00,-4740.66,467.30,108.97,2.000,20.00,40.0,6.86
652.00,-4738.76,466.65,109.09,2.000,20.00,40.0,6.86
653.00,-4736.87,466.00,109.20,2.000,20.00,40.0,6.86
654.00,-4734.98,465.34,109.31,2.000,20.00,40.0,6.86
655.00,-4733.10,464.68,109.43,2.000,20.00,40.0,6.86
656.00,-4731.21,464.01,109.54,2.000,20.00,40.0,6.86
657.00,-4729.33,463.34,109.66,2.000,20.00,40.0,6.86
658.00,-4727.44,462.67,109.77,2.000,20.00,40.0,6.86
659.00,-4725.56,461.99,109.89,2.000,20.00,40.0,6.86
660.00,-4723.68,461.31,110.00,2.000,20.00,40.0,6.86
661.00,-4721.80,460.63,110.11,2.000,20.00,40.0,6.86
662.00,-4719.92,459.94,110.23,2.000,20.00,40.0,6.86
663.00,-4718.05,459.25,110.34,2.000,20.00,40.0,6.86
664.00,-4716.17,458.55,110.46,2.000,20.00,40.0,6.86
665.00,-4714.30,457.86,110.57,2.000,20.00,40.0,6.86
666.00,-4712.42,457.15,110.69,2.000,20.00,40.0,6.86
667.00,-4710.55,456.45,110.80,2.000,20.00,40.0,6.86
668.00,-4708.68,455.74,110.91,2.000,20.00,40.0,6.86
669.00,-4706.82,455.02,111.03,2.000,20.00,40.0,6.86
670.00,-4704.95,454.30,111.14,2.000,20.00,40.0,6.86
671.00,-4703.08,453.58,111.26,2.000,20.00,40.0,6.86
672.00,-4701.22,452.86,111.37,2.000,20.00,40.0,6.86
673.00,-4699.36,452.13,111.49,2.000,20.00,40.0,6.86
674.00,-4697.50,451.40,111.60,2.000,20.00,40.0,6.86
675.00,-4695.64,450.66,111.71,2.000,20.00,40.0,6.86
676.00,-4693.78,449.92,111.83,2.000,20.00,40.0,6.86
677.00,-4691.92,449.18,111.94,2.000,20.00,40.0,6.86
678.00,-4690.07,448.43,112.06,2.000,20.00,40.0,6.86
679.00,-4688.21,447.68,112.17,2.000,20.00,40.0,6.86
680.00,-4686.36,446.92,112.29,2.000,20.00,40.0,6.86
681.00,-4684.51,446.16,112.40,2.000,20.00,40.0,6.86
682.00,-4682.66,445.40,112.51,2.000,20.00,40.0,6.86
683.00,-4680.81,444.64,112.63,2.000,20.00,40.0,6.86
684.00,-4678.97,443.87,112.74,2.000,20.00,40.0,6.86
685.00,-4677.12,443.09,112.86,2.000,20.00,40.0,6.86
686.00,-4675.28,442.32,112.97,2.000,20.00,40.0,6.86
687.00,-4673.44,441.54,113.09,2.000,20.00,40.0,6.86
688.00,-4671.60,440.75,113.20,2.000,20.00,40.0,6.86
689.00,-4669.76,439.96,113.31,2.000,20.00,40.0,6.86
690.00,-4667.92,439.17,113.43,2.000,20.00,40.0,6.86
691.00,-4666.09,438.38,113.54,2.000,20.00,40.0,6.86
692.00,-4664.26,437.58,113.66,2.000,20.00,40.0,6.86
693.00,-4662.42,436.78,113.77,2.000,20.00,40.0,6.86
694.00,-4660.59,435.97,113.89,2.000,20.00,40.0,6.86
695.00,-4658.76,435.16,114.00,2.000,20.00,40.0,6.86
696.00,-4656.94,434.35,114.11,2.000,20.00,40.0,6.86
697.00,-4655.11,433.53,114.23,2.000,20.00,40.0,6.86
698.00,-4653.29,432.71,114.34,2.000,20.00,40.0,6.86
699.00,-4651.47,431.88,114.46,2.000,20.00,40.0,6.86
700.00,-4649.65,431.06,114.57,2.000,20.00,40.0,6.86
701.00,-4647.83,430.22,114.69,2.000,20.00,40.0,6.86
702.00,-4646.01,429.39,114.80,2.000,20.00,40.0,6.86
703.00,-4644.19,428.55,114.91,2.000,20.00,40.0,6.86
704.00,-4642.38,427.71,115.03,2.000,20.00,40.0,6.86
705.00,-4640.57,426.86,115.14,2.000,20.00,40.0,6.86
706.00,-4638.76,426.01,115.26,2.000,20.00,40.0,6.86
707.00,-4636.95,425.16,115.37,2.000,20.00,40.0,6.86
708.00,-4635.14,424.30,115.49,2.000,20.00,40.0,6.86
709.00,-4633.34,423.44,115.60,2.000,20.00,40.0,6.86
710.00,-4631.53,422.58,115.71,2.000,20.00,40.0,6.86
711.00,-4629.73,421.71,115.83,2.000,20.00,40.0,6.86
712.00,-4627.93,420.84,115.94,2.000,20.00,40.0,6.86
713.00,-4626.13,419.96,116.06,2.000,20.00,40.0,6.86
714.00,-4624.33,419.08,116.17,2.000,20.00,40.0,6.86
715.00,-4622.54,418.20,116.29,2.000,20.00,40.0,6.86
716.00,-4620.75,417.32,116.40,2.000,20.00,40.0,6.86
717.00,-4618.96,416.43,116.51,2.000,20.00,40.0,6.86
718.00,-4617.17,415.53,116.63,2.000,20.00,40.0,6.86
719.00,-4615.38,414.64,116.74,2.000,20.00,40.0,6.86
720.00,-4613.59,413.74,116.86,2.000,20.00,40.0,6.86
721.00,-4611.81,412.83,116.97,2.000,20.00,40.0,6.86
722.00,-4610.02,411.93,117.09,2.000,20.00,40.0,6.86
723.00,-4608.24,411.02,117.20,2.000,20.00,40.0,6.86
724.00,-4606.47,410.10,117.31,2.000,20.00,40.0,6.86
725.00,-4604.69,409.18,117.43,2.000,20.00,40.0,6.86
726.00,-4602.91,408.26,117.54,2.000,20.00,40.0,6.86
727.00,-4601.14,407.34,117.66,2.000,20.00,40.0,6.86
728.00,-4599.37,406.41,117.77,2.000,20.00,40.0,6.86
729.00,-4597.60,405.48,117.89,2.000,20.00,40.0,6.86
730.00,-4595.83,404.54,118.00,2.000,20.00,40.0,6.86
731.00,-4594.06,403.60,118.11,2.000,20.00,40.0,6.86
732.00,-4592.30,402.66,118.23,2.000,20.00,40.0,6.86
733.00,-4590.54,401.72,118.34,2.000,20.00,40.0,6.86
734.00,-4588.78,400.77,118.46,2.000,20.00,40.0,6.86
735.00,-4587.02,399.81,118.57,2.000,20.00,40.0,6.86
736.00,-4585.26,398.86,118.69,2.000,20.00,40.0,6.86
737.00,-4583.51,397.90,118.80,2.000,20.00,40.0,6.86
738.00,-4581.76,396.93,118.91,2.000,20.00,40.0,6.86
739.00,-4580.01,395.97,119.03,2.000,20.00,40.0,6.86
740.00,-4578.26,395.00,119.14,2.000,20.00,40.0,6.86
741.00,-4576.51,394.02,119.26,2.000,20.00,40.0,6.86
742.00,-4574.77,393.04,119.37,2.000,20.00,40.0,6.86
743.00,-4573.02,392.06,119.49,2.000,20.00,40.0,6.86
744.00,-4571.28,391.08,119.60,2.000,20.00,40.0,6.86
745.00,-4569.54,390.09,119.71,2.000,20.00,40.0,6.86
746.00,-4567.81,389.10,119.83,2.000,20.00,40.0,6.86
747.00,-4566.07,388.10,119.94,2.000,20.00,40.0,6.86
748.00,-4564.34,387.11,120.06,2.000,20.00,40.0,6.86
749.00,-4562.61,386.10,120.17,2.000,20.00,40.0,6.86
750.00,-4560.88,385.10,120.29,2.000,20.00,40.0,6.86
751.00,-4559.15,384.09,120.40,2.000,20.00,40.0,6.86
752.00,-4557.43,383.08,120.51,2.000,20.00,40.0,6.86
753.00,-4555.70,382.06,120.63,2.000,20.00,40.0,6.86
754.00,-4553.98,381.04,120.74,2.000,20.00,40.0,6.86
755.00,-4552.26,380.02,120.86,2.000,20.00,40.0,6.86
756.00,-4550.55,379.00,120.97,2.000,20.00,40.0,6.86
757.00,-4548.83,377.97,121.09,2.000,20.00,40.0,6.86
758.00,-4547.12,376.93,121.20,2.000,20.00,40.0,6.86
759.00,-4545.41,375.90,121.31,2.000,20.00,40.0,6.86
760.00,-4543.70,374.86,121.43,2.000,20.00,40.0,6.86
761.00,-4541.99,373.82,121.54,2.000,20.00,40.0,6.86
762.00,-4540.29,372.77,121.66,2.000,20.00,40.0,6.86
763.00,-4538.58,371.72,121.77,2.000,20.00,40.0,6.86
764.00,-4536.88,370.67,121.89,2.000,20.00,40.0,6.86
765.00,-4535.19,369.61,122.00,2.000,20.00,40.0,6.86
766.00,-4533.49,368.55,122.11,2.000,20.00,40.0,6.86
767.00,-4531.80,367.49,122.23,2.000,20.00,40.0,6.86
768.00,-4530.10,366.42,122.34,2.000,20.00,40.0,6.86
769.00,-4528.41,365.35,122.46,2.000,20.00,40.0,6.86
770.00,-4526.73,364.28,122.57,2.000,20.00,40.0,6.86
771.00,-4525.04,363.20,122.69,2.000,20.00,40.0,6.86
772.00,-4523.36,362.12,122.80,2.000,20.00,40.0,6.86
773.00,-4521.68,361.04,122.91,2.000,20.00,40.0,6.86
774.00,-4520.00,359.95,123.03,2.000,20.00,40.0,6.86
775.00,-4518.32,358.86,123.14,2.000,20.00,40.0,6.86
776.00,-4516.65,357.77,123.26,2.000,20.00,40.0,6.86
777.00,-4514.97,356.67,123.37,2.000,20.00,40.0,6.86
778.00,-4513.30,355.57,123.49,2.000,20.00,40.0,6.86
779.00,-4511.64,354.47,123.60,2.000,20.00,40.0,6.86
780.00,-4509.97,353.36,123.71,2.000,20.00,40.0,6.86
781.00,-4508.31,352.25,123.83,2.000,20.00,40.0,6.86
782.00,-4506.65,351.14,123.94,2.000,20.00,40.0,6.86
783.00,-4504.99,350.02,124.06,2.000,20.00,40.0,6.86
784.00,-4503.33,348.90,124.17,2.000,20.00,40.0,6.86
785.00,-4501.67,347.78,124.29,2.000,20.00,40.0,6.86
786.00,-4500.02,346.65,124.40,2.000,20.00,40.0,6.86
787.00,-4498.37,345.52,124.51,2.000,20.00,40.0,6.86
788.00,-4496.72,344.39,124.63,2.000,20.00,40.0,6.86
789.00,-4495.08,343.25,124.74,2.000,20.00,40.0,6.86
790.00,-4493.43,342.11,124.86,2.000,20.00,40.0,6.86
791.00,-4491.79,340.97,124.97,2.000,20.00,40.0,6.86
792.00,-4490.15,339.82,125.09,2.000,20.00,40.0,6.86
793.00,-4488.52,338.67,125.20,2.000,20.00,40.0,6.86
794.00,-4486.88,337.52,125.31,2.000,20.00,40.0,6.86
795.00,-4485.25,336.36,125.43,2.000,20.00,40.0,6.86
796.00,-4483.62,335.20,125.54,2.000,20.00,40.0,6.86
797.00,-4481.99,334.04,125.66,2.000,20.00,40.0,6.86
798.00,-4480.37,332.87,125.77,2.000,20.00,40.0,6.86
799.00,-4478.75,331.71,125.89,2.000,20.00,40.0,6.86
800.00,-4477.13,330.53,126.00,2.000,20.00,40.0,6.86
801.00,-4475.51,329.36,126.11,2.000,20.00,40.0,6.86
802.00,-4473.89,328.18,126.23,2.000,20.00,40.0,6.86
803.00,-4472.28,327.00,126.34,2.000,20.00,40.0,6.86
804.00,-4470.67,325.81,126.46,2.000,20.00,40.0,6.86
805.00,-4469.06,324.62,126.57,2.000,20.00,40.0,6.86
806.00,-4467.45,323.43,126.69,2.000,20.00,40.0,6.86
807.00,-4465.85,322.24,126.80,2.000,20.00,40.0,6.86
808.00,-4464.25,321.04,126.91,2.000,20.00,40.0,6.86
809.00,-4462.65,319.84,127.03,2.000,20.00,40.0,6.86
810.00,-4461.05,318.63,127.14,2.000,20.00,40.0,6.86
811.00,-4459.46,317.43,127.26,2.000,20.00,40.0,6.86
812.00,-4457.87,316.21,127.37,2.000,20.00,40.0,6.86
813.00,-4456.28,315.00,127.49,2.000,20.00,40.0,6.86
814.00,-4454.69,313.78,127.60,2.000,20.00,40.0,6.86
815.00,-4453.11,312.56,127.71,2.000,20.00,40.0,6.86
816.00,-4451.52,311.34,127.83,2.000,20.00,40.0,6.86
817.00,-4449.94,310.11,127.94,2.000,20.00,40.0,6.86
818.00,-4448.37,308.88,128.06,2.000,20.00,40.0,6.86
819.00,-4446.79,307.65,128.17,2.000,20.00,40.0,6.86
820.00,-4445.22,306.41,128.29,2.000,20.00,40.0,6.86
821.00,-4443.65,305.18,128.40,2.000,20.00,40.0,6.86
822.00,-4442.08,303.93,128.51,2.000,20.00,40.0,6.86
823.00,-4440.52,302.69,128.63,2.000,20.00,40.0,6.86
824.00,-4438.95,301.44,128.74,2.000,20.00,40.0,6.86
825.00,-4437.39,300.19,128.86,2.000,20.00,40.0,6.86
826.00,-4435.84,298.93,128.97,2.000,20.00,40.0,6.86
827.00,-4434.28,297.67,129.09,2.000,20.00,40.0,6.86
828.00,-4432.73,296.41,129.20,2.000,20.00,40.0,6.86
829.00,-4431.18,295.15,129.31,2.000,20.00,40.0,6.86
830.00,-4429.63,293.88,129.43,2.000,20.00,40.0,6.86
831.00,-4428.09,292.61,129.54,2.000,20.00,40.0,6.86
832.00,-4426.55,291.34,129.66,2.000,20.00,40.0,6.86
833.00,-4425.01,290.06,129.77,2.000,20.00,40.0,6.86
834.00,-4423.47,288.78,129.89,2.000,20.00,40.0,6.86
835.00,-4421.93,287.50,130.00,2.000,20.00,40.0,6.86
836.00,-4420.40,286.21,130.11,2.000,20.00,40.0,6.86
837.00,-4418.87,284.93,130.23,2.000,20.00,40.0,6.86
838.00,-4417.35,283.63,130.34,2.000,20.00,40.0,6.86
839.00,-4415.82,282.34,130.46,2.000,20.00,40.0,6.86
840.00,-4414.30,281.04,130.57,2.000,20.00,40.0,6.86
841.00,-4412.78,279.74,130.69,2.000,20.00,40.0,6.86
842.00,-4411.26,278.44,130.80,2.000,20.00,40.0,6.86
843.00,-4409.75,277.13,130.91,2.000,20.00,40.0,6.86
844.00,-4408.24,275.82,131.03,2.000,20.00,40.0,6.86
845.00,-4406.73,274.51,131.14,2.000,20.00,40.0,6.86
846.00,-4405.22,273.19,131.26,2.000,20.00,40.0,6.86
847.00,-4403.72,271.87,131.37,2.000,20.00,40.0,6.86
848.00,-4402.22,270.55,131.49,2.000,20.00,40.0,6.86
849.00,-4400.72,269.23,131.60,2.000,20.00,40.0,6.86
850.00,-4399.23,267.90,131.71,2.000,20.00,40.0,6.86
851.00,-4397.73,266.57,131.83,2.000,20.00,40.0,6.86
852.00,-4396.24,265.23,131.94,2.000,20.00,40.0,6.86
853.00,-4394.75,263.90,132.06,2.000,20.00,40.0,6.86
854.00,-4393.27,262.56,132.17,2.000,20.00,40.0,6.86
855.00,-4391.79,261.21,132.29,2.000,20.00,40.0,6.86
856.00,-4390.31,259.87,132.40,2.000,20.00,40.0,6.86
857.00,-4388.83,258.52,132.51,2.000,20.00,40.0,6.86
858.00,-4387.36,257.17,132.63,2.000,20.00,40.0,6.86
859.00,-4385.88,255.81,132.74,2.000,20.00,40.0,6.86
860.00,-4384.42,254.46,132.86,2.000,20.00,40.0,6.86
861.00,-4382.95,253.10,132.97,2.000,20.00,40.0,6.86
862.00,-4381.49,251.73,133.09,2.000,20.00,40.0,6.86
863.00,-4380.03,250.37,133.20,2.000,20.00,40.0,6.86
864.00,-4378.57,249.00,133.31,2.000,20.00,40.0,6.86
865.00,-4377.11,247.63,133.43,2.000,20.00,40.0,6.86
866.00,-4375.66,246.25,133.54,2.000,20.00,40.0,6.86
867.00,-4374.21,244.87,133.66,2.000,20.00,40.0,6.86
868.00,-4372.76,243.49,133.77,2.000,20.00,40.0,6.86
869.00,-4371.32,242.11,133.89,2.000,20.00,40.0,6.86
870.00,-4369.88,240.72,134.00,2.000,20.00,40.0,6.86
871.00,-4368.44,239.33,134.11,2.000,20.00,40.0,6.86
872.00,-4367.00,237.94,134.23,2.000,20.00,40.0,6.86
873.00,-4365.57,236.55,134.34,2.000,20.00,40.0,6.86
874.00,-4364.14,235.15,134.46,2.000,20.00,40.0,6.86
875.00,-4362.71,233.75,134.57,2.000,20.00,40.0,6.86
876.00,-4361.29,232.34,134.68,2.000,15.00,40.0,6.80
877.00,-4359.87,230.94,134.80,2.000,15.00,40.0,6.74
878.00,-4358.45,229.53,134.91,2.000,15.00,40.0,6.69
879.00,-4357.03,228.12,135.02,2.000,15.00,40.0,6.64
880.00,-4355.62,226.70,135.13,2.000,15.00,40.0,6.59
881.00,-4354.21,225.28,135.24,2.000,15.00,40.0,6.54
882.00,-4352.80,223.86,135.35,2.000,15.00,40.0,6.49
883.00,-4351.39,222.44,135.45,2.000,15.00,40.0,6.45
884.00,-4349.99,221.02,135.56,2.000,15.00,40.0,6.41
885.00,-4348.59,219.59,135.67,2.000,15.00,40.0,6.36
886.00,-4347.19,218.16,135.77,2.000,10.00,40.0,6.27
887.00,-4345.80,216.72,135.87,2.000,10.00,40.0,6.17
888.00,-4344.40,215.29,135.98,2.000,10.00,40.0,6.08
889.00,-4343.01,213.85,136.08,2.000,10.00,40.0,5.99
890.00,-4341.63,212.41,136.17,2.000,10.00,40.0,5.91
891.00,-4340.24,210.97,136.27,2.000,10.00,40.0,5.82
892.00,-4338.86,209.52,136.37,2.000,10.00,40.0,5.74
893.00,-4337.48,208.07,136.46,2.000,10.00,40.0,5.67
894.00,-4336.10,206.62,136.55,2.000,10.00,40.0,5.59
895.00,-4334.72,205.17,136.65,2.000,10.00,40.0,5.52
896.00,-4333.35,203.72,136.74,2.000,10.00,40.0,5.45
897.00,-4331.98,202.26,136.83,2.000,10.00,40.0,5.38
898.00,-4330.61,200.80,136.92,2.000,10.00,40.0,5.32
899.00,-4329.25,199.34,137.00,2.000,5.00,40.0,5.20
900.00,-4327.88,197.88,137.09,2.000,5.00,40.0,5.08
901.00,-4326.52,196.42,137.17,2.000,5.00,40.0,4.97
902.00,-4325.16,194.95,137.25,2.000,5.00,40.0,4.86
903.00,-4323.80,193.48,137.33,2.000,5.00,40.0,4.76
904.00,-4322.45,192.01,137.41,2.000,5.00,40.0,4.65
905.00,-4321.09,190.54,137.48,2.000,5.00,40.0,4.56
906.00,-4319.74,189.06,137.56,2.000,5.00,40.0,4.46
907.00,-4318.39,187.59,137.63,2.000,5.00,40.0,4.37
908.00,-4317.05,186.11,137.70,2.000,5.00,40.0,4.28
909.00,-4315.70,184.63,137.77,2.000,5.00,40.0,4.20
910.00,-4314.36,183.15,137.84,2.000,5.00,40.0,4.11
911.00,-4313.01,181.67,137.91,2.000,5.00,40.0,4.03
912.00,-4311.67,180.18,137.97,2.000,5.00,40.0,3.96
913.00,-4310.33,178.70,138.04,2.000,5.00,40.0,3.88
914.00,-4309.00,177.21,138.10,2.000,0.00,40.0,3.75
915.00,-4307.66,175.72,138.16,2.000,0.00,40.0,3.63
916.00,-4306.33,174.23,138.22,2.000,0.00,40.0,3.51
917.00,-4304.99,172.74,138.28,2.000,0.00,40.0,3.39
918.00,-4303.66,171.25,138.33,2.000,0.00,40.0,3.28
919.00,-4302.33,169.75,138.38,2.000,0.00,40.0,3.17
920.00,-4301.00,168.26,138.43,2.000,0.00,40.0,3.06
921.00,-4299.68,166.76,138.48,2.000,0.00,40.0,2.96
922.00,-4298.35,165.26,138.53,2.000,0.00,40.0,2.86
923.00,-4297.03,163.76,138.58,2.000,0.00,40.0,2.77
924.00,-4295.70,162.27,138.62,2.000,0.00,40.0,2.67
925.00,-4294.38,160.76,138.67,2.000,0.00,40.0,2.58
926.00,-4293.06,159.26,138.71,2.000,0.00,40.0,2.50
927.00,-4291.74,157.76,138.75,2.000,0.00,40.0,2.41
928.00,-4290.42,156.26,138.79,2.000,0.00,40.0,2.33
929.00,-4289.11,154.75,138.82,2.000,0.00,40.0,2.26
930.00,-4287.79,153.25,138.86,2.000,0.00,40.0,2.18
931.00,-4286.47,151.74,138.90,2.000,0.00,40.0,2.11
932.00,-4285.16,150.23,138.93,2.000,0.00,40.0,2.04
933.00,-4283.84,148.73,138.96,2.000,0.00,40.0,1.97
934.00,-4282.53,147.22,138.99,2.000,0.00,40.0,1.90
935.00,-4281.22,145.71,139.02,2.000,0.00,40.0,1.84
936.00,-4279.91,144.20,139.05,2.000,0.00,40.0,1.78
937.00,-4278.60,142.69,139.08,2.000,0.00,40.0,1.72
938.00,-4277.29,141.18,139.11,2.000,0.00,40.0,1.66
939.00,-4275.98,139.66,139.14,2.000,0.00,40.0,1.61
940.00,-4274.67,138.15,139.16,2.000,0.00,40.0,1.55
941.00,-4273.36,136.64,139.19,2.000,0.00,40.0,1.50
942.00,-4272.05,135.12,139.21,2.000,0.00,40.0,1.45
943.00,-4270.75,133.61,139.24,2.000,0.00,40.0,1.40
944.00,-4269.44,132.10,139.26,2.000,0.00,40.0,1.36
945.00,-4268.14,130.58,139.28,2.000,0.00,40.0,1.31
946.00,-4266.83,129.06,139.30,2.000,0.00,40.0,1.27
947.00,-4265.53,127.55,139.32,2.000,0.00,40.0,1.23
948.00,-4264.22,126.03,139.34,2.000,0.00,40.0,1.18
949.00,-4262.92,124.51,139.36,2.000,0.00,40.0,1.15
950.00,-4261.62,123.00,139.38,2.000,0.00,40.0,1.11
951.00,-4260.32,121.48,139.40,2.000,0.00,40.0,1.07
952.00,-4259.01,119.96,139.41,2.000,0.00,40.0,1.03
953.00,-4257.71,118.44,139.43,2.000,0.00,40.0,1.00
954.00,-4256.41,116.92,139.45,2.000,0.00,40.0,0.97
955.00,-4255.11,115.40,139.46,2.000,0.00,40.0,0.93
956.00,-4253.81,113.88,139.48,2.000,0.00,40.0,0.90
957.00,-4252.51,112.36,139.49,2.000,0.00,40.0,0.87
958.00,-4251.21,110.84,139.51,2.000,0.00,40.0,0.84
959.00,-4249.91,109.32,139.52,2.000,0.00,40.0,0.82
960.00,-4248.62,107.80,139.53,2.000,0.00,40.0,0.79
961.00,-4247.32,106.28,139.55,2.000,0.00,40.0,0.76
962.00,-4246.02,104.76,139.56,2.000,0.00,40.0,0.74
963.00,-4244.72,103.23,139.57,2.000,0.00,40.0,0.71
964.00,-4243.43,101.71,139.58,2.000,0.00,40.0,0.69
965.00,-4242.13,100.19,139.59,2.000,0.00,40.0,0.67
966.00,-4240.83,98.67,139.60,2.000,0.00,40.0,0.64
967.00,-4239.54,97.14,139.61,2.000,0.00,40.0,0.62
968.00,-4238.24,95.62,139.62,2.000,0.00,40.0,0.60
969.00,-4236.95,94.10,139.63,2.000,0.00,40.0,0.58
970.00,-4235.65,92.57,139.64,2.000,0.00,40.0,0.56
971.00,-4234.35,91.05,139.65,2.000,0.00,40.0,0.54
972.00,-4233.06,89.52,139.66,2.000,0.00,40.0,0.53
973.00,-4231.77,88.00,139.67,2.000,0.00,40.0,0.51
974.00,-4230.47,86.47,139.68,2.000,0.00,40.0,0.49
975.00,-4229.18,84.95,139.68,2.000,0.00,40.0,0.47
976.00,-4227.88,83.42,139.69,2.000,0.00,40.0,0.46
977.00,-4226.59,81.90,139.70,2.000,0.00,40.0,0.44
978.00,-4225.30,80.37,139.71,2.000,0.00,40.0,0.43
979.00,-4224.00,78.85,139.71,2.000,0.00,40.0,0.41
980.00,-4222.71,77.32,139.72,2.000,0.00,40.0,0.40
981.00,-4221.42,75.80,139.73,2.000,0.00,40.0,0.39
982.00,-4220.12,74.27,139.73,2.000,0.00,40.0,0.37
983.00,-4218.83,72.74,139.74,2.000,0.00,40.0,0.36
984.00,-4217.54,71.22,139.75,2.000,0.00,40.0,0.35
985.00,-4216.25,69.69,139.75,2.000,0.00,40.0,0.34
986.00,-4214.95,68.17,139.76,2.000,0.00,40.0,0.33
987.00,-4213.66,66.64,139.76,2.000,0.00,40.0,0.32
988.00,-4212.37,65.11,139.77,2.000,0.00,40.0,0.31
989.00,-4211.08,63.59,139.77,2.000,0.00,40.0,0.30
990.00,-4209.79,62.06,139.78,2.000,0.00,40.0,0.29
991.00,-4208.49,60.53,139.78,2.000,0.00,40.0,0.28
992.00,-4207.20,59.00,139.79,2.000,0.00,40.0,0.27
993.00,-4205.91,57.48,139.79,2.000,0.00,40.0,0.26
994.00,-4204.62,55.95,139.79,2.000,0.00,40.0,0.25
995.00,-4203.33,54.42,139.80,2.000,0.00,40.0,0.24
996.00,-4202.04,52.89,139.80,2.000,0.00,40.0,0.23
997.00,-4200.75,51.37,139.81,2.000,0.00,40.0,0.23
998.00,-4199.46,49.84,139.81,2.000,0.00,40.0,0.22
999.00,-4198.17,48.31,139.81,2.000,0.00,40.0,0.21
1000.00,-4196.88,46.78,139.82,2.000,0.00,40.0,0.20
1001.00,-4195.58,45.26,139.82,2.000,0.00,40.0,0.20
1002.00,-4194.29,43.73,139.82,2.000,0.00,40.0,0.19
1003.00,-4193.00,42.20,139.83,2.000,0.00,40.0,0.18
1004.00,-4191.71,40.67,139.83,2.000,0.00,40.0,0.18
1005.00,-4190.42,39.14,139.83,2.000,0.00,40.0,0.17
1006.00,-4189.13,37.61,139.83,2.000,0.00,40.0,0.17
1007.00,-4187.84,36.09,139.84,2.000,0.00,40.0,0.16
1008.00,-4186.55,34.56,139.84,2.000,0.00,40.0,0.15
1009.00,-4185.26,33.03,139.84,2.000,0.00,40.0,0.15
1010.00,-4183.97,31.50,139.84,2.000,0.00,40.0,0.14
1011.00,-4182.68,29.97,139.85,2.000,0.00,40.0,0.14
1012.00,-4181.39,28.44,139.85,2.000,0.00,40.0,0.14
1013.00,-4180.10,26.92,139.85,2.000,0.00,40.0,0.13
1014.00,-4178.82,25.39,139.85,2.000,0.00,40.0,0.13
1015.00,-4177.53,23.86,139.86,2.000,0.00,40.0,0.12
1016.00,-4176.24,22.33,139.86,2.000,0.00,40.0,0.12
1017.00,-4174.95,20.80,139.86,2.000,0.00,40.0,0.11
1018.00,-4173.66,19.27,139.86,2.000,0.00,40.0,0.11
1019.00,-4172.37,17.74,139.86,2.000,0.00,40.0,0.11
1020.00,-4171.08,16.21,139.86,2.000,0.00,40.0,0.10
1021.00,-4169.79,14.68,139.87,2.000,0.00,40.0,0.10
1022.00,-4168.50,13.15,139.87,2.000,0.00,40.0,0.10
1023.00,-4167.21,11.63,139.87,2.000,0.00,40.0,0.09
1024.00,-4165.92,10.10,139.87,2.000,0.00,40.0,0.09
1025.00,-4164.63,8.57,139.87,2.000,0.00,40.0,0.09
1026.00,-4163.34,7.04,139.87,2.000,0.00,40.0,0.08
1027.00,-4162.06,5.51,139.87,2.000,0.00,40.0,0.08
1028.00,-4160.77,3.98,139.88,2.000,0.00,40.0,0.08
1029.00,-4159.48,2.45,139.88,2.000,0.00,40.0,0.08
1030.00,-4158.19,0.92,139.88,2.000,0.00,40.0,0.07
1031.00,-4156.90,-0.61,139.88,2.000,0.00,40.0,0.07
1032.00,-4155.61,-2.14,139.88,2.000,0.00,40.0,0.07
1033.00,-4154.32,-3.67,139.88,2.000,0.00,40.0,0.07
1034.00,-4153.03,-5.20,139.88,2.000,0.00,40.0,0.06
1035.00,-4151.75,-6.73,139.88,2.000,0.00,40.0,0.06
1036.00,-4150.46,-8.26,139.89,2.000,0.00,40.0,0.06
1037.00,-4149.17,-9.79,139.89,2.000,0.00,40.0,0.06
1038.00,-4147.88,-11.31,139.89,2.000,0.00,40.0,0.06
1039.00,-4146.59,-12.84,139.89,2.000,0.00,40.0,0.05
1040.00,-4145.30,-14.37,139.89,2.000,0.00,40.0,0.05
1041.00,-4144.01,-15.90,139.89,2.000,0.00,40.0,0.05
1042.00,-4142.72,-17.43,139.89,2.000,0.00,40.0,0.05
1043.00,-4141.44,-18.96,139.89,2.000,0.00,40.0,0.05
1044.00,-4140.15,-20.49,139.89,2.000,0.00,40.0,0.05
1045.00,-4138.86,-22.02,139.89,2.000,0.00,40.0,0.04
1046.00,-4137.57,-23.55,139.89,2.000,0.00,40.0,0.04
1047.00,-4136.28,-25.08,139.89,2.000,0.00,40.0,0.04
1048.00,-4134.99,-26.61,139.89,2.000,0.00,40.0,0.04
1049.00,-4133.71,-28.14,139.90,2.000,0.00,40.0,0.04
1050.00,-4132.42,-29.67,139.90,2.000,0.00,40.0,0.04
1051.00,-4131.13,-31.20,139.90,2.000,0.00,40.0,0.04
1052.00,-4129.84,-32.73,139.90,2.000,0.00,40.0,0.03
1053.00,-4128.55,-34.26,139.90,2.000,0.00,40.0,0.03
1054.00,-4127.26,-35.79,139.90,2.000,0.00,40.0,0.03
1055.00,-4125.98,-37.32,139.90,2.000,0.00,40.0,0.03
1056.00,-4124.69,-38.85,139.90,2.000,0.00,40.0,0.03
1057.00,-4123.40,-40.38,139.90,2.000,0.00,40.0,0.03
1058.00,-4122.11,-41.91,139.90,2.000,0.00,40.0,0.03
1059.00,-4120.82,-43.44,139.90,2.000,0.00,40.0,0.03
1060.00,-4119.53,-44.97,139.90,2.000,0.00,40.0,0.03
1061.00,-4118.25,-46.50,139.90,2.000,0.00,40.0,0.03
1062.00,-4116.96,-48.03,139.90,2.000,0.00,40.0,0.02
1063.00,-4115.67,-49.56,139.90,2.000,0.00,40.0,0.02
1064.00,-4114.38,-51.09,139.90,2.000,0.00,40.0,0.02
1065.00,-4113.09,-52.62,139.90,2.000,0.00,40.0,0.02
1066.00,-4111.81,-54.15,139.90,2.000,0.00,40.0,0.02
1067.00,-4110.52,-55.68,139.90,2.000,0.00,40.0,0.02
1068.00,-4109.23,-57.21,139.90,2.000,0.00,40.0,0.02
1069.00,-4107.94,-58.74,139.90,2.000,0.00,40.0,0.02
1070.00,-4106.65,-60.27,139.91,2.000,0.00,40.0,0.02
1071.00,-4105.36,-61.80,139.91,2.000,0.00,40.0,0.02
1072.00,-4104.08,-63.33,139.91,2.000,0.00,40.0,0.02
1073.00,-4102.79,-64.86,139.91,2.000,0.00,40.0,0.02
1074.00,-4101.50,-66.39,139.91,2.000,0.00,40.0,0.02
1075.00,-4100.21,-67.92,139.91,2.000,0.00,40.0,0.02
1076.00,-4098.92,-69.45,139.91,2.000,0.00,40.0,0.02
1077.00,-4097.64,-70.98,139.91,2.000,0.00,40.0,0.01
1078.00,-4096.35,-72.51,139.91,2.000,0.00,40.0,0.01
1079.00,-4095.06,-74.04,139.91,2.000,0.00,40.0,0.01
1080.00,-4093.77,-75.57,139.91,2.000,0.00,40.0,0.01
1081.00,-4092.48,-77.10,139.91,2.000,0.00,40.0,0.01
1082.00,-4091.20,-78.63,139.91,2.000,0.00,40.0,0.01
1083.00,-4089.91,-80.16,139.91,2.000,0.00,40.0,0.01
1084.00,-4088.62,-81.69,139.91,2.000,0.00,40.0,0.01
1085.00,-4087.33,-83.22,139.91,2.000,0.00,40.0,0.01
1086.00,-4086.04,-84.75,139.91,2.000,0.00,40.0,0.01
1087.00,-4084.76,-86.28,139.91,2.000,0.00,40.0,0.01
1088.00,-4083.47,-87.81,139.91,2.000,0.00,40.0,0.01
1089.00,-4082.18,-89.34,139.91,2.000,0.00,40.0,0.01
1090.00,-4080.89,-90.87,139.91,2.000,0.00,40.0,0.01
1091.00,-4079.60,-92.40,139.91,2.000,0.00,40.0,0.01
1092.00,-4078.32,-93.93,139.91,2.000,0.00,40.0,0.01
1093.00,-4077.03,-95.46,139.91,2.000,0.00,40.0,0.01
1094.00,-4075.74,-96.99,139.91,2.000,0.00,40.0,0.01
1095.00,-4074.45,-98.52,139.91,2.000,0.00,40.0,0.01
1096.00,-4073.16,-100.05,139.91,2.000,0.00,40.0,0.01
1097.00,-4071.88,-101.58,139.91,2.000,0.00,40.0,0.01
1098.00,-4070.59,-103.11,139.91,2.000,0.00,40.0,0.01
1099.00,-4069.30,-104.64,139.91,2.000,0.00,40.0,0.01
1100.00,-4068.01,-106.17,139.91,2.000,0.00,40.0,0.01
1101.00,-4066.72,-107.70,139.91,2.000,0.00,40.0,0.01
1102.00,-4065.44,-109.23,139.91,2.000,0.00,40.0,0.01
1103.00,-4064.15,-110.76,139.91,2.000,0.00,40.0,0.01
1104.00,-4062.86,-112.29,139.91,2.000,0.00,40.0,0.01
1105.00,-4061.57,-113.82,139.91,2.000,0.00,40.0,0.01
1106.00,-4060.28,-115.35,139.91,2.000,0.00,40.0,0.01
1107.00,-4059.00,-116.88,139.91,2.000,0.00,40.0,0.01
1108.00,-4057.71,-118.41,139.91,2.000,0.00,40.0,0.01
1109.00,-4056.42,-119.94,139.91,2.000,0.00,40.0,0.01
1110.00,-4055.13,-121.47,139.91,2.000,0.00,40.0,0.00
1111.00,-4053.85,-123.00,139.91,2.000,0.00,40.0,0.00
1112.00,-4052.56,-124.53,139.91,2.000,0.00,40.0,0.00
1113.00,-4051.27,-126.06,139.91,2.000,0.00,40.0,0.00
1114.00,-4049.98,-127.59,139.91,2.000,0.00,40.0,0.00
1115.00,-4048.69,-129.12,139.91,2.000,0.00,40.0,0.00
1116.00,-4047.41,-130.65,139.91,2.000,0.00,40.0,0.00
1117.00,-4046.12,-132.18,139.91,2.000,0.00,40.0,0.00
1118.00,-4044.83,-133.71,139.91,2.000,0.00,40.0,0.00
1119.00,-4043.54,-135.24,139.91,2.000,0.00,40.0,0.00
1120.00,-4042.25,-136.77,139.91,2.000,0.00,40.0,0.00
1121.00,-4040.97,-138.30,139.91,2.000,0.00,40.0,0.00
1122.00,-4039.68,-139.83,139.91,2.000,0.00,40.0,0.00
1123.00,-4038.39,-141.36,139.91,2.000,0.00,40.0,0.00
1124.00,-4037.10,-142.89,139.91,2.000,0.00,40.0,0.00
1125.00,-4035.81,-144.42,139.91,2.000,0.00,40.0,0.00
1126.00,-4034.53,-145.95,139.91,2.000,0.00,40.0,0.00
1127.00,-4033.24,-147.48,139.91,2.000,0.00,40.0,0.00
1128.00,-4031.95,-149.01,139.91,2.000,0.00,40.0,0.00
1129.00,-4030.66,-150.54,139.91,2.000,0.00,40.0,0.00
1130.00,-4029.37,-152.07,139.91,2.000,0.00,40.0,0.00
1131.00,-4028.09,-153.60,139.91,2.000,0.00,40.0,0.00
1132.00,-4026.80,-155.13,139.91,2.000,0.00,40.0,0.00
1133.00,-4025.51,-156.66,139.91,2.000,0.00,40.0,0.00
1134.00,-4024.22,-158.19,139.91,2.000,0.00,40.0,0.00
1135.00,-4022.94,-159.72,139.91,2.000,0.00,40.0,0.00
1136.00,-4021.65,-161.25,139.91,2.000,0.00,40.0,0.00
1137.00,-4020.36,-162.78,139.91,2.000,0.00,40.0,0.00
1138.00,-4019.07,-164.31,139.91,2.000,0.00,40.0,0.00
1139.00,-4017.78,-165.84,139.91,2.000,0.00,40.0,0.00
1140.00,-4016.50,-167.37,139.91,2.000,0.00,40.0,0.00
1141.00,-4015.21,-168.90,139.91,2.000,0.00,40.0,0.00
1142.00,-4013.92,-170.43,139.91,2.000,0.00,40.0,0.00
1143.00,-4012.63,-171.96,139.91,2.000,0.00,40.0,0.00
1144.00,-4011.34,-173.49,139.91,2.000,0.00,40.0,0.00
1145.00,-4010.06,-175.02,139.91,2.000,0.00,40.0,0.00
1146.00,-4008.77,-176.55,139.91,2.000,0.00,40.0,0.00
1147.00,-4007.48,-178.08,139.91,2.000,0.00,40.0,0.00
1148.00,-4006.19,-179.61,139.91,2.000,0.00,40.0,0.00
1149.00,-4004.90,-181.15,139.91,2.000,0.00,40.0,0.00
1150.00,-4003.62,-182.68,139.91,2.000,0.00,40.0,0.00
1151.00,-4002.33,-184.21,139.91,2.000,0.00,40.0,0.00
1152.00,-4001.04,-185.74,139.91,2.000,0.00,40.0,0.00
1153.00,-3999.75,-187.27,139.91,2.000,0.00,40.0,0.00
1154.00,-3998.47,-188.80,139.91,2.000,0.00,40.0,0.00
1155.00,-3997.18,-190.33,139.91,2.000,0.00,40.0,0.00
1156.00,-3995.89,-191.86,139.91,2.000,0.00,40.0,0.00
1157.00,-3994.60,-193.39,139.91,2.000,0.00,40.0,0.00
1158.00,-3993.31,-194.92,139.91,2.000,0.00,40.0,0.00
1159.00,-3992.03,-196.45,139.91,2.000,0.00,40.0,0.00
1160.00,-3990.74,-197.98,139.91,2.000,0.00,40.0,0.00
1161.00,-3989.45,-199.51,139.91,2.000,0.00,40.0,0.00
1162.00,-3988.16,-201.04,139.91,2.000,0.00,40.0,0.00
1163.00,-3986.87,-202.57,139.91,2.000,0.00,40.0,0.00
1164.00,-3985.59,-204.10,139.91,2.000,0.00,40.0,0.00
1165.00,-3984.30,-205.63,139.91,2.000,0.00,40.0,0.00
1166.00,-3983.01,-207.16,139.91,2.000,0.00,40.0,0.00
1167.00,-3981.72,-208.69,139.91,2.000,0.00,40.0,0.00
1168.00,-3980.44,-210.22,139.91,2.000,0.00,40.0,0.00
1169.00,-3979.15,-211.75,139.91,2.000,0.00,40.0,0.00
1170.00,-3977.86,-213.28,139.91,2.000,0.00,40.0,0.00
1171.00,-3976.57,-214.81,139.91,2.000,0.00,40.0,0.00
1172.00,-3975.28,-216.34,139.91,2.000,0.00,40.0,0.00
1173.00,-3974.00,-217.87,139.91,2.000,0.00,40.0,0.00
1174.00,-3972.71,-219.40,139.91,2.000,0.00,40.0,0.00
1175.00,-3971.42,-220.93,139.91,2.000,0.00,40.0,0.00
1176.00,-3970.13,-222.46,139.91,2.000,0.00,40.0,0.00
1177.00,-3968.84,-223.99,139.91,2.000,0.00,40.0,0.00
1178.00,-3967.56,-225.52,139.91,2.000,0.00,40.0,0.00
1179.00,-3966.27,-227.05,139.91,2.000,0.00,40.0,0.00
1180.00,-3964.98,-228.58,139.91,2.000,0.00,40.0,0.00
1181.00,-3963.69,-230.11,139.91,2.000,0.00,40.0,0.00
1182.00,-3962.40,-231.64,139.91,2.000,0.00,40.0,0.00
1183.00,-3961.12,-233.17,139.91,2.000,0.00,40.0,0.00
1184.00,-3959.83,-234.70,139.91,2.000,0.00,40.0,0.00
1185.00,-3958.54,-236.23,139.91,2.000,0.00,40.0,0.00
1186.00,-3957.25,-237.76,139.91,2.000,0.00,40.0,0.00
1187.00,-3955.97,-239.29,139.91,2.000,0.00,40.0,0.00
1188.00,-3954.68,-240.82,139.91,2.000,0.00,40.0,0.00
1189.00,-3953.39,-242.35,139.91,2.000,0.00,40.0,0.00
1190.00,-3952.10,-243.88,139.91,2.000,0.00,40.0,0.00
1191.00,-3950.81,-245.41,139.91,2.000,0.00,40.0,0.00
1192.00,-3949.53,-246.94,139.91,2.000,0.00,40.0,0.00
1193.00,-3948.24,-248.47,139.91,2.000,0.00,40.0,0.00
1194.00,-3946.95,-250.00,139.91,2.000,0.00,40.0,0.00
1195.00,-3945.66,-251.53,139.91,2.000,0.00,40.0,0.00
1196.00,-3944.37,-253.06,139.91,2.000,0.00,40.0,0.00
1197.00,-3943.09,-254.59,139.91,2.000,0.00,40.0,0.00
1198.00,-3941.80,-256.12,139.91,2.000,0.00,40.0,0.00
1199.00,-3940.51,-257.65,139.91,2.000,0.00,40.0,0.00
1200.00,-3939.22,-259.18,139.91,2.000,0.00,40.0,0.00
1201.00,-3937.94,-260.71,139.91,2.000,0.00,40.0,0.00
1202.00,-3936.65,-262.24,139.91,2.000,0.00,40.0,0.00
1203.00,-3935.36,-263.77,139.91,2.000,0.00,40.0,0.00
1204.00,-3934.07,-265.30,139.91,2.000,0.00,40.0,0.00
1205.00,-3932.78,-266.83,139.91,2.000,0.00,40.0,0.00
1206.00,-3931.50,-268.36,139.91,2.000,0.00,40.0,0.00
1207.00,-3930.21,-269.89,139.91,2.000,0.00,40.0,0.00
1208.00,-3928.92,-271.42,139.91,2.000,0.00,40.0,0.00
1209.00,-3927.63,-272.95,139.91,2.000,0.00,40.0,0.00
1210.00,-3926.34,-274.48,139.91,2.000,0.00,40.0,0.00
1211.00,-3925.06,-276.01,139.91,2.000,0.00,40.0,0.00
1212.00,-3923.77,-277.54,139.91,2.000,0.00,40.0,0.00
1213.00,-3922.48,-279.08,139.91,2.000,0.00,40.0,0.00
1214.00,-3921.19,-280.61,139.91,2.000,0.00,40.0,0.00
1215.00,-3919.91,-282.14,139.91,2.000,0.00,40.0,0.00
1216.00,-3918.62,-283.67,139.91,2.000,0.00,40.0,0.00
1217.00,-3917.33,-285.20,139.91,2.000,0.00,40.0,0.00
1218.00,-3916.04,-286.73,139.91,2.000,0.00,40.0,0.00
1219.00,-3914.75,-288.26,139.91,2.000,0.00,40.0,0.00
1220.00,-3913.47,-289.79,139.91,2.000,0.00,40.0,0.00
1221.00,-3912.18,-291.32,139.91,2.000,0.00,40.0,0.00
1222.00,-3910.89,-292.85,139.91,2.000,0.00,40.0,0.00
1223.00,-3909.60,-294.38,139.91,2.000,0.00,40.0,0.00
1224.00,-3908.31,-295.91,139.91,2.000,0.00,40.0,0.00
1225.00,-3907.03,-297.44,139.91,2.000,0.00,40.0,0.00
1226.00,-3905.74,-298.97,139.91,2.000,0.00,40.0,0.00
1227.00,-3904.45,-300.50,139.91,2.000,0.00,40.0,0.00
1228.00,-3903.16,-302.03,139.91,2.000,0.00,40.0,0.00
1229.00,-3901.88,-303.56,139.91,2.000,0.00,40.0,0.00
1230.00,-3900.59,-305.09,139.91,2.000,0.00,40.0,0.00
1231.00,-3899.30,-306.62,139.91,2.000,0.00,40.0,0.00
1232.00,-3898.01,-308.15,139.91,2.000,0.00,40.0,0.00
1233.00,-3896.72,-309.68,139.91,2.000,0.00,40.0,0.00
1234.00,-3895.44,-311.21,139.91,2.000,0.00,40.0,0.00
1235.00,-3894.15,-312.74,139.91,2.000,0.00,40.0,0.00
1236.00,-3892.86,-314.27,139.91,2.000,0.00,40.0,0.00
1237.00,-3891.57,-315.80,139.91,2.000,0.00,40.0,0.00
1238.00,-3890.28,-317.33,139.91,2.000,0.00,40.0,0.00
1239.00,-3889.00,-318.86,139.91,2.000,0.00,40.0,0.00
1240.00,-3887.71,-320.39,139.91,2.000,0.00,40.0,0.00
1241.00,-3886.42,-321.92,139.91,2.000,0.00,40.0,0.00
1242.00,-3885.13,-323.45,139.91,2.000,0.00,40.0,0.00
1243.00,-3883.84,-324.98,139.91,2.000,0.00,40.0,0.00
1244.00,-3882.56,-326.51,139.91,2.000,0.00,40.0,0.00
1245.00,-3881.27,-328.04,139.91,2.000,0.00,40.0,0.00
1246.00,-3879.98,-329.57,139.91,2.000,0.00,40.0,0.00
1247.00,-3878.69,-331.10,139.91,2.000,0.00,40.0,0.00
1248.00,-3877.41,-332.63,139.91,2.000,0.00,40.0,0.00
1249.00,-3876.12,-334.16,139.91,2.000,0.00,40.0,0.00
1250.00,-3874.83,-335.69,139.91,2.000,0.00,40.0,0.00
1251.00,-3873.54,-337.22,139.91,2.000,0.00,40.0,0.00
1252.00,-3872.25,-338.75,139.91,2.000,0.00,40.0,0.00
1253.00,-3870.97,-340.28,139.91,2.000,0.00,40.0,0.00
1254.00,-3869.68,-341.81,139.91,2.000,0.00,40.0,0.00
1255.00,-3868.39,-343.34,139.91,2.000,0.00,40.0,0.00
1256.00,-3867.10,-344.87,139.91,2.000,0.00,40.0,0.00
1257.00,-3865.81,-346.40,139.91,2.000,0.00,40.0,0.00
1258.00,-3864.53,-347.93,139.91,2.000,0.00,40.0,0.00
1259.00,-3863.24,-349.46,139.91,2.000,0.00,40.0,0.00
1260.00,-3861.95,-350.99,139.91,2.000,0.00,40.0,0.00
1261.00,-3860.66,-352.52,139.91,2.000,0.00,40.0,0.00
1262.00,-3859.38,-354.05,139.91,2.000,0.00,40.0,0.00
1263.00,-3858.09,-355.58,139.91,2.000,0.00,40.0,0.00
1264.00,-3856.80,-357.11,139.91,2.000,0.00,40.0,0.00
1265.00,-3855.51,-358.64,139.91,2.000,0.00,40.0,0.00
1266.00,-3854.22,-360.17,139.91,2.000,0.00,40.0,0.00
1267.00,-3852.94,-361.70,139.91,2.000,0.00,40.0,0.00
1268.00,-3851.65,-363.23,139.91,2.000,0.00,40.0,0.00
1269.00,-3850.36,-364.76,139.91,2.000,0.00,40.0,0.00
1270.00,-3849.07,-366.29,139.91,2.000,0.00,40.0,0.00
1271.00,-3847.78,-367.82,139.91,2.000,0.00,40.0,0.00
1272.00,-3846.50,-369.35,139.91,2.000,0.00,40.0,0.00
1273.00,-3845.21,-370.88,139.91,2.000,0.00,40.0,0.00
1274.00,-3843.92,-372.42,139.91,2.000,0.00,40.0,0.00
1275.00,-3842.63,-373.95,139.91,2.000,0.00,40.0,0.00
1276.00,-3841.35,-375.48,139.91,2.000,0.00,40.0,0.00
1277.00,-3840.06,-377.01,139.91,2.000,0.00,40.0,0.00
1278.00,-3838.77,-378.54,139.91,2.000,0.00,40.0,0.00
1279.00,-3837.48,-380.07,139.91,2.000,0.00,40.0,0.00
1280.00,-3836.19,-381.60,139.91,2.000,0.00,40.0,0.00
1281.00,-3834.91,-383.13,139.91,2.000,0.00,40.0,0.00
1282.00,-3833.62,-384.66,139.91,2.000,0.00,40.0,0.00
1283.00,-3832.33,-386.19,139.91,2.000,0.00,40.0,0.00
1284.00,-3831.04,-387.72,139.91,2.000,0.00,40.0,0.00
1285.00,-3829.75,-389.25,139.91,2.000,0.00,40.0,0.00
1286.00,-3828.47,-390.78,139.91,2.000,0.00,40.0,0.00
1287.00,-3827.18,-392.31,139.91,2.000,0.00,40.0,0.00
1288.00,-3825.89,-393.84,139.91,2.000,0.00,40.0,0.00
1289.00,-3824.60,-395.37,139.91,2.000,0.00,40.0,0.00
1290.00,-3823.32,-396.90,139.91,2.000,0.00,40.0,0.00
1291.00,-3822.03,-398.43,139.91,2.000,0.00,40.0,0.00
1292.00,-3820.74,-399.96,139.91,2.000,0.00,40.0,0.00
1293.00,-3819.45,-401.49,139.91,2.000,0.00,40.0,0.00
1294.00,-3818.16,-403.02,139.91,2.000,0.00,40.0,0.00
1295.00,-3816.88,-404.55,139.91,2.000,0.00,40.0,0.00
1296.00,-3815.59,-406.08,139.91,2.000,0.00,40.0,0.00
1297.00,-3814.30,-407.61,139.91,2.000,0.00,40.0,0.00
1298.00,-3813.01,-409.14,139.91,2.000,0.00,40.0,0.00
1299.00,-3811.72,-410.67,139.91,2.000,0.00,40.0,0.00
1300.00,-3810.44,-412.20,139.91,2.000,0.00,40.0,0.00
1301.00,-3809.15,-413.73,139.91,2.000,0.00,40.0,0.00
1302.00,-3807.86,-415.26,139.91,2.000,0.00,40.0,0.00
1303.00,-3806.57,-416.79,139.91,2.000,0.00,40.0,0.00
1304.00,-3805.29,-418.32,139.91,2.000,0.00,40.0,0.00
1305.00,-3804.00,-419.85,139.91,2.000,0.00,40.0,0.00
1306.00,-3802.71,-421.38,139.91,2.000,0.00,40.0,0.00
1307.00,-3801.42,-422.91,139.91,2.000,0.00,40.0,0.00
1308.00,-3800.13,-424.44,139.91,2.000,0.00,40.0,0.00
1309.00,-3798.85,-425.97,139.91,2.000,0.00,40.0,0.00
1310.00,-3797.56,-427.50,139.91,2.000,0.00,40.0,0.00
1311.00,-3796.27,-429.03,139.91,2.000,0.00,40.0,0.00
1312.00,-3794.98,-430.56,139.91,2.000,0.00,40.0,0.00
1313.00,-3793.69,-432.09,139.91,2.000,0.00,40.0,0.00
1314.00,-3792.41,-433.62,139.91,2.000,0.00,40.0,0.00
1315.00,-3791.12,-435.15,139.91,2.000,0.00,40.0,0.00
1316.00,-3789.83,-436.68,139.91,2.000,0.00,40.0,0.00
1317.00,-3788.54,-438.21,139.91,2.000,0.00,40.0,0.00
1318.00,-3787.26,-439.74,139.91,2.000,0.00,40.0,0.00
1319.00,-3785.97,-441.27,139.91,2.000,0.00,40.0,0.00
1320.00,-3784.68,-442.80,139.91,2.000,0.00,40.0,0.00
1321.00,-3783.39,-444.33,139.91,2.000,0.00,40.0,0.00
1322.00,-3782.10,-445.86,139.91,2.000,0.00,40.0,0.00
1323.00,-3780.82,-447.39,139.91,2.000,0.00,40.0,0.00
1324.00,-3779.53,-448.92,139.91,2.000,0.00,40.0,0.00
1325.00,-3778.24,-450.45,139.91,2.000,0.00,40.0,0.00
1326.00,-3776.95,-451.98,139.91,2.000,0.00,40.0,0.00
1327.00,-3775.66,-453.51,139.91,2.000,0.00,40.0,0.00
1328.00,-3774.38,-455.04,139.91,2.000,0.00,40.0,0.00
1329.00,-3773.09,-456.57,139.91,2.000,0.00,40.0,0.00
1330.00,-3771.80,-458.10,139.91,2.000,0.00,40.0,0.00
1331.00,-3770.51,-459.63,139.91,2.000,0.00,40.0,0.00
1332.00,-3769.22,-461.16,139.91,2.000,0.00,40.0,0.00
1333.00,-3767.94,-462.69,139.91,2.000,0.00,40.0,0.00
1334.00,-3766.65,-464.22,139.91,2.000,0.00,40.0,0.00
1335.00,-3765.36,-465.76,139.91,2.000,0.00,40.0,0.00
1336.00,-3764.07,-467.29,139.91,2.000,0.00,40.0,0.00
1337.00,-3762.79,-468.82,139.91,2.000,0.00,40.0,0.00
1338.00,-3761.50,-470.35,139.91,2.000,0.00,40.0,0.00
1339.00,-3760.21,-471.88,139.91,2.000,0.00,40.0,0.00
1340.00,-3758.92,-473.41,139.91,2.000,0.00,40.0,0.00
1341.00,-3757.63,-474.94,139.91,2.000,0.00,40.0,0.00
1342.00,-3756.35,-476.47,139.91,2.000,0.00,40.0,0.00
1343.00,-3755.06,-478.00,139.91,2.000,0.00,40.0,0.00
1344.00,-3753.77,-479.53,139.91,2.000,0.00,40.0,0.00
1345.00,-3752.48,-481.06,139.91,2.000,0.00,40.0,0.00
1346.00,-3751.19,-482.59,139.91,2.000,0.00,40.0,0.00
1347.00,-3749.91,-484.12,139.91,2.000,0.00,40.0,0.00
1348.00,-3748.62,-485.65,139.91,2.000,0.00,40.0,0.00
1349.00,-3747.33,-487.18,139.91,2.000,0.00,40.0,0.00
1350.00,-3746.04,-488.71,139.91,2.000,0.00,40.0,0.00
1351.00,-3744.76,-490.24,139.91,2.000,0.00,40.0,0.00
1352.00,-3743.47,-491.77,139.91,2.000,0.00,40.0,0.00
1353.00,-3742.18,-493.30,139.91,2.000,0.00,40.0,0.00
1354.00,-3740.89,-494.83,139.91,2.000,0.00,40.0,0.00
1355.00,-3739.60,-496.36,139.91,2.000,0.00,40.0,0.00
1356.00,-3738.32,-497.89,139.91,2.000,0.00,40.0,0.00
1357.00,-3737.03,-499.42,139.91,2.000,0.00,40.0,0.00
1358.00,-3735.74,-500.95,139.91,2.000,0.00,40.0,0.00
1359.00,-3734.45,-502.48,139.91,2.000,0.00,40.0,0.00
1360.00,-3733.16,-504.01,139.91,2.000,0.00,40.0,0.00
1361.00,-3731.88,-505.54,139.91,2.000,0.00,40.0,0.00
1362.00,-3730.59,-507.07,139.91,2.000,0.00,40.0,0.00
1363.00,-3729.30,-508.60,139.91,2.000,0.00,40.0,0.00
1364.00,-3728.01,-510.13,139.91,2.000,0.00,40.0,0.00
1365.00,-3726.73,-511.66,139.91,2.000,0.00,40.0,0.00
1366.00,-3725.44,-513.19,139.91,2.000,0.00,40.0,0.00
1367.00,-3724.15,-514.72,139.91,2.000,0.00,40.0,0.00
1368.00,-3722.86,-516.25,139.91,2.000,0.00,40.0,0.00
1369.00,-3721.57,-517.78,139.91,2.000,0.00,40.0,0.00
1370.00,-3720.29,-519.31,139.91,2.000,0.00,40.0,0.00
1371.00,-3719.00,-520.84,139.91,2.000,0.00,40.0,0.00
1372.00,-3717.71,-522.37,139.91,2.000,0.00,40.0,0.00
1373.00,-3716.42,-523.90,139.91,2.000,0.00,40.0,0.00
1374.00,-3715.13,-525.43,139.91,2.000,0.00,40.0,0.00
1375.00,-3713.85,-526.96,139.91,2.000,0.00,40.0,0.00
1376.00,-3712.56,-528.49,139.91,2.000,0.00,40.0,0.00
1377.00,-3711.27,-530.02,139.91,2.000,0.00,40.0,0.00
1378.00,-3709.98,-531.55,139.91,2.000,0.00,40.0,0.00
1379.00,-3708.70,-533.08,139.91,2.000,0.00,40.0,0.00
1380.00,-3707.41,-534.61,139.91,2.000,0.00,40.0,0.00
1381.00,-3706.12,-536.14,139.91,2.000,0.00,40.0,0.00
1382.00,-3704.83,-537.67,139.91,2.000,0.00,40.0,0.00
1383.00,-3703.54,-539.20,139.91,2.000,0.00,40.0,0.00
1384.00,-3702.26,-540.73,139.91,2.000,0.00,40.0,0.00
1385.00,-3700.97,-542.26,139.91,2.000,0.00,40.0,0.00
1386.00,-3699.68,-543.79,139.91,2.000,0.00,40.0,0.00
1387.00,-3698.39,-545.32,139.91,2.000,0.00,40.0,0.00
1388.00,-3697.10,-546.85,139.91,2.000,0.00,40.0,0.00
1389.00,-3695.82,-548.38,139.91,2.000,0.00,40.0,0.00
1390.00,-3694.53,-549.91,139.91,2.000,0.00,40.0,0.00
1391.00,-3693.24,-551.44,139.91,2.000,0.00,40.0,0.00
1392.00,-3691.95,-552.97,139.91,2.000,0.00,40.0,0.00
1393.00,-3690.67,-554.50,139.91,2.000,0.00,40.0,0.00
1394.00,-3689.38,-556.03,139.91,2.000,0.00,40.0,0.00
1395.00,-3688.09,-557.56,139.91,2.000,0.00,40.0,0.00
1396.00,-3686.80,-559.10,139.91,2.000,0.00,40.0,0.00
1397.00,-3685.51,-560.63,139.91,2.000,0.00,40.0,0.00
1398.00,-3684.23,-562.16,139.91,2.000,0.00,40.0,0.00
1399.00,-3682.94,-563.69,139.91,2.000,0.00,40.0,0.00
1400.00,-3681.65,-565.22,139.91,2.000,0.00,40.0,0.00
1401.00,-3680.36,-566.75,139.91,2.000,0.00,40.0,0.00
1402.00,-3679.07,-568.28,139.91,2.000,0.00,40.0,0.00
1403.00,-3677.79,-569.81,139.91,2.000,0.00,40.0,0.00
1404.00,-3676.50,-571.34,139.91,2.000,0.00,40.0,0.00
1405.00,-3675.21,-572.87,139.91,2.000,0.00,40.0,0.00
1406.00,-3673.92,-574.40,139.91,2.000,0.00,40.0,0.00
1407.00,-3672.63,-575.93,139.91,2.000,0.00,40.0,0.00
1408.00,-3671.35,-577.46,139.91,2.000,0.00,40.0,0.00
1409.00,-3670.06,-578.99,139.91,2.000,0.00,40.0,0.00
1410.00,-3668.77,-580.52,139.91,2.000,0.00,40.0,0.00
1411.00,-3667.48,-582.05,139.91,2.000,0.00,40.0,0.00
1412.00,-3666.20,-583.58,139.91,2.000,0.00,40.0,0.00
1413.00,-3664.91,-585.11,139.91,2.000,0.00,40.0,0.00
1414.00,-3663.62,-586.64,139.91,2.000,0.00,40.0,0.00
1415.00,-3662.33,-588.17,139.91,2.000,0.00,40.0,0.00
1416.00,-3661.04,-589.70,139.91,2.000,0.00,40.0,0.00
1417.00,-3659.76,-591.23,139.91,2.000,0.00,40.0,0.00
1418.00,-3658.47,-592.76,139.91,2.000,0.00,40.0,0.00
1419.00,-3657.18,-594.29,139.91,2.000,0.00,40.0,0.00
1420.00,-3655.89,-595.82,139.91,2.000,0.00,40.0,0.00
1421.00,-3654.60,-597.35,139.91,2.000,0.00,40.0,0.00
1422.00,-3653.32,-598.88,139.91,2.000,0.00,40.0,0.00
1423.00,-3652.03,-600.41,139.91,2.000,0.00,40.0,0.00
1424.00,-3650.74,-601.94,139.91,2.000,0.00,40.0,0.00
1425.00,-3649.45,-603.47,139.91,2.000,0.00,40.0,0.00
1426.00,-3648.17,-605.00,139.91,2.000,0.00,40.0,0.00
1427.00,-3646.88,-606.53,139.91,2.000,0.00,40.0,0.00
1428.00,-3645.59,-608.06,139.91,2.000,0.00,40.0,0.00
1429.00,-3644.30,-609.59,139.91,2.000,0.00,40.0,0.00
1430.00,-3643.01,-611.12,139.91,2.000,0.00,40.0,0.00
1431.00,-3641.73,-612.65,139.91,2.000,0.00,40.0,0.00
1432.00,-3640.44,-614.18,139.91,2.000,0.00,40.0,0.00
1433.00,-3639.15,-615.71,139.91,2.000,0.00,40.0,0.00
1434.00,-3637.86,-617.24,139.91,2.000,0.00,40.0,0.00
1435.00,-3636.57,-618.77,139.91,2.000,0.00,40.0,0.00
1436.00,-3635.29,-620.30,139.91,2.000,0.00,40.0,0.00
1437.00,-3634.00,-621.83,139.91,2.000,0.00,40.0,0.00
1438.00,-3632.71,-623.36,139.91,2.000,0.00,40.0,0.00
1439.00,-3631.42,-624.89,139.91,2.000,0.00,40.0,0.00
1440.00,-3630.14,-626.42,139.91,2.000,0.00,40.0,0.00
1441.00,-3628.85,-627.95,139.91,2.000,0.00,40.0,0.00
1442.00,-3627.56,-629.48,139.91,2.000,0.00,40.0,0.00
1443.00,-3626.27,-631.01,139.91,2.000,0.00,40.0,0.00
1444.00,-3624.98,-632.54,139.91,2.000,0.00,40.0,0.00
1445.00,-3623.70,-634.07,139.91,2.000,0.00,40.0,0.00
1446.00,-3622.41,-635.60,139.91,2.000,0.00,40.0,0.00
1447.00,-3621.12,-637.13,139.91,2.000,0.00,40.0,0.00
1448.00,-3619.83,-638.66,139.91,2.000,0.00,40.0,0.00
1449.00,-3618.54,-640.19,139.91,2.000,0.00,40.0,0.00
1450.00,-3617.26,-641.72,139.91,2.000,0.00,40.0,0.00
1451.00,-3615.97,-643.25,139.91,2.000,0.00,40.0,0.00
1452.00,-3614.68,-644.78,139.91,2.000,0.00,40.0,0.00
1453.00,-3613.39,-646.31,139.91,2.000,0.00,40.0,0.00
1454.00,-3612.11,-647.84,139.91,2.000,0.00,40.0,0.00
1455.00,-3610.82,-649.37,139.91,2.000,0.00,40.0,0.00
1456.00,-3609.53,-650.90,139.91,2.000,0.00,40.0,0.00
1457.00,-3608.24,-652.44,139.91,2.000,0.00,40.0,0.00
1458.00,-3606.95,-653.97,139.91,2.000,0.00,40.0,0.00
1459.00,-3605.67,-655.50,139.91,2.000,0.00,40.0,0.00
1460.00,-3604.38,-657.03,139.91,2.000,0.00,40.0,0.00
1461.00,-3603.09,-658.56,139.91,2.000,0.00,40.0,0.00
1462.00,-3601.80,-660.09,139.91,2.000,0.00,40.0,0.00
1463.00,-3600.51,-661.62,139.91,2.000,0.00,40.0,0.00
1464.00,-3599.23,-663.15,139.91,2.000,0.00,40.0,0.00
1465.00,-3597.94,-664.68,139.91,2.000,0.00,40.0,0.00
1466.00,-3596.65,-666.21,139.91,2.000,0.00,40.0,0.00
1467.00,-3595.36,-667.74,139.91,2.000,0.00,40.0,0.00
1468.00,-3594.08,-669.27,139.91,2.000,0.00,40.0,0.00
1469.00,-3592.79,-670.80,139.91,2.000,0.00,40.0,0.00
1470.00,-3591.50,-672.33,139.91,2.000,0.00,40.0,0.00
1471.00,-3590.21,-673.86,139.91,2.000,0.00,40.0,0.00
1472.00,-3588.92,-675.39,139.91,2.000,0.00,40.0,0.00
1473.00,-3587.64,-676.92,139.91,2.000,0.00,40.0,0.00
1474.00,-3586.35,-678.45,139.91,2.000,0.00,40.0,0.00
1475.00,-3585.06,-679.98,139.91,2.000,0.00,40.0,0.00
1476.00,-3583.77,-681.51,139.91,2.000,0.00,40.0,0.00
1477.00,-3582.48,-683.04,139.91,2.000,0.00,40.0,0.00
1478.00,-3581.20,-684.57,139.91,2.000,0.00,40.0,0.00
1479.00,-3579.91,-686.10,139.91,2.000,0.00,40.0,0.00
1480.00,-3578.62,-687.63,139.91,2.000,0.00,40.0,0.00
1481.00,-3577.33,-689.16,139.91,2.000,0.00,40.0,0.00
1482.00,-3576.05,-690.69,139.91,2.000,0.00,40.0,0.00
1483.00,-3574.76,-692.22,139.91,2.000,0.00,40.0,0.00
1484.00,-3573.47,-693.75,139.91,2.000,0.00,40.0,0.00
1485.00,-3572.18,-695.28,139.91,2.000,0.00,40.0,0.00
1486.00,-3570.89,-696.81,139.91,2.000,0.00,40.0,0.00
1487.00,-3569.61,-698.34,139.91,2.000,0.00,40.0,0.00
1488.00,-3568.32,-699.87,139.91,2.000,0.00,40.0,0.00
1489.00,-3567.03,-701.40,139.91,2.000,0.00,40.0,0.00
1490.00,-3565.74,-702.93,139.91,2.000,0.00,40.0,0.00
1491.00,-3564.45,-704.46,139.91,2.000,0.00,40.0,0.00
1492.00,-3563.17,-705.99,139.91,2.000,0.00,40.0,0.00
1493.00,-3561.88,-707.52,139.91,2.000,0.00,40.0,0.00
1494.00,-3560.59,-709.05,139.91,2.000,0.00,40.0,0.00
1495.00,-3559.30,-710.58,139.91,2.000,0.00,40.0,0.00
1496.00,-3558.01,-712.11,139.91,2.000,0.00,40.0,0.00
1497.00,-3556.73,-713.64,139.91,2.000,0.00,40.0,0.00
1498.00,-3555.44,-715.17,139.91,2.000,0.00,40.0,0.00
1499.00,-3554.15,-716.70,139.91,2.000,0.00,40.0,0.00
1500.00,-3552.86,-718.23,139.91,2.000,0.00,40.0,0.00
1501.00,-3551.58,-719.76,139.91,2.000,0.00,40.0,0.00
1502.00,-3550.29,-721.29,139.91,2.000,0.00,40.0,0.00
1503.00,-3549.00,-722.82,139.91,2.000,0.00,40.0,0.00
1504.00,-3547.71,-724.35,139.91,2.000,0.00,40.0,0.00
1505.00,-3546.42,-725.88,139.91,2.000,0.00,40.0,0.00
1506.00,-3545.14,-727.41,139.91,2.000,0.00,40.0,0.00
1507.00,-3543.85,-728.94,139.91,2.000,0.00,40.0,0.00
1508.00,-3542.56,-730.47,139.91,2.000,0.00,40.0,0.00
1509.00,-3541.27,-732.00,139.91,2.000,0.00,40.0,0.00
1510.00,-3539.98,-733.53,139.91,2.000,0.00,40.0,0.00
1511.00,-3538.70,-735.06,139.91,2.000,0.00,40.0,0.00
1512.00,-3537.41,-736.59,139.91,2.000,0.00,40.0,0.00
1513.00,-3536.12,-738.12,139.91,2.000,0.00,40.0,0.00
1514.00,-3534.83,-739.65,139.91,2.000,0.00,40.0,0.00
1515.00,-3533.55,-741.18,139.91,2.000,0.00,40.0,0.00
1516.00,-3532.26,-742.71,139.91,2.000,0.00,40.0,0.00
1517.00,-3530.97,-744.24,139.91,2.000,0.00,40.0,0.00
1518.00,-3529.68,-745.78,139.91,2.000,0.00,40.0,0.00
1519.00,-3528.39,-747.31,139.91,2.000,0.00,40.0,0.00
1520.00,-3527.11,-748.84,139.91,2.000,0.00,40.0,0.00
1521.00,-3525.82,-750.37,139.91,2.000,0.00,40.0,0.00
1522.00,-3524.53,-751.90,139.91,2.000,0.00,40.0,0.00
1523.00,-3523.24,-753.43,139.91,2.000,0.00,40.0,0.00
1524.00,-3521.95,-754.96,139.91,2.000,0.00,40.0,0.00
1525.00,-3520.67,-756.49,139.91,2.000,0.00,40.0,0.00
1526.00,-3519.38,-758.02,139.91,2.000,0.00,40.0,0.00
1527.00,-3518.09,-759.55,139.91,2.000,0.00,40.0,0.00
1528.00,-3516.80,-761.08,139.91,2.000,0.00,40.0,0.00
1529.00,-3515.52,-762.61,139.91,2.000,0.00,40.0,0.00
1530.00,-3514.22,-764.14,139.91,2.010,-35.00,50.0,-0.40
1531.00,-3512.92,-765.69,139.89,2.020,-35.00,50.0,-0.79
1532.00,-3511.61,-767.24,139.88,2.029,-35.00,50.0,-1.16
1533.00,-3510.30,-768.80,139.85,2.039,-35.00,50.0,-1.52
1534.00,-3508.98,-770.37,139.82,2.048,-35.00,50.0,-1.87
1535.00,-3507.65,-771.94,139.78,2.057,-35.00,50.0,-2.21
1536.00,-3506.32,-773.52,139.74,2.066,-35.00,50.0,-2.54
1537.00,-3504.98,-775.10,139.69,2.075,-35.00,50.0,-2.85
1538.00,-3503.63,-776.69,139.64,2.083,-35.00,50.0,-3.16
1539.00,-3502.27,-778.28,139.58,2.091,-35.00,50.0,-3.45
1540.00,-3500.91,-779.88,139.52,2.100,-35.00,50.0,-3.74
1541.00,-3499.54,-781.48,139.45,2.108,-35.00,50.0,-4.01
1542.00,-3498.17,-783.09,139.38,2.115,-35.00,50.0,-4.28
1543.00,-3496.79,-784.70,139.31,2.123,-35.00,50.0,-4.53
1544.00,-3495.40,-786.32,139.23,2.131,-35.00,50.0,-4.78
1545.00,-3494.00,-787.94,139.14,2.138,-35.00,50.0,-5.02
1546.00,-3492.60,-789.56,139.05,2.145,-35.00,50.0,-5.26
1547.00,-3491.19,-791.18,138.96,2.152,-35.00,50.0,-5.48
1548.00,-3489.77,-792.81,138.87,2.159,-35.00,50.0,-5.70
1549.00,-3488.35,-794.45,138.77,2.166,-35.00,50.0,-5.91
1550.00,-3486.91,-796.08,138.67,2.173,-35.00,50.0,-6.11
1551.00,-3485.47,-797.72,138.56,2.179,-35.00,50.0,-6.31
1552.00,-3484.03,-799.35,138.45,2.186,-35.00,50.0,-6.50
1553.00,-3482.57,-801.00,138.34,2.192,-35.00,50.0,-6.68
1554.00,-3481.11,-802.64,138.23,2.198,-35.00,50.0,-6.86
1555.00,-3479.64,-804.28,138.11,2.204,-35.00,50.0,-7.03
1556.00,-3478.17,-805.93,137.99,2.210,-35.00,50.0,-7.20
1557.00,-3476.69,-807.57,137.87,2.216,-35.00,50.0,-7.36
1558.00,-3475.19,-809.22,137.74,2.222,-35.00,50.0,-7.51
1559.00,-3473.70,-810.87,137.62,2.227,-35.00,50.0,-7.66
1560.00,-3472.19,-812.52,137.49,2.233,-35.00,50.0,-7.80
1561.00,-3470.68,-814.17,137.35,2.238,-35.00,50.0,-7.94
1562.00,-3469.16,-815.82,137.22,2.243,-35.00,50.0,-8.08
1563.00,-3467.63,-817.47,137.08,2.248,-35.00,50.0,-8.21
1564.00,-3466.10,-819.12,136.94,2.253,-35.00,50.0,-8.34
1565.00,-3464.56,-820.77,136.80,2.258,-35.00,50.0,-8.46
1566.00,-3463.01,-822.42,136.66,2.263,-35.00,50.0,-8.58
1567.00,-3461.45,-824.07,136.51,2.268,-35.00,50.0,-8.69
1568.00,-3459.89,-825.72,136.37,2.273,-35.00,50.0,-8.80
1569.00,-3458.32,-827.37,136.22,2.277,-35.00,50.0,-8.91
1570.00,-3456.74,-829.01,136.07,2.282,-35.00,50.0,-9.01
1571.00,-3455.15,-830.66,135.92,2.286,-35.00,50.0,-9.11
1572.00,-3453.56,-832.30,135.76,2.290,-35.00,50.0,-9.21
1573.00,-3451.96,-833.95,135.61,2.294,-35.00,50.0,-9.30
1574.00,-3450.35,-835.59,135.45,2.299,-35.00,50.0,-9.39
1575.00,-3448.73,-837.23,135.29,2.303,-35.00,50.0,-9.48
1576.00,-3447.11,-838.87,135.14,2.307,-35.00,50.0,-9.56
1577.00,-3445.48,-840.51,134.97,2.310,-35.00,50.0,-9.64
1578.00,-3443.84,-842.14,134.81,2.314,-35.00,50.0,-9.72
1579.00,-3442.20,-843.78,134.65,2.318,-35.00,50.0,-9.80
1580.00,-3440.55,-845.41,134.48,2.322,-35.00,50.0,-9.87
1581.00,-3438.89,-847.04,134.32,2.325,-35.00,50.0,-9.94
1582.00,-3437.22,-848.67,134.15,2.329,-35.00,50.0,-10.01
1583.00,-3435.55,-850.29,133.98,2.332,-35.00,50.0,-10.08
1584.00,-3433.87,-851.91,133.82,2.335,-35.00,50.0,-10.14
1585.00,-3432.18,-853.53,133.65,2.339,-35.00,50.0,-10.20
1586.00,-3430.49,-855.15,133.47,2.342,-35.00,50.0,-10.26
1587.00,-3428.79,-856.76,133.30,2.345,-35.00,50.0,-10.32
1588.00,-3427.08,-858.37,133.13,2.348,-35.00,50.0,-10.38
1589.00,-3425.36,-859.98,132.96,2.351,-35.00,50.0,-10.43
1590.00,-3423.64,-861.58,132.78,2.354,-35.00,50.0,-10.48
1591.00,-3421.91,-863.18,132.61,2.357,-35.00,50.0,-10.53
1592.00,-3420.17,-864.78,132.43,2.360,-35.00,50.0,-10.58
1593.00,-3418.43,-866.38,132.25,2.363,-35.00,50.0,-10.63
1594.00,-3416.68,-867.97,132.07,2.366,-35.00,50.0,-10.68
1595.00,-3414.92,-869.55,131.90,2.368,-35.00,50.0,-10.72
1596.00,-3413.15,-871.14,131.72,2.371,-35.00,50.0,-10.76
1597.00,-3411.38,-872.72,131.54,2.373,-35.00,50.0,-10.80
1598.00,-3409.60,-874.29,131.36,2.376,-35.00,50.0,-10.84
1599.00,-3407.82,-875.86,131.17,2.378,-35.00,50.0,-10.88
1600.00,-3406.03,-877.43,130.99,2.381,-35.00,50.0,-10.92
1601.00,-3404.23,-878.99,130.81,2.383,-35.00,50.0,-10.96
1602.00,-3402.42,-880.55,130.63,2.386,-35.00,50.0,-10.99
1603.00,-3400.61,-882.11,130.44,2.388,-35.00,50.0,-11.02
1604.00,-3398.79,-883.66,130.26,2.390,-35.00,50.0,-11.06
1605.00,-3396.96,-885.20,130.07,2.392,-35.00,50.0,-11.09
1606.00,-3395.13,-886.75,129.89,2.394,-35.00,50.0,-11.12
1607.00,-3393.29,-888.28,129.70,2.397,-35.00,50.0,-11.15
1608.00,-3391.45,-889.81,129.52,2.399,-35.00,50.0,-11.18
1609.00,-3389.60,-891.34,129.33,2.401,-35.00,50.0,-11.20
1610.00,-3387.74,-892.87,129.14,2.403,-35.00,50.0,-11.23
1611.00,-3385.87,-894.38,128.95,2.405,-35.00,50.0,-11.26
1612.00,-3384.00,-895.90,128.77,2.407,-35.00,50.0,-11.28
1613.00,-3382.12,-897.40,128.58,2.408,-35.00,50.0,-11.30
1614.00,-3380.24,-898.91,128.39,2.410,-35.00,50.0,-11.33
1615.00,-3378.35,-900.40,128.20,2.412,-35.00,50.0,-11.35
1616.00,-3376.45,-901.90,128.01,2.414,-35.00,50.0,-11.37
1617.00,-3374.55,-903.39,127.82,2.415,-35.00,50.0,-11.39
1618.00,-3372.64,-904.87,127.63,2.417,-35.00,50.0,-11.41
1619.00,-3370.72,-906.34,127.44,2.419,-35.00,50.0,-11.43
1620.00,-3368.80,-907.82,127.25,2.420,-35.00,50.0,-11.45
1621.00,-3366.87,-909.28,127.06,2.422,-35.00,50.0,-11.47
1622.00,-3364.94,-910.74,126.87,2.424,-35.00,50.0,-11.49
1623.00,-3363.00,-912.20,126.67,2.425,-35.00,50.0,-11.50
1624.00,-3361.05,-913.65,126.48,2.427,-35.00,50.0,-11.52
1625.00,-3359.10,-915.09,126.29,2.428,-35.00,50.0,-11.54
1626.00,-3357.14,-916.53,126.10,2.430,-35.00,50.0,-11.55
1627.00,-3355.18,-917.96,125.91,2.431,-35.00,50.0,-11.57
1628.00,-3353.21,-919.39,125.71,2.432,-35.00,50.0,-11.58
1629.00,-3351.23,-920.81,125.52,2.434,-35.00,50.0,-11.60
1630.00,-3349.25,-922.22,125.33,2.435,-35.00,50.0,-11.61
1631.00,-3347.26,-923.63,125.13,2.436,-35.00,50.0,-11.62
1632.00,-3345.27,-925.03,124.94,2.438,-35.00,50.0,-11.63
1633.00,-3343.27,-926.43,124.74,2.439,-35.00,50.0,-11.65
1634.00,-3341.26,-927.82,124.55,2.440,-35.00,50.0,-11.66
1635.00,-3339.25,-929.21,124.35,2.441,-35.00,50.0,-11.67
1636.00,-3337.24,-930.58,124.16,2.442,-35.00,50.0,-11.68
1637.00,-3335.21,-931.96,123.97,2.444,-35.00,50.0,-11.69
1638.00,-3333.19,-933.32,123.77,2.445,-35.00,50.0,-11.70
1639.00,-3331.15,-934.68,123.58,2.446,-35.00,50.0,-11.71
1640.00,-3329.12,-936.03,123.38,2.447,-35.00,50.0,-11.72
1641.00,-3327.07,-937.38,123.18,2.448,-35.00,50.0,-11.73
1642.00,-3325.02,-938.72,122.99,2.449,-35.00,50.0,-11.74
1643.00,-3322.97,-940.06,122.79,2.450,-35.00,50.0,-11.75
1644.00,-3320.91,-941.38,122.60,2.451,-35.00,50.0,-11.76
1645.00,-3318.84,-942.70,122.40,2.452,-35.00,50.0,-11.76
1646.00,-3316.77,-944.02,122.20,2.453,-35.00,50.0,-11.77
1647.00,-3314.69,-945.33,122.01,2.454,-35.00,50.0,-11.78
1648.00,-3312.61,-946.63,121.81,2.455,-35.00,50.0,-11.79
1649.00,-3310.52,-947.92,121.62,2.456,-35.00,50.0,-11.79
1650.00,-3308.43,-949.21,121.42,2.457,-35.00,50.0,-11.80
1651.00,-3306.34,-950.49,121.22,2.457,-35.00,50.0,-11.81
1652.00,-3304.23,-951.76,121.02,2.458,-35.00,50.0,-11.81
1653.00,-3302.13,-953.03,120.83,2.459,-35.00,50.0,-11.82
1654.00,-3300.01,-954.29,120.63,2.460,-35.00,50.0,-11.83
1655.00,-3297.90,-955.55,120.43,2.461,-35.00,50.0,-11.83
1656.00,-3295.77,-956.79,120.24,2.462,-35.00,50.0,-11.84
1657.00,-3293.65,-958.03,120.04,2.462,-35.00,50.0,-11.84
1658.00,-3291.51,-959.27,119.84,2.463,-35.00,50.0,-11.85
1659.00,-3289.38,-960.49,119.64,2.464,-35.00,50.0,-11.85
1660.00,-3287.23,-961.71,119.45,2.465,-35.00,50.0,-11.86
1661.00,-3285.09,-962.92,119.25,2.465,-35.00,50.0,-11.86
1662.00,-3282.94,-964.13,119.05,2.466,-35.00,50.0,-11.87
1663.00,-3280.78,-965.33,118.85,2.467,-35.00,50.0,-11.87
1664.00,-3278.62,-966.52,118.65,2.467,-35.00,50.0,-11.88
1665.00,-3276.45,-967.70,118.46,2.468,-35.00,50.0,-11.88
1666.00,-3274.28,-968.88,118.26,2.469,-35.00,50.0,-11.88
1667.00,-3272.11,-970.05,118.06,2.469,-35.00,50.0,-11.89
1668.00,-3269.93,-971.21,117.86,2.470,-35.00,50.0,-11.89
1669.00,-3267.74,-972.36,117.66,2.470,-35.00,50.0,-11.90
1670.00,-3265.56,-973.51,117.47,2.471,-35.00,50.0,-11.90
1671.00,-3263.36,-974.65,117.27,2.472,-35.00,50.0,-11.90
1672.00,-3261.17,-975.78,117.07,2.472,-35.00,50.0,-11.91
1673.00,-3258.96,-976.91,116.87,2.473,-35.00,50.0,-11.91
1674.00,-3256.76,-978.02,116.67,2.473,-35.00,50.0,-11.91
1675.00,-3254.55,-979.14,116.47,2.474,-35.00,50.0,-11.91
1676.00,-3252.33,-980.24,116.27,2.474,-35.00,50.0,-11.92
1677.00,-3250.11,-981.33,116.08,2.475,-35.00,50.0,-11.92
1678.00,-3247.89,-982.42,115.88,2.475,-35.00,50.0,-11.92
1679.00,-3245.66,-983.50,115.68,2.476,-35.00,50.0,-11.93
1680.00,-3243.43,-984.58,115.48,2.476,-35.00,50.0,-11.93
1681.00,-3241.19,-985.64,115.28,2.477,-35.00,50.0,-11.93
1682.00,-3238.95,-986.70,115.08,2.477,-35.00,50.0,-11.93
1683.00,-3236.71,-987.75,114.88,2.478,-35.00,50.0,-11.94
1684.00,-3234.46,-988.79,114.68,2.478,-35.00,50.0,-11.94
1685.00,-3232.21,-989.83,114.49,2.479,-35.00,50.0,-11.94
1686.00,-3229.95,-990.85,114.29,2.479,-35.00,50.0,-11.94
1687.00,-3227.69,-991.87,114.09,2.479,-35.00,50.0,-11.94
1688.00,-3225.43,-992.89,113.89,2.480,-35.00,50.0,-11.95
1689.00,-3223.16,-993.89,113.69,2.480,-35.00,50.0,-11.95
1690.00,-3220.89,-994.89,113.49,2.481,-35.00,50.0,-11.95
1691.00,-3218.61,-995.88,113.29,2.481,-35.00,50.0,-11.95
1692.00,-3216.34,-996.86,113.09,2.481,-35.00,50.0,-11.95
1693.00,-3214.05,-997.83,112.89,2.482,-35.00,50.0,-11.95
1694.00,-3211.77,-998.80,112.69,2.482,-35.00,50.0,-11.96
1695.00,-3209.48,-999.75,112.49,2.483,-35.00,50.0,-11.96
1696.00,-3207.18,-1000.70,112.29,2.483,-35.00,50.0,-11.96
1697.00,-3204.88,-1001.65,112.09,2.483,-35.00,50.0,-11.96
1698.00,-3202.58,-1002.58,111.90,2.484,-35.00,50.0,-11.96
1699.00,-3200.28,-1003.51,111.70,2.484,-35.00,50.0,-11.96
1700.00,-3197.97,-1004.42,111.50,2.484,-35.00,50.0,-11.96
1701.00,-3195.66,-1005.34,111.30,2.485,-35.00,50.0,-11.96
1702.00,-3193.34,-1006.24,111.10,2.485,-35.00,50.0,-11.97
1703.00,-3191.02,-1007.13,110.90,2.485,-35.00,50.0,-11.97
1704.00,-3188.70,-1008.02,110.70,2.485,-35.00,50.0,-11.97
1705.00,-3186.38,-1008.90,110.50,2.486,-35.00,50.0,-11.97
1706.00,-3184.05,-1009.77,110.30,2.486,-35.00,50.0,-11.97
1707.00,-3181.72,-1010.63,110.10,2.486,-35.00,50.0,-11.97
1708.00,-3179.38,-1011.49,109.90,2.487,-35.00,50.0,-11.97
1709.00,-3177.04,-1012.33,109.70,2.487,-35.00,50.0,-11.97
1710.00,-3174.70,-1013.17,109.50,2.487,-35.00,50.0,-11.97
1711.00,-3172.36,-1014.00,109.30,2.487,-35.00,50.0,-11.97
1712.00,-3170.01,-1014.82,109.10,2.488,-35.00,50.0,-11.98
1713.00,-3167.66,-1015.64,108.90,2.488,-35.00,50.0,-11.98
1714.00,-3165.30,-1016.44,108.70,2.488,-35.00,50.0,-11.98
1715.00,-3162.95,-1017.24,108.50,2.488,-35.00,50.0,-11.98
1716.00,-3160.59,-1018.03,108.30,2.489,-35.00,50.0,-11.98
1717.00,-3158.22,-1018.81,108.10,2.489,-35.00,50.0,-11.98
1718.00,-3155.86,-1019.59,107.90,2.489,-35.00,50.0,-11.98
1719.00,-3153.49,-1020.35,107.71,2.489,-35.00,50.0,-11.98
1720.00,-3151.12,-1021.11,107.51,2.489,-35.00,50.0,-11.98
1721.00,-3148.74,-1021.86,107.31,2.490,-35.00,50.0,-11.98
1722.00,-3146.37,-1022.60,107.11,2.490,-35.00,50.0,-11.98
1723.00,-3143.99,-1023.33,106.91,2.490,-35.00,50.0,-11.98
1724.00,-3141.60,-1024.05,106.71,2.490,-35.00,50.0,-11.98
1725.00,-3139.22,-1024.77,106.51,2.490,-35.00,50.0,-11.98
1726.00,-3136.83,-1025.48,106.31,2.491,-35.00,50.0,-11.98
1727.00,-3134.44,-1026.18,106.11,2.491,-35.00,50.0,-11.99
1728.00,-3132.05,-1026.87,105.91,2.491,-35.00,50.0,-11.99
1729.00,-3129.65,-1027.55,105.71,2.491,-35.00,50.0,-11.99
1730.00,-3127.25,-1028.23,105.51,2.491,-35.00,50.0,-11.99
1731.00,-3124.85,-1028.89,105.31,2.492,-35.00,50.0,-11.99
1732.00,-3122.45,-1029.55,105.11,2.492,-35.00,50.0,-11.99
1733.00,-3120.04,-1030.20,104.91,2.492,-35.00,50.0,-11.99
1734.00,-3117.64,-1030.84,104.71,2.492,-35.00,50.0,-11.99
1735.00,-3115.22,-1031.47,104.51,2.492,-35.00,50.0,-11.99
1736.00,-3112.81,-1032.10,104.31,2.492,-35.00,50.0,-11.99
1737.00,-3110.40,-1032.71,104.11,2.493,-35.00,50.0,-11.99
1738.00,-3107.98,-1033.32,103.91,2.493,-35.00,50.0,-11.99
1739.00,-3105.56,-1033.92,103.71,2.493,-35.00,50.0,-11.99
1740.00,-3103.14,-1034.51,103.51,2.493,-35.00,50.0,-11.99
1741.00,-3100.71,-1035.09,103.31,2.493,-35.00,50.0,-11.99
1742.00,-3098.29,-1035.67,103.11,2.493,-35.00,50.0,-11.99
1743.00,-3095.86,-1036.23,102.91,2.493,-35.00,50.0,-11.99
1744.00,-3093.43,-1036.79,102.71,2.494,-35.00,50.0,-11.99
1745.00,-3091.00,-1037.34,102.51,2.494,-35.00,50.0,-11.99
1746.00,-3088.56,-1037.88,102.31,2.494,-35.00,50.0,-11.99
1747.00,-3086.12,-1038.41,102.11,2.494,-35.00,50.0,-11.99
1748.00,-3083.69,-1038.93,101.91,2.494,-35.00,50.0,-11.99
1749.00,-3081.25,-1039.45,101.71,2.494,-35.00,50.0,-11.99
1750.00,-3078.80,-1039.96,101.51,2.494,-35.00,50.0,-11.99
1751.00,-3076.36,-1040.45,101.31,2.494,-35.00,50.0,-11.99
1752.00,-3073.91,-1040.94,101.11,2.494,-35.00,50.0,-11.99
1753.00,-3071.47,-1041.42,100.91,2.495,-35.00,50.0,-11.99
1754.00,-3069.02,-1041.90,100.71,2.495,-35.00,50.0,-11.99
1755.00,-3066.56,-1042.36,100.51,2.495,-35.00,50.0,-11.99
1756.00,-3064.11,-1042.81,100.31,2.495,-35.00,50.0,-11.99
1757.00,-3061.66,-1043.26,100.11,2.495,-35.00,50.0,-11.99
1758.00,-3059.20,-1043.70,99.91,2.495,-35.00,50.0,-11.99
1759.00,-3056.74,-1044.13,99.71,2.495,-35.00,50.0,-12.00
1760.00,-3054.28,-1044.55,99.51,2.495,-35.00,50.0,-12.00
1761.00,-3051.82,-1044.96,99.31,2.495,-35.00,50.0,-12.00
1762.00,-3049.36,-1045.37,99.11,2.495,-35.00,50.0,-12.00
1763.00,-3046.90,-1045.76,98.91,2.496,-35.00,50.0,-12.00
1764.00,-3044.43,-1046.15,98.71,2.496,-35.00,50.0,-12.00
1765.00,-3041.96,-1046.53,98.51,2.496,-35.00,50.0,-12.00
1766.00,-3039.49,-1046.89,98.31,2.496,-35.00,50.0,-12.00
1767.00,-3037.02,-1047.26,98.11,2.496,-35.00,50.0,-12.00
1768.00,-3034.55,-1047.61,97.91,2.496,-35.00,50.0,-12.00
1769.00,-3032.08,-1047.95,97.71,2.496,-35.00,50.0,-12.00
1770.00,-3029.61,-1048.29,97.51,2.496,-35.00,50.0,-12.00
1771.00,-3027.13,-1048.61,97.31,2.496,-35.00,50.0,-12.00
1772.00,-3024.66,-1048.93,97.11,2.496,-35.00,50.0,-12.00
1773.00,-3022.18,-1049.24,96.91,2.496,-35.00,50.0,-12.00
1774.00,-3019.70,-1049.54,96.71,2.496,-35.00,50.0,-12.00
1775.00,-3017.22,-1049.83,96.51,2.497,-35.00,50.0,-12.00
1776.00,-3014.74,-1050.12,96.31,2.497,-35.00,50.0,-12.00
1777.00,-3012.26,-1050.39,96.11,2.497,-35.00,50.0,-12.00
1778.00,-3009.78,-1050.66,95.91,2.497,-35.00,50.0,-12.00
1779.00,-3007.29,-1050.91,95.71,2.497,-35.00,50.0,-12.00
1780.00,-3004.81,-1051.16,95.51,2.497,-35.00,50.0,-12.00
1781.00,-3002.32,-1051.40,95.31,2.497,-35.00,50.0,-12.00
1782.00,-2999.84,-1051.63,95.11,2.497,-35.00,50.0,-12.00
1783.00,-2997.35,-1051.85,94.91,2.497,-35.00,50.0,-12.00
1784.00,-2994.86,-1052.07,94.71,2.497,-35.00,50.0,-12.00
1785.00,-2992.37,-1052.27,94.51,2.497,-35.00,50.0,-12.00
1786.00,-2989.88,-1052.47,94.31,2.497,-35.00,50.0,-12.00
1787.00,-2987.39,-1052.66,94.11,2.497,-35.00,50.0,-12.00
1788.00,-2984.90,-1052.84,93.91,2.497,-35.00,50.0,-12.00
1789.00,-2982.41,-1053.01,93.71,2.497,-35.00,50.0,-12.00
1790.00,-2979.92,-1053.17,93.51,2.497,-35.00,50.0,-12.00
1791.00,-2977.43,-1053.32,93.31,2.497,-35.00,50.0,-12.00
1792.00,-2974.93,-1053.47,93.11,2.498,-35.00,50.0,-12.00
1793.00,-2972.44,-1053.60,92.91,2.498,-35.00,50.0,-12.00
1794.00,-2969.95,-1053.73,92.71,2.498,-35.00,50.0,-12.00
1795.00,-2967.45,-1053.85,92.51,2.498,-35.00,50.0,-12.00
1796.00,-2964.96,-1053.96,92.31,2.498,-35.00,50.0,-12.00
1797.00,-2962.46,-1054.06,92.11,2.498,-35.00,50.0,-12.00
1798.00,-2959.96,-1054.15,91.91,2.498,-35.00,50.0,-12.00
1799.00,-2957.47,-1054.23,91.71,2.498,-35.00,50.0,-12.00
1800.00,-2954.97,-1054.31,91.51,2.498,-35.00,50.0,-12.00
1801.00,-2952.47,-1054.37,91.31,2.498,-35.00,50.0,-12.00
1802.00,-2949.98,-1054.43,91.11,2.498,-35.00,50.0,-12.00
1803.00,-2947.48,-1054.48,90.91,2.498,-35.00,50.0,-12.00
1804.00,-2944.98,-1054.52,90.71,2.498,-35.00,50.0,-12.00
1805.00,-2942.48,-1054.55,90.51,2.498,-30.00,50.0,-11.94
1806.00,-2939.98,-1054.57,90.32,2.498,-30.00,50.0,-11.89
1807.00,-2937.49,-1054.59,90.12,2.498,-30.00,50.0,-11.83
1808.00,-2934.99,-1054.59,89.92,2.498,-30.00,50.0,-11.78
1809.00,-2932.49,-1054.59,89.73,2.498,-30.00,50.0,-11.73
1810.00,-2929.99,-1054.58,89.53,2.498,-30.00,50.0,-11.68
1811.00,-2927.49,-1054.56,89.34,2.498,-30.00,50.0,-11.64
1812.00,-2924.99,-1054.53,89.15,2.498,-30.00,50.0,-11.59
1813.00,-2922.50,-1054.49,88.95,2.498,-30.00,50.0,-11.55
1814.00,-2920.00,-1054.45,88.76,2.498,-30.00,50.0,-11.51
1815.00,-2917.50,-1054.39,88.57,2.498,-30.00,50.0,-11.47
1816.00,-2915.00,-1054.33,88.38,2.498,-30.00,50.0,-11.43
1817.00,-2912.51,-1054.26,88.19,2.499,-25.00,50.0,-11.33
1818.00,-2910.01,-1054.18,88.00,2.499,-25.00,50.0,-11.24
1819.00,-2907.51,-1054.09,87.82,2.499,-25.00,50.0,-11.15
1820.00,-2905.01,-1054.00,87.63,2.499,-25.00,50.0,-11.06
1821.00,-2902.52,-1053.89,87.45,2.499,-25.00,50.0,-10.98
1822.00,-2900.02,-1053.78,87.27,2.499,-25.00,50.0,-10.90
1823.00,-2897.53,-1053.66,87.09,2.499,-25.00,50.0,-10.82
1824.00,-2895.03,-1053.54,86.91,2.499,-25.00,50.0,-10.75
1825.00,-2892.54,-1053.40,86.73,2.499,-25.00,50.0,-10.68
1826.00,-2890.04,-1053.26,86.55,2.499,-25.00,50.0,-10.61
1827.00,-2887.55,-1053.11,86.38,2.499,-20.00,50.0,-10.48
1828.00,-2885.05,-1052.95,86.21,2.499,-20.00,50.0,-10.36
1829.00,-2882.56,-1052.79,86.04,2.499,-20.00,50.0,-10.24
1830.00,-2880.07,-1052.61,85.87,2.499,-20.00,50.0,-10.13
1831.00,-2877.57,-1052.43,85.70,2.499,-20.00,50.0,-10.02
1832.00,-2875.08,-1052.25,85.54,2.499,-20.00,50.0,-9.92
1833.00,-2872.59,-1052.05,85.37,2.499,-20.00,50.0,-9.81
1834.00,-2870.10,-1051.85,85.21,2.499,-20.00,50.0,-9.72
1835.00,-2867.61,-1051.64,85.05,2.499,-20.00,50.0,-9.62
1836.00,-2865.12,-1051.43,84.89,2.499,-20.00,50.0,-9.53
1837.00,-2862.63,-1051.20,84.73,2.499,-20.00,50.0,-9.44
1838.00,-2860.14,-1050.97,84.58,2.499,-20.00,50.0,-9.35
1839.00,-2857.65,-1050.74,84.42,2.499,-20.00,50.0,-9.27
1840.00,-2855.17,-1050.49,84.27,2.499,-20.00,50.0,-9.19
1841.00,-2852.68,-1050.25,84.12,2.499,-20.00,50.0,-9.11
1842.00,-2850.19,-1049.99,83.97,2.499,-15.00,50.0,-8.98
1843.00,-2847.71,-1049.73,83.82,2.499,-15.00,50.0,-8.85
1844.00,-2845.23,-1049.46,83.68,2.499,-15.00,50.0,-8.73
1845.00,-2842.74,-1049.18,83.53,2.499,-15.00,50.0,-8.61
1846.00,-2840.26,-1048.90,83.39,2.499,-15.00,50.0,-8.49
1847.00,-2837.78,-1048.61,83.25,2.499,-15.00,50.0,-8.38
1848.00,-2835.29,-1048.32,83.11,2.499,-15.00,50.0,-8.27
1849.00,-2832.81,-1048.02,82.98,2.499,-15.00,50.0,-8.17
1850.00,-2830.33,-1047.71,82.84,2.499,-15.00,50.0,-8.07
1851.00,-2827.85,-1047.40,82.71,2.499,-15.00,50.0,-7.97
1852.00,-2825.37,-1047.09,82.58,2.499,-15.00,50.0,-7.88
1853.00,-2822.89,-1046.76,82.45,2.499,-15.00,50.0,-7.78
1854.00,-2820.42,-1046.43,82.32,2.499,-10.00,50.0,-7.64
1855.00,-2817.94,-1046.10,82.20,2.499,-10.00,50.0,-7.50
1856.00,-2815.46,-1045.76,82.07,2.499,-10.00,50.0,-7.36
1857.00,-2812.99,-1045.42,81.95,2.499,-10.00,50.0,-7.23
1858.00,-2810.51,-1045.07,81.83,2.499,-10.00,50.0,-7.11
1859.00,-2808.04,-1044.71,81.72,2.499,-10.00,50.0,-6.98
1860.00,-2805.57,-1044.35,81.60,2.499,-10.00,50.0,-6.86
1861.00,-2803.09,-1043.99,81.49,2.499,-10.00,50.0,-6.75
1862.00,-2800.62,-1043.62,81.38,2.499,-10.00,50.0,-6.64
1863.00,-2798.15,-1043.24,81.27,2.499,-10.00,50.0,-6.53
1864.00,-2795.68,-1042.86,81.16,2.499,-10.00,50.0,-6.43
1865.00,-2793.21,-1042.48,81.06,2.499,-10.00,50.0,-6.33
1866.00,-2790.74,-1042.09,80.96,2.499,-5.00,50.0,-6.18
1867.00,-2788.27,-1041.70,80.86,2.499,-5.00,50.0,-6.03
1868.00,-2785.81,-1041.30,80.76,2.499,-5.00,50.0,-5.88
1869.00,-2783.34,-1040.90,80.66,2.499,-5.00,50.0,-5.74
1870.00,-2780.87,-1040.49,80.57,2.499,-5.00,50.0,-5.61
1871.00,-2778.41,-1040.08,80.48,2.500,-5.00,50.0,-5.48
1872.00,-2775.94,-1039.67,80.39,2.500,-5.00,50.0,-5.35
1873.00,-2773.48,-1039.25,80.30,2.500,-5.00,50.0,-5.23
1874.00,-2771.01,-1038.83,80.22,2.500,-5.00,50.0,-5.12
1875.00,-2768.55,-1038.41,80.13,2.500,-5.00,50.0,-5.00
1876.00,-2766.09,-1037.98,80.05,2.500,-5.00,50.0,-4.89
1877.00,-2763.63,-1037.55,79.97,2.500,0.00,50.0,-4.73
1878.00,-2761.16,-1037.11,79.90,2.500,0.00,50.0,-4.57
1879.00,-2758.70,-1036.67,79.82,2.500,0.00,50.0,-4.42
1880.00,-2756.24,-1036.23,79.75,2.500,0.00,50.0,-4.27
1881.00,-2753.78,-1035.79,79.68,2.500,0.00,50.0,-4.13
1882.00,-2751.32,-1035.34,79.62,2.500,0.00,50.0,-3.99
1883.00,-2748.87,-1034.89,79.55,2.500,0.00,50.0,-3.86
1884.00,-2746.41,-1034.43,79.49,2.500,0.00,50.0,-3.73
1885.00,-2743.95,-1033.98,79.43,2.500,0.00,50.0,-3.61
1886.00,-2741.49,-1033.52,79.37,2.500,0.00,50.0,-3.49
1887.00,-2739.04,-1033.06,79.31,2.500,0.00,50.0,-3.37
1888.00,-2736.58,-1032.60,79.26,2.500,0.00,50.0,-3.26
1889.00,-2734.12,-1032.13,79.21,2.500,0.00,50.0,-3.15
1890.00,-2731.67,-1031.66,79.16,2.500,0.00,50.0,-3.04
1891.00,-2729.21,-1031.19,79.11,2.500,0.00,50.0,-2.94
1892.00,-2726.76,-1030.72,79.06,2.500,0.00,50.0,-2.84
1893.00,-2724.30,-1030.24,79.01,2.500,0.00,50.0,-2.75
1894.00,-2721.85,-1029.77,78.97,2.500,0.00,50.0,-2.66
1895.00,-2719.40,-1029.29,78.93,2.500,0.00,50.0,-2.57
1896.00,-2716.94,-1028.81,78.89,2.500,0.00,50.0,-2.48
1897.00,-2714.49,-1028.33,78.85,2.500,0.00,50.0,-2.40
1898.00,-2712.04,-1027.84,78.81,2.500,0.00,50.0,-2.32
1899.00,-2709.59,-1027.36,78.77,2.500,0.00,50.0,-2.24
1900.00,-2707.13,-1026.87,78.73,2.500,0.00,50.0,-2.17
1901.00,-2704.68,-1026.38,78.70,2.500,0.00,50.0,-2.10
1902.00,-2702.23,-1025.89,78.67,2.500,0.00,50.0,-2.03
1903.00,-2699.78,-1025.40,78.63,2.500,0.00,50.0,-1.96
1904.00,-2697.33,-1024.91,78.60,2.500,0.00,50.0,-1.89
1905.00,-2694.88,-1024.42,78.57,2.500,0.00,50.0,-1.83
1906.00,-2692.43,-1023.92,78.54,2.500,0.00,50.0,-1.77
1907.00,-2689.98,-1023.42,78.51,2.500,0.00,50.0,-1.71
1908.00,-2687.53,-1022.93,78.48,2.500,0.00,50.0,-1.65
1909.00,-2685.08,-1022.43,78.46,2.500,0.00,50.0,-1.60
1910.00,-2682.63,-1021.93,78.43,2.500,0.00,50.0,-1.55
1911.00,-2680.18,-1021.43,78.41,2.500,0.00,50.0,-1.49
1912.00,-2677.73,-1020.92,78.38,2.500,0.00,50.0,-1.44
1913.00,-2675.28,-1020.42,78.36,2.500,0.00,50.0,-1.40
1914.00,-2672.84,-1019.92,78.34,2.500,0.00,50.0,-1.35
1915.00,-2670.39,-1019.41,78.32,2.500,0.00,50.0,-1.30
1916.00,-2667.94,-1018.90,78.30,2.500,0.00,50.0,-1.26
1917.00,-2665.49,-1018.40,78.27,2.500,0.00,50.0,-1.22
1918.00,-2663.04,-1017.89,78.26,2.500,0.00,50.0,-1.18
1919.00,-2660.60,-1017.38,78.24,2.500,0.00,50.0,-1.14
1920.00,-2658.15,-1016.87,78.22,2.500,0.00,50.0,-1.10
1921.00,-2655.70,-1016.36,78.20,2.500,0.00,50.0,-1.06
1922.00,-2653.26,-1015.85,78.18,2.500,0.00,50.0,-1.03
1923.00,-2650.81,-1015.34,78.17,2.500,0.00,50.0,-0.99
1924.00,-2648.36,-1014.82,78.15,2.500,0.00,50.0,-0.96
1925.00,-2645.92,-1014.31,78.13,2.500,0.00,50.0,-0.93
1926.00,-2643.47,-1013.80,78.12,2.500,0.00,50.0,-0.90
1927.00,-2641.02,-1013.28,78.11,2.500,0.00,50.0,-0.87
1928.00,-2638.58,-1012.77,78.09,2.500,0.00,50.0,-0.84
1929.00,-2636.13,-1012.25,78.08,2.500,0.00,50.0,-0.81
1930.00,-2633.68,-1011.74,78.06,2.500,0.00,50.0,-0.78
1931.00,-2631.24,-1011.22,78.05,2.500,0.00,50.0,-0.76
1932.00,-2628.79,-1010.70,78.04,2.500,0.00,50.0,-0.73
1933.00,-2626.35,-1010.18,78.03,2.500,0.00,50.0,-0.71
1934.00,-2623.90,-1009.66,78.02,2.500,0.00,50.0,-0.68
1935.00,-2621.46,-1009.15,78.01,2.500,0.00,50.0,-0.66
1936.00,-2619.01,-1008.63,78.00,2.500,0.00,50.0,-0.64
1937.00,-2616.57,-1008.11,77.98,2.500,0.00,50.0,-0.62
1938.00,-2614.12,-1007.59,77.97,2.500,0.00,50.0,-0.60
1939.00,-2611.68,-1007.06,77.97,2.500,0.00,50.0,-0.58
1940.00,-2609.23,-1006.54,77.96,2.500,0.00,50.0,-0.56
1941.00,-2606.79,-1006.02,77.95,2.500,0.00,50.0,-0.54
1942.00,-2604.34,-1005.50,77.94,2.500,0.00,50.0,-0.52
1943.00,-2601.90,-1004.98,77.93,2.500,0.00,50.0,-0.50
1944.00,-2599.45,-1004.45,77.92,2.500,0.00,50.0,-0.49
1945.00,-2597.01,-1003.93,77.91,2.500,0.00,50.0,-0.47
1946.00,-2594.56,-1003.41,77.91,2.500,0.00,50.0,-0.46
1947.00,-2592.12,-1002.88,77.90,2.500,0.00,50.0,-0.44
1948.00,-2589.67,-1002.36,77.89,2.500,0.00,50.0,-0.43
1949.00,-2587.23,-1001.84,77.88,2.500,0.00,50.0,-0.41
1950.00,-2584.79,-1001.31,77.88,2.500,0.00,50.0,-0.40
1951.00,-2582.34,-1000.79,77.87,2.500,0.00,50.0,-0.38
1952.00,-2579.90,-1000.26,77.87,2.500,0.00,50.0,-0.37
1953.00,-2577.45,-999.74,77.86,2.500,0.00,50.0,-0.36
1954.00,-2575.01,-999.21,77.85,2.500,0.00,50.0,-0.35
1955.00,-2572.57,-998.68,77.85,2.500,0.00,50.0,-0.34
1956.00,-2570.12,-998.16,77.84,2.500,0.00,50.0,-0.32
1957.00,-2567.68,-997.63,77.84,2.500,0.00,50.0,-0.31
1958.00,-2565.23,-997.10,77.83,2.500,0.00,50.0,-0.30
1959.00,-2562.79,-996.58,77.83,2.500,0.00,50.0,-0.29
1960.00,-2560.35,-996.05,77.82,2.500,0.00,50.0,-0.28
1961.00,-2557.90,-995.52,77.82,2.500,0.00,50.0,-0.27
1962.00,-2555.46,-995.00,77.81,2.500,0.00,50.0,-0.27
1963.00,-2553.02,-994.47,77.81,2.500,0.00,50.0,-0.26
1964.00,-2550.57,-993.94,77.81,2.500,0.00,50.0,-0.25
1965.00,-2548.13,-993.41,77.80,2.500,0.00,50.0,-0.24
1966.00,-2545.68,-992.88,77.80,2.500,0.00,50.0,-0.23
1967.00,-2543.24,-992.35,77.79,2.500,0.00,50.0,-0.22
1968.00,-2540.80,-991.83,77.79,2.500,0.00,50.0,-0.22
1969.00,-2538.35,-991.30,77.79,2.500,0.00,50.0,-0.21
1970.00,-2535.91,-990.77,77.78,2.500,0.00,50.0,-0.20
1971.00,-2533.47,-990.24,77.78,2.500,0.00,50.0,-0.20
1972.00,-2531.02,-989.71,77.78,2.500,0.00,50.0,-0.19
1973.00,-2528.58,-989.18,77.77,2.500,0.00,50.0,-0.18
1974.00,-2526.14,-988.65,77.77,2.500,0.00,50.0,-0.18
1975.00,-2523.69,-988.12,77.77,2.500,0.00,50.0,-0.17
1976.00,-2521.25,-987.59,77.77,2.500,0.00,50.0,-0.16
1977.00,-2518.81,-987.06,77.76,2.500,0.00,50.0,-0.16
1978.00,-2516.37,-986.53,77.76,2.500,0.00,50.0,-0.15
1979.00,-2513.92,-986.00,77.76,2.500,0.00,50.0,-0.15
1980.00,-2511.48,-985.47,77.76,2.500,0.00,50.0,-0.14
1981.00,-2509.04,-984.94,77.75,2.500,0.00,50.0,-0.14
1982.00,-2506.59,-984.41,77.75,2.500,0.00,50.0,-0.13
1983.00,-2504.15,-983.88,77.75,2.500,0.00,50.0,-0.13
1984.00,-2501.71,-983.35,77.75,2.500,0.00,50.0,-0.13
1985.00,-2499.26,-982.82,77.74,2.500,0.00,50.0,-0.12
1986.00,-2496.82,-982.29,77.74,2.500,0.00,50.0,-0.12
1987.00,-2494.38,-981.76,77.74,2.500,0.00,50.0,-0.11
1988.00,-2491.94,-981.23,77.74,2.500,0.00,50.0,-0.11
1989.00,-2489.49,-980.70,77.74,2.500,0.00,50.0,-0.11
1990.00,-2487.05,-980.17,77.74,2.500,0.00,50.0,-0.10
1991.00,-2484.61,-979.64,77.73,2.500,0.00,50.0,-0.10
1992.00,-2482.16,-979.10,77.73,2.500,0.00,50.0,-0.10
1993.00,-2479.72,-978.57,77.73,2.500,0.00,50.0,-0.09
1994.00,-2477.28,-978.04,77.73,2.500,0.00,50.0,-0.09
1995.00,-2474.83,-977.51,77.73,2.500,0.00,50.0,-0.09
1996.00,-2472.39,-976.98,77.73,2.500,0.00,50.0,-0.08
1997.00,-2469.95,-976.45,77.72,2.500,0.00,50.0,-0.08
1998.00,-2467.51,-975.92,77.72,2.500,0.00,50.0,-0.08
1999.00,-2465.06,-975.38,77.72,2.500,0.00,50.0,-0.08
2000.00,-2462.62,-974.85,77.72,2.500,0.00,50.0,-0.07
2001.00,-2460.18,-974.32,77.72,2.500,0.00,50.0,-0.07
2002.00,-2457.74,-973.79,77.72,2.500,0.00,50.0,-0.07
2003.00,-2455.29,-973.26,77.72,2.500,0.00,50.0,-0.07
2004.00,-2452.85,-972.73,77.72,2.500,0.00,50.0,-0.06
2005.00,-2450.41,-972.19,77.72,2.500,0.00,50.0,-0.06
2006.00,-2447.96,-971.66,77.71,2.500,0.00,50.0,-0.06
2007.00,-2445.52,-971.13,77.71,2.500,0.00,50.0,-0.06
2008.00,-2443.08,-970.60,77.71,2.500,0.00,50.0,-0.06
2009.00,-2440.64,-970.07,77.71,2.500,0.00,50.0,-0.05
2010.00,-2438.19,-969.53,77.71,2.500,0.00,50.0,-0.05
2011.00,-2435.75,-969.00,77.71,2.500,0.00,50.0,-0.05
2012.00,-2433.31,-968.47,77.71,2.500,0.00,50.0,-0.05
2013.00,-2430.87,-967.94,77.71,2.500,0.00,50.0,-0.05
2014.00,-2428.42,-967.41,77.71,2.500,0.00,50.0,-0.05
2015.00,-2425.98,-966.87,77.71,2.500,0.00,50.0,-0.04
2016.00,-2423.54,-966.34,77.71,2.500,0.00,50.0,-0.04
2017.00,-2421.09,-965.81,77.71,2.500,0.00,50.0,-0.04
2018.00,-2418.65,-965.28,77.70,2.500,0.00,50.0,-0.04
2019.00,-2416.21,-964.74,77.70,2.500,0.00,50.0,-0.04
2020.00,-2413.77,-964.21,77.70,2.500,0.00,50.0,-0.04
2021.00,-2411.32,-963.68,77.70,2.500,0.00,50.0,-0.04
2022.00,-2408.88,-963.15,77.70,2.500,0.00,50.0,-0.03
2023.00,-2406.44,-962.61,77.70,2.500,0.00,50.0,-0.03
2024.00,-2404.00,-962.08,77.70,2.500,0.00,50.0,-0.03
2025.00,-2401.55,-961.55,77.70,2.500,0.00,50.0,-0.03
2026.00,-2399.11,-961.02,77.70,2.500,0.00,50.0,-0.03
2027.00,-2396.67,-960.48,77.70,2.500,0.00,50.0,-0.03
2028.00,-2394.23,-959.95,77.70,2.500,0.00,50.0,-0.03
2029.00,-2391.78,-959.42,77.70,2.500,0.00,50.0,-0.03
2030.00,-2389.34,-958.89,77.70,2.500,0.00,50.0,-0.03
2031.00,-2386.90,-958.35,77.70,2.500,0.00,50.0,-0.03
2032.00,-2384.46,-957.82,77.70,2.500,0.00,50.0,-0.02
2033.00,-2382.01,-957.29,77.70,2.500,0.00,50.0,-0.02
2034.00,-2379.57,-956.76,77.70,2.500,0.00,50.0,-0.02
2035.00,-2377.13,-956.22,77.70,2.500,0.00,50.0,-0.02
2036.00,-2374.69,-955.69,77.70,2.500,0.00,50.0,-0.02
2037.00,-2372.24,-955.16,77.70,2.500,0.00,50.0,-0.02
2038.00,-2369.80,-954.63,77.70,2.500,0.00,50.0,-0.02
2039.00,-2367.36,-954.09,77.70,2.500,0.00,50.0,-0.02
2040.00,-2364.92,-953.56,77.69,2.500,0.00,50.0,-0.02
2041.00,-2362.47,-953.03,77.69,2.500,0.00,50.0,-0.02
2042.00,-2360.03,-952.49,77.69,2.500,0.00,50.0,-0.02
2043.00,-2357.59,-951.96,77.69,2.500,0.00,50.0,-0.02
2044.00,-2355.15,-951.43,77.69,2.500,0.00,50.0,-0.02
2045.00,-2352.70,-950.90,77.69,2.500,0.00,50.0,-0.02
2046.00,-2350.26,-950.36,77.69,2.500,0.00,50.0,-0.02
2047.00,-2347.82,-949.83,77.69,2.500,0.00,50.0,-0.01
2048.00,-2345.37,-949.30,77.69,2.500,0.00,50.0,-0.01
2049.00,-2342.93,-948.76,77.69,2.500,0.00,50.0,-0.01
2050.00,-2340.49,-948.23,77.69,2.500,0.00,50.0,-0.01
2051.00,-2338.05,-947.70,77.69,2.500,0.00,50.0,-0.01
2052.00,-2335.60,-947.17,77.69,2.500,0.00,50.0,-0.01
2053.00,-2333.16,-946.63,77.69,2.500,0.00,50.0,-0.01
2054.00,-2330.72,-946.10,77.69,2.500,0.00,50.0,-0.01
2055.00,-2328.28,-945.57,77.69,2.500,0.00,50.0,-0.01
2056.00,-2325.83,-945.03,77.69,2.500,0.00,50.0,-0.01
2057.00,-2323.39,-944.50,77.69,2.500,0.00,50.0,-0.01
2058.00,-2320.95,-943.97,77.69,2.500,0.00,50.0,-0.01
2059.00,-2318.51,-943.43,77.69,2.500,0.00,50.0,-0.01
2060.00,-2316.06,-942.90,77.69,2.500,0.00,50.0,-0.01
2061.00,-2313.62,-942.37,77.69,2.500,0.00,50.0,-0.01
2062.00,-2311.18,-941.84,77.69,2.500,0.00,50.0,-0.01
2063.00,-2308.74,-941.30,77.69,2.500,0.00,50.0,-0.01
2064.00,-2306.29,-940.77,77.69,2.500,0.00,50.0,-0.01
2065.00,-2303.85,-940.24,77.69,2.500,0.00,50.0,-0.01
2066.00,-2301.41,-939.70,77.69,2.500,0.00,50.0,-0.01
2067.00,-2298.97,-939.17,77.69,2.500,0.00,50.0,-0.01
2068.00,-2296.52,-938.64,77.69,2.500,0.00,50.0,-0.01
2069.00,-2294.08,-938.10,77.69,2.500,0.00,50.0,-0.01
2070.00,-2291.64,-937.57,77.69,2.500,0.00,50.0,-0.01
2071.00,-2289.20,-937.04,77.69,2.500,0.00,50.0,-0.01
2072.00,-2286.75,-936.51,77.69,2.500,0.00,50.0,-0.01
2073.00,-2284.31,-935.97,77.69,2.500,0.00,50.0,-0.01
2074.00,-2281.87,-935.44,77.69,2.500,0.00,50.0,-0.01
2075.00,-2279.43,-934.91,77.69,2.500,0.00,50.0,-0.01
2076.00,-2276.98,-934.37,77.69,2.500,0.00,50.0,-0.01
2077.00,-2274.54,-933.84,77.69,2.500,0.00,50.0,-0.01
2078.00,-2272.10,-933.31,77.69,2.500,0.00,50.0,-0.01
2079.00,-2269.66,-932.77,77.69,2.500,0.00,50.0,-0.01
2080.00,-2267.21,-932.24,77.69,2.500,0.00,50.0,-0.00
2081.00,-2264.77,-931.71,77.69,2.500,0.00,50.0,-0.00
2082.00,-2262.33,-931.17,77.69,2.500,0.00,50.0,-0.00
2083.00,-2259.89,-930.64,77.69,2.500,0.00,50.0,-0.00
2084.00,-2257.44,-930.11,77.69,2.500,0.00,50.0,-0.00
2085.00,-2255.00,-929.58,77.69,2.500,0.00,50.0,-0.00
2086.00,-2252.56,-929.04,77.69,2.500,0.00,50.0,-0.00
2087.00,-2250.12,-928.51,77.69,2.500,0.00,50.0,-0.00
2088.00,-2247.67,-927.98,77.69,2.500,0.00,50.0,-0.00
2089.00,-2245.23,-927.44,77.69,2.500,0.00,50.0,-0.00
2090.00,-2242.79,-926.91,77.69,2.500,0.00,50.0,-0.00
2091.00,-2240.35,-926.38,77.69,2.500,0.00,50.0,-0.00
2092.00,-2237.90,-925.84,77.69,2.500,0.00,50.0,-0.00
2093.00,-2235.46,-925.31,77.69,2.500,0.00,50.0,-0.00
2094.00,-2233.02,-924.78,77.69,2.500,0.00,50.0,-0.00
2095.00,-2230.58,-924.24,77.69,2.500,0.00,50.0,-0.00
2096.00,-2228.13,-923.71,77.69,2.500,0.00,50.0,-0.00
2097.00,-2225.69,-923.18,77.69,2.500,0.00,50.0,-0.00
2098.00,-2223.25,-922.64,77.69,2.500,0.00,50.0,-0.00
2099.00,-2220.81,-922.11,77.69,2.500,0.00,50.0,-0.00
2100.00,-2218.36,-921.58,77.69,2.500,0.00,50.0,-0.00
2101.00,-2215.92,-921.05,77.69,2.500,0.00,50.0,-0.00
2102.00,-2213.48,-920.51,77.69,2.500,0.00,50.0,-0.00
2103.00,-2211.04,-919.98,77.69,2.500,0.00,50.0,-0.00
2104.00,-2208.59,-919.45,77.69,2.500,0.00,50.0,-0.00
2105.00,-2206.15,-918.91,77.69,2.500,0.00,50.0,-0.00
2106.00,-2203.71,-918.38,77.69,2.500,0.00,50.0,-0.00
2107.00,-2201.27,-917.85,77.69,2.500,0.00,50.0,-0.00
2108.00,-2198.82,-917.31,77.69,2.500,0.00,50.0,-0.00
2109.00,-2196.38,-916.78,77.69,2.500,0.00,50.0,-0.00
2110.00,-2193.94,-916.25,77.69,2.500,0.00,50.0,-0.00
2111.00,-2191.50,-915.71,77.69,2.500,0.00,50.0,-0.00
2112.00,-2189.05,-915.18,77.69,2.500,0.00,50.0,-0.00
2113.00,-2186.61,-914.65,77.69,2.500,0.00,50.0,-0.00
2114.00,-2184.17,-914.11,77.69,2.500,0.00,50.0,-0.00
2115.00,-2181.73,-913.58,77.69,2.500,0.00,50.0,-0.00
2116.00,-2179.28,-913.05,77.69,2.500,0.00,50.0,-0.00
2117.00,-2176.84,-912.52,77.69,2.500,0.00,50.0,-0.00
2118.00,-2174.40,-911.98,77.69,2.500,0.00,50.0,-0.00
2119.00,-2171.96,-911.45,77.69,2.500,0.00,50.0,-0.00
2120.00,-2169.52,-910.92,77.69,2.500,0.00,50.0,-0.00
2121.00,-2167.07,-910.38,77.69,2.500,0.00,50.0,-0.00
2122.00,-2164.63,-909.85,77.69,2.500,0.00,50.0,-0.00
2123.00,-2162.19,-909.32,77.69,2.500,0.00,50.0,-0.00
2124.00,-2159.75,-908.78,77.69,2.500,0.00,50.0,-0.00
2125.00,-2157.30,-908.25,77.69,2.500,0.00,50.0,-0.00
2126.00,-2154.86,-907.72,77.69,2.500,0.00,50.0,-0.00
2127.00,-2152.42,-907.18,77.69,2.500,0.00,50.0,-0.00
2128.00,-2149.98,-906.65,77.69,2.500,0.00,50.0,-0.00
2129.00,-2147.53,-906.12,77.69,2.500,0.00,50.0,-0.00
2130.00,-2145.09,-905.58,77.69,2.500,0.00,50.0,-0.00
2131.00,-2142.65,-905.05,77.69,2.500,0.00,50.0,-0.00
2132.00,-2140.21,-904.52,77.69,2.500,0.00,50.0,-0.00
2133.00,-2137.76,-903.98,77.69,2.500,0.00,50.0,-0.00
2134.00,-2135.32,-903.45,77.69,2.500,0.00,50.0,-0.00
2135.00,-2132.88,-902.92,77.69,2.500,0.00,50.0,-0.00
2136.00,-2130.44,-902.39,77.69,2.500,0.00,50.0,-0.00
2137.00,-2127.99,-901.85,77.69,2.500,0.00,50.0,-0.00
2138.00,-2125.55,-901.32,77.69,2.500,0.00,50.0,-0.00
2139.00,-2123.11,-900.79,77.69,2.500,0.00,50.0,-0.00
2140.00,-2120.67,-900.25,77.69,2.500,0.00,50.0,-0.00
2141.00,-2118.22,-899.72,77.69,2.500,0.00,50.0,-0.00
2142.00,-2115.78,-899.19,77.69,2.500,0.00,50.0,-0.00
2143.00,-2113.34,-898.65,77.69,2.500,5.00,50.0,0.06
2144.00,-2110.90,-898.12,77.69,2.500,5.00,50.0,0.11
2145.00,-2108.45,-897.59,77.69,2.500,5.00,50.0,0.17
2146.00,-2106.01,-897.05,77.70,2.500,5.00,50.0,0.22
2147.00,-2103.57,-896.52,77.70,2.500,5.00,50.0,0.27
2148.00,-2101.13,-895.99,77.70,2.500,5.00,50.0,0.32
2149.00,-2098.68,-895.46,77.71,2.500,5.00,50.0,0.36
2150.00,-2096.24,-894.92,77.72,2.500,5.00,50.0,0.41
2151.00,-2093.80,-894.39,77.73,2.500,5.00,50.0,0.45
2152.00,-2091.35,-893.86,77.73,2.500,5.00,50.0,0.49
2153.00,-2088.91,-893.33,77.74,2.500,5.00,50.0,0.53
2154.00,-2086.47,-892.80,77.75,2.500,5.00,50.0,0.57
2155.00,-2084.03,-892.27,77.76,2.500,5.00,50.0,0.61
2156.00,-2081.58,-891.74,77.77,2.500,5.00,50.0,0.65
2157.00,-2079.14,-891.21,77.79,2.500,10.00,50.0,0.74
2158.00,-2076.70,-890.68,77.80,2.500,10.00,50.0,0.83
2159.00,-2074.25,-890.15,77.81,2.500,10.00,50.0,0.92
2160.00,-2071.81,-889.62,77.83,2.500,10.00,50.0,1.00
2161.00,-2069.36,-889.10,77.85,2.500,10.00,50.0,1.08
2162.00,-2066.92,-888.57,77.87,2.500,10.00,50.0,1.16
2163.00,-2064.48,-888.05,77.89,2.500,10.00,50.0,1.23
2164.00,-2062.03,-887.52,77.91,2.500,10.00,50.0,1.31
2165.00,-2059.59,-887.00,77.93,2.500,10.00,50.0,1.38
2166.00,-2057.14,-886.47,77.96,2.500,10.00,50.0,1.45
2167.00,-2054.70,-885.95,77.98,2.500,10.00,50.0,1.51
2168.00,-2052.25,-885.43,78.01,2.500,10.00,50.0,1.58
2169.00,-2049.81,-884.91,78.04,2.500,10.00,50.0,1.64
2170.00,-2047.36,-884.39,78.06,2.500,10.00,50.0,1.70
2171.00,-2044.92,-883.88,78.09,2.500,10.00,50.0,1.76
2172.00,-2042.47,-883.36,78.13,2.500,15.00,50.0,1.87
2173.00,-2040.02,-882.85,78.16,2.500,15.00,50.0,1.98
2174.00,-2037.58,-882.33,78.19,2.500,15.00,50.0,2.08
2175.00,-2035.13,-881.82,78.23,2.500,15.00,50.0,2.19
2176.00,-2032.68,-881.31,78.27,2.500,15.00,50.0,2.28
2177.00,-2030.23,-880.80,78.31,2.500,15.00,50.0,2.38
2178.00,-2027.79,-880.30,78.35,2.500,15.00,50.0,2.47
2179.00,-2025.34,-879.79,78.39,2.500,15.00,50.0,2.56
2180.00,-2022.89,-879.29,78.44,2.500,15.00,50.0,2.65
2181.00,-2020.44,-878.79,78.48,2.500,15.00,50.0,2.73
2182.00,-2017.99,-878.29,78.53,2.500,15.00,50.0,2.81
2183.00,-2015.54,-877.79,78.58,2.500,15.00,50.0,2.89
2184.00,-2013.09,-877.30,78.62,2.500,15.00,50.0,2.96
2185.00,-2010.64,-876.80,78.68,2.500,15.00,50.0,3.04
2186.00,-2008.19,-876.31,78.73,2.500,15.00,50.0,3.11
2187.00,-2005.73,-875.82,78.78,2.500,15.00,50.0,3.17
2188.00,-2003.28,-875.34,78.83,2.500,15.00,50.0,3.24
2189.00,-2000.83,-874.85,78.89,2.500,15.00,50.0,3.30
2190.00,-1998.38,-874.37,78.95,2.500,15.00,50.0,3.36
2191.00,-1995.92,-873.89,79.00,2.500,15.00,50.0,3.42
2192.00,-1993.47,-873.42,79.06,2.500,15.00,50.0,3.48
2193.00,-1991.01,-872.94,79.12,2.500,15.00,50.0,3.54
2194.00,-1988.56,-872.47,79.18,2.500,15.00,50.0,3.59
2195.00,-1986.10,-872.00,79.24,2.500,15.00,50.0,3.64
2196.00,-1983.65,-871.53,79.30,2.500,15.00,50.0,3.69
2197.00,-1981.19,-871.07,79.36,2.500,15.00,50.0,3.74
2198.00,-1978.73,-870.61,79.43,2.500,15.00,50.0,3.79
2199.00,-1976.28,-870.15,79.49,2.500,15.00,50.0,3.83
2200.00,-1973.82,-869.69,79.56,2.500,15.00,50.0,3.88
2201.00,-1971.36,-869.24,79.62,2.500,15.00,50.0,3.92
2202.00,-1968.90,-868.79,79.69,2.500,15.00,50.0,3.96
2203.00,-1966.44,-868.34,79.75,2.500,15.00,50.0,4.00
2204.00,-1963.98,-867.90,79.82,2.500,15.00,50.0,4.04
2205.00,-1961.52,-867.46,79.89,2.500,15.00,50.0,4.07
2206.00,-1959.06,-867.02,79.96,2.500,15.00,50.0,4.11
2207.00,-1956.60,-866.58,80.03,2.500,15.00,50.0,4.14
2208.00,-1954.14,-866.15,80.10,2.500,15.00,50.0,4.18
2209.00,-1951.67,-865.72,80.17,2.500,15.00,50.0,4.21
2210.00,-1949.21,-865.29,80.24,2.500,15.00,50.0,4.24
2211.00,-1946.75,-864.87,80.31,2.500,15.00,50.0,4.27
2212.00,-1944.28,-864.45,80.38,2.500,15.00,50.0,4.30
2213.00,-1941.82,-864.03,80.45,2.500,15.00,50.0,4.33
2214.00,-1939.35,-863.61,80.52,2.500,15.00,50.0,4.35
2215.00,-1936.89,-863.20,80.60,2.500,15.00,50.0,4.38
2216.00,-1934.42,-862.79,80.67,2.500,15.00,50.0,4.41
2217.00,-1931.95,-862.39,80.74,2.500,15.00,50.0,4.43
2218.00,-1929.48,-861.99,80.82,2.500,15.00,50.0,4.45
2219.00,-1927.02,-861.59,80.89,2.500,15.00,50.0,4.48
2220.00,-1924.55,-861.19,80.97,2.500,15.00,50.0,4.50
2221.00,-1922.08,-860.80,81.04,2.500,15.00,50.0,4.52
2222.00,-1919.61,-860.41,81.12,2.500,15.00,50.0,4.54
2223.00,-1917.14,-860.02,81.20,2.500,15.00,50.0,4.56
2224.00,-1914.67,-859.64,81.27,2.500,15.00,50.0,4.58
2225.00,-1912.20,-859.26,81.35,2.500,15.00,50.0,4.60
2226.00,-1909.73,-858.89,81.43,2.500,15.00,50.0,4.62
2227.00,-1907.25,-858.51,81.50,2.500,15.00,50.0,4.64
2228.00,-1904.78,-858.14,81.58,2.500,15.00,50.0,4.65
2229.00,-1902.31,-857.78,81.66,2.500,15.00,50.0,4.67
2230.00,-1899.83,-857.41,81.74,2.500,15.00,50.0,4.68
2231.00,-1897.36,-857.06,81.81,2.500,15.00,50.0,4.70
2232.00,-1894.89,-856.70,81.89,2.500,15.00,50.0,4.71
2233.00,-1892.41,-856.35,81.97,2.500,15.00,50.0,4.73
2234.00,-1889.94,-856.00,82.05,2.500,15.00,50.0,4.74
2235.00,-1887.46,-855.65,82.13,2.500,15.00,50.0,4.76
2236.00,-1884.98,-855.31,82.21,2.500,15.00,50.0,4.77
2237.00,-1882.51,-854.97,82.29,2.500,15.00,50.0,4.78
2238.00,-1880.03,-854.63,82.37,2.500,15.00,50.0,4.79
2239.00,-1877.55,-854.30,82.45,2.500,15.00,50.0,4.81
2240.00,-1875.07,-853.97,82.53,2.500,15.00,50.0,4.82
2241.00,-1872.59,-853.65,82.61,2.500,15.00,50.0,4.83
2242.00,-1870.11,-853.33,82.69,2.500,15.00,50.0,4.84
2243.00,-1867.64,-853.01,82.77,2.500,15.00,50.0,4.85
2244.00,-1865.16,-852.70,82.85,2.500,15.00,50.0,4.86
2245.00,-1862.67,-852.38,82.93,2.500,15.00,50.0,4.87
2246.00,-1860.19,-852.08,83.01,2.500,15.00,50.0,4.88
2247.00,-1857.71,-851.77,83.10,2.500,15.00,50.0,4.89
2248.00,-1855.23,-851.47,83.18,2.500,15.00,50.0,4.89
2249.00,-1852.75,-851.17,83.26,2.500,15.00,50.0,4.90
2250.00,-1850.27,-850.88,83.34,2.500,15.00,50.0,4.91
2251.00,-1847.78,-850.59,83.42,2.500,15.00,50.0,4.92
2252.00,-1845.30,-850.31,83.51,2.500,15.00,50.0,4.93
2253.00,-1842.81,-850.02,83.59,2.500,15.00,50.0,4.93
2254.00,-1840.33,-849.74,83.67,2.500,15.00,50.0,4.94
2255.00,-1837.85,-849.47,83.75,2.500,15.00,50.0,4.95
2256.00,-1835.36,-849.20,83.83,2.500,15.00,50.0,4.95
2257.00,-1832.87,-848.93,83.92,2.500,15.00,50.0,4.96
2258.00,-1830.39,-848.66,84.00,2.500,15.00,50.0,4.97
2259.00,-1827.90,-848.40,84.08,2.500,15.00,50.0,4.97
2260.00,-1825.42,-848.14,84.17,2.500,15.00,50.0,4.98
2261.00,-1822.93,-847.89,84.25,2.500,15.00,50.0,4.98
2262.00,-1820.44,-847.64,84.33,2.500,15.00,50.0,4.99
2263.00,-1817.95,-847.39,84.42,2.500,15.00,50.0,4.99
2264.00,-1815.47,-847.15,84.50,2.500,15.00,50.0,5.00
2265.00,-1812.98,-846.91,84.58,2.500,15.00,50.0,5.00
2266.00,-1810.49,-846.67,84.67,2.500,15.00,50.0,5.01
2267.00,-1808.00,-846.44,84.75,2.500,15.00,50.0,5.01
2268.00,-1805.51,-846.21,84.83,2.500,15.00,50.0,5.02
2269.00,-1803.02,-845.99,84.92,2.500,15.00,50.0,5.02
2270.00,-1800.53,-845.76,85.00,2.500,15.00,50.0,5.02
2271.00,-1798.04,-845.55,85.08,2.500,15.00,50.0,5.03
2272.00,-1795.55,-845.33,85.17,2.500,15.00,50.0,5.03
2273.00,-1793.06,-845.12,85.25,2.500,15.00,50.0,5.04
2274.00,-1790.57,-844.91,85.34,2.500,15.00,50.0,5.04
2275.00,-1788.07,-844.71,85.42,2.500,15.00,50.0,5.04
2276.00,-1785.58,-844.51,85.50,2.500,15.00,50.0,5.05
2277.00,-1783.09,-844.32,85.59,2.500,15.00,50.0,5.05
2278.00,-1780.60,-844.12,85.67,2.500,15.00,50.0,5.05
2279.00,-1778.10,-843.93,85.76,2.500,15.00,50.0,5.06
2280.00,-1775.61,-843.75,85.84,2.500,15.00,50.0,5.06
2281.00,-1773.12,-843.57,85.93,2.500,15.00,50.0,5.06
2282.00,-1770.62,-843.39,86.01,2.500,15.00,50.0,5.06
2283.00,-1768.13,-843.22,86.09,2.500,15.00,50.0,5.07
2284.00,-1765.64,-843.05,86.18,2.500,15.00,50.0,5.07
2285.00,-1763.14,-842.88,86.26,2.500,15.00,50.0,5.07
2286.00,-1760.65,-842.72,86.35,2.500,15.00,50.0,5.07
2287.00,-1758.15,-842.56,86.43,2.500,15.00,50.0,5.08
2288.00,-1755.66,-842.40,86.52,2.500,15.00,50.0,5.08
2289.00,-1753.16,-842.25,86.60,2.500,15.00,50.0,5.08
2290.00,-1750.67,-842.10,86.69,2.500,15.00,50.0,5.08
2291.00,-1748.17,-841.96,86.77,2.500,15.00,50.0,5.08
2292.00,-1745.67,-841.82,86.86,2.500,15.00,50.0,5.09
2293.00,-1743.18,-841.68,86.94,2.500,15.00,50.0,5.09
2294.00,-1740.68,-841.55,87.03,2.500,15.00,50.0,5.09
2295.00,-1738.18,-841.42,87.11,2.500,15.00,50.0,5.09
2296.00,-1735.69,-841.29,87.20,2.500,15.00,50.0,5.09
2297.00,-1733.19,-841.17,87.28,2.500,15.00,50.0,5.10
2298.00,-1730.69,-841.05,87.36,2.500,15.00,50.0,5.10
2299.00,-1728.20,-840.93,87.45,2.500,15.00,50.0,5.10
2300.00,-1725.70,-840.82,87.53,2.500,15.00,50.0,5.10
2301.00,-1723.20,-840.72,87.62,2.500,15.00,50.0,5.10
2302.00,-1720.70,-840.61,87.71,2.500,15.00,50.0,5.10
2303.00,-1718.21,-840.51,87.79,2.500,15.00,50.0,5.10
2304.00,-1715.71,-840.42,87.88,2.500,15.00,50.0,5.11
2305.00,-1713.21,-840.32,87.96,2.500,15.00,50.0,5.11
2306.00,-1710.71,-840.23,88.05,2.500,15.00,50.0,5.11
2307.00,-1708.21,-840.15,88.13,2.500,15.00,50.0,5.11
2308.00,-1705.71,-840.07,88.22,2.500,15.00,50.0,5.11
2309.00,-1703.21,-839.99,88.30,2.500,15.00,50.0,5.11
2310.00,-1700.72,-839.92,88.39,2.500,15.00,50.0,5.11
2311.00,-1698.22,-839.84,88.47,2.500,15.00,50.0,5.11
2312.00,-1695.72,-839.78,88.56,2.500,15.00,50.0,5.11
2313.00,-1693.22,-839.71,88.64,2.500,15.00,50.0,5.12
2314.00,-1690.72,-839.66,88.73,2.500,15.00,50.0,5.12
2315.00,-1688.22,-839.60,88.81,2.500,15.00,50.0,5.12
2316.00,-1685.72,-839.55,88.90,2.500,15.00,50.0,5.12
2317.00,-1683.22,-839.50,88.98,2.500,15.00,50.0,5.12
2318.00,-1680.72,-839.46,89.07,2.500,15.00,50.0,5.12
2319.00,-1678.22,-839.42,89.15,2.500,15.00,50.0,5.12
2320.00,-1675.72,-839.38,89.24,2.500,15.00,50.0,5.12
2321.00,-1673.22,-839.35,89.32,2.500,15.00,50.0,5.12
2322.00,-1670.72,-839.32,89.41,2.500,15.00,50.0,5.12
2323.00,-1668.22,-839.29,89.50,2.500,15.00,50.0,5.12
2324.00,-1665.72,-839.27,89.58,2.500,15.00,50.0,5.12
2325.00,-1663.22,-839.25,89.67,2.500,15.00,50.0,5.12
2326.00,-1660.72,-839.23,89.75,2.500,15.00,50.0,5.13
2327.00,-1658.22,-839.22,89.84,2.500,15.00,50.0,5.13
2328.00,-1655.72,-839.22,89.92,2.500,15.00,50.0,5.13
2329.00,-1653.22,-839.21,90.01,2.500,15.00,50.0,5.13
2330.00,-1650.72,-839.21,90.09,2.500,15.00,50.0,5.13
2331.00,-1648.22,-839.22,90.18,2.500,15.00,50.0,5.13
2332.00,-1645.72,-839.23,90.26,2.500,15.00,50.0,5.13
2333.00,-1643.22,-839.24,90.35,2.500,15.00,50.0,5.13
2334.00,-1640.72,-839.25,90.44,2.500,15.00,50.0,5.13
2335.00,-1638.22,-839.27,90.52,2.500,15.00,50.0,5.13
2336.00,-1635.72,-839.29,90.61,2.500,15.00,50.0,5.13
2337.00,-1633.22,-839.32,90.69,2.500,15.00,50.0,5.13
2338.00,-1630.72,-839.35,90.78,2.500,15.00,50.0,5.13
2339.00,-1628.22,-839.38,90.86,2.500,15.00,50.0,5.13
2340.00,-1625.72,-839.42,90.95,2.500,15.00,50.0,5.13
2341.00,-1623.22,-839.46,91.03,2.500,15.00,50.0,5.13
2342.00,-1620.72,-839.51,91.12,2.500,15.00,50.0,5.13
2343.00,-1618.22,-839.56,91.20,2.500,15.00,50.0,5.13
2344.00,-1615.72,-839.61,91.29,2.500,15.00,50.0,5.13
2345.00,-1613.23,-839.67,91.38,2.500,15.00,50.0,5.13
2346.00,-1610.73,-839.73,91.46,2.500,15.00,50.0,5.13
2347.00,-1608.23,-839.79,91.55,2.500,15.00,50.0,5.13
2348.00,-1605.73,-839.86,91.63,2.500,15.00,50.0,5.13
2349.00,-1603.23,-839.93,91.72,2.500,15.00,50.0,5.13
2350.00,-1600.73,-840.00,91.80,2.500,15.00,50.0,5.14
2351.00,-1598.23,-840.08,91.89,2.500,15.00,50.0,5.14
2352.00,-1595.73,-840.17,91.97,2.500,15.00,50.0,5.14
2353.00,-1593.23,-840.25,92.06,2.500,15.00,50.0,5.14
2354.00,-1590.74,-840.34,92.15,2.500,15.00,50.0,5.14
2355.00,-1588.24,-840.43,92.23,2.500,15.00,50.0,5.14
2356.00,-1585.74,-840.53,92.32,2.500,15.00,50.0,5.14
2357.00,-1583.24,-840.63,92.40,2.500,15.00,50.0,5.14
2358.00,-1580.74,-840.74,92.49,2.500,15.00,50.0,5.14
2359.00,-1578.25,-840.85,92.57,2.500,15.00,50.0,5.14
2360.00,-1575.75,-840.96,92.66,2.500,15.00,50.0,5.14
2361.00,-1573.25,-841.08,92.75,2.500,15.00,50.0,5.14
2362.00,-1570.75,-841.19,92.83,2.500,15.00,50.0,5.14
2363.00,-1568.26,-841.32,92.92,2.500,15.00,50.0,5.14
2364.00,-1565.76,-841.45,93.00,2.500,15.00,50.0,5.14
2365.00,-1563.26,-841.58,93.09,2.500,15.00,50.0,5.14
2366.00,-1560.77,-841.71,93.17,2.500,15.00,50.0,5.14
2367.00,-1558.27,-841.85,93.26,2.500,15.00,50.0,5.14
2368.00,-1555.78,-841.99,93.34,2.500,15.00,50.0,5.14
2369.00,-1553.28,-842.14,93.43,2.500,15.00,50.0,5.14
2370.00,-1550.78,-842.29,93.52,2.500,15.00,50.0,5.14
2371.00,-1548.29,-842.44,93.60,2.500,15.00,50.0,5.14
2372.00,-1545.79,-842.60,93.69,2.500,15.00,50.0,5.14
2373.00,-1543.30,-842.76,93.77,2.500,15.00,50.0,5.14
2374.00,-1540.80,-842.92,93.86,2.500,15.00,50.0,5.14
2375.00,-1538.31,-843.09,93.94,2.500,15.00,50.0,5.14
2376.00,-1535.82,-843.26,94.03,2.500,15.00,50.0,5.14
2377.00,-1533.32,-843.44,94.12,2.500,15.00,50.0,5.14
2378.00,-1530.83,-843.62,94.20,2.500,15.00,50.0,5.14
2379.00,-1528.34,-843.80,94.29,2.500,15.00,50.0,5.14
2380.00,-1525.84,-843.99,94.37,2.500,15.00,50.0,5.14
2381.00,-1523.35,-844.18,94.46,2.500,15.00,50.0,5.14
2382.00,-1520.86,-844.37,94.54,2.500,15.00,50.0,5.14
2383.00,-1518.37,-844.57,94.63,2.500,15.00,50.0,5.14
2384.00,-1515.87,-844.77,94.72,2.500,15.00,50.0,5.14
2385.00,-1513.38,-844.98,94.80,2.500,15.00,50.0,5.14
2386.00,-1510.89,-845.19,94.89,2.500,15.00,50.0,5.14
2387.00,-1508.40,-845.40,94.97,2.500,15.00,50.0,5.14
2388.00,-1505.91,-845.62,95.06,2.500,15.00,50.0,5.14
2389.00,-1503.42,-845.84,95.14,2.500,15.00,50.0,5.14
2390.00,-1500.93,-846.06,95.23,2.500,15.00,50.0,5.14
2391.00,-1498.44,-846.29,95.32,2.500,15.00,50.0,5.14
2392.00,-1495.95,-846.52,95.40,2.500,15.00,50.0,5.14
2393.00,-1493.46,-846.76,95.49,2.500,15.00,50.0,5.14
2394.00,-1490.97,-847.00,95.57,2.500,15.00,50.0,5.14
2395.00,-1488.48,-847.24,95.66,2.500,15.00,50.0,5.14
2396.00,-1486.00,-847.48,95.74,2.500,15.00,50.0,5.14
2397.00,-1483.51,-847.74,95.83,2.500,15.00,50.0,5.14
2398.00,-1481.02,-847.99,95.92,2.500,15.00,50.0,5.14
2399.00,-1478.54,-848.25,96.00,2.500,15.00,50.0,5.14
2400.00,-1476.05,-848.51,96.08,2.500,-35.00,50.0,4.57
2401.00,-1473.56,-848.77,96.14,2.500,-35.00,50.0,4.02
2402.00,-1471.08,-849.04,96.20,2.500,-35.00,50.0,3.48
2403.00,-1468.59,-849.31,96.25,2.500,-35.00,50.0,2.97
2404.00,-1466.11,-849.58,96.29,2.500,-35.00,50.0,2.47
2405.00,-1463.62,-849.86,96.33,2.500,-35.00,50.0,1.99
2406.00,-1461.14,-850.13,96.35,2.500,-35.00,50.0,1.52
2407.00,-1458.65,-850.41,96.37,2.500,-35.00,50.0,1.07
2408.00,-1456.17,-850.69,96.38,2.500,-35.00,50.0,0.63
2409.00,-1453.68,-850.96,96.38,2.500,-35.00,50.0,0.21
2410.00,-1451.20,-851.24,96.38,2.500,-35.00,50.0,-0.19
2411.00,-1448.71,-851.52,96.37,2.500,-35.00,50.0,-0.59
2412.00,-1446.23,-851.80,96.35,2.500,-35.00,50.0,-0.97
2413.00,-1443.75,-852.07,96.33,2.500,-35.00,50.0,-1.34
2414.00,-1441.26,-852.35,96.30,2.500,-35.00,50.0,-1.69
2415.00,-1438.78,-852.62,96.27,2.500,-35.00,50.0,-2.04
2416.00,-1436.29,-852.90,96.23,2.500,-35.00,50.0,-2.37
2417.00,-1433.81,-853.17,96.19,2.500,-35.00,50.0,-2.69
2418.00,-1431.32,-853.44,96.14,2.500,-35.00,50.0,-3.00
2419.00,-1428.83,-853.70,96.08,2.500,-35.00,50.0,-3.30
2420.00,-1426.35,-853.97,96.02,2.500,-35.00,50.0,-3.59
2421.00,-1423.86,-854.23,95.96,2.500,-35.00,50.0,-3.87
2422.00,-1421.38,-854.49,95.89,2.500,-35.00,50.0,-4.14
2423.00,-1418.89,-854.75,95.81,2.500,-35.00,50.0,-4.40
2424.00,-1416.40,-855.00,95.74,2.500,-35.00,50.0,-4.66
2425.00,-1413.91,-855.25,95.65,2.500,-35.00,50.0,-4.90
2426.00,-1411.43,-855.50,95.57,2.500,-35.00,50.0,-5.14
2427.00,-1408.94,-855.74,95.48,2.500,-35.00,50.0,-5.37
2428.00,-1406.45,-855.98,95.39,2.500,-35.00,50.0,-5.59
2429.00,-1403.96,-856.21,95.29,2.500,-35.00,50.0,-5.80
2430.00,-1401.47,-856.44,95.19,2.500,-35.00,50.0,-6.01
2431.00,-1398.98,-856.67,95.09,2.500,-35.00,50.0,-6.21
2432.00,-1396.49,-856.89,94.98,2.500,-35.00,50.0,-6.40
2433.00,-1394.00,-857.11,94.87,2.500,-35.00,50.0,-6.59
2434.00,-1391.51,-857.32,94.76,2.500,-35.00,50.0,-6.77
2435.00,-1389.02,-857.53,94.64,2.500,-35.00,50.0,-6.94
2436.00,-1386.53,-857.73,94.52,2.500,-35.00,50.0,-7.11
2437.00,-1384.03,-857.93,94.40,2.500,-35.00,50.0,-7.27
2438.00,-1381.54,-858.12,94.28,2.500,-35.00,50.0,-7.43
2439.00,-1379.05,-858.31,94.15,2.500,-35.00,50.0,-7.58
2440.00,-1376.56,-858.49,94.02,2.500,-35.00,50.0,-7.73
2441.00,-1374.06,-858.66,93.89,2.500,-35.00,50.0,-7.87
2442.00,-1371.57,-858.83,93.76,2.500,-35.00,50.0,-8.01
2443.00,-1369.07,-858.99,93.62,2.500,-35.00,50.0,-8.14
2444.00,-1366.58,-859.15,93.48,2.500,-35.00,50.0,-8.27
2445.00,-1364.08,-859.30,93.34,2.500,-35.00,50.0,-8.40
2446.00,-1361.59,-859.45,93.20,2.500,-35.00,50.0,-8.52
2447.00,-1359.09,-859.59,93.06,2.500,-35.00,50.0,-8.63
2448.00,-1356.59,-859.72,92.91,2.500,-35.00,50.0,-8.74
2449.00,-1354.10,-859.85,92.76,2.500,-35.00,50.0,-8.85
2450.00,-1351.60,-859.97,92.62,2.500,-35.00,50.0,-8.96
2451.00,-1349.10,-860.09,92.46,2.500,-35.00,50.0,-9.06
2452.00,-1346.60,-860.19,92.31,2.500,-35.00,50.0,-9.16
2453.00,-1344.11,-860.29,92.16,2.500,-35.00,50.0,-9.25
2454.00,-1341.61,-860.39,92.00,2.500,-35.00,50.0,-9.34
2455.00,-1339.11,-860.47,91.84,2.500,-35.00,50.0,-9.43
2456.00,-1336.61,-860.56,91.69,2.500,-35.00,50.0,-9.52
2457.00,-1334.11,-860.63,91.53,2.500,-35.00,50.0,-9.60
2458.00,-1331.61,-860.70,91.36,2.500,-35.00,50.0,-9.68
2459.00,-1329.11,-860.76,91.20,2.500,-35.00,50.0,-9.76
2460.00,-1326.61,-860.81,91.04,2.500,-35.00,50.0,-9.83
2461.00,-1324.11,-860.85,90.87,2.500,-35.00,50.0,-9.90
2462.00,-1321.62,-860.89,90.71,2.500,-35.00,50.0,-9.97
2463.00,-1319.12,-860.92,90.54,2.500,-35.00,50.0,-10.04
2464.00,-1316.62,-860.95,90.37,2.500,-35.00,50.0,-10.11
2465.00,-1314.12,-860.96,90.20,2.500,-35.00,50.0,-10.17
2466.00,-1311.62,-860.97,90.03,2.500,-35.00,50.0,-10.23
2467.00,-1309.12,-860.97,89.86,2.500,-35.00,50.0,-10.29
2468.00,-1306.62,-860.97,89.69,2.500,-35.00,50.0,-10.35
2469.00,-1304.12,-860.95,89.51,2.500,-35.00,50.0,-10.40
2470.00,-1301.62,-860.93,89.34,2.500,-35.00,50.0,-10.46
2471.00,-1299.12,-860.90,89.16,2.500,-35.00,50.0,-10.51
2472.00,-1296.62,-860.87,88.99,2.500,-35.00,50.0,-10.56
2473.00,-1294.12,-860.82,88.81,2.500,-35.00,50.0,-10.61
2474.00,-1291.62,-860.77,88.63,2.500,-35.00,50.0,-10.65
2475.00,-1289.12,-860.71,88.46,2.500,-35.00,50.0,-10.70
2476.00,-1286.62,-860.64,88.28,2.500,-35.00,50.0,-10.74
2477.00,-1284.12,-860.57,88.10,2.500,-35.00,50.0,-10.78
2478.00,-1281.62,-860.48,87.92,2.500,-35.00,50.0,-10.82
2479.00,-1279.12,-860.39,87.74,2.500,-35.00,50.0,-10.86
2480.00,-1276.62,-860.29,87.55,2.500,-35.00,50.0,-10.90
2481.00,-1274.13,-860.19,87.37,2.500,-35.00,50.0,-10.94
2482.00,-1271.63,-860.07,87.19,2.500,-35.00,50.0,-10.97
2483.00,-1269.13,-859.95,87.01,2.500,-35.00,50.0,-11.01
2484.00,-1266.64,-859.82,86.82,2.500,-35.00,50.0,-11.04
2485.00,-1264.14,-859.68,86.64,2.500,-35.00,50.0,-11.07
2486.00,-1261.64,-859.53,86.45,2.500,-35.00,50.0,-11.10
2487.00,-1259.15,-859.38,86.27,2.500,-35.00,50.0,-11.13
2488.00,-1256.65,-859.22,86.08,2.500,-35.00,50.0,-11.16
2489.00,-1254.16,-859.05,85.89,2.500,-35.00,50.0,-11.19
2490.00,-1251.67,-858.87,85.71,2.500,-35.00,50.0,-11.22
2491.00,-1249.17,-858.68,85.52,2.500,-35.00,50.0,-11.24
2492.00,-1246.68,-858.48,85.33,2.500,-35.00,50.0,-11.27
2493.00,-1244.19,-858.28,85.14,2.500,-35.00,50.0,-11.29
2494.00,-1241.70,-858.07,84.95,2.500,-35.00,50.0,-11.32
2495.00,-1239.21,-857.85,84.77,2.500,-35.00,50.0,-11.34
2496.00,-1236.72,-857.62,84.58,2.500,-35.00,50.0,-11.36
2497.00,-1234.23,-857.39,84.39,2.500,-35.00,50.0,-11.38
2498.00,-1231.74,-857.14,84.20,2.500,-35.00,50.0,-11.40
2499.00,-1229.25,-856.89,84.01,2.500,-35.00,50.0,-11.42
2500.00,-1226.77,-856.63,83.82,2.500,-35.00,50.0,-11.44
2501.00,-1224.28,-856.36,83.62,2.500,-35.00,50.0,-11.46
2502.00,-1221.80,-856.08,83.43,2.500,-35.00,50.0,-11.48
2503.00,-1219.31,-855.79,83.24,2.500,-35.00,50.0,-11.50
2504.00,-1216.83,-855.50,83.05,2.500,-35.00,50.0,-11.51
2505.00,-1214.35,-855.20,82.86,2.500,-35.00,50.0,-11.53
2506.00,-1211.87,-854.89,82.67,2.500,-35.00,50.0,-11.54
2507.00,-1209.39,-854.57,82.47,2.500,-35.00,50.0,-11.56
2508.00,-1206.91,-854.24,82.28,2.500,-35.00,50.0,-11.57
2509.00,-1204.43,-853.90,82.09,2.500,-35.00,50.0,-11.59
2510.00,-1201.96,-853.56,81.89,2.500,-35.00,50.0,-11.60
2511.00,-1199.48,-853.21,81.70,2.500,-35.00,50.0,-11.62
2512.00,-1197.01,-852.85,81.51,2.500,-35.00,50.0,-11.63
2513.00,-1194.54,-852.48,81.31,2.500,-35.00,50.0,-11.64
2514.00,-1192.07,-852.10,81.12,2.500,-35.00,50.0,-11.65
2515.00,-1189.60,-851.71,80.92,2.500,-35.00,50.0,-11.66
2516.00,-1187.13,-851.32,80.73,2.500,-35.00,50.0,-11.68
2517.00,-1184.66,-850.92,80.53,2.500,-35.00,50.0,-11.69
2518.00,-1182.19,-850.51,80.34,2.500,-35.00,50.0,-11.70
2519.00,-1179.73,-850.09,80.14,2.500,-35.00,50.0,-11.71
2520.00,-1177.27,-849.66,79.95,2.500,-35.00,50.0,-11.72
2521.00,-1174.80,-849.22,79.75,2.500,-35.00,50.0,-11.73
2522.00,-1172.34,-848.78,79.56,2.500,-35.00,50.0,-11.74
2523.00,-1169.89,-848.32,79.36,2.500,-35.00,50.0,-11.74
2524.00,-1167.43,-847.86,79.17,2.500,-35.00,50.0,-11.75
2525.00,-1164.97,-847.39,78.97,2.500,-35.00,50.0,-11.76
2526.00,-1162.52,-846.91,78.77,2.500,-35.00,50.0,-11.77
2527.00,-1160.07,-846.43,78.58,2.500,-35.00,50.0,-11.78
2528.00,-1157.62,-845.93,78.38,2.500,-35.00,50.0,-11.78
2529.00,-1155.17,-845.43,78.18,2.500,-35.00,50.0,-11.79
2530.00,-1152.72,-844.92,77.99,2.500,-35.00,50.0,-11.80
2531.00,-1150.28,-844.40,77.79,2.500,-35.00,50.0,-11.80
2532.00,-1147.83,-843.87,77.59,2.500,-35.00,50.0,-11.81
2533.00,-1145.39,-843.33,77.40,2.500,-35.00,50.0,-11.82
2534.00,-1142.95,-842.79,77.20,2.500,-35.00,50.0,-11.82
2535.00,-1140.51,-842.23,77.00,2.500,-35.00,50.0,-11.83
2536.00,-1138.08,-841.67,76.81,2.500,-35.00,50.0,-11.84
2537.00,-1135.64,-841.10,76.61,2.500,-35.00,50.0,-11.84
2538.00,-1133.21,-840.52,76.41,2.500,-35.00,50.0,-11.85
2539.00,-1130.78,-839.93,76.21,2.500,-35.00,50.0,-11.85
2540.00,-1128.35,-839.34,76.02,2.500,-35.00,50.0,-11.86
2541.00,-1125.93,-838.73,75.82,2.500,-35.00,50.0,-11.86
2542.00,-1123.50,-838.12,75.62,2.500,-35.00,50.0,-11.87
2543.00,-1121.08,-837.50,75.42,2.500,-35.00,50.0,-11.87
2544.00,-1118.66,-836.87,75.22,2.500,-35.00,50.0,-11.87
2545.00,-1116.24,-836.23,75.03,2.500,-35.00,50.0,-11.88
2546.00,-1113.83,-835.59,74.83,2.500,-35.00,50.0,-11.88
2547.00,-1111.42,-834.93,74.63,2.500,-35.00,50.0,-11.89
2548.00,-1109.01,-834.27,74.43,2.500,-35.00,50.0,-11.89
2549.00,-1106.60,-833.60,74.23,2.500,-35.00,50.0,-11.89
2550.00,-1104.19,-832.92,74.04,2.500,-35.00,50.0,-11.90
2551.00,-1101.79,-832.23,73.84,2.500,-35.00,50.0,-11.90
2552.00,-1099.39,-831.54,73.64,2.500,-35.00,50.0,-11.90
2553.00,-1096.99,-830.83,73.44,2.500,-35.00,50.0,-11.91
2554.00,-1094.59,-830.12,73.24,2.500,-35.00,50.0,-11.91
2555.00,-1092.20,-829.40,73.04,2.500,-35.00,50.0,-11.91
2556.00,-1089.81,-828.67,72.85,2.500,-35.00,50.0,-11.92
2557.00,-1087.42,-827.93,72.65,2.500,-35.00,50.0,-11.92
2558.00,-1085.03,-827.19,72.45,2.500,-35.00,50.0,-11.92
2559.00,-1082.65,-826.43,72.25,2.500,-35.00,50.0,-11.92
2560.00,-1080.27,-825.67,72.05,2.500,-35.00,50.0,-11.93
2561.00,-1077.89,-824.90,71.85,2.500,-35.00,50.0,-11.93
2562.00,-1075.51,-824.12,71.65,2.500,-35.00,50.0,-11.93
2563.00,-1073.14,-823.33,71.45,2.500,-35.00,50.0,-11.93
2564.00,-1070.77,-822.54,71.25,2.500,-35.00,50.0,-11.94
2565.00,-1068.40,-821.74,71.06,2.500,-35.00,50.0,-11.94
2566.00,-1066.04,-820.92,70.86,2.500,-35.00,50.0,-11.94
2567.00,-1063.68,-820.10,70.66,2.500,-35.00,50.0,-11.94
2568.00,-1061.32,-819.28,70.46,2.500,-35.00,50.0,-11.94
2569.00,-1058.96,-818.44,70.26,2.500,-35.00,50.0,-11.95
2570.00,-1056.61,-817.60,70.06,2.500,-35.00,50.0,-11.95
2571.00,-1054.26,-816.74,69.86,2.500,-35.00,50.0,-11.95
2572.00,-1051.91,-815.88,69.66,2.500,-35.00,50.0,-11.95
2573.00,-1049.57,-815.01,69.46,2.500,-35.00,50.0,-11.95
2574.00,-1047.23,-814.14,69.26,2.500,-35.00,50.0,-11.95
2575.00,-1044.89,-813.25,69.06,2.500,-35.00,50.0,-11.96
2576.00,-1042.55,-812.36,68.87,2.500,-35.00,50.0,-11.96
2577.00,-1040.22,-811.46,68.67,2.500,-35.00,50.0,-11.96
2578.00,-1037.89,-810.55,68.47,2.500,-35.00,50.0,-11.96
2579.00,-1035.57,-809.63,68.27,2.500,-35.00,50.0,-11.96
2580.00,-1033.24,-808.70,68.07,2.500,-35.00,50.0,-11.96
2581.00,-1030.93,-807.77,67.87,2.500,-35.00,50.0,-11.96
2582.00,-1028.61,-806.83,67.67,2.500,-35.00,50.0,-11.97
2583.00,-1026.30,-805.88,67.47,2.500,-35.00,50.0,-11.97
2584.00,-1023.99,-804.92,67.27,2.500,-35.00,50.0,-11.97
2585.00,-1021.68,-803.95,67.07,2.500,-35.00,50.0,-11.97
2586.00,-1019.38,-802.98,66.87,2.500,-35.00,50.0,-11.97
2587.00,-1017.08,-802.00,66.67,2.500,-35.00,50.0,-11.97
2588.00,-1014.79,-801.01,66.47,2.500,-35.00,50.0,-11.97
2589.00,-1012.49,-800.01,66.27,2.500,-35.00,50.0,-11.97
2590.00,-1010.20,-799.00,66.07,2.500,-35.00,50.0,-11.97
2591.00,-1007.92,-797.99,65.87,2.500,-35.00,50.0,-11.97
2592.00,-1005.64,-796.97,65.67,2.500,-35.00,50.0,-11.98
2593.00,-1003.36,-795.94,65.47,2.500,-35.00,50.0,-11.98
2594.00,-1001.08,-794.90,65.27,2.500,-35.00,50.0,-11.98
2595.00,-998.81,-793.86,65.07,2.500,-35.00,50.0,-11.98
2596.00,-996.55,-792.80,64.88,2.500,-35.00,50.0,-11.98
2597.00,-994.28,-791.74,64.68,2.500,-35.00,50.0,-11.98
2598.00,-992.02,-790.67,64.48,2.500,-35.00,50.0,-11.98
2599.00,-989.77,-789.59,64.28,2.500,-35.00,50.0,-11.98
2600.00,-987.52,-788.51,64.08,2.500,-35.00,50.0,-11.98
2601.00,-985.27,-787.42,63.88,2.500,-35.00,50.0,-11.98
2602.00,-983.02,-786.31,63.68,2.500,-35.00,50.0,-11.98
2603.00,-980.78,-785.21,63.48,2.500,-35.00,50.0,-11.98
2604.00,-978.54,-784.09,63.28,2.500,-35.00,50.0,-11.98
2605.00,-976.31,-782.97,63.08,2.500,-35.00,50.0,-11.98
2606.00,-974.08,-781.83,62.88,2.500,-35.00,50.0,-11.98
2607.00,-971.86,-780.69,62.68,2.500,-35.00,50.0,-11.99
2608.00,-969.64,-779.55,62.48,2.500,-35.00,50.0,-11.99
2609.00,-967.42,-778.39,62.28,2.500,-35.00,50.0,-11.99
2610.00,-965.21,-777.23,62.08,2.500,-35.00,50.0,-11.99
2611.00,-963.00,-776.06,61.88,2.500,-35.00,50.0,-11.99
2612.00,-960.79,-774.88,61.68,2.500,-35.00,50.0,-11.99
2613.00,-958.59,-773.69,61.48,2.500,-35.00,50.0,-11.99
2614.00,-956.40,-772.50,61.28,2.500,-35.00,50.0,-11.99
2615.00,-954.20,-771.30,61.08,2.500,-35.00,50.0,-11.99
2616.00,-952.01,-770.09,60.88,2.500,-35.00,50.0,-11.99
2617.00,-949.83,-768.87,60.68,2.500,-35.00,50.0,-11.99
2618.00,-947.65,-767.65,60.48,2.500,-35.00,50.0,-11.99
2619.00,-945.48,-766.42,60.28,2.500,-35.00,50.0,-11.99
2620.00,-943.30,-765.18,60.08,2.500,-35.00,50.0,-11.99
2621.00,-941.14,-763.93,59.88,2.500,-35.00,50.0,-11.99
2622.00,-938.97,-762.68,59.68,2.500,-35.00,50.0,-11.99
2623.00,-936.82,-761.41,59.48,2.500,-35.00,50.0,-11.99
2624.00,-934.66,-760.14,59.28,2.500,-35.00,50.0,-11.99
2625.00,-932.51,-758.87,59.08,2.500,-35.00,50.0,-11.99
2626.00,-930.37,-757.58,58.88,2.500,-35.00,50.0,-11.99
2627.00,-928.23,-756.29,58.68,2.500,-35.00,50.0,-11.99
2628.00,-926.09,-754.99,58.48,2.500,-35.00,50.0,-11.99
2629.00,-923.96,-753.68,58.28,2.500,-35.00,50.0,-11.99
2630.00,-921.84,-752.37,58.08,2.500,-35.00,50.0,-11.99
2631.00,-919.71,-751.05,57.88,2.500,-35.00,50.0,-11.99
2632.00,-917.60,-749.72,57.68,2.500,-35.00,50.0,-11.99
2633.00,-915.48,-748.38,57.48,2.500,-35.00,50.0,-11.99
2634.00,-913.37,-747.04,57.28,2.500,-35.00,50.0,-11.99
2635.00,-911.27,-745.69,57.08,2.500,-35.00,50.0,-11.99
2636.00,-909.17,-744.33,56.88,2.500,-35.00,50.0,-11.99
2637.00,-907.08,-742.96,56.68,2.500,-35.00,50.0,-11.99
2638.00,-904.99,-741.59,56.48,2.500,-35.00,50.0,-11.99
2639.00,-902.91,-740.21,56.28,2.500,-35.00,50.0,-11.99
2640.00,-900.83,-738.82,56.08,2.500,-35.00,50.0,-12.00
2641.00,-898.75,-737.43,55.88,2.500,-35.00,50.0,-12.00
2642.00,-896.68,-736.02,55.68,2.500,-35.00,50.0,-12.00
2643.00,-894.62,-734.62,55.48,2.500,-35.00,50.0,-12.00
2644.00,-892.56,-733.20,55.28,2.500,-35.00,50.0,-12.00
2645.00,-890.50,-731.78,55.08,2.500,-35.00,50.0,-12.00
2646.00,-888.45,-730.34,54.88,2.500,-35.00,50.0,-12.00
2647.00,-886.41,-728.91,54.68,2.500,-35.00,50.0,-12.00
2648.00,-884.37,-727.46,54.48,2.500,-35.00,50.0,-12.00
2649.00,-882.33,-726.01,54.28,2.500,-35.00,50.0,-12.00
2650.00,-880.30,-724.55,54.08,2.500,-35.00,50.0,-12.00
2651.00,-878.28,-723.08,53.88,2.500,-35.00,50.0,-12.00
2652.00,-876.26,-721.61,53.68,2.500,-35.00,50.0,-12.00
2653.00,-874.24,-720.13,53.48,2.500,-35.00,50.0,-12.00
2654.00,-872.23,-718.64,53.28,2.500,-35.00,50.0,-12.00
2655.00,-870.23,-717.15,53.08,2.500,-35.00,50.0,-12.00
2656.00,-868.23,-715.64,52.88,2.500,-35.00,50.0,-12.00
2657.00,-866.24,-714.14,52.68,2.500,-35.00,50.0,-12.00
2658.00,-864.25,-712.62,52.48,2.500,-35.00,50.0,-12.00
2659.00,-862.27,-711.10,52.28,2.500,-35.00,50.0,-12.00
2660.00,-860.29,-709.57,52.08,2.500,-35.00,50.0,-12.00
2661.00,-858.32,-708.03,51.88,2.500,-35.00,50.0,-12.00
2662.00,-856.35,-706.49,51.68,2.500,-35.00,50.0,-12.00
2663.00,-854.39,-704.94,51.48,2.500,-35.00,50.0,-12.00
2664.00,-852.43,-703.38,51.28,2.500,-35.00,50.0,-12.00
2665.00,-850.48,-701.82,51.08,2.500,-35.00,50.0,-12.00
2666.00,-848.54,-700.25,50.88,2.500,-35.00,50.0,-12.00
2667.00,-846.60,-698.67,50.68,2.500,-35.00,50.0,-12.00
2668.00,-844.66,-697.09,50.48,2.500,-35.00,50.0,-12.00
2669.00,-842.73,-695.50,50.28,2.500,-35.00,50.0,-12.00
2670.00,-840.81,-693.90,50.08,2.500,-35.00,50.0,-12.00
2671.00,-838.89,-692.30,49.88,2.500,-35.00,50.0,-12.00
2672.00,-836.98,-690.68,49.68,2.500,-35.00,50.0,-12.00
2673.00,-835.08,-689.07,49.48,2.500,-35.00,50.0,-12.00
2674.00,-833.17,-687.44,49.28,2.500,-35.00,50.0,-12.00
2675.00,-831.28,-685.81,49.08,2.500,-35.00,50.0,-12.00
2676.00,-829.39,-684.17,48.89,2.500,-35.00,50.0,-12.00
2677.00,-827.51,-682.53,48.69,2.500,-35.00,50.0,-12.00
2678.00,-825.63,-680.88,48.49,2.500,-35.00,50.0,-12.00
2679.00,-823.76,-679.22,48.29,2.500,-35.00,50.0,-12.00
2680.00,-821.89,-677.56,48.09,2.500,-35.00,50.0,-12.00
2681.00,-820.03,-675.89,47.89,2.500,-35.00,50.0,-12.00
2682.00,-818.18,-674.21,47.69,2.500,-35.00,50.0,-12.00
2683.00,-816.33,-672.53,47.49,2.500,-35.00,50.0,-12.00
2684.00,-814.49,-670.84,47.29,2.500,-35.00,50.0,-12.00
2685.00,-812.65,-669.14,47.09,2.500,-35.00,50.0,-12.00
2686.00,-810.82,-667.44,46.89,2.500,-35.00,50.0,-12.00
2687.00,-808.99,-665.73,46.69,2.500,-35.00,50.0,-12.00
2688.00,-807.17,-664.02,46.49,2.500,-35.00,50.0,-12.00
2689.00,-805.36,-662.30,46.29,2.500,-35.00,50.0,-12.00
2690.00,-803.55,-660.57,46.09,2.500,-35.00,50.0,-12.00
2691.00,-801.75,-658.84,45.89,2.500,-35.00,50.0,-12.00
2692.00,-799.96,-657.10,45.69,2.500,-35.00,50.0,-12.00
2693.00,-798.17,-655.35,45.49,2.500,-35.00,50.0,-12.00
2694.00,-796.39,-653.60,45.29,2.500,-35.00,50.0,-12.00
2695.00,-794.61,-651.84,45.09,2.500,-35.00,50.0,-12.00
2696.00,-792.84,-650.07,44.89,2.500,-35.00,50.0,-12.00
2697.00,-791.07,-648.30,44.69,2.500,-35.00,50.0,-12.00
2698.00,-789.32,-646.52,44.49,2.500,-35.00,50.0,-12.00
2699.00,-787.57,-644.74,44.29,2.500,-35.00,50.0,-12.00
2700.00,-785.82,-642.95,44.09,2.500,-35.00,50.0,-12.00
2701.00,-784.08,-641.15,43.89,2.500,-35.00,50.0,-12.00
2702.00,-782.35,-639.35,43.69,2.500,-35.00,50.0,-12.00
2703.00,-780.62,-637.54,43.49,2.500,-35.00,50.0,-12.00
2704.00,-778.90,-635.73,43.29,2.500,-35.00,50.0,-12.00
2705.00,-777.19,-633.91,43.09,2.500,-35.00,50.0,-12.00
2706.00,-775.48,-632.09,42.89,2.500,-35.00,50.0,-12.00
2707.00,-773.78,-630.25,42.69,2.500,-35.00,50.0,-12.00
2708.00,-772.08,-628.42,42.49,2.500,-35.00,50.0,-12.00
2709.00,-770.39,-626.57,42.29,2.500,-35.00,50.0,-12.00
2710.00,-768.71,-624.72,42.09,2.500,-35.00,50.0,-12.00
2711.00,-767.04,-622.87,41.89,2.500,-35.00,50.0,-12.00
2712.00,-765.37,-621.01,41.69,2.500,-35.00,50.0,-12.00
2713.00,-763.70,-619.14,41.49,2.500,-35.00,50.0,-12.00
2714.00,-762.05,-617.27,41.29,2.500,-35.00,50.0,-12.00
2715.00,-760.40,-615.39,41.09,2.500,-35.00,50.0,-12.00
2716.00,-758.76,-613.50,40.89,2.500,-35.00,50.0,-12.00
2717.00,-757.12,-611.61,40.69,2.500,-35.00,50.0,-12.00
2718.00,-755.49,-609.72,40.49,2.500,-35.00,50.0,-12.00
2719.00,-753.87,-607.82,40.29,2.500,-30.00,50.0,-11.94
2720.00,-752.25,-605.91,40.09,2.500,-30.00,50.0,-11.89
2721.00,-750.64,-604.00,39.89,2.500,-30.00,50.0,-11.83
2722.00,-749.04,-602.08,39.69,2.500,-30.00,50.0,-11.78
2723.00,-747.44,-600.15,39.50,2.500,-30.00,50.0,-11.73
2724.00,-745.85,-598.23,39.30,2.500,-30.00,50.0,-11.68
2725.00,-744.27,-596.29,39.11,2.500,-30.00,50.0,-11.64
2726.00,-742.69,-594.35,38.92,2.500,-30.00,50.0,-11.59
2727.00,-741.12,-592.41,38.72,2.500,-30.00,50.0,-11.55
2728.00,-739.55,-590.46,38.53,2.500,-30.00,50.0,-11.51
2729.00,-738.00,-588.50,38.34,2.500,-30.00,50.0,-11.47
2730.00,-736.45,-586.54,38.15,2.500,-30.00,50.0,-11.43
2731.00,-734.90,-584.57,37.96,2.500,-30.00,50.0,-11.39
2732.00,-733.36,-582.60,37.77,2.500,-25.00,50.0,-11.29
2733.00,-731.83,-580.63,37.59,2.500,-25.00,50.0,-11.20
2734.00,-730.31,-578.64,37.40,2.500,-25.00,50.0,-11.12
2735.00,-728.79,-576.66,37.22,2.500,-25.00,50.0,-11.03
2736.00,-727.28,-574.67,37.04,2.500,-25.00,50.0,-10.95
2737.00,-725.77,-572.67,36.85,2.500,-25.00,50.0,-10.87
2738.00,-724.27,-570.67,36.67,2.500,-25.00,50.0,-10.79
2739.00,-722.78,-568.67,36.50,2.500,-25.00,50.0,-10.72
2740.00,-721.29,-566.66,36.32,2.500,-25.00,50.0,-10.65
2741.00,-719.81,-564.64,36.14,2.500,-25.00,50.0,-10.58
2742.00,-718.34,-562.62,35.97,2.500,-25.00,50.0,-10.51
2743.00,-716.87,-560.60,35.79,2.500,-25.00,50.0,-10.45
2744.00,-715.41,-558.57,35.62,2.500,-25.00,50.0,-10.38
2745.00,-713.95,-556.54,35.45,2.500,-25.00,50.0,-10.32
2746.00,-712.50,-554.50,35.28,2.500,-20.00,50.0,-10.21
2747.00,-711.06,-552.46,35.11,2.500,-20.00,50.0,-10.10
2748.00,-709.62,-550.42,34.94,2.500,-20.00,50.0,-9.99
2749.00,-708.19,-548.37,34.78,2.500,-20.00,50.0,-9.88
2750.00,-706.76,-546.31,34.61,2.500,-20.00,50.0,-9.78
2751.00,-705.34,-544.26,34.45,2.500,-20.00,50.0,-9.69
2752.00,-703.93,-542.20,34.29,2.500,-20.00,50.0,-9.59
2753.00,-702.52,-540.13,34.13,2.500,-20.00,50.0,-9.50
2754.00,-701.12,-538.06,33.98,2.500,-20.00,50.0,-9.41
2755.00,-699.72,-535.99,33.82,2.500,-20.00,50.0,-9.33
2756.00,-698.33,-533.91,33.67,2.500,-20.00,50.0,-9.24
2757.00,-696.94,-531.83,33.52,2.500,-20.00,50.0,-9.17
2758.00,-695.56,-529.75,33.36,2.500,-20.00,50.0,-9.09
2759.00,-694.19,-527.66,33.21,2.500,-20.00,50.0,-9.01
2760.00,-692.82,-525.57,33.07,2.500,-15.00,50.0,-8.88
2761.00,-691.45,-523.47,32.92,2.500,-15.00,50.0,-8.76
2762.00,-690.09,-521.37,32.78,2.500,-15.00,50.0,-8.64
2763.00,-688.74,-519.27,32.63,2.500,-15.00,50.0,-8.52
2764.00,-687.39,-517.17,32.49,2.500,-15.00,50.0,-8.41
2765.00,-686.05,-515.06,32.36,2.500,-15.00,50.0,-8.30
2766.00,-684.71,-512.95,32.22,2.500,-15.00,50.0,-8.20
2767.00,-683.38,-510.83,32.08,2.500,-15.00,50.0,-8.09
2768.00,-682.05,-508.71,31.95,2.500,-15.00,50.0,-8.00
2769.00,-680.73,-506.59,31.82,2.500,-15.00,50.0,-7.90
2770.00,-679.41,-504.47,31.69,2.500,-15.00,50.0,-7.81
2771.00,-678.10,-502.34,31.56,2.500,-15.00,50.0,-7.72
2772.00,-676.79,-500.21,31.43,2.500,-10.00,50.0,-7.58
2773.00,-675.48,-498.08,31.31,2.500,-10.00,50.0,-7.44
2774.00,-674.18,-495.94,31.19,2.500,-10.00,50.0,-7.31
2775.00,-672.89,-493.80,31.07,2.500,-10.00,50.0,-7.18
2776.00,-671.60,-491.66,30.95,2.500,-10.00,50.0,-7.05
2777.00,-670.31,-489.52,30.84,2.500,-10.00,50.0,-6.93
2778.00,-669.03,-487.37,30.72,2.500,-10.00,50.0,-6.81
2779.00,-667.75,-485.22,30.61,2.500,-10.00,50.0,-6.70
2780.00,-666.48,-483.07,30.50,2.500,-10.00,50.0,-6.59
2781.00,-665.21,-480.91,30.39,2.500,-10.00,50.0,-6.49
2782.00,-663.95,-478.76,30.29,2.500,-10.00,50.0,-6.38
2783.00,-662.69,-476.60,30.18,2.500,-10.00,50.0,-6.29
2784.00,-661.43,-474.44,30.08,2.500,-10.00,50.0,-6.19
2785.00,-660.18,-472.27,29.98,2.500,-5.00,50.0,-6.04
2786.00,-658.93,-470.11,29.88,2.500,-5.00,50.0,-5.90
2787.00,-657.68,-467.94,29.78,2.500,-5.00,50.0,-5.76
2788.00,-656.44,-465.77,29.69,2.500,-5.00,50.0,-5.62
2789.00,-655.20,-463.60,29.60,2.500,-5.00,50.0,-5.49
2790.00,-653.97,-461.43,29.51,2.500,-5.00,50.0,-5.37
2791.00,-652.74,-459.25,29.42,2.500,-5.00,50.0,-5.24
2792.00,-651.51,-457.07,29.34,2.500,-5.00,50.0,-5.13
2793.00,-650.28,-454.89,29.25,2.500,-5.00,50.0,-5.01
2794.00,-649.06,-452.71,29.17,2.500,-5.00,50.0,-4.90
2795.00,-647.84,-450.53,29.09,2.500,-5.00,50.0,-4.80
2796.00,-646.63,-448.34,29.01,2.500,-5.00,50.0,-4.69
2797.00,-645.42,-446.16,28.94,2.500,-5.00,50.0,-4.60
2798.00,-644.21,-443.97,28.86,2.500,-5.00,50.0,-4.50
2799.00,-643.00,-441.78,28.79,2.500,-5.00,50.0,-4.41
2800.00,-641.80,-439.59,28.71,2.500,-5.00,50.0,-4.32
2801.00,-640.59,-437.40,28.65,2.500,0.00,50.0,-4.17
2802.00,-639.40,-435.20,28.58,2.500,0.00,50.0,-4.03
2803.00,-638.20,-433.01,28.51,2.500,0.00,50.0,-3.90
2804.00,-637.01,-430.81,28.45,2.500,0.00,50.0,-3.77
2805.00,-635.82,-428.61,28.39,2.500,0.00,50.0,-3.64
2806.00,-634.63,-426.41,28.33,2.500,0.00,50.0,-3.52
2807.00,-633.44,-424.21,28.27,2.500,0.00,50.0,-3.40
2808.00,-632.26,-422.01,28.22,2.500,0.00,50.0,-3.29
2809.00,-631.07,-419.81,28.17,2.500,0.00,50.0,-3.18
2810.00,-629.89,-417.60,28.12,2.500,0.00,50.0,-3.08
2811.00,-628.72,-415.40,28.07,2.500,0.00,50.0,-2.97
2812.00,-627.54,-413.19,28.02,2.500,0.00,50.0,-2.87
2813.00,-626.37,-410.99,27.97,2.500,0.00,50.0,-2.78
2814.00,-625.19,-408.78,27.93,2.500,0.00,50.0,-2.69
2815.00,-624.02,-406.57,27.88,2.500,0.00,50.0,-2.60
2816.00,-622.85,-404.36,27.84,2.500,0.00,50.0,-2.51
2817.00,-621.69,-402.15,27.80,2.500,0.00,50.0,-2.43
2818.00,-620.52,-399.94,27.76,2.500,0.00,50.0,-2.34
2819.00,-619.36,-397.73,27.72,2.500,0.00,50.0,-2.27
2820.00,-618.19,-395.51,27.69,2.500,0.00,50.0,-2.19
2821.00,-617.03,-393.30,27.65,2.500,0.00,50.0,-2.12
2822.00,-615.87,-391.08,27.62,2.500,0.00,50.0,-2.05
2823.00,-614.71,-388.87,27.59,2.500,0.00,50.0,-1.98
2824.00,-613.55,-386.65,27.55,2.500,0.00,50.0,-1.91
2825.00,-612.40,-384.44,27.52,2.500,0.00,50.0,-1.85
2826.00,-611.24,-382.22,27.49,2.500,0.00,50.0,-1.79
2827.00,-610.09,-380.00,27.46,2.500,0.00,50.0,-1.73
2828.00,-608.93,-377.78,27.44,2.500,0.00,50.0,-1.67
2829.00,-607.78,-375.56,27.41,2.500,0.00,50.0,-1.61
2830.00,-606.63,-373.35,27.38,2.500,0.00,50.0,-1.56
2831.00,-605.48,-371.13,27.36,2.500,0.00,50.0,-1.51
2832.00,-604.33,-368.91,27.33,2.500,0.00,50.0,-1.46
2833.00,-603.19,-366.68,27.31,2.500,0.00,50.0,-1.41
2834.00,-602.04,-364.46,27.29,2.500,0.00,50.0,-1.36
2835.00,-600.89,-362.24,27.27,2.500,0.00,50.0,-1.32
2836.00,-599.75,-360.02,27.24,2.500,0.00,50.0,-1.27
2837.00,-598.60,-357.80,27.22,2.500,0.00,50.0,-1.23
2838.00,-597.46,-355.57,27.20,2.500,0.00,50.0,-1.19
2839.00,-596.32,-353.35,27.18,2.500,0.00,50.0,-1.15
2840.00,-595.17,-351.13,27.17,2.500,0.00,50.0,-1.11
2841.00,-594.03,-348.90,27.15,2.500,0.00,50.0,-1.08
2842.00,-592.89,-346.68,27.13,2.500,0.00,50.0,-1.04
2843.00,-591.75,-344.45,27.11,2.500,0.00,50.0,-1.00
2844.00,-590.61,-342.23,27.10,2.500,0.00,50.0,-0.97
2845.00,-589.47,-340.00,27.08,2.500,0.00,50.0,-0.94
2846.00,-588.34,-337.78,27.07,2.500,0.00,50.0,-0.91
2847.00,-587.20,-335.55,27.05,2.500,0.00,50.0,-0.88
2848.00,-586.06,-333.32,27.04,2.500,0.00,50.0,-0.85
2849.00,-584.92,-331.10,27.02,2.500,0.00,50.0,-0.82
2850.00,-583.79,-328.87,27.01,2.500,0.00,50.0,-0.79
2851.00,-582.65,-326.64,27.00,2.500,0.00,50.0,-0.77
2852.00,-581.52,-324.41,26.99,2.500,0.00,50.0,-0.74
2853.00,-580.38,-322.19,26.97,2.500,0.00,50.0,-0.72
2854.00,-579.25,-319.96,26.96,2.500,0.00,50.0,-0.69
2855.00,-578.12,-317.73,26.95,2.500,0.00,50.0,-0.67
2856.00,-576.98,-315.50,26.94,2.500,0.00,50.0,-0.65
2857.00,-575.85,-313.27,26.93,2.500,0.00,50.0,-0.63
2858.00,-574.72,-311.04,26.92,2.500,0.00,50.0,-0.60
2859.00,-573.59,-308.82,26.91,2.500,0.00,50.0,-0.58
2860.00,-572.45,-306.59,26.90,2.500,0.00,50.0,-0.56
2861.00,-571.32,-304.36,26.89,2.500,0.00,50.0,-0.55
2862.00,-570.19,-302.13,26.88,2.500,0.00,50.0,-0.53
2863.00,-569.06,-299.90,26.88,2.500,0.00,50.0,-0.51
2864.00,-567.93,-297.67,26.87,2.500,0.00,50.0,-0.49
2865.00,-566.80,-295.44,26.86,2.500,0.00,50.0,-0.48
2866.00,-565.67,-293.21,26.85,2.500,0.00,50.0,-0.46
2867.00,-564.54,-290.98,26.84,2.500,0.00,50.0,-0.45
2868.00,-563.41,-288.75,26.84,2.500,0.00,50.0,-0.43
2869.00,-562.29,-286.51,26.83,2.500,0.00,50.0,-0.42
2870.00,-561.16,-284.28,26.82,2.500,0.00,50.0,-0.40
2871.00,-560.03,-282.05,26.82,2.500,0.00,50.0,-0.39
2872.00,-558.90,-279.82,26.81,2.500,0.00,50.0,-0.38
2873.00,-557.77,-277.59,26.80,2.500,0.00,50.0,-0.36
2874.00,-556.65,-275.36,26.80,2.500,0.00,50.0,-0.35
2875.00,-555.52,-273.13,26.79,2.500,0.00,50.0,-0.34
2876.00,-554.39,-270.90,26.79,2.500,0.00,50.0,-0.33
2877.00,-553.27,-268.66,26.78,2.500,0.00,50.0,-0.32
2878.00,-552.14,-266.43,26.78,2.500,0.00,50.0,-0.31
2879.00,-551.01,-264.20,26.77,2.500,0.00,50.0,-0.30
2880.00,-549.89,-261.97,26.77,2.500,0.00,50.0,-0.29
2881.00,-548.76,-259.74,26.76,2.500,0.00,50.0,-0.28
2882.00,-547.64,-257.50,26.76,2.500,0.00,50.0,-0.27
2883.00,-546.51,-255.27,26.75,2.500,0.00,50.0,-0.26
2884.00,-545.38,-253.04,26.75,2.500,0.00,50.0,-0.25
2885.00,-544.26,-250.81,26.75,2.500,0.00,50.0,-0.24
2886.00,-543.13,-248.57,26.74,2.500,0.00,50.0,-0.23
2887.00,-542.01,-246.34,26.74,2.500,0.00,50.0,-0.23
2888.00,-540.88,-244.11,26.73,2.500,0.00,50.0,-0.22
2889.00,-539.76,-241.88,26.73,2.500,0.00,50.0,-0.21
2890.00,-538.64,-239.64,26.73,2.500,0.00,50.0,-0.20
2891.00,-537.51,-237.41,26.72,2.500,0.00,50.0,-0.20
2892.00,-536.39,-235.18,26.72,2.500,0.00,50.0,-0.19
2893.00,-535.26,-232.94,26.72,2.500,0.00,50.0,-0.18
2894.00,-534.14,-230.71,26.71,2.500,0.00,50.0,-0.18
2895.00,-533.01,-228.48,26.71,2.500,0.00,50.0,-0.17
2896.00,-531.89,-226.25,26.71,2.500,0.00,50.0,-0.17
2897.00,-530.77,-224.01,26.71,2.500,0.00,50.0,-0.16
2898.00,-529.64,-221.78,26.70,2.500,0.00,50.0,-0.16
2899.00,-528.52,-219.55,26.70,2.500,0.00,50.0,-0.15
2900.00,-527.40,-217.31,26.70,2.500,0.00,50.0,-0.15
2901.00,-526.27,-215.08,26.70,2.500,0.00,50.0,-0.14
2902.00,-525.15,-212.85,26.69,2.500,0.00,50.0,-0.14
2903.00,-524.03,-210.61,26.69,2.500,0.00,50.0,-0.13
2904.00,-522.90,-208.38,26.69,2.500,0.00,50.0,-0.13
2905.00,-521.78,-206.14,26.69,2.500,0.00,50.0,-0.12
2906.00,-520.66,-203.91,26.69,2.500,0.00,50.0,-0.12
2907.00,-519.54,-201.68,26.68,2.500,0.00,50.0,-0.11
2908.00,-518.41,-199.44,26.68,2.500,0.00,50.0,-0.11
2909.00,-517.29,-197.21,26.68,2.500,0.00,50.0,-0.11
2910.00,-516.17,-194.98,26.68,2.500,0.00,50.0,-0.10
2911.00,-515.05,-192.74,26.68,2.500,0.00,50.0,-0.10
2912.00,-513.92,-190.51,26.68,2.500,0.00,50.0,-0.10
2913.00,-512.80,-188.27,26.67,2.500,0.00,50.0,-0.09
2914.00,-511.68,-186.04,26.67,2.500,0.00,50.0,-0.09
2915.00,-510.56,-183.81,26.67,2.500,0.00,50.0,-0.09
2916.00,-509.43,-181.57,26.67,2.500,0.00,50.0,-0.08
2917.00,-508.31,-179.34,26.67,2.500,0.00,50.0,-0.08
2918.00,-507.19,-177.10,26.67,2.500,0.00,50.0,-0.08
2919.00,-506.07,-174.87,26.67,2.500,0.00,50.0,-0.08
2920.00,-504.95,-172.64,26.66,2.500,0.00,50.0,-0.07
2921.00,-503.82,-170.40,26.66,2.500,0.00,50.0,-0.07
2922.00,-502.70,-168.17,26.66,2.500,0.00,50.0,-0.07
2923.00,-501.58,-165.93,26.66,2.500,0.00,50.0,-0.07
2924.00,-500.46,-163.70,26.66,2.500,0.00,50.0,-0.06
2925.00,-499.34,-161.47,26.66,2.500,0.00,50.0,-0.06
2926.00,-498.22,-159.23,26.66,2.500,0.00,50.0,-0.06
2927.00,-497.09,-157.00,26.66,2.500,0.00,50.0,-0.06
2928.00,-495.97,-154.76,26.66,2.500,0.00,50.0,-0.06
2929.00,-494.85,-152.53,26.65,2.500,0.00,50.0,-0.05
2930.00,-493.73,-150.29,26.65,2.500,0.00,50.0,-0.05
2931.00,-492.61,-148.06,26.65,2.500,0.00,50.0,-0.05
2932.00,-491.49,-145.82,26.65,2.500,0.00,50.0,-0.05
2933.00,-490.36,-143.59,26.65,2.500,0.00,50.0,-0.05
2934.00,-489.24,-141.36,26.65,2.500,0.00,50.0,-0.05
2935.00,-488.12,-139.12,26.65,2.500,0.00,50.0,-0.04
2936.00,-487.00,-136.89,26.65,2.500,0.00,50.0,-0.04
2937.00,-485.88,-134.65,26.65,2.500,0.00,50.0,-0.04
2938.00,-484.76,-132.42,26.65,2.500,0.00,50.0,-0.04
2939.00,-483.64,-130.18,26.65,2.500,0.00,50.0,-0.04
2940.00,-482.52,-127.95,26.65,2.500,0.00,50.0,-0.04
2941.00,-481.39,-125.72,26.65,2.500,0.00,50.0,-0.04
2942.00,-480.27,-123.48,26.65,2.500,0.00,50.0,-0.04
2943.00,-479.15,-121.25,26.64,2.500,0.00,50.0,-0.03
2944.00,-478.03,-119.01,26.64,2.500,0.00,50.0,-0.03
2945.00,-476.91,-116.78,26.64,2.500,0.00,50.0,-0.03
2946.00,-475.79,-114.54,26.64,2.500,0.00,50.0,-0.03
2947.00,-474.67,-112.31,26.64,2.500,0.00,50.0,-0.03
2948.00,-473.55,-110.07,26.64,2.500,0.00,50.0,-0.03
2949.00,-472.43,-107.84,26.64,2.500,0.00,50.0,-0.03
2950.00,-471.30,-105.60,26.64,2.500,0.00,50.0,-0.03
2951.00,-470.18,-103.37,26.64,2.500,0.00,50.0,-0.03
2952.00,-469.06,-101.14,26.64,2.500,0.00,50.0,-0.02
2953.00,-467.94,-98.90,26.64,2.500,0.00,50.0,-0.02
2954.00,-466.82,-96.67,26.64,2.500,0.00,50.0,-0.02
2955.00,-465.70,-94.43,26.64,2.500,0.00,50.0,-0.02
2956.00,-464.58,-92.20,26.64,2.500,0.00,50.0,-0.02
2957.00,-463.46,-89.96,26.64,2.500,0.00,50.0,-0.02
2958.00,-462.34,-87.73,26.64,2.500,0.00,50.0,-0.02
2959.00,-461.22,-85.49,26.64,2.500,0.00,50.0,-0.02
2960.00,-460.09,-83.26,26.64,2.500,0.00,50.0,-0.02
2961.00,-458.97,-81.02,26.64,2.500,0.00,50.0,-0.02
2962.00,-457.85,-78.79,26.64,2.500,0.00,50.0,-0.02
2963.00,-456.73,-76.55,26.64,2.500,0.00,50.0,-0.02
2964.00,-455.61,-74.32,26.64,2.500,0.00,50.0,-0.02
2965.00,-454.49,-72.09,26.64,2.500,0.00,50.0,-0.02
2966.00,-453.37,-69.85,26.64,2.500,0.00,50.0,-0.02
2967.00,-452.25,-67.62,26.64,2.500,0.00,50.0,-0.02
2968.00,-451.13,-65.38,26.64,2.500,0.00,50.0,-0.01
2969.00,-450.01,-63.15,26.64,2.500,0.00,50.0,-0.01
2970.00,-448.89,-60.91,26.64,2.500,0.00,50.0,-0.01
2971.00,-447.77,-58.68,26.63,2.500,0.00,50.0,-0.01
2972.00,-446.65,-56.44,26.63,2.500,0.00,50.0,-0.01
2973.00,-445.52,-54.21,26.63,2.500,0.00,50.0,-0.01
2974.00,-444.40,-51.97,26.63,2.500,0.00,50.0,-0.01
2975.00,-443.28,-49.74,26.63,2.500,0.00,50.0,-0.01
2976.00,-442.16,-47.50,26.63,2.500,0.00,50.0,-0.01
2977.00,-441.04,-45.27,26.63,2.500,0.00,50.0,-0.01
2978.00,-439.92,-43.03,26.63,2.500,0.00,50.0,-0.01
2979.00,-438.80,-40.80,26.63,2.500,0.00,50.0,-0.01
2980.00,-437.68,-38.56,26.63,2.500,0.00,50.0,-0.01
2981.00,-436.56,-36.33,26.63,2.500,0.00,50.0,-0.01
2982.00,-435.44,-34.09,26.63,2.500,0.00,50.0,-0.01
2983.00,-434.32,-31.86,26.63,2.500,0.00,50.0,-0.01
2984.00,-433.20,-29.63,26.63,2.500,0.00,50.0,-0.01
2985.00,-432.08,-27.39,26.63,2.500,0.00,50.0,-0.01
2986.00,-430.96,-25.16,26.63,2.500,0.00,50.0,-0.01
2987.00,-429.83,-22.92,26.63,2.500,0.00,50.0,-0.01
2988.00,-428.71,-20.69,26.63,2.500,0.00,50.0,-0.01
2989.00,-427.59,-18.45,26.63,2.500,0.00,50.0,-0.01
2990.00,-426.47,-16.22,26.63,2.500,0.00,50.0,-0.01
2991.00,-425.35,-13.98,26.63,2.500,0.00,50.0,-0.01
2992.00,-424.23,-11.75,26.63,2.500,0.00,50.0,-0.01
2993.00,-423.11,-9.51,26.63,2.500,0.00,50.0,-0.01
2994.00,-421.99,-7.28,26.63,2.500,0.00,50.0,-0.01
2995.00,-420.87,-5.04,26.63,2.500,0.00,50.0,-0.01
2996.00,-419.75,-2.81,26.63,2.500,0.00,50.0,-0.01
2997.00,-418.63,-0.57,26.63,2.500,0.00,50.0,-0.01
2998.00,-417.51,1.66,26.63,2.500,0.00,50.0,-0.01
2999.00,-416.39,3.90,26.63,2.500,0.00,50.0,-0.01
3000.00,-415.27,6.13,26.63,2.500,0.00,50.0,-0.00
3001.00,-414.15,8.37,26.63,2.500,0.00,50.0,-0.00
3002.00,-413.03,10.60,26.63,2.500,0.00,50.0,-0.00
3003.00,-411.90,12.84,26.63,2.500,0.00,50.0,-0.00
3004.00,-410.78,15.07,26.63,2.500,0.00,50.0,-0.00
3005.00,-409.66,17.30,26.63,2.500,0.00,50.0,-0.00
3006.00,-408.54,19.54,26.63,2.500,0.00,50.0,-0.00
3007.00,-407.42,21.77,26.63,2.500,0.00,50.0,-0.00
3008.00,-406.30,24.01,26.63,2.500,0.00,50.0,-0.00
3009.00,-405.18,26.24,26.63,2.500,0.00,50.0,-0.00
3010.00,-404.06,28.48,26.63,2.500,0.00,50.0,-0.00
3011.00,-402.94,30.71,26.63,2.500,0.00,50.0,-0.00
3012.00,-401.82,32.95,26.63,2.500,0.00,50.0,-0.00
3013.00,-400.70,35.18,26.63,2.500,0.00,50.0,-0.00
3014.00,-399.58,37.42,26.63,2.500,0.00,50.0,-0.00
3015.00,-398.46,39.65,26.63,2.500,0.00,50.0,-0.00
3016.00,-397.34,41.89,26.63,2.500,0.00,50.0,-0.00
3017.00,-396.22,44.12,26.63,2.500,0.00,50.0,-0.00
3018.00,-395.10,46.36,26.63,2.500,0.00,50.0,-0.00
3019.00,-393.98,48.59,26.63,2.500,0.00,50.0,-0.00
3020.00,-392.85,50.83,26.63,2.500,0.00,50.0,-0.00
3021.00,-391.73,53.06,26.63,2.500,0.00,50.0,-0.00
3022.00,-390.61,55.30,26.63,2.500,0.00,50.0,-0.00
3023.00,-389.49,57.53,26.63,2.500,0.00,50.0,-0.00
3024.00,-388.37,59.77,26.63,2.500,0.00,50.0,-0.00
3025.00,-387.25,62.00,26.63,2.500,0.00,50.0,-0.00
3026.00,-386.13,64.24,26.63,2.500,0.00,50.0,-0.00
3027.00,-385.01,66.47,26.63,2.500,0.00,50.0,-0.00
3028.00,-383.89,68.71,26.63,2.500,0.00,50.0,-0.00
3029.00,-382.77,70.94,26.63,2.500,0.00,50.0,-0.00
3030.00,-381.65,73.17,26.63,2.500,0.00,50.0,-0.00
3031.00,-380.53,75.41,26.63,2.500,0.00,50.0,-0.00
3032.00,-379.41,77.64,26.63,2.500,0.00,50.0,-0.00
3033.00,-378.29,79.88,26.63,2.500,0.00,50.0,-0.00
3034.00,-377.17,82.11,26.63,2.500,0.00,50.0,-0.00
3035.00,-376.05,84.35,26.63,2.500,0.00,50.0,-0.00
3036.00,-374.93,86.58,26.63,2.500,0.00,50.0,-0.00
3037.00,-373.81,88.82,26.63,2.500,0.00,50.0,-0.00
3038.00,-372.68,91.05,26.63,2.500,0.00,50.0,-0.00
3039.00,-371.56,93.29,26.63,2.500,0.00,50.0,-0.00
3040.00,-370.44,95.52,26.63,2.500,0.00,50.0,-0.00
3041.00,-369.32,97.76,26.63,2.500,0.00,50.0,-0.00
3042.00,-368.20,99.99,26.63,2.500,0.00,50.0,-0.00
3043.00,-367.08,102.23,26.63,2.500,0.00,50.0,-0.00
3044.00,-365.96,104.46,26.63,2.500,0.00,50.0,-0.00
3045.00,-364.84,106.70,26.63,2.500,0.00,50.0,-0.00
3046.00,-363.72,108.93,26.63,2.500,0.00,50.0,-0.00
3047.00,-362.60,111.17,26.63,2.500,0.00,50.0,-0.00
3048.00,-361.48,113.40,26.63,2.500,0.00,50.0,-0.00
3049.00,-360.36,115.64,26.63,2.500,0.00,50.0,-0.00
3050.00,-359.24,117.87,26.63,2.500,0.00,50.0,-0.00
3051.00,-358.12,120.11,26.63,2.500,0.00,50.0,-0.00
3052.00,-357.00,122.34,26.63,2.500,0.00,50.0,-0.00
3053.00,-355.88,124.58,26.63,2.500,0.00,50.0,-0.00
3054.00,-354.76,126.81,26.63,2.500,0.00,50.0,-0.00
3055.00,-353.64,129.05,26.63,2.500,0.00,50.0,-0.00
3056.00,-352.52,131.28,26.63,2.500,0.00,50.0,-0.00
3057.00,-351.39,133.51,26.63,2.500,0.00,50.0,-0.00
3058.00,-350.27,135.75,26.63,2.500,0.00,50.0,-0.00
3059.00,-349.15,137.98,26.63,2.500,0.00,50.0,-0.00
3060.00,-348.03,140.22,26.63,2.500,0.00,50.0,-0.00
3061.00,-346.91,142.45,26.63,2.500,0.00,50.0,-0.00
3062.00,-345.79,144.69,26.63,2.500,0.00,50.0,-0.00
3063.00,-344.67,146.92,26.63,2.500,0.00,50.0,-0.00
3064.00,-343.55,149.16,26.63,2.500,0.00,50.0,-0.00
3065.00,-342.43,151.39,26.63,2.500,0.00,50.0,-0.00
3066.00,-341.31,153.63,26.63,2.500,0.00,50.0,-0.00
3067.00,-340.19,155.86,26.63,2.500,0.00,50.0,-0.00
3068.00,-339.07,158.10,26.63,2.500,0.00,50.0,-0.00
3069.00,-337.95,160.33,26.63,2.500,0.00,50.0,-0.00
3070.00,-336.83,162.57,26.63,2.500,0.00,50.0,-0.00
3071.00,-335.71,164.80,26.63,2.500,0.00,50.0,-0.00
3072.00,-334.59,167.04,26.63,2.500,0.00,50.0,-0.00
3073.00,-333.47,169.27,26.63,2.500,0.00,50.0,-0.00
3074.00,-332.35,171.51,26.63,2.500,0.00,50.0,-0.00
3075.00,-331.23,173.74,26.63,2.500,0.00,50.0,-0.00
3076.00,-330.10,175.98,26.63,2.500,0.00,50.0,-0.00
3077.00,-328.98,178.21,26.63,2.500,0.00,50.0,-0.00
3078.00,-327.86,180.45,26.63,2.500,0.00,50.0,-0.00
3079.00,-326.74,182.68,26.63,2.500,0.00,50.0,-0.00
3080.00,-325.62,184.92,26.63,2.500,0.00,50.0,-0.00
3081.00,-324.50,187.15,26.63,2.500,0.00,50.0,-0.00
3082.00,-323.38,189.39,26.63,2.500,0.00,50.0,-0.00
3083.00,-322.26,191.62,26.63,2.500,0.00,50.0,-0.00
3084.00,-321.14,193.85,26.63,2.500,0.00,50.0,-0.00
3085.00,-320.02,196.09,26.63,2.500,0.00,50.0,-0.00
3086.00,-318.90,198.32,26.63,2.500,0.00,50.0,-0.00
3087.00,-317.78,200.56,26.63,2.500,0.00,50.0,-0.00
3088.00,-316.66,202.79,26.63,2.500,0.00,50.0,-0.00
3089.00,-315.54,205.03,26.63,2.500,0.00,50.0,-0.00
3090.00,-314.42,207.26,26.63,2.500,0.00,50.0,-0.00
3091.00,-313.30,209.50,26.63,2.500,0.00,50.0,-0.00
3092.00,-312.18,211.73,26.63,2.500,0.00,50.0,-0.00
3093.00,-311.06,213.97,26.63,2.500,0.00,50.0,-0.00
3094.00,-309.94,216.20,26.63,2.500,0.00,50.0,-0.00
3095.00,-308.82,218.44,26.63,2.500,0.00,50.0,-0.00
3096.00,-307.69,220.67,26.63,2.500,0.00,50.0,-0.00
3097.00,-306.57,222.91,26.63,2.500,0.00,50.0,-0.00
3098.00,-305.45,225.14,26.63,2.500,0.00,50.0,-0.00
3099.00,-304.33,227.38,26.63,2.500,0.00,50.0,-0.00
3100.00,-303.21,229.61,26.63,2.500,0.00,50.0,-0.00
3101.00,-302.09,231.85,26.63,2.500,0.00,50.0,-0.00
3102.00,-300.97,234.08,26.63,2.500,0.00,50.0,-0.00
3103.00,-299.85,236.32,26.63,2.500,0.00,50.0,-0.00
3104.00,-298.73,238.55,26.63,2.500,0.00,50.0,-0.00
3105.00,-297.61,240.79,26.63,2.500,0.00,50.0,-0.00
3106.00,-296.49,243.02,26.63,2.500,0.00,50.0,-0.00
3107.00,-295.37,245.26,26.63,2.500,0.00,50.0,-0.00
3108.00,-294.25,247.49,26.63,2.500,0.00,50.0,-0.00
3109.00,-293.13,249.73,26.63,2.500,0.00,50.0,-0.00
3110.00,-292.01,251.96,26.63,2.500,0.00,50.0,-0.00
3111.00,-290.89,254.20,26.63,2.500,0.00,50.0,-0.00
3112.00,-289.77,256.43,26.63,2.500,0.00,50.0,-0.00
3113.00,-288.65,258.66,26.63,2.500,0.00,50.0,-0.00
3114.00,-287.53,260.90,26.63,2.500,0.00,50.0,-0.00
3115.00,-286.40,263.13,26.63,2.500,0.00,50.0,-0.00
3116.00,-285.28,265.37,26.63,2.500,0.00,50.0,-0.00
3117.00,-284.16,267.60,26.63,2.500,0.00,50.0,-0.00
3118.00,-283.04,269.84,26.63,2.500,0.00,50.0,-0.00
3119.00,-281.92,272.07,26.63,2.500,0.00,50.0,-0.00
3120.00,-280.80,274.31,26.63,2.500,0.00,50.0,-0.00
3121.00,-279.68,276.54,26.63,2.500,0.00,50.0,-0.00
3122.00,-278.56,278.78,26.63,2.500,0.00,50.0,-0.00
3123.00,-277.44,281.01,26.63,2.500,0.00,50.0,-0.00
3124.00,-276.32,283.25,26.63,2.500,0.00,50.0,-0.00
3125.00,-275.20,285.48,26.63,2.500,0.00,50.0,-0.00
3126.00,-274.08,287.72,26.63,2.500,0.00,50.0,-0.00
3127.00,-272.96,289.95,26.63,2.500,0.00,50.0,-0.00
3128.00,-271.84,292.19,26.63,2.500,0.00,50.0,-0.00
3129.00,-270.72,294.42,26.63,2.500,0.00,50.0,-0.00
3130.00,-269.60,296.66,26.63,2.500,0.00,50.0,-0.00
3131.00,-268.48,298.89,26.63,2.500,0.00,50.0,-0.00
3132.00,-267.36,301.13,26.63,2.500,0.00,50.0,-0.00
3133.00,-266.24,303.36,26.63,2.500,0.00,50.0,-0.00
3134.00,-265.12,305.60,26.63,2.500,0.00,50.0,-0.00
3135.00,-263.99,307.83,26.63,2.500,0.00,50.0,-0.00
3136.00,-262.87,310.07,26.63,2.500,0.00,50.0,-0.00
3137.00,-261.75,312.30,26.63,2.500,0.00,50.0,-0.00
3138.00,-260.63,314.54,26.63,2.500,0.00,50.0,-0.00
3139.00,-259.51,316.77,26.63,2.500,0.00,50.0,-0.00
3140.00,-258.39,319.01,26.63,2.500,0.00,50.0,-0.00
3141.00,-257.27,321.24,26.63,2.500,0.00,50.0,-0.00
3142.00,-256.15,323.47,26.63,2.500,0.00,50.0,-0.00
3143.00,-255.03,325.71,26.63,2.500,0.00,50.0,-0.00
3144.00,-253.91,327.94,26.63,2.500,0.00,50.0,-0.00
3145.00,-252.79,330.18,26.63,2.500,0.00,50.0,-0.00
3146.00,-251.67,332.41,26.63,2.500,0.00,50.0,-0.00
3147.00,-250.55,334.65,26.63,2.500,0.00,50.0,-0.00
3148.00,-249.43,336.88,26.63,2.500,0.00,50.0,-0.00
3149.00,-248.31,339.12,26.63,2.500,0.00,50.0,-0.00
3150.00,-247.19,341.35,26.63,2.500,0.00,50.0,-0.00
3151.00,-246.07,343.59,26.63,2.500,0.00,50.0,-0.00
3152.00,-244.95,345.82,26.63,2.500,0.00,50.0,-0.00
3153.00,-243.83,348.06,26.63,2.500,0.00,50.0,-0.00
3154.00,-242.70,350.29,26.63,2.500,0.00,50.0,-0.00
3155.00,-241.58,352.53,26.63,2.500,0.00,50.0,-0.00
3156.00,-240.46,354.76,26.63,2.500,0.00,50.0,-0.00
3157.00,-239.34,357.00,26.63,2.500,0.00,50.0,-0.00
3158.00,-238.22,359.23,26.63,2.500,0.00,50.0,-0.00
3159.00,-237.10,361.47,26.63,2.500,0.00,50.0,-0.00
3160.00,-235.98,363.70,26.63,2.500,0.00,50.0,-0.00
3161.00,-234.86,365.94,26.63,2.500,0.00,50.0,-0.00
3162.00,-233.74,368.17,26.63,2.500,0.00,50.0,-0.00
3163.00,-232.62,370.41,26.63,2.500,0.00,50.0,-0.00
3164.00,-231.50,372.64,26.63,2.500,0.00,50.0,-0.00
3165.00,-230.38,374.88,26.63,2.500,0.00,50.0,-0.00
3166.00,-229.26,377.11,26.63,2.500,0.00,50.0,-0.00
3167.00,-228.14,379.35,26.63,2.500,0.00,50.0,-0.00
3168.00,-227.02,381.58,26.63,2.500,0.00,50.0,-0.00
3169.00,-225.90,383.82,26.63,2.500,0.00,50.0,-0.00
3170.00,-224.78,386.05,26.63,2.500,0.00,50.0,-0.00
3171.00,-223.66,388.28,26.63,2.500,0.00,50.0,-0.00
3172.00,-222.54,390.52,26.63,2.500,0.00,50.0,-0.00
3173.00,-221.42,392.75,26.63,2.500,0.00,50.0,-0.00
3174.00,-220.29,394.99,26.63,2.500,0.00,50.0,-0.00
3175.00,-219.17,397.22,26.63,2.500,0.00,50.0,-0.00
3176.00,-218.05,399.46,26.63,2.500,0.00,50.0,-0.00
3177.00,-216.93,401.69,26.63,2.500,0.00,50.0,-0.00
3178.00,-215.81,403.93,26.63,2.500,0.00,50.0,-0.00
3179.00,-214.69,406.16,26.63,2.500,0.00,50.0,-0.00
3180.00,-213.57,408.40,26.63,2.500,0.00,50.0,-0.00
3181.00,-212.45,410.63,26.63,2.500,0.00,50.0,-0.00
3182.00,-211.33,412.87,26.63,2.500,0.00,50.0,-0.00
3183.00,-210.21,415.10,26.63,2.500,0.00,50.0,-0.00
3184.00,-209.09,417.34,26.63,2.500,0.00,50.0,-0.00
3185.00,-207.97,419.57,26.63,2.500,0.00,50.0,-0.00
3186.00,-206.85,421.81,26.63,2.500,0.00,50.0,-0.00
3187.00,-205.73,424.04,26.63,2.500,0.00,50.0,-0.00
3188.00,-204.61,426.28,26.63,2.500,0.00,50.0,-0.00
3189.00,-203.49,428.51,26.63,2.500,0.00,50.0,-0.00
3190.00,-202.37,430.75,26.63,2.500,0.00,50.0,-0.00
3191.00,-201.25,432.98,26.63,2.500,0.00,50.0,-0.00
3192.00,-200.13,435.22,26.63,2.500,0.00,50.0,-0.00
3193.00,-199.00,437.45,26.63,2.500,0.00,50.0,-0.00
3194.00,-197.88,439.69,26.63,2.500,0.00,50.0,-0.00
3195.00,-196.76,441.92,26.63,2.500,0.00,50.0,-0.00
3196.00,-195.64,444.16,26.63,2.500,0.00,50.0,-0.00
3197.00,-194.52,446.39,26.63,2.500,0.00,50.0,-0.00
3198.00,-193.40,448.63,26.63,2.500,0.00,50.0,-0.00
3199.00,-192.28,450.86,26.63,2.500,0.00,50.0,-0.00
3200.00,-191.16,453.09,26.63,2.500,0.00,50.0,-0.00
3201.00,-190.04,455.33,26.63,2.500,0.00,50.0,-0.00
3202.00,-188.92,457.56,26.63,2.500,0.00,50.0,-0.00
3203.00,-187.80,459.80,26.63,2.500,0.00,50.0,-0.00
3204.00,-186.68,462.03,26.63,2.500,0.00,50.0,-0.00
3205.00,-185.56,464.27,26.63,2.500,0.00,50.0,-0.00
3206.00,-184.44,466.50,26.63,2.500,0.00,50.0,-0.00
3207.00,-183.32,468.74,26.63,2.500,0.00,50.0,-0.00
3208.00,-182.20,470.97,26.63,2.500,0.00,50.0,-0.00
3209.00,-181.08,473.21,26.63,2.500,0.00,50.0,-0.00
3210.00,-179.96,475.44,26.63,2.500,0.00,50.0,-0.00
3211.00,-178.84,477.68,26.63,2.500,0.00,50.0,-0.00
3212.00,-177.72,479.91,26.63,2.500,0.00,50.0,-0.00
3213.00,-176.59,482.15,26.63,2.500,0.00,50.0,-0.00
3214.00,-175.47,484.38,26.63,2.500,0.00,50.0,-0.00
3215.00,-174.35,486.62,26.63,2.500,0.00,50.0,-0.00
3216.00,-173.23,488.85,26.63,2.500,0.00,50.0,-0.00
3217.00,-172.11,491.09,26.63,2.500,0.00,50.0,-0.00
3218.00,-170.99,493.32,26.63,2.500,0.00,50.0,-0.00
3219.00,-169.87,495.56,26.63,2.500,0.00,50.0,-0.00
3220.00,-168.75,497.79,26.63,2.500,0.00,50.0,-0.00
3221.00,-167.63,500.03,26.63,2.500,0.00,50.0,-0.00
3222.00,-166.51,502.26,26.63,2.500,0.00,50.0,-0.00
3223.00,-165.39,504.50,26.63,2.500,0.00,50.0,-0.00
3224.00,-164.27,506.73,26.63,2.500,0.00,50.0,-0.00
3225.00,-163.15,508.97,26.63,2.500,0.00,50.0,-0.00
3226.00,-162.03,511.20,26.63,2.500,0.00,50.0,-0.00
3227.00,-160.91,513.44,26.63,2.500,0.00,50.0,-0.00
3228.00,-159.79,515.67,26.63,2.500,0.00,50.0,-0.00
3229.00,-158.67,517.90,26.63,2.500,0.00,50.0,-0.00
3230.00,-157.55,520.14,26.63,2.500,0.00,50.0,-0.00
3231.00,-156.43,522.37,26.63,2.500,0.00,50.0,-0.00
3232.00,-155.30,524.61,26.63,2.500,0.00,50.0,-0.00
3233.00,-154.18,526.84,26.63,2.500,0.00,50.0,-0.00
3234.00,-153.06,529.08,26.63,2.500,0.00,50.0,-0.00
3235.00,-151.94,531.31,26.63,2.500,0.00,50.0,-0.00
3236.00,-150.82,533.55,26.63,2.500,0.00,50.0,-0.00
3237.00,-149.70,535.78,26.63,2.500,0.00,50.0,-0.00
3238.00,-148.58,538.02,26.63,2.500,0.00,50.0,-0.00
3239.00,-147.46,540.25,26.63,2.500,0.00,50.0,-0.00
3240.00,-146.34,542.49,26.63,2.500,0.00,50.0,-0.00
3241.00,-145.22,544.72,26.63,2.500,0.00,50.0,-0.00
3242.00,-144.10,546.96,26.63,2.500,0.00,50.0,-0.00
3243.00,-142.98,549.19,26.63,2.500,0.00,50.0,-0.00
3244.00,-141.86,551.43,26.63,2.500,0.00,50.0,-0.00
3245.00,-140.74,553.66,26.63,2.500,0.00,50.0,-0.00
3246.00,-139.62,555.90,26.63,2.500,0.00,50.0,-0.00
3247.00,-138.50,558.13,26.63,2.500,0.00,50.0,-0.00
3248.00,-137.38,560.37,26.63,2.500,0.00,50.0,-0.00
3249.00,-136.26,562.60,26.63,2.500,0.00,50.0,-0.00
3250.00,-135.14,564.84,26.63,2.500,0.00,50.0,-0.00
3251.00,-134.02,567.07,26.63,2.500,0.00,50.0,-0.00
3252.00,-132.89,569.31,26.63,2.500,0.00,50.0,-0.00
3253.00,-131.77,571.54,26.63,2.500,0.00,50.0,-0.00
3254.00,-130.65,573.78,26.63,2.500,0.00,50.0,-0.00
3255.00,-129.53,576.01,26.63,2.500,0.00,50.0,-0.00
3256.00,-128.41,578.25,26.63,2.500,0.00,50.0,-0.00
3257.00,-127.29,580.48,26.63,2.500,0.00,50.0,-0.00
3258.00,-126.17,582.71,26.63,2.500,0.00,50.0,-0.00
3259.00,-125.05,584.95,26.63,2.500,0.00,50.0,-0.00
3260.00,-123.93,587.18,26.63,2.500,0.00,50.0,-0.00
3261.00,-122.81,589.42,26.63,2.500,0.00,50.0,-0.00
3262.00,-121.69,591.65,26.63,2.500,0.00,50.0,-0.00
3263.00,-120.57,593.89,26.63,2.500,0.00,50.0,-0.00
3264.00,-119.45,596.12,26.63,2.500,0.00,50.0,-0.00
3265.00,-118.33,598.36,26.63,2.500,0.00,50.0,-0.00
3266.00,-117.21,600.59,26.63,2.500,0.00,50.0,-0.00
3267.00,-116.09,602.83,26.63,2.500,0.00,50.0,-0.00
3268.00,-114.97,605.06,26.63,2.500,0.00,50.0,-0.00
3269.00,-113.85,607.30,26.63,2.500,0.00,50.0,-0.00
3270.00,-112.73,609.53,26.63,2.500,0.00,50.0,-0.00
3271.00,-111.60,611.77,26.63,2.500,0.00,50.0,-0.00
3272.00,-110.48,614.00,26.63,2.500,0.00,50.0,-0.00
3273.00,-109.36,616.24,26.63,2.500,0.00,50.0,-0.00
3274.00,-108.24,618.47,26.63,2.500,0.00,50.0,-0.00
3275.00,-107.12,620.71,26.63,2.500,0.00,50.0,-0.00
3276.00,-106.00,622.94,26.63,2.500,0.00,50.0,-0.00
3277.00,-104.88,625.18,26.63,2.500,0.00,50.0,-0.00
3278.00,-103.76,627.41,26.63,2.500,0.00,50.0,-0.00
3279.00,-102.64,629.65,26.63,2.500,0.00,50.0,-0.00
3280.00,-101.52,631.88,26.63,2.500,0.00,50.0,-0.00
3281.00,-100.40,634.12,26.63,2.500,0.00,50.0,-0.00
3282.00,-99.28,636.35,26.63,2.500,0.00,50.0,-0.00
3283.00,-98.16,638.59,26.63,2.500,0.00,50.0,-0.00
3284.00,-97.04,640.82,26.63,2.500,0.00,50.0,-0.00
3285.00,-95.92,643.06,26.63,2.500,0.00,50.0,-0.00
3286.00,-94.80,645.29,26.63,2.500,0.00,50.0,-0.00
3287.00,-93.68,647.52,26.63,2.500,0.00,50.0,-0.00
3288.00,-92.56,649.76,26.63,2.500,0.00,50.0,-0.00
3289.00,-91.44,651.99,26.63,2.500,0.00,50.0,-0.00
3290.00,-90.32,654.23,26.63,2.500,0.00,50.0,-0.00
3291.00,-89.19,656.46,26.63,2.500,0.00,50.0,-0.00
3292.00,-88.07,658.70,26.63,2.500,0.00,50.0,-0.00
3293.00,-86.95,660.93,26.63,2.500,0.00,50.0,-0.00
3294.00,-85.83,663.17,26.63,2.500,0.00,50.0,-0.00
3295.00,-84.71,665.40,26.63,2.500,0.00,50.0,-0.00
3296.00,-83.59,667.64,26.63,2.500,0.00,50.0,-0.00
3297.00,-82.47,669.87,26.63,2.500,0.00,50.0,-0.00
3298.00,-81.35,672.11,26.63,2.500,0.00,50.0,-0.00
3299.00,-80.23,674.34,26.63,2.500,0.00,50.0,-0.00
3300.00,-79.11,676.58,26.63,2.500,0.00,50.0,-0.00
3301.00,-77.99,678.81,26.63,2.500,0.00,50.0,-0.00
3302.00,-76.87,681.05,26.63,2.500,0.00,50.0,-0.00
3303.00,-75.75,683.28,26.63,2.500,0.00,50.0,-0.00
3304.00,-74.63,685.52,26.63,2.500,0.00,50.0,-0.00
3305.00,-73.51,687.75,26.63,2.500,0.00,50.0,-0.00
3306.00,-72.39,689.99,26.63,2.500,0.00,50.0,-0.00
3307.00,-71.27,692.22,26.63,2.500,0.00,50.0,-0.00
3308.00,-70.15,694.46,26.63,2.500,0.00,50.0,-0.00
3309.00,-69.03,696.69,26.63,2.500,0.00,50.0,-0.00
3310.00,-67.90,698.93,26.63,2.500,0.00,50.0,-0.00
3311.00,-66.78,701.16,26.63,2.500,0.00,50.0,-0.00
3312.00,-65.66,703.40,26.63,2.500,0.00,50.0,-0.00
3313.00,-64.54,705.63,26.63,2.500,0.00,50.0,-0.00
3314.00,-63.42,707.87,26.63,2.500,0.00,50.0,-0.00
3315.00,-62.30,710.10,26.63,2.500,0.00,50.0,-0.00
3316.00,-61.18,712.33,26.63,2.500,0.00,50.0,-0.00
3317.00,-60.06,714.57,26.63,2.500,0.00,50.0,-0.00
3318.00,-58.94,716.80,26.63,2.500,0.00,50.0,-0.00
3319.00,-57.82,719.04,26.63,2.500,0.00,50.0,-0.00
3320.00,-56.70,721.27,26.63,2.500,0.00,50.0,-0.00
3321.00,-55.58,723.51,26.63,2.500,0.00,50.0,-0.00
3322.00,-54.46,725.74,26.63,2.500,0.00,50.0,-0.00
3323.00,-53.34,727.98,26.63,2.500,0.00,50.0,-0.00
3324.00,-52.22,730.21,26.63,2.500,0.00,50.0,-0.00
3325.00,-51.10,732.45,26.63,2.500,0.00,50.0,-0.00
3326.00,-49.98,734.68,26.63,2.500,0.00,50.0,-0.00
3327.00,-48.86,736.92,26.63,2.500,0.00,50.0,-0.00
3328.00,-47.74,739.15,26.63,2.500,0.00,50.0,-0.00
3329.00,-46.62,741.39,26.63,2.500,0.00,50.0,-0.00
3330.00,-45.49,743.62,26.63,2.500,0.00,50.0,-0.00
3331.00,-44.37,745.86,26.63,2.500,0.00,50.0,-0.00
3332.00,-43.25,748.09,26.63,2.500,0.00,50.0,-0.00
3333.00,-42.13,750.33,26.63,2.500,0.00,50.0,-0.00
3334.00,-41.01,752.56,26.63,2.500,0.00,50.0,-0.00
3335.00,-39.89,754.80,26.63,2.500,0.00,50.0,-0.00
3336.00,-38.77,757.03,26.63,2.500,0.00,50.0,-0.00
3337.00,-37.65,759.27,26.63,2.500,0.00,50.0,-0.00
3338.00,-36.53,761.50,26.63,2.500,0.00,50.0,-0.00
3339.00,-35.41,763.74,26.63,2.500,0.00,50.0,-0.00
3340.00,-34.29,765.97,26.63,2.500,0.00,50.0,-0.00
3341.00,-33.17,768.21,26.63,2.500,0.00,50.0,-0.00
3342.00,-32.05,770.44,26.63,2.500,0.00,50.0,-0.00
3343.00,-30.93,772.68,26.63,2.500,0.00,50.0,-0.00
3344.00,-29.81,774.91,26.63,2.500,0.00,50.0,-0.00
3345.00,-28.69,777.14,26.63,2.500,0.00,50.0,-0.00
3346.00,-27.57,779.38,26.63,2.500,0.00,50.0,-0.00
3347.00,-26.45,781.61,26.63,2.500,0.00,50.0,-0.00
3348.00,-25.33,783.85,26.63,2.500,0.00,50.0,-0.00
3349.00,-24.20,786.08,26.63,2.500,0.00,50.0,-0.00
3350.00,-23.08,788.32,26.63,2.500,0.00,50.0,-0.00
3351.00,-21.96,790.55,26.63,2.500,0.00,50.0,-0.00
3352.00,-20.84,792.79,26.63,2.500,0.00,50.0,-0.00
3353.00,-19.72,795.02,26.63,2.500,0.00,50.0,-0.00
3354.00,-18.60,797.26,26.63,2.500,0.00,50.0,-0.00
3355.00,-17.48,799.49,26.63,2.500,0.00,50.0,-0.00
3356.00,-16.36,801.73,26.63,2.500,0.00,50.0,-0.00
3357.00,-15.24,803.96,26.63,2.500,0.00,50.0,-0.00
3358.00,-14.12,806.20,26.63,2.500,0.00,50.0,-0.00
3359.00,-13.00,808.43,26.63,2.500,0.00,50.0,-0.00
3360.00,-11.88,810.67,26.63,2.500,0.00,50.0,-0.00
3361.00,-10.76,812.90,26.63,2.500,0.00,50.0,-0.00
3362.00,-9.64,815.14,26.63,2.500,0.00,50.0,-0.00
3363.00,-8.52,817.37,26.63,2.500,0.00,50.0,-0.00
3364.00,-7.40,819.61,26.63,2.500,0.00,50.0,-0.00
3365.00,-6.28,821.84,26.63,2.500,0.00,50.0,-0.00
3366.00,-5.16,824.08,26.63,2.500,0.00,50.0,-0.00
3367.00,-4.04,826.31,26.63,2.500,0.00,50.0,-0.00
3368.00,-2.92,828.55,26.63,2.500,0.00,50.0,-0.00
3369.00,-1.79,830.78,26.63,2.500,0.00,50.0,-0.00
3370.00,-0.67,833.02,26.63,2.500,0.00,50.0,-0.00
3371.00,0.45,835.25,26.63,2.500,0.00,50.0,-0.00
3372.00,1.57,837.49,26.63,2.500,0.00,50.0,-0.00
3373.00,2.69,839.72,26.63,2.500,0.00,50.0,-0.00
3374.00,3.81,841.95,26.63,2.500,0.00,50.0,-0.00
3375.00,4.93,844.19,26.63,2.500,0.00,50.0,-0.00
3376.00,6.05,846.42,26.63,2.500,0.00,50.0,-0.00
3377.00,7.17,848.66,26.63,2.500,0.00,50.0,-0.00
3378.00,8.29,850.89,26.63,2.500,0.00,50.0,-0.00
3379.00,9.41,853.13,26.63,2.500,0.00,50.0,-0.00
3380.00,10.53,855.36,26.63,2.500,0.00,50.0,-0.00
3381.00,11.65,857.60,26.63,2.500,0.00,50.0,-0.00
3382.00,12.77,859.83,26.63,2.500,0.00,50.0,-0.00
3383.00,13.89,862.07,26.63,2.500,0.00,50.0,-0.00
3384.00,15.01,864.30,26.63,2.500,0.00,50.0,-0.00
3385.00,16.13,866.54,26.63,2.500,0.00,50.0,-0.00
3386.00,17.25,868.77,26.63,2.500,0.00,50.0,-0.00
3387.00,18.37,871.01,26.63,2.500,0.00,50.0,-0.00
3388.00,19.50,873.24,26.63,2.500,0.00,50.0,-0.00
3389.00,20.62,875.48,26.63,2.500,0.00,50.0,-0.00
3390.00,21.74,877.71,26.63,2.500,0.00,50.0,-0.00
3391.00,22.86,879.95,26.63,2.500,0.00,50.0,-0.00
3392.00,23.98,882.18,26.63,2.500,0.00,50.0,-0.00
3393.00,25.10,884.42,26.63,2.500,0.00,50.0,-0.00
3394.00,26.22,886.65,26.63,2.500,0.00,50.0,-0.00
3395.00,27.34,888.89,26.63,2.500,0.00,50.0,-0.00
3396.00,28.46,891.12,26.63,2.500,0.00,50.0,-0.00
3397.00,29.58,893.36,26.63,2.500,0.00,50.0,-0.00
3398.00,30.70,895.59,26.63,2.500,0.00,50.0,-0.00
3399.00,31.82,897.83,26.63,2.500,0.00,50.0,-0.00
3400.00,32.94,900.06,26.63,2.500,0.00,50.0,-0.00
3401.00,34.06,902.30,26.63,2.500,0.00,50.0,-0.00
3402.00,35.18,904.53,26.63,2.500,0.00,50.0,-0.00
3403.00,36.30,906.76,26.63,2.500,0.00,50.0,-0.00
3404.00,37.42,909.00,26.63,2.500,0.00,50.0,-0.00
3405.00,38.54,911.23,26.63,2.500,0.00,50.0,-0.00
3406.00,39.66,913.47,26.63,2.500,0.00,50.0,-0.00
3407.00,40.78,915.70,26.63,2.500,0.00,50.0,-0.00
3408.00,41.91,917.94,26.63,2.500,0.00,50.0,-0.00
3409.00,43.03,920.17,26.63,2.500,0.00,50.0,-0.00
3410.00,44.15,922.41,26.63,2.500,0.00,50.0,-0.00
3411.00,45.27,924.64,26.63,2.500,0.00,50.0,-0.00
3412.00,46.39,926.88,26.63,2.500,0.00,50.0,-0.00
3413.00,47.51,929.11,26.63,2.500,0.00,50.0,-0.00
3414.00,48.63,931.35,26.63,2.500,0.00,50.0,-0.00
3415.00,49.75,933.58,26.63,2.500,0.00,50.0,-0.00
3416.00,50.87,935.82,26.63,2.500,0.00,50.0,-0.00
3417.00,51.99,938.05,26.63,2.500,0.00,50.0,-0.00
3418.00,53.11,940.29,26.63,2.500,0.00,50.0,-0.00
3419.00,54.23,942.52,26.63,2.500,0.00,50.0,-0.00
3420.00,55.35,944.76,26.63,2.500,0.00,50.0,-0.00
3421.00,56.47,946.99,26.63,2.500,0.00,50.0,-0.00
3422.00,57.59,949.23,26.63,2.500,0.00,50.0,-0.00
3423.00,58.71,951.46,26.63,2.500,0.00,50.0,-0.00
3424.00,59.83,953.70,26.63,2.500,0.00,50.0,-0.00
3425.00,60.95,955.93,26.63,2.500,0.00,50.0,-0.00
3426.00,62.07,958.17,26.63,2.500,0.00,50.0,-0.00
3427.00,63.20,960.40,26.63,2.500,0.00,50.0,-0.00
3428.00,64.32,962.64,26.63,2.500,0.00,50.0,-0.00
3429.00,65.44,964.87,26.63,2.500,0.00,50.0,-0.00
3430.00,66.56,967.10,26.63,2.500,0.00,50.0,-0.00
3431.00,67.68,969.34,26.63,2.500,0.00,50.0,-0.00
3432.00,68.80,971.57,26.63,2.500,0.00,50.0,-0.00
3433.00,69.92,973.81,26.63,2.500,0.00,50.0,-0.00
3434.00,71.04,976.04,26.63,2.500,0.00,50.0,-0.00
3435.00,72.16,978.28,26.63,2.500,0.00,50.0,-0.00
3436.00,73.28,980.51,26.63,2.500,0.00,50.0,-0.00
3437.00,74.40,982.75,26.63,2.500,0.00,50.0,-0.00
3438.00,75.52,984.98,26.63,2.500,0.00,50.0,-0.00
3439.00,76.64,987.22,26.63,2.500,0.00,50.0,-0.00
3440.00,77.76,989.45,26.63,2.500,0.00,50.0,-0.00
3441.00,78.88,991.69,26.63,2.500,0.00,50.0,-0.00
3442.00,80.00,993.92,26.63,2.500,0.00,50.0,-0.00
3443.00,81.12,996.16,26.63,2.500,0.00,50.0,-0.00
3444.00,82.24,998.39,26.63,2.500,0.00,50.0,-0.00
3445.00,83.36,1000.63,26.63,2.500,0.00,50.0,-0.00
3446.00,84.48,1002.86,26.63,2.500,0.00,50.0,-0.00
3447.00,85.61,1005.10,26.63,2.500,0.00,50.0,-0.00
3448.00,86.73,1007.33,26.63,2.500,0.00,50.0,-0.00
3449.00,87.85,1009.57,26.63,2.500,0.00,50.0,-0.00
3450.00,88.97,1011.80,26.63,2.500,0.00,50.0,-0.00
3451.00,90.09,1014.04,26.63,2.500,0.00,50.0,-0.00
3452.00,91.21,1016.27,26.63,2.500,0.00,50.0,-0.00
3453.00,92.33,1018.51,26.63,2.500,0.00,50.0,-0.00
3454.00,93.45,1020.74,26.63,2.500,0.00,50.0,-0.00
3455.00,94.57,1022.98,26.63,2.500,0.00,50.0,-0.00
3456.00,95.69,1025.21,26.63,2.500,0.00,50.0,-0.00
3457.00,96.81,1027.45,26.63,2.500,0.00,50.0,-0.00
3458.00,97.93,1029.68,26.63,2.500,0.00,50.0,-0.00
3459.00,99.05,1031.91,26.63,2.500,0.00,50.0,-0.00
3460.00,100.17,1034.15,26.63,2.500,0.00,50.0,-0.00
3461.00,101.29,1036.38,26.63,2.500,0.00,50.0,-0.00
3462.00,102.41,1038.62,26.63,2.500,0.00,50.0,-0.00
3463.00,103.53,1040.85,26.63,2.500,0.00,50.0,-0.00
3464.00,104.65,1043.09,26.63,2.500,0.00,50.0,-0.00
3465.00,105.77,1045.32,26.63,2.500,0.00,50.0,-0.00
3466.00,106.90,1047.56,26.63,2.500,0.00,50.0,-0.00
3467.00,108.02,1049.79,26.63,2.500,0.00,50.0,-0.00
3468.00,109.14,1052.03,26.63,2.500,0.00,50.0,-0.00
3469.00,110.26,1054.26,26.63,2.500,0.00,50.0,-0.00
3470.00,111.38,1056.50,26.63,2.500,0.00,50.0,-0.00
3471.00,112.50,1058.73,26.63,2.500,0.00,50.0,-0.00
3472.00,113.62,1060.97,26.63,2.500,0.00,50.0,-0.00
3473.00,114.74,1063.20,26.63,2.500,0.00,50.0,-0.00
3474.00,115.86,1065.44,26.63,2.500,0.00,50.0,-0.00
3475.00,116.98,1067.67,26.63,2.500,0.00,50.0,-0.00
3476.00,118.10,1069.91,26.63,2.500,0.00,50.0,-0.00
3477.00,119.22,1072.14,26.63,2.500,0.00,50.0,-0.00
3478.00,120.34,1074.38,26.63,2.500,0.00,50.0,-0.00
3479.00,121.46,1076.61,26.63,2.500,0.00,50.0,-0.00
3480.00,122.58,1078.85,26.63,2.500,0.00,50.0,-0.00
3481.00,123.70,1081.08,26.63,2.500,0.00,50.0,-0.00
3482.00,124.82,1083.32,26.63,2.500,0.00,50.0,-0.00
3483.00,125.94,1085.55,26.63,2.500,0.00,50.0,-0.00
3484.00,127.06,1087.79,26.63,2.500,0.00,50.0,-0.00
3485.00,128.18,1090.02,26.63,2.500,0.00,50.0,-0.00
3486.00,129.31,1092.26,26.63,2.500,0.00,50.0,-0.00
3487.00,130.43,1094.49,26.63,2.500,0.00,50.0,-0.00
3488.00,131.55,1096.72,26.63,2.500,0.00,50.0,-0.00
3489.00,132.67,1098.96,26.63,2.500,0.00,50.0,-0.00
3490.00,133.79,1101.19,26.63,2.500,0.00,50.0,-0.00
3491.00,134.91,1103.43,26.63,2.500,0.00,50.0,-0.00
3492.00,136.03,1105.66,26.63,2.500,0.00,50.0,-0.00
3493.00,137.15,1107.90,26.63,2.500,0.00,50.0,-0.00
3494.00,138.27,1110.13,26.63,2.500,0.00,50.0,-0.00
3495.00,139.39,1112.37,26.63,2.500,0.00,50.0,-0.00
3496.00,140.51,1114.60,26.63,2.500,0.00,50.0,-0.00
3497.00,141.63,1116.84,26.63,2.500,0.00,50.0,-0.00
3498.00,142.75,1119.07,26.63,2.500,0.00,50.0,-0.00
3499.00,143.87,1121.31,26.63,2.500,0.00,50.0,-0.00
3500.00,144.99,1123.54,26.63,2.500,0.00,50.0,-0.00
3501.00,146.11,1125.78,26.63,2.500,0.00,50.0,-0.00
3502.00,147.23,1128.01,26.63,2.500,0.00,50.0,-0.00
3503.00,148.35,1130.25,26.63,2.500,0.00,50.0,-0.00
3504.00,149.47,1132.48,26.63,2.500,0.00,50.0,-0.00
3505.00,150.60,1134.72,26.63,2.500,0.00,50.0,-0.00
3506.00,151.72,1136.95,26.63,2.500,0.00,50.0,-0.00
3507.00,152.84,1139.19,26.63,2.500,0.00,50.0,-0.00
3508.00,153.96,1141.42,26.63,2.500,0.00,50.0,-0.00
3509.00,155.08,1143.66,26.63,2.500,0.00,50.0,-0.00
3510.00,156.20,1145.89,26.63,2.500,0.00,50.0,-0.00
3511.00,157.32,1148.13,26.63,2.500,0.00,50.0,-0.00
3512.00,158.44,1150.36,26.63,2.500,0.00,50.0,-0.00
3513.00,159.56,1152.60,26.63,2.500,0.00,50.0,-0.00
3514.00,160.68,1154.83,26.63,2.500,0.00,50.0,-0.00
3515.00,161.80,1157.07,26.63,2.500,0.00,50.0,-0.00
3516.00,162.92,1159.30,26.63,2.500,0.00,50.0,-0.00
3517.00,164.04,1161.53,26.63,2.500,0.00,50.0,-0.00
3518.00,165.16,1163.77,26.63,2.500,0.00,50.0,-0.00
3519.00,166.28,1166.00,26.63,2.500,0.00,50.0,-0.00
3520.00,167.40,1168.24,26.63,2.500,0.00,50.0,-0.00
3521.00,168.52,1170.47,26.63,2.500,0.00,50.0,-0.00
3522.00,169.64,1172.71,26.63,2.500,0.00,50.0,-0.00
3523.00,170.76,1174.94,26.63,2.500,0.00,50.0,-0.00
3524.00,171.88,1177.18,26.63,2.500,0.00,50.0,-0.00
3525.00,173.01,1179.41,26.63,2.500,0.00,50.0,-0.00
3526.00,174.13,1181.65,26.63,2.500,0.00,50.0,-0.00
3527.00,175.25,1183.88,26.63,2.500,0.00,50.0,-0.00
3528.00,176.37,1186.12,26.63,2.500,0.00,50.0,-0.00
3529.00,177.49,1188.35,26.63,2.500,0.00,50.0,-0.00
3530.00,178.61,1190.59,26.63,2.500,0.00,50.0,-0.00
3531.00,179.73,1192.82,26.63,2.500,0.00,50.0,-0.00
3532.00,180.85,1195.06,26.63,2.500,0.00,50.0,-0.00
3533.00,181.97,1197.29,26.63,2.500,0.00,50.0,-0.00
3534.00,183.09,1199.53,26.63,2.500,0.00,50.0,-0.00
3535.00,184.21,1201.76,26.63,2.500,0.00,50.0,-0.00
3536.00,185.33,1204.00,26.63,2.500,0.00,50.0,-0.00
3537.00,186.45,1206.23,26.63,2.500,0.00,50.0,-0.00
3538.00,187.57,1208.47,26.63,2.500,0.00,50.0,-0.00
3539.00,188.69,1210.70,26.63,2.500,0.00,50.0,-0.00
3540.00,189.81,1212.94,26.63,2.500,0.00,50.0,-0.00
3541.00,190.93,1215.17,26.63,2.500,0.00,50.0,-0.00
3542.00,192.05,1217.41,26.63,2.500,0.00,50.0,-0.00
3543.00,193.17,1219.64,26.63,2.500,0.00,50.0,-0.00
3544.00,194.30,1221.88,26.63,2.500,0.00,50.0,-0.00
3545.00,195.42,1224.11,26.63,2.500,0.00,50.0,-0.00
3546.00,196.54,1226.34,26.63,2.500,0.00,50.0,-0.00
3547.00,197.66,1228.58,26.63,2.500,0.00,50.0,-0.00
3548.00,198.78,1230.81,26.63,2.500,0.00,50.0,-0.00
3549.00,199.90,1233.05,26.63,2.500,0.00,50.0,-0.00
3550.00,201.02,1235.28,26.63,2.500,0.00,50.0,-0.00
3551.00,202.14,1237.52,26.63,2.500,0.00,50.0,-0.00
3552.00,203.26,1239.75,26.63,2.500,0.00,50.0,-0.00
3553.00,204.38,1241.99,26.63,2.500,0.00,50.0,-0.00
3554.00,205.50,1244.22,26.63,2.500,0.00,50.0,-0.00
3555.00,206.62,1246.46,26.63,2.500,0.00,50.0,-0.00
3556.00,207.74,1248.69,26.63,2.500,0.00,50.0,-0.00
3557.00,208.86,1250.93,26.63,2.500,0.00,50.0,-0.00
3558.00,209.98,1253.16,26.63,2.500,0.00,50.0,-0.00
3559.00,211.10,1255.40,26.63,2.500,0.00,50.0,-0.00
3560.00,212.22,1257.63,26.63,2.500,0.00,50.0,-0.00
3561.00,213.34,1259.87,26.63,2.500,0.00,50.0,-0.00
3562.00,214.46,1262.10,26.63,2.500,0.00,50.0,-0.00
3563.00,215.58,1264.34,26.63,2.500,0.00,50.0,-0.00
3564.00,216.71,1266.57,26.63,2.500,0.00,50.0,-0.00
3565.00,217.83,1268.81,26.63,2.500,0.00,50.0,-0.00
3566.00,218.95,1271.04,26.63,2.500,0.00,50.0,-0.00
3567.00,220.07,1273.28,26.63,2.500,0.00,50.0,-0.00
3568.00,221.19,1275.51,26.63,2.500,0.00,50.0,-0.00
3569.00,222.31,1277.75,26.63,2.500,0.00,50.0,-0.00
3570.00,223.43,1279.98,26.63,2.500,0.00,50.0,-0.00
3571.00,224.55,1282.22,26.63,2.500,0.00,50.0,-0.00
3572.00,225.67,1284.45,26.63,2.500,0.00,50.0,-0.00
3573.00,226.79,1286.69,26.63,2.500,0.00,50.0,-0.00
3574.00,227.91,1288.92,26.63,2.500,0.00,50.0,-0.00
3575.00,229.03,1291.15,26.63,2.500,0.00,50.0,-0.00
3576.00,230.15,1293.39,26.63,2.500,0.00,50.0,-0.00
3577.00,231.27,1295.62,26.63,2.500,0.00,50.0,-0.00
3578.00,232.39,1297.86,26.63,2.500,0.00,50.0,-0.00
3579.00,233.51,1300.09,26.63,2.500,0.00,50.0,-0.00
3580.00,234.63,1302.33,26.63,2.500,0.00,50.0,-0.00
3581.00,235.75,1304.56,26.63,2.500,0.00,50.0,-0.00
3582.00,236.87,1306.80,26.63,2.500,0.00,50.0,-0.00
3583.00,237.99,1309.03,26.63,2.500,0.00,50.0,-0.00
3584.00,239.12,1311.27,26.63,2.500,0.00,50.0,-0.00
3585.00,240.24,1313.50,26.63,2.500,0.00,50.0,-0.00
3586.00,241.36,1315.74,26.63,2.500,0.00,50.0,-0.00
3587.00,242.48,1317.97,26.63,2.500,0.00,50.0,-0.00
3588.00,243.60,1320.21,26.63,2.500,0.00,50.0,-0.00
3589.00,244.72,1322.44,26.63,2.500,0.00,50.0,-0.00
3590.00,245.84,1324.68,26.63,2.500,0.00,50.0,-0.00
3591.00,246.96,1326.91,26.63,2.500,0.00,50.0,-0.00
3592.00,248.08,1329.15,26.63,2.500,0.00,50.0,-0.00
3593.00,249.20,1331.38,26.63,2.500,0.00,50.0,-0.00
3594.00,250.32,1333.62,26.63,2.500,0.00,50.0,-0.00
3595.00,251.44,1335.85,26.63,2.500,0.00,50.0,-0.00
3596.00,252.56,1338.09,26.63,2.500,0.00,50.0,-0.00
3597.00,253.68,1340.32,26.63,2.500,0.00,50.0,-0.00
3598.00,254.80,1342.56,26.63,2.500,0.00,50.0,-0.00
3599.00,255.92,1344.79,26.63,2.500,0.00,50.0,-0.00
3600.00,257.04,1347.03,26.63,2.500,0.00,50.0,-0.00
3601.00,258.16,1349.26,26.63,2.500,0.00,50.0,-0.00
3602.00,259.28,1351.50,26.63,2.500,0.00,50.0,-0.00
3603.00,260.41,1353.73,26.63,2.500,0.00,50.0,-0.00
3604.00,261.53,1355.96,26.63,2.500,0.00,50.0,-0.00
3605.00,262.65,1358.20,26.63,2.500,0.00,50.0,-0.00
3606.00,263.77,1360.43,26.63,2.500,0.00,50.0,-0.00
3607.00,264.89,1362.67,26.63,2.500,0.00,50.0,-0.00
3608.00,266.01,1364.90,26.63,2.500,0.00,50.0,-0.00
3609.00,267.13,1367.14,26.63,2.500,0.00,50.0,-0.00
3610.00,268.25,1369.37,26.63,2.500,0.00,50.0,-0.00
3611.00,269.37,1371.61,26.63,2.500,0.00,50.0,-0.00
3612.00,270.49,1373.84,26.63,2.500,0.00,50.0,-0.00
3613.00,271.61,1376.08,26.63,2.500,0.00,50.0,-0.00
3614.00,272.73,1378.31,26.63,2.500,0.00,50.0,-0.00
3615.00,273.85,1380.55,26.63,2.500,0.00,50.0,-0.00
3616.00,274.97,1382.78,26.63,2.500,0.00,50.0,-0.00
3617.00,276.09,1385.02,26.63,2.500,0.00,50.0,-0.00
3618.00,277.21,1387.25,26.63,2.500,0.00,50.0,-0.00
3619.00,278.33,1389.49,26.63,2.500,0.00,50.0,-0.00
3620.00,279.45,1391.72,26.63,2.500,0.00,50.0,-0.00
3621.00,280.57,1393.96,26.63,2.500,0.00,50.0,-0.00
3622.00,281.69,1396.19,26.63,2.500,0.00,50.0,-0.00
3623.00,282.82,1398.43,26.63,2.500,0.00,50.0,-0.00
3624.00,283.94,1400.66,26.63,2.500,0.00,50.0,-0.00
3625.00,285.06,1402.90,26.63,2.500,0.00,50.0,-0.00
3626.00,286.18,1405.13,26.63,2.500,0.00,50.0,-0.00
3627.00,287.30,1407.37,26.63,2.500,0.00,50.0,-0.00
3628.00,288.42,1409.60,26.63,2.500,0.00,50.0,-0.00
3629.00,289.54,1411.84,26.63,2.500,0.00,50.0,-0.00
3630.00,290.66,1414.07,26.63,2.500,0.00,50.0,-0.00
3631.00,291.78,1416.31,26.63,2.500,0.00,50.0,-0.00
3632.00,292.90,1418.54,26.63,2.500,0.00,50.0,-0.00
3633.00,294.02,1420.77,26.63,2.500,0.00,50.0,-0.00
3634.00,295.14,1423.01,26.63,2.500,0.00,50.0,-0.00
3635.00,296.26,1425.24,26.63,2.500,0.00,50.0,-0.00
3636.00,297.38,1427.48,26.63,2.500,0.00,50.0,-0.00
3637.00,298.50,1429.71,26.63,2.500,0.00,50.0,-0.00
3638.00,299.62,1431.95,26.63,2.500,0.00,50.0,-0.00
3639.00,300.74,1434.18,26.63,2.500,0.00,50.0,-0.00
3640.00,301.86,1436.42,26.63,2.500,0.00,50.0,-0.00
3641.00,302.98,1438.65,26.63,2.500,0.00,50.0,-0.00
3642.00,304.11,1440.89,26.63,2.500,0.00,50.0,-0.00
3643.00,305.23,1443.12,26.63,2.500,0.00,50.0,-0.00
3644.00,306.35,1445.36,26.63,2.500,0.00,50.0,-0.00
3645.00,307.47,1447.59,26.63,2.500,0.00,50.0,-0.00
3646.00,308.59,1449.83,26.63,2.500,0.00,50.0,-0.00
3647.00,309.71,1452.06,26.63,2.500,0.00,50.0,-0.00
3648.00,310.83,1454.30,26.63,2.500,0.00,50.0,-0.00
3649.00,311.95,1456.53,26.63,2.500,0.00,50.0,-0.00
3650.00,313.07,1458.77,26.63,2.500,0.00,50.0,-0.00
3651.00,314.19,1461.00,26.63,2.500,0.00,50.0,-0.00
3652.00,315.31,1463.24,26.63,2.500,0.00,50.0,-0.00
3653.00,316.43,1465.47,26.63,2.500,0.00,50.0,-0.00
3654.00,317.55,1467.71,26.63,2.500,0.00,50.0,-0.00
3655.00,318.67,1469.94,26.63,2.500,0.00,50.0,-0.00
3656.00,319.79,1472.18,26.63,2.500,0.00,50.0,-0.00
3657.00,320.91,1474.41,26.63,2.500,0.00,50.0,-0.00
3658.00,322.03,1476.65,26.63,2.500,0.00,50.0,-0.00
3659.00,323.15,1478.88,26.63,2.500,0.00,50.0,-0.00
3660.00,324.27,1481.12,26.63,2.500,0.00,50.0,-0.00
3661.00,325.39,1483.35,26.63,2.500,0.00,50.0,-0.00
3662.00,326.52,1485.58,26.63,2.500,0.00,50.0,-0.00
3663.00,327.64,1487.82,26.63,2.500,0.00,50.0,-0.00
3664.00,328.76,1490.05,26.63,2.500,0.00,50.0,-0.00
3665.00,329.88,1492.29,26.63,2.500,0.00,50.0,-0.00
3666.00,331.00,1494.52,26.63,2.500,0.00,50.0,-0.00
3667.00,332.12,1496.76,26.63,2.500,0.00,50.0,-0.00
3668.00,333.24,1498.99,26.63,2.500,0.00,50.0,-0.00
3669.00,334.36,1501.23,26.63,2.500,0.00,50.0,-0.00
3670.00,335.48,1503.46,26.63,2.500,0.00,50.0,-0.00
3671.00,336.60,1505.70,26.63,2.500,0.00,50.0,-0.00
3672.00,337.72,1507.93,26.63,2.500,0.00,50.0,-0.00
3673.00,338.84,1510.17,26.63,2.500,0.00,50.0,-0.00
3674.00,339.96,1512.40,26.63,2.500,0.00,50.0,-0.00
3675.00,341.08,1514.64,26.63,2.500,0.00,50.0,-0.00
3676.00,342.20,1516.87,26.63,2.500,0.00,50.0,-0.00
3677.00,343.32,1519.11,26.63,2.500,0.00,50.0,-0.00
3678.00,344.44,1521.34,26.63,2.500,0.00,50.0,-0.00
3679.00,345.56,1523.58,26.63,2.500,0.00,50.0,-0.00
3680.00,346.68,1525.81,26.63,2.500,0.00,50.0,-0.00
3681.00,347.81,1528.05,26.63,2.500,0.00,50.0,-0.00
3682.00,348.93,1530.28,26.63,2.500,0.00,50.0,-0.00
3683.00,350.05,1532.52,26.63,2.500,0.00,50.0,-0.00
3684.00,351.17,1534.75,26.63,2.500,0.00,50.0,-0.00
3685.00,352.29,1536.99,26.63,2.500,0.00,50.0,-0.00
3686.00,353.41,1539.22,26.63,2.500,0.00,50.0,-0.00
3687.00,354.53,1541.46,26.63,2.500,0.00,50.0,-0.00
3688.00,355.65,1543.69,26.63,2.500,0.00,50.0,-0.00
3689.00,356.77,1545.93,26.63,2.500,0.00,50.0,-0.00
3690.00,357.89,1548.16,26.63,2.500,0.00,50.0,-0.00
3691.00,359.01,1550.39,26.63,2.500,0.00,50.0,-0.00
3692.00,360.13,1552.63,26.63,2.500,0.00,50.0,-0.00
3693.00,361.25,1554.86,26.63,2.500,0.00,50.0,-0.00
3694.00,362.37,1557.10,26.63,2.500,0.00,50.0,-0.00
3695.00,363.49,1559.33,26.63,2.500,0.00,50.0,-0.00
3696.00,364.61,1561.57,26.63,2.500,0.00,50.0,-0.00
3697.00,365.73,1563.80,26.63,2.500,0.00,50.0,-0.00
3698.00,366.85,1566.04,26.63,2.500,0.00,50.0,-0.00
3699.00,367.97,1568.27,26.63,2.500,0.00,50.0,-0.00
3700.00,369.09,1570.51,26.63,2.500,0.00,50.0,-0.00
3701.00,370.22,1572.74,26.63,2.500,0.00,50.0,-0.00
3702.00,371.34,1574.98,26.63,2.500,0.00,50.0,-0.00
3703.00,372.46,1577.21,26.63,2.500,0.00,50.0,-0.00
3704.00,373.58,1579.45,26.63,2.500,0.00,50.0,-0.00
3705.00,374.70,1581.68,26.63,2.500,0.00,50.0,-0.00
3706.00,375.82,1583.92,26.63,2.500,0.00,50.0,-0.00
3707.00,376.94,1586.15,26.63,2.500,0.00,50.0,-0.00
3708.00,378.06,1588.39,26.63,2.500,0.00,50.0,-0.00
3709.00,379.18,1590.62,26.63,2.500,0.00,50.0,-0.00
3710.00,380.30,1592.86,26.63,2.500,0.00,50.0,-0.00
3711.00,381.42,1595.09,26.63,2.500,0.00,50.0,-0.00
3712.00,382.54,1597.33,26.63,2.500,0.00,50.0,-0.00
3713.00,383.66,1599.56,26.63,2.500,0.00,50.0,-0.00
3714.00,384.78,1601.80,26.63,2.500,0.00,50.0,-0.00
3715.00,385.90,1604.03,26.63,2.500,0.00,50.0,-0.00
3716.00,387.02,1606.27,26.63,2.500,0.00,50.0,-0.00
3717.00,388.14,1608.50,26.63,2.500,0.00,50.0,-0.00
3718.00,389.26,1610.74,26.63,2.500,0.00,50.0,-0.00
3719.00,390.38,1612.97,26.63,2.500,0.00,50.0,-0.00
3720.00,391.51,1615.20,26.63,2.500,0.00,50.0,-0.00
3721.00,392.63,1617.44,26.63,2.500,0.00,50.0,-0.00
3722.00,393.75,1619.67,26.63,2.500,0.00,50.0,-0.00
3723.00,394.87,1621.91,26.63,2.500,0.00,50.0,-0.00
3724.00,395.99,1624.14,26.63,2.500,0.00,50.0,-0.00
3725.00,397.11,1626.38,26.63,2.500,0.00,50.0,-0.00
3726.00,398.23,1628.61,26.63,2.500,0.00,50.0,-0.00
3727.00,399.35,1630.85,26.63,2.500,0.00,50.0,-0.00
3728.00,400.47,1633.08,26.63,2.500,0.00,50.0,-0.00
3729.00,401.59,1635.32,26.63,2.500,0.00,50.0,-0.00
3730.00,402.71,1637.55,26.63,2.500,0.00,50.0,-0.00
3731.00,403.83,1639.79,26.63,2.500,0.00,50.0,-0.00
3732.00,404.95,1642.02,26.63,2.500,0.00,50.0,-0.00
3733.00,406.07,1644.26,26.63,2.500,0.00,50.0,-0.00
3734.00,407.19,1646.49,26.63,2.500,0.00,50.0,-0.00
3735.00,408.31,1648.73,26.63,2.500,0.00,50.0,-0.00
3736.00,409.43,1650.96,26.63,2.500,0.00,50.0,-0.00
3737.00,410.55,1653.20,26.63,2.500,0.00,50.0,-0.00
3738.00,411.67,1655.43,26.63,2.500,0.00,50.0,-0.00
3739.00,412.79,1657.67,26.63,2.500,0.00,50.0,-0.00
3740.00,413.92,1659.90,26.63,2.500,0.00,50.0,-0.00
3741.00,415.04,1662.14,26.63,2.500,0.00,50.0,-0.00
3742.00,416.16,1664.37,26.63,2.500,0.00,50.0,-0.00
3743.00,417.28,1666.61,26.63,2.500,0.00,50.0,-0.00
3744.00,418.40,1668.84,26.63,2.500,0.00,50.0,-0.00
3745.00,419.52,1671.08,26.63,2.500,0.00,50.0,-0.00
3746.00,420.64,1673.31,26.63,2.500,0.00,50.0,-0.00
3747.00,421.76,1675.55,26.63,2.500,0.00,50.0,-0.00
3748.00,422.88,1677.78,26.63,2.500,0.00,50.0,-0.00
3749.00,424.00,1680.01,26.63,2.500,0.00,50.0,-0.00
3750.00,425.12,1682.25,26.63,2.500,0.00,50.0,-0.00
3751.00,426.24,1684.48,26.63,2.500,0.00,50.0,-0.00
3752.00,427.36,1686.72,26.63,2.500,0.00,50.0,-0.00
3753.00,428.48,1688.95,26.63,2.500,0.00,50.0,-0.00
3754.00,429.60,1691.19,26.63,2.500,0.00,50.0,-0.00
3755.00,430.72,1693.42,26.63,2.500,0.00,50.0,-0.00
3756.00,431.84,1695.66,26.63,2.500,0.00,50.0,-0.00
3757.00,432.96,1697.89,26.63,2.500,0.00,50.0,-0.00
3758.00,434.08,1700.13,26.63,2.500,0.00,50.0,-0.00
3759.00,435.21,1702.36,26.63,2.500,0.00,50.0,-0.00
3760.00,436.33,1704.60,26.63,2.500,0.00,50.0,-0.00
3761.00,437.45,1706.83,26.63,2.500,0.00,50.0,-0.00
3762.00,438.57,1709.07,26.63,2.500,0.00,50.0,-0.00
3763.00,439.69,1711.30,26.63,2.500,0.00,50.0,-0.00
3764.00,440.81,1713.54,26.63,2.500,0.00,50.0,-0.00
3765.00,441.93,1715.77,26.63,2.500,0.00,50.0,-0.00
3766.00,443.05,1718.01,26.63,2.500,0.00,50.0,-0.00
3767.00,444.17,1720.24,26.63,2.500,0.00,50.0,-0.00
3768.00,445.29,1722.48,26.63,2.500,0.00,50.0,-0.00
3769.00,446.41,1724.71,26.63,2.500,0.00,50.0,-0.00
3770.00,447.53,1726.95,26.63,2.500,0.00,50.0,-0.00
3771.00,448.65,1729.18,26.63,2.500,0.00,50.0,-0.00
3772.00,449.77,1731.42,26.63,2.500,0.00,50.0,-0.00
3773.00,450.89,1733.65,26.63,2.500,0.00,50.0,-0.00
3774.00,452.01,1735.89,26.63,2.500,0.00,50.0,-0.00
3775.00,453.13,1738.12,26.63,2.500,0.00,50.0,-0.00
3776.00,454.25,1740.36,26.63,2.500,0.00,50.0,-0.00
3777.00,455.37,1742.59,26.63,2.500,0.00,50.0,-0.00
3778.00,456.49,1744.82,26.63,2.500,0.00,50.0,-0.00
3779.00,457.62,1747.06,26.63,2.500,0.00,50.0,-0.00
3780.00,458.74,1749.29,26.63,2.500,0.00,50.0,-0.00
3781.00,459.86,1751.53,26.63,2.500,0.00,50.0,-0.00
3782.00,460.98,1753.76,26.63,2.500,0.00,50.0,-0.00
3783.00,462.10,1756.00,26.63,2.500,0.00,50.0,-0.00
3784.00,463.22,1758.23,26.63,2.500,0.00,50.0,-0.00
3785.00,464.34,1760.47,26.63,2.500,0.00,50.0,-0.00
3786.00,465.46,1762.70,26.63,2.500,0.00,50.0,-0.00
3787.00,466.58,1764.94,26.63,2.500,0.00,50.0,-0.00
3788.00,467.70,1767.17,26.63,2.500,0.00,50.0,-0.00
3789.00,468.82,1769.41,26.63,2.500,0.00,50.0,-0.00
3790.00,469.94,1771.64,26.63,2.500,0.00,50.0,-0.00
3791.00,471.06,1773.88,26.63,2.500,0.00,50.0,-0.00
3792.00,472.18,1776.11,26.63,2.500,0.00,50.0,-0.00
3793.00,473.30,1778.35,26.63,2.500,0.00,50.0,-0.00
3794.00,474.42,1780.58,26.63,2.500,0.00,50.0,-0.00
3795.00,475.54,1782.82,26.63,2.500,0.00,50.0,-0.00
3796.00,476.66,1785.05,26.63,2.500,0.00,50.0,-0.00
3797.00,477.78,1787.29,26.63,2.500,0.00,50.0,-0.00
3798.00,478.91,1789.52,26.63,2.500,0.00,50.0,-0.00
3799.00,480.03,1791.76,26.63,2.500,0.00,50.0,-0.00
3800.00,481.15,1793.99,26.63,2.500,0.00,50.0,-0.00
3801.00,482.27,1796.23,26.63,2.500,0.00,50.0,-0.00
3802.00,483.39,1798.46,26.63,2.500,0.00,50.0,-0.00
3803.00,484.51,1800.70,26.63,2.500,0.00,50.0,-0.00
3804.00,485.63,1802.93,26.63,2.500,0.00,50.0,-0.00
3805.00,486.75,1805.17,26.63,2.500,0.00,50.0,-0.00
3806.00,487.87,1807.40,26.63,2.500,0.00,50.0,-0.00
3807.00,488.99,1809.63,26.63,2.500,0.00,50.0,-0.00
3808.00,490.11,1811.87,26.63,2.500,0.00,50.0,-0.00
3809.00,491.23,1814.10,26.63,2.500,0.00,50.0,-0.00
3810.00,492.35,1816.34,26.63,2.500,0.00,50.0,-0.00
3811.00,493.47,1818.57,26.63,2.500,0.00,50.0,-0.00
3812.00,494.59,1820.81,26.63,2.500,0.00,50.0,-0.00
3813.00,495.71,1823.04,26.63,2.500,0.00,50.0,-0.00
3814.00,496.83,1825.28,26.63,2.500,0.00,50.0,-0.00
3815.00,497.95,1827.51,26.63,2.500,0.00,50.0,-0.00
3816.00,499.07,1829.75,26.63,2.500,0.00,50.0,-0.00
3817.00,500.19,1831.98,26.63,2.500,0.00,50.0,-0.00
3818.00,501.32,1834.22,26.63,2.500,0.00,50.0,-0.00
3819.00,502.44,1836.45,26.63,2.500,0.00,50.0,-0.00
3820.00,503.56,1838.69,26.63,2.500,0.00,50.0,-0.00
3821.00,504.68,1840.92,26.63,2.500,0.00,50.0,-0.00
3822.00,505.80,1843.16,26.63,2.500,0.00,50.0,-0.00
3823.00,506.92,1845.39,26.63,2.500,0.00,50.0,-0.00
3824.00,508.04,1847.63,26.63,2.500,0.00,50.0,-0.00
3825.00,509.16,1849.86,26.63,2.500,0.00,50.0,-0.00
3826.00,510.28,1852.10,26.63,2.500,0.00,50.0,-0.00
3827.00,511.40,1854.33,26.63,2.500,0.00,50.0,-0.00
3828.00,512.52,1856.57,26.63,2.500,0.00,50.0,-0.00
3829.00,513.64,1858.80,26.63,2.500,0.00,50.0,-0.00
3830.00,514.76,1861.04,26.63,2.500,0.00,50.0,-0.00
3831.00,515.88,1863.27,26.63,2.500,0.00,50.0,-0.00
3832.00,517.00,1865.51,26.63,2.500,0.00,50.0,-0.00
3833.00,518.12,1867.74,26.63,2.500,0.00,50.0,-0.00
3834.00,519.24,1869.98,26.63,2.500,0.00,50.0,-0.00
3835.00,520.36,1872.21,26.63,2.500,0.00,50.0,-0.00
3836.00,521.48,1874.44,26.63,2.500,0.00,50.0,-0.00
3837.00,522.61,1876.68,26.63,2.500,0.00,50.0,-0.00
3838.00,523.73,1878.91,26.63,2.500,0.00,50.0,-0.00
3839.00,524.85,1881.15,26.63,2.500,0.00,50.0,-0.00
3840.00,525.97,1883.38,26.63,2.500,0.00,50.0,-0.00
3841.00,527.09,1885.62,26.63,2.500,0.00,50.0,-0.00
3842.00,528.21,1887.85,26.63,2.500,0.00,50.0,-0.00
3843.00,529.33,1890.09,26.63,2.500,0.00,50.0,-0.00
3844.00,530.45,1892.32,26.63,2.500,0.00,50.0,-0.00
3845.00,531.57,1894.56,26.63,2.500,0.00,50.0,-0.00
3846.00,532.69,1896.79,26.63,2.500,0.00,50.0,-0.00
3847.00,533.81,1899.03,26.63,2.500,5.00,50.0,0.06
3848.00,534.93,1901.26,26.63,2.500,5.00,50.0,0.11
3849.00,536.05,1903.50,26.63,2.500,5.00,50.0,0.17
3850.00,537.17,1905.73,26.64,2.500,5.00,50.0,0.22
3851.00,538.29,1907.97,26.64,2.500,5.00,50.0,0.27
3852.00,539.41,1910.20,26.65,2.500,5.00,50.0,0.32
3853.00,540.54,1912.44,26.65,2.500,5.00,50.0,0.36
3854.00,541.66,1914.67,26.66,2.500,5.00,50.0,0.41
3855.00,542.78,1916.90,26.67,2.500,5.00,50.0,0.45
3856.00,543.90,1919.14,26.68,2.500,5.00,50.0,0.49
3857.00,545.02,1921.37,26.68,2.500,5.00,50.0,0.53
3858.00,546.15,1923.61,26.69,2.500,5.00,50.0,0.57
3859.00,547.27,1925.84,26.70,2.500,5.00,50.0,0.61
3860.00,548.39,1928.07,26.72,2.500,5.00,50.0,0.65
3861.00,549.52,1930.31,26.73,2.500,5.00,50.0,0.68
3862.00,550.64,1932.54,26.74,2.500,10.00,50.0,0.77
3863.00,551.77,1934.77,26.75,2.500,10.00,50.0,0.86
3864.00,552.89,1937.00,26.77,2.500,10.00,50.0,0.95
3865.00,554.02,1939.24,26.79,2.500,10.00,50.0,1.03
3866.00,555.14,1941.47,26.81,2.500,10.00,50.0,1.11
3867.00,556.27,1943.70,26.83,2.500,10.00,50.0,1.19
3868.00,557.40,1945.93,26.85,2.500,10.00,50.0,1.26
3869.00,558.53,1948.16,26.87,2.500,10.00,50.0,1.34
3870.00,559.66,1950.39,26.89,2.500,10.00,50.0,1.41
3871.00,560.79,1952.62,26.92,2.500,10.00,50.0,1.47
3872.00,561.92,1954.85,26.94,2.500,10.00,50.0,1.54
3873.00,563.05,1957.08,26.97,2.500,10.00,50.0,1.60
3874.00,564.19,1959.31,27.00,2.500,10.00,50.0,1.66
3875.00,565.32,1961.53,27.03,2.500,10.00,50.0,1.72
3876.00,566.46,1963.76,27.06,2.500,10.00,50.0,1.78
3877.00,567.59,1965.99,27.09,2.500,10.00,50.0,1.83
3878.00,568.73,1968.21,27.12,2.500,15.00,50.0,1.94
3879.00,569.87,1970.44,27.15,2.500,15.00,50.0,2.05
3880.00,571.01,1972.66,27.19,2.500,15.00,50.0,2.15
3881.00,572.16,1974.89,27.23,2.500,15.00,50.0,2.25
3882.00,573.30,1977.11,27.26,2.500,15.00,50.0,2.35
3883.00,574.44,1979.33,27.31,2.500,15.00,50.0,2.44
3884.00,575.59,1981.55,27.35,2.500,15.00,50.0,2.53
3885.00,576.74,1983.77,27.39,2.500,15.00,50.0,2.62
3886.00,577.89,1985.99,27.44,2.500,15.00,50.0,2.70
3887.00,579.04,1988.21,27.48,2.500,15.00,50.0,2.78
3888.00,580.20,1990.43,27.53,2.500,15.00,50.0,2.86
3889.00,581.35,1992.65,27.58,2.500,15.00,50.0,2.94
3890.00,582.51,1994.86,27.63,2.500,15.00,50.0,3.01
3891.00,583.67,1997.08,27.68,2.500,15.00,50.0,3.08
3892.00,584.83,1999.29,27.73,2.500,15.00,50.0,3.15
3893.00,585.99,2001.50,27.79,2.500,15.00,50.0,3.22
3894.00,587.16,2003.72,27.84,2.500,15.00,50.0,3.28
3895.00,588.33,2005.93,27.90,2.500,15.00,50.0,3.34
3896.00,589.50,2008.14,27.95,2.500,15.00,50.0,3.40
3897.00,590.67,2010.34,28.01,2.500,15.00,50.0,3.46
3898.00,591.84,2012.55,28.07,2.500,15.00,50.0,3.52
3899.00,593.02,2014.76,28.13,2.500,15.00,50.0,3.57
3900.00,594.20,2016.96,28.19,2.500,15.00,50.0,3.63
3901.00,595.38,2019.17,28.25,2.500,15.00,50.0,3.68
3902.00,596.56,2021.37,28.31,2.500,15.00,50.0,3.72
3903.00,597.75,2023.57,28.38,2.500,15.00,50.0,3.77
3904.00,598.94,2025.77,28.44,2.500,15.00,50.0,3.82
3905.00,600.13,2027.97,28.50,2.500,15.00,50.0,3.86
3906.00,601.32,2030.16,28.57,2.500,15.00,50.0,3.90
3907.00,602.51,2032.36,28.64,2.500,15.00,50.0,3.95
3908.00,603.71,2034.55,28.70,2.500,15.00,50.0,3.99
3909.00,604.91,2036.75,28.77,2.500,15.00,50.0,4.02
3910.00,606.12,2038.94,28.84,2.500,15.00,50.0,4.06
3911.00,607.32,2041.13,28.91,2.500,15.00,50.0,4.10
3912.00,608.53,2043.32,28.97,2.500,15.00,50.0,4.13
3913.00,609.74,2045.50,29.04,2.500,15.00,50.0,4.17
3914.00,610.96,2047.69,29.11,2.500,15.00,50.0,4.20
3915.00,612.17,2049.87,29.18,2.500,15.00,50.0,4.23
3916.00,613.39,2052.06,29.26,2.500,15.00,50.0,4.26
3917.00,614.61,2054.24,29.33,2.500,15.00,50.0,4.29
3918.00,615.84,2056.42,29.40,2.500,15.00,50.0,4.32
3919.00,617.06,2058.59,29.47,2.500,15.00,50.0,4.35
3920.00,618.29,2060.77,29.54,2.500,15.00,50.0,4.37
3921.00,619.53,2062.95,29.62,2.500,15.00,50.0,4.40
3922.00,620.76,2065.12,29.69,2.500,15.00,50.0,4.42
3923.00,622.00,2067.29,29.76,2.500,15.00,50.0,4.45
3924.00,623.24,2069.46,29.84,2.500,15.00,50.0,4.47
3925.00,624.49,2071.63,29.91,2.500,15.00,50.0,4.49
3926.00,625.73,2073.80,29.99,2.500,15.00,50.0,4.51
3927.00,626.98,2075.96,30.07,2.500,15.00,50.0,4.54
3928.00,628.23,2078.13,30.14,2.500,15.00,50.0,4.56
3929.00,629.49,2080.29,30.22,2.500,15.00,50.0,4.57
3930.00,630.75,2082.45,30.29,2.500,15.00,50.0,4.59
3931.00,632.01,2084.61,30.37,2.500,15.00,50.0,4.61
3932.00,633.27,2086.76,30.45,2.500,15.00,50.0,4.63
3933.00,634.54,2088.92,30.53,2.500,15.00,50.0,4.65
3934.00,635.81,2091.07,30.60,2.500,15.00,50.0,4.66
3935.00,637.08,2093.22,30.68,2.500,15.00,50.0,4.68
3936.00,638.36,2095.37,30.76,2.500,15.00,50.0,4.69
3937.00,639.64,2097.52,30.84,2.500,15.00,50.0,4.71
3938.00,640.92,2099.67,30.92,2.500,15.00,50.0,4.72
3939.00,642.20,2101.81,31.00,2.500,15.00,50.0,4.74
3940.00,643.49,2103.96,31.07,2.500,15.00,50.0,4.75
3941.00,644.78,2106.10,31.15,2.500,15.00,50.0,4.76
3942.00,646.07,2108.24,31.23,2.500,15.00,50.0,4.78
3943.00,647.37,2110.38,31.31,2.500,15.00,50.0,4.79
3944.00,648.67,2112.51,31.39,2.500,15.00,50.0,4.80
3945.00,649.97,2114.65,31.47,2.500,15.00,50.0,4.81
3946.00,651.28,2116.78,31.55,2.500,15.00,50.0,4.82
3947.00,652.59,2118.91,31.63,2.500,15.00,50.0,4.83
3948.00,653.90,2121.04,31.72,2.500,15.00,50.0,4.84
3949.00,655.21,2123.16,31.80,2.500,15.00,50.0,4.85
3950.00,656.53,2125.29,31.88,2.500,15.00,50.0,4.86
3951.00,657.85,2127.41,31.96,2.500,15.00,50.0,4.87
3952.00,659.17,2129.53,32.04,2.500,15.00,50.0,4.88
3953.00,660.50,2131.65,32.12,2.500,15.00,50.0,4.89
3954.00,661.83,2133.77,32.20,2.500,15.00,50.0,4.90
3955.00,663.16,2135.88,32.29,2.500,15.00,50.0,4.91
3956.00,664.50,2138.00,32.37,2.500,15.00,50.0,4.92
3957.00,665.83,2140.11,32.45,2.500,15.00,50.0,4.92
3958.00,667.17,2142.22,32.53,2.500,15.00,50.0,4.93
3959.00,668.52,2144.33,32.61,2.500,15.00,50.0,4.94
3960.00,669.87,2146.43,32.70,2.500,15.00,50.0,4.94
3961.00,671.22,2148.54,32.78,2.500,15.00,50.0,4.95
3962.00,672.57,2150.64,32.86,2.500,15.00,50.0,4.96
3963.00,673.93,2152.74,32.94,2.500,15.00,50.0,4.96
3964.00,675.29,2154.84,33.03,2.500,15.00,50.0,4.97
3965.00,676.65,2156.93,33.11,2.500,15.00,50.0,4.98
3966.00,678.01,2159.03,33.19,2.500,15.00,50.0,4.98
3967.00,679.38,2161.12,33.28,2.500,15.00,50.0,4.99
3968.00,680.76,2163.21,33.36,2.500,15.00,50.0,4.99
3969.00,682.13,2165.30,33.44,2.500,15.00,50.0,5.00
3970.00,683.51,2167.38,33.53,2.500,15.00,50.0,5.00
3971.00,684.89,2169.47,33.61,2.500,15.00,50.0,5.01
3972.00,686.27,2171.55,33.69,2.500,15.00,50.0,5.01
3973.00,687.66,2173.63,33.78,2.500,15.00,50.0,5.02
3974.00,689.05,2175.71,33.86,2.500,15.00,50.0,5.02
3975.00,690.44,2177.78,33.94,2.500,15.00,50.0,5.02
3976.00,691.84,2179.86,34.03,2.500,15.00,50.0,5.03
3977.00,693.24,2181.93,34.11,2.500,15.00,50.0,5.03
3978.00,694.64,2184.00,34.19,2.500,15.00,50.0,5.04
3979.00,696.04,2186.07,34.28,2.500,15.00,50.0,5.04
3980.00,697.45,2188.13,34.36,2.500,15.00,50.0,5.04
3981.00,698.86,2190.20,34.45,2.500,15.00,50.0,5.05
3982.00,700.28,2192.26,34.53,2.500,15.00,50.0,5.05
3983.00,701.69,2194.32,34.62,2.500,15.00,50.0,5.05
3984.00,703.11,2196.37,34.70,2.500,15.00,50.0,5.05
3985.00,704.54,2198.43,34.78,2.500,15.00,50.0,5.06
3986.00,705.96,2200.48,34.87,2.500,15.00,50.0,5.06
3987.00,707.39,2202.53,34.95,2.500,15.00,50.0,5.06
3988.00,708.83,2204.58,35.04,2.500,15.00,50.0,5.07
3989.00,710.26,2206.63,35.12,2.500,15.00,50.0,5.07
3990.00,711.70,2208.67,35.21,2.500,15.00,50.0,5.07
3991.00,713.14,2210.72,35.29,2.500,15.00,50.0,5.07
3992.00,714.58,2212.76,35.38,2.500,15.00,50.0,5.08
3993.00,716.03,2214.80,35.46,2.500,15.00,50.0,5.08
3994.00,717.48,2216.83,35.54,2.500,15.00,50.0,5.08
3995.00,718.94,2218.87,35.63,2.500,15.00,50.0,5.08
3996.00,720.39,2220.90,35.71,2.500,15.00,50.0,5.08
3997.00,721.85,2222.93,35.80,2.500,15.00,50.0,5.09
3998.00,723.31,2224.96,35.88,2.500,15.00,50.0,5.09
3999.00,724.78,2226.98,35.97,2.500,15.00,50.0,5.09
4000.00,726.25,2229.01,36.05,2.500,15.00,50.0,5.09
4001.00,727.72,2231.03,36.14,2.500,15.00,50.0,5.09
4002.00,729.19,2233.05,36.22,2.500,15.00,50.0,5.10
4003.00,730.67,2235.06,36.31,2.500,15.00,50.0,5.10
4004.00,732.15,2237.08,36.39,2.500,15.00,50.0,5.10
4005.00,733.63,2239.09,36.48,2.500,15.00,50.0,5.10
4006.00,735.12,2241.10,36.56,2.500,15.00,50.0,5.10
4007.00,736.61,2243.11,36.65,2.500,15.00,50.0,5.10
4008.00,738.10,2245.11,36.73,2.500,15.00,50.0,5.10
4009.00,739.60,2247.12,36.82,2.500,15.00,50.0,5.11
4010.00,741.09,2249.12,36.90,2.500,15.00,50.0,5.11
4011.00,742.60,2251.12,36.99,2.500,15.00,50.0,5.11
4012.00,744.10,2253.11,37.07,2.500,15.00,50.0,5.11
4013.00,745.61,2255.11,37.16,2.500,15.00,50.0,5.11
4014.00,747.12,2257.10,37.24,2.500,15.00,50.0,5.11
4015.00,748.63,2259.09,37.33,2.500,15.00,50.0,5.11
4016.00,750.15,2261.08,37.41,2.500,15.00,50.0,5.11
4017.00,751.67,2263.07,37.50,2.500,15.00,50.0,5.11
4018.00,753.19,2265.05,37.58,2.500,15.00,50.0,5.12
4019.00,754.71,2267.03,37.67,2.500,15.00,50.0,5.12
4020.00,756.24,2269.01,37.76,2.500,15.00,50.0,5.12
4021.00,757.77,2270.99,37.84,2.500,15.00,50.0,5.12
4022.00,759.30,2272.96,37.93,2.500,15.00,50.0,5.12
4023.00,760.84,2274.93,38.01,2.500,15.00,50.0,5.12
4024.00,762.38,2276.90,38.10,2.500,15.00,50.0,5.12
4025.00,763.92,2278.87,38.18,2.500,15.00,50.0,5.12
4026.00,765.47,2280.83,38.27,2.500,15.00,50.0,5.12
4027.00,767.02,2282.80,38.35,2.500,15.00,50.0,5.12
4028.00,768.57,2284.76,38.44,2.500,15.00,50.0,5.12
4029.00,770.12,2286.72,38.52,2.500,15.00,50.0,5.12
4030.00,771.68,2288.67,38.61,2.500,15.00,50.0,5.12
4031.00,773.24,2290.62,38.69,2.500,15.00,50.0,5.12
4032.00,774.80,2292.58,38.78,2.500,15.00,50.0,5.13
4033.00,776.37,2294.53,38.87,2.500,15.00,50.0,5.13
4034.00,777.94,2296.47,38.95,2.500,15.00,50.0,5.13
4035.00,779.51,2298.42,39.04,2.500,15.00,50.0,5.13
4036.00,781.08,2300.36,39.12,2.500,15.00,50.0,5.13
4037.00,782.66,2302.30,39.21,2.500,15.00,50.0,5.13
4038.00,784.24,2304.23,39.29,2.500,15.00,50.0,5.13
4039.00,785.82,2306.17,39.38,2.500,15.00,50.0,5.13
4040.00,787.41,2308.10,39.46,2.500,15.00,50.0,5.13
4041.00,789.00,2310.03,39.55,2.500,15.00,50.0,5.13
4042.00,790.59,2311.96,39.63,2.500,15.00,50.0,5.13
4043.00,792.19,2313.88,39.72,2.500,15.00,50.0,5.13
4044.00,793.78,2315.81,39.81,2.500,15.00,50.0,5.13
4045.00,795.38,2317.73,39.89,2.500,15.00,50.0,5.13
4046.00,796.99,2319.65,39.98,2.500,15.00,50.0,5.13
4047.00,798.59,2321.56,40.06,2.500,15.00,50.0,5.13
4048.00,800.20,2323.48,40.15,2.500,15.00,50.0,5.13
4049.00,801.81,2325.39,40.23,2.500,15.00,50.0,5.13
4050.00,803.43,2327.29,40.32,2.500,15.00,50.0,5.13
4051.00,805.05,2329.20,40.40,2.500,15.00,50.0,5.13
4052.00,806.67,2331.10,40.49,2.500,15.00,50.0,5.13
4053.00,808.29,2333.01,40.58,2.500,15.00,50.0,5.13
4054.00,809.92,2334.91,40.66,2.500,15.00,50.0,5.13
4055.00,811.55,2336.80,40.75,2.500,15.00,50.0,5.13
4056.00,813.18,2338.70,40.83,2.500,15.00,50.0,5.14
4057.00,814.81,2340.59,40.92,2.500,15.00,50.0,5.14
4058.00,816.45,2342.48,41.00,2.500,15.00,50.0,5.14
4059.00,818.09,2344.36,41.09,2.500,15.00,50.0,5.14
4060.00,819.73,2346.25,41.17,2.500,15.00,50.0,5.14
4061.00,821.38,2348.13,41.26,2.500,15.00,50.0,5.14
4062.00,823.03,2350.01,41.35,2.500,15.00,50.0,5.14
4063.00,824.68,2351.88,41.43,2.500,15.00,50.0,5.14
4064.00,826.33,2353.76,41.52,2.500,15.00,50.0,5.14
4065.00,827.99,2355.63,41.60,2.500,15.00,50.0,5.14
4066.00,829.65,2357.50,41.69,2.500,15.00,50.0,5.14
4067.00,831.31,2359.37,41.77,2.500,15.00,50.0,5.14
4068.00,832.98,2361.23,41.86,2.500,15.00,50.0,5.14
4069.00,834.65,2363.09,41.95,2.500,15.00,50.0,5.14
4070.00,836.32,2364.95,42.03,2.500,15.00,50.0,5.14
4071.00,837.99,2366.81,42.12,2.500,15.00,50.0,5.14
4072.00,839.67,2368.66,42.20,2.500,15.00,50.0,5.14
4073.00,841.35,2370.52,42.29,2.500,15.00,50.0,5.14
4074.00,843.03,2372.37,42.37,2.500,15.00,50.0,5.14
4075.00,844.71,2374.21,42.46,2.500,15.00,50.0,5.14
4076.00,846.40,2376.06,42.54,2.500,15.00,50.0,5.14
4077.00,848.09,2377.90,42.63,2.500,15.00,50.0,5.14
4078.00,849.79,2379.74,42.72,2.500,15.00,50.0,5.14
4079.00,851.48,2381.58,42.80,2.500,15.00,50.0,5.14
4080.00,853.18,2383.41,42.89,2.500,15.00,50.0,5.14
4081.00,854.88,2385.24,42.97,2.500,15.00,50.0,5.14
4082.00,856.59,2387.07,43.06,2.500,15.00,50.0,5.14
4083.00,858.29,2388.90,43.14,2.500,15.00,50.0,5.14
4084.00,860.00,2390.72,43.23,2.500,15.00,50.0,5.14
4085.00,861.71,2392.54,43.32,2.500,15.00,50.0,5.14
4086.00,863.43,2394.36,43.40,2.500,15.00,50.0,5.14
4087.00,865.15,2396.18,43.49,2.500,15.00,50.0,5.14
4088.00,866.87,2397.99,43.57,2.500,15.00,50.0,5.14
4089.00,868.59,2399.80,43.66,2.500,15.00,50.0,5.14
4090.00,870.32,2401.61,43.74,2.500,15.00,50.0,5.14
4091.00,872.05,2403.42,43.83,2.500,15.00,50.0,5.14
4092.00,873.78,2405.22,43.92,2.500,15.00,50.0,5.14
4093.00,875.51,2407.02,44.00,2.500,15.00,50.0,5.14
4094.00,877.25,2408.82,44.09,2.500,15.00,50.0,5.14
4095.00,878.99,2410.62,44.17,2.500,15.00,50.0,5.14
4096.00,880.73,2412.41,44.26,2.500,15.00,50.0,5.14
4097.00,882.47,2414.20,44.34,2.500,15.00,50.0,5.14
4098.00,884.22,2415.99,44.43,2.500,15.00,50.0,5.14
4099.00,885.97,2417.77,44.52,2.500,15.00,50.0,5.14
4100.00,887.72,2419.56,44.60,2.500,15.00,50.0,5.14
4101.00,889.48,2421.34,44.69,2.500,15.00,50.0,5.14
4102.00,891.24,2423.11,44.77,2.500,15.00,50.0,5.14
4103.00,893.00,2424.89,44.86,2.500,15.00,50.0,5.14
4104.00,894.76,2426.66,44.94,2.500,15.00,50.0,5.14
4105.00,896.53,2428.43,45.03,2.500,15.00,50.0,5.14
4106.00,898.30,2430.20,45.11,2.500,15.00,50.0,5.14
4107.00,900.07,2431.96,45.20,2.500,15.00,50.0,5.14
4108.00,901.84,2433.72,45.29,2.500,15.00,50.0,5.14
4109.00,903.62,2435.48,45.37,2.500,15.00,50.0,5.14
4110.00,905.40,2437.24,45.46,2.500,15.00,50.0,5.14
4111.00,907.18,2438.99,45.54,2.500,15.00,50.0,5.14
4112.00,908.96,2440.74,45.63,2.500,15.00,50.0,5.14
4113.00,910.75,2442.49,45.71,2.500,15.00,50.0,5.14
4114.00,912.54,2444.24,45.80,2.500,15.00,50.0,5.14
4115.00,914.33,2445.98,45.89,2.500,15.00,50.0,5.14
4116.00,916.13,2447.72,45.97,2.500,15.00,50.0,5.14
4117.00,917.92,2449.46,46.06,2.500,15.00,50.0,5.14
4118.00,919.72,2451.19,46.14,2.500,15.00,50.0,5.14
4119.00,921.53,2452.92,46.23,2.500,15.00,50.0,5.14
4120.00,923.33,2454.65,46.31,2.500,15.00,50.0,5.14
4121.00,925.14,2456.38,46.40,2.500,15.00,50.0,5.14
4122.00,926.95,2458.10,46.49,2.500,15.00,50.0,5.14
4123.00,928.76,2459.83,46.57,2.500,15.00,50.0,5.14
4124.00,930.58,2461.54,46.66,2.500,15.00,50.0,5.14
4125.00,932.40,2463.26,46.74,2.500,15.00,50.0,5.14
4126.00,934.22,2464.97,46.83,2.500,15.00,50.0,5.14
4127.00,936.04,2466.68,46.91,2.500,15.00,50.0,5.14
4128.00,937.87,2468.39,47.00,2.500,15.00,50.0,5.14
4129.00,939.70,2470.10,47.09,2.500,15.00,50.0,5.14
4130.00,941.53,2471.80,47.17,2.500,15.00,50.0,5.14
4131.00,943.36,2473.50,47.26,2.500,15.00,50.0,5.14
4132.00,945.20,2475.19,47.34,2.500,15.00,50.0,5.14
4133.00,947.03,2476.89,47.43,2.500,15.00,50.0,5.14
4134.00,948.88,2478.58,47.51,2.500,15.00,50.0,5.14
4135.00,950.72,2480.27,47.60,2.500,15.00,50.0,5.14
4136.00,952.57,2481.95,47.69,2.500,15.00,50.0,5.14
4137.00,954.41,2483.64,47.77,2.500,15.00,50.0,5.14
4138.00,956.27,2485.32,47.86,2.500,15.00,50.0,5.14
4139.00,958.12,2486.99,47.94,2.500,15.00,50.0,5.14
4140.00,959.98,2488.67,48.03,2.500,15.00,50.0,5.14
4141.00,961.83,2490.34,48.11,2.500,15.00,50.0,5.14
4142.00,963.70,2492.01,48.20,2.500,15.00,50.0,5.14
4143.00,965.56,2493.68,48.29,2.500,15.00,50.0,5.14
4144.00,967.43,2495.34,48.37,2.500,15.00,50.0,5.14
4145.00,969.29,2497.00,48.46,2.500,15.00,50.0,5.14
4146.00,971.17,2498.66,48.54,2.500,15.00,50.0,5.14
4147.00,973.04,2500.31,48.63,2.500,15.00,50.0,5.14
4148.00,974.91,2501.97,48.71,2.500,15.00,50.0,5.14
4149.00,976.79,2503.62,48.80,2.500,15.00,50.0,5.14
4150.00,978.67,2505.26,48.89,2.500,15.00,50.0,5.14
4151.00,980.56,2506.91,48.97,2.500,15.00,50.0,5.14
4152.00,982.44,2508.55,49.06,2.500,15.00,50.0,5.14
4153.00,984.33,2510.19,49.14,2.500,15.00,50.0,5.14
4154.00,986.22,2511.82,49.23,2.500,15.00,50.0,5.14
4155.00,988.12,2513.45,49.31,2.500,15.00,50.0,5.14
4156.00,990.01,2515.08,49.40,2.500,15.00,50.0,5.14
4157.00,991.91,2516.71,49.49,2.500,15.00,50.0,5.14
4158.00,993.81,2518.33,49.57,2.500,15.00,50.0,5.14
4159.00,995.71,2519.96,49.66,2.500,15.00,50.0,5.14
4160.00,997.62,2521.57,49.74,2.500,15.00,50.0,5.14
4161.00,999.53,2523.19,49.83,2.500,15.00,50.0,5.14
4162.00,1001.44,2524.80,49.91,2.500,15.00,50.0,5.14
4163.00,1003.35,2526.41,50.00,2.500,15.00,50.0,5.14
4164.00,1005.27,2528.02,50.09,2.500,15.00,50.0,5.14
4165.00,1007.18,2529.62,50.17,2.500,15.00,50.0,5.14
4166.00,1009.10,2531.22,50.26,2.500,15.00,50.0,5.14
4167.00,1011.03,2532.82,50.34,2.500,15.00,50.0,5.14
4168.00,1012.95,2534.42,50.43,2.500,15.00,50.0,5.14
4169.00,1014.88,2536.01,50.51,2.500,15.00,50.0,5.14
4170.00,1016.81,2537.60,50.60,2.500,15.00,50.0,5.14
4171.00,1018.74,2539.19,50.69,2.500,15.00,50.0,5.14
4172.00,1020.67,2540.77,50.77,2.500,15.00,50.0,5.14
4173.00,1022.61,2542.35,50.86,2.500,15.00,50.0,5.14
4174.00,1024.55,2543.93,50.94,2.500,15.00,50.0,5.14
4175.00,1026.49,2545.51,51.03,2.500,15.00,50.0,5.14
4176.00,1028.43,2547.08,51.11,2.500,15.00,50.0,5.14
4177.00,1030.38,2548.65,51.20,2.500,15.00,50.0,5.14
4178.00,1032.33,2550.21,51.29,2.500,15.00,50.0,5.14
4179.00,1034.28,2551.78,51.37,2.500,15.00,50.0,5.14
4180.00,1036.23,2553.34,51.46,2.500,15.00,50.0,5.14
4181.00,1038.19,2554.90,51.54,2.500,15.00,50.0,5.14
4182.00,1040.14,2556.45,51.63,2.500,15.00,50.0,5.14
4183.00,1042.10,2558.00,51.71,2.500,15.00,50.0,5.14
4184.00,1044.07,2559.55,51.80,2.500,15.00,50.0,5.14
4185.00,1046.03,2561.10,51.89,2.500,15.00,50.0,5.14
4186.00,1048.00,2562.64,51.97,2.500,15.00,50.0,5.14
4187.00,1049.97,2564.18,52.06,2.500,15.00,50.0,5.14
4188.00,1051.94,2565.72,52.14,2.500,15.00,50.0,5.14
4189.00,1053.91,2567.25,52.23,2.500,15.00,50.0,5.14
4190.00,1055.89,2568.78,52.31,2.500,15.00,50.0,5.14
4191.00,1057.87,2570.31,52.40,2.500,15.00,50.0,5.14
4192.00,1059.85,2571.84,52.49,2.500,15.00,50.0,5.14
4193.00,1061.83,2573.36,52.57,2.500,15.00,50.0,5.14
4194.00,1063.82,2574.88,52.66,2.500,15.00,50.0,5.14
4195.00,1065.80,2576.40,52.74,2.500,15.00,50.0,5.14
4196.00,1067.79,2577.91,52.83,2.500,15.00,50.0,5.14
4197.00,1069.79,2579.42,52.91,2.500,15.00,50.0,5.14
4198.00,1071.78,2580.93,53.00,2.500,15.00,50.0,5.14
4199.00,1073.78,2582.43,53.09,2.500,15.00,50.0,5.14
4200.00,1075.78,2583.93,53.17,2.500,15.00,50.0,5.14
4201.00,1077.78,2585.43,53.26,2.500,15.00,50.0,5.14
4202.00,1079.78,2586.93,53.34,2.500,15.00,50.0,5.14
4203.00,1081.79,2588.42,53.43,2.500,15.00,50.0,5.14
4204.00,1083.79,2589.91,53.51,2.500,15.00,50.0,5.14
4205.00,1085.80,2591.40,53.60,2.500,15.00,50.0,5.14
4206.00,1087.82,2592.88,53.69,2.500,15.00,50.0,5.14
4207.00,1089.83,2594.36,53.77,2.500,15.00,50.0,5.14
4208.00,1091.85,2595.84,53.86,2.500,15.00,50.0,5.14
4209.00,1093.87,2597.31,53.94,2.500,15.00,50.0,5.14
4210.00,1095.89,2598.78,54.03,2.500,15.00,50.0,5.14
4211.00,1097.91,2600.25,54.11,2.500,15.00,50.0,5.14
4212.00,1099.94,2601.72,54.20,2.500,15.00,50.0,5.14
4213.00,1101.96,2603.18,54.29,2.500,15.00,50.0,5.14
4214.00,1103.99,2604.64,54.37,2.500,15.00,50.0,5.14
4215.00,1106.02,2606.10,54.46,2.500,15.00,50.0,5.14
4216.00,1108.06,2607.55,54.54,2.500,15.00,50.0,5.14
4217.00,1110.10,2609.00,54.63,2.500,15.00,50.0,5.14
4218.00,1112.13,2610.45,54.71,2.500,15.00,50.0,5.14
4219.00,1114.17,2611.89,54.80,2.500,15.00,50.0,5.14
4220.00,1116.22,2613.33,54.89,2.500,15.00,50.0,5.14
4221.00,1118.26,2614.77,54.97,2.500,15.00,50.0,5.14
4222.00,1120.31,2616.20,55.06,2.500,15.00,50.0,5.14
4223.00,1122.36,2617.64,55.14,2.500,15.00,50.0,5.14
4224.00,1124.41,2619.07,55.23,2.500,15.00,50.0,5.14
4225.00,1126.46,2620.49,55.31,2.500,15.00,50.0,5.14
4226.00,1128.52,2621.91,55.40,2.500,15.00,50.0,5.14
4227.00,1130.58,2623.33,55.49,2.500,15.00,50.0,5.14
4228.00,1132.64,2624.75,55.57,2.500,15.00,50.0,5.14
4229.00,1134.70,2626.16,55.66,2.500,15.00,50.0,5.14
4230.00,1136.76,2627.57,55.74,2.500,15.00,50.0,5.14
4231.00,1138.83,2628.98,55.83,2.500,15.00,50.0,5.14
4232.00,1140.90,2630.39,55.91,2.500,15.00,50.0,5.14
4233.00,1142.97,2631.79,56.00,2.500,15.00,50.0,5.14
4234.00,1145.04,2633.18,56.09,2.500,15.00,50.0,5.14
4235.00,1147.12,2634.58,56.17,2.500,15.00,50.0,5.14
4236.00,1149.19,2635.97,56.26,2.500,15.00,50.0,5.14
4237.00,1151.27,2637.36,56.34,2.500,15.00,50.0,5.14
4238.00,1153.35,2638.75,56.43,2.500,15.00,50.0,5.14
4239.00,1155.44,2640.13,56.51,2.500,15.00,50.0,5.14
4240.00,1157.52,2641.51,56.60,2.500,15.00,50.0,5.14
4241.00,1159.61,2642.88,56.69,2.500,15.00,50.0,5.14
4242.00,1161.70,2644.26,56.77,2.500,15.00,50.0,5.14
4243.00,1163.79,2645.63,56.86,2.500,15.00,50.0,5.14
4244.00,1165.88,2646.99,56.94,2.500,15.00,50.0,5.14
4245.00,1167.98,2648.36,57.03,2.500,15.00,50.0,5.14
4246.00,1170.07,2649.72,57.11,2.500,15.00,50.0,5.14
4247.00,1172.17,2651.07,57.20,2.500,15.00,50.0,5.14
4248.00,1174.28,2652.43,57.29,2.500,15.00,50.0,5.14
4249.00,1176.38,2653.78,57.37,2.500,15.00,50.0,5.14
4250.00,1178.48,2655.13,57.46,2.500,15.00,50.0,5.14
4251.00,1180.59,2656.47,57.54,2.500,15.00,50.0,5.14
4252.00,1182.70,2657.81,57.63,2.500,15.00,50.0,5.14
4253.00,1184.81,2659.15,57.71,2.500,15.00,50.0,5.14
4254.00,1186.93,2660.49,57.80,2.500,15.00,50.0,5.14
4255.00,1189.04,2661.82,57.89,2.500,15.00,50.0,5.14
4256.00,1191.16,2663.15,57.97,2.500,15.00,50.0,5.14
4257.00,1193.28,2664.48,58.06,2.500,15.00,50.0,5.14
4258.00,1195.40,2665.80,58.14,2.500,15.00,50.0,5.14
4259.00,1197.52,2667.12,58.23,2.500,15.00,50.0,5.14
4260.00,1199.65,2668.43,58.31,2.500,15.00,50.0,5.14
4261.00,1201.78,2669.75,58.40,2.500,15.00,50.0,5.14
4262.00,1203.91,2671.06,58.49,2.500,15.00,50.0,5.14
4263.00,1206.04,2672.36,58.57,2.500,15.00,50.0,5.14
4264.00,1208.17,2673.67,58.66,2.500,15.00,50.0,5.14
4265.00,1210.31,2674.97,58.74,2.500,15.00,50.0,5.14
4266.00,1212.44,2676.27,58.83,2.500,15.00,50.0,5.14
4267.00,1214.58,2677.56,58.91,2.500,15.00,50.0,5.14
4268.00,1216.72,2678.85,59.00,2.500,15.00,50.0,5.14
4269.00,1218.87,2680.14,59.09,2.500,15.00,50.0,5.14
4270.00,1221.01,2681.42,59.17,2.500,15.00,50.0,5.14
4271.00,1223.16,2682.70,59.26,2.500,15.00,50.0,5.14
4272.00,1225.31,2683.98,59.34,2.500,15.00,50.0,5.14
4273.00,1227.46,2685.26,59.43,2.500,15.00,50.0,5.14
4274.00,1229.61,2686.53,59.51,2.500,15.00,50.0,5.14
4275.00,1231.76,2687.80,59.60,2.500,15.00,50.0,5.14
4276.00,1233.92,2689.06,59.69,2.500,15.00,50.0,5.14
4277.00,1236.08,2690.32,59.77,2.500,15.00,50.0,5.14
4278.00,1238.24,2691.58,59.86,2.500,15.00,50.0,5.14
4279.00,1240.40,2692.84,59.94,2.500,15.00,50.0,5.14
4280.00,1242.56,2694.09,60.03,2.500,15.00,50.0,5.14
4281.00,1244.73,2695.34,60.11,2.500,15.00,50.0,5.14
4282.00,1246.90,2696.58,60.20,2.500,15.00,50.0,5.14
4283.00,1249.07,2697.83,60.29,2.500,15.00,50.0,5.14
4284.00,1251.24,2699.07,60.37,2.500,15.00,50.0,5.14
4285.00,1253.41,2700.30,60.46,2.500,15.00,50.0,5.14
4286.00,1255.59,2701.53,60.54,2.500,15.00,50.0,5.14
4287.00,1257.76,2702.76,60.63,2.500,15.00,50.0,5.14
4288.00,1259.94,2703.99,60.71,2.500,15.00,50.0,5.14
4289.00,1262.12,2705.21,60.80,2.500,15.00,50.0,5.14
4290.00,1264.30,2706.43,60.89,2.500,15.00,50.0,5.14
4291.00,1266.49,2707.65,60.97,2.500,15.00,50.0,5.14
4292.00,1268.67,2708.86,61.06,2.500,15.00,50.0,5.14
4293.00,1270.86,2710.07,61.14,2.500,15.00,50.0,5.14
4294.00,1273.05,2711.28,61.23,2.500,15.00,50.0,5.14
4295.00,1275.24,2712.48,61.31,2.500,15.00,50.0,5.14
4296.00,1277.44,2713.68,61.40,2.500,15.00,50.0,5.14
4297.00,1279.63,2714.88,61.49,2.500,15.00,50.0,5.14
4298.00,1281.83,2716.07,61.57,2.500,15.00,50.0,5.14
4299.00,1284.03,2717.26,61.66,2.500,15.00,50.0,5.14
4300.00,1286.23,2718.45,61.74,2.500,15.00,50.0,5.14
4301.00,1288.43,2719.63,61.83,2.500,15.00,50.0,5.14
4302.00,1290.63,2720.81,61.91,2.500,15.00,50.0,5.14
4303.00,1292.84,2721.99,62.00,2.500,15.00,50.0,5.14
4304.00,1295.04,2723.16,62.09,2.500,15.00,50.0,5.14
4305.00,1297.25,2724.33,62.17,2.500,15.00,50.0,5.14
4306.00,1299.46,2725.50,62.26,2.500,15.00,50.0,5.14
4307.00,1301.68,2726.66,62.34,2.500,15.00,50.0,5.14
4308.00,1303.89,2727.82,62.43,2.500,15.00,50.0,5.14
4309.00,1306.11,2728.98,62.51,2.500,15.00,50.0,5.14
4310.00,1308.33,2730.14,62.60,2.500,15.00,50.0,5.14
4311.00,1310.55,2731.29,62.69,2.500,15.00,50.0,5.14
4312.00,1312.77,2732.43,62.77,2.500,15.00,50.0,5.14
4313.00,1314.99,2733.58,62.86,2.500,15.00,50.0,5.14
4314.00,1317.21,2734.72,62.94,2.500,15.00,50.0,5.14
4315.00,1319.44,2735.85,63.03,2.500,15.00,50.0,5.14
4316.00,1321.67,2736.99,63.11,2.500,15.00,50.0,5.14
4317.00,1323.90,2738.12,63.20,2.500,15.00,50.0,5.14
4318.00,1326.13,2739.25,63.29,2.500,15.00,50.0,5.14
4319.00,1328.36,2740.37,63.37,2.500,15.00,50.0,5.14
4320.00,1330.60,2741.49,63.46,2.500,15.00,50.0,5.14
4321.00,1332.83,2742.61,63.54,2.500,15.00,50.0,5.14
4322.00,1335.07,2743.72,63.63,2.500,15.00,50.0,5.14
4323.00,1337.31,2744.83,63.71,2.500,15.00,50.0,5.14
4324.00,1339.55,2745.94,63.80,2.500,15.00,50.0,5.14
4325.00,1341.80,2747.04,63.89,2.500,15.00,50.0,5.14
4326.00,1344.04,2748.14,63.97,2.500,15.00,50.0,5.14
4327.00,1346.29,2749.24,64.06,2.500,15.00,50.0,5.14
4328.00,1348.54,2750.33,64.14,2.500,15.00,50.0,5.14
4329.00,1350.79,2751.42,64.23,2.500,15.00,50.0,5.14
4330.00,1353.04,2752.51,64.31,2.500,15.00,50.0,5.14
4331.00,1355.29,2753.59,64.40,2.500,15.00,50.0,5.14
4332.00,1357.54,2754.68,64.48,2.500,-35.00,50.0,4.57
4333.00,1359.80,2755.75,64.54,2.500,-35.00,50.0,4.02
4334.00,1362.06,2756.83,64.60,2.500,-35.00,50.0,3.49
4335.00,1364.32,2757.90,64.65,2.500,-35.00,50.0,2.97
4336.00,1366.58,2758.97,64.69,2.500,-35.00,50.0,2.47
4337.00,1368.84,2760.04,64.73,2.500,-35.00,50.0,1.99
4338.00,1371.10,2761.11,64.75,2.500,-35.00,50.0,1.52
4339.00,1373.36,2762.17,64.77,2.500,-35.00,50.0,1.07
4340.00,1375.62,2763.24,64.78,2.500,-35.00,50.0,0.63
4341.00,1377.88,2764.30,64.78,2.500,-35.00,50.0,0.21
4342.00,1380.14,2765.37,64.78,2.500,-35.00,50.0,-0.19
4343.00,1382.40,2766.43,64.77,2.500,-35.00,50.0,-0.59
4344.00,1384.67,2767.50,64.75,2.500,-35.00,50.0,-0.97
4345.00,1386.93,2768.57,64.73,2.500,-35.00,50.0,-1.34
4346.00,1389.19,2769.63,64.70,2.500,-35.00,50.0,-1.69
4347.00,1391.45,2770.70,64.67,2.500,-35.00,50.0,-2.03
4348.00,1393.71,2771.77,64.63,2.500,-35.00,50.0,-2.37
4349.00,1395.97,2772.84,64.58,2.500,-35.00,50.0,-2.69
4350.00,1398.22,2773.91,64.53,2.500,-35.00,50.0,-3.00
4351.00,1400.48,2774.99,64.48,2.500,-35.00,50.0,-3.30
4352.00,1402.74,2776.07,64.42,2.500,-35.00,50.0,-3.59
4353.00,1404.99,2777.15,64.36,2.500,-35.00,50.0,-3.87
4354.00,1407.25,2778.23,64.29,2.500,-35.00,50.0,-4.14
4355.00,1409.50,2779.31,64.21,2.500,-35.00,50.0,-4.40
4356.00,1411.75,2780.40,64.14,2.500,-35.00,50.0,-4.65
4357.00,1414.00,2781.49,64.05,2.500,-35.00,50.0,-4.90
4358.00,1416.25,2782.58,63.97,2.500,-35.00,50.0,-5.14
4359.00,1418.49,2783.68,63.88,2.500,-35.00,50.0,-5.37
4360.00,1420.74,2784.78,63.79,2.500,-35.00,50.0,-5.59
4361.00,1422.98,2785.89,63.69,2.500,-35.00,50.0,-5.80
4362.00,1425.22,2786.99,63.59,2.500,-35.00,50.0,-6.01
4363.00,1427.46,2788.11,63.49,2.500,-35.00,50.0,-6.21
4364.00,1429.70,2789.22,63.38,2.500,-35.00,50.0,-6.40
4365.00,1431.93,2790.34,63.27,2.500,-35.00,50.0,-6.59
4366.00,1434.17,2791.47,63.16,2.500,-35.00,50.0,-6.77
4367.00,1436.40,2792.60,63.04,2.500,-35.00,50.0,-6.94
4368.00,1438.63,2793.73,62.92,2.500,-35.00,50.0,-7.11
4369.00,1440.85,2794.87,62.80,2.500,-35.00,50.0,-7.27
4370.00,1443.07,2796.01,62.68,2.500,-35.00,50.0,-7.43
4371.00,1445.30,2797.16,62.55,2.500,-35.00,50.0,-7.58
4372.00,1447.51,2798.31,62.42,2.500,-35.00,50.0,-7.73
4373.00,1449.73,2799.47,62.29,2.500,-35.00,50.0,-7.87
4374.00,1451.94,2800.63,62.16,2.500,-35.00,50.0,-8.01
4375.00,1454.15,2801.80,62.02,2.500,-35.00,50.0,-8.14
4376.00,1456.36,2802.97,61.88,2.500,-35.00,50.0,-8.27
4377.00,1458.57,2804.15,61.74,2.500,-35.00,50.0,-8.40
4378.00,1460.77,2805.33,61.60,2.500,-35.00,50.0,-8.52
4379.00,1462.97,2806.52,61.46,2.500,-35.00,50.0,-8.63
4380.00,1465.16,2807.72,61.31,2.500,-35.00,50.0,-8.74
4381.00,1467.36,2808.92,61.16,2.500,-35.00,50.0,-8.85
4382.00,1469.55,2810.12,61.02,2.500,-35.00,50.0,-8.96
4383.00,1471.73,2811.33,60.86,2.500,-35.00,50.0,-9.06
4384.00,1473.92,2812.55,60.71,2.500,-35.00,50.0,-9.16
4385.00,1476.10,2813.77,60.56,2.500,-35.00,50.0,-9.25
4386.00,1478.28,2815.00,60.40,2.500,-35.00,50.0,-9.34
4387.00,1480.45,2816.24,60.24,2.500,-35.00,50.0,-9.43
4388.00,1482.62,2817.48,60.09,2.500,-35.00,50.0,-9.52
4389.00,1484.79,2818.72,59.93,2.500,-35.00,50.0,-9.60
4390.00,1486.95,2819.98,59.76,2.500,-35.00,50.0,-9.68
4391.00,1489.11,2821.24,59.60,2.500,-35.00,50.0,-9.76
4392.00,1491.27,2822.50,59.44,2.500,-35.00,50.0,-9.83
4393.00,1493.42,2823.77,59.27,2.500,-35.00,50.0,-9.90
4394.00,1495.57,2825.05,59.11,2.500,-35.00,50.0,-9.97
4395.00,1497.71,2826.33,58.94,2.500,-35.00,50.0,-10.04
4396.00,1499.85,2827.62,58.77,2.500,-35.00,50.0,-10.11
4397.00,1501.99,2828.92,58.60,2.500,-35.00,50.0,-10.17
4398.00,1504.13,2830.22,58.43,2.500,-35.00,50.0,-10.23
4399.00,1506.26,2831.53,58.26,2.500,-35.00,50.0,-10.29
4400.00,1508.38,2832.85,58.09,2.500,-35.00,50.0,-10.35
4401.00,1510.50,2834.17,57.91,2.500,-35.00,50.0,-10.40
4402.00,1512.62,2835.50,57.74,2.500,-35.00,50.0,-10.46
4403.00,1514.74,2836.83,57.56,2.500,-35.00,50.0,-10.51
4404.00,1516.85,2838.17,57.39,2.500,-35.00,50.0,-10.56
4405.00,1518.95,2839.52,57.21,2.500,-35.00,50.0,-10.61
4406.00,1521.05,2840.87,57.03,2.500,-35.00,50.0,-10.65
4407.00,1523.15,2842.23,56.86,2.500,-35.00,50.0,-10.70
4408.00,1525.25,2843.60,56.68,2.500,-35.00,50.0,-10.74
4409.00,1527.33,2844.97,56.50,2.500,-35.00,50.0,-10.78
4410.00,1529.42,2846.35,56.32,2.500,-35.00,50.0,-10.82
4411.00,1531.50,2847.74,56.14,2.500,-35.00,50.0,-10.86
4412.00,1533.58,2849.13,55.95,2.500,-35.00,50.0,-10.90
4413.00,1535.65,2850.53,55.77,2.500,-35.00,50.0,-10.94
4414.00,1537.71,2851.94,55.59,2.500,-35.00,50.0,-10.97
4415.00,1539.78,2853.35,55.41,2.500,-35.00,50.0,-11.01
4416.00,1541.83,2854.77,55.22,2.500,-35.00,50.0,-11.04
4417.00,1543.89,2856.20,55.04,2.500,-35.00,50.0,-11.07
4418.00,1545.94,2857.63,54.85,2.500,-35.00,50.0,-11.10
4419.00,1547.98,2859.07,54.67,2.500,-35.00,50.0,-11.13
4420.00,1550.02,2860.51,54.48,2.500,-35.00,50.0,-11.16
4421.00,1552.05,2861.97,54.29,2.500,-35.00,50.0,-11.19
4422.00,1554.08,2863.43,54.11,2.500,-35.00,50.0,-11.22
4423.00,1556.11,2864.89,53.92,2.500,-35.00,50.0,-11.24
4424.00,1558.13,2866.36,53.73,2.500,-35.00,50.0,-11.27
4425.00,1560.15,2867.84,53.54,2.500,-35.00,50.0,-11.29
4426.00,1562.16,2869.33,53.35,2.500,-35.00,50.0,-11.32
4427.00,1564.16,2870.82,53.17,2.500,-35.00,50.0,-11.34
4428.00,1566.16,2872.32,52.98,2.500,-35.00,50.0,-11.36
4429.00,1568.16,2873.82,52.79,2.500,-35.00,50.0,-11.38
4430.00,1570.15,2875.34,52.60,2.500,-35.00,50.0,-11.40
4431.00,1572.14,2876.86,52.41,2.500,-35.00,50.0,-11.42
4432.00,1574.12,2878.38,52.22,2.500,-35.00,50.0,-11.44
4433.00,1576.09,2879.91,52.02,2.500,-35.00,50.0,-11.46
4434.00,1578.06,2881.45,51.83,2.500,-35.00,50.0,-11.48
4435.00,1580.03,2883.00,51.64,2.500,-35.00,50.0,-11.50
4436.00,1581.99,2884.55,51.45,2.500,-35.00,50.0,-11.51
4437.00,1583.95,2886.10,51.26,2.500,-35.00,50.0,-11.53
4438.00,1585.90,2887.67,51.07,2.500,-35.00,50.0,-11.54
4439.00,1587.84,2889.24,50.87,2.500,-35.00,50.0,-11.56
4440.00,1589.78,2890.82,50.68,2.500,-35.00,50.0,-11.57
4441.00,1591.71,2892.40,50.49,2.500,-35.00,50.0,-11.59
4442.00,1593.64,2893.99,50.29,2.500,-35.00,50.0,-11.60
4443.00,1595.57,2895.59,50.10,2.500,-35.00,50.0,-11.62
4444.00,1597.48,2897.19,49.91,2.500,-35.00,50.0,-11.63
4445.00,1599.40,2898.80,49.71,2.500,-35.00,50.0,-11.64
4446.00,1601.30,2900.42,49.52,2.500,-35.00,50.0,-11.65
4447.00,1603.20,2902.04,49.32,2.500,-35.00,50.0,-11.66
4448.00,1605.10,2903.67,49.13,2.500,-35.00,50.0,-11.68
4449.00,1606.99,2905.31,48.93,2.500,-35.00,50.0,-11.69
4450.00,1608.88,2906.95,48.74,2.500,-35.00,50.0,-11.70
4451.00,1610.75,2908.60,48.54,2.500,-35.00,50.0,-11.71
4452.00,1612.63,2910.25,48.35,2.500,-35.00,50.0,-11.72
4453.00,1614.50,2911.92,48.15,2.500,-35.00,50.0,-11.73
4454.00,1616.36,2913.58,47.96,2.500,-35.00,50.0,-11.74
4455.00,1618.22,2915.26,47.76,2.500,-35.00,50.0,-11.74
4456.00,1620.07,2916.94,47.57,2.500,-35.00,50.0,-11.75
4457.00,1621.91,2918.63,47.37,2.500,-35.00,50.0,-11.76
4458.00,1623.75,2920.32,47.17,2.500,-35.00,50.0,-11.77
4459.00,1625.58,2922.02,46.98,2.500,-35.00,50.0,-11.78
4460.00,1627.41,2923.72,46.78,2.500,-35.00,50.0,-11.78
4461.00,1629.23,2925.44,46.58,2.500,-35.00,50.0,-11.79
4462.00,1631.05,2927.15,46.39,2.500,-35.00,50.0,-11.80
4463.00,1632.86,2928.88,46.19,2.500,-35.00,50.0,-11.80
4464.00,1634.66,2930.61,45.99,2.500,-35.00,50.0,-11.81
4465.00,1636.46,2932.35,45.80,2.500,-35.00,50.0,-11.82
4466.00,1638.25,2934.09,45.60,2.500,-35.00,50.0,-11.82
4467.00,1640.04,2935.84,45.40,2.500,-35.00,50.0,-11.83
4468.00,1641.82,2937.59,45.21,2.500,-35.00,50.0,-11.84
4469.00,1643.59,2939.35,45.01,2.500,-35.00,50.0,-11.84
4470.00,1645.36,2941.12,44.81,2.500,-35.00,50.0,-11.85
4471.00,1647.12,2942.90,44.61,2.500,-35.00,50.0,-11.85
4472.00,1648.88,2944.68,44.42,2.500,-35.00,50.0,-11.86
4473.00,1650.63,2946.46,44.22,2.500,-35.00,50.0,-11.86
4474.00,1652.37,2948.25,44.02,2.500,-35.00,50.0,-11.87
4475.00,1654.11,2950.05,43.82,2.500,-35.00,50.0,-11.87
4476.00,1655.84,2951.85,43.62,2.500,-35.00,50.0,-11.87
4477.00,1657.57,2953.66,43.43,2.500,-35.00,50.0,-11.88
4478.00,1659.29,2955.48,43.23,2.500,-35.00,50.0,-11.88
4479.00,1661.00,2957.30,43.03,2.500,-35.00,50.0,-11.89
4480.00,1662.70,2959.13,42.83,2.500,-35.00,50.0,-11.89
4481.00,1664.40,2960.96,42.63,2.500,-35.00,50.0,-11.89
4482.00,1666.10,2962.80,42.44,2.500,-35.00,50.0,-11.90
4483.00,1667.78,2964.65,42.24,2.500,-35.00,50.0,-11.90
4484.00,1669.46,2966.50,42.04,2.500,-35.00,50.0,-11.90
4485.00,1671.14,2968.35,41.84,2.500,-35.00,50.0,-11.91
4486.00,1672.81,2970.22,41.64,2.500,-35.00,50.0,-11.91
4487.00,1674.47,2972.08,41.44,2.500,-35.00,50.0,-11.91
4488.00,1676.12,2973.96,41.25,2.500,-35.00,50.0,-11.92
4489.00,1677.77,2975.84,41.05,2.500,-35.00,50.0,-11.92
4490.00,1679.41,2977.72,40.85,2.500,-35.00,50.0,-11.92
4491.00,1681.05,2979.61,40.65,2.500,-35.00,50.0,-11.92
4492.00,1682.68,2981.51,40.45,2.500,-35.00,50.0,-11.93
4493.00,1684.30,2983.41,40.25,2.500,-35.00,50.0,-11.93
4494.00,1685.91,2985.32,40.05,2.500,-35.00,50.0,-11.93
4495.00,1687.52,2987.24,39.85,2.500,-35.00,50.0,-11.93
4496.00,1689.12,2989.15,39.65,2.500,-35.00,50.0,-11.94
4497.00,1690.72,2991.08,39.46,2.500,-35.00,50.0,-11.94
4498.00,1692.31,2993.01,39.26,2.500,-35.00,50.0,-11.94
4499.00,1693.89,2994.95,39.06,2.500,-35.00,50.0,-11.94
4500.00,1695.47,2996.89,38.86,2.500,-35.00,50.0,-11.94
4501.00,1697.03,2998.83,38.66,2.500,-35.00,50.0,-11.95
4502.00,1698.60,3000.79,38.46,2.500,-35.00,50.0,-11.95
4503.00,1700.15,3002.74,38.26,2.500,-35.00,50.0,-11.95
4504.00,1701.70,3004.71,38.06,2.500,-35.00,50.0,-11.95
4505.00,1703.24,3006.67,37.86,2.500,-35.00,50.0,-11.95
4506.00,1704.77,3008.65,37.66,2.500,-35.00,50.0,-11.95
4507.00,1706.30,3010.63,37.46,2.500,-35.00,50.0,-11.96
4508.00,1707.82,3012.61,37.27,2.500,-35.00,50.0,-11.96
4509.00,1709.34,3014.60,37.07,2.500,-35.00,50.0,-11.96
4510.00,1710.84,3016.60,36.87,2.500,-35.00,50.0,-11.96
4511.00,1712.34,3018.60,36.67,2.500,-35.00,50.0,-11.96
4512.00,1713.84,3020.60,36.47,2.500,-35.00,50.0,-11.96
4513.00,1715.32,3022.61,36.27,2.500,-35.00,50.0,-11.96
4514.00,1716.80,3024.63,36.07,2.500,-35.00,50.0,-11.97
4515.00,1718.27,3026.65,35.87,2.500,-35.00,50.0,-11.97
4516.00,1719.74,3028.67,35.67,2.500,-35.00,50.0,-11.97
4517.00,1721.20,3030.71,35.47,2.500,-35.00,50.0,-11.97
4518.00,1722.65,3032.74,35.27,2.500,-35.00,50.0,-11.97
4519.00,1724.09,3034.78,35.07,2.500,-35.00,50.0,-11.97
4520.00,1725.53,3036.83,34.87,2.500,-35.00,50.0,-11.97
4521.00,1726.96,3038.88,34.67,2.500,-35.00,50.0,-11.97
4522.00,1728.38,3040.94,34.47,2.500,-35.00,50.0,-11.97
4523.00,1729.79,3043.00,34.27,2.500,-35.00,50.0,-11.97
4524.00,1731.20,3045.06,34.07,2.500,-35.00,50.0,-11.98
4525.00,1732.60,3047.13,33.87,2.500,-35.00,50.0,-11.98
4526.00,1733.99,3049.21,33.67,2.500,-35.00,50.0,-11.98
4527.00,1735.38,3051.29,33.47,2.500,-35.00,50.0,-11.98
4528.00,1736.76,3053.37,33.28,2.500,-35.00,50.0,-11.98
4529.00,1738.13,3055.47,33.08,2.500,-35.00,50.0,-11.98
4530.00,1739.50,3057.56,32.88,2.500,-35.00,50.0,-11.98
4531.00,1740.85,3059.66,32.68,2.500,-35.00,50.0,-11.98
4532.00,1742.20,3061.76,32.48,2.500,-35.00,50.0,-11.98
4533.00,1743.54,3063.87,32.28,2.500,-35.00,50.0,-11.98
4534.00,1744.88,3065.99,32.08,2.500,-35.00,50.0,-11.98
4535.00,1746.21,3068.10,31.88,2.500,-35.00,50.0,-11.98
4536.00,1747.53,3070.23,31.68,2.500,-35.00,50.0,-11.98
4537.00,1748.84,3072.36,31.48,2.500,-35.00,50.0,-11.98
4538.00,1750.15,3074.49,31.28,2.500,-35.00,50.0,-11.98
4539.00,1751.44,3076.62,31.08,2.500,-35.00,50.0,-11.99
4540.00,1752.73,3078.77,30.88,2.500,-35.00,50.0,-11.99
4541.00,1754.02,3080.91,30.68,2.500,-35.00,50.0,-11.99
4542.00,1755.29,3083.06,30.48,2.500,-35.00,50.0,-11.99
4543.00,1756.56,3085.22,30.28,2.500,-35.00,50.0,-11.99
4544.00,1757.82,3087.37,30.08,2.500,-35.00,50.0,-11.99
4545.00,1759.07,3089.54,29.88,2.500,-35.00,50.0,-11.99
4546.00,1760.32,3091.71,29.68,2.500,-35.00,50.0,-11.99
4547.00,1761.56,3093.88,29.48,2.500,-35.00,50.0,-11.99
4548.00,1762.79,3096.05,29.28,2.500,-35.00,50.0,-11.99
4549.00,1764.01,3098.23,29.08,2.500,-35.00,50.0,-11.99
4550.00,1765.23,3100.42,28.88,2.500,-35.00,50.0,-11.99
4551.00,1766.43,3102.61,28.68,2.500,-35.00,50.0,-11.99
4552.00,1767.63,3104.80,28.48,2.500,-35.00,50.0,-11.99
4553.00,1768.83,3107.00,28.28,2.500,-35.00,50.0,-11.99
4554.00,1770.01,3109.20,28.08,2.500,-35.00,50.0,-11.99
4555.00,1771.19,3111.41,27.88,2.500,-35.00,50.0,-11.99
4556.00,1772.36,3113.62,27.68,2.500,-35.00,50.0,-11.99
4557.00,1773.52,3115.83,27.48,2.500,-35.00,50.0,-11.99
4558.00,1774.67,3118.05,27.28,2.500,-35.00,50.0,-11.99
4559.00,1775.82,3120.27,27.08,2.500,-35.00,50.0,-11.99
4560.00,1776.96,3122.50,26.88,2.500,-35.00,50.0,-11.99
4561.00,1778.09,3124.73,26.68,2.500,-35.00,50.0,-11.99
4562.00,1779.21,3126.96,26.48,2.500,-35.00,50.0,-11.99
4563.00,1780.32,3129.20,26.28,2.500,-35.00,50.0,-11.99
4564.00,1781.43,3131.44,26.08,2.500,-35.00,50.0,-11.99
4565.00,1782.53,3133.68,25.88,2.500,-35.00,50.0,-11.99
4566.00,1783.62,3135.93,25.68,2.500,-35.00,50.0,-11.99
4567.00,1784.70,3138.19,25.48,2.500,-35.00,50.0,-11.99
4568.00,1785.78,3140.44,25.28,2.500,-35.00,50.0,-11.99
4569.00,1786.85,3142.70,25.08,2.500,-34.96,50.0,-11.99
4570.00,1787.91,3144.97,24.88,2.500,-34.96,50.0,-11.99
4571.00,1788.96,3147.24,24.68,2.500,-34.96,50.0,-11.99
4572.00,1790.00,3149.51,24.48,2.500,-33.18,50.0,-11.97
4573.00,1791.04,3151.78,24.28,2.500,-33.18,50.0,-11.95
4574.00,1792.07,3154.06,24.09,2.500,-33.18,50.0,-11.93
4575.00,1793.09,3156.34,23.89,2.500,-31.41,50.0,-11.90
4576.00,1794.10,3158.63,23.69,2.500,-31.41,50.0,-11.86
4577.00,1795.10,3160.92,23.49,2.500,-31.41,50.0,-11.82
4578.00,1796.10,3163.21,23.30,2.500,-29.65,50.0,-11.77
4579.00,1797.09,3165.51,23.10,2.500,-29.65,50.0,-11.71
4580.00,1798.07,3167.81,22.91,2.500,-29.65,50.0,-11.66
4581.00,1799.04,3170.11,22.71,2.500,-27.92,50.0,-11.59
4582.00,1800.01,3172.42,22.52,2.500,-27.92,50.0,-11.52
4583.00,1800.97,3174.73,22.33,2.500,-27.92,50.0,-11.46
4584.00,1801.92,3177.04,22.14,2.500,-26.21,50.0,-11.38
4585.00,1802.86,3179.35,21.95,2.500,-26.21,50.0,-11.30
4586.00,1803.79,3181.67,21.77,2.500,-26.21,50.0,-11.22
4587.00,1804.72,3183.99,21.58,2.500,-24.53,50.0,-11.13
4588.00,1805.64,3186.32,21.40,2.500,-24.53,50.0,-11.04
4589.00,1806.55,3188.65,21.21,2.500,-24.53,50.0,-10.95
4590.00,1807.46,3190.98,21.03,2.500,-22.90,50.0,-10.85
4591.00,1808.35,3193.31,20.85,2.500,-22.90,50.0,-10.75
4592.00,1809.24,3195.65,20.68,2.500,-22.90,50.0,-10.65
4593.00,1810.13,3197.99,20.50,2.500,-21.30,50.0,-10.54
4594.00,1811.00,3200.33,20.33,2.500,-21.30,50.0,-10.43
4595.00,1811.87,3202.67,20.16,2.500,-21.30,50.0,-10.33
4596.00,1812.73,3205.02,19.99,2.500,-19.76,50.0,-10.21
4597.00,1813.59,3207.37,19.82,2.500,-19.76,50.0,-10.09
4598.00,1814.43,3209.72,19.65,2.500,-19.76,50.0,-9.98
4599.00,1815.27,3212.07,19.49,2.500,-18.26,50.0,-9.86
4600.00,1816.11,3214.43,19.32,2.500,-18.26,50.0,-9.74
4601.00,1816.94,3216.79,19.16,2.500,-18.26,50.0,-9.62
4602.00,1817.76,3219.15,19.01,2.500,-16.82,50.0,-9.49
4603.00,1818.57,3221.52,18.85,2.500,-16.82,50.0,-9.37
4604.00,1819.38,3223.88,18.69,2.500,-16.82,50.0,-9.25
4605.00,1820.18,3226.25,18.54,2.500,-15.43,50.0,-9.12
4606.00,1820.97,3228.62,18.39,2.500,-15.43,50.0,-8.99
4607.00,1821.76,3230.99,18.25,2.500,-15.43,50.0,-8.87
4608.00,1822.55,3233.37,18.10,2.500,-14.09,50.0,-8.73
4609.00,1823.32,3235.74,17.96,2.500,-14.09,50.0,-8.60
4610.00,1824.09,3238.12,17.82,2.500,-14.09,50.0,-8.48
4611.00,1824.86,3240.50,17.68,2.500,-12.82,50.0,-8.34
4612.00,1825.62,3242.88,17.54,2.500,-12.82,50.0,-8.21
4613.00,1826.37,3245.27,17.40,2.500,-12.82,50.0,-8.08
4614.00,1827.12,3247.65,17.27,2.500,-11.60,50.0,-7.94
4615.00,1827.86,3250.04,17.14,2.500,-11.60,50.0,-7.81
4616.00,1828.60,3252.43,17.01,2.500,-11.60,50.0,-7.68
4617.00,1829.33,3254.82,16.89,2.500,-10.44,50.0,-7.55
4618.00,1830.06,3257.21,16.76,2.500,-10.44,50.0,-7.42
4619.00,1830.78,3259.61,16.64,2.500,-10.44,50.0,-7.29
4620.00,1831.49,3262.00,16.52,2.500,-9.34,50.0,-7.15
4621.00,1832.20,3264.40,16.41,2.500,-9.34,50.0,-7.02
4622.00,1832.91,3266.80,16.29,2.500,-9.34,50.0,-6.89
4623.00,1833.61,3269.19,16.18,2.500,-8.30,50.0,-6.76
4624.00,1834.31,3271.60,16.07,2.500,-8.30,50.0,-6.63
4625.00,1835.00,3274.00,15.96,2.500,-8.30,50.0,-6.50
4626.00,1835.69,3276.40,15.85,2.500,-7.31,50.0,-6.37
4627.00,1836.37,3278.81,15.75,2.500,-7.31,50.0,-6.24
4628.00,1837.05,3281.21,15.65,2.500,-7.31,50.0,-6.11
4629.00,1837.72,3283.62,15.55,2.500,-6.39,50.0,-5.98
4630.00,1838.39,3286.03,15.45,2.500,-6.39,50.0,-5.86
4631.00,1839.06,3288.44,15.36,2.500,-6.39,50.0,-5.74
4632.00,1839.72,3290.85,15.26,2.500,-5.52,50.0,-5.61
4633.00,1840.38,3293.26,15.17,2.500,-5.52,50.0,-5.48
4634.00,1841.03,3295.67,15.08,2.500,-5.52,50.0,-5.36
4635.00,1841.68,3298.09,14.99,2.500,-4.70,50.0,-5.24
4636.00,1842.33,3300.50,14.91,2.500,-4.70,50.0,-5.12
4637.00,1842.97,3302.92,14.83,2.500,-4.70,50.0,-5.00
4638.00,1843.61,3305.34,14.74,2.500,-3.94,50.0,-4.88
4639.00,1844.25,3307.75,14.66,2.500,-3.94,50.0,-4.76
4640.00,1844.88,3310.17,14.59,2.500,-3.94,50.0,-4.65
4641.00,1845.51,3312.59,14.51,2.500,-3.24,50.0,-4.53
4642.00,1846.14,3315.01,14.44,2.500,-3.24,50.0,-4.42
4643.00,1846.76,3317.43,14.37,2.500,-3.24,50.0,-4.31
4644.00,1847.38,3319.85,14.30,2.500,-2.58,50.0,-4.19
4645.00,1848.00,3322.28,14.23,2.500,-2.58,50.0,-4.08
4646.00,1848.61,3324.70,14.16,2.500,-2.58,50.0,-3.98
4647.00,1849.23,3327.12,14.10,2.500,-1.97,50.0,-3.87
4648.00,1849.84,3329.55,14.04,2.500,-1.97,50.0,-3.76
4649.00,1850.44,3331.97,13.97,2.500,-1.97,50.0,-3.66
4650.00,1851.05,3334.40,13.92,2.500,-1.42,50.0,-3.55
4651.00,1851.65,3336.83,13.86,2.500,-1.42,50.0,-3.45
4652.00,1852.25,3339.25,13.80,2.500,-1.42,50.0,-3.35
4653.00,1852.84,3341.68,13.75,2.500,-0.90,50.0,-3.25
4654.00,1853.44,3344.11,13.70,2.500,-0.90,50.0,-3.15
4655.00,1854.03,3346.54,13.64,2.500,-0.90,50.0,-3.06
4656.00,1854.62,3348.97,13.60,2.500,-0.44,50.0,-2.96
4657.00,1855.21,3351.40,13.55,2.500,-0.44,50.0,-2.87
4658.00,1855.79,3353.83,13.50,2.500,-0.44,50.0,-2.77
4659.00,1856.37,3356.26,13.46,2.500,-0.01,50.0,-2.68
4660.00,1856.96,3358.69,13.41,2.500,-0.01,50.0,-2.59
4661.00,1857.54,3361.12,13.37,2.500,-0.01,50.0,-2.51
4662.00,1858.11,3363.56,13.33,2.500,0.38,50.0,-2.42
4663.00,1858.69,3365.99,13.29,2.500,0.38,50.0,-2.33
4664.00,1859.27,3368.42,13.25,2.500,0.38,50.0,-2.25
4665.00,1859.84,3370.85,13.22,2.500,0.72,50.0,-2.17
4666.00,1860.41,3373.29,13.18,2.500,0.72,50.0,-2.09
4667.00,1860.98,3375.72,13.15,2.500,0.72,50.0,-2.01
4668.00,1861.55,3378.16,13.12,2.500,1.03,50.0,-1.93
4669.00,1862.12,3380.59,13.09,2.500,1.03,50.0,-1.85
4670.00,1862.68,3383.03,13.06,2.500,1.03,50.0,-1.78
4671.00,1863.25,3385.46,13.03,2.500,1.31,50.0,-1.71
4672.00,1863.81,3387.90,13.00,2.500,1.31,50.0,-1.64
4673.00,1864.37,3390.33,12.98,2.500,1.31,50.0,-1.57
4674.00,1864.94,3392.77,12.95,2.500,1.55,50.0,-1.50
4675.00,1865.50,3395.21,12.93,2.500,1.55,50.0,-1.43
4676.00,1866.05,3397.64,12.90,2.500,1.55,50.0,-1.36
4677.00,1866.61,3400.08,12.88,2.500,1.77,50.0,-1.30
4678.00,1867.17,3402.52,12.86,2.500,1.77,50.0,-1.23
4679.00,1867.73,3404.95,12.84,2.500,1.77,50.0,-1.17
4680.00,1868.28,3407.39,12.82,2.500,1.95,50.0,-1.11
4681.00,1868.84,3409.83,12.81,2.500,1.95,50.0,-1.05
4682.00,1869.39,3412.27,12.79,2.500,1.95,50.0,-0.99
4683.00,1869.95,3414.70,12.77,2.500,2.11,50.0,-0.94
4684.00,1870.50,3417.14,12.76,2.500,2.11,50.0,-0.88
4685.00,1871.05,3419.58,12.75,2.500,2.11,50.0,-0.83
4686.00,1871.60,3422.02,12.73,2.500,2.24,50.0,-0.78
4687.00,1872.15,3424.46,12.72,2.500,2.24,50.0,-0.72
4688.00,1872.70,3426.90,12.71,2.500,2.24,50.0,-0.67
4689.00,1873.25,3429.34,12.70,2.500,2.35,50.0,-0.62
4690.00,1873.80,3431.77,12.69,2.500,2.35,50.0,-0.58
4691.00,1874.35,3434.21,12.68,2.500,2.35,50.0,-0.53
4692.00,1874.90,3436.65,12.67,2.500,2.43,50.0,-0.49
4693.00,1875.45,3439.09,12.67,2.500,2.43,50.0,-0.44
4694.00,1876.00,3441.53,12.66,2.500,2.43,50.0,-0.40
4695.00,1876.55,3443.97,12.65,2.500,2.50,50.0,-0.36
4696.00,1877.09,3446.41,12.65,2.500,2.50,50.0,-0.32
4697.00,1877.64,3448.85,12.64,2.500,2.50,50.0,-0.28
4698.00,1878.19,3451.29,12.64,2.500,2.55,50.0,-0.24
4699.00,1878.73,3453.73,12.64,2.500,2.55,50.0,-0.20
4700.00,1879.28,3456.17,12.63,2.500,2.55,50.0,-0.17
4701.00,1879.83,3458.61,12.63,2.500,2.58,50.0,-0.13
4702.00,1880.37,3461.05,12.63,2.500,2.58,50.0,-0.10
4703.00,1880.92,3463.48,12.63,2.500,2.58,50.0,-0.07
4704.00,1881.47,3465.92,12.63,2.500,2.59,50.0,-0.03
4705.00,1882.01,3468.36,12.63,2.500,2.59,50.0,-0.00
4706.00,1882.56,3470.80,12.63,2.500,2.59,50.0,0.03
4707.00,1883.11,3473.24,12.63,2.500,2.59,50.0,0.06
4708.00,1883.65,3475.68,12.63,2.500,2.59,50.0,0.08
4709.00,1884.20,3478.12,12.63,2.500,2.59,50.0,0.11
4710.00,1884.75,3480.56,12.63,2.500,2.58,50.0,0.14
4711.00,1885.29,3483.00,12.64,2.500,2.58,50.0,0.16
4712.00,1885.84,3485.44,12.64,2.500,2.58,50.0,0.19
4713.00,1886.39,3487.88,12.64,2.500,2.56,50.0,0.21
4714.00,1886.93,3490.32,12.65,2.500,2.56,50.0,0.23
4715.00,1887.48,3492.76,12.65,2.500,2.56,50.0,0.25
4716.00,1888.03,3495.20,12.66,2.500,2.52,50.0,0.27
4717.00,1888.58,3497.64,12.66,2.500,2.52,50.0,0.29
4718.00,1889.13,3500.08,12.67,2.500,2.52,50.0,0.31
4719.00,1889.67,3502.52,12.67,2.500,2.48,50.0,0.33
4720.00,1890.22,3504.95,12.68,2.500,2.48,50.0,0.35
4721.00,1890.77,3507.39,12.68,2.500,2.48,50.0,0.36
4722.00,1891.32,3509.83,12.69,2.500,2.43,50.0,0.38
4723.00,1891.87,3512.27,12.70,2.500,2.43,50.0,0.39
4724.00,1892.42,3514.71,12.70,2.500,2.43,50.0,0.41
4725.00,1892.97,3517.15,12.71,2.500,2.37,50.0,0.42
4726.00,1893.52,3519.59,12.72,2.500,2.37,50.0,0.44
4727.00,1894.07,3522.03,12.72,2.500,2.37,50.0,0.45
4728.00,1894.62,3524.47,12.73,2.500,2.31,50.0,0.46
4729.00,1895.17,3526.90,12.74,2.500,2.31,50.0,0.47
4730.00,1895.72,3529.34,12.75,2.500,2.31,50.0,0.48
4731.00,1896.27,3531.78,12.76,2.500,2.24,50.0,0.49
4732.00,1896.82,3534.22,12.76,2.500,2.24,50.0,0.50
4733.00,1897.38,3536.66,12.77,2.500,2.24,50.0,0.51
4734.00,1897.93,3539.10,12.78,2.500,2.16,50.0,0.52
4735.00,1898.48,3541.53,12.79,2.500,2.16,50.0,0.52
4736.00,1899.04,3543.97,12.80,2.500,2.16,50.0,0.53
4737.00,1899.59,3546.41,12.81,2.500,2.09,50.0,0.54
4738.00,1900.14,3548.85,12.82,2.500,2.09,50.0,0.54
4739.00,1900.70,3551.28,12.83,2.500,2.09,50.0,0.55
4740.00,1901.25,3553.72,12.84,2.500,2.01,50.0,0.55
4741.00,1901.81,3556.16,12.84,2.500,2.01,50.0,0.56
4742.00,1902.37,3558.60,12.85,2.500,2.01,50.0,0.56
4743.00,1902.92,3561.03,12.86,2.500,1.92,50.0,0.57
4744.00,1903.48,3563.47,12.87,2.500,1.92,50.0,0.57
4745.00,1904.04,3565.91,12.88,2.500,1.92,50.0,0.57
4746.00,1904.59,3568.35,12.89,2.500,1.84,50.0,0.57
4747.00,1905.15,3570.78,12.90,2.500,1.84,50.0,0.58
4748.00,1905.71,3573.22,12.91,2.500,1.84,50.0,0.58
4749.00,1906.27,3575.66,12.92,2.500,1.75,50.0,0.58
4750.00,1906.83,3578.09,12.93,2.500,1.75,50.0,0.58
4751.00,1907.39,3580.53,12.94,2.500,1.75,50.0,0.58
4752.00,1907.95,3582.97,12.95,2.500,1.67,50.0,0.58
4753.00,1908.51,3585.40,12.96,2.500,1.67,50.0,0.58
4754.00,1909.07,3587.84,12.97,2.500,1.67,50.0,0.58
4755.00,1909.63,3590.28,12.98,2.500,1.58,50.0,0.58
4756.00,1910.19,3592.71,12.99,2.500,1.58,50.0,0.58
4757.00,1910.75,3595.15,13.00,2.500,1.58,50.0,0.58
4758.00,1911.31,3597.58,13.01,2.500,1.50,50.0,0.57
4759.00,1911.88,3600.02,13.02,2.500,1.50,50.0,0.57
4760.00,1912.44,3602.46,13.03,2.500,1.50,50.0,0.57
4761.00,1913.00,3604.89,13.04,2.500,1.41,50.0,0.57
4762.00,1913.57,3607.33,13.05,2.500,1.41,50.0,0.56
4763.00,1914.13,3609.76,13.06,2.500,1.41,50.0,0.56
4764.00,1914.70,3612.20,13.06,2.500,1.33,50.0,0.56
4765.00,1915.26,3614.63,13.07,2.500,1.33,50.0,0.55
4766.00,1915.83,3617.07,13.08,2.500,1.33,50.0,0.55
4767.00,1916.39,3619.50,13.09,2.500,1.25,50.0,0.55
4768.00,1916.96,3621.94,13.10,2.500,1.25,50.0,0.54
4769.00,1917.52,3624.37,13.11,2.500,1.25,50.0,0.54
4770.00,1918.09,3626.81,13.12,2.500,1.17,50.0,0.53
4771.00,1918.66,3629.24,13.13,2.500,1.17,50.0,0.53
4772.00,1919.23,3631.68,13.14,2.500,1.17,50.0,0.53
4773.00,1919.80,3634.11,13.15,2.500,1.09,50.0,0.52
4774.00,1920.36,3636.55,13.15,2.500,1.09,50.0,0.52
4775.00,1920.93,3638.98,13.16,2.500,1.09,50.0,0.51
4776.00,1921.50,3641.42,13.17,2.500,1.01,50.0,0.51
4777.00,1922.07,3643.85,13.18,2.500,1.01,50.0,0.50
4778.00,1922.64,3646.28,13.19,2.500,1.01,50.0,0.50
4779.00,1923.21,3648.72,13.20,2.500,0.94,50.0,0.49
4780.00,1923.78,3651.15,13.20,2.500,0.94,50.0,0.48
4781.00,1924.35,3653.59,13.21,2.500,0.94,50.0,0.48
4782.00,1924.93,3656.02,13.22,2.500,0.87,50.0,0.47
4783.00,1925.50,3658.45,13.23,2.500,0.87,50.0,0.47
4784.00,1926.07,3660.89,13.23,2.500,0.87,50.0,0.46
4785.00,1926.64,3663.32,13.24,2.500,0.80,50.0,0.45
4786.00,1927.21,3665.75,13.25,2.500,0.80,50.0,0.45
4787.00,1927.79,3668.19,13.26,2.500,0.80,50.0,0.44
4788.00,1928.36,3670.62,13.26,2.500,0.73,50.0,0.44
4789.00,1928.93,3673.05,13.27,2.500,0.73,50.0,0.43
4790.00,1929.51,3675.49,13.28,2.500,0.73,50.0,0.42
4791.00,1930.08,3677.92,13.29,2.500,0.67,50.0,0.42
4792.00,1930.66,3680.35,13.29,2.500,0.67,50.0,0.41
4793.00,1931.23,3682.79,13.30,2.500,0.67,50.0,0.41
4794.00,1931.81,3685.22,13.31,2.500,0.61,50.0,0.40
4795.00,1932.38,3687.65,13.31,2.500,0.61,50.0,0.39
4796.00,1932.96,3690.09,13.32,2.500,0.61,50.0,0.39
4797.00,1933.53,3692.52,13.33,2.500,0.55,50.0,0.38
4798.00,1934.11,3694.95,13.33,2.500,0.55,50.0,0.37
4799.00,1934.69,3697.38,13.34,2.500,0.55,50.0,0.37
4800.00,1935.26,3699.82,13.34,2.500,0.49,50.0,0.36
4801.00,1935.84,3702.25,13.35,2.500,0.49,50.0,0.35
4802.00,1936.42,3704.68,13.36,2.500,0.49,50.0,0.35
4803.00,1936.99,3707.11,13.36,2.500,0.44,50.0,0.34
4804.00,1937.57,3709.55,13.37,2.500,0.44,50.0,0.34
4805.00,1938.15,3711.98,13.37,2.500,0.44,50.0,0.33
4806.00,1938.73,3714.41,13.38,2.500,0.39,50.0,0.32
4807.00,1939.31,3716.84,13.38,2.500,0.39,50.0,0.32
4808.00,1939.89,3719.27,13.39,2.500,0.39,50.0,0.31
4809.00,1940.46,3721.71,13.39,2.500,0.35,50.0,0.30
4810.00,1941.04,3724.14,13.40,2.500,0.35,50.0,0.30
4811.00,1941.62,3726.57,13.40,2.500,0.35,50.0,0.29
4812.00,1942.20,3729.00,13.41,2.500,0.30,50.0,0.29
4813.00,1942.78,3731.43,13.41,2.500,0.30,50.0,0.28
4814.00,1943.36,3733.87,13.42,2.500,0.30,50.0,0.27
4815.00,1943.94,3736.30,13.42,2.500,0.26,50.0,0.27
4816.00,1944.52,3738.73,13.43,2.500,0.26,50.0,0.26
4817.00,1945.10,3741.16,13.43,2.500,0.26,50.0,0.26
4818.00,1945.68,3743.59,13.43,2.500,0.22,50.0,0.25
4819.00,1946.26,3746.02,13.44,2.500,0.22,50.0,0.24
4820.00,1946.84,3748.46,13.44,2.500,0.22,50.0,0.24
4821.00,1947.43,3750.89,13.45,2.500,0.19,50.0,0.23
4822.00,1948.01,3753.32,13.45,2.500,0.19,50.0,0.23
4823.00,1948.59,3755.75,13.45,2.500,0.19,50.0,0.22
4824.00,1949.17,3758.18,13.46,2.500,0.15,50.0,0.22
4825.00,1949.75,3760.61,13.46,2.500,0.15,50.0,0.21
4826.00,1950.33,3763.04,13.46,2.500,0.15,50.0,0.20
4827.00,1950.92,3765.48,13.47,2.500,0.12,50.0,0.20
4828.00,1951.50,3767.91,13.47,2.500,0.12,50.0,0.19
4829.00,1952.08,3770.34,13.47,2.500,0.12,50.0,0.19
4830.00,1952.66,3772.77,13.48,2.500,0.09,50.0,0.18
4831.00,1953.25,3775.20,13.48,2.500,0.09,50.0,0.18
4832.00,1953.83,3777.63,13.48,2.500,0.09,50.0,0.17
4833.00,1954.41,3780.06,13.49,2.500,0.07,50.0,0.17
4834.00,1954.99,3782.49,13.49,2.500,0.07,50.0,0.16
4835.00,1955.58,3784.92,13.49,2.500,0.07,50.0,0.16
4836.00,1956.16,3787.36,13.49,2.500,0.04,50.0,0.15
4837.00,1956.74,3789.79,13.50,2.500,0.04,50.0,0.15
4838.00,1957.33,3792.22,13.50,2.500,0.04,50.0,0.15
4839.00,1957.91,3794.65,13.50,2.500,0.02,50.0,0.14
4840.00,1958.49,3797.08,13.50,2.500,0.02,50.0,0.14
4841.00,1959.08,3799.51,13.51,2.500,0.02,50.0,0.13
4842.00,1959.66,3801.94,13.51,2.500,-0.00,50.0,0.13
4843.00,1960.25,3804.37,13.51,2.500,-0.00,50.0,0.12
4844.00,1960.83,3806.80,13.51,2.500,-0.00,50.0,0.12
4845.00,1961.41,3809.23,13.51,2.500,-0.02,50.0,0.11
4846.00,1962.00,3811.66,13.52,2.500,-0.02,50.0,0.11
4847.00,1962.58,3814.10,13.52,2.500,-0.02,50.0,0.11
4848.00,1963.17,3816.53,13.52,2.500,-0.03,50.0,0.10
4849.00,1963.75,3818.96,13.52,2.500,-0.03,50.0,0.10
4850.00,1964.34,3821.39,13.52,2.500,-0.03,50.0,0.10
4851.00,1964.92,3823.82,13.52,2.500,-0.05,50.0,0.09
4852.00,1965.51,3826.25,13.52,2.500,-0.05,50.0,0.09
4853.00,1966.09,3828.68,13.53,2.500,-0.05,50.0,0.08
4854.00,1966.67,3831.11,13.53,2.500,-0.06,50.0,0.08
4855.00,1967.26,3833.54,13.53,2.500,-0.06,50.0,0.08
4856.00,1967.84,3835.97,13.53,2.500,-0.06,50.0,0.07
4857.00,1968.43,3838.40,13.53,2.500,-0.07,50.0,0.07
4858.00,1969.01,3840.83,13.53,2.500,-0.07,50.0,0.07
4859.00,1969.60,3843.26,13.53,2.500,-0.07,50.0,0.06
4860.00,1970.18,3845.69,13.53,2.500,-0.08,50.0,0.06
4861.00,1970.77,3848.12,13.54,2.500,-0.08,50.0,0.06
4862.00,1971.35,3850.56,13.54,2.500,-0.08,50.0,0.06
4863.00,1971.94,3852.99,13.54,2.500,-0.09,50.0,0.05
4864.00,1972.52,3855.42,13.54,2.500,-0.09,50.0,0.05
4865.00,1973.11,3857.85,13.54,2.500,-0.09,50.0,0.05
4866.00,1973.69,3860.28,13.54,2.500,-0.10,50.0,0.04
4867.00,1974.28,3862.71,13.54,2.500,-0.10,50.0,0.04
4868.00,1974.87,3865.14,13.54,2.500,-0.10,50.0,0.04
4869.00,1975.45,3867.57,13.54,2.500,-0.11,50.0,0.04
4870.00,1976.04,3870.00,13.54,2.500,-0.11,50.0,0.03
4871.00,1976.62,3872.43,13.54,2.500,-0.11,50.0,0.03
4872.00,1977.21,3874.86,13.54,2.500,-0.11,50.0,0.03
4873.00,1977.79,3877.29,13.54,2.500,-0.11,50.0,0.03
4874.00,1978.38,3879.72,13.54,2.500,-0.11,50.0,0.03
4875.00,1978.96,3882.15,13.54,2.500,-0.11,50.0,0.02
4876.00,1979.55,3884.58,13.54,2.500,-0.11,50.0,0.02
4877.00,1980.13,3887.01,13.55,2.500,-0.11,50.0,0.02
4878.00,1980.72,3889.44,13.55,2.500,-0.12,50.0,0.02
4879.00,1981.31,3891.87,13.55,2.500,-0.12,50.0,0.02
4880.00,1981.89,3894.30,13.55,2.500,-0.12,50.0,0.01
4881.00,1982.48,3896.73,13.55,2.500,-0.12,50.0,0.01
4882.00,1983.06,3899.17,13.55,2.500,-0.12,50.0,0.01
4883.00,1983.65,3901.60,13.55,2.500,-0.12,50.0,0.01
4884.00,1984.23,3904.03,13.55,2.500,-0.12,50.0,0.01
4885.00,1984.82,3906.46,13.55,2.500,-0.12,50.0,0.00
4886.00,1985.40,3908.89,13.55,2.500,-0.12,50.0,0.00
4887.00,1985.99,3911.32,13.55,2.500,-0.12,50.0,0.00
4888.00,1986.58,3913.75,13.55,2.500,-0.12,50.0,0.00
4889.00,1987.16,3916.18,13.55,2.500,-0.12,50.0,-0.00
4890.00,1987.75,3918.61,13.55,2.500,-0.12,50.0,-0.00
4891.00,1988.33,3921.04,13.55,2.500,-0.12,50.0,-0.00
4892.00,1988.92,3923.47,13.55,2.500,-0.12,50.0,-0.00
4893.00,1989.50,3925.90,13.55,2.500,-0.12,50.0,-0.01
4894.00,1990.09,3928.33,13.55,2.500,-0.12,50.0,-0.01
4895.00,1990.67,3930.76,13.55,2.500,-0.12,50.0,-0.01
4896.00,1991.26,3933.19,13.55,2.500,-0.12,50.0,-0.01
4897.00,1991.85,3935.62,13.55,2.500,-0.12,50.0,-0.01
4898.00,1992.43,3938.05,13.55,2.500,-0.12,50.0,-0.01
4899.00,1993.02,3940.48,13.55,2.500,-0.11,50.0,-0.01
4900.00,1993.60,3942.91,13.55,2.500,-0.11,50.0,-0.01
4901.00,1994.19,3945.34,13.54,2.500,-0.11,50.0,-0.01
4902.00,1994.77,3947.77,13.54,2.500,0.02,50.0,-0.01
4903.00,1995.36,3950.20,13.54,2.500,0.02,50.0,-0.01
4904.00,1995.94,3952.64,13.54,2.500,0.02,50.0,-0.01
4905.00,1996.53,3955.07,13.54,2.500,0.13,50.0,-0.01
4906.00,1997.12,3957.50,13.54,2.500,0.13,50.0,-0.01
4907.00,1997.70,3959.93,13.54,2.500,0.13,50.0,-0.01
4908.00,1998.29,3962.36,13.54,2.500,0.25,50.0,-0.00
4909.00,1998.87,3964.79,13.54,2.500,0.25,50.0,-0.00
4910.00,1999.46,3967.22,13.54,2.500,0.25,50.0,0.00
4911.00,2000.04,3969.65,13.54,2.500,0.36,50.0,0.01
4912.00,2000.63,3972.08,13.54,2.500,0.36,50.0,0.01
4913.00,2001.21,3974.51,13.54,2.500,0.36,50.0,0.01
4914.00,2001.80,3976.94,13.54,2.500,0.47,50.0,0.02
4915.00,2002.38,3979.37,13.54,2.500,0.47,50.0,0.02
4916.00,2002.97,3981.80,13.55,2.500,0.47,50.0,0.03
4917.00,2003.56,3984.23,13.55,2.500,0.58,50.0,0.03
4918.00,2004.14,3986.66,13.55,2.500,0.58,50.0,0.04
4919.00,2004.73,3989.09,13.55,2.500,0.58,50.0,0.04
4920.00,2005.31,3991.52,13.55,2.500,0.69,50.0,0.05
4921.00,2005.90,3993.95,13.55,2.500,0.69,50.0,0.06
4922.00,2006.48,3996.38,13.55,2.500,0.69,50.0,0.06
4923.00,2007.07,3998.81,13.55,2.500,0.79,50.0,0.07
4924.00,2007.66,4001.24,13.55,2.500,0.79,50.0,0.08
4925.00,2008.24,4003.67,13.55,2.500,0.79,50.0,0.08
4926.00,2008.83,4006.11,13.56,2.500,0.89,50.0,0.09
4927.00,2009.41,4008.54,13.56,2.500,0.89,50.0,0.10
4928.00,2010.00,4010.97,13.56,2.500,0.89,50.0,0.10
4929.00,2010.59,4013.40,13.56,2.500,0.99,50.0,0.11
4930.00,2011.17,4015.83,13.56,2.500,0.99,50.0,0.12
4931.00,2011.76,4018.26,13.57,2.500,0.99,50.0,0.13
4932.00,2012.34,4020.69,13.57,2.500,1.09,50.0,0.14
4933.00,2012.93,4023.12,13.57,2.500,1.09,50.0,0.14
4934.00,2013.52,4025.55,13.57,2.500,1.09,50.0,0.15
4935.00,2014.10,4027.98,13.57,2.500,1.18,50.0,0.16
4936.00,2014.69,4030.41,13.58,2.500,1.18,50.0,0.17
4937.00,2015.28,4032.84,13.58,2.500,1.18,50.0,0.18
4938.00,2015.86,4035.27,13.58,2.500,1.27,50.0,0.18
4939.00,2016.45,4037.70,13.59,2.500,1.27,50.0,0.19
4940.00,2017.04,4040.13,13.59,2.500,1.27,50.0,0.20
4941.00,2017.63,4042.56,13.59,2.500,1.35,50.0,0.21
4942.00,2018.21,4044.99,13.60,2.500,1.35,50.0,0.22
4943.00,2018.80,4047.42,13.60,2.500,1.35,50.0,0.23
4944.00,2019.39,4049.85,13.61,2.500,1.43,50.0,0.23
4945.00,2019.98,4052.28,13.61,2.500,1.43,50.0,0.24
4946.00,2020.57,4054.71,13.61,2.500,1.43,50.0,0.25
4947.00,2021.15,4057.14,13.62,2.500,1.51,50.0,0.26
4948.00,2021.74,4059.57,13.62,2.500,1.51,50.0,0.27
4949.00,2022.33,4062.00,13.63,2.500,1.51,50.0,0.28
4950.00,2022.92,4064.43,13.63,2.500,1.58,50.0,0.29
4951.00,2023.51,4066.86,13.64,2.500,1.58,50.0,0.29
4952.00,2024.10,4069.29,13.64,2.500,1.58,50.0,0.30
4953.00,2024.69,4071.71,13.65,2.500,1.65,50.0,0.31
4954.00,2025.28,4074.14,13.65,2.500,1.65,50.0,0.32
4955.00,2025.87,4076.57,13.66,2.500,1.65,50.0,0.33
4956.00,2026.46,4079.00,13.66,2.500,1.72,50.0,0.34
4957.00,2027.05,4081.43,13.67,2.500,1.72,50.0,0.35
4958.00,2027.64,4083.86,13.67,2.500,1.72,50.0,0.35
4959.00,2028.23,4086.29,13.68,2.500,1.78,50.0,0.36
4960.00,2028.82,4088.72,13.69,2.500,1.78,50.0,0.37
4961.00,2029.41,4091.15,13.69,2.500,1.78,50.0,0.38
4962.00,2030.01,4093.58,13.70,2.500,1.83,50.0,0.39
4963.00,2030.60,4096.01,13.71,2.500,1.83,50.0,0.39
4964.00,2031.19,4098.44,13.71,2.500,1.83,50.0,0.40
4965.00,2031.78,4100.86,13.72,2.500,1.89,50.0,0.41
4966.00,2032.38,4103.29,13.73,2.500,1.89,50.0,0.42
4967.00,2032.97,4105.72,13.73,2.500,1.89,50.0,0.43
4968.00,2033.56,4108.15,13.74,2.500,1.94,50.0,0.43
4969.00,2034.16,4110.58,13.75,2.500,1.94,50.0,0.44
4970.00,2034.75,4113.01,13.76,2.500,1.94,50.0,0.45
4971.00,2035.35,4115.43,13.76,2.500,1.99,50.0,0.46
4972.00,2035.94,4117.86,13.77,2.500,1.99,50.0,0.46
4973.00,2036.54,4120.29,13.78,2.500,1.99,50.0,0.47
4974.00,2037.13,4122.72,13.79,2.500,2.03,50.0,0.48
4975.00,2037.73,4125.15,13.80,2.500,2.03,50.0,0.49
4976.00,2038.32,4127.58,13.80,2.500,2.03,50.0,0.49
4977.00,2038.92,4130.00,13.81,2.500,2.07,50.0,0.50
4978.00,2039.52,4132.43,13.82,2.500,2.07,50.0,0.51
4979.00,2040.11,4134.86,13.83,2.500,2.07,50.0,0.51
4980.00,2040.71,4137.29,13.84,2.500,2.11,50.0,0.52
4981.00,2041.31,4139.71,13.85,2.500,2.11,50.0,0.53
4982.00,2041.91,4142.14,13.86,2.500,2.11,50.0,0.53
4983.00,2042.51,4144.57,13.86,2.500,2.14,50.0,0.54
4984.00,2043.10,4147.00,13.87,2.500,2.14,50.0,0.55
4985.00,2043.70,4149.42,13.88,2.500,2.14,50.0,0.55
4986.00,2044.30,4151.85,13.89,2.500,2.17,50.0,0.56
4987.00,2044.90,4154.28,13.90,2.500,2.17,50.0,0.57
4988.00,2045.51,4156.70,13.91,2.500,2.17,50.0,0.57
4989.00,2046.11,4159.13,13.92,2.500,2.20,50.0,0.58
4990.00,2046.71,4161.56,13.93,2.500,2.20,50.0,0.58
4991.00,2047.31,4163.98,13.94,2.500,2.20,50.0,0.59
4992.00,2047.91,4166.41,13.95,2.500,2.22,50.0,0.60
4993.00,2048.51,4168.84,13.96,2.500,2.22,50.0,0.60
4994.00,2049.12,4171.26,13.97,2.500,2.22,50.0,0.61
4995.00,2049.72,4173.69,13.98,2.500,2.25,50.0,0.61
4996.00,2050.33,4176.11,13.99,2.500,2.25,50.0,0.62
4997.00,2050.93,4178.54,14.00,2.500,2.25,50.0,0.62
4998.00,2051.53,4180.96,14.01,2.500,2.27,50.0,0.63
4999.00,2052.14,4183.39,14.02,2.500,2.27,50.0,0.63
5000.00,2052.75,4185.82,14.03,2.500,2.27,50.0,0.64
5001.00,2053.35,4188.24,14.04,2.500,2.28,50.0,0.64
5002.00,2053.96,4190.67,14.05,2.500,2.28,50.0,0.65
5003.00,2054.57,4193.09,14.06,2.500,2.28,50.0,0.65
5004.00,2055.17,4195.52,14.08,2.500,2.30,50.0,0.66
5005.00,2055.78,4197.94,14.09,2.500,2.30,50.0,0.66
5006.00,2056.39,4200.37,14.10,2.500,2.30,50.0,0.66
5007.00,2057.00,4202.79,14.11,2.500,2.31,50.0,0.67
5008.00,2057.61,4205.22,14.12,2.500,2.31,50.0,0.67
5009.00,2058.22,4207.64,14.13,2.500,2.31,50.0,0.68
5010.00,2058.83,4210.06,14.14,2.500,2.32,50.0,0.68
5011.00,2059.44,4212.49,14.15,2.500,2.32,50.0,0.68
5012.00,2060.05,4214.91,14.17,2.500,2.32,50.0,0.69
5013.00,2060.66,4217.34,14.18,2.500,2.33,50.0,0.69
5014.00,2061.27,4219.76,14.19,2.500,2.33,50.0,0.70
5015.00,2061.89,4222.18,14.20,2.500,2.33,50.0,0.70
5016.00,2062.50,4224.61,14.21,2.500,2.34,50.0,0.70
5017.00,2063.11,4227.03,14.22,2.500,2.34,50.0,0.71
5018.00,2063.73,4229.46,14.24,2.500,2.34,50.0,0.71
5019.00,2064.34,4231.88,14.25,2.500,2.35,50.0,0.71
5020.00,2064.96,4234.30,14.26,2.500,2.35,50.0,0.72
5021.00,2065.57,4236.72,14.27,2.500,2.35,50.0,0.72
5022.00,2066.19,4239.15,14.28,2.500,2.35,50.0,0.72
5023.00,2066.81,4241.57,14.30,2.500,2.35,50.0,0.72
5024.00,2067.42,4243.99,14.31,2.500,2.35,50.0,0.73
5025.00,2068.04,4246.42,14.32,2.500,2.35,50.0,0.73
5026.00,2068.66,4248.84,14.33,2.500,2.35,50.0,0.73
5027.00,2069.28,4251.26,14.34,2.500,2.35,50.0,0.73
5028.00,2069.90,4253.68,14.36,2.500,2.36,50.0,0.74
5029.00,2070.52,4256.10,14.37,2.500,2.36,50.0,0.74
5030.00,2071.14,4258.53,14.38,2.500,2.36,50.0,0.74
5031.00,2071.76,4260.95,14.39,2.500,2.36,50.0,0.74
5032.00,2072.38,4263.37,14.41,2.500,2.36,50.0,0.75
5033.00,2073.00,4265.79,14.42,2.500,2.36,50.0,0.75
5034.00,2073.63,4268.21,14.43,2.500,2.36,50.0,0.75
5035.00,2074.25,4270.63,14.44,2.500,2.36,50.0,0.75
5036.00,2074.87,4273.05,14.46,2.500,2.36,50.0,0.75
5037.00,2075.50,4275.47,14.47,2.500,2.35,50.0,0.76
5038.00,2076.12,4277.89,14.48,2.500,2.35,50.0,0.76
5039.00,2076.75,4280.32,14.49,2.500,2.35,50.0,0.76
5040.00,2077.37,4282.74,14.51,2.500,2.35,50.0,0.76
5041.00,2078.00,4285.16,14.52,2.500,2.35,50.0,0.76
5042.00,2078.63,4287.58,14.53,2.500,2.35,50.0,0.76
5043.00,2079.25,4290.00,14.55,2.500,2.35,50.0,0.77
5044.00,2079.88,4292.42,14.56,2.500,2.35,50.0,0.77
5045.00,2080.51,4294.84,14.57,2.500,2.35,50.0,0.77
5046.00,2081.14,4297.26,14.58,2.500,2.34,50.0,0.77
5047.00,2081.77,4299.67,14.60,2.500,2.34,50.0,0.77
5048.00,2082.40,4302.09,14.61,2.500,2.34,50.0,0.77
5049.00,2083.03,4304.51,14.62,2.500,2.34,50.0,0.77
5050.00,2083.66,4306.93,14.63,2.500,2.34,50.0,0.77
5051.00,2084.29,4309.35,14.65,2.500,2.34,50.0,0.77
5052.00,2084.92,4311.77,14.66,2.500,2.33,50.0,0.78
5053.00,2085.56,4314.19,14.67,2.500,2.33,50.0,0.78
5054.00,2086.19,4316.61,14.69,2.500,2.33,50.0,0.78
5055.00,2086.82,4319.03,14.70,2.500,2.33,50.0,0.78
5056.00,2087.46,4321.44,14.71,2.500,2.33,50.0,0.78
5057.00,2088.09,4323.86,14.73,2.500,2.33,50.0,0.78
5058.00,2088.73,4326.28,14.74,2.500,2.32,50.0,0.78
5059.00,2089.36,4328.70,14.75,2.500,2.32,50.0,0.78
5060.00,2090.00,4331.11,14.76,2.500,2.32,50.0,0.78
5061.00,2090.64,4333.53,14.78,2.500,2.32,50.0,0.78
5062.00,2091.28,4335.95,14.79,2.500,2.32,50.0,0.78
5063.00,2091.91,4338.37,14.80,2.500,2.32,50.0,0.78
5064.00,2092.55,4340.78,14.82,2.500,2.31,50.0,0.78
5065.00,2093.19,4343.20,14.83,2.500,2.31,50.0,0.78
5066.00,2093.83,4345.62,14.84,2.500,2.31,50.0,0.78
5067.00,2094.47,4348.03,14.86,2.500,2.30,50.0,0.78
5068.00,2095.11,4350.45,14.87,2.500,2.30,50.0,0.78
5069.00,2095.75,4352.87,14.88,2.500,2.30,50.0,0.78
5070.00,2096.40,4355.28,14.90,2.500,2.29,50.0,0.78
5071.00,2097.04,4357.70,14.91,2.500,2.29,50.0,0.78
5072.00,2097.68,4360.11,14.92,2.500,2.29,50.0,0.78
5073.00,2098.33,4362.53,14.93,2.500,2.29,50.0,0.78
5074.00,2098.97,4364.95,14.95,2.500,2.29,50.0,0.78
5075.00,2099.61,4367.36,14.96,2.500,2.29,50.0,0.78
5076.00,2100.26,4369.78,14.97,2.500,2.28,50.0,0.78
5077.00,2100.91,4372.19,14.99,2.500,2.28,50.0,0.78
5078.00,2101.55,4374.61,15.00,2.500,2.28,50.0,0.78
5079.00,2102.20,4377.02,15.01,2.500,2.27,50.0,0.78
5080.00,2102.85,4379.44,15.03,2.500,2.27,50.0,0.78
5081.00,2103.50,4381.85,15.04,2.500,2.27,50.0,0.78
5082.00,2104.14,4384.27,15.05,2.500,2.26,50.0,0.78
5083.00,2104.79,4386.68,15.06,2.500,2.26,50.0,0.78
5084.00,2105.44,4389.09,15.08,2.500,2.26,50.0,0.78
5085.00,2106.09,4391.51,15.09,2.500,2.25,50.0,0.78
5086.00,2106.74,4393.92,15.10,2.500,2.25,50.0,0.78
5087.00,2107.40,4396.33,15.12,2.500,2.25,50.0,0.78
5088.00,2108.05,4398.75,15.13,2.500,2.24,50.0,0.78
5089.00,2108.70,4401.16,15.14,2.500,2.24,50.0,0.78
5090.00,2109.35,4403.57,15.16,2.500,2.24,50.0,0.78
5091.00,2110.01,4405.99,15.17,2.500,2.24,50.0,0.78
5092.00,2110.66,4408.40,15.18,2.500,2.24,50.0,0.78
5093.00,2111.32,4410.81,15.19,2.500,2.24,50.0,0.78
5094.00,2111.97,4413.23,15.21,2.500,2.23,50.0,0.78
5095.00,2112.63,4415.64,15.22,2.500,2.23,50.0,0.78
5096.00,2113.28,4418.05,15.23,2.500,2.23,50.0,0.78
5097.00,2113.94,4420.46,15.25,2.500,2.22,50.0,0.78
5098.00,2114.60,4422.87,15.26,2.500,2.22,50.0,0.78
5099.00,2115.26,4425.29,15.27,2.500,2.22,50.0,0.78
5100.00,2115.91,4427.70,15.29,2.500,2.21,50.0,0.78
5101.00,2116.57,4430.11,15.30,2.500,2.21,50.0,0.77
5102.00,2117.23,4432.52,15.31,2.500,2.21,50.0,0.77
5103.00,2117.89,4434.93,15.32,2.500,2.20,50.0,0.77
5104.00,2118.55,4437.34,15.34,2.500,2.20,50.0,0.77
5105.00,2119.21,4439.75,15.35,2.500,2.20,50.0,0.77
5106.00,2119.88,4442.17,15.36,2.500,2.20,50.0,0.77
5107.00,2120.54,4444.58,15.38,2.500,2.20,50.0,0.77
5108.00,2121.20,4446.99,15.39,2.500,2.20,50.0,0.77
5109.00,2121.87,4449.40,15.40,2.500,2.19,50.0,0.77
5110.00,2122.53,4451.81,15.41,2.500,2.19,50.0,0.77
5111.00,2123.19,4454.22,15.43,2.500,2.19,50.0,0.77
5112.00,2123.86,4456.63,15.44,2.500,2.18,50.0,0.77
5113.00,2124.52,4459.04,15.45,2.500,2.18,50.0,0.77
5114.00,2125.19,4461.45,15.47,2.500,2.18,50.0,0.77
5115.00,2125.86,4463.86,15.48,2.500,2.17,50.0,0.77
5116.00,2126.52,4466.27,15.49,2.500,2.17,50.0,0.77
5117.00,2127.19,4468.67,15.50,2.500,2.17,50.0,0.76
5118.00,2127.86,4471.08,15.52,2.500,2.17,50.0,0.76
5119.00,2128.53,4473.49,15.53,2.500,2.17,50.0,0.76
5120.00,2129.20,4475.90,15.54,2.500,2.17,50.0,0.76
5121.00,2129.87,4478.31,15.55,2.500,2.16,50.0,0.76
5122.00,2130.54,4480.72,15.57,2.500,2.16,50.0,0.76
5123.00,2131.21,4483.13,15.58,2.500,2.16,50.0,0.76
5124.00,2131.88,4485.54,15.59,2.500,2.15,50.0,0.76
5125.00,2132.55,4487.94,15.61,2.500,2.15,50.0,0.76
5126.00,2133.23,4490.35,15.62,2.500,2.15,50.0,0.76
5127.00,2133.90,4492.76,15.63,2.500,2.15,50.0,0.76
5128.00,2134.57,4495.17,15.64,2.500,2.15,50.0,0.76
5129.00,2135.25,4497.57,15.66,2.500,2.15,50.0,0.76
5130.00,2135.92,4499.98,15.67,2.500,2.14,50.0,0.76
5131.00,2136.60,4502.39,15.68,2.500,2.14,50.0,0.75
5132.00,2137.27,4504.79,15.69,2.500,2.14,50.0,0.75
5133.00,2137.95,4507.20,15.71,2.500,2.13,50.0,0.75
5134.00,2138.62,4509.61,15.72,2.500,2.13,50.0,0.75
5135.00,2139.30,4512.01,15.73,2.500,2.13,50.0,0.75
5136.00,2139.98,4514.42,15.74,2.500,2.13,50.0,0.75
5137.00,2140.66,4516.83,15.76,2.500,2.13,50.0,0.75
5138.00,2141.34,4519.23,15.77,2.500,2.13,50.0,0.75
5139.00,2142.02,4521.64,15.78,2.500,2.12,50.0,0.75
5140.00,2142.70,4524.05,15.79,2.500,2.12,50.0,0.75
5141.00,2143.38,4526.45,15.81,2.500,2.12,50.0,0.75
5142.00,2144.06,4528.86,15.82,2.500,2.12,50.0,0.75
5143.00,2144.74,4531.26,15.83,2.500,2.12,50.0,0.75
5144.00,2145.42,4533.67,15.84,2.500,2.12,50.0,0.75
5145.00,2146.10,4536.07,15.86,2.500,2.11,50.0,0.74
5146.00,2146.79,4538.48,15.87,2.500,2.11,50.0,0.74
5147.00,2147.47,4540.88,15.88,2.500,2.11,50.0,0.74
5148.00,2148.15,4543.29,15.89,2.500,2.11,50.0,0.74
5149.00,2148.84,4545.69,15.91,2.500,2.11,50.0,0.74
5150.00,2149.52,4548.09,15.92,2.500,2.11,50.0,0.74
5151.00,2150.21,4550.50,15.93,2.500,2.10,50.0,0.74
5152.00,2150.90,4552.90,15.94,2.500,2.10,50.0,0.74
5153.00,2151.58,4555.31,15.95,2.500,2.10,50.0,0.74
5154.00,2152.27,4557.71,15.97,2.500,2.09,50.0,0.74
5155.00,2152.96,4560.11,15.98,2.500,2.09,50.0,0.74
5156.00,2153.65,4562.52,15.99,2.500,2.09,50.0,0.74
5157.00,2154.33,4564.92,16.00,2.500,2.09,50.0,0.74
5158.00,2155.02,4567.32,16.02,2.500,2.09,50.0,0.74
5159.00,2155.71,4569.73,16.03,2.500,2.09,50.0,0.74
5160.00,2156.40,4572.13,16.04,2.500,2.09,50.0,0.73
5161.00,2157.09,4574.53,16.05,2.500,2.09,50.0,0.73
5162.00,2157.79,4576.93,16.06,2.500,2.09,50.0,0.73
5163.00,2158.48,4579.34,16.08,2.500,2.08,50.0,0.73
5164.00,2159.17,4581.74,16.09,2.500,2.08,50.0,0.73
5165.00,2159.86,4584.14,16.10,2.500,2.08,50.0,0.73
5166.00,2160.56,4586.54,16.11,2.500,2.08,50.0,0.73
5167.00,2161.25,4588.95,16.13,2.500,2.08,50.0,0.73
5168.00,2161.94,4591.35,16.14,2.500,2.08,50.0,0.73
5169.00,2162.64,4593.75,16.15,2.500,2.07,50.0,0.73
5170.00,2163.33,4596.15,16.16,2.500,2.07,50.0,0.73
5171.00,2164.03,4598.55,16.17,2.500,2.07,50.0,0.73
5172.00,2164.73,4600.95,16.19,2.500,2.07,50.0,0.73
5173.00,2165.42,4603.35,16.20,2.500,2.07,50.0,0.73
5174.00,2166.12,4605.75,16.21,2.500,2.07,50.0,0.73
5175.00,2166.82,4608.15,16.22,2.500,2.06,50.0,0.73
5176.00,2167.52,4610.55,16.23,2.500,2.06,50.0,0.72
5177.00,2168.22,4612.95,16.25,2.500,2.06,50.0,0.72
5178.00,2168.92,4615.36,16.26,2.500,2.06,50.0,0.72
5179.00,2169.62,4617.76,16.27,2.500,2.06,50.0,0.72
5180.00,2170.32,4620.15,16.28,2.500,2.06,50.0,0.72
5181.00,2171.02,4622.55,16.29,2.500,2.06,50.0,0.72
5182.00,2171.72,4624.95,16.31,2.500,2.06,50.0,0.72
5183.00,2172.42,4627.35,16.32,2.500,2.06,50.0,0.72
5184.00,2173.12,4629.75,16.33,2.500,2.05,50.0,0.72
5185.00,2173.83,4632.15,16.34,2.500,2.05,50.0,0.72
5186.00,2174.53,4634.55,16.35,2.500,2.05,50.0,0.72
5187.00,2175.23,4636.95,16.37,2.500,2.05,50.0,0.72
5188.00,2175.94,4639.35,16.38,2.500,2.05,50.0,0.72
5189.00,2176.64,4641.75,16.39,2.500,2.05,50.0,0.72
5190.00,2177.35,4644.15,16.40,2.500,2.05,50.0,0.72
5191.00,2178.05,4646.54,16.41,2.500,2.05,50.0,0.72
5192.00,2178.76,4648.94,16.43,2.500,2.05,50.0,0.72
5193.00,2179.47,4651.34,16.44,2.500,2.04,50.0,0.72
5194.00,2180.17,4653.74,16.45,2.500,2.04,50.0,0.71
5195.00,2180.88,4656.14,16.46,2.500,2.04,50.0,0.71
5196.00,2181.59,4658.53,16.47,2.500,2.04,50.0,0.71
5197.00,2182.30,4660.93,16.49,2.500,2.04,50.0,0.71
5198.00,2183.01,4663.33,16.50,2.500,2.04,50.0,0.71
5199.00,2183.72,4665.72,16.51,2.500,2.04,50.0,0.71
5200.00,2184.43,4668.12,16.52,2.500,2.04,50.0,0.71
5201.00,2185.14,4670.52,16.53,2.500,2.04,50.0,0.71
5202.00,2185.85,4672.91,16.55,2.500,2.03,50.0,0.71
5203.00,2186.56,4675.31,16.56,2.500,2.03,50.0,0.71
5204.00,2187.28,4677.71,16.57,2.500,2.03,50.0,0.71
5205.00,2187.99,4680.10,16.58,2.500,2.03,50.0,0.71
5206.00,2188.70,4682.50,16.59,2.500,2.03,50.0,0.71
5207.00,2189.42,4684.90,16.60,2.500,2.03,50.0,0.71
5208.00,2190.13,4687.29,16.62,2.500,2.03,50.0,0.71
5209.00,2190.85,4689.69,16.63,2.500,2.03,50.0,0.71
5210.00,2191.56,4692.08,16.64,2.500,2.03,50.0,0.71
5211.00,2192.28,4694.48,16.65,2.500,2.03,50.0,0.71
5212.00,2192.99,4696.87,16.66,2.500,2.03,50.0,0.71
5213.00,2193.71,4699.27,16.68,2.500,2.03,50.0,0.71
5214.00,2194.43,4701.66,16.69,2.500,2.02,50.0,0.71
5215.00,2195.15,4704.06,16.70,2.500,2.02,50.0,0.71
5216.00,2195.86,4706.45,16.71,2.500,2.02,50.0,0.71
5217.00,2196.58,4708.85,16.72,2.500,2.02,50.0,0.70
5218.00,2197.30,4711.24,16.73,2.500,2.02,50.0,0.70
5219.00,2198.02,4713.64,16.75,2.500,2.02,50.0,0.70
5220.00,2198.74,4716.03,16.76,2.500,2.02,50.0,0.70
5221.00,2199.46,4718.42,16.77,2.500,2.02,50.0,0.70
5222.00,2200.18,4720.82,16.78,2.500,2.02,50.0,0.70
5223.00,2200.91,4723.21,16.79,2.500,2.02,50.0,0.70
5224.00,2201.63,4725.60,16.80,2.500,2.02,50.0,0.70
5225.00,2202.35,4728.00,16.82,2.500,2.02,50.0,0.70
5226.00,2203.07,4730.39,16.83,2.500,2.01,50.0,0.70
5227.00,2203.80,4732.78,16.84,2.500,2.01,50.0,0.70
5228.00,2204.52,4735.18,16.85,2.500,2.01,50.0,0.70
5229.00,2205.25,4737.57,16.86,2.500,2.01,50.0,0.70
5230.00,2205.97,4739.96,16.87,2.500,2.01,50.0,0.70
5231.00,2206.70,4742.35,16.89,2.500,2.01,50.0,0.70
5232.00,2207.42,4744.75,16.90,2.500,2.01,50.0,0.70
5233.00,2208.15,4747.14,16.91,2.500,2.01,50.0,0.70
5234.00,2208.88,4749.53,16.92,2.500,2.01,50.0,0.70
5235.00,2209.61,4751.92,16.93,2.500,2.01,50.0,0.70
5236.00,2210.33,4754.31,16.94,2.500,2.01,50.0,0.70
5237.00,2211.06,4756.70,16.96,2.500,2.01,50.0,0.70
5238.00,2211.79,4759.10,16.97,2.500,2.00,50.0,0.70
5239.00,2212.52,4761.49,16.98,2.500,2.00,50.0,0.70
5240.00,2213.25,4763.88,16.99,2.500,2.00,50.0,0.70
5241.00,2213.98,4766.27,17.00,2.500,2.00,50.0,0.70
5242.00,2214.71,4768.66,17.01,2.500,2.00,50.0,0.70
5243.00,2215.44,4771.05,17.03,2.500,2.00,50.0,0.70
5244.00,2216.18,4773.44,17.04,2.500,2.00,50.0,0.70
5245.00,2216.91,4775.83,17.05,2.500,2.00,50.0,0.69
5246.00,2217.64,4778.22,17.06,2.500,2.00,50.0,0.69
5247.00,2218.38,4780.61,17.07,2.500,2.00,50.0,0.69
5248.00,2219.11,4783.00,17.08,2.500,2.00,50.0,0.69
5249.00,2219.84,4785.39,17.10,2.500,2.00,50.0,0.69
5250.00,2220.58,4787.78,17.11,2.500,2.00,50.0,0.69
5251.00,2221.31,4790.17,17.12,2.500,2.00,50.0,0.69
5252.00,2222.05,4792.56,17.13,2.500,2.00,50.0,0.69
5253.00,2222.79,4794.95,17.14,2.500,1.99,50.0,0.69
5254.00,2223.52,4797.34,17.15,2.500,1.99,50.0,0.69
5255.00,2224.26,4799.73,17.16,2.500,1.99,50.0,0.69
5256.00,2225.00,4802.11,17.18,2.500,1.99,50.0,0.69
5257.00,2225.74,4804.50,17.19,2.500,1.99,50.0,0.69
5258.00,2226.48,4806.89,17.20,2.500,1.99,50.0,0.69
5259.00,2227.21,4809.28,17.21,2.500,1.99,50.0,0.69
5260.00,2227.95,4811.67,17.22,2.500,1.99,50.0,0.69
5261.00,2228.69,4814.05,17.23,2.500,1.99,50.0,0.69
5262.00,2229.44,4816.44,17.24,2.500,1.99,50.0,0.69
5263.00,2230.18,4818.83,17.26,2.500,1.99,50.0,0.69
5264.00,2230.92,4821.22,17.27,2.500,1.99,50.0,0.69
5265.00,2231.66,4823.61,17.28,2.500,1.98,50.0,0.69
5266.00,2232.40,4825.99,17.29,2.500,1.98,50.0,0.69
5267.00,2233.15,4828.38,17.30,2.500,1.98,50.0,0.69
5268.00,2233.89,4830.77,17.31,2.500,1.98,50.0,0.69
5269.00,2234.63,4833.15,17.33,2.500,1.98,50.0,0.69
5270.00,2235.38,4835.54,17.34,2.500,1.98,50.0,0.69
5271.00,2236.12,4837.93,17.35,2.500,1.98,50.0,0.69
5272.00,2236.87,4840.31,17.36,2.500,1.98,50.0,0.69
5273.00,2237.61,4842.70,17.37,2.500,1.98,50.0,0.69
5274.00,2238.36,4845.08,17.38,2.500,1.98,50.0,0.69
5275.00,2239.11,4847.47,17.39,2.500,1.98,50.0,0.69
5276.00,2239.85,4849.86,17.41,2.500,1.98,50.0,0.69
5277.00,2240.60,4852.24,17.42,2.500,1.98,50.0,0.69
5278.00,2241.35,4854.63,17.43,2.500,1.98,50.0,0.69
5279.00,2242.10,4857.01,17.44,2.500,1.98,50.0,0.68
5280.00,2242.85,4859.40,17.45,2.500,1.97,50.0,0.68
5281.00,2243.60,4861.78,17.46,2.500,1.97,50.0,0.68
5282.00,2244.35,4864.17,17.47,2.500,1.97,50.0,0.68
5283.00,2245.10,4866.55,17.49,2.500,1.97,50.0,0.68
5284.00,2245.85,4868.94,17.50,2.500,1.97,50.0,0.68
5285.00,2246.60,4871.32,17.51,2.500,1.97,50.0,0.68
5286.00,2247.35,4873.70,17.52,2.500,1.97,50.0,0.68
5287.00,2248.11,4876.09,17.53,2.500,1.97,50.0,0.68
5288.00,2248.86,4878.47,17.54,2.500,1.97,50.0,0.68
5289.00,2249.61,4880.86,17.55,2.500,1.97,50.0,0.68
5290.00,2250.37,4883.24,17.56,2.500,1.97,50.0,0.68
5291.00,2251.12,4885.62,17.58,2.500,1.97,50.0,0.68
5292.00,2251.88,4888.01,17.59,2.500,1.96,50.0,0.68
5293.00,2252.63,4890.39,17.60,2.500,1.96,50.0,0.68
5294.00,2253.39,4892.77,17.61,2.500,1.96,50.0,0.68
5295.00,2254.14,4895.16,17.62,2.500,1.96,50.0,0.68
5296.00,2254.90,4897.54,17.63,2.500,1.96,50.0,0.68
5297.00,2255.66,4899.92,17.64,2.500,1.96,50.0,0.68
5298.00,2256.42,4902.30,17.66,2.500,1.96,50.0,0.68
5299.00,2257.17,4904.69,17.67,2.500,1.96,50.0,0.68
5300.00,2257.93,4907.07,17.68,2.500,1.96,50.0,0.68
5301.00,2258.69,4909.45,17.69,2.500,1.96,50.0,0.68
5302.00,2259.45,4911.83,17.70,2.500,1.96,50.0,0.68
5303.00,2260.21,4914.21,17.71,2.500,1.96,50.0,0.68
5304.00,2260.97,4916.59,17.72,2.500,1.96,50.0,0.68
5305.00,2261.73,4918.98,17.73,2.500,1.96,50.0,0.68
5306.00,2262.50,4921.36,17.75,2.500,1.96,50.0,0.68
5307.00,2263.26,4923.74,17.76,2.500,1.95,50.0,0.68
5308.00,2264.02,4926.12,17.77,2.500,1.95,50.0,0.68
5309.00,2264.78,4928.50,17.78,2.500,1.95,50.0,0.68
5310.00,2265.55,4930.88,17.79,2.500,1.95,50.0,0.68
5311.00,2266.31,4933.26,17.80,2.500,1.95,50.0,0.68
5312.00,2267.07,4935.64,17.81,2.500,1.95,50.0,0.68
5313.00,2267.84,4938.02,17.83,2.500,1.95,50.0,0.68
5314.00,2268.60,4940.40,17.84,2.500,1.95,50.0,0.68
5315.00,2269.37,4942.78,17.85,2.500,1.95,50.0,0.68
5316.00,2270.14,4945.16,17.86,2.500,1.95,50.0,0.68
5317.00,2270.90,4947.54,17.87,2.500,1.95,50.0,0.68
5318.00,2271.67,4949.92,17.88,2.500,1.95,50.0,0.67
5319.00,2272.44,4952.30,17.89,2.500,1.94,50.0,0.67
5320.00,2273.21,4954.68,17.90,2.500,1.94,50.0,0.67
5321.00,2273.97,4957.06,17.92,2.500,1.94,50.0,0.67
5322.00,2274.74,4959.44,17.93,2.500,1.94,50.0,0.67
5323.00,2275.51,4961.81,17.94,2.500,1.94,50.0,0.67
5324.00,2276.28,4964.19,17.95,2.500,1.94,50.0,0.67
5325.00,2277.05,4966.57,17.96,2.500,1.94,50.0,0.67
5326.00,2277.82,4968.95,17.97,2.500,1.94,50.0,0.67
5327.00,2278.60,4971.33,17.98,2.500,1.94,50.0,0.67
5328.00,2279.37,4973.70,17.99,2.500,1.94,50.0,0.67
5329.00,2280.14,4976.08,18.00,2.500,1.94,50.0,0.67
5330.00,2280.91,4978.46,18.02,2.500,1.94,50.0,0.67
5331.00,2281.69,4980.84,18.03,2.500,1.94,50.0,0.67
5332.00,2282.46,4983.21,18.04,2.500,1.94,50.0,0.67
5333.00,2283.23,4985.59,18.05,2.500,1.94,50.0,0.67
5334.00,2284.01,4987.97,18.06,2.500,1.93,50.0,0.67
5335.00,2284.78,4990.35,18.07,2.500,1.93,50.0,0.67
5336.00,2285.56,4992.72,18.08,2.500,1.93,50.0,0.67
5337.00,2286.33,4995.10,18.09,2.500,1.93,50.0,0.67
5338.00,2287.11,4997.48,18.11,2.500,1.93,50.0,0.67
5339.00,2287.89,4999.85,18.12,2.500,1.93,50.0,0.67
5340.00,2288.67,5002.23,18.13,2.500,1.93,50.0,0.67
5341.00,2289.44,5004.60,18.14,2.500,1.93,50.0,0.67
5342.00,2290.22,5006.98,18.15,2.500,1.93,50.0,0.67
5343.00,2291.00,5009.35,18.16,2.500,1.93,50.0,0.67
5344.00,2291.78,5011.73,18.17,2.500,1.93,50.0,0.67
5345.00,2292.56,5014.11,18.18,2.500,1.93,50.0,0.67
5346.00,2293.34,5016.48,18.19,2.500,1.92,50.0,0.67
5347.00,2294.12,5018.86,18.21,2.500,1.92,50.0,0.67
5348.00,2294.90,5021.23,18.22,2.500,1.92,50.0,0.67
5349.00,2295.68,5023.61,18.23,2.500,1.92,50.0,0.67
5350.00,2296.46,5025.98,18.24,2.500,1.92,50.0,0.67
5351.00,2297.25,5028.35,18.25,2.500,1.92,50.0,0.67
5352.00,2298.03,5030.73,18.26,2.500,1.92,50.0,0.67
5353.00,2298.81,5033.10,18.27,2.500,1.92,50.0,0.67
5354.00,2299.60,5035.48,18.28,2.500,1.92,50.0,0.67
5355.00,2300.38,5037.85,18.29,2.500,1.92,50.0,0.67
5356.00,2301.17,5040.22,18.31,2.500,1.92,50.0,0.67
5357.00,2301.95,5042.60,18.32,2.500,1.92,50.0,0.66
5358.00,2302.74,5044.97,18.33,2.500,1.92,50.0,0.66
5359.00,2303.52,5047.34,18.34,2.500,1.92,50.0,0.66
5360.00,2304.31,5049.72,18.35,2.500,1.92,50.0,0.66
5361.00,2305.10,5052.09,18.36,2.500,1.91,50.0,0.66
5362.00,2305.88,5054.46,18.37,2.500,1.91,50.0,0.66
5363.00,2306.67,5056.84,18.38,2.500,1.91,50.0,0.66
5364.00,2307.46,5059.21,18.39,2.500,1.91,50.0,0.66
5365.00,2308.25,5061.58,18.41,2.500,1.91,50.0,0.66
5366.00,2309.04,5063.95,18.42,2.500,1.91,50.0,0.66
5367.00,2309.83,5066.32,18.43,2.500,1.91,50.0,0.66
5368.00,2310.62,5068.70,18.44,2.500,1.91,50.0,0.66
5369.00,2311.41,5071.07,18.45,2.500,1.91,50.0,0.66
5370.00,2312.20,5073.44,18.46,2.500,1.91,50.0,0.66
5371.00,2312.99,5075.81,18.47,2.500,1.91,50.0,0.66
5372.00,2313.78,5078.18,18.48,2.500,1.91,50.0,0.66
5373.00,2314.58,5080.55,18.49,2.500,1.90,50.0,0.66
5374.00,2315.37,5082.92,18.50,2.500,1.90,50.0,0.66
5375.00,2316.16,5085.29,18.52,2.500,1.90,50.0,0.66
5376.00,2316.96,5087.66,18.53,2.500,1.90,50.0,0.66
5377.00,2317.75,5090.04,18.54,2.500,1.90,50.0,0.66
5378.00,2318.55,5092.41,18.55,2.500,1.90,50.0,0.66
5379.00,2319.34,5094.78,18.56,2.500,1.90,50.0,0.66
5380.00,2320.14,5097.15,18.57,2.500,1.90,50.0,0.66
5381.00,2320.93,5099.52,18.58,2.500,1.90,50.0,0.66
5382.00,2321.73,5101.89,18.59,2.500,1.90,50.0,0.66
5383.00,2322.53,5104.25,18.60,2.500,1.90,50.0,0.66
5384.00,2323.33,5106.62,18.61,2.500,1.90,50.0,0.66
5385.00,2324.12,5108.99,18.63,2.500,1.89,50.0,0.66
5386.00,2324.92,5111.36,18.64,2.500,1.89,50.0,0.66
5387.00,2325.72,5113.73,18.65,2.500,1.89,50.0,0.66
5388.00,2326.52,5116.10,18.66,2.500,1.89,50.0,0.66
5389.00,2327.32,5118.47,18.67,2.500,1.89,50.0,0.66
5390.00,2328.12,5120.84,18.68,2.500,1.89,50.0,0.66
5391.00,2328.92,5123.21,18.69,2.500,1.89,50.0,0.66
5392.00,2329.72,5125.57,18.70,2.500,1.89,50.0,0.66
5393.00,2330.52,5127.94,18.71,2.500,1.89,50.0,0.66
5394.00,2331.33,5130.31,18.72,2.500,1.89,50.0,0.66
5395.00,2332.13,5132.68,18.73,2.500,1.89,50.0,0.65
5396.00,2332.93,5135.04,18.75,2.500,1.89,50.0,0.65
5397.00,2333.73,5137.41,18.76,2.500,1.89,50.0,0.65
5398.00,2334.54,5139.78,18.77,2.500,1.89,50.0,0.65
5399.00,2335.34,5142.15,18.78,2.500,1.89,50.0,0.65
5400.00,2336.15,5144.51,18.79,2.500,1.88,50.0,0.65
5401.00,2336.95,5146.88,18.80,2.500,1.88,50.0,0.65
5402.00,2337.76,5149.25,18.81,2.500,1.88,50.0,0.65
5403.00,2338.56,5151.61,18.82,2.500,1.88,50.0,0.65
5404.00,2339.37,5153.98,18.83,2.500,1.88,50.0,0.65
5405.00,2340.18,5156.35,18.84,2.500,1.88,50.0,0.65
5406.00,2340.99,5158.71,18.85,2.500,1.88,50.0,0.65
5407.00,2341.79,5161.08,18.87,2.500,1.88,50.0,0.65
5408.00,2342.60,5163.44,18.88,2.500,1.88,50.0,0.65
5409.00,2343.41,5165.81,18.89,2.500,1.88,50.0,0.65
5410.00,2344.22,5168.17,18.90,2.500,1.88,50.0,0.65
5411.00,2345.03,5170.54,18.91,2.500,1.88,50.0,0.65
5412.00,2345.84,5172.90,18.92,2.500,1.87,50.0,0.65
5413.00,2346.65,5175.27,18.93,2.500,1.87,50.0,0.65
5414.00,2347.46,5177.63,18.94,2.500,1.87,50.0,0.65
5415.00,2348.27,5180.00,18.95,2.500,1.87,50.0,0.65
5416.00,2349.08,5182.36,18.96,2.500,1.87,50.0,0.65
5417.00,2349.90,5184.73,18.97,2.500,1.87,50.0,0.65
5418.00,2350.71,5187.09,18.98,2.500,1.87,50.0,0.65
5419.00,2351.52,5189.46,19.00,2.500,1.87,50.0,0.65
5420.00,2352.34,5191.82,19.01,2.500,1.87,50.0,0.65
5421.00,2353.15,5194.18,19.02,2.500,1.87,50.0,0.65
5422.00,2353.97,5196.55,19.03,2.500,1.87,50.0,0.65
5423.00,2354.78,5198.91,19.04,2.500,1.87,50.0,0.65
5424.00,2355.60,5201.27,19.05,2.500,1.86,50.0,0.65
5425.00,2356.41,5203.64,19.06,2.500,1.86,50.0,0.65
5426.00,2357.23,5206.00,19.07,2.500,1.86,50.0,0.65
5427.00,2358.05,5208.36,19.08,2.500,1.86,50.0,0.65
5428.00,2358.86,5210.73,19.09,2.500,1.86,50.0,0.65
5429.00,2359.68,5213.09,19.10,2.500,1.86,50.0,0.65
5430.00,2360.50,5215.45,19.11,2.500,1.86,50.0,0.65
5431.00,2361.32,5217.81,19.12,2.500,1.86,50.0,0.65
5432.00,2362.14,5220.17,19.14,2.500,1.86,50.0,0.65
5433.00,2362.96,5222.54,19.15,2.500,1.86,50.0,0.64
5434.00,2363.78,5224.90,19.16,2.500,1.86,50.0,0.64
5435.00,2364.60,5227.26,19.17,2.500,1.86,50.0,0.64
5436.00,2365.42,5229.62,19.18,2.500,1.86,50.0,0.64
5437.00,2366.24,5231.98,19.19,2.500,1.86,50.0,0.64
5438.00,2367.06,5234.34,19.20,2.500,1.86,50.0,0.64
5439.00,2367.88,5236.70,19.21,2.500,1.85,50.0,0.64
5440.00,2368.70,5239.06,19.22,2.500,1.85,50.0,0.64
5441.00,2369.53,5241.43,19.23,2.500,1.85,50.0,0.64
5442.00,2370.35,5243.79,19.24,2.500,1.85,50.0,0.64
5443.00,2371.17,5246.15,19.25,2.500,1.85,50.0,0.64
5444.00,2372.00,5248.51,19.26,2.500,1.85,50.0,0.64
5445.00,2372.82,5250.87,19.27,2.500,1.85,50.0,0.64
5446.00,2373.65,5253.23,19.29,2.500,1.85,50.0,0.64
5447.00,2374.47,5255.59,19.30,2.500,1.85,50.0,0.64
5448.00,2375.30,5257.95,19.31,2.500,1.85,50.0,0.64
5449.00,2376.13,5260.31,19.32,2.500,1.85,50.0,0.64
5450.00,2376.95,5262.66,19.33,2.500,1.85,50.0,0.64
5451.00,2377.78,5265.02,19.34,2.500,1.84,50.0,0.64
5452.00,2378.61,5267.38,19.35,2.500,1.84,50.0,0.64
5453.00,2379.44,5269.74,19.36,2.500,1.84,50.0,0.64
5454.00,2380.27,5272.10,19.37,2.500,1.84,50.0,0.64
5455.00,2381.10,5274.46,19.38,2.500,1.84,50.0,0.64
5456.00,2381.93,5276.82,19.39,2.500,1.84,50.0,0.64
5457.00,2382.76,5279.17,19.40,2.500,1.84,50.0,0.64
5458.00,2383.59,5281.53,19.41,2.500,1.84,50.0,0.64
5459.00,2384.42,5283.89,19.42,2.500,1.84,50.0,0.64
5460.00,2385.25,5286.25,19.43,2.500,1.84,50.0,0.64
5461.00,2386.08,5288.61,19.45,2.500,1.84,50.0,0.64
5462.00,2386.91,5290.96,19.46,2.500,1.84,50.0,0.64
5463.00,2387.75,5293.32,19.47,2.500,1.83,50.0,0.64
5464.00,2388.58,5295.68,19.48,2.500,1.83,50.0,0.64
5465.00,2389.41,5298.03,19.49,2.500,1.83,50.0,0.64
5466.00,2390.25,5300.39,19.50,2.500,1.83,50.0,0.64
5467.00,2391.08,5302.75,19.51,2.500,1.83,50.0,0.64
5468.00,2391.92,5305.10,19.52,2.500,1.83,50.0,0.64
5469.00,2392.75,5307.46,19.53,2.500,1.83,50.0,0.64
5470.00,2393.59,5309.82,19.54,2.500,1.83,50.0,0.64
5471.00,2394.42,5312.17,19.55,2.500,1.83,50.0,0.63
5472.00,2395.26,5314.53,19.56,2.500,1.83,50.0,0.63
5473.00,2396.10,5316.88,19.57,2.500,1.83,50.0,0.63
5474.00,2396.93,5319.24,19.58,2.500,1.83,50.0,0.63
5475.00,2397.77,5321.60,19.59,2.500,1.83,50.0,0.63
5476.00,2398.61,5323.95,19.60,2.500,1.83,50.0,0.63
5477.00,2399.45,5326.31,19.61,2.500,1.83,50.0,0.63
5478.00,2400.29,5328.66,19.62,2.500,1.82,50.0,0.63
5479.00,2401.13,5331.02,19.64,2.500,1.82,50.0,0.63
5480.00,2401.97,5333.37,19.65,2.500,1.82,50.0,0.63
5481.00,2402.81,5335.72,19.66,2.500,1.82,50.0,0.63
5482.00,2403.65,5338.08,19.67,2.500,1.82,50.0,0.63
5483.00,2404.49,5340.43,19.68,2.500,1.82,50.0,0.63
5484.00,2405.33,5342.79,19.69,2.500,1.82,50.0,0.63
5485.00,2406.17,5345.14,19.70,2.500,1.82,50.0,0.63
5486.00,2407.02,5347.49,19.71,2.500,1.82,50.0,0.63
5487.00,2407.86,5349.85,19.72,2.500,1.82,50.0,0.63
5488.00,2408.70,5352.20,19.73,2.500,1.82,50.0,0.63
5489.00,2409.55,5354.55,19.74,2.500,1.82,50.0,0.63
5490.00,2410.39,5356.91,19.75,2.500,1.81,50.0,0.63
5491.00,2411.24,5359.26,19.76,2.500,1.81,50.0,0.63
5492.00,2412.08,5361.61,19.77,2.500,1.81,50.0,0.63
5493.00,2412.93,5363.97,19.78,2.500,1.81,50.0,0.63
5494.00,2413.77,5366.32,19.79,2.500,1.81,50.0,0.63
5495.00,2414.62,5368.67,19.80,2.500,1.81,50.0,0.63
5496.00,2415.47,5371.02,19.81,2.500,1.81,50.0,0.63
5497.00,2416.32,5373.38,19.82,2.500,1.81,50.0,0.63
5498.00,2417.16,5375.73,19.84,2.500,1.81,50.0,0.63
5499.00,2418.01,5378.08,19.85,2.500,1.81,50.0,0.63
5500.00,2418.86,5380.43,19.86,2.500,1.81,50.0,0.63
5501.00,2419.71,5382.78,19.87,2.500,1.81,50.0,0.63
5502.00,2420.56,5385.13,19.88,2.500,1.80,50.0,0.63
5503.00,2421.41,5387.48,19.89,2.500,1.80,50.0,0.63
5504.00,2422.26,5389.83,19.90,2.500,1.80,50.0,0.63
5505.00,2423.11,5392.19,19.91,2.500,1.80,50.0,0.63
5506.00,2423.96,5394.54,19.92,2.500,1.80,50.0,0.63
5507.00,2424.81,5396.89,19.93,2.500,1.80,50.0,0.63
5508.00,2425.67,5399.24,19.94,2.500,1.80,50.0,0.63
5509.00,2426.52,5401.59,19.95,2.500,1.80,50.0,0.62
5510.00,2427.37,5403.94,19.96,2.500,1.80,50.0,0.62
5511.00,2428.22,5406.29,19.97,2.500,1.80,50.0,0.62
5512.00,2429.08,5408.64,19.98,2.500,1.80,50.0,0.62
5513.00,2429.93,5410.99,19.99,2.500,1.80,50.0,0.62
5514.00,2430.79,5413.34,20.00,2.500,1.80,50.0,0.62
5515.00,2431.64,5415.68,20.01,2.500,1.80,50.0,0.62
5516.00,2432.50,5418.03,20.02,2.500,1.80,50.0,0.62
5517.00,2433.35,5420.38,20.03,2.500,1.79,50.0,0.62
5518.00,2434.21,5422.73,20.04,2.500,1.79,50.0,0.62
5519.00,2435.07,5425.08,20.05,2.500,1.79,50.0,0.62
5520.00,2435.92,5427.43,20.06,2.500,1.79,50.0,0.62
5521.00,2436.78,5429.78,20.07,2.500,1.79,50.0,0.62
5522.00,2437.64,5432.12,20.08,2.500,1.79,50.0,0.62
5523.00,2438.50,5434.47,20.10,2.500,1.79,50.0,0.62
5524.00,2439.36,5436.82,20.11,2.500,1.79,50.0,0.62
5525.00,2440.22,5439.17,20.12,2.500,1.79,50.0,0.62
5526.00,2441.08,5441.52,20.13,2.500,1.79,50.0,0.62
5527.00,2441.94,5443.86,20.14,2.500,1.79,50.0,0.62
5528.00,2442.80,5446.21,20.15,2.500,1.79,50.0,0.62
5529.00,2443.66,5448.56,20.16,2.500,1.78,50.0,0.62
5530.00,2444.52,5450.90,20.17,2.500,1.78,50.0,0.62
5531.00,2445.38,5453.25,20.18,2.500,1.78,50.0,0.62
5532.00,2446.24,5455.60,20.19,2.500,1.78,50.0,0.62
5533.00,2447.11,5457.94,20.20,2.500,1.78,50.0,0.62
5534.00,2447.97,5460.29,20.21,2.500,1.78,50.0,0.62
5535.00,2448.83,5462.64,20.22,2.500,1.78,50.0,0.62
5536.00,2449.70,5464.98,20.23,2.500,1.78,50.0,0.62
5537.00,2450.56,5467.33,20.24,2.500,1.78,50.0,0.62
5538.00,2451.43,5469.67,20.25,2.500,1.78,50.0,0.62
5539.00,2452.29,5472.02,20.26,2.500,1.78,50.0,0.62
5540.00,2453.16,5474.36,20.27,2.500,1.78,50.0,0.62
5541.00,2454.02,5476.71,20.28,2.500,1.78,50.0,0.62
5542.00,2454.89,5479.05,20.29,2.500,1.78,50.0,0.62
5543.00,2455.76,5481.40,20.30,2.500,1.78,50.0,0.62
5544.00,2456.63,5483.74,20.31,2.500,1.77,50.0,0.62
5545.00,2457.49,5486.09,20.32,2.500,1.77,50.0,0.62
5546.00,2458.36,5488.43,20.33,2.500,1.77,50.0,0.62
5547.00,2459.23,5490.78,20.34,2.500,1.77,50.0,0.61
5548.00,2460.10,5493.12,20.35,2.500,1.77,50.0,0.61
5549.00,2460.97,5495.47,20.36,2.500,1.77,50.0,0.61
5550.00,2461.84,5497.81,20.37,2.500,1.77,50.0,0.61
5551.00,2462.71,5500.15,20.38,2.500,1.77,50.0,0.61
5552.00,2463.58,5502.50,20.39,2.500,1.77,50.0,0.61
5553.00,2464.45,5504.84,20.40,2.500,1.77,50.0,0.61
5554.00,2465.32,5507.18,20.41,2.500,1.77,50.0,0.61
5555.00,2466.19,5509.53,20.42,2.500,1.77,50.0,0.61
5556.00,2467.07,5511.87,20.43,2.500,1.76,50.0,0.61
5557.00,2467.94,5514.21,20.44,2.500,1.76,50.0,0.61
5558.00,2468.81,5516.55,20.45,2.500,1.76,50.0,0.61
5559.00,2469.69,5518.90,20.46,2.500,1.76,50.0,0.61
5560.00,2470.56,5521.24,20.48,2.500,1.76,50.0,0.61
5561.00,2471.44,5523.58,20.49,2.500,1.76,50.0,0.61
5562.00,2472.31,5525.92,20.50,2.500,1.76,50.0,0.61
5563.00,2473.19,5528.26,20.51,2.500,1.76,50.0,0.61
5564.00,2474.06,5530.61,20.52,2.500,1.76,50.0,0.61
5565.00,2474.94,5532.95,20.53,2.500,1.76,50.0,0.61
5566.00,2475.81,5535.29,20.54,2.500,1.76,50.0,0.61
5567.00,2476.69,5537.63,20.55,2.500,1.76,50.0,0.61
5568.00,2477.57,5539.97,20.56,2.500,1.76,50.0,0.61
5569.00,2478.45,5542.31,20.57,2.500,1.76,50.0,0.61
5570.00,2479.32,5544.65,20.58,2.500,1.76,50.0,0.61
5571.00,2480.20,5546.99,20.59,2.500,1.75,50.0,0.61
5572.00,2481.08,5549.33,20.60,2.500,1.75,50.0,0.61
5573.00,2481.96,5551.67,20.61,2.500,1.75,50.0,0.61
5574.00,2482.84,5554.01,20.62,2.500,1.75,50.0,0.61
5575.00,2483.72,5556.35,20.63,2.500,1.75,50.0,0.61
5576.00,2484.60,5558.69,20.64,2.500,1.75,50.0,0.61
5577.00,2485.48,5561.03,20.65,2.500,1.75,50.0,0.61
5578.00,2486.37,5563.37,20.66,2.500,1.75,50.0,0.61
5579.00,2487.25,5565.71,20.67,2.500,1.75,50.0,0.61
5580.00,2488.13,5568.05,20.68,2.500,1.75,50.0,0.61
5581.00,2489.01,5570.39,20.69,2.500,1.75,50.0,0.61
5582.00,2489.90,5572.73,20.70,2.500,1.75,50.0,0.61
5583.00,2490.78,5575.07,20.71,2.500,1.74,50.0,0.61
5584.00,2491.66,5577.40,20.72,2.500,1.74,50.0,0.61
5585.00,2492.55,5579.74,20.73,2.500,1.74,50.0,0.61
5586.00,2493.43,5582.08,20.74,2.500,1.74,50.0,0.60
5587.00,2494.32,5584.42,20.75,2.500,1.74,50.0,0.60
5588.00,2495.20,5586.76,20.76,2.500,1.74,50.0,0.60
5589.00,2496.09,5589.09,20.77,2.500,1.74,50.0,0.60
5590.00,2496.98,5591.43,20.78,2.500,1.74,50.0,0.60
5591.00,2497.86,5593.77,20.79,2.500,1.74,50.0,0.60
5592.00,2498.75,5596.11,20.80,2.500,1.74,50.0,0.60
5593.00,2499.64,5598.44,20.81,2.500,1.74,50.0,0.60
5594.00,2500.53,5600.78,20.82,2.500,1.74,50.0,0.60
5595.00,2501.41,5603.12,20.83,2.500,1.74,50.0,0.60
5596.00,2502.30,5605.45,20.84,2.500,1.74,50.0,0.60
5597.00,2503.19,5607.79,20.85,2.500,1.74,50.0,0.60
5598.00,2504.08,5610.13,20.86,2.500,1.73,50.0,0.60
5599.00,2504.97,5612.46,20.87,2.500,1.73,50.0,0.60
5600.00,2505.86,5614.80,20.88,2.500,1.73,50.0,0.60
5601.00,2506.75,5617.13,20.89,2.500,1.73,50.0,0.60
5602.00,2507.65,5619.47,20.90,2.500,1.73,50.0,0.60
5603.00,2508.54,5621.81,20.91,2.500,1.73,50.0,0.60
5604.00,2509.43,5624.14,20.92,2.500,1.73,50.0,0.60
5605.00,2510.32,5626.48,20.93,2.500,1.73,50.0,0.60
5606.00,2511.22,5628.81,20.94,2.500,1.73,50.0,0.60
5607.00,2512.11,5631.15,20.95,2.500,1.73,50.0,0.60
5608.00,2513.00,5633.48,20.96,2.500,1.73,50.0,0.60
5609.00,2513.90,5635.82,20.97,2.500,1.73,50.0,0.60
5610.00,2514.79,5638.15,20.98,2.500,1.72,50.0,0.60
5611.00,2515.69,5640.48,20.99,2.500,1.72,50.0,0.60
5612.00,2516.58,5642.82,21.00,2.500,1.72,50.0,0.60
5613.00,2517.48,5645.15,21.01,2.500,1.72,50.0,0.60
5614.00,2518.37,5647.49,21.02,2.500,1.72,50.0,0.60
5615.00,2519.27,5649.82,21.03,2.500,1.72,50.0,0.60
5616.00,2520.17,5652.15,21.04,2.500,1.72,50.0,0.60
5617.00,2521.07,5654.49,21.05,2.500,1.72,50.0,0.60
5618.00,2521.96,5656.82,21.06,2.500,1.72,50.0,0.60
5619.00,2522.86,5659.15,21.07,2.500,1.72,50.0,0.60
5620.00,2523.76,5661.49,21.08,2.500,1.72,50.0,0.60
5621.00,2524.66,5663.82,21.09,2.500,1.72,50.0,0.60
5622.00,2525.56,5666.15,21.10,2.500,1.72,50.0,0.60
5623.00,2526.46,5668.48,21.11,2.500,1.72,50.0,0.60
5624.00,2527.36,5670.82,21.12,2.500,1.72,50.0,0.60
5625.00,2528.26,5673.15,21.13,2.500,1.71,50.0,0.60
5626.00,2529.16,5675.48,21.14,2.500,1.71,50.0,0.59
5627.00,2530.06,5677.81,21.15,2.500,1.71,50.0,0.59
5628.00,2530.97,5680.14,21.16,2.500,1.71,50.0,0.59
5629.00,2531.87,5682.47,21.17,2.500,1.71,50.0,0.59
5630.00,2532.77,5684.81,21.18,2.500,1.71,50.0,0.59
5631.00,2533.67,5687.14,21.19,2.500,1.71,50.0,0.59
5632.00,2534.58,5689.47,21.20,2.500,1.71,50.0,0.59
5633.00,2535.48,5691.80,21.21,2.500,1.71,50.0,0.59
5634.00,2536.39,5694.13,21.22,2.500,1.71,50.0,0.59
5635.00,2537.29,5696.46,21.23,2.500,1.71,50.0,0.59
5636.00,2538.20,5698.79,21.24,2.500,1.71,50.0,0.59
5637.00,2539.10,5701.12,21.25,2.500,1.71,50.0,0.59
5638.00,2540.01,5703.45,21.26,2.500,1.71,50.0,0.59
5639.00,2540.91,5705.78,21.27,2.500,1.71,50.0,0.59
5640.00,2541.82,5708.11,21.28,2.500,1.70,50.0,0.59
5641.00,2542.73,5710.44,21.29,2.500,1.70,50.0,0.59
5642.00,2543.64,5712.77,21.30,2.500,1.70,50.0,0.59
5643.00,2544.54,5715.10,21.31,2.500,1.70,50.0,0.59
5644.00,2545.45,5717.43,21.32,2.500,1.70,50.0,0.59
5645.00,2546.36,5719.76,21.33,2.500,1.70,50.0,0.59
5646.00,2547.27,5722.09,21.34,2.500,1.70,50.0,0.59
5647.00,2548.18,5724.41,21.35,2.500,1.70,50.0,0.59
5648.00,2549.09,5726.74,21.36,2.500,1.70,50.0,0.59
5649.00,2550.00,5729.07,21.37,2.500,1.70,50.0,0.59
5650.00,2550.91,5731.40,21.38,2.500,1.70,50.0,0.59
5651.00,2551.82,5733.73,21.39,2.500,1.70,50.0,0.59
5652.00,2552.73,5736.06,21.39,2.500,1.69,50.0,0.59
5653.00,2553.65,5738.38,21.40,2.500,1.69,50.0,0.59
5654.00,2554.56,5740.71,21.41,2.500,1.69,50.0,0.59
5655.00,2555.47,5743.04,21.42,2.500,1.69,50.0,0.59
5656.00,2556.38,5745.37,21.43,2.500,1.69,50.0,0.59
5657.00,2557.30,5747.69,21.44,2.500,1.69,50.0,0.59
5658.00,2558.21,5750.02,21.45,2.500,1.69,50.0,0.59
5659.00,2559.13,5752.35,21.46,2.500,1.69,50.0,0.59
5660.00,2560.04,5754.67,21.47,2.500,1.69,50.0,0.59
5661.00,2560.96,5757.00,21.48,2.500,1.69,50.0,0.59
5662.00,2561.87,5759.33,21.49,2.500,1.69,50.0,0.59
5663.00,2562.79,5761.65,21.50,2.500,1.69,50.0,0.59
5664.00,2563.70,5763.98,21.51,2.500,1.69,50.0,0.59
5665.00,2564.62,5766.30,21.52,2.500,1.69,50.0,0.59
5666.00,2565.54,5768.63,21.53,2.500,1.69,50.0,0.58
5667.00,2566.45,5770.95,21.54,2.500,1.68,50.0,0.58
5668.00,2567.37,5773.28,21.55,2.500,1.68,50.0,0.58
5669.00,2568.29,5775.61,21.56,2.500,1.68,50.0,0.58
5670.00,2569.21,5777.93,21.57,2.500,1.68,50.0,0.58
5671.00,2570.13,5780.26,21.58,2.500,1.68,50.0,0.58
5672.00,2571.05,5782.58,21.59,2.500,1.68,50.0,0.58
5673.00,2571.97,5784.90,21.60,2.500,1.68,50.0,0.58
5674.00,2572.89,5787.23,21.61,2.500,1.68,50.0,0.58
5675.00,2573.81,5789.55,21.62,2.500,1.68,50.0,0.58
5676.00,2574.73,5791.88,21.63,2.500,1.68,50.0,0.58
5677.00,2575.65,5794.20,21.64,2.500,1.68,50.0,0.58
5678.00,2576.57,5796.53,21.65,2.500,1.68,50.0,0.58
5679.00,2577.50,5798.85,21.66,2.500,1.68,50.0,0.58
5680.00,2578.42,5801.17,21.67,2.500,1.68,50.0,0.58
5681.00,2579.34,5803.50,21.68,2.500,1.68,50.0,0.58
5682.00,2580.27,5805.82,21.69,2.500,1.67,50.0,0.58
5683.00,2581.19,5808.14,21.70,2.500,1.67,50.0,0.58
5684.00,2582.11,5810.47,21.71,2.500,1.67,50.0,0.58
5685.00,2583.04,5812.79,21.72,2.500,1.67,50.0,0.58
5686.00,2583.96,5815.11,21.73,2.500,1.67,50.0,0.58
5687.00,2584.89,5817.43,21.74,2.500,1.67,50.0,0.58
5688.00,2585.81,5819.76,21.75,2.500,1.67,50.0,0.58
5689.00,2586.74,5822.08,21.75,2.500,1.67,50.0,0.58
5690.00,2587.67,5824.40,21.76,2.500,1.67,50.0,0.58
5691.00,2588.59,5826.72,21.77,2.500,1.67,50.0,0.58
5692.00,2589.52,5829.04,21.78,2.500,1.67,50.0,0.58
5693.00,2590.45,5831.36,21.79,2.500,1.67,50.0,0.58
5694.00,2591.38,5833.69,21.80,2.500,1.66,50.0,0.58
5695.00,2592.31,5836.01,21.81,2.500,1.66,50.0,0.58
5696.00,2593.23,5838.33,21.82,2.500,1.66,50.0,0.58
5697.00,2594.16,5840.65,21.83,2.500,1.66,50.0,0.58
5698.00,2595.09,5842.97,21.84,2.500,1.66,50.0,0.58
5699.00,2596.02,5845.29,21.85,2.500,1.66,50.0,0.58
5700.00,2596.95,5847.61,21.86,2.500,1.66,50.0,0.58
5701.00,2597.89,5849.93,21.87,2.500,1.66,50.0,0.58
5702.00,2598.82,5852.25,21.88,2.500,1.66,50.0,0.58
5703.00,2599.75,5854.57,21.89,2.500,1.66,50.0,0.58
5704.00,2600.68,5856.89,21.90,2.500,1.66,50.0,0.58
5705.00,2601.61,5859.21,21.91,2.500,1.66,50.0,0.58
5706.00,2602.55,5861.53,21.92,2.500,1.66,50.0,0.58
5707.00,2603.48,5863.85,21.93,2.500,1.66,50.0,0.57
5708.00,2604.41,5866.17,21.94,2.500,1.66,50.0,0.57
5709.00,2605.35,5868.49,21.95,2.500,1.65,50.0,0.57
5710.00,2606.28,5870.81,21.96,2.500,1.65,50.0,0.57
5711.00,2607.22,5873.12,21.97,2.500,1.65,50.0,0.57
5712.00,2608.15,5875.44,21.98,2.500,1.65,50.0,0.57
5713.00,2609.09,5877.76,21.99,2.500,1.65,50.0,0.57
5714.00,2610.02,5880.08,21.99,2.500,1.65,50.0,0.57
5715.00,2610.96,5882.40,22.00,2.500,1.65,50.0,0.57
5716.00,2611.90,5884.71,22.01,2.500,1.65,50.0,0.57
5717.00,2612.83,5887.03,22.02,2.500,1.65,50.0,0.57
5718.00,2613.77,5889.35,22.03,2.500,1.65,50.0,0.57
5719.00,2614.71,5891.67,22.04,2.500,1.65,50.0,0.57
5720.00,2615.65,5893.98,22.05,2.500,1.65,50.0,0.57
5721.00,2616.58,5896.30,22.06,2.500,1.65,50.0,0.57
5722.00,2617.52,5898.62,22.07,2.500,1.65,50.0,0.57
5723.00,2618.46,5900.94,22.08,2.500,1.65,50.0,0.57
5724.00,2619.40,5903.25,22.09,2.500,1.64,50.0,0.57
5725.00,2620.34,5905.57,22.10,2.500,1.64,50.0,0.57
5726.00,2621.28,5907.89,22.11,2.500,1.64,50.0,0.57
5727.00,2622.22,5910.20,22.12,2.500,1.64,50.0,0.57
5728.00,2623.17,5912.52,22.13,2.500,1.64,50.0,0.57
5729.00,2624.11,5914.83,22.14,2.500,1.64,50.0,0.57
5730.00,2625.05,5917.15,22.15,2.500,1.64,50.0,0.57
5731.00,2625.99,5919.46,22.16,2.500,1.64,50.0,0.57
5732.00,2626.93,5921.78,22.17,2.500,1.64,50.0,0.57
5733.00,2627.88,5924.10,22.18,2.500,1.64,50.0,0.57
5734.00,2628.82,5926.41,22.19,2.500,1.64,50.0,0.57
5735.00,2629.77,5928.73,22.19,2.500,1.64,50.0,0.57
5736.00,2630.71,5931.04,22.20,2.500,1.64,50.0,0.57
5737.00,2631.65,5933.35,22.21,2.500,1.64,50.0,0.57
5738.00,2632.60,5935.67,22.22,2.500,1.64,50.0,0.57
5739.00,2633.55,5937.98,22.23,2.500,1.63,50.0,0.57
5740.00,2634.49,5940.30,22.24,2.500,1.63,50.0,0.57
5741.00,2635.44,5942.61,22.25,2.500,1.63,50.0,0.57
5742.00,2636.38,5944.93,22.26,2.500,1.63,50.0,0.57
5743.00,2637.33,5947.24,22.27,2.500,1.63,50.0,0.57
5744.00,2638.28,5949.55,22.28,2.500,1.63,50.0,0.57
5745.00,2639.23,5951.87,22.29,2.500,1.63,50.0,0.57
5746.00,2640.17,5954.18,22.30,2.500,1.63,50.0,0.57
5747.00,2641.12,5956.49,22.31,2.500,1.63,50.0,0.57
5748.00,2642.07,5958.80,22.32,2.500,1.63,50.0,0.57
5749.00,2643.02,5961.12,22.33,2.500,1.63,50.0,0.56
5750.00,2643.97,5963.43,22.34,2.500,1.63,50.0,0.56
5751.00,2644.92,5965.74,22.35,2.500,1.63,50.0,0.56
5752.00,2645.87,5968.05,22.36,2.500,1.63,50.0,0.56
5753.00,2646.82,5970.37,22.36,2.500,1.63,50.0,0.56
5754.00,2647.77,5972.68,22.37,2.500,1.62,50.0,0.56
5755.00,2648.73,5974.99,22.38,2.500,1.62,50.0,0.56
5756.00,2649.68,5977.30,22.39,2.500,1.62,50.0,0.56
5757.00,2650.63,5979.61,22.40,2.500,1.62,50.0,0.56
5758.00,2651.58,5981.93,22.41,2.500,1.62,50.0,0.56
5759.00,2652.54,5984.24,22.42,2.500,1.62,50.0,0.56
5760.00,2653.49,5986.55,22.43,2.500,1.62,50.0,0.56
5761.00,2654.44,5988.86,22.44,2.500,1.62,50.0,0.56
5762.00,2655.40,5991.17,22.45,2.500,1.62,50.0,0.56
5763.00,2656.35,5993.48,22.46,2.500,1.62,50.0,0.56
5764.00,2657.31,5995.79,22.47,2.500,1.62,50.0,0.56
5765.00,2658.26,5998.10,22.48,2.500,1.62,50.0,0.56
5766.00,2659.22,6000.41,22.49,2.500,1.61,50.0,0.56
5767.00,2660.17,6002.72,22.50,2.500,1.61,50.0,0.56
5768.00,2661.13,6005.03,22.50,2.500,1.61,50.0,0.56
5769.00,2662.09,6007.34,22.51,2.500,1.61,50.0,0.56
5770.00,2663.05,6009.65,22.52,2.500,1.61,50.0,0.56
5771.00,2664.00,6011.96,22.53,2.500,1.61,50.0,0.56
5772.00,2664.96,6014.27,22.54,2.500,1.61,50.0,0.56
5773.00,2665.92,6016.58,22.55,2.500,1.61,50.0,0.56
5774.00,2666.88,6018.89,22.56,2.500,1.61,50.0,0.56
5775.00,2667.84,6021.19,22.57,2.500,1.61,50.0,0.56
5776.00,2668.80,6023.50,22.58,2.500,1.61,50.0,0.56
5777.00,2669.76,6025.81,22.59,2.500,1.61,50.0,0.56
5778.00,2670.72,6028.12,22.60,2.500,1.61,50.0,0.56
5779.00,2671.68,6030.43,22.61,2.500,1.61,50.0,0.56
5780.00,2672.64,6032.74,22.62,2.500,1.61,50.0,0.56
5781.00,2673.60,6035.04,22.63,2.500,1.60,50.0,0.56
5782.00,2674.56,6037.35,22.64,2.500,1.60,50.0,0.56
5783.00,2675.52,6039.66,22.64,2.500,1.60,50.0,0.56
5784.00,2676.49,6041.97,22.65,2.500,1.60,50.0,0.56
5785.00,2677.45,6044.27,22.66,2.500,1.60,50.0,0.56
5786.00,2678.41,6046.58,22.67,2.500,1.60,50.0,0.56
5787.00,2679.38,6048.89,22.68,2.500,1.60,50.0,0.56
5788.00,2680.34,6051.19,22.69,2.500,1.60,50.0,0.56
5789.00,2681.30,6053.50,22.70,2.500,1.60,50.0,0.56
5790.00,2682.27,6055.81,22.71,2.500,1.60,50.0,0.56
5791.00,2683.23,6058.11,22.72,2.500,1.60,50.0,0.55
5792.00,2684.20,6060.42,22.73,2.500,1.60,50.0,0.55
5793.00,2685.17,6062.72,22.74,2.500,1.60,50.0,0.55
5794.00,2686.13,6065.03,22.75,2.500,1.60,50.0,0.55
5795.00,2687.10,6067.33,22.76,2.500,1.60,50.0,0.55
5796.00,2688.07,6069.64,22.76,2.500,1.59,50.0,0.55
5797.00,2689.03,6071.95,22.77,2.500,1.59,50.0,0.55
5798.00,2690.00,6074.25,22.78,2.500,1.59,50.0,0.55
5799.00,2690.97,6076.56,22.79,2.500,1.59,50.0,0.55
5800.00,2691.94,6078.86,22.80,2.500,1.59,50.0,0.55
5801.00,2692.91,6081.16,22.81,2.500,1.59,50.0,0.55
5802.00,2693.88,6083.47,22.82,2.500,1.59,50.0,0.55
5803.00,2694.85,6085.77,22.83,2.500,1.59,50.0,0.55
5804.00,2695.82,6088.08,22.84,2.500,1.59,50.0,0.55
5805.00,2696.79,6090.38,22.85,2.500,1.59,50.0,0.55
5806.00,2697.76,6092.69,22.86,2.500,1.59,50.0,0.55
5807.00,2698.73,6094.99,22.87,2.500,1.59,50.0,0.55
5808.00,2699.70,6097.29,22.88,2.500,1.59,50.0,0.55
5809.00,2700.67,6099.60,22.88,2.500,1.59,50.0,0.55
5810.00,2701.64,6101.90,22.89,2.500,1.59,50.0,0.55
5811.00,2702.62,6104.20,22.90,2.500,1.58,50.0,0.55
5812.00,2703.59,6106.51,22.91,2.500,1.58,50.0,0.55
5813.00,2704.56,6108.81,22.92,2.500,1.58,50.0,0.55
5814.00,2705.54,6111.11,22.93,2.500,1.58,50.0,0.55
5815.00,2706.51,6113.41,22.94,2.500,1.58,50.0,0.55
5816.00,2707.48,6115.72,22.95,2.500,1.58,50.0,0.55
5817.00,2708.46,6118.02,22.96,2.500,1.58,50.0,0.55
5818.00,2709.43,6120.32,22.97,2.500,1.58,50.0,0.55
5819.00,2710.41,6122.62,22.98,2.500,1.58,50.0,0.55
5820.00,2711.39,6124.92,22.99,2.500,1.58,50.0,0.55
5821.00,2712.36,6127.22,22.99,2.500,1.58,50.0,0.55
5822.00,2713.34,6129.53,23.00,2.500,1.58,50.0,0.55
5823.00,2714.31,6131.83,23.01,2.500,1.58,50.0,0.55
5824.00,2715.29,6134.13,23.02,2.500,1.58,50.0,0.55
5825.00,2716.27,6136.43,23.03,2.500,1.58,50.0,0.55
5826.00,2717.25,6138.73,23.04,2.500,1.57,50.0,0.55
5827.00,2718.23,6141.03,23.05,2.500,1.57,50.0,0.55
5828.00,2719.21,6143.33,23.06,2.500,1.57,50.0,0.55
5829.00,2720.18,6145.63,23.07,2.500,1.57,50.0,0.55
5830.00,2721.16,6147.93,23.08,2.500,1.57,50.0,0.55
5831.00,2722.14,6150.23,23.09,2.500,1.57,50.0,0.55
5832.00,2723.12,6152.53,23.09,2.500,1.57,50.0,0.55
5833.00,2724.10,6154.83,23.10,2.500,1.57,50.0,0.55
5834.00,2725.09,6157.13,23.11,2.500,1.57,50.0,0.54
5835.00,2726.07,6159.43,23.12,2.500,1.57,50.0,0.54
5836.00,2727.05,6161.73,23.13,2.500,1.57,50.0,0.54
5837.00,2728.03,6164.03,23.14,2.500,1.57,50.0,0.54
5838.00,2729.01,6166.33,23.15,2.500,1.57,50.0,0.54
5839.00,2730.00,6168.63,23.16,2.500,1.57,50.0,0.54
5840.00,2730.98,6170.92,23.17,2.500,1.57,50.0,0.54
5841.00,2731.96,6173.22,23.18,2.500,1.56,50.0,0.54
5842.00,2732.95,6175.52,23.19,2.500,1.56,50.0,0.54
5843.00,2733.93,6177.82,23.19,2.500,1.56,50.0,0.54
5844.00,2734.92,6180.12,23.20,2.500,1.56,50.0,0.54
5845.00,2735.90,6182.41,23.21,2.500,1.56,50.0,0.54
5846.00,2736.89,6184.71,23.22,2.500,1.56,50.0,0.54
5847.00,2737.87,6187.01,23.23,2.500,1.56,50.0,0.54
5848.00,2738.86,6189.31,23.24,2.500,1.56,50.0,0.54
5849.00,2739.84,6191.60,23.25,2.500,1.56,50.0,0.54
5850.00,2740.83,6193.90,23.26,2.500,1.56,50.0,0.54
5851.00,2741.82,6196.20,23.27,2.500,1.56,50.0,0.54
5852.00,2742.81,6198.49,23.28,2.500,1.56,50.0,0.54
5853.00,2743.79,6200.79,23.28,2.500,1.56,50.0,0.54
5854.00,2744.78,6203.09,23.29,2.500,1.56,50.0,0.54
5855.00,2745.77,6205.38,23.30,2.500,1.56,50.0,0.54
5856.00,2746.76,6207.68,23.31,2.500,1.55,50.0,0.54
5857.00,2747.75,6209.98,23.32,2.500,1.55,50.0,0.54
5858.00,2748.74,6212.27,23.33,2.500,1.55,50.0,0.54
5859.00,2749.73,6214.57,23.34,2.500,1.55,50.0,0.54
5860.00,2750.72,6216.86,23.35,2.500,1.55,50.0,0.54
5861.00,2751.71,6219.16,23.36,2.500,1.55,50.0,0.54
5862.00,2752.70,6221.45,23.37,2.500,1.55,50.0,0.54
5863.00,2753.69,6223.75,23.37,2.500,1.55,50.0,0.54
5864.00,2754.68,6226.04,23.38,2.500,1.55,50.0,0.54
5865.00,2755.68,6228.34,23.39,2.500,1.55,50.0,0.54
5866.00,2756.67,6230.63,23.40,2.500,1.55,50.0,0.54
5867.00,2757.66,6232.93,23.41,2.500,1.55,50.0,0.54
5868.00,2758.65,6235.22,23.42,2.500,1.55,50.0,0.54
5869.00,2759.65,6237.51,23.43,2.500,1.55,50.0,0.54
5870.00,2760.64,6239.81,23.44,2.500,1.55,50.0,0.54
5871.00,2761.64,6242.10,23.45,2.500,1.54,50.0,0.54
5872.00,2762.63,6244.40,23.45,2.500,1.54,50.0,0.54
5873.00,2763.63,6246.69,23.46,2.500,1.54,50.0,0.54
5874.00,2764.62,6248.98,23.47,2.500,1.54,50.0,0.54
5875.00,2765.62,6251.28,23.48,2.500,1.54,50.0,0.54
5876.00,2766.61,6253.57,23.49,2.500,1.54,50.0,0.54
5877.00,2767.61,6255.86,23.50,2.500,1.54,50.0,0.53
5878.00,2768.61,6258.15,23.51,2.500,1.54,50.0,0.53
5879.00,2769.60,6260.45,23.52,2.500,1.54,50.0,0.53
5880.00,2770.60,6262.74,23.53,2.500,1.54,50.0,0.53
5881.00,2771.60,6265.03,23.54,2.500,1.54,50.0,0.53
5882.00,2772.60,6267.32,23.54,2.500,1.54,50.0,0.53
5883.00,2773.60,6269.62,23.55,2.500,1.54,50.0,0.53
5884.00,2774.60,6271.91,23.56,2.500,1.54,50.0,0.53
5885.00,2775.60,6274.20,23.57,2.500,1.54,50.0,0.53
5886.00,2776.59,6276.49,23.58,2.500,1.53,50.0,0.53
5887.00,2777.59,6278.78,23.59,2.500,1.53,50.0,0.53
5888.00,2778.60,6281.07,23.60,2.500,1.53,50.0,0.53
5889.00,2779.60,6283.36,23.61,2.500,1.53,50.0,0.53
5890.00,2780.60,6285.65,23.61,2.500,1.53,50.0,0.53
5891.00,2781.60,6287.94,23.62,2.500,1.53,50.0,0.53
5892.00,2782.60,6290.24,23.63,2.500,1.53,50.0,0.53
5893.00,2783.60,6292.53,23.64,2.500,1.53,50.0,0.53
5894.00,2784.61,6294.82,23.65,2.500,1.53,50.0,0.53
5895.00,2785.61,6297.11,23.66,2.500,1.53,50.0,0.53
5896.00,2786.61,6299.40,23.67,2.500,1.53,50.0,0.53
5897.00,2787.61,6301.69,23.68,2.500,1.53,50.0,0.53
5898.00,2788.62,6303.97,23.69,2.500,1.53,50.0,0.53
5899.00,2789.62,6306.26,23.69,2.500,1.53,50.0,0.53
5900.00,2790.63,6308.55,23.70,2.500,1.53,50.0,0.53
5901.00,2791.63,6310.84,23.71,2.500,1.52,50.0,0.53
5902.00,2792.64,6313.13,23.72,2.500,1.52,50.0,0.53
5903.00,2793.64,6315.42,23.73,2.500,1.52,50.0,0.53
5904.00,2794.65,6317.71,23.74,2.500,1.52,50.0,0.53
5905.00,2795.66,6320.00,23.75,2.500,1.52,50.0,0.53
5906.00,2796.66,6322.29,23.76,2.500,1.52,50.0,0.53
5907.00,2797.67,6324.57,23.77,2.500,1.52,50.0,0.53
5908.00,2798.68,6326.86,23.77,2.500,1.52,50.0,0.53
5909.00,2799.69,6329.15,23.78,2.500,1.52,50.0,0.53
5910.00,2800.69,6331.44,23.79,2.500,1.52,50.0,0.53
5911.00,2801.70,6333.73,23.80,2.500,1.52,50.0,0.53
5912.00,2802.71,6336.01,23.81,2.500,1.52,50.0,0.53
5913.00,2803.72,6338.30,23.82,2.500,1.52,50.0,0.53
5914.00,2804.73,6340.59,23.83,2.500,1.52,50.0,0.53
5915.00,2805.74,6342.87,23.84,2.500,1.52,50.0,0.53
5916.00,2806.75,6345.16,23.84,2.500,1.51,50.0,0.53
5917.00,2807.76,6347.45,23.85,2.500,1.51,50.0,0.53
5918.00,2808.77,6349.73,23.86,2.500,1.51,50.0,0.53
5919.00,2809.78,6352.02,23.87,2.500,1.51,50.0,0.53
5920.00,2810.79,6354.31,23.88,2.500,1.51,50.0,0.53
5921.00,2811.81,6356.59,23.89,2.500,1.51,50.0,0.52
5922.00,2812.82,6358.88,23.90,2.500,1.51,50.0,0.52
5923.00,2813.83,6361.16,23.91,2.500,1.51,50.0,0.52
5924.00,2814.84,6363.45,23.91,2.500,1.51,50.0,0.52
5925.00,2815.86,6365.73,23.92,2.500,1.51,50.0,0.52
5926.00,2816.87,6368.02,23.93,2.500,1.51,50.0,0.52
5927.00,2817.89,6370.30,23.94,2.500,1.51,50.0,0.52
5928.00,2818.90,6372.59,23.95,2.500,1.51,50.0,0.52
5929.00,2819.92,6374.87,23.96,2.500,1.51,50.0,0.52
5930.00,2820.93,6377.16,23.97,2.500,1.51,50.0,0.52
5931.00,2821.95,6379.44,23.98,2.500,1.50,50.0,0.52
5932.00,2822.96,6381.73,23.98,2.500,1.50,50.0,0.52
5933.00,2823.98,6384.01,23.99,2.500,1.50,50.0,0.52
5934.00,2824.99,6386.30,24.00,2.500,1.50,50.0,0.52
5935.00,2826.01,6388.58,24.01,2.500,1.50,50.0,0.52
5936.00,2827.03,6390.86,24.02,2.500,1.50,50.0,0.52
5937.00,2828.05,6393.15,24.03,2.500,1.50,50.0,0.52
5938.00,2829.06,6395.43,24.04,2.500,1.50,50.0,0.52
5939.00,2830.08,6397.71,24.04,2.500,1.50,50.0,0.52
5940.00,2831.10,6400.00,24.05,2.500,1.50,50.0,0.52
5941.00,2832.12,6402.28,24.06,2.500,1.50,50.0,0.52
5942.00,2833.14,6404.56,24.07,2.500,1.50,50.0,0.52
5943.00,2834.16,6406.85,24.08,2.500,1.50,50.0,0.52
5944.00,2835.18,6409.13,24.09,2.500,1.50,50.0,0.52
5945.00,2836.20,6411.41,24.10,2.500,1.50,50.0,0.52
5946.00,2837.22,6413.69,24.11,2.500,1.50,50.0,0.52
5947.00,2838.24,6415.97,24.11,2.500,1.50,50.0,0.52
5948.00,2839.26,6418.26,24.12,2.500,1.50,50.0,0.52
5949.00,2840.28,6420.54,24.13,2.500,1.49,50.0,0.52
5950.00,2841.31,6422.82,24.14,2.500,1.49,50.0,0.52
5951.00,2842.33,6425.10,24.15,2.500,1.49,50.0,0.52
5952.00,2843.35,6427.38,24.16,2.500,1.49,50.0,0.52
5953.00,2844.37,6429.66,24.17,2.500,1.49,50.0,0.52
5954.00,2845.40,6431.94,24.17,2.500,1.49,50.0,0.52
5955.00,2846.42,6434.22,24.18,2.500,1.49,50.0,0.52
5956.00,2847.45,6436.51,24.19,2.500,1.49,50.0,0.52
5957.00,2848.47,6438.79,24.20,2.500,1.49,50.0,0.52
5958.00,2849.50,6441.07,24.21,2.500,1.49,50.0,0.52
5959.00,2850.52,6443.35,24.22,2.500,1.49,50.0,0.52
5960.00,2851.55,6445.63,24.23,2.500,1.49,50.0,0.52
5961.00,2852.57,6447.91,24.23,2.500,1.49,50.0,0.52
5962.00,2853.60,6450.19,24.24,2.500,1.49,50.0,0.52
5963.00,2854.62,6452.46,24.25,2.500,1.49,50.0,0.52
5964.00,2855.65,6454.74,24.26,2.500,1.48,50.0,0.52
5965.00,2856.68,6457.02,24.27,2.500,1.48,50.0,0.52
5966.00,2857.71,6459.30,24.28,2.500,1.48,50.0,0.51
5967.00,2858.73,6461.58,24.29,2.500,1.48,50.0,0.51
5968.00,2859.76,6463.86,24.29,2.500,1.48,50.0,0.51
5969.00,2860.79,6466.14,24.30,2.500,1.48,50.0,0.51
5970.00,2861.82,6468.42,24.31,2.500,1.48,50.0,0.51
5971.00,2862.85,6470.70,24.32,2.500,1.48,50.0,0.51
5972.00,2863.88,6472.97,24.33,2.500,1.48,50.0,0.51
5973.00,2864.91,6475.25,24.34,2.500,1.48,50.0,0.51
5974.00,2865.94,6477.53,24.35,2.500,1.48,50.0,0.51
5975.00,2866.97,6479.81,24.35,2.500,1.48,50.0,0.51
5976.00,2868.00,6482.08,24.36,2.500,1.48,50.0,0.51
5977.00,2869.03,6484.36,24.37,2.500,1.48,50.0,0.51
5978.00,2870.06,6486.64,24.38,2.500,1.48,50.0,0.51
5979.00,2871.10,6488.92,24.39,2.500,1.47,50.0,0.51
5980.00,2872.13,6491.19,24.40,2.500,1.47,50.0,0.51
5981.00,2873.16,6493.47,24.41,2.500,1.47,50.0,0.51
5982.00,2874.19,6495.75,24.41,2.500,1.47,50.0,0.51
5983.00,2875.23,6498.02,24.42,2.500,1.47,50.0,0.51
5984.00,2876.26,6500.30,24.43,2.500,1.47,50.0,0.51
5985.00,2877.29,6502.58,24.44,2.500,1.47,50.0,0.51
5986.00,2878.33,6504.85,24.45,2.500,1.47,50.0,0.51
5987.00,2879.36,6507.13,24.46,2.500,1.47,50.0,0.51
5988.00,2880.40,6509.40,24.47,2.500,1.47,50.0,0.51
5989.00,2881.43,6511.68,24.47,2.500,1.47,50.0,0.51
5990.00,2882.47,6513.95,24.48,2.500,1.47,50.0,0.51
5991.00,2883.51,6516.23,24.49,2.500,1.47,50.0,0.51
5992.00,2884.54,6518.50,24.50,2.500,1.47,50.0,0.51
5993.00,2885.58,6520.78,24.51,2.500,1.47,50.0,0.51
5994.00,2886.62,6523.05,24.52,2.500,1.46,50.0,0.51
5995.00,2887.65,6525.33,24.53,2.500,1.46,50.0,0.51
5996.00,2888.69,6527.60,24.53,2.500,1.46,50.0,0.51
5997.00,2889.73,6529.88,24.54,2.500,1.46,50.0,0.51
5998.00,2890.77,6532.15,24.55,2.500,1.46,50.0,0.51
5999.00,2891.81,6534.43,24.56,2.500,1.46,50.0,0.51
6000.00,2892.85,6536.70,24.57,2.500,1.46,50.0,0.51
6001.00,2893.88,6538.97,24.58,2.500,1.46,50.0,0.51
6002.00,2894.92,6541.25,24.58,2.500,1.46,50.0,0.51
6003.00,2895.96,6543.52,24.59,2.500,1.46,50.0,0.51
6004.00,2897.01,6545.79,24.60,2.500,1.46,50.0,0.51
6005.00,2898.05,6548.07,24.61,2.500,1.46,50.0,0.51
6006.00,2899.09,6550.34,24.62,2.500,1.46,50.0,0.51
6007.00,2900.13,6552.61,24.63,2.500,1.46,50.0,0.51
6008.00,2901.17,6554.88,24.63,2.500,1.46,50.0,0.51
6009.00,2902.21,6557.16,24.64,2.500,1.46,50.0,0.51
6010.00,2903.25,6559.43,24.65,2.500,1.46,50.0,0.51
6011.00,2904.30,6561.70,24.66,2.500,1.46,50.0,0.51
6012.00,2905.34,6563.97,24.67,2.500,1.45,50.0,0.50
6013.00,2906.38,6566.25,24.68,2.500,1.45,50.0,0.50
6014.00,2907.43,6568.52,24.69,2.500,1.45,50.0,0.50
6015.00,2908.47,6570.79,24.69,2.500,1.45,50.0,0.50
6016.00,2909.52,6573.06,24.70,2.500,1.45,50.0,0.50
6017.00,2910.56,6575.33,24.71,2.500,1.45,50.0,0.50
6018.00,2911.61,6577.60,24.72,2.500,1.45,50.0,0.50
6019.00,2912.65,6579.87,24.73,2.500,1.45,50.0,0.50
6020.00,2913.70,6582.14,24.74,2.500,1.45,50.0,0.50
6021.00,2914.74,6584.41,24.74,2.500,1.45,50.0,0.50
6022.00,2915.79,6586.68,24.75,2.500,1.45,50.0,0.50
6023.00,2916.84,6588.96,24.76,2.500,1.45,50.0,0.50
6024.00,2917.88,6591.23,24.77,2.500,1.45,50.0,0.50
6025.00,2918.93,6593.50,24.78,2.500,1.45,50.0,0.50
6026.00,2919.98,6595.77,24.79,2.500,1.45,50.0,0.50
6027.00,2921.03,6598.03,24.79,2.500,1.44,50.0,0.50
6028.00,2922.08,6600.30,24.80,2.500,1.44,50.0,0.50
6029.00,2923.12,6602.57,24.81,2.500,1.44,50.0,0.50
6030.00,2924.17,6604.84,24.82,2.500,1.44,50.0,0.50
6031.00,2925.22,6607.11,24.83,2.500,1.44,50.0,0.50
6032.00,2926.27,6609.38,24.84,2.500,1.44,50.0,0.50
6033.00,2927.32,6611.65,24.84,2.500,1.44,50.0,0.50
6034.00,2928.37,6613.92,24.85,2.500,1.44,50.0,0.50
6035.00,2929.42,6616.19,24.86,2.500,1.44,50.0,0.50
6036.00,2930.47,6618.46,24.87,2.500,1.44,50.0,0.50
6037.00,2931.53,6620.72,24.88,2.500,1.44,50.0,0.50
6038.00,2932.58,6622.99,24.89,2.500,1.44,50.0,0.50
6039.00,2933.63,6625.26,24.89,2.500,1.44,50.0,0.50
6040.00,2934.68,6627.53,24.90,2.500,1.44,50.0,0.50
6041.00,2935.73,6629.79,24.91,2.500,1.44,50.0,0.50
6042.00,2936.79,6632.06,24.92,2.500,1.43,50.0,0.50
6043.00,2937.84,6634.33,24.93,2.500,1.43,50.0,0.50
6044.00,2938.89,6636.60,24.94,2.500,1.43,50.0,0.50
6045.00,2939.95,6638.86,24.94,2.500,1.43,50.0,0.50
6046.00,2941.00,6641.13,24.95,2.500,1.43,50.0,0.50
6047.00,2942.06,6643.40,24.96,2.500,1.43,50.0,0.50
6048.00,2943.11,6645.66,24.97,2.500,1.43,50.0,0.50
6049.00,2944.17,6647.93,24.98,2.500,1.43,50.0,0.50
6050.00,2945.22,6650.20,24.99,2.500,1.43,50.0,0.50
6051.00,2946.28,6652.46,24.99,2.500,1.43,50.0,0.50
6052.00,2947.34,6654.73,25.00,2.500,1.43,50.0,0.50
6053.00,2948.39,6656.99,25.01,2.500,1.43,50.0,0.50
6054.00,2949.45,6659.26,25.02,2.500,1.43,50.0,0.50
6055.00,2950.51,6661.52,25.03,2.500,1.43,50.0,0.50
6056.00,2951.56,6663.79,25.04,2.500,1.43,50.0,0.50
6057.00,2952.62,6666.05,25.04,2.500,1.43,50.0,0.50
6058.00,2953.68,6668.32,25.05,2.500,1.43,50.0,0.49
6059.00,2954.74,6670.58,25.06,2.500,1.43,50.0,0.49
6060.00,2955.80,6672.85,25.07,2.500,1.42,50.0,0.49
6061.00,2956.86,6675.11,25.08,2.500,1.42,50.0,0.49
6062.00,2957.92,6677.38,25.08,2.500,1.42,50.0,0.49
6063.00,2958.98,6679.64,25.09,2.500,1.42,50.0,0.49
6064.00,2960.04,6681.91,25.10,2.500,1.42,50.0,0.49
6065.00,2961.10,6684.17,25.11,2.500,1.42,50.0,0.49
6066.00,2962.16,6686.43,25.12,2.500,1.42,50.0,0.49
6067.00,2963.22,6688.70,25.13,2.500,1.42,50.0,0.49
6068.00,2964.28,6690.96,25.13,2.500,1.42,50.0,0.49
6069.00,2965.34,6693.22,25.14,2.500,1.42,50.0,0.49
6070.00,2966.41,6695.49,25.15,2.500,1.42,50.0,0.49
6071.00,2967.47,6697.75,25.16,2.500,1.42,50.0,0.49
6072.00,2968.53,6700.01,25.17,2.500,1.42,50.0,0.49
6073.00,2969.59,6702.28,25.18,2.500,1.42,50.0,0.49
6074.00,2970.66,6704.54,25.18,2.500,1.42,50.0,0.49
6075.00,2971.72,6706.80,25.19,2.500,1.41,50.0,0.49
6076.00,2972.78,6709.06,25.20,2.500,1.41,50.0,0.49
6077.00,2973.85,6711.33,25.21,2.500,1.41,50.0,0.49
6078.00,2974.91,6713.59,25.22,2.500,1.41,50.0,0.49
6079.00,2975.98,6715.85,25.22,2.500,1.41,50.0,0.49
6080.00,2977.04,6718.11,25.23,2.500,1.41,50.0,0.49
6081.00,2978.11,6720.37,25.24,2.500,1.41,50.0,0.49
6082.00,2979.18,6722.63,25.25,2.500,1.41,50.0,0.49
6083.00,2980.24,6724.89,25.26,2.500,1.41,50.0,0.49
6084.00,2981.31,6727.16,25.26,2.500,1.41,50.0,0.49
6085.00,2982.38,6729.42,25.27,2.500,1.41,50.0,0.49
6086.00,2983.44,6731.68,25.28,2.500,1.41,50.0,0.49
6087.00,2984.51,6733.94,25.29,2.500,1.41,50.0,0.49
6088.00,2985.58,6736.20,25.30,2.500,1.41,50.0,0.49
6089.00,2986.65,6738.46,25.31,2.500,1.41,50.0,0.49
6090.00,2987.72,6740.72,25.31,2.500,1.41,50.0,0.49
6091.00,2988.79,6742.98,25.32,2.500,1.41,50.0,0.49
6092.00,2989.85,6745.24,25.33,2.500,1.41,50.0,0.49
6093.00,2990.92,6747.50,25.34,2.500,1.40,50.0,0.49
6094.00,2991.99,6749.76,25.35,2.500,1.40,50.0,0.49
6095.00,2993.06,6752.02,25.35,2.500,1.40,50.0,0.49
6096.00,2994.13,6754.28,25.36,2.500,1.40,50.0,0.49
6097.00,2995.21,6756.53,25.37,2.500,1.40,50.0,0.49
6098.00,2996.28,6758.79,25.38,2.500,1.40,50.0,0.49
6099.00,2997.35,6761.05,25.39,2.500,1.40,50.0,0.49
6100.00,2998.42,6763.31,25.39,2.500,1.40,50.0,0.49
6101.00,2999.49,6765.57,25.40,2.500,1.40,50.0,0.49
6102.00,3000.56,6767.83,25.41,2.500,1.40,50.0,0.49
6103.00,3001.64,6770.09,25.42,2.500,1.40,50.0,0.49
6104.00,3002.71,6772.34,25.43,2.500,1.40,50.0,0.49
6105.00,3003.78,6774.60,25.44,2.500,1.40,50.0,0.48
6106.00,3004.86,6776.86,25.44,2.500,1.40,50.0,0.48
6107.00,3005.93,6779.12,25.45,2.500,1.40,50.0,0.48
6108.00,3007.01,6781.37,25.46,2.500,1.39,50.0,0.48
6109.00,3008.08,6783.63,25.47,2.500,1.39,50.0,0.48
6110.00,3009.16,6785.89,25.48,2.500,1.39,50.0,0.48
6111.00,3010.23,6788.15,25.48,2.500,1.39,50.0,0.48
6112.00,3011.31,6790.40,25.49,2.500,1.39,50.0,0.48
6113.00,3012.38,6792.66,25.50,2.500,1.39,50.0,0.48
6114.00,3013.46,6794.92,25.51,2.500,1.39,50.0,0.48
6115.00,3014.54,6797.17,25.52,2.500,1.39,50.0,0.48
6116.00,3015.61,6799.43,25.52,2.500,1.39,50.0,0.48
6117.00,3016.69,6801.68,25.53,2.500,1.39,50.0,0.48
6118.00,3017.77,6803.94,25.54,2.500,1.39,50.0,0.48
6119.00,3018.85,6806.20,25.55,2.500,1.39,50.0,0.48
6120.00,3019.92,6808.45,25.56,2.500,1.39,50.0,0.48
6121.00,3021.00,6810.71,25.56,2.500,1.39,50.0,0.48
6122.00,3022.08,6812.96,25.57,2.500,1.39,50.0,0.48
6123.00,3023.16,6815.22,25.58,2.500,1.39,50.0,0.48
6124.00,3024.24,6817.47,25.59,2.500,1.39,50.0,0.48
6125.00,3025.32,6819.73,25.60,2.500,1.39,50.0,0.48
6126.00,3026.40,6821.98,25.60,2.500,1.38,50.0,0.48
6127.00,3027.48,6824.24,25.61,2.500,1.38,50.0,0.48
6128.00,3028.56,6826.49,25.62,2.500,1.38,50.0,0.48
6129.00,3029.64,6828.74,25.63,2.500,1.38,50.0,0.48
6130.00,3030.72,6831.00,25.64,2.500,1.38,50.0,0.48
6131.00,3031.80,6833.25,25.64,2.500,1.38,50.0,0.48
6132.00,3032.89,6835.51,25.65,2.500,1.38,50.0,0.48
6133.00,3033.97,6837.76,25.66,2.500,1.38,50.0,0.48
6134.00,3035.05,6840.01,25.67,2.500,1.38,50.0,0.48
6135.00,3036.13,6842.27,25.68,2.500,1.38,50.0,0.48
6136.00,3037.22,6844.52,25.68,2.500,1.38,50.0,0.48
6137.00,3038.30,6846.77,25.69,2.500,1.38,50.0,0.48
6138.00,3039.38,6849.02,25.70,2.500,1.38,50.0,0.48
6139.00,3040.47,6851.28,25.71,2.500,1.38,50.0,0.48
6140.00,3041.55,6853.53,25.72,2.500,1.38,50.0,0.48
6141.00,3042.64,6855.78,25.72,2.500,1.37,50.0,0.48
6142.00,3043.72,6858.03,25.73,2.500,1.37,50.0,0.48
6143.00,3044.81,6860.29,25.74,2.500,1.37,50.0,0.48
6144.00,3045.89,6862.54,25.75,2.500,1.37,50.0,0.48
6145.00,3046.98,6864.79,25.76,2.500,1.37,50.0,0.48
6146.00,3048.07,6867.04,25.76,2.500,1.37,50.0,0.48
6147.00,3049.15,6869.29,25.77,2.500,1.37,50.0,0.48
6148.00,3050.24,6871.55,25.78,2.500,1.37,50.0,0.48
6149.00,3051.33,6873.80,25.79,2.500,1.37,50.0,0.48
6150.00,3052.41,6876.05,25.80,2.500,1.37,50.0,0.48
6151.00,3053.50,6878.30,25.80,2.500,1.37,50.0,0.48
6152.00,3054.59,6880.55,25.81,2.500,1.37,50.0,0.48
6153.00,3055.68,6882.80,25.82,2.500,1.37,50.0,0.48
6154.00,3056.77,6885.05,25.83,2.500,1.37,50.0,0.47
6155.00,3057.86,6887.30,25.84,2.500,1.37,50.0,0.47
6156.00,3058.95,6889.55,25.84,2.500,1.37,50.0,0.47
6157.00,3060.04,6891.80,25.85,2.500,1.37,50.0,0.47
6158.00,3061.13,6894.05,25.86,2.500,1.37,50.0,0.47
6159.00,3062.22,6896.30,25.87,2.500,1.36,50.0,0.47
6160.00,3063.31,6898.55,25.87,2.500,1.36,50.0,0.47
6161.00,3064.40,6900.80,25.88,2.500,1.36,50.0,0.47
6162.00,3065.49,6903.05,25.89,2.500,1.36,50.0,0.47
6163.00,3066.58,6905.30,25.90,2.500,1.36,50.0,0.47
6164.00,3067.67,6907.55,25.91,2.500,1.36,50.0,0.47
6165.00,3068.77,6909.79,25.91,2.500,1.36,50.0,0.47
6166.00,3069.86,6912.04,25.92,2.500,1.36,50.0,0.47
6167.00,3070.95,6914.29,25.93,2.500,1.36,50.0,0.47
6168.00,3072.04,6916.54,25.94,2.500,1.36,50.0,0.47
6169.00,3073.14,6918.79,25.95,2.500,1.36,50.0,0.47
6170.00,3074.23,6921.04,25.95,2.500,1.36,50.0,0.47
6171.00,3075.33,6923.28,25.96,2.500,1.36,50.0,0.47
6172.00,3076.42,6925.53,25.97,2.500,1.36,50.0,0.47
6173.00,3077.52,6927.78,25.98,2.500,1.36,50.0,0.47
6174.00,3078.61,6930.03,25.98,2.500,1.36,50.0,0.47
6175.00,3079.71,6932.27,25.99,2.500,1.36,50.0,0.47
6176.00,3080.80,6934.52,26.00,2.500,1.36,50.0,0.47
6177.00,3081.90,6936.77,26.01,2.500,1.35,50.0,0.47
6178.00,3082.99,6939.02,26.02,2.500,1.35,50.0,0.47
6179.00,3084.09,6941.26,26.02,2.500,1.35,50.0,0.47
6180.00,3085.19,6943.51,26.03,2.500,1.35,50.0,0.47
6181.00,3086.28,6945.75,26.04,2.500,1.35,50.0,0.47
6182.00,3087.38,6948.00,26.05,2.500,1.35,50.0,0.47
6183.00,3088.48,6950.25,26.06,2.500,1.35,50.0,0.47
6184.00,3089.58,6952.49,26.06,2.500,1.35,50.0,0.47
6185.00,3090.68,6954.74,26.07,2.500,1.35,50.0,0.47
6186.00,3091.77,6956.98,26.08,2.500,1.35,50.0,0.47
6187.00,3092.87,6959.23,26.09,2.500,1.35,50.0,0.47
6188.00,3093.97,6961.48,26.09,2.500,1.35,50.0,0.47
6189.00,3095.07,6963.72,26.10,2.500,1.35,50.0,0.47
6190.00,3096.17,6965.97,26.11,2.500,1.35,50.0,0.47
6191.00,3097.27,6968.21,26.12,2.500,1.35,50.0,0.47
6192.00,3098.37,6970.45,26.13,2.500,1.34,50.0,0.47
6193.00,3099.47,6972.70,26.13,2.500,1.34,50.0,0.47
6194.00,3100.58,6974.94,26.14,2.500,1.34,50.0,0.47
6195.00,3101.68,6977.19,26.15,2.500,1.34,50.0,0.47
6196.00,3102.78,6979.43,26.16,2.500,1.34,50.0,0.47
6197.00,3103.88,6981.68,26.16,2.500,1.34,50.0,0.47
6198.00,3104.98,6983.92,26.17,2.500,1.34,50.0,0.47
6199.00,3106.09,6986.16,26.18,2.500,1.34,50.0,0.47
6200.00,3107.19,6988.41,26.19,2.500,1.34,50.0,0.47
6201.00,3108.29,6990.65,26.20,2.500,1.34,50.0,0.47
6202.00,3109.40,6992.89,26.20,2.500,1.34,50.0,0.47
6203.00,3110.50,6995.14,26.21,2.500,1.34,50.0,0.46
6204.00,3111.60,6997.38,26.22,2.500,1.34,50.0,0.46
6205.00,3112.71,6999.62,26.23,2.500,1.34,50.0,0.46
6206.00,3113.81,7001.87,26.23,2.500,1.34,50.0,0.46
6207.00,3114.92,7004.11,26.24,2.500,1.34,50.0,0.46
6208.00,3116.02,7006.35,26.25,2.500,1.34,50.0,0.46
6209.00,3117.13,7008.59,26.26,2.500,1.34,50.0,0.46
6210.00,3118.23,7010.83,26.27,2.500,1.33,50.0,0.46
6211.00,3119.34,7013.08,26.27,2.500,1.33,50.0,0.46
6212.00,3120.45,7015.32,26.28,2.500,1.33,50.0,0.46
6213.00,3121.55,7017.56,26.29,2.500,1.33,50.0,0.46
6214.00,3122.66,7019.80,26.30,2.500,1.33,50.0,0.46
6215.00,3123.77,7022.04,26.30,2.500,1.33,50.0,0.46
6216.00,3124.88,7024.28,26.31,2.500,1.33,50.0,0.46
6217.00,3125.99,7026.52,26.32,2.500,1.33,50.0,0.46
6218.00,3127.09,7028.77,26.33,2.500,1.33,50.0,0.46
6219.00,3128.20,7031.01,26.33,2.500,1.33,50.0,0.46
6220.00,3129.31,7033.25,26.34,2.500,1.33,50.0,0.46
6221.00,3130.42,7035.49,26.35,2.500,1.33,50.0,0.46
6222.00,3131.53,7037.73,26.36,2.500,1.33,50.0,0.46
6223.00,3132.64,7039.97,26.37,2.500,1.33,50.0,0.46
6224.00,3133.75,7042.21,26.37,2.500,1.33,50.0,0.46
6225.00,3134.86,7044.45,26.38,2.500,1.33,50.0,0.46
6226.00,3135.97,7046.69,26.39,2.500,1.33,50.0,0.46
6227.00,3137.08,7048.93,26.40,2.500,1.33,50.0,0.46
6228.00,3138.19,7051.17,26.40,2.500,1.32,50.0,0.46
6229.00,3139.31,7053.41,26.41,2.500,1.32,50.0,0.46
6230.00,3140.42,7055.64,26.42,2.500,1.32,50.0,0.46
6231.00,3141.53,7057.88,26.43,2.500,1.32,50.0,0.46
6232.00,3142.64,7060.12,26.43,2.500,1.32,50.0,0.46
6233.00,3143.76,7062.36,26.44,2.500,1.32,50.0,0.46
6234.00,3144.87,7064.60,26.45,2.500,1.32,50.0,0.46
6235.00,3145.98,7066.84,26.46,2.500,1.32,50.0,0.46
6236.00,3147.10,7069.08,26.46,2.500,1.32,50.0,0.46
6237.00,3148.21,7071.31,26.47,2.500,1.32,50.0,0.46
6238.00,3149.33,7073.55,26.48,2.500,1.32,50.0,0.46
6239.00,3150.44,7075.79,26.49,2.500,1.32,50.0,0.46
6240.00,3151.55,7078.03,26.50,2.500,1.32,50.0,0.46
6241.00,3152.67,7080.26,26.50,2.500,1.32,50.0,0.46
6242.00,3153.79,7082.50,26.51,2.500,1.32,50.0,0.46
6243.00,3154.90,7084.74,26.52,2.500,1.32,50.0,0.46
6244.00,3156.02,7086.98,26.53,2.500,1.32,50.0,0.46
6245.00,3157.13,7089.21,26.53,2.500,1.32,50.0,0.46
6246.00,3158.25,7091.45,26.54,2.500,1.31,50.0,0.46
6247.00,3159.37,7093.69,26.55,2.500,1.31,50.0,0.46
6248.00,3160.49,7095.92,26.56,2.500,1.31,50.0,0.46
6249.00,3161.60,7098.16,26.56,2.500,1.31,50.0,0.46
6250.00,3162.72,7100.39,26.57,2.500,1.31,50.0,0.46
6251.00,3163.84,7102.63,26.58,2.500,1.31,50.0,0.46
6252.00,3164.96,7104.87,26.59,2.500,1.31,50.0,0.46
6253.00,3166.08,7107.10,26.59,2.500,1.31,50.0,0.45
6254.00,3167.20,7109.34,26.60,2.500,1.31,50.0,0.45
6255.00,3168.32,7111.57,26.61,2.500,1.31,50.0,0.45
6256.00,3169.44,7113.81,26.62,2.500,1.31,50.0,0.45
6257.00,3170.56,7116.04,26.62,2.500,1.31,50.0,0.45
6258.00,3171.68,7118.28,26.63,2.500,1.31,50.0,0.45
6259.00,3172.80,7120.51,26.64,2.500,1.31,50.0,0.45
6260.00,3173.92,7122.75,26.65,2.500,1.31,50.0,0.45
6261.00,3175.04,7124.98,26.65,2.500,1.30,50.0,0.45
6262.00,3176.16,7127.22,26.66,2.500,1.30,50.0,0.45
6263.00,3177.28,7129.45,26.67,2.500,1.30,50.0,0.45
6264.00,3178.40,7131.68,26.68,2.500,1.30,50.0,0.45
6265.00,3179.53,7133.92,26.68,2.500,1.30,50.0,0.45
6266.00,3180.65,7136.15,26.69,2.500,1.30,50.0,0.45
6267.00,3181.77,7138.39,26.70,2.500,1.30,50.0,0.45
6268.00,3182.90,7140.62,26.71,2.500,1.30,50.0,0.45
6269.00,3184.02,7142.85,26.71,2.500,1.30,50.0,0.45
6270.00,3185.14,7145.09,26.72,2.500,1.30,50.0,0.45
6271.00,3186.27,7147.32,26.73,2.500,1.30,50.0,0.45
6272.00,3187.39,7149.55,26.74,2.500,1.30,50.0,0.45
6273.00,3188.52,7151.78,26.74,2.500,1.30,50.0,0.45
6274.00,3189.64,7154.02,26.75,2.500,1.30,50.0,0.45
6275.00,3190.77,7156.25,26.76,2.500,1.30,50.0,0.45
6276.00,3191.89,7158.48,26.77,2.500,1.30,50.0,0.45
6277.00,3193.02,7160.71,26.77,2.500,1.30,50.0,0.45
6278.00,3194.14,7162.94,26.78,2.500,1.30,50.0,0.45
6279.00,3195.27,7165.18,26.79,2.500,1.29,50.0,0.45
6280.00,3196.40,7167.41,26.80,2.500,1.29,50.0,0.45
6281.00,3197.52,7169.64,26.80,2.500,1.29,50.0,0.45
6282.00,3198.65,7171.87,26.81,2.500,1.29,50.0,0.45
6283.00,3199.78,7174.10,26.82,2.500,1.29,50.0,0.45
6284.00,3200.91,7176.33,26.83,2.500,1.29,50.0,0.45
6285.00,3202.04,7178.56,26.83,2.500,1.29,50.0,0.45
6286.00,3203.16,7180.80,26.84,2.500,1.29,50.0,0.45
6287.00,3204.29,7183.03,26.85,2.500,1.29,50.0,0.45
6288.00,3205.42,7185.26,26.86,2.500,1.29,50.0,0.45
6289.00,3206.55,7187.49,26.86,2.500,1.29,50.0,0.45
6290.00,3207.68,7189.72,26.87,2.500,1.29,50.0,0.45
6291.00,3208.81,7191.95,26.88,2.500,1.29,50.0,0.45
6292.00,3209.94,7194.18,26.89,2.500,1.29,50.0,0.45
6293.00,3211.07,7196.41,26.89,2.500,1.29,50.0,0.45
6294.00,3212.20,7198.64,26.90,2.500,1.29,50.0,0.45
6295.00,3213.33,7200.87,26.91,2.500,1.29,50.0,0.45
6296.00,3214.47,7203.09,26.92,2.500,1.29,50.0,0.45
6297.00,3215.60,7205.32,26.92,2.500,1.28,50.0,0.45
6298.00,3216.73,7207.55,26.93,2.500,1.28,50.0,0.45
6299.00,3217.86,7209.78,26.94,2.500,1.28,50.0,0.45
6300.00,3218.99,7212.01,26.95,2.500,1.28,50.0,0.45
6301.00,3220.13,7214.24,26.95,2.500,1.28,50.0,0.45
6302.00,3221.26,7216.47,26.96,2.500,1.28,50.0,0.45
6303.00,3222.39,7218.70,26.97,2.500,1.28,50.0,0.45
6304.00,3223.53,7220.92,26.98,2.500,1.28,50.0,0.44
6305.00,3224.66,7223.15,26.98,2.500,1.28,50.0,0.44
6306.00,3225.80,7225.38,26.99,2.500,1.28,50.0,0.44
6307.00,3226.93,7227.61,27.00,2.500,1.28,50.0,0.44
6308.00,3228.07,7229.84,27.01,2.500,1.28,50.0,0.44
6309.00,3229.20,7232.06,27.01,2.500,1.28,50.0,0.44
6310.00,3230.34,7234.29,27.02,2.500,1.28,50.0,0.44
6311.00,3231.47,7236.52,27.03,2.500,1.28,50.0,0.44
6312.00,3232.61,7238.74,27.04,2.500,1.28,50.0,0.44
6313.00,3233.75,7240.97,27.04,2.500,1.28,50.0,0.44
6314.00,3234.88,7243.20,27.05,2.500,1.28,50.0,0.44
6315.00,3236.02,7245.42,27.06,2.500,1.27,50.0,0.44
6316.00,3237.16,7247.65,27.06,2.500,1.27,50.0,0.44
6317.00,3238.29,7249.88,27.07,2.500,1.27,50.0,0.44
6318.00,3239.43,7252.10,27.08,2.500,1.27,50.0,0.44
6319.00,3240.57,7254.33,27.09,2.500,1.27,50.0,0.44
6320.00,3241.71,7256.55,27.09,2.500,1.27,50.0,0.44
6321.00,3242.85,7258.78,27.10,2.500,1.27,50.0,0.44
6322.00,3243.99,7261.01,27.11,2.500,1.27,50.0,0.44
6323.00,3245.12,7263.23,27.12,2.500,1.27,50.0,0.44
6324.00,3246.26,7265.46,27.12,2.500,1.27,50.0,0.44
6325.00,3247.40,7267.68,27.13,2.500,1.27,50.0,0.44
6326.00,3248.54,7269.91,27.14,2.500,1.27,50.0,0.44
6327.00,3249.68,7272.13,27.15,2.500,1.27,50.0,0.44
6328.00,3250.82,7274.36,27.15,2.500,1.27,50.0,0.44
6329.00,3251.97,7276.58,27.16,2.500,1.27,50.0,0.44
6330.00,3253.11,7278.80,27.17,2.500,1.27,50.0,0.44
6331.00,3254.25,7281.03,27.18,2.500,1.27,50.0,0.44
6332.00,3255.39,7283.25,27.18,2.500,1.27,50.0,0.44
6333.00,3256.53,7285.48,27.19,2.500,1.26,50.0,0.44
6334.00,3257.67,7287.70,27.20,2.500,1.26,50.0,0.44
6335.00,3258.82,7289.92,27.20,2.500,1.26,50.0,0.44
6336.00,3259.96,7292.15,27.21,2.500,1.26,50.0,0.44
6337.00,3261.10,7294.37,27.22,2.500,1.26,50.0,0.44
6338.00,3262.25,7296.59,27.23,2.500,1.26,50.0,0.44
6339.00,3263.39,7298.82,27.23,2.500,1.26,50.0,0.44
6340.00,3264.53,7301.04,27.24,2.500,1.26,50.0,0.44
6341.00,3265.68,7303.26,27.25,2.500,1.26,50.0,0.44
6342.00,3266.82,7305.48,27.26,2.500,1.26,50.0,0.44
6343.00,3267.97,7307.71,27.26,2.500,1.26,50.0,0.44
6344.00,3269.11,7309.93,27.27,2.500,1.26,50.0,0.44
6345.00,3270.26,7312.15,27.28,2.500,1.26,50.0,0.44
6346.00,3271.40,7314.37,27.28,2.500,1.26,50.0,0.44
6347.00,3272.55,7316.60,27.29,2.500,1.26,50.0,0.44
6348.00,3273.70,7318.82,27.30,2.500,1.26,50.0,0.44
6349.00,3274.84,7321.04,27.31,2.500,1.26,50.0,0.44
6350.00,3275.99,7323.26,27.31,2.500,1.26,50.0,0.44
6351.00,3277.14,7325.48,27.32,2.500,1.25,50.0,0.44
6352.00,3278.29,7327.70,27.33,2.500,1.25,50.0,0.44
6353.00,3279.43,7329.92,27.34,2.500,1.25,50.0,0.44
6354.00,3280.58,7332.14,27.34,2.500,1.25,50.0,0.44
6355.00,3281.73,7334.36,27.35,2.500,1.25,50.0,0.44
6356.00,3282.88,7336.59,27.36,2.500,1.25,50.0,0.43
6357.00,3284.03,7338.81,27.36,2.500,1.25,50.0,0.43
6358.00,3285.18,7341.03,27.37,2.500,1.25,50.0,0.43
6359.00,3286.33,7343.25,27.38,2.500,1.25,50.0,0.43
6360.00,3287.47,7345.47,27.39,2.500,1.25,50.0,0.43
6361.00,3288.62,7347.69,27.39,2.500,1.25,50.0,0.43
6362.00,3289.78,7349.91,27.40,2.500,1.25,50.0,0.43
6363.00,3290.93,7352.13,27.41,2.500,1.25,50.0,0.43
6364.00,3292.08,7354.34,27.42,2.500,1.25,50.0,0.43
6365.00,3293.23,7356.56,27.42,2.500,1.25,50.0,0.43
6366.00,3294.38,7358.78,27.43,2.500,1.25,50.0,0.43
6367.00,3295.53,7361.00,27.44,2.500,1.25,50.0,0.43
6368.00,3296.68,7363.22,27.44,2.500,1.25,50.0,0.43
6369.00,3297.83,7365.44,27.45,2.500,1.24,50.0,0.43
6370.00,3298.99,7367.66,27.46,2.500,1.24,50.0,0.43
6371.00,3300.14,7369.88,27.47,2.500,1.24,50.0,0.43
6372.00,3301.29,7372.09,27.47,2.500,1.24,50.0,0.43
6373.00,3302.45,7374.31,27.48,2.500,1.24,50.0,0.43
6374.00,3303.60,7376.53,27.49,2.500,1.24,50.0,0.43
6375.00,3304.75,7378.75,27.49,2.500,1.24,50.0,0.43
6376.00,3305.91,7380.97,27.50,2.500,1.24,50.0,0.43
6377.00,3307.06,7383.18,27.51,2.500,1.24,50.0,0.43
6378.00,3308.22,7385.40,27.52,2.500,1.24,50.0,0.43
6379.00,3309.37,7387.62,27.52,2.500,1.24,50.0,0.43
6380.00,3310.53,7389.83,27.53,2.500,1.24,50.0,0.43
6381.00,3311.68,7392.05,27.54,2.500,1.24,50.0,0.43
6382.00,3312.84,7394.27,27.54,2.500,1.24,50.0,0.43
6383.00,3313.99,7396.49,27.55,2.500,1.24,50.0,0.43
6384.00,3315.15,7398.70,27.56,2.500,1.24,50.0,0.43
6385.00,3316.31,7400.92,27.57,2.500,1.24,50.0,0.43
6386.00,3317.46,7403.13,27.57,2.500,1.24,50.0,0.43
6387.00,3318.62,7405.35,27.58,2.500,1.23,50.0,0.43
6388.00,3319.78,7407.57,27.59,2.500,1.23,50.0,0.43
6389.00,3320.94,7409.78,27.59,2.500,1.23,50.0,0.43
6390.00,3322.10,7412.00,27.60,2.500,1.23,50.0,0.43
6391.00,3323.25,7414.21,27.61,2.500,1.23,50.0,0.43
6392.00,3324.41,7416.43,27.62,2.500,1.23,50.0,0.43
6393.00,3325.57,7418.64,27.62,2.500,1.23,50.0,0.43
6394.00,3326.73,7420.86,27.63,2.500,1.23,50.0,0.43
6395.00,3327.89,7423.07,27.64,2.500,1.23,50.0,0.43
6396.00,3329.05,7425.29,27.64,2.500,1.23,50.0,0.43
6397.00,3330.21,7427.50,27.65,2.500,1.23,50.0,0.43
6398.00,3331.37,7429.72,27.66,2.500,1.23,50.0,0.43
6399.00,3332.53,7431.93,27.67,2.500,1.23,50.0,0.43
6400.00,3333.69,7434.15,27.67,2.500,1.23,50.0,0.43
6401.00,3334.85,7436.36,27.68,2.500,1.23,50.0,0.43
6402.00,3336.01,7438.57,27.69,2.500,1.23,50.0,0.43
6403.00,3337.17,7440.79,27.69,2.500,1.23,50.0,0.43
6404.00,3338.34,7443.00,27.70,2.500,1.23,50.0,0.43
6405.00,3339.50,7445.21,27.71,2.500,1.23,50.0,0.43
6406.00,3340.66,7447.43,27.72,2.500,1.23,50.0,0.43
6407.00,3341.82,7449.64,27.72,2.500,1.23,50.0,0.43
6408.00,3342.99,7451.85,27.73,2.500,1.22,50.0,0.43
6409.00,3344.15,7454.07,27.74,2.500,1.22,50.0,0.42
6410.00,3345.31,7456.28,27.74,2.500,1.22,50.0,0.42
6411.00,3346.48,7458.49,27.75,2.500,1.22,50.0,0.42
6412.00,3347.64,7460.70,27.76,2.500,1.22,50.0,0.42
6413.00,3348.81,7462.92,27.77,2.500,1.22,50.0,0.42
6414.00,3349.97,7465.13,27.77,2.500,1.22,50.0,0.42
6415.00,3351.14,7467.34,27.78,2.500,1.22,50.0,0.42
6416.00,3352.30,7469.55,27.79,2.500,1.22,50.0,0.42
6417.00,3353.47,7471.76,27.79,2.500,1.22,50.0,0.42
6418.00,3354.63,7473.98,27.80,2.500,1.22,50.0,0.42
6419.00,3355.80,7476.19,27.81,2.500,1.22,50.0,0.42
6420.00,3356.96,7478.40,27.81,2.500,1.22,50.0,0.42
6421.00,3358.13,7480.61,27.82,2.500,1.22,50.0,0.42
6422.00,3359.30,7482.82,27.83,2.500,1.22,50.0,0.42
6423.00,3360.46,7485.03,27.84,2.500,1.22,50.0,0.42
6424.00,3361.63,7487.24,27.84,2.500,1.22,50.0,0.42
6425.00,3362.80,7489.45,27.85,2.500,1.22,50.0,0.42
6426.00,3363.97,7491.66,27.86,2.500,1.21,50.0,0.42
6427.00,3365.14,7493.87,27.86,2.500,1.21,50.0,0.42
6428.00,3366.30,7496.08,27.87,2.500,1.21,50.0,0.42
6429.00,3367.47,7498.29,27.88,2.500,1.21,50.0,0.42
6430.00,3368.64,7500.50,27.88,2.500,1.21,50.0,0.42
6431.00,3369.81,7502.71,27.89,2.500,1.21,50.0,0.42
6432.00,3370.98,7504.92,27.90,2.500,1.21,50.0,0.42
6433.00,3372.15,7507.13,27.91,2.500,1.21,50.0,0.42
6434.00,3373.32,7509.34,27.91,2.500,1.21,50.0,0.42
6435.00,3374.49,7511.55,27.92,2.500,1.21,50.0,0.42
6436.00,3375.66,7513.76,27.93,2.500,1.21,50.0,0.42
6437.00,3376.83,7515.97,27.93,2.500,1.21,50.0,0.42
6438.00,3378.00,7518.18,27.94,2.500,1.21,50.0,0.42
6439.00,3379.17,7520.39,27.95,2.500,1.21,50.0,0.42
6440.00,3380.35,7522.59,27.95,2.500,1.21,50.0,0.42
6441.00,3381.52,7524.80,27.96,2.500,1.21,50.0,0.42
6442.00,3382.69,7527.01,27.97,2.500,1.21,50.0,0.42
6443.00,3383.86,7529.22,27.98,2.500,1.21,50.0,0.42
6444.00,3385.04,7531.43,27.98,2.500,1.20,50.0,0.42
6445.00,3386.21,7533.63,27.99,2.500,1.20,50.0,0.42
6446.00,3387.38,7535.84,28.00,2.500,1.20,50.0,0.42
6447.00,3388.56,7538.05,28.00,2.500,1.20,50.0,0.42
6448.00,3389.73,7540.26,28.01,2.500,1.20,50.0,0.42
6449.00,3390.90,7542.46,28.02,2.500,1.20,50.0,0.42
6450.00,3392.08,7544.67,28.02,2.500,1.20,50.0,0.42
6451.00,3393.25,7546.88,28.03,2.500,1.20,50.0,0.42
6452.00,3394.43,7549.08,28.04,2.500,1.20,50.0,0.42
6453.00,3395.60,7551.29,28.05,2.500,1.20,50.0,0.42
6454.00,3396.78,7553.50,28.05,2.500,1.20,50.0,0.42
6455.00,3397.95,7555.70,28.06,2.500,1.20,50.0,0.42
6456.00,3399.13,7557.91,28.07,2.500,1.20,50.0,0.42
6457.00,3400.31,7560.12,28.07,2.500,1.20,50.0,0.42
6458.00,3401.48,7562.32,28.08,2.500,1.20,50.0,0.42
6459.00,3402.66,7564.53,28.09,2.500,1.20,50.0,0.42
6460.00,3403.84,7566.73,28.09,2.500,1.20,50.0,0.42
6461.00,3405.01,7568.94,28.10,2.500,1.20,50.0,0.42
6462.00,3406.19,7571.14,28.11,2.500,1.19,50.0,0.42
6463.00,3407.37,7573.35,28.11,2.500,1.19,50.0,0.41
6464.00,3408.55,7575.55,28.12,2.500,1.19,50.0,0.41
6465.00,3409.73,7577.76,28.13,2.500,1.19,50.0,0.41
6466.00,3410.90,7579.96,28.14,2.500,1.19,50.0,0.41
6467.00,3412.08,7582.17,28.14,2.500,1.19,50.0,0.41
6468.00,3413.26,7584.37,28.15,2.500,1.19,50.0,0.41
6469.00,3414.44,7586.58,28.16,2.500,1.19,50.0,0.41
6470.00,3415.62,7588.78,28.16,2.500,1.19,50.0,0.41
6471.00,3416.80,7590.99,28.17,2.500,1.19,50.0,0.41
6472.00,3417.98,7593.19,28.18,2.500,1.19,50.0,0.41
6473.00,3419.16,7595.39,28.18,2.500,1.19,50.0,0.41
6474.00,3420.34,7597.60,28.19,2.500,1.19,50.0,0.41
6475.00,3421.52,7599.80,28.20,2.500,1.19,50.0,0.41
6476.00,3422.70,7602.00,28.20,2.500,1.19,50.0,0.41
6477.00,3423.89,7604.21,28.21,2.500,1.19,50.0,0.41
6478.00,3425.07,7606.41,28.22,2.500,1.19,50.0,0.41
6479.00,3426.25,7608.61,28.23,2.500,1.19,50.0,0.41
6480.00,3427.43,7610.82,28.23,2.500,1.19,50.0,0.41
6481.00,3428.62,7613.02,28.24,2.500,1.19,50.0,0.41
6482.00,3429.80,7615.22,28.25,2.500,1.19,50.0,0.41
6483.00,3430.98,7617.42,28.25,2.500,1.18,50.0,0.41
6484.00,3432.16,7619.62,28.26,2.500,1.18,50.0,0.41
6485.00,3433.35,7621.83,28.27,2.500,1.18,50.0,0.41
6486.00,3434.53,7624.03,28.27,2.500,1.18,50.0,0.41
6487.00,3435.72,7626.23,28.28,2.500,1.18,50.0,0.41
6488.00,3436.90,7628.43,28.29,2.500,1.18,50.0,0.41
6489.00,3438.09,7630.63,28.29,2.500,1.18,50.0,0.41
6490.00,3439.27,7632.84,28.30,2.500,1.18,50.0,0.41
6491.00,3440.46,7635.04,28.31,2.500,1.18,50.0,0.41
6492.00,3441.64,7637.24,28.31,2.500,1.18,50.0,0.41
6493.00,3442.83,7639.44,28.32,2.500,1.18,50.0,0.41
6494.00,3444.01,7641.64,28.33,2.500,1.18,50.0,0.41
6495.00,3445.20,7643.84,28.33,2.500,1.18,50.0,0.41
6496.00,3446.39,7646.04,28.34,2.500,1.18,50.0,0.41
6497.00,3447.57,7648.24,28.35,2.500,1.18,50.0,0.41
6498.00,3448.76,7650.44,28.35,2.500,1.18,50.0,0.41
6499.00,3449.95,7652.64,28.36,2.500,1.18,50.0,0.41
6500.00,3451.13,7654.84,28.37,2.500,1.18,50.0,0.41
6501.00,3452.32,7657.04,28.38,2.500,1.17,50.0,0.41
6502.00,3453.51,7659.24,28.38,2.500,1.17,50.0,0.41
6503.00,3454.70,7661.44,28.39,2.500,1.17,50.0,0.41
6504.00,3455.89,7663.64,28.40,2.500,1.17,50.0,0.41
6505.00,3457.08,7665.84,28.40,2.500,1.17,50.0,0.41
6506.00,3458.27,7668.04,28.41,2.500,1.17,50.0,0.41
6507.00,3459.46,7670.24,28.42,2.500,1.17,50.0,0.41
6508.00,3460.64,7672.43,28.42,2.500,1.17,50.0,0.41
6509.00,3461.83,7674.63,28.43,2.500,1.17,50.0,0.41
6510.00,3463.03,7676.83,28.44,2.500,1.17,50.0,0.41
6511.00,3464.22,7679.03,28.44,2.500,1.17,50.0,0.41
6512.00,3465.41,7681.23,28.45,2.500,1.17,50.0,0.41
6513.00,3466.60,7683.43,28.46,2.500,1.17,50.0,0.41
6514.00,3467.79,7685.62,28.46,2.500,1.17,50.0,0.41
6515.00,3468.98,7687.82,28.47,2.500,1.17,50.0,0.41
6516.00,3470.17,7690.02,28.48,2.500,1.17,50.0,0.41
6517.00,3471.36,7692.22,28.48,2.500,1.17,50.0,0.41
6518.00,3472.56,7694.41,28.49,2.500,1.17,50.0,0.41
6519.00,3473.75,7696.61,28.50,2.500,1.17,50.0,0.40
6520.00,3474.94,7698.81,28.50,2.500,1.17,50.0,0.40
6521.00,3476.13,7701.01,28.51,2.500,1.17,50.0,0.40
6522.00,3477.33,7703.20,28.52,2.500,1.16,50.0,0.40
6523.00,3478.52,7705.40,28.52,2.500,1.16,50.0,0.40
6524.00,3479.72,7707.60,28.53,2.500,1.16,50.0,0.40
6525.00,3480.91,7709.79,28.54,2.500,1.16,50.0,0.40
6526.00,3482.10,7711.99,28.54,2.500,1.16,50.0,0.40
6527.00,3483.30,7714.18,28.55,2.500,1.16,50.0,0.40
6528.00,3484.49,7716.38,28.56,2.500,1.16,50.0,0.40
6529.00,3485.69,7718.58,28.56,2.500,1.16,50.0,0.40
6530.00,3486.88,7720.77,28.57,2.500,1.16,50.0,0.40
6531.00,3488.08,7722.97,28.58,2.500,1.16,50.0,0.40
6532.00,3489.27,7725.16,28.58,2.500,1.16,50.0,0.40
6533.00,3490.47,7727.36,28.59,2.500,1.16,50.0,0.40
6534.00,3491.67,7729.55,28.60,2.500,1.16,50.0,0.40
6535.00,3492.86,7731.75,28.60,2.500,1.16,50.0,0.40
6536.00,3494.06,7733.94,28.61,2.500,1.16,50.0,0.40
6537.00,3495.26,7736.14,28.62,2.500,1.16,50.0,0.40
6538.00,3496.46,7738.33,28.62,2.500,1.16,50.0,0.40
6539.00,3497.65,7740.53,28.63,2.500,1.16,50.0,0.40
6540.00,3498.85,7742.72,28.64,2.500,1.15,50.0,0.40
6541.00,3500.05,7744.92,28.65,2.500,1.15,50.0,0.40
6542.00,3501.25,7747.11,28.65,2.500,1.15,50.0,0.40
6543.00,3502.45,7749.30,28.66,2.500,1.15,50.0,0.40
6544.00,3503.65,7751.50,28.67,2.500,1.15,50.0,0.40
6545.00,3504.84,7753.69,28.67,2.500,1.15,50.0,0.40
6546.00,3506.04,7755.88,28.68,2.500,1.15,50.0,0.40
6547.00,3507.24,7758.08,28.69,2.500,1.15,50.0,0.40
6548.00,3508.44,7760.27,28.69,2.500,1.15,50.0,0.40
6549.00,3509.64,7762.46,28.70,2.500,1.15,50.0,0.40
6550.00,3510.84,7764.66,28.71,2.500,1.15,50.0,0.40
6551.00,3512.05,7766.85,28.71,2.500,1.15,50.0,0.40
6552.00,3513.25,7769.04,28.72,2.500,1.15,50.0,0.40
6553.00,3514.45,7771.23,28.72,2.500,1.15,50.0,0.40
6554.00,3515.65,7773.43,28.73,2.500,1.15,50.0,0.40
6555.00,3516.85,7775.62,28.74,2.500,1.15,50.0,0.40
6556.00,3518.05,7777.81,28.74,2.500,1.15,50.0,0.40
6557.00,3519.26,7780.00,28.75,2.500,1.15,50.0,0.40
6558.00,3520.46,7782.20,28.76,2.500,1.15,50.0,0.40
6559.00,3521.66,7784.39,28.76,2.500,1.15,50.0,0.40
6560.00,3522.86,7786.58,28.77,2.500,1.15,50.0,0.40
6561.00,3524.07,7788.77,28.78,2.500,1.14,50.0,0.40
6562.00,3525.27,7790.96,28.78,2.500,1.14,50.0,0.40
6563.00,3526.47,7793.15,28.79,2.500,1.14,50.0,0.40
6564.00,3527.68,7795.34,28.80,2.500,1.14,50.0,0.40
6565.00,3528.88,7797.53,28.80,2.500,1.14,50.0,0.40
6566.00,3530.09,7799.72,28.81,2.500,1.14,50.0,0.40
6567.00,3531.29,7801.91,28.82,2.500,1.14,50.0,0.40
6568.00,3532.50,7804.11,28.82,2.500,1.14,50.0,0.40
6569.00,3533.70,7806.30,28.83,2.500,1.14,50.0,0.40
6570.00,3534.91,7808.49,28.84,2.500,1.14,50.0,0.40
6571.00,3536.11,7810.68,28.84,2.500,1.14,50.0,0.40
6572.00,3537.32,7812.87,28.85,2.500,1.14,50.0,0.40
6573.00,3538.53,7815.06,28.86,2.500,1.14,50.0,0.40
6574.00,3539.73,7817.24,28.86,2.500,1.14,50.0,0.40
6575.00,3540.94,7819.43,28.87,2.500,1.14,50.0,0.40
6576.00,3542.15,7821.62,28.88,2.500,1.14,50.0,0.39
6577.00,3543.35,7823.81,28.88,2.500,1.14,50.0,0.39
6578.00,3544.56,7826.00,28.89,2.500,1.14,50.0,0.39
6579.00,3545.77,7828.19,28.90,2.500,1.13,50.0,0.39
6580.00,3546.98,7830.38,28.90,2.500,1.13,50.0,0.39
6581.00,3548.19,7832.57,28.91,2.500,1.13,50.0,0.39
6582.00,3549.39,7834.76,28.92,2.500,1.13,50.0,0.39
6583.00,3550.60,7836.94,28.92,2.500,1.13,50.0,0.39
6584.00,3551.81,7839.13,28.93,2.500,1.13,50.0,0.39
6585.00,3553.02,7841.32,28.94,2.500,1.13,50.0,0.39
6586.00,3554.23,7843.51,28.94,2.500,1.13,50.0,0.39
6587.00,3555.44,7845.70,28.95,2.500,1.13,50.0,0.39
6588.00,3556.65,7847.88,28.96,2.500,1.13,50.0,0.39
6589.00,3557.86,7850.07,28.96,2.500,1.13,50.0,0.39
6590.00,3559.07,7852.26,28.97,2.500,1.13,50.0,0.39
6591.00,3560.28,7854.45,28.98,2.500,1.13,50.0,0.39
6592.00,3561.49,7856.63,28.98,2.500,1.13,50.0,0.39
6593.00,3562.71,7858.82,28.99,2.500,1.13,50.0,0.39
6594.00,3563.92,7861.01,29.00,2.500,1.13,50.0,0.39
6595.00,3565.13,7863.19,29.00,2.500,1.13,50.0,0.39
6596.00,3566.34,7865.38,29.01,2.500,1.13,50.0,0.39
6597.00,3567.55,7867.57,29.01,2.500,1.13,50.0,0.39
6598.00,3568.77,7869.75,29.02,2.500,1.13,50.0,0.39
6599.00,3569.98,7871.94,29.03,2.500,1.13,50.0,0.39
6600.00,3571.19,7874.12,29.03,2.500,1.12,50.0,0.39
6601.00,3572.41,7876.31,29.04,2.500,1.12,50.0,0.39
6602.00,3573.62,7878.50,29.05,2.500,1.12,50.0,0.39
6603.00,3574.83,7880.68,29.05,2.500,1.12,50.0,0.39
6604.00,3576.05,7882.87,29.06,2.500,1.12,50.0,0.39
6605.00,3577.26,7885.05,29.07,2.500,1.12,50.0,0.39
6606.00,3578.48,7887.24,29.07,2.500,1.12,50.0,0.39
6607.00,3579.69,7889.42,29.08,2.500,1.12,50.0,0.39
6608.00,3580.91,7891.61,29.09,2.500,1.12,50.0,0.39
6609.00,3582.12,7893.79,29.09,2.500,1.12,50.0,0.39
6610.00,3583.34,7895.98,29.10,2.500,1.12,50.0,0.39
6611.00,3584.55,7898.16,29.11,2.500,1.12,50.0,0.39
6612.00,3585.77,7900.35,29.11,2.500,1.12,50.0,0.39
6613.00,3586.98,7902.53,29.12,2.500,1.12,50.0,0.39
6614.00,3588.20,7904.71,29.13,2.500,1.12,50.0,0.39
6615.00,3589.42,7906.90,29.13,2.500,1.12,50.0,0.39
6616.00,3590.63,7909.08,29.14,2.500,1.12,50.0,0.39
6617.00,3591.85,7911.27,29.14,2.500,1.12,50.0,0.39
6618.00,3593.07,7913.45,29.15,2.500,1.12,50.0,0.39
6619.00,3594.29,7915.63,29.16,2.500,1.12,50.0,0.39
6620.00,3595.51,7917.82,29.16,2.500,1.12,50.0,0.39
6621.00,3596.72,7920.00,29.17,2.500,1.11,50.0,0.39
6622.00,3597.94,7922.18,29.18,2.500,1.11,50.0,0.39
6623.00,3599.16,7924.36,29.18,2.500,1.11,50.0,0.39
6624.00,3600.38,7926.55,29.19,2.500,1.11,50.0,0.39
6625.00,3601.60,7928.73,29.20,2.500,1.11,50.0,0.39
6626.00,3602.82,7930.91,29.20,2.500,1.11,50.0,0.39
6627.00,3604.04,7933.09,29.21,2.500,1.11,50.0,0.39
6628.00,3605.26,7935.28,29.22,2.500,1.11,50.0,0.39
6629.00,3606.48,7937.46,29.22,2.500,1.11,50.0,0.39
6630.00,3607.70,7939.64,29.23,2.500,1.11,50.0,0.39
6631.00,3608.92,7941.82,29.23,2.500,1.11,50.0,0.39
6632.00,3610.14,7944.00,29.24,2.500,1.11,50.0,0.39
6633.00,3611.36,7946.18,29.25,2.500,1.11,50.0,0.39
6634.00,3612.58,7948.37,29.25,2.500,1.11,50.0,0.38
6635.00,3613.81,7950.55,29.26,2.500,1.11,50.0,0.38
6636.00,3615.03,7952.73,29.27,2.500,1.11,50.0,0.38
6637.00,3616.25,7954.91,29.27,2.500,1.11,50.0,0.38
6638.00,3617.47,7957.09,29.28,2.500,1.11,50.0,0.38
6639.00,3618.69,7959.27,29.29,2.500,1.11,50.0,0.38
6640.00,3619.92,7961.45,29.29,2.500,1.11,50.0,0.38
6641.00,3621.14,7963.63,29.30,2.500,1.11,50.0,0.38
6642.00,3622.36,7965.81,29.31,2.500,1.10,50.0,0.38
6643.00,3623.59,7967.99,29.31,2.500,1.10,50.0,0.38
6644.00,3624.81,7970.17,29.32,2.500,1.10,50.0,0.38
6645.00,3626.04,7972.35,29.32,2.500,1.10,50.0,0.38
6646.00,3627.26,7974.53,29.33,2.500,1.10,50.0,0.38
6647.00,3628.48,7976.71,29.34,2.500,1.10,50.0,0.38
6648.00,3629.71,7978.89,29.34,2.500,1.10,50.0,0.38
6649.00,3630.93,7981.07,29.35,2.500,1.10,50.0,0.38
6650.00,3632.16,7983.25,29.36,2.500,1.10,50.0,0.38
6651.00,3633.39,7985.43,29.36,2.500,1.10,50.0,0.38
6652.00,3634.61,7987.61,29.37,2.500,1.10,50.0,0.38
6653.00,3635.84,7989.78,29.38,2.500,1.10,50.0,0.38
6654.00,3637.06,7991.96,29.38,2.500,1.10,50.0,0.38
6655.00,3638.29,7994.14,29.39,2.500,1.10,50.0,0.38
6656.00,3639.52,7996.32,29.39,2.500,1.10,50.0,0.38
6657.00,3640.74,7998.50,29.40,2.500,1.10,50.0,0.38
6658.00,3641.97,8000.68,29.41,2.500,1.10,50.0,0.38
6659.00,3643.20,8002.85,29.41,2.500,1.10,50.0,0.38
6660.00,3644.43,8005.03,29.42,2.500,1.10,50.0,0.38
6661.00,3645.65,8007.21,29.43,2.500,1.10,50.0,0.38
6662.00,3646.88,8009.39,29.43,2.500,1.10,50.0,0.38
6663.00,3648.11,8011.56,29.44,2.500,1.09,50.0,0.38
6664.00,3649.34,8013.74,29.45,2.500,1.09,50.0,0.38
6665.00,3650.57,8015.92,29.45,2.500,1.09,50.0,0.38
6666.00,3651.80,8018.10,29.46,2.500,1.09,50.0,0.38
6667.00,3653.03,8020.27,29.46,2.500,1.09,50.0,0.38
6668.00,3654.26,8022.45,29.47,2.500,1.09,50.0,0.38
6669.00,3655.49,8024.63,29.48,2.500,1.09,50.0,0.38
6670.00,3656.72,8026.80,29.48,2.500,1.09,50.0,0.38
6671.00,3657.95,8028.98,29.49,2.500,1.09,50.0,0.38
6672.00,3659.18,8031.15,29.50,2.500,1.09,50.0,0.38
6673.00,3660.41,8033.33,29.50,2.500,1.09,50.0,0.38
6674.00,3661.64,8035.51,29.51,2.500,1.09,50.0,0.38
6675.00,3662.87,8037.68,29.51,2.500,1.09,50.0,0.38
6676.00,3664.10,8039.86,29.52,2.500,1.09,50.0,0.38
6677.00,3665.34,8042.03,29.53,2.500,1.09,50.0,0.38
6678.00,3666.57,8044.21,29.53,2.500,1.09,50.0,0.38
6679.00,3667.80,8046.38,29.54,2.500,1.09,50.0,0.38
6680.00,3669.03,8048.56,29.55,2.500,1.09,50.0,0.38
6681.00,3670.27,8050.73,29.55,2.500,1.09,50.0,0.38
6682.00,3671.50,8052.91,29.56,2.500,1.09,50.0,0.38
6683.00,3672.73,8055.08,29.56,2.500,1.09,50.0,0.38
6684.00,3673.97,8057.26,29.57,2.500,1.08,50.0,0.38
6685.00,3675.20,8059.43,29.58,2.500,1.08,50.0,0.38
6686.00,3676.43,8061.61,29.58,2.500,1.08,50.0,0.38
6687.00,3677.67,8063.78,29.59,2.500,1.08,50.0,0.38
6688.00,3678.90,8065.95,29.60,2.500,1.08,50.0,0.38
6689.00,3680.14,8068.13,29.60,2.500,1.08,50.0,0.38
6690.00,3681.37,8070.30,29.61,2.500,1.08,50.0,0.38
6691.00,3682.61,8072.47,29.61,2.500,1.08,50.0,0.38
6692.00,3683.84,8074.65,29.62,2.500,1.08,50.0,0.38
6693.00,3685.08,8076.82,29.63,2.500,1.08,50.0,0.38
6694.00,3686.31,8078.99,29.63,2.500,1.08,50.0,0.37
6695.00,3687.55,8081.17,29.64,2.500,1.08,50.0,0.37
6696.00,3688.79,8083.34,29.65,2.500,1.08,50.0,0.37
6697.00,3690.02,8085.51,29.65,2.500,1.08,50.0,0.37
6698.00,3691.26,8087.69,29.66,2.500,1.08,50.0,0.37
6699.00,3692.50,8089.86,29.66,2.500,1.08,50.0,0.37
6700.00,3693.73,8092.03,29.67,2.500,1.08,50.0,0.37
6701.00,3694.97,8094.20,29.68,2.500,1.08,50.0,0.37
6702.00,3696.21,8096.37,29.68,2.500,1.07,50.0,0.37
6703.00,3697.45,8098.55,29.69,2.500,1.07,50.0,0.37
6704.00,3698.69,8100.72,29.70,2.500,1.07,50.0,0.37
6705.00,3699.92,8102.89,29.70,2.500,1.07,50.0,0.37
6706.00,3701.16,8105.06,29.71,2.500,1.07,50.0,0.37
6707.00,3702.40,8107.23,29.71,2.500,1.07,50.0,0.37
6708.00,3703.64,8109.40,29.72,2.500,1.07,50.0,0.37
6709.00,3704.88,8111.58,29.73,2.500,1.07,50.0,0.37
6710.00,3706.12,8113.75,29.73,2.500,1.07,50.0,0.37
6711.00,3707.36,8115.92,29.74,2.500,1.07,50.0,0.37
6712.00,3708.60,8118.09,29.75,2.500,1.07,50.0,0.37
6713.00,3709.84,8120.26,29.75,2.500,1.07,50.0,0.37
6714.00,3711.08,8122.43,29.76,2.500,1.07,50.0,0.37
6715.00,3712.32,8124.60,29.76,2.500,1.07,50.0,0.37
6716.00,3713.56,8126.77,29.77,2.500,1.07,50.0,0.37
6717.00,3714.80,8128.94,29.78,2.500,1.07,50.0,0.37
6718.00,3716.05,8131.11,29.78,2.500,1.07,50.0,0.37
6719.00,3717.29,8133.28,29.79,2.500,1.07,50.0,0.37
6720.00,3718.53,8135.45,29.80,2.500,1.07,50.0,0.37
6721.00,3719.77,8137.62,29.80,2.500,1.07,50.0,0.37
6722.00,3721.01,8139.79,29.81,2.500,1.07,50.0,0.37
6723.00,3722.26,8141.96,29.81,2.500,1.07,50.0,0.37
6724.00,3723.50,8144.13,29.82,2.500,1.07,50.0,0.37
6725.00,3724.74,8146.30,29.83,2.500,1.07,50.0,0.37
6726.00,3725.99,8148.46,29.83,2.500,1.06,50.0,0.37
6727.00,3727.23,8150.63,29.84,2.500,1.06,50.0,0.37
6728.00,3728.47,8152.80,29.84,2.500,1.06,50.0,0.37
6729.00,3729.72,8154.97,29.85,2.500,1.06,50.0,0.37
6730.00,3730.96,8157.14,29.86,2.500,1.06,50.0,0.37
6731.00,3732.21,8159.31,29.86,2.500,1.06,50.0,0.37
6732.00,3733.45,8161.47,29.87,2.500,1.06,50.0,0.37
6733.00,3734.70,8163.64,29.88,2.500,1.06,50.0,0.37
6734.00,3735.94,8165.81,29.88,2.500,1.06,50.0,0.37
6735.00,3737.19,8167.98,29.89,2.500,1.06,50.0,0.37
6736.00,3738.43,8170.15,29.89,2.500,1.06,50.0,0.37
6737.00,3739.68,8172.31,29.90,2.500,1.06,50.0,0.37
6738.00,3740.93,8174.48,29.91,2.500,1.06,50.0,0.37
6739.00,3742.17,8176.65,29.91,2.500,1.06,50.0,0.37
6740.00,3743.42,8178.81,29.92,2.500,1.06,50.0,0.37
6741.00,3744.67,8180.98,29.92,2.500,1.06,50.0,0.37
6742.00,3745.91,8183.15,29.93,2.500,1.06,50.0,0.37
6743.00,3747.16,8185.31,29.94,2.500,1.06,50.0,0.37
6744.00,3748.41,8187.48,29.94,2.500,1.06,50.0,0.37
6745.00,3749.66,8189.65,29.95,2.500,1.06,50.0,0.37
6746.00,3750.90,8191.81,29.95,2.500,1.06,50.0,0.37
6747.00,3752.15,8193.98,29.96,2.500,1.05,50.0,0.37
6748.00,3753.40,8196.14,29.97,2.500,1.05,50.0,0.37
6749.00,3754.65,8198.31,29.97,2.500,1.05,50.0,0.37
6750.00,3755.90,8200.48,29.98,2.500,1.05,50.0,0.37
6751.00,3757.15,8202.64,29.99,2.500,1.05,50.0,0.37
6752.00,3758.40,8204.81,29.99,2.500,1.05,50.0,0.37
6753.00,3759.65,8206.97,30.00,2.500,1.05,50.0,0.37
6754.00,3760.90,8209.14,30.00,2.500,1.05,50.0,0.37
6755.00,3762.15,8211.30,30.01,2.500,1.05,50.0,0.36
6756.00,3763.40,8213.47,30.02,2.500,1.05,50.0,0.36
6757.00,3764.65,8215.63,30.02,2.500,1.05,50.0,0.36
6758.00,3765.90,8217.80,30.03,2.500,1.05,50.0,0.36
6759.00,3767.15,8219.96,30.03,2.500,1.05,50.0,0.36
6760.00,3768.40,8222.13,30.04,2.500,1.05,50.0,0.36
6761.00,3769.65,8224.29,30.05,2.500,1.05,50.0,0.36
6762.00,3770.90,8226.45,30.05,2.500,1.05,50.0,0.36
6763.00,3772.16,8228.62,30.06,2.500,1.05,50.0,0.36
6764.00,3773.41,8230.78,30.06,2.500,1.05,50.0,0.36
6765.00,3774.66,8232.95,30.07,2.500,1.05,50.0,0.36
6766.00,3775.91,8235.11,30.08,2.500,1.05,50.0,0.36
6767.00,3777.17,8237.27,30.08,2.500,1.05,50.0,0.36
6768.00,3778.42,8239.44,30.09,2.500,1.04,50.0,0.36
6769.00,3779.67,8241.60,30.09,2.500,1.04,50.0,0.36
6770.00,3780.93,8243.76,30.10,2.500,1.04,50.0,0.36
6771.00,3782.18,8245.92,30.11,2.500,1.04,50.0,0.36
6772.00,3783.43,8248.09,30.11,2.500,1.04,50.0,0.36
6773.00,3784.69,8250.25,30.12,2.500,1.04,50.0,0.36
6774.00,3785.94,8252.41,30.12,2.500,1.04,50.0,0.36
6775.00,3787.20,8254.57,30.13,2.500,1.04,50.0,0.36
6776.00,3788.45,8256.74,30.14,2.500,1.04,50.0,0.36
6777.00,3789.71,8258.90,30.14,2.500,1.04,50.0,0.36
6778.00,3790.96,8261.06,30.15,2.500,1.04,50.0,0.36
6779.00,3792.22,8263.22,30.15,2.500,1.04,50.0,0.36
6780.00,3793.47,8265.38,30.16,2.500,1.04,50.0,0.36
6781.00,3794.73,8267.55,30.17,2.500,1.04,50.0,0.36
6782.00,3795.99,8269.71,30.17,2.500,1.04,50.0,0.36
6783.00,3797.24,8271.87,30.18,2.500,1.04,50.0,0.36
6784.00,3798.50,8274.03,30.18,2.500,1.04,50.0,0.36
6785.00,3799.76,8276.19,30.19,2.500,1.04,50.0,0.36
6786.00,3801.01,8278.35,30.20,2.500,1.04,50.0,0.36
6787.00,3802.27,8280.51,30.20,2.500,1.04,50.0,0.36
6788.00,3803.53,8282.67,30.21,2.500,1.04,50.0,0.36
6789.00,3804.79,8284.83,30.21,2.500,1.03,50.0,0.36
6790.00,3806.05,8286.99,30.22,2.500,1.03,50.0,0.36
6791.00,3807.30,8289.15,30.23,2.500,1.03,50.0,0.36
6792.00,3808.56,8291.31,30.23,2.500,1.03,50.0,0.36
6793.00,3809.82,8293.47,30.24,2.500,1.03,50.0,0.36
6794.00,3811.08,8295.63,30.24,2.500,1.03,50.0,0.36
6795.00,3812.34,8297.79,30.25,2.500,1.03,50.0,0.36
6796.00,3813.60,8299.95,30.26,2.500,1.03,50.0,0.36
6797.00,3814.86,8302.11,30.26,2.500,1.03,50.0,0.36
6798.00,3816.12,8304.27,30.27,2.500,1.03,50.0,0.36
6799.00,3817.38,8306.43,30.27,2.500,1.03,50.0,0.36
6800.00,3818.64,8308.59,30.28,2.500,1.03,50.0,0.36
6801.00,3819.90,8310.75,30.29,2.500,1.03,50.0,0.36
6802.00,3821.16,8312.91,30.29,2.500,1.03,50.0,0.36
6803.00,3822.42,8315.07,30.30,2.500,1.03,50.0,0.36
6804.00,3823.68,8317.23,30.30,2.500,1.03,50.0,0.36
6805.00,3824.94,8319.38,30.31,2.500,1.03,50.0,0.36
6806.00,3826.21,8321.54,30.32,2.500,1.03,50.0,0.36
6807.00,3827.47,8323.70,30.32,2.500,1.03,50.0,0.36
6808.00,3828.73,8325.86,30.33,2.500,1.03,50.0,0.36
6809.00,3829.99,8328.02,30.33,2.500,1.03,50.0,0.36
6810.00,3831.25,8330.17,30.34,2.500,1.02,50.0,0.36
6811.00,3832.52,8332.33,30.35,2.500,1.02,50.0,0.36
6812.00,3833.78,8334.49,30.35,2.500,1.02,50.0,0.36
6813.00,3835.04,8336.65,30.36,2.500,1.02,50.0,0.36
6814.00,3836.31,8338.80,30.36,2.500,1.02,50.0,0.36
6815.00,3837.57,8340.96,30.37,2.500,1.02,50.0,0.36
6816.00,3838.83,8343.12,30.38,2.500,1.02,50.0,0.36
6817.00,3840.10,8345.27,30.38,2.500,1.02,50.0,0.35
6818.00,3841.36,8347.43,30.39,2.500,1.02,50.0,0.35
6819.00,3842.63,8349.59,30.39,2.500,1.02,50.0,0.35
6820.00,3843.89,8351.74,30.40,2.500,1.02,50.0,0.35
6821.00,3845.16,8353.90,30.41,2.500,1.02,50.0,0.35
6822.00,3846.42,8356.06,30.41,2.500,1.02,50.0,0.35
6823.00,3847.69,8358.21,30.42,2.500,1.02,50.0,0.35
6824.00,3848.95,8360.37,30.42,2.500,1.02,50.0,0.35
6825.00,3850.22,8362.52,30.43,2.500,1.02,50.0,0.35
6826.00,3851.49,8364.68,30.43,2.500,1.02,50.0,0.35
6827.00,3852.75,8366.84,30.44,2.500,1.02,50.0,0.35
6828.00,3854.02,8368.99,30.45,2.500,1.02,50.0,0.35
6829.00,3855.29,8371.15,30.45,2.500,1.02,50.0,0.35
6830.00,3856.55,8373.30,30.46,2.500,1.02,50.0,0.35
6831.00,3857.82,8375.46,30.46,2.500,1.02,50.0,0.35
6832.00,3859.09,8377.61,30.47,2.500,1.02,50.0,0.35
6833.00,3860.36,8379.77,30.48,2.500,1.02,50.0,0.35
6834.00,3861.62,8381.92,30.48,2.500,1.01,50.0,0.35
6835.00,3862.89,8384.07,30.49,2.500,1.01,50.0,0.35
6836.00,3864.16,8386.23,30.49,2.500,1.01,50.0,0.35
6837.00,3865.43,8388.38,30.50,2.500,1.01,50.0,0.35
6838.00,3866.70,8390.54,30.51,2.500,1.01,50.0,0.35
6839.00,3867.97,8392.69,30.51,2.500,1.01,50.0,0.35
6840.00,3869.24,8394.85,30.52,2.500,1.01,50.0,0.35
6841.00,3870.51,8397.00,30.52,2.500,1.01,50.0,0.35
6842.00,3871.77,8399.15,30.53,2.500,1.01,50.0,0.35
6843.00,3873.04,8401.31,30.53,2.500,1.01,50.0,0.35
6844.00,3874.31,8403.46,30.54,2.500,1.01,50.0,0.35
6845.00,3875.59,8405.61,30.55,2.500,1.01,50.0,0.35
6846.00,3876.86,8407.77,30.55,2.500,1.01,50.0,0.35
6847.00,3878.13,8409.92,30.56,2.500,1.01,50.0,0.35
6848.00,3879.40,8412.07,30.56,2.500,1.01,50.0,0.35
6849.00,3880.67,8414.22,30.57,2.500,1.01,50.0,0.35
6850.00,3881.94,8416.38,30.58,2.500,1.01,50.0,0.35
6851.00,3883.21,8418.53,30.58,2.500,1.01,50.0,0.35
6852.00,3884.48,8420.68,30.59,2.500,1.01,50.0,0.35
6853.00,3885.76,8422.83,30.59,2.500,1.01,50.0,0.35
6854.00,3887.03,8424.99,30.60,2.500,1.01,50.0,0.35
6855.00,3888.30,8427.14,30.60,2.500,1.00,50.0,0.35
6856.00,3889.57,8429.29,30.61,2.500,1.00,50.0,0.35
6857.00,3890.85,8431.44,30.62,2.500,1.00,50.0,0.35
6858.00,3892.12,8433.59,30.62,2.500,1.00,50.0,0.35
6859.00,3893.39,8435.74,30.63,2.500,1.00,50.0,0.35
6860.00,3894.67,8437.89,30.63,2.500,1.00,50.0,0.35
6861.00,3895.94,8440.05,30.64,2.500,1.00,50.0,0.35
6862.00,3897.21,8442.20,30.64,2.500,1.00,50.0,0.35
6863.00,3898.49,8444.35,30.65,2.500,1.00,50.0,0.35
6864.00,3899.76,8446.50,30.66,2.500,1.00,50.0,0.35
6865.00,3901.04,8448.65,30.66,2.500,1.00,50.0,0.35
6866.00,3902.31,8450.80,30.67,2.500,1.00,50.0,0.35
6867.00,3903.59,8452.95,30.67,2.500,1.00,50.0,0.35
6868.00,3904.86,8455.10,30.68,2.500,1.00,50.0,0.35
6869.00,3906.14,8457.25,30.69,2.500,1.00,50.0,0.35
6870.00,3907.42,8459.40,30.69,2.500,1.00,50.0,0.35
6871.00,3908.69,8461.55,30.70,2.500,1.00,50.0,0.35
6872.00,3909.97,8463.70,30.70,2.500,1.00,50.0,0.35
6873.00,3911.24,8465.85,30.71,2.500,1.00,50.0,0.35
6874.00,3912.52,8468.00,30.71,2.500,1.00,50.0,0.35
6875.00,3913.80,8470.15,30.72,2.500,1.00,50.0,0.35
6876.00,3915.07,8472.30,30.73,2.500,1.00,50.0,0.35
6877.00,3916.35,8474.45,30.73,2.500,1.00,50.0,0.35
6878.00,3917.63,8476.59,30.74,2.500,1.00,50.0,0.35
6879.00,3918.91,8478.74,30.74,2.500,0.99,50.0,0.35
6880.00,3920.19,8480.89,30.75,2.500,0.99,50.0,0.35
6881.00,3921.46,8483.04,30.75,2.500,0.99,50.0,0.35
6882.00,3922.74,8485.19,30.76,2.500,0.99,50.0,0.34
6883.00,3924.02,8487.34,30.77,2.500,0.99,50.0,0.34
6884.00,3925.30,8489.49,30.77,2.500,0.99,50.0,0.34
6885.00,3926.58,8491.63,30.78,2.500,0.99,50.0,0.34
6886.00,3927.86,8493.78,30.78,2.500,0.99,50.0,0.34
6887.00,3929.14,8495.93,30.79,2.500,0.99,50.0,0.34
6888.00,3930.42,8498.08,30.79,2.500,0.99,50.0,0.34
6889.00,3931.70,8500.22,30.80,2.500,0.99,50.0,0.34
6890.00,3932.98,8502.37,30.81,2.500,0.99,50.0,0.34
6891.00,3934.26,8504.52,30.81,2.500,0.99,50.0,0.34
6892.00,3935.54,8506.67,30.82,2.500,0.99,50.0,0.34
6893.00,3936.82,8508.81,30.82,2.500,0.99,50.0,0.34
6894.00,3938.10,8510.96,30.83,2.500,0.99,50.0,0.34
6895.00,3939.38,8513.11,30.83,2.500,0.99,50.0,0.34
6896.00,3940.66,8515.25,30.84,2.500,0.99,50.0,0.34
6897.00,3941.94,8517.40,30.85,2.500,0.99,50.0,0.34
6898.00,3943.23,8519.55,30.85,2.500,0.99,50.0,0.34
6899.00,3944.51,8521.69,30.86,2.500,0.99,50.0,0.34
6900.00,3945.79,8523.84,30.86,2.500,0.98,50.0,0.34
6901.00,3947.07,8525.98,30.87,2.500,0.98,50.0,0.34
6902.00,3948.36,8528.13,30.87,2.500,0.98,50.0,0.34
6903.00,3949.64,8530.28,30.88,2.500,0.98,50.0,0.34
6904.00,3950.92,8532.42,30.89,2.500,0.98,50.0,0.34
6905.00,3952.20,8534.57,30.89,2.500,0.98,50.0,0.34
6906.00,3953.49,8536.71,30.90,2.500,0.98,50.0,0.34
6907.00,3954.77,8538.86,30.90,2.500,0.98,50.0,0.34
6908.00,3956.06,8541.00,30.91,2.500,0.98,50.0,0.34
6909.00,3957.34,8543.15,30.91,2.500,0.98,50.0,0.34
6910.00,3958.62,8545.29,30.92,2.500,0.98,50.0,0.34
6911.00,3959.91,8547.44,30.93,2.500,0.98,50.0,0.34
6912.00,3961.19,8549.58,30.93,2.500,0.98,50.0,0.34
6913.00,3962.48,8551.73,30.94,2.500,0.98,50.0,0.34
6914.00,3963.76,8553.87,30.94,2.500,0.98,50.0,0.34
6915.00,3965.05,8556.02,30.95,2.500,0.98,50.0,0.34
6916.00,3966.34,8558.16,30.95,2.500,0.98,50.0,0.34
6917.00,3967.62,8560.30,30.96,2.500,0.98,50.0,0.34
6918.00,3968.91,8562.45,30.97,2.500,0.98,50.0,0.34
6919.00,3970.19,8564.59,30.97,2.500,0.98,50.0,0.34
6920.00,3971.48,8566.73,30.98,2.500,0.98,50.0,0.34
6921.00,3972.77,8568.88,30.98,2.500,0.98,50.0,0.34
6922.00,3974.05,8571.02,30.99,2.500,0.98,50.0,0.34
6923.00,3975.34,8573.16,30.99,2.500,0.98,50.0,0.34
6924.00,3976.63,8575.31,31.00,2.500,0.97,50.0,0.34
6925.00,3977.92,8577.45,31.01,2.500,0.97,50.0,0.34
6926.00,3979.20,8579.59,31.01,2.500,0.97,50.0,0.34
6927.00,3980.49,8581.74,31.02,2.500,0.97,50.0,0.34
6928.00,3981.78,8583.88,31.02,2.500,0.97,50.0,0.34
6929.00,3983.07,8586.02,31.03,2.500,0.97,50.0,0.34
6930.00,3984.36,8588.16,31.03,2.500,0.97,50.0,0.34
6931.00,3985.65,8590.31,31.04,2.500,0.97,50.0,0.34
6932.00,3986.93,8592.45,31.04,2.500,0.97,50.0,0.34
6933.00,3988.22,8594.59,31.05,2.500,0.97,50.0,0.34
6934.00,3989.51,8596.73,31.06,2.500,0.97,50.0,0.34
6935.00,3990.80,8598.87,31.06,2.500,0.97,50.0,0.34
6936.00,3992.09,8601.01,31.07,2.500,0.97,50.0,0.34
6937.00,3993.38,8603.16,31.07,2.500,0.97,50.0,0.34
6938.00,3994.67,8605.30,31.08,2.500,0.97,50.0,0.34
6939.00,3995.96,8607.44,31.08,2.500,0.97,50.0,0.34
6940.00,3997.25,8609.58,31.09,2.500,0.97,50.0,0.34
6941.00,3998.55,8611.72,31.10,2.500,0.97,50.0,0.34
6942.00,3999.84,8613.86,31.10,2.500,0.97,50.0,0.34
6943.00,4001.13,8616.00,31.11,2.500,0.97,50.0,0.34
6944.00,4002.42,8618.14,31.11,2.500,0.97,50.0,0.34
6945.00,4003.71,8620.28,31.12,2.500,0.97,50.0,0.34
6946.00,4005.00,8622.42,31.12,2.500,0.97,50.0,0.34
6947.00,4006.30,8624.56,31.13,2.500,0.97,50.0,0.34
6948.00,4007.59,8626.70,31.13,2.500,0.96,50.0,0.33
6949.00,4008.88,8628.84,31.14,2.500,0.96,50.0,0.33
6950.00,4010.17,8630.98,31.15,2.500,0.96,50.0,0.33
6951.00,4011.47,8633.12,31.15,2.500,0.96,50.0,0.33
6952.00,4012.76,8635.26,31.16,2.500,0.96,50.0,0.33
6953.00,4014.05,8637.40,31.16,2.500,0.96,50.0,0.33
6954.00,4015.35,8639.54,31.17,2.500,0.96,50.0,0.33
6955.00,4016.64,8641.68,31.17,2.500,0.96,50.0,0.33
6956.00,4017.93,8643.82,31.18,2.500,0.96,50.0,0.33
6957.00,4019.23,8645.96,31.18,2.500,0.96,50.0,0.33
6958.00,4020.52,8648.10,31.19,2.500,0.96,50.0,0.33
6959.00,4021.82,8650.23,31.20,2.500,0.96,50.0,0.33
6960.00,4023.11,8652.37,31.20,2.500,0.96,50.0,0.33
6961.00,4024.41,8654.51,31.21,2.500,0.96,50.0,0.33
6962.00,4025.70,8656.65,31.21,2.500,0.96,50.0,0.33
6963.00,4027.00,8658.79,31.22,2.500,0.96,50.0,0.33
6964.00,4028.29,8660.93,31.22,2.500,0.96,50.0,0.33
6965.00,4029.59,8663.06,31.23,2.500,0.96,50.0,0.33
6966.00,4030.89,8665.20,31.23,2.500,0.96,50.0,0.33
6967.00,4032.18,8667.34,31.24,2.500,0.96,50.0,0.33
6968.00,4033.48,8669.48,31.25,2.500,0.96,50.0,0.33
6969.00,4034.78,8671.61,31.25,2.500,0.95,50.0,0.33
6970.00,4036.07,8673.75,31.26,2.500,0.95,50.0,0.33
6971.00,4037.37,8675.89,31.26,2.500,0.95,50.0,0.33
6972.00,4038.67,8678.03,31.27,2.500,0.95,50.0,0.33
6973.00,4039.97,8680.16,31.27,2.500,0.95,50.0,0.33
6974.00,4041.26,8682.30,31.28,2.500,0.95,50.0,0.33
6975.00,4042.56,8684.44,31.28,2.500,0.95,50.0,0.33
6976.00,4043.86,8686.57,31.29,2.500,0.95,50.0,0.33
6977.00,4045.16,8688.71,31.29,2.500,0.95,50.0,0.33
6978.00,4046.46,8690.85,31.30,2.500,0.95,50.0,0.33
6979.00,4047.76,8692.98,31.31,2.500,0.95,50.0,0.33
6980.00,4049.05,8695.12,31.31,2.500,0.95,50.0,0.33
6981.00,4050.35,8697.25,31.32,2.500,0.95,50.0,0.33
6982.00,4051.65,8699.39,31.32,2.500,0.95,50.0,0.33
6983.00,4052.95,8701.52,31.33,2.500,0.95,50.0,0.33
6984.00,4054.25,8703.66,31.33,2.500,0.95,50.0,0.33
6985.00,4055.55,8705.80,31.34,2.500,0.95,50.0,0.33
6986.00,4056.85,8707.93,31.34,2.500,0.95,50.0,0.33
6987.00,4058.15,8710.07,31.35,2.500,0.95,50.0,0.33
6988.00,4059.45,8712.20,31.36,2.500,0.95,50.0,0.33
6989.00,4060.75,8714.34,31.36,2.500,0.95,50.0,0.33
6990.00,4062.06,8716.47,31.37,2.500,0.95,50.0,0.33
6991.00,4063.36,8718.61,31.37,2.500,0.95,50.0,0.33
6992.00,4064.66,8720.74,31.38,2.500,0.95,50.0,0.33
6993.00,4065.96,8722.87,31.38,2.500,0.94,50.0,0.33
6994.00,4067.26,8725.01,31.39,2.500,0.94,50.0,0.33
6995.00,4068.56,8727.14,31.39,2.500,0.94,50.0,0.33
6996.00,4069.87,8729.28,31.40,2.500,0.94,50.0,0.33
6997.00,4071.17,8731.41,31.40,2.500,0.94,50.0,0.33
6998.00,4072.47,8733.54,31.41,2.500,0.94,50.0,0.33
6999.00,4073.77,8735.68,31.42,2.500,0.94,50.0,0.33
7000.00,4075.08,8737.81,31.42,2.500,0.94,50.0,0.33
7001.00,4076.38,8739.94,31.43,2.500,0.94,50.0,0.33
7002.00,4077.68,8742.08,31.43,2.500,0.94,50.0,0.33
7003.00,4078.99,8744.21,31.44,2.500,0.94,50.0,0.33
7004.00,4080.29,8746.34,31.44,2.500,0.94,50.0,0.33
7005.00,4081.60,8748.48,31.45,2.500,0.94,50.0,0.33
7006.00,4082.90,8750.61,31.45,2.500,0.94,50.0,0.33
7007.00,4084.21,8752.74,31.46,2.500,0.94,50.0,0.33
7008.00,4085.51,8754.87,31.46,2.500,0.94,50.0,0.33
7009.00,4086.81,8757.01,31.47,2.500,0.94,50.0,0.33
7010.00,4088.12,8759.14,31.48,2.500,0.94,50.0,0.33
7011.00,4089.43,8761.27,31.48,2.500,0.94,50.0,0.33
7012.00,4090.73,8763.40,31.49,2.500,0.94,50.0,0.33
7013.00,4092.04,8765.54,31.49,2.500,0.94,50.0,0.33
7014.00,4093.34,8767.67,31.50,2.500,0.94,50.0,0.33
7015.00,4094.65,8769.80,31.50,2.500,0.94,50.0,0.33
7016.00,4095.96,8771.93,31.51,2.500,0.94,50.0,0.32
7017.00,4097.26,8774.06,31.51,2.500,0.93,50.0,0.32
7018.00,4098.57,8776.19,31.52,2.500,0.93,50.0,0.32
7019.00,4099.88,8778.32,31.52,2.500,0.93,50.0,0.32
7020.00,4101.18,8780.46,31.53,2.500,0.93,50.0,0.32
7021.00,4102.49,8782.59,31.54,2.500,0.93,50.0,0.32
7022.00,4103.80,8784.72,31.54,2.500,0.93,50.0,0.32
7023.00,4105.11,8786.85,31.55,2.500,0.93,50.0,0.32
7024.00,4106.41,8788.98,31.55,2.500,0.93,50.0,0.32
7025.00,4107.72,8791.11,31.56,2.500,0.93,50.0,0.32
7026.00,4109.03,8793.24,31.56,2.500,0.93,50.0,0.32
7027.00,4110.34,8795.37,31.57,2.500,0.93,50.0,0.32
7028.00,4111.65,8797.50,31.57,2.500,0.93,50.0,0.32
7029.00,4112.96,8799.63,31.58,2.500,0.93,50.0,0.32
7030.00,4114.26,8801.76,31.58,2.500,0.93,50.0,0.32
7031.00,4115.57,8803.89,31.59,2.500,0.93,50.0,0.32
7032.00,4116.88,8806.02,31.59,2.500,0.93,50.0,0.32
7033.00,4118.19,8808.15,31.60,2.500,0.93,50.0,0.32
7034.00,4119.50,8810.28,31.61,2.500,0.93,50.0,0.32
7035.00,4120.81,8812.41,31.61,2.500,0.93,50.0,0.32
7036.00,4122.12,8814.54,31.62,2.500,0.93,50.0,0.32
7037.00,4123.43,8816.66,31.62,2.500,0.93,50.0,0.32
7038.00,4124.75,8818.79,31.63,2.500,0.93,50.0,0.32
7039.00,4126.06,8820.92,31.63,2.500,0.93,50.0,0.32
7040.00,4127.37,8823.05,31.64,2.500,0.93,50.0,0.32
7041.00,4128.68,8825.18,31.64,2.500,0.92,50.0,0.32
7042.00,4129.99,8827.31,31.65,2.500,0.92,50.0,0.32
7043.00,4131.30,8829.44,31.65,2.500,0.92,50.0,0.32
7044.00,4132.61,8831.56,31.66,2.500,0.92,50.0,0.32
7045.00,4133.93,8833.69,31.66,2.500,0.92,50.0,0.32
7046.00,4135.24,8835.82,31.67,2.500,0.92,50.0,0.32
7047.00,4136.55,8837.95,31.67,2.500,0.92,50.0,0.32
7048.00,4137.86,8840.08,31.68,2.500,0.92,50.0,0.32
7049.00,4139.18,8842.20,31.69,2.500,0.92,50.0,0.32
7050.00,4140.49,8844.33,31.69,2.500,0.92,50.0,0.32
7051.00,4141.80,8846.46,31.70,2.500,0.92,50.0,0.32
7052.00,4143.12,8848.58,31.70,2.500,0.92,50.0,0.32
7053.00,4144.43,8850.71,31.71,2.500,0.92,50.0,0.32
7054.00,4145.74,8852.84,31.71,2.500,0.92,50.0,0.32
7055.00,4147.06,8854.96,31.72,2.500,0.92,50.0,0.32
7056.00,4148.37,8857.09,31.72,2.500,0.92,50.0,0.32
7057.00,4149.69,8859.22,31.73,2.500,0.92,50.0,0.32
7058.00,4151.00,8861.34,31.73,2.500,0.92,50.0,0.32
7059.00,4152.32,8863.47,31.74,2.500,0.92,50.0,0.32
7060.00,4153.63,8865.60,31.74,2.500,0.92,50.0,0.32
7061.00,4154.95,8867.72,31.75,2.500,0.92,50.0,0.32
7062.00,4156.26,8869.85,31.75,2.500,0.92,50.0,0.32
7063.00,4157.58,8871.97,31.76,2.500,0.92,50.0,0.32
7064.00,4158.89,8874.10,31.77,2.500,0.92,50.0,0.32
7065.00,4160.21,8876.23,31.77,2.500,0.91,50.0,0.32
7066.00,4161.53,8878.35,31.78,2.500,0.91,50.0,0.32
7067.00,4162.84,8880.48,31.78,2.500,0.91,50.0,0.32
7068.00,4164.16,8882.60,31.79,2.500,0.91,50.0,0.32
7069.00,4165.48,8884.73,31.79,2.500,0.91,50.0,0.32
7070.00,4166.79,8886.85,31.80,2.500,0.91,50.0,0.32
7071.00,4168.11,8888.98,31.80,2.500,0.91,50.0,0.32
7072.00,4169.43,8891.10,31.81,2.500,0.91,50.0,0.32
7073.00,4170.75,8893.23,31.81,2.500,0.91,50.0,0.32
7074.00,4172.06,8895.35,31.82,2.500,0.91,50.0,0.32
7075.00,4173.38,8897.47,31.82,2.500,0.91,50.0,0.32
7076.00,4174.70,8899.60,31.83,2.500,0.91,50.0,0.32
7077.00,4176.02,8901.72,31.83,2.500,0.91,50.0,0.32
7078.00,4177.34,8903.85,31.84,2.500,0.91,50.0,0.32
7079.00,4178.66,8905.97,31.84,2.500,0.91,50.0,0.32
7080.00,4179.98,8908.09,31.85,2.500,0.91,50.0,0.32
7081.00,4181.29,8910.22,31.85,2.500,0.91,50.0,0.32
7082.00,4182.61,8912.34,31.86,2.500,0.91,50.0,0.32
7083.00,4183.93,8914.46,31.87,2.500,0.91,50.0,0.32
7084.00,4185.25,8916.59,31.87,2.500,0.91,50.0,0.32
7085.00,4186.57,8918.71,31.88,2.500,0.91,50.0,0.32
7086.00,4187.89,8920.83,31.88,2.500,0.91,50.0,0.31
7087.00,4189.21,8922.96,31.89,2.500,0.91,50.0,0.31
7088.00,4190.53,8925.08,31.89,2.500,0.91,50.0,0.31
7089.00,4191.86,8927.20,31.90,2.500,0.91,50.0,0.31
7090.00,4193.18,8929.32,31.90,2.500,0.91,50.0,0.31
7091.00,4194.50,8931.45,31.91,2.500,0.91,50.0,0.31
7092.00,4195.82,8933.57,31.91,2.500,0.90,50.0,0.31
7093.00,4197.14,8935.69,31.92,2.500,0.90,50.0,0.31
7094.00,4198.46,8937.81,31.92,2.500,0.90,50.0,0.31
7095.00,4199.78,8939.94,31.93,2.500,0.90,50.0,0.31
7096.00,4201.11,8942.06,31.93,2.500,0.90,50.0,0.31
7097.00,4202.43,8944.18,31.94,2.500,0.90,50.0,0.31
7098.00,4203.75,8946.30,31.94,2.500,0.90,50.0,0.31
7099.00,4205.07,8948.42,31.95,2.500,0.90,50.0,0.31
7100.00,4206.40,8950.54,31.95,2.500,0.90,50.0,0.31
7101.00,4207.72,8952.66,31.96,2.500,0.90,50.0,0.31
7102.00,4209.04,8954.79,31.96,2.500,0.90,50.0,0.31
7103.00,4210.37,8956.91,31.97,2.500,0.90,50.0,0.31
7104.00,4211.69,8959.03,31.98,2.500,0.90,50.0,0.31
7105.00,4213.01,8961.15,31.98,2.500,0.90,50.0,0.31
7106.00,4214.34,8963.27,31.99,2.500,0.90,50.0,0.31
7107.00,4215.66,8965.39,31.99,2.500,0.90,50.0,0.31
7108.00,4216.99,8967.51,32.00,2.500,0.90,50.0,0.31
7109.00,4218.31,8969.63,32.00,2.500,0.90,50.0,0.31
7110.00,4219.64,8971.75,32.01,2.500,0.90,50.0,0.31
7111.00,4220.96,8973.87,32.01,2.500,0.90,50.0,0.31
7112.00,4222.29,8975.99,32.02,2.500,0.90,50.0,0.31
7113.00,4223.61,8978.11,32.02,2.500,0.90,50.0,0.31
7114.00,4224.94,8980.23,32.03,2.500,0.90,50.0,0.31
7115.00,4226.26,8982.35,32.03,2.500,0.90,50.0,0.31
7116.00,4227.59,8984.47,32.04,2.500,0.89,50.0,0.31
7117.00,4228.92,8986.59,32.04,2.500,0.89,50.0,0.31
7118.00,4230.24,8988.71,32.05,2.500,0.89,50.0,0.31
7119.00,4231.57,8990.82,32.05,2.500,0.89,50.0,0.31
7120.00,4232.90,8992.94,32.06,2.500,0.89,50.0,0.31
7121.00,4234.22,8995.06,32.06,2.500,0.89,50.0,0.31
7122.00,4235.55,8997.18,32.07,2.500,0.89,50.0,0.31
7123.00,4236.88,8999.30,32.07,2.500,0.89,50.0,0.31
7124.00,4238.21,9001.42,32.08,2.500,0.89,50.0,0.31
7125.00,4239.53,9003.54,32.08,2.500,0.89,50.0,0.31
7126.00,4240.86,9005.65,32.09,2.500,0.89,50.0,0.31
7127.00,4242.19,9007.77,32.09,2.500,0.89,50.0,0.31
7128.00,4243.52,9009.89,32.10,2.500,0.89,50.0,0.31
7129.00,4244.85,9012.01,32.10,2.500,0.89,50.0,0.31
7130.00,4246.17,9014.13,32.11,2.500,0.89,50.0,0.31
7131.00,4247.50,9016.24,32.12,2.500,0.89,50.0,0.31
7132.00,4248.83,9018.36,32.12,2.500,0.89,50.0,0.31
7133.00,4250.16,9020.48,32.13,2.500,0.89,50.0,0.31
7134.00,4251.49,9022.60,32.13,2.500,0.89,50.0,0.31
7135.00,4252.82,9024.71,32.14,2.500,0.89,50.0,0.31
7136.00,4254.15,9026.83,32.14,2.500,0.89,50.0,0.31
7137.00,4255.48,9028.95,32.15,2.500,0.89,50.0,0.31
7138.00,4256.81,9031.06,32.15,2.500,0.89,50.0,0.31
7139.00,4258.14,9033.18,32.16,2.500,0.89,50.0,0.31
7140.00,4259.47,9035.30,32.16,2.500,0.88,50.0,0.31
7141.00,4260.80,9037.41,32.17,2.500,0.88,50.0,0.31
7142.00,4262.13,9039.53,32.17,2.500,0.88,50.0,0.31
7143.00,4263.46,9041.65,32.18,2.500,0.88,50.0,0.31
7144.00,4264.80,9043.76,32.18,2.500,0.88,50.0,0.31
7145.00,4266.13,9045.88,32.19,2.500,0.88,50.0,0.31
7146.00,4267.46,9047.99,32.19,2.500,0.88,50.0,0.31
7147.00,4268.79,9050.11,32.20,2.500,0.88,50.0,0.31
7148.00,4270.12,9052.22,32.20,2.500,0.88,50.0,0.31
7149.00,4271.45,9054.34,32.21,2.500,0.88,50.0,0.31
7150.00,4272.79,9056.45,32.21,2.500,0.88,50.0,0.31
7151.00,4274.12,9058.57,32.22,2.500,0.88,50.0,0.31
7152.00,4275.45,9060.68,32.22,2.500,0.88,50.0,0.31
7153.00,4276.79,9062.80,32.23,2.500,0.88,50.0,0.31
7154.00,4278.12,9064.91,32.23,2.500,0.88,50.0,0.31
7155.00,4279.45,9067.03,32.24,2.500,0.88,50.0,0.31
7156.00,4280.79,9069.14,32.24,2.500,0.88,50.0,0.31
7157.00,4282.12,9071.26,32.25,2.500,0.88,50.0,0.31
7158.00,4283.45,9073.37,32.25,2.500,0.88,50.0,0.31
7159.00,4284.79,9075.49,32.26,2.500,0.88,50.0,0.30
7160.00,4286.12,9077.60,32.26,2.500,0.88,50.0,0.30
7161.00,4287.46,9079.72,32.27,2.500,0.88,50.0,0.30
7162.00,4288.79,9081.83,32.27,2.500,0.88,50.0,0.30
7163.00,4290.13,9083.94,32.28,2.500,0.88,50.0,0.30
7164.00,4291.46,9086.06,32.28,2.500,0.88,50.0,0.30
7165.00,4292.80,9088.17,32.29,2.500,0.88,50.0,0.30
7166.00,4294.13,9090.28,32.29,2.500,0.88,50.0,0.30
7167.00,4295.47,9092.40,32.30,2.500,0.87,50.0,0.30
7168.00,4296.80,9094.51,32.30,2.500,0.87,50.0,0.30
7169.00,4298.14,9096.62,32.31,2.500,0.87,50.0,0.30
7170.00,4299.48,9098.74,32.31,2.500,0.87,50.0,0.30
7171.00,4300.81,9100.85,32.32,2.500,0.87,50.0,0.30
7172.00,4302.15,9102.96,32.32,2.500,0.87,50.0,0.30
7173.00,4303.49,9105.07,32.33,2.500,0.87,50.0,0.30
7174.00,4304.82,9107.19,32.33,2.500,0.87,50.0,0.30
7175.00,4306.16,9109.30,32.34,2.500,0.87,50.0,0.30
7176.00,4307.50,9111.41,32.34,2.500,0.87,50.0,0.30
7177.00,4308.83,9113.52,32.35,2.500,0.87,50.0,0.30
7178.00,4310.17,9115.64,32.35,2.500,0.87,50.0,0.30
7179.00,4311.51,9117.75,32.36,2.500,0.87,50.0,0.30
7180.00,4312.85,9119.86,32.36,2.500,0.87,50.0,0.30
7181.00,4314.19,9121.97,32.37,2.500,0.87,50.0,0.30
7182.00,4315.53,9124.08,32.37,2.500,0.87,50.0,0.30
7183.00,4316.86,9126.19,32.38,2.500,0.87,50.0,0.30
7184.00,4318.20,9128.31,32.38,2.500,0.87,50.0,0.30
7185.00,4319.54,9130.42,32.39,2.500,0.87,50.0,0.30
7186.00,4320.88,9132.53,32.39,2.500,0.87,50.0,0.30
7187.00,4322.22,9134.64,32.40,2.500,0.87,50.0,0.30
7188.00,4323.56,9136.75,32.40,2.500,0.87,50.0,0.30
7189.00,4324.90,9138.86,32.41,2.500,0.87,50.0,0.30
7190.00,4326.24,9140.97,32.41,2.500,0.87,50.0,0.30
7191.00,4327.58,9143.08,32.42,2.500,0.86,50.0,0.30
7192.00,4328.92,9145.19,32.42,2.500,0.86,50.0,0.30
7193.00,4330.26,9147.30,32.43,2.500,0.86,50.0,0.30
7194.00,4331.60,9149.41,32.43,2.500,0.86,50.0,0.30
7195.00,4332.94,9151.52,32.44,2.500,0.86,50.0,0.30
7196.00,4334.28,9153.63,32.44,2.500,0.86,50.0,0.30
7197.00,4335.62,9155.74,32.45,2.500,0.86,50.0,0.30
7198.00,4336.97,9157.85,32.45,2.500,0.86,50.0,0.30
7199.00,4338.31,9159.96,32.46,2.500,0.86,50.0,0.30
7200.00,4339.65,9162.07,32.46,2.500,0.86,50.0,0.30
7201.00,4340.99,9164.18,32.47,2.500,0.86,50.0,0.30
7202.00,4342.33,9166.29,32.47,2.500,0.86,50.0,0.30
7203.00,4343.67,9168.40,32.48,2.500,0.86,50.0,0.30
7204.00,4345.02,9170.51,32.48,2.500,0.86,50.0,0.30
7205.00,4346.36,9172.62,32.49,2.500,0.86,50.0,0.30
7206.00,4347.70,9174.72,32.49,2.500,0.86,50.0,0.30
7207.00,4349.05,9176.83,32.50,2.500,0.86,50.0,0.30
7208.00,4350.39,9178.94,32.50,2.500,0.86,50.0,0.30
7209.00,4351.73,9181.05,32.51,2.500,0.86,50.0,0.30
7210.00,4353.08,9183.16,32.51,2.500,0.86,50.0,0.30
7211.00,4354.42,9185.27,32.52,2.500,0.86,50.0,0.30
7212.00,4355.76,9187.37,32.52,2.500,0.86,50.0,0.30
7213.00,4357.11,9189.48,32.53,2.500,0.86,50.0,0.30
7214.00,4358.45,9191.59,32.53,2.500,0.86,50.0,0.30
7215.00,4359.80,9193.70,32.54,2.500,0.86,50.0,0.30
7216.00,4361.14,9195.80,32.54,2.500,0.86,50.0,0.30
7217.00,4362.49,9197.91,32.55,2.500,0.86,50.0,0.30
7218.00,4363.83,9200.02,32.55,2.500,0.85,50.0,0.30
7219.00,4365.18,9202.13,32.56,2.500,0.85,50.0,0.30
7220.00,4366.52,9204.23,32.56,2.500,0.85,50.0,0.30
7221.00,4367.87,9206.34,32.57,2.500,0.85,50.0,0.30
7222.00,4369.21,9208.45,32.57,2.500,0.85,50.0,0.30
7223.00,4370.56,9210.55,32.58,2.500,0.85,50.0,0.30
7224.00,4371.91,9212.66,32.58,2.500,0.85,50.0,0.30
7225.00,4373.25,9214.77,32.59,2.500,0.85,50.0,0.30
7226.00,4374.60,9216.87,32.59,2.500,0.85,50.0,0.30
7227.00,4375.95,9218.98,32.60,2.500,0.85,50.0,0.30
7228.00,4377.29,9221.09,32.60,2.500,0.85,50.0,0.30
7229.00,4378.64,9223.19,32.61,2.500,0.85,50.0,0.30
7230.00,4379.99,9225.30,32.61,2.500,0.85,50.0,0.30
7231.00,4381.33,9227.40,32.62,2.500,0.85,50.0,0.30
7232.00,4382.68,9229.51,32.62,2.500,0.85,50.0,0.30
7233.00,4384.03,9231.62,32.63,2.500,0.85,50.0,0.29
7234.00,4385.38,9233.72,32.63,2.500,0.85,50.0,0.29
7235.00,4386.73,9235.83,32.64,2.500,0.85,50.0,0.29
7236.00,4388.07,9237.93,32.64,2.500,0.85,50.0,0.29
7237.00,4389.42,9240.04,32.65,2.500,0.85,50.0,0.29
7238.00,4390.77,9242.14,32.65,2.500,0.85,50.0,0.29
7239.00,4392.12,9244.25,32.66,2.500,0.85,50.0,0.29
7240.00,4393.47,9246.35,32.66,2.500,0.85,50.0,0.29
7241.00,4394.82,9248.46,32.67,2.500,0.85,50.0,0.29
7242.00,4396.17,9250.56,32.67,2.500,0.85,50.0,0.29
7243.00,4397.52,9252.67,32.68,2.500,0.85,50.0,0.29
7244.00,4398.87,9254.77,32.68,2.500,0.85,50.0,0.29
7245.00,4400.22,9256.87,32.69,2.500,0.84,50.0,0.29
7246.00,4401.57,9258.98,32.69,2.500,0.84,50.0,0.29
7247.00,4402.92,9261.08,32.70,2.500,0.84,50.0,0.29
7248.00,4404.27,9263.19,32.70,2.500,0.84,50.0,0.29
7249.00,4405.62,9265.29,32.71,2.500,0.84,50.0,0.29
7250.00,4406.97,9267.39,32.71,2.500,0.84,50.0,0.29
7251.00,4408.32,9269.50,32.72,2.500,0.84,50.0,0.29
7252.00,4409.67,9271.60,32.72,2.500,0.84,50.0,0.29
7253.00,4411.02,9273.70,32.73,2.500,0.84,50.0,0.29
7254.00,4412.37,9275.81,32.73,2.500,0.84,50.0,0.29
7255.00,4413.73,9277.91,32.74,2.500,0.84,50.0,0.29
7256.00,4415.08,9280.01,32.74,2.500,0.84,50.0,0.29
7257.00,4416.43,9282.12,32.75,2.500,0.84,50.0,0.29
7258.00,4417.78,9284.22,32.75,2.500,0.84,50.0,0.29
7259.00,4419.13,9286.32,32.76,2.500,0.84,50.0,0.29
7260.00,4420.49,9288.42,32.76,2.500,0.84,50.0,0.29
7261.00,4421.84,9290.53,32.76,2.500,0.84,50.0,0.29
7262.00,4423.19,9292.63,32.77,2.500,0.84,50.0,0.29
7263.00,4424.55,9294.73,32.77,2.500,0.84,50.0,0.29
7264.00,4425.90,9296.83,32.78,2.500,0.84,50.0,0.29
7265.00,4427.25,9298.93,32.78,2.500,0.84,50.0,0.29
7266.00,4428.61,9301.04,32.79,2.500,0.84,50.0,0.29
7267.00,4429.96,9303.14,32.79,2.500,0.84,50.0,0.29
7268.00,4431.31,9305.24,32.80,2.500,0.84,50.0,0.29
7269.00,4432.67,9307.34,32.80,2.500,0.84,50.0,0.29
7270.00,4434.02,9309.44,32.81,2.500,0.84,50.0,0.29
7271.00,4435.38,9311.54,32.81,2.500,0.84,50.0,0.29
7272.00,4436.73,9313.64,32.82,2.500,0.83,50.0,0.29
7273.00,4438.09,9315.74,32.82,2.500,0.83,50.0,0.29
7274.00,4439.44,9317.85,32.83,2.500,0.83,50.0,0.29
7275.00,4440.80,9319.95,32.83,2.500,0.83,50.0,0.29
7276.00,4442.15,9322.05,32.84,2.500,0.83,50.0,0.29
7277.00,4443.51,9324.15,32.84,2.500,0.83,50.0,0.29
7278.00,4444.86,9326.25,32.85,2.500,0.83,50.0,0.29
7279.00,4446.22,9328.35,32.85,2.500,0.83,50.0,0.29
7280.00,4447.58,9330.45,32.86,2.500,0.83,50.0,0.29
7281.00,4448.93,9332.55,32.86,2.500,0.83,50.0,0.29
7282.00,4450.29,9334.65,32.87,2.500,0.83,50.0,0.29
7283.00,4451.65,9336.75,32.87,2.500,0.83,50.0,0.29
7284.00,4453.00,9338.85,32.88,2.500,0.83,50.0,0.29
7285.00,4454.36,9340.95,32.88,2.500,0.83,50.0,0.29
7286.00,4455.72,9343.05,32.89,2.500,0.83,50.0,0.29
7287.00,4457.08,9345.15,32.89,2.500,0.83,50.0,0.29
7288.00,4458.43,9347.25,32.90,2.500,0.83,50.0,0.29
7289.00,4459.79,9349.34,32.90,2.500,0.83,50.0,0.29
7290.00,4461.15,9351.44,32.90,2.500,0.83,50.0,0.29
7291.00,4462.51,9353.54,32.91,2.500,0.83,50.0,0.29
7292.00,4463.86,9355.64,32.91,2.500,0.83,50.0,0.29
7293.00,4465.22,9357.74,32.92,2.500,0.83,50.0,0.29
7294.00,4466.58,9359.84,32.92,2.500,0.83,50.0,0.29
7295.00,4467.94,9361.94,32.93,2.500,0.83,50.0,0.29
7296.00,4469.30,9364.04,32.93,2.500,0.83,50.0,0.29
7297.00,4470.66,9366.13,32.94,2.500,0.83,50.0,0.29
7298.00,4472.02,9368.23,32.94,2.500,0.83,50.0,0.29
7299.00,4473.38,9370.33,32.95,2.500,0.82,50.0,0.29
7300.00,4474.74,9372.43,32.95,2.500,0.82,50.0,0.29
7301.00,4476.10,9374.53,32.96,2.500,0.82,50.0,0.29
7302.00,4477.46,9376.62,32.96,2.500,0.82,50.0,0.29
7303.00,4478.82,9378.72,32.97,2.500,0.82,50.0,0.29
7304.00,4480.18,9380.82,32.97,2.500,0.82,50.0,0.29
7305.00,4481.54,9382.92,32.98,2.500,0.82,50.0,0.29
7306.00,4482.90,9385.01,32.98,2.500,0.82,50.0,0.29
7307.00,4484.26,9387.11,32.99,2.500,0.82,50.0,0.29
7308.00,4485.62,9389.21,32.99,2.500,0.82,50.0,0.29
7309.00,4486.98,9391.30,33.00,2.500,0.82,50.0,0.29
7310.00,4488.34,9393.40,33.00,2.500,0.82,50.0,0.29
7311.00,4489.71,9395.50,33.00,2.500,0.82,50.0,0.28
7312.00,4491.07,9397.59,33.01,2.500,0.82,50.0,0.28
7313.00,4492.43,9399.69,33.01,2.500,0.82,50.0,0.28
7314.00,4493.79,9401.79,33.02,2.500,0.82,50.0,0.28
7315.00,4495.15,9403.88,33.02,2.500,0.82,50.0,0.28
7316.00,4496.52,9405.98,33.03,2.500,0.82,50.0,0.28
7317.00,4497.88,9408.08,33.03,2.500,0.82,50.0,0.28
7318.00,4499.24,9410.17,33.04,2.500,0.82,50.0,0.28
7319.00,4500.60,9412.27,33.04,2.500,0.82,50.0,0.28
7320.00,4501.97,9414.36,33.05,2.500,0.82,50.0,0.28
7321.00,4503.33,9416.46,33.05,2.500,0.82,50.0,0.28
7322.00,4504.69,9418.55,33.06,2.500,0.82,50.0,0.28
7323.00,4506.06,9420.65,33.06,2.500,0.82,50.0,0.28
7324.00,4507.42,9422.74,33.07,2.500,0.82,50.0,0.28
7325.00,4508.79,9424.84,33.07,2.500,0.82,50.0,0.28
7326.00,4510.15,9426.93,33.08,2.500,0.81,50.0,0.28
7327.00,4511.51,9429.03,33.08,2.500,0.81,50.0,0.28
7328.00,4512.88,9431.12,33.09,2.500,0.81,50.0,0.28
7329.00,4514.24,9433.22,33.09,2.500,0.81,50.0,0.28
7330.00,4515.61,9435.31,33.09,2.500,0.81,50.0,0.28
7331.00,4516.97,9437.41,33.10,2.500,0.81,50.0,0.28
7332.00,4518.34,9439.50,33.10,2.500,0.81,50.0,0.28
7333.00,4519.70,9441.60,33.11,2.500,0.81,50.0,0.28
7334.00,4521.07,9443.69,33.11,2.500,0.81,50.0,0.28
7335.00,4522.44,9445.78,33.12,2.500,0.81,50.0,0.28
7336.00,4523.80,9447.88,33.12,2.500,0.81,50.0,0.28
7337.00,4525.17,9449.97,33.13,2.500,0.81,50.0,0.28
7338.00,4526.53,9452.07,33.13,2.500,0.81,50.0,0.28
7339.00,4527.90,9454.16,33.14,2.500,0.81,50.0,0.28
7340.00,4529.27,9456.25,33.14,2.500,0.81,50.0,0.28
7341.00,4530.63,9458.35,33.15,2.500,0.81,50.0,0.28
7342.00,4532.00,9460.44,33.15,2.500,0.81,50.0,0.28
7343.00,4533.37,9462.53,33.16,2.500,0.81,50.0,0.28
7344.00,4534.74,9464.63,33.16,2.500,0.81,50.0,0.28
7345.00,4536.10,9466.72,33.16,2.500,0.81,50.0,0.28
7346.00,4537.47,9468.81,33.17,2.500,0.81,50.0,0.28
7347.00,4538.84,9470.90,33.17,2.500,0.81,50.0,0.28
7348.00,4540.21,9473.00,33.18,2.500,0.81,50.0,0.28
7349.00,4541.57,9475.09,33.18,2.500,0.81,50.0,0.28
7350.00,4542.94,9477.18,33.19,2.500,0.81,50.0,0.28
7351.00,4544.31,9479.27,33.19,2.500,0.81,50.0,0.28
7352.00,4545.68,9481.36,33.20,2.500,0.81,50.0,0.28
7353.00,4547.05,9483.46,33.20,2.500,0.80,50.0,0.28
7354.00,4548.42,9485.55,33.21,2.500,0.80,50.0,0.28
7355.00,4549.79,9487.64,33.21,2.500,0.80,50.0,0.28
7356.00,4551.16,9489.73,33.22,2.500,0.80,50.0,0.28
7357.00,4552.53,9491.82,33.22,2.500,0.80,50.0,0.28
7358.00,4553.89,9493.92,33.23,2.500,0.80,50.0,0.28
7359.00,4555.26,9496.01,33.23,2.500,0.80,50.0,0.28
7360.00,4556.63,9498.10,33.23,2.500,0.80,50.0,0.28
7361.00,4558.00,9500.19,33.24,2.500,0.80,50.0,0.28
7362.00,4559.38,9502.28,33.24,2.500,0.80,50.0,0.28
7363.00,4560.75,9504.37,33.25,2.500,0.80,50.0,0.28
7364.00,4562.12,9506.46,33.25,2.500,0.80,50.0,0.28
7365.00,4563.49,9508.55,33.26,2.500,0.80,50.0,0.28
7366.00,4564.86,9510.64,33.26,2.500,0.80,50.0,0.28
7367.00,4566.23,9512.73,33.27,2.500,0.80,50.0,0.28
7368.00,4567.60,9514.82,33.27,2.500,0.80,50.0,0.28
7369.00,4568.97,9516.91,33.28,2.500,0.80,50.0,0.28
7370.00,4570.34,9519.00,33.28,2.500,0.80,50.0,0.28
7371.00,4571.72,9521.09,33.29,2.500,0.80,50.0,0.28
7372.00,4573.09,9523.18,33.29,2.500,0.80,50.0,0.28
7373.00,4574.46,9525.27,33.30,2.500,0.80,50.0,0.28
7374.00,4575.83,9527.36,33.30,2.500,0.80,50.0,0.28
7375.00,4577.21,9529.45,33.30,2.500,0.80,50.0,0.28
7376.00,4578.58,9531.54,33.31,2.500,0.80,50.0,0.28
7377.00,4579.95,9533.63,33.31,2.500,0.80,50.0,0.28
7378.00,4581.32,9535.72,33.32,2.500,0.80,50.0,0.28
7379.00,4582.70,9537.81,33.32,2.500,0.80,50.0,0.28
7380.00,4584.07,9539.90,33.33,2.500,0.79,50.0,0.28
7381.00,4585.44,9541.99,33.33,2.500,0.79,50.0,0.28
7382.00,4586.82,9544.08,33.34,2.500,0.79,50.0,0.28
7383.00,4588.19,9546.16,33.34,2.500,0.79,50.0,0.28
7384.00,4589.57,9548.25,33.35,2.500,0.79,50.0,0.28
7385.00,4590.94,9550.34,33.35,2.500,0.79,50.0,0.28
7386.00,4592.31,9552.43,33.35,2.500,0.79,50.0,0.28
7387.00,4593.69,9554.52,33.36,2.500,0.79,50.0,0.28
7388.00,4595.06,9556.61,33.36,2.500,0.79,50.0,0.28
7389.00,4596.44,9558.69,33.37,2.500,0.79,50.0,0.28
7390.00,4597.81,9560.78,33.37,2.500,0.79,50.0,0.27
7391.00,4599.19,9562.87,33.38,2.500,0.79,50.0,0.27
7392.00,4600.56,9564.96,33.38,2.500,0.79,50.0,0.27
7393.00,4601.94,9567.04,33.39,2.500,0.79,50.0,0.27
7394.00,4603.32,9569.13,33.39,2.500,0.79,50.0,0.27
7395.00,4604.69,9571.22,33.40,2.500,0.79,50.0,0.27
7396.00,4606.07,9573.31,33.40,2.500,0.79,50.0,0.27
7397.00,4607.44,9575.39,33.41,2.500,0.79,50.0,0.27
7398.00,4608.82,9577.48,33.41,2.500,0.79,50.0,0.27
7399.00,4610.20,9579.57,33.41,2.500,0.79,50.0,0.27
7400.00,4611.57,9581.65,33.42,2.500,0.79,50.0,0.27
7401.00,4612.95,9583.74,33.42,2.500,0.79,50.0,0.27
7402.00,4614.33,9585.83,33.43,2.500,0.79,50.0,0.27
7403.00,4615.70,9587.91,33.43,2.500,0.79,50.0,0.27
7404.00,4617.08,9590.00,33.44,2.500,0.79,50.0,0.27
7405.00,4618.46,9592.09,33.44,2.500,0.79,50.0,0.27
7406.00,4619.84,9594.17,33.45,2.500,0.79,50.0,0.27
7407.00,4621.22,9596.26,33.45,2.500,0.79,50.0,0.27
7408.00,4622.59,9598.34,33.46,2.500,0.79,50.0,0.27
7409.00,4623.97,9600.43,33.46,2.500,0.79,50.0,0.27
7410.00,4625.35,9602.52,33.46,2.500,0.78,50.0,0.27
7411.00,4626.73,9604.60,33.47,2.500,0.78,50.0,0.27
7412.00,4628.11,9606.69,33.47,2.500,0.78,50.0,0.27
7413.00,4629.49,9608.77,33.48,2.500,0.78,50.0,0.27
7414.00,4630.86,9610.86,33.48,2.500,0.78,50.0,0.27
7415.00,4632.24,9612.94,33.49,2.500,0.78,50.0,0.27
7416.00,4633.62,9615.03,33.49,2.500,0.78,50.0,0.27
7417.00,4635.00,9617.11,33.50,2.500,0.78,50.0,0.27
7418.00,4636.38,9619.20,33.50,2.500,0.78,50.0,0.27
7419.00,4637.76,9621.28,33.51,2.500,0.78,50.0,0.27
7420.00,4639.14,9623.37,33.51,2.500,0.78,50.0,0.27
7421.00,4640.52,9625.45,33.51,2.500,0.78,50.0,0.27
7422.00,4641.90,9627.54,33.52,2.500,0.78,50.0,0.27
7423.00,4643.28,9629.62,33.52,2.500,0.78,50.0,0.27
7424.00,4644.66,9631.70,33.53,2.500,0.78,50.0,0.27
7425.00,4646.05,9633.79,33.53,2.500,0.78,50.0,0.27
7426.00,4647.43,9635.87,33.54,2.500,0.78,50.0,0.27
7427.00,4648.81,9637.96,33.54,2.500,0.78,50.0,0.27
7428.00,4650.19,9640.04,33.55,2.500,0.78,50.0,0.27
7429.00,4651.57,9642.12,33.55,2.500,0.78,50.0,0.27
7430.00,4652.95,9644.21,33.55,2.500,0.78,50.0,0.27
7431.00,4654.33,9646.29,33.56,2.500,0.78,50.0,0.27
7432.00,4655.72,9648.37,33.56,2.500,0.78,50.0,0.27
7433.00,4657.10,9650.46,33.57,2.500,0.78,50.0,0.27
7434.00,4658.48,9652.54,33.57,2.500,0.78,50.0,0.27
7435.00,4659.86,9654.62,33.58,2.500,0.78,50.0,0.27
7436.00,4661.25,9656.71,33.58,2.500,0.78,50.0,0.27
7437.00,4662.63,9658.79,33.59,2.500,0.77,50.0,0.27
7438.00,4664.01,9660.87,33.59,2.500,0.77,50.0,0.27
7439.00,4665.39,9662.95,33.60,2.500,0.77,50.0,0.27
7440.00,4666.78,9665.04,33.60,2.500,0.77,50.0,0.27
7441.00,4668.16,9667.12,33.60,2.500,0.77,50.0,0.27
7442.00,4669.54,9669.20,33.61,2.500,0.77,50.0,0.27
7443.00,4670.93,9671.28,33.61,2.500,0.77,50.0,0.27
7444.00,4672.31,9673.36,33.62,2.500,0.77,50.0,0.27
7445.00,4673.70,9675.45,33.62,2.500,0.77,50.0,0.27
7446.00,4675.08,9677.53,33.63,2.500,0.77,50.0,0.27
7447.00,4676.47,9679.61,33.63,2.500,0.77,50.0,0.27
7448.00,4677.85,9681.69,33.64,2.500,0.77,50.0,0.27
7449.00,4679.23,9683.77,33.64,2.500,0.77,50.0,0.27
7450.00,4680.62,9685.85,33.64,2.500,0.77,50.0,0.27
7451.00,4682.00,9687.94,33.65,2.500,0.77,50.0,0.27
7452.00,4683.39,9690.02,33.65,2.500,0.77,50.0,0.27
7453.00,4684.78,9692.10,33.66,2.500,0.77,50.0,0.27
7454.00,4686.16,9694.18,33.66,2.500,0.77,50.0,0.27
7455.00,4687.55,9696.26,33.67,2.500,0.77,50.0,0.27
7456.00,4688.93,9698.34,33.67,2.500,0.77,50.0,0.27
7457.00,4690.32,9700.42,33.68,2.500,0.77,50.0,0.27
7458.00,4691.71,9702.50,33.68,2.500,0.77,50.0,0.27
7459.00,4693.09,9704.58,33.68,2.500,0.77,50.0,0.27
7460.00,4694.48,9706.66,33.69,2.500,0.77,50.0,0.27
7461.00,4695.86,9708.74,33.69,2.500,0.77,50.0,0.27
7462.00,4697.25,9710.82,33.70,2.500,0.77,50.0,0.27
7463.00,4698.64,9712.90,33.70,2.500,0.77,50.0,0.27
7464.00,4700.03,9714.98,33.71,2.500,0.77,50.0,0.27
7465.00,4701.41,9717.06,33.71,2.500,0.77,50.0,0.27
7466.00,4702.80,9719.14,33.72,2.500,0.77,50.0,0.27
7467.00,4704.19,9721.22,33.72,2.500,0.76,50.0,0.27
7468.00,4705.58,9723.30,33.72,2.500,0.76,50.0,0.27
7469.00,4706.96,9725.38,33.73,2.500,0.76,50.0,0.27
7470.00,4708.35,9727.46,33.73,2.500,0.76,50.0,0.27
7471.00,4709.74,9729.54,33.74,2.500,0.76,50.0,0.27
7472.00,4711.13,9731.62,33.74,2.500,0.76,50.0,0.27
7473.00,4712.52,9733.69,33.75,2.500,0.76,50.0,0.26
7474.00,4713.91,9735.77,33.75,2.500,0.76,50.0,0.26
7475.00,4715.30,9737.85,33.76,2.500,0.76,50.0,0.26
7476.00,4716.68,9739.93,33.76,2.500,0.76,50.0,0.26
7477.00,4718.07,9742.01,33.76,2.500,0.76,50.0,0.26
7478.00,4719.46,9744.09,33.77,2.500,0.76,50.0,0.26
7479.00,4720.85,9746.17,33.77,2.500,0.76,50.0,0.26
7480.00,4722.24,9748.24,33.78,2.500,0.76,50.0,0.26
7481.00,4723.63,9750.32,33.78,2.500,0.76,50.0,0.26
7482.00,4725.02,9752.40,33.79,2.500,0.76,50.0,0.26
7483.00,4726.41,9754.48,33.79,2.500,0.76,50.0,0.26
7484.00,4727.80,9756.56,33.80,2.500,0.76,50.0,0.26
7485.00,4729.19,9758.63,33.80,2.500,0.76,50.0,0.26
7486.00,4730.58,9760.71,33.80,2.500,0.76,50.0,0.26
7487.00,4731.98,9762.79,33.81,2.500,0.76,50.0,0.26
7488.00,4733.37,9764.87,33.81,2.500,0.76,50.0,0.26
7489.00,4734.76,9766.94,33.82,2.500,0.76,50.0,0.26
7490.00,4736.15,9769.02,33.82,2.500,0.76,50.0,0.26
7491.00,4737.54,9771.10,33.83,2.500,0.76,50.0,0.26
7492.00,4738.93,9773.17,33.83,2.500,0.76,50.0,0.26
7493.00,4740.32,9775.25,33.83,2.500,0.76,50.0,0.26
7494.00,4741.72,9777.33,33.84,2.500,0.76,50.0,0.26
7495.00,4743.11,9779.40,33.84,2.500,0.76,50.0,0.26
7496.00,4744.50,9781.48,33.85,2.500,0.76,50.0,0.26
7497.00,4745.89,9783.56,33.85,2.500,0.75,50.0,0.26
7498.00,4747.29,9785.63,33.86,2.500,0.75,50.0,0.26
7499.00,4748.68,9787.71,33.86,2.500,0.75,50.0,0.26
7500.00,4750.07,9789.78,33.87,2.500,0.75,50.0,0.26
7501.00,4751.46,9791.86,33.87,2.500,0.75,50.0,0.26
7502.00,4752.86,9793.94,33.87,2.500,0.75,50.0,0.26
7503.00,4754.25,9796.01,33.88,2.500,0.75,50.0,0.26
7504.00,4755.64,9798.09,33.88,2.500,0.75,50.0,0.26
7505.00,4757.04,9800.16,33.89,2.500,0.75,50.0,0.26
7506.00,4758.43,9802.24,33.89,2.500,0.75,50.0,0.26
7507.00,4759.83,9804.31,33.90,2.500,0.75,50.0,0.26
7508.00,4761.22,9806.39,33.90,2.500,0.75,50.0,0.26
7509.00,4762.62,9808.46,33.90,2.500,0.75,50.0,0.26
7510.00,4764.01,9810.54,33.91,2.500,0.75,50.0,0.26
7511.00,4765.40,9812.61,33.91,2.500,0.75,50.0,0.26
7512.00,4766.80,9814.69,33.92,2.500,0.75,50.0,0.26
7513.00,4768.19,9816.76,33.92,2.500,0.75,50.0,0.26
7514.00,4769.59,9818.84,33.93,2.500,0.75,50.0,0.26
7515.00,4770.98,9820.91,33.93,2.500,0.75,50.0,0.26
7516.00,4772.38,9822.99,33.93,2.500,0.75,50.0,0.26
7517.00,4773.78,9825.06,33.94,2.500,0.75,50.0,0.26
7518.00,4775.17,9827.13,33.94,2.500,0.75,50.0,0.26
7519.00,4776.57,9829.21,33.95,2.500,0.75,50.0,0.26
7520.00,4777.96,9831.28,33.95,2.500,0.75,50.0,0.26
7521.00,4779.36,9833.36,33.96,2.500,0.75,50.0,0.26
7522.00,4780.76,9835.43,33.96,2.500,0.75,50.0,0.26
7523.00,4782.15,9837.50,33.96,2.500,0.75,50.0,0.26
7524.00,4783.55,9839.58,33.97,2.500,0.75,50.0,0.26
7525.00,4784.95,9841.65,33.97,2.500,0.75,50.0,0.26
7526.00,4786.34,9843.72,33.98,2.500,0.75,50.0,0.26
7527.00,4787.74,9845.80,33.98,2.500,0.74,50.0,0.26
7528.00,4789.14,9847.87,33.99,2.500,0.74,50.0,0.26
7529.00,4790.54,9849.94,33.99,2.500,0.74,50.0,0.26
7530.00,4791.93,9852.01,34.00,2.500,0.74,50.0,0.26
7531.00,4793.33,9854.09,34.00,2.500,0.74,50.0,0.26
7532.00,4794.73,9856.16,34.00,2.500,0.74,50.0,0.26
7533.00,4796.13,9858.23,34.01,2.500,0.74,50.0,0.26
7534.00,4797.53,9860.30,34.01,2.500,0.74,50.0,0.26
7535.00,4798.92,9862.38,34.02,2.500,0.74,50.0,0.26
7536.00,4800.32,9864.45,34.02,2.500,0.74,50.0,0.26
7537.00,4801.72,9866.52,34.03,2.500,0.74,50.0,0.26
7538.00,4803.12,9868.59,34.03,2.500,0.74,50.0,0.26
7539.00,4804.52,9870.67,34.03,2.500,0.74,50.0,0.26
7540.00,4805.92,9872.74,34.04,2.500,0.74,50.0,0.26
7541.00,4807.32,9874.81,34.04,2.500,0.74,50.0,0.26
7542.00,4808.72,9876.88,34.05,2.500,0.74,50.0,0.26
7543.00,4810.12,9878.95,34.05,2.500,0.74,50.0,0.26
7544.00,4811.52,9881.02,34.06,2.500,0.74,50.0,0.26
7545.00,4812.92,9883.09,34.06,2.500,0.74,50.0,0.26
7546.00,4814.32,9885.17,34.06,2.500,0.74,50.0,0.26
7547.00,4815.72,9887.24,34.07,2.500,0.74,50.0,0.26
7548.00,4817.12,9889.31,34.07,2.500,0.74,50.0,0.26
7549.00,4818.52,9891.38,34.08,2.500,0.74,50.0,0.26
7550.00,4819.92,9893.45,34.08,2.500,0.74,50.0,0.26
7551.00,4821.32,9895.52,34.08,2.500,0.74,50.0,0.26
7552.00,4822.72,9897.59,34.09,2.500,0.74,50.0,0.26
7553.00,4824.12,9899.66,34.09,2.500,0.74,50.0,0.26
7554.00,4825.52,9901.73,34.10,2.500,0.74,50.0,0.26
7555.00,4826.92,9903.80,34.10,2.500,0.74,50.0,0.26
7556.00,4828.33,9905.87,34.11,2.500,0.74,50.0,0.26
7557.00,4829.73,9907.94,34.11,2.500,0.73,50.0,0.26
7558.00,4831.13,9910.01,34.11,2.500,0.73,50.0,0.26
7559.00,4832.53,9912.08,34.12,2.500,0.73,50.0,0.25
7560.00,4833.93,9914.15,34.12,2.500,0.73,50.0,0.25
7561.00,4835.34,9916.22,34.13,2.500,0.73,50.0,0.25
7562.00,4836.74,9918.29,34.13,2.500,0.73,50.0,0.25
7563.00,4838.14,9920.36,34.14,2.500,0.73,50.0,0.25
7564.00,4839.55,9922.43,34.14,2.500,0.73,50.0,0.25
7565.00,4840.95,9924.50,34.14,2.500,0.73,50.0,0.25
7566.00,4842.35,9926.57,34.15,2.500,0.73,50.0,0.25
7567.00,4843.75,9928.64,34.15,2.500,0.73,50.0,0.25
7568.00,4845.16,9930.70,34.16,2.500,0.73,50.0,0.25
7569.00,4846.56,9932.77,34.16,2.500,0.73,50.0,0.25
7570.00,4847.97,9934.84,34.17,2.500,0.73,50.0,0.25
7571.00,4849.37,9936.91,34.17,2.500,0.73,50.0,0.25
7572.00,4850.77,9938.98,34.17,2.500,0.73,50.0,0.25
7573.00,4852.18,9941.05,34.18,2.500,0.73,50.0,0.25
7574.00,4853.58,9943.12,34.18,2.500,0.73,50.0,0.25
7575.00,4854.99,9945.18,34.19,2.500,0.73,50.0,0.25
7576.00,4856.39,9947.25,34.19,2.500,0.73,50.0,0.25
7577.00,4857.80,9949.32,34.20,2.500,0.73,50.0,0.25
7578.00,4859.20,9951.39,34.20,2.500,0.73,50.0,0.25
7579.00,4860.61,9953.45,34.20,2.500,0.73,50.0,0.25
7580.00,4862.01,9955.52,34.21,2.500,0.73,50.0,0.25
7581.00,4863.42,9957.59,34.21,2.500,0.73,50.0,0.25
7582.00,4864.82,9959.66,34.22,2.500,0.73,50.0,0.25
7583.00,4866.23,9961.72,34.22,2.500,0.73,50.0,0.25
7584.00,4867.64,9963.79,34.22,2.500,0.73,50.0,0.25
7585.00,4869.04,9965.86,34.23,2.500,0.73,50.0,0.25
7586.00,4870.45,9967.93,34.23,2.500,0.73,50.0,0.25
7587.00,4871.85,9969.99,34.24,2.500,0.72,50.0,0.25
7588.00,4873.26,9972.06,34.24,2.500,0.72,50.0,0.25
7589.00,4874.67,9974.13,34.25,2.500,0.72,50.0,0.25
7590.00,4876.07,9976.19,34.25,2.500,0.72,50.0,0.25
7591.00,4877.48,9978.26,34.25,2.500,0.72,50.0,0.25
7592.00,4878.89,9980.33,34.26,2.500,0.72,50.0,0.25
7593.00,4880.30,9982.39,34.26,2.500,0.72,50.0,0.25
7594.00,4881.70,9984.46,34.27,2.500,0.72,50.0,0.25
7595.00,4883.11,9986.52,34.27,2.500,0.72,50.0,0.25
7596.00,4884.52,9988.59,34.27,2.500,0.72,50.0,0.25
7597.00,4885.93,9990.66,34.28,2.500,0.72,50.0,0.25
7598.00,4887.33,9992.72,34.28,2.500,0.72,50.0,0.25
7599.00,4888.74,9994.79,34.29,2.500,0.72,50.0,0.25
7600.00,4890.15,9996.85,34.29,2.500,0.72,50.0,0.25
7601.00,4891.56,9998.92,34.30,2.500,0.72,50.0,0.25
7602.00,4892.97,10000.98,34.30,2.500,0.72,50.0,0.25
7603.00,4894.38,10003.05,34.30,2.500,0.72,50.0,0.25
7604.00,4895.79,10005.11,34.31,2.500,0.72,50.0,0.25
7605.00,4897.19,10007.18,34.31,2.500,0.72,50.0,0.25
7606.00,4898.60,10009.24,34.32,2.500,0.72,50.0,0.25
7607.00,4900.01,10011.31,34.32,2.500,0.72,50.0,0.25
7608.00,4901.42,10013.37,34.32,2.500,0.72,50.0,0.25
7609.00,4902.83,10015.44,34.33,2.500,0.72,50.0,0.25
7610.00,4904.24,10017.50,34.33,2.500,0.72,50.0,0.25
7611.00,4905.65,10019.57,34.34,2.500,0.72,50.0,0.25
7612.00,4907.06,10021.63,34.34,2.500,0.72,50.0,0.25
7613.00,4908.47,10023.70,34.35,2.500,0.72,50.0,0.25
7614.00,4909.88,10025.76,34.35,2.500,0.72,50.0,0.25
7615.00,4911.29,10027.82,34.35,2.500,0.72,50.0,0.25
7616.00,4912.70,10029.89,34.36,2.500,0.72,50.0,0.25
7617.00,4914.12,10031.95,34.36,2.500,0.71,50.0,0.25
7618.00,4915.53,10034.02,34.37,2.500,0.71,50.0,0.25
7619.00,4916.94,10036.08,34.37,2.500,0.71,50.0,0.25
7620.00,4918.35,10038.14,34.37,2.500,0.71,50.0,0.25
7621.00,4919.76,10040.21,34.38,2.500,0.71,50.0,0.25
7622.00,4921.17,10042.27,34.38,2.500,0.71,50.0,0.25
7623.00,4922.58,10044.33,34.39,2.500,0.71,50.0,0.25
7624.00,4924.00,10046.40,34.39,2.500,0.71,50.0,0.25
7625.00,4925.41,10048.46,34.40,2.500,0.71,50.0,0.25
7626.00,4926.82,10050.52,34.40,2.500,0.71,50.0,0.25
7627.00,4928.23,10052.58,34.40,2.500,0.71,50.0,0.25
7628.00,4929.65,10054.65,34.41,2.500,0.71,50.0,0.25
7629.00,4931.06,10056.71,34.41,2.500,0.71,50.0,0.25
7630.00,4932.47,10058.77,34.42,2.500,0.71,50.0,0.25
7631.00,4933.88,10060.83,34.42,2.500,0.71,50.0,0.25
7632.00,4935.30,10062.90,34.42,2.500,0.71,50.0,0.25
7633.00,4936.71,10064.96,34.43,2.500,0.71,50.0,0.25
7634.00,4938.12,10067.02,34.43,2.500,0.71,50.0,0.25
7635.00,4939.54,10069.08,34.44,2.500,0.71,50.0,0.25
7636.00,4940.95,10071.14,34.44,2.500,0.71,50.0,0.25
7637.00,4942.37,10073.21,34.44,2.500,0.71,50.0,0.25
7638.00,4943.78,10075.27,34.45,2.500,0.71,50.0,0.25
7639.00,4945.19,10077.33,34.45,2.500,0.71,50.0,0.25
7640.00,4946.61,10079.39,34.46,2.500,0.71,50.0,0.25
7641.00,4948.02,10081.45,34.46,2.500,0.71,50.0,0.25
7642.00,4949.44,10083.51,34.47,2.500,0.71,50.0,0.25
7643.00,4950.85,10085.58,34.47,2.500,0.71,50.0,0.25
7644.00,4952.27,10087.64,34.47,2.500,0.71,50.0,0.25
7645.00,4953.68,10089.70,34.48,2.500,0.71,50.0,0.25
7646.00,4955.10,10091.76,34.48,2.500,0.71,50.0,0.25
7647.00,4956.51,10093.82,34.49,2.500,0.71,50.0,0.25
7648.00,4957.93,10095.88,34.49,2.500,0.71,50.0,0.24
7649.00,4959.34,10097.94,34.49,2.500,0.71,50.0,0.24
7650.00,4960.76,10100.00,34.50,2.500,0.70,50.0,0.24
7651.00,4962.17,10102.06,34.50,2.500,0.70,50.0,0.24
7652.00,4963.59,10104.12,34.51,2.500,0.70,50.0,0.24
7653.00,4965.01,10106.18,34.51,2.500,0.70,50.0,0.24
7654.00,4966.42,10108.24,34.51,2.500,0.70,50.0,0.24
7655.00,4967.84,10110.30,34.52,2.500,0.70,50.0,0.24
7656.00,4969.26,10112.36,34.52,2.500,0.70,50.0,0.24
7657.00,4970.67,10114.42,34.53,2.500,0.70,50.0,0.24
7658.00,4972.09,10116.48,34.53,2.500,0.70,50.0,0.24
7659.00,4973.51,10118.54,34.53,2.500,0.70,50.0,0.24
7660.00,4974.92,10120.60,34.54,2.500,0.70,50.0,0.24
7661.00,4976.34,10122.66,34.54,2.500,0.70,50.0,0.24
7662.00,4977.76,10124.72,34.55,2.500,0.70,50.0,0.24
7663.00,4979.18,10126.78,34.55,2.500,0.70,50.0,0.24
7664.00,4980.60,10128.84,34.55,2.500,0.70,50.0,0.24
7665.00,4982.01,10130.90,34.56,2.500,0.70,50.0,0.24
7666.00,4983.43,10132.95,34.56,2.500,0.70,50.0,0.24
7667.00,4984.85,10135.01,34.57,2.500,0.70,50.0,0.24
7668.00,4986.27,10137.07,34.57,2.500,0.70,50.0,0.24
7669.00,4987.69,10139.13,34.57,2.500,0.70,50.0,0.24
7670.00,4989.11,10141.19,34.58,2.500,0.70,50.0,0.24
7671.00,4990.52,10143.25,34.58,2.500,0.70,50.0,0.24
7672.00,4991.94,10145.31,34.59,2.500,0.70,50.0,0.24
7673.00,4993.36,10147.36,34.59,2.500,0.70,50.0,0.24
7674.00,4994.78,10149.42,34.60,2.500,0.70,50.0,0.24
7675.00,4996.20,10151.48,34.60,2.500,0.70,50.0,0.24
7676.00,4997.62,10153.54,34.60,2.500,0.70,50.0,0.24
7677.00,4999.04,10155.60,34.61,2.500,0.70,50.0,0.24
7678.00,5000.46,10157.65,34.61,2.500,0.70,50.0,0.24
7679.00,5001.88,10159.71,34.62,2.500,0.70,50.0,0.24
7680.00,5003.30,10161.77,34.62,2.500,0.69,50.0,0.24
7681.00,5004.72,10163.83,34.62,2.500,0.69,50.0,0.24
7682.00,5006.14,10165.88,34.63,2.500,0.69,50.0,0.24
7683.00,5007.56,10167.94,34.63,2.500,0.69,50.0,0.24
7684.00,5008.98,10170.00,34.64,2.500,0.69,50.0,0.24
7685.00,5010.40,10172.05,34.64,2.500,0.69,50.0,0.24
7686.00,5011.82,10174.11,34.64,2.500,0.69,50.0,0.24
7687.00,5013.25,10176.17,34.65,2.500,0.69,50.0,0.24
7688.00,5014.67,10178.22,34.65,2.500,0.69,50.0,0.24
7689.00,5016.09,10180.28,34.66,2.500,0.69,50.0,0.24
7690.00,5017.51,10182.34,34.66,2.500,0.69,50.0,0.24
7691.00,5018.93,10184.39,34.66,2.500,0.69,50.0,0.24
7692.00,5020.35,10186.45,34.67,2.500,0.69,50.0,0.24
7693.00,5021.78,10188.51,34.67,2.500,0.69,50.0,0.24
7694.00,5023.20,10190.56,34.68,2.500,0.69,50.0,0.24
7695.00,5024.62,10192.62,34.68,2.500,0.69,50.0,0.24
7696.00,5026.04,10194.67,34.68,2.500,0.69,50.0,0.24
7697.00,5027.47,10196.73,34.69,2.500,0.69,50.0,0.24
7698.00,5028.89,10198.79,34.69,2.500,0.69,50.0,0.24
7699.00,5030.31,10200.84,34.70,2.500,0.69,50.0,0.24
7700.00,5031.73,10202.90,34.70,2.500,0.69,50.0,0.24
7701.00,5033.16,10204.95,34.70,2.500,0.69,50.0,0.24
7702.00,5034.58,10207.01,34.71,2.500,0.69,50.0,0.24
7703.00,5036.00,10209.06,34.71,2.500,0.69,50.0,0.24
7704.00,5037.43,10211.12,34.72,2.500,0.69,50.0,0.24
7705.00,5038.85,10213.17,34.72,2.500,0.69,50.0,0.24
7706.00,5040.28,10215.23,34.72,2.500,0.69,50.0,0.24
7707.00,5041.70,10217.28,34.73,2.500,0.69,50.0,0.24
7708.00,5043.12,10219.34,34.73,2.500,0.69,50.0,0.24
7709.00,5044.55,10221.39,34.74,2.500,0.69,50.0,0.24
7710.00,5045.97,10223.45,34.74,2.500,0.69,50.0,0.24
7711.00,5047.40,10225.50,34.74,2.500,0.69,50.0,0.24
7712.00,5048.82,10227.55,34.75,2.500,0.69,50.0,0.24
7713.00,5050.25,10229.61,34.75,2.500,0.68,50.0,0.24
7714.00,5051.67,10231.66,34.76,2.500,0.68,50.0,0.24
7715.00,5053.10,10233.72,34.76,2.500,0.68,50.0,0.24
7716.00,5054.52,10235.77,34.76,2.500,0.68,50.0,0.24
7717.00,5055.95,10237.82,34.77,2.500,0.68,50.0,0.24
7718.00,5057.37,10239.88,34.77,2.500,0.68,50.0,0.24
7719.00,5058.80,10241.93,34.77,2.500,0.68,50.0,0.24
7720.00,5060.22,10243.99,34.78,2.500,0.68,50.0,0.24
7721.00,5061.65,10246.04,34.78,2.500,0.68,50.0,0.24
7722.00,5063.08,10248.09,34.79,2.500,0.68,50.0,0.24
7723.00,5064.50,10250.14,34.79,2.500,0.68,50.0,0.24
7724.00,5065.93,10252.20,34.79,2.500,0.68,50.0,0.24
7725.00,5067.36,10254.25,34.80,2.500,0.68,50.0,0.24
7726.00,5068.78,10256.30,34.80,2.500,0.68,50.0,0.24
7727.00,5070.21,10258.36,34.81,2.500,0.68,50.0,0.24
7728.00,5071.64,10260.41,34.81,2.500,0.68,50.0,0.24
7729.00,5073.06,10262.46,34.81,2.500,0.68,50.0,0.24
7730.00,5074.49,10264.51,34.82,2.500,0.68,50.0,0.24
7731.00,5075.92,10266.57,34.82,2.500,0.68,50.0,0.24
7732.00,5077.35,10268.62,34.83,2.500,0.68,50.0,0.24
7733.00,5078.77,10270.67,34.83,2.500,0.68,50.0,0.24
7734.00,5080.20,10272.72,34.83,2.500,0.68,50.0,0.24
7735.00,5081.63,10274.78,34.84,2.500,0.68,50.0,0.24
7736.00,5083.06,10276.83,34.84,2.500,0.68,50.0,0.24
7737.00,5084.49,10278.88,34.85,2.500,0.68,50.0,0.24
7738.00,5085.91,10280.93,34.85,2.500,0.68,50.0,0.24
7739.00,5087.34,10282.98,34.85,2.500,0.68,50.0,0.24
7740.00,5088.77,10285.03,34.86,2.500,0.68,50.0,0.24
7741.00,5090.20,10287.09,34.86,2.500,0.68,50.0,0.23
7742.00,5091.63,10289.14,34.87,2.500,0.68,50.0,0.23
7743.00,5093.06,10291.19,34.87,2.500,0.68,50.0,0.23
7744.00,5094.49,10293.24,34.87,2.500,0.68,50.0,0.23
7745.00,5095.92,10295.29,34.88,2.500,0.68,50.0,0.23
7746.00,5097.35,10297.34,34.88,2.500,0.67,50.0,0.23
7747.00,5098.78,10299.39,34.88,2.500,0.67,50.0,0.23
7748.00,5100.21,10301.44,34.89,2.500,0.67,50.0,0.23
7749.00,5101.64,10303.49,34.89,2.500,0.67,50.0,0.23
7750.00,5103.07,10305.54,34.90,2.500,0.67,50.0,0.23
7751.00,5104.50,10307.59,34.90,2.500,0.67,50.0,0.23
7752.00,5105.93,10309.65,34.90,2.500,0.67,50.0,0.23
7753.00,5107.36,10311.70,34.91,2.500,0.67,50.0,0.23
7754.00,5108.79,10313.75,34.91,2.500,0.67,50.0,0.23
7755.00,5110.22,10315.80,34.92,2.500,0.67,50.0,0.23
7756.00,5111.65,10317.85,34.92,2.500,0.67,50.0,0.23
7757.00,5113.08,10319.90,34.92,2.500,0.67,50.0,0.23
7758.00,5114.51,10321.95,34.93,2.500,0.67,50.0,0.23
7759.00,5115.94,10324.00,34.93,2.500,0.67,50.0,0.23
7760.00,5117.38,10326.04,34.94,2.500,0.67,50.0,0.23
7761.00,5118.81,10328.09,34.94,2.500,0.67,50.0,0.23
7762.00,5120.24,10330.14,34.94,2.500,0.67,50.0,0.23
7763.00,5121.67,10332.19,34.95,2.500,0.67,50.0,0.23
7764.00,5123.10,10334.24,34.95,2.500,0.67,50.0,0.23
7765.00,5124.53,10336.29,34.95,2.500,0.67,50.0,0.23
7766.00,5125.97,10338.34,34.96,2.500,0.67,50.0,0.23
7767.00,5127.40,10340.39,34.96,2.500,0.67,50.0,0.23
7768.00,5128.83,10342.44,34.97,2.500,0.67,50.0,0.23
7769.00,5130.27,10344.49,34.97,2.500,0.67,50.0,0.23
7770.00,5131.70,10346.54,34.97,2.500,0.67,50.0,0.23
7771.00,5133.13,10348.58,34.98,2.500,0.67,50.0,0.23
7772.00,5134.56,10350.63,34.98,2.500,0.67,50.0,0.23
7773.00,5136.00,10352.68,34.99,2.500,0.67,50.0,0.23
7774.00,5137.43,10354.73,34.99,2.500,0.67,50.0,0.23
7775.00,5138.86,10356.78,34.99,2.500,0.67,50.0,0.23
7776.00,5140.30,10358.83,35.00,2.500,0.67,50.0,0.23
7777.00,5141.73,10360.87,35.00,2.500,0.67,50.0,0.23
7778.00,5143.17,10362.92,35.01,2.500,0.67,50.0,0.23
7779.00,5144.60,10364.97,35.01,2.500,0.66,50.0,0.23
7780.00,5146.03,10367.02,35.01,2.500,0.66,50.0,0.23
7781.00,5147.47,10369.06,35.02,2.500,0.66,50.0,0.23
7782.00,5148.90,10371.11,35.02,2.500,0.66,50.0,0.23
7783.00,5150.34,10373.16,35.02,2.500,0.66,50.0,0.23
7784.00,5151.77,10375.21,35.03,2.500,0.66,50.0,0.23
7785.00,5153.21,10377.25,35.03,2.500,0.66,50.0,0.23
7786.00,5154.64,10379.30,35.04,2.500,0.66,50.0,0.23
7787.00,5156.08,10381.35,35.04,2.500,0.66,50.0,0.23
7788.00,5157.51,10383.39,35.04,2.500,0.66,50.0,0.23
7789.00,5158.95,10385.44,35.05,2.500,0.66,50.0,0.23
7790.00,5160.38,10387.49,35.05,2.500,0.66,50.0,0.23
7791.00,5161.82,10389.53,35.05,2.500,0.66,50.0,0.23
7792.00,5163.26,10391.58,35.06,2.500,0.66,50.0,0.23
7793.00,5164.69,10393.63,35.06,2.500,0.66,50.0,0.23
7794.00,5166.13,10395.67,35.07,2.500,0.66,50.0,0.23
7795.00,5167.56,10397.72,35.07,2.500,0.66,50.0,0.23
7796.00,5169.00,10399.77,35.07,2.500,0.66,50.0,0.23
7797.00,5170.44,10401.81,35.08,2.500,0.66,50.0,0.23
7798.00,5171.87,10403.86,35.08,2.500,0.66,50.0,0.23
7799.00,5173.31,10405.90,35.09,2.500,0.66,50.0,0.23
7800.00,5174.75,10407.95,35.09,2.500,0.66,50.0,0.23
7801.00,5176.19,10409.99,35.09,2.500,0.66,50.0,0.23
7802.00,5177.62,10412.04,35.10,2.500,0.66,50.0,0.23
7803.00,5179.06,10414.09,35.10,2.500,0.66,50.0,0.23
7804.00,5180.50,10416.13,35.10,2.500,0.66,50.0,0.23
7805.00,5181.94,10418.18,35.11,2.500,0.66,50.0,0.23
7806.00,5183.37,10420.22,35.11,2.500,0.66,50.0,0.23
7807.00,5184.81,10422.27,35.12,2.500,0.66,50.0,0.23
7808.00,5186.25,10424.31,35.12,2.500,0.66,50.0,0.23
7809.00,5187.69,10426.36,35.12,2.500,0.66,50.0,0.23
7810.00,5189.13,10428.40,35.13,2.500,0.66,50.0,0.23
7811.00,5190.56,10430.45,35.13,2.500,0.66,50.0,0.23
7812.00,5192.00,10432.49,35.13,2.500,0.65,50.0,0.23
7813.00,5193.44,10434.54,35.14,2.500,0.65,50.0,0.23
7814.00,5194.88,10436.58,35.14,2.500,0.65,50.0,0.23
7815.00,5196.32,10438.62,35.15,2.500,0.65,50.0,0.23
7816.00,5197.76,10440.67,35.15,2.500,0.65,50.0,0.23
7817.00,5199.20,10442.71,35.15,2.500,0.65,50.0,0.23
7818.00,5200.64,10444.76,35.16,2.500,0.65,50.0,0.23
7819.00,5202.08,10446.80,35.16,2.500,0.65,50.0,0.23
7820.00,5203.52,10448.84,35.17,2.500,0.65,50.0,0.23
7821.00,5204.96,10450.89,35.17,2.500,0.65,50.0,0.23
7822.00,5206.40,10452.93,35.17,2.500,0.65,50.0,0.23
7823.00,5207.84,10454.97,35.18,2.500,0.65,50.0,0.23
7824.00,5209.28,10457.02,35.18,2.500,0.65,50.0,0.23
7825.00,5210.72,10459.06,35.18,2.500,0.65,50.0,0.23
7826.00,5212.16,10461.10,35.19,2.500,0.65,50.0,0.23
7827.00,5213.60,10463.15,35.19,2.500,0.65,50.0,0.23
7828.00,5215.04,10465.19,35.20,2.500,0.65,50.0,0.23
7829.00,5216.48,10467.23,35.20,2.500,0.65,50.0,0.23
7830.00,5217.92,10469.28,35.20,2.500,0.65,50.0,0.23
7831.00,5219.36,10471.32,35.21,2.500,0.65,50.0,0.23
7832.00,5220.80,10473.36,35.21,2.500,0.65,50.0,0.23
7833.00,5222.25,10475.41,35.21,2.500,0.65,50.0,0.23
7834.00,5223.69,10477.45,35.22,2.500,0.65,50.0,0.23
7835.00,5225.13,10479.49,35.22,2.500,0.65,50.0,0.23
7836.00,5226.57,10481.53,35.23,2.500,0.65,50.0,0.23
7837.00,5228.01,10483.57,35.23,2.500,0.65,50.0,0.22
7838.00,5229.45,10485.62,35.23,2.500,0.65,50.0,0.22
7839.00,5230.90,10487.66,35.24,2.500,0.65,50.0,0.22
7840.00,5232.34,10489.70,35.24,2.500,0.65,50.0,0.22
7841.00,5233.78,10491.74,35.24,2.500,0.65,50.0,0.22
7842.00,5235.22,10493.78,35.25,2.500,0.65,50.0,0.22
7843.00,5236.67,10495.83,35.25,2.500,0.65,50.0,0.22
7844.00,5238.11,10497.87,35.26,2.500,0.65,50.0,0.22
7845.00,5239.55,10499.91,35.26,2.500,0.65,50.0,0.22
7846.00,5241.00,10501.95,35.26,2.500,0.65,50.0,0.22
7847.00,5242.44,10503.99,35.27,2.500,0.65,50.0,0.22
7848.00,5243.88,10506.03,35.27,2.500,0.64,50.0,0.22
7849.00,5245.33,10508.07,35.27,2.500,0.64,50.0,0.22
7850.00,5246.77,10510.11,35.28,2.500,0.64,50.0,0.22
7851.00,5248.21,10512.16,35.28,2.500,0.64,50.0,0.22
7852.00,5249.66,10514.20,35.29,2.500,0.64,50.0,0.22
7853.00,5251.10,10516.24,35.29,2.500,0.64,50.0,0.22
7854.00,5252.55,10518.28,35.29,2.500,0.64,50.0,0.22
7855.00,5253.99,10520.32,35.30,2.500,0.64,50.0,0.22
7856.00,5255.44,10522.36,35.30,2.500,0.64,50.0,0.22
7857.00,5256.88,10524.40,35.30,2.500,0.64,50.0,0.22
7858.00,5258.32,10526.44,35.31,2.500,0.64,50.0,0.22
7859.00,5259.77,10528.48,35.31,2.500,0.64,50.0,0.22
7860.00,5261.21,10530.52,35.31,2.500,0.64,50.0,0.22
7861.00,5262.66,10532.56,35.32,2.500,0.64,50.0,0.22
7862.00,5264.11,10534.60,35.32,2.500,0.64,50.0,0.22
7863.00,5265.55,10536.64,35.33,2.500,0.64,50.0,0.22
7864.00,5267.00,10538.68,35.33,2.500,0.64,50.0,0.22
7865.00,5268.44,10540.72,35.33,2.500,0.64,50.0,0.22
7866.00,5269.89,10542.76,35.34,2.500,0.64,50.0,0.22
7867.00,5271.33,10544.80,35.34,2.500,0.64,50.0,0.22
7868.00,5272.78,10546.84,35.34,2.500,0.64,50.0,0.22
7869.00,5274.23,10548.88,35.35,2.500,0.64,50.0,0.22
7870.00,5275.67,10550.92,35.35,2.500,0.64,50.0,0.22
7871.00,5277.12,10552.95,35.36,2.500,0.64,50.0,0.22
7872.00,5278.57,10554.99,35.36,2.500,0.64,50.0,0.22
7873.00,5280.01,10557.03,35.36,2.500,0.64,50.0,0.22
7874.00,5281.46,10559.07,35.37,2.500,0.64,50.0,0.22
7875.00,5282.91,10561.11,35.37,2.500,0.64,50.0,0.22
7876.00,5284.35,10563.15,35.37,2.500,0.64,50.0,0.22
7877.00,5285.80,10565.19,35.38,2.500,0.64,50.0,0.22
7878.00,5287.25,10567.22,35.38,2.500,0.64,50.0,0.22
7879.00,5288.70,10569.26,35.39,2.500,0.64,50.0,0.22
7880.00,5290.14,10571.30,35.39,2.500,0.64,50.0,0.22
7881.00,5291.59,10573.34,35.39,2.500,0.63,50.0,0.22
7882.00,5293.04,10575.38,35.40,2.500,0.63,50.0,0.22
7883.00,5294.49,10577.42,35.40,2.500,0.63,50.0,0.22
7884.00,5295.94,10579.45,35.40,2.500,0.63,50.0,0.22
7885.00,5297.38,10581.49,35.41,2.500,0.63,50.0,0.22
7886.00,5298.83,10583.53,35.41,2.500,0.63,50.0,0.22
7887.00,5300.28,10585.57,35.41,2.500,0.63,50.0,0.22
7888.00,5301.73,10587.60,35.42,2.500,0.63,50.0,0.22
7889.00,5303.18,10589.64,35.42,2.500,0.63,50.0,0.22
7890.00,5304.63,10591.68,35.43,2.500,0.63,50.0,0.22
7891.00,5306.08,10593.72,35.43,2.500,0.63,50.0,0.22
7892.00,5307.53,10595.75,35.43,2.500,0.63,50.0,0.22
7893.00,5308.97,10597.79,35.44,2.500,0.63,50.0,0.22
7894.00,5310.42,10599.83,35.44,2.500,0.63,50.0,0.22
7895.00,5311.87,10601.86,35.44,2.500,0.63,50.0,0.22
7896.00,5313.32,10603.90,35.45,2.500,0.63,50.0,0.22
7897.00,5314.77,10605.94,35.45,2.500,0.63,50.0,0.22
7898.00,5316.22,10607.97,35.45,2.500,0.63,50.0,0.22
7899.00,5317.67,10610.01,35.46,2.500,0.63,50.0,0.22
7900.00,5319.12,10612.05,35.46,2.500,0.63,50.0,0.22
7901.00,5320.57,10614.08,35.47,2.500,0.63,50.0,0.22
7902.00,5322.03,10616.12,35.47,2.500,0.63,50.0,0.22
7903.00,5323.48,10618.15,35.47,2.500,0.63,50.0,0.22
7904.00,5324.93,10620.19,35.48,2.500,0.63,50.0,0.22
7905.00,5326.38,10622.23,35.48,2.500,0.63,50.0,0.22
7906.00,5327.83,10624.26,35.48,2.500,0.63,50.0,0.22
7907.00,5329.28,10626.30,35.49,2.500,0.63,50.0,0.22
7908.00,5330.73,10628.33,35.49,2.500,0.63,50.0,0.22
7909.00,5332.18,10630.37,35.49,2.500,0.63,50.0,0.22
7910.00,5333.63,10632.40,35.50,2.500,0.63,50.0,0.22
7911.00,5335.09,10634.44,35.50,2.500,0.63,50.0,0.22
7912.00,5336.54,10636.47,35.51,2.500,0.63,50.0,0.22
7913.00,5337.99,10638.51,35.51,2.500,0.63,50.0,0.22
7914.00,5339.44,10640.54,35.51,2.500,0.63,50.0,0.22
7915.00,5340.89,10642.58,35.52,2.500,0.63,50.0,0.22
7916.00,5342.35,10644.61,35.52,2.500,0.63,50.0,0.22
7917.00,5343.80,10646.65,35.52,2.500,0.62,50.0,0.22
7918.00,5345.25,10648.68,35.53,2.500,0.62,50.0,0.22
7919.00,5346.70,10650.72,35.53,2.500,0.62,50.0,0.22
7920.00,5348.16,10652.75,35.53,2.500,0.62,50.0,0.22
7921.00,5349.61,10654.79,35.54,2.500,0.62,50.0,0.22
7922.00,5351.06,10656.82,35.54,2.500,0.62,50.0,0.22
7923.00,5352.52,10658.86,35.55,2.500,0.62,50.0,0.22
7924.00,5353.97,10660.89,35.55,2.500,0.62,50.0,0.22
7925.00,5355.42,10662.92,35.55,2.500,0.62,50.0,0.22
7926.00,5356.88,10664.96,35.56,2.500,0.62,50.0,0.22
7927.00,5358.33,10666.99,35.56,2.500,0.62,50.0,0.22
7928.00,5359.78,10669.03,35.56,2.500,0.62,50.0,0.22
7929.00,5361.24,10671.06,35.57,2.500,0.62,50.0,0.22
7930.00,5362.69,10673.09,35.57,2.500,0.62,50.0,0.22
7931.00,5364.15,10675.13,35.57,2.500,0.62,50.0,0.22
7932.00,5365.60,10677.16,35.58,2.500,0.62,50.0,0.22
7933.00,5367.06,10679.19,35.58,2.500,0.62,50.0,0.22
7934.00,5368.51,10681.23,35.59,2.500,0.62,50.0,0.22
7935.00,5369.97,10683.26,35.59,2.500,0.62,50.0,0.22
7936.00,5371.42,10685.29,35.59,2.500,0.62,50.0,0.22
7937.00,5372.88,10687.33,35.60,2.500,0.62,50.0,0.22
7938.00,5374.33,10689.36,35.60,2.500,0.62,50.0,0.21
7939.00,5375.79,10691.39,35.60,2.500,0.62,50.0,0.21
7940.00,5377.24,10693.42,35.61,2.500,0.62,50.0,0.21
7941.00,5378.70,10695.46,35.61,2.500,0.62,50.0,0.21
7942.00,5380.15,10697.49,35.61,2.500,0.62,50.0,0.21
7943.00,5381.61,10699.52,35.62,2.500,0.62,50.0,0.21
7944.00,5383.06,10701.55,35.62,2.500,0.62,50.0,0.21
7945.00,5384.52,10703.59,35.62,2.500,0.62,50.0,0.21
7946.00,5385.98,10705.62,35.63,2.500,0.62,50.0,0.21
7947.00,5387.43,10707.65,35.63,2.500,0.62,50.0,0.21
7948.00,5388.89,10709.68,35.64,2.500,0.62,50.0,0.21
7949.00,5390.35,10711.71,35.64,2.500,0.62,50.0,0.21
7950.00,5391.80,10713.75,35.64,2.500,0.62,50.0,0.21
7951.00,5393.26,10715.78,35.65,2.500,0.62,50.0,0.21
7952.00,5394.72,10717.81,35.65,2.500,0.62,50.0,0.21
7953.00,5396.17,10719.84,35.65,2.500,0.61,50.0,0.21
7954.00,5397.63,10721.87,35.66,2.500,0.61,50.0,0.21
7955.00,5399.09,10723.90,35.66,2.500,0.61,50.0,0.21
7956.00,5400.54,10725.93,35.66,2.500,0.61,50.0,0.21
7957.00,5402.00,10727.97,35.67,2.500,0.61,50.0,0.21
7958.00,5403.46,10730.00,35.67,2.500,0.61,50.0,0.21
7959.00,5404.92,10732.03,35.67,2.500,0.61,50.0,0.21
7960.00,5406.38,10734.06,35.68,2.500,0.61,50.0,0.21
7961.00,5407.83,10736.09,35.68,2.500,0.61,50.0,0.21
7962.00,5409.29,10738.12,35.68,2.500,0.61,50.0,0.21
7963.00,5410.75,10740.15,35.69,2.500,0.61,50.0,0.21
7964.00,5412.21,10742.18,35.69,2.500,0.61,50.0,0.21
7965.00,5413.67,10744.21,35.70,2.500,0.61,50.0,0.21
7966.00,5415.13,10746.24,35.70,2.500,0.61,50.0,0.21
7967.00,5416.58,10748.27,35.70,2.500,0.61,50.0,0.21
7968.00,5418.04,10750.30,35.71,2.500,0.61,50.0,0.21
7969.00,5419.50,10752.33,35.71,2.500,0.61,50.0,0.21
7970.00,5420.96,10754.36,35.71,2.500,0.61,50.0,0.21
7971.00,5422.42,10756.39,35.72,2.500,0.61,50.0,0.21
7972.00,5423.88,10758.42,35.72,2.500,0.61,50.0,0.21
7973.00,5425.34,10760.45,35.72,2.500,0.61,50.0,0.21
7974.00,5426.80,10762.48,35.73,2.500,0.61,50.0,0.21
7975.00,5428.26,10764.51,35.73,2.500,0.61,50.0,0.21
7976.00,5429.72,10766.54,35.73,2.500,0.61,50.0,0.21
7977.00,5431.18,10768.57,35.74,2.500,0.61,50.0,0.21
7978.00,5432.64,10770.60,35.74,2.500,0.61,50.0,0.21
7979.00,5434.10,10772.63,35.74,2.500,0.61,50.0,0.21
7980.00,5435.56,10774.66,35.75,2.500,0.61,50.0,0.21
7981.00,5437.02,10776.69,35.75,2.500,0.61,50.0,0.21
7982.00,5438.48,10778.71,35.76,2.500,0.61,50.0,0.21
7983.00,5439.94,10780.74,35.76,2.500,0.61,50.0,0.21
7984.00,5441.40,10782.77,35.76,2.500,0.61,50.0,0.21
7985.00,5442.86,10784.80,35.77,2.500,0.61,50.0,0.21
7986.00,5444.33,10786.83,35.77,2.500,0.61,50.0,0.21
7987.00,5445.79,10788.86,35.77,2.500,0.61,50.0,0.21
7988.00,5447.25,10790.89,35.78,2.500,0.61,50.0,0.21
7989.00,5448.71,10792.91,35.78,2.500,0.60,50.0,0.21
7990.00,5450.17,10794.94,35.78,2.500,0.60,50.0,0.21
7991.00,5451.63,10796.97,35.79,2.500,0.60,50.0,0.21
7992.00,5453.10,10799.00,35.79,2.500,0.60,50.0,0.21
7993.00,5454.56,10801.03,35.79,2.500,0.60,50.0,0.21
7994.00,5456.02,10803.05,35.80,2.500,0.60,50.0,0.21
7995.00,5457.48,10805.08,35.80,2.500,0.60,50.0,0.21
7996.00,5458.94,10807.11,35.80,2.500,0.60,50.0,0.21
7997.00,5460.41,10809.14,35.81,2.500,0.60,50.0,0.21
7998.00,5461.87,10811.16,35.81,2.500,0.60,50.0,0.21
7999.00,5463.33,10813.19,35.81,2.500,0.60,50.0,0.21
8000.00,5464.80,10815.22,35.82,2.500,0.60,50.0,0.21
8001.00,5466.26,10817.25,35.82,2.500,0.60,50.0,0.21
8002.00,5467.72,10819.27,35.83,2.500,0.60,50.0,0.21
8003.00,5469.19,10821.30,35.83,2.500,0.60,50.0,0.21
8004.00,5470.65,10823.33,35.83,2.500,0.60,50.0,0.21
8005.00,5472.11,10825.35,35.84,2.500,0.60,50.0,0.21
8006.00,5473.58,10827.38,35.84,2.500,0.60,50.0,0.21
8007.00,5475.04,10829.41,35.84,2.500,0.60,50.0,0.21
8008.00,5476.50,10831.43,35.85,2.500,0.60,50.0,0.21
8009.00,5477.97,10833.46,35.85,2.500,0.60,50.0,0.21
8010.00,5479.43,10835.49,35.85,2.500,0.60,50.0,0.21
8011.00,5480.90,10837.51,35.86,2.500,0.60,50.0,0.21
8012.00,5482.36,10839.54,35.86,2.500,0.60,50.0,0.21
8013.00,5483.82,10841.57,35.86,2.500,0.60,50.0,0.21
8014.00,5485.29,10843.59,35.87,2.500,0.60,50.0,0.21
8015.00,5486.75,10845.62,35.87,2.500,0.60,50.0,0.21
8016.00,5488.22,10847.64,35.87,2.500,0.60,50.0,0.21
8017.00,5489.68,10849.67,35.88,2.500,0.60,50.0,0.21
8018.00,5491.15,10851.70,35.88,2.500,0.60,50.0,0.21
8019.00,5492.61,10853.72,35.88,2.500,0.60,50.0,0.21
8020.00,5494.08,10855.75,35.89,2.500,0.60,50.0,0.21
8021.00,5495.55,10857.77,35.89,2.500,0.60,50.0,0.21
8022.00,5497.01,10859.80,35.89,2.500,0.60,50.0,0.21
8023.00,5498.48,10861.82,35.90,2.500,0.60,50.0,0.21
8024.00,5499.94,10863.85,35.90,2.500,0.60,50.0,0.21
8025.00,5501.41,10865.87,35.91,2.500,0.59,50.0,0.21
8026.00,5502.87,10867.90,35.91,2.500,0.59,50.0,0.21
8027.00,5504.34,10869.92,35.91,2.500,0.59,50.0,0.21
8028.00,5505.81,10871.95,35.92,2.500,0.59,50.0,0.21
8029.00,5507.27,10873.97,35.92,2.500,0.59,50.0,0.21
8030.00,5508.74,10876.00,35.92,2.500,0.59,50.0,0.21
8031.00,5510.21,10878.02,35.93,2.500,0.59,50.0,0.21
8032.00,5511.67,10880.05,35.93,2.500,0.59,50.0,0.21
8033.00,5513.14,10882.07,35.93,2.500,0.59,50.0,0.21
8034.00,5514.61,10884.09,35.94,2.500,0.59,50.0,0.21
8035.00,5516.08,10886.12,35.94,2.500,0.59,50.0,0.21
8036.00,5517.54,10888.14,35.94,2.500,0.59,50.0,0.21
8037.00,5519.01,10890.17,35.95,2.500,0.59,50.0,0.21
8038.00,5520.48,10892.19,35.95,2.500,0.59,50.0,0.21
8039.00,5521.95,10894.21,35.95,2.500,0.59,50.0,0.21
8040.00,5523.41,10896.24,35.96,2.500,0.59,50.0,0.21
8041.00,5524.88,10898.26,35.96,2.500,0.59,50.0,0.21
8042.00,5526.35,10900.29,35.96,2.500,0.59,50.0,0.21
8043.00,5527.82,10902.31,35.97,2.500,0.59,50.0,0.21
8044.00,5529.29,10904.33,35.97,2.500,0.59,50.0,0.20
8045.00,5530.75,10906.36,35.97,2.500,0.59,50.0,0.20
8046.00,5532.22,10908.38,35.98,2.500,0.59,50.0,0.20
8047.00,5533.69,10910.40,35.98,2.500,0.59,50.0,0.20
8048.00,5535.16,10912.42,35.98,2.500,0.59,50.0,0.20
8049.00,5536.63,10914.45,35.99,2.500,0.59,50.0,0.20
8050.00,5538.10,10916.47,35.99,2.500,0.59,50.0,0.20
8051.00,5539.57,10918.49,35.99,2.500,0.59,50.0,0.20
8052.00,5541.04,10920.52,36.00,2.500,0.59,50.0,0.20
8053.00,5542.51,10922.54,36.00,2.500,0.59,50.0,0.20
8054.00,5543.98,10924.56,36.00,2.500,0.59,50.0,0.20
8055.00,5545.44,10926.58,36.01,2.500,0.59,50.0,0.20
8056.00,5546.91,10928.61,36.01,2.500,0.59,50.0,0.20
8057.00,5548.38,10930.63,36.01,2.500,0.59,50.0,0.20
8058.00,5549.85,10932.65,36.02,2.500,0.59,50.0,0.20
8059.00,5551.32,10934.67,36.02,2.500,0.59,50.0,0.20
8060.00,5552.79,10936.69,36.02,2.500,0.59,50.0,0.20
8061.00,5554.26,10938.72,36.03,2.500,0.59,50.0,0.20
8062.00,5555.74,10940.74,36.03,2.500,0.59,50.0,0.20
8063.00,5557.21,10942.76,36.03,2.500,0.59,50.0,0.20
8064.00,5558.68,10944.78,36.04,2.500,0.58,50.0,0.20
8065.00,5560.15,10946.80,36.04,2.500,0.58,50.0,0.20
8066.00,5561.62,10948.82,36.04,2.500,0.58,50.0,0.20
8067.00,5563.09,10950.85,36.05,2.500,0.58,50.0,0.20
8068.00,5564.56,10952.87,36.05,2.500,0.58,50.0,0.20
8069.00,5566.03,10954.89,36.06,2.500,0.58,50.0,0.20
8070.00,5567.50,10956.91,36.06,2.500,0.58,50.0,0.20
8071.00,5568.97,10958.93,36.06,2.500,0.58,50.0,0.20
8072.00,5570.45,10960.95,36.07,2.500,0.58,50.0,0.20
8073.00,5571.92,10962.97,36.07,2.500,0.58,50.0,0.20
8074.00,5573.39,10964.99,36.07,2.500,0.58,50.0,0.20
8075.00,5574.86,10967.01,36.08,2.500,0.58,50.0,0.20
8076.00,5576.33,10969.03,36.08,2.500,0.58,50.0,0.20
8077.00,5577.81,10971.06,36.08,2.500,0.58,50.0,0.20
8078.00,5579.28,10973.08,36.09,2.500,0.58,50.0,0.20
8079.00,5580.75,10975.10,36.09,2.500,0.58,50.0,0.20
8080.00,5582.22,10977.12,36.09,2.500,0.58,50.0,0.20
8081.00,5583.70,10979.14,36.10,2.500,0.58,50.0,0.20
8082.00,5585.17,10981.16,36.10,2.500,0.58,50.0,0.20
8083.00,5586.64,10983.18,36.10,2.500,0.58,50.0,0.20
8084.00,5588.12,10985.20,36.11,2.500,0.58,50.0,0.20
8085.00,5589.59,10987.22,36.11,2.500,0.58,50.0,0.20
8086.00,5591.06,10989.24,36.11,2.500,0.58,50.0,0.20
8087.00,5592.54,10991.26,36.12,2.500,0.58,50.0,0.20
8088.00,5594.01,10993.28,36.12,2.500,0.58,50.0,0.20
8089.00,5595.48,10995.29,36.12,2.500,0.58,50.0,0.20
8090.00,5596.96,10997.31,36.13,2.500,0.58,50.0,0.20
8091.00,5598.43,10999.33,36.13,2.500,0.58,50.0,0.20
8092.00,5599.90,11001.35,36.13,2.500,0.58,50.0,0.20
8093.00,5601.38,11003.37,36.14,2.500,0.58,50.0,0.20
8094.00,5602.85,11005.39,36.14,2.500,0.58,50.0,0.20
8095.00,5604.33,11007.41,36.14,2.500,0.58,50.0,0.20
8096.00,5605.80,11009.43,36.15,2.500,0.58,50.0,0.20
8097.00,5607.28,11011.45,36.15,2.500,0.58,50.0,0.20
8098.00,5608.75,11013.47,36.15,2.500,0.58,50.0,0.20
8099.00,5610.23,11015.48,36.16,2.500,0.58,50.0,0.20
8100.00,5611.70,11017.50,36.16,2.500,0.58,50.0,0.20
8101.00,5613.18,11019.52,36.16,2.500,0.58,50.0,0.20
8102.00,5614.65,11021.54,36.17,2.500,0.58,50.0,0.20
8103.00,5616.13,11023.56,36.17,2.500,0.57,50.0,0.20
8104.00,5617.60,11025.58,36.17,2.500,0.57,50.0,0.20
8105.00,5619.08,11027.59,36.18,2.500,0.57,50.0,0.20
8106.00,5620.55,11029.61,36.18,2.500,0.57,50.0,0.20
8107.00,5622.03,11031.63,36.18,2.500,0.57,50.0,0.20
8108.00,5623.50,11033.65,36.19,2.500,0.57,50.0,0.20
8109.00,5624.98,11035.67,36.19,2.500,0.57,50.0,0.20
8110.00,5626.46,11037.68,36.19,2.500,0.57,50.0,0.20
8111.00,5627.93,11039.70,36.20,2.500,0.57,50.0,0.20
8112.00,5629.41,11041.72,36.20,2.500,0.57,50.0,0.20
8113.00,5630.89,11043.74,36.20,2.500,0.57,50.0,0.20
8114.00,5632.36,11045.75,36.21,2.500,0.57,50.0,0.20
8115.00,5633.84,11047.77,36.21,2.500,0.57,50.0,0.20
8116.00,5635.32,11049.79,36.21,2.500,0.57,50.0,0.20
8117.00,5636.79,11051.81,36.22,2.500,0.57,50.0,0.20
8118.00,5638.27,11053.82,36.22,2.500,0.57,50.0,0.20
8119.00,5639.75,11055.84,36.22,2.500,0.57,50.0,0.20
8120.00,5641.22,11057.86,36.23,2.500,0.57,50.0,0.20
8121.00,5642.70,11059.87,36.23,2.500,0.57,50.0,0.20
8122.00,5644.18,11061.89,36.23,2.500,0.57,50.0,0.20
8123.00,5645.66,11063.91,36.24,2.500,0.57,50.0,0.20
8124.00,5647.13,11065.92,36.24,2.500,0.57,50.0,0.20
8125.00,5648.61,11067.94,36.24,2.500,0.57,50.0,0.20
8126.00,5650.09,11069.96,36.25,2.500,0.57,50.0,0.20
8127.00,5651.57,11071.97,36.25,2.500,0.57,50.0,0.20
8128.00,5653.05,11073.99,36.25,2.500,0.57,50.0,0.20
8129.00,5654.53,11076.00,36.25,2.500,0.57,50.0,0.20
8130.00,5656.00,11078.02,36.26,2.500,0.57,50.0,0.20
8131.00,5657.48,11080.04,36.26,2.500,0.57,50.0,0.20
8132.00,5658.96,11082.05,36.26,2.500,0.57,50.0,0.20
8133.00,5660.44,11084.07,36.27,2.500,0.57,50.0,0.20
8134.00,5661.92,11086.08,36.27,2.500,0.57,50.0,0.20
8135.00,5663.40,11088.10,36.27,2.500,0.57,50.0,0.20
8136.00,5664.88,11090.11,36.28,2.500,0.57,50.0,0.20
8137.00,5666.36,11092.13,36.28,2.500,0.57,50.0,0.20
8138.00,5667.84,11094.14,36.28,2.500,0.57,50.0,0.20
8139.00,5669.31,11096.16,36.29,2.500,0.57,50.0,0.20
8140.00,5670.79,11098.18,36.29,2.500,0.57,50.0,0.20
8141.00,5672.27,11100.19,36.29,2.500,0.57,50.0,0.20
8142.00,5673.75,11102.21,36.30,2.500,0.56,50.0,0.20
8143.00,5675.23,11104.22,36.30,2.500,0.56,50.0,0.20
8144.00,5676.71,11106.23,36.30,2.500,0.56,50.0,0.20
8145.00,5678.19,11108.25,36.31,2.500,0.56,50.0,0.20
8146.00,5679.67,11110.26,36.31,2.500,0.56,50.0,0.20
8147.00,5681.15,11112.28,36.31,2.500,0.56,50.0,0.20
8148.00,5682.64,11114.29,36.32,2.500,0.56,50.0,0.20
8149.00,5684.12,11116.31,36.32,2.500,0.56,50.0,0.20
8150.00,5685.60,11118.32,36.32,2.500,0.56,50.0,0.20
8151.00,5687.08,11120.34,36.33,2.500,0.56,50.0,0.20
8152.00,5688.56,11122.35,36.33,2.500,0.56,50.0,0.20
8153.00,5690.04,11124.36,36.33,2.500,0.56,50.0,0.20
8154.00,5691.52,11126.38,36.34,2.500,0.56,50.0,0.20
8155.00,5693.00,11128.39,36.34,2.500,0.56,50.0,0.19
8156.00,5694.48,11130.41,36.34,2.500,0.56,50.0,0.19
8157.00,5695.97,11132.42,36.35,2.500,0.56,50.0,0.19
8158.00,5697.45,11134.43,36.35,2.500,0.56,50.0,0.19
8159.00,5698.93,11136.45,36.35,2.500,0.56,50.0,0.19
8160.00,5700.41,11138.46,36.36,2.500,0.56,50.0,0.19
8161.00,5701.89,11140.47,36.36,2.500,0.56,50.0,0.19
8162.00,5703.37,11142.49,36.36,2.500,0.56,50.0,0.19
8163.00,5704.86,11144.50,36.37,2.500,0.56,50.0,0.19
8164.00,5706.34,11146.51,36.37,2.500,0.56,50.0,0.19
8165.00,5707.82,11148.53,36.37,2.500,0.56,50.0,0.19
8166.00,5709.30,11150.54,36.38,2.500,0.56,50.0,0.19
8167.00,5710.79,11152.55,36.38,2.500,0.56,50.0,0.19
8168.00,5712.27,11154.56,36.38,2.500,0.56,50.0,0.19
8169.00,5713.75,11156.58,36.39,2.500,0.56,50.0,0.19
8170.00,5715.24,11158.59,36.39,2.500,0.56,50.0,0.19
8171.00,5716.72,11160.60,36.39,2.500,0.56,50.0,0.19
8172.00,5718.20,11162.62,36.39,2.500,0.56,50.0,0.19
8173.00,5719.69,11164.63,36.40,2.500,0.56,50.0,0.19
8174.00,5721.17,11166.64,36.40,2.500,0.56,50.0,0.19
8175.00,5722.65,11168.65,36.40,2.500,0.56,50.0,0.19
8176.00,5724.14,11170.66,36.41,2.500,0.56,50.0,0.19
8177.00,5725.62,11172.68,36.41,2.500,0.56,50.0,0.19
8178.00,5727.10,11174.69,36.41,2.500,0.56,50.0,0.19
8179.00,5728.59,11176.70,36.42,2.500,0.56,50.0,0.19
8180.00,5730.07,11178.71,36.42,2.500,0.56,50.0,0.19
8181.00,5731.56,11180.72,36.42,2.500,0.55,50.0,0.19
8182.00,5733.04,11182.73,36.43,2.500,0.55,50.0,0.19
8183.00,5734.53,11184.75,36.43,2.500,0.55,50.0,0.19
8184.00,5736.01,11186.76,36.43,2.500,0.55,50.0,0.19
8185.00,5737.49,11188.77,36.44,2.500,0.55,50.0,0.19
8186.00,5738.98,11190.78,36.44,2.500,0.55,50.0,0.19
8187.00,5740.46,11192.79,36.44,2.500,0.55,50.0,0.19
8188.00,5741.95,11194.80,36.45,2.500,0.55,50.0,0.19
8189.00,5743.43,11196.81,36.45,2.500,0.55,50.0,0.19
8190.00,5744.92,11198.82,36.45,2.500,0.55,50.0,0.19
8191.00,5746.41,11200.84,36.46,2.500,0.55,50.0,0.19
8192.00,5747.89,11202.85,36.46,2.500,0.55,50.0,0.19
8193.00,5749.38,11204.86,36.46,2.500,0.55,50.0,0.19
8194.00,5750.86,11206.87,36.47,2.500,0.55,50.0,0.19
8195.00,5752.35,11208.88,36.47,2.500,0.55,50.0,0.19
8196.00,5753.83,11210.89,36.47,2.500,0.55,50.0,0.19
8197.00,5755.32,11212.90,36.48,2.500,0.55,50.0,0.19
8198.00,5756.81,11214.91,36.48,2.500,0.55,50.0,0.19
8199.00,5758.29,11216.92,36.48,2.500,0.55,50.0,0.19
8200.00,5759.78,11218.93,36.48,2.500,0.55,50.0,0.19
8201.00,5761.27,11220.94,36.49,2.500,0.55,50.0,0.19
8202.00,5762.75,11222.95,36.49,2.500,0.55,50.0,0.19
8203.00,5764.24,11224.96,36.49,2.500,0.55,50.0,0.19
8204.00,5765.73,11226.97,36.50,2.500,0.55,50.0,0.19
8205.00,5767.21,11228.98,36.50,2.500,0.55,50.0,0.19
8206.00,5768.70,11230.99,36.50,2.500,0.55,50.0,0.19
8207.00,5770.19,11233.00,36.51,2.500,0.55,50.0,0.19
8208.00,5771.67,11235.01,36.51,2.500,0.55,50.0,0.19
8209.00,5773.16,11237.02,36.51,2.500,0.55,50.0,0.19
8210.00,5774.65,11239.03,36.52,2.500,0.55,50.0,0.19
8211.00,5776.14,11241.04,36.52,2.500,0.55,50.0,0.19
8212.00,5777.62,11243.04,36.52,2.500,0.55,50.0,0.19
8213.00,5779.11,11245.05,36.53,2.500,0.55,50.0,0.19
8214.00,5780.60,11247.06,36.53,2.500,0.55,50.0,0.19
8215.00,5782.09,11249.07,36.53,2.500,0.55,50.0,0.19
8216.00,5783.58,11251.08,36.54,2.500,0.55,50.0,0.19
8217.00,5785.07,11253.09,36.54,2.500,0.55,50.0,0.19
8218.00,5786.55,11255.10,36.54,2.500,0.55,50.0,0.19
8219.00,5788.04,11257.11,36.54,2.500,0.55,50.0,0.19
8220.00,5789.53,11259.11,36.55,2.500,0.54,50.0,0.19
8221.00,5791.02,11261.12,36.55,2.500,0.54,50.0,0.19
8222.00,5792.51,11263.13,36.55,2.500,0.54,50.0,0.19
8223.00,5794.00,11265.14,36.56,2.500,0.54,50.0,0.19
8224.00,5795.49,11267.15,36.56,2.500,0.54,50.0,0.19
8225.00,5796.98,11269.16,36.56,2.500,0.54,50.0,0.19
8226.00,5798.46,11271.16,36.57,2.500,0.54,50.0,0.19
8227.00,5799.95,11273.17,36.57,2.500,0.54,50.0,0.19
8228.00,5801.44,11275.18,36.57,2.500,0.54,50.0,0.19
8229.00,5802.93,11277.19,36.58,2.500,0.54,50.0,0.19
8230.00,5804.42,11279.20,36.58,2.500,0.54,50.0,0.19
8231.00,5805.91,11281.20,36.58,2.500,0.54,50.0,0.19
8232.00,5807.40,11283.21,36.59,2.500,0.54,50.0,0.19
8233.00,5808.89,11285.22,36.59,2.500,0.54,50.0,0.19
8234.00,5810.38,11287.23,36.59,2.500,0.54,50.0,0.19
8235.00,5811.87,11289.23,36.60,2.500,0.54,50.0,0.19
8236.00,5813.36,11291.24,36.60,2.500,0.54,50.0,0.19
8237.00,5814.85,11293.25,36.60,2.500,0.54,50.0,0.19
8238.00,5816.34,11295.25,36.60,2.500,0.54,50.0,0.19
8239.00,5817.84,11297.26,36.61,2.500,0.54,50.0,0.19
8240.00,5819.33,11299.27,36.61,2.500,0.54,50.0,0.19
8241.00,5820.82,11301.27,36.61,2.500,0.54,50.0,0.19
8242.00,5822.31,11303.28,36.62,2.500,0.54,50.0,0.19
8243.00,5823.80,11305.29,36.62,2.500,0.54,50.0,0.19
8244.00,5825.29,11307.29,36.62,2.500,0.54,50.0,0.19
8245.00,5826.78,11309.30,36.63,2.500,0.54,50.0,0.19
8246.00,5828.27,11311.31,36.63,2.500,0.54,50.0,0.19
8247.00,5829.77,11313.31,36.63,2.500,0.54,50.0,0.19
8248.00,5831.26,11315.32,36.64,2.500,0.54,50.0,0.19
8249.00,5832.75,11317.33,36.64,2.500,0.54,50.0,0.19
8250.00,5834.24,11319.33,36.64,2.500,0.54,50.0,0.19
8251.00,5835.73,11321.34,36.65,2.500,0.54,50.0,0.19
8252.00,5837.22,11323.34,36.65,2.500,0.54,50.0,0.19
8253.00,5838.72,11325.35,36.65,2.500,0.54,50.0,0.19
8254.00,5840.21,11327.35,36.65,2.500,0.54,50.0,0.19
8255.00,5841.70,11329.36,36.66,2.500,0.54,50.0,0.19
8256.00,5843.19,11331.37,36.66,2.500,0.54,50.0,0.19
8257.00,5844.69,11333.37,36.66,2.500,0.54,50.0,0.19
8258.00,5846.18,11335.38,36.67,2.500,0.54,50.0,0.19
8259.00,5847.67,11337.38,36.67,2.500,0.54,50.0,0.19
8260.00,5849.17,11339.39,36.67,2.500,0.54,50.0,0.19
8261.00,5850.66,11341.39,36.68,2.500,0.54,50.0,0.19
8262.00,5852.15,11343.40,36.68,2.500,0.53,50.0,0.19
8263.00,5853.65,11345.40,36.68,2.500,0.53,50.0,0.19
8264.00,5855.14,11347.41,36.69,2.500,0.53,50.0,0.19
8265.00,5856.63,11349.41,36.69,2.500,0.53,50.0,0.19
8266.00,5858.13,11351.42,36.69,2.500,0.53,50.0,0.19
8267.00,5859.62,11353.42,36.69,2.500,0.53,50.0,0.19
8268.00,5861.11,11355.43,36.70,2.500,0.53,50.0,0.19
8269.00,5862.61,11357.43,36.70,2.500,0.53,50.0,0.19
8270.00,5864.10,11359.43,36.70,2.500,0.53,50.0,0.19
8271.00,5865.60,11361.44,36.71,2.500,0.53,50.0,0.19
8272.00,5867.09,11363.44,36.71,2.500,0.53,50.0,0.18
8273.00,5868.59,11365.45,36.71,2.500,0.53,50.0,0.18
8274.00,5870.08,11367.45,36.72,2.500,0.53,50.0,0.18
8275.00,5871.57,11369.46,36.72,2.500,0.53,50.0,0.18
8276.00,5873.07,11371.46,36.72,2.500,0.53,50.0,0.18
8277.00,5874.56,11373.46,36.73,2.500,0.53,50.0,0.18
8278.00,5876.06,11375.47,36.73,2.500,0.53,50.0,0.18
8279.00,5877.55,11377.47,36.73,2.500,0.53,50.0,0.18
8280.00,5879.05,11379.47,36.73,2.500,0.53,50.0,0.18
8281.00,5880.54,11381.48,36.74,2.500,0.53,50.0,0.18
8282.00,5882.04,11383.48,36.74,2.500,0.53,50.0,0.18
8283.00,5883.54,11385.48,36.74,2.500,0.53,50.0,0.18
8284.00,5885.03,11387.49,36.75,2.500,0.53,50.0,0.18
8285.00,5886.53,11389.49,36.75,2.500,0.53,50.0,0.18
8286.00,5888.02,11391.49,36.75,2.500,0.53,50.0,0.18
8287.00,5889.52,11393.50,36.76,2.500,0.53,50.0,0.18
8288.00,5891.01,11395.50,36.76,2.500,0.53,50.0,0.18
8289.00,5892.51,11397.50,36.76,2.500,0.53,50.0,0.18
8290.00,5894.01,11399.51,36.77,2.500,0.53,50.0,0.18
8291.00,5895.50,11401.51,36.77,2.500,0.53,50.0,0.18
8292.00,5897.00,11403.51,36.77,2.500,0.53,50.0,0.18
8293.00,5898.50,11405.51,36.77,2.500,0.53,50.0,0.18
8294.00,5899.99,11407.52,36.78,2.500,0.53,50.0,0.18
8295.00,5901.49,11409.52,36.78,2.500,0.53,50.0,0.18
8296.00,5902.99,11411.52,36.78,2.500,0.53,50.0,0.18
8297.00,5904.48,11413.52,36.79,2.500,0.53,50.0,0.18
8298.00,5905.98,11415.53,36.79,2.500,0.53,50.0,0.18
8299.00,5907.48,11417.53,36.79,2.500,0.53,50.0,0.18
8300.00,5908.98,11419.53,36.80,2.500,0.53,50.0,0.18
8301.00,5910.47,11421.53,36.80,2.500,0.53,50.0,0.18
8302.00,5911.97,11423.53,36.80,2.500,0.53,50.0,0.18
8303.00,5913.47,11425.54,36.81,2.500,0.53,50.0,0.18
8304.00,5914.97,11427.54,36.81,2.500,0.52,50.0,0.18
8305.00,5916.46,11429.54,36.81,2.500,0.52,50.0,0.18
8306.00,5917.96,11431.54,36.81,2.500,0.52,50.0,0.18
8307.00,5919.46,11433.54,36.82,2.500,0.52,50.0,0.18
8308.00,5920.96,11435.54,36.82,2.500,0.52,50.0,0.18
8309.00,5922.46,11437.54,36.82,2.500,0.52,50.0,0.18
8310.00,5923.95,11439.55,36.83,2.500,0.52,50.0,0.18
8311.00,5925.45,11441.55,36.83,2.500,0.52,50.0,0.18
8312.00,5926.95,11443.55,36.83,2.500,0.52,50.0,0.18
8313.00,5928.45,11445.55,36.84,2.500,0.52,50.0,0.18
8314.00,5929.95,11447.55,36.84,2.500,0.52,50.0,0.18
8315.00,5931.45,11449.55,36.84,2.500,0.52,50.0,0.18
8316.00,5932.95,11451.55,36.84,2.500,0.52,50.0,0.18
8317.00,5934.45,11453.55,36.85,2.500,0.52,50.0,0.18
8318.00,5935.94,11455.55,36.85,2.500,0.52,50.0,0.18
8319.00,5937.44,11457.55,36.85,2.500,0.52,50.0,0.18
8320.00,5938.94,11459.55,36.86,2.500,0.52,50.0,0.18
8321.00,5940.44,11461.55,36.86,2.500,0.52,50.0,0.18
8322.00,5941.94,11463.55,36.86,2.500,0.52,50.0,0.18
8323.00,5943.44,11465.55,36.87,2.500,0.52,50.0,0.18
8324.00,5944.94,11467.55,36.87,2.500,0.52,50.0,0.18
8325.00,5946.44,11469.55,36.87,2.500,0.52,50.0,0.18
8326.00,5947.94,11471.55,36.87,2.500,0.52,50.0,0.18
8327.00,5949.44,11473.55,36.88,2.500,0.52,50.0,0.18
8328.00,5950.94,11475.55,36.88,2.500,0.52,50.0,0.18
8329.00,5952.44,11477.55,36.88,2.500,0.52,50.0,0.18
8330.00,5953.94,11479.55,36.89,2.500,0.52,50.0,0.18
8331.00,5955.44,11481.55,36.89,2.500,0.52,50.0,0.18
8332.00,5956.94,11483.55,36.89,2.500,0.52,50.0,0.18
8333.00,5958.45,11485.55,36.90,2.500,0.52,50.0,0.18
8334.00,5959.95,11487.55,36.90,2.500,0.52,50.0,0.18
8335.00,5961.45,11489.55,36.90,2.500,0.52,50.0,0.18
8336.00,5962.95,11491.55,36.90,2.500,0.52,50.0,0.18
8337.00,5964.45,11493.55,36.91,2.500,0.52,50.0,0.18
8338.00,5965.95,11495.55,36.91,2.500,0.52,50.0,0.18
8339.00,5967.45,11497.55,36.91,2.500,0.52,50.0,0.18
8340.00,5968.95,11499.55,36.92,2.500,0.52,50.0,0.18
8341.00,5970.46,11501.54,36.92,2.500,0.52,50.0,0.18
8342.00,5971.96,11503.54,36.92,2.500,0.52,50.0,0.18
8343.00,5973.46,11505.54,36.93,2.500,0.52,50.0,0.18
8344.00,5974.96,11507.54,36.93,2.500,0.52,50.0,0.18
8345.00,5976.46,11509.54,36.93,2.500,0.52,50.0,0.18
8346.00,5977.97,11511.54,36.93,2.500,0.51,50.0,0.18
8347.00,5979.47,11513.54,36.94,2.500,0.51,50.0,0.18
8348.00,5980.97,11515.53,36.94,2.500,0.51,50.0,0.18
8349.00,5982.47,11517.53,36.94,2.500,0.51,50.0,0.18
8350.00,5983.98,11519.53,36.95,2.500,0.51,50.0,0.18
8351.00,5985.48,11521.53,36.95,2.500,0.51,50.0,0.18
8352.00,5986.98,11523.53,36.95,2.500,0.51,50.0,0.18
8353.00,5988.48,11525.52,36.96,2.500,0.51,50.0,0.18
8354.00,5989.99,11527.52,36.96,2.500,0.51,50.0,0.18
8355.00,5991.49,11529.52,36.96,2.500,0.51,50.0,0.18
8356.00,5992.99,11531.52,36.96,2.500,0.51,50.0,0.18
8357.00,5994.50,11533.51,36.97,2.500,0.51,50.0,0.18
8358.00,5996.00,11535.51,36.97,2.500,0.51,50.0,0.18
8359.00,5997.50,11537.51,36.97,2.500,0.51,50.0,0.18
8360.00,5999.01,11539.51,36.98,2.500,0.51,50.0,0.18
8361.00,6000.51,11541.50,36.98,2.500,0.51,50.0,0.18
8362.00,6002.01,11543.50,36.98,2.500,0.51,50.0,0.18
8363.00,6003.52,11545.50,36.98,2.500,0.51,50.0,0.18
8364.00,6005.02,11547.49,36.99,2.500,0.51,50.0,0.18
8365.00,6006.53,11549.49,36.99,2.500,0.51,50.0,0.18
8366.00,6008.03,11551.49,36.99,2.500,0.51,50.0,0.18
8367.00,6009.53,11553.49,37.00,2.500,0.51,50.0,0.18
8368.00,6011.04,11555.48,37.00,2.500,0.51,50.0,0.18
8369.00,6012.54,11557.48,37.00,2.500,0.51,50.0,0.18
8370.00,6014.05,11559.47,37.01,2.500,0.51,50.0,0.18
8371.00,6015.55,11561.47,37.01,2.500,0.51,50.0,0.18
8372.00,6017.06,11563.47,37.01,2.500,0.51,50.0,0.18
8373.00,6018.56,11565.46,37.01,2.500,0.51,50.0,0.18
8374.00,6020.07,11567.46,37.02,2.500,0.51,50.0,0.18
8375.00,6021.57,11569.46,37.02,2.500,0.51,50.0,0.18
8376.00,6023.08,11571.45,37.02,2.500,0.51,50.0,0.18
8377.00,6024.58,11573.45,37.03,2.500,0.51,50.0,0.18
8378.00,6026.09,11575.44,37.03,2.500,0.51,50.0,0.18
8379.00,6027.59,11577.44,37.03,2.500,0.51,50.0,0.18
8380.00,6029.10,11579.44,37.04,2.500,0.51,50.0,0.18
8381.00,6030.61,11581.43,37.04,2.500,0.51,50.0,0.18
8382.00,6032.11,11583.43,37.04,2.500,0.51,50.0,0.18
8383.00,6033.62,11585.42,37.04,2.500,0.51,50.0,0.18
8384.00,6035.12,11587.42,37.05,2.500,0.51,50.0,0.18
8385.00,6036.63,11589.41,37.05,2.500,0.51,50.0,0.18
8386.00,6038.14,11591.41,37.05,2.500,0.51,50.0,0.18
8387.00,6039.64,11593.40,37.06,2.500,0.51,50.0,0.18
8388.00,6041.15,11595.40,37.06,2.500,0.51,50.0,0.18
8389.00,6042.66,11597.39,37.06,2.500,0.51,50.0,0.18
8390.00,6044.16,11599.39,37.06,2.500,0.51,50.0,0.18
8391.00,6045.67,11601.38,37.07,2.500,0.50,50.0,0.18
8392.00,6047.18,11603.38,37.07,2.500,0.50,50.0,0.18
8393.00,6048.68,11605.37,37.07,2.500,0.50,50.0,0.18
8394.00,6050.19,11607.37,37.08,2.500,0.50,50.0,0.18
8395.00,6051.70,11609.36,37.08,2.500,0.50,50.0,0.17
8396.00,6053.20,11611.36,37.08,2.500,0.50,50.0,0.17
8397.00,6054.71,11613.35,37.08,2.500,0.50,50.0,0.17
8398.00,6056.22,11615.35,37.09,2.500,0.50,50.0,0.17
8399.00,6057.73,11617.34,37.09,2.500,0.50,50.0,0.17
8400.00,6059.23,11619.33,37.09,2.500,0.50,50.0,0.17
8401.00,6060.74,11621.33,37.10,2.500,0.50,50.0,0.17
8402.00,6062.25,11623.32,37.10,2.500,0.50,50.0,0.17
8403.00,6063.76,11625.32,37.10,2.500,0.50,50.0,0.17
8404.00,6065.27,11627.31,37.11,2.500,0.50,50.0,0.17
8405.00,6066.77,11629.30,37.11,2.500,0.50,50.0,0.17
8406.00,6068.28,11631.30,37.11,2.500,0.50,50.0,0.17
8407.00,6069.79,11633.29,37.11,2.500,0.50,50.0,0.17
8408.00,6071.30,11635.29,37.12,2.500,0.50,50.0,0.17
8409.00,6072.81,11637.28,37.12,2.500,0.50,50.0,0.17
8410.00,6074.32,11639.27,37.12,2.500,0.50,50.0,0.17
8411.00,6075.83,11641.27,37.13,2.500,0.50,50.0,0.17
8412.00,6077.33,11643.26,37.13,2.500,0.50,50.0,0.17
8413.00,6078.84,11645.25,37.13,2.500,0.50,50.0,0.17
8414.00,6080.35,11647.25,37.13,2.500,0.50,50.0,0.17
8415.00,6081.86,11649.24,37.14,2.500,0.50,50.0,0.17
8416.00,6083.37,11651.23,37.14,2.500,0.50,50.0,0.17
8417.00,6084.88,11653.22,37.14,2.500,0.50,50.0,0.17
8418.00,6086.39,11655.22,37.15,2.500,0.50,50.0,0.17
8419.00,6087.90,11657.21,37.15,2.500,0.50,50.0,0.17
8420.00,6089.41,11659.20,37.15,2.500,0.50,50.0,0.17
8421.00,6090.92,11661.20,37.15,2.500,0.50,50.0,0.17
8422.00,6092.43,11663.19,37.16,2.500,0.50,50.0,0.17
8423.00,6093.94,11665.18,37.16,2.500,0.50,50.0,0.17
8424.00,6095.45,11667.17,37.16,2.500,0.50,50.0,0.17
8425.00,6096.96,11669.16,37.17,2.500,0.50,50.0,0.17
8426.00,6098.47,11671.16,37.17,2.500,0.50,50.0,0.17
8427.00,6099.98,11673.15,37.17,2.500,0.50,50.0,0.17
8428.00,6101.49,11675.14,37.17,2.500,0.50,50.0,0.17
8429.00,6103.00,11677.13,37.18,2.500,0.50,50.0,0.17
8430.00,6104.51,11679.13,37.18,2.500,0.50,50.0,0.17
8431.00,6106.02,11681.12,37.18,2.500,0.50,50.0,0.17
8432.00,6107.53,11683.11,37.19,2.500,0.50,50.0,0.17
8433.00,6109.05,11685.10,37.19,2.500,0.49,50.0,0.17
8434.00,6110.56,11687.09,37.19,2.500,0.49,50.0,0.17
8435.00,6112.07,11689.08,37.19,2.500,0.49,50.0,0.17
8436.00,6113.58,11691.08,37.20,2.500,0.49,50.0,0.17
8437.00,6115.09,11693.07,37.20,2.500,0.49,50.0,0.17
8438.00,6116.60,11695.06,37.20,2.500,0.49,50.0,0.17
8439.00,6118.11,11697.05,37.21,2.500,0.49,50.0,0.17
8440.00,6119.62,11699.04,37.21,2.500,0.49,50.0,0.17
8441.00,6121.14,11701.03,37.21,2.500,0.49,50.0,0.17
8442.00,6122.65,11703.02,37.21,2.500,0.49,50.0,0.17
8443.00,6124.16,11705.01,37.22,2.500,0.49,50.0,0.17
8444.00,6125.67,11707.00,37.22,2.500,0.49,50.0,0.17
8445.00,6127.18,11709.00,37.22,2.500,0.49,50.0,0.17
8446.00,6128.70,11710.99,37.23,2.500,0.49,50.0,0.17
8447.00,6130.21,11712.98,37.23,2.500,0.49,50.0,0.17
8448.00,6131.72,11714.97,37.23,2.500,0.49,50.0,0.17
8449.00,6133.23,11716.96,37.23,2.500,0.49,50.0,0.17
8450.00,6134.75,11718.95,37.24,2.500,0.49,50.0,0.17
8451.00,6136.26,11720.94,37.24,2.500,0.49,50.0,0.17
8452.00,6137.77,11722.93,37.24,2.500,0.49,50.0,0.17
8453.00,6139.29,11724.92,37.25,2.500,0.49,50.0,0.17
8454.00,6140.80,11726.91,37.25,2.500,0.49,50.0,0.17
8455.00,6142.31,11728.90,37.25,2.500,0.49,50.0,0.17
8456.00,6143.83,11730.89,37.25,2.500,0.49,50.0,0.17
8457.00,6145.34,11732.88,37.26,2.500,0.49,50.0,0.17
8458.00,6146.85,11734.87,37.26,2.500,0.49,50.0,0.17
8459.00,6148.37,11736.86,37.26,2.500,0.49,50.0,0.17
8460.00,6149.88,11738.85,37.27,2.500,0.49,50.0,0.17
8461.00,6151.39,11740.84,37.27,2.500,0.49,50.0,0.17
8462.00,6152.91,11742.83,37.27,2.500,0.49,50.0,0.17
8463.00,6154.42,11744.82,37.27,2.500,0.49,50.0,0.17
8464.00,6155.94,11746.81,37.28,2.500,0.49,50.0,0.17
8465.00,6157.45,11748.80,37.28,2.500,0.49,50.0,0.17
8466.00,6158.96,11750.78,37.28,2.500,0.49,50.0,0.17
8467.00,6160.48,11752.77,37.29,2.500,0.49,50.0,0.17
8468.00,6161.99,11754.76,37.29,2.500,0.49,50.0,0.17
8469.00,6163.51,11756.75,37.29,2.500,0.49,50.0,0.17
8470.00,6165.02,11758.74,37.29,2.500,0.49,50.0,0.17
8471.00,6166.54,11760.73,37.30,2.500,0.49,50.0,0.17
8472.00,6168.05,11762.72,37.30,2.500,0.49,50.0,0.17
8473.00,6169.57,11764.71,37.30,2.500,0.49,50.0,0.17
8474.00,6171.08,11766.70,37.31,2.500,0.49,50.0,0.17
8475.00,6172.60,11768.68,37.31,2.500,0.49,50.0,0.17
8476.00,6174.11,11770.67,37.31,2.500,0.49,50.0,0.17
8477.00,6175.63,11772.66,37.31,2.500,0.49,50.0,0.17
8478.00,6177.14,11774.65,37.32,2.500,0.48,50.0,0.17
8479.00,6178.66,11776.64,37.32,2.500,0.48,50.0,0.17
8480.00,6180.17,11778.63,37.32,2.500,0.48,50.0,0.17
8481.00,6181.69,11780.61,37.32,2.500,0.48,50.0,0.17
8482.00,6183.21,11782.60,37.33,2.500,0.48,50.0,0.17
8483.00,6184.72,11784.59,37.33,2.500,0.48,50.0,0.17
8484.00,6186.24,11786.58,37.33,2.500,0.48,50.0,0.17
8485.00,6187.75,11788.57,37.34,2.500,0.48,50.0,0.17
8486.00,6189.27,11790.55,37.34,2.500,0.48,50.0,0.17
8487.00,6190.79,11792.54,37.34,2.500,0.48,50.0,0.17
8488.00,6192.30,11794.53,37.34,2.500,0.48,50.0,0.17
8489.00,6193.82,11796.52,37.35,2.500,0.48,50.0,0.17
8490.00,6195.34,11798.50,37.35,2.500,0.48,50.0,0.17
8491.00,6196.85,11800.49,37.35,2.500,0.48,50.0,0.17
8492.00,6198.37,11802.48,37.36,2.500,0.48,50.0,0.17
8493.00,6199.89,11804.47,37.36,2.500,0.48,50.0,0.17
8494.00,6201.40,11806.45,37.36,2.500,0.48,50.0,0.17
8495.00,6202.92,11808.44,37.36,2.500,0.48,50.0,0.17
8496.00,6204.44,11810.43,37.37,2.500,0.48,50.0,0.17
8497.00,6205.95,11812.41,37.37,2.500,0.48,50.0,0.17
8498.00,6207.47,11814.40,37.37,2.500,0.48,50.0,0.17
8499.00,6208.99,11816.39,37.38,2.500,0.48,50.0,0.17
8500.00,6210.51,11818.37,37.38,2.500,0.48,50.0,0.17
8501.00,6212.02,11820.36,37.38,2.500,0.48,50.0,0.17
8502.00,6213.54,11822.35,37.38,2.500,0.48,50.0,0.17
8503.00,6215.06,11824.33,37.39,2.500,0.48,50.0,0.17
8504.00,6216.58,11826.32,37.39,2.500,0.48,50.0,0.17
8505.00,6218.10,11828.31,37.39,2.500,0.48,50.0,0.17
8506.00,6219.61,11830.29,37.39,2.500,0.48,50.0,0.17
8507.00,6221.13,11832.28,37.40,2.500,0.48,50.0,0.17
8508.00,6222.65,11834.26,37.40,2.500,0.48,50.0,0.17
8509.00,6224.17,11836.25,37.40,2.500,0.48,50.0,0.17
8510.00,6225.69,11838.24,37.41,2.500,0.48,50.0,0.17
8511.00,6227.21,11840.22,37.41,2.500,0.48,50.0,0.17
8512.00,6228.73,11842.21,37.41,2.500,0.48,50.0,0.17
8513.00,6230.24,11844.19,37.41,2.500,0.48,50.0,0.17
8514.00,6231.76,11846.18,37.42,2.500,0.48,50.0,0.17
8515.00,6233.28,11848.17,37.42,2.500,0.48,50.0,0.17
8516.00,6234.80,11850.15,37.42,2.500,0.48,50.0,0.17
8517.00,6236.32,11852.14,37.43,2.500,0.48,50.0,0.17
8518.00,6237.84,11854.12,37.43,2.500,0.48,50.0,0.17
8519.00,6239.36,11856.11,37.43,2.500,0.48,50.0,0.17
8520.00,6240.88,11858.09,37.43,2.500,0.48,50.0,0.17
8521.00,6242.40,11860.08,37.44,2.500,0.48,50.0,0.17
8522.00,6243.92,11862.06,37.44,2.500,0.48,50.0,0.17
8523.00,6245.44,11864.05,37.44,2.500,0.48,50.0,0.17
8524.00,6246.96,11866.03,37.44,2.500,0.48,50.0,0.17
8525.00,6248.48,11868.02,37.45,2.500,0.48,50.0,0.16
8526.00,6250.00,11870.00,37.45,2.500,0.47,50.0,0.16
8527.00,6251.52,11871.99,37.45,2.500,0.47,50.0,0.16
8528.00,6253.04,11873.97,37.46,2.500,0.47,50.0,0.16
8529.00,6254.56,11875.96,37.46,2.500,0.47,50.0,0.16
8530.00,6256.08,11877.94,37.46,2.500,0.47,50.0,0.16
8531.00,6257.60,11879.92,37.46,2.500,0.47,50.0,0.16
8532.00,6259.12,11881.91,37.47,2.500,0.47,50.0,0.16
8533.00,6260.64,11883.89,37.47,2.500,0.47,50.0,0.16
8534.00,6262.16,11885.88,37.47,2.500,0.47,50.0,0.16
8535.00,6263.68,11887.86,37.47,2.500,0.47,50.0,0.16
8536.00,6265.20,11889.85,37.48,2.500,0.47,50.0,0.16
8537.00,6266.73,11891.83,37.48,2.500,0.47,50.0,0.16
8538.00,6268.25,11893.81,37.48,2.500,0.47,50.0,0.16
8539.00,6269.77,11895.80,37.49,2.500,0.47,50.0,0.16
8540.00,6271.29,11897.78,37.49,2.500,0.47,50.0,0.16
8541.00,6272.81,11899.76,37.49,2.500,0.47,50.0,0.16
8542.00,6274.33,11901.75,37.49,2.500,0.47,50.0,0.16
8543.00,6275.85,11903.73,37.50,2.500,0.47,50.0,0.16
8544.00,6277.38,11905.72,37.50,2.500,0.47,50.0,0.16
8545.00,6278.90,11907.70,37.50,2.500,0.47,50.0,0.16
8546.00,6280.42,11909.68,37.50,2.500,0.47,50.0,0.16
8547.00,6281.94,11911.67,37.51,2.500,0.47,50.0,0.16
8548.00,6283.46,11913.65,37.51,2.500,0.47,50.0,0.16
8549.00,6284.99,11915.63,37.51,2.500,0.47,50.0,0.16
8550.00,6286.51,11917.61,37.52,2.500,0.47,50.0,0.16
8551.00,6288.03,11919.60,37.52,2.500,0.47,50.0,0.16
8552.00,6289.55,11921.58,37.52,2.500,0.47,50.0,0.16
8553.00,6291.08,11923.56,37.52,2.500,0.47,50.0,0.16
8554.00,6292.60,11925.55,37.53,2.500,0.47,50.0,0.16
8555.00,6294.12,11927.53,37.53,2.500,0.47,50.0,0.16
8556.00,6295.64,11929.51,37.53,2.500,0.47,50.0,0.16
8557.00,6297.17,11931.49,37.53,2.500,0.47,50.0,0.16
8558.00,6298.69,11933.48,37.54,2.500,0.47,50.0,0.16
8559.00,6300.21,11935.46,37.54,2.500,0.47,50.0,0.16
8560.00,6301.74,11937.44,37.54,2.500,0.47,50.0,0.16
8561.00,6303.26,11939.42,37.55,2.500,0.47,50.0,0.16
8562.00,6304.78,11941.41,37.55,2.500,0.47,50.0,0.16
8563.00,6306.31,11943.39,37.55,2.500,0.47,50.0,0.16
8564.00,6307.83,11945.37,37.55,2.500,0.47,50.0,0.16
8565.00,6309.35,11947.35,37.56,2.500,0.47,50.0,0.16
8566.00,6310.88,11949.33,37.56,2.500,0.47,50.0,0.16
8567.00,6312.40,11951.32,37.56,2.500,0.47,50.0,0.16
8568.00,6313.93,11953.30,37.56,2.500,0.47,50.0,0.16
8569.00,6315.45,11955.28,37.57,2.500,0.47,50.0,0.16
8570.00,6316.97,11957.26,37.57,2.500,0.47,50.0,0.16
8571.00,6318.50,11959.24,37.57,2.500,0.46,50.0,0.16
8572.00,6320.02,11961.22,37.57,2.500,0.46,50.0,0.16
8573.00,6321.55,11963.21,37.58,2.500,0.46,50.0,0.16
8574.00,6323.07,11965.19,37.58,2.500,0.46,50.0,0.16
8575.00,6324.60,11967.17,37.58,2.500,0.46,50.0,0.16
8576.00,6326.12,11969.15,37.59,2.500,0.46,50.0,0.16
8577.00,6327.65,11971.13,37.59,2.500,0.46,50.0,0.16
8578.00,6329.17,11973.11,37.59,2.500,0.46,50.0,0.16
8579.00,6330.70,11975.09,37.59,2.500,0.46,50.0,0.16
8580.00,6332.22,11977.07,37.60,2.500,0.46,50.0,0.16
8581.00,6333.75,11979.05,37.60,2.500,0.46,50.0,0.16
8582.00,6335.27,11981.03,37.60,2.500,0.46,50.0,0.16
8583.00,6336.80,11983.02,37.60,2.500,0.46,50.0,0.16
8584.00,6338.32,11985.00,37.61,2.500,0.46,50.0,0.16
8585.00,6339.85,11986.98,37.61,2.500,0.46,50.0,0.16
8586.00,6341.37,11988.96,37.61,2.500,0.46,50.0,0.16
8587.00,6342.90,11990.94,37.62,2.500,0.46,50.0,0.16
8588.00,6344.43,11992.92,37.62,2.500,0.46,50.0,0.16
8589.00,6345.95,11994.90,37.62,2.500,0.46,50.0,0.16
8590.00,6347.48,11996.88,37.62,2.500,0.46,50.0,0.16
8591.00,6349.00,11998.86,37.63,2.500,0.46,50.0,0.16
8592.00,6350.53,12000.84,37.63,2.500,0.46,50.0,0.16
8593.00,6352.06,12002.82,37.63,2.500,0.46,50.0,0.16
8594.00,6353.58,12004.80,37.63,2.500,0.46,50.0,0.16
8595.00,6355.11,12006.78,37.64,2.500,0.46,50.0,0.16
8596.00,6356.64,12008.76,37.64,2.500,0.46,50.0,0.16
8597.00,6358.16,12010.74,37.64,2.500,0.46,50.0,0.16
8598.00,6359.69,12012.72,37.64,2.500,0.46,50.0,0.16
8599.00,6361.22,12014.70,37.65,2.500,0.46,50.0,0.16
8600.00,6362.74,12016.68,37.65,2.500,0.46,50.0,0.16
8601.00,6364.27,12018.66,37.65,2.500,0.46,50.0,0.16
8602.00,6365.80,12020.63,37.66,2.500,0.46,50.0,0.16
8603.00,6367.33,12022.61,37.66,2.500,0.46,50.0,0.16
8604.00,6368.85,12024.59,37.66,2.500,0.46,50.0,0.16
8605.00,6370.38,12026.57,37.66,2.500,0.46,50.0,0.16
8606.00,6371.91,12028.55,37.67,2.500,0.46,50.0,0.16
8607.00,6373.44,12030.53,37.67,2.500,0.46,50.0,0.16
8608.00,6374.96,12032.51,37.67,2.500,0.46,50.0,0.16
8609.00,6376.49,12034.49,37.67,2.500,0.46,50.0,0.16
8610.00,6378.02,12036.47,37.68,2.500,0.46,50.0,0.16
8611.00,6379.55,12038.45,37.68,2.500,0.46,50.0,0.16
8612.00,6381.08,12040.42,37.68,2.500,0.46,50.0,0.16
8613.00,6382.60,12042.40,37.68,2.500,0.46,50.0,0.16
8614.00,6384.13,12044.38,37.69,2.500,0.46,50.0,0.16
8615.00,6385.66,12046.36,37.69,2.500,0.46,50.0,0.16
8616.00,6387.19,12048.34,37.69,2.500,0.46,50.0,0.16
8617.00,6388.72,12050.32,37.69,2.500,0.46,50.0,0.16
8618.00,6390.25,12052.29,37.70,2.500,0.46,50.0,0.16
8619.00,6391.77,12054.27,37.70,2.500,0.46,50.0,0.16
8620.00,6393.30,12056.25,37.70,2.500,0.46,50.0,0.16
8621.00,6394.83,12058.23,37.71,2.500,0.46,50.0,0.16
8622.00,6396.36,12060.21,37.71,2.500,0.45,50.0,0.16
8623.00,6397.89,12062.18,37.71,2.500,0.45,50.0,0.16
8624.00,6399.42,12064.16,37.71,2.500,0.45,50.0,0.16
8625.00,6400.95,12066.14,37.72,2.500,0.45,50.0,0.16
8626.00,6402.48,12068.12,37.72,2.500,0.45,50.0,0.16
8627.00,6404.01,12070.09,37.72,2.500,0.45,50.0,0.16
8628.00,6405.54,12072.07,37.72,2.500,0.45,50.0,0.16
8629.00,6407.07,12074.05,37.73,2.500,0.45,50.0,0.16
8630.00,6408.60,12076.03,37.73,2.500,0.45,50.0,0.16
8631.00,6410.13,12078.00,37.73,2.500,0.45,50.0,0.16
8632.00,6411.66,12079.98,37.73,2.500,0.45,50.0,0.16
8633.00,6413.19,12081.96,37.74,2.500,0.45,50.0,0.16
8634.00,6414.72,12083.94,37.74,2.500,0.45,50.0,0.16
8635.00,6416.25,12085.91,37.74,2.500,0.45,50.0,0.16
8636.00,6417.78,12087.89,37.74,2.500,0.45,50.0,0.16
8637.00,6419.31,12089.87,37.75,2.500,0.45,50.0,0.16
8638.00,6420.84,12091.84,37.75,2.500,0.45,50.0,0.16
8639.00,6422.37,12093.82,37.75,2.500,0.45,50.0,0.16
8640.00,6423.90,12095.80,37.76,2.500,0.45,50.0,0.16
8641.00,6425.43,12097.77,37.76,2.500,0.45,50.0,0.16
8642.00,6426.96,12099.75,37.76,2.500,0.45,50.0,0.16
8643.00,6428.49,12101.73,37.76,2.500,0.45,50.0,0.16
8644.00,6430.02,12103.70,37.77,2.500,0.45,50.0,0.16
8645.00,6431.55,12105.68,37.77,2.500,0.45,50.0,0.16
8646.00,6433.08,12107.66,37.77,2.500,0.45,50.0,0.16
8647.00,6434.62,12109.63,37.77,2.500,0.45,50.0,0.16
8648.00,6436.15,12111.61,37.78,2.500,0.45,50.0,0.16
8649.00,6437.68,12113.58,37.78,2.500,0.45,50.0,0.16
8650.00,6439.21,12115.56,37.78,2.500,0.45,50.0,0.16
8651.00,6440.74,12117.54,37.78,2.500,0.45,50.0,0.16
8652.00,6442.27,12119.51,37.79,2.500,0.45,50.0,0.16
8653.00,6443.81,12121.49,37.79,2.500,0.45,50.0,0.16
8654.00,6445.34,12123.46,37.79,2.500,0.45,50.0,0.16
8655.00,6446.87,12125.44,37.79,2.500,0.45,50.0,0.16
8656.00,6448.40,12127.41,37.80,2.500,0.45,50.0,0.16
8657.00,6449.93,12129.39,37.80,2.500,0.45,50.0,0.16
8658.00,6451.47,12131.36,37.80,2.500,0.45,50.0,0.16
8659.00,6453.00,12133.34,37.80,2.500,0.45,50.0,0.16
8660.00,6454.53,12135.32,37.81,2.500,0.45,50.0,0.16
8661.00,6456.06,12137.29,37.81,2.500,0.45,50.0,0.16
8662.00,6457.60,12139.27,37.81,2.500,0.45,50.0,0.16
8663.00,6459.13,12141.24,37.81,2.500,0.45,50.0,0.16
8664.00,6460.66,12143.22,37.82,2.500,0.45,50.0,0.15
8665.00,6462.19,12145.19,37.82,2.500,0.45,50.0,0.15
8666.00,6463.73,12147.17,37.82,2.500,0.45,50.0,0.15
8667.00,6465.26,12149.14,37.83,2.500,0.45,50.0,0.15
8668.00,6466.79,12151.11,37.83,2.500,0.45,50.0,0.15
8669.00,6468.33,12153.09,37.83,2.500,0.45,50.0,0.15
8670.00,6469.86,12155.06,37.83,2.500,0.44,50.0,0.15
8671.00,6471.39,12157.04,37.84,2.500,0.44,50.0,0.15
8672.00,6472.93,12159.01,37.84,2.500,0.44,50.0,0.15
8673.00,6474.46,12160.99,37.84,2.500,0.44,50.0,0.15
8674.00,6475.99,12162.96,37.84,2.500,0.44,50.0,0.15
8675.00,6477.53,12164.94,37.85,2.500,0.44,50.0,0.15
8676.00,6479.06,12166.91,37.85,2.500,0.44,50.0,0.15
8677.00,6480.60,12168.88,37.85,2.500,0.44,50.0,0.15
8678.00,6482.13,12170.86,37.85,2.500,0.44,50.0,0.15
8679.00,6483.66,12172.83,37.86,2.500,0.44,50.0,0.15
8680.00,6485.20,12174.81,37.86,2.500,0.44,50.0,0.15
8681.00,6486.73,12176.78,37.86,2.500,0.44,50.0,0.15
8682.00,6488.27,12178.75,37.86,2.500,0.44,50.0,0.15
8683.00,6489.80,12180.73,37.87,2.500,0.44,50.0,0.15
8684.00,6491.34,12182.70,37.87,2.500,0.44,50.0,0.15
8685.00,6492.87,12184.67,37.87,2.500,0.44,50.0,0.15
8686.00,6494.40,12186.65,37.87,2.500,0.44,50.0,0.15
8687.00,6495.94,12188.62,37.88,2.500,0.44,50.0,0.15
8688.00,6497.47,12190.59,37.88,2.500,0.44,50.0,0.15
8689.00,6499.01,12192.57,37.88,2.500,0.44,50.0,0.15
8690.00,6500.54,12194.54,37.88,2.500,0.44,50.0,0.15
8691.00,6502.08,12196.51,37.89,2.500,0.44,50.0,0.15
8692.00,6503.61,12198.49,37.89,2.500,0.44,50.0,0.15
8693.00,6505.15,12200.46,37.89,2.500,0.44,50.0,0.15
8694.00,6506.69,12202.43,37.89,2.500,0.44,50.0,0.15
8695.00,6508.22,12204.41,37.90,2.500,0.44,50.0,0.15
8696.00,6509.76,12206.38,37.90,2.500,0.44,50.0,0.15
8697.00,6511.29,12208.35,37.90,2.500,0.44,50.0,0.15
8698.00,6512.83,12210.32,37.90,2.500,0.44,50.0,0.15
8699.00,6514.36,12212.30,37.91,2.500,0.44,50.0,0.15
8700.00,6515.90,12214.27,37.91,2.500,0.44,50.0,0.15
8701.00,6517.44,12216.24,37.91,2.500,0.44,50.0,0.15
8702.00,6518.97,12218.21,37.91,2.500,0.44,50.0,0.15
8703.00,6520.51,12220.19,37.92,2.500,0.44,50.0,0.15
8704.00,6522.04,12222.16,37.92,2.500,0.44,50.0,0.15
8705.00,6523.58,12224.13,37.92,2.500,0.44,50.0,0.15
8706.00,6525.12,12226.10,37.92,2.500,0.44,50.0,0.15
8707.00,6526.65,12228.07,37.93,2.500,0.44,50.0,0.15
8708.00,6528.19,12230.05,37.93,2.500,0.44,50.0,0.15
8709.00,6529.73,12232.02,37.93,2.500,0.44,50.0,0.15
8710.00,6531.26,12233.99,37.94,2.500,0.44,50.0,0.15
8711.00,6532.80,12235.96,37.94,2.500,0.44,50.0,0.15
8712.00,6534.34,12237.93,37.94,2.500,0.44,50.0,0.15
8713.00,6535.88,12239.91,37.94,2.500,0.44,50.0,0.15
8714.00,6537.41,12241.88,37.95,2.500,0.44,50.0,0.15
8715.00,6538.95,12243.85,37.95,2.500,0.44,50.0,0.15
8716.00,6540.49,12245.82,37.95,2.500,0.44,50.0,0.15
8717.00,6542.02,12247.79,37.95,2.500,0.44,50.0,0.15
8718.00,6543.56,12249.76,37.96,2.500,0.44,50.0,0.15
8719.00,6545.10,12251.73,37.96,2.500,0.44,50.0,0.15
8720.00,6546.64,12253.71,37.96,2.500,0.44,50.0,0.15
8721.00,6548.18,12255.68,37.96,2.500,0.43,50.0,0.15
8722.00,6549.71,12257.65,37.97,2.500,0.43,50.0,0.15
8723.00,6551.25,12259.62,37.97,2.500,0.43,50.0,0.15
8724.00,6552.79,12261.59,37.97,2.500,0.43,50.0,0.15
8725.00,6554.33,12263.56,37.97,2.500,0.43,50.0,0.15
8726.00,6555.87,12265.53,37.98,2.500,0.43,50.0,0.15
8727.00,6557.40,12267.50,37.98,2.500,0.43,50.0,0.15
8728.00,6558.94,12269.47,37.98,2.500,0.43,50.0,0.15
8729.00,6560.48,12271.44,37.98,2.500,0.43,50.0,0.15
8730.00,6562.02,12273.41,37.99,2.500,0.43,50.0,0.15
8731.00,6563.56,12275.38,37.99,2.500,0.43,50.0,0.15
8732.00,6565.10,12277.35,37.99,2.500,0.43,50.0,0.15
8733.00,6566.64,12279.32,37.99,2.500,0.43,50.0,0.15
8734.00,6568.17,12281.29,38.00,2.500,0.43,50.0,0.15
8735.00,6569.71,12283.26,38.00,2.500,0.43,50.0,0.15
8736.00,6571.25,12285.23,38.00,2.500,0.43,50.0,0.15
8737.00,6572.79,12287.20,38.00,2.500,0.43,50.0,0.15
8738.00,6574.33,12289.17,38.01,2.500,0.43,50.0,0.15
8739.00,6575.87,12291.14,38.01,2.500,0.43,50.0,0.15
8740.00,6577.41,12293.11,38.01,2.500,0.43,50.0,0.15
8741.00,6578.95,12295.08,38.01,2.500,0.43,50.0,0.15
8742.00,6580.49,12297.05,38.02,2.500,0.43,50.0,0.15
8743.00,6582.03,12299.02,38.02,2.500,0.43,50.0,0.15
8744.00,6583.57,12300.99,38.02,2.500,0.43,50.0,0.15
8745.00,6585.11,12302.96,38.02,2.500,0.43,50.0,0.15
8746.00,6586.65,12304.93,38.03,2.500,0.43,50.0,0.15
8747.00,6588.19,12306.90,38.03,2.500,0.43,50.0,0.15
8748.00,6589.73,12308.87,38.03,2.500,0.43,50.0,0.15
8749.00,6591.27,12310.84,38.03,2.500,0.43,50.0,0.15
8750.00,6592.81,12312.81,38.04,2.500,0.43,50.0,0.15
8751.00,6594.35,12314.78,38.04,2.500,0.43,50.0,0.15
8752.00,6595.89,12316.75,38.04,2.500,0.43,50.0,0.15
8753.00,6597.43,12318.72,38.04,2.500,0.43,50.0,0.15
8754.00,6598.97,12320.68,38.05,2.500,0.43,50.0,0.15
8755.00,6600.51,12322.65,38.05,2.500,0.43,50.0,0.15
8756.00,6602.05,12324.62,38.05,2.500,0.43,50.0,0.15
8757.00,6603.59,12326.59,38.05,2.500,0.43,50.0,0.15
8758.00,6605.13,12328.56,38.06,2.500,0.43,50.0,0.15
8759.00,6606.68,12330.53,38.06,2.500,0.43,50.0,0.15
8760.00,6608.22,12332.50,38.06,2.500,0.43,50.0,0.15
8761.00,6609.76,12334.47,38.06,2.500,0.43,50.0,0.15
8762.00,6611.30,12336.43,38.07,2.500,0.43,50.0,0.15
8763.00,6612.84,12338.40,38.07,2.500,0.43,50.0,0.15
8764.00,6614.38,12340.37,38.07,2.500,0.43,50.0,0.15
8765.00,6615.92,12342.34,38.07,2.500,0.43,50.0,0.15
8766.00,6617.46,12344.31,38.07,2.500,0.43,50.0,0.15
8767.00,6619.01,12346.27,38.08,2.500,0.43,50.0,0.15
8768.00,6620.55,12348.24,38.08,2.500,0.43,50.0,0.15
8769.00,6622.09,12350.21,38.08,2.500,0.43,50.0,0.15
8770.00,6623.63,12352.18,38.08,2.500,0.43,50.0,0.15
8771.00,6625.17,12354.15,38.09,2.500,0.43,50.0,0.15
8772.00,6626.72,12356.11,38.09,2.500,0.42,50.0,0.15
8773.00,6628.26,12358.08,38.09,2.500,0.42,50.0,0.15
8774.00,6629.80,12360.05,38.09,2.500,0.42,50.0,0.15
8775.00,6631.34,12362.02,38.10,2.500,0.42,50.0,0.15
8776.00,6632.89,12363.98,38.10,2.500,0.42,50.0,0.15
8777.00,6634.43,12365.95,38.10,2.500,0.42,50.0,0.15
8778.00,6635.97,12367.92,38.10,2.500,0.42,50.0,0.15
8779.00,6637.51,12369.89,38.11,2.500,0.42,50.0,0.15
8780.00,6639.06,12371.85,38.11,2.500,0.42,50.0,0.15
8781.00,6640.60,12373.82,38.11,2.500,0.42,50.0,0.15
8782.00,6642.14,12375.79,38.11,2.500,0.42,50.0,0.15
8783.00,6643.69,12377.75,38.12,2.500,0.42,50.0,0.15
8784.00,6645.23,12379.72,38.12,2.500,0.42,50.0,0.15
8785.00,6646.77,12381.69,38.12,2.500,0.42,50.0,0.15
8786.00,6648.32,12383.65,38.12,2.500,0.42,50.0,0.15
8787.00,6649.86,12385.62,38.13,2.500,0.42,50.0,0.15
8788.00,6651.40,12387.59,38.13,2.500,0.42,50.0,0.15
8789.00,6652.95,12389.55,38.13,2.500,0.42,50.0,0.15
8790.00,6654.49,12391.52,38.13,2.500,0.42,50.0,0.15
8791.00,6656.03,12393.49,38.14,2.500,0.42,50.0,0.15
8792.00,6657.58,12395.45,38.14,2.500,0.42,50.0,0.15
8793.00,6659.12,12397.42,38.14,2.500,0.42,50.0,0.15
8794.00,6660.66,12399.39,38.14,2.500,0.42,50.0,0.15
8795.00,6662.21,12401.35,38.15,2.500,0.42,50.0,0.15
8796.00,6663.75,12403.32,38.15,2.500,0.42,50.0,0.15
8797.00,6665.30,12405.28,38.15,2.500,0.42,50.0,0.15
8798.00,6666.84,12407.25,38.15,2.500,0.42,50.0,0.15
8799.00,6668.39,12409.22,38.16,2.500,0.42,50.0,0.15
8800.00,6669.93,12411.18,38.16,2.500,0.42,50.0,0.15
8801.00,6671.48,12413.15,38.16,2.500,0.42,50.0,0.15
8802.00,6673.02,12415.11,38.16,2.500,0.42,50.0,0.15
8803.00,6674.56,12417.08,38.17,2.500,0.42,50.0,0.15
8804.00,6676.11,12419.04,38.17,2.500,0.42,50.0,0.15
8805.00,6677.65,12421.01,38.17,2.500,0.42,50.0,0.15
8806.00,6679.20,12422.98,38.17,2.500,0.42,50.0,0.15
8807.00,6680.74,12424.94,38.18,2.500,0.42,50.0,0.15
8808.00,6682.29,12426.91,38.18,2.500,0.42,50.0,0.15
8809.00,6683.83,12428.87,38.18,2.500,0.42,50.0,0.15
8810.00,6685.38,12430.84,38.18,2.500,0.42,50.0,0.15
8811.00,6686.93,12432.80,38.18,2.500,0.42,50.0,0.15
8812.00,6688.47,12434.77,38.19,2.500,0.42,50.0,0.14
8813.00,6690.02,12436.73,38.19,2.500,0.42,50.0,0.14
8814.00,6691.56,12438.70,38.19,2.500,0.42,50.0,0.14
8815.00,6693.11,12440.66,38.19,2.500,0.42,50.0,0.14
8816.00,6694.65,12442.63,38.20,2.500,0.42,50.0,0.14
8817.00,6696.20,12444.59,38.20,2.500,0.42,50.0,0.14
8818.00,6697.75,12446.56,38.20,2.500,0.42,50.0,0.14
8819.00,6699.29,12448.52,38.20,2.500,0.42,50.0,0.14
8820.00,6700.84,12450.48,38.21,2.500,0.42,50.0,0.14
8821.00,6702.38,12452.45,38.21,2.500,0.42,50.0,0.14
8822.00,6703.93,12454.41,38.21,2.500,0.42,50.0,0.14
8823.00,6705.48,12456.38,38.21,2.500,0.41,50.0,0.14
8824.00,6707.02,12458.34,38.22,2.500,0.41,50.0,0.14
8825.00,6708.57,12460.31,38.22,2.500,0.41,50.0,0.14
8826.00,6710.12,12462.27,38.22,2.500,0.41,50.0,0.14
8827.00,6711.66,12464.23,38.22,2.500,0.41,50.0,0.14
8828.00,6713.21,12466.20,38.23,2.500,0.41,50.0,0.14
8829.00,6714.76,12468.16,38.23,2.500,0.41,50.0,0.14
8830.00,6716.30,12470.13,38.23,2.500,0.41,50.0,0.14
8831.00,6717.85,12472.09,38.23,2.500,0.41,50.0,0.14
8832.00,6719.40,12474.05,38.24,2.500,0.41,50.0,0.14
8833.00,6720.95,12476.02,38.24,2.500,0.41,50.0,0.14
8834.00,6722.49,12477.98,38.24,2.500,0.41,50.0,0.14
8835.00,6724.04,12479.94,38.24,2.500,0.41,50.0,0.14
