time_s,x_m,y_m,course_deg,speed_ms,rudder_deg,rpm_percent
6.00,2005.79,-1981.97,340.00,4.670,0.00,50.0
7.00,2004.21,-1977.62,340.00,4.627,0.00,50.0
8.00,2002.64,-1973.32,340.00,4.584,0.00,50.0
9.00,2001.09,-1969.05,340.00,4.543,0.00,50.0
10.00,1999.55,-1964.82,340.00,4.502,0.00,50.0
11.00,1998.02,-1960.62,340.00,4.462,0.00,50.0
12.00,1996.51,-1956.47,340.00,4.423,0.00,50.0
13.00,1995.01,-1952.35,340.00,4.384,0.00,50.0
14.00,1993.53,-1948.26,340.00,4.346,0.00,50.0
15.00,1992.05,-1944.22,340.00,4.309,0.00,50.0
16.00,1990.59,-1940.20,340.00,4.273,0.00,50.0
17.00,1989.14,-1936.22,340.00,4.238,0.00,50.0
18.00,1987.70,-1932.27,340.00,4.203,0.00,50.0
19.00,1986.28,-1928.35,340.00,4.169,0.00,50.0
20.00,1984.86,-1924.46,340.00,4.136,0.00,50.0
21.00,1983.46,-1920.61,340.00,4.103,0.00,50.0
22.00,1982.07,-1916.78,340.00,4.071,0.00,50.0
23.00,1980.69,-1912.99,340.00,4.039,0.00,50.0
24.00,1979.32,-1909.22,340.00,4.009,0.00,50.0
25.00,1977.95,-1905.48,340.00,3.978,5.00,50.0
26.00,1976.60,-1901.77,340.00,3.949,5.00,50.0
27.00,1975.26,-1898.09,340.01,3.920,5.00,50.0
28.00,1973.93,-1894.43,340.01,3.892,5.00,50.0
29.00,1972.61,-1890.80,340.01,3.864,5.00,50.0
30.00,1971.30,-1887.19,340.02,3.836,5.00,50.0
31.00,1970.00,-1883.61,340.02,3.810,5.00,50.0
32.00,1968.71,-1880.06,340.03,3.784,5.00,50.0
33.00,1967.42,-1876.53,340.04,3.758,5.00,50.0
34.00,1966.15,-1873.02,340.05,3.733,5.00,50.0
35.00,1964.88,-1869.53,340.06,3.708,5.00,50.0
36.00,1963.63,-1866.07,340.07,3.684,5.00,50.0
37.00,1962.38,-1862.63,340.08,3.660,5.00,50.0
38.00,1961.14,-1859.21,340.09,3.637,5.00,50.0
39.00,1959.91,-1855.81,340.10,3.614,5.00,50.0
40.00,1958.69,-1852.43,340.11,3.592,5.00,50.0
41.00,1957.47,-1849.08,340.12,3.570,5.00,50.0
42.00,1956.26,-1845.74,340.14,3.549,5.00,50.0
43.00,1955.07,-1842.43,340.15,3.518,10.00,40.0
44.00,1953.89,-1839.15,340.17,3.487,10.00,40.0
45.00,1952.71,-1835.90,340.18,3.458,10.00,40.0
46.00,1951.55,-1832.67,340.20,3.428,10.00,40.0
47.00,1950.40,-1829.47,340.22,3.400,10.00,40.0
48.00,1949.26,-1826.30,340.24,3.372,10.00,40.0
49.00,1948.13,-1823.15,340.27,3.344,10.00,40.0
50.00,1947.01,-1820.03,340.29,3.318,10.00,40.0
51.00,1945.90,-1816.93,340.31,3.291,10.00,40.0
52.00,1944.80,-1813.86,340.34,3.265,10.00,40.0
53.00,1943.71,-1810.81,340.37,3.240,10.00,40.0
54.00,1942.63,-1807.78,340.39,3.215,10.00,40.0
55.00,1941.56,-1804.77,340.42,3.191,10.00,40.0
56.00,1940.49,-1801.79,340.45,3.167,10.00,40.0
57.00,1939.44,-1798.82,340.48,3.144,10.00,40.0
58.00,1938.40,-1795.88,340.51,3.121,10.00,40.0
59.00,1937.37,-1792.96,340.55,3.099,10.00,40.0
60.00,1936.34,-1790.06,340.58,3.077,10.00,40.0
61.00,1935.33,-1787.18,340.61,3.055,10.00,40.0
62.00,1934.32,-1784.32,340.65,3.034,10.00,40.0
63.00,1933.32,-1781.47,340.68,3.013,10.00,40.0
64.00,1932.33,-1778.65,340.72,2.993,10.00,40.0
65.00,1931.35,-1775.83,340.76,2.983,5.00,50.0
66.00,1930.37,-1773.03,340.79,2.973,5.00,50.0
67.00,1929.39,-1770.23,340.83,2.964,5.00,50.0
68.00,1928.42,-1767.44,340.86,2.955,5.00,50.0
69.00,1927.45,-1764.65,340.90,2.946,5.00,50.0
70.00,1926.49,-1761.88,340.93,2.937,5.00,50.0
71.00,1925.54,-1759.11,340.97,2.928,5.00,50.0
72.00,1924.58,-1756.35,341.00,2.919,5.00,50.0
73.00,1923.64,-1753.60,341.04,2.911,5.00,50.0
74.00,1922.69,-1750.85,341.07,2.903,5.00,50.0
75.00,1921.75,-1748.12,341.10,2.895,5.00,50.0
76.00,1920.82,-1745.38,341.14,2.887,5.00,50.0
77.00,1919.89,-1742.66,341.17,2.879,5.00,50.0
78.00,1918.96,-1739.94,341.20,2.872,5.00,50.0
79.00,1918.04,-1737.23,341.24,2.864,5.00,50.0
80.00,1917.12,-1734.53,341.27,2.857,5.00,50.0
81.00,1916.21,-1731.83,341.30,2.850,0.00,50.0
82.00,1915.29,-1729.13,341.33,2.843,0.00,50.0
83.00,1914.39,-1726.45,341.36,2.836,0.00,50.0
84.00,1913.48,-1723.77,341.39,2.829,0.00,50.0
85.00,1912.58,-1721.09,341.42,2.823,0.00,50.0
86.00,1911.68,-1718.42,341.45,2.816,0.00,50.0
87.00,1910.79,-1715.76,341.47,2.810,0.00,50.0
88.00,1909.90,-1713.10,341.50,2.804,0.00,50.0
89.00,1909.01,-1710.45,341.52,2.798,0.00,50.0
90.00,1908.13,-1707.80,341.55,2.792,0.00,50.0
91.00,1907.25,-1705.16,341.57,2.786,0.00,50.0
92.00,1906.37,-1702.52,341.59,2.780,0.00,50.0
93.00,1905.49,-1699.89,341.61,2.774,0.00,50.0
94.00,1904.62,-1697.26,341.63,2.769,0.00,50.0
95.00,1903.75,-1694.64,341.65,2.764,0.00,50.0
96.00,1902.88,-1692.02,341.67,2.758,0.00,50.0
97.00,1902.01,-1689.41,341.69,2.753,0.00,50.0
98.00,1901.15,-1686.80,341.71,2.748,0.00,50.0
99.00,1900.29,-1684.19,341.73,2.743,0.00,50.0
100.00,1899.43,-1681.59,341.74,2.738,0.00,50.0
101.00,1898.57,-1679.00,341.76,2.733,0.00,50.0
102.00,1897.72,-1676.40,341.77,2.729,0.00,50.0
103.00,1896.87,-1673.82,341.79,2.724,0.00,50.0
104.00,1896.02,-1671.23,341.80,2.720,0.00,50.0
105.00,1895.17,-1668.65,341.82,2.715,0.00,50.0
106.00,1894.32,-1666.08,341.83,2.711,0.00,50.0
107.00,1893.48,-1663.51,341.85,2.707,0.00,50.0
108.00,1892.64,-1660.94,341.86,2.703,0.00,50.0
109.00,1891.80,-1658.37,341.87,2.699,0.00,50.0
110.00,1890.96,-1655.81,341.88,2.695,0.00,50.0
111.00,1890.12,-1653.26,341.89,2.691,0.00,50.0
112.00,1889.29,-1650.70,341.90,2.687,0.00,50.0
113.00,1888.45,-1648.15,341.92,2.683,0.00,50.0
114.00,1887.62,-1645.60,341.93,2.680,0.00,50.0
115.00,1886.79,-1643.06,341.94,2.676,0.00,50.0
116.00,1885.96,-1640.52,341.95,2.672,0.00,50.0
117.00,1885.13,-1637.98,341.96,2.669,0.00,50.0
118.00,1884.31,-1635.45,341.96,2.666,0.00,50.0
119.00,1883.49,-1632.92,341.97,2.662,0.00,50.0
120.00,1882.66,-1630.39,341.98,2.659,0.00,50.0
121.00,1881.84,-1627.86,341.99,2.656,0.00,50.0
122.00,1881.02,-1625.34,342.00,2.653,0.00,50.0
123.00,1880.20,-1622.82,342.01,2.650,0.00,50.0
124.00,1879.38,-1620.30,342.01,2.647,0.00,50.0
125.00,1878.57,-1617.79,342.02,2.644,0.00,50.0
126.00,1877.75,-1615.28,342.03,2.641,0.00,50.0
127.00,1876.94,-1612.77,342.03,2.638,0.00,50.0
128.00,1876.13,-1610.26,342.04,2.635,0.00,50.0
129.00,1875.31,-1607.76,342.05,2.633,0.00,50.0
130.00,1874.50,-1605.25,342.05,2.630,0.00,50.0
131.00,1873.69,-1602.75,342.06,2.627,0.00,50.0
132.00,1872.88,-1600.26,342.06,2.625,0.00,50.0
133.00,1872.08,-1597.76,342.07,2.622,0.00,50.0
134.00,1871.27,-1595.27,342.08,2.620,0.00,50.0
135.00,1870.47,-1592.78,342.08,2.617,0.00,50.0
136.00,1869.66,-1590.29,342.09,2.615,0.00,50.0
137.00,1868.86,-1587.80,342.09,2.613,0.00,50.0
138.00,1868.05,-1585.32,342.09,2.611,0.00,50.0
139.00,1867.25,-1582.84,342.10,2.608,0.00,50.0
140.00,1866.45,-1580.36,342.10,2.606,0.00,50.0
141.00,1865.65,-1577.88,342.11,2.604,0.00,50.0
142.00,1864.85,-1575.40,342.11,2.602,0.00,50.0
143.00,1864.05,-1572.93,342.12,2.600,0.00,50.0
144.00,1863.26,-1570.46,342.12,2.598,0.00,50.0
145.00,1862.46,-1567.99,342.12,2.596,0.00,50.0
146.00,1861.66,-1565.52,342.13,2.594,0.00,50.0
147.00,1860.87,-1563.05,342.13,2.592,0.00,50.0
148.00,1860.07,-1560.59,342.13,2.590,0.00,50.0
149.00,1859.28,-1558.12,342.14,2.589,0.00,50.0
150.00,1858.48,-1555.66,342.14,2.587,0.00,50.0
151.00,1857.69,-1553.20,342.14,2.585,0.00,50.0
152.00,1856.90,-1550.74,342.15,2.583,0.00,50.0
153.00,1856.11,-1548.28,342.15,2.582,0.00,50.0
154.00,1855.32,-1545.83,342.15,2.580,0.00,50.0
155.00,1854.53,-1543.37,342.15,2.578,0.00,50.0
156.00,1853.74,-1540.92,342.16,2.577,0.00,50.0
157.00,1852.95,-1538.47,342.16,2.575,0.00,50.0
158.00,1852.16,-1536.02,342.16,2.574,0.00,50.0
159.00,1851.37,-1533.57,342.16,2.572,0.00,50.0
160.00,1850.58,-1531.12,342.16,2.571,0.00,50.0
161.00,1849.80,-1528.68,342.17,2.569,0.00,50.0
162.00,1849.01,-1526.23,342.17,2.568,0.00,50.0
163.00,1848.22,-1523.79,342.17,2.567,0.00,50.0
164.00,1847.44,-1521.35,342.17,2.565,0.00,50.0
165.00,1846.65,-1518.91,342.17,2.564,0.00,50.0
166.00,1845.87,-1516.47,342.18,2.563,0.00,50.0
167.00,1845.08,-1514.03,342.18,2.562,0.00,50.0
168.00,1844.30,-1511.59,342.18,2.560,0.00,50.0
169.00,1843.52,-1509.15,342.18,2.559,0.00,50.0
170.00,1842.73,-1506.72,342.18,2.558,0.00,50.0
171.00,1841.95,-1504.28,342.18,2.557,0.00,50.0
172.00,1841.17,-1501.85,342.19,2.556,0.00,50.0
173.00,1840.39,-1499.42,342.19,2.555,0.00,50.0
174.00,1839.61,-1496.99,342.19,2.553,0.00,50.0
175.00,1838.83,-1494.56,342.19,2.552,0.00,50.0
176.00,1838.05,-1492.13,342.19,2.551,0.00,50.0
177.00,1837.27,-1489.70,342.19,2.550,0.00,50.0
178.00,1836.49,-1487.27,342.19,2.549,0.00,50.0
179.00,1835.71,-1484.85,342.20,2.548,0.00,50.0
180.00,1834.93,-1482.42,342.20,2.547,0.00,50.0
181.00,1834.15,-1480.00,342.20,2.546,0.00,50.0
182.00,1833.37,-1477.57,342.20,2.545,0.00,50.0
183.00,1832.59,-1475.15,342.20,2.545,0.00,50.0
184.00,1831.82,-1472.73,342.20,2.544,0.00,50.0
185.00,1831.04,-1470.31,342.20,2.543,0.00,50.0
186.00,1830.26,-1467.89,342.20,2.542,0.00,50.0
187.00,1829.49,-1465.47,342.20,2.541,0.00,50.0
188.00,1828.71,-1463.05,342.20,2.540,0.00,50.0
189.00,1827.93,-1460.63,342.20,2.539,0.00,50.0
190.00,1827.16,-1458.21,342.21,2.539,0.00,50.0
191.00,1826.38,-1455.80,342.21,2.538,0.00,50.0
192.00,1825.61,-1453.38,342.21,2.537,0.00,50.0
193.00,1824.83,-1450.97,342.21,2.536,0.00,50.0
194.00,1824.06,-1448.55,342.21,2.536,0.00,50.0
195.00,1823.28,-1446.14,342.21,2.535,0.00,50.0
196.00,1822.51,-1443.73,342.21,2.534,0.00,50.0
197.00,1821.73,-1441.31,342.21,2.534,0.00,50.0
198.00,1820.96,-1438.90,342.21,2.533,0.00,50.0
199.00,1820.19,-1436.49,342.21,2.532,0.00,50.0
200.00,1819.41,-1434.08,342.21,2.532,0.00,50.0
201.00,1818.64,-1431.67,342.21,2.531,0.00,50.0
202.00,1817.87,-1429.26,342.21,2.530,0.00,50.0
203.00,1817.09,-1426.85,342.21,2.530,0.00,50.0
204.00,1816.32,-1424.44,342.21,2.529,0.00,50.0
205.00,1815.55,-1422.04,342.21,2.529,0.00,50.0
206.00,1814.78,-1419.63,342.22,2.528,0.00,50.0
207.00,1814.00,-1417.22,342.22,2.527,0.00,50.0
208.00,1813.23,-1414.82,342.22,2.527,0.00,50.0
209.00,1812.46,-1412.41,342.22,2.526,0.00,50.0
210.00,1811.69,-1410.01,342.22,2.526,0.00,50.0
211.00,1810.92,-1407.60,342.22,2.525,0.00,50.0
212.00,1810.15,-1405.20,342.22,2.525,0.00,50.0
213.00,1809.38,-1402.79,342.22,2.524,0.00,50.0
214.00,1808.61,-1400.39,342.22,2.524,0.00,50.0
215.00,1807.84,-1397.99,342.22,2.523,0.00,50.0
216.00,1807.07,-1395.58,342.22,2.523,0.00,50.0
217.00,1806.29,-1393.18,342.22,2.522,0.00,50.0
218.00,1805.52,-1390.78,342.22,2.522,0.00,50.0
219.00,1804.75,-1388.38,342.22,2.522,0.00,50.0
220.00,1803.98,-1385.98,342.22,2.521,0.00,50.0
221.00,1803.22,-1383.58,342.22,2.521,0.00,50.0
222.00,1802.45,-1381.18,342.22,2.520,0.00,50.0
223.00,1801.68,-1378.78,342.22,2.520,0.00,50.0
224.00,1800.91,-1376.38,342.22,2.519,0.00,50.0
225.00,1800.14,-1373.98,342.22,2.519,0.00,50.0
226.00,1799.37,-1371.58,342.22,2.519,0.00,50.0
227.00,1798.60,-1369.19,342.22,2.518,0.00,50.0
228.00,1797.83,-1366.79,342.22,2.518,0.00,50.0
229.00,1797.06,-1364.39,342.22,2.518,0.00,50.0
230.00,1796.29,-1361.99,342.22,2.517,0.00,50.0
231.00,1795.53,-1359.60,342.22,2.517,0.00,50.0
232.00,1794.76,-1357.20,342.22,2.517,0.00,50.0
233.00,1793.99,-1354.80,342.22,2.516,0.00,50.0
234.00,1793.22,-1352.41,342.22,2.516,0.00,50.0
235.00,1792.45,-1350.01,342.22,2.516,0.00,50.0
236.00,1791.68,-1347.62,342.22,2.515,0.00,50.0
237.00,1790.92,-1345.22,342.22,2.515,0.00,50.0
238.00,1790.15,-1342.83,342.22,2.515,0.00,50.0
239.00,1789.38,-1340.43,342.22,2.514,0.00,50.0
240.00,1788.61,-1338.04,342.22,2.514,0.00,50.0
241.00,1787.85,-1335.65,342.22,2.514,0.00,50.0
242.00,1787.08,-1333.25,342.22,2.514,0.00,50.0
243.00,1786.31,-1330.86,342.22,2.513,0.00,50.0
244.00,1785.54,-1328.47,342.22,2.513,0.00,50.0
245.00,1784.78,-1326.07,342.23,2.513,0.00,50.0
246.00,1784.01,-1323.68,342.23,2.512,0.00,50.0
247.00,1783.24,-1321.29,342.23,2.512,0.00,50.0
248.00,1782.48,-1318.90,342.23,2.512,0.00,50.0
249.00,1781.71,-1316.51,342.23,2.512,0.00,50.0
250.00,1780.94,-1314.11,342.23,2.512,0.00,50.0
251.00,1780.18,-1311.72,342.23,2.511,0.00,50.0
252.00,1779.41,-1309.33,342.23,2.511,0.00,50.0
253.00,1778.64,-1306.94,342.23,2.511,0.00,50.0
254.00,1777.88,-1304.55,342.23,2.511,0.00,50.0
255.00,1777.11,-1302.16,342.23,2.510,0.00,50.0
256.00,1776.34,-1299.77,342.23,2.510,0.00,50.0
257.00,1775.58,-1297.38,342.23,2.510,0.00,50.0
258.00,1774.81,-1294.99,342.23,2.510,0.00,50.0
259.00,1774.05,-1292.60,342.23,2.510,0.00,50.0
260.00,1773.28,-1290.21,342.23,2.509,0.00,50.0
261.00,1772.51,-1287.82,342.23,2.509,0.00,50.0
262.00,1771.75,-1285.43,342.23,2.509,0.00,50.0
263.00,1770.98,-1283.04,342.23,2.509,0.00,50.0
264.00,1770.22,-1280.65,342.23,2.509,0.00,50.0
265.00,1769.45,-1278.26,342.23,2.508,0.00,50.0
266.00,1768.69,-1275.87,342.23,2.508,0.00,50.0
267.00,1767.92,-1273.49,342.23,2.508,0.00,50.0
268.00,1767.15,-1271.10,342.23,2.508,0.00,50.0
269.00,1766.39,-1268.71,342.23,2.508,0.00,50.0
270.00,1765.62,-1266.32,342.23,2.508,0.00,50.0
271.00,1764.86,-1263.93,342.23,2.508,0.00,50.0
272.00,1764.09,-1261.55,342.23,2.507,0.00,50.0
273.00,1763.33,-1259.16,342.23,2.507,0.00,50.0
274.00,1762.56,-1256.77,342.23,2.507,0.00,50.0
275.00,1761.80,-1254.38,342.23,2.507,0.00,50.0
276.00,1761.03,-1252.00,342.23,2.507,0.00,50.0
277.00,1760.27,-1249.61,342.23,2.507,0.00,50.0
278.00,1759.50,-1247.22,342.23,2.507,0.00,50.0
279.00,1758.74,-1244.84,342.23,2.506,0.00,50.0
280.00,1757.97,-1242.45,342.23,2.506,0.00,50.0
281.00,1757.21,-1240.06,342.23,2.506,0.00,50.0
282.00,1756.44,-1237.68,342.23,2.506,0.00,50.0
283.00,1755.68,-1235.29,342.23,2.506,0.00,50.0
284.00,1754.91,-1232.90,342.23,2.506,0.00,50.0
285.00,1754.15,-1230.52,342.23,2.506,0.00,50.0
286.00,1753.38,-1228.13,342.23,2.506,0.00,50.0
287.00,1752.62,-1225.75,342.23,2.505,0.00,50.0
288.00,1751.85,-1223.36,342.23,2.505,0.00,50.0
289.00,1751.09,-1220.97,342.23,2.505,0.00,50.0
290.00,1750.32,-1218.59,342.23,2.505,0.00,50.0
291.00,1749.56,-1216.20,342.23,2.505,0.00,50.0
292.00,1748.79,-1213.82,342.23,2.505,0.00,50.0
293.00,1748.03,-1211.43,342.23,2.505,0.00,50.0
294.00,1747.26,-1209.05,342.23,2.505,0.00,50.0
295.00,1746.50,-1206.66,342.23,2.505,0.00,50.0
296.00,1745.74,-1204.28,342.23,2.505,0.00,50.0
297.00,1744.97,-1201.89,342.23,2.504,0.00,50.0
298.00,1744.21,-1199.51,342.23,2.504,0.00,50.0
299.00,1743.44,-1197.12,342.23,2.504,0.00,50.0
300.00,1742.68,-1194.74,342.23,2.504,0.00,50.0
301.00,1741.91,-1192.35,342.23,2.504,0.00,50.0
302.00,1741.15,-1189.97,342.23,2.504,0.00,50.0
303.00,1740.39,-1187.58,342.23,2.504,0.00,50.0
304.00,1739.62,-1185.20,342.23,2.504,0.00,50.0
305.00,1738.86,-1182.82,342.23,2.504,0.00,50.0
306.00,1738.09,-1180.43,342.23,2.504,0.00,50.0
307.00,1737.33,-1178.05,342.23,2.504,0.00,50.0
308.00,1736.56,-1175.66,342.23,2.504,0.00,50.0
309.00,1735.80,-1173.28,342.23,2.503,0.00,50.0
310.00,1735.04,-1170.90,342.23,2.503,0.00,50.0
311.00,1734.27,-1168.51,342.23,2.503,0.00,50.0
312.00,1733.51,-1166.13,342.23,2.503,0.00,50.0
313.00,1732.74,-1163.74,342.23,2.503,0.00,50.0
314.00,1731.98,-1161.36,342.23,2.503,0.00,50.0
315.00,1731.22,-1158.98,342.23,2.503,0.00,50.0
316.00,1730.45,-1156.59,342.23,2.503,0.00,50.0
317.00,1729.69,-1154.21,342.23,2.503,0.00,50.0
318.00,1728.92,-1151.83,342.23,2.503,0.00,50.0
319.00,1728.16,-1149.44,342.23,2.503,0.00,50.0
320.00,1727.40,-1147.06,342.23,2.503,0.00,50.0
321.00,1726.63,-1144.68,342.23,2.503,0.00,50.0
322.00,1725.87,-1142.29,342.23,2.503,0.00,50.0
323.00,1725.10,-1139.91,342.23,2.503,0.00,50.0
324.00,1724.34,-1137.53,342.23,2.503,0.00,50.0
325.00,1723.58,-1135.14,342.23,2.503,0.00,50.0
326.00,1722.81,-1132.76,342.23,2.502,0.00,50.0
327.00,1722.05,-1130.38,342.23,2.502,0.00,50.0
328.00,1721.29,-1127.99,342.23,2.502,0.00,50.0
329.00,1720.52,-1125.61,342.23,2.502,0.00,50.0
330.00,1719.76,-1123.23,342.23,2.502,0.00,50.0
331.00,1718.99,-1120.85,342.23,2.502,0.00,50.0
332.00,1718.23,-1118.46,342.23,2.502,0.00,50.0
333.00,1717.47,-1116.08,342.23,2.502,0.00,50.0
334.00,1716.70,-1113.70,342.23,2.502,0.00,50.0
335.00,1715.94,-1111.31,342.23,2.502,0.00,50.0
336.00,1715.18,-1108.93,342.23,2.502,0.00,50.0
337.00,1714.41,-1106.55,342.23,2.502,0.00,50.0
338.00,1713.65,-1104.17,342.23,2.502,0.00,50.0
339.00,1712.88,-1101.78,342.23,2.502,0.00,50.0
340.00,1712.12,-1099.40,342.23,2.502,0.00,50.0
341.00,1711.36,-1097.02,342.23,2.502,0.00,50.0
342.00,1710.59,-1094.64,342.23,2.502,0.00,50.0
343.00,1709.83,-1092.25,342.23,2.502,0.00,50.0
344.00,1709.07,-1089.87,342.23,2.502,0.00,50.0
345.00,1708.30,-1087.49,342.23,2.502,0.00,50.0
346.00,1707.54,-1085.11,342.23,2.502,0.00,50.0
347.00,1706.78,-1082.73,342.23,2.502,0.00,50.0
348.00,1706.01,-1080.34,342.23,2.502,0.00,50.0
349.00,1705.25,-1077.96,342.23,2.502,0.00,50.0
350.00,1704.49,-1075.58,342.23,2.502,0.00,50.0
351.00,1703.72,-1073.20,342.23,2.501,0.00,50.0
352.00,1702.96,-1070.81,342.23,2.501,0.00,50.0
353.00,1702.19,-1068.43,342.23,2.501,0.00,50.0
354.00,1701.43,-1066.05,342.23,2.501,0.00,50.0
355.00,1700.67,-1063.67,342.23,2.501,0.00,50.0
356.00,1699.90,-1061.29,342.23,2.501,0.00,50.0
357.00,1699.14,-1058.90,342.23,2.501,0.00,50.0
358.00,1698.38,-1056.52,342.23,2.501,0.00,50.0
359.00,1697.61,-1054.14,342.23,2.501,0.00,50.0
360.00,1696.85,-1051.76,342.23,2.501,0.00,50.0
361.00,1696.09,-1049.38,342.23,2.501,0.00,50.0
362.00,1695.32,-1046.99,342.23,2.501,0.00,50.0
363.00,1694.56,-1044.61,342.23,2.501,0.00,50.0
364.00,1693.80,-1042.23,342.23,2.501,0.00,50.0
365.00,1693.03,-1039.85,342.23,2.501,0.00,50.0
366.00,1692.27,-1037.47,342.23,2.501,0.00,50.0
367.00,1691.51,-1035.09,342.23,2.501,0.00,50.0
368.00,1690.74,-1032.70,342.23,2.501,0.00,50.0
369.00,1689.98,-1030.32,342.23,2.501,0.00,50.0
370.00,1689.22,-1027.94,342.23,2.501,0.00,50.0
371.00,1688.45,-1025.56,342.23,2.501,0.00,50.0
372.00,1687.69,-1023.18,342.23,2.501,0.00,50.0
373.00,1686.93,-1020.80,342.23,2.501,0.00,50.0
374.00,1686.16,-1018.41,342.23,2.501,0.00,50.0
375.00,1685.40,-1016.03,342.23,2.501,0.00,50.0
376.00,1684.64,-1013.65,342.23,2.501,0.00,50.0
377.00,1683.87,-1011.27,342.23,2.501,0.00,50.0
378.00,1683.11,-1008.89,342.23,2.501,0.00,50.0
379.00,1682.35,-1006.51,342.23,2.501,0.00,50.0
380.00,1681.58,-1004.13,342.23,2.501,0.00,50.0
381.00,1680.82,-1001.74,342.23,2.501,0.00,50.0
382.00,1680.06,-999.36,342.23,2.501,0.00,50.0
383.00,1679.29,-996.98,342.23,2.501,0.00,50.0
384.00,1678.53,-994.60,342.23,2.501,0.00,50.0
385.00,1677.77,-992.22,342.23,2.501,0.00,50.0
386.00,1677.00,-989.84,342.23,2.501,0.00,50.0
387.00,1676.24,-987.45,342.23,2.501,0.00,50.0
388.00,1675.48,-985.07,342.23,2.501,0.00,50.0
389.00,1674.71,-982.69,342.23,2.501,0.00,50.0
390.00,1673.95,-980.31,342.23,2.501,0.00,50.0
391.00,1673.19,-977.93,342.23,2.501,0.00,50.0
392.00,1672.42,-975.55,342.23,2.501,0.00,50.0
393.00,1671.66,-973.17,342.23,2.501,0.00,50.0
394.00,1670.90,-970.79,342.23,2.501,0.00,50.0
395.00,1670.13,-968.40,342.23,2.501,0.00,50.0
396.00,1669.37,-966.02,342.23,2.501,0.00,50.0
397.00,1668.61,-963.64,342.23,2.501,0.00,50.0
398.00,1667.84,-961.26,342.23,2.501,0.00,50.0
399.00,1667.08,-958.88,342.23,2.501,0.00,50.0
400.00,1666.32,-956.50,342.23,2.501,0.00,50.0
401.00,1665.55,-954.12,342.23,2.501,0.00,50.0
402.00,1664.79,-951.74,342.23,2.501,0.00,50.0
403.00,1664.03,-949.35,342.23,2.501,0.00,50.0
404.00,1663.27,-946.97,342.23,2.501,0.00,50.0
405.00,1662.50,-944.59,342.23,2.501,0.00,50.0
406.00,1661.74,-942.21,342.23,2.500,0.00,50.0
407.00,1660.98,-939.83,342.23,2.500,0.00,50.0
408.00,1660.21,-937.45,342.23,2.500,0.00,50.0
409.00,1659.45,-935.07,342.23,2.500,0.00,50.0
410.00,1658.69,-932.69,342.23,2.500,0.00,50.0
411.00,1657.92,-930.31,342.23,2.500,0.00,50.0
412.00,1657.16,-927.92,342.23,2.500,0.00,50.0
413.00,1656.40,-925.54,342.23,2.500,0.00,50.0
414.00,1655.63,-923.16,342.23,2.500,0.00,50.0
415.00,1654.87,-920.78,342.23,2.500,0.00,50.0
416.00,1654.11,-918.40,342.23,2.500,0.00,50.0
417.00,1653.34,-916.02,342.23,2.500,0.00,50.0
418.00,1652.58,-913.64,342.23,2.500,0.00,50.0
419.00,1651.82,-911.26,342.23,2.500,0.00,50.0
420.00,1651.05,-908.88,342.23,2.500,0.00,50.0
421.00,1650.29,-906.49,342.23,2.500,0.00,50.0
422.00,1649.53,-904.11,342.23,2.500,0.00,50.0
423.00,1648.76,-901.73,342.23,2.500,0.00,50.0
424.00,1648.00,-899.35,342.23,2.500,0.00,50.0
425.00,1647.24,-896.97,342.23,2.500,0.00,50.0
426.00,1646.48,-894.59,342.23,2.500,0.00,50.0
427.00,1645.71,-892.21,342.23,2.500,0.00,50.0
428.00,1644.95,-889.83,342.23,2.500,0.00,50.0
429.00,1644.19,-887.45,342.23,2.500,0.00,50.0
430.00,1643.42,-885.07,342.23,2.500,0.00,50.0
431.00,1642.66,-882.68,342.23,2.500,0.00,50.0
432.00,1641.90,-880.30,342.23,2.500,0.00,50.0
433.00,1641.13,-877.92,342.23,2.500,0.00,50.0
434.00,1640.37,-875.54,342.23,2.500,0.00,50.0
435.00,1639.61,-873.16,342.23,2.500,0.00,50.0
436.00,1638.84,-870.78,342.23,2.500,0.00,50.0
437.00,1638.08,-868.40,342.23,2.500,0.00,50.0
438.00,1637.32,-866.02,342.23,2.500,0.00,50.0
439.00,1636.55,-863.64,342.23,2.500,0.00,50.0
440.00,1635.79,-861.26,342.23,2.500,0.00,50.0
441.00,1635.03,-858.87,342.23,2.500,0.00,50.0
442.00,1634.27,-856.49,342.23,2.500,0.00,50.0
443.00,1633.50,-854.11,342.23,2.500,0.00,50.0
444.00,1632.74,-851.73,342.23,2.500,0.00,50.0
445.00,1631.98,-849.35,342.23,2.500,0.00,50.0
446.00,1631.21,-846.97,342.23,2.500,0.00,50.0
447.00,1630.45,-844.59,342.23,2.500,0.00,50.0
448.00,1629.69,-842.21,342.23,2.500,0.00,50.0
449.00,1628.92,-839.83,342.23,2.500,0.00,50.0
450.00,1628.16,-837.45,342.23,2.500,0.00,50.0
451.00,1627.40,-835.07,342.23,2.500,0.00,50.0
452.00,1626.63,-832.68,342.23,2.500,0.00,50.0
453.00,1625.87,-830.30,342.23,2.500,0.00,50.0
454.00,1625.11,-827.92,342.23,2.500,0.00,50.0
455.00,1624.34,-825.54,342.23,2.500,0.00,50.0
456.00,1623.58,-823.16,342.23,2.500,0.00,50.0
457.00,1622.82,-820.78,342.23,2.500,0.00,50.0
458.00,1622.06,-818.40,342.23,2.500,0.00,50.0
459.00,1621.29,-816.02,342.23,2.500,0.00,50.0
460.00,1620.53,-813.64,342.23,2.500,0.00,50.0
461.00,1619.77,-811.26,342.23,2.500,0.00,50.0
462.00,1619.00,-808.88,342.23,2.500,0.00,50.0
463.00,1618.24,-806.50,342.23,2.500,0.00,50.0
464.00,1617.48,-804.11,342.23,2.500,0.00,50.0
465.00,1616.71,-801.73,342.23,2.500,0.00,50.0
466.00,1615.95,-799.35,342.23,2.500,0.00,50.0
467.00,1615.19,-796.97,342.23,2.500,0.00,50.0
468.00,1614.42,-794.59,342.23,2.500,0.00,50.0
469.00,1613.66,-792.21,342.23,2.500,0.00,50.0
470.00,1612.90,-789.83,342.23,2.500,0.00,50.0
471.00,1612.14,-787.45,342.23,2.500,0.00,50.0
472.00,1611.37,-785.07,342.23,2.500,0.00,50.0
473.00,1610.61,-782.69,342.23,2.500,0.00,50.0
474.00,1609.85,-780.31,342.23,2.500,0.00,50.0
475.00,1609.08,-777.93,342.23,2.500,0.00,50.0
476.00,1608.32,-775.54,342.23,2.500,0.00,50.0
477.00,1607.56,-773.16,342.23,2.500,0.00,50.0
478.00,1606.79,-770.78,342.23,2.500,0.00,50.0
479.00,1606.03,-768.40,342.23,2.500,0.00,50.0
480.00,1605.27,-766.02,342.23,2.500,0.00,50.0
481.00,1604.50,-763.64,342.23,2.500,0.00,50.0
482.00,1603.74,-761.26,342.23,2.500,0.00,50.0
483.00,1602.98,-758.88,342.23,2.500,0.00,50.0
484.00,1602.21,-756.50,342.23,2.500,0.00,50.0
485.00,1601.45,-754.12,342.23,2.500,0.00,50.0
486.00,1600.69,-751.74,342.23,2.500,0.00,50.0
487.00,1599.93,-749.36,342.23,2.500,0.00,50.0
488.00,1599.16,-746.97,342.23,2.500,0.00,50.0
489.00,1598.40,-744.59,342.23,2.500,0.00,50.0
490.00,1597.64,-742.21,342.23,2.500,0.00,50.0
491.00,1596.87,-739.83,342.23,2.500,0.00,50.0
492.00,1596.11,-737.45,342.23,2.500,0.00,50.0
493.00,1595.35,-735.07,342.23,2.500,0.00,50.0
494.00,1594.58,-732.69,342.23,2.500,0.00,50.0
495.00,1593.82,-730.31,342.23,2.500,0.00,50.0
496.00,1593.06,-727.93,342.23,2.500,0.00,50.0
497.00,1592.29,-725.55,342.23,2.500,0.00,50.0
498.00,1591.53,-723.17,342.23,2.500,0.00,50.0
499.00,1590.77,-720.79,342.23,2.500,0.00,50.0
500.00,1590.01,-718.41,342.23,2.500,0.00,50.0
501.00,1589.24,-716.02,342.23,2.500,0.00,50.0
502.00,1588.48,-713.64,342.23,2.500,0.00,50.0
503.00,1587.72,-711.26,342.23,2.500,0.00,50.0
504.00,1586.95,-708.88,342.23,2.500,0.00,50.0
505.00,1586.19,-706.50,342.23,2.500,0.00,50.0
506.00,1585.43,-704.12,342.23,2.500,0.00,50.0
507.00,1584.66,-701.74,342.23,2.500,0.00,50.0
508.00,1583.90,-699.36,342.23,2.500,0.00,50.0
509.00,1583.14,-696.98,342.23,2.500,0.00,50.0
510.00,1582.37,-694.60,342.23,2.500,0.00,50.0
511.00,1581.61,-692.22,342.23,2.500,0.00,50.0
512.00,1580.85,-689.84,342.23,2.500,0.00,50.0
513.00,1580.09,-687.46,342.23,2.500,0.00,50.0
514.00,1579.32,-685.07,342.23,2.500,0.00,50.0
515.00,1578.56,-682.69,342.23,2.500,0.00,50.0
516.00,1577.80,-680.31,342.23,2.500,0.00,50.0
517.00,1577.03,-677.93,342.23,2.500,0.00,50.0
518.00,1576.27,-675.55,342.23,2.500,0.00,50.0
519.00,1575.51,-673.17,342.23,2.500,0.00,50.0
520.00,1574.74,-670.79,342.23,2.500,0.00,50.0
521.00,1573.98,-668.41,342.23,2.500,0.00,50.0
522.00,1573.22,-666.03,342.23,2.500,0.00,50.0
523.00,1572.46,-663.65,342.23,2.500,0.00,50.0
524.00,1571.69,-661.27,342.23,2.500,0.00,50.0
525.00,1570.93,-658.89,342.23,2.500,0.00,50.0
526.00,1570.17,-656.51,342.23,2.500,0.00,50.0
527.00,1569.40,-654.12,342.23,2.500,0.00,50.0
528.00,1568.64,-651.74,342.23,2.500,0.00,50.0
529.00,1567.88,-649.36,342.23,2.500,0.00,50.0
530.00,1567.11,-646.98,342.23,2.500,0.00,50.0
531.00,1566.35,-644.60,342.23,2.500,0.00,50.0
532.00,1565.59,-642.22,342.23,2.500,0.00,50.0
533.00,1564.82,-639.84,342.23,2.500,0.00,50.0
534.00,1564.06,-637.46,342.23,2.500,0.00,50.0
535.00,1563.30,-635.08,342.23,2.500,0.00,50.0
536.00,1562.54,-632.70,342.23,2.500,0.00,50.0
537.00,1561.77,-630.32,342.23,2.500,0.00,50.0
538.00,1561.01,-627.94,342.23,2.500,0.00,50.0
539.00,1560.25,-625.56,342.23,2.500,0.00,50.0
540.00,1559.48,-623.18,342.23,2.500,0.00,50.0
541.00,1558.72,-620.79,342.23,2.500,0.00,50.0
542.00,1557.96,-618.41,342.23,2.500,0.00,50.0
543.00,1557.19,-616.03,342.23,2.500,0.00,50.0
544.00,1556.43,-613.65,342.23,2.500,0.00,50.0
545.00,1555.67,-611.27,342.23,2.500,0.00,50.0
546.00,1554.90,-608.89,342.23,2.500,0.00,50.0
547.00,1554.14,-606.51,342.23,2.500,0.00,50.0
548.00,1553.38,-604.13,342.23,2.500,0.00,50.0
549.00,1552.62,-601.75,342.23,2.500,0.00,50.0
550.00,1551.85,-599.37,342.23,2.500,0.00,50.0
551.00,1551.09,-596.99,342.23,2.500,0.00,50.0
552.00,1550.33,-594.61,342.23,2.500,0.00,50.0
553.00,1549.56,-592.23,342.23,2.500,0.00,50.0
554.00,1548.80,-589.84,342.23,2.500,0.00,50.0
555.00,1548.04,-587.46,342.23,2.500,0.00,50.0
556.00,1547.27,-585.08,342.23,2.500,0.00,50.0
557.00,1546.51,-582.70,342.23,2.500,0.00,50.0
558.00,1545.75,-580.32,342.23,2.500,0.00,50.0
559.00,1544.98,-577.94,342.23,2.500,0.00,50.0
560.00,1544.22,-575.56,342.23,2.500,0.00,50.0
561.00,1543.46,-573.18,342.23,2.500,0.00,50.0
562.00,1542.70,-570.80,342.23,2.500,0.00,50.0
563.00,1541.93,-568.42,342.23,2.500,0.00,50.0
564.00,1541.17,-566.04,342.23,2.500,0.00,50.0
565.00,1540.41,-563.66,342.23,2.500,0.00,50.0
566.00,1539.64,-561.28,342.23,2.500,0.00,50.0
567.00,1538.88,-558.90,342.23,2.500,0.00,50.0
568.00,1538.12,-556.51,342.23,2.500,0.00,50.0
569.00,1537.35,-554.13,342.23,2.500,0.00,50.0
570.00,1536.59,-551.75,342.23,2.500,0.00,50.0
571.00,1535.83,-549.37,342.23,2.500,0.00,50.0
572.00,1535.07,-546.99,342.23,2.500,0.00,50.0
573.00,1534.30,-544.61,342.23,2.500,0.00,50.0
574.00,1533.54,-542.23,342.23,2.500,0.00,50.0
575.00,1532.78,-539.85,342.23,2.500,0.00,50.0
576.00,1532.01,-537.47,342.23,2.500,0.00,50.0
577.00,1531.25,-535.09,342.23,2.500,0.00,50.0
578.00,1530.49,-532.71,342.23,2.500,0.00,50.0
579.00,1529.72,-530.33,342.23,2.500,0.00,50.0
580.00,1528.96,-527.95,342.23,2.500,0.00,50.0
581.00,1528.20,-525.57,342.23,2.500,0.00,50.0
582.00,1527.43,-523.18,342.23,2.500,0.00,50.0
583.00,1526.67,-520.80,342.23,2.500,0.00,50.0
584.00,1525.91,-518.42,342.23,2.500,0.00,50.0
585.00,1525.15,-516.04,342.23,2.500,0.00,50.0
586.00,1524.38,-513.66,342.23,2.500,0.00,50.0
587.00,1523.62,-511.28,342.23,2.500,0.00,50.0
588.00,1522.86,-508.90,342.23,2.500,0.00,50.0
589.00,1522.09,-506.52,342.23,2.500,0.00,50.0
590.00,1521.33,-504.14,342.23,2.500,0.00,50.0
591.00,1520.57,-501.76,342.23,2.500,0.00,50.0
592.00,1519.80,-499.38,342.23,2.500,0.00,50.0
593.00,1519.04,-497.00,342.23,2.500,0.00,50.0
594.00,1518.28,-494.62,342.23,2.500,0.00,50.0
595.00,1517.51,-492.24,342.23,2.500,0.00,50.0
596.00,1516.75,-489.85,342.23,2.500,0.00,50.0
597.00,1515.99,-487.47,342.23,2.500,0.00,50.0
598.00,1515.23,-485.09,342.23,2.500,0.00,50.0
599.00,1514.46,-482.71,342.23,2.500,0.00,50.0
600.00,1513.70,-480.33,342.23,2.500,0.00,50.0
601.00,1512.94,-477.95,342.23,2.500,0.00,50.0
602.00,1512.17,-475.57,342.23,2.500,0.00,50.0
603.00,1511.41,-473.19,342.23,2.500,0.00,50.0
604.00,1510.65,-470.81,342.23,2.500,0.00,50.0
605.00,1509.88,-468.43,342.23,2.500,0.00,50.0
606.00,1509.12,-466.05,342.23,2.500,0.00,50.0
607.00,1508.36,-463.67,342.23,2.500,0.00,50.0
608.00,1507.60,-461.29,342.23,2.500,0.00,50.0
609.00,1506.83,-458.91,342.23,2.500,0.00,50.0
610.00,1506.07,-456.52,342.23,2.500,0.00,50.0
611.00,1505.31,-454.14,342.23,2.500,0.00,50.0
612.00,1504.54,-451.76,342.23,2.500,0.00,50.0
613.00,1503.78,-449.38,342.23,2.500,0.00,50.0
614.00,1503.02,-447.00,342.23,2.500,0.00,50.0
615.00,1502.25,-444.62,342.23,2.500,0.00,50.0
616.00,1501.49,-442.24,342.23,2.500,0.00,50.0
617.00,1500.73,-439.86,342.23,2.500,0.00,50.0
618.00,1499.96,-437.48,342.23,2.500,0.00,50.0
619.00,1499.20,-435.10,342.23,2.500,0.00,50.0
620.00,1498.44,-432.72,342.23,2.500,0.00,50.0
621.00,1497.68,-430.34,342.23,2.500,0.00,50.0
622.00,1496.91,-427.96,342.23,2.500,0.00,50.0
623.00,1496.15,-425.58,342.23,2.500,0.00,50.0
624.00,1495.39,-423.19,342.23,2.500,0.00,50.0
625.00,1494.62,-420.81,342.23,2.500,0.00,50.0
626.00,1493.86,-418.43,342.23,2.500,0.00,50.0
627.00,1493.10,-416.05,342.23,2.500,0.00,50.0
628.00,1492.33,-413.67,342.23,2.500,0.00,50.0
629.00,1491.57,-411.29,342.23,2.500,0.00,50.0
630.00,1490.81,-408.91,342.23,2.500,0.00,50.0
631.00,1490.04,-406.53,342.23,2.500,0.00,50.0
632.00,1489.28,-404.15,342.23,2.500,0.00,50.0
633.00,1488.52,-401.77,342.23,2.500,0.00,50.0
634.00,1487.76,-399.39,342.23,2.500,0.00,50.0
635.00,1486.99,-397.01,342.23,2.500,0.00,50.0
636.00,1486.23,-394.63,342.23,2.500,0.00,50.0
637.00,1485.47,-392.25,342.23,2.500,0.00,50.0
638.00,1484.70,-389.86,342.23,2.500,0.00,50.0
639.00,1483.94,-387.48,342.23,2.500,0.00,50.0
640.00,1483.18,-385.10,342.23,2.500,0.00,50.0
641.00,1482.41,-382.72,342.23,2.500,0.00,50.0
642.00,1481.65,-380.34,342.23,2.500,0.00,50.0
643.00,1480.89,-377.96,342.23,2.500,0.00,50.0
644.00,1480.13,-375.58,342.23,2.500,0.00,50.0
645.00,1479.36,-373.20,342.23,2.500,0.00,50.0
646.00,1478.60,-370.82,342.23,2.500,0.00,50.0
647.00,1477.84,-368.44,342.23,2.500,0.00,50.0
648.00,1477.07,-366.06,342.23,2.500,0.00,50.0
649.00,1476.31,-363.68,342.23,2.500,0.00,50.0
650.00,1475.55,-361.30,342.23,2.500,0.00,50.0
651.00,1474.78,-358.92,342.23,2.500,0.00,50.0
652.00,1474.02,-356.53,342.23,2.500,0.00,50.0
653.00,1473.26,-354.15,342.23,2.500,0.00,50.0
654.00,1472.49,-351.77,342.23,2.500,0.00,50.0
655.00,1471.73,-349.39,342.23,2.500,0.00,50.0
656.00,1470.97,-347.01,342.23,2.500,0.00,50.0
657.00,1470.21,-344.63,342.23,2.500,0.00,50.0
658.00,1469.44,-342.25,342.23,2.500,0.00,50.0
659.00,1468.68,-339.87,342.23,2.500,0.00,50.0
660.00,1467.92,-337.49,342.23,2.500,0.00,50.0
661.00,1467.15,-335.11,342.23,2.500,0.00,50.0
662.00,1466.39,-332.73,342.23,2.500,0.00,50.0
663.00,1465.63,-330.35,342.23,2.500,0.00,50.0
664.00,1464.86,-327.97,342.23,2.500,0.00,50.0
665.00,1464.10,-325.59,342.23,2.500,0.00,50.0
666.00,1463.34,-323.20,342.23,2.500,0.00,50.0
667.00,1462.58,-320.82,342.23,2.500,0.00,50.0
668.00,1461.81,-318.44,342.23,2.500,0.00,50.0
669.00,1461.05,-316.06,342.23,2.500,0.00,50.0
670.00,1460.29,-313.68,342.23,2.500,0.00,50.0
671.00,1459.52,-311.30,342.23,2.500,0.00,50.0
672.00,1458.76,-308.92,342.23,2.500,0.00,50.0
673.00,1458.00,-306.54,342.23,2.500,0.00,50.0
674.00,1457.23,-304.16,342.23,2.500,0.00,50.0
675.00,1456.47,-301.78,342.23,2.500,0.00,50.0
676.00,1455.71,-299.40,342.23,2.500,0.00,50.0
677.00,1454.94,-297.02,342.23,2.500,0.00,50.0
678.00,1454.18,-294.64,342.23,2.500,0.00,50.0
679.00,1453.42,-292.26,342.23,2.500,0.00,50.0
680.00,1452.66,-289.88,342.23,2.500,0.00,50.0
681.00,1451.89,-287.49,342.23,2.500,0.00,50.0
682.00,1451.13,-285.11,342.23,2.500,0.00,50.0
683.00,1450.37,-282.73,342.23,2.500,0.00,50.0
684.00,1449.60,-280.35,342.23,2.500,0.00,50.0
685.00,1448.84,-277.97,342.23,2.500,0.00,50.0
686.00,1448.08,-275.59,342.23,2.500,0.00,50.0
687.00,1447.31,-273.21,342.23,2.500,0.00,50.0
688.00,1446.55,-270.83,342.23,2.500,0.00,50.0
689.00,1445.79,-268.45,342.23,2.500,0.00,50.0
690.00,1445.02,-266.07,342.23,2.500,0.00,50.0
691.00,1444.26,-263.69,342.23,2.500,0.00,50.0
692.00,1443.50,-261.31,342.23,2.500,0.00,50.0
693.00,1442.74,-258.93,342.23,2.500,0.00,50.0
694.00,1441.97,-256.55,342.23,2.500,0.00,50.0
695.00,1441.21,-254.16,342.23,2.500,0.00,50.0
696.00,1440.45,-251.78,342.23,2.500,0.00,50.0
697.00,1439.68,-249.40,342.23,2.500,0.00,50.0
698.00,1438.92,-247.02,342.23,2.500,0.00,50.0
699.00,1438.16,-244.64,342.23,2.500,0.00,50.0
700.00,1437.39,-242.26,342.23,2.500,0.00,50.0
701.00,1436.63,-239.88,342.23,2.500,0.00,50.0
702.00,1435.87,-237.50,342.23,2.500,0.00,50.0
703.00,1435.11,-235.12,342.23,2.500,0.00,50.0
704.00,1434.34,-232.74,342.23,2.500,0.00,50.0
705.00,1433.58,-230.36,342.23,2.500,0.00,50.0
706.00,1432.82,-227.98,342.23,2.500,0.00,50.0
707.00,1432.05,-225.60,342.23,2.500,0.00,50.0
708.00,1431.29,-223.22,342.23,2.500,0.00,50.0
709.00,1430.53,-220.83,342.23,2.500,0.00,50.0
710.00,1429.76,-218.45,342.23,2.500,0.00,50.0
711.00,1429.00,-216.07,342.23,2.500,0.00,50.0
712.00,1428.24,-213.69,342.23,2.500,0.00,50.0
713.00,1427.47,-211.31,342.23,2.500,0.00,50.0
714.00,1426.71,-208.93,342.23,2.500,0.00,50.0
715.00,1425.95,-206.55,342.23,2.500,0.00,50.0
716.00,1425.19,-204.17,342.23,2.500,0.00,50.0
717.00,1424.42,-201.79,342.23,2.500,0.00,50.0
718.00,1423.66,-199.41,342.23,2.500,0.00,50.0
719.00,1422.90,-197.03,342.23,2.500,0.00,50.0
720.00,1422.13,-194.65,342.23,2.500,0.00,50.0
721.00,1421.37,-192.27,342.23,2.500,0.00,50.0
722.00,1420.61,-189.89,342.23,2.500,0.00,50.0
723.00,1419.84,-187.50,342.23,2.500,0.00,50.0
724.00,1419.08,-185.12,342.23,2.500,0.00,50.0
725.00,1418.32,-182.74,342.23,2.500,0.00,50.0
726.00,1417.56,-180.36,342.23,2.500,0.00,50.0
727.00,1416.79,-177.98,342.23,2.500,0.00,50.0
728.00,1416.03,-175.60,342.23,2.500,0.00,50.0
729.00,1415.27,-173.22,342.23,2.500,0.00,50.0
730.00,1414.50,-170.84,342.23,2.500,0.00,50.0
731.00,1413.74,-168.46,342.23,2.500,0.00,50.0
732.00,1412.98,-166.08,342.23,2.500,0.00,50.0
733.00,1412.21,-163.70,342.23,2.500,0.00,50.0
734.00,1411.45,-161.32,342.23,2.500,0.00,50.0
735.00,1410.69,-158.94,342.23,2.500,0.00,50.0
736.00,1409.92,-156.56,342.23,2.500,0.00,50.0
737.00,1409.16,-154.17,342.23,2.500,0.00,50.0
738.00,1408.40,-151.79,342.23,2.500,0.00,50.0
739.00,1407.64,-149.41,342.23,2.500,0.00,50.0
740.00,1406.87,-147.03,342.23,2.500,0.00,50.0
741.00,1406.11,-144.65,342.23,2.500,0.00,50.0
742.00,1405.35,-142.27,342.23,2.500,0.00,50.0
743.00,1404.58,-139.89,342.23,2.500,0.00,50.0
744.00,1403.82,-137.51,342.23,2.500,0.00,50.0
745.00,1403.06,-135.13,342.23,2.500,0.00,50.0
746.00,1402.29,-132.75,342.23,2.500,0.00,50.0
747.00,1401.53,-130.37,342.23,2.500,0.00,50.0
748.00,1400.77,-127.99,342.23,2.500,0.00,50.0
749.00,1400.00,-125.61,342.23,2.500,0.00,50.0
750.00,1399.24,-123.23,342.23,2.500,0.00,50.0
751.00,1398.48,-120.84,342.23,2.500,0.00,50.0
752.00,1397.72,-118.46,342.23,2.500,0.00,50.0
753.00,1396.95,-116.08,342.23,2.500,0.00,50.0
754.00,1396.19,-113.70,342.23,2.500,0.00,50.0
755.00,1395.43,-111.32,342.23,2.500,0.00,50.0
756.00,1394.66,-108.94,342.23,2.500,0.00,50.0
757.00,1393.90,-106.56,342.23,2.500,0.00,50.0
758.00,1393.14,-104.18,342.23,2.500,0.00,50.0
759.00,1392.37,-101.80,342.23,2.500,0.00,50.0
760.00,1391.61,-99.42,342.23,2.500,0.00,50.0
761.00,1390.85,-97.04,342.23,2.500,0.00,50.0
762.00,1390.09,-94.66,342.23,2.500,0.00,50.0
763.00,1389.32,-92.28,342.23,2.500,0.00,50.0
764.00,1388.56,-89.90,342.23,2.500,0.00,50.0
765.00,1387.80,-87.52,342.23,2.490,5.00,40.0
766.00,1387.04,-85.16,342.23,2.480,5.00,40.0
767.00,1386.29,-82.81,342.23,2.471,5.00,40.0
768.00,1385.54,-80.47,342.24,2.461,5.00,40.0
769.00,1384.79,-78.13,342.24,2.452,5.00,40.0
770.00,1384.04,-75.80,342.25,2.443,5.00,40.0
771.00,1383.30,-73.49,342.25,2.434,5.00,40.0
772.00,1382.56,-71.18,342.26,2.425,5.00,40.0
773.00,1381.83,-68.87,342.27,2.417,5.00,40.0
774.00,1381.09,-66.58,342.28,2.409,5.00,40.0
775.00,1380.36,-64.29,342.28,2.400,5.00,40.0
776.00,1379.63,-62.02,342.29,2.392,5.00,40.0
777.00,1378.91,-59.74,342.30,2.385,5.00,40.0
778.00,1378.19,-57.48,342.32,2.377,5.00,40.0
779.00,1377.47,-55.22,342.33,2.369,5.00,40.0
780.00,1376.75,-52.97,342.34,2.362,10.00,40.0
781.00,1376.04,-50.73,342.35,2.355,10.00,40.0
782.00,1375.32,-48.49,342.37,2.348,10.00,40.0
783.00,1374.61,-46.26,342.39,2.341,10.00,40.0
784.00,1373.91,-44.04,342.41,2.334,10.00,40.0
785.00,1373.21,-41.82,342.43,2.327,10.00,40.0
786.00,1372.50,-39.60,342.45,2.321,10.00,40.0
787.00,1371.81,-37.40,342.47,2.314,10.00,40.0
788.00,1371.11,-35.20,342.49,2.308,10.00,40.0
789.00,1370.42,-33.00,342.52,2.302,10.00,40.0
790.00,1369.73,-30.81,342.54,2.296,10.00,40.0
791.00,1369.04,-28.63,342.57,2.290,10.00,40.0
792.00,1368.36,-26.44,342.60,2.294,5.00,50.0
793.00,1367.67,-24.25,342.62,2.298,5.00,50.0
794.00,1366.98,-22.05,342.65,2.302,5.00,50.0
795.00,1366.29,-19.85,342.68,2.306,5.00,50.0
796.00,1365.60,-17.64,342.70,2.310,5.00,50.0
797.00,1364.92,-15.43,342.73,2.314,5.00,50.0
798.00,1364.23,-13.22,342.76,2.318,5.00,50.0
799.00,1363.54,-11.00,342.78,2.321,5.00,50.0
800.00,1362.85,-8.78,342.81,2.325,5.00,50.0
801.00,1362.16,-6.56,342.84,2.328,5.00,50.0
802.00,1361.48,-4.33,342.87,2.332,5.00,50.0
803.00,1360.79,-2.10,342.89,2.335,5.00,50.0
804.00,1360.10,0.13,342.92,2.338,0.00,50.0
805.00,1359.41,2.37,342.95,2.342,0.00,50.0
806.00,1358.73,4.61,342.97,2.345,0.00,50.0
807.00,1358.04,6.86,342.99,2.348,0.00,50.0
808.00,1357.35,9.11,343.02,2.351,0.00,50.0
809.00,1356.66,11.36,343.04,2.354,0.00,50.0
810.00,1355.98,13.61,343.06,2.357,0.00,50.0
811.00,1355.29,15.87,343.08,2.360,0.00,50.0
812.00,1354.60,18.13,343.10,2.362,0.00,50.0
813.00,1353.91,20.39,343.12,2.365,0.00,50.0
814.00,1353.23,22.66,343.14,2.368,0.00,50.0
815.00,1352.54,24.93,343.16,2.371,0.00,50.0
816.00,1351.85,27.20,343.18,2.373,0.00,50.0
817.00,1351.16,29.47,343.19,2.376,0.00,50.0
818.00,1350.47,31.75,343.21,2.378,0.00,50.0
819.00,1349.79,34.03,343.23,2.381,0.00,50.0
820.00,1349.10,36.31,343.24,2.383,0.00,50.0
821.00,1348.41,38.59,343.26,2.385,0.00,50.0
822.00,1347.72,40.88,343.27,2.388,0.00,50.0
823.00,1347.04,43.17,343.28,2.390,0.00,50.0
824.00,1346.35,45.46,343.30,2.392,0.00,50.0
825.00,1345.66,47.75,343.31,2.394,0.00,50.0
826.00,1344.97,50.05,343.32,2.396,0.00,50.0
827.00,1344.28,52.35,343.33,2.398,0.00,50.0
828.00,1343.59,54.65,343.35,2.400,0.00,50.0
829.00,1342.91,56.95,343.36,2.402,0.00,50.0
830.00,1342.22,59.25,343.37,2.404,0.00,50.0
831.00,1341.53,61.56,343.38,2.406,0.00,50.0
832.00,1340.84,63.86,343.39,2.408,0.00,50.0
833.00,1340.15,66.17,343.40,2.410,0.00,50.0
834.00,1339.46,68.49,343.41,2.412,0.00,50.0
835.00,1338.77,70.80,343.42,2.414,0.00,50.0
836.00,1338.08,73.11,343.43,2.415,0.00,50.0
837.00,1337.39,75.43,343.44,2.417,0.00,50.0
838.00,1336.70,77.75,343.44,2.419,0.00,50.0
839.00,1336.01,80.07,343.45,2.420,0.00,50.0
840.00,1335.33,82.39,343.46,2.422,0.00,50.0
841.00,1334.64,84.71,343.47,2.423,0.00,50.0
842.00,1333.95,87.04,343.47,2.425,0.00,50.0
843.00,1333.25,89.36,343.48,2.426,0.00,50.0
844.00,1332.56,91.69,343.49,2.428,0.00,50.0
845.00,1331.87,94.02,343.49,2.429,0.00,50.0
846.00,1331.18,96.35,343.50,2.431,0.00,50.0
847.00,1330.49,98.68,343.51,2.432,0.00,50.0
848.00,1329.80,101.02,343.51,2.434,0.00,50.0
849.00,1329.11,103.35,343.52,2.435,0.00,50.0
850.00,1328.42,105.69,343.52,2.436,0.00,50.0
851.00,1327.73,108.03,343.53,2.437,0.00,50.0
852.00,1327.04,110.36,343.54,2.439,0.00,50.0
853.00,1326.35,112.70,343.54,2.440,0.00,50.0
854.00,1325.65,115.04,343.55,2.441,0.00,50.0
855.00,1324.96,117.39,343.55,2.442,0.00,50.0
856.00,1324.27,119.73,343.55,2.443,0.00,50.0
857.00,1323.58,122.08,343.56,2.445,0.00,50.0
858.00,1322.89,124.42,343.56,2.446,0.00,50.0
859.00,1322.19,126.77,343.57,2.447,0.00,50.0
860.00,1321.50,129.12,343.57,2.448,0.00,50.0
861.00,1320.81,131.46,343.57,2.449,0.00,50.0
862.00,1320.12,133.81,343.58,2.450,0.00,50.0
863.00,1319.42,136.17,343.58,2.451,0.00,50.0
864.00,1318.73,138.52,343.59,2.452,0.00,50.0
865.00,1318.04,140.87,343.59,2.453,0.00,50.0
866.00,1317.34,143.22,343.59,2.454,0.00,50.0
867.00,1316.65,145.58,343.60,2.455,0.00,50.0
868.00,1315.96,147.93,343.60,2.456,0.00,50.0
869.00,1315.26,150.29,343.60,2.457,0.00,50.0
870.00,1314.57,152.65,343.60,2.457,0.00,50.0
871.00,1313.88,155.01,343.61,2.458,0.00,50.0
872.00,1313.18,157.37,343.61,2.459,0.00,50.0
873.00,1312.49,159.73,343.61,2.460,0.00,50.0
874.00,1311.79,162.09,343.61,2.461,0.00,50.0
875.00,1311.10,164.45,343.62,2.461,0.00,50.0
876.00,1310.40,166.81,343.62,2.462,0.00,50.0
877.00,1309.71,169.17,343.62,2.463,0.00,50.0
878.00,1309.01,171.54,343.62,2.464,0.00,50.0
879.00,1308.32,173.90,343.63,2.464,0.00,50.0
880.00,1307.62,176.27,343.63,2.465,0.00,50.0
881.00,1306.93,178.63,343.63,2.466,0.00,50.0
882.00,1306.23,181.00,343.63,2.467,0.00,50.0
883.00,1305.54,183.37,343.63,2.467,0.00,50.0
884.00,1304.84,185.73,343.63,2.468,0.00,50.0
885.00,1304.15,188.10,343.64,2.469,0.00,50.0
886.00,1303.45,190.47,343.64,2.469,0.00,50.0
887.00,1302.76,192.84,343.64,2.470,0.00,50.0
888.00,1302.06,195.21,343.64,2.470,0.00,50.0
889.00,1301.36,197.58,343.64,2.471,0.00,50.0
890.00,1300.67,199.95,343.64,2.472,0.00,50.0
891.00,1299.97,202.33,343.65,2.472,0.00,50.0
892.00,1299.28,204.70,343.65,2.473,0.00,50.0
893.00,1298.58,207.07,343.65,2.473,0.00,50.0
894.00,1297.88,209.45,343.65,2.474,0.00,50.0
895.00,1297.19,211.82,343.65,2.474,0.00,50.0
896.00,1296.49,214.20,343.65,2.475,0.00,50.0
897.00,1295.79,216.57,343.65,2.475,0.00,50.0
898.00,1295.10,218.95,343.65,2.476,0.00,50.0
899.00,1294.40,221.32,343.66,2.476,0.00,50.0
900.00,1293.70,223.70,343.66,2.477,0.00,50.0
901.00,1293.01,226.08,343.66,2.477,0.00,50.0
902.00,1292.31,228.45,343.66,2.478,0.00,50.0
903.00,1291.61,230.83,343.66,2.478,0.00,50.0
904.00,1290.91,233.21,343.66,2.479,0.00,50.0
905.00,1290.22,235.59,343.66,2.479,0.00,50.0
906.00,1289.52,237.97,343.66,2.479,0.00,50.0
907.00,1288.82,240.35,343.66,2.480,0.00,50.0
908.00,1288.12,242.73,343.66,2.480,0.00,50.0
909.00,1287.43,245.11,343.66,2.481,0.00,50.0
910.00,1286.73,247.49,343.66,2.481,0.00,50.0
911.00,1286.03,249.87,343.67,2.481,0.00,50.0
912.00,1285.33,252.25,343.67,2.482,0.00,50.0
913.00,1284.63,254.63,343.67,2.482,0.00,50.0
914.00,1283.94,257.02,343.67,2.482,0.00,50.0
915.00,1283.24,259.40,343.67,2.483,0.00,50.0
916.00,1282.54,261.78,343.67,2.483,0.00,50.0
917.00,1281.84,264.17,343.67,2.484,0.00,50.0
918.00,1281.14,266.55,343.67,2.484,5.00,50.0
919.00,1280.44,268.93,343.67,2.484,5.00,50.0
920.00,1279.75,271.32,343.68,2.484,5.00,50.0
921.00,1279.05,273.70,343.68,2.485,5.00,50.0
922.00,1278.35,276.09,343.69,2.485,5.00,50.0
923.00,1277.65,278.47,343.69,2.485,5.00,50.0
924.00,1276.95,280.86,343.70,2.486,5.00,50.0
925.00,1276.26,283.24,343.70,2.486,5.00,50.0
926.00,1275.56,285.63,343.71,2.486,5.00,50.0
927.00,1274.86,288.02,343.72,2.487,5.00,50.0
928.00,1274.16,290.40,343.73,2.487,5.00,50.0
929.00,1273.47,292.79,343.74,2.487,5.00,50.0
930.00,1272.77,295.18,343.75,2.487,5.00,50.0
931.00,1272.07,297.57,343.76,2.488,5.00,50.0
932.00,1271.38,299.96,343.77,2.488,5.00,50.0
933.00,1270.69,302.34,343.79,2.478,10.00,40.0
934.00,1270.00,304.71,343.80,2.469,10.00,40.0
935.00,1269.31,307.07,343.82,2.459,10.00,40.0
936.00,1268.63,309.42,343.84,2.450,10.00,40.0
937.00,1267.95,311.76,343.85,2.441,10.00,40.0
938.00,1267.27,314.10,343.87,2.432,10.00,40.0
939.00,1266.60,316.43,343.90,2.423,10.00,40.0
940.00,1265.93,318.75,343.92,2.415,10.00,40.0
941.00,1265.26,321.06,343.94,2.407,10.00,40.0
942.00,1264.60,323.37,343.97,2.399,10.00,40.0
943.00,1263.94,325.66,343.99,2.391,10.00,40.0
944.00,1263.28,327.95,344.02,2.383,10.00,40.0
945.00,1262.63,330.24,344.05,2.375,10.00,40.0
946.00,1261.98,332.51,344.08,2.368,10.00,40.0
947.00,1261.33,334.78,344.11,2.360,10.00,40.0
948.00,1260.69,337.05,344.14,2.353,15.00,40.0
949.00,1260.04,339.30,344.17,2.346,15.00,40.0
950.00,1259.41,341.55,344.21,2.339,15.00,40.0
951.00,1258.77,343.80,344.24,2.332,15.00,40.0
952.00,1258.14,346.04,344.28,2.326,15.00,40.0
953.00,1257.51,348.27,344.32,2.319,15.00,40.0
954.00,1256.89,350.50,344.36,2.313,15.00,40.0
955.00,1256.26,352.72,344.41,2.307,15.00,40.0
956.00,1255.65,354.93,344.45,2.300,15.00,40.0
957.00,1255.03,357.14,344.50,2.294,15.00,40.0
958.00,1254.42,359.35,344.54,2.288,15.00,40.0
959.00,1253.81,361.55,344.59,2.283,15.00,40.0
960.00,1253.21,363.74,344.64,2.277,15.00,40.0
961.00,1252.60,365.94,344.69,2.282,10.00,50.0
962.00,1252.00,368.15,344.74,2.286,10.00,50.0
963.00,1251.40,370.36,344.79,2.290,10.00,50.0
964.00,1250.79,372.57,344.84,2.294,10.00,50.0
965.00,1250.19,374.79,344.90,2.298,10.00,50.0
966.00,1249.59,377.01,344.95,2.303,10.00,50.0
967.00,1248.99,379.24,345.00,2.306,10.00,50.0
968.00,1248.40,381.47,345.05,2.310,10.00,50.0
969.00,1247.80,383.71,345.10,2.314,10.00,50.0
970.00,1247.20,385.95,345.15,2.318,10.00,50.0
971.00,1246.61,388.19,345.20,2.321,10.00,50.0
972.00,1246.01,390.44,345.26,2.325,10.00,50.0
973.00,1245.42,392.69,345.31,2.329,10.00,50.0
974.00,1244.83,394.95,345.36,2.332,5.00,50.0
975.00,1244.24,397.21,345.41,2.335,5.00,50.0
976.00,1243.65,399.47,345.46,2.339,5.00,50.0
977.00,1243.06,401.74,345.51,2.342,5.00,50.0
978.00,1242.48,404.01,345.56,2.345,5.00,50.0
979.00,1241.89,406.28,345.61,2.348,5.00,50.0
980.00,1241.31,408.56,345.66,2.351,5.00,50.0
981.00,1240.72,410.84,345.70,2.354,5.00,50.0
982.00,1240.14,413.12,345.75,2.357,5.00,50.0
983.00,1239.56,415.41,345.79,2.360,5.00,50.0
984.00,1238.98,417.70,345.84,2.363,5.00,50.0
985.00,1238.40,420.00,345.88,2.365,5.00,50.0
986.00,1237.82,422.29,345.93,2.368,5.00,50.0
987.00,1237.25,424.59,345.97,2.371,5.00,50.0
988.00,1236.67,426.89,346.01,2.373,5.00,50.0
989.00,1236.10,429.20,346.05,2.376,0.00,50.0
990.00,1235.53,431.51,346.09,2.378,0.00,50.0
991.00,1234.95,433.82,346.13,2.381,0.00,50.0
992.00,1234.38,436.13,346.17,2.383,0.00,50.0
993.00,1233.81,438.45,346.21,2.386,0.00,50.0
994.00,1233.24,440.77,346.24,2.388,0.00,50.0
995.00,1232.67,443.09,346.28,2.390,0.00,50.0
996.00,1232.11,445.41,346.31,2.392,0.00,50.0
997.00,1231.54,447.74,346.34,2.394,0.00,50.0
998.00,1230.97,450.07,346.37,2.397,0.00,50.0
999.00,1230.41,452.40,346.40,2.399,0.00,50.0
1000.00,1229.84,454.73,346.43,2.401,0.00,50.0
1001.00,1229.28,457.07,346.46,2.403,0.00,50.0
1002.00,1228.72,459.41,346.48,2.405,0.00,50.0
1003.00,1228.15,461.75,346.51,2.406,0.00,50.0
1004.00,1227.59,464.09,346.53,2.408,0.00,50.0
1005.00,1227.03,466.43,346.56,2.410,0.00,50.0
1006.00,1226.47,468.78,346.58,2.412,0.00,50.0
1007.00,1225.91,471.13,346.60,2.414,0.00,50.0
1008.00,1225.35,473.48,346.63,2.415,0.00,50.0
1009.00,1224.79,475.83,346.65,2.417,0.00,50.0
1010.00,1224.23,478.18,346.67,2.419,0.00,50.0
1011.00,1223.68,480.54,346.69,2.420,0.00,50.0
1012.00,1223.12,482.89,346.71,2.422,0.00,50.0
1013.00,1222.56,485.25,346.72,2.424,0.00,50.0
1014.00,1222.00,487.61,346.74,2.425,0.00,50.0
1015.00,1221.45,489.97,346.76,2.427,0.00,50.0
1016.00,1220.89,492.34,346.78,2.428,0.00,50.0
1017.00,1220.33,494.70,346.79,2.430,0.00,50.0
1018.00,1219.78,497.07,346.81,2.431,0.00,50.0
1019.00,1219.22,499.44,346.82,2.432,0.00,50.0
1020.00,1218.67,501.81,346.84,2.434,0.00,50.0
1021.00,1218.11,504.18,346.85,2.435,0.00,50.0
1022.00,1217.56,506.55,346.86,2.436,0.00,50.0
1023.00,1217.01,508.92,346.88,2.438,0.00,50.0
1024.00,1216.45,511.30,346.89,2.439,0.00,50.0
1025.00,1215.90,513.68,346.90,2.440,0.00,50.0
1026.00,1215.35,516.05,346.91,2.441,0.00,50.0
1027.00,1214.79,518.43,346.93,2.442,0.00,50.0
1028.00,1214.24,520.81,346.94,2.444,0.00,50.0
1029.00,1213.69,523.19,346.95,2.445,0.00,50.0
1030.00,1213.14,525.58,346.96,2.446,0.00,50.0
1031.00,1212.58,527.96,346.97,2.447,0.00,50.0
1032.00,1212.03,530.35,346.98,2.448,0.00,50.0
1033.00,1211.48,532.73,346.99,2.449,0.00,50.0
1034.00,1210.93,535.12,347.00,2.450,0.00,50.0
1035.00,1210.38,537.51,347.00,2.451,0.00,50.0
1036.00,1209.82,539.90,347.01,2.452,0.00,50.0
1037.00,1209.27,542.29,347.02,2.453,0.00,50.0
1038.00,1208.72,544.68,347.03,2.454,0.00,50.0
1039.00,1208.17,547.07,347.04,2.455,0.00,50.0
1040.00,1207.62,549.46,347.04,2.456,0.00,50.0
1041.00,1207.07,551.86,347.05,2.457,0.00,50.0
1042.00,1206.52,554.25,347.06,2.457,0.00,50.0
1043.00,1205.97,556.65,347.06,2.458,0.00,50.0
1044.00,1205.42,559.04,347.07,2.459,0.00,50.0
1045.00,1204.87,561.44,347.08,2.460,0.00,50.0
1046.00,1204.32,563.84,347.08,2.461,0.00,50.0
1047.00,1203.77,566.24,347.09,2.462,0.00,50.0
1048.00,1203.22,568.64,347.09,2.462,0.00,50.0
1049.00,1202.67,571.04,347.10,2.463,0.00,50.0
1050.00,1202.12,573.44,347.11,2.464,0.00,50.0
1051.00,1201.57,575.84,347.11,2.465,0.00,50.0
1052.00,1201.02,578.25,347.12,2.465,0.00,50.0
1053.00,1200.47,580.65,347.12,2.466,0.00,50.0
1054.00,1199.92,583.06,347.12,2.467,0.00,50.0
1055.00,1199.37,585.46,347.13,2.467,5.00,50.0
1056.00,1198.82,587.87,347.14,2.468,5.00,50.0
1057.00,1198.27,590.27,347.14,2.469,5.00,50.0
1058.00,1197.72,592.68,347.15,2.469,5.00,50.0
1059.00,1197.17,595.09,347.16,2.470,5.00,50.0
1060.00,1196.62,597.50,347.17,2.470,5.00,50.0
1061.00,1196.07,599.91,347.18,2.471,5.00,50.0
1062.00,1195.52,602.32,347.19,2.472,5.00,50.0
1063.00,1194.97,604.73,347.20,2.472,5.00,50.0
1064.00,1194.43,607.14,347.21,2.473,5.00,50.0
1065.00,1193.88,609.55,347.22,2.473,5.00,50.0
1066.00,1193.33,611.96,347.23,2.474,5.00,50.0
1067.00,1192.79,614.38,347.25,2.474,5.00,50.0
1068.00,1192.24,616.79,347.26,2.475,5.00,50.0
1069.00,1191.69,619.21,347.28,2.475,5.00,50.0
1070.00,1191.15,621.62,347.29,2.476,5.00,50.0
1071.00,1190.60,624.04,347.31,2.476,5.00,50.0
1072.00,1190.06,626.45,347.32,2.477,5.00,50.0
1073.00,1189.51,628.87,347.34,2.477,5.00,50.0
1074.00,1188.97,631.29,347.35,2.478,5.00,50.0
1075.00,1188.43,633.70,347.37,2.478,5.00,50.0
1076.00,1187.89,636.12,347.39,2.479,5.00,50.0
1077.00,1187.35,638.54,347.40,2.479,5.00,50.0
1078.00,1186.81,640.96,347.42,2.479,10.00,50.0
1079.00,1186.27,643.38,347.44,2.480,10.00,50.0
1080.00,1185.73,645.80,347.47,2.480,10.00,50.0
1081.00,1185.19,648.22,347.49,2.481,10.00,50.0
1082.00,1184.65,650.65,347.51,2.481,10.00,50.0
1083.00,1184.11,653.07,347.54,2.481,10.00,50.0
1084.00,1183.58,655.49,347.56,2.482,10.00,50.0
1085.00,1183.04,657.92,347.59,2.482,10.00,50.0
1086.00,1182.51,660.34,347.62,2.483,10.00,50.0
1087.00,1181.98,662.77,347.65,2.483,10.00,50.0
1088.00,1181.45,665.19,347.68,2.483,10.00,50.0
1089.00,1180.92,667.62,347.71,2.484,10.00,50.0
1090.00,1180.39,670.05,347.74,2.484,10.00,50.0
1091.00,1179.86,672.47,347.77,2.484,10.00,50.0
1092.00,1179.33,674.90,347.80,2.485,10.00,50.0
1093.00,1178.81,677.33,347.84,2.485,10.00,50.0
1094.00,1178.28,679.76,347.87,2.485,10.00,50.0
1095.00,1177.76,682.19,347.91,2.485,10.00,50.0
1096.00,1177.24,684.62,347.95,2.486,10.00,50.0
1097.00,1176.72,687.05,347.98,2.486,15.00,50.0
1098.00,1176.21,689.48,348.02,2.486,15.00,50.0
1099.00,1175.69,691.92,348.06,2.487,15.00,50.0
1100.00,1175.18,694.35,348.11,2.487,15.00,50.0
1101.00,1174.66,696.78,348.15,2.487,15.00,50.0
1102.00,1174.15,699.22,348.20,2.487,15.00,50.0
1103.00,1173.64,701.65,348.24,2.488,15.00,50.0
1104.00,1173.14,704.09,348.29,2.488,15.00,50.0
1105.00,1172.63,706.52,348.34,2.488,15.00,50.0
1106.00,1172.13,708.96,348.39,2.488,15.00,50.0
1107.00,1171.63,711.40,348.44,2.489,15.00,50.0
1108.00,1171.13,713.84,348.50,2.489,15.00,50.0
1109.00,1170.63,716.28,348.55,2.489,15.00,50.0
1110.00,1170.14,718.71,348.60,2.489,15.00,50.0
1111.00,1169.65,721.16,348.66,2.489,15.00,50.0
1112.00,1169.16,723.60,348.72,2.490,15.00,50.0
1113.00,1168.67,726.04,348.78,2.490,15.00,50.0
1114.00,1168.19,728.48,348.83,2.490,15.00,50.0
1115.00,1167.70,730.92,348.89,2.490,15.00,50.0
1116.00,1167.22,733.37,348.96,2.490,20.00,50.0
1117.00,1166.75,735.81,349.02,2.491,20.00,50.0
1118.00,1166.27,738.26,349.08,2.491,20.00,50.0
1119.00,1165.80,740.70,349.15,2.491,20.00,50.0
1120.00,1165.33,743.15,349.22,2.491,20.00,50.0
1121.00,1164.86,745.60,349.29,2.491,20.00,50.0
1122.00,1164.40,748.05,349.36,2.492,20.00,50.0
1123.00,1163.94,750.49,349.43,2.492,20.00,50.0
1124.00,1163.48,752.94,349.51,2.492,20.00,50.0
1125.00,1163.03,755.39,349.58,2.492,20.00,50.0
1126.00,1162.58,757.85,349.66,2.492,20.00,50.0
1127.00,1162.13,760.30,349.74,2.492,20.00,50.0
1128.00,1161.69,762.75,349.82,2.493,20.00,50.0
1129.00,1161.25,765.20,349.90,2.493,20.00,50.0
1130.00,1160.81,767.66,349.98,2.493,20.00,50.0
1131.00,1160.38,770.11,350.06,2.493,20.00,50.0
1132.00,1159.95,772.57,350.15,2.493,20.00,50.0
1133.00,1159.52,775.02,350.23,2.493,20.00,50.0
1134.00,1159.10,777.48,350.32,2.493,20.00,50.0
1135.00,1158.68,779.94,350.40,2.494,20.00,50.0
1136.00,1158.26,782.40,350.49,2.494,20.00,50.0
1137.00,1157.85,784.86,350.58,2.494,20.00,50.0
1138.00,1157.44,787.32,350.67,2.494,20.00,50.0
1139.00,1157.04,789.78,350.76,2.494,20.00,50.0
1140.00,1156.64,792.24,350.85,2.494,20.00,50.0
1141.00,1156.24,794.70,350.94,2.494,20.00,50.0
1142.00,1155.85,797.17,351.03,2.494,20.00,50.0
1143.00,1155.46,799.63,351.13,2.494,20.00,50.0
1144.00,1155.07,802.10,351.22,2.495,20.00,50.0
1145.00,1154.69,804.56,351.31,2.495,20.00,50.0
1146.00,1154.32,807.03,351.41,2.495,20.00,50.0
1147.00,1153.94,809.49,351.51,2.495,20.00,50.0
1148.00,1153.57,811.96,351.60,2.495,20.00,50.0
1149.00,1153.21,814.43,351.70,2.495,20.00,50.0
1150.00,1152.85,816.90,351.80,2.495,20.00,50.0
1151.00,1152.49,819.37,351.89,2.495,20.00,50.0
1152.00,1152.14,821.84,351.99,2.495,20.00,50.0
1153.00,1151.79,824.31,352.09,2.495,20.00,50.0
1154.00,1151.45,826.78,352.19,2.496,20.00,50.0
1155.00,1151.11,829.25,352.29,2.496,20.00,50.0
1156.00,1150.78,831.73,352.39,2.496,20.00,50.0
1157.00,1150.45,834.20,352.49,2.496,20.00,50.0
1158.00,1150.12,836.68,352.60,2.496,20.00,50.0
1159.00,1149.80,839.15,352.70,2.496,20.00,50.0
1160.00,1149.48,841.63,352.80,2.496,20.00,50.0
1161.00,1149.17,844.10,352.90,2.496,20.00,50.0
1162.00,1148.86,846.58,353.01,2.496,20.00,50.0
1163.00,1148.56,849.06,353.11,2.496,20.00,50.0
1164.00,1148.26,851.54,353.21,2.496,20.00,50.0
1165.00,1147.96,854.02,353.32,2.496,20.00,50.0
1166.00,1147.67,856.50,353.42,2.497,20.00,50.0
1167.00,1147.39,858.98,353.53,2.497,20.00,50.0
1168.00,1147.10,861.46,353.63,2.497,20.00,50.0
1169.00,1146.83,863.94,353.74,2.497,20.00,50.0
1170.00,1146.56,866.42,353.84,2.497,20.00,50.0
1171.00,1146.29,868.90,353.95,2.497,20.00,50.0
1172.00,1146.02,871.39,354.06,2.497,20.00,50.0
1173.00,1145.77,873.87,354.16,2.497,20.00,50.0
1174.00,1145.51,876.35,354.27,2.497,20.00,50.0
1175.00,1145.26,878.84,354.38,2.497,20.00,50.0
1176.00,1145.02,881.32,354.49,2.497,20.00,50.0
1177.00,1144.78,883.81,354.59,2.497,20.00,50.0
1178.00,1144.54,886.29,354.70,2.497,20.00,50.0
1179.00,1144.31,888.78,354.81,2.497,20.00,50.0
1180.00,1144.09,891.27,354.92,2.497,20.00,50.0
1181.00,1143.87,893.76,355.03,2.497,20.00,50.0
1182.00,1143.65,896.24,355.13,2.497,20.00,50.0
1183.00,1143.44,898.73,355.24,2.498,20.00,50.0
1184.00,1143.23,901.22,355.35,2.498,20.00,50.0
1185.00,1143.03,903.71,355.46,2.498,20.00,50.0
1186.00,1142.83,906.20,355.57,2.498,20.00,50.0
1187.00,1142.64,908.69,355.68,2.498,20.00,50.0
1188.00,1142.45,911.17,355.79,2.488,25.00,40.0
1189.00,1142.27,913.64,355.90,2.478,25.00,40.0
1190.00,1142.09,916.11,356.02,2.468,25.00,40.0
1191.00,1141.92,918.56,356.13,2.459,25.00,40.0
1192.00,1141.76,921.00,356.24,2.450,25.00,40.0
1193.00,1141.60,923.44,356.36,2.441,25.00,40.0
1194.00,1141.44,925.87,356.48,2.432,25.00,40.0
1195.00,1141.29,928.28,356.59,2.423,25.00,40.0
1196.00,1141.15,930.70,356.71,2.415,25.00,40.0
1197.00,1141.01,933.10,356.83,2.407,25.00,40.0
1198.00,1140.88,935.49,356.95,2.399,25.00,40.0
1199.00,1140.75,937.88,357.07,2.391,25.00,40.0
1200.00,1140.63,940.26,357.19,2.383,25.00,40.0
1201.00,1140.51,942.63,357.32,2.375,25.00,40.0
1202.00,1140.40,945.00,357.44,2.368,25.00,40.0
1203.00,1140.30,947.35,357.56,2.360,25.00,40.0
1204.00,1140.20,949.70,357.69,2.343,25.00,30.0
1205.00,1140.10,952.02,357.81,2.326,25.00,30.0
1206.00,1140.01,954.33,357.94,2.310,25.00,30.0
1207.00,1139.93,956.62,358.06,2.293,25.00,30.0
1208.00,1139.85,958.90,358.19,2.278,25.00,30.0
1209.00,1139.78,961.16,358.32,2.262,25.00,30.0
1210.00,1139.72,963.40,358.44,2.247,25.00,30.0
1211.00,1139.66,965.63,358.57,2.232,25.00,30.0
1212.00,1139.60,967.85,358.70,2.217,25.00,30.0
1213.00,1139.55,970.05,358.83,2.203,25.00,30.0
1214.00,1139.51,972.24,358.96,2.189,25.00,30.0
1215.00,1139.47,974.42,359.09,2.175,25.00,30.0
1216.00,1139.43,976.58,359.22,2.162,25.00,30.0
1217.00,1139.40,978.73,359.35,2.148,25.00,30.0
1218.00,1139.38,980.86,359.48,2.135,25.00,30.0
1219.00,1139.36,982.98,359.61,2.123,25.00,30.0
1220.00,1139.35,985.09,359.74,2.110,25.00,30.0
1221.00,1139.34,987.19,359.88,2.098,25.00,30.0
1222.00,1139.33,989.28,0.01,2.086,25.00,30.0
1223.00,1139.33,991.35,0.14,2.074,25.00,30.0
1224.00,1139.34,993.41,0.28,2.063,25.00,30.0
1225.00,1139.35,995.47,0.41,2.052,25.00,30.0
1226.00,1139.36,997.51,0.54,2.041,25.00,30.0
1227.00,1139.38,999.54,0.68,2.030,25.00,30.0
1228.00,1139.40,1001.56,0.81,2.019,25.00,30.0
1229.00,1139.43,1003.56,0.95,2.009,25.00,30.0
1230.00,1139.47,1005.56,1.08,1.999,25.00,30.0
1231.00,1139.50,1007.55,1.22,1.989,25.00,30.0
1232.00,1139.55,1009.53,1.35,1.979,25.00,30.0
1233.00,1139.59,1011.50,1.49,1.969,25.00,30.0
1234.00,1139.64,1013.46,1.62,1.960,25.00,30.0
1235.00,1139.70,1015.41,1.76,1.951,25.00,30.0
1236.00,1139.76,1017.35,1.90,1.942,25.00,30.0
1237.00,1139.82,1019.28,2.03,1.933,25.00,30.0
1238.00,1139.89,1021.20,2.17,1.924,25.00,30.0
1239.00,1139.96,1023.12,2.31,1.916,25.00,30.0
1240.00,1140.04,1025.02,2.45,1.907,25.00,30.0
1241.00,1140.12,1026.92,2.58,1.899,25.00,30.0
1242.00,1140.21,1028.81,2.72,1.891,25.00,30.0
1243.00,1140.30,1030.69,2.86,1.883,25.00,30.0
1244.00,1140.39,1032.56,3.00,1.876,25.00,30.0
1245.00,1140.49,1034.43,3.14,1.868,25.00,30.0
1246.00,1140.59,1036.29,3.27,1.861,25.00,30.0
1247.00,1140.69,1038.14,3.41,1.854,25.00,30.0
1248.00,1140.80,1039.98,3.55,1.847,25.00,30.0
1249.00,1140.92,1041.82,3.69,1.840,25.00,30.0
1250.00,1141.04,1043.65,3.83,1.833,25.00,30.0
1251.00,1141.16,1045.47,3.97,1.826,25.00,30.0
1252.00,1141.28,1047.28,4.11,1.820,25.00,30.0
1253.00,1141.41,1049.09,4.25,1.813,25.00,30.0
1254.00,1141.55,1050.89,4.39,1.807,25.00,30.0
1255.00,1141.69,1052.70,4.52,1.811,20.00,40.0
1256.00,1141.83,1054.51,4.66,1.815,20.00,40.0
1257.00,1141.98,1056.32,4.80,1.818,20.00,40.0
1258.00,1142.13,1058.14,4.93,1.822,20.00,40.0
1259.00,1142.29,1059.96,5.07,1.826,20.00,40.0
1260.00,1142.45,1061.78,5.21,1.829,20.00,40.0
1261.00,1142.61,1063.60,5.34,1.832,20.00,40.0
1262.00,1142.79,1065.43,5.47,1.836,20.00,40.0
1263.00,1142.96,1067.26,5.61,1.839,20.00,40.0
1264.00,1143.14,1069.09,5.74,1.842,20.00,40.0
1265.00,1143.33,1070.93,5.87,1.845,20.00,40.0
1266.00,1143.51,1072.77,6.00,1.849,20.00,40.0
1267.00,1143.71,1074.61,6.13,1.852,20.00,40.0
1268.00,1143.91,1076.46,6.26,1.855,20.00,40.0
1269.00,1144.11,1078.30,6.39,1.857,20.00,40.0
1270.00,1144.32,1080.16,6.52,1.870,15.00,50.0
1271.00,1144.53,1082.03,6.64,1.883,15.00,50.0
1272.00,1144.75,1083.91,6.77,1.895,15.00,50.0
1273.00,1144.97,1085.81,6.89,1.907,15.00,50.0
1274.00,1145.20,1087.71,7.02,1.919,15.00,50.0
1275.00,1145.44,1089.63,7.14,1.931,15.00,50.0
1276.00,1145.68,1091.56,7.26,1.942,15.00,50.0
1277.00,1145.93,1093.49,7.38,1.953,15.00,50.0
1278.00,1146.18,1095.44,7.49,1.964,15.00,50.0
1279.00,1146.44,1097.40,7.61,1.975,15.00,50.0
1280.00,1146.70,1099.37,7.73,1.986,15.00,50.0
1281.00,1146.97,1101.35,7.84,1.996,15.00,50.0
1282.00,1147.24,1103.33,7.96,2.006,15.00,50.0
1283.00,1147.52,1105.33,8.07,2.016,15.00,50.0
1284.00,1147.81,1107.33,8.18,2.025,15.00,50.0
1285.00,1148.10,1109.35,8.29,2.035,15.00,50.0
1286.00,1148.39,1111.37,8.40,2.044,15.00,50.0
1287.00,1148.69,1113.40,8.51,2.053,15.00,50.0
1288.00,1149.00,1115.44,8.62,2.062,15.00,50.0
1289.00,1149.31,1117.49,8.73,2.071,15.00,50.0
1290.00,1149.62,1119.55,8.84,2.080,15.00,50.0
1291.00,1149.94,1121.60,8.94,2.078,20.00,40.0
1292.00,1150.26,1123.65,9.05,2.076,20.00,40.0
1293.00,1150.59,1125.70,9.16,2.075,20.00,40.0
1294.00,1150.92,1127.75,9.27,2.073,20.00,40.0
1295.00,1151.25,1129.79,9.37,2.072,20.00,40.0
1296.00,1151.59,1131.83,9.48,2.071,20.00,40.0
1297.00,1151.93,1133.88,9.59,2.069,20.00,40.0
1298.00,1152.28,1135.91,9.70,2.068,20.00,40.0
1299.00,1152.63,1137.95,9.81,2.066,20.00,40.0
1300.00,1152.98,1139.99,9.92,2.065,20.00,40.0
1301.00,1153.33,1142.02,10.03,2.064,20.00,40.0
1302.00,1153.69,1144.05,10.14,2.062,20.00,40.0
1303.00,1154.05,1146.08,10.25,2.061,20.00,40.0
1304.00,1154.42,1148.11,10.36,2.060,20.00,40.0
1305.00,1154.79,1150.13,10.47,2.059,20.00,40.0
1306.00,1155.17,1152.15,10.58,2.058,20.00,40.0
1307.00,1155.54,1154.18,10.69,2.056,20.00,40.0
1308.00,1155.92,1156.20,10.80,2.055,20.00,40.0
1309.00,1156.31,1158.21,10.91,2.054,20.00,40.0
1310.00,1156.70,1160.22,11.02,2.048,25.00,35.0
1311.00,1157.09,1162.23,11.13,2.042,25.00,35.0
1312.00,1157.48,1164.23,11.25,2.036,25.00,35.0
1313.00,1157.88,1166.22,11.36,2.031,25.00,35.0
1314.00,1158.28,1168.20,11.48,2.025,25.00,35.0
1315.00,1158.68,1170.18,11.59,2.020,25.00,35.0
1316.00,1159.08,1172.16,11.71,2.014,25.00,35.0
1317.00,1159.49,1174.12,11.83,2.009,25.00,35.0
1318.00,1159.90,1176.08,11.95,2.004,25.00,35.0
1319.00,1160.31,1178.04,12.07,1.999,25.00,35.0
1320.00,1160.73,1179.99,12.19,1.994,25.00,35.0
1321.00,1161.15,1181.93,12.31,1.989,25.00,35.0
1322.00,1161.57,1183.87,12.43,1.984,25.00,35.0
1323.00,1162.00,1185.80,12.55,1.979,25.00,35.0
1324.00,1162.43,1187.73,12.68,1.975,25.00,35.0
1325.00,1162.86,1189.65,12.80,1.970,25.00,35.0
1326.00,1163.30,1191.57,12.93,1.966,25.00,35.0
1327.00,1163.74,1193.48,13.05,1.961,25.00,35.0
1328.00,1164.18,1195.39,13.18,1.957,25.00,35.0
1329.00,1164.62,1197.29,13.30,1.953,25.00,35.0
1330.00,1165.07,1199.19,13.43,1.949,25.00,35.0
1331.00,1165.52,1201.08,13.56,1.945,25.00,35.0
1332.00,1165.98,1202.97,13.69,1.941,25.00,35.0
1333.00,1166.44,1204.85,13.82,1.937,25.00,35.0
1334.00,1166.90,1206.73,13.94,1.934,25.00,35.0
1335.00,1167.36,1208.60,14.07,1.930,25.00,35.0
1336.00,1167.83,1210.47,14.20,1.926,25.00,35.0
1337.00,1168.30,1212.33,14.33,1.923,25.00,35.0
1338.00,1168.78,1214.19,14.46,1.919,25.00,35.0
1339.00,1169.26,1216.05,14.60,1.916,25.00,35.0
1340.00,1169.74,1217.90,14.73,1.913,25.00,35.0
1341.00,1170.22,1219.74,14.86,1.909,25.00,35.0
1342.00,1170.71,1221.59,14.99,1.906,25.00,35.0
1343.00,1171.21,1223.43,15.12,1.903,25.00,35.0
1344.00,1171.70,1225.26,15.26,1.900,25.00,35.0
1345.00,1172.20,1227.09,15.39,1.897,25.00,35.0
1346.00,1172.70,1228.92,15.52,1.894,25.00,35.0
1347.00,1173.21,1230.74,15.66,1.891,25.00,35.0
1348.00,1173.72,1232.56,15.79,1.888,25.00,35.0
1349.00,1174.23,1234.37,15.93,1.886,25.00,35.0
1350.00,1174.75,1236.18,16.06,1.883,25.00,35.0
1351.00,1175.27,1237.99,16.20,1.880,25.00,35.0
1352.00,1175.79,1239.79,16.33,1.878,25.00,35.0
1353.00,1176.32,1241.59,16.47,1.875,25.00,35.0
1354.00,1176.85,1243.39,16.60,1.873,25.00,35.0
1355.00,1177.39,1245.18,16.74,1.870,25.00,35.0
1356.00,1177.92,1246.97,16.88,1.868,25.00,35.0
1357.00,1178.47,1248.75,17.01,1.865,25.00,35.0
1358.00,1179.01,1250.53,17.15,1.863,25.00,35.0
1359.00,1179.56,1252.31,17.29,1.861,25.00,35.0
1360.00,1180.11,1254.09,17.42,1.859,25.00,35.0
1361.00,1180.67,1255.86,17.56,1.856,25.00,35.0
1362.00,1181.23,1257.63,17.70,1.854,25.00,35.0
1363.00,1181.79,1259.39,17.84,1.852,25.00,35.0
1364.00,1182.36,1261.15,17.97,1.850,25.00,35.0
1365.00,1182.93,1262.91,18.11,1.848,25.00,35.0
1366.00,1183.50,1264.66,18.25,1.846,25.00,35.0
1367.00,1184.08,1266.42,18.39,1.844,25.00,35.0
1368.00,1184.66,1268.16,18.53,1.842,25.00,35.0
1369.00,1185.24,1269.91,18.67,1.841,25.00,35.0
1370.00,1185.83,1271.65,18.80,1.839,25.00,35.0
1371.00,1186.42,1273.39,18.94,1.837,25.00,35.0
1372.00,1187.02,1275.13,19.08,1.835,25.00,35.0
1373.00,1187.62,1276.86,19.22,1.833,25.00,35.0
1374.00,1188.22,1278.59,19.36,1.832,25.00,35.0
1375.00,1188.83,1280.31,19.50,1.830,25.00,35.0
1376.00,1189.44,1282.04,19.64,1.829,25.00,35.0
1377.00,1190.05,1283.76,19.78,1.827,25.00,35.0
1378.00,1190.67,1285.48,19.92,1.825,25.00,35.0
1379.00,1191.29,1287.19,20.06,1.824,25.00,35.0
1380.00,1191.92,1288.90,20.20,1.822,25.00,35.0
1381.00,1192.55,1290.61,20.34,1.821,25.00,35.0
1382.00,1193.18,1292.32,20.48,1.820,25.00,35.0
1383.00,1193.82,1294.02,20.62,1.818,25.00,35.0
1384.00,1194.46,1295.72,20.76,1.817,25.00,35.0
1385.00,1195.10,1297.42,20.90,1.816,25.00,35.0
1386.00,1195.75,1299.12,21.04,1.814,25.00,35.0
1387.00,1196.40,1300.81,21.18,1.813,25.00,35.0
1388.00,1197.05,1302.50,21.32,1.812,25.00,35.0
1389.00,1197.71,1304.18,21.46,1.810,25.00,35.0
1390.00,1198.37,1305.87,21.60,1.809,25.00,35.0
1391.00,1199.04,1307.55,21.74,1.808,25.00,35.0
1392.00,1199.71,1309.23,21.88,1.807,25.00,35.0
1393.00,1200.38,1310.90,22.03,1.806,25.00,35.0
1394.00,1201.06,1312.57,22.17,1.805,25.00,35.0
1395.00,1201.74,1314.25,22.31,1.804,25.00,35.0
1396.00,1202.42,1315.91,22.45,1.802,25.00,35.0
1397.00,1203.11,1317.58,22.59,1.801,25.00,35.0
1398.00,1203.80,1319.24,22.73,1.800,25.00,35.0
1399.00,1204.50,1320.90,22.87,1.799,25.00,35.0
1400.00,1205.20,1322.56,23.01,1.798,25.00,35.0
1401.00,1205.90,1324.21,23.16,1.797,25.00,35.0
1402.00,1206.60,1325.86,23.30,1.796,25.00,35.0
1403.00,1207.31,1327.51,23.44,1.796,25.00,35.0
1404.00,1208.03,1329.16,23.58,1.795,25.00,35.0
1405.00,1208.75,1330.80,23.72,1.794,25.00,35.0
1406.00,1209.47,1332.44,23.86,1.793,25.00,35.0
1407.00,1210.19,1334.08,24.01,1.792,25.00,35.0
1408.00,1210.92,1335.72,24.15,1.791,25.00,35.0
1409.00,1211.65,1337.35,24.29,1.790,25.00,35.0
1410.00,1212.39,1338.98,24.43,1.790,25.00,35.0
1411.00,1213.13,1340.61,24.57,1.789,25.00,35.0
1412.00,1213.87,1342.24,24.71,1.788,25.00,35.0
1413.00,1214.62,1343.86,24.86,1.787,25.00,35.0
1414.00,1215.37,1345.48,25.00,1.786,25.00,35.0
1415.00,1216.13,1347.10,25.14,1.786,25.00,35.0
1416.00,1216.88,1348.72,25.28,1.785,25.00,35.0
1417.00,1217.65,1350.33,25.42,1.784,25.00,35.0
1418.00,1218.41,1351.94,25.57,1.784,25.00,35.0
1419.00,1219.18,1353.55,25.71,1.783,25.00,35.0
1420.00,1219.95,1355.16,25.85,1.782,25.00,35.0
1421.00,1220.73,1356.76,25.99,1.782,25.00,35.0
1422.00,1221.51,1358.36,26.13,1.781,25.00,35.0
1423.00,1222.30,1359.96,26.28,1.780,25.00,35.0
1424.00,1223.08,1361.55,26.42,1.780,25.00,35.0
1425.00,1223.88,1363.15,26.56,1.779,25.00,35.0
1426.00,1224.67,1364.74,26.70,1.779,25.00,35.0
1427.00,1225.47,1366.33,26.85,1.778,25.00,35.0
1428.00,1226.27,1367.91,26.99,1.777,25.00,35.0
1429.00,1227.08,1369.50,27.13,1.777,25.00,35.0
1430.00,1227.89,1371.08,27.27,1.776,25.00,35.0
1431.00,1228.70,1372.66,27.41,1.776,25.00,35.0
1432.00,1229.52,1374.23,27.56,1.775,25.00,35.0
1433.00,1230.34,1375.81,27.70,1.775,25.00,35.0
1434.00,1231.17,1377.38,27.84,1.774,25.00,35.0
1435.00,1231.99,1378.94,27.98,1.774,25.00,35.0
1436.00,1232.83,1380.51,28.13,1.773,25.00,35.0
1437.00,1233.66,1382.07,28.27,1.773,25.00,35.0
1438.00,1234.50,1383.64,28.41,1.772,25.00,35.0
1439.00,1235.35,1385.19,28.55,1.772,25.00,35.0
1440.00,1236.19,1386.75,28.70,1.772,25.00,35.0
1441.00,1237.04,1388.30,28.84,1.771,25.00,35.0
1442.00,1237.90,1389.85,28.98,1.771,25.00,35.0
1443.00,1238.75,1391.40,29.12,1.770,25.00,35.0
1444.00,1239.62,1392.95,29.27,1.770,25.00,35.0
1445.00,1240.48,1394.49,29.41,1.769,25.00,35.0
1446.00,1241.35,1396.03,29.55,1.769,25.00,35.0
1447.00,1242.22,1397.57,29.69,1.769,25.00,35.0
1448.00,1243.10,1399.11,29.84,1.768,25.00,35.0
1449.00,1243.98,1400.64,29.98,1.768,25.00,35.0
1450.00,1244.86,1402.17,30.12,1.768,25.00,35.0
1451.00,1245.75,1403.70,30.26,1.767,25.00,35.0
1452.00,1246.64,1405.23,30.41,1.767,25.00,35.0
1453.00,1247.53,1406.75,30.55,1.767,25.00,35.0
1454.00,1248.43,1408.27,30.69,1.766,25.00,35.0
1455.00,1249.33,1409.79,30.84,1.766,25.00,35.0
1456.00,1250.24,1411.31,30.98,1.766,25.00,35.0
1457.00,1251.15,1412.82,31.12,1.765,25.00,35.0
1458.00,1252.06,1414.33,31.26,1.765,25.00,35.0
1459.00,1252.97,1415.84,31.41,1.765,25.00,35.0
1460.00,1253.89,1417.35,31.55,1.764,25.00,35.0
1461.00,1254.82,1418.85,31.69,1.764,25.00,35.0
1462.00,1255.74,1420.35,31.83,1.764,25.00,35.0
1463.00,1256.67,1421.85,31.98,1.764,25.00,35.0
1464.00,1257.61,1423.34,32.12,1.763,25.00,35.0
1465.00,1258.54,1424.84,32.26,1.763,25.00,35.0
1466.00,1259.48,1426.33,32.40,1.763,25.00,35.0
1467.00,1260.43,1427.82,32.55,1.763,25.00,35.0
1468.00,1261.38,1429.30,32.69,1.762,25.00,35.0
1469.00,1262.33,1430.78,32.83,1.762,25.00,35.0
1470.00,1263.28,1432.27,32.98,1.762,25.00,35.0
1471.00,1264.24,1433.74,33.12,1.762,25.00,35.0
1472.00,1265.20,1435.22,33.26,1.761,25.00,35.0
1473.00,1266.17,1436.69,33.40,1.761,25.00,35.0
1474.00,1267.14,1438.16,33.55,1.761,25.00,35.0
1475.00,1268.11,1439.63,33.69,1.761,25.00,35.0
1476.00,1269.09,1441.09,33.83,1.760,25.00,35.0
1477.00,1270.07,1442.56,33.97,1.760,25.00,35.0
1478.00,1271.05,1444.01,34.12,1.760,25.00,35.0
1479.00,1272.04,1445.47,34.26,1.760,25.00,35.0
1480.00,1273.03,1446.93,34.40,1.760,25.00,35.0
1481.00,1274.02,1448.38,34.55,1.759,25.00,35.0
1482.00,1275.02,1449.83,34.69,1.759,25.00,35.0
1483.00,1276.02,1451.27,34.83,1.759,25.00,35.0
1484.00,1277.03,1452.72,34.97,1.759,25.00,35.0
1485.00,1278.04,1454.16,35.12,1.759,25.00,35.0
1486.00,1279.05,1455.60,35.26,1.759,25.00,35.0
1487.00,1280.06,1457.03,35.40,1.758,25.00,35.0
1488.00,1281.08,1458.47,35.55,1.758,25.00,35.0
1489.00,1282.10,1459.90,35.69,1.758,25.00,35.0
1490.00,1283.13,1461.32,35.83,1.758,25.00,35.0
1491.00,1284.16,1462.75,35.97,1.758,25.00,35.0
1492.00,1285.19,1464.17,36.12,1.758,25.00,35.0
1493.00,1286.23,1465.59,36.26,1.757,25.00,35.0
1494.00,1287.27,1467.01,36.40,1.757,25.00,35.0
1495.00,1288.31,1468.42,36.54,1.757,25.00,35.0
1496.00,1289.35,1469.83,36.69,1.757,25.00,35.0
1497.00,1290.40,1471.24,36.83,1.757,25.00,35.0
1498.00,1291.46,1472.65,36.97,1.757,25.00,35.0
1499.00,1292.51,1474.05,37.12,1.757,25.00,35.0
1500.00,1293.57,1475.45,37.26,1.756,25.00,35.0
1501.00,1294.64,1476.85,37.40,1.756,25.00,35.0
1502.00,1295.70,1478.24,37.54,1.756,25.00,35.0
1503.00,1296.77,1479.64,37.69,1.756,25.00,35.0
1504.00,1297.85,1481.03,37.83,1.766,20.00,45.0
1505.00,1298.94,1482.44,37.97,1.776,20.00,45.0
1506.00,1300.04,1483.84,38.11,1.785,20.00,45.0
1507.00,1301.15,1485.26,38.25,1.794,20.00,45.0
1508.00,1302.26,1486.67,38.39,1.803,20.00,45.0
1509.00,1303.39,1488.09,38.52,1.812,20.00,45.0
1510.00,1304.52,1489.52,38.66,1.821,20.00,45.0
1511.00,1305.67,1490.95,38.80,1.830,20.00,45.0
1512.00,1306.82,1492.38,38.93,1.838,20.00,45.0
1513.00,1307.98,1493.82,39.07,1.846,20.00,45.0
1514.00,1309.15,1495.26,39.20,1.854,20.00,45.0
1515.00,1310.33,1496.70,39.33,1.862,20.00,45.0
1516.00,1311.51,1498.15,39.47,1.870,20.00,45.0
1517.00,1312.70,1499.59,39.60,1.878,20.00,45.0
1518.00,1313.91,1501.05,39.73,1.885,20.00,45.0
1519.00,1315.12,1502.51,39.86,1.897,15.00,50.0
1520.00,1316.34,1503.97,39.99,1.910,15.00,50.0
1521.00,1317.58,1505.44,40.12,1.921,15.00,50.0
1522.00,1318.82,1506.92,40.24,1.933,15.00,50.0
1523.00,1320.08,1508.41,40.37,1.944,15.00,50.0
1524.00,1321.34,1509.90,40.49,1.955,15.00,50.0
1525.00,1322.62,1511.39,40.61,1.966,15.00,50.0
1526.00,1323.91,1512.89,40.73,1.977,15.00,50.0
1527.00,1325.21,1514.40,40.85,1.987,15.00,50.0
1528.00,1326.51,1515.91,40.97,1.998,15.00,50.0
1529.00,1327.83,1517.43,41.09,2.008,15.00,50.0
1530.00,1329.15,1518.95,41.20,2.018,15.00,50.0
1531.00,1330.49,1520.47,41.32,2.027,15.00,50.0
1532.00,1331.83,1522.00,41.43,2.037,15.00,50.0
1533.00,1333.19,1523.53,41.55,2.046,15.00,50.0
1534.00,1334.55,1525.07,41.66,2.055,10.00,50.0
1535.00,1335.92,1526.61,41.77,2.064,10.00,50.0
1536.00,1337.30,1528.16,41.87,2.073,10.00,50.0
1537.00,1338.69,1529.71,41.98,2.081,10.00,50.0
1538.00,1340.09,1531.26,42.08,2.090,10.00,50.0
1539.00,1341.50,1532.82,42.19,2.098,10.00,50.0
1540.00,1342.91,1534.38,42.29,2.106,10.00,50.0
1541.00,1344.33,1535.94,42.39,2.114,10.00,50.0
1542.00,1345.76,1537.51,42.49,2.121,10.00,50.0
1543.00,1347.20,1539.08,42.58,2.129,10.00,50.0
1544.00,1348.65,1540.65,42.68,2.136,10.00,50.0
1545.00,1350.10,1542.23,42.77,2.144,10.00,50.0
1546.00,1351.56,1543.81,42.87,2.151,10.00,50.0
1547.00,1353.03,1545.39,42.96,2.158,10.00,50.0
1548.00,1354.50,1546.97,43.05,2.165,10.00,50.0
1549.00,1355.99,1548.56,43.14,2.171,10.00,50.0
1550.00,1357.47,1550.15,43.23,2.178,10.00,50.0
1551.00,1358.97,1551.74,43.32,2.184,5.00,50.0
1552.00,1360.47,1553.34,43.40,2.191,5.00,50.0
1553.00,1361.98,1554.93,43.48,2.197,5.00,50.0
1554.00,1363.50,1556.53,43.56,2.203,5.00,50.0
1555.00,1365.02,1558.13,43.64,2.209,5.00,50.0
1556.00,1366.55,1559.73,43.72,2.215,5.00,50.0
1557.00,1368.08,1561.34,43.80,2.220,5.00,50.0
1558.00,1369.63,1562.95,43.87,2.226,5.00,50.0
1559.00,1371.17,1564.55,43.94,2.231,5.00,50.0
1560.00,1372.72,1566.16,44.02,2.237,5.00,50.0
1561.00,1374.28,1567.78,44.09,2.242,5.00,50.0
1562.00,1375.85,1569.39,44.15,2.247,5.00,50.0
1563.00,1377.41,1571.01,44.22,2.252,5.00,50.0
1564.00,1378.99,1572.62,44.29,2.257,5.00,50.0
1565.00,1380.57,1574.24,44.35,2.262,0.00,50.0
1566.00,1382.15,1575.86,44.41,2.267,0.00,50.0
1567.00,1383.74,1577.49,44.47,2.272,0.00,50.0
1568.00,1385.34,1579.11,44.53,2.276,0.00,50.0
1569.00,1386.94,1580.74,44.59,2.281,0.00,50.0
1570.00,1388.54,1582.36,44.64,2.285,0.00,50.0
1571.00,1390.15,1583.99,44.69,2.289,0.00,50.0
1572.00,1391.76,1585.62,44.74,2.293,0.00,50.0
1573.00,1393.38,1587.26,44.79,2.298,0.00,50.0
1574.00,1395.00,1588.89,44.84,2.302,0.00,50.0
1575.00,1396.63,1590.52,44.88,2.306,0.00,50.0
1576.00,1398.26,1592.16,44.93,2.310,0.00,50.0
1577.00,1399.89,1593.80,44.97,2.313,0.00,50.0
1578.00,1401.53,1595.44,45.01,2.317,0.00,50.0
1579.00,1403.17,1597.08,45.05,2.321,0.00,50.0
1580.00,1404.81,1598.72,45.09,2.324,0.00,50.0
1581.00,1406.46,1600.36,45.13,2.328,0.00,50.0
1582.00,1408.11,1602.01,45.16,2.331,0.00,50.0
1583.00,1409.77,1603.66,45.20,2.335,0.00,50.0
1584.00,1411.43,1605.30,45.23,2.338,5.00,50.0
1585.00,1413.09,1606.95,45.26,2.341,5.00,50.0
1586.00,1414.76,1608.60,45.30,2.344,5.00,50.0
1587.00,1416.42,1610.25,45.33,2.347,5.00,50.0
1588.00,1418.10,1611.91,45.37,2.351,5.00,50.0
1589.00,1419.77,1613.56,45.40,2.354,5.00,50.0
1590.00,1421.45,1615.21,45.43,2.356,5.00,50.0
1591.00,1423.13,1616.87,45.47,2.359,5.00,50.0
1592.00,1424.81,1618.53,45.50,2.362,5.00,50.0
1593.00,1426.50,1620.18,45.53,2.365,5.00,50.0
1594.00,1428.19,1621.84,45.56,2.368,5.00,50.0
1595.00,1429.88,1623.50,45.60,2.370,5.00,50.0
1596.00,1431.58,1625.16,45.63,2.373,5.00,50.0
1597.00,1433.28,1626.82,45.66,2.375,0.00,50.0
1598.00,1434.98,1628.48,45.69,2.378,0.00,50.0
1599.00,1436.68,1630.15,45.72,2.380,0.00,50.0
1600.00,1438.39,1631.81,45.75,2.383,0.00,50.0
1601.00,1440.09,1633.47,45.78,2.385,0.00,50.0
1602.00,1441.80,1635.14,45.80,2.387,0.00,50.0
1603.00,1443.52,1636.81,45.83,2.390,0.00,50.0
1604.00,1445.23,1638.47,45.85,2.392,0.00,50.0
1605.00,1446.95,1640.14,45.88,2.394,0.00,50.0
1606.00,1448.67,1641.81,45.90,2.396,0.00,50.0
1607.00,1450.39,1643.48,45.92,2.398,0.00,50.0
1608.00,1452.12,1645.15,45.94,2.400,0.00,50.0
1609.00,1453.84,1646.82,45.97,2.402,0.00,50.0
1610.00,1455.57,1648.49,45.99,2.404,0.00,50.0
1611.00,1457.30,1650.16,46.01,2.406,0.00,50.0
1612.00,1459.03,1651.83,46.02,2.408,0.00,50.0
1613.00,1460.77,1653.51,46.04,2.410,0.00,50.0
1614.00,1462.51,1655.18,46.06,2.412,0.00,50.0
1615.00,1464.24,1656.85,46.08,2.413,0.00,50.0
1616.00,1465.98,1658.53,46.09,2.415,0.00,50.0
1617.00,1467.72,1660.21,46.11,2.417,0.00,50.0
1618.00,1469.47,1661.88,46.12,2.418,0.00,50.0
1619.00,1471.21,1663.56,46.14,2.420,0.00,50.0
1620.00,1472.96,1665.24,46.15,2.422,0.00,50.0
1621.00,1474.70,1666.92,46.17,2.423,0.00,50.0
1622.00,1476.45,1668.60,46.18,2.425,0.00,50.0
1623.00,1478.20,1670.28,46.19,2.426,0.00,50.0
1624.00,1479.96,1671.96,46.21,2.428,0.00,50.0
1625.00,1481.71,1673.64,46.22,2.429,0.00,50.0
1626.00,1483.47,1675.32,46.23,2.431,0.00,50.0
1627.00,1485.22,1677.00,46.24,2.432,0.00,50.0
1628.00,1486.98,1678.68,46.25,2.433,0.00,50.0
1629.00,1488.74,1680.37,46.26,2.435,0.00,50.0
1630.00,1490.50,1682.05,46.27,2.436,0.00,50.0
1631.00,1492.26,1683.74,46.28,2.437,0.00,50.0
1632.00,1494.02,1685.42,46.29,2.439,0.00,50.0
1633.00,1495.79,1687.11,46.30,2.440,0.00,50.0
1634.00,1497.55,1688.79,46.31,2.441,0.00,50.0
1635.00,1499.32,1690.48,46.32,2.442,0.00,50.0
1636.00,1501.08,1692.17,46.33,2.443,0.00,50.0
1637.00,1502.85,1693.86,46.34,2.444,0.00,50.0
1638.00,1504.62,1695.54,46.34,2.446,0.00,50.0
1639.00,1506.39,1697.23,46.35,2.447,0.00,50.0
1640.00,1508.16,1698.92,46.36,2.448,0.00,50.0
1641.00,1509.93,1700.61,46.37,2.449,0.00,50.0
1642.00,1511.71,1702.30,46.37,2.450,0.00,50.0
1643.00,1513.48,1703.99,46.38,2.451,0.00,50.0
1644.00,1515.26,1705.69,46.39,2.452,0.00,50.0
1645.00,1517.03,1707.38,46.39,2.453,0.00,50.0
1646.00,1518.81,1709.07,46.40,2.454,0.00,50.0
1647.00,1520.59,1710.76,46.40,2.455,0.00,50.0
1648.00,1522.36,1712.46,46.41,2.456,0.00,50.0
1649.00,1524.14,1714.15,46.42,2.456,0.00,50.0
1650.00,1525.92,1715.84,46.42,2.457,0.00,50.0
1651.00,1527.70,1717.54,46.43,2.458,0.00,50.0
1652.00,1529.49,1719.23,46.43,2.459,0.00,50.0
1653.00,1531.27,1720.93,46.44,2.460,0.00,50.0
1654.00,1533.05,1722.62,46.44,2.461,0.00,50.0
1655.00,1534.83,1724.32,46.44,2.461,0.00,50.0
1656.00,1536.62,1726.02,46.45,2.462,0.00,50.0
1657.00,1538.40,1727.71,46.45,2.463,0.00,50.0
1658.00,1540.19,1729.41,46.46,2.464,0.00,50.0
1659.00,1541.98,1731.11,46.46,2.464,0.00,50.0
1660.00,1543.76,1732.81,46.46,2.465,0.00,50.0
1661.00,1545.55,1734.51,46.47,2.466,0.00,50.0
1662.00,1547.34,1736.20,46.47,2.466,0.00,50.0
1663.00,1549.13,1737.90,46.47,2.467,0.00,50.0
1664.00,1550.92,1739.60,46.48,2.468,0.00,50.0
1665.00,1552.71,1741.30,46.48,2.468,0.00,50.0
1666.00,1554.50,1743.00,46.48,2.469,0.00,50.0
1667.00,1556.29,1744.70,46.49,2.470,0.00,50.0
1668.00,1558.08,1746.41,46.49,2.470,0.00,50.0
1669.00,1559.87,1748.11,46.49,2.471,0.00,50.0
1670.00,1561.66,1749.81,46.49,2.471,0.00,50.0
1671.00,1563.46,1751.51,46.50,2.472,0.00,50.0
1672.00,1565.25,1753.21,46.50,2.473,0.00,50.0
1673.00,1567.04,1754.91,46.50,2.473,0.00,50.0
1674.00,1568.84,1756.62,46.50,2.474,0.00,50.0
1675.00,1570.63,1758.32,46.51,2.474,0.00,50.0
1676.00,1572.43,1760.02,46.51,2.475,0.00,50.0
1677.00,1574.22,1761.73,46.51,2.475,0.00,50.0
1678.00,1576.02,1763.43,46.51,2.476,0.00,50.0
1679.00,1577.82,1765.13,46.51,2.476,0.00,50.0
1680.00,1579.61,1766.84,46.52,2.477,0.00,50.0
1681.00,1581.41,1768.54,46.52,2.477,0.00,50.0
1682.00,1583.21,1770.25,46.52,2.478,0.00,50.0
1683.00,1585.01,1771.95,46.52,2.478,0.00,50.0
1684.00,1586.81,1773.66,46.52,2.479,0.00,50.0
1685.00,1588.61,1775.36,46.53,2.479,0.00,50.0
1686.00,1590.40,1777.07,46.53,2.479,0.00,50.0
1687.00,1592.20,1778.78,46.53,2.480,0.00,50.0
1688.00,1594.00,1780.48,46.53,2.480,0.00,50.0
1689.00,1595.80,1782.19,46.53,2.481,0.00,50.0
1690.00,1597.60,1783.90,46.53,2.481,0.00,50.0
1691.00,1599.41,1785.60,46.53,2.481,0.00,50.0
1692.00,1601.21,1787.31,46.54,2.482,0.00,50.0
1693.00,1603.01,1789.02,46.54,2.482,0.00,50.0
1694.00,1604.81,1790.73,46.54,2.482,0.00,50.0
1695.00,1606.61,1792.43,46.54,2.483,0.00,50.0
1696.00,1608.41,1794.14,46.54,2.483,0.00,50.0
1697.00,1610.22,1795.85,46.54,2.483,0.00,50.0
1698.00,1612.02,1797.56,46.54,2.484,0.00,50.0
1699.00,1613.82,1799.27,46.54,2.484,0.00,50.0
1700.00,1615.63,1800.98,46.54,2.484,0.00,50.0
1701.00,1617.43,1802.69,46.54,2.485,0.00,50.0
1702.00,1619.23,1804.39,46.55,2.485,0.00,50.0
1703.00,1621.04,1806.10,46.55,2.485,0.00,50.0
1704.00,1622.84,1807.81,46.55,2.486,0.00,50.0
1705.00,1624.65,1809.52,46.55,2.486,0.00,50.0
1706.00,1626.45,1811.23,46.55,2.486,0.00,50.0
1707.00,1628.26,1812.94,46.55,2.486,0.00,50.0
1708.00,1630.06,1814.65,46.55,2.487,0.00,50.0
1709.00,1631.87,1816.36,46.55,2.487,0.00,50.0
1710.00,1633.67,1818.07,46.55,2.487,0.00,50.0
1711.00,1635.48,1819.78,46.55,2.488,0.00,50.0
1712.00,1637.29,1821.50,46.55,2.488,0.00,50.0
1713.00,1639.09,1823.21,46.55,2.488,0.00,50.0
1714.00,1640.90,1824.92,46.55,2.488,0.00,50.0
1715.00,1642.71,1826.63,46.55,2.489,0.00,50.0
1716.00,1644.51,1828.34,46.56,2.489,0.00,50.0
1717.00,1646.32,1830.05,46.56,2.489,0.00,50.0
1718.00,1648.13,1831.76,46.56,2.489,0.00,50.0
1719.00,1649.93,1833.48,46.56,2.489,0.00,50.0
1720.00,1651.74,1835.19,46.56,2.490,0.00,50.0
1721.00,1653.55,1836.90,46.56,2.490,0.00,50.0
1722.00,1655.36,1838.61,46.56,2.490,0.00,50.0
1723.00,1657.17,1840.32,46.56,2.490,0.00,50.0
1724.00,1658.97,1842.04,46.56,2.490,0.00,50.0
1725.00,1660.78,1843.75,46.56,2.491,0.00,50.0
1726.00,1662.59,1845.46,46.56,2.491,0.00,50.0
1727.00,1664.40,1847.17,46.56,2.491,0.00,50.0
1728.00,1666.21,1848.89,46.56,2.491,0.00,50.0
1729.00,1668.02,1850.60,46.56,2.491,0.00,50.0
1730.00,1669.83,1852.31,46.56,2.492,0.00,50.0
1731.00,1671.64,1854.03,46.56,2.492,0.00,50.0
1732.00,1673.44,1855.74,46.56,2.492,0.00,50.0
1733.00,1675.25,1857.45,46.56,2.492,0.00,50.0
1734.00,1677.06,1859.17,46.56,2.492,0.00,50.0
1735.00,1678.87,1860.88,46.56,2.492,0.00,50.0
1736.00,1680.68,1862.59,46.56,2.492,0.00,50.0
1737.00,1682.49,1864.31,46.56,2.493,0.00,50.0
1738.00,1684.30,1866.02,46.56,2.493,0.00,50.0
1739.00,1686.11,1867.74,46.56,2.493,0.00,50.0
1740.00,1687.92,1869.45,46.56,2.493,0.00,50.0
1741.00,1689.73,1871.16,46.56,2.493,0.00,50.0
1742.00,1691.55,1872.88,46.56,2.493,0.00,50.0
1743.00,1693.36,1874.59,46.56,2.493,0.00,50.0
1744.00,1695.17,1876.31,46.57,2.494,0.00,50.0
1745.00,1696.98,1878.02,46.57,2.494,0.00,50.0
1746.00,1698.79,1879.74,46.57,2.494,0.00,50.0
1747.00,1700.60,1881.45,46.57,2.494,0.00,50.0
1748.00,1702.41,1883.17,46.57,2.494,0.00,50.0
1749.00,1704.22,1884.88,46.57,2.494,0.00,50.0
1750.00,1706.03,1886.60,46.57,2.494,0.00,50.0
1751.00,1707.84,1888.31,46.57,2.494,0.00,50.0
1752.00,1709.66,1890.03,46.57,2.495,0.00,50.0
1753.00,1711.47,1891.74,46.57,2.495,0.00,50.0
1754.00,1713.28,1893.46,46.57,2.495,0.00,50.0
1755.00,1715.09,1895.17,46.57,2.495,0.00,50.0
1756.00,1716.90,1896.89,46.57,2.495,0.00,50.0
1757.00,1718.71,1898.60,46.57,2.495,0.00,50.0
1758.00,1720.53,1900.32,46.57,2.495,0.00,50.0
1759.00,1722.34,1902.03,46.57,2.495,0.00,50.0
1760.00,1724.15,1903.75,46.57,2.495,0.00,50.0
1761.00,1725.96,1905.46,46.57,2.495,0.00,50.0
1762.00,1727.78,1907.18,46.57,2.496,0.00,50.0
1763.00,1729.59,1908.90,46.57,2.496,0.00,50.0
1764.00,1731.40,1910.61,46.57,2.496,0.00,50.0
1765.00,1733.21,1912.33,46.57,2.496,0.00,50.0
1766.00,1735.02,1914.04,46.57,2.496,0.00,50.0
1767.00,1736.84,1915.76,46.57,2.496,0.00,50.0
1768.00,1738.65,1917.47,46.57,2.496,0.00,50.0
1769.00,1740.46,1919.19,46.57,2.496,0.00,50.0
1770.00,1742.28,1920.91,46.57,2.496,0.00,50.0
1771.00,1744.09,1922.62,46.57,2.496,0.00,50.0
1772.00,1745.90,1924.34,46.57,2.496,0.00,50.0
1773.00,1747.71,1926.06,46.57,2.496,0.00,50.0
1774.00,1749.53,1927.77,46.57,2.497,0.00,50.0
1775.00,1751.34,1929.49,46.57,2.497,0.00,50.0
1776.00,1753.15,1931.20,46.57,2.497,0.00,50.0
1777.00,1754.97,1932.92,46.57,2.497,0.00,50.0
1778.00,1756.78,1934.64,46.57,2.497,0.00,50.0
1779.00,1758.59,1936.35,46.57,2.497,0.00,50.0
1780.00,1760.41,1938.07,46.57,2.497,0.00,50.0
1781.00,1762.22,1939.79,46.57,2.497,0.00,50.0
1782.00,1764.03,1941.50,46.57,2.497,0.00,50.0
1783.00,1765.85,1943.22,46.57,2.497,0.00,50.0
1784.00,1767.66,1944.94,46.57,2.497,0.00,50.0
1785.00,1769.47,1946.65,46.57,2.497,0.00,50.0
1786.00,1771.29,1948.37,46.57,2.497,0.00,50.0
1787.00,1773.10,1950.09,46.57,2.497,0.00,50.0
1788.00,1774.91,1951.80,46.57,2.497,0.00,50.0
1789.00,1776.73,1953.52,46.57,2.497,0.00,50.0
1790.00,1778.54,1955.24,46.57,2.497,0.00,50.0
1791.00,1780.35,1956.96,46.57,2.498,0.00,50.0
1792.00,1782.17,1958.67,46.57,2.498,0.00,50.0
1793.00,1783.98,1960.39,46.57,2.498,0.00,50.0
1794.00,1785.80,1962.11,46.57,2.498,0.00,50.0
1795.00,1787.61,1963.82,46.57,2.498,0.00,50.0
1796.00,1789.42,1965.54,46.57,2.498,0.00,50.0
1797.00,1791.24,1967.26,46.57,2.498,0.00,50.0
1798.00,1793.05,1968.97,46.57,2.498,0.00,50.0
1799.00,1794.87,1970.69,46.57,2.498,0.00,50.0
1800.00,1796.68,1972.41,46.57,2.498,0.00,50.0
1801.00,1798.49,1974.13,46.57,2.498,0.00,50.0
1802.00,1800.31,1975.84,46.57,2.498,0.00,50.0
1803.00,1802.12,1977.56,46.57,2.498,0.00,50.0
1804.00,1803.94,1979.28,46.57,2.498,0.00,50.0
1805.00,1805.75,1981.00,46.57,2.498,0.00,50.0
1806.00,1807.57,1982.71,46.57,2.498,0.00,50.0
1807.00,1809.38,1984.43,46.57,2.498,0.00,50.0
1808.00,1811.19,1986.15,46.57,2.498,0.00,50.0
1809.00,1813.01,1987.87,46.57,2.498,0.00,50.0
1810.00,1814.82,1989.58,46.57,2.498,0.00,50.0
1811.00,1816.64,1991.30,46.57,2.498,0.00,50.0
1812.00,1818.45,1993.02,46.57,2.498,0.00,50.0
1813.00,1820.27,1994.74,46.57,2.498,0.00,50.0
1814.00,1822.08,1996.45,46.57,2.498,0.00,50.0
1815.00,1823.89,1998.17,46.57,2.498,0.00,50.0
1816.00,1825.71,1999.89,46.57,2.499,0.00,50.0
1817.00,1827.52,2001.61,46.57,2.499,0.00,50.0
1818.00,1829.34,2003.32,46.57,2.499,0.00,50.0
1819.00,1831.15,2005.04,46.57,2.499,0.00,50.0
1820.00,1832.97,2006.76,46.57,2.499,0.00,50.0
1821.00,1834.78,2008.48,46.57,2.499,0.00,50.0
1822.00,1836.60,2010.19,46.57,2.499,0.00,50.0
1823.00,1838.41,2011.91,46.57,2.499,0.00,50.0
1824.00,1840.23,2013.63,46.57,2.499,0.00,50.0
1825.00,1842.04,2015.35,46.57,2.499,0.00,50.0
1826.00,1843.85,2017.07,46.57,2.499,0.00,50.0
1827.00,1845.67,2018.78,46.57,2.499,0.00,50.0
1828.00,1847.48,2020.50,46.57,2.499,0.00,50.0
1829.00,1849.30,2022.22,46.57,2.499,0.00,50.0
1830.00,1851.11,2023.94,46.57,2.499,0.00,50.0
1831.00,1852.93,2025.65,46.57,2.499,0.00,50.0
1832.00,1854.74,2027.37,46.57,2.499,0.00,50.0
1833.00,1856.56,2029.09,46.57,2.499,0.00,50.0
1834.00,1858.37,2030.81,46.57,2.499,0.00,50.0
1835.00,1860.19,2032.53,46.57,2.499,0.00,50.0
1836.00,1862.00,2034.24,46.57,2.499,0.00,50.0
1837.00,1863.82,2035.96,46.57,2.499,0.00,50.0
1838.00,1865.63,2037.68,46.57,2.499,0.00,50.0
1839.00,1867.45,2039.40,46.57,2.499,0.00,50.0
1840.00,1869.26,2041.12,46.57,2.499,0.00,50.0
1841.00,1871.08,2042.83,46.57,2.499,0.00,50.0
1842.00,1872.89,2044.55,46.57,2.499,0.00,50.0
1843.00,1874.71,2046.27,46.57,2.499,0.00,50.0
1844.00,1876.52,2047.99,46.57,2.499,0.00,50.0
1845.00,1878.34,2049.71,46.57,2.499,0.00,50.0
1846.00,1880.15,2051.42,46.57,2.499,0.00,50.0
1847.00,1881.97,2053.14,46.57,2.499,0.00,50.0
1848.00,1883.78,2054.86,46.57,2.499,0.00,50.0
1849.00,1885.60,2056.58,46.57,2.499,0.00,50.0
1850.00,1887.41,2058.30,46.57,2.499,0.00,50.0
1851.00,1889.23,2060.02,46.57,2.499,0.00,50.0
1852.00,1891.04,2061.73,46.57,2.499,0.00,50.0
1853.00,1892.86,2063.45,46.57,2.499,0.00,50.0
1854.00,1894.67,2065.17,46.57,2.499,0.00,50.0
1855.00,1896.49,2066.89,46.57,2.499,0.00,50.0
1856.00,1898.30,2068.61,46.57,2.499,0.00,50.0
1857.00,1900.12,2070.32,46.57,2.499,0.00,50.0
1858.00,1901.93,2072.04,46.57,2.499,0.00,50.0
1859.00,1903.75,2073.76,46.57,2.499,0.00,50.0
1860.00,1905.56,2075.48,46.57,2.499,0.00,50.0
1861.00,1907.38,2077.20,46.57,2.499,0.00,50.0
1862.00,1909.19,2078.92,46.57,2.499,0.00,50.0
1863.00,1911.01,2080.63,46.57,2.499,0.00,50.0
1864.00,1912.82,2082.35,46.57,2.499,0.00,50.0
1865.00,1914.64,2084.07,46.57,2.499,0.00,50.0
1866.00,1916.45,2085.79,46.57,2.499,0.00,50.0
1867.00,1918.27,2087.51,46.57,2.499,0.00,50.0
1868.00,1920.08,2089.22,46.57,2.499,0.00,50.0
1869.00,1921.90,2090.94,46.57,2.499,0.00,50.0
1870.00,1923.71,2092.66,46.57,2.499,0.00,50.0
1871.00,1925.53,2094.38,46.57,2.500,0.00,50.0
1872.00,1927.34,2096.10,46.57,2.500,0.00,50.0
1873.00,1929.16,2097.82,46.57,2.500,0.00,50.0
1874.00,1930.98,2099.53,46.57,2.500,0.00,50.0
1875.00,1932.79,2101.25,46.57,2.500,0.00,50.0
1876.00,1934.61,2102.97,46.57,2.500,0.00,50.0
1877.00,1936.42,2104.69,46.57,2.500,0.00,50.0
1878.00,1938.24,2106.41,46.57,2.500,0.00,50.0
1879.00,1940.05,2108.13,46.57,2.500,0.00,50.0
1880.00,1941.87,2109.84,46.57,2.500,0.00,50.0
1881.00,1943.68,2111.56,46.57,2.500,0.00,50.0
1882.00,1945.50,2113.28,46.57,2.500,0.00,50.0
1883.00,1947.31,2115.00,46.57,2.500,0.00,50.0
1884.00,1949.13,2116.72,46.57,2.500,0.00,50.0
1885.00,1950.94,2118.44,46.57,2.500,0.00,50.0
1886.00,1952.76,2120.15,46.57,2.500,0.00,50.0
1887.00,1954.57,2121.87,46.57,2.500,0.00,50.0
1888.00,1956.39,2123.59,46.57,2.500,0.00,50.0
1889.00,1958.20,2125.31,46.57,2.500,0.00,50.0
1890.00,1960.02,2127.03,46.57,2.500,0.00,50.0
1891.00,1961.84,2128.75,46.57,2.500,0.00,50.0
1892.00,1963.65,2130.46,46.57,2.500,0.00,50.0
1893.00,1965.47,2132.18,46.57,2.500,0.00,50.0
1894.00,1967.28,2133.90,46.57,2.500,0.00,50.0
1895.00,1969.10,2135.62,46.57,2.500,0.00,50.0
1896.00,1970.91,2137.34,46.57,2.500,0.00,50.0
1897.00,1972.73,2139.06,46.57,2.500,0.00,50.0
1898.00,1974.54,2140.78,46.57,2.500,0.00,50.0
1899.00,1976.36,2142.49,46.57,2.500,0.00,50.0
1900.00,1978.17,2144.21,46.57,2.500,0.00,50.0
1901.00,1979.99,2145.93,46.57,2.500,0.00,50.0
1902.00,1981.80,2147.65,46.57,2.500,0.00,50.0
1903.00,1983.62,2149.37,46.57,2.500,0.00,50.0
1904.00,1985.44,2151.09,46.57,2.500,0.00,50.0
1905.00,1987.25,2152.80,46.57,2.500,0.00,50.0
1906.00,1989.07,2154.52,46.57,2.500,0.00,50.0
1907.00,1990.88,2156.24,46.57,2.500,0.00,50.0
1908.00,1992.70,2157.96,46.57,2.500,0.00,50.0
1909.00,1994.51,2159.68,46.57,2.500,0.00,50.0
1910.00,1996.33,2161.40,46.57,2.500,0.00,50.0
1911.00,1998.14,2163.12,46.57,2.500,0.00,50.0
1912.00,1999.96,2164.83,46.57,2.500,0.00,50.0
1913.00,2001.77,2166.55,46.57,2.500,0.00,50.0
1914.00,2003.59,2168.27,46.57,2.500,0.00,50.0
1915.00,2005.40,2169.99,46.57,2.500,0.00,50.0
1916.00,2007.22,2171.71,46.57,2.500,0.00,50.0
1917.00,2009.04,2173.43,46.57,2.500,0.00,50.0
1918.00,2010.85,2175.14,46.57,2.500,0.00,50.0
1919.00,2012.67,2176.86,46.57,2.500,0.00,50.0
1920.00,2014.48,2178.58,46.57,2.500,0.00,50.0
1921.00,2016.30,2180.30,46.57,2.500,0.00,50.0
1922.00,2018.11,2182.02,46.57,2.500,0.00,50.0
1923.00,2019.93,2183.74,46.57,2.500,0.00,50.0
1924.00,2021.74,2185.46,46.57,2.500,0.00,50.0
1925.00,2023.56,2187.17,46.57,2.500,0.00,50.0
1926.00,2025.37,2188.89,46.57,2.500,0.00,50.0
1927.00,2027.19,2190.61,46.57,2.500,0.00,50.0
1928.00,2029.01,2192.33,46.57,2.500,0.00,50.0
1929.00,2030.82,2194.05,46.57,2.500,0.00,50.0
1930.00,2032.64,2195.77,46.57,2.500,0.00,50.0
1931.00,2034.45,2197.49,46.57,2.500,0.00,50.0
1932.00,2036.27,2199.20,46.57,2.500,0.00,50.0
1933.00,2038.08,2200.92,46.57,2.500,0.00,50.0
1934.00,2039.90,2202.64,46.57,2.500,0.00,50.0
1935.00,2041.71,2204.36,46.57,2.500,0.00,50.0
1936.00,2043.53,2206.08,46.57,2.500,0.00,50.0
1937.00,2045.35,2207.80,46.57,2.500,0.00,50.0
1938.00,2047.16,2209.52,46.57,2.500,0.00,50.0
1939.00,2048.98,2211.23,46.57,2.500,0.00,50.0
1940.00,2050.79,2212.95,46.57,2.500,0.00,50.0
1941.00,2052.61,2214.67,46.57,2.500,0.00,50.0
1942.00,2054.42,2216.39,46.57,2.500,0.00,50.0
1943.00,2056.24,2218.11,46.57,2.500,0.00,50.0
1944.00,2058.05,2219.83,46.57,2.500,0.00,50.0
1945.00,2059.87,2221.54,46.57,2.500,0.00,50.0
1946.00,2061.68,2223.26,46.57,2.500,0.00,50.0
1947.00,2063.50,2224.98,46.57,2.500,0.00,50.0
1948.00,2065.32,2226.70,46.57,2.500,0.00,50.0
1949.00,2067.13,2228.42,46.57,2.500,0.00,50.0
1950.00,2068.95,2230.14,46.57,2.500,0.00,50.0
1951.00,2070.76,2231.86,46.57,2.500,0.00,50.0
1952.00,2072.58,2233.57,46.57,2.500,0.00,50.0
1953.00,2074.39,2235.29,46.57,2.500,0.00,50.0
1954.00,2076.21,2237.01,46.57,2.500,0.00,50.0
1955.00,2078.02,2238.73,46.57,2.500,0.00,50.0
1956.00,2079.84,2240.45,46.57,2.500,0.00,50.0
1957.00,2081.66,2242.17,46.57,2.500,0.00,50.0
1958.00,2083.47,2243.89,46.57,2.500,0.00,50.0
1959.00,2085.29,2245.60,46.57,2.500,0.00,50.0
1960.00,2087.10,2247.32,46.57,2.500,0.00,50.0
1961.00,2088.92,2249.04,46.57,2.500,0.00,50.0
1962.00,2090.73,2250.76,46.57,2.500,0.00,50.0
1963.00,2092.55,2252.48,46.57,2.500,0.00,50.0
1964.00,2094.36,2254.20,46.57,2.500,0.00,50.0
1965.00,2096.18,2255.92,46.57,2.500,0.00,50.0
1966.00,2097.99,2257.63,46.57,2.500,0.00,50.0
1967.00,2099.81,2259.35,46.57,2.500,0.00,50.0
1968.00,2101.63,2261.07,46.57,2.500,0.00,50.0
1969.00,2103.44,2262.79,46.57,2.500,0.00,50.0
1970.00,2105.26,2264.51,46.57,2.500,0.00,50.0
1971.00,2107.07,2266.23,46.57,2.500,0.00,50.0
1972.00,2108.89,2267.95,46.57,2.500,0.00,50.0
1973.00,2110.70,2269.66,46.57,2.500,0.00,50.0
1974.00,2112.52,2271.38,46.57,2.500,0.00,50.0
1975.00,2114.33,2273.10,46.57,2.500,0.00,50.0
1976.00,2116.15,2274.82,46.57,2.500,0.00,50.0
1977.00,2117.97,2276.54,46.57,2.500,0.00,50.0
1978.00,2119.78,2278.26,46.57,2.500,0.00,50.0
1979.00,2121.60,2279.98,46.57,2.500,0.00,50.0
1980.00,2123.41,2281.69,46.57,2.500,0.00,50.0
1981.00,2125.23,2283.41,46.57,2.500,0.00,50.0
1982.00,2127.04,2285.13,46.57,2.500,0.00,50.0
1983.00,2128.86,2286.85,46.57,2.500,0.00,50.0
1984.00,2130.67,2288.57,46.57,2.500,0.00,50.0
1985.00,2132.49,2290.29,46.57,2.500,0.00,50.0
1986.00,2134.31,2292.01,46.57,2.500,0.00,50.0
1987.00,2136.12,2293.73,46.57,2.500,0.00,50.0
1988.00,2137.94,2295.44,46.57,2.500,0.00,50.0
1989.00,2139.75,2297.16,46.57,2.500,0.00,50.0
1990.00,2141.57,2298.88,46.57,2.500,0.00,50.0
1991.00,2143.38,2300.60,46.57,2.500,0.00,50.0
1992.00,2145.20,2302.32,46.57,2.500,0.00,50.0
1993.00,2147.01,2304.04,46.57,2.500,0.00,50.0
1994.00,2148.83,2305.76,46.57,2.500,0.00,50.0
1995.00,2150.65,2307.47,46.57,2.500,0.00,50.0
1996.00,2152.46,2309.19,46.57,2.500,0.00,50.0
1997.00,2154.28,2310.91,46.57,2.500,0.00,50.0
1998.00,2156.09,2312.63,46.57,2.500,0.00,50.0
1999.00,2157.91,2314.35,46.57,2.500,0.00,50.0
2000.00,2159.72,2316.07,46.57,2.500,0.00,50.0
2001.00,2161.54,2317.79,46.57,2.500,0.00,50.0
2002.00,2163.35,2319.50,46.57,2.500,0.00,50.0
2003.00,2165.17,2321.22,46.57,2.500,0.00,50.0
2004.00,2166.99,2322.94,46.57,2.500,0.00,50.0
2005.00,2168.80,2324.66,46.57,2.500,0.00,50.0
2006.00,2170.62,2326.38,46.57,2.500,0.00,50.0
2007.00,2172.43,2328.10,46.57,2.500,0.00,50.0
2008.00,2174.25,2329.82,46.57,2.500,0.00,50.0
2009.00,2176.06,2331.53,46.57,2.500,0.00,50.0
2010.00,2177.88,2333.25,46.57,2.500,0.00,50.0
2011.00,2179.69,2334.97,46.57,2.500,0.00,50.0
2012.00,2181.51,2336.69,46.57,2.500,0.00,50.0
2013.00,2183.33,2338.41,46.57,2.500,0.00,50.0
2014.00,2185.14,2340.13,46.57,2.500,0.00,50.0
2015.00,2186.96,2341.85,46.57,2.500,0.00,50.0
2016.00,2188.77,2343.56,46.57,2.500,0.00,50.0
2017.00,2190.59,2345.28,46.57,2.500,0.00,50.0
2018.00,2192.40,2347.00,46.57,2.500,0.00,50.0
2019.00,2194.22,2348.72,46.57,2.500,0.00,50.0
2020.00,2196.03,2350.44,46.57,2.500,0.00,50.0
2021.00,2197.85,2352.16,46.57,2.500,0.00,50.0
2022.00,2199.67,2353.88,46.57,2.500,0.00,50.0
2023.00,2201.48,2355.59,46.57,2.500,0.00,50.0
2024.00,2203.30,2357.31,46.57,2.500,0.00,50.0
2025.00,2205.11,2359.03,46.57,2.500,0.00,50.0
2026.00,2206.93,2360.75,46.57,2.500,0.00,50.0
2027.00,2208.74,2362.47,46.57,2.500,0.00,50.0
2028.00,2210.56,2364.19,46.57,2.500,0.00,50.0
2029.00,2212.37,2365.91,46.57,2.500,0.00,50.0
2030.00,2214.19,2367.62,46.57,2.500,0.00,50.0
2031.00,2216.01,2369.34,46.57,2.500,0.00,50.0
2032.00,2217.82,2371.06,46.57,2.500,0.00,50.0
2033.00,2219.64,2372.78,46.57,2.500,0.00,50.0
2034.00,2221.45,2374.50,46.57,2.500,0.00,50.0
2035.00,2223.27,2376.22,46.57,2.500,0.00,50.0
2036.00,2225.08,2377.94,46.57,2.500,0.00,50.0
2037.00,2226.90,2379.66,46.57,2.500,0.00,50.0
2038.00,2228.71,2381.37,46.57,2.500,0.00,50.0
2039.00,2230.53,2383.09,46.57,2.500,0.00,50.0
2040.00,2232.35,2384.81,46.57,2.500,0.00,50.0
2041.00,2234.16,2386.53,46.57,2.500,0.00,50.0
2042.00,2235.98,2388.25,46.57,2.500,0.00,50.0
2043.00,2237.79,2389.97,46.57,2.500,0.00,50.0
2044.00,2239.61,2391.69,46.57,2.500,0.00,50.0
2045.00,2241.42,2393.40,46.57,2.500,0.00,50.0
2046.00,2243.24,2395.12,46.57,2.500,0.00,50.0
2047.00,2245.05,2396.84,46.57,2.500,0.00,50.0
2048.00,2246.87,2398.56,46.57,2.500,0.00,50.0
2049.00,2248.69,2400.28,46.57,2.500,0.00,50.0
2050.00,2250.50,2402.00,46.57,2.500,0.00,50.0
2051.00,2252.32,2403.72,46.57,2.500,0.00,50.0
2052.00,2254.13,2405.43,46.57,2.500,0.00,50.0
2053.00,2255.95,2407.15,46.57,2.500,0.00,50.0
2054.00,2257.76,2408.87,46.57,2.500,0.00,50.0
2055.00,2259.58,2410.59,46.57,2.500,0.00,50.0
2056.00,2261.39,2412.31,46.57,2.500,0.00,50.0
2057.00,2263.21,2414.03,46.57,2.500,0.00,50.0
2058.00,2265.03,2415.75,46.57,2.500,0.00,50.0
2059.00,2266.84,2417.46,46.57,2.500,0.00,50.0
2060.00,2268.66,2419.18,46.57,2.500,0.00,50.0
2061.00,2270.47,2420.90,46.57,2.500,0.00,50.0
2062.00,2272.29,2422.62,46.57,2.500,0.00,50.0
2063.00,2274.10,2424.34,46.57,2.500,0.00,50.0
2064.00,2275.92,2426.06,46.57,2.500,0.00,50.0
2065.00,2277.73,2427.78,46.57,2.500,0.00,50.0
2066.00,2279.55,2429.50,46.57,2.500,0.00,50.0
2067.00,2281.37,2431.21,46.57,2.500,0.00,50.0
2068.00,2283.18,2432.93,46.57,2.500,0.00,50.0
2069.00,2285.00,2434.65,46.57,2.500,0.00,50.0
2070.00,2286.81,2436.37,46.57,2.500,0.00,50.0
2071.00,2288.63,2438.09,46.57,2.500,0.00,50.0
2072.00,2290.44,2439.81,46.57,2.500,0.00,50.0
2073.00,2292.26,2441.53,46.57,2.500,0.00,50.0
2074.00,2294.08,2443.24,46.57,2.500,0.00,50.0
2075.00,2295.89,2444.96,46.57,2.500,0.00,50.0
2076.00,2297.71,2446.68,46.57,2.500,0.00,50.0
2077.00,2299.52,2448.40,46.57,2.500,0.00,50.0
2078.00,2301.34,2450.12,46.57,2.500,0.00,50.0
2079.00,2303.15,2451.84,46.57,2.500,0.00,50.0
2080.00,2304.97,2453.56,46.57,2.500,0.00,50.0
2081.00,2306.78,2455.27,46.57,2.500,0.00,50.0
2082.00,2308.60,2456.99,46.57,2.500,0.00,50.0
2083.00,2310.42,2458.71,46.57,2.500,0.00,50.0
2084.00,2312.23,2460.43,46.57,2.500,0.00,50.0
2085.00,2314.05,2462.15,46.57,2.500,0.00,50.0
2086.00,2315.86,2463.87,46.57,2.500,0.00,50.0
2087.00,2317.68,2465.59,46.57,2.500,0.00,50.0
2088.00,2319.49,2467.30,46.57,2.500,0.00,50.0
2089.00,2321.31,2469.02,46.57,2.500,0.00,50.0
2090.00,2323.12,2470.74,46.57,2.500,0.00,50.0
2091.00,2324.94,2472.46,46.57,2.500,0.00,50.0
2092.00,2326.76,2474.18,46.57,2.500,0.00,50.0
2093.00,2328.57,2475.90,46.57,2.500,0.00,50.0
2094.00,2330.39,2477.62,46.57,2.500,0.00,50.0
2095.00,2332.20,2479.34,46.57,2.500,0.00,50.0
2096.00,2334.02,2481.05,46.57,2.500,0.00,50.0
2097.00,2335.83,2482.77,46.57,2.500,0.00,50.0
2098.00,2337.65,2484.49,46.57,2.500,0.00,50.0
2099.00,2339.46,2486.21,46.57,2.500,0.00,50.0
2100.00,2341.28,2487.93,46.57,2.500,0.00,50.0
2101.00,2343.10,2489.65,46.57,2.500,0.00,50.0
2102.00,2344.91,2491.37,46.57,2.500,0.00,50.0
2103.00,2346.73,2493.08,46.57,2.500,0.00,50.0
2104.00,2348.54,2494.80,46.57,2.500,0.00,50.0
2105.00,2350.36,2496.52,46.57,2.500,0.00,50.0
2106.00,2352.17,2498.24,46.57,2.500,0.00,50.0
2107.00,2353.99,2499.96,46.57,2.500,0.00,50.0
2108.00,2355.80,2501.68,46.57,2.500,0.00,50.0
2109.00,2357.62,2503.40,46.57,2.500,0.00,50.0
2110.00,2359.44,2505.11,46.57,2.500,0.00,50.0
2111.00,2361.25,2506.83,46.57,2.500,0.00,50.0
2112.00,2363.07,2508.55,46.57,2.500,0.00,50.0
2113.00,2364.88,2510.27,46.57,2.500,0.00,50.0
2114.00,2366.70,2511.99,46.57,2.500,0.00,50.0
2115.00,2368.51,2513.71,46.57,2.500,0.00,50.0
2116.00,2370.33,2515.43,46.57,2.500,0.00,50.0
2117.00,2372.14,2517.14,46.57,2.500,0.00,50.0
2118.00,2373.96,2518.86,46.57,2.500,0.00,50.0
2119.00,2375.78,2520.58,46.57,2.500,0.00,50.0
2120.00,2377.59,2522.30,46.57,2.500,0.00,50.0
2121.00,2379.41,2524.02,46.57,2.500,0.00,50.0
2122.00,2381.22,2525.74,46.57,2.500,0.00,50.0
2123.00,2383.04,2527.46,46.57,2.500,0.00,50.0
2124.00,2384.85,2529.18,46.57,2.500,0.00,50.0
2125.00,2386.67,2530.89,46.57,2.500,0.00,50.0
2126.00,2388.49,2532.61,46.57,2.500,0.00,50.0
2127.00,2390.30,2534.33,46.57,2.500,0.00,50.0
2128.00,2392.12,2536.05,46.57,2.500,0.00,50.0
2129.00,2393.93,2537.77,46.57,2.500,0.00,50.0
2130.00,2395.75,2539.49,46.57,2.500,0.00,50.0
2131.00,2397.56,2541.21,46.57,2.500,0.00,50.0
2132.00,2399.38,2542.92,46.57,2.500,0.00,50.0
2133.00,2401.19,2544.64,46.57,2.500,0.00,50.0
2134.00,2403.01,2546.36,46.57,2.500,0.00,50.0
2135.00,2404.83,2548.08,46.57,2.500,0.00,50.0
2136.00,2406.64,2549.80,46.57,2.500,0.00,50.0
2137.00,2408.46,2551.52,46.57,2.500,0.00,50.0
2138.00,2410.27,2553.24,46.57,2.500,0.00,50.0
2139.00,2412.09,2554.95,46.57,2.500,0.00,50.0
2140.00,2413.90,2556.67,46.57,2.500,0.00,50.0
2141.00,2415.72,2558.39,46.57,2.500,0.00,50.0
2142.00,2417.53,2560.11,46.57,2.500,0.00,50.0
2143.00,2419.35,2561.83,46.57,2.500,0.00,50.0
2144.00,2421.17,2563.55,46.57,2.500,0.00,50.0
2145.00,2422.98,2565.27,46.57,2.500,0.00,50.0
2146.00,2424.80,2566.98,46.57,2.500,0.00,50.0
2147.00,2426.61,2568.70,46.57,2.500,0.00,50.0
2148.00,2428.43,2570.42,46.57,2.500,0.00,50.0
2149.00,2430.24,2572.14,46.57,2.500,0.00,50.0
2150.00,2432.06,2573.86,46.57,2.500,0.00,50.0
2151.00,2433.87,2575.58,46.57,2.500,0.00,50.0
2152.00,2435.69,2577.30,46.57,2.500,0.00,50.0
2153.00,2437.51,2579.02,46.57,2.500,0.00,50.0
2154.00,2439.32,2580.73,46.57,2.500,0.00,50.0
2155.00,2441.14,2582.45,46.57,2.500,0.00,50.0
2156.00,2442.95,2584.17,46.57,2.500,0.00,50.0
2157.00,2444.77,2585.89,46.57,2.500,0.00,50.0
2158.00,2446.58,2587.61,46.57,2.500,0.00,50.0
2159.00,2448.40,2589.33,46.57,2.500,0.00,50.0
2160.00,2450.21,2591.05,46.57,2.500,0.00,50.0
2161.00,2452.03,2592.76,46.57,2.500,0.00,50.0
2162.00,2453.85,2594.48,46.57,2.500,0.00,50.0
2163.00,2455.66,2596.20,46.57,2.500,0.00,50.0
2164.00,2457.48,2597.92,46.57,2.500,0.00,50.0
2165.00,2459.29,2599.64,46.57,2.500,0.00,50.0
2166.00,2461.11,2601.36,46.57,2.500,0.00,50.0
2167.00,2462.92,2603.08,46.57,2.500,0.00,50.0
2168.00,2464.74,2604.79,46.57,2.500,0.00,50.0
2169.00,2466.55,2606.51,46.57,2.500,0.00,50.0
2170.00,2468.37,2608.23,46.57,2.500,0.00,50.0
2171.00,2470.19,2609.95,46.57,2.500,0.00,50.0
2172.00,2472.00,2611.67,46.57,2.500,0.00,50.0
2173.00,2473.82,2613.39,46.57,2.500,0.00,50.0
2174.00,2475.63,2615.11,46.57,2.500,0.00,50.0
2175.00,2477.45,2616.82,46.57,2.500,0.00,50.0
2176.00,2479.26,2618.54,46.57,2.500,0.00,50.0
2177.00,2481.08,2620.26,46.57,2.500,0.00,50.0
2178.00,2482.90,2621.98,46.57,2.500,0.00,50.0
2179.00,2484.71,2623.70,46.57,2.500,0.00,50.0
2180.00,2486.53,2625.42,46.57,2.500,0.00,50.0
2181.00,2488.34,2627.14,46.57,2.500,0.00,50.0
2182.00,2490.16,2628.86,46.57,2.500,0.00,50.0
2183.00,2491.97,2630.57,46.57,2.500,0.00,50.0
2184.00,2493.79,2632.29,46.57,2.500,0.00,50.0
2185.00,2495.60,2634.01,46.57,2.500,0.00,50.0
2186.00,2497.42,2635.73,46.57,2.500,0.00,50.0
2187.00,2499.24,2637.45,46.57,2.500,0.00,50.0
2188.00,2501.05,2639.17,46.57,2.500,0.00,50.0
2189.00,2502.87,2640.89,46.57,2.500,0.00,50.0
2190.00,2504.68,2642.60,46.57,2.500,0.00,50.0
2191.00,2506.50,2644.32,46.57,2.500,0.00,50.0
2192.00,2508.31,2646.04,46.57,2.500,0.00,50.0
2193.00,2510.13,2647.76,46.57,2.500,0.00,50.0
2194.00,2511.94,2649.48,46.57,2.500,0.00,50.0
2195.00,2513.76,2651.20,46.57,2.500,0.00,50.0
2196.00,2515.58,2652.92,46.57,2.500,0.00,50.0
2197.00,2517.39,2654.63,46.57,2.500,0.00,50.0
2198.00,2519.21,2656.35,46.57,2.500,0.00,50.0
2199.00,2521.02,2658.07,46.57,2.500,0.00,50.0
2200.00,2522.84,2659.79,46.57,2.500,0.00,50.0
2201.00,2524.65,2661.51,46.57,2.500,0.00,50.0
2202.00,2526.47,2663.23,46.57,2.500,0.00,50.0
2203.00,2528.28,2664.95,46.57,2.500,0.00,50.0
2204.00,2530.10,2666.66,46.57,2.500,0.00,50.0
2205.00,2531.92,2668.38,46.57,2.500,0.00,50.0
2206.00,2533.73,2670.10,46.57,2.500,0.00,50.0
2207.00,2535.55,2671.82,46.57,2.500,0.00,50.0
2208.00,2537.36,2673.54,46.57,2.500,0.00,50.0
2209.00,2539.18,2675.26,46.57,2.500,0.00,50.0
2210.00,2540.99,2676.98,46.57,2.500,0.00,50.0
2211.00,2542.81,2678.70,46.57,2.500,0.00,50.0
2212.00,2544.62,2680.41,46.57,2.500,0.00,50.0
2213.00,2546.44,2682.13,46.57,2.500,0.00,50.0
2214.00,2548.26,2683.85,46.57,2.500,0.00,50.0
2215.00,2550.07,2685.57,46.57,2.500,0.00,50.0
2216.00,2551.89,2687.29,46.57,2.500,0.00,50.0
2217.00,2553.70,2689.01,46.57,2.500,0.00,50.0
2218.00,2555.52,2690.73,46.57,2.500,0.00,50.0
2219.00,2557.33,2692.44,46.57,2.500,0.00,50.0
2220.00,2559.15,2694.16,46.57,2.500,0.00,50.0
2221.00,2560.97,2695.88,46.57,2.500,0.00,50.0
2222.00,2562.78,2697.60,46.57,2.500,0.00,50.0
2223.00,2564.60,2699.32,46.57,2.500,0.00,50.0
2224.00,2566.41,2701.04,46.57,2.500,0.00,50.0
2225.00,2568.23,2702.76,46.57,2.500,0.00,50.0
2226.00,2570.04,2704.47,46.57,2.500,0.00,50.0
2227.00,2571.86,2706.19,46.57,2.500,0.00,50.0
2228.00,2573.67,2707.91,46.57,2.500,0.00,50.0
2229.00,2575.49,2709.63,46.57,2.500,0.00,50.0
2230.00,2577.31,2711.35,46.57,2.500,0.00,50.0
2231.00,2579.12,2713.07,46.57,2.500,0.00,50.0
2232.00,2580.94,2714.79,46.57,2.500,0.00,50.0
2233.00,2582.75,2716.51,46.57,2.500,0.00,50.0
2234.00,2584.57,2718.22,46.57,2.500,0.00,50.0
2235.00,2586.38,2719.94,46.57,2.500,0.00,50.0
2236.00,2588.20,2721.66,46.57,2.500,0.00,50.0
2237.00,2590.01,2723.38,46.57,2.500,0.00,50.0
2238.00,2591.83,2725.10,46.57,2.500,0.00,50.0
2239.00,2593.65,2726.82,46.57,2.500,0.00,50.0
2240.00,2595.46,2728.54,46.57,2.500,0.00,50.0
2241.00,2597.28,2730.25,46.57,2.500,0.00,50.0
2242.00,2599.09,2731.97,46.57,2.500,0.00,50.0
2243.00,2600.91,2733.69,46.57,2.500,0.00,50.0
2244.00,2602.72,2735.41,46.57,2.500,0.00,50.0
2245.00,2604.54,2737.13,46.57,2.500,0.00,50.0
2246.00,2606.35,2738.85,46.57,2.500,0.00,50.0
2247.00,2608.17,2740.57,46.57,2.500,0.00,50.0
2248.00,2609.99,2742.28,46.57,2.500,0.00,50.0
2249.00,2611.80,2744.00,46.57,2.500,0.00,50.0
2250.00,2613.62,2745.72,46.57,2.500,0.00,50.0
2251.00,2615.43,2747.44,46.57,2.500,0.00,50.0
2252.00,2617.25,2749.16,46.57,2.500,0.00,50.0
2253.00,2619.06,2750.88,46.57,2.500,0.00,50.0
2254.00,2620.88,2752.60,46.57,2.500,0.00,50.0
2255.00,2622.69,2754.31,46.57,2.500,0.00,50.0
2256.00,2624.51,2756.03,46.57,2.500,0.00,50.0
2257.00,2626.33,2757.75,46.57,2.500,0.00,50.0
2258.00,2628.14,2759.47,46.57,2.500,0.00,50.0
2259.00,2629.96,2761.19,46.57,2.500,0.00,50.0
2260.00,2631.77,2762.91,46.57,2.500,0.00,50.0
2261.00,2633.59,2764.63,46.57,2.500,0.00,50.0
2262.00,2635.40,2766.34,46.57,2.490,-5.00,40.0
2263.00,2637.20,2768.04,46.57,2.480,-5.00,40.0
2264.00,2638.99,2769.74,46.57,2.471,-5.00,40.0
2265.00,2640.78,2771.43,46.56,2.461,-10.00,40.0
2266.00,2642.56,2773.12,46.55,2.452,-10.00,40.0
2267.00,2644.33,2774.80,46.55,2.443,-10.00,40.0
2268.00,2646.10,2776.47,46.54,2.434,-15.00,40.0
2269.00,2647.86,2778.14,46.52,2.425,-15.00,40.0
2270.00,2649.61,2779.81,46.51,2.417,-15.00,40.0
2271.00,2651.36,2781.46,46.49,2.409,-20.00,40.0
2272.00,2653.10,2783.12,46.47,2.400,-20.00,40.0
2273.00,2654.84,2784.76,46.44,2.392,-20.00,40.0
2274.00,2656.56,2786.41,46.41,2.385,-25.00,40.0
2275.00,2658.29,2788.05,46.38,2.377,-25.00,40.0
2276.00,2660.00,2789.68,46.34,2.369,-25.00,40.0
2277.00,2661.71,2791.31,46.30,2.362,-30.00,40.0
2278.00,2663.41,2792.94,46.26,2.355,-30.00,40.0
2279.00,2665.11,2794.56,46.21,2.348,-30.00,40.0
2280.00,2666.80,2796.18,46.15,2.341,-35.00,40.0
2281.00,2668.48,2797.80,46.09,2.334,-35.00,40.0
2282.00,2670.16,2799.41,46.03,2.327,-35.00,40.0
2283.00,2671.83,2801.02,45.96,2.321,-35.00,40.0
2284.00,2673.49,2802.63,45.89,2.314,-35.00,40.0
2285.00,2675.15,2804.24,45.81,2.308,-35.00,40.0
2286.00,2676.80,2805.84,45.73,2.302,-35.00,40.0
2287.00,2678.44,2807.44,45.64,2.296,-35.00,40.0
2288.00,2680.08,2809.04,45.56,2.290,-35.00,40.0
2289.00,2681.71,2810.64,45.46,2.284,-35.00,40.0
2290.00,2683.34,2812.24,45.37,2.278,-35.00,40.0
2291.00,2684.95,2813.84,45.27,2.273,-35.00,40.0
2292.00,2686.56,2815.43,45.16,2.267,-35.00,40.0
2293.00,2688.17,2817.03,45.06,2.262,-35.00,40.0
2294.00,2689.76,2818.62,44.95,2.257,-35.00,40.0
2295.00,2691.35,2820.22,44.83,2.252,-35.00,40.0
2296.00,2692.94,2821.81,44.72,2.247,-35.00,40.0
2297.00,2694.52,2823.40,44.60,2.242,-35.00,40.0
2298.00,2696.09,2825.00,44.48,2.237,-35.00,40.0
2299.00,2697.65,2826.59,44.36,2.232,-35.00,40.0
2300.00,2699.21,2828.18,44.23,2.227,-35.00,40.0
2301.00,2700.76,2829.77,44.10,2.223,-35.00,40.0
2302.00,2702.30,2831.37,43.97,2.218,-35.00,40.0
2303.00,2703.84,2832.96,43.84,2.214,-35.00,40.0
2304.00,2705.37,2834.55,43.70,2.210,-35.00,40.0
2305.00,2706.89,2836.15,43.56,2.206,-35.00,40.0
2306.00,2708.41,2837.74,43.42,2.201,-35.00,40.0
2307.00,2709.92,2839.34,43.28,2.197,-35.00,40.0
2308.00,2711.43,2840.94,43.14,2.193,-35.00,40.0
2309.00,2712.92,2842.53,42.99,2.190,-35.00,40.0
2310.00,2714.41,2844.13,42.85,2.186,-35.00,40.0
2311.00,2715.90,2845.73,42.70,2.182,-35.00,40.0
2312.00,2717.37,2847.33,42.55,2.178,-35.00,40.0
2313.00,2718.84,2848.94,42.39,2.175,-35.00,40.0
2314.00,2720.31,2850.54,42.24,2.171,-35.00,40.0
2315.00,2721.77,2852.14,42.08,2.168,-35.00,40.0
2316.00,2723.22,2853.75,41.93,2.165,-35.00,40.0
2317.00,2724.66,2855.36,41.77,2.161,-35.00,40.0
2318.00,2726.10,2856.97,41.61,2.158,-35.00,40.0
2319.00,2727.53,2858.58,41.45,2.155,-35.00,40.0
2320.00,2728.95,2860.19,41.28,2.152,-35.00,40.0
2321.00,2730.37,2861.81,41.12,2.149,-35.00,40.0
2322.00,2731.78,2863.42,40.96,2.146,-35.00,40.0
2323.00,2733.19,2865.04,40.79,2.143,-35.00,40.0
2324.00,2734.59,2866.66,40.62,2.140,-35.00,40.0
2325.00,2735.98,2868.28,40.45,2.137,-35.00,40.0
2326.00,2737.36,2869.91,40.28,2.134,-35.00,40.0
2327.00,2738.74,2871.54,40.11,2.132,-35.00,40.0
2328.00,2740.11,2873.16,39.94,2.129,-35.00,40.0
2329.00,2741.48,2874.79,39.77,2.127,-35.00,40.0
2330.00,2742.84,2876.43,39.60,2.134,-30.00,50.0
2331.00,2744.21,2878.08,39.43,2.141,-30.00,50.0
2332.00,2745.57,2879.74,39.25,2.149,-30.00,50.0
2333.00,2746.94,2881.41,39.08,2.156,-30.00,50.0
2334.00,2748.30,2883.09,38.91,2.162,-30.00,50.0
2335.00,2749.66,2884.78,38.74,2.169,-30.00,50.0
2336.00,2751.02,2886.48,38.56,2.176,-30.00,50.0
2337.00,2752.38,2888.18,38.39,2.182,-30.00,50.0
2338.00,2753.74,2889.90,38.22,2.189,-30.00,50.0
2339.00,2755.10,2891.62,38.05,2.195,-30.00,50.0
2340.00,2756.46,2893.36,37.88,2.201,-30.00,50.0
2341.00,2757.81,2895.10,37.70,2.207,-30.00,50.0
2342.00,2759.17,2896.85,37.53,2.213,-30.00,50.0
2343.00,2760.52,2898.61,37.36,2.219,-25.00,50.0
2344.00,2761.87,2900.38,37.19,2.224,-25.00,50.0
2345.00,2763.21,2902.15,37.02,2.230,-25.00,50.0
2346.00,2764.56,2903.94,36.85,2.235,-25.00,50.0
2347.00,2765.90,2905.73,36.69,2.240,-25.00,50.0
2348.00,2767.25,2907.53,36.52,2.246,-25.00,50.0
2349.00,2768.58,2909.34,36.35,2.251,-25.00,50.0
2350.00,2769.92,2911.16,36.19,2.256,-25.00,50.0
2351.00,2771.26,2912.98,36.02,2.261,-25.00,50.0
2352.00,2772.59,2914.81,35.86,2.265,-25.00,50.0
2353.00,2773.92,2916.65,35.70,2.270,-25.00,50.0
2354.00,2775.25,2918.50,35.53,2.275,-25.00,50.0
2355.00,2776.57,2920.35,35.37,2.279,-25.00,50.0
2356.00,2777.89,2922.22,35.21,2.284,-25.00,50.0
2357.00,2779.21,2924.09,35.05,2.288,-20.00,50.0
2358.00,2780.53,2925.96,34.89,2.292,-20.00,50.0
2359.00,2781.84,2927.85,34.74,2.296,-20.00,50.0
2360.00,2783.15,2929.74,34.58,2.300,-20.00,50.0
2361.00,2784.46,2931.63,34.43,2.304,-20.00,50.0
2362.00,2785.77,2933.54,34.28,2.308,-20.00,50.0
2363.00,2787.07,2935.45,34.13,2.312,-20.00,50.0
2364.00,2788.37,2937.36,33.98,2.316,-20.00,50.0
2365.00,2789.66,2939.29,33.83,2.320,-20.00,50.0
2366.00,2790.96,2941.22,33.68,2.323,-20.00,50.0
2367.00,2792.25,2943.15,33.53,2.327,-20.00,50.0
2368.00,2793.53,2945.10,33.39,2.330,-20.00,50.0
2369.00,2794.82,2947.04,33.24,2.334,-20.00,50.0
2370.00,2796.10,2949.00,33.10,2.337,-20.00,50.0
2371.00,2797.38,2950.96,32.96,2.340,-15.00,50.0
2372.00,2798.65,2952.93,32.82,2.343,-15.00,50.0
2373.00,2799.92,2954.90,32.68,2.346,-15.00,50.0
2374.00,2801.19,2956.88,32.55,2.350,-15.00,50.0
2375.00,2802.46,2958.86,32.41,2.353,-15.00,50.0
2376.00,2803.72,2960.85,32.28,2.356,-15.00,50.0
2377.00,2804.98,2962.84,32.15,2.358,-15.00,50.0
2378.00,2806.24,2964.84,32.02,2.361,-15.00,50.0
2379.00,2807.49,2966.84,31.89,2.364,-15.00,50.0
2380.00,2808.74,2968.85,31.76,2.367,-15.00,50.0
2381.00,2809.99,2970.87,31.64,2.369,-15.00,50.0
2382.00,2811.23,2972.89,31.51,2.372,-15.00,50.0
2383.00,2812.47,2974.91,31.39,2.375,-15.00,50.0
2384.00,2813.71,2976.94,31.27,2.377,-15.00,50.0
2385.00,2814.95,2978.98,31.15,2.380,-15.00,50.0
2386.00,2816.18,2981.01,31.03,2.382,-15.00,50.0
2387.00,2817.41,2983.06,30.91,2.384,-10.00,50.0
2388.00,2818.63,2985.11,30.80,2.387,-10.00,50.0
2389.00,2819.86,2987.16,30.68,2.389,-10.00,50.0
2390.00,2821.08,2989.21,30.57,2.391,-10.00,50.0
2391.00,2822.29,2991.27,30.46,2.393,-10.00,50.0
2392.00,2823.51,2993.34,30.35,2.395,-10.00,50.0
2393.00,2824.72,2995.41,30.25,2.398,-10.00,50.0
2394.00,2825.93,2997.48,30.14,2.400,-10.00,50.0
2395.00,2827.13,2999.56,30.04,2.402,-10.00,50.0
2396.00,2828.34,3001.64,29.94,2.404,-10.00,50.0
2397.00,2829.54,3003.72,29.84,2.405,-10.00,50.0
2398.00,2830.74,3005.81,29.74,2.407,-10.00,50.0
2399.00,2831.93,3007.90,29.65,2.409,-5.00,50.0
2400.00,2833.12,3010.00,29.55,2.411,-5.00,50.0
2401.00,2834.31,3012.10,29.46,2.413,-5.00,50.0
2402.00,2835.50,3014.20,29.37,2.415,-5.00,50.0
2403.00,2836.69,3016.30,29.28,2.416,-5.00,50.0
2404.00,2837.87,3018.41,29.20,2.418,-5.00,50.0
2405.00,2839.05,3020.53,29.11,2.420,-5.00,50.0
2406.00,2840.23,3022.64,29.03,2.421,-5.00,50.0
2407.00,2841.40,3024.76,28.95,2.423,-5.00,50.0
2408.00,2842.58,3026.88,28.87,2.424,-5.00,50.0
2409.00,2843.75,3029.01,28.80,2.426,-5.00,50.0
2410.00,2844.92,3031.13,28.72,2.427,-5.00,50.0
2411.00,2846.08,3033.26,28.65,2.429,-5.00,50.0
2412.00,2847.25,3035.40,28.58,2.430,-5.00,50.0
2413.00,2848.41,3037.53,28.51,2.432,0.00,50.0
2414.00,2849.57,3039.67,28.44,2.433,0.00,50.0
2415.00,2850.73,3041.81,28.37,2.434,0.00,50.0
2416.00,2851.89,3043.95,28.31,2.436,0.00,50.0
2417.00,2853.05,3046.10,28.25,2.437,0.00,50.0
2418.00,2854.20,3048.25,28.19,2.438,0.00,50.0
2419.00,2855.35,3050.40,28.13,2.439,0.00,50.0
2420.00,2856.50,3052.55,28.08,2.441,0.00,50.0
2421.00,2857.65,3054.70,28.03,2.442,0.00,50.0
2422.00,2858.80,3056.86,27.97,2.443,0.00,50.0
2423.00,2859.95,3059.02,27.92,2.444,0.00,50.0
2424.00,2861.09,3061.18,27.88,2.445,0.00,50.0
2425.00,2862.24,3063.34,27.83,2.446,0.00,50.0
2426.00,2863.38,3065.50,27.79,2.447,0.00,50.0
2427.00,2864.52,3067.67,27.74,2.448,0.00,50.0
2428.00,2865.66,3069.84,27.70,2.449,0.00,50.0
2429.00,2866.80,3072.01,27.66,2.450,0.00,50.0
2430.00,2867.94,3074.18,27.62,2.451,0.00,50.0
2431.00,2869.07,3076.35,27.58,2.452,0.00,50.0
2432.00,2870.21,3078.53,27.55,2.453,0.00,50.0
2433.00,2871.35,3080.70,27.51,2.454,0.00,50.0
2434.00,2872.48,3082.88,27.48,2.455,0.00,50.0
2435.00,2873.61,3085.06,27.44,2.456,0.00,50.0
2436.00,2874.75,3087.24,27.41,2.457,0.00,50.0
2437.00,2875.88,3089.42,27.38,2.458,0.00,50.0
2438.00,2877.01,3091.60,27.35,2.459,0.00,50.0
2439.00,2878.14,3093.79,27.32,2.460,0.00,50.0
2440.00,2879.27,3095.98,27.29,2.460,0.00,50.0
2441.00,2880.40,3098.16,27.27,2.461,0.00,50.0
2442.00,2881.52,3100.35,27.24,2.462,0.00,50.0
2443.00,2882.65,3102.54,27.22,2.463,0.00,50.0
2444.00,2883.78,3104.73,27.19,2.463,0.00,50.0
2445.00,2884.90,3106.92,27.17,2.464,0.00,50.0
2446.00,2886.03,3109.12,27.15,2.465,0.00,50.0
2447.00,2887.15,3111.31,27.12,2.466,0.00,50.0
2448.00,2888.28,3113.50,27.10,2.466,0.00,50.0
2449.00,2889.40,3115.70,27.08,2.467,0.00,50.0
2450.00,2890.53,3117.90,27.06,2.468,0.00,50.0
2451.00,2891.65,3120.10,27.04,2.468,0.00,50.0
2452.00,2892.77,3122.29,27.02,2.469,0.00,50.0
2453.00,2893.89,3124.49,27.01,2.470,0.00,50.0
2454.00,2895.01,3126.70,26.99,2.470,0.00,50.0
2455.00,2896.14,3128.90,26.97,2.471,0.00,50.0
2456.00,2897.26,3131.10,26.96,2.471,0.00,50.0
2457.00,2898.38,3133.30,26.94,2.472,0.00,50.0
2458.00,2899.50,3135.51,26.93,2.472,0.00,50.0
2459.00,2900.62,3137.71,26.91,2.473,0.00,50.0
2460.00,2901.74,3139.92,26.90,2.474,0.00,50.0
2461.00,2902.86,3142.12,26.88,2.474,0.00,50.0
2462.00,2903.97,3144.33,26.87,2.475,0.00,50.0
2463.00,2905.09,3146.54,26.86,2.475,0.00,50.0
2464.00,2906.21,3148.75,26.84,2.476,0.00,50.0
2465.00,2907.33,3150.96,26.83,2.476,0.00,50.0
2466.00,2908.45,3153.17,26.82,2.477,0.00,50.0
2467.00,2909.57,3155.38,26.81,2.477,0.00,50.0
2468.00,2910.68,3157.59,26.80,2.477,0.00,50.0
2469.00,2911.80,3159.80,26.79,2.478,0.00,50.0
2470.00,2912.92,3162.01,26.78,2.478,0.00,50.0
2471.00,2914.03,3164.23,26.77,2.479,0.00,50.0
2472.00,2915.15,3166.44,26.76,2.479,0.00,50.0
2473.00,2916.27,3168.65,26.75,2.480,0.00,50.0
2474.00,2917.38,3170.87,26.74,2.480,0.00,50.0
2475.00,2918.50,3173.08,26.73,2.480,0.00,50.0
2476.00,2919.62,3175.30,26.72,2.481,0.00,50.0
2477.00,2920.73,3177.51,26.72,2.481,0.00,50.0
2478.00,2921.85,3179.73,26.71,2.482,0.00,50.0
2479.00,2922.96,3181.95,26.70,2.482,0.00,50.0
2480.00,2924.08,3184.17,26.69,2.482,0.00,50.0
2481.00,2925.19,3186.38,26.69,2.483,0.00,50.0
2482.00,2926.31,3188.60,26.68,2.483,0.00,50.0
2483.00,2927.42,3190.82,26.67,2.483,0.00,50.0
2484.00,2928.54,3193.04,26.67,2.484,0.00,50.0
2485.00,2929.65,3195.26,26.66,2.484,0.00,50.0
2486.00,2930.77,3197.48,26.66,2.484,0.00,50.0
2487.00,2931.88,3199.70,26.65,2.485,0.00,50.0
2488.00,2933.00,3201.92,26.64,2.485,0.00,50.0
2489.00,2934.11,3204.14,26.64,2.485,0.00,50.0
2490.00,2935.23,3206.37,26.63,2.486,0.00,50.0
2491.00,2936.34,3208.59,26.63,2.486,0.00,50.0
2492.00,2937.45,3210.81,26.62,2.486,0.00,50.0
2493.00,2938.57,3213.03,26.62,2.486,0.00,50.0
2494.00,2939.68,3215.26,26.62,2.487,0.00,50.0
2495.00,2940.80,3217.48,26.61,2.487,0.00,50.0
2496.00,2941.91,3219.70,26.61,2.487,0.00,50.0
2497.00,2943.03,3221.93,26.60,2.487,0.00,50.0
2498.00,2944.14,3224.15,26.60,2.488,0.00,50.0
2499.00,2945.25,3226.38,26.60,2.488,0.00,50.0
2500.00,2946.37,3228.60,26.59,2.488,0.00,50.0
2501.00,2947.48,3230.83,26.59,2.488,0.00,50.0
2502.00,2948.60,3233.05,26.58,2.489,0.00,50.0
2503.00,2949.71,3235.28,26.58,2.489,0.00,50.0
2504.00,2950.82,3237.50,26.58,2.489,0.00,50.0
2505.00,2951.94,3239.73,26.58,2.489,0.00,50.0
2506.00,2953.05,3241.96,26.57,2.490,0.00,50.0
2507.00,2954.16,3244.18,26.57,2.490,0.00,50.0
2508.00,2955.28,3246.41,26.57,2.490,0.00,50.0
2509.00,2956.39,3248.64,26.56,2.490,0.00,50.0
2510.00,2957.50,3250.87,26.56,2.490,0.00,50.0
2511.00,2958.62,3253.09,26.56,2.491,0.00,50.0
2512.00,2959.73,3255.32,26.56,2.491,0.00,50.0
2513.00,2960.85,3257.55,26.55,2.491,0.00,50.0
2514.00,2961.96,3259.78,26.55,2.491,0.00,50.0
2515.00,2963.07,3262.01,26.55,2.491,0.00,50.0
2516.00,2964.19,3264.23,26.55,2.491,0.00,50.0
2517.00,2965.30,3266.46,26.55,2.492,0.00,50.0
2518.00,2966.41,3268.69,26.54,2.492,0.00,50.0
2519.00,2967.53,3270.92,26.54,2.492,0.00,50.0
2520.00,2968.64,3273.15,26.54,2.492,0.00,50.0
2521.00,2969.75,3275.38,26.54,2.492,0.00,50.0
2522.00,2970.87,3277.61,26.54,2.492,0.00,50.0
2523.00,2971.98,3279.84,26.53,2.493,0.00,50.0
2524.00,2973.10,3282.07,26.53,2.493,0.00,50.0
2525.00,2974.21,3284.30,26.53,2.493,0.00,50.0
2526.00,2975.32,3286.53,26.53,2.493,0.00,50.0
2527.00,2976.44,3288.76,26.53,2.493,0.00,50.0
2528.00,2977.55,3290.99,26.53,2.493,0.00,50.0
2529.00,2978.66,3293.22,26.53,2.493,0.00,50.0
2530.00,2979.78,3295.46,26.52,2.494,0.00,50.0
2531.00,2980.89,3297.69,26.52,2.494,0.00,50.0
2532.00,2982.00,3299.92,26.52,2.494,0.00,50.0
2533.00,2983.12,3302.15,26.52,2.494,0.00,50.0
2534.00,2984.23,3304.38,26.52,2.494,0.00,50.0
2535.00,2985.35,3306.61,26.52,2.494,0.00,50.0
2536.00,2986.46,3308.84,26.52,2.494,0.00,50.0
2537.00,2987.57,3311.08,26.52,2.494,0.00,50.0
2538.00,2988.69,3313.31,26.51,2.495,0.00,50.0
2539.00,2989.80,3315.54,26.51,2.495,0.00,50.0
2540.00,2990.91,3317.77,26.51,2.495,0.00,50.0
2541.00,2992.03,3320.01,26.51,2.495,0.00,50.0
2542.00,2993.14,3322.24,26.51,2.495,0.00,50.0
2543.00,2994.25,3324.47,26.51,2.495,0.00,50.0
2544.00,2995.37,3326.70,26.51,2.495,0.00,50.0
2545.00,2996.48,3328.94,26.51,2.495,0.00,50.0
2546.00,2997.60,3331.17,26.51,2.495,0.00,50.0
2547.00,2998.71,3333.40,26.51,2.495,0.00,50.0
2548.00,2999.82,3335.64,26.51,2.496,0.00,50.0
2549.00,3000.94,3337.87,26.51,2.496,0.00,50.0
2550.00,3002.05,3340.10,26.51,2.496,0.00,50.0
2551.00,3003.16,3342.34,26.50,2.496,0.00,50.0
2552.00,3004.28,3344.57,26.50,2.496,0.00,50.0
2553.00,3005.39,3346.80,26.50,2.496,0.00,50.0
2554.00,3006.51,3349.04,26.50,2.496,0.00,50.0
2555.00,3007.62,3351.27,26.50,2.496,0.00,50.0
2556.00,3008.73,3353.50,26.50,2.496,0.00,50.0
2557.00,3009.85,3355.74,26.50,2.496,0.00,50.0
2558.00,3010.96,3357.97,26.50,2.496,0.00,50.0
2559.00,3012.08,3360.21,26.50,2.496,0.00,50.0
2560.00,3013.19,3362.44,26.50,2.496,0.00,50.0
2561.00,3014.30,3364.68,26.50,2.497,0.00,50.0
2562.00,3015.42,3366.91,26.50,2.497,0.00,50.0
2563.00,3016.53,3369.14,26.50,2.497,0.00,50.0
2564.00,3017.65,3371.38,26.50,2.497,0.00,50.0
2565.00,3018.76,3373.61,26.50,2.497,0.00,50.0
2566.00,3019.87,3375.85,26.50,2.497,0.00,50.0
2567.00,3020.99,3378.08,26.50,2.497,0.00,50.0
2568.00,3022.10,3380.32,26.50,2.497,0.00,50.0
2569.00,3023.22,3382.55,26.50,2.497,0.00,50.0
2570.00,3024.33,3384.79,26.50,2.497,0.00,50.0
2571.00,3025.44,3387.02,26.50,2.497,0.00,50.0
2572.00,3026.56,3389.26,26.49,2.497,0.00,50.0
2573.00,3027.67,3391.49,26.49,2.497,0.00,50.0
2574.00,3028.79,3393.73,26.49,2.497,0.00,50.0
2575.00,3029.90,3395.96,26.49,2.497,0.00,50.0
2576.00,3031.01,3398.20,26.49,2.497,0.00,50.0
2577.00,3032.13,3400.43,26.49,2.498,0.00,50.0
2578.00,3033.24,3402.67,26.49,2.498,0.00,50.0
2579.00,3034.36,3404.90,26.49,2.498,0.00,50.0
2580.00,3035.47,3407.14,26.49,2.498,0.00,50.0
2581.00,3036.59,3409.37,26.49,2.498,0.00,50.0
2582.00,3037.70,3411.61,26.49,2.498,0.00,50.0
2583.00,3038.81,3413.84,26.49,2.498,0.00,50.0
2584.00,3039.93,3416.08,26.49,2.498,0.00,50.0
2585.00,3041.04,3418.32,26.49,2.498,0.00,50.0
2586.00,3042.16,3420.55,26.49,2.498,0.00,50.0
2587.00,3043.27,3422.79,26.49,2.498,0.00,50.0
2588.00,3044.38,3425.02,26.49,2.498,0.00,50.0
2589.00,3045.50,3427.26,26.49,2.498,0.00,50.0
2590.00,3046.61,3429.49,26.49,2.498,0.00,50.0
2591.00,3047.73,3431.73,26.49,2.498,0.00,50.0
2592.00,3048.84,3433.96,26.49,2.488,-5.00,40.0
2593.00,3049.94,3436.18,26.49,2.478,-5.00,40.0
2594.00,3051.04,3438.38,26.48,2.469,-5.00,40.0
2595.00,3052.14,3440.59,26.48,2.459,-10.00,40.0
2596.00,3053.23,3442.78,26.47,2.450,-10.00,40.0
2597.00,3054.32,3444.96,26.47,2.441,-10.00,40.0
2598.00,3055.41,3447.14,26.45,2.432,-15.00,40.0
2599.00,3056.49,3449.31,26.44,2.424,-15.00,40.0
2600.00,3057.56,3451.47,26.43,2.415,-15.00,40.0
2601.00,3058.63,3453.63,26.41,2.407,-20.00,40.0
2602.00,3059.70,3455.78,26.38,2.399,-20.00,40.0
2603.00,3060.76,3457.92,26.36,2.391,-20.00,40.0
2604.00,3061.82,3460.06,26.33,2.383,-25.00,40.0
2605.00,3062.87,3462.19,26.30,2.375,-25.00,40.0
2606.00,3063.92,3464.31,26.26,2.368,-25.00,40.0
2607.00,3064.97,3466.42,26.22,2.361,-30.00,40.0
2608.00,3066.01,3468.54,26.17,2.353,-30.00,40.0
2609.00,3067.04,3470.64,26.12,2.346,-30.00,40.0
2610.00,3068.07,3472.74,26.07,2.339,-35.00,40.0
2611.00,3069.10,3474.84,26.01,2.333,-35.00,40.0
2612.00,3070.12,3476.93,25.95,2.326,-35.00,40.0
2613.00,3071.13,3479.01,25.88,2.319,-35.00,40.0
2614.00,3072.14,3481.09,25.80,2.313,-35.00,40.0
2615.00,3073.14,3483.17,25.73,2.307,-35.00,40.0
2616.00,3074.14,3485.24,25.65,2.301,-35.00,40.0
2617.00,3075.14,3487.31,25.56,2.295,-35.00,40.0
2618.00,3076.12,3489.38,25.47,2.289,-35.00,40.0
2619.00,3077.11,3491.44,25.38,2.283,-35.00,40.0
2620.00,3078.08,3493.50,25.28,2.277,-35.00,40.0
2621.00,3079.05,3495.55,25.18,2.272,-35.00,40.0
2622.00,3080.02,3497.60,25.08,2.266,-35.00,40.0
2623.00,3080.97,3499.65,24.97,2.261,-35.00,40.0
2624.00,3081.93,3501.69,24.86,2.256,-35.00,40.0
2625.00,3082.87,3503.73,24.75,2.251,-35.00,40.0
2626.00,3083.81,3505.77,24.63,2.246,-35.00,40.0
2627.00,3084.75,3507.81,24.52,2.241,-35.00,40.0
2628.00,3085.68,3509.85,24.40,2.236,-35.00,40.0
2629.00,3086.60,3511.88,24.27,2.231,-35.00,40.0
2630.00,3087.51,3513.91,24.15,2.227,-35.00,40.0
2631.00,3088.42,3515.93,24.02,2.222,-35.00,40.0
2632.00,3089.32,3517.96,23.89,2.218,-35.00,40.0
2633.00,3090.22,3519.98,23.75,2.213,-35.00,40.0
2634.00,3091.11,3522.01,23.62,2.209,-35.00,40.0
2635.00,3091.99,3524.03,23.48,2.205,-35.00,40.0
2636.00,3092.87,3526.04,23.34,2.201,-35.00,40.0
2637.00,3093.74,3528.06,23.20,2.197,-35.00,40.0
2638.00,3094.60,3530.08,23.05,2.193,-35.00,40.0
2639.00,3095.46,3532.09,22.91,2.189,-35.00,40.0
2640.00,3096.31,3534.10,22.76,2.185,-35.00,40.0
2641.00,3097.16,3536.12,22.61,2.181,-35.00,40.0
2642.00,3097.99,3538.13,22.46,2.178,-35.00,40.0
2643.00,3098.82,3540.13,22.31,2.174,-35.00,40.0
2644.00,3099.65,3542.14,22.15,2.171,-35.00,40.0
2645.00,3100.46,3544.15,22.00,2.167,-35.00,40.0
2646.00,3101.28,3546.16,21.84,2.164,-35.00,40.0
2647.00,3102.08,3548.16,21.68,2.161,-35.00,40.0
2648.00,3102.88,3550.17,21.52,2.157,-35.00,40.0
2649.00,3103.67,3552.17,21.36,2.154,-35.00,40.0
2650.00,3104.45,3554.17,21.20,2.151,-35.00,40.0
2651.00,3105.23,3556.18,21.04,2.148,-35.00,40.0
2652.00,3106.00,3558.18,20.87,2.145,-35.00,40.0
2653.00,3106.76,3560.18,20.70,2.142,-35.00,40.0
2654.00,3107.52,3562.18,20.54,2.140,-35.00,40.0
2655.00,3108.27,3564.18,20.37,2.137,-35.00,40.0
2656.00,3109.01,3566.18,20.20,2.134,-35.00,40.0
2657.00,3109.74,3568.18,20.03,2.131,-35.00,40.0
2658.00,3110.47,3570.18,19.86,2.129,-35.00,40.0
2659.00,3111.20,3572.18,19.69,2.126,-35.00,40.0
2660.00,3111.91,3574.18,19.51,2.124,-35.00,40.0
2661.00,3112.62,3576.18,19.34,2.121,-35.00,40.0
2662.00,3113.32,3578.18,19.16,2.119,-35.00,40.0
2663.00,3114.02,3580.18,18.99,2.116,-35.00,40.0
2664.00,3114.70,3582.18,18.81,2.114,-35.00,40.0
2665.00,3115.38,3584.18,18.63,2.112,-35.00,40.0
2666.00,3116.06,3586.18,18.45,2.109,-35.00,40.0
2667.00,3116.73,3588.18,18.28,2.107,-35.00,40.0
2668.00,3117.39,3590.18,18.10,2.105,-35.00,40.0
2669.00,3118.04,3592.17,17.92,2.103,-35.00,40.0
2670.00,3118.69,3594.17,17.73,2.101,-35.00,40.0
2671.00,3119.32,3596.17,17.55,2.099,-35.00,40.0
2672.00,3119.96,3598.17,17.37,2.097,-35.00,40.0
2673.00,3120.58,3600.17,17.19,2.095,-35.00,40.0
2674.00,3121.20,3602.17,17.00,2.093,-35.00,40.0
2675.00,3121.81,3604.17,16.82,2.091,-35.00,40.0
2676.00,3122.42,3606.17,16.64,2.089,-35.00,40.0
2677.00,3123.02,3608.17,16.45,2.088,-35.00,40.0
2678.00,3123.61,3610.17,16.27,2.086,-35.00,40.0
2679.00,3124.19,3612.17,16.08,2.084,-35.00,40.0
2680.00,3124.77,3614.17,15.89,2.083,-35.00,40.0
2681.00,3125.34,3616.18,15.71,2.081,-35.00,40.0
2682.00,3125.90,3618.18,15.52,2.079,-35.00,40.0
2683.00,3126.45,3620.18,15.33,2.078,-35.00,40.0
2684.00,3127.00,3622.18,15.14,2.076,-35.00,40.0
2685.00,3127.55,3624.18,14.95,2.075,-35.00,40.0
2686.00,3128.08,3626.19,14.77,2.073,-35.00,40.0
2687.00,3128.61,3628.19,14.58,2.072,-35.00,40.0
2688.00,3129.13,3630.19,14.39,2.070,-35.00,40.0
2689.00,3129.64,3632.20,14.20,2.069,-35.00,40.0
2690.00,3130.15,3634.20,14.01,2.067,-35.00,40.0
2691.00,3130.65,3636.21,13.82,2.066,-35.00,40.0
2692.00,3131.14,3638.21,13.62,2.065,-35.00,40.0
2693.00,3131.63,3640.22,13.43,2.063,-35.00,40.0
2694.00,3132.11,3642.22,13.24,2.062,-35.00,40.0
2695.00,3132.58,3644.23,13.05,2.061,-35.00,40.0
2696.00,3133.05,3646.24,12.86,2.060,-35.00,40.0
2697.00,3133.50,3648.24,12.66,2.059,-35.00,40.0
2698.00,3133.96,3650.25,12.47,2.057,-35.00,40.0
2699.00,3134.40,3652.26,12.28,2.056,-35.00,40.0
2700.00,3134.84,3654.26,12.09,2.055,-35.00,40.0
2701.00,3135.27,3656.27,11.89,2.054,-35.00,40.0
2702.00,3135.69,3658.28,11.70,2.053,-35.00,40.0
2703.00,3136.11,3660.29,11.51,2.052,-35.00,40.0
2704.00,3136.51,3662.30,11.31,2.051,-35.00,40.0
2705.00,3136.92,3664.31,11.12,2.050,-35.00,40.0
2706.00,3137.31,3666.32,10.92,2.049,-35.00,40.0
2707.00,3137.70,3668.33,10.73,2.048,-35.00,40.0
2708.00,3138.08,3670.34,10.53,2.047,-35.00,40.0
2709.00,3138.45,3672.35,10.34,2.046,-35.00,40.0
2710.00,3138.82,3674.37,10.14,2.045,-35.00,40.0
2711.00,3139.18,3676.38,9.95,2.044,-35.00,40.0
2712.00,3139.53,3678.39,9.75,2.043,-35.00,40.0
2713.00,3139.88,3680.40,9.56,2.042,-35.00,40.0
2714.00,3140.22,3682.42,9.36,2.042,-35.00,40.0
2715.00,3140.55,3684.43,9.17,2.041,-35.00,40.0
2716.00,3140.88,3686.44,8.97,2.040,-35.00,40.0
2717.00,3141.19,3688.46,8.77,2.039,-35.00,40.0
2718.00,3141.51,3690.47,8.58,2.038,-35.00,40.0
2719.00,3141.81,3692.49,8.38,2.038,-35.00,40.0
2720.00,3142.11,3694.50,8.18,2.037,-35.00,40.0
2721.00,3142.40,3696.52,7.99,2.036,-35.00,40.0
2722.00,3142.68,3698.53,7.79,2.035,-35.00,40.0
2723.00,3142.95,3700.55,7.59,2.035,-35.00,40.0
2724.00,3143.22,3702.57,7.40,2.034,-35.00,40.0
2725.00,3143.49,3704.58,7.20,2.033,-35.00,40.0
2726.00,3143.74,3706.60,7.00,2.033,-35.00,40.0
2727.00,3143.99,3708.62,6.81,2.032,-35.00,40.0
2728.00,3144.23,3710.63,6.61,2.031,-35.00,40.0
2729.00,3144.46,3712.65,6.41,2.031,-35.00,40.0
2730.00,3144.69,3714.67,6.21,2.030,-35.00,40.0
2731.00,3144.91,3716.68,6.02,2.029,-35.00,40.0
2732.00,3145.12,3718.70,5.82,2.029,-35.00,40.0
2733.00,3145.33,3720.72,5.62,2.028,-35.00,40.0
2734.00,3145.53,3722.74,5.42,2.028,-35.00,40.0
2735.00,3145.72,3724.76,5.22,2.027,-35.00,40.0
2736.00,3145.90,3726.77,5.03,2.027,-35.00,40.0
2737.00,3146.08,3728.79,4.83,2.026,-35.00,40.0
2738.00,3146.25,3730.81,4.63,2.026,-35.00,40.0
2739.00,3146.41,3732.83,4.43,2.025,-35.00,40.0
2740.00,3146.57,3734.85,4.23,2.025,-35.00,40.0
2741.00,3146.72,3736.87,4.04,2.024,-35.00,40.0
2742.00,3146.86,3738.88,3.84,2.024,-35.00,40.0
2743.00,3147.00,3740.90,3.64,2.023,-35.00,40.0
2744.00,3147.13,3742.92,3.44,2.023,-35.00,40.0
2745.00,3147.25,3744.94,3.24,2.022,-35.00,40.0
2746.00,3147.36,3746.96,3.04,2.022,-35.00,40.0
2747.00,3147.47,3748.98,2.85,2.021,-35.00,40.0
2748.00,3147.57,3751.00,2.65,2.021,-35.00,40.0
2749.00,3147.66,3753.01,2.45,2.020,-35.00,40.0
2750.00,3147.75,3755.03,2.25,2.020,-35.00,40.0
2751.00,3147.83,3757.05,2.05,2.020,-35.00,40.0
2752.00,3147.90,3759.07,1.85,2.019,-35.00,40.0
2753.00,3147.96,3761.09,1.65,2.019,-35.00,40.0
2754.00,3148.02,3763.10,1.45,2.019,-35.00,40.0
2755.00,3148.07,3765.12,1.25,2.018,-35.00,40.0
2756.00,3148.12,3767.14,1.06,2.018,-35.00,40.0
2757.00,3148.16,3769.16,0.86,2.017,-35.00,40.0
2758.00,3148.19,3771.17,0.66,2.017,-35.00,40.0
2759.00,3148.21,3773.19,0.46,2.017,-35.00,40.0
2760.00,3148.22,3775.21,0.26,2.016,-35.00,40.0
2761.00,3148.23,3777.22,0.06,2.016,-35.00,40.0
2762.00,3148.24,3779.24,359.86,2.016,-35.00,40.0
2763.00,3148.23,3781.25,359.66,2.015,-35.00,40.0
2764.00,3148.22,3783.27,359.46,2.015,-35.00,40.0
2765.00,3148.20,3785.28,359.26,2.015,-35.00,40.0
2766.00,3148.17,3787.30,359.06,2.015,-35.00,40.0
2767.00,3148.14,3789.31,358.87,2.014,-35.00,40.0
2768.00,3148.10,3791.32,358.67,2.014,-35.00,40.0
2769.00,3148.05,3793.34,358.47,2.014,-35.00,40.0
2770.00,3148.00,3795.35,358.27,2.013,-35.00,40.0
2771.00,3147.94,3797.36,358.07,2.013,-35.00,40.0
2772.00,3147.87,3799.37,357.87,2.013,-35.00,40.0
2773.00,3147.80,3801.39,357.67,2.013,-35.00,40.0
2774.00,3147.72,3803.40,357.47,2.012,-35.00,40.0
2775.00,3147.63,3805.41,357.27,2.012,-35.00,40.0
2776.00,3147.53,3807.42,357.07,2.012,-35.00,40.0
2777.00,3147.43,3809.42,356.87,2.012,-35.00,40.0
2778.00,3147.32,3811.43,356.67,2.011,-35.00,40.0
2779.00,3147.20,3813.44,356.47,2.011,-35.00,40.0
2780.00,3147.08,3815.45,356.27,2.011,-35.00,40.0
2781.00,3146.95,3817.45,356.07,2.011,-35.00,40.0
2782.00,3146.81,3819.46,355.87,2.011,-35.00,40.0
2783.00,3146.66,3821.47,355.67,2.010,-35.00,40.0
2784.00,3146.51,3823.47,355.47,2.010,-35.00,40.0
2785.00,3146.35,3825.47,355.27,2.010,-35.00,40.0
2786.00,3146.19,3827.48,355.07,2.010,-35.00,40.0
2787.00,3146.02,3829.48,354.88,2.009,-35.00,40.0
2788.00,3145.84,3831.48,354.68,2.009,-35.00,40.0
2789.00,3145.65,3833.48,354.48,2.009,-35.00,40.0
2790.00,3145.46,3835.48,354.28,2.009,-35.00,40.0
2791.00,3145.26,3837.48,354.08,2.009,-35.00,40.0
2792.00,3145.05,3839.48,353.88,2.009,-35.00,40.0
2793.00,3144.84,3841.47,353.68,2.008,-35.00,40.0
2794.00,3144.61,3843.47,353.48,2.008,-35.00,40.0
2795.00,3144.39,3845.46,353.28,2.008,-35.00,40.0
2796.00,3144.15,3847.46,353.08,2.008,-35.00,40.0
2797.00,3143.91,3849.45,352.88,2.008,-35.00,40.0
2798.00,3143.66,3851.44,352.68,2.008,-35.00,40.0
2799.00,3143.40,3853.43,352.48,2.007,-35.00,40.0
2800.00,3143.14,3855.42,352.28,2.007,-35.00,40.0
2801.00,3142.87,3857.41,352.08,2.007,-35.00,40.0
2802.00,3142.60,3859.40,351.88,2.007,-35.00,40.0
2803.00,3142.31,3861.39,351.68,2.007,-35.00,40.0
2804.00,3142.02,3863.37,351.48,2.007,-35.00,40.0
2805.00,3141.72,3865.36,351.28,2.007,-35.00,40.0
2806.00,3141.42,3867.34,351.08,2.006,-35.00,40.0
2807.00,3141.11,3869.32,350.88,2.006,-35.00,40.0
2808.00,3140.79,3871.30,350.68,2.006,-35.00,40.0
2809.00,3140.47,3873.28,350.48,2.006,-35.00,40.0
2810.00,3140.13,3875.26,350.28,2.006,-35.00,40.0
2811.00,3139.80,3877.24,350.08,2.006,-35.00,40.0
2812.00,3139.45,3879.22,349.88,2.006,-35.00,40.0
2813.00,3139.10,3881.19,349.68,2.006,-35.00,40.0
2814.00,3138.74,3883.16,349.48,2.006,-35.00,40.0
2815.00,3138.37,3885.13,349.28,2.005,-35.00,40.0
2816.00,3138.00,3887.10,349.08,2.005,-35.00,40.0
2817.00,3137.62,3889.07,348.88,2.005,-35.00,40.0
2818.00,3137.23,3891.04,348.68,2.005,-35.00,40.0
2819.00,3136.84,3893.01,348.48,2.005,-35.00,40.0
2820.00,3136.44,3894.97,348.28,2.005,-35.00,40.0
2821.00,3136.03,3896.93,348.08,2.005,-35.00,40.0
2822.00,3135.62,3898.90,347.88,2.005,-35.00,40.0
2823.00,3135.20,3900.86,347.68,2.005,-35.00,40.0
2824.00,3134.77,3902.81,347.48,2.004,-35.00,40.0
2825.00,3134.34,3904.77,347.28,2.004,-35.00,40.0
2826.00,3133.89,3906.73,347.08,2.004,-35.00,40.0
2827.00,3133.45,3908.68,346.88,2.004,-35.00,40.0
2828.00,3132.99,3910.63,346.68,2.004,-35.00,40.0
2829.00,3132.53,3912.58,346.48,2.004,-35.00,40.0
2830.00,3132.06,3914.53,346.28,2.004,-35.00,40.0
2831.00,3131.59,3916.48,346.08,2.004,-35.00,40.0
2832.00,3131.10,3918.42,345.88,2.004,-35.00,40.0
2833.00,3130.62,3920.37,345.68,2.004,-35.00,40.0
2834.00,3130.12,3922.31,345.48,2.004,-35.00,40.0
2835.00,3129.62,3924.25,345.28,2.004,-35.00,40.0
2836.00,3129.11,3926.18,345.08,2.004,-35.00,40.0
2837.00,3128.59,3928.12,344.88,2.003,-35.00,40.0
2838.00,3128.07,3930.05,344.68,2.003,-35.00,40.0
2839.00,3127.54,3931.99,344.48,2.003,-35.00,40.0
2840.00,3127.01,3933.92,344.28,2.003,-35.00,40.0
2841.00,3126.46,3935.84,344.08,2.003,-35.00,40.0
2842.00,3125.91,3937.77,343.88,2.003,-35.00,40.0
2843.00,3125.36,3939.70,343.68,2.003,-35.00,40.0
2844.00,3124.80,3941.62,343.48,2.003,-35.00,40.0
2845.00,3124.23,3943.54,343.28,2.003,-35.00,40.0
2846.00,3123.65,3945.46,343.08,2.003,-35.00,40.0
2847.00,3123.07,3947.37,342.88,2.003,-35.00,40.0
2848.00,3122.48,3949.29,342.68,2.003,-35.00,40.0
2849.00,3121.88,3951.20,342.48,2.003,-35.00,40.0
2850.00,3121.28,3953.11,342.28,2.003,-35.00,40.0
2851.00,3120.67,3955.02,342.08,2.003,-35.00,40.0
2852.00,3120.05,3956.92,341.88,2.003,-35.00,40.0
2853.00,3119.43,3958.82,341.68,2.003,-35.00,40.0
2854.00,3118.80,3960.73,341.48,2.002,-35.00,40.0
2855.00,3118.17,3962.62,341.28,2.002,-35.00,40.0
2856.00,3117.52,3964.52,341.08,2.002,-35.00,40.0
2857.00,3116.87,3966.42,340.88,2.002,-35.00,40.0
2858.00,3116.22,3968.31,340.68,2.002,-35.00,40.0
2859.00,3115.56,3970.20,340.48,2.002,-35.00,40.0
2860.00,3114.89,3972.08,340.28,2.002,-35.00,40.0
2861.00,3114.21,3973.97,340.08,2.002,-35.00,40.0
2862.00,3113.53,3975.85,339.88,2.002,-35.00,40.0
2863.00,3112.84,3977.73,339.68,2.002,-35.00,40.0
2864.00,3112.15,3979.61,339.48,2.002,-35.00,40.0
2865.00,3111.44,3981.48,339.28,2.002,-35.00,40.0
2866.00,3110.74,3983.36,339.08,2.002,-35.00,40.0
2867.00,3110.02,3985.23,338.89,2.002,-35.00,40.0
2868.00,3109.30,3987.09,338.69,2.002,-35.00,40.0
2869.00,3108.57,3988.96,338.49,2.002,-35.00,40.0
2870.00,3107.84,3990.82,338.29,2.002,-35.00,40.0
2871.00,3107.10,3992.68,338.09,2.002,-35.00,40.0
2872.00,3106.35,3994.54,337.89,2.002,-35.00,40.0
2873.00,3105.60,3996.39,337.69,2.002,-35.00,40.0
2874.00,3104.84,3998.24,337.49,2.002,-35.00,40.0
2875.00,3104.07,4000.09,337.29,2.002,-35.00,40.0
2876.00,3103.30,4001.94,337.09,2.002,-35.00,40.0
2877.00,3102.52,4003.78,336.89,2.002,-35.00,40.0
2878.00,3101.73,4005.62,336.69,2.002,-35.00,40.0
2879.00,3100.94,4007.46,336.49,2.001,-35.00,40.0
2880.00,3100.14,4009.30,336.29,2.001,-35.00,40.0
2881.00,3099.34,4011.13,336.09,2.001,-35.00,40.0
2882.00,3098.53,4012.96,335.89,2.001,-35.00,40.0
2883.00,3097.71,4014.78,335.69,2.001,-34.83,40.0
2884.00,3096.88,4016.61,335.49,2.001,-34.83,40.0
2885.00,3096.05,4018.43,335.29,2.001,-34.83,40.0
2886.00,3095.22,4020.25,335.09,2.001,-33.93,40.0
2887.00,3094.37,4022.06,334.89,2.001,-33.93,40.0
2888.00,3093.52,4023.87,334.69,2.001,-33.93,40.0
2889.00,3092.67,4025.68,334.49,2.001,-33.93,40.0
2890.00,3091.81,4027.49,334.29,2.001,-33.93,40.0
2891.00,3090.94,4029.29,334.09,2.001,-33.93,40.0
2892.00,3090.06,4031.09,333.89,2.001,-33.93,40.0
2893.00,3089.18,4032.89,333.69,2.001,-33.93,40.0
2894.00,3088.30,4034.68,333.49,2.001,-33.93,40.0
2895.00,3087.40,4036.47,333.30,2.001,-33.93,40.0
2896.00,3086.50,4038.26,333.10,2.001,-33.93,40.0
2897.00,3085.60,4040.05,332.90,2.001,-33.93,40.0
2898.00,3084.69,4041.83,332.70,2.001,-33.93,40.0
2899.00,3083.77,4043.61,332.51,2.001,-33.93,40.0
2900.00,3082.85,4045.38,332.31,2.001,-33.93,40.0
2901.00,3081.92,4047.15,332.11,2.001,-33.93,40.0
2902.00,3080.98,4048.92,331.91,2.001,-33.93,40.0
2903.00,3080.03,4050.70,331.72,2.011,-28.93,50.0
2904.00,3079.08,4052.47,331.52,2.021,-28.93,50.0
2905.00,3078.11,4054.26,331.33,2.030,-28.93,50.0
2906.00,3077.13,4056.05,331.13,2.040,-28.93,50.0
2907.00,3076.14,4057.84,330.94,2.049,-28.93,50.0
2908.00,3075.14,4059.64,330.75,2.058,-28.93,50.0
2909.00,3074.13,4061.45,330.56,2.067,-28.93,50.0
2910.00,3073.11,4063.25,330.37,2.075,-28.93,50.0
2911.00,3072.08,4065.06,330.18,2.084,-28.93,50.0
2912.00,3071.04,4066.88,329.99,2.092,-28.93,50.0
2913.00,3069.99,4068.70,329.81,2.100,-28.93,50.0
2914.00,3068.93,4070.52,329.62,2.108,-28.93,50.0
2915.00,3067.86,4072.35,329.43,2.116,-28.93,50.0
2916.00,3066.78,4074.18,329.25,2.124,-28.93,50.0
2917.00,3065.69,4076.01,329.06,2.131,-28.93,50.0
2918.00,3064.59,4077.84,328.88,2.139,-28.93,50.0
2919.00,3063.48,4079.68,328.70,2.146,-28.93,50.0
2920.00,3062.36,4081.52,328.51,2.153,-28.93,50.0
2921.00,3061.23,4083.36,328.33,2.160,-23.93,50.0
2922.00,3060.10,4085.20,328.15,2.167,-23.93,50.0
2923.00,3058.95,4087.05,327.98,2.173,-23.93,50.0
2924.00,3057.79,4088.90,327.80,2.180,-23.93,50.0
2925.00,3056.63,4090.75,327.62,2.186,-23.93,50.0
2926.00,3055.45,4092.60,327.45,2.193,-23.93,50.0
2927.00,3054.27,4094.45,327.28,2.199,-23.93,50.0
2928.00,3053.08,4096.31,327.10,2.205,-23.93,50.0
2929.00,3051.88,4098.17,326.93,2.211,-23.93,50.0
2930.00,3050.67,4100.02,326.76,2.217,-23.93,50.0
2931.00,3049.45,4101.88,326.60,2.222,-23.93,50.0
2932.00,3048.23,4103.74,326.43,2.228,-23.93,50.0
2933.00,3046.99,4105.60,326.26,2.233,-23.93,50.0
2934.00,3045.75,4107.46,326.10,2.239,-23.93,50.0
2935.00,3044.50,4109.33,325.93,2.244,-23.93,50.0
2936.00,3043.24,4111.19,325.77,2.249,-23.93,50.0
2937.00,3041.97,4113.05,325.61,2.254,-18.93,50.0
2938.00,3040.69,4114.92,325.45,2.259,-18.93,50.0
2939.00,3039.41,4116.78,325.29,2.264,-18.93,50.0
2940.00,3038.12,4118.65,325.13,2.268,-18.93,50.0
2941.00,3036.82,4120.51,324.98,2.273,-18.93,50.0
2942.00,3035.51,4122.38,324.82,2.278,-18.93,50.0
2943.00,3034.20,4124.24,324.67,2.282,-18.93,50.0
2944.00,3032.87,4126.11,324.52,2.286,-18.93,50.0
2945.00,3031.54,4127.97,324.37,2.291,-18.93,50.0
2946.00,3030.21,4129.84,324.23,2.295,-18.93,50.0
2947.00,3028.86,4131.70,324.08,2.299,-18.93,50.0
2948.00,3027.51,4133.57,323.93,2.303,-18.93,50.0
2949.00,3026.15,4135.43,323.79,2.307,-18.93,50.0
2950.00,3024.79,4137.30,323.65,2.311,-13.93,50.0
2951.00,3023.42,4139.16,323.51,2.315,-13.93,50.0
2952.00,3022.04,4141.02,323.37,2.318,-13.93,50.0
2953.00,3020.65,4142.89,323.24,2.322,-13.93,50.0
2954.00,3019.26,4144.75,323.10,2.325,-13.93,50.0
2955.00,3017.86,4146.61,322.97,2.329,-13.93,50.0
2956.00,3016.46,4148.48,322.84,2.332,-13.93,50.0
2957.00,3015.05,4150.34,322.71,2.336,-13.93,50.0
2958.00,3013.63,4152.20,322.59,2.339,-13.93,50.0
2959.00,3012.21,4154.06,322.46,2.342,-13.93,50.0
2960.00,3010.78,4155.92,322.34,2.345,-13.93,50.0
2961.00,3009.34,4157.78,322.21,2.348,-13.93,50.0
2962.00,3007.90,4159.64,322.09,2.352,-13.93,50.0
2963.00,3006.46,4161.49,321.97,2.354,-13.93,50.0
2964.00,3005.00,4163.35,321.86,2.357,-13.93,50.0
2965.00,3003.55,4165.21,321.74,2.360,-13.93,50.0
2966.00,3002.08,4167.06,321.62,2.363,-8.93,50.0
2967.00,3000.61,4168.92,321.51,2.366,-8.93,50.0
2968.00,2999.14,4170.77,321.40,2.368,-8.93,50.0
2969.00,2997.66,4172.62,321.29,2.371,-8.93,50.0
2970.00,2996.18,4174.48,321.19,2.374,-8.93,50.0
2971.00,2994.69,4176.33,321.08,2.376,-8.93,50.0
2972.00,2993.19,4178.18,320.98,2.379,-8.93,50.0
2973.00,2991.69,4180.03,320.88,2.381,-8.93,50.0
2974.00,2990.19,4181.88,320.78,2.383,-8.93,50.0
2975.00,2988.68,4183.72,320.68,2.386,-8.93,50.0
2976.00,2987.17,4185.57,320.58,2.388,-8.93,50.0
2977.00,2985.65,4187.42,320.49,2.390,-8.93,50.0
2978.00,2984.13,4189.26,320.39,2.393,-8.93,50.0
2979.00,2982.60,4191.11,320.30,2.395,-3.93,50.0
2980.00,2981.07,4192.95,320.21,2.397,-3.93,50.0
2981.00,2979.54,4194.80,320.13,2.399,-3.93,50.0
2982.00,2978.00,4196.64,320.04,2.401,-3.93,50.0
2983.00,2976.45,4198.48,319.96,2.403,-3.93,50.0
2984.00,2974.91,4200.32,319.88,2.405,-3.93,50.0
2985.00,2973.36,4202.16,319.80,2.407,-3.93,50.0
2986.00,2971.80,4204.00,319.73,2.409,-3.93,50.0
2987.00,2970.24,4205.84,319.65,2.410,-3.93,50.0
2988.00,2968.68,4207.68,319.58,2.412,-3.93,50.0
2989.00,2967.12,4209.52,319.51,2.414,-3.93,50.0
2990.00,2965.55,4211.36,319.44,2.416,-3.93,50.0
2991.00,2963.98,4213.19,319.37,2.417,-3.93,50.0
2992.00,2962.40,4215.03,319.30,2.419,0.00,50.0
2993.00,2960.82,4216.86,319.24,2.421,0.00,50.0
2994.00,2959.24,4218.70,319.18,2.422,0.00,50.0
2995.00,2957.66,4220.53,319.12,2.424,0.00,50.0
2996.00,2956.07,4222.37,319.06,2.425,0.00,50.0
2997.00,2954.48,4224.20,319.01,2.427,0.00,50.0
2998.00,2952.89,4226.03,318.95,2.428,0.00,50.0
2999.00,2951.29,4227.86,318.90,2.430,0.00,50.0
3000.00,2949.69,4229.70,318.85,2.431,0.00,50.0
3001.00,2948.09,4231.53,318.80,2.432,0.00,50.0
3002.00,2946.49,4233.36,318.75,2.434,0.00,50.0
3003.00,2944.88,4235.19,318.71,2.435,0.00,50.0
3004.00,2943.27,4237.02,318.67,2.436,0.00,50.0
3005.00,2941.66,4238.85,318.62,2.438,0.00,50.0
3006.00,2940.05,4240.68,318.58,2.439,0.00,50.0
3007.00,2938.44,4242.51,318.54,2.440,0.00,50.0
3008.00,2936.82,4244.34,318.50,2.441,0.00,50.0
3009.00,2935.20,4246.17,318.47,2.443,0.00,50.0
3010.00,2933.58,4248.00,318.43,2.444,0.00,50.0
3011.00,2931.96,4249.83,318.40,2.445,0.00,50.0
3012.00,2930.34,4251.66,318.36,2.446,0.00,50.0
3013.00,2928.71,4253.49,318.33,2.447,0.00,50.0
3014.00,2927.08,4255.31,318.30,2.448,0.00,50.0
3015.00,2925.45,4257.14,318.27,2.449,0.00,50.0
3016.00,2923.82,4258.97,318.24,2.450,0.00,50.0
3017.00,2922.19,4260.80,318.21,2.451,0.00,50.0
3018.00,2920.56,4262.63,318.18,2.452,0.00,50.0
3019.00,2918.92,4264.46,318.16,2.453,0.00,50.0
3020.00,2917.28,4266.28,318.13,2.454,0.00,50.0
3021.00,2915.65,4268.11,318.11,2.455,0.00,50.0
3022.00,2914.01,4269.94,318.08,2.456,0.00,50.0
3023.00,2912.37,4271.77,318.06,2.457,0.00,50.0
3024.00,2910.72,4273.60,318.04,2.458,0.00,50.0
3025.00,2909.08,4275.43,318.02,2.458,0.00,50.0
3026.00,2907.43,4277.25,318.00,2.459,0.00,50.0
3027.00,2905.79,4279.08,317.98,2.460,0.00,50.0
3028.00,2904.14,4280.91,317.96,2.461,0.00,50.0
3029.00,2902.49,4282.74,317.94,2.462,0.00,50.0
3030.00,2900.84,4284.57,317.92,2.462,0.00,50.0
3031.00,2899.19,4286.39,317.90,2.463,0.00,50.0
3032.00,2897.54,4288.22,317.89,2.464,0.00,50.0
3033.00,2895.89,4290.05,317.87,2.465,0.00,50.0
3034.00,2894.23,4291.88,317.85,2.465,0.00,50.0
3035.00,2892.58,4293.71,317.84,2.466,0.00,50.0
3036.00,2890.92,4295.54,317.82,2.467,0.00,50.0
3037.00,2889.27,4297.36,317.81,2.467,0.00,50.0
3038.00,2887.61,4299.19,317.80,2.468,0.00,50.0
3039.00,2885.95,4301.02,317.78,2.469,0.00,50.0
3040.00,2884.29,4302.85,317.77,2.469,0.00,50.0
3041.00,2882.63,4304.68,317.76,2.470,0.00,50.0
3042.00,2880.97,4306.51,317.74,2.471,0.00,50.0
3043.00,2879.31,4308.34,317.73,2.471,0.00,50.0
3044.00,2877.65,4310.17,317.72,2.472,0.00,50.0
3045.00,2875.98,4311.99,317.71,2.472,0.00,50.0
3046.00,2874.32,4313.82,317.70,2.473,0.00,50.0
3047.00,2872.65,4315.65,317.69,2.473,0.00,50.0
3048.00,2870.99,4317.48,317.68,2.474,0.00,50.0
3049.00,2869.32,4319.31,317.67,2.474,0.00,50.0
3050.00,2867.66,4321.14,317.66,2.475,0.00,50.0
3051.00,2865.99,4322.97,317.65,2.475,0.00,50.0
3052.00,2864.32,4324.80,317.64,2.476,0.00,50.0
3053.00,2862.65,4326.63,317.64,2.476,0.00,50.0
3054.00,2860.98,4328.46,317.63,2.477,0.00,50.0
3055.00,2859.31,4330.29,317.62,2.477,0.00,50.0
3056.00,2857.64,4332.12,317.61,2.478,0.00,50.0
3057.00,2855.97,4333.95,317.60,2.478,0.00,50.0
3058.00,2854.30,4335.78,317.60,2.479,0.00,50.0
3059.00,2852.63,4337.61,317.59,2.479,0.00,50.0
3060.00,2850.96,4339.44,317.58,2.479,0.00,50.0
3061.00,2849.29,4341.28,317.58,2.480,0.00,50.0
3062.00,2847.61,4343.11,317.57,2.480,0.00,50.0
3063.00,2845.94,4344.94,317.57,2.481,0.00,50.0
3064.00,2844.26,4346.77,317.56,2.481,0.00,50.0
3065.00,2842.59,4348.60,317.55,2.481,0.00,50.0
3066.00,2840.91,4350.43,317.55,2.482,0.00,50.0
3067.00,2839.24,4352.26,317.54,2.482,0.00,50.0
3068.00,2837.56,4354.09,317.54,2.483,0.00,50.0
3069.00,2835.89,4355.93,317.53,2.483,0.00,50.0
3070.00,2834.21,4357.76,317.53,2.483,0.00,50.0
3071.00,2832.53,4359.59,317.52,2.484,0.00,50.0
3072.00,2830.86,4361.42,317.52,2.484,0.00,50.0
3073.00,2829.18,4363.25,317.52,2.484,0.00,50.0
3074.00,2827.50,4365.09,317.51,2.485,0.00,50.0
3075.00,2825.82,4366.92,317.51,2.485,0.00,50.0
3076.00,2824.14,4368.75,317.50,2.485,0.00,50.0
3077.00,2822.46,4370.58,317.50,2.485,0.00,50.0
3078.00,2820.79,4372.42,317.50,2.486,0.00,50.0
3079.00,2819.11,4374.25,317.49,2.486,0.00,50.0
3080.00,2817.43,4376.08,317.49,2.486,0.00,50.0
3081.00,2815.75,4377.92,317.49,2.487,0.00,50.0
3082.00,2814.07,4379.75,317.48,2.487,0.00,50.0
3083.00,2812.38,4381.58,317.48,2.487,0.00,50.0
3084.00,2810.70,4383.41,317.48,2.487,0.00,50.0
3085.00,2809.02,4385.25,317.48,2.488,0.00,50.0
3086.00,2807.34,4387.08,317.47,2.488,0.00,50.0
3087.00,2805.66,4388.92,317.47,2.488,0.00,50.0
3088.00,2803.98,4390.75,317.47,2.488,0.00,50.0
3089.00,2802.29,4392.58,317.46,2.489,0.00,50.0
3090.00,2800.61,4394.42,317.46,2.489,0.00,50.0
3091.00,2798.93,4396.25,317.46,2.489,0.00,50.0
3092.00,2797.25,4398.09,317.46,2.489,0.00,50.0
3093.00,2795.56,4399.92,317.46,2.489,0.00,50.0
3094.00,2793.88,4401.75,317.45,2.490,0.00,50.0
3095.00,2792.20,4403.59,317.45,2.490,0.00,50.0
3096.00,2790.51,4405.42,317.45,2.490,0.00,50.0
3097.00,2788.83,4407.26,317.45,2.490,0.00,50.0
3098.00,2787.14,4409.09,317.45,2.490,0.00,50.0
3099.00,2785.46,4410.93,317.44,2.491,0.00,50.0
3100.00,2783.77,4412.76,317.44,2.491,0.00,50.0
3101.00,2782.09,4414.60,317.44,2.491,0.00,50.0
3102.00,2780.41,4416.43,317.44,2.491,0.00,50.0
3103.00,2778.72,4418.27,317.44,2.491,0.00,50.0
3104.00,2777.03,4420.10,317.44,2.492,0.00,50.0
3105.00,2775.35,4421.94,317.44,2.492,0.00,50.0
3106.00,2773.66,4423.77,317.43,2.492,0.00,50.0
3107.00,2771.98,4425.61,317.43,2.492,0.00,50.0
3108.00,2770.29,4427.44,317.43,2.492,0.00,50.0
3109.00,2768.61,4429.28,317.43,2.492,0.00,50.0
3110.00,2766.92,4431.11,317.43,2.493,0.00,50.0
3111.00,2765.23,4432.95,317.43,2.493,0.00,50.0
3112.00,2763.55,4434.79,317.43,2.493,0.00,50.0
3113.00,2761.86,4436.62,317.43,2.493,0.00,50.0
3114.00,2760.17,4438.46,317.42,2.493,0.00,50.0
3115.00,2758.49,4440.29,317.42,2.493,0.00,50.0
3116.00,2756.80,4442.13,317.42,2.493,0.00,50.0
3117.00,2755.11,4443.97,317.42,2.494,0.00,50.0
3118.00,2753.43,4445.80,317.42,2.494,0.00,50.0
3119.00,2751.74,4447.64,317.42,2.494,0.00,50.0
3120.00,2750.05,4449.47,317.42,2.494,0.00,50.0
3121.00,2748.36,4451.31,317.42,2.494,0.00,50.0
3122.00,2746.68,4453.15,317.42,2.494,0.00,50.0
3123.00,2744.99,4454.98,317.42,2.494,0.00,50.0
3124.00,2743.30,4456.82,317.42,2.494,0.00,50.0
3125.00,2741.61,4458.66,317.41,2.494,0.00,50.0
3126.00,2739.92,4460.49,317.41,2.495,0.00,50.0
3127.00,2738.24,4462.33,317.41,2.495,0.00,50.0
3128.00,2736.55,4464.17,317.41,2.495,0.00,50.0
3129.00,2734.86,4466.00,317.41,2.495,0.00,50.0
3130.00,2733.17,4467.84,317.41,2.495,0.00,50.0
3131.00,2731.48,4469.68,317.41,2.495,0.00,50.0
3132.00,2729.79,4471.51,317.41,2.495,0.00,50.0
3133.00,2728.11,4473.35,317.41,2.495,0.00,50.0
3134.00,2726.42,4475.19,317.41,2.495,0.00,50.0
3135.00,2724.73,4477.03,317.41,2.495,0.00,50.0
3136.00,2723.04,4478.86,317.41,2.496,0.00,50.0
3137.00,2721.35,4480.70,317.41,2.496,0.00,50.0
3138.00,2719.66,4482.54,317.41,2.496,0.00,50.0
3139.00,2717.97,4484.38,317.41,2.496,0.00,50.0
3140.00,2716.28,4486.21,317.41,2.496,0.00,50.0
3141.00,2714.59,4488.05,317.41,2.496,0.00,50.0
3142.00,2712.90,4489.89,317.41,2.496,0.00,50.0
3143.00,2711.21,4491.73,317.41,2.496,0.00,50.0
3144.00,2709.52,4493.56,317.40,2.496,0.00,50.0
3145.00,2707.84,4495.40,317.40,2.496,0.00,50.0
3146.00,2706.15,4497.24,317.40,2.496,0.00,50.0
3147.00,2704.46,4499.08,317.40,2.496,0.00,50.0
3148.00,2702.77,4500.91,317.40,2.497,0.00,50.0
3149.00,2701.08,4502.75,317.40,2.497,0.00,50.0
3150.00,2699.39,4504.59,317.40,2.497,0.00,50.0
3151.00,2697.70,4506.43,317.40,2.497,0.00,50.0
3152.00,2696.01,4508.27,317.40,2.497,0.00,50.0
3153.00,2694.32,4510.10,317.40,2.497,0.00,50.0
3154.00,2692.63,4511.94,317.40,2.497,0.00,50.0
3155.00,2690.94,4513.78,317.40,2.497,0.00,50.0
3156.00,2689.25,4515.62,317.40,2.497,0.00,50.0
3157.00,2687.56,4517.46,317.40,2.497,0.00,50.0
3158.00,2685.87,4519.29,317.40,2.497,0.00,50.0
3159.00,2684.18,4521.13,317.40,2.497,0.00,50.0
3160.00,2682.49,4522.97,317.40,2.497,0.00,50.0
3161.00,2680.79,4524.81,317.40,2.497,0.00,50.0
3162.00,2679.10,4526.65,317.40,2.497,0.00,50.0
3163.00,2677.41,4528.49,317.40,2.497,0.00,50.0
3164.00,2675.72,4530.32,317.40,2.497,0.00,50.0
3165.00,2674.03,4532.16,317.40,2.498,0.00,50.0
3166.00,2672.34,4534.00,317.40,2.498,0.00,50.0
3167.00,2670.65,4535.84,317.40,2.498,0.00,50.0
3168.00,2668.96,4537.68,317.40,2.498,0.00,50.0
3169.00,2667.27,4539.52,317.40,2.498,0.00,50.0
3170.00,2665.58,4541.35,317.40,2.498,0.00,50.0
3171.00,2663.89,4543.19,317.40,2.498,0.00,50.0
3172.00,2662.20,4545.03,317.40,2.498,0.00,50.0
3173.00,2660.51,4546.87,317.40,2.498,0.00,50.0
3174.00,2658.82,4548.71,317.40,2.498,0.00,50.0
3175.00,2657.13,4550.55,317.40,2.498,0.00,50.0
3176.00,2655.43,4552.39,317.40,2.498,0.00,50.0
3177.00,2653.74,4554.23,317.40,2.498,0.00,50.0
3178.00,2652.05,4556.06,317.40,2.498,0.00,50.0
3179.00,2650.36,4557.90,317.40,2.498,0.00,50.0
3180.00,2648.67,4559.74,317.40,2.498,0.00,50.0
3181.00,2646.98,4561.58,317.40,2.498,0.00,50.0
3182.00,2645.29,4563.42,317.40,2.498,0.00,50.0
3183.00,2643.60,4565.26,317.40,2.498,0.00,50.0
3184.00,2641.91,4567.10,317.40,2.498,0.00,50.0
3185.00,2640.21,4568.94,317.40,2.498,0.00,50.0
3186.00,2638.52,4570.78,317.40,2.498,0.00,50.0
3187.00,2636.83,4572.61,317.40,2.498,0.00,50.0
3188.00,2635.14,4574.45,317.40,2.498,0.00,50.0
3189.00,2633.45,4576.29,317.40,2.498,0.00,50.0
3190.00,2631.76,4578.13,317.40,2.499,0.00,50.0
3191.00,2630.07,4579.97,317.40,2.499,0.00,50.0
3192.00,2628.38,4581.81,317.40,2.499,0.00,50.0
3193.00,2626.68,4583.65,317.40,2.499,0.00,50.0
3194.00,2624.99,4585.49,317.40,2.499,0.00,50.0
3195.00,2623.30,4587.33,317.40,2.499,0.00,50.0
3196.00,2621.61,4589.17,317.40,2.499,0.00,50.0
3197.00,2619.92,4591.01,317.40,2.499,0.00,50.0
3198.00,2618.23,4592.84,317.40,2.499,0.00,50.0
3199.00,2616.54,4594.68,317.40,2.499,0.00,50.0
3200.00,2614.84,4596.52,317.40,2.499,0.00,50.0
3201.00,2613.15,4598.36,317.40,2.499,0.00,50.0
3202.00,2611.46,4600.20,317.40,2.499,0.00,50.0
3203.00,2609.77,4602.04,317.40,2.499,0.00,50.0
3204.00,2608.08,4603.88,317.40,2.499,0.00,50.0
3205.00,2606.39,4605.72,317.40,2.499,0.00,50.0
3206.00,2604.69,4607.56,317.39,2.499,0.00,50.0
3207.00,2603.00,4609.40,317.39,2.499,0.00,50.0
3208.00,2601.31,4611.24,317.39,2.499,0.00,50.0
3209.00,2599.62,4613.08,317.39,2.499,0.00,50.0
3210.00,2597.93,4614.92,317.39,2.499,0.00,50.0
3211.00,2596.24,4616.75,317.39,2.499,0.00,50.0
3212.00,2594.54,4618.59,317.39,2.499,0.00,50.0
3213.00,2592.85,4620.43,317.39,2.499,0.00,50.0
3214.00,2591.16,4622.27,317.39,2.499,0.00,50.0
3215.00,2589.47,4624.11,317.39,2.499,0.00,50.0
3216.00,2587.78,4625.95,317.39,2.499,0.00,50.0
3217.00,2586.09,4627.79,317.39,2.499,0.00,50.0
3218.00,2584.39,4629.63,317.39,2.499,0.00,50.0
3219.00,2582.70,4631.47,317.39,2.499,0.00,50.0
3220.00,2581.01,4633.31,317.39,2.499,0.00,50.0
3221.00,2579.32,4635.15,317.39,2.499,0.00,50.0
3222.00,2577.63,4636.99,317.39,2.499,0.00,50.0
3223.00,2575.93,4638.83,317.39,2.499,0.00,50.0
3224.00,2574.24,4640.67,317.39,2.499,0.00,50.0
3225.00,2572.55,4642.51,317.39,2.499,0.00,50.0
3226.00,2570.86,4644.35,317.39,2.499,0.00,50.0
3227.00,2569.17,4646.19,317.39,2.499,0.00,50.0
3228.00,2567.48,4648.03,317.39,2.499,0.00,50.0
3229.00,2565.78,4649.87,317.39,2.499,0.00,50.0
3230.00,2564.09,4651.71,317.39,2.499,0.00,50.0
3231.00,2562.40,4653.54,317.39,2.499,0.00,50.0
3232.00,2560.71,4655.38,317.39,2.499,0.00,50.0
3233.00,2559.02,4657.22,317.39,2.499,0.00,50.0
3234.00,2557.32,4659.06,317.39,2.499,0.00,50.0
3235.00,2555.63,4660.90,317.39,2.499,0.00,50.0
3236.00,2553.94,4662.74,317.39,2.499,0.00,50.0
3237.00,2552.25,4664.58,317.39,2.499,0.00,50.0
3238.00,2550.56,4666.42,317.39,2.499,0.00,50.0
3239.00,2548.86,4668.26,317.39,2.499,0.00,50.0
3240.00,2547.17,4670.10,317.39,2.499,0.00,50.0
3241.00,2545.48,4671.94,317.39,2.499,0.00,50.0
3242.00,2543.79,4673.78,317.39,2.499,0.00,50.0
3243.00,2542.10,4675.62,317.39,2.499,0.00,50.0
3244.00,2540.40,4677.46,317.39,2.500,0.00,50.0
3245.00,2538.71,4679.30,317.39,2.500,0.00,50.0
3246.00,2537.02,4681.14,317.39,2.500,0.00,50.0
3247.00,2535.33,4682.98,317.39,2.500,0.00,50.0
3248.00,2533.64,4684.82,317.39,2.500,0.00,50.0
3249.00,2531.94,4686.66,317.39,2.500,0.00,50.0
3250.00,2530.25,4688.50,317.39,2.500,0.00,50.0
3251.00,2528.56,4690.34,317.39,2.500,0.00,50.0
3252.00,2526.87,4692.18,317.39,2.500,0.00,50.0
3253.00,2525.17,4694.02,317.39,2.500,0.00,50.0
3254.00,2523.48,4695.86,317.39,2.500,0.00,50.0
3255.00,2521.79,4697.70,317.39,2.500,0.00,50.0
3256.00,2520.10,4699.54,317.39,2.500,0.00,50.0
3257.00,2518.41,4701.38,317.39,2.500,0.00,50.0
3258.00,2516.71,4703.22,317.39,2.500,0.00,50.0
3259.00,2515.02,4705.06,317.39,2.500,0.00,50.0
3260.00,2513.33,4706.90,317.39,2.500,0.00,50.0
3261.00,2511.64,4708.74,317.39,2.500,0.00,50.0
3262.00,2509.95,4710.58,317.39,2.500,0.00,50.0
3263.00,2508.25,4712.42,317.39,2.500,0.00,50.0
3264.00,2506.56,4714.26,317.39,2.500,0.00,50.0
3265.00,2504.87,4716.10,317.39,2.500,0.00,50.0
3266.00,2503.18,4717.94,317.39,2.500,0.00,50.0
3267.00,2501.48,4719.78,317.39,2.500,0.00,50.0
3268.00,2499.79,4721.62,317.39,2.500,0.00,50.0
3269.00,2498.10,4723.45,317.39,2.500,0.00,50.0
3270.00,2496.41,4725.29,317.39,2.500,0.00,50.0
3271.00,2494.72,4727.13,317.39,2.500,0.00,50.0
3272.00,2493.02,4728.97,317.39,2.500,0.00,50.0
3273.00,2491.33,4730.81,317.39,2.500,0.00,50.0
3274.00,2489.64,4732.65,317.39,2.500,0.00,50.0
3275.00,2487.95,4734.49,317.39,2.500,0.00,50.0
3276.00,2486.26,4736.33,317.39,2.500,0.00,50.0
3277.00,2484.56,4738.17,317.39,2.500,0.00,50.0
3278.00,2482.87,4740.01,317.39,2.500,0.00,50.0
3279.00,2481.18,4741.85,317.39,2.500,0.00,50.0
3280.00,2479.49,4743.69,317.39,2.500,0.00,50.0
3281.00,2477.79,4745.53,317.39,2.500,0.00,50.0
3282.00,2476.10,4747.37,317.39,2.500,0.00,50.0
3283.00,2474.41,4749.21,317.39,2.500,0.00,50.0
3284.00,2472.72,4751.05,317.39,2.500,0.00,50.0
3285.00,2471.02,4752.89,317.39,2.500,0.00,50.0
3286.00,2469.33,4754.73,317.39,2.500,0.00,50.0
3287.00,2467.64,4756.57,317.39,2.500,0.00,50.0
3288.00,2465.95,4758.41,317.39,2.500,0.00,50.0
3289.00,2464.26,4760.25,317.39,2.500,0.00,50.0
3290.00,2462.56,4762.09,317.39,2.500,0.00,50.0
3291.00,2460.87,4763.93,317.39,2.500,0.00,50.0
3292.00,2459.18,4765.77,317.39,2.500,0.00,50.0
3293.00,2457.49,4767.61,317.39,2.500,0.00,50.0
3294.00,2455.79,4769.45,317.39,2.500,0.00,50.0
3295.00,2454.10,4771.29,317.39,2.500,0.00,50.0
3296.00,2452.41,4773.13,317.39,2.500,0.00,50.0
3297.00,2450.72,4774.97,317.39,2.500,0.00,50.0
3298.00,2449.03,4776.81,317.39,2.500,0.00,50.0
3299.00,2447.33,4778.65,317.39,2.500,0.00,50.0
3300.00,2445.64,4780.49,317.39,2.500,0.00,50.0
3301.00,2443.95,4782.33,317.39,2.500,0.00,50.0
3302.00,2442.26,4784.17,317.39,2.500,0.00,50.0
3303.00,2440.56,4786.01,317.39,2.500,0.00,50.0
3304.00,2438.87,4787.85,317.39,2.500,0.00,50.0
3305.00,2437.18,4789.69,317.39,2.500,0.00,50.0
3306.00,2435.49,4791.53,317.39,2.500,0.00,50.0
3307.00,2433.79,4793.37,317.39,2.500,0.00,50.0
3308.00,2432.10,4795.21,317.39,2.500,0.00,50.0
3309.00,2430.41,4797.05,317.39,2.500,0.00,50.0
3310.00,2428.72,4798.89,317.39,2.500,0.00,50.0
3311.00,2427.03,4800.73,317.39,2.500,0.00,50.0
3312.00,2425.33,4802.57,317.39,2.500,0.00,50.0
3313.00,2423.64,4804.41,317.39,2.500,0.00,50.0
3314.00,2421.95,4806.25,317.39,2.500,0.00,50.0
3315.00,2420.26,4808.09,317.39,2.500,0.00,50.0
3316.00,2418.56,4809.93,317.39,2.500,0.00,50.0
3317.00,2416.87,4811.77,317.39,2.500,0.00,50.0
3318.00,2415.18,4813.61,317.39,2.500,0.00,50.0
3319.00,2413.49,4815.45,317.39,2.500,0.00,50.0
3320.00,2411.79,4817.29,317.39,2.500,0.00,50.0
3321.00,2410.10,4819.13,317.39,2.500,0.00,50.0
3322.00,2408.41,4820.97,317.39,2.500,0.00,50.0
3323.00,2406.72,4822.81,317.39,2.500,0.00,50.0
3324.00,2405.03,4824.65,317.39,2.500,0.00,50.0
3325.00,2403.33,4826.49,317.39,2.500,0.00,50.0
3326.00,2401.64,4828.33,317.39,2.500,0.00,50.0
3327.00,2399.95,4830.17,317.39,2.500,0.00,50.0
3328.00,2398.26,4832.01,317.39,2.500,0.00,50.0
3329.00,2396.56,4833.85,317.39,2.500,0.00,50.0
3330.00,2394.87,4835.69,317.39,2.500,0.00,50.0
3331.00,2393.18,4837.53,317.39,2.500,0.00,50.0
3332.00,2391.49,4839.37,317.39,2.500,0.00,50.0
3333.00,2389.79,4841.21,317.39,2.500,0.00,50.0
3334.00,2388.10,4843.05,317.39,2.500,0.00,50.0
3335.00,2386.41,4844.89,317.39,2.500,0.00,50.0
3336.00,2384.72,4846.73,317.39,2.500,0.00,50.0
3337.00,2383.03,4848.57,317.39,2.500,0.00,50.0
3338.00,2381.33,4850.41,317.39,2.500,0.00,50.0
3339.00,2379.64,4852.25,317.39,2.500,0.00,50.0
3340.00,2377.95,4854.09,317.39,2.500,0.00,50.0
3341.00,2376.26,4855.93,317.39,2.500,0.00,50.0
3342.00,2374.56,4857.77,317.39,2.500,0.00,50.0
3343.00,2372.87,4859.61,317.39,2.500,0.00,50.0
3344.00,2371.18,4861.45,317.39,2.500,0.00,50.0
3345.00,2369.49,4863.29,317.39,2.500,0.00,50.0
3346.00,2367.79,4865.13,317.39,2.500,0.00,50.0
3347.00,2366.10,4866.97,317.39,2.500,0.00,50.0
3348.00,2364.41,4868.81,317.39,2.500,0.00,50.0
3349.00,2362.72,4870.65,317.39,2.500,0.00,50.0
3350.00,2361.02,4872.49,317.39,2.500,0.00,50.0
3351.00,2359.33,4874.33,317.39,2.500,0.00,50.0
3352.00,2357.64,4876.17,317.39,2.500,0.00,50.0
3353.00,2355.95,4878.01,317.39,2.500,0.00,50.0
3354.00,2354.26,4879.85,317.39,2.500,0.00,50.0
3355.00,2352.56,4881.69,317.39,2.500,0.00,50.0
3356.00,2350.87,4883.53,317.39,2.500,0.00,50.0
3357.00,2349.18,4885.37,317.39,2.500,0.00,50.0
3358.00,2347.49,4887.21,317.39,2.500,0.00,50.0
3359.00,2345.79,4889.05,317.39,2.500,0.00,50.0
3360.00,2344.10,4890.89,317.39,2.500,0.00,50.0
3361.00,2342.41,4892.73,317.39,2.500,0.00,50.0
3362.00,2340.72,4894.57,317.39,2.500,0.00,50.0
3363.00,2339.02,4896.41,317.39,2.500,0.00,50.0
3364.00,2337.33,4898.25,317.39,2.500,0.00,50.0
3365.00,2335.64,4900.09,317.39,2.500,0.00,50.0
3366.00,2333.95,4901.93,317.39,2.500,0.00,50.0
3367.00,2332.25,4903.77,317.39,2.500,0.00,50.0
3368.00,2330.56,4905.61,317.39,2.500,0.00,50.0
3369.00,2328.87,4907.45,317.39,2.500,0.00,50.0
3370.00,2327.18,4909.29,317.39,2.500,0.00,50.0
3371.00,2325.49,4911.13,317.39,2.500,0.00,50.0
3372.00,2323.79,4912.97,317.39,2.500,0.00,50.0
3373.00,2322.10,4914.81,317.39,2.500,0.00,50.0
3374.00,2320.41,4916.65,317.39,2.500,0.00,50.0
3375.00,2318.72,4918.49,317.39,2.500,0.00,50.0
3376.00,2317.02,4920.33,317.39,2.500,0.00,50.0
3377.00,2315.33,4922.17,317.39,2.500,0.00,50.0
3378.00,2313.64,4924.01,317.39,2.500,0.00,50.0
3379.00,2311.95,4925.85,317.39,2.500,0.00,50.0
3380.00,2310.25,4927.69,317.39,2.500,0.00,50.0
3381.00,2308.56,4929.53,317.39,2.500,0.00,50.0
3382.00,2306.87,4931.37,317.39,2.500,0.00,50.0
3383.00,2305.18,4933.21,317.39,2.500,0.00,50.0
3384.00,2303.48,4935.05,317.39,2.500,0.00,50.0
3385.00,2301.79,4936.89,317.39,2.500,0.00,50.0
3386.00,2300.10,4938.73,317.39,2.500,0.00,50.0
3387.00,2298.41,4940.57,317.39,2.500,0.00,50.0
3388.00,2296.71,4942.41,317.39,2.500,0.00,50.0
3389.00,2295.02,4944.25,317.39,2.500,0.00,50.0
3390.00,2293.33,4946.09,317.39,2.500,0.00,50.0
3391.00,2291.64,4947.93,317.39,2.500,0.00,50.0
3392.00,2289.95,4949.77,317.39,2.500,0.00,50.0
3393.00,2288.25,4951.61,317.39,2.500,0.00,50.0
3394.00,2286.56,4953.45,317.39,2.500,0.00,50.0
3395.00,2284.87,4955.29,317.39,2.500,0.00,50.0
3396.00,2283.18,4957.13,317.39,2.500,0.00,50.0
3397.00,2281.48,4958.97,317.39,2.500,0.00,50.0
3398.00,2279.79,4960.81,317.39,2.500,0.00,50.0
3399.00,2278.10,4962.65,317.39,2.500,0.00,50.0
3400.00,2276.41,4964.49,317.39,2.500,0.00,50.0
3401.00,2274.71,4966.33,317.39,2.500,0.00,50.0
3402.00,2273.02,4968.17,317.39,2.500,0.00,50.0
3403.00,2271.33,4970.01,317.39,2.500,0.00,50.0
3404.00,2269.64,4971.85,317.39,2.500,0.00,50.0
3405.00,2267.94,4973.69,317.39,2.500,0.00,50.0
3406.00,2266.25,4975.53,317.39,2.500,0.00,50.0
3407.00,2264.56,4977.37,317.39,2.500,0.00,50.0
3408.00,2262.87,4979.21,317.39,2.500,0.00,50.0
3409.00,2261.17,4981.05,317.39,2.500,0.00,50.0
3410.00,2259.48,4982.89,317.39,2.500,0.00,50.0
3411.00,2257.79,4984.73,317.39,2.500,0.00,50.0
3412.00,2256.10,4986.57,317.39,2.500,0.00,50.0
3413.00,2254.41,4988.41,317.39,2.500,0.00,50.0
3414.00,2252.71,4990.25,317.39,2.500,0.00,50.0
3415.00,2251.02,4992.09,317.39,2.500,0.00,50.0
3416.00,2249.33,4993.93,317.39,2.500,0.00,50.0
3417.00,2247.64,4995.77,317.39,2.500,0.00,50.0
3418.00,2245.94,4997.61,317.39,2.500,0.00,50.0
3419.00,2244.25,4999.45,317.39,2.500,0.00,50.0
3420.00,2242.56,5001.29,317.39,2.500,0.00,50.0
3421.00,2240.87,5003.13,317.39,2.500,0.00,50.0
3422.00,2239.17,5004.97,317.39,2.500,0.00,50.0
3423.00,2237.48,5006.81,317.39,2.500,0.00,50.0
3424.00,2235.79,5008.65,317.39,2.500,0.00,50.0
3425.00,2234.10,5010.49,317.39,2.500,0.00,50.0
3426.00,2232.40,5012.33,317.39,2.500,0.00,50.0
3427.00,2230.71,5014.17,317.39,2.500,0.00,50.0
3428.00,2229.02,5016.01,317.39,2.500,0.00,50.0
3429.00,2227.33,5017.85,317.39,2.500,0.00,50.0
3430.00,2225.63,5019.69,317.39,2.500,0.00,50.0
3431.00,2223.94,5021.53,317.39,2.500,0.00,50.0
3432.00,2222.25,5023.37,317.39,2.500,0.00,50.0
3433.00,2220.56,5025.21,317.39,2.500,0.00,50.0
3434.00,2218.87,5027.05,317.39,2.500,0.00,50.0
3435.00,2217.17,5028.89,317.39,2.500,0.00,50.0
3436.00,2215.48,5030.73,317.39,2.500,0.00,50.0
3437.00,2213.79,5032.57,317.39,2.500,0.00,50.0
3438.00,2212.10,5034.41,317.39,2.500,0.00,50.0
3439.00,2210.40,5036.25,317.39,2.500,0.00,50.0
3440.00,2208.71,5038.09,317.39,2.500,0.00,50.0
3441.00,2207.02,5039.93,317.39,2.500,0.00,50.0
3442.00,2205.33,5041.77,317.39,2.500,0.00,50.0
3443.00,2203.63,5043.61,317.39,2.500,0.00,50.0
3444.00,2201.94,5045.45,317.39,2.500,0.00,50.0
3445.00,2200.25,5047.29,317.39,2.500,0.00,50.0
3446.00,2198.56,5049.13,317.39,2.500,0.00,50.0
3447.00,2196.86,5050.97,317.39,2.500,0.00,50.0
3448.00,2195.17,5052.81,317.39,2.500,0.00,50.0
3449.00,2193.48,5054.65,317.39,2.500,0.00,50.0
3450.00,2191.79,5056.49,317.39,2.500,0.00,50.0
3451.00,2190.09,5058.33,317.39,2.500,0.00,50.0
3452.00,2188.40,5060.17,317.39,2.500,0.00,50.0
3453.00,2186.71,5062.01,317.39,2.500,0.00,50.0
3454.00,2185.02,5063.85,317.39,2.500,0.00,50.0
3455.00,2183.33,5065.69,317.39,2.500,0.00,50.0
3456.00,2181.63,5067.53,317.39,2.500,0.00,50.0
3457.00,2179.94,5069.37,317.39,2.500,0.00,50.0
3458.00,2178.25,5071.21,317.39,2.500,0.00,50.0
3459.00,2176.56,5073.05,317.39,2.500,0.00,50.0
3460.00,2174.86,5074.89,317.39,2.500,0.00,50.0
3461.00,2173.17,5076.73,317.39,2.500,0.00,50.0
3462.00,2171.48,5078.57,317.39,2.500,0.00,50.0
3463.00,2169.79,5080.42,317.39,2.500,0.00,50.0
3464.00,2168.09,5082.26,317.39,2.500,0.00,50.0
3465.00,2166.40,5084.10,317.39,2.500,0.00,50.0
3466.00,2164.71,5085.94,317.39,2.500,0.00,50.0
3467.00,2163.02,5087.78,317.39,2.500,0.00,50.0
3468.00,2161.32,5089.62,317.39,2.500,0.00,50.0
3469.00,2159.63,5091.46,317.39,2.500,0.00,50.0
3470.00,2157.94,5093.30,317.39,2.500,0.00,50.0
3471.00,2156.25,5095.14,317.39,2.500,0.00,50.0
3472.00,2154.55,5096.98,317.39,2.500,0.00,50.0
3473.00,2152.86,5098.82,317.39,2.500,0.00,50.0
3474.00,2151.17,5100.66,317.39,2.500,0.00,50.0
3475.00,2149.48,5102.50,317.39,2.500,0.00,50.0
3476.00,2147.78,5104.34,317.39,2.500,0.00,50.0
3477.00,2146.09,5106.18,317.39,2.500,0.00,50.0
3478.00,2144.40,5108.02,317.39,2.500,0.00,50.0
3479.00,2142.71,5109.86,317.39,2.500,0.00,50.0
3480.00,2141.02,5111.70,317.39,2.500,0.00,50.0
3481.00,2139.32,5113.54,317.39,2.500,0.00,50.0
3482.00,2137.63,5115.38,317.39,2.500,0.00,50.0
3483.00,2135.94,5117.22,317.39,2.500,0.00,50.0
3484.00,2134.25,5119.06,317.39,2.500,0.00,50.0
3485.00,2132.55,5120.90,317.39,2.500,0.00,50.0
3486.00,2130.86,5122.74,317.39,2.500,0.00,50.0
3487.00,2129.17,5124.58,317.39,2.500,0.00,50.0
3488.00,2127.48,5126.42,317.39,2.500,0.00,50.0
3489.00,2125.78,5128.26,317.39,2.500,0.00,50.0
3490.00,2124.09,5130.10,317.39,2.500,0.00,50.0
3491.00,2122.40,5131.94,317.39,2.500,0.00,50.0
3492.00,2120.71,5133.78,317.39,2.500,0.00,50.0
3493.00,2119.01,5135.62,317.39,2.500,0.00,50.0
3494.00,2117.32,5137.46,317.39,2.500,0.00,50.0
3495.00,2115.63,5139.30,317.39,2.500,0.00,50.0
3496.00,2113.94,5141.14,317.39,2.500,0.00,50.0
3497.00,2112.24,5142.98,317.39,2.500,0.00,50.0
3498.00,2110.55,5144.82,317.39,2.500,0.00,50.0
3499.00,2108.86,5146.66,317.39,2.500,0.00,50.0
3500.00,2107.17,5148.50,317.39,2.500,0.00,50.0
3501.00,2105.48,5150.34,317.39,2.500,0.00,50.0
3502.00,2103.78,5152.18,317.39,2.500,0.00,50.0
3503.00,2102.09,5154.02,317.39,2.500,0.00,50.0
3504.00,2100.40,5155.86,317.39,2.500,0.00,50.0
3505.00,2098.71,5157.70,317.39,2.500,0.00,50.0
3506.00,2097.01,5159.54,317.39,2.500,0.00,50.0
3507.00,2095.32,5161.38,317.39,2.500,0.00,50.0
3508.00,2093.63,5163.22,317.39,2.500,0.00,50.0
3509.00,2091.94,5165.06,317.39,2.500,0.00,50.0
3510.00,2090.24,5166.90,317.39,2.500,0.00,50.0
3511.00,2088.55,5168.74,317.39,2.500,0.00,50.0
3512.00,2086.86,5170.58,317.39,2.500,0.00,50.0
3513.00,2085.17,5172.42,317.39,2.500,0.00,50.0
3514.00,2083.47,5174.26,317.39,2.500,0.00,50.0
3515.00,2081.78,5176.10,317.39,2.500,0.00,50.0
3516.00,2080.09,5177.94,317.39,2.500,0.00,50.0
3517.00,2078.40,5179.78,317.39,2.500,0.00,50.0
3518.00,2076.70,5181.62,317.39,2.500,0.00,50.0
3519.00,2075.01,5183.46,317.39,2.500,0.00,50.0
3520.00,2073.32,5185.30,317.39,2.500,0.00,50.0
3521.00,2071.63,5187.14,317.39,2.500,0.00,50.0
3522.00,2069.93,5188.98,317.39,2.500,0.00,50.0
3523.00,2068.24,5190.82,317.39,2.500,0.00,50.0
3524.00,2066.55,5192.66,317.39,2.500,0.00,50.0
3525.00,2064.86,5194.50,317.39,2.500,0.00,50.0
3526.00,2063.17,5196.34,317.39,2.500,0.00,50.0
3527.00,2061.47,5198.18,317.39,2.500,0.00,50.0
3528.00,2059.78,5200.02,317.39,2.500,0.00,50.0
3529.00,2058.09,5201.86,317.39,2.500,0.00,50.0
3530.00,2056.40,5203.70,317.39,2.500,0.00,50.0
3531.00,2054.70,5205.54,317.39,2.500,0.00,50.0
3532.00,2053.01,5207.38,317.39,2.500,0.00,50.0
3533.00,2051.32,5209.22,317.39,2.500,0.00,50.0
3534.00,2049.63,5211.06,317.39,2.500,0.00,50.0
3535.00,2047.93,5212.90,317.39,2.500,0.00,50.0
3536.00,2046.24,5214.74,317.39,2.500,0.00,50.0
3537.00,2044.55,5216.58,317.39,2.500,0.00,50.0
3538.00,2042.86,5218.42,317.39,2.500,0.00,50.0
3539.00,2041.16,5220.26,317.39,2.500,0.00,50.0
3540.00,2039.47,5222.10,317.39,2.500,0.00,50.0
3541.00,2037.78,5223.94,317.39,2.500,0.00,50.0
3542.00,2036.09,5225.78,317.39,2.500,0.00,50.0
3543.00,2034.39,5227.62,317.39,2.500,0.00,50.0
3544.00,2032.70,5229.46,317.39,2.500,0.00,50.0
3545.00,2031.01,5231.30,317.39,2.500,0.00,50.0
3546.00,2029.32,5233.14,317.39,2.500,0.00,50.0
3547.00,2027.62,5234.98,317.39,2.500,0.00,50.0
3548.00,2025.93,5236.82,317.39,2.500,0.00,50.0
3549.00,2024.24,5238.66,317.39,2.500,0.00,50.0
3550.00,2022.55,5240.50,317.39,2.500,0.00,50.0
3551.00,2020.86,5242.34,317.39,2.500,0.00,50.0
3552.00,2019.16,5244.18,317.39,2.500,0.00,50.0
3553.00,2017.47,5246.02,317.39,2.500,0.00,50.0
3554.00,2015.78,5247.86,317.39,2.500,0.00,50.0
3555.00,2014.09,5249.70,317.39,2.500,0.00,50.0
3556.00,2012.39,5251.54,317.39,2.500,0.00,50.0
3557.00,2010.70,5253.38,317.39,2.500,0.00,50.0
3558.00,2009.01,5255.22,317.39,2.500,0.00,50.0
3559.00,2007.32,5257.06,317.39,2.500,0.00,50.0
3560.00,2005.62,5258.90,317.39,2.500,0.00,50.0
3561.00,2003.93,5260.74,317.39,2.500,0.00,50.0
3562.00,2002.24,5262.58,317.39,2.500,0.00,50.0
3563.00,2000.55,5264.42,317.39,2.500,0.00,50.0
3564.00,1998.85,5266.26,317.39,2.500,0.00,50.0
3565.00,1997.16,5268.10,317.39,2.500,0.00,50.0
3566.00,1995.47,5269.94,317.39,2.500,0.00,50.0
3567.00,1993.78,5271.78,317.39,2.500,0.00,50.0
3568.00,1992.08,5273.62,317.39,2.500,0.00,50.0
3569.00,1990.39,5275.46,317.39,2.500,0.00,50.0
3570.00,1988.70,5277.30,317.39,2.500,0.00,50.0
3571.00,1987.01,5279.14,317.39,2.500,0.00,50.0
3572.00,1985.32,5280.98,317.39,2.500,0.00,50.0
3573.00,1983.62,5282.82,317.39,2.500,0.00,50.0
3574.00,1981.93,5284.66,317.39,2.500,0.00,50.0
3575.00,1980.24,5286.50,317.39,2.500,0.00,50.0
3576.00,1978.55,5288.34,317.39,2.500,0.00,50.0
3577.00,1976.85,5290.18,317.39,2.500,0.00,50.0
3578.00,1975.16,5292.02,317.39,2.500,0.00,50.0
3579.00,1973.47,5293.86,317.39,2.500,0.00,50.0
3580.00,1971.78,5295.70,317.39,2.500,0.00,50.0
3581.00,1970.08,5297.54,317.39,2.500,0.00,50.0
3582.00,1968.39,5299.38,317.39,2.500,0.00,50.0
3583.00,1966.70,5301.22,317.39,2.500,0.00,50.0
3584.00,1965.01,5303.06,317.39,2.500,0.00,50.0
3585.00,1963.31,5304.90,317.39,2.500,0.00,50.0
3586.00,1961.62,5306.74,317.39,2.500,0.00,50.0
3587.00,1959.93,5308.58,317.39,2.500,0.00,50.0
3588.00,1958.24,5310.42,317.39,2.500,0.00,50.0
3589.00,1956.54,5312.26,317.39,2.500,0.00,50.0
3590.00,1954.85,5314.10,317.39,2.500,0.00,50.0
3591.00,1953.16,5315.94,317.39,2.500,0.00,50.0
3592.00,1951.47,5317.78,317.39,2.500,0.00,50.0
3593.00,1949.77,5319.62,317.39,2.500,0.00,50.0
3594.00,1948.08,5321.46,317.39,2.500,0.00,50.0
3595.00,1946.39,5323.30,317.39,2.500,0.00,50.0
3596.00,1944.70,5325.14,317.39,2.500,0.00,50.0
3597.00,1943.01,5326.98,317.39,2.500,0.00,50.0
3598.00,1941.31,5328.82,317.39,2.500,0.00,50.0
3599.00,1939.62,5330.66,317.39,2.500,0.00,50.0
3600.00,1937.93,5332.50,317.39,2.500,0.00,50.0
3601.00,1936.24,5334.34,317.39,2.500,0.00,50.0
3602.00,1934.54,5336.18,317.39,2.500,0.00,50.0
3603.00,1932.85,5338.02,317.39,2.500,0.00,50.0
3604.00,1931.16,5339.86,317.39,2.500,0.00,50.0
3605.00,1929.47,5341.70,317.39,2.500,0.00,50.0
3606.00,1927.77,5343.54,317.39,2.500,0.00,50.0
3607.00,1926.08,5345.38,317.39,2.500,0.00,50.0
3608.00,1924.39,5347.22,317.39,2.500,0.00,50.0
3609.00,1922.70,5349.06,317.39,2.500,0.00,50.0
3610.00,1921.00,5350.90,317.39,2.500,0.00,50.0
3611.00,1919.31,5352.74,317.39,2.500,0.00,50.0
3612.00,1917.62,5354.58,317.39,2.500,0.00,50.0
3613.00,1915.93,5356.42,317.39,2.500,0.00,50.0
3614.00,1914.23,5358.26,317.39,2.500,0.00,50.0
3615.00,1912.54,5360.10,317.39,2.500,0.00,50.0
3616.00,1910.85,5361.94,317.39,2.500,0.00,50.0
3617.00,1909.16,5363.78,317.39,2.500,0.00,50.0
3618.00,1907.47,5365.62,317.39,2.500,0.00,50.0
3619.00,1905.77,5367.46,317.39,2.500,0.00,50.0
3620.00,1904.08,5369.30,317.39,2.500,0.00,50.0
3621.00,1902.39,5371.14,317.39,2.500,0.00,50.0
3622.00,1900.70,5372.98,317.39,2.500,0.00,50.0
3623.00,1899.00,5374.82,317.39,2.500,0.00,50.0
3624.00,1897.31,5376.66,317.39,2.500,0.00,50.0
3625.00,1895.62,5378.50,317.39,2.500,0.00,50.0
3626.00,1893.93,5380.34,317.39,2.500,0.00,50.0
3627.00,1892.23,5382.18,317.39,2.500,0.00,50.0
3628.00,1890.54,5384.02,317.39,2.500,0.00,50.0
3629.00,1888.85,5385.86,317.39,2.500,0.00,50.0
3630.00,1887.16,5387.70,317.39,2.500,0.00,50.0
3631.00,1885.46,5389.54,317.39,2.500,0.00,50.0
3632.00,1883.77,5391.38,317.39,2.500,0.00,50.0
3633.00,1882.08,5393.22,317.39,2.500,0.00,50.0
3634.00,1880.39,5395.06,317.39,2.500,0.00,50.0
3635.00,1878.69,5396.90,317.39,2.500,0.00,50.0
3636.00,1877.00,5398.74,317.39,2.500,0.00,50.0
3637.00,1875.31,5400.58,317.39,2.500,0.00,50.0
3638.00,1873.62,5402.42,317.39,2.500,0.00,50.0
3639.00,1871.92,5404.26,317.39,2.500,0.00,50.0
3640.00,1870.23,5406.10,317.39,2.500,0.00,50.0
3641.00,1868.54,5407.94,317.39,2.500,0.00,50.0
3642.00,1866.85,5409.78,317.39,2.500,0.00,50.0
3643.00,1865.16,5411.62,317.39,2.500,0.00,50.0
3644.00,1863.46,5413.46,317.39,2.500,0.00,50.0
3645.00,1861.77,5415.30,317.39,2.500,0.00,50.0
3646.00,1860.08,5417.14,317.39,2.500,0.00,50.0
3647.00,1858.39,5418.98,317.39,2.500,0.00,50.0
3648.00,1856.69,5420.82,317.39,2.500,0.00,50.0
3649.00,1855.00,5422.67,317.39,2.500,0.00,50.0
3650.00,1853.31,5424.51,317.39,2.500,0.00,50.0
3651.00,1851.62,5426.35,317.39,2.500,0.00,50.0
3652.00,1849.92,5428.19,317.39,2.500,0.00,50.0
3653.00,1848.23,5430.03,317.39,2.500,0.00,50.0
3654.00,1846.54,5431.87,317.39,2.500,0.00,50.0
3655.00,1844.85,5433.71,317.39,2.500,0.00,50.0
3656.00,1843.15,5435.55,317.39,2.500,0.00,50.0
3657.00,1841.46,5437.39,317.39,2.500,0.00,50.0
3658.00,1839.77,5439.23,317.39,2.500,0.00,50.0
3659.00,1838.08,5441.07,317.39,2.500,0.00,50.0
3660.00,1836.38,5442.91,317.39,2.500,0.00,50.0
3661.00,1834.69,5444.75,317.39,2.500,0.00,50.0
3662.00,1833.00,5446.59,317.39,2.500,0.00,50.0
3663.00,1831.31,5448.43,317.39,2.500,0.00,50.0
3664.00,1829.61,5450.27,317.39,2.500,0.00,50.0
3665.00,1827.92,5452.11,317.39,2.500,0.00,50.0
3666.00,1826.23,5453.95,317.39,2.500,0.00,50.0
3667.00,1824.54,5455.79,317.39,2.500,0.00,50.0
3668.00,1822.85,5457.63,317.39,2.500,0.00,50.0
3669.00,1821.15,5459.47,317.39,2.500,0.00,50.0
3670.00,1819.46,5461.31,317.39,2.500,0.00,50.0
3671.00,1817.77,5463.15,317.39,2.500,0.00,50.0
3672.00,1816.08,5464.99,317.39,2.500,0.00,50.0
3673.00,1814.38,5466.83,317.39,2.500,0.00,50.0
3674.00,1812.69,5468.67,317.39,2.500,0.00,50.0
3675.00,1811.00,5470.51,317.39,2.500,0.00,50.0
3676.00,1809.31,5472.35,317.39,2.500,0.00,50.0
3677.00,1807.61,5474.19,317.39,2.500,0.00,50.0
3678.00,1805.92,5476.03,317.39,2.500,0.00,50.0
3679.00,1804.23,5477.87,317.39,2.500,0.00,50.0
3680.00,1802.54,5479.71,317.39,2.500,0.00,50.0
3681.00,1800.84,5481.55,317.39,2.500,0.00,50.0
3682.00,1799.15,5483.39,317.39,2.500,0.00,50.0
3683.00,1797.46,5485.23,317.39,2.500,0.00,50.0
3684.00,1795.77,5487.07,317.39,2.500,0.00,50.0
3685.00,1794.07,5488.91,317.39,2.500,0.00,50.0
3686.00,1792.38,5490.75,317.39,2.500,0.00,50.0
3687.00,1790.69,5492.59,317.39,2.500,0.00,50.0
3688.00,1789.00,5494.43,317.39,2.500,0.00,50.0
3689.00,1787.31,5496.27,317.39,2.500,0.00,50.0
3690.00,1785.61,5498.11,317.39,2.500,0.00,50.0
3691.00,1783.92,5499.95,317.39,2.500,0.00,50.0
3692.00,1782.23,5501.79,317.39,2.500,0.00,50.0
3693.00,1780.54,5503.63,317.39,2.500,0.00,50.0
3694.00,1778.84,5505.47,317.39,2.500,0.00,50.0
3695.00,1777.15,5507.31,317.39,2.500,0.00,50.0
3696.00,1775.46,5509.15,317.39,2.500,0.00,50.0
3697.00,1773.77,5510.99,317.39,2.500,0.00,50.0
3698.00,1772.07,5512.83,317.39,2.500,0.00,50.0
3699.00,1770.38,5514.67,317.39,2.500,0.00,50.0
3700.00,1768.69,5516.51,317.39,2.500,0.00,50.0
3701.00,1767.00,5518.35,317.39,2.500,0.00,50.0
3702.00,1765.30,5520.19,317.39,2.500,0.00,50.0
3703.00,1763.61,5522.03,317.39,2.500,0.00,50.0
3704.00,1761.92,5523.87,317.39,2.500,0.00,50.0
3705.00,1760.23,5525.71,317.39,2.500,0.00,50.0
3706.00,1758.53,5527.55,317.39,2.500,0.00,50.0
3707.00,1756.84,5529.39,317.39,2.500,0.00,50.0
3708.00,1755.15,5531.23,317.39,2.500,0.00,50.0
3709.00,1753.46,5533.07,317.39,2.500,0.00,50.0
3710.00,1751.76,5534.91,317.39,2.500,0.00,50.0
3711.00,1750.07,5536.75,317.39,2.500,0.00,50.0
3712.00,1748.38,5538.59,317.39,2.500,0.00,50.0
3713.00,1746.69,5540.43,317.39,2.500,0.00,50.0
3714.00,1745.00,5542.27,317.39,2.500,0.00,50.0
3715.00,1743.30,5544.11,317.39,2.500,0.00,50.0
3716.00,1741.61,5545.95,317.39,2.500,0.00,50.0
3717.00,1739.92,5547.79,317.39,2.500,0.00,50.0
3718.00,1738.23,5549.63,317.39,2.500,0.00,50.0
3719.00,1736.53,5551.47,317.39,2.500,0.00,50.0
3720.00,1734.84,5553.31,317.39,2.500,0.00,50.0
3721.00,1733.15,5555.15,317.39,2.500,0.00,50.0
3722.00,1731.46,5556.99,317.39,2.500,0.00,50.0
3723.00,1729.76,5558.83,317.39,2.500,0.00,50.0
3724.00,1728.07,5560.67,317.39,2.500,0.00,50.0
3725.00,1726.38,5562.51,317.39,2.500,0.00,50.0
3726.00,1724.69,5564.35,317.39,2.500,0.00,50.0
3727.00,1722.99,5566.19,317.39,2.500,0.00,50.0
3728.00,1721.30,5568.03,317.39,2.500,0.00,50.0
3729.00,1719.61,5569.87,317.39,2.500,0.00,50.0
3730.00,1717.92,5571.71,317.39,2.500,0.00,50.0
3731.00,1716.22,5573.55,317.39,2.500,0.00,50.0
3732.00,1714.53,5575.39,317.39,2.500,0.00,50.0
3733.00,1712.84,5577.23,317.39,2.500,0.00,50.0
3734.00,1711.15,5579.07,317.39,2.500,0.00,50.0
3735.00,1709.45,5580.91,317.39,2.500,0.00,50.0
3736.00,1707.76,5582.75,317.39,2.500,0.00,50.0
3737.00,1706.07,5584.59,317.39,2.500,0.00,50.0
3738.00,1704.38,5586.43,317.39,2.500,0.00,50.0
3739.00,1702.69,5588.27,317.39,2.500,0.00,50.0
3740.00,1700.99,5590.11,317.39,2.500,0.00,50.0
3741.00,1699.30,5591.95,317.39,2.500,0.00,50.0
3742.00,1697.61,5593.79,317.39,2.500,0.00,50.0
3743.00,1695.92,5595.63,317.39,2.500,0.00,50.0
3744.00,1694.22,5597.47,317.39,2.500,0.00,50.0
3745.00,1692.53,5599.31,317.39,2.500,0.00,50.0
3746.00,1690.84,5601.15,317.39,2.500,0.00,50.0
3747.00,1689.15,5602.99,317.39,2.500,0.00,50.0
3748.00,1687.45,5604.83,317.39,2.500,0.00,50.0
3749.00,1685.76,5606.67,317.39,2.500,0.00,50.0
3750.00,1684.07,5608.51,317.39,2.500,0.00,50.0
3751.00,1682.38,5610.35,317.39,2.500,0.00,50.0
3752.00,1680.68,5612.19,317.39,2.500,0.00,50.0
3753.00,1678.99,5614.03,317.39,2.500,0.00,50.0
3754.00,1677.30,5615.87,317.39,2.500,0.00,50.0
3755.00,1675.61,5617.71,317.39,2.500,0.00,50.0
3756.00,1673.91,5619.55,317.39,2.500,0.00,50.0
3757.00,1672.22,5621.39,317.39,2.500,0.00,50.0
3758.00,1670.53,5623.23,317.39,2.500,0.00,50.0
3759.00,1668.84,5625.07,317.39,2.500,0.00,50.0
3760.00,1667.15,5626.91,317.39,2.500,0.00,50.0
3761.00,1665.45,5628.75,317.39,2.500,0.00,50.0
3762.00,1663.76,5630.59,317.39,2.500,0.00,50.0
3763.00,1662.07,5632.43,317.39,2.500,0.00,50.0
3764.00,1660.38,5634.27,317.39,2.500,0.00,50.0
3765.00,1658.68,5636.11,317.39,2.500,0.00,50.0
3766.00,1656.99,5637.95,317.39,2.500,0.00,50.0
3767.00,1655.30,5639.79,317.39,2.500,0.00,50.0
3768.00,1653.61,5641.63,317.39,2.500,0.00,50.0
3769.00,1651.91,5643.47,317.39,2.500,0.00,50.0
3770.00,1650.22,5645.31,317.39,2.500,0.00,50.0
3771.00,1648.53,5647.15,317.39,2.500,0.00,50.0
3772.00,1646.84,5648.99,317.39,2.500,0.00,50.0
3773.00,1645.14,5650.83,317.39,2.500,0.00,50.0
3774.00,1643.45,5652.67,317.39,2.500,0.00,50.0
3775.00,1641.76,5654.51,317.39,2.500,0.00,50.0
3776.00,1640.07,5656.35,317.39,2.500,0.00,50.0
3777.00,1638.37,5658.19,317.39,2.500,0.00,50.0
3778.00,1636.68,5660.03,317.39,2.500,0.00,50.0
3779.00,1634.99,5661.87,317.39,2.500,0.00,50.0
3780.00,1633.30,5663.71,317.39,2.500,0.00,50.0
3781.00,1631.60,5665.55,317.39,2.500,0.00,50.0
3782.00,1629.91,5667.39,317.39,2.500,0.00,50.0
3783.00,1628.22,5669.23,317.39,2.500,0.00,50.0
3784.00,1626.53,5671.07,317.39,2.500,0.00,50.0
3785.00,1624.84,5672.91,317.39,2.500,0.00,50.0
3786.00,1623.14,5674.75,317.39,2.500,0.00,50.0
3787.00,1621.45,5676.59,317.39,2.500,0.00,50.0
3788.00,1619.76,5678.43,317.39,2.500,0.00,50.0
3789.00,1618.07,5680.27,317.39,2.500,0.00,50.0
3790.00,1616.37,5682.11,317.39,2.500,0.00,50.0
3791.00,1614.68,5683.95,317.39,2.500,0.00,50.0
3792.00,1612.99,5685.79,317.39,2.500,0.00,50.0
3793.00,1611.30,5687.63,317.39,2.500,0.00,50.0
3794.00,1609.60,5689.47,317.39,2.500,0.00,50.0
3795.00,1607.91,5691.31,317.39,2.500,0.00,50.0
3796.00,1606.22,5693.15,317.39,2.500,0.00,50.0
3797.00,1604.53,5694.99,317.39,2.500,0.00,50.0
3798.00,1602.83,5696.83,317.39,2.500,0.00,50.0
3799.00,1601.14,5698.67,317.39,2.500,0.00,50.0
3800.00,1599.45,5700.51,317.39,2.500,0.00,50.0
3801.00,1597.76,5702.35,317.39,2.500,0.00,50.0
3802.00,1596.06,5704.19,317.39,2.500,0.00,50.0
3803.00,1594.37,5706.03,317.39,2.500,0.00,50.0
3804.00,1592.68,5707.87,317.39,2.500,0.00,50.0
3805.00,1590.99,5709.71,317.39,2.500,0.00,50.0
3806.00,1589.29,5711.55,317.39,2.500,0.00,50.0
3807.00,1587.60,5713.39,317.39,2.500,0.00,50.0
3808.00,1585.91,5715.23,317.39,2.500,0.00,50.0
3809.00,1584.22,5717.07,317.39,2.500,0.00,50.0
3810.00,1582.53,5718.91,317.39,2.500,0.00,50.0
3811.00,1580.83,5720.75,317.39,2.500,0.00,50.0
3812.00,1579.14,5722.59,317.39,2.500,0.00,50.0
3813.00,1577.45,5724.43,317.39,2.500,0.00,50.0
3814.00,1575.76,5726.27,317.39,2.500,0.00,50.0
3815.00,1574.06,5728.11,317.39,2.500,0.00,50.0
3816.00,1572.37,5729.95,317.39,2.500,0.00,50.0
3817.00,1570.68,5731.79,317.39,2.500,0.00,50.0
3818.00,1568.99,5733.63,317.39,2.500,0.00,50.0
3819.00,1567.29,5735.47,317.39,2.500,0.00,50.0
3820.00,1565.60,5737.31,317.39,2.500,0.00,50.0
3821.00,1563.91,5739.15,317.39,2.500,0.00,50.0
3822.00,1562.22,5740.99,317.39,2.500,0.00,50.0
3823.00,1560.52,5742.83,317.39,2.500,0.00,50.0
3824.00,1558.83,5744.67,317.39,2.500,0.00,50.0
3825.00,1557.14,5746.51,317.39,2.500,0.00,50.0
3826.00,1555.45,5748.35,317.39,2.500,0.00,50.0
3827.00,1553.75,5750.19,317.39,2.500,0.00,50.0
3828.00,1552.06,5752.03,317.39,2.500,0.00,50.0
3829.00,1550.37,5753.87,317.39,2.500,0.00,50.0
3830.00,1548.68,5755.71,317.39,2.500,0.00,50.0
3831.00,1546.99,5757.56,317.39,2.500,0.00,50.0
3832.00,1545.29,5759.40,317.39,2.500,0.00,50.0
3833.00,1543.60,5761.24,317.39,2.500,0.00,50.0
3834.00,1541.91,5763.08,317.39,2.500,0.00,50.0
3835.00,1540.22,5764.92,317.39,2.500,0.00,50.0
3836.00,1538.52,5766.76,317.39,2.500,0.00,50.0
3837.00,1536.83,5768.60,317.39,2.500,0.00,50.0
3838.00,1535.14,5770.44,317.39,2.500,0.00,50.0
3839.00,1533.45,5772.28,317.39,2.500,0.00,50.0
3840.00,1531.75,5774.12,317.39,2.500,0.00,50.0
3841.00,1530.06,5775.96,317.39,2.500,0.00,50.0
3842.00,1528.37,5777.80,317.39,2.500,0.00,50.0
3843.00,1526.68,5779.64,317.39,2.500,0.00,50.0
3844.00,1524.98,5781.48,317.39,2.500,0.00,50.0
3845.00,1523.29,5783.32,317.39,2.500,0.00,50.0
3846.00,1521.60,5785.16,317.39,2.500,0.00,50.0
3847.00,1519.91,5787.00,317.39,2.500,0.00,50.0
3848.00,1518.21,5788.84,317.39,2.500,0.00,50.0
3849.00,1516.52,5790.68,317.39,2.500,0.00,50.0
3850.00,1514.83,5792.52,317.39,2.500,0.00,50.0
3851.00,1513.14,5794.36,317.39,2.500,0.00,50.0
3852.00,1511.44,5796.20,317.39,2.500,0.00,50.0
3853.00,1509.75,5798.04,317.39,2.500,0.00,50.0
3854.00,1508.06,5799.88,317.39,2.500,0.00,50.0
3855.00,1506.37,5801.72,317.39,2.500,0.00,50.0
3856.00,1504.68,5803.56,317.39,2.500,0.00,50.0
3857.00,1502.98,5805.40,317.39,2.500,0.00,50.0
3858.00,1501.29,5807.24,317.39,2.500,0.00,50.0
3859.00,1499.60,5809.08,317.39,2.500,0.00,50.0
3860.00,1497.91,5810.92,317.39,2.500,0.00,50.0
3861.00,1496.21,5812.76,317.39,2.500,0.00,50.0
3862.00,1494.52,5814.60,317.39,2.500,0.00,50.0
3863.00,1492.83,5816.44,317.39,2.500,0.00,50.0
3864.00,1491.14,5818.28,317.39,2.500,0.00,50.0
3865.00,1489.44,5820.12,317.39,2.500,0.00,50.0
3866.00,1487.75,5821.96,317.39,2.500,0.00,50.0
3867.00,1486.06,5823.80,317.39,2.500,0.00,50.0
3868.00,1484.37,5825.64,317.39,2.500,0.00,50.0
3869.00,1482.67,5827.48,317.39,2.500,0.00,50.0
3870.00,1480.98,5829.32,317.39,2.500,0.00,50.0
3871.00,1479.29,5831.16,317.39,2.500,0.00,50.0
3872.00,1477.60,5833.00,317.39,2.500,0.00,50.0
3873.00,1475.90,5834.84,317.39,2.500,0.00,50.0
3874.00,1474.21,5836.68,317.39,2.500,0.00,50.0
3875.00,1472.52,5838.52,317.39,2.500,0.00,50.0
3876.00,1470.83,5840.36,317.39,2.500,0.00,50.0
3877.00,1469.13,5842.20,317.39,2.500,0.00,50.0
3878.00,1467.44,5844.04,317.39,2.500,0.00,50.0
3879.00,1465.75,5845.88,317.39,2.500,0.00,50.0
3880.00,1464.06,5847.72,317.39,2.500,0.00,50.0
3881.00,1462.37,5849.56,317.39,2.500,0.00,50.0
3882.00,1460.67,5851.40,317.39,2.500,0.00,50.0
3883.00,1458.98,5853.24,317.39,2.500,0.00,50.0
3884.00,1457.29,5855.08,317.39,2.500,0.00,50.0
3885.00,1455.60,5856.92,317.39,2.500,0.00,50.0
3886.00,1453.90,5858.76,317.39,2.500,0.00,50.0
3887.00,1452.21,5860.60,317.39,2.500,0.00,50.0
3888.00,1450.52,5862.44,317.39,2.500,0.00,50.0
3889.00,1448.83,5864.28,317.39,2.500,0.00,50.0
3890.00,1447.13,5866.12,317.39,2.500,0.00,50.0
3891.00,1445.44,5867.96,317.39,2.500,0.00,50.0
3892.00,1443.75,5869.80,317.39,2.500,0.00,50.0
3893.00,1442.06,5871.64,317.39,2.500,0.00,50.0
3894.00,1440.36,5873.48,317.39,2.500,0.00,50.0
3895.00,1438.67,5875.32,317.39,2.500,0.00,50.0
3896.00,1436.98,5877.16,317.39,2.500,0.00,50.0
3897.00,1435.29,5879.00,317.39,2.500,0.00,50.0
3898.00,1433.59,5880.84,317.39,2.500,0.00,50.0
3899.00,1431.90,5882.68,317.39,2.500,0.00,50.0
3900.00,1430.21,5884.52,317.39,2.500,0.00,50.0
3901.00,1428.52,5886.36,317.39,2.500,0.00,50.0
3902.00,1426.83,5888.20,317.39,2.500,0.00,50.0
3903.00,1425.13,5890.04,317.39,2.500,0.00,50.0
3904.00,1423.44,5891.88,317.39,2.500,0.00,50.0
3905.00,1421.75,5893.72,317.39,2.500,0.00,50.0
3906.00,1420.06,5895.56,317.39,2.500,0.00,50.0
3907.00,1418.36,5897.40,317.39,2.500,0.00,50.0
3908.00,1416.67,5899.24,317.39,2.500,0.00,50.0
3909.00,1414.98,5901.08,317.39,2.500,0.00,50.0
3910.00,1413.29,5902.92,317.39,2.500,0.00,50.0
3911.00,1411.59,5904.76,317.39,2.500,0.00,50.0
3912.00,1409.90,5906.60,317.39,2.500,0.00,50.0
3913.00,1408.21,5908.44,317.39,2.500,0.00,50.0
3914.00,1406.52,5910.28,317.39,2.500,0.00,50.0
3915.00,1404.82,5912.12,317.39,2.500,0.00,50.0
3916.00,1403.13,5913.96,317.39,2.500,0.00,50.0
3917.00,1401.44,5915.80,317.39,2.500,0.00,50.0
3918.00,1399.75,5917.64,317.39,2.500,0.00,50.0
3919.00,1398.05,5919.48,317.39,2.500,0.00,50.0
3920.00,1396.36,5921.32,317.39,2.500,0.00,50.0
3921.00,1394.67,5923.16,317.39,2.500,0.00,50.0
3922.00,1392.98,5925.00,317.39,2.500,0.00,50.0
3923.00,1391.28,5926.84,317.39,2.500,0.00,50.0
3924.00,1389.59,5928.68,317.39,2.500,0.00,50.0
3925.00,1387.90,5930.52,317.39,2.500,0.00,50.0
3926.00,1386.21,5932.36,317.39,2.500,0.00,50.0
3927.00,1384.52,5934.20,317.39,2.500,0.00,50.0
3928.00,1382.82,5936.04,317.39,2.500,0.00,50.0
3929.00,1381.13,5937.88,317.39,2.500,0.00,50.0
3930.00,1379.44,5939.72,317.39,2.500,0.00,50.0
3931.00,1377.75,5941.56,317.39,2.500,0.00,50.0
3932.00,1376.05,5943.40,317.39,2.500,0.00,50.0
3933.00,1374.36,5945.24,317.39,2.500,0.00,50.0
3934.00,1372.67,5947.08,317.39,2.500,0.00,50.0
3935.00,1370.98,5948.92,317.39,2.500,0.00,50.0
3936.00,1369.28,5950.76,317.39,2.500,0.00,50.0
3937.00,1367.59,5952.60,317.39,2.500,0.00,50.0
3938.00,1365.90,5954.44,317.39,2.500,0.00,50.0
3939.00,1364.21,5956.28,317.39,2.500,0.00,50.0
3940.00,1362.51,5958.12,317.39,2.500,0.00,50.0
3941.00,1360.82,5959.96,317.39,2.500,0.00,50.0
3942.00,1359.13,5961.80,317.39,2.500,0.00,50.0
3943.00,1357.44,5963.64,317.39,2.500,0.00,50.0
3944.00,1355.74,5965.48,317.39,2.500,0.00,50.0
3945.00,1354.05,5967.32,317.39,2.500,0.00,50.0
3946.00,1352.36,5969.16,317.39,2.500,0.00,50.0
3947.00,1350.67,5971.00,317.39,2.500,0.00,50.0
3948.00,1348.97,5972.84,317.39,2.500,0.00,50.0
3949.00,1347.28,5974.68,317.39,2.500,0.00,50.0
3950.00,1345.59,5976.52,317.39,2.500,0.00,50.0
3951.00,1343.90,5978.36,317.39,2.500,0.00,50.0
3952.00,1342.21,5980.20,317.39,2.500,0.00,50.0
3953.00,1340.51,5982.04,317.39,2.500,0.00,50.0
3954.00,1338.82,5983.88,317.39,2.500,0.00,50.0
3955.00,1337.13,5985.72,317.39,2.500,0.00,50.0
3956.00,1335.44,5987.56,317.39,2.500,0.00,50.0
3957.00,1333.74,5989.40,317.39,2.500,0.00,50.0
3958.00,1332.05,5991.24,317.39,2.500,0.00,50.0
3959.00,1330.36,5993.08,317.39,2.500,0.00,50.0
3960.00,1328.67,5994.92,317.39,2.500,0.00,50.0
3961.00,1326.97,5996.76,317.39,2.500,0.00,50.0
3962.00,1325.28,5998.60,317.39,2.500,0.00,50.0
3963.00,1323.59,6000.44,317.39,2.500,0.00,50.0
3964.00,1321.90,6002.28,317.39,2.500,0.00,50.0
3965.00,1320.20,6004.12,317.39,2.500,0.00,50.0
3966.00,1318.51,6005.96,317.39,2.500,0.00,50.0
3967.00,1316.82,6007.80,317.39,2.500,0.00,50.0
3968.00,1315.13,6009.64,317.39,2.500,0.00,50.0
3969.00,1313.43,6011.48,317.39,2.500,0.00,50.0
3970.00,1311.74,6013.32,317.39,2.500,0.00,50.0
3971.00,1310.05,6015.16,317.39,2.500,0.00,50.0
3972.00,1308.36,6017.00,317.39,2.500,0.00,50.0
3973.00,1306.67,6018.84,317.39,2.500,0.00,50.0
3974.00,1304.97,6020.68,317.39,2.500,0.00,50.0
3975.00,1303.28,6022.52,317.39,2.500,0.00,50.0
3976.00,1301.59,6024.36,317.39,2.500,0.00,50.0
3977.00,1299.90,6026.20,317.39,2.500,0.00,50.0
3978.00,1298.20,6028.04,317.39,2.500,0.00,50.0
3979.00,1296.51,6029.88,317.39,2.500,0.00,50.0
3980.00,1294.82,6031.72,317.39,2.500,0.00,50.0
3981.00,1293.13,6033.56,317.39,2.500,0.00,50.0
3982.00,1291.43,6035.40,317.39,2.500,0.00,50.0
3983.00,1289.74,6037.24,317.39,2.500,0.00,50.0
3984.00,1288.05,6039.08,317.39,2.500,0.00,50.0
3985.00,1286.36,6040.92,317.39,2.500,0.00,50.0
3986.00,1284.66,6042.76,317.39,2.500,0.00,50.0
3987.00,1282.97,6044.60,317.39,2.500,0.00,50.0
3988.00,1281.28,6046.44,317.39,2.500,0.00,50.0
3989.00,1279.59,6048.28,317.39,2.500,0.00,50.0
3990.00,1277.89,6050.12,317.39,2.500,0.00,50.0
3991.00,1276.20,6051.96,317.39,2.500,0.00,50.0
3992.00,1274.51,6053.80,317.39,2.500,0.00,50.0
3993.00,1272.82,6055.64,317.39,2.500,0.00,50.0
3994.00,1271.12,6057.48,317.39,2.500,0.00,50.0
3995.00,1269.43,6059.32,317.39,2.500,0.00,50.0
3996.00,1267.74,6061.16,317.39,2.500,0.00,50.0
3997.00,1266.05,6063.00,317.39,2.500,0.00,50.0
3998.00,1264.36,6064.84,317.39,2.500,0.00,50.0
3999.00,1262.66,6066.68,317.39,2.500,0.00,50.0
4000.00,1260.97,6068.52,317.39,2.500,0.00,50.0
4001.00,1259.28,6070.36,317.39,2.500,0.00,50.0
4002.00,1257.59,6072.20,317.39,2.500,0.00,50.0
4003.00,1255.89,6074.04,317.39,2.500,0.00,50.0
4004.00,1254.20,6075.88,317.39,2.500,0.00,50.0
4005.00,1252.51,6077.72,317.39,2.500,0.00,50.0
4006.00,1250.82,6079.56,317.39,2.500,0.00,50.0
4007.00,1249.12,6081.40,317.39,2.500,0.00,50.0
4008.00,1247.43,6083.24,317.39,2.500,0.00,50.0
4009.00,1245.74,6085.08,317.39,2.500,0.00,50.0
4010.00,1244.05,6086.92,317.39,2.500,0.00,50.0
4011.00,1242.35,6088.76,317.39,2.500,0.00,50.0
4012.00,1240.66,6090.60,317.39,2.500,0.00,50.0
4013.00,1238.97,6092.45,317.39,2.500,0.00,50.0
4014.00,1237.28,6094.29,317.39,2.500,0.00,50.0
4015.00,1235.58,6096.13,317.39,2.500,0.00,50.0
4016.00,1233.89,6097.97,317.39,2.500,0.00,50.0
4017.00,1232.20,6099.81,317.39,2.500,0.00,50.0
4018.00,1230.51,6101.65,317.39,2.500,0.00,50.0
4019.00,1228.81,6103.49,317.39,2.500,0.00,50.0
4020.00,1227.12,6105.33,317.39,2.500,0.00,50.0
4021.00,1225.43,6107.17,317.39,2.500,0.00,50.0
4022.00,1223.74,6109.01,317.39,2.500,0.00,50.0
4023.00,1222.05,6110.85,317.39,2.500,0.00,50.0
4024.00,1220.35,6112.69,317.39,2.500,0.00,50.0
4025.00,1218.66,6114.53,317.39,2.500,0.00,50.0
4026.00,1216.97,6116.37,317.39,2.500,0.00,50.0
4027.00,1215.28,6118.21,317.39,2.500,0.00,50.0
4028.00,1213.58,6120.05,317.39,2.500,0.00,50.0
4029.00,1211.89,6121.89,317.39,2.500,0.00,50.0
4030.00,1210.20,6123.73,317.39,2.500,0.00,50.0
4031.00,1208.51,6125.57,317.39,2.500,0.00,50.0
4032.00,1206.81,6127.41,317.39,2.500,0.00,50.0
4033.00,1205.12,6129.25,317.39,2.500,0.00,50.0
4034.00,1203.43,6131.09,317.39,2.500,0.00,50.0
4035.00,1201.74,6132.93,317.39,2.500,0.00,50.0
4036.00,1200.04,6134.77,317.39,2.500,0.00,50.0
4037.00,1198.35,6136.61,317.39,2.500,0.00,50.0
4038.00,1196.66,6138.45,317.39,2.500,0.00,50.0
4039.00,1194.97,6140.29,317.39,2.500,0.00,50.0
4040.00,1193.27,6142.13,317.39,2.500,0.00,50.0
4041.00,1191.58,6143.97,317.39,2.500,0.00,50.0
4042.00,1189.89,6145.81,317.39,2.500,0.00,50.0
4043.00,1188.20,6147.65,317.39,2.500,0.00,50.0
4044.00,1186.51,6149.49,317.39,2.500,0.00,50.0
4045.00,1184.81,6151.33,317.39,2.500,0.00,50.0
4046.00,1183.12,6153.17,317.39,2.500,0.00,50.0
4047.00,1181.43,6155.01,317.39,2.500,0.00,50.0
4048.00,1179.74,6156.85,317.39,2.500,0.00,50.0
4049.00,1178.04,6158.69,317.39,2.500,0.00,50.0
4050.00,1176.35,6160.53,317.39,2.500,0.00,50.0
4051.00,1174.66,6162.37,317.39,2.500,0.00,50.0
4052.00,1172.97,6164.21,317.39,2.500,0.00,50.0
4053.00,1171.27,6166.05,317.39,2.500,0.00,50.0
4054.00,1169.58,6167.89,317.39,2.500,0.00,50.0
4055.00,1167.89,6169.73,317.39,2.500,0.00,50.0
4056.00,1166.20,6171.57,317.39,2.500,0.00,50.0
4057.00,1164.50,6173.41,317.39,2.500,0.00,50.0
4058.00,1162.81,6175.25,317.39,2.500,0.00,50.0
4059.00,1161.12,6177.09,317.39,2.500,0.00,50.0
4060.00,1159.43,6178.93,317.39,2.500,0.00,50.0
4061.00,1157.73,6180.77,317.39,2.500,0.00,50.0
4062.00,1156.04,6182.61,317.39,2.500,0.00,50.0
4063.00,1154.35,6184.45,317.39,2.500,0.00,50.0
4064.00,1152.66,6186.29,317.39,2.500,0.00,50.0
4065.00,1150.96,6188.13,317.39,2.500,0.00,50.0
4066.00,1149.27,6189.97,317.39,2.500,0.00,50.0
4067.00,1147.58,6191.81,317.39,2.500,0.00,50.0
4068.00,1145.89,6193.65,317.39,2.500,0.00,50.0
4069.00,1144.20,6195.49,317.39,2.500,0.00,50.0
4070.00,1142.50,6197.33,317.39,2.500,0.00,50.0
4071.00,1140.81,6199.17,317.39,2.500,0.00,50.0
4072.00,1139.12,6201.01,317.39,2.500,0.00,50.0
4073.00,1137.43,6202.85,317.39,2.500,0.00,50.0
4074.00,1135.73,6204.69,317.39,2.500,0.00,50.0
4075.00,1134.04,6206.53,317.39,2.500,0.00,50.0
4076.00,1132.35,6208.37,317.39,2.500,0.00,50.0
4077.00,1130.66,6210.21,317.39,2.500,0.00,50.0
4078.00,1128.96,6212.05,317.39,2.500,0.00,50.0
4079.00,1127.27,6213.89,317.39,2.500,0.00,50.0
4080.00,1125.58,6215.73,317.39,2.500,0.00,50.0
4081.00,1123.89,6217.57,317.39,2.500,0.00,50.0
4082.00,1122.19,6219.41,317.39,2.500,0.00,50.0
4083.00,1120.50,6221.25,317.39,2.500,0.00,50.0
4084.00,1118.81,6223.09,317.39,2.500,0.00,50.0
4085.00,1117.12,6224.93,317.39,2.500,0.00,50.0
4086.00,1115.42,6226.77,317.39,2.500,0.00,50.0
4087.00,1113.73,6228.61,317.39,2.500,0.00,50.0
4088.00,1112.04,6230.45,317.39,2.500,0.00,50.0
4089.00,1110.35,6232.29,317.39,2.500,0.00,50.0
4090.00,1108.65,6234.13,317.39,2.500,0.00,50.0
4091.00,1106.96,6235.97,317.39,2.500,0.00,50.0
4092.00,1105.27,6237.81,317.39,2.500,0.00,50.0
4093.00,1103.58,6239.65,317.39,2.500,0.00,50.0
4094.00,1101.89,6241.49,317.39,2.500,0.00,50.0
4095.00,1100.19,6243.33,317.39,2.500,0.00,50.0
4096.00,1098.50,6245.17,317.39,2.500,0.00,50.0
4097.00,1096.81,6247.01,317.39,2.500,0.00,50.0
4098.00,1095.12,6248.85,317.39,2.500,0.00,50.0
4099.00,1093.42,6250.69,317.39,2.500,0.00,50.0
4100.00,1091.73,6252.53,317.39,2.500,0.00,50.0
4101.00,1090.04,6254.37,317.39,2.500,0.00,50.0
4102.00,1088.35,6256.21,317.39,2.500,0.00,50.0
4103.00,1086.65,6258.05,317.39,2.500,0.00,50.0
4104.00,1084.96,6259.89,317.39,2.500,0.00,50.0
4105.00,1083.27,6261.73,317.39,2.500,0.00,50.0
4106.00,1081.58,6263.57,317.39,2.500,0.00,50.0
4107.00,1079.88,6265.41,317.39,2.500,0.00,50.0
4108.00,1078.19,6267.25,317.39,2.500,0.00,50.0
4109.00,1076.50,6269.09,317.39,2.500,0.00,50.0
4110.00,1074.81,6270.93,317.39,2.500,0.00,50.0
4111.00,1073.11,6272.77,317.39,2.500,0.00,50.0
4112.00,1071.42,6274.61,317.39,2.500,0.00,50.0
4113.00,1069.73,6276.45,317.39,2.500,0.00,50.0
4114.00,1068.04,6278.29,317.39,2.500,0.00,50.0
4115.00,1066.35,6280.13,317.39,2.500,0.00,50.0
4116.00,1064.65,6281.97,317.39,2.500,0.00,50.0
4117.00,1062.96,6283.81,317.39,2.500,0.00,50.0
4118.00,1061.27,6285.65,317.39,2.500,0.00,50.0
4119.00,1059.58,6287.49,317.39,2.500,0.00,50.0
4120.00,1057.88,6289.33,317.39,2.500,0.00,50.0
4121.00,1056.19,6291.17,317.39,2.500,0.00,50.0
4122.00,1054.50,6293.01,317.39,2.500,0.00,50.0
4123.00,1052.81,6294.85,317.39,2.500,0.00,50.0
4124.00,1051.11,6296.69,317.39,2.500,0.00,50.0
4125.00,1049.42,6298.53,317.39,2.500,0.00,50.0
4126.00,1047.73,6300.37,317.39,2.500,0.00,50.0
4127.00,1046.04,6302.21,317.39,2.500,0.00,50.0
4128.00,1044.34,6304.05,317.39,2.500,0.00,50.0
4129.00,1042.65,6305.89,317.39,2.500,0.00,50.0
4130.00,1040.96,6307.73,317.39,2.500,0.00,50.0
4131.00,1039.27,6309.57,317.39,2.500,0.00,50.0
4132.00,1037.57,6311.41,317.39,2.500,0.00,50.0
4133.00,1035.88,6313.25,317.39,2.500,0.00,50.0
4134.00,1034.19,6315.09,317.39,2.500,0.00,50.0
4135.00,1032.50,6316.93,317.39,2.500,0.00,50.0
4136.00,1030.80,6318.77,317.39,2.500,0.00,50.0
4137.00,1029.11,6320.61,317.39,2.500,0.00,50.0
4138.00,1027.42,6322.45,317.39,2.500,0.00,50.0
4139.00,1025.73,6324.29,317.39,2.500,0.00,50.0
4140.00,1024.04,6326.13,317.39,2.500,0.00,50.0
4141.00,1022.34,6327.97,317.39,2.500,0.00,50.0
4142.00,1020.65,6329.81,317.39,2.500,0.00,50.0
4143.00,1018.96,6331.65,317.39,2.500,0.00,50.0
4144.00,1017.27,6333.49,317.39,2.500,0.00,50.0
4145.00,1015.57,6335.33,317.39,2.500,0.00,50.0
4146.00,1013.88,6337.17,317.39,2.500,0.00,50.0
4147.00,1012.19,6339.01,317.39,2.500,0.00,50.0
4148.00,1010.50,6340.85,317.39,2.500,0.00,50.0
4149.00,1008.80,6342.69,317.39,2.500,0.00,50.0
4150.00,1007.11,6344.53,317.39,2.500,0.00,50.0
4151.00,1005.42,6346.37,317.39,2.500,0.00,50.0
4152.00,1003.73,6348.21,317.39,2.500,0.00,50.0
4153.00,1002.03,6350.05,317.39,2.500,0.00,50.0
4154.00,1000.34,6351.89,317.39,2.500,0.00,50.0
4155.00,998.65,6353.73,317.39,2.500,0.00,50.0
4156.00,996.96,6355.57,317.39,2.500,0.00,50.0
4157.00,995.26,6357.41,317.39,2.500,0.00,50.0
4158.00,993.57,6359.25,317.39,2.500,0.00,50.0
4159.00,991.88,6361.09,317.39,2.500,0.00,50.0
4160.00,990.19,6362.93,317.39,2.500,0.00,50.0
4161.00,988.50,6364.77,317.39,2.500,0.00,50.0
4162.00,986.80,6366.61,317.39,2.500,0.00,50.0
4163.00,985.11,6368.45,317.39,2.500,0.00,50.0
4164.00,983.42,6370.29,317.39,2.500,0.00,50.0
4165.00,981.73,6372.13,317.39,2.500,0.00,50.0
4166.00,980.03,6373.97,317.39,2.500,0.00,50.0
4167.00,978.34,6375.81,317.39,2.500,0.00,50.0
4168.00,976.65,6377.65,317.39,2.500,0.00,50.0
4169.00,974.96,6379.49,317.39,2.500,0.00,50.0
4170.00,973.26,6381.33,317.39,2.500,0.00,50.0
4171.00,971.57,6383.17,317.39,2.500,0.00,50.0
4172.00,969.88,6385.01,317.39,2.500,0.00,50.0
4173.00,968.19,6386.85,317.39,2.500,0.00,50.0
4174.00,966.49,6388.69,317.39,2.500,0.00,50.0
4175.00,964.80,6390.53,317.39,2.500,0.00,50.0
4176.00,963.11,6392.37,317.39,2.500,0.00,50.0
4177.00,961.42,6394.21,317.39,2.500,0.00,50.0
4178.00,959.72,6396.05,317.39,2.500,0.00,50.0
4179.00,958.03,6397.89,317.39,2.500,0.00,50.0
4180.00,956.34,6399.73,317.39,2.500,0.00,50.0
4181.00,954.65,6401.57,317.39,2.500,0.00,50.0
4182.00,952.95,6403.41,317.39,2.500,0.00,50.0
4183.00,951.26,6405.25,317.39,2.500,0.00,50.0
4184.00,949.57,6407.09,317.39,2.500,0.00,50.0
4185.00,947.88,6408.93,317.39,2.500,0.00,50.0
4186.00,946.19,6410.77,317.39,2.500,0.00,50.0
4187.00,944.49,6412.61,317.39,2.500,0.00,50.0
4188.00,942.80,6414.45,317.39,2.500,0.00,50.0
4189.00,941.11,6416.29,317.39,2.500,0.00,50.0
4190.00,939.42,6418.13,317.39,2.500,0.00,50.0
4191.00,937.72,6419.97,317.39,2.500,0.00,50.0
4192.00,936.03,6421.81,317.39,2.500,0.00,50.0
4193.00,934.34,6423.65,317.39,2.500,0.00,50.0
4194.00,932.65,6425.49,317.39,2.500,0.00,50.0
4195.00,930.95,6427.34,317.39,2.500,0.00,50.0
4196.00,929.26,6429.18,317.39,2.500,0.00,50.0
4197.00,927.57,6431.02,317.39,2.500,0.00,50.0
4198.00,925.88,6432.86,317.39,2.500,0.00,50.0
4199.00,924.18,6434.70,317.39,2.500,0.00,50.0
4200.00,922.49,6436.54,317.39,2.500,0.00,50.0
4201.00,920.80,6438.38,317.39,2.500,0.00,50.0
4202.00,919.11,6440.22,317.39,2.500,0.00,50.0
4203.00,917.41,6442.06,317.39,2.500,0.00,50.0
4204.00,915.72,6443.90,317.39,2.500,0.00,50.0
4205.00,914.03,6445.74,317.39,2.500,0.00,50.0
4206.00,912.34,6447.58,317.39,2.500,0.00,50.0
4207.00,910.64,6449.42,317.39,2.500,0.00,50.0
4208.00,908.95,6451.26,317.39,2.500,0.00,50.0
4209.00,907.26,6453.10,317.39,2.500,0.00,50.0
4210.00,905.57,6454.94,317.39,2.500,0.00,50.0
4211.00,903.88,6456.78,317.39,2.500,0.00,50.0
4212.00,902.18,6458.62,317.39,2.500,0.00,50.0
4213.00,900.49,6460.46,317.39,2.500,0.00,50.0
4214.00,898.80,6462.30,317.39,2.500,0.00,50.0
4215.00,897.11,6464.14,317.39,2.500,0.00,50.0
4216.00,895.41,6465.98,317.39,2.500,0.00,50.0
4217.00,893.72,6467.82,317.39,2.500,0.00,50.0
4218.00,892.03,6469.66,317.39,2.500,0.00,50.0
4219.00,890.34,6471.50,317.39,2.500,0.00,50.0
4220.00,888.64,6473.34,317.39,2.500,0.00,50.0
4221.00,886.95,6475.18,317.39,2.500,0.00,50.0
4222.00,885.26,6477.02,317.39,2.500,0.00,50.0
4223.00,883.57,6478.86,317.39,2.500,0.00,50.0
4224.00,881.87,6480.70,317.39,2.500,0.00,50.0
4225.00,880.18,6482.54,317.39,2.500,0.00,50.0
4226.00,878.49,6484.38,317.39,2.500,0.00,50.0
4227.00,876.80,6486.22,317.39,2.500,0.00,50.0
4228.00,875.10,6488.06,317.39,2.500,0.00,50.0
4229.00,873.41,6489.90,317.39,2.500,0.00,50.0
4230.00,871.72,6491.74,317.39,2.500,0.00,50.0
4231.00,870.03,6493.58,317.39,2.500,0.00,50.0
4232.00,868.34,6495.42,317.39,2.500,0.00,50.0
4233.00,866.64,6497.26,317.39,2.500,0.00,50.0
4234.00,864.95,6499.10,317.39,2.500,0.00,50.0
4235.00,863.26,6500.94,317.39,2.500,0.00,50.0
4236.00,861.57,6502.78,317.39,2.500,0.00,50.0
4237.00,859.87,6504.62,317.39,2.500,0.00,50.0
4238.00,858.18,6506.46,317.39,2.500,0.00,50.0
4239.00,856.49,6508.30,317.39,2.500,0.00,50.0
4240.00,854.80,6510.14,317.39,2.500,0.00,50.0
4241.00,853.10,6511.98,317.39,2.500,0.00,50.0
4242.00,851.41,6513.82,317.39,2.500,0.00,50.0
4243.00,849.72,6515.66,317.39,2.500,0.00,50.0
4244.00,848.03,6517.50,317.39,2.500,0.00,50.0
4245.00,846.33,6519.34,317.39,2.500,0.00,50.0
4246.00,844.64,6521.18,317.39,2.500,0.00,50.0
4247.00,842.95,6523.02,317.39,2.500,0.00,50.0
4248.00,841.26,6524.86,317.39,2.500,0.00,50.0
4249.00,839.56,6526.70,317.39,2.500,0.00,50.0
4250.00,837.87,6528.54,317.39,2.500,0.00,50.0
4251.00,836.18,6530.38,317.39,2.500,0.00,50.0
4252.00,834.49,6532.22,317.39,2.500,0.00,50.0
4253.00,832.79,6534.06,317.39,2.500,0.00,50.0
4254.00,831.10,6535.90,317.39,2.500,0.00,50.0
4255.00,829.41,6537.74,317.39,2.500,0.00,50.0
4256.00,827.72,6539.58,317.39,2.500,0.00,50.0
4257.00,826.03,6541.42,317.39,2.500,0.00,50.0
4258.00,824.33,6543.26,317.39,2.500,0.00,50.0
4259.00,822.64,6545.10,317.39,2.500,0.00,50.0
4260.00,820.95,6546.94,317.39,2.500,0.00,50.0
4261.00,819.26,6548.78,317.39,2.500,0.00,50.0
4262.00,817.56,6550.62,317.39,2.500,0.00,50.0
4263.00,815.87,6552.46,317.39,2.500,0.00,50.0
4264.00,814.18,6554.30,317.39,2.500,0.00,50.0
4265.00,812.49,6556.14,317.39,2.500,0.00,50.0
4266.00,810.79,6557.98,317.39,2.500,0.00,50.0
4267.00,809.10,6559.82,317.39,2.500,0.00,50.0
4268.00,807.41,6561.66,317.39,2.500,0.00,50.0
4269.00,805.72,6563.50,317.39,2.500,0.00,50.0
4270.00,804.02,6565.34,317.39,2.500,0.00,50.0
4271.00,802.33,6567.18,317.39,2.500,0.00,50.0
4272.00,800.64,6569.02,317.39,2.500,0.00,50.0
4273.00,798.95,6570.86,317.39,2.500,0.00,50.0
4274.00,797.25,6572.70,317.39,2.500,0.00,50.0
4275.00,795.56,6574.54,317.39,2.500,0.00,50.0
4276.00,793.87,6576.38,317.39,2.500,0.00,50.0
4277.00,792.18,6578.22,317.39,2.500,0.00,50.0
4278.00,790.48,6580.06,317.39,2.500,0.00,50.0
4279.00,788.79,6581.90,317.39,2.500,0.00,50.0
4280.00,787.10,6583.74,317.39,2.500,0.00,50.0
4281.00,785.41,6585.58,317.39,2.500,0.00,50.0
4282.00,783.72,6587.42,317.39,2.500,0.00,50.0
4283.00,782.02,6589.26,317.39,2.500,0.00,50.0
4284.00,780.33,6591.10,317.39,2.500,0.00,50.0
4285.00,778.64,6592.94,317.39,2.500,0.00,50.0
4286.00,776.95,6594.78,317.39,2.500,0.00,50.0
4287.00,775.25,6596.62,317.39,2.500,0.00,50.0
4288.00,773.56,6598.46,317.39,2.500,0.00,50.0
4289.00,771.87,6600.30,317.39,2.500,0.00,50.0
4290.00,770.18,6602.14,317.39,2.500,0.00,50.0
4291.00,768.48,6603.98,317.39,2.500,0.00,50.0
4292.00,766.79,6605.82,317.39,2.500,0.00,50.0
4293.00,765.10,6607.66,317.39,2.500,0.00,50.0
4294.00,763.41,6609.50,317.39,2.500,0.00,50.0
4295.00,761.71,6611.34,317.39,2.500,0.00,50.0
4296.00,760.02,6613.18,317.39,2.500,0.00,50.0
4297.00,758.33,6615.02,317.39,2.500,0.00,50.0
4298.00,756.64,6616.86,317.39,2.500,0.00,50.0
4299.00,754.94,6618.70,317.39,2.500,0.00,50.0
4300.00,753.25,6620.54,317.39,2.500,0.00,50.0
4301.00,751.56,6622.38,317.39,2.500,0.00,50.0
4302.00,749.87,6624.22,317.39,2.500,0.00,50.0
4303.00,748.18,6626.06,317.39,2.500,0.00,50.0
4304.00,746.48,6627.90,317.39,2.500,0.00,50.0
4305.00,744.79,6629.74,317.39,2.500,0.00,50.0
4306.00,743.10,6631.58,317.39,2.500,0.00,50.0
4307.00,741.41,6633.42,317.39,2.500,0.00,50.0
4308.00,739.71,6635.26,317.39,2.500,0.00,50.0
4309.00,738.02,6637.10,317.39,2.500,0.00,50.0
4310.00,736.33,6638.94,317.39,2.500,0.00,50.0
4311.00,734.64,6640.78,317.39,2.500,0.00,50.0
4312.00,732.94,6642.62,317.39,2.500,0.00,50.0
4313.00,731.25,6644.46,317.39,2.500,0.00,50.0
4314.00,729.56,6646.30,317.39,2.500,0.00,50.0
4315.00,727.87,6648.14,317.39,2.500,0.00,50.0
4316.00,726.17,6649.98,317.39,2.500,0.00,50.0
4317.00,724.48,6651.82,317.39,2.500,0.00,50.0
4318.00,722.79,6653.66,317.39,2.500,0.00,50.0
4319.00,721.10,6655.50,317.39,2.500,0.00,50.0
4320.00,719.40,6657.34,317.39,2.500,0.00,50.0
4321.00,717.71,6659.18,317.39,2.500,0.00,50.0
4322.00,716.02,6661.02,317.39,2.500,0.00,50.0
4323.00,714.33,6662.86,317.39,2.500,0.00,50.0
4324.00,712.63,6664.70,317.39,2.500,0.00,50.0
4325.00,710.94,6666.54,317.39,2.500,0.00,50.0
4326.00,709.25,6668.38,317.39,2.500,0.00,50.0
4327.00,707.56,6670.22,317.39,2.500,0.00,50.0
4328.00,705.87,6672.06,317.39,2.500,0.00,50.0
4329.00,704.17,6673.90,317.39,2.500,0.00,50.0
4330.00,702.48,6675.74,317.39,2.500,0.00,50.0
4331.00,700.79,6677.58,317.39,2.500,0.00,50.0
4332.00,699.10,6679.42,317.39,2.500,0.00,50.0
4333.00,697.40,6681.26,317.39,2.500,0.00,50.0
4334.00,695.71,6683.10,317.39,2.500,0.00,50.0
4335.00,694.02,6684.94,317.39,2.500,0.00,50.0
4336.00,692.33,6686.78,317.39,2.500,0.00,50.0
4337.00,690.63,6688.62,317.39,2.500,0.00,50.0
4338.00,688.94,6690.46,317.39,2.500,0.00,50.0
4339.00,687.25,6692.30,317.39,2.500,0.00,50.0
4340.00,685.56,6694.14,317.39,2.500,0.00,50.0
4341.00,683.86,6695.98,317.39,2.500,0.00,50.0
4342.00,682.17,6697.82,317.39,2.500,0.00,50.0
4343.00,680.48,6699.66,317.39,2.500,0.00,50.0
4344.00,678.79,6701.50,317.39,2.500,0.00,50.0
4345.00,677.09,6703.34,317.39,2.500,0.00,50.0
4346.00,675.40,6705.18,317.39,2.500,0.00,50.0
4347.00,673.71,6707.02,317.39,2.500,0.00,50.0
4348.00,672.02,6708.86,317.39,2.500,0.00,50.0
4349.00,670.32,6710.70,317.39,2.500,0.00,50.0
4350.00,668.63,6712.54,317.39,2.500,0.00,50.0
4351.00,666.94,6714.38,317.39,2.500,0.00,50.0
4352.00,665.25,6716.22,317.39,2.500,0.00,50.0
4353.00,663.56,6718.06,317.39,2.500,0.00,50.0
4354.00,661.86,6719.90,317.39,2.500,0.00,50.0
4355.00,660.17,6721.74,317.39,2.500,0.00,50.0
4356.00,658.48,6723.58,317.39,2.500,0.00,50.0
4357.00,656.79,6725.42,317.39,2.500,0.00,50.0
4358.00,655.09,6727.26,317.39,2.500,0.00,50.0
4359.00,653.40,6729.10,317.39,2.500,0.00,50.0
4360.00,651.71,6730.94,317.39,2.500,0.00,50.0
4361.00,650.02,6732.78,317.39,2.500,0.00,50.0
4362.00,648.32,6734.62,317.39,2.500,0.00,50.0
4363.00,646.63,6736.46,317.39,2.500,0.00,50.0
4364.00,644.94,6738.30,317.39,2.500,0.00,50.0
4365.00,643.25,6740.14,317.39,2.500,0.00,50.0
4366.00,641.55,6741.98,317.39,2.500,0.00,50.0
4367.00,639.86,6743.82,317.39,2.500,0.00,50.0
4368.00,638.17,6745.66,317.39,2.500,0.00,50.0
4369.00,636.48,6747.50,317.39,2.500,0.00,50.0
4370.00,634.78,6749.34,317.39,2.500,0.00,50.0
4371.00,633.09,6751.18,317.39,2.500,0.00,50.0
4372.00,631.40,6753.02,317.39,2.500,0.00,50.0
4373.00,629.71,6754.86,317.39,2.500,0.00,50.0
4374.00,628.02,6756.70,317.39,2.500,0.00,50.0
4375.00,626.32,6758.54,317.39,2.500,0.00,50.0
4376.00,624.63,6760.38,317.39,2.500,0.00,50.0
4377.00,622.94,6762.23,317.39,2.500,0.00,50.0
4378.00,621.25,6764.07,317.39,2.500,0.00,50.0
4379.00,619.55,6765.91,317.39,2.500,0.00,50.0
4380.00,617.86,6767.75,317.39,2.500,0.00,50.0
4381.00,616.17,6769.59,317.39,2.500,0.00,50.0
4382.00,614.48,6771.43,317.39,2.500,0.00,50.0
4383.00,612.78,6773.27,317.39,2.500,0.00,50.0
4384.00,611.09,6775.11,317.39,2.500,0.00,50.0
4385.00,609.40,6776.95,317.39,2.500,0.00,50.0
4386.00,607.71,6778.79,317.39,2.500,0.00,50.0
4387.00,606.01,6780.63,317.39,2.500,0.00,50.0
4388.00,604.32,6782.47,317.39,2.500,0.00,50.0
4389.00,602.63,6784.31,317.39,2.500,0.00,50.0
4390.00,600.94,6786.15,317.39,2.500,0.00,50.0
4391.00,599.24,6787.99,317.39,2.500,0.00,50.0
4392.00,597.55,6789.83,317.39,2.500,0.00,50.0
4393.00,595.86,6791.67,317.39,2.500,0.00,50.0
4394.00,594.17,6793.51,317.39,2.500,0.00,50.0
4395.00,592.47,6795.35,317.39,2.500,0.00,50.0
4396.00,590.78,6797.19,317.39,2.500,0.00,50.0
4397.00,589.09,6799.03,317.39,2.500,0.00,50.0
4398.00,587.40,6800.87,317.39,2.500,0.00,50.0
4399.00,585.71,6802.71,317.39,2.500,0.00,50.0
4400.00,584.01,6804.55,317.39,2.500,0.00,50.0
4401.00,582.32,6806.39,317.39,2.500,0.00,50.0
4402.00,580.63,6808.23,317.39,2.500,0.00,50.0
4403.00,578.94,6810.07,317.39,2.500,0.00,50.0
4404.00,577.24,6811.91,317.39,2.500,0.00,50.0
4405.00,575.55,6813.75,317.39,2.500,0.00,50.0
4406.00,573.86,6815.59,317.39,2.500,0.00,50.0
4407.00,572.17,6817.43,317.39,2.500,0.00,50.0
4408.00,570.47,6819.27,317.39,2.500,0.00,50.0
4409.00,568.78,6821.11,317.39,2.500,0.00,50.0
4410.00,567.09,6822.95,317.39,2.500,0.00,50.0
4411.00,565.40,6824.79,317.39,2.500,0.00,50.0
4412.00,563.70,6826.63,317.39,2.500,0.00,50.0
4413.00,562.01,6828.47,317.39,2.500,0.00,50.0
4414.00,560.32,6830.31,317.39,2.500,0.00,50.0
4415.00,558.63,6832.15,317.39,2.500,0.00,50.0
4416.00,556.93,6833.99,317.39,2.500,0.00,50.0
4417.00,555.24,6835.83,317.39,2.500,0.00,50.0
4418.00,553.55,6837.67,317.39,2.500,0.00,50.0
4419.00,551.86,6839.51,317.39,2.500,0.00,50.0
4420.00,550.16,6841.35,317.39,2.500,0.00,50.0
4421.00,548.47,6843.19,317.39,2.500,0.00,50.0
4422.00,546.78,6845.03,317.39,2.500,0.00,50.0
4423.00,545.09,6846.87,317.39,2.500,0.00,50.0
4424.00,543.40,6848.71,317.39,2.500,0.00,50.0
4425.00,541.70,6850.55,317.39,2.500,0.00,50.0
4426.00,540.01,6852.39,317.39,2.500,0.00,50.0
4427.00,538.32,6854.23,317.39,2.500,0.00,50.0
4428.00,536.63,6856.07,317.39,2.500,0.00,50.0
4429.00,534.93,6857.91,317.39,2.500,0.00,50.0
4430.00,533.24,6859.75,317.39,2.500,0.00,50.0
4431.00,531.55,6861.59,317.39,2.500,0.00,50.0
4432.00,529.86,6863.43,317.39,2.500,0.00,50.0
4433.00,528.16,6865.27,317.39,2.500,0.00,50.0
4434.00,526.47,6867.11,317.39,2.500,0.00,50.0
4435.00,524.78,6868.95,317.39,2.500,0.00,50.0
4436.00,523.09,6870.79,317.39,2.500,0.00,50.0
4437.00,521.39,6872.63,317.39,2.500,0.00,50.0
4438.00,519.70,6874.47,317.39,2.500,0.00,50.0
4439.00,518.01,6876.31,317.39,2.500,0.00,50.0
4440.00,516.32,6878.15,317.39,2.500,0.00,50.0
4441.00,514.62,6879.99,317.39,2.500,0.00,50.0
4442.00,512.93,6881.83,317.39,2.500,0.00,50.0
4443.00,511.24,6883.67,317.39,2.500,0.00,50.0
4444.00,509.55,6885.51,317.39,2.500,0.00,50.0
4445.00,507.86,6887.35,317.39,2.500,0.00,50.0
4446.00,506.16,6889.19,317.39,2.500,0.00,50.0
4447.00,504.47,6891.03,317.39,2.500,0.00,50.0
4448.00,502.78,6892.87,317.39,2.500,0.00,50.0
4449.00,501.09,6894.71,317.39,2.500,0.00,50.0
4450.00,499.39,6896.55,317.39,2.500,0.00,50.0
4451.00,497.70,6898.39,317.39,2.500,0.00,50.0
4452.00,496.01,6900.23,317.39,2.500,0.00,50.0
4453.00,494.32,6902.07,317.39,2.500,0.00,50.0
4454.00,492.62,6903.91,317.39,2.500,0.00,50.0
4455.00,490.93,6905.75,317.39,2.500,0.00,50.0
4456.00,489.24,6907.59,317.39,2.500,0.00,50.0
4457.00,487.55,6909.43,317.39,2.500,0.00,50.0
4458.00,485.85,6911.27,317.39,2.500,0.00,50.0
4459.00,484.16,6913.11,317.39,2.500,0.00,50.0
4460.00,482.47,6914.95,317.39,2.500,0.00,50.0
4461.00,480.78,6916.79,317.39,2.500,0.00,50.0
4462.00,479.08,6918.63,317.39,2.500,0.00,50.0
4463.00,477.39,6920.47,317.39,2.500,0.00,50.0
4464.00,475.70,6922.31,317.39,2.500,0.00,50.0
4465.00,474.01,6924.15,317.39,2.500,0.00,50.0
4466.00,472.31,6925.99,317.39,2.500,0.00,50.0
4467.00,470.62,6927.83,317.39,2.500,0.00,50.0
4468.00,468.93,6929.67,317.39,2.500,0.00,50.0
4469.00,467.24,6931.51,317.39,2.500,0.00,50.0
4470.00,465.55,6933.35,317.39,2.500,0.00,50.0
4471.00,463.85,6935.19,317.39,2.500,0.00,50.0
4472.00,462.16,6937.03,317.39,2.500,0.00,50.0
4473.00,460.47,6938.87,317.39,2.500,0.00,50.0
4474.00,458.78,6940.71,317.39,2.500,0.00,50.0
4475.00,457.08,6942.55,317.39,2.500,0.00,50.0
4476.00,455.39,6944.39,317.39,2.500,0.00,50.0
4477.00,453.70,6946.23,317.39,2.500,0.00,50.0
4478.00,452.01,6948.07,317.39,2.500,0.00,50.0
4479.00,450.31,6949.91,317.39,2.500,0.00,50.0
4480.00,448.62,6951.75,317.39,2.500,0.00,50.0
4481.00,446.93,6953.59,317.39,2.500,0.00,50.0
4482.00,445.24,6955.43,317.39,2.500,0.00,50.0
4483.00,443.54,6957.27,317.39,2.500,0.00,50.0
4484.00,441.85,6959.11,317.39,2.500,0.00,50.0
4485.00,440.16,6960.95,317.39,2.500,0.00,50.0
4486.00,438.47,6962.79,317.39,2.500,0.00,50.0
4487.00,436.77,6964.63,317.39,2.500,0.00,50.0
4488.00,435.08,6966.47,317.39,2.500,0.00,50.0
4489.00,433.39,6968.31,317.39,2.500,0.00,50.0
4490.00,431.70,6970.15,317.39,2.500,0.00,50.0
4491.00,430.00,6971.99,317.39,2.500,0.00,50.0
4492.00,428.31,6973.83,317.39,2.500,0.00,50.0
4493.00,426.62,6975.67,317.39,2.500,0.00,50.0
4494.00,424.93,6977.51,317.39,2.500,0.00,50.0
4495.00,423.24,6979.35,317.39,2.500,0.00,50.0
4496.00,421.54,6981.19,317.39,2.500,0.00,50.0
4497.00,419.85,6983.03,317.39,2.500,0.00,50.0
4498.00,418.16,6984.87,317.39,2.500,0.00,50.0
4499.00,416.47,6986.71,317.39,2.500,0.00,50.0
4500.00,414.77,6988.55,317.39,2.500,0.00,50.0
4501.00,413.08,6990.39,317.39,2.500,0.00,50.0
4502.00,411.39,6992.23,317.39,2.500,0.00,50.0
4503.00,409.70,6994.07,317.39,2.500,0.00,50.0
4504.00,408.00,6995.91,317.39,2.500,0.00,50.0
4505.00,406.31,6997.75,317.39,2.500,0.00,50.0
4506.00,404.62,6999.59,317.39,2.500,0.00,50.0
4507.00,402.93,7001.43,317.39,2.500,0.00,50.0
4508.00,401.23,7003.27,317.39,2.500,0.00,50.0
4509.00,399.54,7005.11,317.39,2.500,0.00,50.0
4510.00,397.85,7006.95,317.39,2.500,0.00,50.0
4511.00,396.16,7008.79,317.39,2.500,0.00,50.0
4512.00,394.46,7010.63,317.39,2.500,0.00,50.0
4513.00,392.77,7012.47,317.39,2.500,0.00,50.0
4514.00,391.08,7014.31,317.39,2.500,0.00,50.0
4515.00,389.39,7016.15,317.39,2.500,0.00,50.0
4516.00,387.70,7017.99,317.39,2.500,0.00,50.0
4517.00,386.00,7019.83,317.39,2.500,0.00,50.0
4518.00,384.31,7021.67,317.39,2.500,0.00,50.0
4519.00,382.62,7023.51,317.39,2.500,0.00,50.0
4520.00,380.93,7025.35,317.39,2.500,0.00,50.0
4521.00,379.23,7027.19,317.39,2.500,0.00,50.0
4522.00,377.54,7029.03,317.39,2.500,0.00,50.0
4523.00,375.85,7030.87,317.39,2.500,0.00,50.0
4524.00,374.16,7032.71,317.39,2.500,0.00,50.0
4525.00,372.46,7034.55,317.39,2.500,0.00,50.0
4526.00,370.77,7036.39,317.39,2.500,0.00,50.0
4527.00,369.08,7038.23,317.39,2.500,0.00,50.0
4528.00,367.39,7040.07,317.39,2.500,0.00,50.0
4529.00,365.69,7041.91,317.39,2.500,0.00,50.0
4530.00,364.00,7043.75,317.39,2.500,0.00,50.0
4531.00,362.31,7045.59,317.39,2.500,0.00,50.0
4532.00,360.62,7047.43,317.39,2.500,0.00,50.0
4533.00,358.92,7049.27,317.39,2.500,0.00,50.0
4534.00,357.23,7051.11,317.39,2.500,0.00,50.0
4535.00,355.54,7052.95,317.39,2.500,0.00,50.0
4536.00,353.85,7054.79,317.39,2.500,0.00,50.0
4537.00,352.15,7056.63,317.39,2.500,0.00,50.0
4538.00,350.46,7058.47,317.39,2.500,0.00,50.0
4539.00,348.77,7060.31,317.39,2.500,0.00,50.0
4540.00,347.08,7062.15,317.39,2.500,0.00,50.0
4541.00,345.39,7063.99,317.39,2.500,0.00,50.0
4542.00,343.69,7065.83,317.39,2.500,0.00,50.0
4543.00,342.00,7067.67,317.39,2.500,0.00,50.0
4544.00,340.31,7069.51,317.39,2.500,0.00,50.0
4545.00,338.62,7071.35,317.39,2.500,0.00,50.0
4546.00,336.92,7073.19,317.39,2.500,0.00,50.0
4547.00,335.23,7075.03,317.39,2.500,0.00,50.0
4548.00,333.54,7076.87,317.39,2.500,0.00,50.0
4549.00,331.85,7078.71,317.39,2.500,0.00,50.0
4550.00,330.15,7080.55,317.39,2.500,0.00,50.0
4551.00,328.46,7082.39,317.39,2.500,0.00,50.0
4552.00,326.77,7084.23,317.39,2.500,0.00,50.0
4553.00,325.08,7086.07,317.39,2.500,0.00,50.0
4554.00,323.38,7087.91,317.39,2.500,0.00,50.0
4555.00,321.69,7089.75,317.39,2.500,0.00,50.0
4556.00,320.00,7091.59,317.39,2.500,0.00,50.0
4557.00,318.31,7093.43,317.39,2.500,0.00,50.0
4558.00,316.61,7095.27,317.39,2.500,0.00,50.0
4559.00,314.92,7097.12,317.39,2.500,0.00,50.0
4560.00,313.23,7098.96,317.39,2.500,0.00,50.0
4561.00,311.54,7100.80,317.39,2.500,0.00,50.0
4562.00,309.84,7102.64,317.39,2.500,0.00,50.0
4563.00,308.15,7104.48,317.39,2.500,0.00,50.0
4564.00,306.46,7106.32,317.39,2.500,0.00,50.0
4565.00,304.77,7108.16,317.39,2.500,0.00,50.0
4566.00,303.08,7110.00,317.39,2.500,0.00,50.0
4567.00,301.38,7111.84,317.39,2.500,0.00,50.0
4568.00,299.69,7113.68,317.39,2.500,0.00,50.0
4569.00,298.00,7115.52,317.39,2.500,0.00,50.0
4570.00,296.31,7117.36,317.39,2.500,0.00,50.0
4571.00,294.61,7119.20,317.39,2.500,0.00,50.0
4572.00,292.92,7121.04,317.39,2.500,0.00,50.0
4573.00,291.23,7122.88,317.39,2.500,0.00,50.0
4574.00,289.54,7124.72,317.39,2.500,0.00,50.0
4575.00,287.84,7126.56,317.39,2.500,0.00,50.0
4576.00,286.15,7128.40,317.39,2.500,0.00,50.0
4577.00,284.46,7130.24,317.39,2.500,0.00,50.0
4578.00,282.77,7132.08,317.39,2.500,0.00,50.0
4579.00,281.07,7133.92,317.39,2.500,0.00,50.0
4580.00,279.38,7135.76,317.39,2.500,0.00,50.0
4581.00,277.69,7137.60,317.39,2.500,0.00,50.0
4582.00,276.00,7139.44,317.39,2.500,0.00,50.0
4583.00,274.30,7141.28,317.39,2.500,0.00,50.0
4584.00,272.61,7143.12,317.39,2.500,0.00,50.0
4585.00,270.92,7144.96,317.39,2.500,0.00,50.0
4586.00,269.23,7146.80,317.39,2.500,0.00,50.0
4587.00,267.54,7148.64,317.39,2.500,0.00,50.0
4588.00,265.84,7150.48,317.39,2.500,0.00,50.0
4589.00,264.15,7152.32,317.39,2.500,0.00,50.0
4590.00,262.46,7154.16,317.39,2.500,0.00,50.0
4591.00,260.77,7156.00,317.39,2.500,0.00,50.0
4592.00,259.07,7157.84,317.39,2.500,0.00,50.0
4593.00,257.38,7159.68,317.39,2.500,0.00,50.0
4594.00,255.69,7161.52,317.39,2.500,0.00,50.0
4595.00,254.00,7163.36,317.39,2.500,0.00,50.0
4596.00,252.30,7165.20,317.39,2.500,0.00,50.0
4597.00,250.61,7167.04,317.39,2.500,0.00,50.0
4598.00,248.92,7168.88,317.39,2.500,0.00,50.0
4599.00,247.23,7170.72,317.39,2.500,0.00,50.0
4600.00,245.53,7172.56,317.39,2.500,0.00,50.0
4601.00,243.84,7174.40,317.39,2.500,0.00,50.0
4602.00,242.15,7176.24,317.39,2.500,0.00,50.0
4603.00,240.46,7178.08,317.39,2.500,0.00,50.0
4604.00,238.76,7179.92,317.39,2.500,0.00,50.0
4605.00,237.07,7181.76,317.39,2.500,0.00,50.0
4606.00,235.38,7183.60,317.39,2.500,0.00,50.0
4607.00,233.69,7185.44,317.39,2.500,0.00,50.0
4608.00,231.99,7187.28,317.39,2.500,0.00,50.0
4609.00,230.30,7189.12,317.39,2.500,0.00,50.0
4610.00,228.61,7190.96,317.39,2.500,0.00,50.0
4611.00,226.92,7192.80,317.39,2.500,0.00,50.0
4612.00,225.23,7194.64,317.39,2.500,0.00,50.0
4613.00,223.53,7196.48,317.39,2.500,0.00,50.0
4614.00,221.84,7198.32,317.39,2.500,0.00,50.0
4615.00,220.15,7200.16,317.39,2.500,0.00,50.0
4616.00,218.46,7202.00,317.39,2.500,0.00,50.0
4617.00,216.76,7203.84,317.39,2.500,0.00,50.0
4618.00,215.07,7205.68,317.39,2.500,0.00,50.0
4619.00,213.38,7207.52,317.39,2.500,0.00,50.0
4620.00,211.69,7209.36,317.39,2.500,0.00,50.0
4621.00,209.99,7211.20,317.39,2.500,0.00,50.0
4622.00,208.30,7213.04,317.39,2.500,0.00,50.0
4623.00,206.61,7214.88,317.39,2.500,0.00,50.0
4624.00,204.92,7216.72,317.39,2.500,0.00,50.0
4625.00,203.22,7218.56,317.39,2.500,0.00,50.0
4626.00,201.53,7220.40,317.39,2.500,0.00,50.0
4627.00,199.84,7222.24,317.39,2.500,0.00,50.0
4628.00,198.15,7224.08,317.39,2.500,0.00,50.0
4629.00,196.45,7225.92,317.39,2.500,0.00,50.0
4630.00,194.76,7227.76,317.39,2.500,0.00,50.0
4631.00,193.07,7229.60,317.39,2.500,0.00,50.0
4632.00,191.38,7231.44,317.39,2.500,0.00,50.0
4633.00,189.68,7233.28,317.39,2.500,0.00,50.0
4634.00,187.99,7235.12,317.39,2.500,0.00,50.0
4635.00,186.30,7236.96,317.39,2.500,0.00,50.0
4636.00,184.61,7238.80,317.39,2.500,0.00,50.0
4637.00,182.92,7240.64,317.39,2.500,0.00,50.0
4638.00,181.22,7242.48,317.39,2.500,0.00,50.0
4639.00,179.53,7244.32,317.39,2.500,0.00,50.0
4640.00,177.84,7246.16,317.39,2.500,0.00,50.0
4641.00,176.15,7248.00,317.39,2.500,0.00,50.0
4642.00,174.45,7249.84,317.39,2.500,0.00,50.0
4643.00,172.76,7251.68,317.39,2.500,0.00,50.0
4644.00,171.07,7253.52,317.39,2.500,0.00,50.0
4645.00,169.38,7255.36,317.39,2.500,0.00,50.0
4646.00,167.68,7257.20,317.39,2.500,0.00,50.0
4647.00,165.99,7259.04,317.39,2.500,0.00,50.0
4648.00,164.30,7260.88,317.39,2.500,0.00,50.0
4649.00,162.61,7262.72,317.39,2.500,0.00,50.0
4650.00,160.91,7264.56,317.39,2.500,0.00,50.0
4651.00,159.22,7266.40,317.39,2.500,0.00,50.0
4652.00,157.53,7268.24,317.39,2.500,0.00,50.0
4653.00,155.84,7270.08,317.39,2.500,0.00,50.0
4654.00,154.14,7271.92,317.39,2.500,0.00,50.0
4655.00,152.45,7273.76,317.39,2.500,0.00,50.0
4656.00,150.76,7275.60,317.39,2.500,0.00,50.0
4657.00,149.07,7277.44,317.39,2.500,0.00,50.0
4658.00,147.38,7279.28,317.39,2.500,0.00,50.0
4659.00,145.68,7281.12,317.39,2.500,0.00,50.0
4660.00,143.99,7282.96,317.39,2.500,0.00,50.0
4661.00,142.30,7284.80,317.39,2.500,0.00,50.0
4662.00,140.61,7286.64,317.39,2.500,0.00,50.0
4663.00,138.91,7288.48,317.39,2.500,0.00,50.0
4664.00,137.22,7290.32,317.39,2.500,0.00,50.0
4665.00,135.53,7292.16,317.39,2.500,0.00,50.0
4666.00,133.84,7294.00,317.39,2.500,0.00,50.0
4667.00,132.14,7295.84,317.39,2.500,0.00,50.0
4668.00,130.45,7297.68,317.39,2.500,0.00,50.0
4669.00,128.76,7299.52,317.39,2.500,0.00,50.0
4670.00,127.07,7301.36,317.39,2.500,0.00,50.0
4671.00,125.37,7303.20,317.39,2.500,0.00,50.0
4672.00,123.68,7305.04,317.39,2.500,0.00,50.0
4673.00,121.99,7306.88,317.39,2.500,0.00,50.0
4674.00,120.30,7308.72,317.39,2.500,0.00,50.0
4675.00,118.60,7310.56,317.39,2.500,0.00,50.0
4676.00,116.91,7312.40,317.39,2.500,0.00,50.0
4677.00,115.22,7314.24,317.39,2.500,0.00,50.0
4678.00,113.53,7316.08,317.39,2.500,0.00,50.0
4679.00,111.83,7317.92,317.39,2.500,0.00,50.0
4680.00,110.14,7319.76,317.39,2.500,0.00,50.0
4681.00,108.45,7321.60,317.39,2.500,0.00,50.0
4682.00,106.76,7323.44,317.39,2.500,0.00,50.0
4683.00,105.07,7325.28,317.39,2.500,0.00,50.0
4684.00,103.37,7327.12,317.39,2.500,0.00,50.0
4685.00,101.68,7328.96,317.39,2.500,0.00,50.0
4686.00,99.99,7330.80,317.39,2.500,0.00,50.0
4687.00,98.30,7332.64,317.39,2.500,0.00,50.0
4688.00,96.60,7334.48,317.39,2.500,0.00,50.0
4689.00,94.91,7336.32,317.39,2.500,0.00,50.0
4690.00,93.22,7338.16,317.39,2.500,0.00,50.0
4691.00,91.53,7340.00,317.39,2.500,0.00,50.0
4692.00,89.83,7341.84,317.39,2.500,0.00,50.0
4693.00,88.14,7343.68,317.39,2.500,0.00,50.0
4694.00,86.45,7345.52,317.39,2.500,0.00,50.0
4695.00,84.76,7347.36,317.39,2.500,0.00,50.0
4696.00,83.06,7349.20,317.39,2.500,0.00,50.0
4697.00,81.37,7351.04,317.39,2.500,0.00,50.0
4698.00,79.68,7352.88,317.39,2.500,0.00,50.0
4699.00,77.99,7354.72,317.39,2.500,0.00,50.0
4700.00,76.29,7356.56,317.39,2.500,0.00,50.0
4701.00,74.60,7358.40,317.39,2.500,0.00,50.0
4702.00,72.91,7360.24,317.39,2.500,0.00,50.0
4703.00,71.22,7362.08,317.39,2.500,0.00,50.0
4704.00,69.53,7363.92,317.39,2.500,0.00,50.0
4705.00,67.83,7365.76,317.39,2.500,0.00,50.0
4706.00,66.14,7367.60,317.39,2.500,0.00,50.0
4707.00,64.45,7369.44,317.39,2.500,0.00,50.0
4708.00,62.76,7371.28,317.39,2.500,0.00,50.0
4709.00,61.06,7373.12,317.39,2.500,0.00,50.0
4710.00,59.37,7374.96,317.39,2.500,0.00,50.0
4711.00,57.68,7376.80,317.39,2.500,0.00,50.0
4712.00,55.99,7378.64,317.39,2.500,0.00,50.0
4713.00,54.29,7380.48,317.39,2.500,0.00,50.0
4714.00,52.60,7382.32,317.39,2.500,0.00,50.0
4715.00,50.91,7384.16,317.39,2.500,0.00,50.0
4716.00,49.22,7386.00,317.39,2.500,0.00,50.0
4717.00,47.52,7387.84,317.39,2.500,0.00,50.0
4718.00,45.83,7389.68,317.39,2.500,0.00,50.0
4719.00,44.14,7391.52,317.39,2.500,0.00,50.0
4720.00,42.45,7393.36,317.39,2.500,0.00,50.0
4721.00,40.75,7395.20,317.39,2.500,0.00,50.0
4722.00,39.06,7397.04,317.39,2.500,0.00,50.0
4723.00,37.37,7398.88,317.39,2.500,0.00,50.0
4724.00,35.68,7400.72,317.39,2.500,0.00,50.0
4725.00,33.98,7402.56,317.39,2.500,0.00,50.0
4726.00,32.29,7404.40,317.39,2.500,0.00,50.0
4727.00,30.60,7406.24,317.39,2.500,0.00,50.0
4728.00,28.91,7408.08,317.39,2.500,0.00,50.0
4729.00,27.22,7409.92,317.39,2.500,0.00,50.0
4730.00,25.52,7411.76,317.39,2.500,0.00,50.0
4731.00,23.83,7413.60,317.39,2.500,0.00,50.0
4732.00,22.14,7415.44,317.39,2.500,0.00,50.0
4733.00,20.45,7417.28,317.39,2.500,0.00,50.0
4734.00,18.75,7419.12,317.39,2.500,0.00,50.0
4735.00,17.06,7420.96,317.39,2.500,0.00,50.0
4736.00,15.37,7422.80,317.39,2.500,0.00,50.0
4737.00,13.68,7424.64,317.39,2.500,0.00,50.0
4738.00,11.98,7426.48,317.39,2.500,0.00,50.0
4739.00,10.29,7428.32,317.39,2.500,0.00,50.0
4740.00,8.60,7430.16,317.39,2.500,0.00,50.0
4741.00,6.91,7432.01,317.39,2.500,0.00,50.0
4742.00,5.21,7433.85,317.39,2.500,0.00,50.0
4743.00,3.52,7435.69,317.39,2.500,0.00,50.0
4744.00,1.83,7437.53,317.39,2.500,0.00,50.0
4745.00,0.14,7439.37,317.39,2.500,0.00,50.0
4746.00,-1.56,7441.21,317.39,2.500,0.00,50.0
4747.00,-3.25,7443.05,317.39,2.500,0.00,50.0
4748.00,-4.94,7444.89,317.39,2.500,0.00,50.0
4749.00,-6.63,7446.73,317.39,2.500,0.00,50.0
4750.00,-8.33,7448.57,317.39,2.500,0.00,50.0
4751.00,-10.02,7450.41,317.39,2.500,0.00,50.0
4752.00,-11.71,7452.25,317.39,2.500,0.00,50.0
4753.00,-13.40,7454.09,317.39,2.500,0.00,50.0
4754.00,-15.09,7455.93,317.39,2.500,0.00,50.0
4755.00,-16.79,7457.77,317.39,2.500,0.00,50.0
4756.00,-18.48,7459.61,317.39,2.500,0.00,50.0
4757.00,-20.17,7461.45,317.39,2.500,0.00,50.0
4758.00,-21.86,7463.29,317.39,2.500,0.00,50.0
4759.00,-23.56,7465.13,317.39,2.500,0.00,50.0
4760.00,-25.25,7466.97,317.39,2.500,0.00,50.0
4761.00,-26.94,7468.81,317.39,2.500,0.00,50.0
4762.00,-28.63,7470.65,317.39,2.500,0.00,50.0
4763.00,-30.33,7472.49,317.39,2.500,0.00,50.0
4764.00,-32.02,7474.33,317.39,2.500,0.00,50.0
4765.00,-33.71,7476.17,317.39,2.500,0.00,50.0
4766.00,-35.40,7478.01,317.39,2.500,0.00,50.0
4767.00,-37.10,7479.85,317.39,2.500,0.00,50.0
4768.00,-38.79,7481.69,317.39,2.500,0.00,50.0
4769.00,-40.48,7483.53,317.39,2.500,0.00,50.0
4770.00,-42.17,7485.37,317.39,2.500,0.00,50.0
4771.00,-43.87,7487.21,317.39,2.500,0.00,50.0
4772.00,-45.56,7489.05,317.39,2.500,0.00,50.0
4773.00,-47.25,7490.89,317.39,2.500,0.00,50.0
4774.00,-48.94,7492.73,317.39,2.500,0.00,50.0
4775.00,-50.63,7494.57,317.39,2.500,0.00,50.0
4776.00,-52.33,7496.41,317.39,2.500,0.00,50.0
4777.00,-54.02,7498.25,317.39,2.500,0.00,50.0
4778.00,-55.71,7500.09,317.39,2.500,0.00,50.0
4779.00,-57.40,7501.93,317.39,2.500,0.00,50.0
4780.00,-59.10,7503.77,317.39,2.500,0.00,50.0
4781.00,-60.79,7505.61,317.39,2.500,0.00,50.0
4782.00,-62.48,7507.45,317.39,2.500,0.00,50.0
4783.00,-64.17,7509.29,317.39,2.500,0.00,50.0
4784.00,-65.87,7511.13,317.39,2.500,0.00,50.0
4785.00,-67.56,7512.97,317.39,2.500,0.00,50.0
4786.00,-69.25,7514.81,317.39,2.500,0.00,50.0
4787.00,-70.94,7516.65,317.39,2.500,0.00,50.0
4788.00,-72.64,7518.49,317.39,2.500,0.00,50.0
4789.00,-74.33,7520.33,317.39,2.500,0.00,50.0
4790.00,-76.02,7522.17,317.39,2.500,0.00,50.0
4791.00,-77.71,7524.01,317.39,2.500,0.00,50.0
4792.00,-79.41,7525.85,317.39,2.500,0.00,50.0
4793.00,-81.10,7527.69,317.39,2.500,0.00,50.0
4794.00,-82.79,7529.53,317.39,2.500,0.00,50.0
4795.00,-84.48,7531.37,317.39,2.500,0.00,50.0
4796.00,-86.18,7533.21,317.39,2.500,0.00,50.0
4797.00,-87.87,7535.05,317.39,2.500,0.00,50.0
4798.00,-89.56,7536.89,317.39,2.500,0.00,50.0
4799.00,-91.25,7538.73,317.39,2.500,0.00,50.0
4800.00,-92.94,7540.57,317.39,2.500,0.00,50.0
4801.00,-94.64,7542.41,317.39,2.500,0.00,50.0
4802.00,-96.33,7544.25,317.39,2.500,0.00,50.0
4803.00,-98.02,7546.09,317.39,2.500,0.00,50.0
4804.00,-99.71,7547.93,317.39,2.500,0.00,50.0
4805.00,-101.41,7549.77,317.39,2.500,0.00,50.0
4806.00,-103.10,7551.61,317.39,2.500,0.00,50.0
4807.00,-104.79,7553.45,317.39,2.500,0.00,50.0
4808.00,-106.48,7555.29,317.39,2.500,0.00,50.0
4809.00,-108.18,7557.13,317.39,2.500,0.00,50.0
4810.00,-109.87,7558.97,317.39,2.500,0.00,50.0
4811.00,-111.56,7560.81,317.39,2.500,0.00,50.0
4812.00,-113.25,7562.65,317.39,2.500,0.00,50.0
4813.00,-114.95,7564.49,317.39,2.500,0.00,50.0
4814.00,-116.64,7566.33,317.39,2.500,0.00,50.0
4815.00,-118.33,7568.17,317.39,2.500,0.00,50.0
4816.00,-120.02,7570.01,317.39,2.500,0.00,50.0
4817.00,-121.72,7571.85,317.39,2.500,0.00,50.0
4818.00,-123.41,7573.69,317.39,2.500,0.00,50.0
4819.00,-125.10,7575.53,317.39,2.500,0.00,50.0
4820.00,-126.79,7577.37,317.39,2.500,0.00,50.0
4821.00,-128.49,7579.21,317.39,2.500,0.00,50.0
4822.00,-130.18,7581.05,317.39,2.500,0.00,50.0
4823.00,-131.87,7582.89,317.39,2.500,0.00,50.0
4824.00,-133.56,7584.73,317.39,2.500,0.00,50.0
4825.00,-135.25,7586.57,317.39,2.500,0.00,50.0
4826.00,-136.95,7588.41,317.39,2.500,0.00,50.0
4827.00,-138.64,7590.25,317.39,2.500,0.00,50.0
4828.00,-140.33,7592.09,317.39,2.500,0.00,50.0
4829.00,-142.02,7593.93,317.39,2.500,0.00,50.0
4830.00,-143.72,7595.77,317.39,2.500,0.00,50.0
4831.00,-145.41,7597.61,317.39,2.500,0.00,50.0
4832.00,-147.10,7599.45,317.39,2.500,0.00,50.0
4833.00,-148.79,7601.29,317.39,2.500,0.00,50.0
4834.00,-150.49,7603.13,317.39,2.500,0.00,50.0
4835.00,-152.18,7604.97,317.39,2.500,0.00,50.0
4836.00,-153.87,7606.81,317.39,2.500,0.00,50.0
4837.00,-155.56,7608.65,317.39,2.500,0.00,50.0
4838.00,-157.26,7610.49,317.39,2.500,0.00,50.0
4839.00,-158.95,7612.33,317.39,2.500,0.00,50.0
4840.00,-160.64,7614.17,317.39,2.500,0.00,50.0
4841.00,-162.33,7616.01,317.39,2.500,0.00,50.0
4842.00,-164.03,7617.85,317.39,2.500,0.00,50.0
4843.00,-165.72,7619.69,317.39,2.500,0.00,50.0
4844.00,-167.41,7621.53,317.39,2.500,0.00,50.0
4845.00,-169.10,7623.37,317.39,2.500,0.00,50.0
4846.00,-170.79,7625.21,317.39,2.500,0.00,50.0
4847.00,-172.49,7627.05,317.39,2.500,0.00,50.0
4848.00,-174.18,7628.89,317.39,2.500,0.00,50.0
4849.00,-175.87,7630.73,317.39,2.500,0.00,50.0
4850.00,-177.56,7632.57,317.39,2.500,0.00,50.0
4851.00,-179.26,7634.41,317.39,2.500,0.00,50.0
4852.00,-180.95,7636.25,317.39,2.500,0.00,50.0
4853.00,-182.64,7638.09,317.39,2.500,0.00,50.0
4854.00,-184.33,7639.93,317.39,2.500,0.00,50.0
4855.00,-186.03,7641.77,317.39,2.500,0.00,50.0
4856.00,-187.72,7643.61,317.39,2.500,0.00,50.0
4857.00,-189.41,7645.45,317.39,2.500,0.00,50.0
4858.00,-191.10,7647.29,317.39,2.500,0.00,50.0
4859.00,-192.80,7649.13,317.39,2.500,0.00,50.0
4860.00,-194.49,7650.97,317.39,2.500,0.00,50.0
4861.00,-196.18,7652.81,317.39,2.500,0.00,50.0
4862.00,-197.87,7654.65,317.39,2.500,0.00,50.0
4863.00,-199.57,7656.49,317.39,2.500,0.00,50.0
4864.00,-201.26,7658.33,317.39,2.500,0.00,50.0
4865.00,-202.95,7660.17,317.39,2.500,0.00,50.0
4866.00,-204.64,7662.01,317.39,2.500,0.00,50.0
4867.00,-206.34,7663.85,317.39,2.500,0.00,50.0
4868.00,-208.03,7665.69,317.39,2.500,0.00,50.0
4869.00,-209.72,7667.53,317.39,2.500,0.00,50.0
4870.00,-211.41,7669.37,317.39,2.500,0.00,50.0
4871.00,-213.10,7671.21,317.39,2.500,0.00,50.0
4872.00,-214.80,7673.05,317.39,2.500,0.00,50.0
4873.00,-216.49,7674.89,317.39,2.500,0.00,50.0
4874.00,-218.18,7676.73,317.39,2.500,0.00,50.0
4875.00,-219.87,7678.57,317.39,2.500,0.00,50.0
4876.00,-221.57,7680.41,317.39,2.500,0.00,50.0
4877.00,-223.26,7682.25,317.39,2.500,0.00,50.0
4878.00,-224.95,7684.09,317.39,2.500,0.00,50.0
4879.00,-226.64,7685.93,317.39,2.500,0.00,50.0
4880.00,-228.34,7687.77,317.39,2.500,0.00,50.0
4881.00,-230.03,7689.61,317.39,2.500,0.00,50.0
4882.00,-231.72,7691.45,317.39,2.500,0.00,50.0
4883.00,-233.41,7693.29,317.39,2.500,0.00,50.0
4884.00,-235.11,7695.13,317.39,2.500,0.00,50.0
4885.00,-236.80,7696.97,317.39,2.500,0.00,50.0
4886.00,-238.49,7698.81,317.39,2.500,0.00,50.0
4887.00,-240.18,7700.65,317.39,2.500,0.00,50.0
4888.00,-241.88,7702.49,317.39,2.500,0.00,50.0
4889.00,-243.57,7704.33,317.39,2.500,0.00,50.0
4890.00,-245.26,7706.17,317.39,2.500,0.00,50.0
4891.00,-246.95,7708.01,317.39,2.500,0.00,50.0
4892.00,-248.65,7709.85,317.39,2.500,0.00,50.0
4893.00,-250.34,7711.69,317.39,2.500,0.00,50.0
4894.00,-252.03,7713.53,317.39,2.500,0.00,50.0
4895.00,-253.72,7715.37,317.39,2.500,0.00,50.0
4896.00,-255.41,7717.21,317.39,2.500,0.00,50.0
4897.00,-257.11,7719.05,317.39,2.500,0.00,50.0
4898.00,-258.80,7720.89,317.39,2.500,0.00,50.0
4899.00,-260.49,7722.73,317.39,2.500,0.00,50.0
4900.00,-262.18,7724.57,317.39,2.500,0.00,50.0
4901.00,-263.88,7726.41,317.39,2.500,0.00,50.0
4902.00,-265.57,7728.25,317.39,2.500,0.00,50.0
4903.00,-267.26,7730.09,317.39,2.500,0.00,50.0
4904.00,-268.95,7731.93,317.39,2.500,0.00,50.0
4905.00,-270.65,7733.77,317.39,2.500,0.00,50.0
4906.00,-272.34,7735.61,317.39,2.500,0.00,50.0
4907.00,-274.03,7737.45,317.39,2.500,0.00,50.0
4908.00,-275.72,7739.29,317.39,2.500,0.00,50.0
4909.00,-277.42,7741.13,317.39,2.500,0.00,50.0
4910.00,-279.11,7742.97,317.39,2.500,0.00,50.0
4911.00,-280.80,7744.81,317.39,2.500,0.00,50.0
4912.00,-282.49,7746.65,317.39,2.500,0.00,50.0
4913.00,-284.19,7748.49,317.39,2.500,0.00,50.0
4914.00,-285.88,7750.33,317.39,2.500,0.00,50.0
4915.00,-287.57,7752.17,317.39,2.500,0.00,50.0
4916.00,-289.26,7754.01,317.39,2.500,0.00,50.0
4917.00,-290.95,7755.85,317.39,2.500,0.00,50.0
4918.00,-292.65,7757.69,317.39,2.500,0.00,50.0
4919.00,-294.34,7759.53,317.39,2.500,0.00,50.0
4920.00,-296.03,7761.37,317.39,2.500,0.00,50.0
4921.00,-297.72,7763.21,317.39,2.500,0.00,50.0
4922.00,-299.42,7765.05,317.39,2.500,0.00,50.0
4923.00,-301.11,7766.90,317.39,2.500,0.00,50.0
4924.00,-302.80,7768.74,317.39,2.500,0.00,50.0
4925.00,-304.49,7770.58,317.39,2.500,0.00,50.0
4926.00,-306.19,7772.42,317.39,2.500,0.00,50.0
4927.00,-307.88,7774.26,317.39,2.500,0.00,50.0
4928.00,-309.57,7776.10,317.39,2.500,0.00,50.0
4929.00,-311.26,7777.94,317.39,2.500,0.00,50.0
4930.00,-312.96,7779.78,317.39,2.500,0.00,50.0
4931.00,-314.65,7781.62,317.39,2.500,0.00,50.0
4932.00,-316.34,7783.46,317.39,2.500,0.00,50.0
4933.00,-318.03,7785.30,317.39,2.500,0.00,50.0
4934.00,-319.73,7787.14,317.39,2.500,0.00,50.0
4935.00,-321.42,7788.98,317.39,2.500,0.00,50.0
4936.00,-323.11,7790.82,317.39,2.500,0.00,50.0
4937.00,-324.80,7792.66,317.39,2.500,0.00,50.0
4938.00,-326.50,7794.50,317.39,2.500,0.00,50.0
4939.00,-328.19,7796.34,317.39,2.500,0.00,50.0
4940.00,-329.88,7798.18,317.39,2.500,0.00,50.0
4941.00,-331.57,7800.02,317.39,2.500,0.00,50.0
4942.00,-333.26,7801.86,317.39,2.500,0.00,50.0
4943.00,-334.96,7803.70,317.39,2.500,0.00,50.0
4944.00,-336.65,7805.54,317.39,2.500,0.00,50.0
4945.00,-338.34,7807.38,317.39,2.500,0.00,50.0
4946.00,-340.03,7809.22,317.39,2.500,0.00,50.0
4947.00,-341.73,7811.06,317.39,2.500,0.00,50.0
4948.00,-343.42,7812.90,317.39,2.500,0.00,50.0
4949.00,-345.11,7814.74,317.39,2.500,0.00,50.0
4950.00,-346.80,7816.58,317.39,2.500,0.00,50.0
4951.00,-348.50,7818.42,317.39,2.500,0.00,50.0
4952.00,-350.19,7820.26,317.39,2.500,0.00,50.0
4953.00,-351.88,7822.10,317.39,2.500,0.00,50.0
4954.00,-353.57,7823.94,317.39,2.500,0.00,50.0
4955.00,-355.27,7825.78,317.39,2.500,0.00,50.0
4956.00,-356.96,7827.62,317.39,2.500,0.00,50.0
4957.00,-358.65,7829.46,317.39,2.500,0.00,50.0
4958.00,-360.34,7831.30,317.39,2.500,0.00,50.0
4959.00,-362.04,7833.14,317.39,2.500,0.00,50.0
4960.00,-363.73,7834.98,317.39,2.500,0.00,50.0
4961.00,-365.42,7836.82,317.39,2.500,0.00,50.0
4962.00,-367.11,7838.66,317.39,2.500,0.00,50.0
4963.00,-368.81,7840.50,317.39,2.500,0.00,50.0
4964.00,-370.50,7842.34,317.39,2.500,0.00,50.0
4965.00,-372.19,7844.18,317.39,2.500,0.00,50.0
4966.00,-373.88,7846.02,317.39,2.500,0.00,50.0
4967.00,-375.57,7847.86,317.39,2.500,0.00,50.0
4968.00,-377.27,7849.70,317.39,2.500,0.00,50.0
4969.00,-378.96,7851.54,317.39,2.500,0.00,50.0
4970.00,-380.65,7853.38,317.39,2.500,0.00,50.0
4971.00,-382.34,7855.22,317.39,2.500,0.00,50.0
4972.00,-384.04,7857.06,317.39,2.500,0.00,50.0
4973.00,-385.73,7858.90,317.39,2.500,0.00,50.0
4974.00,-387.42,7860.74,317.39,2.500,0.00,50.0
4975.00,-389.11,7862.58,317.39,2.500,0.00,50.0
4976.00,-390.81,7864.42,317.39,2.500,0.00,50.0
4977.00,-392.50,7866.26,317.39,2.500,0.00,50.0
4978.00,-394.19,7868.10,317.39,2.500,0.00,50.0
4979.00,-395.88,7869.94,317.39,2.500,0.00,50.0
4980.00,-397.58,7871.78,317.39,2.500,0.00,50.0
4981.00,-399.27,7873.62,317.39,2.500,0.00,50.0
4982.00,-400.96,7875.46,317.39,2.500,0.00,50.0
4983.00,-402.65,7877.30,317.39,2.500,0.00,50.0
4984.00,-404.35,7879.14,317.39,2.500,0.00,50.0
4985.00,-406.04,7880.98,317.39,2.500,0.00,50.0
4986.00,-407.73,7882.82,317.39,2.500,0.00,50.0
4987.00,-409.42,7884.66,317.39,2.500,0.00,50.0
4988.00,-411.11,7886.50,317.39,2.500,0.00,50.0
4989.00,-412.81,7888.34,317.39,2.500,0.00,50.0
4990.00,-414.50,7890.18,317.39,2.500,0.00,50.0
4991.00,-416.19,7892.02,317.39,2.500,0.00,50.0
4992.00,-417.88,7893.86,317.39,2.500,0.00,50.0
4993.00,-419.58,7895.70,317.39,2.500,0.00,50.0
4994.00,-421.27,7897.54,317.39,2.500,0.00,50.0
4995.00,-422.96,7899.38,317.39,2.500,0.00,50.0
4996.00,-424.65,7901.22,317.39,2.500,0.00,50.0
4997.00,-426.35,7903.06,317.39,2.500,0.00,50.0
4998.00,-428.04,7904.90,317.39,2.500,0.00,50.0
4999.00,-429.73,7906.74,317.39,2.500,0.00,50.0
5000.00,-431.42,7908.58,317.39,2.500,0.00,50.0
5001.00,-433.12,7910.42,317.39,2.500,0.00,50.0
5002.00,-434.81,7912.26,317.39,2.500,0.00,50.0
5003.00,-436.50,7914.10,317.39,2.500,0.00,50.0
5004.00,-438.19,7915.94,317.39,2.500,0.00,50.0
5005.00,-439.89,7917.78,317.39,2.500,0.00,50.0
5006.00,-441.58,7919.62,317.39,2.500,0.00,50.0
5007.00,-443.27,7921.46,317.39,2.500,0.00,50.0
5008.00,-444.96,7923.30,317.39,2.500,0.00,50.0
5009.00,-446.66,7925.14,317.39,2.500,0.00,50.0
5010.00,-448.35,7926.98,317.39,2.500,0.00,50.0
5011.00,-450.04,7928.82,317.39,2.500,0.00,50.0
5012.00,-451.73,7930.66,317.39,2.500,0.00,50.0
5013.00,-453.42,7932.50,317.39,2.500,0.00,50.0
5014.00,-455.12,7934.34,317.39,2.500,0.00,50.0
5015.00,-456.81,7936.18,317.39,2.500,0.00,50.0
5016.00,-458.50,7938.02,317.39,2.500,0.00,50.0
5017.00,-460.19,7939.86,317.39,2.500,0.00,50.0
5018.00,-461.89,7941.70,317.39,2.500,0.00,50.0
5019.00,-463.58,7943.54,317.39,2.500,0.00,50.0
5020.00,-465.27,7945.38,317.39,2.500,0.00,50.0
5021.00,-466.96,7947.22,317.39,2.500,0.00,50.0
5022.00,-468.66,7949.06,317.39,2.500,0.00,50.0
5023.00,-470.35,7950.90,317.39,2.500,0.00,50.0
5024.00,-472.04,7952.74,317.39,2.500,0.00,50.0
5025.00,-473.73,7954.58,317.39,2.500,0.00,50.0
5026.00,-475.43,7956.42,317.39,2.500,0.00,50.0
5027.00,-477.12,7958.26,317.39,2.500,0.00,50.0
5028.00,-478.81,7960.10,317.39,2.500,0.00,50.0
5029.00,-480.50,7961.94,317.39,2.500,0.00,50.0
5030.00,-482.20,7963.78,317.39,2.500,0.00,50.0
5031.00,-483.89,7965.62,317.39,2.500,0.00,50.0
5032.00,-485.58,7967.46,317.39,2.500,0.00,50.0
5033.00,-487.27,7969.30,317.39,2.500,0.00,50.0
5034.00,-488.97,7971.14,317.39,2.500,0.00,50.0
5035.00,-490.66,7972.98,317.39,2.500,0.00,50.0
5036.00,-492.35,7974.82,317.39,2.500,0.00,50.0
5037.00,-494.04,7976.66,317.39,2.500,0.00,50.0
5038.00,-495.73,7978.50,317.39,2.500,0.00,50.0
5039.00,-497.43,7980.34,317.39,2.500,0.00,50.0
5040.00,-499.12,7982.18,317.39,2.500,0.00,50.0
5041.00,-500.81,7984.02,317.39,2.500,0.00,50.0
5042.00,-502.50,7985.86,317.39,2.500,0.00,50.0
5043.00,-504.20,7987.70,317.39,2.500,0.00,50.0
5044.00,-505.89,7989.54,317.39,2.500,0.00,50.0
5045.00,-507.58,7991.38,317.39,2.500,0.00,50.0
5046.00,-509.27,7993.22,317.39,2.500,0.00,50.0
5047.00,-510.97,7995.06,317.39,2.500,0.00,50.0
5048.00,-512.66,7996.90,317.39,2.500,0.00,50.0
5049.00,-514.35,7998.74,317.39,2.500,0.00,50.0
5050.00,-516.04,8000.58,317.39,2.500,0.00,50.0
5051.00,-517.74,8002.42,317.39,2.500,0.00,50.0
5052.00,-519.43,8004.26,317.39,2.500,0.00,50.0
5053.00,-521.12,8006.10,317.39,2.500,0.00,50.0
5054.00,-522.81,8007.94,317.39,2.500,0.00,50.0
5055.00,-524.51,8009.78,317.39,2.500,0.00,50.0
5056.00,-526.20,8011.62,317.39,2.500,0.00,50.0
5057.00,-527.89,8013.46,317.39,2.500,0.00,50.0
5058.00,-529.58,8015.30,317.39,2.500,0.00,50.0
5059.00,-531.27,8017.14,317.39,2.500,0.00,50.0
5060.00,-532.97,8018.98,317.39,2.500,0.00,50.0
5061.00,-534.66,8020.82,317.39,2.500,0.00,50.0
5062.00,-536.35,8022.66,317.39,2.500,0.00,50.0
5063.00,-538.04,8024.50,317.39,2.500,0.00,50.0
5064.00,-539.74,8026.34,317.39,2.500,0.00,50.0
5065.00,-541.43,8028.18,317.39,2.500,0.00,50.0
5066.00,-543.12,8030.02,317.39,2.500,0.00,50.0
5067.00,-544.81,8031.86,317.39,2.500,0.00,50.0
5068.00,-546.51,8033.70,317.39,2.500,0.00,50.0
5069.00,-548.20,8035.54,317.39,2.500,0.00,50.0
5070.00,-549.89,8037.38,317.39,2.500,0.00,50.0
5071.00,-551.58,8039.22,317.39,2.500,0.00,50.0
5072.00,-553.28,8041.06,317.39,2.500,0.00,50.0
5073.00,-554.97,8042.90,317.39,2.500,0.00,50.0
5074.00,-556.66,8044.74,317.39,2.500,0.00,50.0
5075.00,-558.35,8046.58,317.39,2.500,0.00,50.0
5076.00,-560.05,8048.42,317.39,2.500,0.00,50.0
5077.00,-561.74,8050.26,317.39,2.500,0.00,50.0
5078.00,-563.43,8052.10,317.39,2.500,0.00,50.0
5079.00,-565.12,8053.94,317.39,2.500,0.00,50.0
5080.00,-566.82,8055.78,317.39,2.500,0.00,50.0
5081.00,-568.51,8057.62,317.39,2.500,0.00,50.0
5082.00,-570.20,8059.46,317.39,2.500,0.00,50.0
5083.00,-571.89,8061.30,317.39,2.500,0.00,50.0
5084.00,-573.58,8063.14,317.39,2.500,0.00,50.0
5085.00,-575.28,8064.98,317.39,2.500,0.00,50.0
5086.00,-576.97,8066.82,317.39,2.500,0.00,50.0
5087.00,-578.66,8068.66,317.39,2.500,0.00,50.0
5088.00,-580.35,8070.50,317.39,2.500,0.00,50.0
5089.00,-582.05,8072.34,317.39,2.500,0.00,50.0
5090.00,-583.74,8074.18,317.39,2.500,0.00,50.0
5091.00,-585.43,8076.02,317.39,2.500,0.00,50.0
5092.00,-587.12,8077.86,317.39,2.500,0.00,50.0
5093.00,-588.82,8079.70,317.39,2.500,0.00,50.0
5094.00,-590.51,8081.54,317.39,2.500,0.00,50.0
5095.00,-592.20,8083.38,317.39,2.500,0.00,50.0
5096.00,-593.89,8085.22,317.39,2.500,0.00,50.0
5097.00,-595.59,8087.06,317.39,2.500,0.00,50.0
5098.00,-597.28,8088.90,317.39,2.500,0.00,50.0
5099.00,-598.97,8090.74,317.39,2.500,0.00,50.0
5100.00,-600.66,8092.58,317.39,2.500,0.00,50.0
5101.00,-602.36,8094.42,317.39,2.500,0.00,50.0
5102.00,-604.05,8096.26,317.39,2.500,0.00,50.0
5103.00,-605.74,8098.10,317.39,2.500,0.00,50.0
5104.00,-607.43,8099.94,317.39,2.500,0.00,50.0
5105.00,-609.13,8101.78,317.39,2.500,0.00,50.0
5106.00,-610.82,8103.63,317.39,2.500,0.00,50.0
5107.00,-612.51,8105.47,317.39,2.500,0.00,50.0
5108.00,-614.20,8107.31,317.39,2.500,0.00,50.0
5109.00,-615.89,8109.15,317.39,2.500,0.00,50.0
5110.00,-617.59,8110.99,317.39,2.500,0.00,50.0
5111.00,-619.28,8112.83,317.39,2.500,0.00,50.0
5112.00,-620.97,8114.67,317.39,2.500,0.00,50.0
5113.00,-622.66,8116.51,317.39,2.500,0.00,50.0
5114.00,-624.36,8118.35,317.39,2.500,0.00,50.0
5115.00,-626.05,8120.19,317.39,2.500,0.00,50.0
5116.00,-627.74,8122.03,317.39,2.500,0.00,50.0
5117.00,-629.43,8123.87,317.39,2.500,0.00,50.0
5118.00,-631.13,8125.71,317.39,2.500,0.00,50.0
5119.00,-632.82,8127.55,317.39,2.500,0.00,50.0
5120.00,-634.51,8129.39,317.39,2.500,0.00,50.0
5121.00,-636.20,8131.23,317.39,2.500,0.00,50.0
5122.00,-637.90,8133.07,317.39,2.500,0.00,50.0
5123.00,-639.59,8134.91,317.39,2.500,0.00,50.0
5124.00,-641.28,8136.75,317.39,2.500,0.00,50.0
5125.00,-642.97,8138.59,317.39,2.500,0.00,50.0
5126.00,-644.67,8140.43,317.39,2.500,0.00,50.0
5127.00,-646.36,8142.27,317.39,2.500,0.00,50.0
5128.00,-648.05,8144.11,317.39,2.500,0.00,50.0
5129.00,-649.74,8145.95,317.39,2.500,0.00,50.0
5130.00,-651.43,8147.79,317.39,2.500,0.00,50.0
5131.00,-653.13,8149.63,317.39,2.500,0.00,50.0
5132.00,-654.82,8151.47,317.39,2.500,0.00,50.0
5133.00,-656.51,8153.31,317.39,2.500,0.00,50.0
5134.00,-658.20,8155.15,317.39,2.500,0.00,50.0
5135.00,-659.90,8156.99,317.39,2.500,0.00,50.0
5136.00,-661.59,8158.83,317.39,2.500,0.00,50.0
5137.00,-663.28,8160.67,317.39,2.500,0.00,50.0
5138.00,-664.97,8162.51,317.39,2.500,0.00,50.0
5139.00,-666.67,8164.35,317.39,2.500,0.00,50.0
5140.00,-668.36,8166.19,317.39,2.500,0.00,50.0
5141.00,-670.05,8168.03,317.39,2.500,0.00,50.0
5142.00,-671.74,8169.87,317.39,2.500,0.00,50.0
5143.00,-673.44,8171.71,317.39,2.500,0.00,50.0
5144.00,-675.13,8173.55,317.39,2.500,0.00,50.0
5145.00,-676.82,8175.39,317.39,2.500,0.00,50.0
5146.00,-678.51,8177.23,317.39,2.500,0.00,50.0
5147.00,-680.21,8179.07,317.39,2.500,0.00,50.0
5148.00,-681.90,8180.91,317.39,2.500,0.00,50.0
5149.00,-683.59,8182.75,317.39,2.500,0.00,50.0
5150.00,-685.28,8184.59,317.39,2.500,0.00,50.0
5151.00,-686.98,8186.43,317.39,2.500,0.00,50.0
5152.00,-688.67,8188.27,317.39,2.500,0.00,50.0
5153.00,-690.36,8190.11,317.39,2.500,0.00,50.0
5154.00,-692.05,8191.95,317.39,2.500,0.00,50.0
5155.00,-693.74,8193.79,317.39,2.500,0.00,50.0
5156.00,-695.44,8195.63,317.39,2.500,0.00,50.0
5157.00,-697.13,8197.47,317.39,2.500,0.00,50.0
5158.00,-698.82,8199.31,317.39,2.500,0.00,50.0
5159.00,-700.51,8201.15,317.39,2.500,0.00,50.0
5160.00,-702.21,8202.99,317.39,2.500,0.00,50.0
5161.00,-703.90,8204.83,317.39,2.500,0.00,50.0
5162.00,-705.59,8206.67,317.39,2.500,0.00,50.0
5163.00,-707.28,8208.51,317.39,2.500,0.00,50.0
5164.00,-708.98,8210.35,317.39,2.500,0.00,50.0
5165.00,-710.67,8212.19,317.39,2.500,0.00,50.0
5166.00,-712.36,8214.03,317.39,2.500,0.00,50.0
5167.00,-714.05,8215.87,317.39,2.500,0.00,50.0
5168.00,-715.75,8217.71,317.39,2.500,0.00,50.0
5169.00,-717.44,8219.55,317.39,2.500,0.00,50.0
5170.00,-719.13,8221.39,317.39,2.500,0.00,50.0
5171.00,-720.82,8223.23,317.39,2.500,0.00,50.0
5172.00,-722.52,8225.07,317.39,2.500,0.00,50.0
5173.00,-724.21,8226.91,317.39,2.500,0.00,50.0
5174.00,-725.90,8228.75,317.39,2.500,0.00,50.0
5175.00,-727.59,8230.59,317.39,2.500,0.00,50.0
5176.00,-729.29,8232.43,317.39,2.500,0.00,50.0
5177.00,-730.98,8234.27,317.39,2.500,0.00,50.0
5178.00,-732.67,8236.11,317.39,2.500,0.00,50.0
5179.00,-734.36,8237.95,317.39,2.500,0.00,50.0
5180.00,-736.05,8239.79,317.39,2.500,0.00,50.0
5181.00,-737.75,8241.63,317.39,2.500,0.00,50.0
5182.00,-739.44,8243.47,317.39,2.500,0.00,50.0
5183.00,-741.13,8245.31,317.39,2.500,0.00,50.0
5184.00,-742.82,8247.15,317.39,2.500,0.00,50.0
5185.00,-744.52,8248.99,317.39,2.500,0.00,50.0
5186.00,-746.21,8250.83,317.39,2.500,0.00,50.0
5187.00,-747.90,8252.67,317.39,2.500,0.00,50.0
5188.00,-749.59,8254.51,317.39,2.500,0.00,50.0
5189.00,-751.29,8256.35,317.39,2.500,0.00,50.0
5190.00,-752.98,8258.19,317.39,2.500,0.00,50.0
5191.00,-754.67,8260.03,317.39,2.500,0.00,50.0
5192.00,-756.36,8261.87,317.39,2.500,0.00,50.0
5193.00,-758.06,8263.71,317.39,2.500,0.00,50.0
5194.00,-759.75,8265.55,317.39,2.500,0.00,50.0
5195.00,-761.44,8267.39,317.39,2.500,0.00,50.0
5196.00,-763.13,8269.23,317.39,2.500,0.00,50.0
5197.00,-764.83,8271.07,317.39,2.500,0.00,50.0
5198.00,-766.52,8272.91,317.39,2.500,0.00,50.0
5199.00,-768.21,8274.75,317.39,2.500,0.00,50.0
5200.00,-769.90,8276.59,317.39,2.500,0.00,50.0
5201.00,-771.59,8278.43,317.39,2.500,0.00,50.0
5202.00,-773.29,8280.27,317.39,2.500,0.00,50.0
5203.00,-774.98,8282.11,317.39,2.500,0.00,50.0
5204.00,-776.67,8283.95,317.39,2.500,0.00,50.0
5205.00,-778.36,8285.79,317.39,2.500,0.00,50.0
5206.00,-780.06,8287.63,317.39,2.500,0.00,50.0
5207.00,-781.75,8289.47,317.39,2.500,0.00,50.0
5208.00,-783.44,8291.31,317.39,2.500,0.00,50.0
5209.00,-785.13,8293.15,317.39,2.500,0.00,50.0
5210.00,-786.83,8294.99,317.39,2.500,0.00,50.0
5211.00,-788.52,8296.83,317.39,2.500,0.00,50.0
5212.00,-790.21,8298.67,317.39,2.500,0.00,50.0
5213.00,-791.90,8300.51,317.39,2.500,0.00,50.0
5214.00,-793.60,8302.35,317.39,2.500,0.00,50.0
5215.00,-795.29,8304.19,317.39,2.500,0.00,50.0
5216.00,-796.98,8306.03,317.39,2.500,0.00,50.0
5217.00,-798.67,8307.87,317.39,2.500,0.00,50.0
5218.00,-800.37,8309.71,317.39,2.500,0.00,50.0
5219.00,-802.06,8311.55,317.39,2.500,0.00,50.0
5220.00,-803.75,8313.39,317.39,2.500,0.00,50.0
5221.00,-805.44,8315.23,317.39,2.500,0.00,50.0
5222.00,-807.14,8317.07,317.39,2.500,0.00,50.0
5223.00,-808.83,8318.91,317.39,2.500,0.00,50.0
5224.00,-810.52,8320.75,317.39,2.500,0.00,50.0
5225.00,-812.21,8322.59,317.39,2.500,0.00,50.0
5226.00,-813.90,8324.43,317.39,2.500,0.00,50.0
5227.00,-815.60,8326.27,317.39,2.500,0.00,50.0
5228.00,-817.29,8328.11,317.39,2.500,0.00,50.0
5229.00,-818.98,8329.95,317.39,2.500,0.00,50.0
5230.00,-820.67,8331.79,317.39,2.500,0.00,50.0
5231.00,-822.37,8333.63,317.39,2.500,0.00,50.0
5232.00,-824.06,8335.47,317.39,2.500,0.00,50.0
5233.00,-825.75,8337.31,317.39,2.500,0.00,50.0
5234.00,-827.44,8339.15,317.39,2.500,0.00,50.0
5235.00,-829.14,8340.99,317.39,2.500,0.00,50.0
5236.00,-830.83,8342.83,317.39,2.500,0.00,50.0
5237.00,-832.52,8344.67,317.39,2.500,0.00,50.0
5238.00,-834.21,8346.51,317.39,2.500,0.00,50.0
5239.00,-835.91,8348.35,317.39,2.500,0.00,50.0
5240.00,-837.60,8350.19,317.39,2.500,0.00,50.0
5241.00,-839.29,8352.03,317.39,2.500,0.00,50.0
5242.00,-840.98,8353.87,317.39,2.500,0.00,50.0
5243.00,-842.68,8355.71,317.39,2.500,0.00,50.0
5244.00,-844.37,8357.55,317.39,2.500,0.00,50.0
5245.00,-846.06,8359.39,317.39,2.500,0.00,50.0
5246.00,-847.75,8361.23,317.39,2.500,0.00,50.0
5247.00,-849.45,8363.07,317.39,2.500,0.00,50.0
5248.00,-851.14,8364.91,317.39,2.500,0.00,50.0
5249.00,-852.83,8366.75,317.39,2.500,0.00,50.0
5250.00,-854.52,8368.59,317.39,2.500,0.00,50.0
5251.00,-856.21,8370.43,317.39,2.500,0.00,50.0
5252.00,-857.91,8372.27,317.39,2.500,0.00,50.0
5253.00,-859.60,8374.11,317.39,2.500,0.00,50.0
5254.00,-861.29,8375.95,317.39,2.500,0.00,50.0
5255.00,-862.98,8377.79,317.39,2.500,0.00,50.0
5256.00,-864.68,8379.63,317.39,2.500,0.00,50.0
5257.00,-866.37,8381.47,317.39,2.500,0.00,50.0
5258.00,-868.06,8383.31,317.39,2.500,0.00,50.0
5259.00,-869.75,8385.15,317.39,2.500,0.00,50.0
5260.00,-871.45,8386.99,317.39,2.500,0.00,50.0
5261.00,-873.14,8388.83,317.39,2.500,0.00,50.0
5262.00,-874.83,8390.67,317.39,2.500,0.00,50.0
5263.00,-876.52,8392.51,317.39,2.500,0.00,50.0
5264.00,-878.22,8394.35,317.39,2.500,0.00,50.0
5265.00,-879.91,8396.19,317.39,2.500,0.00,50.0
5266.00,-881.60,8398.03,317.39,2.500,0.00,50.0
5267.00,-883.29,8399.87,317.39,2.500,0.00,50.0
5268.00,-884.99,8401.71,317.39,2.500,0.00,50.0
5269.00,-886.68,8403.55,317.39,2.500,0.00,50.0
5270.00,-888.37,8405.39,317.39,2.500,0.00,50.0
5271.00,-890.06,8407.23,317.39,2.500,0.00,50.0
5272.00,-891.75,8409.07,317.39,2.500,0.00,50.0
5273.00,-893.45,8410.91,317.39,2.500,0.00,50.0
5274.00,-895.14,8412.75,317.39,2.500,0.00,50.0
5275.00,-896.83,8414.59,317.39,2.500,0.00,50.0
5276.00,-898.52,8416.43,317.39,2.500,0.00,50.0
5277.00,-900.22,8418.27,317.39,2.500,0.00,50.0
5278.00,-901.91,8420.11,317.39,2.500,0.00,50.0
5279.00,-903.60,8421.95,317.39,2.500,0.00,50.0
5280.00,-905.29,8423.79,317.39,2.500,0.00,50.0
5281.00,-906.99,8425.63,317.39,2.500,0.00,50.0
5282.00,-908.68,8427.47,317.39,2.500,0.00,50.0
5283.00,-910.37,8429.31,317.39,2.500,0.00,50.0
5284.00,-912.06,8431.15,317.39,2.500,0.00,50.0
5285.00,-913.76,8432.99,317.39,2.500,0.00,50.0
5286.00,-915.45,8434.83,317.39,2.500,0.00,50.0
5287.00,-917.14,8436.67,317.39,2.500,0.00,50.0
5288.00,-918.83,8438.52,317.39,2.500,0.00,50.0
5289.00,-920.53,8440.36,317.39,2.500,0.00,50.0
5290.00,-922.22,8442.20,317.39,2.500,0.00,50.0
5291.00,-923.91,8444.04,317.39,2.500,0.00,50.0
5292.00,-925.60,8445.88,317.39,2.500,0.00,50.0
5293.00,-927.30,8447.72,317.39,2.500,0.00,50.0
5294.00,-928.99,8449.56,317.39,2.500,0.00,50.0
5295.00,-930.68,8451.40,317.39,2.500,0.00,50.0
5296.00,-932.37,8453.24,317.39,2.500,0.00,50.0
5297.00,-934.06,8455.08,317.39,2.500,0.00,50.0
5298.00,-935.76,8456.92,317.39,2.500,0.00,50.0
5299.00,-937.45,8458.76,317.39,2.500,0.00,50.0
5300.00,-939.14,8460.60,317.39,2.500,0.00,50.0
5301.00,-940.83,8462.44,317.39,2.500,0.00,50.0
5302.00,-942.53,8464.28,317.39,2.500,0.00,50.0
5303.00,-944.22,8466.12,317.39,2.500,0.00,50.0
5304.00,-945.91,8467.96,317.39,2.500,0.00,50.0
5305.00,-947.60,8469.80,317.39,2.500,0.00,50.0
5306.00,-949.30,8471.64,317.39,2.500,0.00,50.0
5307.00,-950.99,8473.48,317.39,2.500,0.00,50.0
5308.00,-952.68,8475.32,317.39,2.500,0.00,50.0
5309.00,-954.37,8477.16,317.39,2.500,0.00,50.0
5310.00,-956.07,8479.00,317.39,2.500,0.00,50.0
5311.00,-957.76,8480.84,317.39,2.500,0.00,50.0
5312.00,-959.45,8482.68,317.39,2.500,0.00,50.0
5313.00,-961.14,8484.52,317.39,2.500,0.00,50.0
5314.00,-962.84,8486.36,317.39,2.500,0.00,50.0
5315.00,-964.53,8488.20,317.39,2.500,0.00,50.0
5316.00,-966.22,8490.04,317.39,2.500,0.00,50.0
5317.00,-967.91,8491.88,317.39,2.500,0.00,50.0
5318.00,-969.60,8493.72,317.39,2.500,0.00,50.0
5319.00,-971.30,8495.56,317.39,2.500,0.00,50.0
5320.00,-972.99,8497.40,317.39,2.500,0.00,50.0
5321.00,-974.68,8499.24,317.39,2.500,0.00,50.0
5322.00,-976.37,8501.08,317.39,2.500,0.00,50.0
5323.00,-978.07,8502.92,317.39,2.500,0.00,50.0
5324.00,-979.76,8504.76,317.39,2.500,0.00,50.0
5325.00,-981.45,8506.60,317.39,2.500,0.00,50.0
5326.00,-983.14,8508.44,317.39,2.500,0.00,50.0
5327.00,-984.84,8510.28,317.39,2.500,0.00,50.0
5328.00,-986.53,8512.12,317.39,2.500,0.00,50.0
5329.00,-988.22,8513.96,317.39,2.500,0.00,50.0
5330.00,-989.91,8515.80,317.39,2.500,0.00,50.0
5331.00,-991.61,8517.64,317.39,2.500,0.00,50.0
5332.00,-993.30,8519.48,317.39,2.500,0.00,50.0
5333.00,-994.99,8521.32,317.39,2.500,0.00,50.0
5334.00,-996.68,8523.16,317.39,2.500,0.00,50.0
5335.00,-998.38,8525.00,317.39,2.500,0.00,50.0
5336.00,-1000.07,8526.84,317.39,2.500,0.00,50.0
5337.00,-1001.76,8528.68,317.39,2.500,0.00,50.0
5338.00,-1003.45,8530.52,317.39,2.500,0.00,50.0
5339.00,-1005.15,8532.36,317.39,2.500,0.00,50.0
5340.00,-1006.84,8534.20,317.39,2.500,0.00,50.0
5341.00,-1008.53,8536.04,317.39,2.500,0.00,50.0
5342.00,-1010.22,8537.88,317.39,2.500,0.00,50.0
5343.00,-1011.91,8539.72,317.39,2.500,0.00,50.0
5344.00,-1013.61,8541.56,317.39,2.500,0.00,50.0
5345.00,-1015.30,8543.40,317.39,2.500,0.00,50.0
5346.00,-1016.99,8545.24,317.39,2.500,0.00,50.0
5347.00,-1018.68,8547.08,317.39,2.500,0.00,50.0
5348.00,-1020.38,8548.92,317.39,2.500,0.00,50.0
5349.00,-1022.07,8550.76,317.39,2.500,0.00,50.0
5350.00,-1023.76,8552.60,317.39,2.500,0.00,50.0
5351.00,-1025.45,8554.44,317.39,2.500,0.00,50.0
5352.00,-1027.15,8556.28,317.39,2.500,0.00,50.0
5353.00,-1028.84,8558.12,317.39,2.500,0.00,50.0
5354.00,-1030.53,8559.96,317.39,2.500,0.00,50.0
5355.00,-1032.22,8561.80,317.39,2.500,0.00,50.0
5356.00,-1033.92,8563.64,317.39,2.500,0.00,50.0
5357.00,-1035.61,8565.48,317.39,2.500,0.00,50.0
5358.00,-1037.30,8567.32,317.39,2.500,0.00,50.0
5359.00,-1038.99,8569.16,317.39,2.500,0.00,50.0
5360.00,-1040.69,8571.00,317.39,2.500,0.00,50.0
5361.00,-1042.38,8572.84,317.39,2.500,0.00,50.0
5362.00,-1044.07,8574.68,317.39,2.500,0.00,50.0
5363.00,-1045.76,8576.52,317.39,2.500,0.00,50.0
5364.00,-1047.46,8578.36,317.39,2.500,0.00,50.0
5365.00,-1049.15,8580.20,317.39,2.500,0.00,50.0
5366.00,-1050.84,8582.04,317.39,2.500,0.00,50.0
5367.00,-1052.53,8583.88,317.39,2.500,0.00,50.0
5368.00,-1054.22,8585.72,317.39,2.500,0.00,50.0
5369.00,-1055.92,8587.56,317.39,2.500,0.00,50.0
5370.00,-1057.61,8589.40,317.39,2.500,0.00,50.0
5371.00,-1059.30,8591.24,317.39,2.500,0.00,50.0
5372.00,-1060.99,8593.08,317.39,2.500,0.00,50.0
5373.00,-1062.69,8594.92,317.39,2.500,0.00,50.0
5374.00,-1064.38,8596.76,317.39,2.500,0.00,50.0
5375.00,-1066.07,8598.60,317.39,2.500,0.00,50.0
5376.00,-1067.76,8600.44,317.39,2.500,0.00,50.0
5377.00,-1069.46,8602.28,317.39,2.500,0.00,50.0
5378.00,-1071.15,8604.12,317.39,2.500,0.00,50.0
5379.00,-1072.84,8605.96,317.39,2.500,0.00,50.0
5380.00,-1074.53,8607.80,317.39,2.500,0.00,50.0
5381.00,-1076.23,8609.64,317.39,2.500,0.00,50.0
5382.00,-1077.92,8611.48,317.39,2.500,0.00,50.0
5383.00,-1079.61,8613.32,317.39,2.500,0.00,50.0
5384.00,-1081.30,8615.16,317.39,2.500,0.00,50.0
5385.00,-1083.00,8617.00,317.39,2.500,0.00,50.0
5386.00,-1084.69,8618.84,317.39,2.500,0.00,50.0
5387.00,-1086.38,8620.68,317.39,2.500,0.00,50.0
5388.00,-1088.07,8622.52,317.39,2.500,0.00,50.0
5389.00,-1089.76,8624.36,317.39,2.500,0.00,50.0
5390.00,-1091.46,8626.20,317.39,2.500,0.00,50.0
5391.00,-1093.15,8628.04,317.39,2.500,0.00,50.0
5392.00,-1094.84,8629.88,317.39,2.500,0.00,50.0
5393.00,-1096.53,8631.72,317.39,2.500,0.00,50.0
5394.00,-1098.23,8633.56,317.39,2.500,0.00,50.0
5395.00,-1099.92,8635.40,317.39,2.500,0.00,50.0
5396.00,-1101.61,8637.24,317.39,2.500,0.00,50.0
5397.00,-1103.30,8639.08,317.39,2.500,0.00,50.0
5398.00,-1105.00,8640.92,317.39,2.500,0.00,50.0
5399.00,-1106.69,8642.76,317.39,2.500,0.00,50.0
5400.00,-1108.38,8644.60,317.39,2.500,0.00,50.0
5401.00,-1110.07,8646.44,317.39,2.500,0.00,50.0
5402.00,-1111.77,8648.28,317.39,2.500,0.00,50.0
5403.00,-1113.46,8650.12,317.39,2.500,0.00,50.0
5404.00,-1115.15,8651.96,317.39,2.500,0.00,50.0
5405.00,-1116.84,8653.80,317.39,2.500,0.00,50.0
5406.00,-1118.54,8655.64,317.39,2.500,0.00,50.0
5407.00,-1120.23,8657.48,317.39,2.500,0.00,50.0
5408.00,-1121.92,8659.32,317.39,2.500,0.00,50.0
5409.00,-1123.61,8661.16,317.39,2.500,0.00,50.0
5410.00,-1125.31,8663.00,317.39,2.500,0.00,50.0
5411.00,-1127.00,8664.84,317.39,2.500,0.00,50.0
5412.00,-1128.69,8666.68,317.39,2.500,0.00,50.0
5413.00,-1130.38,8668.52,317.39,2.500,0.00,50.0
5414.00,-1132.07,8670.36,317.39,2.500,0.00,50.0
5415.00,-1133.77,8672.20,317.39,2.500,0.00,50.0
5416.00,-1135.46,8674.04,317.39,2.500,0.00,50.0
5417.00,-1137.15,8675.88,317.39,2.500,0.00,50.0
5418.00,-1138.84,8677.72,317.39,2.500,0.00,50.0
5419.00,-1140.54,8679.56,317.39,2.500,0.00,50.0
5420.00,-1142.23,8681.40,317.39,2.500,0.00,50.0
5421.00,-1143.92,8683.24,317.39,2.500,0.00,50.0
5422.00,-1145.61,8685.08,317.39,2.500,0.00,50.0
5423.00,-1147.31,8686.92,317.39,2.500,0.00,50.0
5424.00,-1149.00,8688.76,317.39,2.500,0.00,50.0
5425.00,-1150.69,8690.60,317.39,2.500,0.00,50.0
5426.00,-1152.38,8692.44,317.39,2.500,0.00,50.0
5427.00,-1154.08,8694.28,317.39,2.500,0.00,50.0
5428.00,-1155.77,8696.12,317.39,2.500,0.00,50.0
5429.00,-1157.46,8697.96,317.39,2.500,0.00,50.0
5430.00,-1159.15,8699.80,317.39,2.500,0.00,50.0
5431.00,-1160.85,8701.64,317.39,2.500,0.00,50.0
5432.00,-1162.54,8703.48,317.39,2.500,0.00,50.0
5433.00,-1164.23,8705.32,317.39,2.500,0.00,50.0
5434.00,-1165.92,8707.16,317.39,2.500,0.00,50.0
5435.00,-1167.62,8709.00,317.39,2.500,0.00,50.0
5436.00,-1169.31,8710.84,317.39,2.500,0.00,50.0
5437.00,-1171.00,8712.68,317.39,2.500,0.00,50.0
5438.00,-1172.69,8714.52,317.39,2.500,0.00,50.0
5439.00,-1174.38,8716.36,317.39,2.500,0.00,50.0
5440.00,-1176.08,8718.20,317.39,2.500,0.00,50.0
5441.00,-1177.77,8720.04,317.39,2.500,0.00,50.0
5442.00,-1179.46,8721.88,317.39,2.500,0.00,50.0
5443.00,-1181.15,8723.72,317.39,2.500,0.00,50.0
5444.00,-1182.85,8725.56,317.39,2.500,0.00,50.0
5445.00,-1184.54,8727.40,317.39,2.500,0.00,50.0
5446.00,-1186.23,8729.24,317.39,2.500,0.00,50.0
5447.00,-1187.92,8731.08,317.39,2.500,0.00,50.0
5448.00,-1189.62,8732.92,317.39,2.500,0.00,50.0
5449.00,-1191.31,8734.76,317.39,2.500,0.00,50.0
5450.00,-1193.00,8736.60,317.39,2.500,0.00,50.0
5451.00,-1194.69,8738.44,317.39,2.500,0.00,50.0
5452.00,-1196.39,8740.28,317.39,2.500,0.00,50.0
5453.00,-1198.08,8742.12,317.39,2.500,0.00,50.0
5454.00,-1199.77,8743.96,317.39,2.500,0.00,50.0
5455.00,-1201.46,8745.80,317.39,2.500,0.00,50.0
5456.00,-1203.16,8747.64,317.39,2.500,0.00,50.0
5457.00,-1204.85,8749.48,317.39,2.500,0.00,50.0
5458.00,-1206.54,8751.32,317.39,2.500,0.00,50.0
5459.00,-1208.23,8753.16,317.39,2.500,0.00,50.0
5460.00,-1209.92,8755.00,317.39,2.500,0.00,50.0
5461.00,-1211.62,8756.84,317.39,2.500,0.00,50.0
5462.00,-1213.31,8758.68,317.39,2.500,0.00,50.0
5463.00,-1215.00,8760.52,317.39,2.500,0.00,50.0
5464.00,-1216.69,8762.36,317.39,2.500,0.00,50.0
5465.00,-1218.39,8764.20,317.39,2.500,0.00,50.0
5466.00,-1220.08,8766.04,317.39,2.500,0.00,50.0
5467.00,-1221.77,8767.88,317.39,2.500,0.00,50.0
5468.00,-1223.46,8769.72,317.39,2.500,0.00,50.0
5469.00,-1225.16,8771.56,317.39,2.500,0.00,50.0
5470.00,-1226.85,8773.41,317.39,2.500,0.00,50.0
5471.00,-1228.54,8775.25,317.39,2.500,0.00,50.0
5472.00,-1230.23,8777.09,317.39,2.500,0.00,50.0
5473.00,-1231.93,8778.93,317.39,2.500,0.00,50.0
5474.00,-1233.62,8780.77,317.39,2.500,0.00,50.0
5475.00,-1235.31,8782.61,317.39,2.500,0.00,50.0
5476.00,-1237.00,8784.45,317.39,2.500,0.00,50.0
5477.00,-1238.70,8786.29,317.39,2.500,0.00,50.0
5478.00,-1240.39,8788.13,317.39,2.500,0.00,50.0
5479.00,-1242.08,8789.97,317.39,2.500,0.00,50.0
5480.00,-1243.77,8791.81,317.39,2.500,0.00,50.0
5481.00,-1245.47,8793.65,317.39,2.500,0.00,50.0
5482.00,-1247.16,8795.49,317.39,2.500,0.00,50.0
5483.00,-1248.85,8797.33,317.39,2.500,0.00,50.0
5484.00,-1250.54,8799.17,317.39,2.500,0.00,50.0
5485.00,-1252.23,8801.01,317.39,2.500,0.00,50.0
5486.00,-1253.93,8802.85,317.39,2.500,0.00,50.0
5487.00,-1255.62,8804.69,317.39,2.500,0.00,50.0
5488.00,-1257.31,8806.53,317.39,2.500,0.00,50.0
5489.00,-1259.00,8808.37,317.39,2.500,0.00,50.0
5490.00,-1260.70,8810.21,317.39,2.500,0.00,50.0
5491.00,-1262.39,8812.05,317.39,2.500,0.00,50.0
5492.00,-1264.08,8813.89,317.39,2.500,0.00,50.0
5493.00,-1265.77,8815.73,317.39,2.500,0.00,50.0
5494.00,-1267.47,8817.57,317.39,2.500,0.00,50.0
5495.00,-1269.16,8819.41,317.39,2.500,0.00,50.0
5496.00,-1270.85,8821.25,317.39,2.500,0.00,50.0
5497.00,-1272.54,8823.09,317.39,2.500,0.00,50.0
5498.00,-1274.24,8824.93,317.39,2.500,0.00,50.0
5499.00,-1275.93,8826.77,317.39,2.500,0.00,50.0
5500.00,-1277.62,8828.61,317.39,2.500,0.00,50.0
5501.00,-1279.31,8830.45,317.39,2.500,0.00,50.0
5502.00,-1281.01,8832.29,317.39,2.500,0.00,50.0
5503.00,-1282.70,8834.13,317.39,2.500,0.00,50.0
5504.00,-1284.39,8835.97,317.39,2.500,0.00,50.0
5505.00,-1286.08,8837.81,317.39,2.500,0.00,50.0
5506.00,-1287.78,8839.65,317.39,2.500,0.00,50.0
5507.00,-1289.47,8841.49,317.39,2.500,0.00,50.0
5508.00,-1291.16,8843.33,317.39,2.500,0.00,50.0
5509.00,-1292.85,8845.17,317.39,2.500,0.00,50.0
5510.00,-1294.54,8847.01,317.39,2.500,0.00,50.0
5511.00,-1296.24,8848.85,317.39,2.500,0.00,50.0
5512.00,-1297.93,8850.69,317.39,2.500,0.00,50.0
5513.00,-1299.62,8852.53,317.39,2.500,0.00,50.0
5514.00,-1301.31,8854.37,317.39,2.500,0.00,50.0
5515.00,-1303.01,8856.21,317.39,2.500,0.00,50.0
5516.00,-1304.70,8858.05,317.39,2.500,0.00,50.0
5517.00,-1306.39,8859.89,317.39,2.500,0.00,50.0
5518.00,-1308.08,8861.73,317.39,2.500,0.00,50.0
5519.00,-1309.78,8863.57,317.39,2.500,0.00,50.0
5520.00,-1311.47,8865.41,317.39,2.500,0.00,50.0
5521.00,-1313.16,8867.25,317.39,2.500,0.00,50.0
5522.00,-1314.85,8869.09,317.39,2.500,0.00,50.0
5523.00,-1316.55,8870.93,317.39,2.500,0.00,50.0
5524.00,-1318.24,8872.77,317.39,2.500,0.00,50.0
5525.00,-1319.93,8874.61,317.39,2.500,0.00,50.0
5526.00,-1321.62,8876.45,317.39,2.500,0.00,50.0
5527.00,-1323.32,8878.29,317.39,2.500,0.00,50.0
5528.00,-1325.01,8880.13,317.39,2.500,0.00,50.0
5529.00,-1326.70,8881.97,317.39,2.500,0.00,50.0
5530.00,-1328.39,8883.81,317.39,2.500,0.00,50.0
5531.00,-1330.08,8885.65,317.39,2.500,0.00,50.0
5532.00,-1331.78,8887.49,317.39,2.500,0.00,50.0
5533.00,-1333.47,8889.33,317.39,2.500,0.00,50.0
5534.00,-1335.16,8891.17,317.39,2.500,0.00,50.0
5535.00,-1336.85,8893.01,317.39,2.500,0.00,50.0
5536.00,-1338.55,8894.85,317.39,2.500,0.00,50.0
5537.00,-1340.24,8896.69,317.39,2.500,0.00,50.0
5538.00,-1341.93,8898.53,317.39,2.500,0.00,50.0
5539.00,-1343.62,8900.37,317.39,2.500,0.00,50.0
5540.00,-1345.32,8902.21,317.39,2.500,0.00,50.0
5541.00,-1347.01,8904.05,317.39,2.500,0.00,50.0
5542.00,-1348.70,8905.89,317.39,2.500,0.00,50.0
5543.00,-1350.39,8907.73,317.39,2.500,0.00,50.0
5544.00,-1352.09,8909.57,317.39,2.500,0.00,50.0
5545.00,-1353.78,8911.41,317.39,2.500,0.00,50.0
5546.00,-1355.47,8913.25,317.39,2.500,0.00,50.0
5547.00,-1357.16,8915.09,317.39,2.500,0.00,50.0
5548.00,-1358.86,8916.93,317.39,2.500,0.00,50.0
5549.00,-1360.55,8918.77,317.39,2.500,0.00,50.0
5550.00,-1362.24,8920.61,317.39,2.500,0.00,50.0
5551.00,-1363.93,8922.45,317.39,2.500,0.00,50.0
5552.00,-1365.63,8924.29,317.39,2.500,0.00,50.0
5553.00,-1367.32,8926.13,317.39,2.500,0.00,50.0
5554.00,-1369.00,8927.96,317.39,2.490,5.00,40.0
5555.00,-1370.68,8929.79,317.40,2.480,5.00,40.0
5556.00,-1372.35,8931.61,317.40,2.471,5.00,40.0
5557.00,-1374.02,8933.42,317.40,2.461,5.00,40.0
5558.00,-1375.68,8935.22,317.41,2.452,5.00,40.0
5559.00,-1377.33,8937.02,317.41,2.443,5.00,40.0
5560.00,-1378.98,8938.81,317.42,2.434,5.00,40.0
5561.00,-1380.62,8940.60,317.43,2.425,5.00,40.0
5562.00,-1382.26,8942.38,317.43,2.417,5.00,40.0
5563.00,-1383.89,8944.15,317.44,2.409,5.00,40.0
5564.00,-1385.51,8945.92,317.45,2.400,5.00,40.0
5565.00,-1387.13,8947.68,317.46,2.392,5.00,40.0
5566.00,-1388.74,8949.44,317.47,2.385,5.00,40.0
5567.00,-1390.35,8951.19,317.48,2.377,5.00,40.0
5568.00,-1391.95,8952.94,317.49,2.369,5.00,40.0
5569.00,-1393.54,8954.68,317.50,2.362,5.00,40.0
5570.00,-1395.13,8956.42,317.52,2.355,5.00,40.0
5571.00,-1396.72,8958.15,317.53,2.348,10.00,40.0
5572.00,-1398.30,8959.87,317.55,2.341,10.00,40.0
5573.00,-1399.88,8961.60,317.56,2.334,10.00,40.0
5574.00,-1401.45,8963.31,317.58,2.327,10.00,40.0
5575.00,-1403.01,8965.03,317.60,2.321,10.00,40.0
5576.00,-1404.57,8966.73,317.62,2.314,10.00,40.0
5577.00,-1406.13,8968.44,317.64,2.308,10.00,40.0
5578.00,-1407.68,8970.14,317.67,2.302,10.00,40.0
5579.00,-1409.22,8971.84,317.69,2.296,10.00,40.0
5580.00,-1410.77,8973.53,317.72,2.290,10.00,40.0
5581.00,-1412.30,8975.22,317.74,2.284,10.00,40.0
5582.00,-1413.83,8976.91,317.77,2.278,10.00,40.0
5583.00,-1415.36,8978.59,317.80,2.273,10.00,40.0
5584.00,-1416.88,8980.27,317.83,2.267,10.00,40.0
5585.00,-1418.40,8981.95,317.86,2.262,10.00,40.0
5586.00,-1419.91,8983.62,317.89,2.252,15.00,35.0
5587.00,-1421.42,8985.28,317.92,2.242,15.00,35.0
5588.00,-1422.91,8986.93,317.96,2.232,15.00,35.0
5589.00,-1424.40,8988.59,318.00,2.222,15.00,35.0
5590.00,-1425.88,8990.23,318.04,2.213,15.00,35.0
5591.00,-1427.35,8991.87,318.08,2.203,15.00,35.0
5592.00,-1428.82,8993.50,318.12,2.194,15.00,35.0
5593.00,-1430.28,8995.13,318.16,2.186,15.00,35.0
5594.00,-1431.73,8996.75,318.21,2.177,15.00,35.0
5595.00,-1433.18,8998.37,318.25,2.168,15.00,35.0
5596.00,-1434.62,8999.98,318.30,2.160,15.00,35.0
5597.00,-1436.05,9001.58,318.35,2.152,15.00,35.0
5598.00,-1437.47,9003.19,318.40,2.144,15.00,35.0
5599.00,-1438.89,9004.78,318.45,2.136,15.00,35.0
5600.00,-1440.30,9006.38,318.50,2.128,15.00,35.0
5601.00,-1441.71,9007.96,318.56,2.121,15.00,35.0
5602.00,-1443.10,9009.55,318.61,2.113,20.00,35.0
5603.00,-1444.50,9011.13,318.67,2.106,20.00,35.0
5604.00,-1445.88,9012.70,318.73,2.099,20.00,35.0
5605.00,-1447.26,9014.28,318.79,2.092,20.00,35.0
5606.00,-1448.64,9015.84,318.85,2.085,20.00,35.0
5607.00,-1450.00,9017.41,318.92,2.078,20.00,35.0
5608.00,-1451.37,9018.97,318.98,2.072,20.00,35.0
5609.00,-1452.72,9020.53,319.05,2.065,20.00,35.0
5610.00,-1454.07,9022.08,319.12,2.059,20.00,35.0
5611.00,-1455.41,9023.64,319.19,2.053,20.00,35.0
5612.00,-1456.75,9025.19,319.26,2.047,20.00,35.0
5613.00,-1458.08,9026.73,319.34,2.041,20.00,35.0
5614.00,-1459.41,9028.28,319.41,2.035,20.00,35.0
5615.00,-1460.73,9029.82,319.49,2.029,20.00,35.0
5616.00,-1462.04,9031.36,319.57,2.024,20.00,35.0
5617.00,-1463.35,9032.89,319.65,2.018,20.00,35.0
5618.00,-1464.66,9034.43,319.73,2.013,25.00,35.0
5619.00,-1465.95,9035.96,319.81,2.008,25.00,35.0
5620.00,-1467.25,9037.49,319.90,2.002,25.00,35.0
5621.00,-1468.53,9039.01,319.98,1.997,25.00,35.0
5622.00,-1469.81,9040.54,320.07,1.992,25.00,35.0
5623.00,-1471.09,9042.06,320.16,1.988,25.00,35.0
5624.00,-1472.36,9043.59,320.26,1.983,25.00,35.0
5625.00,-1473.62,9045.11,320.35,1.978,25.00,35.0
5626.00,-1474.88,9046.63,320.45,1.974,25.00,35.0
5627.00,-1476.14,9048.15,320.54,1.969,25.00,35.0
5628.00,-1477.39,9049.66,320.64,1.965,25.00,35.0
5629.00,-1478.63,9051.18,320.74,1.960,25.00,35.0
5630.00,-1479.87,9052.69,320.84,1.956,25.00,35.0
5631.00,-1481.10,9054.21,320.95,1.952,25.00,35.0
5632.00,-1482.33,9055.72,321.05,1.948,25.00,35.0
5633.00,-1483.55,9057.23,321.16,1.944,25.00,35.0
5634.00,-1484.76,9058.74,321.26,1.935,30.00,30.0
5635.00,-1485.97,9060.24,321.37,1.927,30.00,30.0
5636.00,-1487.17,9061.74,321.49,1.918,30.00,30.0
5637.00,-1488.36,9063.23,321.60,1.910,30.00,30.0
5638.00,-1489.54,9064.73,321.72,1.901,30.00,30.0
5639.00,-1490.71,9066.21,321.83,1.893,30.00,30.0
5640.00,-1491.87,9067.69,321.95,1.886,30.00,30.0
5641.00,-1493.03,9069.17,322.08,1.878,30.00,30.0
5642.00,-1494.18,9070.65,322.20,1.870,30.00,30.0
5643.00,-1495.32,9072.12,322.32,1.863,30.00,30.0
5644.00,-1496.46,9073.59,322.45,1.856,30.00,30.0
5645.00,-1497.58,9075.05,322.58,1.849,30.00,30.0
5646.00,-1498.70,9076.52,322.71,1.842,30.00,30.0
5647.00,-1499.81,9077.98,322.84,1.835,30.00,30.0
5648.00,-1500.92,9079.43,322.97,1.828,30.00,30.0
5649.00,-1502.02,9080.89,323.10,1.821,30.00,30.0
5650.00,-1503.11,9082.34,323.24,1.815,30.00,30.0
5651.00,-1504.19,9083.79,323.37,1.809,30.00,30.0
5652.00,-1505.26,9085.23,323.51,1.803,30.00,30.0
5653.00,-1506.33,9086.68,323.65,1.796,30.00,30.0
5654.00,-1507.39,9088.12,323.79,1.791,30.00,30.0
5655.00,-1508.45,9089.56,323.93,1.785,30.00,30.0
5656.00,-1509.50,9091.00,324.07,1.779,30.00,30.0
5657.00,-1510.54,9092.43,324.21,1.773,30.00,30.0
5658.00,-1511.57,9093.87,324.35,1.768,30.00,30.0
5659.00,-1512.60,9095.30,324.50,1.763,30.00,30.0
5660.00,-1513.62,9096.73,324.64,1.757,30.00,30.0
5661.00,-1514.63,9098.16,324.79,1.752,30.00,30.0
5662.00,-1515.64,9099.59,324.94,1.747,30.00,30.0
5663.00,-1516.64,9101.01,325.08,1.742,30.00,30.0
5664.00,-1517.63,9102.44,325.23,1.737,30.00,30.0
5665.00,-1518.62,9103.86,325.38,1.733,30.00,30.0
5666.00,-1519.60,9105.28,325.53,1.728,30.00,30.0
5667.00,-1520.58,9106.71,325.68,1.723,30.00,30.0
5668.00,-1521.55,9108.12,325.83,1.719,30.00,30.0
5669.00,-1522.51,9109.54,325.98,1.715,30.00,30.0
5670.00,-1523.47,9110.96,326.14,1.710,30.00,30.0
5671.00,-1524.42,9112.38,326.29,1.706,30.00,30.0
5672.00,-1525.36,9113.79,326.44,1.702,30.00,30.0
5673.00,-1526.30,9115.21,326.60,1.698,30.00,30.0
5674.00,-1527.23,9116.62,326.75,1.694,30.00,30.0
5675.00,-1528.16,9118.04,326.91,1.690,30.00,30.0
5676.00,-1529.08,9119.45,327.07,1.686,30.00,30.0
5677.00,-1530.00,9120.86,327.22,1.683,30.00,30.0
5678.00,-1530.91,9122.27,327.38,1.679,30.00,30.0
5679.00,-1531.81,9123.68,327.54,1.675,30.00,30.0
5680.00,-1532.71,9125.09,327.70,1.672,30.00,30.0
5681.00,-1533.60,9126.50,327.85,1.668,30.00,30.0
5682.00,-1534.48,9127.91,328.01,1.665,30.00,30.0
5683.00,-1535.36,9129.32,328.17,1.662,30.00,30.0
5684.00,-1536.24,9130.73,328.33,1.659,30.00,30.0
5685.00,-1537.11,9132.14,328.49,1.655,30.00,30.0
5686.00,-1537.97,9133.55,328.65,1.652,30.00,30.0
5687.00,-1538.83,9134.96,328.81,1.649,30.00,30.0
5688.00,-1539.68,9136.37,328.97,1.646,30.00,30.0
5689.00,-1540.53,9137.78,329.14,1.643,30.00,30.0
5690.00,-1541.37,9139.18,329.30,1.640,30.00,30.0
5691.00,-1542.21,9140.59,329.46,1.638,30.00,30.0
5692.00,-1543.04,9142.00,329.62,1.635,30.00,30.0
5693.00,-1543.86,9143.41,329.79,1.632,30.00,30.0
5694.00,-1544.68,9144.82,329.95,1.630,30.00,30.0
5695.00,-1545.50,9146.22,330.11,1.627,30.00,30.0
5696.00,-1546.31,9147.63,330.28,1.624,30.00,30.0
5697.00,-1547.11,9149.04,330.44,1.622,30.00,30.0
5698.00,-1547.91,9150.45,330.60,1.619,30.00,30.0
5699.00,-1548.70,9151.86,330.77,1.617,30.00,30.0
5700.00,-1549.49,9153.27,330.93,1.615,30.00,30.0
5701.00,-1550.28,9154.68,331.10,1.612,30.00,30.0
5702.00,-1551.05,9156.09,331.26,1.610,30.00,30.0
5703.00,-1551.83,9157.50,331.43,1.608,30.00,30.0
5704.00,-1552.59,9158.91,331.59,1.606,30.00,30.0
5705.00,-1553.36,9160.32,331.76,1.604,30.00,30.0
5706.00,-1554.12,9161.73,331.93,1.602,30.00,30.0
5707.00,-1554.87,9163.14,332.09,1.600,30.00,30.0
5708.00,-1555.62,9164.55,332.26,1.598,30.00,30.0
5709.00,-1556.36,9165.96,332.42,1.596,30.00,30.0
5710.00,-1557.10,9167.38,332.59,1.594,30.00,30.0
5711.00,-1557.83,9168.79,332.76,1.592,30.00,30.0
5712.00,-1558.56,9170.20,332.92,1.590,30.00,30.0
5713.00,-1559.28,9171.62,333.09,1.588,30.00,30.0
5714.00,-1560.00,9173.03,333.26,1.586,30.00,30.0
5715.00,-1560.71,9174.45,333.43,1.585,30.00,30.0
5716.00,-1561.42,9175.86,333.59,1.583,30.00,30.0
5717.00,-1562.12,9177.28,333.76,1.581,30.00,30.0
5718.00,-1562.82,9178.70,333.93,1.580,30.00,30.0
5719.00,-1563.51,9180.11,334.10,1.578,30.00,30.0
5720.00,-1564.20,9181.53,334.26,1.577,30.00,30.0
5721.00,-1564.89,9182.95,334.43,1.575,30.00,30.0
5722.00,-1565.57,9184.37,334.60,1.574,30.00,30.0
5723.00,-1566.24,9185.80,334.77,1.582,25.00,40.0
5724.00,-1566.92,9187.24,334.94,1.590,25.00,40.0
5725.00,-1567.60,9188.69,335.10,1.599,25.00,40.0
5726.00,-1568.28,9190.14,335.27,1.607,25.00,40.0
5727.00,-1568.95,9191.61,335.43,1.615,25.00,40.0
5728.00,-1569.63,9193.09,335.59,1.622,25.00,40.0
5729.00,-1570.30,9194.57,335.76,1.630,25.00,40.0
5730.00,-1570.97,9196.06,335.92,1.637,25.00,40.0
5731.00,-1571.64,9197.56,336.08,1.644,25.00,40.0
5732.00,-1572.31,9199.07,336.24,1.652,25.00,40.0
5733.00,-1572.98,9200.59,336.40,1.659,25.00,40.0
5734.00,-1573.65,9202.12,336.56,1.665,25.00,40.0
5735.00,-1574.31,9203.65,336.72,1.672,25.00,40.0
5736.00,-1574.98,9205.20,336.88,1.689,20.00,50.0
5737.00,-1575.65,9206.77,337.03,1.705,20.00,50.0
5738.00,-1576.32,9208.36,337.19,1.721,20.00,50.0
5739.00,-1576.99,9209.96,337.34,1.736,20.00,50.0
5740.00,-1577.67,9211.57,337.49,1.752,20.00,50.0
5741.00,-1578.35,9213.20,337.65,1.767,20.00,50.0
5742.00,-1579.02,9214.85,337.80,1.781,20.00,50.0
5743.00,-1579.70,9216.51,337.94,1.796,20.00,50.0
5744.00,-1580.38,9218.19,338.09,1.810,20.00,50.0
5745.00,-1581.06,9219.88,338.24,1.824,20.00,50.0
5746.00,-1581.74,9221.59,338.38,1.837,20.00,50.0
5747.00,-1582.42,9223.31,338.53,1.850,20.00,50.0
5748.00,-1583.11,9225.04,338.67,1.863,20.00,50.0
5749.00,-1583.79,9226.79,338.81,1.876,15.00,50.0
5750.00,-1584.47,9228.55,338.95,1.889,15.00,50.0
5751.00,-1585.15,9230.33,339.09,1.901,15.00,50.0
5752.00,-1585.84,9232.11,339.22,1.913,15.00,50.0
5753.00,-1586.52,9233.91,339.36,1.924,15.00,50.0
5754.00,-1587.20,9235.72,339.49,1.936,15.00,50.0
5755.00,-1587.88,9237.55,339.62,1.947,15.00,50.0
5756.00,-1588.57,9239.38,339.75,1.958,15.00,50.0
5757.00,-1589.25,9241.23,339.88,1.969,15.00,50.0
5758.00,-1589.93,9243.09,340.01,1.980,15.00,50.0
5759.00,-1590.61,9244.96,340.13,1.990,15.00,50.0
5760.00,-1591.29,9246.84,340.26,2.000,15.00,50.0
5761.00,-1591.97,9248.73,340.38,2.010,15.00,50.0
5762.00,-1592.65,9250.64,340.50,2.020,15.00,50.0
5763.00,-1593.32,9252.55,340.62,2.030,15.00,50.0
5764.00,-1594.00,9254.47,340.74,2.039,15.00,50.0
5765.00,-1594.68,9256.41,340.86,2.048,15.00,50.0
5766.00,-1595.35,9258.34,340.98,2.047,20.00,40.0
5767.00,-1596.01,9260.28,341.09,2.046,20.00,40.0
5768.00,-1596.68,9262.21,341.21,2.046,20.00,40.0
5769.00,-1597.34,9264.15,341.33,2.045,20.00,40.0
5770.00,-1597.99,9266.08,341.45,2.044,20.00,40.0
5771.00,-1598.64,9268.02,341.56,2.043,20.00,40.0
5772.00,-1599.29,9269.96,341.68,2.042,20.00,40.0
5773.00,-1599.93,9271.89,341.80,2.041,20.00,40.0
5774.00,-1600.56,9273.83,341.91,2.040,20.00,40.0
5775.00,-1601.20,9275.77,342.03,2.040,20.00,40.0
5776.00,-1601.83,9277.71,342.15,2.039,20.00,40.0
5777.00,-1602.45,9279.65,342.26,2.038,20.00,40.0
5778.00,-1603.07,9281.59,342.38,2.037,20.00,40.0
5779.00,-1603.69,9283.53,342.50,2.036,20.00,40.0
5780.00,-1604.30,9285.47,342.61,2.036,20.00,40.0
5781.00,-1604.91,9287.41,342.73,2.035,25.00,40.0
5782.00,-1605.51,9289.36,342.85,2.034,25.00,40.0
5783.00,-1606.11,9291.30,342.97,2.034,25.00,40.0
5784.00,-1606.71,9293.24,343.09,2.033,25.00,40.0
5785.00,-1607.30,9295.19,343.21,2.032,25.00,40.0
5786.00,-1607.89,9297.13,343.33,2.032,25.00,40.0
5787.00,-1608.47,9299.08,343.45,2.031,25.00,40.0
5788.00,-1609.05,9301.03,343.58,2.030,25.00,40.0
5789.00,-1609.62,9302.97,343.70,2.030,25.00,40.0
5790.00,-1610.19,9304.92,343.82,2.029,25.00,40.0
5791.00,-1610.76,9306.87,343.95,2.029,25.00,40.0
5792.00,-1611.32,9308.82,344.07,2.028,25.00,40.0
5793.00,-1611.87,9310.77,344.20,2.027,25.00,40.0
5794.00,-1612.42,9312.72,344.33,2.027,25.00,40.0
5795.00,-1612.97,9314.67,344.45,2.026,25.00,40.0
5796.00,-1613.51,9316.62,344.58,2.026,25.00,40.0
5797.00,-1614.05,9318.57,344.71,2.025,25.00,40.0
5798.00,-1614.59,9320.53,344.84,2.025,25.00,40.0
5799.00,-1615.12,9322.48,344.97,2.024,25.00,40.0
5800.00,-1615.64,9324.43,345.10,2.024,25.00,40.0
5801.00,-1616.16,9326.39,345.23,2.023,25.00,40.0
5802.00,-1616.68,9328.35,345.36,2.023,25.00,40.0
5803.00,-1617.19,9330.30,345.49,2.022,25.00,40.0
5804.00,-1617.70,9332.26,345.62,2.022,25.00,40.0
5805.00,-1618.20,9334.22,345.75,2.022,25.00,40.0
5806.00,-1618.70,9336.18,345.88,2.021,25.00,40.0
5807.00,-1619.19,9338.14,346.01,2.021,25.00,40.0
5808.00,-1619.68,9340.10,346.15,2.020,25.00,40.0
5809.00,-1620.16,9342.06,346.28,2.020,25.00,40.0
5810.00,-1620.64,9344.02,346.41,2.019,25.00,40.0
5811.00,-1621.11,9345.98,346.55,2.019,25.00,40.0
5812.00,-1621.58,9347.95,346.68,2.019,25.00,40.0
5813.00,-1622.05,9349.91,346.81,2.018,25.00,40.0
5814.00,-1622.51,9351.88,346.95,2.018,25.00,40.0
5815.00,-1622.96,9353.84,347.08,2.018,25.00,40.0
5816.00,-1623.42,9355.81,347.22,2.017,25.00,40.0
5817.00,-1623.86,9357.77,347.35,2.017,25.00,40.0
5818.00,-1624.30,9359.74,347.49,2.017,25.00,40.0
5819.00,-1624.74,9361.71,347.63,2.016,25.00,40.0
5820.00,-1625.17,9363.68,347.76,2.016,25.00,40.0
5821.00,-1625.60,9365.65,347.90,2.016,25.00,40.0
5822.00,-1626.02,9367.62,348.03,2.015,25.00,40.0
5823.00,-1626.44,9369.59,348.17,2.015,25.00,40.0
5824.00,-1626.85,9371.56,348.31,2.015,25.00,40.0
5825.00,-1627.26,9373.53,348.45,2.014,25.00,40.0
5826.00,-1627.66,9375.51,348.58,2.014,25.00,40.0
5827.00,-1628.06,9377.48,348.72,2.014,25.00,40.0
5828.00,-1628.46,9379.46,348.86,2.014,25.00,40.0
5829.00,-1628.85,9381.43,349.00,2.013,25.00,40.0
5830.00,-1629.23,9383.41,349.13,2.013,25.00,40.0
5831.00,-1629.61,9385.38,349.27,2.013,25.00,40.0
5832.00,-1629.98,9387.36,349.41,2.012,25.00,40.0
5833.00,-1630.35,9389.34,349.55,2.012,25.00,40.0
5834.00,-1630.72,9391.32,349.69,2.012,25.00,40.0
5835.00,-1631.08,9393.30,349.83,2.012,25.00,40.0
5836.00,-1631.43,9395.28,349.97,2.012,25.00,40.0
5837.00,-1631.78,9397.26,350.10,2.011,25.00,40.0
5838.00,-1632.13,9399.24,350.24,2.011,25.00,40.0
5839.00,-1632.47,9401.22,350.38,2.011,25.00,40.0
5840.00,-1632.81,9403.20,350.52,2.011,25.00,40.0
5841.00,-1633.14,9405.19,350.66,2.010,25.00,40.0
5842.00,-1633.46,9407.17,350.80,2.010,25.00,40.0
5843.00,-1633.79,9409.15,350.94,2.010,25.00,40.0
5844.00,-1634.10,9411.14,351.08,2.010,25.00,40.0
5845.00,-1634.41,9413.12,351.22,2.010,25.00,40.0
5846.00,-1634.72,9415.11,351.36,2.009,25.00,40.0
5847.00,-1635.02,9417.10,351.50,2.009,25.00,40.0
5848.00,-1635.32,9419.08,351.64,2.009,25.00,40.0
5849.00,-1635.61,9421.07,351.78,2.009,25.00,40.0
5850.00,-1635.90,9423.06,351.92,2.009,25.00,40.0
5851.00,-1636.18,9425.05,352.06,2.009,25.00,40.0
5852.00,-1636.46,9427.04,352.20,2.008,25.00,40.0
5853.00,-1636.73,9429.03,352.34,2.008,25.00,40.0
5854.00,-1637.00,9431.02,352.48,2.008,25.00,40.0
5855.00,-1637.26,9433.01,352.63,2.008,25.00,40.0
5856.00,-1637.52,9435.00,352.77,2.008,25.00,40.0
5857.00,-1637.77,9436.99,352.91,2.008,25.00,40.0
5858.00,-1638.02,9438.98,353.05,2.007,25.00,40.0
5859.00,-1638.26,9440.97,353.19,2.007,25.00,40.0
5860.00,-1638.50,9442.97,353.33,2.007,25.00,40.0
5861.00,-1638.73,9444.96,353.47,2.007,25.00,40.0
5862.00,-1638.96,9446.95,353.61,2.007,25.00,40.0
5863.00,-1639.18,9448.95,353.75,2.007,25.00,40.0
5864.00,-1639.40,9450.94,353.90,2.007,25.00,40.0
5865.00,-1639.62,9452.94,354.04,2.006,25.00,40.0
5866.00,-1639.82,9454.93,354.18,2.006,25.00,40.0
5867.00,-1640.03,9456.93,354.32,2.006,25.00,40.0
5868.00,-1640.23,9458.93,354.46,2.006,25.00,40.0
5869.00,-1640.42,9460.92,354.60,2.006,25.00,40.0
5870.00,-1640.61,9462.92,354.74,2.006,25.00,40.0
5871.00,-1640.79,9464.92,354.89,2.006,25.00,40.0
5872.00,-1640.97,9466.91,355.03,2.006,25.00,40.0
5873.00,-1641.14,9468.91,355.17,2.005,25.00,40.0
5874.00,-1641.31,9470.91,355.31,2.005,25.00,40.0
5875.00,-1641.48,9472.91,355.45,2.005,25.00,40.0
5876.00,-1641.64,9474.91,355.59,2.005,25.00,40.0
5877.00,-1641.79,9476.91,355.74,2.005,25.00,40.0
5878.00,-1641.94,9478.91,355.88,2.005,25.00,40.0
5879.00,-1642.08,9480.91,356.02,2.005,25.00,40.0
5880.00,-1642.22,9482.91,356.16,2.005,25.00,40.0
5881.00,-1642.36,9484.91,356.30,2.005,25.00,40.0
5882.00,-1642.49,9486.91,356.45,2.005,25.00,40.0
5883.00,-1642.61,9488.91,356.59,2.004,25.00,40.0
5884.00,-1642.73,9490.91,356.73,2.004,25.00,40.0
5885.00,-1642.84,9492.91,356.87,2.004,25.00,40.0
5886.00,-1642.95,9494.91,357.01,2.004,25.00,40.0
5887.00,-1643.06,9496.91,357.16,2.004,25.00,40.0
5888.00,-1643.16,9498.91,357.30,2.004,25.00,40.0
5889.00,-1643.25,9500.91,357.44,2.004,25.00,40.0
5890.00,-1643.34,9502.92,357.58,2.004,25.00,40.0
5891.00,-1643.43,9504.92,357.73,2.004,25.00,40.0
5892.00,-1643.51,9506.92,357.87,2.004,25.00,40.0
5893.00,-1643.58,9508.92,358.01,2.004,25.00,40.0
5894.00,-1643.65,9510.93,358.15,2.004,25.00,40.0
5895.00,-1643.71,9512.93,358.29,2.003,25.00,40.0
5896.00,-1643.77,9514.93,358.44,2.003,25.00,40.0
5897.00,-1643.83,9516.93,358.58,2.003,25.00,40.0
5898.00,-1643.88,9518.94,358.72,2.003,25.00,40.0
5899.00,-1643.92,9520.94,358.86,2.003,25.00,40.0
5900.00,-1643.96,9522.94,359.01,2.003,25.00,40.0
5901.00,-1644.00,9524.94,359.15,2.003,25.00,40.0
5902.00,-1644.03,9526.95,359.29,2.003,25.00,40.0
5903.00,-1644.05,9528.95,359.43,2.003,25.00,40.0
5904.00,-1644.07,9530.95,359.58,2.003,25.00,40.0
5905.00,-1644.09,9532.95,359.72,2.003,25.00,40.0
5906.00,-1644.10,9534.96,359.86,2.003,25.00,40.0
5907.00,-1644.10,9536.96,0.00,2.003,25.00,40.0
5908.00,-1644.10,9538.96,0.15,2.003,25.00,40.0
5909.00,-1644.10,9540.97,0.29,2.003,25.00,40.0
5910.00,-1644.09,9542.97,0.43,2.003,25.00,40.0
5911.00,-1644.07,9544.97,0.57,2.003,25.00,40.0
5912.00,-1644.05,9546.97,0.72,2.002,25.00,40.0
5913.00,-1644.03,9548.98,0.86,2.002,25.00,40.0
5914.00,-1644.00,9550.98,1.00,2.002,25.00,40.0
5915.00,-1643.96,9552.98,1.14,2.002,25.00,40.0
5916.00,-1643.92,9554.98,1.29,2.002,25.00,40.0
5917.00,-1643.88,9556.98,1.43,2.002,25.00,40.0
5918.00,-1643.83,9558.98,1.57,2.002,25.00,40.0
5919.00,-1643.77,9560.99,1.71,2.002,25.00,40.0
5920.00,-1643.71,9562.99,1.86,2.002,25.00,40.0
5921.00,-1643.65,9564.99,2.00,2.002,25.00,40.0
5922.00,-1643.58,9566.99,2.14,2.002,25.00,40.0
5923.00,-1643.50,9568.99,2.29,2.002,25.00,40.0
5924.00,-1643.42,9570.99,2.43,2.002,25.00,40.0
5925.00,-1643.34,9572.99,2.57,2.002,25.00,40.0
5926.00,-1643.25,9574.99,2.71,2.002,25.00,40.0
5927.00,-1643.15,9576.99,2.86,2.002,25.00,40.0
5928.00,-1643.05,9578.99,3.00,2.002,25.00,40.0
5929.00,-1642.95,9580.99,3.14,2.002,25.00,40.0
5930.00,-1642.84,9582.99,3.28,2.002,25.00,40.0
5931.00,-1642.72,9584.99,3.43,2.002,25.00,40.0
5932.00,-1642.60,9586.98,3.57,2.002,25.00,40.0
5933.00,-1642.48,9588.98,3.71,2.002,25.00,40.0
5934.00,-1642.35,9590.98,3.85,2.002,25.00,40.0
5935.00,-1642.21,9592.98,4.00,2.002,25.00,40.0
5936.00,-1642.07,9594.97,4.14,2.002,25.00,40.0
5937.00,-1641.93,9596.97,4.28,2.001,25.00,40.0
5938.00,-1641.78,9598.96,4.43,2.001,25.00,40.0
5939.00,-1641.63,9600.96,4.57,2.001,25.00,40.0
5940.00,-1641.47,9602.95,4.71,2.001,25.00,40.0
5941.00,-1641.30,9604.95,4.85,2.001,25.00,40.0
5942.00,-1641.13,9606.94,5.00,2.001,25.00,40.0
5943.00,-1640.96,9608.94,5.14,2.001,25.00,40.0
5944.00,-1640.78,9610.93,5.28,2.001,25.00,40.0
5945.00,-1640.60,9612.92,5.43,2.001,25.00,40.0
5946.00,-1640.41,9614.92,5.57,2.001,25.00,40.0
5947.00,-1640.21,9616.91,5.71,2.001,25.00,40.0
5948.00,-1640.01,9618.90,5.85,2.001,25.00,40.0
5949.00,-1639.81,9620.89,6.00,2.001,25.00,40.0
5950.00,-1639.60,9622.88,6.14,2.001,25.00,40.0
5951.00,-1639.39,9624.87,6.28,2.001,25.00,40.0
5952.00,-1639.17,9626.86,6.42,2.001,25.00,40.0
5953.00,-1638.94,9628.85,6.57,2.001,25.00,40.0
5954.00,-1638.71,9630.83,6.71,2.001,25.00,40.0
5955.00,-1638.48,9632.82,6.85,2.001,25.00,40.0
5956.00,-1638.24,9634.81,7.00,2.001,25.00,40.0
5957.00,-1638.00,9636.80,7.14,2.001,25.00,40.0
5958.00,-1637.75,9638.78,7.28,2.001,25.00,40.0
5959.00,-1637.50,9640.77,7.42,2.001,25.00,40.0
5960.00,-1637.24,9642.75,7.57,2.001,25.00,40.0
5961.00,-1636.97,9644.73,7.71,2.001,25.00,40.0
5962.00,-1636.71,9646.72,7.85,2.001,25.00,40.0
5963.00,-1636.43,9648.70,8.00,2.001,25.00,40.0
5964.00,-1636.15,9650.68,8.14,2.001,25.00,40.0
5965.00,-1635.87,9652.66,8.28,2.001,25.00,40.0
5966.00,-1635.58,9654.64,8.42,2.001,25.00,40.0
5967.00,-1635.29,9656.62,8.57,2.001,25.00,40.0
5968.00,-1634.99,9658.60,8.71,2.001,25.00,40.0
5969.00,-1634.69,9660.58,8.85,2.001,25.00,40.0
5970.00,-1634.38,9662.55,8.99,2.001,25.00,40.0
5971.00,-1634.07,9664.53,9.14,2.001,25.00,40.0
5972.00,-1633.75,9666.50,9.28,2.001,25.00,40.0
5973.00,-1633.43,9668.48,9.42,2.001,25.00,40.0
5974.00,-1633.10,9670.45,9.57,2.001,25.00,40.0
5975.00,-1632.77,9672.43,9.71,2.001,25.00,40.0
5976.00,-1632.43,9674.40,9.85,2.001,25.00,40.0
5977.00,-1632.09,9676.37,9.99,2.001,25.00,40.0
5978.00,-1631.74,9678.34,10.14,2.001,25.00,40.0
5979.00,-1631.39,9680.31,10.28,2.001,25.00,40.0
5980.00,-1631.03,9682.28,10.42,2.001,25.00,40.0
5981.00,-1630.67,9684.24,10.57,2.001,25.00,40.0
5982.00,-1630.30,9686.21,10.71,2.001,25.00,40.0
5983.00,-1629.93,9688.18,10.85,2.001,25.00,40.0
5984.00,-1629.55,9690.14,10.99,2.001,25.00,40.0
5985.00,-1629.17,9692.11,11.14,2.001,25.00,40.0
5986.00,-1628.79,9694.07,11.28,2.001,25.00,40.0
5987.00,-1628.39,9696.03,11.42,2.001,25.00,40.0
5988.00,-1628.00,9697.99,11.57,2.001,25.00,40.0
5989.00,-1627.60,9699.95,11.71,2.001,25.00,40.0
5990.00,-1627.19,9701.91,11.85,2.001,25.00,40.0
5991.00,-1626.78,9703.87,11.99,2.001,20.00,40.0
5992.00,-1626.36,9705.82,12.13,2.000,20.00,40.0
5993.00,-1625.94,9707.78,12.27,2.000,20.00,40.0
5994.00,-1625.52,9709.73,12.41,2.000,15.00,40.0
5995.00,-1625.09,9711.69,12.55,2.000,15.00,40.0
5996.00,-1624.65,9713.64,12.68,2.000,15.00,40.0
5997.00,-1624.21,9715.59,12.82,2.000,10.00,40.0
5998.00,-1623.77,9717.54,12.95,2.000,10.00,40.0
5999.00,-1623.32,9719.49,13.07,2.000,10.00,40.0
6000.00,-1622.87,9721.44,13.20,2.000,5.00,40.0
6001.00,-1622.41,9723.39,13.32,2.000,5.00,40.0
6002.00,-1621.95,9725.34,13.44,2.000,5.00,40.0
6003.00,-1621.49,9727.28,13.55,2.000,0.00,40.0
6004.00,-1621.02,9729.23,13.66,2.000,0.00,40.0
6005.00,-1620.55,9731.17,13.77,2.000,0.00,40.0
6006.00,-1620.07,9733.11,13.87,2.000,-5.00,40.0
6007.00,-1619.59,9735.05,13.97,2.000,-5.00,40.0
6008.00,-1619.11,9737.00,14.06,2.000,-5.00,40.0
6009.00,-1618.62,9738.94,14.15,2.000,-10.00,40.0
6010.00,-1618.13,9740.88,14.23,2.000,-10.00,40.0
6011.00,-1617.64,9742.82,14.31,2.000,-10.00,40.0
6012.00,-1617.15,9744.75,14.38,2.000,-15.00,40.0
6013.00,-1616.65,9746.69,14.45,2.000,-15.00,40.0
6014.00,-1616.15,9748.63,14.51,2.000,-15.00,40.0
6015.00,-1615.65,9750.56,14.57,2.000,-20.00,40.0
6016.00,-1615.15,9752.50,14.62,2.000,-20.00,40.0
6017.00,-1614.64,9754.44,14.67,2.000,-20.00,40.0
6018.00,-1614.14,9756.37,14.71,2.000,-25.00,40.0
6019.00,-1613.63,9758.31,14.74,2.000,-25.00,40.0
6020.00,-1613.12,9760.24,14.77,2.000,-25.00,40.0
6021.00,-1612.61,9762.17,14.79,2.000,-30.00,40.0
6022.00,-1612.10,9764.11,14.80,2.000,-30.00,40.0
6023.00,-1611.59,9766.04,14.81,2.000,-30.00,40.0
6024.00,-1611.08,9767.98,14.81,2.000,-35.00,40.0
6025.00,-1610.56,9769.91,14.81,2.000,-35.00,40.0
6026.00,-1610.05,9771.84,14.80,2.000,-35.00,40.0
6027.00,-1609.54,9773.78,14.78,2.000,-35.00,40.0
6028.00,-1609.03,9775.71,14.75,2.000,-35.00,40.0
6029.00,-1608.52,9777.65,14.72,2.000,-35.00,40.0
6030.00,-1608.01,9779.58,14.69,2.000,-35.00,40.0
6031.00,-1607.51,9781.52,14.65,2.000,-35.00,40.0
6032.00,-1607.00,9783.45,14.60,2.000,-35.00,40.0
6033.00,-1606.50,9785.39,14.55,2.000,-35.00,40.0
6034.00,-1606.00,9787.32,14.49,2.000,-35.00,40.0
6035.00,-1605.49,9789.26,14.43,2.000,-35.00,40.0
6036.00,-1605.00,9791.20,14.36,2.000,-35.00,40.0
6037.00,-1604.50,9793.13,14.29,2.000,-35.00,40.0
6038.00,-1604.01,9795.07,14.22,2.000,-35.00,40.0
6039.00,-1603.52,9797.01,14.14,2.000,-35.00,40.0
6040.00,-1603.03,9798.95,14.06,2.000,-35.00,40.0
6041.00,-1602.54,9800.89,13.97,2.000,-35.00,40.0
6042.00,-1602.06,9802.83,13.88,2.000,-35.00,40.0
6043.00,-1601.58,9804.77,13.79,2.000,-35.00,40.0
6044.00,-1601.10,9806.72,13.69,2.000,-35.00,40.0
6045.00,-1600.63,9808.66,13.59,2.000,-35.00,40.0
6046.00,-1600.16,9810.60,13.48,2.000,-35.00,40.0
6047.00,-1599.69,9812.55,13.37,2.000,-35.00,40.0
6048.00,-1599.23,9814.49,13.26,2.000,-35.00,40.0
6049.00,-1598.77,9816.44,13.15,2.000,-35.00,40.0
6050.00,-1598.32,9818.39,13.03,2.000,-35.00,40.0
6051.00,-1597.86,9820.34,12.91,2.000,-35.00,40.0
6052.00,-1597.42,9822.29,12.79,2.000,-35.00,40.0
6053.00,-1596.97,9824.24,12.67,2.000,-35.00,40.0
6054.00,-1596.54,9826.19,12.54,2.000,-35.00,40.0
6055.00,-1596.10,9828.14,12.41,2.000,-35.00,40.0
6056.00,-1595.67,9830.10,12.28,2.000,-35.00,40.0
6057.00,-1595.25,9832.05,12.14,2.000,-35.00,40.0
6058.00,-1594.83,9834.01,12.01,2.000,-35.00,40.0
6059.00,-1594.41,9835.96,11.87,2.000,-35.00,40.0
6060.00,-1594.00,9837.92,11.73,2.000,-35.00,40.0
6061.00,-1593.59,9839.88,11.59,2.000,-35.00,40.0
6062.00,-1593.19,9841.84,11.44,2.000,-35.00,40.0
6063.00,-1592.79,9843.80,11.29,2.000,-35.00,40.0
6064.00,-1592.40,9845.76,11.15,2.000,-35.00,40.0
6065.00,-1592.02,9847.72,11.00,2.000,-35.00,40.0
6066.00,-1591.63,9849.68,10.85,2.000,-35.00,40.0
6067.00,-1591.26,9851.65,10.69,2.000,-35.00,40.0
6068.00,-1590.89,9853.61,10.54,2.000,-35.00,40.0
6069.00,-1590.52,9855.58,10.38,2.000,-35.00,40.0
6070.00,-1590.16,9857.55,10.22,2.000,-35.00,40.0
6071.00,-1589.81,9859.52,10.06,2.000,-35.00,40.0
6072.00,-1589.46,9861.49,9.90,2.000,-35.00,40.0
6073.00,-1589.11,9863.46,9.74,2.000,-35.00,40.0
6074.00,-1588.77,9865.43,9.58,2.000,-35.00,40.0
6075.00,-1588.44,9867.40,9.41,2.000,-35.00,40.0
6076.00,-1588.11,9869.37,9.25,2.000,-35.00,40.0
6077.00,-1587.79,9871.35,9.08,2.000,-35.00,40.0
6078.00,-1587.48,9873.32,8.91,2.000,-35.00,40.0
6079.00,-1587.17,9875.30,8.75,2.000,-35.00,40.0
6080.00,-1586.86,9877.27,8.58,2.000,-35.00,40.0
6081.00,-1586.56,9879.25,8.41,2.000,-35.00,40.0
6082.00,-1586.27,9881.23,8.23,2.000,-35.00,40.0
6083.00,-1585.98,9883.21,8.06,2.000,-35.00,40.0
6084.00,-1585.70,9885.19,7.89,2.000,-35.00,40.0
6085.00,-1585.43,9887.17,7.71,2.000,-35.00,40.0
6086.00,-1585.16,9889.15,7.54,2.000,-35.00,40.0
6087.00,-1584.90,9891.14,7.36,2.000,-35.00,40.0
6088.00,-1584.64,9893.12,7.18,2.000,-35.00,40.0
6089.00,-1584.39,9895.10,7.01,2.000,-35.00,40.0
6090.00,-1584.15,9897.09,6.83,2.000,-35.00,40.0
6091.00,-1583.91,9899.08,6.65,2.000,-35.00,40.0
6092.00,-1583.68,9901.06,6.47,2.000,-35.00,40.0
6093.00,-1583.45,9903.05,6.29,2.000,-35.00,40.0
6094.00,-1583.24,9905.04,6.11,2.000,-35.00,40.0
6095.00,-1583.02,9907.03,5.92,2.000,-35.00,40.0
6096.00,-1582.82,9909.02,5.74,2.000,-35.00,40.0
6097.00,-1582.62,9911.01,5.56,2.000,-35.00,40.0
6098.00,-1582.42,9913.00,5.38,2.000,-35.00,40.0
6099.00,-1582.23,9914.99,5.19,2.000,-30.00,40.0
6100.00,-1582.05,9916.98,5.01,2.000,-30.00,40.0
6101.00,-1581.88,9918.97,4.83,2.000,-30.00,40.0
6102.00,-1581.71,9920.96,4.65,2.000,-30.00,40.0
6103.00,-1581.55,9922.96,4.46,2.000,-30.00,40.0
6104.00,-1581.39,9924.95,4.28,2.000,-30.00,40.0
6105.00,-1581.24,9926.95,4.10,2.000,-30.00,40.0
6106.00,-1581.10,9928.94,3.92,2.000,-30.00,40.0
6107.00,-1580.96,9930.94,3.74,2.000,-30.00,40.0
6108.00,-1580.83,9932.93,3.56,2.000,-30.00,40.0
6109.00,-1580.71,9934.93,3.38,2.000,-30.00,40.0
6110.00,-1580.59,9936.93,3.20,2.000,-30.00,40.0
6111.00,-1580.48,9938.92,3.02,2.000,-30.00,40.0
6112.00,-1580.37,9940.92,2.84,2.000,-30.00,40.0
6113.00,-1580.28,9942.92,2.66,2.000,-30.00,40.0
6114.00,-1580.18,9944.91,2.48,2.000,-30.00,40.0
6115.00,-1580.10,9946.91,2.31,2.000,-25.00,40.0
6116.00,-1580.01,9948.91,2.13,2.000,-25.00,40.0
6117.00,-1579.94,9950.91,1.96,2.000,-25.00,40.0
6118.00,-1579.87,9952.91,1.78,2.000,-25.00,40.0
6119.00,-1579.81,9954.91,1.61,2.000,-25.00,40.0
6120.00,-1579.75,9956.91,1.44,2.000,-25.00,40.0
6121.00,-1579.70,9958.91,1.27,2.000,-25.00,40.0
6122.00,-1579.66,9960.91,1.10,2.000,-25.00,40.0
6123.00,-1579.62,9962.91,0.93,2.000,-25.00,40.0
6124.00,-1579.59,9964.91,0.76,2.000,-25.00,40.0
6125.00,-1579.56,9966.91,0.59,2.000,-25.00,40.0
6126.00,-1579.54,9968.91,0.42,2.000,-25.00,40.0
6127.00,-1579.53,9970.91,0.26,2.000,-25.00,40.0
6128.00,-1579.52,9972.91,0.09,2.000,-25.00,40.0
6129.00,-1579.51,9974.91,359.93,2.000,-25.00,40.0
6130.00,-1579.52,9976.91,359.77,2.000,-25.00,40.0
6131.00,-1579.53,9978.91,359.60,2.000,-25.00,40.0
6132.00,-1579.54,9980.91,359.44,2.000,-25.00,40.0
6133.00,-1579.56,9982.91,359.28,2.000,-25.00,40.0
6134.00,-1579.58,9984.91,359.12,2.000,-25.00,40.0
6135.00,-1579.61,9986.90,358.96,2.000,-25.00,40.0
6136.00,-1579.65,9988.90,358.80,2.000,-20.00,40.0
6137.00,-1579.69,9990.90,358.64,2.000,-20.00,40.0
6138.00,-1579.74,9992.90,358.49,2.000,-20.00,40.0
6139.00,-1579.79,9994.90,358.33,2.000,-20.00,40.0
6140.00,-1579.85,9996.90,358.18,2.000,-20.00,40.0
6141.00,-1579.91,9998.90,358.03,2.000,-20.00,40.0
6142.00,-1579.98,10000.90,357.88,2.000,-20.00,40.0
6143.00,-1580.06,10002.90,357.73,2.000,-20.00,40.0
6144.00,-1580.14,10004.90,357.58,2.000,-20.00,40.0
6145.00,-1580.22,10006.90,357.43,2.000,-20.00,40.0
6146.00,-1580.31,10008.89,357.29,2.000,-20.00,40.0
6147.00,-1580.41,10010.89,357.14,2.000,-20.00,40.0
6148.00,-1580.51,10012.89,357.00,2.000,-20.00,40.0
6149.00,-1580.61,10014.89,356.85,2.000,-20.00,40.0
6150.00,-1580.72,10016.88,356.71,2.000,-20.00,40.0
6151.00,-1580.84,10018.88,356.57,2.000,-20.00,40.0
6152.00,-1580.95,10020.88,356.43,2.000,-20.00,40.0
6153.00,-1581.08,10022.87,356.29,2.000,-20.00,40.0
6154.00,-1581.21,10024.87,356.15,2.000,-20.00,40.0
6155.00,-1581.34,10026.86,356.01,2.000,-20.00,40.0
6156.00,-1581.48,10028.86,355.88,2.000,-15.00,40.0
6157.00,-1581.63,10030.85,355.74,2.000,-15.00,40.0
6158.00,-1581.77,10032.85,355.61,2.000,-15.00,40.0
6159.00,-1581.93,10034.84,355.48,2.000,-15.00,40.0
6160.00,-1582.08,10036.84,355.35,2.000,-15.00,40.0
6161.00,-1582.25,10038.83,355.22,2.000,-15.00,40.0
6162.00,-1582.41,10040.82,355.10,2.000,-15.00,40.0
6163.00,-1582.58,10042.82,354.97,2.000,-15.00,40.0
6164.00,-1582.76,10044.81,354.85,2.000,-15.00,40.0
6165.00,-1582.94,10046.80,354.72,2.000,-15.00,40.0
6166.00,-1583.12,10048.79,354.60,2.000,-15.00,40.0
6167.00,-1583.31,10050.78,354.48,2.000,-15.00,40.0
6168.00,-1583.50,10052.77,354.36,2.000,-15.00,40.0
6169.00,-1583.70,10054.76,354.25,2.000,-15.00,40.0
6170.00,-1583.90,10056.75,354.13,2.000,-15.00,40.0
6171.00,-1584.11,10058.74,354.01,2.000,-10.00,40.0
6172.00,-1584.31,10060.73,353.90,2.000,-10.00,40.0
6173.00,-1584.53,10062.72,353.79,2.000,-10.00,40.0
6174.00,-1584.74,10064.71,353.68,2.000,-10.00,40.0
6175.00,-1584.96,10066.70,353.57,2.000,-10.00,40.0
6176.00,-1585.19,10068.68,353.47,2.000,-10.00,40.0
6177.00,-1585.41,10070.67,353.36,2.000,-10.00,40.0
6178.00,-1585.65,10072.66,353.26,2.000,-10.00,40.0
6179.00,-1585.88,10074.64,353.16,2.000,-10.00,40.0
6180.00,-1586.12,10076.63,353.06,2.000,-10.00,40.0
6181.00,-1586.36,10078.62,352.96,2.000,-10.00,40.0
6182.00,-1586.61,10080.60,352.86,2.000,-10.00,40.0
6183.00,-1586.85,10082.58,352.77,2.000,-10.00,40.0
6184.00,-1587.11,10084.57,352.67,2.000,-10.00,40.0
6185.00,-1587.36,10086.55,352.58,2.000,-10.00,40.0
6186.00,-1587.62,10088.54,352.49,2.000,-10.00,40.0
6187.00,-1587.88,10090.52,352.40,2.000,-5.00,40.0
6188.00,-1588.14,10092.50,352.31,2.000,-5.00,40.0
6189.00,-1588.41,10094.48,352.22,2.000,-5.00,40.0
6190.00,-1588.68,10096.46,352.14,2.000,-5.00,40.0
6191.00,-1588.96,10098.45,352.06,2.000,-5.00,40.0
6192.00,-1589.23,10100.43,351.98,2.000,-5.00,40.0
6193.00,-1589.51,10102.41,351.90,2.000,-5.00,40.0
6194.00,-1589.79,10104.39,351.82,2.000,-5.00,40.0
6195.00,-1590.08,10106.37,351.75,2.000,-5.00,40.0
6196.00,-1590.37,10108.35,351.67,2.000,-5.00,40.0
6197.00,-1590.66,10110.32,351.60,2.000,-5.00,40.0
6198.00,-1590.95,10112.30,351.53,2.000,-5.00,40.0
6199.00,-1591.24,10114.28,351.46,2.000,-5.00,40.0
6200.00,-1591.54,10116.26,351.39,2.000,-5.00,40.0
6201.00,-1591.84,10118.24,351.33,2.000,-5.00,40.0
6202.00,-1592.14,10120.21,351.26,2.000,-5.00,40.0
6203.00,-1592.44,10122.19,351.20,2.000,0.00,40.0
6204.00,-1592.75,10124.17,351.14,2.000,-5.00,40.0
6205.00,-1593.06,10126.14,351.08,2.000,-5.00,40.0
6206.00,-1593.37,10128.12,351.02,2.000,-5.00,40.0
6207.00,-1593.68,10130.09,350.96,2.000,-10.00,40.0
6208.00,-1593.99,10132.07,350.90,2.000,-10.00,40.0
6209.00,-1594.31,10134.04,350.84,2.000,-10.00,40.0
6210.00,-1594.63,10136.02,350.78,2.000,-15.00,40.0
6211.00,-1594.95,10137.99,350.71,2.000,-15.00,40.0
6212.00,-1595.27,10139.97,350.65,2.000,-15.00,40.0
6213.00,-1595.60,10141.94,350.59,2.000,-20.00,40.0
6214.00,-1595.92,10143.91,350.52,2.000,-20.00,40.0
6215.00,-1596.25,10145.89,350.46,2.000,-20.00,40.0
6216.00,-1596.59,10147.86,350.39,2.000,-25.00,40.0
6217.00,-1596.92,10149.83,350.31,2.000,-25.00,40.0
6218.00,-1597.26,10151.80,350.24,2.000,-25.00,40.0
6219.00,-1597.60,10153.77,350.16,2.000,-30.00,40.0
6220.00,-1597.94,10155.74,350.08,2.000,-30.00,40.0
6221.00,-1598.28,10157.71,350.00,2.000,-30.00,40.0
6222.00,-1598.63,10159.68,349.91,2.000,-35.00,40.0
6223.00,-1598.98,10161.65,349.82,2.000,-35.00,40.0
6224.00,-1599.33,10163.62,349.72,2.000,-35.00,40.0
6225.00,-1599.69,10165.59,349.62,2.000,-35.00,40.0
6226.00,-1600.05,10167.56,349.52,2.000,-35.00,40.0
6227.00,-1600.41,10169.52,349.42,2.000,-35.00,40.0
6228.00,-1600.78,10171.49,349.31,2.000,-35.00,40.0
6229.00,-1601.15,10173.45,349.20,2.000,-35.00,40.0
6230.00,-1601.53,10175.42,349.08,2.000,-35.00,40.0
6231.00,-1601.91,10177.38,348.97,2.000,-35.00,40.0
6232.00,-1602.29,10179.35,348.85,2.000,-35.00,40.0
6233.00,-1602.68,10181.31,348.72,2.000,-35.00,40.0
6234.00,-1603.07,10183.27,348.60,2.000,-35.00,40.0
6235.00,-1603.46,10185.23,348.47,2.000,-35.00,40.0
6236.00,-1603.86,10187.19,348.34,2.000,-35.00,40.0
6237.00,-1604.27,10189.15,348.21,2.000,-35.00,40.0
6238.00,-1604.67,10191.11,348.07,2.000,-35.00,40.0
6239.00,-1605.09,10193.06,347.94,2.000,-35.00,40.0
6240.00,-1605.51,10195.02,347.80,2.000,-35.00,40.0
6241.00,-1605.93,10196.97,347.66,2.000,-35.00,40.0
6242.00,-1606.36,10198.93,347.51,2.000,-35.00,40.0
6243.00,-1606.79,10200.88,347.37,2.000,-35.00,40.0
6244.00,-1607.23,10202.83,347.22,2.000,-35.00,40.0
6245.00,-1607.67,10204.78,347.07,2.000,-35.00,40.0
6246.00,-1608.12,10206.73,346.92,2.000,-35.00,40.0
6247.00,-1608.57,10208.68,346.77,2.000,-35.00,40.0
6248.00,-1609.03,10210.63,346.62,2.000,-35.00,40.0
6249.00,-1609.49,10212.57,346.46,2.000,-35.00,40.0
6250.00,-1609.96,10214.52,346.31,2.000,-35.00,40.0
6251.00,-1610.43,10216.46,346.15,2.000,-35.00,40.0
6252.00,-1610.91,10218.40,345.99,2.000,-35.00,40.0
6253.00,-1611.39,10220.34,345.83,2.000,-35.00,40.0
6254.00,-1611.88,10222.28,345.66,2.000,-35.00,40.0
6255.00,-1612.38,10224.22,345.50,2.000,-35.00,40.0
6256.00,-1612.88,10226.15,345.34,2.000,-35.00,40.0
6257.00,-1613.39,10228.09,345.17,2.000,-35.00,40.0
6258.00,-1613.90,10230.02,345.00,2.000,-35.00,40.0
6259.00,-1614.42,10231.96,344.84,2.000,-35.00,40.0
6260.00,-1614.94,10233.89,344.67,2.000,-35.00,40.0
6261.00,-1615.47,10235.81,344.50,2.000,-35.00,40.0
6262.00,-1616.00,10237.74,344.33,2.000,-35.00,40.0
6263.00,-1616.54,10239.67,344.15,2.000,-35.00,40.0
6264.00,-1617.09,10241.59,343.98,2.000,-35.00,40.0
6265.00,-1617.64,10243.51,343.81,2.000,-35.00,40.0
6266.00,-1618.20,10245.43,343.63,2.000,-35.00,40.0
6267.00,-1618.76,10247.35,343.46,2.000,-35.00,40.0
6268.00,-1619.33,10249.27,343.28,2.000,-35.00,40.0
6269.00,-1619.91,10251.19,343.10,2.000,-35.00,40.0
6270.00,-1620.49,10253.10,342.93,2.000,-35.00,40.0
6271.00,-1621.07,10255.01,342.75,2.000,-30.00,40.0
6272.00,-1621.67,10256.92,342.57,2.000,-30.00,40.0
6273.00,-1622.27,10258.83,342.39,2.000,-30.00,40.0
6274.00,-1622.87,10260.74,342.22,2.000,-30.00,40.0
6275.00,-1623.48,10262.64,342.04,2.000,-30.00,40.0
6276.00,-1624.10,10264.54,341.86,2.000,-30.00,40.0
6277.00,-1624.72,10266.44,341.69,2.000,-30.00,40.0
6278.00,-1625.35,10268.34,341.51,2.000,-30.00,40.0
6279.00,-1625.98,10270.24,341.33,2.000,-30.00,40.0
6280.00,-1626.63,10272.13,341.16,2.000,-30.00,40.0
6281.00,-1627.27,10274.03,340.98,2.000,-30.00,40.0
6282.00,-1627.92,10275.92,340.81,2.000,-30.00,40.0
6283.00,-1628.58,10277.81,340.63,2.000,-30.00,40.0
6284.00,-1629.24,10279.69,340.45,2.000,-30.00,40.0
6285.00,-1629.91,10281.58,340.28,2.000,-30.00,40.0
6286.00,-1630.59,10283.46,340.10,2.000,-30.00,40.0
6287.00,-1631.27,10285.34,339.93,2.000,-30.00,40.0
6288.00,-1631.95,10287.22,339.75,2.000,-30.00,40.0
6289.00,-1632.65,10289.10,339.58,2.000,-25.00,40.0
6290.00,-1633.34,10290.97,339.41,2.000,-25.00,40.0
6291.00,-1634.05,10292.84,339.23,2.000,-25.00,40.0
6292.00,-1634.76,10294.71,339.06,2.000,-25.00,40.0
6293.00,-1635.47,10296.58,338.89,2.000,-25.00,40.0
6294.00,-1636.19,10298.45,338.72,2.000,-25.00,40.0
6295.00,-1636.92,10300.31,338.56,2.000,-25.00,40.0
6296.00,-1637.65,10302.17,338.39,2.000,-25.00,40.0
6297.00,-1638.39,10304.03,338.22,2.000,-25.00,40.0
6298.00,-1639.13,10305.89,338.06,2.000,-25.00,40.0
6299.00,-1639.87,10307.74,337.89,2.000,-25.00,40.0
6300.00,-1640.63,10309.60,337.73,2.000,-25.00,40.0
6301.00,-1641.39,10311.45,337.56,2.000,-25.00,40.0
6302.00,-1642.15,10313.30,337.40,2.000,-25.00,40.0
6303.00,-1642.92,10315.14,337.24,2.000,-25.00,40.0
6304.00,-1643.69,10316.99,337.08,2.000,-25.00,40.0
6305.00,-1644.47,10318.83,336.92,2.000,-25.00,40.0
6306.00,-1645.25,10320.67,336.76,2.000,-25.00,40.0
6307.00,-1646.04,10322.51,336.60,2.000,-25.00,40.0
6308.00,-1646.84,10324.34,336.44,2.000,-25.00,40.0
6309.00,-1647.64,10326.17,336.28,2.000,-30.00,40.0
6310.00,-1648.44,10328.01,336.12,2.000,-30.00,40.0
6311.00,-1649.25,10329.83,335.96,2.000,-30.00,40.0
6312.00,-1650.07,10331.66,335.80,2.000,-35.00,40.0
6313.00,-1650.89,10333.49,335.63,2.000,-35.00,40.0
6314.00,-1651.71,10335.31,335.47,2.000,-35.00,40.0
6315.00,-1652.54,10337.13,335.30,2.000,-35.00,40.0
6316.00,-1653.38,10338.94,335.14,2.000,-35.00,40.0
6317.00,-1654.22,10340.76,334.97,2.000,-35.00,40.0
6318.00,-1655.06,10342.57,334.80,2.000,-35.00,40.0
6319.00,-1655.92,10344.38,334.63,2.000,-35.00,40.0
6320.00,-1656.77,10346.19,334.46,2.000,-35.00,40.0
6321.00,-1657.64,10347.99,334.29,2.000,-35.00,40.0
6322.00,-1658.50,10349.79,334.12,2.000,-35.00,40.0
6323.00,-1659.38,10351.59,333.94,2.000,-35.00,40.0
6324.00,-1660.25,10353.39,333.77,2.000,-35.00,40.0
6325.00,-1661.14,10355.18,333.59,2.000,-35.00,40.0
6326.00,-1662.03,10356.98,333.42,2.000,-35.00,40.0
6327.00,-1662.92,10358.76,333.24,2.000,-35.00,40.0
6328.00,-1663.82,10360.55,333.06,2.000,-35.00,40.0
6329.00,-1664.73,10362.33,332.88,2.000,-35.00,40.0
6330.00,-1665.64,10364.11,332.70,2.000,-35.00,40.0
6331.00,-1666.56,10365.89,332.53,2.000,-30.00,40.0
6332.00,-1667.48,10367.66,332.35,2.000,-30.00,40.0
6333.00,-1668.41,10369.44,332.17,2.000,-30.00,40.0
6334.00,-1669.34,10371.20,331.99,2.000,-30.00,40.0
6335.00,-1670.28,10372.97,331.81,2.000,-30.00,40.0
6336.00,-1671.23,10374.73,331.63,2.000,-30.00,40.0
6337.00,-1672.18,10376.49,331.46,2.000,-30.00,40.0
6338.00,-1673.13,10378.25,331.28,2.000,-30.00,40.0
6339.00,-1674.09,10380.00,331.10,2.000,-30.00,40.0
6340.00,-1675.06,10381.75,330.93,2.000,-30.00,40.0
6341.00,-1676.03,10383.50,330.75,2.000,-30.00,40.0
6342.00,-1677.01,10385.25,330.57,2.000,-30.00,40.0
6343.00,-1677.99,10386.99,330.40,2.000,-30.00,40.0
6344.00,-1678.98,10388.73,330.22,2.000,-30.00,40.0
6345.00,-1679.97,10390.46,330.04,2.000,-30.00,40.0
6346.00,-1680.97,10392.20,329.87,2.000,-30.00,40.0
6347.00,-1681.98,10393.93,329.69,2.000,-30.00,40.0
6348.00,-1682.99,10395.65,329.52,2.000,-30.00,40.0
6349.00,-1684.00,10397.38,329.34,2.000,-25.00,40.0
6350.00,-1685.02,10399.10,329.17,2.000,-25.00,40.0
6351.00,-1686.05,10400.81,329.00,2.000,-25.28,40.0
6352.00,-1687.08,10402.53,328.82,2.000,-25.28,40.0
6353.00,-1688.11,10404.24,328.65,2.000,-25.28,40.0
6354.00,-1689.15,10405.95,328.48,2.000,-24.57,40.0
6355.00,-1690.20,10407.65,328.31,2.000,-24.57,40.0
6356.00,-1691.25,10409.36,328.15,2.000,-24.57,40.0
6357.00,-1692.30,10411.05,327.98,2.000,-24.57,40.0
6358.00,-1693.36,10412.75,327.81,2.000,-24.57,40.0
6359.00,-1694.43,10414.44,327.65,2.000,-24.57,40.0
6360.00,-1695.50,10416.13,327.48,2.000,-24.57,40.0
6361.00,-1696.57,10417.82,327.32,2.000,-24.57,40.0
6362.00,-1697.65,10419.50,327.16,2.000,-24.57,40.0
6363.00,-1698.74,10421.18,327.00,2.000,-24.57,40.0
6364.00,-1699.83,10422.86,326.84,2.000,-24.57,40.0
6365.00,-1700.92,10424.53,326.67,2.000,-24.57,40.0
6366.00,-1702.02,10426.20,326.51,2.000,-24.57,40.0
6367.00,-1703.12,10427.87,326.36,2.000,-24.57,40.0
6368.00,-1704.23,10429.54,326.20,2.000,-24.57,40.0
6369.00,-1705.35,10431.20,326.04,2.000,-24.57,40.0
6370.00,-1706.46,10432.86,325.88,2.000,-24.57,40.0
6371.00,-1707.58,10434.51,325.72,2.000,-24.57,40.0
6372.00,-1708.71,10436.17,325.57,2.000,-24.57,40.0
6373.00,-1709.84,10437.82,325.41,2.000,-24.57,40.0
6374.00,-1710.98,10439.46,325.26,2.000,-19.57,40.0
6375.00,-1712.12,10441.11,325.11,2.000,-19.57,40.0
6376.00,-1713.26,10442.75,324.95,2.000,-19.57,40.0
6377.00,-1714.41,10444.38,324.80,2.000,-19.57,40.0
6378.00,-1715.56,10446.02,324.65,2.000,-19.57,40.0
6379.00,-1716.72,10447.65,324.51,2.000,-19.57,40.0
6380.00,-1717.88,10449.28,324.36,2.000,-19.57,40.0
6381.00,-1719.05,10450.90,324.22,2.000,-19.57,40.0
6382.00,-1720.22,10452.53,324.07,2.000,-19.57,40.0
6383.00,-1721.39,10454.15,323.93,2.000,-19.57,40.0
6384.00,-1722.57,10455.76,323.79,2.000,-19.57,40.0
6385.00,-1723.75,10457.38,323.64,2.000,-19.57,40.0
6386.00,-1724.93,10458.99,323.50,2.000,-19.57,40.0
6387.00,-1726.12,10460.59,323.37,2.000,-19.57,40.0
6388.00,-1727.32,10462.20,323.23,2.000,-19.57,40.0
6389.00,-1728.51,10463.80,323.09,2.000,-19.57,40.0
6390.00,-1729.71,10465.40,322.95,2.000,-16.89,40.0
6391.00,-1730.92,10467.00,322.82,2.000,-16.89,40.0
6392.00,-1732.13,10468.59,322.69,2.000,-16.89,40.0
6393.00,-1733.34,10470.18,322.55,2.000,-16.36,40.0
6394.00,-1734.56,10471.77,322.42,2.000,-16.36,40.0
6395.00,-1735.78,10473.35,322.29,2.000,-16.36,40.0
6396.00,-1737.00,10474.94,322.17,2.000,-15.85,40.0
6397.00,-1738.23,10476.52,322.04,2.000,-15.85,40.0
6398.00,-1739.46,10478.09,321.91,2.000,-15.85,40.0
6399.00,-1740.69,10479.67,321.79,2.000,-15.35,40.0
6400.00,-1741.93,10481.24,321.66,2.000,-15.35,40.0
6401.00,-1743.17,10482.81,321.54,2.000,-15.35,40.0
6402.00,-1744.42,10484.38,321.42,2.010,-14.87,50.0
6403.00,-1745.68,10485.96,321.30,2.020,-14.87,50.0
6404.00,-1746.95,10487.54,321.18,2.029,-14.87,50.0
6405.00,-1748.22,10489.13,321.07,2.039,-14.41,50.0
6406.00,-1749.51,10490.73,320.95,2.048,-14.41,50.0
6407.00,-1750.81,10492.32,320.84,2.057,-14.41,50.0
6408.00,-1752.11,10493.92,320.72,2.066,-13.95,50.0
6409.00,-1753.43,10495.53,320.61,2.075,-13.95,50.0
6410.00,-1754.75,10497.14,320.50,2.083,-13.95,50.0
6411.00,-1756.08,10498.75,320.39,2.091,-13.95,50.0
6412.00,-1757.42,10500.37,320.28,2.100,-13.95,50.0
6413.00,-1758.76,10501.99,320.17,2.108,-13.95,50.0
6414.00,-1760.12,10503.62,320.06,2.115,-13.95,50.0
6415.00,-1761.48,10505.25,319.95,2.123,-13.95,50.0
6416.00,-1762.85,10506.88,319.85,2.131,-13.95,50.0
6417.00,-1764.23,10508.51,319.74,2.138,-13.95,50.0
6418.00,-1765.62,10510.15,319.64,2.145,-13.95,50.0
6419.00,-1767.01,10511.79,319.54,2.152,-13.95,50.0
6420.00,-1768.41,10513.43,319.43,2.159,-13.95,50.0
6421.00,-1769.82,10515.08,319.33,2.166,-13.95,50.0
6422.00,-1771.24,10516.72,319.23,2.173,-13.95,50.0
6423.00,-1772.66,10518.38,319.13,2.179,-13.95,50.0
6424.00,-1774.09,10520.03,319.03,2.186,-13.95,50.0
6425.00,-1775.53,10521.68,318.93,2.192,-13.95,50.0
6426.00,-1776.97,10523.34,318.83,2.198,-13.95,50.0
6427.00,-1778.42,10525.00,318.74,2.204,-13.95,50.0
6428.00,-1779.88,10526.66,318.64,2.210,-13.95,50.0
6429.00,-1781.35,10528.33,318.54,2.216,-13.95,50.0
6430.00,-1782.82,10529.99,318.45,2.222,-8.95,50.0
6431.00,-1784.29,10531.66,318.35,2.227,-8.95,50.0
6432.00,-1785.78,10533.33,318.26,2.233,-8.95,50.0
6433.00,-1787.27,10535.00,318.17,2.238,-8.95,50.0
6434.00,-1788.76,10536.67,318.08,2.243,-8.95,50.0
6435.00,-1790.27,10538.34,317.99,2.248,-8.95,50.0
6436.00,-1791.77,10540.01,317.91,2.253,-8.95,50.0
6437.00,-1793.29,10541.69,317.82,2.258,-8.95,50.0
6438.00,-1794.81,10543.37,317.74,2.263,-8.95,50.0
6439.00,-1796.33,10545.05,317.65,2.268,-8.95,50.0
6440.00,-1797.86,10546.73,317.57,2.273,-8.95,50.0
6441.00,-1799.40,10548.41,317.49,2.277,-8.95,50.0
6442.00,-1800.94,10550.09,317.41,2.282,-8.95,50.0
6443.00,-1802.49,10551.77,317.33,2.286,-8.95,50.0
6444.00,-1804.04,10553.46,317.25,2.290,-8.95,50.0
6445.00,-1805.60,10555.14,317.17,2.294,-8.95,50.0
6446.00,-1807.16,10556.83,317.10,2.299,-8.95,50.0
6447.00,-1808.73,10558.51,317.02,2.303,-3.95,50.0
6448.00,-1810.30,10560.20,316.95,2.307,-3.95,50.0
6449.00,-1811.88,10561.89,316.88,2.310,-3.95,50.0
6450.00,-1813.46,10563.58,316.81,2.314,-3.95,50.0
6451.00,-1815.05,10565.27,316.74,2.318,-3.95,50.0
6452.00,-1816.64,10566.96,316.67,2.322,-3.95,50.0
6453.00,-1818.23,10568.65,316.61,2.325,-3.95,50.0
6454.00,-1819.83,10570.34,316.55,2.329,-3.95,50.0
6455.00,-1821.44,10572.04,316.48,2.332,-3.95,50.0
6456.00,-1823.04,10573.73,316.42,2.335,-3.95,50.0
6457.00,-1824.66,10575.42,316.36,2.339,-3.95,50.0
6458.00,-1826.27,10577.12,316.30,2.342,-3.95,50.0
6459.00,-1827.89,10578.81,316.25,2.345,-3.95,50.0
6460.00,-1829.52,10580.51,316.19,2.348,-3.95,50.0
6461.00,-1831.14,10582.21,316.13,2.351,-3.95,50.0
6462.00,-1832.77,10583.90,316.08,2.354,-3.95,50.0
6463.00,-1834.40,10585.59,316.03,2.347,1.05,40.0
6464.00,-1836.03,10587.28,315.98,2.340,1.05,40.0
6465.00,-1837.65,10588.96,315.93,2.333,1.05,40.0
6466.00,-1839.27,10590.63,315.88,2.327,1.05,40.0
6467.00,-1840.88,10592.29,315.84,2.320,1.05,40.0
6468.00,-1842.49,10593.95,315.80,2.314,1.05,40.0
6469.00,-1844.10,10595.61,315.76,2.307,1.05,40.0
6470.00,-1845.71,10597.26,315.72,2.301,1.05,40.0
6471.00,-1847.31,10598.90,315.68,2.295,1.05,40.0
6472.00,-1848.91,10600.54,315.64,2.289,1.05,40.0
6473.00,-1850.51,10602.17,315.61,2.284,1.05,40.0
6474.00,-1852.10,10603.80,315.57,2.278,1.05,40.0
6475.00,-1853.69,10605.42,315.54,2.272,1.05,40.0
6476.00,-1855.28,10607.04,315.51,2.267,1.05,40.0
6477.00,-1856.86,10608.65,315.48,2.262,1.05,40.0
6478.00,-1858.45,10610.26,315.45,2.256,1.05,40.0
6479.00,-1860.03,10611.86,315.42,2.251,1.05,40.0
6480.00,-1861.60,10613.46,315.39,2.246,1.05,40.0
6481.00,-1863.18,10615.06,315.37,2.241,1.05,40.0
6482.00,-1864.75,10616.65,315.34,2.236,6.05,40.0
6483.00,-1866.32,10618.24,315.32,2.232,6.05,40.0
6484.00,-1867.88,10619.82,315.30,2.227,6.05,40.0
6485.00,-1869.45,10621.40,315.29,2.223,6.05,40.0
6486.00,-1871.01,10622.98,315.27,2.218,6.05,40.0
6487.00,-1872.56,10624.55,315.26,2.214,6.05,40.0
6488.00,-1874.12,10626.12,315.24,2.209,6.05,40.0
6489.00,-1875.67,10627.69,315.23,2.205,6.05,40.0
6490.00,-1877.22,10629.25,315.22,2.201,6.05,40.0
6491.00,-1878.77,10630.81,315.21,2.197,6.05,40.0
6492.00,-1880.32,10632.37,315.21,2.193,6.05,40.0
6493.00,-1881.86,10633.92,315.20,2.189,6.05,40.0
6494.00,-1883.40,10635.47,315.20,2.186,6.05,40.0
6495.00,-1884.94,10637.02,315.19,2.182,6.05,40.0
6496.00,-1886.47,10638.56,315.19,2.178,6.05,40.0
6497.00,-1888.00,10640.11,315.19,2.175,6.05,40.0
6498.00,-1889.53,10641.65,315.19,2.171,6.05,40.0
6499.00,-1891.06,10643.19,315.19,2.168,6.05,40.0
6500.00,-1892.59,10644.72,315.20,2.164,6.05,40.0
6501.00,-1894.11,10646.25,315.20,2.161,11.05,40.0
6502.00,-1895.63,10647.79,315.21,2.158,11.05,40.0
6503.00,-1897.15,10649.31,315.22,2.155,11.05,40.0
6504.00,-1898.66,10650.84,315.23,2.152,11.05,40.0
6505.00,-1900.18,10652.37,315.24,2.149,11.05,40.0
6506.00,-1901.69,10653.89,315.26,2.146,11.05,40.0
6507.00,-1903.20,10655.41,315.27,2.143,11.05,40.0
6508.00,-1904.70,10656.93,315.29,2.140,11.05,40.0
6509.00,-1906.20,10658.45,315.31,2.137,11.05,40.0
6510.00,-1907.71,10659.97,315.33,2.134,11.05,40.0
6511.00,-1909.20,10661.48,315.35,2.132,11.05,40.0
6512.00,-1910.70,10663.00,315.37,2.129,11.05,40.0
6513.00,-1912.19,10664.51,315.40,2.126,11.05,40.0
6514.00,-1913.69,10666.02,315.42,2.124,11.05,40.0
6515.00,-1915.17,10667.54,315.45,2.121,11.05,40.0
6516.00,-1916.66,10669.05,315.48,2.119,11.05,40.0
6517.00,-1918.15,10670.56,315.51,2.117,11.05,40.0
6518.00,-1919.63,10672.06,315.54,2.114,11.05,40.0
6519.00,-1921.11,10673.58,315.57,2.122,11.05,50.0
6520.00,-1922.60,10675.10,315.60,2.130,11.05,50.0
6521.00,-1924.10,10676.63,315.64,2.137,11.05,50.0
6522.00,-1925.60,10678.16,315.67,2.144,6.05,50.0
6523.00,-1927.10,10679.70,315.70,2.151,6.05,50.0
6524.00,-1928.61,10681.24,315.74,2.158,6.05,50.0
6525.00,-1930.12,10682.79,315.77,2.165,6.05,50.0
6526.00,-1931.64,10684.35,315.80,2.172,6.05,50.0
6527.00,-1933.15,10685.91,315.84,2.178,6.05,50.0
6528.00,-1934.68,10687.48,315.87,2.185,6.05,50.0
6529.00,-1936.20,10689.05,315.91,2.191,6.05,50.0
6530.00,-1937.73,10690.63,315.94,2.197,6.05,50.0
6531.00,-1939.26,10692.21,315.97,2.203,6.05,50.0
6532.00,-1940.80,10693.80,316.01,2.209,6.05,50.0
6533.00,-1942.34,10695.39,316.04,2.215,6.05,50.0
6534.00,-1943.88,10696.99,316.08,2.221,6.05,50.0
6535.00,-1945.42,10698.60,316.11,2.226,6.05,50.0
6536.00,-1946.97,10700.20,316.14,2.232,6.05,50.0
6537.00,-1948.52,10701.82,316.18,2.237,6.05,50.0
6538.00,-1950.07,10703.44,316.21,2.242,6.05,50.0
6539.00,-1951.63,10705.06,316.25,2.248,6.05,50.0
6540.00,-1953.19,10706.69,316.28,2.253,6.05,50.0
6541.00,-1954.75,10708.32,316.31,2.258,11.05,50.0
6542.00,-1956.31,10709.95,316.35,2.262,11.05,50.0
6543.00,-1957.87,10711.59,316.39,2.267,11.05,50.0
6544.00,-1959.44,10713.24,316.43,2.272,11.05,50.0
6545.00,-1961.01,10714.89,316.46,2.276,11.05,50.0
6546.00,-1962.58,10716.54,316.50,2.281,11.05,50.0
6547.00,-1964.15,10718.20,316.54,2.285,11.05,50.0
6548.00,-1965.73,10719.86,316.58,2.290,11.05,50.0
6549.00,-1967.31,10721.53,316.63,2.294,11.05,50.0
6550.00,-1968.88,10723.20,316.67,2.298,11.05,50.0
6551.00,-1970.46,10724.87,316.71,2.302,11.05,50.0
6552.00,-1972.04,10726.55,316.76,2.306,11.05,50.0
6553.00,-1973.63,10728.23,316.80,2.310,11.05,50.0
6554.00,-1975.21,10729.92,316.84,2.314,11.05,50.0
6555.00,-1976.80,10731.61,316.89,2.317,11.05,50.0
6556.00,-1978.38,10733.30,316.94,2.311,16.05,40.0
6557.00,-1979.95,10734.98,316.99,2.305,16.05,40.0
6558.00,-1981.52,10736.66,317.04,2.299,16.05,40.0
6559.00,-1983.08,10738.34,317.09,2.293,16.05,40.0
6560.00,-1984.64,10740.01,317.14,2.287,16.05,40.0
6561.00,-1986.19,10741.69,317.19,2.281,16.05,40.0
6562.00,-1987.73,10743.36,317.25,2.275,16.05,40.0
6563.00,-1989.28,10745.02,317.31,2.270,16.05,40.0
6564.00,-1990.81,10746.69,317.36,2.265,16.05,40.0
6565.00,-1992.34,10748.35,317.42,2.259,16.05,40.0
6566.00,-1993.87,10750.01,317.48,2.254,16.05,40.0
6567.00,-1995.39,10751.67,317.54,2.249,16.05,40.0
6568.00,-1996.90,10753.32,317.61,2.244,16.05,40.0
6569.00,-1998.41,10754.98,317.67,2.239,16.05,40.0
6570.00,-1999.92,10756.63,317.73,2.234,16.05,40.0
6571.00,-2001.41,10758.28,317.80,2.230,16.05,40.0
6572.00,-2002.91,10759.93,317.87,2.225,21.05,40.0
6573.00,-2004.40,10761.57,317.93,2.221,21.05,40.0
6574.00,-2005.88,10763.22,318.00,2.216,21.05,40.0
6575.00,-2007.36,10764.86,318.08,2.212,21.05,40.0
6576.00,-2008.84,10766.51,318.15,2.208,21.05,40.0
6577.00,-2010.31,10768.15,318.22,2.203,21.05,40.0
6578.00,-2011.77,10769.79,318.30,2.199,21.05,40.0
6579.00,-2013.23,10771.43,318.38,2.195,21.05,40.0
6580.00,-2014.69,10773.06,318.46,2.192,21.05,40.0
6581.00,-2016.14,10774.70,318.54,2.188,21.05,40.0
6582.00,-2017.59,10776.34,318.62,2.184,21.05,40.0
6583.00,-2019.03,10777.97,318.71,2.180,21.05,40.0
6584.00,-2020.46,10779.61,318.79,2.177,21.05,40.0
6585.00,-2021.90,10781.24,318.88,2.173,21.05,40.0
6586.00,-2023.32,10782.88,318.96,2.170,21.05,40.0
6587.00,-2024.75,10784.51,319.05,2.166,25.00,40.0
6588.00,-2026.16,10786.15,319.14,2.163,20.00,40.0
6589.00,-2027.58,10787.78,319.23,2.160,20.00,40.0
6590.00,-2028.98,10789.41,319.32,2.156,20.00,40.0
6591.00,-2030.39,10791.05,319.41,2.153,15.00,40.0
6592.00,-2031.79,10792.68,319.51,2.150,15.00,40.0
6593.00,-2033.18,10794.31,319.60,2.147,15.00,40.0
6594.00,-2034.57,10795.94,319.69,2.144,10.00,40.0
6595.00,-2035.96,10797.58,319.77,2.141,10.00,40.0
6596.00,-2037.34,10799.21,319.86,2.139,10.00,40.0
6597.00,-2038.71,10800.84,319.95,2.136,5.00,40.0
6598.00,-2040.09,10802.48,320.03,2.133,5.00,40.0
6599.00,-2041.46,10804.11,320.11,2.130,5.00,40.0
6600.00,-2042.82,10805.74,320.19,2.128,0.00,40.0
6601.00,-2044.18,10807.37,320.27,2.125,0.00,40.0
6602.00,-2045.54,10809.01,320.34,2.123,0.00,40.0
6603.00,-2046.89,10810.64,320.41,2.120,-5.00,40.0
6604.00,-2048.24,10812.27,320.48,2.118,-5.00,40.0
6605.00,-2049.59,10813.90,320.54,2.116,-5.00,40.0
6606.00,-2050.93,10815.53,320.60,2.113,-10.00,40.0
6607.00,-2052.27,10817.17,320.66,2.111,-10.00,40.0
6608.00,-2053.61,10818.80,320.71,2.109,-10.00,40.0
6609.00,-2054.94,10820.43,320.76,2.107,-15.00,40.0
6610.00,-2056.27,10822.06,320.80,2.104,-15.00,40.0
6611.00,-2057.60,10823.69,320.84,2.102,-15.00,40.0
6612.00,-2058.93,10825.32,320.88,2.100,-17.04,40.0
6613.00,-2060.25,10826.94,320.91,2.098,-17.04,40.0
6614.00,-2061.57,10828.57,320.93,2.096,-17.04,40.0
6615.00,-2062.89,10830.20,320.95,2.094,-16.91,40.0
6616.00,-2064.21,10831.82,320.97,2.093,-16.91,40.0
6617.00,-2065.53,10833.45,320.99,2.091,-16.91,40.0
6618.00,-2066.84,10835.07,321.00,2.089,-16.76,40.0
6619.00,-2068.16,10836.69,321.00,2.087,-16.76,40.0
6620.00,-2069.47,10838.31,321.01,2.085,-16.76,40.0
6621.00,-2070.78,10839.93,321.01,2.084,-16.58,40.0
6622.00,-2072.09,10841.55,321.00,2.082,-16.58,40.0
6623.00,-2073.40,10843.17,321.00,2.080,-16.58,40.0
6624.00,-2074.71,10844.78,320.99,2.079,-16.37,40.0
6625.00,-2076.01,10846.40,320.98,2.077,-16.37,40.0
6626.00,-2077.32,10848.01,320.96,2.076,-16.37,40.0
6627.00,-2078.63,10849.62,320.94,2.074,-16.15,40.0
6628.00,-2079.93,10851.23,320.92,2.073,-16.15,40.0
6629.00,-2081.24,10852.84,320.90,2.071,-16.15,40.0
6630.00,-2082.54,10854.44,320.88,2.070,-15.91,40.0
6631.00,-2083.85,10856.05,320.85,2.068,-15.91,40.0
6632.00,-2085.15,10857.65,320.82,2.067,-15.91,40.0
6633.00,-2086.46,10859.25,320.79,2.066,-15.66,40.0
6634.00,-2087.76,10860.85,320.76,2.064,-15.66,40.0
6635.00,-2089.07,10862.45,320.72,2.063,-15.66,40.0
6636.00,-2090.37,10864.04,320.69,2.062,-15.39,40.0
6637.00,-2091.68,10865.64,320.65,2.061,-15.39,40.0
6638.00,-2092.99,10867.23,320.61,2.059,-15.39,40.0
6639.00,-2094.29,10868.82,320.57,2.058,-15.12,40.0
6640.00,-2095.60,10870.41,320.53,2.057,-15.12,40.0
6641.00,-2096.90,10872.00,320.48,2.056,-15.12,40.0
6642.00,-2098.22,10873.59,320.44,2.065,-14.84,50.0
6643.00,-2099.54,10875.19,320.39,2.073,-14.84,50.0
6644.00,-2100.87,10876.79,320.34,2.082,-14.84,50.0
6645.00,-2102.20,10878.40,320.29,2.090,-14.55,50.0
6646.00,-2103.54,10880.02,320.24,2.099,-14.55,50.0
6647.00,-2104.89,10881.64,320.19,2.107,-14.55,50.0
6648.00,-2106.24,10883.26,320.14,2.114,-14.25,50.0
6649.00,-2107.60,10884.89,320.08,2.122,-14.25,50.0
6650.00,-2108.97,10886.52,320.03,2.130,-14.25,50.0
6651.00,-2110.34,10888.16,319.97,2.137,-13.95,50.0
6652.00,-2111.72,10889.80,319.92,2.144,-13.95,50.0
6653.00,-2113.11,10891.45,319.86,2.151,-13.95,50.0
6654.00,-2114.50,10893.10,319.80,2.158,-13.65,50.0
6655.00,-2115.90,10894.75,319.74,2.165,-13.65,50.0
6656.00,-2117.30,10896.41,319.68,2.172,-13.65,50.0
6657.00,-2118.71,10898.07,319.63,2.179,-13.35,50.0
6658.00,-2120.12,10899.73,319.57,2.185,-13.35,50.0
6659.00,-2121.55,10901.40,319.50,2.191,-13.35,50.0
6660.00,-2122.97,10903.07,319.44,2.197,-13.04,50.0
6661.00,-2124.41,10904.75,319.38,2.203,-13.04,50.0
6662.00,-2125.84,10906.42,319.32,2.209,-13.04,50.0
6663.00,-2127.29,10908.10,319.26,2.215,-12.74,50.0
6664.00,-2128.74,10909.79,319.19,2.221,-12.74,50.0
6665.00,-2130.19,10911.47,319.13,2.226,-12.74,50.0
6666.00,-2131.65,10913.16,319.07,2.232,-12.44,50.0
6667.00,-2133.12,10914.85,319.00,2.237,-12.44,50.0
6668.00,-2134.59,10916.54,318.94,2.243,-12.44,50.0
6669.00,-2136.07,10918.24,318.88,2.248,-12.14,50.0
6670.00,-2137.55,10919.94,318.81,2.253,-12.14,50.0
6671.00,-2139.03,10921.63,318.75,2.258,-12.14,50.0
6672.00,-2140.53,10923.34,318.68,2.263,-11.84,50.0
6673.00,-2142.02,10925.04,318.62,2.267,-11.84,50.0
6674.00,-2143.52,10926.74,318.56,2.272,-11.84,50.0
6675.00,-2145.03,10928.45,318.49,2.277,-11.84,50.0
6676.00,-2146.54,10930.16,318.43,2.281,-11.84,50.0
6677.00,-2148.06,10931.87,318.36,2.285,-11.84,50.0
6678.00,-2149.58,10933.58,318.30,2.290,-11.84,50.0
6679.00,-2151.11,10935.29,318.23,2.294,-11.84,50.0
6680.00,-2152.64,10937.01,318.17,2.298,-11.84,50.0
6681.00,-2154.17,10938.72,318.10,2.302,-11.84,50.0
6682.00,-2155.71,10940.44,318.03,2.306,-11.84,50.0
6683.00,-2157.26,10942.15,317.97,2.310,-11.84,50.0
6684.00,-2158.81,10943.87,317.90,2.314,-11.84,50.0
6685.00,-2160.36,10945.59,317.84,2.317,-11.84,50.0
6686.00,-2161.92,10947.31,317.77,2.321,-11.84,50.0
6687.00,-2163.48,10949.03,317.71,2.325,-11.84,50.0
6688.00,-2165.05,10950.76,317.64,2.328,-11.84,50.0
6689.00,-2166.62,10952.48,317.57,2.332,-11.84,50.0
6690.00,-2168.19,10954.20,317.51,2.335,-11.84,50.0
6691.00,-2169.77,10955.93,317.44,2.338,-11.84,50.0
6692.00,-2171.36,10957.65,317.38,2.341,-11.84,50.0
6693.00,-2172.94,10959.38,317.31,2.345,-11.84,50.0
6694.00,-2174.54,10961.10,317.25,2.348,-6.84,50.0
6695.00,-2176.13,10962.83,317.18,2.351,-6.84,50.0
6696.00,-2177.73,10964.56,317.12,2.354,-6.84,50.0
6697.00,-2179.34,10966.28,317.06,2.357,-6.84,50.0
6698.00,-2180.94,10968.01,316.99,2.360,-6.84,50.0
6699.00,-2182.55,10969.74,316.93,2.362,-6.84,50.0
6700.00,-2184.17,10971.46,316.87,2.365,-6.84,50.0
6701.00,-2185.79,10973.19,316.81,2.368,-6.84,50.0
6702.00,-2187.41,10974.92,316.75,2.370,-6.84,50.0
6703.00,-2189.04,10976.65,316.70,2.373,-6.84,50.0
6704.00,-2190.67,10978.38,316.64,2.376,-6.84,50.0
6705.00,-2192.30,10980.11,316.58,2.378,-6.84,50.0
6706.00,-2193.94,10981.84,316.52,2.381,-6.84,50.0
6707.00,-2195.57,10983.57,316.47,2.383,-6.84,50.0
6708.00,-2197.22,10985.30,316.41,2.385,-6.84,50.0
6709.00,-2198.86,10987.02,316.36,2.388,-6.84,50.0
6710.00,-2200.51,10988.75,316.30,2.390,-6.84,50.0
6711.00,-2202.17,10990.48,316.25,2.392,-6.84,50.0
6712.00,-2203.82,10992.21,316.20,2.394,-1.84,50.0
6713.00,-2205.48,10993.94,316.15,2.396,-1.84,50.0
6714.00,-2207.14,10995.67,316.10,2.398,-1.84,50.0
6715.00,-2208.81,10997.40,316.05,2.400,-1.84,50.0
6716.00,-2210.47,10999.13,316.00,2.402,-1.84,50.0
6717.00,-2212.14,11000.86,315.96,2.404,-1.84,50.0
6718.00,-2213.82,11002.59,315.91,2.406,-1.84,50.0
6719.00,-2215.49,11004.32,315.87,2.408,-1.84,50.0
6720.00,-2217.17,11006.05,315.83,2.410,-1.84,50.0
6721.00,-2218.85,11007.78,315.78,2.412,-1.84,50.0
6722.00,-2220.53,11009.51,315.74,2.414,-1.84,50.0
6723.00,-2222.22,11011.24,315.70,2.415,-1.84,50.0
6724.00,-2223.91,11012.97,315.67,2.417,-1.84,50.0
6725.00,-2225.60,11014.70,315.63,2.419,-1.84,50.0
6726.00,-2227.29,11016.43,315.59,2.420,-1.84,50.0
6727.00,-2228.98,11018.16,315.56,2.422,-1.84,50.0
6728.00,-2230.68,11019.89,315.52,2.423,3.16,50.0
6729.00,-2232.38,11021.62,315.49,2.425,3.16,50.0
6730.00,-2234.08,11023.35,315.46,2.426,3.16,50.0
6731.00,-2235.78,11025.08,315.43,2.428,3.16,50.0
6732.00,-2237.49,11026.81,315.40,2.429,3.16,50.0
6733.00,-2239.20,11028.54,315.38,2.431,3.16,50.0
6734.00,-2240.90,11030.27,315.35,2.432,3.16,50.0
6735.00,-2242.61,11032.00,315.33,2.434,3.16,50.0
6736.00,-2244.33,11033.74,315.31,2.435,3.16,50.0
6737.00,-2246.04,11035.47,315.29,2.436,3.16,50.0
6738.00,-2247.75,11037.20,315.27,2.437,3.16,50.0
6739.00,-2249.47,11038.93,315.25,2.439,3.16,50.0
6740.00,-2251.19,11040.67,315.24,2.440,3.16,50.0
6741.00,-2252.91,11042.40,315.22,2.441,3.16,50.0
6742.00,-2254.63,11044.13,315.21,2.442,3.16,50.0
6743.00,-2256.35,11045.87,315.19,2.443,3.16,50.0
6744.00,-2258.07,11047.60,315.18,2.445,8.16,50.0
6745.00,-2259.79,11049.34,315.17,2.446,8.16,50.0
6746.00,-2261.52,11051.07,315.17,2.447,8.16,50.0
6747.00,-2263.25,11052.81,315.16,2.448,8.16,50.0
6748.00,-2264.97,11054.54,315.16,2.449,8.16,50.0
6749.00,-2266.70,11056.28,315.15,2.450,8.16,50.0
6750.00,-2268.43,11058.02,315.15,2.451,8.16,50.0
6751.00,-2270.16,11059.76,315.16,2.452,8.16,50.0
6752.00,-2271.89,11061.50,315.16,2.453,8.16,50.0
6753.00,-2273.62,11063.24,315.16,2.454,8.16,50.0
6754.00,-2275.35,11064.98,315.17,2.455,8.16,50.0
6755.00,-2277.08,11066.72,315.17,2.456,8.16,50.0
6756.00,-2278.81,11068.46,315.18,2.456,8.16,50.0
6757.00,-2280.54,11070.20,315.19,2.457,8.16,50.0
6758.00,-2282.28,11071.95,315.20,2.458,8.16,50.0
6759.00,-2284.01,11073.69,315.21,2.459,8.16,50.0
6760.00,-2285.74,11075.44,315.23,2.460,13.16,50.0
6761.00,-2287.47,11077.19,315.24,2.461,13.16,50.0
6762.00,-2289.21,11078.93,315.26,2.461,13.16,50.0
6763.00,-2290.94,11080.68,315.28,2.462,13.16,50.0
6764.00,-2292.67,11082.43,315.30,2.463,13.16,50.0
6765.00,-2294.41,11084.18,315.33,2.464,13.16,50.0
6766.00,-2296.14,11085.94,315.35,2.464,13.16,50.0
6767.00,-2297.87,11087.69,315.38,2.465,13.16,50.0
6768.00,-2299.60,11089.45,315.41,2.466,13.16,50.0
6769.00,-2301.33,11091.20,315.44,2.467,13.16,50.0
6770.00,-2303.07,11092.96,315.47,2.467,13.16,50.0
6771.00,-2304.80,11094.72,315.50,2.468,13.16,50.0
6772.00,-2306.53,11096.48,315.54,2.469,13.16,50.0
6773.00,-2308.26,11098.24,315.57,2.469,13.16,50.0
6774.00,-2309.98,11100.01,315.61,2.470,13.16,50.0
6775.00,-2311.71,11101.77,315.65,2.470,13.16,50.0
6776.00,-2313.44,11103.54,315.69,2.471,13.16,50.0
6777.00,-2315.17,11105.31,315.73,2.472,13.16,50.0
6778.00,-2316.89,11107.08,315.77,2.472,18.16,50.0
6779.00,-2318.62,11108.85,315.82,2.473,18.16,50.0
6780.00,-2320.34,11110.62,315.86,2.473,18.16,50.0
6781.00,-2322.06,11112.40,315.91,2.474,18.16,50.0
6782.00,-2323.78,11114.17,315.96,2.474,18.16,50.0
6783.00,-2325.51,11115.95,316.02,2.475,18.16,50.0
6784.00,-2327.22,11117.74,316.07,2.475,18.16,50.0
6785.00,-2328.94,11119.52,316.13,2.476,18.16,50.0
6786.00,-2330.66,11121.30,316.18,2.476,18.16,50.0
6787.00,-2332.37,11123.09,316.24,2.477,18.16,50.0
6788.00,-2334.09,11124.88,316.30,2.477,18.16,50.0
6789.00,-2335.80,11126.67,316.36,2.478,18.16,50.0
6790.00,-2337.51,11128.46,316.43,2.478,18.16,50.0
6791.00,-2339.22,11130.26,316.49,2.479,18.16,50.0
6792.00,-2340.92,11132.06,316.56,2.479,18.16,50.0
6793.00,-2342.63,11133.86,316.63,2.479,18.16,50.0
6794.00,-2344.33,11135.66,316.69,2.480,18.16,50.0
6795.00,-2346.03,11137.47,316.76,2.480,23.16,50.0
6796.00,-2347.73,11139.27,316.84,2.481,23.16,50.0
6797.00,-2349.43,11141.08,316.91,2.481,23.16,50.0
6798.00,-2351.12,11142.89,316.99,2.481,23.16,50.0
6799.00,-2352.82,11144.71,317.07,2.482,23.16,50.0
6800.00,-2354.51,11146.53,317.15,2.482,23.16,50.0
6801.00,-2356.20,11148.35,317.23,2.482,23.16,50.0
6802.00,-2357.88,11150.17,317.31,2.483,23.16,50.0
6803.00,-2359.56,11151.99,317.40,2.483,23.16,50.0
6804.00,-2361.25,11153.82,317.48,2.484,23.16,50.0
6805.00,-2362.92,11155.65,317.57,2.484,23.16,50.0
6806.00,-2364.60,11157.49,317.66,2.484,23.16,50.0
6807.00,-2366.27,11159.32,317.75,2.484,23.16,50.0
6808.00,-2367.94,11161.16,317.85,2.485,23.16,50.0
6809.00,-2369.61,11163.01,317.94,2.485,23.16,50.0
6810.00,-2371.28,11164.85,318.04,2.485,23.16,50.0
6811.00,-2372.94,11166.70,318.13,2.486,23.16,50.0
6812.00,-2374.60,11168.55,318.23,2.486,23.16,50.0
6813.00,-2376.25,11170.40,318.33,2.486,23.16,50.0
6814.00,-2377.91,11172.26,318.43,2.487,25.00,50.0
6815.00,-2379.56,11174.12,318.53,2.487,25.00,50.0
6816.00,-2381.20,11175.99,318.63,2.487,25.00,50.0
6817.00,-2382.85,11177.85,318.74,2.487,25.00,50.0
6818.00,-2384.49,11179.72,318.84,2.488,25.00,50.0
6819.00,-2386.13,11181.60,318.95,2.488,25.00,50.0
6820.00,-2387.76,11183.47,319.06,2.488,25.00,50.0
6821.00,-2389.39,11185.35,319.17,2.488,25.00,50.0
6822.00,-2391.02,11187.23,319.28,2.489,25.00,50.0
6823.00,-2392.64,11189.12,319.39,2.489,25.00,50.0
6824.00,-2394.26,11191.01,319.50,2.489,25.00,50.0
6825.00,-2395.88,11192.90,319.62,2.489,25.00,50.0
6826.00,-2397.49,11194.80,319.73,2.489,25.00,50.0
6827.00,-2399.10,11196.70,319.85,2.490,25.00,50.0
6828.00,-2400.71,11198.60,319.96,2.490,25.00,50.0
6829.00,-2402.31,11200.51,320.08,2.490,25.00,50.0
6830.00,-2403.91,11202.42,320.20,2.490,25.00,50.0
6831.00,-2405.50,11204.33,320.32,2.490,25.00,50.0
6832.00,-2407.09,11206.25,320.44,2.491,25.00,50.0
6833.00,-2408.68,11208.17,320.56,2.491,25.00,50.0
6834.00,-2410.26,11210.09,320.68,2.491,25.00,50.0
6835.00,-2411.84,11212.02,320.80,2.491,25.00,50.0
6836.00,-2413.41,11213.95,320.92,2.491,25.00,50.0
6837.00,-2414.98,11215.88,321.05,2.492,25.00,50.0
6838.00,-2416.55,11217.82,321.17,2.492,25.00,50.0
6839.00,-2418.11,11219.76,321.29,2.492,25.00,50.0
6840.00,-2419.67,11221.71,321.42,2.492,25.00,50.0
6841.00,-2421.23,11223.66,321.54,2.492,25.00,50.0
6842.00,-2422.78,11225.61,321.67,2.492,25.00,50.0
6843.00,-2424.32,11227.56,321.80,2.492,25.00,50.0
6844.00,-2425.86,11229.52,321.93,2.493,25.00,50.0
6845.00,-2427.40,11231.48,322.05,2.493,25.00,50.0
6846.00,-2428.93,11233.45,322.18,2.493,25.00,50.0
6847.00,-2430.46,11235.42,322.31,2.493,25.00,50.0
6848.00,-2431.99,11237.39,322.44,2.493,25.00,50.0
6849.00,-2433.51,11239.37,322.57,2.493,25.00,50.0
6850.00,-2435.02,11241.35,322.70,2.493,25.00,50.0
6851.00,-2436.53,11243.33,322.83,2.494,25.00,50.0
6852.00,-2438.04,11245.32,322.96,2.494,25.00,50.0
6853.00,-2439.54,11247.31,323.09,2.494,25.00,50.0
6854.00,-2441.04,11249.30,323.23,2.494,25.00,50.0
6855.00,-2442.53,11251.30,323.36,2.494,25.00,50.0
6856.00,-2444.02,11253.30,323.49,2.494,25.00,50.0
6857.00,-2445.50,11255.31,323.62,2.494,25.00,50.0
6858.00,-2446.98,11257.32,323.76,2.494,25.00,50.0
6859.00,-2448.46,11259.33,323.89,2.495,25.00,50.0
6860.00,-2449.93,11261.34,324.02,2.495,25.00,50.0
6861.00,-2451.39,11263.36,324.16,2.495,25.00,50.0
6862.00,-2452.86,11265.39,324.29,2.495,25.00,50.0
6863.00,-2454.31,11267.41,324.43,2.495,25.00,50.0
6864.00,-2455.76,11269.44,324.56,2.495,25.00,50.0
6865.00,-2457.21,11271.47,324.70,2.495,25.00,50.0
6866.00,-2458.65,11273.51,324.83,2.495,25.00,50.0
6867.00,-2460.09,11275.55,324.97,2.495,25.00,50.0
6868.00,-2461.52,11277.59,325.11,2.495,25.00,50.0
6869.00,-2462.95,11279.64,325.24,2.496,25.00,50.0
6870.00,-2464.37,11281.68,325.38,2.486,20.00,40.0
6871.00,-2465.77,11283.72,325.51,2.476,20.00,40.0
6872.00,-2467.17,11285.75,325.65,2.466,20.00,40.0
6873.00,-2468.56,11287.78,325.78,2.457,15.00,40.0
6874.00,-2469.93,11289.81,325.91,2.448,15.00,40.0
6875.00,-2471.30,11291.83,326.04,2.439,15.00,40.0
6876.00,-2472.66,11293.84,326.17,2.430,10.00,40.0
6877.00,-2474.01,11295.85,326.29,2.422,10.00,40.0
6878.00,-2475.35,11297.86,326.41,2.413,10.00,40.0
6879.00,-2476.68,11299.86,326.53,2.405,5.00,40.0
6880.00,-2478.00,11301.86,326.65,2.397,5.00,40.0
6881.00,-2479.31,11303.86,326.76,2.389,5.00,40.0
6882.00,-2480.62,11305.85,326.87,2.381,0.00,40.0
6883.00,-2481.91,11307.84,326.98,2.373,0.00,40.0
6884.00,-2483.20,11309.82,327.08,2.366,0.00,40.0
6885.00,-2484.48,11311.80,327.18,2.359,-5.00,40.0
6886.00,-2485.76,11313.78,327.27,2.352,-5.00,40.0
6887.00,-2487.03,11315.75,327.36,2.344,-5.00,40.0
6888.00,-2488.29,11317.72,327.45,2.338,-10.00,40.0
6889.00,-2489.54,11319.68,327.53,2.331,-10.00,40.0
6890.00,-2490.79,11321.64,327.60,2.324,-10.00,40.0
6891.00,-2492.03,11323.60,327.67,2.318,-15.00,40.0
6892.00,-2493.27,11325.55,327.74,2.311,-15.00,40.0
6893.00,-2494.50,11327.50,327.80,2.305,-15.00,40.0
6894.00,-2495.72,11329.45,327.85,2.299,-20.00,40.0
6895.00,-2496.94,11331.39,327.90,2.293,-20.00,40.0
6896.00,-2498.16,11333.33,327.94,2.287,-20.00,40.0
6897.00,-2499.37,11335.26,327.98,2.281,-25.00,40.0
6898.00,-2500.58,11337.19,328.01,2.276,-25.00,40.0
6899.00,-2501.78,11339.12,328.04,2.270,-25.00,40.0
6900.00,-2502.98,11341.04,328.05,2.265,-27.56,40.0
6901.00,-2504.17,11342.95,328.07,2.260,-27.56,40.0
6902.00,-2505.37,11344.87,328.08,2.254,-27.56,40.0
6903.00,-2506.56,11346.78,328.08,2.249,-27.26,40.0
6904.00,-2507.74,11348.68,328.07,2.244,-27.26,40.0
6905.00,-2508.93,11350.58,328.07,2.239,-27.26,40.0
6906.00,-2510.11,11352.48,328.05,2.235,-26.93,40.0
6907.00,-2511.29,11354.37,328.03,2.230,-26.93,40.0
6908.00,-2512.47,11356.26,328.01,2.225,-26.93,40.0
6909.00,-2513.64,11358.14,327.99,2.221,-26.57,40.0
6910.00,-2514.82,11360.02,327.95,2.216,-26.57,40.0
6911.00,-2515.99,11361.90,327.92,2.212,-26.57,40.0
6912.00,-2517.16,11363.77,327.88,2.208,-26.18,40.0
6913.00,-2518.34,11365.63,327.84,2.204,-26.18,40.0
6914.00,-2519.51,11367.50,327.79,2.200,-26.18,40.0
6915.00,-2520.68,11369.35,327.74,2.196,-25.77,40.0
6916.00,-2521.85,11371.21,327.69,2.192,-25.77,40.0
6917.00,-2523.02,11373.06,327.63,2.188,-25.77,40.0
6918.00,-2524.19,11374.90,327.58,2.184,-25.34,40.0
6919.00,-2525.35,11376.74,327.51,2.180,-25.34,40.0
6920.00,-2526.52,11378.58,327.45,2.177,-25.34,40.0
6921.00,-2527.69,11380.41,327.38,2.173,-24.89,40.0
6922.00,-2528.86,11382.24,327.31,2.170,-24.89,40.0
6923.00,-2530.03,11384.06,327.24,2.166,-24.89,40.0
6924.00,-2531.20,11385.88,327.17,2.163,-24.42,40.0
6925.00,-2532.37,11387.70,327.09,2.160,-24.42,40.0
6926.00,-2533.55,11389.51,327.01,2.157,-24.42,40.0
6927.00,-2534.72,11391.31,326.93,2.154,-23.95,40.0
6928.00,-2535.89,11393.12,326.85,2.150,-23.95,40.0
6929.00,-2537.07,11394.91,326.77,2.147,-23.95,40.0
6930.00,-2538.24,11396.71,326.68,2.145,-23.47,40.0
6931.00,-2539.42,11398.50,326.59,2.142,-23.47,40.0
6932.00,-2540.60,11400.28,326.50,2.139,-23.47,40.0
6933.00,-2541.77,11402.06,326.41,2.136,-22.98,40.0
6934.00,-2542.95,11403.84,326.32,2.133,-22.98,40.0
6935.00,-2544.14,11405.61,326.23,2.131,-22.98,40.0
6936.00,-2545.32,11407.38,326.13,2.128,-22.48,40.0
6937.00,-2546.50,11409.15,326.04,2.125,-22.48,40.0
6938.00,-2547.69,11410.91,325.94,2.123,-22.48,40.0
6939.00,-2548.88,11412.66,325.85,2.120,-21.98,40.0
6940.00,-2550.07,11414.42,325.75,2.118,-21.98,40.0
6941.00,-2551.26,11416.17,325.65,2.116,-21.98,40.0
6942.00,-2552.45,11417.91,325.55,2.113,-21.49,40.0
6943.00,-2553.64,11419.65,325.45,2.111,-21.49,40.0
6944.00,-2554.84,11421.39,325.34,2.109,-21.49,40.0
6945.00,-2556.04,11423.12,325.24,2.107,-20.99,40.0
6946.00,-2557.24,11424.85,325.14,2.105,-20.99,40.0
6947.00,-2558.44,11426.58,325.04,2.103,-20.99,40.0
6948.00,-2559.64,11428.30,324.93,2.100,-20.49,40.0
6949.00,-2560.85,11430.01,324.83,2.098,-20.49,40.0
6950.00,-2562.06,11431.73,324.72,2.096,-20.49,40.0
6951.00,-2563.27,11433.44,324.62,2.095,-19.99,40.0
6952.00,-2564.48,11435.14,324.51,2.093,-19.99,40.0
6953.00,-2565.69,11436.85,324.41,2.091,-19.99,40.0
6954.00,-2566.91,11438.55,324.30,2.089,-19.50,40.0
6955.00,-2568.12,11440.24,324.20,2.087,-19.50,40.0
6956.00,-2569.34,11441.93,324.09,2.085,-19.50,40.0
6957.00,-2570.57,11443.62,323.98,2.084,-19.01,40.0
6958.00,-2571.79,11445.30,323.88,2.082,-19.01,40.0
6959.00,-2573.02,11446.98,323.77,2.080,-19.01,40.0
6960.00,-2574.25,11448.66,323.66,2.079,-18.53,40.0
6961.00,-2575.48,11450.33,323.56,2.077,-18.53,40.0
6962.00,-2576.71,11452.00,323.45,2.076,-18.53,40.0
6963.00,-2577.94,11453.67,323.35,2.074,-18.05,40.0
6964.00,-2579.18,11455.33,323.24,2.073,-18.05,40.0
6965.00,-2580.42,11456.99,323.13,2.071,-18.05,40.0
6966.00,-2581.66,11458.65,323.03,2.070,-17.58,40.0
6967.00,-2582.91,11460.30,322.92,2.068,-17.58,40.0
6968.00,-2584.15,11461.95,322.82,2.067,-17.58,40.0
6969.00,-2585.40,11463.60,322.71,2.066,-17.12,40.0
6970.00,-2586.65,11465.24,322.61,2.064,-17.12,40.0
6971.00,-2587.91,11466.88,322.50,2.063,-17.12,40.0
6972.00,-2589.16,11468.51,322.40,2.062,-16.66,40.0
6973.00,-2590.42,11470.15,322.29,2.061,-16.66,40.0
6974.00,-2591.68,11471.78,322.19,2.059,-16.66,40.0
6975.00,-2592.94,11473.40,322.09,2.058,-16.21,40.0
6976.00,-2594.20,11475.02,321.98,2.057,-16.21,40.0
6977.00,-2595.47,11476.64,321.88,2.056,-16.21,40.0
6978.00,-2596.74,11478.26,321.78,2.055,-15.77,40.0
6979.00,-2598.01,11479.87,321.68,2.054,-15.77,40.0
6980.00,-2599.28,11481.48,321.57,2.053,-15.77,40.0
6981.00,-2600.56,11483.09,321.47,2.052,-15.33,40.0
6982.00,-2601.83,11484.70,321.37,2.051,-15.33,40.0
6983.00,-2603.11,11486.30,321.27,2.050,-15.33,40.0
6984.00,-2604.40,11487.90,321.17,2.059,-14.91,50.0
6985.00,-2605.70,11489.51,321.07,2.067,-14.91,50.0
6986.00,-2607.00,11491.13,320.97,2.076,-14.91,50.0
6987.00,-2608.31,11492.75,320.88,2.085,-14.49,50.0
6988.00,-2609.64,11494.37,320.78,2.093,-14.49,50.0
6989.00,-2610.96,11496.00,320.68,2.101,-14.49,50.0
6990.00,-2612.30,11497.63,320.59,2.109,-14.08,50.0
6991.00,-2613.64,11499.27,320.49,2.117,-14.08,50.0
6992.00,-2615.00,11500.91,320.39,2.124,-14.08,50.0
6993.00,-2616.35,11502.55,320.30,2.132,-13.68,50.0
6994.00,-2617.72,11504.19,320.20,2.139,-13.68,50.0
6995.00,-2619.10,11505.84,320.11,2.147,-13.68,50.0
6996.00,-2620.48,11507.50,320.02,2.154,-13.29,50.0
6997.00,-2621.86,11509.15,319.92,2.161,-13.29,50.0
6998.00,-2623.26,11510.81,319.83,2.167,-13.29,50.0
6999.00,-2624.66,11512.47,319.74,2.174,-12.91,50.0
7000.00,-2626.07,11514.13,319.65,2.180,-12.91,50.0
7001.00,-2627.49,11515.80,319.56,2.187,-12.91,50.0
7002.00,-2628.91,11517.47,319.47,2.193,-12.53,50.0
7003.00,-2630.34,11519.14,319.38,2.199,-12.53,50.0
7004.00,-2631.77,11520.82,319.29,2.205,-12.53,50.0
7005.00,-2633.22,11522.49,319.20,2.211,-12.17,50.0
7006.00,-2634.67,11524.17,319.12,2.217,-12.17,50.0
7007.00,-2636.12,11525.85,319.03,2.223,-12.17,50.0
7008.00,-2637.58,11527.53,318.94,2.228,-11.81,50.0
7009.00,-2639.05,11529.22,318.86,2.234,-11.81,50.0
7010.00,-2640.52,11530.90,318.77,2.239,-11.81,50.0
7011.00,-2642.00,11532.59,318.69,2.244,-11.46,50.0
7012.00,-2643.48,11534.28,318.61,2.249,-11.46,50.0
7013.00,-2644.98,11535.97,318.52,2.254,-11.46,50.0
7014.00,-2646.47,11537.66,318.44,2.259,-11.12,50.0
7015.00,-2647.97,11539.36,318.36,2.264,-11.12,50.0
7016.00,-2649.48,11541.05,318.28,2.269,-11.12,50.0
7017.00,-2650.99,11542.75,318.20,2.273,-10.79,50.0
7018.00,-2652.51,11544.45,318.12,2.278,-10.79,50.0
7019.00,-2654.04,11546.15,318.04,2.282,-10.79,50.0
7020.00,-2655.57,11547.85,317.96,2.287,-10.47,50.0
7021.00,-2657.10,11549.55,317.88,2.291,-10.47,50.0
7022.00,-2658.64,11551.25,317.80,2.295,-10.47,50.0
7023.00,-2660.18,11552.96,317.73,2.299,-10.16,50.0
7024.00,-2661.73,11554.66,317.65,2.303,-10.16,50.0
7025.00,-2663.29,11556.37,317.58,2.307,-10.16,50.0
7026.00,-2664.85,11558.07,317.50,2.311,-9.85,50.0
7027.00,-2666.41,11559.78,317.43,2.315,-9.85,50.0
7028.00,-2667.98,11561.49,317.35,2.319,-9.85,50.0
7029.00,-2669.55,11563.19,317.28,2.322,-9.56,50.0
7030.00,-2671.13,11564.90,317.21,2.326,-9.56,50.0
7031.00,-2672.71,11566.61,317.14,2.329,-9.56,50.0
7032.00,-2674.30,11568.32,317.06,2.333,-9.27,50.0
7033.00,-2675.89,11570.03,316.99,2.336,-9.27,50.0
7034.00,-2677.48,11571.74,316.92,2.339,-9.27,50.0
7035.00,-2679.08,11573.45,316.86,2.342,-8.99,50.0
7036.00,-2680.69,11575.16,316.79,2.346,-8.99,50.0
7037.00,-2682.30,11576.88,316.72,2.349,-8.99,50.0
7038.00,-2683.91,11578.59,316.65,2.352,-8.71,50.0
7039.00,-2685.53,11580.30,316.58,2.355,-8.71,50.0
7040.00,-2687.15,11582.01,316.52,2.358,-8.71,50.0
7041.00,-2688.77,11583.73,316.45,2.360,-8.45,50.0
7042.00,-2690.40,11585.44,316.39,2.363,-8.45,50.0
7043.00,-2692.03,11587.15,316.32,2.366,-8.45,50.0
7044.00,-2693.67,11588.86,316.26,2.369,-8.19,50.0
7045.00,-2695.31,11590.58,316.19,2.371,-8.19,50.0
7046.00,-2696.95,11592.29,316.13,2.374,-8.19,50.0
7047.00,-2698.60,11594.00,316.07,2.376,-7.94,50.0
7048.00,-2700.25,11595.72,316.01,2.379,-7.94,50.0
7049.00,-2701.90,11597.43,315.95,2.381,-7.94,50.0
7050.00,-2703.56,11599.14,315.89,2.384,-7.69,50.0
7051.00,-2705.22,11600.86,315.83,2.386,-7.69,50.0
7052.00,-2706.88,11602.57,315.77,2.388,-7.69,50.0
7053.00,-2708.55,11604.28,315.71,2.390,-7.46,50.0
7054.00,-2710.22,11605.99,315.65,2.393,-7.46,50.0
7055.00,-2711.89,11607.71,315.59,2.395,-7.46,50.0
7056.00,-2713.57,11609.42,315.53,2.397,-7.23,50.0
7057.00,-2715.25,11611.13,315.48,2.399,-7.23,50.0
7058.00,-2716.94,11612.84,315.42,2.401,-7.23,50.0
7059.00,-2718.62,11614.55,315.36,2.403,-7.00,50.0
7060.00,-2720.31,11616.27,315.31,2.405,-7.00,50.0
7061.00,-2722.01,11617.98,315.25,2.407,-7.00,50.0
7062.00,-2723.70,11619.69,315.20,2.409,-6.79,50.0
7063.00,-2725.40,11621.40,315.15,2.411,-6.79,50.0
7064.00,-2727.10,11623.11,315.09,2.412,-6.79,50.0
7065.00,-2728.81,11624.82,315.04,2.414,-6.58,50.0
7066.00,-2730.51,11626.53,314.99,2.416,-6.58,50.0
7067.00,-2732.22,11628.24,314.94,2.417,-6.58,50.0
7068.00,-2733.93,11629.94,314.89,2.419,-6.37,50.0
7069.00,-2735.65,11631.65,314.83,2.421,-6.37,50.0
7070.00,-2737.37,11633.36,314.78,2.422,-6.37,50.0
7071.00,-2739.09,11635.07,314.73,2.424,-6.17,50.0
7072.00,-2740.81,11636.78,314.69,2.425,-6.17,50.0
7073.00,-2742.54,11638.48,314.64,2.427,-6.17,50.0
7074.00,-2744.26,11640.19,314.59,2.428,-5.98,50.0
7075.00,-2745.99,11641.89,314.54,2.430,-5.98,50.0
7076.00,-2747.73,11643.60,314.49,2.431,-5.98,50.0
7077.00,-2749.46,11645.30,314.45,2.433,-5.79,50.0
7078.00,-2751.20,11647.01,314.40,2.434,-5.79,50.0
7079.00,-2752.94,11648.71,314.35,2.435,-5.79,50.0
7080.00,-2754.68,11650.42,314.31,2.437,-5.61,50.0
7081.00,-2756.43,11652.12,314.26,2.438,-5.61,50.0
7082.00,-2758.17,11653.82,314.22,2.439,-5.61,50.0
7083.00,-2759.92,11655.52,314.17,2.440,-5.44,50.0
7084.00,-2761.67,11657.22,314.13,2.441,-5.44,50.0
7085.00,-2763.43,11658.92,314.09,2.443,-5.44,50.0
7086.00,-2765.18,11660.63,314.04,2.444,-5.27,50.0
7087.00,-2766.94,11662.32,314.00,2.445,-5.27,50.0
7088.00,-2768.70,11664.02,313.96,2.446,-5.27,50.0
7089.00,-2770.46,11665.72,313.92,2.447,-5.10,50.0
7090.00,-2772.22,11667.42,313.88,2.448,-5.10,50.0
7091.00,-2773.99,11669.12,313.84,2.449,-5.10,50.0
7092.00,-2775.76,11670.82,313.80,2.450,-4.94,50.0
7093.00,-2777.53,11672.51,313.76,2.451,-4.94,50.0
7094.00,-2779.30,11674.21,313.72,2.452,-4.94,50.0
7095.00,-2781.07,11675.90,313.68,2.453,-4.78,50.0
7096.00,-2782.84,11677.60,313.64,2.454,-4.78,50.0
7097.00,-2784.62,11679.29,313.60,2.455,-4.78,50.0
7098.00,-2786.40,11680.99,313.56,2.456,-4.63,50.0
7099.00,-2788.18,11682.68,313.52,2.457,-4.63,50.0
7100.00,-2789.96,11684.37,313.49,2.458,-4.63,50.0
7101.00,-2791.75,11686.06,313.45,2.458,-4.49,50.0
7102.00,-2793.53,11687.75,313.41,2.459,-4.49,50.0
7103.00,-2795.32,11689.45,313.38,2.460,-4.49,50.0
7104.00,-2797.11,11691.14,313.34,2.461,-4.34,50.0
7105.00,-2798.90,11692.83,313.31,2.462,-4.34,50.0
7106.00,-2800.69,11694.51,313.27,2.462,-4.34,50.0
7107.00,-2802.48,11696.20,313.24,2.463,-4.21,50.0
7108.00,-2804.28,11697.89,313.20,2.464,-4.21,50.0
7109.00,-2806.07,11699.58,313.17,2.465,-4.21,50.0
7110.00,-2807.87,11701.26,313.14,2.465,-4.07,50.0
7111.00,-2809.67,11702.95,313.10,2.466,-4.07,50.0
7112.00,-2811.47,11704.64,313.07,2.467,-4.07,50.0
7113.00,-2813.28,11706.32,313.04,2.467,-3.95,50.0
7114.00,-2815.08,11708.01,313.00,2.468,-3.95,50.0
7115.00,-2816.88,11709.69,312.97,2.469,-3.95,50.0
7116.00,-2818.69,11711.37,312.94,2.469,-3.82,50.0
7117.00,-2820.50,11713.05,312.91,2.470,-3.82,50.0
7118.00,-2822.31,11714.74,312.88,2.471,-3.82,50.0
7119.00,-2824.12,11716.42,312.85,2.471,-3.70,50.0
7120.00,-2825.93,11718.10,312.82,2.472,-3.70,50.0
7121.00,-2827.75,11719.78,312.79,2.472,-3.70,50.0
7122.00,-2829.56,11721.46,312.76,2.473,-3.58,50.0
7123.00,-2831.38,11723.14,312.73,2.473,-3.58,50.0
7124.00,-2833.19,11724.82,312.70,2.474,-3.58,50.0
7125.00,-2835.01,11726.50,312.67,2.474,-3.47,50.0
7126.00,-2836.83,11728.17,312.64,2.475,-3.47,50.0
7127.00,-2838.65,11729.85,312.61,2.475,-3.47,50.0
7128.00,-2840.47,11731.53,312.59,2.476,-3.36,50.0
7129.00,-2842.30,11733.20,312.56,2.476,-3.36,50.0
7130.00,-2844.12,11734.88,312.53,2.477,-3.36,50.0
7131.00,-2845.95,11736.55,312.50,2.477,-3.25,50.0
7132.00,-2847.77,11738.23,312.48,2.478,-3.25,50.0
7133.00,-2849.60,11739.90,312.45,2.478,-3.25,50.0
7134.00,-2851.43,11741.57,312.43,2.479,-3.15,50.0
7135.00,-2853.26,11743.24,312.40,2.479,-3.15,50.0
7136.00,-2855.09,11744.92,312.37,2.480,-3.15,50.0
7137.00,-2856.92,11746.59,312.35,2.480,-3.05,50.0
7138.00,-2858.76,11748.26,312.32,2.480,-3.05,50.0
7139.00,-2860.59,11749.93,312.30,2.481,-3.05,50.0
7140.00,-2862.43,11751.60,312.27,2.481,-2.95,50.0
7141.00,-2864.26,11753.27,312.25,2.481,-2.95,50.0
7142.00,-2866.10,11754.94,312.23,2.482,-2.95,50.0
7143.00,-2867.94,11756.61,312.20,2.482,-2.86,50.0
7144.00,-2869.78,11758.27,312.18,2.483,-2.86,50.0
7145.00,-2871.62,11759.94,312.15,2.483,-2.86,50.0
7146.00,-2873.46,11761.61,312.13,2.483,-2.77,50.0
7147.00,-2875.30,11763.27,312.11,2.484,-2.77,50.0
7148.00,-2877.14,11764.94,312.09,2.484,-2.77,50.0
7149.00,-2878.99,11766.60,312.06,2.484,-2.68,50.0
7150.00,-2880.83,11768.27,312.04,2.485,-2.68,50.0
7151.00,-2882.68,11769.93,312.02,2.485,-2.68,50.0
7152.00,-2884.52,11771.60,312.00,2.485,-2.59,50.0
7153.00,-2886.37,11773.26,311.98,2.485,-2.59,50.0
7154.00,-2888.22,11774.92,311.96,2.486,-2.59,50.0
7155.00,-2890.07,11776.58,311.93,2.486,-2.51,50.0
7156.00,-2891.92,11778.24,311.91,2.486,-2.51,50.0
7157.00,-2893.77,11779.91,311.89,2.487,-2.51,50.0
7158.00,-2895.62,11781.57,311.87,2.487,-1.59,50.0
7159.00,-2897.47,11783.23,311.85,2.487,-1.59,50.0
7160.00,-2899.32,11784.89,311.83,2.487,-1.59,50.0
7161.00,-2901.18,11786.55,311.81,2.488,-0.01,50.0
7162.00,-2903.03,11788.20,311.80,2.488,-0.01,50.0
7163.00,-2904.89,11789.86,311.78,2.488,-0.01,50.0
7164.00,-2906.74,11791.52,311.76,2.488,1.55,50.0
7165.00,-2908.60,11793.18,311.75,2.489,1.55,50.0
7166.00,-2910.45,11794.83,311.73,2.489,1.55,50.0
7167.00,-2912.31,11796.49,311.72,2.489,3.09,50.0
7168.00,-2914.17,11798.15,311.70,2.489,3.09,50.0
7169.00,-2916.03,11799.80,311.69,2.489,3.09,50.0
7170.00,-2917.89,11801.46,311.68,2.490,4.61,50.0
7171.00,-2919.75,11803.12,311.67,2.490,4.61,50.0
7172.00,-2921.61,11804.77,311.66,2.490,4.61,50.0
7173.00,-2923.47,11806.43,311.66,2.490,6.10,50.0
7174.00,-2925.33,11808.08,311.65,2.490,6.10,50.0
7175.00,-2927.19,11809.74,311.65,2.491,6.10,50.0
7176.00,-2929.05,11811.39,311.65,2.491,7.56,50.0
7177.00,-2930.91,11813.05,311.65,2.491,7.56,50.0
7178.00,-2932.77,11814.70,311.65,2.491,7.56,50.0
7179.00,-2934.64,11816.36,311.65,2.491,9.00,50.0
7180.00,-2936.50,11818.02,311.65,2.492,9.00,50.0
7181.00,-2938.36,11819.67,311.66,2.492,9.00,50.0
7182.00,-2940.22,11821.33,311.67,2.492,10.41,50.0
7183.00,-2942.08,11822.98,311.67,2.492,10.41,50.0
7184.00,-2943.94,11824.64,311.68,2.492,10.41,50.0
7185.00,-2945.81,11826.30,311.70,2.492,11.79,50.0
7186.00,-2947.67,11827.96,311.71,2.493,11.79,50.0
7187.00,-2949.53,11829.62,311.73,2.493,11.79,50.0
7188.00,-2951.39,11831.28,311.75,2.493,13.14,50.0
7189.00,-2953.25,11832.94,311.77,2.493,13.14,50.0
7190.00,-2955.11,11834.60,311.79,2.493,13.14,50.0
7191.00,-2956.97,11836.26,311.81,2.493,14.46,50.0
7192.00,-2958.82,11837.92,311.84,2.493,14.46,50.0
7193.00,-2960.68,11839.58,311.87,2.494,14.46,50.0
7194.00,-2962.53,11841.24,311.90,2.484,15.74,40.0
7195.00,-2964.37,11842.89,311.93,2.474,15.74,40.0
7196.00,-2966.21,11844.54,311.96,2.465,15.74,40.0
7197.00,-2968.03,11846.18,312.00,2.455,16.98,40.0
7198.00,-2969.85,11847.82,312.03,2.446,16.98,40.0
7199.00,-2971.66,11849.45,312.07,2.437,16.98,40.0
7200.00,-2973.46,11851.08,312.12,2.428,18.17,40.0
7201.00,-2975.26,11852.70,312.16,2.420,18.17,40.0
7202.00,-2977.05,11854.32,312.21,2.411,18.17,40.0
7203.00,-2978.83,11855.93,312.26,2.403,19.30,40.0
7204.00,-2980.60,11857.54,312.31,2.395,19.30,40.0
7205.00,-2982.36,11859.15,312.36,2.387,19.30,40.0
7206.00,-2984.12,11860.75,312.41,2.380,20.39,40.0
7207.00,-2985.87,11862.35,312.47,2.372,20.39,40.0
7208.00,-2987.62,11863.95,312.53,2.365,20.39,40.0
7209.00,-2989.36,11865.54,312.59,2.357,21.43,40.0
7210.00,-2991.09,11867.13,312.65,2.350,21.43,40.0
7211.00,-2992.81,11868.72,312.71,2.343,21.43,40.0
7212.00,-2994.53,11870.31,312.78,2.336,22.42,40.0
7213.00,-2996.24,11871.89,312.85,2.329,22.42,40.0
7214.00,-2997.94,11873.47,312.92,2.323,22.42,40.0
7215.00,-2999.63,11875.04,312.99,2.316,23.36,40.0
7216.00,-3001.32,11876.62,313.07,2.310,23.36,40.0
7217.00,-3003.01,11878.19,313.15,2.304,23.36,40.0
7218.00,-3004.68,11879.76,313.22,2.298,24.25,40.0
7219.00,-3006.35,11881.33,313.31,2.292,24.25,40.0
7220.00,-3008.02,11882.90,313.39,2.286,24.25,40.0
7221.00,-3009.67,11884.47,313.47,2.280,25.10,40.0
7222.00,-3011.33,11886.03,313.56,2.275,25.10,40.0
7223.00,-3012.97,11887.60,313.65,2.269,25.10,40.0
7224.00,-3014.61,11889.16,313.74,2.264,25.90,40.0
7225.00,-3016.24,11890.72,313.83,2.259,25.90,40.0
7226.00,-3017.87,11892.28,313.93,2.253,25.90,40.0
7227.00,-3019.48,11893.84,314.02,2.248,26.66,40.0
7228.00,-3021.10,11895.40,314.12,2.243,26.66,40.0
7229.00,-3022.70,11896.96,314.22,2.238,26.66,40.0
7230.00,-3024.31,11898.52,314.32,2.234,27.37,40.0
7231.00,-3025.90,11900.07,314.43,2.229,27.37,40.0
7232.00,-3027.49,11901.63,314.53,2.224,27.37,40.0
7233.00,-3029.07,11903.19,314.64,2.220,28.04,40.0
7234.00,-3030.65,11904.75,314.75,2.216,28.04,40.0
7235.00,-3032.22,11906.30,314.86,2.211,28.04,40.0
7236.00,-3033.78,11907.86,314.97,2.207,28.67,40.0
7237.00,-3035.34,11909.42,315.09,2.203,28.67,40.0
7238.00,-3036.89,11910.97,315.20,2.199,28.67,40.0
7239.00,-3038.44,11912.53,315.32,2.195,29.25,40.0
7240.00,-3039.98,11914.09,315.44,2.191,29.25,40.0
7241.00,-3041.52,11915.65,315.56,2.187,29.25,40.0
7242.00,-3043.04,11917.21,315.68,2.183,29.80,40.0
7243.00,-3044.57,11918.77,315.81,2.180,29.80,40.0
7244.00,-3046.08,11920.33,315.93,2.176,29.80,40.0
7245.00,-3047.59,11921.89,316.06,2.173,30.30,40.0
7246.00,-3049.10,11923.45,316.19,2.169,30.30,40.0
7247.00,-3050.60,11925.01,316.32,2.166,30.30,40.0
7248.00,-3052.09,11926.58,316.45,2.162,30.76,40.0
7249.00,-3053.58,11928.14,316.58,2.159,30.76,40.0
7250.00,-3055.06,11929.71,316.72,2.156,30.76,40.0
7251.00,-3056.54,11931.27,316.85,2.153,31.19,40.0
7252.00,-3058.01,11932.84,316.99,2.150,31.19,40.0
7253.00,-3059.47,11934.41,317.13,2.147,31.19,40.0
7254.00,-3060.93,11935.98,317.27,2.144,31.57,40.0
7255.00,-3062.38,11937.56,317.41,2.141,31.57,40.0
7256.00,-3063.83,11939.13,317.56,2.138,31.57,40.0
7257.00,-3065.27,11940.71,317.70,2.135,31.92,40.0
7258.00,-3066.71,11942.28,317.85,2.133,31.92,40.0
7259.00,-3068.14,11943.86,317.99,2.130,31.92,40.0
7260.00,-3069.56,11945.44,318.14,2.127,32.24,40.0
7261.00,-3070.98,11947.03,318.29,2.125,32.24,40.0
7262.00,-3072.39,11948.61,318.44,2.122,32.24,40.0
7263.00,-3073.80,11950.20,318.59,2.120,32.51,40.0
7264.00,-3075.20,11951.79,318.74,2.118,32.51,40.0
7265.00,-3076.59,11953.38,318.90,2.115,32.51,40.0
7266.00,-3077.98,11954.97,319.05,2.113,32.75,40.0
7267.00,-3079.37,11956.56,319.21,2.111,32.75,40.0
7268.00,-3080.74,11958.16,319.36,2.108,32.75,40.0
7269.00,-3082.11,11959.76,319.52,2.106,32.96,40.0
7270.00,-3083.48,11961.36,319.68,2.104,32.96,40.0
7271.00,-3084.84,11962.96,319.84,2.102,32.96,40.0
7272.00,-3086.19,11964.56,320.00,2.100,33.13,40.0
7273.00,-3087.54,11966.17,320.16,2.098,33.13,40.0
7274.00,-3088.89,11967.78,320.33,2.096,33.13,40.0
7275.00,-3090.22,11969.39,320.49,2.094,33.27,40.0
7276.00,-3091.55,11971.01,320.66,2.092,33.27,40.0
7277.00,-3092.88,11972.62,320.82,2.090,33.27,40.0
7278.00,-3094.20,11974.24,320.99,2.089,33.38,40.0
7279.00,-3095.51,11975.86,321.16,2.087,33.38,40.0
7280.00,-3096.82,11977.49,321.32,2.085,33.38,40.0
7281.00,-3098.12,11979.12,321.49,2.083,33.45,40.0
7282.00,-3099.42,11980.74,321.66,2.082,33.45,40.0
7283.00,-3100.71,11982.38,321.83,2.080,33.45,40.0
7284.00,-3101.99,11984.01,322.00,2.079,33.50,40.0
7285.00,-3103.27,11985.65,322.17,2.077,33.50,40.0
7286.00,-3104.54,11987.29,322.35,2.075,33.50,40.0
7287.00,-3105.81,11988.93,322.52,2.074,33.51,40.0
7288.00,-3107.07,11990.57,322.69,2.072,33.51,40.0
7289.00,-3108.33,11992.22,322.87,2.071,33.51,40.0
7290.00,-3109.58,11993.87,323.04,2.070,33.50,40.0
7291.00,-3110.82,11995.52,323.22,2.068,33.50,40.0
7292.00,-3112.06,11997.18,323.39,2.067,33.50,40.0
7293.00,-3113.29,11998.84,323.57,2.065,33.45,40.0
7294.00,-3114.52,12000.50,323.75,2.064,33.45,40.0
7295.00,-3115.74,12002.16,323.92,2.063,33.45,40.0
7296.00,-3116.95,12003.83,324.10,2.062,33.38,40.0
7297.00,-3118.16,12005.49,324.28,2.060,33.38,40.0
7298.00,-3119.36,12007.17,324.46,2.059,33.38,40.0
7299.00,-3120.56,12008.84,324.64,2.058,33.28,40.0
7300.00,-3121.75,12010.52,324.82,2.057,33.28,40.0
7301.00,-3122.93,12012.20,324.99,2.056,33.28,40.0
7302.00,-3124.11,12013.88,325.17,2.055,33.15,40.0
7303.00,-3125.28,12015.57,325.36,2.053,33.15,40.0
7304.00,-3126.45,12017.26,325.54,2.052,33.15,40.0
7305.00,-3127.61,12018.95,325.72,2.051,33.00,40.0
7306.00,-3128.76,12020.64,325.90,2.050,33.00,40.0
7307.00,-3129.91,12022.34,326.08,2.049,33.00,40.0
7308.00,-3131.06,12024.04,326.26,2.048,32.82,40.0
7309.00,-3132.19,12025.74,326.44,2.047,32.82,40.0
7310.00,-3133.33,12027.45,326.62,2.046,32.82,40.0
7311.00,-3134.45,12029.15,326.81,2.045,32.62,40.0
7312.00,-3135.57,12030.86,326.99,2.045,32.62,40.0
7313.00,-3136.68,12032.58,327.17,2.044,32.62,40.0
7314.00,-3137.79,12034.30,327.35,2.043,32.39,40.0
7315.00,-3138.89,12036.01,327.54,2.042,32.39,40.0
7316.00,-3139.99,12037.74,327.72,2.041,32.39,40.0
7317.00,-3141.08,12039.46,327.90,2.040,32.14,40.0
7318.00,-3142.16,12041.19,328.08,2.039,32.14,40.0
7319.00,-3143.24,12042.92,328.27,2.039,32.14,40.0
7320.00,-3144.31,12044.65,328.45,2.038,31.87,40.0
7321.00,-3145.38,12046.39,328.63,2.037,31.87,40.0
7322.00,-3146.44,12048.13,328.82,2.036,31.87,40.0
7323.00,-3147.49,12049.87,329.00,2.036,31.57,40.0
7324.00,-3148.54,12051.61,329.18,2.035,31.57,40.0
7325.00,-3149.58,12053.36,329.36,2.034,31.57,40.0
7326.00,-3150.62,12055.11,329.55,2.034,31.26,40.0
7327.00,-3151.65,12056.86,329.73,2.033,31.26,40.0
7328.00,-3152.67,12058.62,329.91,2.032,31.26,40.0
7329.00,-3153.69,12060.38,330.09,2.032,30.92,40.0
7330.00,-3154.70,12062.14,330.27,2.031,30.92,40.0
7331.00,-3155.71,12063.90,330.46,2.030,30.92,40.0
7332.00,-3156.71,12065.67,330.64,2.030,30.56,40.0
7333.00,-3157.71,12067.43,330.82,2.029,30.56,40.0
7334.00,-3158.70,12069.21,331.00,2.029,30.56,40.0
7335.00,-3159.68,12070.98,331.18,2.028,30.19,40.0
7336.00,-3160.66,12072.76,331.36,2.027,30.19,40.0
7337.00,-3161.63,12074.53,331.54,2.027,30.19,40.0
7338.00,-3162.59,12076.32,331.72,2.026,29.79,40.0
7339.00,-3163.55,12078.10,331.90,2.026,29.79,40.0
7340.00,-3164.51,12079.89,332.08,2.025,29.79,40.0
7341.00,-3165.46,12081.68,332.26,2.025,29.38,40.0
7342.00,-3166.40,12083.47,332.44,2.024,29.38,40.0
7343.00,-3167.33,12085.26,332.61,2.024,29.38,40.0
7344.00,-3168.26,12087.06,332.79,2.023,28.95,40.0
7345.00,-3169.19,12088.86,332.97,2.023,28.95,40.0
7346.00,-3170.11,12090.66,333.15,2.022,28.95,40.0
7347.00,-3171.02,12092.46,333.32,2.022,28.50,40.0
7348.00,-3171.93,12094.27,333.50,2.022,28.50,40.0
7349.00,-3172.83,12096.08,333.67,2.021,28.50,40.0
7350.00,-3173.73,12097.89,333.85,2.021,28.04,40.0
7351.00,-3174.62,12099.70,334.02,2.020,28.04,40.0
7352.00,-3175.50,12101.52,334.20,2.020,28.04,40.0
7353.00,-3176.38,12103.34,334.37,2.019,27.57,40.0
7354.00,-3177.26,12105.16,334.54,2.019,27.57,40.0
7355.00,-3178.12,12106.98,334.72,2.019,27.57,40.0
7356.00,-3178.99,12108.80,334.89,2.018,27.08,40.0
7357.00,-3179.84,12110.63,335.06,2.018,27.08,40.0
7358.00,-3180.69,12112.46,335.23,2.018,27.08,40.0
7359.00,-3181.54,12114.29,335.40,2.017,26.57,40.0
7360.00,-3182.38,12116.13,335.57,2.017,26.57,40.0
7361.00,-3183.21,12117.96,335.74,2.017,26.57,40.0
7362.00,-3184.04,12119.80,335.91,2.016,26.05,40.0
7363.00,-3184.86,12121.64,336.07,2.016,26.05,40.0
7364.00,-3185.68,12123.48,336.24,2.016,26.05,40.0
7365.00,-3186.49,12125.33,336.41,2.015,25.52,40.0
7366.00,-3187.30,12127.17,336.57,2.015,25.52,40.0
7367.00,-3188.10,12129.02,336.74,2.015,25.52,40.0
7368.00,-3188.90,12130.87,336.90,2.014,24.98,40.0
7369.00,-3189.69,12132.73,337.06,2.014,24.98,40.0
7370.00,-3190.47,12134.58,337.23,2.014,24.98,40.0
7371.00,-3191.25,12136.44,337.39,2.014,24.43,40.0
7372.00,-3192.02,12138.30,337.55,2.013,24.43,40.0
7373.00,-3192.79,12140.16,337.71,2.013,24.43,40.0
7374.00,-3193.56,12142.02,337.87,2.013,23.87,40.0
7375.00,-3194.31,12143.88,338.03,2.012,23.87,40.0
7376.00,-3195.07,12145.75,338.19,2.012,23.87,40.0
7377.00,-3195.81,12147.62,338.35,2.012,23.29,40.0
7378.00,-3196.56,12149.49,338.50,2.012,23.29,40.0
7379.00,-3197.29,12151.36,338.66,2.012,23.29,40.0
7380.00,-3198.03,12153.23,338.81,2.011,22.71,40.0
7381.00,-3198.75,12155.11,338.97,2.011,22.71,40.0
7382.00,-3199.47,12156.98,339.12,2.011,22.71,40.0
7383.00,-3200.19,12158.86,339.27,2.011,22.71,40.0
7384.00,-3200.90,12160.74,339.42,2.010,22.71,40.0
7385.00,-3201.61,12162.62,339.58,2.010,22.71,40.0
7386.00,-3202.31,12164.51,339.73,2.010,22.71,40.0
7387.00,-3203.01,12166.39,339.87,2.010,22.71,40.0
7388.00,-3203.70,12168.28,340.02,2.010,22.71,40.0
7389.00,-3204.38,12170.17,340.17,2.009,22.71,40.0
7390.00,-3205.07,12172.06,340.32,2.009,22.71,40.0
7391.00,-3205.74,12173.95,340.47,2.009,22.71,40.0
7392.00,-3206.41,12175.84,340.61,2.009,22.71,40.0
7393.00,-3207.08,12177.74,340.76,2.009,22.71,40.0
7394.00,-3207.74,12179.63,340.90,2.009,22.71,40.0
7395.00,-3208.40,12181.53,341.05,2.008,22.71,40.0
7396.00,-3209.06,12183.44,341.19,2.018,17.71,50.0
7397.00,-3209.71,12185.36,341.34,2.028,17.71,50.0
7398.00,-3210.36,12187.28,341.48,2.027,18.99,40.0
7399.00,-3211.00,12189.20,341.62,2.027,18.99,40.0
7400.00,-3211.64,12191.13,341.75,2.026,18.99,40.0
7401.00,-3212.28,12193.05,341.89,2.026,18.36,40.0
7402.00,-3212.90,12194.97,342.03,2.025,18.36,40.0
7403.00,-3213.53,12196.90,342.16,2.025,18.36,40.0
7404.00,-3214.15,12198.83,342.30,2.024,17.72,40.0
7405.00,-3214.76,12200.76,342.43,2.024,17.72,40.0
7406.00,-3215.38,12202.68,342.56,2.023,17.72,40.0
7407.00,-3215.98,12204.61,342.70,2.023,17.08,40.0
7408.00,-3216.58,12206.54,342.83,2.022,17.08,40.0
7409.00,-3217.18,12208.48,342.95,2.022,17.08,40.0
7410.00,-3217.77,12210.41,343.08,2.021,16.44,40.0
7411.00,-3218.36,12212.34,343.21,2.021,16.44,40.0
7412.00,-3218.94,12214.28,343.33,2.021,16.44,40.0
7413.00,-3219.52,12216.21,343.46,2.020,15.80,40.0
7414.00,-3220.10,12218.15,343.58,2.020,15.80,40.0
7415.00,-3220.67,12220.08,343.70,2.019,15.80,40.0
7416.00,-3221.24,12222.02,343.82,2.019,15.16,40.0
7417.00,-3221.80,12223.96,343.94,2.019,15.16,40.0
7418.00,-3222.36,12225.90,344.06,2.018,15.16,40.0
7419.00,-3222.91,12227.85,344.18,2.028,14.51,50.0
7420.00,-3223.47,12229.81,344.30,2.037,14.51,50.0
7421.00,-3224.02,12231.78,344.41,2.047,14.51,50.0
7422.00,-3224.58,12233.76,344.53,2.056,13.87,50.0
7423.00,-3225.13,12235.75,344.64,2.064,13.87,50.0
7424.00,-3225.68,12237.75,344.75,2.073,13.87,50.0
7425.00,-3226.22,12239.76,344.86,2.082,13.22,50.0
7426.00,-3226.77,12241.78,344.97,2.090,13.22,50.0
7427.00,-3227.31,12243.80,345.08,2.098,13.22,50.0
7428.00,-3227.86,12245.84,345.19,2.106,12.57,50.0
7429.00,-3228.40,12247.88,345.29,2.114,12.57,50.0
7430.00,-3228.93,12249.93,345.40,2.122,12.57,50.0
7431.00,-3229.47,12251.99,345.50,2.129,11.92,50.0
7432.00,-3230.01,12254.06,345.60,2.137,11.92,50.0
7433.00,-3230.54,12256.14,345.70,2.144,11.92,50.0
7434.00,-3231.07,12258.22,345.80,2.151,11.26,50.0
7435.00,-3231.60,12260.32,345.90,2.158,11.26,50.0
7436.00,-3232.13,12262.42,346.00,2.165,11.26,50.0
7437.00,-3232.65,12264.52,346.10,2.172,10.61,50.0
7438.00,-3233.18,12266.64,346.19,2.178,10.61,50.0
7439.00,-3233.70,12268.76,346.28,2.185,10.61,50.0
7440.00,-3234.22,12270.89,346.38,2.191,9.95,50.0
7441.00,-3234.74,12273.02,346.47,2.197,9.95,50.0
7442.00,-3235.25,12275.17,346.56,2.203,9.95,50.0
7443.00,-3235.76,12277.32,346.65,2.209,9.30,50.0
7444.00,-3236.28,12279.47,346.74,2.215,9.30,50.0
7445.00,-3236.79,12281.63,346.82,2.221,9.30,50.0
7446.00,-3237.29,12283.80,346.91,2.226,8.64,50.0
7447.00,-3237.80,12285.97,346.99,2.232,8.64,50.0
7448.00,-3238.30,12288.15,347.08,2.237,8.64,50.0
7449.00,-3238.80,12290.34,347.16,2.242,7.99,50.0
7450.00,-3239.30,12292.53,347.24,2.248,7.99,50.0
7451.00,-3239.80,12294.73,347.32,2.253,7.99,50.0
7452.00,-3240.30,12296.93,347.40,2.258,7.34,50.0
7453.00,-3240.79,12299.14,347.47,2.262,7.34,50.0
7454.00,-3241.28,12301.35,347.55,2.267,7.34,50.0
7455.00,-3241.77,12303.57,347.62,2.272,6.69,50.0
7456.00,-3242.26,12305.79,347.70,2.276,6.69,50.0
7457.00,-3242.74,12308.02,347.77,2.281,6.69,50.0
7458.00,-3243.23,12310.25,347.84,2.285,6.04,50.0
7459.00,-3243.71,12312.49,347.91,2.290,6.04,50.0
7460.00,-3244.19,12314.74,347.98,2.294,6.04,50.0
7461.00,-3244.67,12316.98,348.05,2.298,5.40,50.0
7462.00,-3245.15,12319.24,348.11,2.302,5.40,50.0
7463.00,-3245.62,12321.49,348.18,2.306,5.40,50.0
7464.00,-3246.09,12323.75,348.24,2.310,4.76,50.0
7465.00,-3246.57,12326.02,348.30,2.314,4.76,50.0
7466.00,-3247.04,12328.29,348.37,2.317,4.76,50.0
7467.00,-3247.50,12330.56,348.43,2.321,4.12,50.0
7468.00,-3247.97,12332.84,348.48,2.325,4.12,50.0
7469.00,-3248.44,12335.12,348.54,2.328,4.12,50.0
7470.00,-3248.90,12337.40,348.60,2.331,3.49,50.0
7471.00,-3249.36,12339.69,348.65,2.335,3.49,50.0
7472.00,-3249.82,12341.98,348.71,2.338,3.49,50.0
7473.00,-3250.28,12344.28,348.76,2.341,2.87,50.0
7474.00,-3250.74,12346.58,348.81,2.345,2.87,50.0
7475.00,-3251.19,12348.88,348.86,2.348,2.87,50.0
7476.00,-3251.64,12351.19,348.91,2.351,2.25,50.0
7477.00,-3252.10,12353.50,348.96,2.354,2.25,50.0
7478.00,-3252.55,12355.81,349.01,2.357,2.25,50.0
7479.00,-3253.00,12358.13,349.05,2.360,1.63,50.0
7480.00,-3253.45,12360.45,349.10,2.362,1.63,50.0
7481.00,-3253.89,12362.77,349.14,2.365,1.63,50.0
7482.00,-3254.34,12365.10,349.18,2.368,1.03,50.0
7483.00,-3254.79,12367.42,349.22,2.370,1.03,50.0
7484.00,-3255.23,12369.76,349.26,2.373,1.03,50.0
7485.00,-3255.67,12372.09,349.30,2.376,0.43,50.0
7486.00,-3256.11,12374.43,349.34,2.378,0.43,50.0
7487.00,-3256.55,12376.77,349.37,2.380,0.43,50.0
7488.00,-3256.99,12379.11,349.41,2.383,-0.16,50.0
7489.00,-3257.43,12381.45,349.44,2.385,-0.16,50.0
7490.00,-3257.87,12383.80,349.47,2.388,-0.16,50.0
7491.00,-3258.31,12386.15,349.50,2.390,-0.74,50.0
7492.00,-3258.74,12388.50,349.53,2.392,-0.74,50.0
7493.00,-3259.18,12390.85,349.56,2.394,-0.74,50.0
7494.00,-3259.61,12393.21,349.59,2.396,-1.32,50.0
7495.00,-3260.04,12395.57,349.62,2.398,-1.32,50.0
7496.00,-3260.48,12397.93,349.64,2.400,-1.32,50.0
7497.00,-3260.91,12400.29,349.67,2.402,-1.88,50.0
7498.00,-3261.34,12402.66,349.69,2.404,-1.88,50.0
7499.00,-3261.77,12405.03,349.71,2.406,-1.88,50.0
7500.00,-3262.20,12407.40,349.73,2.408,-2.44,50.0
7501.00,-3262.63,12409.77,349.75,2.410,-2.44,50.0
7502.00,-3263.06,12412.14,349.77,2.412,-2.44,50.0
7503.00,-3263.49,12414.52,349.79,2.413,-2.98,50.0
7504.00,-3263.92,12416.89,349.80,2.415,-2.98,50.0
7505.00,-3264.34,12419.27,349.82,2.417,-2.98,50.0
7506.00,-3264.77,12421.65,349.83,2.419,-3.51,50.0
7507.00,-3265.20,12424.03,349.85,2.420,-3.51,50.0
7508.00,-3265.63,12426.42,349.86,2.422,-3.51,50.0
7509.00,-3266.05,12428.80,349.87,2.423,-4.03,50.0
7510.00,-3266.48,12431.19,349.88,2.425,-4.03,50.0
7511.00,-3266.91,12433.58,349.88,2.426,-4.03,50.0
7512.00,-3267.33,12435.97,349.89,2.428,-4.55,50.0
7513.00,-3267.76,12438.36,349.90,2.429,-4.55,50.0
7514.00,-3268.18,12440.75,349.90,2.431,-4.55,50.0
7515.00,-3268.61,12443.15,349.91,2.432,-5.04,50.0
7516.00,-3269.04,12445.54,349.91,2.433,-5.04,50.0
7517.00,-3269.46,12447.94,349.91,2.435,-5.04,50.0
7518.00,-3269.89,12450.34,349.91,2.436,-5.53,50.0
7519.00,-3270.32,12452.74,349.91,2.437,-5.53,50.0
7520.00,-3270.74,12455.14,349.91,2.439,-5.53,50.0
7521.00,-3271.17,12457.54,349.91,2.440,-6.01,50.0
7522.00,-3271.60,12459.95,349.90,2.441,-6.01,50.0
7523.00,-3272.03,12462.35,349.90,2.442,-6.01,50.0
7524.00,-3272.46,12464.76,349.89,2.443,-6.47,50.0
7525.00,-3272.89,12467.16,349.89,2.445,-6.47,50.0
7526.00,-3273.32,12469.57,349.88,2.446,-6.47,50.0
7527.00,-3273.75,12471.98,349.87,2.447,-6.91,50.0
7528.00,-3274.18,12474.39,349.86,2.448,-6.91,50.0
7529.00,-3274.61,12476.80,349.85,2.449,-6.91,50.0
7530.00,-3275.04,12479.21,349.84,2.450,-7.35,50.0
7531.00,-3275.47,12481.62,349.82,2.451,-7.35,50.0
7532.00,-3275.90,12484.04,349.81,2.452,-7.35,50.0
7533.00,-3276.34,12486.45,349.79,2.453,-7.77,50.0
7534.00,-3276.77,12488.87,349.78,2.454,-7.77,50.0
7535.00,-3277.21,12491.28,349.76,2.455,-7.77,50.0
7536.00,-3277.65,12493.70,349.74,2.456,-8.18,50.0
7537.00,-3278.08,12496.11,349.72,2.456,-8.18,50.0
7538.00,-3278.52,12498.53,349.70,2.457,-8.18,50.0
7539.00,-3278.96,12500.95,349.68,2.458,-8.57,50.0
7540.00,-3279.40,12503.37,349.66,2.459,-8.57,50.0
7541.00,-3279.84,12505.79,349.64,2.460,-8.57,50.0
7542.00,-3280.28,12508.21,349.62,2.461,-8.95,50.0
7543.00,-3280.73,12510.63,349.59,2.461,-8.95,50.0
7544.00,-3281.17,12513.05,349.57,2.462,-8.95,50.0
7545.00,-3281.62,12515.48,349.54,2.463,-9.32,50.0
7546.00,-3282.07,12517.90,349.51,2.464,-9.32,50.0
7547.00,-3282.52,12520.32,349.49,2.464,-9.32,50.0
7548.00,-3282.97,12522.75,349.46,2.465,-9.67,50.0
7549.00,-3283.42,12525.17,349.43,2.466,-9.67,50.0
7550.00,-3283.87,12527.59,349.40,2.467,-9.67,50.0
7551.00,-3284.32,12530.02,349.36,2.467,-10.00,50.0
7552.00,-3284.78,12532.45,349.33,2.468,-10.00,50.0
7553.00,-3285.24,12534.87,349.30,2.468,-10.00,50.0
7554.00,-3285.69,12537.30,349.26,2.469,-10.32,50.0
7555.00,-3286.15,12539.72,349.23,2.470,-10.32,50.0
7556.00,-3286.62,12542.15,349.19,2.470,-10.32,50.0
7557.00,-3287.08,12544.58,349.16,2.471,-10.63,50.0
7558.00,-3287.54,12547.01,349.12,2.472,-10.63,50.0
7559.00,-3288.01,12549.43,349.08,2.472,-10.63,50.0
7560.00,-3288.48,12551.86,349.04,2.473,-10.92,50.0
7561.00,-3288.95,12554.29,349.00,2.473,-10.92,50.0
7562.00,-3289.42,12556.72,348.96,2.474,-10.92,50.0
7563.00,-3289.89,12559.15,348.92,2.474,-11.19,50.0
7564.00,-3290.37,12561.57,348.88,2.475,-11.19,50.0
7565.00,-3290.85,12564.00,348.84,2.475,-11.19,50.0
7566.00,-3291.33,12566.43,348.79,2.476,-11.45,50.0
7567.00,-3291.81,12568.86,348.75,2.476,-11.45,50.0
7568.00,-3292.29,12571.29,348.70,2.477,-11.45,50.0
7569.00,-3292.78,12573.72,348.66,2.477,-11.70,50.0
7570.00,-3293.26,12576.15,348.61,2.478,-11.70,50.0
7571.00,-3293.75,12578.58,348.56,2.478,-11.70,50.0
7572.00,-3294.24,12581.01,348.52,2.479,-11.93,50.0
7573.00,-3294.74,12583.44,348.47,2.479,-11.93,50.0
7574.00,-3295.23,12585.87,348.42,2.479,-11.93,50.0
7575.00,-3295.73,12588.30,348.37,2.480,-12.14,50.0
7576.00,-3296.23,12590.72,348.32,2.480,-12.14,50.0
7577.00,-3296.73,12593.15,348.27,2.481,-12.14,50.0
7578.00,-3297.24,12595.58,348.22,2.481,-12.34,50.0
7579.00,-3297.75,12598.01,348.16,2.481,-12.34,50.0
7580.00,-3298.25,12600.44,348.11,2.482,-12.34,50.0
7581.00,-3298.77,12602.87,348.06,2.482,-12.53,50.0
7582.00,-3299.28,12605.30,348.00,2.482,-12.53,50.0
7583.00,-3299.80,12607.73,347.95,2.483,-12.53,50.0
7584.00,-3300.31,12610.16,347.89,2.483,-12.70,50.0
7585.00,-3300.83,12612.58,347.84,2.483,-12.70,50.0
7586.00,-3301.36,12615.01,347.78,2.484,-12.70,50.0
7587.00,-3301.88,12617.44,347.72,2.484,-12.85,50.0
7588.00,-3302.41,12619.87,347.67,2.484,-12.85,50.0
7589.00,-3302.94,12622.29,347.61,2.485,-12.85,50.0
7590.00,-3303.48,12624.72,347.55,2.485,-12.99,50.0
7591.00,-3304.01,12627.15,347.49,2.485,-12.99,50.0
7592.00,-3304.55,12629.58,347.43,2.486,-12.99,50.0
7593.00,-3305.09,12632.00,347.37,2.486,-13.11,50.0
7594.00,-3305.64,12634.43,347.31,2.486,-13.11,50.0
7595.00,-3306.18,12636.85,347.25,2.487,-13.11,50.0
7596.00,-3306.73,12639.28,347.19,2.487,-13.22,50.0
7597.00,-3307.28,12641.70,347.12,2.487,-13.22,50.0
7598.00,-3307.84,12644.13,347.06,2.487,-13.22,50.0
7599.00,-3308.39,12646.55,347.00,2.488,-13.31,50.0
7600.00,-3308.95,12648.98,346.94,2.488,-13.31,50.0
7601.00,-3309.52,12651.40,346.87,2.488,-13.31,50.0
7602.00,-3310.08,12653.82,346.81,2.488,-13.39,50.0
7603.00,-3310.65,12656.25,346.74,2.489,-13.39,50.0
7604.00,-3311.22,12658.67,346.68,2.489,-13.39,50.0
7605.00,-3311.79,12661.09,346.61,2.489,-13.46,50.0
7606.00,-3312.37,12663.51,346.55,2.489,-13.46,50.0
7607.00,-3312.95,12665.93,346.48,2.489,-13.46,50.0
7608.00,-3313.53,12668.36,346.41,2.490,-13.51,50.0
7609.00,-3314.11,12670.78,346.35,2.490,-13.51,50.0
7610.00,-3314.70,12673.20,346.28,2.490,-13.51,50.0
7611.00,-3315.29,12675.61,346.21,2.490,-13.54,50.0
7612.00,-3315.89,12678.03,346.14,2.490,-13.54,50.0
7613.00,-3316.48,12680.45,346.08,2.491,-13.54,50.0
7614.00,-3317.08,12682.87,346.01,2.491,-13.57,50.0
7615.00,-3317.68,12685.29,345.94,2.491,-13.57,50.0
7616.00,-3318.29,12687.70,345.87,2.491,-13.57,50.0
7617.00,-3318.90,12690.12,345.80,2.491,-13.57,50.0
7618.00,-3319.51,12692.53,345.73,2.492,-13.57,50.0
7619.00,-3320.12,12694.95,345.66,2.492,-13.57,50.0
7620.00,-3320.74,12697.36,345.59,2.492,-13.57,50.0
7621.00,-3321.36,12699.78,345.52,2.492,-13.57,50.0
7622.00,-3321.98,12702.19,345.45,2.492,-13.57,50.0
7623.00,-3322.61,12704.60,345.38,2.492,-13.55,50.0
7624.00,-3323.24,12707.01,345.31,2.492,-13.55,50.0
7625.00,-3323.87,12709.42,345.24,2.493,-13.55,50.0
7626.00,-3324.51,12711.84,345.16,2.493,-13.52,50.0
7627.00,-3325.15,12714.24,345.09,2.493,-13.52,50.0
7628.00,-3325.79,12716.65,345.02,2.493,-13.52,50.0
7629.00,-3326.43,12719.06,344.95,2.493,-13.47,50.0
7630.00,-3327.08,12721.47,344.88,2.493,-13.47,50.0
7631.00,-3327.73,12723.88,344.80,2.493,-13.47,50.0
7632.00,-3328.38,12726.28,344.73,2.494,-13.42,50.0
7633.00,-3329.04,12728.69,344.66,2.494,-13.42,50.0
7634.00,-3329.70,12731.09,344.59,2.494,-13.42,50.0
7635.00,-3330.36,12733.50,344.51,2.494,-13.35,50.0
7636.00,-3331.03,12735.90,344.44,2.494,-13.35,50.0
7637.00,-3331.70,12738.31,344.37,2.494,-13.35,50.0
7638.00,-3332.37,12740.71,344.29,2.494,-13.26,50.0
7639.00,-3333.05,12743.11,344.22,2.494,-13.26,50.0
7640.00,-3333.72,12745.51,344.15,2.495,-13.26,50.0
7641.00,-3334.41,12747.91,344.07,2.495,-13.17,50.0
7642.00,-3335.09,12750.31,344.00,2.495,-13.17,50.0
7643.00,-3335.78,12752.71,343.93,2.495,-13.17,50.0
7644.00,-3336.47,12755.10,343.85,2.495,-13.06,50.0
7645.00,-3337.16,12757.50,343.78,2.495,-13.06,50.0
7646.00,-3337.86,12759.90,343.70,2.495,-13.06,50.0
7647.00,-3338.56,12762.29,343.63,2.495,-12.95,50.0
7648.00,-3339.26,12764.69,343.56,2.495,-12.95,50.0
7649.00,-3339.97,12767.08,343.48,2.495,-12.95,50.0
7650.00,-3340.68,12769.47,343.41,2.496,-12.82,50.0
7651.00,-3341.39,12771.86,343.34,2.496,-12.82,50.0
7652.00,-3342.11,12774.25,343.26,2.496,-12.82,50.0
7653.00,-3342.83,12776.64,343.19,2.496,-12.68,50.0
7654.00,-3343.55,12779.03,343.12,2.496,-12.68,50.0
7655.00,-3344.27,12781.42,343.04,2.496,-12.68,50.0
7656.00,-3345.00,12783.81,342.97,2.496,-12.53,50.0
7657.00,-3345.73,12786.20,342.89,2.496,-12.53,50.0
7658.00,-3346.47,12788.58,342.82,2.496,-12.53,50.0
7659.00,-3347.20,12790.97,342.75,2.496,-12.37,50.0
7660.00,-3347.94,12793.35,342.67,2.496,-12.37,50.0
7661.00,-3348.69,12795.73,342.60,2.496,-12.37,50.0
7662.00,-3349.43,12798.12,342.53,2.497,-12.20,50.0
7663.00,-3350.18,12800.50,342.46,2.497,-12.20,50.0
7664.00,-3350.94,12802.88,342.38,2.497,-12.20,50.0
7665.00,-3351.69,12805.26,342.31,2.497,-12.02,50.0
7666.00,-3352.45,12807.64,342.24,2.497,-12.02,50.0
7667.00,-3353.21,12810.01,342.17,2.497,-12.02,50.0
7668.00,-3353.98,12812.39,342.09,2.497,-11.83,50.0
7669.00,-3354.74,12814.77,342.02,2.497,-11.83,50.0
7670.00,-3355.51,12817.14,341.95,2.497,-11.83,50.0
7671.00,-3356.29,12819.52,341.88,2.497,-11.63,50.0
7672.00,-3357.07,12821.89,341.81,2.497,-11.63,50.0
7673.00,-3357.85,12824.26,341.73,2.497,-11.63,50.0
7674.00,-3358.63,12826.63,341.66,2.497,-11.43,50.0
7675.00,-3359.41,12829.00,341.59,2.497,-11.43,50.0
7676.00,-3360.20,12831.37,341.52,2.497,-11.43,50.0
7677.00,-3360.99,12833.74,341.45,2.497,-11.21,50.0
7678.00,-3361.79,12836.11,341.38,2.497,-11.21,50.0
7679.00,-3362.59,12838.48,341.31,2.498,-11.21,50.0
7680.00,-3363.39,12840.84,341.24,2.498,-10.99,50.0
7681.00,-3364.19,12843.21,341.17,2.498,-10.99,50.0
7682.00,-3365.00,12845.57,341.10,2.498,-10.99,50.0
7683.00,-3365.80,12847.93,341.03,2.498,-10.76,50.0
7684.00,-3366.62,12850.30,340.96,2.498,-10.76,50.0
7685.00,-3367.43,12852.66,340.89,2.498,-10.76,50.0
7686.00,-3368.25,12855.02,340.83,2.498,-10.76,50.0
7687.00,-3369.07,12857.38,340.76,2.498,-10.76,50.0
7688.00,-3369.89,12859.74,340.69,2.498,-10.76,50.0
7689.00,-3370.72,12862.09,340.62,2.498,-10.76,50.0
7690.00,-3371.55,12864.45,340.55,2.498,-10.76,50.0
7691.00,-3372.38,12866.81,340.49,2.498,-10.76,50.0
7692.00,-3373.21,12869.16,340.42,2.498,-10.76,50.0
7693.00,-3374.05,12871.51,340.35,2.498,-10.76,50.0
7694.00,-3374.89,12873.87,340.29,2.498,-10.76,50.0
7695.00,-3375.73,12876.22,340.22,2.498,-10.76,50.0
7696.00,-3376.58,12878.57,340.15,2.498,-10.76,50.0
7697.00,-3377.43,12880.92,340.09,2.498,-10.76,50.0
7698.00,-3378.28,12883.27,340.02,2.498,-10.76,50.0
7699.00,-3379.13,12885.62,339.96,2.498,-10.76,50.0
7700.00,-3379.99,12887.96,339.89,2.498,-5.76,50.0
7701.00,-3380.85,12890.31,339.83,2.498,-5.76,50.0
7702.00,-3381.71,12892.65,339.76,2.498,-5.76,50.0
7703.00,-3382.57,12895.00,339.70,2.498,-5.76,50.0
7704.00,-3383.44,12897.34,339.64,2.499,-5.76,50.0
7705.00,-3384.31,12899.68,339.58,2.499,-5.76,50.0
7706.00,-3385.18,12902.03,339.52,2.499,-5.76,50.0
7707.00,-3386.05,12904.37,339.46,2.499,-5.76,50.0
7708.00,-3386.93,12906.71,339.41,2.499,-5.76,50.0
7709.00,-3387.81,12909.05,339.35,2.499,-5.76,50.0
7710.00,-3388.69,12911.38,339.30,2.499,-5.76,50.0
7711.00,-3389.57,12913.72,339.24,2.499,-5.76,50.0
7712.00,-3390.46,12916.06,339.19,2.499,-5.76,50.0
7713.00,-3391.35,12918.39,339.13,2.499,-5.76,50.0
7714.00,-3392.24,12920.73,339.08,2.499,-0.76,50.0
7715.00,-3393.13,12923.06,339.03,2.499,-0.76,50.0
7716.00,-3394.02,12925.40,338.98,2.499,-0.76,50.0
7717.00,-3394.92,12927.73,338.93,2.499,-0.76,50.0
7718.00,-3395.82,12930.06,338.89,2.499,-0.76,50.0
7719.00,-3396.72,12932.39,338.84,2.499,-0.76,50.0
7720.00,-3397.62,12934.72,338.80,2.499,-0.76,50.0
7721.00,-3398.52,12937.05,338.76,2.499,-0.76,50.0
7722.00,-3399.43,12939.38,338.72,2.499,-0.76,50.0
7723.00,-3400.34,12941.71,338.68,2.499,-0.76,50.0
7724.00,-3401.24,12944.04,338.64,2.499,-0.76,50.0
7725.00,-3402.15,12946.37,338.60,2.499,-0.76,50.0
7726.00,-3403.07,12948.69,338.57,2.499,-0.76,50.0
7727.00,-3403.98,12951.02,338.53,2.499,-0.76,50.0
7728.00,-3404.89,12953.34,338.50,2.499,-0.76,50.0
7729.00,-3405.81,12955.67,338.47,2.499,-0.76,50.0
7730.00,-3406.73,12957.99,338.43,2.499,-0.76,50.0
7731.00,-3407.65,12960.32,338.40,2.499,-0.76,50.0
7732.00,-3408.57,12962.64,338.37,2.499,-0.76,50.0
7733.00,-3409.49,12964.96,338.34,2.499,-0.76,50.0
7734.00,-3410.41,12967.29,338.31,2.499,-5.00,50.0
7735.00,-3411.33,12969.61,338.29,2.499,-5.00,50.0
7736.00,-3412.26,12971.93,338.26,2.499,-5.00,50.0
7737.00,-3413.18,12974.25,338.23,2.499,-6.78,50.0
7738.00,-3414.11,12976.57,338.20,2.499,-6.78,50.0
7739.00,-3415.04,12978.89,338.17,2.499,-6.78,50.0
7740.00,-3415.97,12981.21,338.14,2.499,-6.53,50.0
7741.00,-3416.90,12983.53,338.11,2.499,-6.53,50.0
7742.00,-3417.83,12985.85,338.08,2.499,-6.53,50.0
7743.00,-3418.76,12988.17,338.04,2.499,-6.28,50.0
7744.00,-3419.70,12990.49,338.01,2.499,-6.28,50.0
7745.00,-3420.63,12992.81,337.98,2.499,-6.28,50.0
7746.00,-3421.57,12995.12,337.95,2.499,-6.02,50.0
7747.00,-3422.51,12997.44,337.92,2.499,-6.02,50.0
7748.00,-3423.45,12999.76,337.89,2.499,-6.02,50.0
7749.00,-3424.39,13002.07,337.86,2.499,-5.75,50.0
7750.00,-3425.33,13004.39,337.82,2.499,-5.75,50.0
7751.00,-3426.28,13006.70,337.79,2.499,-5.75,50.0
7752.00,-3427.22,13009.02,337.76,2.499,-5.49,50.0
7753.00,-3428.17,13011.33,337.73,2.499,-5.49,50.0
7754.00,-3429.11,13013.64,337.70,2.499,-5.49,50.0
7755.00,-3430.06,13015.96,337.67,2.499,-5.22,50.0
7756.00,-3431.01,13018.27,337.63,2.499,-5.22,50.0
7757.00,-3431.96,13020.58,337.60,2.499,-5.22,50.0
7758.00,-3432.92,13022.89,337.57,2.499,-4.95,50.0
7759.00,-3433.87,13025.20,337.54,2.500,-4.95,50.0
7760.00,-3434.82,13027.51,337.51,2.500,-4.95,50.0
7761.00,-3435.78,13029.82,337.48,2.500,-4.68,50.0
7762.00,-3436.74,13032.13,337.45,2.500,-4.68,50.0
7763.00,-3437.70,13034.44,337.42,2.500,-4.68,50.0
7764.00,-3438.66,13036.74,337.38,2.500,-4.41,50.0
7765.00,-3439.62,13039.05,337.35,2.500,-4.41,50.0
7766.00,-3440.58,13041.36,337.32,2.500,-4.41,50.0
7767.00,-3441.54,13043.67,337.29,2.500,-4.13,50.0
7768.00,-3442.51,13045.97,337.26,2.500,-4.13,50.0
7769.00,-3443.47,13048.28,337.23,2.500,-4.13,50.0
7770.00,-3444.44,13050.58,337.21,2.500,-3.86,50.0
7771.00,-3445.41,13052.89,337.18,2.500,-3.86,50.0
7772.00,-3446.38,13055.19,337.15,2.500,-3.86,50.0
7773.00,-3447.35,13057.49,337.12,2.500,-3.59,50.0
7774.00,-3448.32,13059.80,337.09,2.500,-3.59,50.0
7775.00,-3449.30,13062.10,337.06,2.500,-3.59,50.0
7776.00,-3450.27,13064.40,337.03,2.500,-3.31,50.0
7777.00,-3451.24,13066.70,337.01,2.500,-3.31,50.0
7778.00,-3452.22,13069.00,336.98,2.500,-3.31,50.0
7779.00,-3453.20,13071.30,336.95,2.500,-3.04,50.0
7780.00,-3454.18,13073.60,336.93,2.500,-3.04,50.0
7781.00,-3455.16,13075.90,336.90,2.500,-3.04,50.0
7782.00,-3456.14,13078.20,336.87,2.500,-2.77,50.0
7783.00,-3457.12,13080.50,336.85,2.500,-2.77,50.0
7784.00,-3458.10,13082.80,336.82,2.500,-2.77,50.0
7785.00,-3459.09,13085.10,336.80,2.500,-2.50,50.0
7786.00,-3460.07,13087.40,336.77,2.500,-2.50,50.0
7787.00,-3461.06,13089.69,336.75,2.500,-2.50,50.0
7788.00,-3462.04,13091.99,336.73,2.500,-2.23,50.0
7789.00,-3463.03,13094.29,336.70,2.500,-2.23,50.0
7790.00,-3464.02,13096.58,336.68,2.500,-2.23,50.0
7791.00,-3465.01,13098.88,336.66,2.500,-1.96,50.0
7792.00,-3466.00,13101.17,336.64,2.500,-1.96,50.0
7793.00,-3466.99,13103.47,336.61,2.500,-1.96,50.0
7794.00,-3467.98,13105.76,336.59,2.500,-1.70,50.0
7795.00,-3468.98,13108.06,336.57,2.500,-1.70,50.0
7796.00,-3469.97,13110.35,336.55,2.500,-1.70,50.0
7797.00,-3470.96,13112.64,336.53,2.500,-1.43,50.0
7798.00,-3471.96,13114.94,336.51,2.500,-1.43,50.0
7799.00,-3472.96,13117.23,336.49,2.500,-1.43,50.0
7800.00,-3473.95,13119.52,336.47,2.500,-1.17,50.0
7801.00,-3474.95,13121.81,336.45,2.500,-1.17,50.0
7802.00,-3475.95,13124.10,336.43,2.500,-1.17,50.0
7803.00,-3476.95,13126.40,336.42,2.500,-0.92,50.0
7804.00,-3477.95,13128.69,336.40,2.500,-0.92,50.0
7805.00,-3478.95,13130.98,336.38,2.500,-0.92,50.0
7806.00,-3479.95,13133.27,336.37,2.500,-0.66,50.0
7807.00,-3480.95,13135.56,336.35,2.500,-0.66,50.0
7808.00,-3481.96,13137.85,336.33,2.500,-0.66,50.0
7809.00,-3482.96,13140.14,336.32,2.500,-0.41,50.0
7810.00,-3483.96,13142.43,336.30,2.500,-0.41,50.0
7811.00,-3484.97,13144.72,336.29,2.500,-0.41,50.0
7812.00,-3485.97,13147.00,336.28,2.500,-0.16,50.0
7813.00,-3486.98,13149.29,336.26,2.500,-0.16,50.0
7814.00,-3487.99,13151.58,336.25,2.500,-0.16,50.0
7815.00,-3488.99,13153.87,336.24,2.500,0.08,50.0
7816.00,-3490.00,13156.16,336.22,2.500,0.08,50.0
7817.00,-3491.01,13158.44,336.21,2.500,0.08,50.0
7818.00,-3492.02,13160.73,336.20,2.500,0.32,50.0
7819.00,-3493.03,13163.02,336.19,2.500,0.32,50.0
7820.00,-3494.04,13165.31,336.18,2.500,0.32,50.0
7821.00,-3495.05,13167.59,336.17,2.500,0.56,50.0
7822.00,-3496.06,13169.88,336.16,2.500,0.56,50.0
7823.00,-3497.07,13172.17,336.15,2.500,0.56,50.0
7824.00,-3498.08,13174.45,336.14,2.500,0.79,50.0
7825.00,-3499.09,13176.74,336.13,2.500,0.79,50.0
7826.00,-3500.10,13179.03,336.13,2.500,0.79,50.0
7827.00,-3501.11,13181.31,336.12,2.500,1.02,50.0
7828.00,-3502.12,13183.60,336.11,2.500,1.02,50.0
7829.00,-3503.14,13185.88,336.10,2.500,1.02,50.0
7830.00,-3504.15,13188.17,336.10,2.500,1.24,50.0
7831.00,-3505.16,13190.45,336.09,2.500,1.24,50.0
7832.00,-3506.17,13192.74,336.09,2.500,1.24,50.0
7833.00,-3507.19,13195.02,336.08,2.500,1.46,50.0
7834.00,-3508.20,13197.31,336.08,2.500,1.46,50.0
7835.00,-3509.21,13199.60,336.07,2.500,1.46,50.0
7836.00,-3510.23,13201.88,336.07,2.500,1.67,50.0
7837.00,-3511.24,13204.17,336.07,2.500,1.67,50.0
7838.00,-3512.26,13206.45,336.07,2.500,1.67,50.0
7839.00,-3513.27,13208.74,336.06,2.500,1.88,50.0
7840.00,-3514.28,13211.02,336.06,2.500,1.88,50.0
7841.00,-3515.30,13213.31,336.06,2.500,1.88,50.0
7842.00,-3516.31,13215.59,336.06,2.500,2.09,50.0
7843.00,-3517.33,13217.87,336.06,2.500,2.09,50.0
7844.00,-3518.34,13220.16,336.06,2.500,2.09,50.0
7845.00,-3519.36,13222.44,336.06,2.500,2.28,50.0
7846.00,-3520.37,13224.73,336.06,2.500,2.28,50.0
7847.00,-3521.39,13227.01,336.06,2.500,2.28,50.0
7848.00,-3522.40,13229.30,336.06,2.500,2.48,50.0
7849.00,-3523.41,13231.58,336.07,2.500,2.48,50.0
7850.00,-3524.43,13233.87,336.07,2.500,2.48,50.0
7851.00,-3525.44,13236.15,336.07,2.500,2.66,50.0
7852.00,-3526.46,13238.44,336.07,2.500,2.66,50.0
7853.00,-3527.47,13240.72,336.08,2.500,2.66,50.0
7854.00,-3528.48,13243.01,336.08,2.500,2.84,50.0
7855.00,-3529.50,13245.29,336.09,2.500,2.84,50.0
7856.00,-3530.51,13247.58,336.09,2.500,2.84,50.0
7857.00,-3531.52,13249.87,336.10,2.500,3.02,50.0
7858.00,-3532.54,13252.15,336.10,2.500,3.02,50.0
7859.00,-3533.55,13254.44,336.11,2.500,3.02,50.0
7860.00,-3534.56,13256.72,336.11,2.500,3.19,50.0
7861.00,-3535.57,13259.01,336.12,2.500,3.19,50.0
7862.00,-3536.59,13261.29,336.13,2.500,3.19,50.0
7863.00,-3537.60,13263.58,336.14,2.500,3.35,50.0
7864.00,-3538.61,13265.87,336.14,2.500,3.35,50.0
7865.00,-3539.62,13268.15,336.15,2.500,3.35,50.0
7866.00,-3540.63,13270.44,336.16,2.500,3.51,50.0
7867.00,-3541.64,13272.73,336.17,2.500,3.51,50.0
7868.00,-3542.65,13275.01,336.18,2.500,3.51,50.0
7869.00,-3543.66,13277.30,336.19,2.500,3.66,50.0
7870.00,-3544.67,13279.59,336.20,2.500,3.66,50.0
7871.00,-3545.68,13281.87,336.21,2.500,3.66,50.0
7872.00,-3546.69,13284.16,336.22,2.500,3.81,50.0
7873.00,-3547.70,13286.45,336.23,2.500,3.81,50.0
7874.00,-3548.70,13288.74,336.25,2.500,3.81,50.0
7875.00,-3549.71,13291.03,336.26,2.500,3.95,50.0
7876.00,-3550.72,13293.31,336.27,2.500,3.95,50.0
7877.00,-3551.72,13295.60,336.28,2.500,3.95,50.0
7878.00,-3552.73,13297.89,336.30,2.500,4.08,50.0
7879.00,-3553.73,13300.18,336.31,2.500,4.08,50.0
7880.00,-3554.74,13302.47,336.32,2.500,4.08,50.0
7881.00,-3555.74,13304.76,336.34,2.500,4.21,50.0
7882.00,-3556.75,13307.05,336.35,2.500,4.21,50.0
7883.00,-3557.75,13309.34,336.37,2.500,4.21,50.0
7884.00,-3558.75,13311.63,336.38,2.500,4.33,50.0
7885.00,-3559.75,13313.92,336.40,2.500,4.33,50.0
7886.00,-3560.75,13316.21,336.41,2.500,4.33,50.0
7887.00,-3561.75,13318.50,336.43,2.500,4.44,50.0
7888.00,-3562.75,13320.79,336.45,2.500,4.44,50.0
7889.00,-3563.75,13323.09,336.46,2.500,4.44,50.0
7890.00,-3564.75,13325.38,336.48,2.500,4.55,50.0
7891.00,-3565.75,13327.67,336.50,2.500,4.55,50.0
7892.00,-3566.74,13329.96,336.51,2.500,4.55,50.0
7893.00,-3567.74,13332.25,336.53,2.500,4.65,50.0
7894.00,-3568.74,13334.55,336.55,2.500,4.65,50.0
7895.00,-3569.73,13336.84,336.57,2.500,4.65,50.0
7896.00,-3570.73,13339.14,336.59,2.500,4.75,50.0
7897.00,-3571.72,13341.43,336.61,2.500,4.75,50.0
7898.00,-3572.71,13343.72,336.63,2.500,4.75,50.0
7899.00,-3573.70,13346.02,336.65,2.500,4.84,50.0
7900.00,-3574.69,13348.31,336.67,2.500,4.84,50.0
7901.00,-3575.68,13350.61,336.69,2.500,4.84,50.0
7902.00,-3576.67,13352.91,336.71,2.500,4.92,50.0
7903.00,-3577.66,13355.20,336.73,2.500,4.92,50.0
7904.00,-3578.65,13357.50,336.75,2.500,4.92,50.0
7905.00,-3579.64,13359.79,336.77,2.500,5.00,50.0
7906.00,-3580.62,13362.09,336.79,2.500,5.00,50.0
7907.00,-3581.61,13364.39,336.81,2.500,5.00,50.0
7908.00,-3582.59,13366.69,336.83,2.500,5.07,50.0
7909.00,-3583.58,13368.99,336.86,2.500,5.07,50.0
7910.00,-3584.56,13371.28,336.88,2.500,5.07,50.0
7911.00,-3585.54,13373.58,336.90,2.500,5.13,50.0
7912.00,-3586.52,13375.88,336.92,2.500,5.13,50.0
7913.00,-3587.50,13378.18,336.95,2.500,5.13,50.0
7914.00,-3588.48,13380.48,336.97,2.500,5.19,50.0
7915.00,-3589.46,13382.78,336.99,2.500,5.19,50.0
7916.00,-3590.44,13385.09,337.02,2.500,5.19,50.0
7917.00,-3591.41,13387.39,337.04,2.500,5.24,50.0
7918.00,-3592.39,13389.69,337.06,2.500,5.24,50.0
7919.00,-3593.36,13391.99,337.09,2.500,5.24,50.0
7920.00,-3594.33,13394.29,337.11,2.500,5.29,50.0
7921.00,-3595.31,13396.60,337.14,2.500,5.29,50.0
7922.00,-3596.28,13398.90,337.16,2.500,5.29,50.0
7923.00,-3597.25,13401.21,337.19,2.500,5.33,50.0
7924.00,-3598.22,13403.51,337.21,2.500,5.33,50.0
7925.00,-3599.19,13405.81,337.24,2.500,5.33,50.0
7926.00,-3600.15,13408.12,337.26,2.500,5.36,50.0
7927.00,-3601.12,13410.43,337.29,2.500,5.36,50.0
7928.00,-3602.08,13412.73,337.32,2.500,5.36,50.0
7929.00,-3603.05,13415.04,337.34,2.500,5.39,50.0
7930.00,-3604.01,13417.35,337.37,2.500,5.39,50.0
7931.00,-3604.97,13419.65,337.39,2.500,5.39,50.0
7932.00,-3605.93,13421.96,337.42,2.500,5.41,50.0
7933.00,-3606.89,13424.27,337.45,2.500,5.41,50.0
7934.00,-3607.85,13426.58,337.47,2.500,5.41,50.0
7935.00,-3608.81,13428.89,337.50,2.500,5.43,50.0
7936.00,-3609.77,13431.20,337.53,2.500,5.43,50.0
7937.00,-3610.72,13433.51,337.56,2.500,5.43,50.0
7938.00,-3611.68,13435.82,337.58,2.500,5.44,50.0
7939.00,-3612.63,13438.13,337.61,2.500,5.44,50.0
7940.00,-3613.58,13440.44,337.64,2.500,5.44,50.0
7941.00,-3614.53,13442.75,337.67,2.500,5.45,50.0
7942.00,-3615.48,13445.06,337.69,2.500,5.45,50.0
7943.00,-3616.43,13447.38,337.72,2.500,5.45,50.0
7944.00,-3617.38,13449.69,337.75,2.500,5.44,50.0
7945.00,-3618.33,13452.00,337.78,2.500,5.44,50.0
7946.00,-3619.27,13454.32,337.81,2.500,5.44,50.0
7947.00,-3620.22,13456.63,337.83,2.500,5.44,50.0
7948.00,-3621.16,13458.95,337.86,2.500,5.44,50.0
7949.00,-3622.10,13461.26,337.89,2.500,5.44,50.0
7950.00,-3623.04,13463.58,337.92,2.500,5.43,50.0
7951.00,-3623.98,13465.90,337.95,2.500,5.43,50.0
7952.00,-3624.92,13468.21,337.98,2.500,5.43,50.0
7953.00,-3625.86,13470.53,338.01,2.500,5.41,50.0
7954.00,-3626.80,13472.85,338.04,2.500,5.41,50.0
7955.00,-3627.73,13475.17,338.06,2.500,5.41,50.0
7956.00,-3628.66,13477.49,338.09,2.500,5.39,50.0
7957.00,-3629.60,13479.81,338.12,2.500,5.39,50.0
7958.00,-3630.53,13482.13,338.15,2.500,5.39,50.0
7959.00,-3631.46,13484.45,338.18,2.500,5.36,50.0
7960.00,-3632.39,13486.77,338.21,2.500,5.36,50.0
7961.00,-3633.32,13489.09,338.24,2.500,5.36,50.0
7962.00,-3634.24,13491.41,338.27,2.500,5.33,50.0
7963.00,-3635.17,13493.73,338.30,2.500,5.33,50.0
7964.00,-3636.09,13496.06,338.33,2.500,5.33,50.0
7965.00,-3637.02,13498.38,338.36,2.500,5.29,50.0
7966.00,-3637.94,13500.70,338.39,2.500,5.29,50.0
7967.00,-3638.86,13503.03,338.42,2.500,5.29,50.0
7968.00,-3639.78,13505.35,338.45,2.500,5.25,50.0
7969.00,-3640.70,13507.68,338.47,2.500,5.25,50.0
7970.00,-3641.61,13510.00,338.50,2.500,5.25,50.0
7971.00,-3642.53,13512.33,338.53,2.500,5.20,50.0
7972.00,-3643.45,13514.66,338.56,2.500,5.20,50.0
7973.00,-3644.36,13516.98,338.59,2.500,5.20,50.0
7974.00,-3645.27,13519.31,338.62,2.500,5.15,50.0
7975.00,-3646.18,13521.64,338.65,2.500,5.15,50.0
7976.00,-3647.09,13523.97,338.68,2.500,5.15,50.0
7977.00,-3648.00,13526.30,338.71,2.500,5.10,50.0
7978.00,-3648.91,13528.63,338.74,2.500,5.10,50.0
7979.00,-3649.82,13530.96,338.77,2.500,5.10,50.0
7980.00,-3650.72,13533.29,338.80,2.500,5.04,50.0
7981.00,-3651.63,13535.62,338.83,2.500,5.04,50.0
7982.00,-3652.53,13537.95,338.86,2.500,5.04,50.0
7983.00,-3653.43,13540.28,338.89,2.500,4.97,50.0
7984.00,-3654.33,13542.61,338.92,2.500,4.97,50.0
7985.00,-3655.23,13544.94,338.95,2.500,4.97,50.0
7986.00,-3656.13,13547.28,338.98,2.500,4.91,50.0
7987.00,-3657.03,13549.61,339.00,2.500,4.91,50.0
7988.00,-3657.92,13551.94,339.03,2.500,4.91,50.0
7989.00,-3658.82,13554.28,339.06,2.500,4.91,50.0
7990.00,-3659.71,13556.61,339.09,2.500,4.91,50.0
7991.00,-3660.60,13558.95,339.12,2.500,4.91,50.0
7992.00,-3661.49,13561.29,339.15,2.500,4.91,50.0
7993.00,-3662.38,13563.62,339.18,2.500,4.91,50.0
7994.00,-3663.27,13565.96,339.21,2.500,4.91,50.0
7995.00,-3664.16,13568.30,339.24,2.500,4.91,50.0
7996.00,-3665.04,13570.63,339.27,2.500,4.91,50.0
7997.00,-3665.93,13572.97,339.30,2.500,4.91,50.0
7998.00,-3666.81,13575.31,339.32,2.500,4.91,50.0
7999.00,-3667.70,13577.65,339.35,2.500,4.91,50.0
8000.00,-3668.58,13579.99,339.38,2.500,4.91,50.0
8001.00,-3669.46,13582.33,339.41,2.500,4.91,50.0
8002.00,-3670.34,13584.67,339.44,2.500,4.91,50.0
8003.00,-3671.21,13587.01,339.47,2.500,0.00,50.0
8004.00,-3672.09,13589.35,339.49,2.500,0.00,50.0
8005.00,-3672.97,13591.69,339.52,2.500,0.00,50.0
8006.00,-3673.84,13594.03,339.55,2.500,0.00,50.0
8007.00,-3674.72,13596.38,339.57,2.500,0.00,50.0
8008.00,-3675.59,13598.72,339.59,2.500,0.00,50.0
8009.00,-3676.46,13601.06,339.62,2.500,0.00,50.0
8010.00,-3677.33,13603.41,339.64,2.500,0.00,50.0
8011.00,-3678.20,13605.75,339.66,2.500,0.00,50.0
8012.00,-3679.07,13608.09,339.68,2.500,0.00,50.0
8013.00,-3679.94,13610.44,339.70,2.500,0.00,50.0
8014.00,-3680.81,13612.78,339.72,2.500,0.00,50.0
8015.00,-3681.67,13615.13,339.74,2.500,0.00,50.0
8016.00,-3682.54,13617.47,339.75,2.500,0.00,50.0
8017.00,-3683.40,13619.82,339.77,2.500,0.00,50.0
8018.00,-3684.27,13622.16,339.79,2.500,0.00,50.0
8019.00,-3685.13,13624.51,339.80,2.500,0.00,50.0
8020.00,-3685.99,13626.86,339.82,2.500,0.00,50.0
8021.00,-3686.86,13629.20,339.84,2.500,0.00,50.0
8022.00,-3687.72,13631.55,339.85,2.500,0.00,50.0
8023.00,-3688.58,13633.90,339.86,2.500,0.00,50.0
8024.00,-3689.44,13636.24,339.88,2.500,0.00,50.0
8025.00,-3690.30,13638.59,339.89,2.500,0.00,50.0
8026.00,-3691.16,13640.94,339.90,2.500,0.00,50.0
8027.00,-3692.02,13643.29,339.92,2.500,0.00,50.0
8028.00,-3692.88,13645.64,339.93,2.500,0.00,50.0
8029.00,-3693.73,13647.98,339.94,2.500,0.00,50.0
8030.00,-3694.59,13650.33,339.95,2.500,0.00,50.0
8031.00,-3695.45,13652.68,339.96,2.500,0.00,50.0
8032.00,-3696.31,13655.03,339.97,2.500,0.00,50.0
8033.00,-3697.16,13657.38,339.98,2.500,0.00,50.0
8034.00,-3698.02,13659.73,339.99,2.500,0.00,50.0
8035.00,-3698.87,13662.08,340.00,2.500,0.00,50.0
8036.00,-3699.73,13664.42,340.01,2.500,0.00,50.0
8037.00,-3700.58,13666.77,340.02,2.500,0.00,50.0
8038.00,-3701.44,13669.12,340.03,2.500,0.00,50.0
8039.00,-3702.29,13671.47,340.04,2.500,0.00,50.0
8040.00,-3703.14,13673.82,340.04,2.500,0.00,50.0
8041.00,-3704.00,13676.17,340.05,2.500,0.00,50.0
8042.00,-3704.85,13678.52,340.06,2.500,0.00,50.0
8043.00,-3705.70,13680.87,340.07,2.500,0.00,50.0
8044.00,-3706.56,13683.22,340.07,2.500,0.00,50.0
8045.00,-3707.41,13685.57,340.08,2.500,0.00,50.0
8046.00,-3708.26,13687.92,340.09,2.500,0.00,50.0
8047.00,-3709.11,13690.27,340.09,2.500,0.00,50.0
8048.00,-3709.96,13692.63,340.10,2.500,0.00,50.0
8049.00,-3710.81,13694.98,340.10,2.500,0.00,50.0
8050.00,-3711.66,13697.33,340.11,2.500,0.00,50.0
8051.00,-3712.52,13699.68,340.12,2.500,0.00,50.0
8052.00,-3713.37,13702.03,340.12,2.500,0.00,50.0
8053.00,-3714.22,13704.38,340.13,2.500,0.00,50.0
8054.00,-3715.07,13706.73,340.13,2.500,0.00,50.0
8055.00,-3715.92,13709.08,340.14,2.500,0.00,50.0
8056.00,-3716.76,13711.43,340.14,2.500,0.00,50.0
8057.00,-3717.61,13713.78,340.14,2.500,0.00,50.0
8058.00,-3718.46,13716.14,340.15,2.500,0.00,50.0
8059.00,-3719.31,13718.49,340.15,2.500,0.00,50.0
8060.00,-3720.16,13720.84,340.16,2.500,0.00,50.0
8061.00,-3721.01,13723.19,340.16,2.500,0.00,50.0
8062.00,-3721.86,13725.54,340.16,2.500,0.00,50.0
8063.00,-3722.71,13727.89,340.17,2.500,0.00,50.0
8064.00,-3723.55,13730.25,340.17,2.500,0.00,50.0
8065.00,-3724.40,13732.60,340.18,2.500,0.00,50.0
8066.00,-3725.25,13734.95,340.18,2.500,0.00,50.0
8067.00,-3726.10,13737.30,340.18,2.500,0.00,50.0
8068.00,-3726.95,13739.65,340.18,2.500,0.00,50.0
8069.00,-3727.79,13742.00,340.19,2.500,0.00,50.0
8070.00,-3728.64,13744.36,340.19,2.500,0.00,50.0
8071.00,-3729.49,13746.71,340.19,2.500,0.00,50.0
8072.00,-3730.33,13749.06,340.20,2.500,0.00,50.0
8073.00,-3731.18,13751.41,340.20,2.500,0.00,50.0
8074.00,-3732.03,13753.77,340.20,2.500,0.00,50.0
8075.00,-3732.88,13756.12,340.20,2.500,0.00,50.0
8076.00,-3733.72,13758.47,340.21,2.500,0.00,50.0
8077.00,-3734.57,13760.82,340.21,2.500,0.00,50.0
8078.00,-3735.42,13763.17,340.21,2.500,0.00,50.0
8079.00,-3736.26,13765.53,340.21,2.500,0.00,50.0
8080.00,-3737.11,13767.88,340.21,2.500,0.00,50.0
8081.00,-3737.95,13770.23,340.22,2.500,0.00,50.0
8082.00,-3738.80,13772.58,340.22,2.500,0.00,50.0
8083.00,-3739.65,13774.94,340.22,2.500,0.00,50.0
8084.00,-3740.49,13777.29,340.22,2.500,0.00,50.0
8085.00,-3741.34,13779.64,340.22,2.500,0.00,50.0
8086.00,-3742.18,13781.99,340.23,2.500,0.00,50.0
8087.00,-3743.03,13784.35,340.23,2.500,0.00,50.0
8088.00,-3743.88,13786.70,340.23,2.500,0.00,50.0
8089.00,-3744.72,13789.05,340.23,2.500,0.00,50.0
8090.00,-3745.57,13791.40,340.23,2.500,0.00,50.0
8091.00,-3746.41,13793.76,340.23,2.500,0.00,50.0
8092.00,-3747.26,13796.11,340.23,2.500,0.00,50.0
8093.00,-3748.10,13798.46,340.24,2.500,0.00,50.0
8094.00,-3748.95,13800.82,340.24,2.500,0.00,50.0
8095.00,-3749.79,13803.17,340.24,2.500,0.00,50.0
8096.00,-3750.64,13805.52,340.24,2.500,0.00,50.0
8097.00,-3751.48,13807.87,340.24,2.500,0.00,50.0
8098.00,-3752.33,13810.23,340.24,2.500,0.00,50.0
8099.00,-3753.18,13812.58,340.24,2.500,0.00,50.0
8100.00,-3754.02,13814.93,340.24,2.500,0.00,50.0
8101.00,-3754.87,13817.28,340.24,2.500,0.00,50.0
8102.00,-3755.71,13819.64,340.25,2.500,0.00,50.0
8103.00,-3756.56,13821.99,340.25,2.500,0.00,50.0
8104.00,-3757.40,13824.34,340.25,2.500,0.00,50.0
8105.00,-3758.25,13826.70,340.25,2.500,0.00,50.0
8106.00,-3759.09,13829.05,340.25,2.500,0.00,50.0
8107.00,-3759.94,13831.40,340.25,2.500,0.00,50.0
8108.00,-3760.78,13833.75,340.25,2.500,0.00,50.0
8109.00,-3761.62,13836.11,340.25,2.500,0.00,50.0
8110.00,-3762.47,13838.46,340.25,2.500,0.00,50.0
8111.00,-3763.31,13840.81,340.25,2.500,0.00,50.0
8112.00,-3764.16,13843.17,340.25,2.500,0.00,50.0
8113.00,-3765.00,13845.52,340.25,2.500,0.00,50.0
8114.00,-3765.85,13847.87,340.25,2.500,0.00,50.0
8115.00,-3766.69,13850.23,340.26,2.500,0.00,50.0
8116.00,-3767.54,13852.58,340.26,2.500,0.00,50.0
8117.00,-3768.38,13854.93,340.26,2.500,0.00,50.0
8118.00,-3769.23,13857.28,340.26,2.500,0.00,50.0
8119.00,-3770.07,13859.64,340.26,2.500,0.00,50.0
8120.00,-3770.92,13861.99,340.26,2.500,0.00,50.0
8121.00,-3771.76,13864.34,340.26,2.500,0.00,50.0
8122.00,-3772.60,13866.70,340.26,2.500,0.00,50.0
8123.00,-3773.45,13869.05,340.26,2.500,0.00,50.0
8124.00,-3774.29,13871.40,340.26,2.500,0.00,50.0
8125.00,-3775.14,13873.76,340.26,2.500,0.00,50.0
8126.00,-3775.98,13876.11,340.26,2.500,0.00,50.0
8127.00,-3776.83,13878.46,340.26,2.500,0.00,50.0
8128.00,-3777.67,13880.82,340.26,2.500,0.00,50.0
8129.00,-3778.51,13883.17,340.26,2.500,0.00,50.0
8130.00,-3779.36,13885.52,340.26,2.500,0.00,50.0
8131.00,-3780.20,13887.88,340.26,2.500,0.00,50.0
8132.00,-3781.05,13890.23,340.26,2.500,0.00,50.0
8133.00,-3781.89,13892.58,340.26,2.500,0.00,50.0
8134.00,-3782.74,13894.93,340.26,2.500,0.00,50.0
8135.00,-3783.58,13897.29,340.26,2.500,0.00,50.0
8136.00,-3784.42,13899.64,340.26,2.500,0.00,50.0
8137.00,-3785.27,13901.99,340.27,2.500,0.00,50.0
8138.00,-3786.11,13904.35,340.27,2.500,0.00,50.0
8139.00,-3786.96,13906.70,340.27,2.500,0.00,50.0
8140.00,-3787.80,13909.05,340.27,2.500,0.00,50.0
8141.00,-3788.64,13911.41,340.27,2.500,0.00,50.0
8142.00,-3789.49,13913.76,340.27,2.500,0.00,50.0
8143.00,-3790.33,13916.11,340.27,2.500,0.00,50.0
8144.00,-3791.18,13918.47,340.27,2.500,0.00,50.0
8145.00,-3792.02,13920.82,340.27,2.500,0.00,50.0
8146.00,-3792.87,13923.17,340.27,2.500,0.00,50.0
8147.00,-3793.71,13925.53,340.27,2.500,0.00,50.0
8148.00,-3794.55,13927.88,340.27,2.500,0.00,50.0
8149.00,-3795.40,13930.23,340.27,2.500,0.00,50.0
8150.00,-3796.24,13932.59,340.27,2.500,0.00,50.0
8151.00,-3797.09,13934.94,340.27,2.500,0.00,50.0
8152.00,-3797.93,13937.29,340.27,2.500,0.00,50.0
8153.00,-3798.77,13939.64,340.27,2.500,0.00,50.0
8154.00,-3799.62,13942.00,340.27,2.500,0.00,50.0
8155.00,-3800.46,13944.35,340.27,2.500,0.00,50.0
8156.00,-3801.31,13946.70,340.27,2.500,0.00,50.0
8157.00,-3802.15,13949.06,340.27,2.500,0.00,50.0
8158.00,-3802.99,13951.41,340.27,2.500,0.00,50.0
8159.00,-3803.84,13953.76,340.27,2.500,0.00,50.0
8160.00,-3804.68,13956.12,340.27,2.500,0.00,50.0
8161.00,-3805.53,13958.47,340.27,2.500,0.00,50.0
8162.00,-3806.37,13960.82,340.27,2.500,0.00,50.0
8163.00,-3807.21,13963.18,340.27,2.500,0.00,50.0
8164.00,-3808.06,13965.53,340.27,2.500,0.00,50.0
8165.00,-3808.90,13967.88,340.27,2.500,0.00,50.0
8166.00,-3809.75,13970.24,340.27,2.500,0.00,50.0
8167.00,-3810.59,13972.59,340.27,2.500,0.00,50.0
8168.00,-3811.43,13974.94,340.27,2.500,0.00,50.0
8169.00,-3812.28,13977.30,340.27,2.500,0.00,50.0
8170.00,-3813.12,13979.65,340.27,2.500,0.00,50.0
8171.00,-3813.97,13982.00,340.27,2.500,0.00,50.0
8172.00,-3814.81,13984.36,340.27,2.500,0.00,50.0
8173.00,-3815.65,13986.71,340.27,2.500,0.00,50.0
8174.00,-3816.50,13989.06,340.27,2.500,0.00,50.0
8175.00,-3817.34,13991.42,340.27,2.500,0.00,50.0
8176.00,-3818.19,13993.77,340.27,2.500,0.00,50.0
8177.00,-3819.03,13996.12,340.27,2.500,0.00,50.0
8178.00,-3819.87,13998.48,340.27,2.500,0.00,50.0
8179.00,-3820.72,14000.83,340.27,2.500,0.00,50.0
8180.00,-3821.56,14003.18,340.27,2.500,0.00,50.0
8181.00,-3822.40,14005.54,340.27,2.500,0.00,50.0
8182.00,-3823.25,14007.89,340.27,2.500,0.00,50.0
8183.00,-3824.09,14010.24,340.27,2.500,0.00,50.0
8184.00,-3824.94,14012.60,340.27,2.500,0.00,50.0
8185.00,-3825.78,14014.95,340.27,2.500,0.00,50.0
8186.00,-3826.62,14017.30,340.27,2.500,0.00,50.0
8187.00,-3827.47,14019.66,340.27,2.500,0.00,50.0
8188.00,-3828.31,14022.01,340.27,2.500,0.00,50.0
8189.00,-3829.16,14024.36,340.27,2.500,0.00,50.0
8190.00,-3830.00,14026.72,340.27,2.500,0.00,50.0
8191.00,-3830.84,14029.07,340.27,2.500,0.00,50.0
8192.00,-3831.69,14031.42,340.27,2.500,0.00,50.0
8193.00,-3832.53,14033.77,340.27,2.500,0.00,50.0
8194.00,-3833.38,14036.13,340.27,2.500,0.00,50.0
8195.00,-3834.22,14038.48,340.27,2.500,0.00,50.0
8196.00,-3835.06,14040.83,340.27,2.500,0.00,50.0
8197.00,-3835.91,14043.19,340.27,2.500,0.00,50.0
8198.00,-3836.75,14045.54,340.27,2.500,0.00,50.0
8199.00,-3837.59,14047.89,340.27,2.500,0.00,50.0
8200.00,-3838.44,14050.25,340.27,2.500,0.00,50.0
8201.00,-3839.28,14052.60,340.27,2.500,0.00,50.0
8202.00,-3840.13,14054.95,340.27,2.500,0.00,50.0
8203.00,-3840.97,14057.31,340.27,2.500,0.00,50.0
8204.00,-3841.81,14059.66,340.27,2.500,0.00,50.0
8205.00,-3842.66,14062.01,340.27,2.500,0.00,50.0
8206.00,-3843.50,14064.37,340.27,2.500,0.00,50.0
8207.00,-3844.35,14066.72,340.27,2.500,0.00,50.0
8208.00,-3845.19,14069.07,340.27,2.500,0.00,50.0
8209.00,-3846.03,14071.43,340.27,2.500,0.00,50.0
8210.00,-3846.88,14073.78,340.27,2.500,0.00,50.0
8211.00,-3847.72,14076.13,340.27,2.500,0.00,50.0
8212.00,-3848.56,14078.49,340.27,2.500,0.00,50.0
8213.00,-3849.41,14080.84,340.27,2.500,0.00,50.0
8214.00,-3850.25,14083.19,340.27,2.500,0.00,50.0
8215.00,-3851.10,14085.55,340.27,2.500,0.00,50.0
8216.00,-3851.94,14087.90,340.27,2.500,0.00,50.0
8217.00,-3852.78,14090.25,340.27,2.500,0.00,50.0
8218.00,-3853.63,14092.61,340.27,2.500,0.00,50.0
8219.00,-3854.47,14094.96,340.27,2.500,0.00,50.0
8220.00,-3855.32,14097.31,340.27,2.500,0.00,50.0
8221.00,-3856.16,14099.67,340.27,2.500,0.00,50.0
8222.00,-3857.00,14102.02,340.27,2.500,0.00,50.0
8223.00,-3857.85,14104.37,340.27,2.500,0.00,50.0
8224.00,-3858.69,14106.73,340.27,2.500,0.00,50.0
8225.00,-3859.53,14109.08,340.27,2.500,0.00,50.0
8226.00,-3860.38,14111.43,340.27,2.500,0.00,50.0
8227.00,-3861.22,14113.79,340.27,2.500,0.00,50.0
8228.00,-3862.07,14116.14,340.27,2.500,0.00,50.0
8229.00,-3862.91,14118.49,340.27,2.500,0.00,50.0
8230.00,-3863.75,14120.85,340.27,2.500,0.00,50.0
8231.00,-3864.60,14123.20,340.27,2.500,0.00,50.0
8232.00,-3865.44,14125.55,340.27,2.500,0.00,50.0
8233.00,-3866.29,14127.91,340.27,2.500,0.00,50.0
8234.00,-3867.13,14130.26,340.27,2.500,0.00,50.0
8235.00,-3867.97,14132.61,340.27,2.500,0.00,50.0
8236.00,-3868.82,14134.97,340.27,2.500,0.00,50.0
8237.00,-3869.66,14137.32,340.27,2.500,0.00,50.0
8238.00,-3870.50,14139.67,340.27,2.500,0.00,50.0
8239.00,-3871.35,14142.03,340.27,2.500,0.00,50.0
8240.00,-3872.19,14144.38,340.27,2.500,0.00,50.0
8241.00,-3873.04,14146.73,340.27,2.500,0.00,50.0
8242.00,-3873.88,14149.09,340.27,2.500,0.00,50.0
8243.00,-3874.72,14151.44,340.27,2.500,0.00,50.0
8244.00,-3875.57,14153.79,340.27,2.500,0.00,50.0
8245.00,-3876.41,14156.15,340.27,2.500,0.00,50.0
8246.00,-3877.26,14158.50,340.27,2.500,0.00,50.0
8247.00,-3878.10,14160.85,340.27,2.500,0.00,50.0
8248.00,-3878.94,14163.21,340.27,2.500,0.00,50.0
8249.00,-3879.79,14165.56,340.27,2.500,0.00,50.0
8250.00,-3880.63,14167.91,340.27,2.500,0.00,50.0
8251.00,-3881.47,14170.27,340.27,2.500,0.00,50.0
8252.00,-3882.32,14172.62,340.27,2.500,0.00,50.0
8253.00,-3883.16,14174.97,340.27,2.500,0.00,50.0
8254.00,-3884.01,14177.32,340.27,2.500,0.00,50.0
8255.00,-3884.85,14179.68,340.27,2.500,0.00,50.0
8256.00,-3885.69,14182.03,340.27,2.500,0.00,50.0
8257.00,-3886.54,14184.38,340.27,2.500,0.00,50.0
8258.00,-3887.38,14186.74,340.27,2.500,0.00,50.0
8259.00,-3888.22,14189.09,340.27,2.500,0.00,50.0
8260.00,-3889.07,14191.44,340.27,2.500,0.00,50.0
8261.00,-3889.91,14193.80,340.27,2.500,0.00,50.0
8262.00,-3890.76,14196.15,340.27,2.500,0.00,50.0
8263.00,-3891.60,14198.50,340.27,2.500,0.00,50.0
8264.00,-3892.44,14200.86,340.27,2.500,0.00,50.0
8265.00,-3893.29,14203.21,340.27,2.500,0.00,50.0
8266.00,-3894.13,14205.56,340.27,2.500,0.00,50.0
8267.00,-3894.98,14207.92,340.27,2.500,0.00,50.0
8268.00,-3895.82,14210.27,340.27,2.500,0.00,50.0
8269.00,-3896.66,14212.62,340.27,2.500,0.00,50.0
8270.00,-3897.51,14214.98,340.27,2.500,0.00,50.0
8271.00,-3898.35,14217.33,340.27,2.500,0.00,50.0
8272.00,-3899.19,14219.68,340.27,2.500,0.00,50.0
8273.00,-3900.04,14222.04,340.27,2.500,0.00,50.0
8274.00,-3900.88,14224.39,340.27,2.500,0.00,50.0
8275.00,-3901.73,14226.74,340.27,2.500,0.00,50.0
8276.00,-3902.57,14229.10,340.27,2.500,0.00,50.0
8277.00,-3903.41,14231.45,340.27,2.500,0.00,50.0
8278.00,-3904.26,14233.80,340.27,2.500,0.00,50.0
8279.00,-3905.10,14236.16,340.27,2.500,0.00,50.0
8280.00,-3905.95,14238.51,340.27,2.500,0.00,50.0
8281.00,-3906.79,14240.86,340.27,2.500,0.00,50.0
8282.00,-3907.63,14243.22,340.27,2.500,0.00,50.0
8283.00,-3908.48,14245.57,340.27,2.500,0.00,50.0
8284.00,-3909.32,14247.92,340.27,2.500,0.00,50.0
8285.00,-3910.16,14250.28,340.27,2.500,0.00,50.0
8286.00,-3911.01,14252.63,340.27,2.500,0.00,50.0
8287.00,-3911.85,14254.98,340.27,2.500,0.00,50.0
8288.00,-3912.70,14257.34,340.27,2.500,0.00,50.0
8289.00,-3913.54,14259.69,340.27,2.500,0.00,50.0
8290.00,-3914.38,14262.04,340.27,2.500,0.00,50.0
8291.00,-3915.23,14264.40,340.27,2.500,0.00,50.0
8292.00,-3916.07,14266.75,340.27,2.500,0.00,50.0
8293.00,-3916.91,14269.10,340.27,2.500,0.00,50.0
8294.00,-3917.76,14271.46,340.27,2.500,0.00,50.0
8295.00,-3918.60,14273.81,340.27,2.500,0.00,50.0
8296.00,-3919.45,14276.16,340.27,2.500,0.00,50.0
8297.00,-3920.29,14278.52,340.27,2.500,0.00,50.0
8298.00,-3921.13,14280.87,340.27,2.500,0.00,50.0
8299.00,-3921.98,14283.22,340.27,2.500,0.00,50.0
8300.00,-3922.82,14285.58,340.27,2.500,0.00,50.0
8301.00,-3923.67,14287.93,340.27,2.500,0.00,50.0
8302.00,-3924.51,14290.28,340.27,2.500,0.00,50.0
8303.00,-3925.35,14292.64,340.27,2.500,0.00,50.0
8304.00,-3926.20,14294.99,340.27,2.500,0.00,50.0
8305.00,-3927.04,14297.34,340.27,2.500,0.00,50.0
8306.00,-3927.88,14299.70,340.27,2.500,0.00,50.0
8307.00,-3928.73,14302.05,340.27,2.500,0.00,50.0
8308.00,-3929.57,14304.40,340.27,2.500,0.00,50.0
8309.00,-3930.42,14306.76,340.27,2.500,0.00,50.0
8310.00,-3931.26,14309.11,340.27,2.500,0.00,50.0
8311.00,-3932.10,14311.46,340.27,2.500,0.00,50.0
8312.00,-3932.95,14313.82,340.27,2.500,0.00,50.0
8313.00,-3933.79,14316.17,340.27,2.500,0.00,50.0
8314.00,-3934.64,14318.52,340.27,2.500,0.00,50.0
8315.00,-3935.48,14320.88,340.27,2.500,0.00,50.0
8316.00,-3936.32,14323.23,340.27,2.500,0.00,50.0
8317.00,-3937.17,14325.58,340.27,2.500,0.00,50.0
8318.00,-3938.01,14327.94,340.27,2.500,0.00,50.0
8319.00,-3938.85,14330.29,340.27,2.500,0.00,50.0
8320.00,-3939.70,14332.64,340.27,2.500,0.00,50.0
8321.00,-3940.54,14335.00,340.27,2.500,0.00,50.0
8322.00,-3941.39,14337.35,340.27,2.500,0.00,50.0
8323.00,-3942.23,14339.70,340.27,2.500,0.00,50.0
8324.00,-3943.07,14342.06,340.27,2.500,0.00,50.0
8325.00,-3943.92,14344.41,340.27,2.500,0.00,50.0
8326.00,-3944.76,14346.76,340.27,2.500,0.00,50.0
8327.00,-3945.60,14349.11,340.27,2.500,0.00,50.0
8328.00,-3946.45,14351.47,340.27,2.500,0.00,50.0
8329.00,-3947.29,14353.82,340.27,2.500,0.00,50.0
8330.00,-3948.14,14356.17,340.27,2.500,0.00,50.0
8331.00,-3948.98,14358.53,340.27,2.500,0.00,50.0
8332.00,-3949.82,14360.88,340.27,2.500,0.00,50.0
8333.00,-3950.67,14363.23,340.27,2.500,0.00,50.0
8334.00,-3951.51,14365.59,340.27,2.500,0.00,50.0
8335.00,-3952.36,14367.94,340.27,2.500,0.00,50.0
8336.00,-3953.20,14370.29,340.27,2.500,0.00,50.0
8337.00,-3954.04,14372.65,340.27,2.500,0.00,50.0
8338.00,-3954.89,14375.00,340.27,2.500,0.00,50.0
8339.00,-3955.73,14377.35,340.27,2.500,0.00,50.0
8340.00,-3956.57,14379.71,340.27,2.500,0.00,50.0
8341.00,-3957.42,14382.06,340.27,2.500,0.00,50.0
8342.00,-3958.26,14384.41,340.27,2.500,0.00,50.0
8343.00,-3959.11,14386.77,340.27,2.500,0.00,50.0
8344.00,-3959.95,14389.12,340.27,2.500,0.00,50.0
8345.00,-3960.79,14391.47,340.27,2.500,0.00,50.0
8346.00,-3961.64,14393.83,340.27,2.500,0.00,50.0
8347.00,-3962.48,14396.18,340.27,2.500,0.00,50.0
8348.00,-3963.33,14398.53,340.27,2.500,0.00,50.0
8349.00,-3964.17,14400.89,340.27,2.500,0.00,50.0
8350.00,-3965.01,14403.24,340.27,2.500,0.00,50.0
8351.00,-3965.86,14405.59,340.27,2.500,0.00,50.0
8352.00,-3966.70,14407.95,340.27,2.500,0.00,50.0
8353.00,-3967.54,14410.30,340.27,2.500,0.00,50.0
8354.00,-3968.39,14412.65,340.27,2.500,0.00,50.0
8355.00,-3969.23,14415.01,340.27,2.500,0.00,50.0
8356.00,-3970.08,14417.36,340.27,2.500,0.00,50.0
8357.00,-3970.92,14419.71,340.27,2.500,0.00,50.0
8358.00,-3971.76,14422.07,340.27,2.500,0.00,50.0
8359.00,-3972.61,14424.42,340.27,2.500,0.00,50.0
8360.00,-3973.45,14426.77,340.27,2.500,0.00,50.0
8361.00,-3974.29,14429.13,340.27,2.500,0.00,50.0
8362.00,-3975.14,14431.48,340.27,2.500,0.00,50.0
8363.00,-3975.98,14433.83,340.27,2.500,0.00,50.0
8364.00,-3976.83,14436.19,340.27,2.500,0.00,50.0
8365.00,-3977.67,14438.54,340.27,2.500,0.00,50.0
8366.00,-3978.51,14440.89,340.27,2.500,0.00,50.0
8367.00,-3979.36,14443.25,340.27,2.500,0.00,50.0
8368.00,-3980.20,14445.60,340.27,2.500,0.00,50.0
8369.00,-3981.05,14447.95,340.27,2.500,0.00,50.0
8370.00,-3981.89,14450.31,340.27,2.500,0.00,50.0
8371.00,-3982.73,14452.66,340.27,2.500,0.00,50.0
8372.00,-3983.58,14455.01,340.27,2.500,0.00,50.0
8373.00,-3984.42,14457.37,340.27,2.500,0.00,50.0
8374.00,-3985.26,14459.72,340.27,2.500,0.00,50.0
8375.00,-3986.11,14462.07,340.27,2.500,0.00,50.0
8376.00,-3986.95,14464.43,340.27,2.500,0.00,50.0
8377.00,-3987.80,14466.78,340.27,2.500,0.00,50.0
8378.00,-3988.64,14469.13,340.27,2.500,0.00,50.0
8379.00,-3989.48,14471.49,340.27,2.500,0.00,50.0
8380.00,-3990.33,14473.84,340.27,2.500,0.00,50.0
8381.00,-3991.17,14476.19,340.27,2.500,0.00,50.0
8382.00,-3992.02,14478.55,340.27,2.500,0.00,50.0
8383.00,-3992.86,14480.90,340.27,2.500,0.00,50.0
8384.00,-3993.70,14483.25,340.27,2.500,0.00,50.0
8385.00,-3994.55,14485.61,340.27,2.500,0.00,50.0
8386.00,-3995.39,14487.96,340.27,2.500,0.00,50.0
8387.00,-3996.23,14490.31,340.27,2.500,0.00,50.0
8388.00,-3997.08,14492.67,340.27,2.500,0.00,50.0
8389.00,-3997.92,14495.02,340.27,2.500,0.00,50.0
8390.00,-3998.77,14497.37,340.27,2.500,0.00,50.0
8391.00,-3999.61,14499.73,340.27,2.500,0.00,50.0
8392.00,-4000.45,14502.08,340.27,2.500,0.00,50.0
8393.00,-4001.30,14504.43,340.27,2.500,0.00,50.0
8394.00,-4002.14,14506.79,340.27,2.500,0.00,50.0
8395.00,-4002.98,14509.14,340.27,2.500,0.00,50.0
8396.00,-4003.83,14511.49,340.27,2.500,0.00,50.0
8397.00,-4004.67,14513.85,340.27,2.500,0.00,50.0
8398.00,-4005.52,14516.20,340.27,2.500,0.00,50.0
8399.00,-4006.36,14518.55,340.27,2.500,0.00,50.0
8400.00,-4007.20,14520.90,340.27,2.500,0.00,50.0
8401.00,-4008.05,14523.26,340.27,2.500,0.00,50.0
8402.00,-4008.89,14525.61,340.27,2.500,0.00,50.0
8403.00,-4009.74,14527.96,340.27,2.500,0.00,50.0
8404.00,-4010.58,14530.32,340.27,2.500,0.00,50.0
8405.00,-4011.42,14532.67,340.27,2.500,0.00,50.0
8406.00,-4012.27,14535.02,340.27,2.500,0.00,50.0
8407.00,-4013.11,14537.38,340.27,2.500,0.00,50.0
8408.00,-4013.95,14539.73,340.27,2.500,0.00,50.0
8409.00,-4014.80,14542.08,340.27,2.500,0.00,50.0
8410.00,-4015.64,14544.44,340.27,2.500,0.00,50.0
8411.00,-4016.49,14546.79,340.27,2.500,0.00,50.0
8412.00,-4017.33,14549.14,340.27,2.500,0.00,50.0
8413.00,-4018.17,14551.50,340.27,2.500,0.00,50.0
8414.00,-4019.02,14553.85,340.27,2.500,0.00,50.0
8415.00,-4019.86,14556.20,340.27,2.500,0.00,50.0
8416.00,-4020.70,14558.56,340.27,2.500,0.00,50.0
8417.00,-4021.55,14560.91,340.27,2.500,0.00,50.0
8418.00,-4022.39,14563.26,340.27,2.500,0.00,50.0
8419.00,-4023.24,14565.62,340.27,2.500,0.00,50.0
8420.00,-4024.08,14567.97,340.27,2.500,0.00,50.0
8421.00,-4024.92,14570.32,340.27,2.500,0.00,50.0
8422.00,-4025.77,14572.68,340.27,2.500,0.00,50.0
8423.00,-4026.61,14575.03,340.27,2.500,0.00,50.0
8424.00,-4027.46,14577.38,340.27,2.500,0.00,50.0
8425.00,-4028.30,14579.74,340.27,2.500,0.00,50.0
8426.00,-4029.14,14582.09,340.27,2.500,0.00,50.0
8427.00,-4029.99,14584.44,340.27,2.500,0.00,50.0
8428.00,-4030.83,14586.80,340.27,2.500,0.00,50.0
8429.00,-4031.67,14589.15,340.27,2.500,0.00,50.0
8430.00,-4032.52,14591.50,340.27,2.500,0.00,50.0
8431.00,-4033.36,14593.86,340.27,2.500,0.00,50.0
8432.00,-4034.21,14596.21,340.27,2.500,0.00,50.0
8433.00,-4035.05,14598.56,340.27,2.500,0.00,50.0
8434.00,-4035.89,14600.92,340.27,2.500,0.00,50.0
8435.00,-4036.74,14603.27,340.27,2.500,0.00,50.0
8436.00,-4037.58,14605.62,340.27,2.500,0.00,50.0
8437.00,-4038.43,14607.98,340.27,2.500,0.00,50.0
8438.00,-4039.27,14610.33,340.27,2.500,0.00,50.0
8439.00,-4040.11,14612.68,340.27,2.500,0.00,50.0
8440.00,-4040.96,14615.04,340.27,2.500,0.00,50.0
8441.00,-4041.80,14617.39,340.27,2.500,0.00,50.0
8442.00,-4042.64,14619.74,340.27,2.500,0.00,50.0
8443.00,-4043.49,14622.10,340.27,2.500,0.00,50.0
8444.00,-4044.33,14624.45,340.27,2.500,0.00,50.0
8445.00,-4045.18,14626.80,340.27,2.500,0.00,50.0
8446.00,-4046.02,14629.16,340.27,2.500,0.00,50.0
8447.00,-4046.86,14631.51,340.27,2.500,0.00,50.0
8448.00,-4047.71,14633.86,340.27,2.500,0.00,50.0
8449.00,-4048.55,14636.22,340.27,2.500,0.00,50.0
8450.00,-4049.39,14638.57,340.27,2.500,0.00,50.0
8451.00,-4050.24,14640.92,340.27,2.500,0.00,50.0
8452.00,-4051.08,14643.28,340.27,2.500,0.00,50.0
8453.00,-4051.93,14645.63,340.27,2.500,0.00,50.0
8454.00,-4052.77,14647.98,340.27,2.500,0.00,50.0
8455.00,-4053.61,14650.34,340.27,2.500,0.00,50.0
8456.00,-4054.46,14652.69,340.27,2.500,0.00,50.0
8457.00,-4055.30,14655.04,340.27,2.500,0.00,50.0
8458.00,-4056.15,14657.40,340.27,2.500,0.00,50.0
8459.00,-4056.99,14659.75,340.27,2.500,0.00,50.0
8460.00,-4057.83,14662.10,340.27,2.500,0.00,50.0
8461.00,-4058.68,14664.46,340.27,2.500,0.00,50.0
8462.00,-4059.52,14666.81,340.27,2.500,0.00,50.0
8463.00,-4060.36,14669.16,340.27,2.500,0.00,50.0
8464.00,-4061.21,14671.52,340.27,2.500,0.00,50.0
8465.00,-4062.05,14673.87,340.27,2.500,0.00,50.0
8466.00,-4062.90,14676.22,340.27,2.500,0.00,50.0
8467.00,-4063.74,14678.58,340.27,2.500,0.00,50.0
8468.00,-4064.58,14680.93,340.27,2.500,0.00,50.0
8469.00,-4065.43,14683.28,340.27,2.500,0.00,50.0
8470.00,-4066.27,14685.64,340.27,2.500,0.00,50.0
8471.00,-4067.12,14687.99,340.27,2.500,0.00,50.0
8472.00,-4067.96,14690.34,340.27,2.500,0.00,50.0
8473.00,-4068.80,14692.69,340.27,2.500,0.00,50.0
8474.00,-4069.65,14695.05,340.27,2.500,0.00,50.0
8475.00,-4070.49,14697.40,340.27,2.500,0.00,50.0
8476.00,-4071.33,14699.75,340.27,2.500,0.00,50.0
8477.00,-4072.18,14702.11,340.27,2.500,0.00,50.0
8478.00,-4073.02,14704.46,340.27,2.500,0.00,50.0
8479.00,-4073.87,14706.81,340.27,2.500,0.00,50.0
8480.00,-4074.71,14709.17,340.27,2.500,0.00,50.0
8481.00,-4075.55,14711.52,340.27,2.500,0.00,50.0
8482.00,-4076.40,14713.87,340.27,2.500,0.00,50.0
8483.00,-4077.24,14716.23,340.27,2.500,0.00,50.0
8484.00,-4078.08,14718.58,340.27,2.500,0.00,50.0
8485.00,-4078.93,14720.93,340.27,2.500,0.00,50.0
8486.00,-4079.77,14723.29,340.27,2.500,0.00,50.0
8487.00,-4080.62,14725.64,340.27,2.500,0.00,50.0
8488.00,-4081.46,14727.99,340.27,2.500,0.00,50.0
8489.00,-4082.30,14730.35,340.27,2.500,0.00,50.0
8490.00,-4083.15,14732.70,340.27,2.500,0.00,50.0
8491.00,-4083.99,14735.05,340.27,2.500,0.00,50.0
8492.00,-4084.84,14737.41,340.27,2.500,0.00,50.0
8493.00,-4085.68,14739.76,340.27,2.500,0.00,50.0
8494.00,-4086.52,14742.11,340.27,2.500,0.00,50.0
8495.00,-4087.37,14744.47,340.27,2.500,0.00,50.0
8496.00,-4088.21,14746.82,340.27,2.500,0.00,50.0
8497.00,-4089.05,14749.17,340.27,2.500,0.00,50.0
8498.00,-4089.90,14751.53,340.27,2.500,0.00,50.0
8499.00,-4090.74,14753.88,340.27,2.500,0.00,50.0
8500.00,-4091.59,14756.23,340.27,2.500,0.00,50.0
8501.00,-4092.43,14758.59,340.27,2.500,0.00,50.0
8502.00,-4093.27,14760.94,340.27,2.500,0.00,50.0
8503.00,-4094.12,14763.29,340.27,2.500,0.00,50.0
8504.00,-4094.96,14765.65,340.27,2.500,0.00,50.0
8505.00,-4095.81,14768.00,340.27,2.500,0.00,50.0
8506.00,-4096.65,14770.35,340.27,2.500,0.00,50.0
8507.00,-4097.49,14772.71,340.27,2.500,0.00,50.0
8508.00,-4098.34,14775.06,340.27,2.500,0.00,50.0
8509.00,-4099.18,14777.41,340.27,2.500,0.00,50.0
8510.00,-4100.02,14779.77,340.27,2.500,0.00,50.0
8511.00,-4100.87,14782.12,340.27,2.500,0.00,50.0
8512.00,-4101.71,14784.47,340.27,2.500,0.00,50.0
8513.00,-4102.56,14786.83,340.27,2.500,0.00,50.0
8514.00,-4103.40,14789.18,340.27,2.500,0.00,50.0
8515.00,-4104.24,14791.53,340.27,2.500,0.00,50.0
8516.00,-4105.09,14793.89,340.27,2.500,0.00,50.0
8517.00,-4105.93,14796.24,340.27,2.500,0.00,50.0
8518.00,-4106.77,14798.59,340.27,2.500,0.00,50.0
8519.00,-4107.62,14800.95,340.27,2.500,0.00,50.0
8520.00,-4108.46,14803.30,340.27,2.500,0.00,50.0
8521.00,-4109.31,14805.65,340.27,2.500,0.00,50.0
8522.00,-4110.15,14808.01,340.27,2.500,0.00,50.0
8523.00,-4110.99,14810.36,340.27,2.500,0.00,50.0
8524.00,-4111.84,14812.71,340.27,2.500,0.00,50.0
8525.00,-4112.68,14815.07,340.27,2.500,0.00,50.0
8526.00,-4113.53,14817.42,340.27,2.500,0.00,50.0
8527.00,-4114.37,14819.77,340.27,2.500,0.00,50.0
8528.00,-4115.21,14822.13,340.27,2.500,0.00,50.0
8529.00,-4116.06,14824.48,340.27,2.500,0.00,50.0
8530.00,-4116.90,14826.83,340.27,2.500,0.00,50.0
8531.00,-4117.74,14829.19,340.27,2.500,0.00,50.0
8532.00,-4118.59,14831.54,340.27,2.500,0.00,50.0
8533.00,-4119.43,14833.89,340.27,2.500,0.00,50.0
8534.00,-4120.28,14836.25,340.27,2.500,0.00,50.0
8535.00,-4121.12,14838.60,340.27,2.500,0.00,50.0
8536.00,-4121.96,14840.95,340.27,2.500,0.00,50.0
8537.00,-4122.81,14843.31,340.27,2.500,0.00,50.0
8538.00,-4123.65,14845.66,340.27,2.500,0.00,50.0
8539.00,-4124.49,14848.01,340.27,2.500,0.00,50.0
8540.00,-4125.34,14850.37,340.27,2.500,0.00,50.0
8541.00,-4126.18,14852.72,340.27,2.500,0.00,50.0
8542.00,-4127.03,14855.07,340.27,2.500,0.00,50.0
8543.00,-4127.87,14857.43,340.27,2.500,0.00,50.0
8544.00,-4128.71,14859.78,340.27,2.500,0.00,50.0
8545.00,-4129.56,14862.13,340.27,2.500,0.00,50.0
8546.00,-4130.40,14864.49,340.27,2.500,0.00,50.0
8547.00,-4131.25,14866.84,340.27,2.500,0.00,50.0
8548.00,-4132.09,14869.19,340.27,2.500,0.00,50.0
8549.00,-4132.93,14871.54,340.27,2.500,0.00,50.0
8550.00,-4133.78,14873.90,340.27,2.500,0.00,50.0
8551.00,-4134.62,14876.25,340.27,2.500,0.00,50.0
8552.00,-4135.46,14878.60,340.27,2.500,0.00,50.0
8553.00,-4136.31,14880.96,340.27,2.500,0.00,50.0
8554.00,-4137.15,14883.31,340.27,2.500,0.00,50.0
8555.00,-4138.00,14885.66,340.27,2.500,0.00,50.0
8556.00,-4138.84,14888.02,340.27,2.500,0.00,50.0
8557.00,-4139.68,14890.37,340.27,2.500,0.00,50.0
8558.00,-4140.53,14892.72,340.27,2.500,0.00,50.0
8559.00,-4141.37,14895.08,340.27,2.500,0.00,50.0
8560.00,-4142.22,14897.43,340.27,2.500,0.00,50.0
8561.00,-4143.06,14899.78,340.27,2.500,0.00,50.0
8562.00,-4143.90,14902.14,340.27,2.500,0.00,50.0
8563.00,-4144.75,14904.49,340.27,2.500,0.00,50.0
8564.00,-4145.59,14906.84,340.27,2.500,0.00,50.0
8565.00,-4146.43,14909.20,340.27,2.500,0.00,50.0
8566.00,-4147.28,14911.55,340.27,2.500,0.00,50.0
8567.00,-4148.12,14913.90,340.27,2.500,0.00,50.0
8568.00,-4148.97,14916.26,340.27,2.500,0.00,50.0
8569.00,-4149.81,14918.61,340.27,2.500,0.00,50.0
8570.00,-4150.65,14920.96,340.27,2.500,0.00,50.0
8571.00,-4151.50,14923.32,340.27,2.500,0.00,50.0
8572.00,-4152.34,14925.67,340.27,2.500,0.00,50.0
8573.00,-4153.18,14928.02,340.27,2.500,0.00,50.0
8574.00,-4154.03,14930.38,340.27,2.500,0.00,50.0
8575.00,-4154.87,14932.73,340.27,2.500,0.00,50.0
8576.00,-4155.72,14935.08,340.27,2.500,0.00,50.0
8577.00,-4156.56,14937.44,340.27,2.500,0.00,50.0
8578.00,-4157.40,14939.79,340.27,2.500,0.00,50.0
8579.00,-4158.25,14942.14,340.27,2.500,0.00,50.0
8580.00,-4159.09,14944.50,340.27,2.500,0.00,50.0
8581.00,-4159.94,14946.85,340.27,2.500,0.00,50.0
8582.00,-4160.78,14949.20,340.27,2.500,0.00,50.0
8583.00,-4161.62,14951.56,340.27,2.500,0.00,50.0
8584.00,-4162.47,14953.91,340.27,2.500,0.00,50.0
8585.00,-4163.31,14956.26,340.27,2.500,0.00,50.0
8586.00,-4164.15,14958.62,340.27,2.500,0.00,50.0
8587.00,-4165.00,14960.97,340.27,2.500,0.00,50.0
8588.00,-4165.84,14963.32,340.27,2.500,0.00,50.0
8589.00,-4166.69,14965.68,340.27,2.500,0.00,50.0
8590.00,-4167.53,14968.03,340.27,2.500,0.00,50.0
8591.00,-4168.37,14970.38,340.27,2.500,0.00,50.0
8592.00,-4169.22,14972.74,340.27,2.500,0.00,50.0
8593.00,-4170.06,14975.09,340.27,2.500,0.00,50.0
8594.00,-4170.91,14977.44,340.27,2.500,0.00,50.0
8595.00,-4171.75,14979.80,340.27,2.500,0.00,50.0
8596.00,-4172.59,14982.15,340.27,2.500,0.00,50.0
8597.00,-4173.44,14984.50,340.27,2.500,0.00,50.0
8598.00,-4174.28,14986.86,340.27,2.500,0.00,50.0
8599.00,-4175.12,14989.21,340.27,2.500,0.00,50.0
8600.00,-4175.97,14991.56,340.27,2.500,0.00,50.0
8601.00,-4176.81,14993.92,340.27,2.500,0.00,50.0
8602.00,-4177.66,14996.27,340.27,2.500,0.00,50.0
8603.00,-4178.50,14998.62,340.27,2.500,0.00,50.0
8604.00,-4179.34,15000.98,340.27,2.500,0.00,50.0
8605.00,-4180.19,15003.33,340.27,2.500,0.00,50.0
8606.00,-4181.03,15005.68,340.27,2.500,0.00,50.0
8607.00,-4181.87,15008.04,340.27,2.500,0.00,50.0
8608.00,-4182.72,15010.39,340.27,2.500,0.00,50.0
8609.00,-4183.56,15012.74,340.27,2.500,0.00,50.0
8610.00,-4184.41,15015.10,340.27,2.500,0.00,50.0
8611.00,-4185.25,15017.45,340.27,2.500,0.00,50.0
8612.00,-4186.09,15019.80,340.27,2.500,0.00,50.0
8613.00,-4186.94,15022.16,340.27,2.500,0.00,50.0
8614.00,-4187.78,15024.51,340.27,2.500,0.00,50.0
8615.00,-4188.63,15026.86,340.27,2.500,0.00,50.0
8616.00,-4189.47,15029.22,340.27,2.500,0.00,50.0
8617.00,-4190.31,15031.57,340.27,2.500,0.00,50.0
8618.00,-4191.16,15033.92,340.27,2.500,0.00,50.0
8619.00,-4192.00,15036.28,340.27,2.500,0.00,50.0
8620.00,-4192.84,15038.63,340.27,2.500,0.00,50.0
8621.00,-4193.69,15040.98,340.27,2.500,0.00,50.0
8622.00,-4194.53,15043.33,340.27,2.500,0.00,50.0
8623.00,-4195.38,15045.69,340.27,2.500,0.00,50.0
8624.00,-4196.22,15048.04,340.27,2.500,0.00,50.0
8625.00,-4197.06,15050.39,340.27,2.500,0.00,50.0
8626.00,-4197.91,15052.75,340.27,2.500,0.00,50.0
8627.00,-4198.75,15055.10,340.27,2.500,0.00,50.0
8628.00,-4199.59,15057.45,340.27,2.500,0.00,50.0
8629.00,-4200.44,15059.81,340.27,2.500,0.00,50.0
8630.00,-4201.28,15062.16,340.27,2.500,0.00,50.0
8631.00,-4202.13,15064.51,340.27,2.500,0.00,50.0
8632.00,-4202.97,15066.87,340.27,2.500,0.00,50.0
8633.00,-4203.81,15069.22,340.27,2.500,0.00,50.0
8634.00,-4204.66,15071.57,340.27,2.500,0.00,50.0
8635.00,-4205.50,15073.93,340.27,2.500,0.00,50.0
8636.00,-4206.35,15076.28,340.27,2.500,0.00,50.0
8637.00,-4207.19,15078.63,340.27,2.500,0.00,50.0
8638.00,-4208.03,15080.99,340.27,2.500,0.00,50.0
8639.00,-4208.88,15083.34,340.27,2.500,0.00,50.0
8640.00,-4209.72,15085.69,340.27,2.500,0.00,50.0
8641.00,-4210.56,15088.05,340.27,2.500,0.00,50.0
8642.00,-4211.41,15090.40,340.27,2.500,0.00,50.0
8643.00,-4212.25,15092.75,340.27,2.500,0.00,50.0
8644.00,-4213.10,15095.11,340.27,2.500,0.00,50.0
8645.00,-4213.94,15097.46,340.27,2.500,0.00,50.0
8646.00,-4214.78,15099.81,340.27,2.500,0.00,50.0
8647.00,-4215.63,15102.17,340.27,2.500,0.00,50.0
8648.00,-4216.47,15104.52,340.27,2.500,0.00,50.0
8649.00,-4217.32,15106.87,340.27,2.500,0.00,50.0
8650.00,-4218.16,15109.23,340.27,2.500,0.00,50.0
8651.00,-4219.00,15111.58,340.27,2.500,0.00,50.0
8652.00,-4219.85,15113.93,340.27,2.500,0.00,50.0
8653.00,-4220.69,15116.29,340.27,2.500,0.00,50.0
8654.00,-4221.53,15118.64,340.27,2.500,0.00,50.0
8655.00,-4222.38,15120.99,340.27,2.500,0.00,50.0
8656.00,-4223.22,15123.35,340.27,2.500,0.00,50.0
8657.00,-4224.07,15125.70,340.27,2.500,0.00,50.0
8658.00,-4224.91,15128.05,340.27,2.500,0.00,50.0
8659.00,-4225.75,15130.41,340.27,2.500,0.00,50.0
8660.00,-4226.60,15132.76,340.27,2.500,0.00,50.0
8661.00,-4227.44,15135.11,340.27,2.500,0.00,50.0
8662.00,-4228.28,15137.47,340.27,2.500,0.00,50.0
8663.00,-4229.13,15139.82,340.27,2.500,0.00,50.0
8664.00,-4229.97,15142.17,340.27,2.500,0.00,50.0
8665.00,-4230.82,15144.53,340.27,2.500,0.00,50.0
8666.00,-4231.66,15146.88,340.27,2.500,0.00,50.0
8667.00,-4232.50,15149.23,340.27,2.500,0.00,50.0
8668.00,-4233.35,15151.59,340.27,2.500,0.00,50.0
8669.00,-4234.19,15153.94,340.27,2.500,0.00,50.0
8670.00,-4235.04,15156.29,340.27,2.500,0.00,50.0
8671.00,-4235.88,15158.65,340.27,2.500,0.00,50.0
8672.00,-4236.72,15161.00,340.27,2.500,0.00,50.0
8673.00,-4237.57,15163.35,340.27,2.500,0.00,50.0
8674.00,-4238.41,15165.71,340.27,2.500,0.00,50.0
8675.00,-4239.25,15168.06,340.27,2.500,0.00,50.0
8676.00,-4240.10,15170.41,340.27,2.500,0.00,50.0
8677.00,-4240.94,15172.77,340.27,2.500,0.00,50.0
8678.00,-4241.79,15175.12,340.27,2.500,0.00,50.0
8679.00,-4242.63,15177.47,340.27,2.500,0.00,50.0
8680.00,-4243.47,15179.83,340.27,2.500,0.00,50.0
8681.00,-4244.32,15182.18,340.27,2.500,0.00,50.0
8682.00,-4245.16,15184.53,340.27,2.500,0.00,50.0
8683.00,-4246.01,15186.89,340.27,2.500,0.00,50.0
8684.00,-4246.85,15189.24,340.27,2.500,0.00,50.0
8685.00,-4247.69,15191.59,340.27,2.500,0.00,50.0
8686.00,-4248.54,15193.95,340.27,2.500,0.00,50.0
8687.00,-4249.38,15196.30,340.27,2.500,0.00,50.0
8688.00,-4250.22,15198.65,340.27,2.500,0.00,50.0
8689.00,-4251.07,15201.01,340.27,2.500,0.00,50.0
8690.00,-4251.91,15203.36,340.27,2.500,0.00,50.0
8691.00,-4252.76,15205.71,340.27,2.500,0.00,50.0
8692.00,-4253.60,15208.07,340.27,2.500,0.00,50.0
8693.00,-4254.44,15210.42,340.27,2.500,0.00,50.0
8694.00,-4255.29,15212.77,340.27,2.500,0.00,50.0
8695.00,-4256.13,15215.12,340.27,2.500,0.00,50.0
8696.00,-4256.97,15217.48,340.27,2.500,0.00,50.0
8697.00,-4257.82,15219.83,340.27,2.500,0.00,50.0
8698.00,-4258.66,15222.18,340.27,2.500,0.00,50.0
8699.00,-4259.51,15224.54,340.27,2.500,0.00,50.0
8700.00,-4260.35,15226.89,340.27,2.500,0.00,50.0
8701.00,-4261.19,15229.24,340.27,2.500,0.00,50.0
8702.00,-4262.04,15231.60,340.27,2.500,0.00,50.0
8703.00,-4262.88,15233.95,340.27,2.500,0.00,50.0
8704.00,-4263.73,15236.30,340.27,2.500,0.00,50.0
8705.00,-4264.57,15238.66,340.27,2.500,0.00,50.0
8706.00,-4265.41,15241.01,340.27,2.500,0.00,50.0
8707.00,-4266.26,15243.36,340.27,2.500,0.00,50.0
8708.00,-4267.10,15245.72,340.27,2.500,0.00,50.0
8709.00,-4267.94,15248.07,340.27,2.500,0.00,50.0
8710.00,-4268.79,15250.42,340.27,2.500,0.00,50.0
8711.00,-4269.63,15252.78,340.27,2.500,0.00,50.0
8712.00,-4270.48,15255.13,340.27,2.500,0.00,50.0
8713.00,-4271.32,15257.48,340.27,2.500,0.00,50.0
8714.00,-4272.16,15259.84,340.27,2.500,0.00,50.0
8715.00,-4273.01,15262.19,340.27,2.500,0.00,50.0
8716.00,-4273.85,15264.54,340.27,2.500,0.00,50.0
8717.00,-4274.70,15266.90,340.27,2.500,0.00,50.0
8718.00,-4275.54,15269.25,340.27,2.500,0.00,50.0
8719.00,-4276.38,15271.60,340.27,2.500,0.00,50.0
8720.00,-4277.23,15273.96,340.27,2.500,0.00,50.0
8721.00,-4278.07,15276.31,340.27,2.500,0.00,50.0
8722.00,-4278.91,15278.66,340.27,2.500,0.00,50.0
8723.00,-4279.76,15281.02,340.27,2.500,0.00,50.0
8724.00,-4280.60,15283.37,340.27,2.500,0.00,50.0
8725.00,-4281.45,15285.72,340.27,2.500,0.00,50.0
8726.00,-4282.29,15288.08,340.27,2.500,0.00,50.0
8727.00,-4283.13,15290.43,340.27,2.500,0.00,50.0
8728.00,-4283.98,15292.78,340.27,2.500,0.00,50.0
8729.00,-4284.82,15295.14,340.27,2.500,0.00,50.0
8730.00,-4285.66,15297.49,340.27,2.500,0.00,50.0
8731.00,-4286.51,15299.84,340.27,2.500,0.00,50.0
8732.00,-4287.35,15302.20,340.27,2.500,0.00,50.0
8733.00,-4288.20,15304.55,340.27,2.500,0.00,50.0
8734.00,-4289.04,15306.90,340.27,2.500,0.00,50.0
8735.00,-4289.88,15309.26,340.27,2.500,0.00,50.0
8736.00,-4290.73,15311.61,340.27,2.500,0.00,50.0
8737.00,-4291.57,15313.96,340.27,2.500,0.00,50.0
8738.00,-4292.42,15316.32,340.27,2.500,0.00,50.0
8739.00,-4293.26,15318.67,340.27,2.500,0.00,50.0
8740.00,-4294.10,15321.02,340.27,2.500,0.00,50.0
8741.00,-4294.95,15323.38,340.27,2.500,0.00,50.0
8742.00,-4295.79,15325.73,340.27,2.500,0.00,50.0
8743.00,-4296.63,15328.08,340.27,2.500,0.00,50.0
8744.00,-4297.48,15330.44,340.27,2.500,0.00,50.0
8745.00,-4298.32,15332.79,340.27,2.500,0.00,50.0
8746.00,-4299.17,15335.14,340.27,2.500,0.00,50.0
8747.00,-4300.01,15337.50,340.27,2.500,0.00,50.0
8748.00,-4300.85,15339.85,340.27,2.500,0.00,50.0
8749.00,-4301.70,15342.20,340.27,2.500,0.00,50.0
8750.00,-4302.54,15344.56,340.27,2.500,0.00,50.0
8751.00,-4303.38,15346.91,340.27,2.500,0.00,50.0
8752.00,-4304.23,15349.26,340.27,2.500,0.00,50.0
8753.00,-4305.07,15351.62,340.27,2.500,0.00,50.0
8754.00,-4305.92,15353.97,340.27,2.500,0.00,50.0
8755.00,-4306.76,15356.32,340.27,2.500,0.00,50.0
8756.00,-4307.60,15358.68,340.27,2.500,0.00,50.0
8757.00,-4308.45,15361.03,340.27,2.500,0.00,50.0
8758.00,-4309.29,15363.38,340.27,2.500,0.00,50.0
8759.00,-4310.14,15365.74,340.27,2.500,0.00,50.0
8760.00,-4310.98,15368.09,340.27,2.500,0.00,50.0
8761.00,-4311.82,15370.44,340.27,2.500,0.00,50.0
8762.00,-4312.67,15372.80,340.27,2.500,0.00,50.0
8763.00,-4313.51,15375.15,340.27,2.500,0.00,50.0
8764.00,-4314.35,15377.50,340.27,2.500,0.00,50.0
8765.00,-4315.20,15379.86,340.27,2.500,0.00,50.0
8766.00,-4316.04,15382.21,340.27,2.500,0.00,50.0
8767.00,-4316.89,15384.56,340.27,2.500,0.00,50.0
8768.00,-4317.73,15386.92,340.27,2.500,0.00,50.0
8769.00,-4318.57,15389.27,340.27,2.500,0.00,50.0
8770.00,-4319.42,15391.62,340.27,2.500,0.00,50.0
8771.00,-4320.26,15393.97,340.27,2.500,0.00,50.0
8772.00,-4321.11,15396.33,340.27,2.500,0.00,50.0
8773.00,-4321.95,15398.68,340.27,2.500,0.00,50.0
8774.00,-4322.79,15401.03,340.27,2.500,0.00,50.0
8775.00,-4323.64,15403.39,340.27,2.500,0.00,50.0
8776.00,-4324.48,15405.74,340.27,2.500,0.00,50.0
8777.00,-4325.32,15408.09,340.27,2.500,0.00,50.0
8778.00,-4326.17,15410.45,340.27,2.500,0.00,50.0
8779.00,-4327.01,15412.80,340.27,2.500,0.00,50.0
8780.00,-4327.86,15415.15,340.27,2.500,0.00,50.0
8781.00,-4328.70,15417.51,340.27,2.500,0.00,50.0
8782.00,-4329.54,15419.86,340.27,2.500,0.00,50.0
8783.00,-4330.39,15422.21,340.27,2.500,0.00,50.0
8784.00,-4331.23,15424.57,340.27,2.500,0.00,50.0
8785.00,-4332.07,15426.92,340.27,2.500,0.00,50.0
8786.00,-4332.92,15429.27,340.27,2.500,0.00,50.0
8787.00,-4333.76,15431.63,340.27,2.500,0.00,50.0
8788.00,-4334.61,15433.98,340.27,2.500,0.00,50.0
8789.00,-4335.45,15436.33,340.27,2.500,0.00,50.0
8790.00,-4336.29,15438.69,340.27,2.500,0.00,50.0
8791.00,-4337.14,15441.04,340.27,2.500,0.00,50.0
8792.00,-4337.98,15443.39,340.27,2.500,0.00,50.0
8793.00,-4338.83,15445.75,340.27,2.500,0.00,50.0
8794.00,-4339.67,15448.10,340.27,2.500,0.00,50.0
8795.00,-4340.51,15450.45,340.27,2.500,0.00,50.0
8796.00,-4341.36,15452.81,340.27,2.500,0.00,50.0
8797.00,-4342.20,15455.16,340.27,2.500,0.00,50.0
8798.00,-4343.04,15457.51,340.27,2.500,0.00,50.0
8799.00,-4343.89,15459.87,340.27,2.500,0.00,50.0
8800.00,-4344.73,15462.22,340.27,2.500,0.00,50.0
8801.00,-4345.58,15464.57,340.27,2.500,0.00,50.0
8802.00,-4346.42,15466.93,340.27,2.500,0.00,50.0
8803.00,-4347.26,15469.28,340.27,2.500,0.00,50.0
8804.00,-4348.11,15471.63,340.27,2.500,0.00,50.0
8805.00,-4348.95,15473.99,340.27,2.500,0.00,50.0
8806.00,-4349.80,15476.34,340.27,2.500,0.00,50.0
8807.00,-4350.64,15478.69,340.27,2.500,0.00,50.0
8808.00,-4351.48,15481.05,340.27,2.500,0.00,50.0
8809.00,-4352.33,15483.40,340.27,2.500,0.00,50.0
8810.00,-4353.17,15485.75,340.27,2.500,0.00,50.0
8811.00,-4354.01,15488.11,340.27,2.500,0.00,50.0
8812.00,-4354.86,15490.46,340.27,2.500,0.00,50.0
8813.00,-4355.70,15492.81,340.27,2.500,0.00,50.0
8814.00,-4356.55,15495.17,340.27,2.500,0.00,50.0
8815.00,-4357.39,15497.52,340.27,2.500,0.00,50.0
8816.00,-4358.23,15499.87,340.27,2.500,0.00,50.0
8817.00,-4359.08,15502.23,340.27,2.500,0.00,50.0
8818.00,-4359.92,15504.58,340.27,2.500,0.00,50.0
8819.00,-4360.76,15506.93,340.27,2.500,0.00,50.0
8820.00,-4361.61,15509.29,340.27,2.500,0.00,50.0
8821.00,-4362.45,15511.64,340.27,2.500,0.00,50.0
8822.00,-4363.30,15513.99,340.27,2.500,0.00,50.0
8823.00,-4364.14,15516.35,340.27,2.500,0.00,50.0
8824.00,-4364.98,15518.70,340.27,2.500,0.00,50.0
8825.00,-4365.83,15521.05,340.27,2.500,0.00,50.0
8826.00,-4366.67,15523.41,340.27,2.500,0.00,50.0
8827.00,-4367.52,15525.76,340.27,2.500,0.00,50.0
8828.00,-4368.36,15528.11,340.27,2.500,0.00,50.0
8829.00,-4369.20,15530.47,340.27,2.500,0.00,50.0
8830.00,-4370.05,15532.82,340.27,2.500,0.00,50.0
8831.00,-4370.89,15535.17,340.27,2.500,0.00,50.0
8832.00,-4371.73,15537.53,340.27,2.500,0.00,50.0
8833.00,-4372.58,15539.88,340.27,2.500,0.00,50.0
8834.00,-4373.42,15542.23,340.27,2.500,0.00,50.0
8835.00,-4374.27,15544.59,340.27,2.500,0.00,50.0
8836.00,-4375.11,15546.94,340.27,2.500,0.00,50.0
8837.00,-4375.95,15549.29,340.27,2.500,0.00,50.0
8838.00,-4376.80,15551.65,340.27,2.500,0.00,50.0
8839.00,-4377.64,15554.00,340.27,2.500,0.00,50.0
8840.00,-4378.49,15556.35,340.27,2.500,0.00,50.0
8841.00,-4379.33,15558.71,340.27,2.500,0.00,50.0
8842.00,-4380.17,15561.06,340.27,2.500,0.00,50.0
8843.00,-4381.02,15563.41,340.27,2.500,0.00,50.0
8844.00,-4381.86,15565.76,340.27,2.500,0.00,50.0
8845.00,-4382.70,15568.12,340.27,2.500,0.00,50.0
8846.00,-4383.55,15570.47,340.27,2.500,0.00,50.0
8847.00,-4384.39,15572.82,340.27,2.500,0.00,50.0
8848.00,-4385.24,15575.18,340.27,2.500,0.00,50.0
8849.00,-4386.08,15577.53,340.27,2.500,0.00,50.0
8850.00,-4386.92,15579.88,340.27,2.500,0.00,50.0
8851.00,-4387.77,15582.24,340.27,2.500,0.00,50.0
8852.00,-4388.61,15584.59,340.27,2.500,0.00,50.0
8853.00,-4389.45,15586.94,340.27,2.500,0.00,50.0
8854.00,-4390.30,15589.30,340.27,2.500,0.00,50.0
8855.00,-4391.14,15591.65,340.27,2.500,0.00,50.0
8856.00,-4391.99,15594.00,340.27,2.500,0.00,50.0
8857.00,-4392.83,15596.36,340.27,2.500,0.00,50.0
8858.00,-4393.67,15598.71,340.27,2.500,0.00,50.0
8859.00,-4394.52,15601.06,340.27,2.500,0.00,50.0
8860.00,-4395.36,15603.42,340.27,2.500,0.00,50.0
8861.00,-4396.21,15605.77,340.27,2.500,0.00,50.0
8862.00,-4397.05,15608.12,340.27,2.500,0.00,50.0
8863.00,-4397.89,15610.48,340.27,2.500,0.00,50.0
8864.00,-4398.74,15612.83,340.27,2.500,0.00,50.0
8865.00,-4399.58,15615.18,340.27,2.500,0.00,50.0
8866.00,-4400.42,15617.54,340.27,2.500,0.00,50.0
8867.00,-4401.27,15619.89,340.27,2.500,0.00,50.0
8868.00,-4402.11,15622.24,340.27,2.500,0.00,50.0
8869.00,-4402.96,15624.60,340.27,2.500,0.00,50.0
8870.00,-4403.80,15626.95,340.27,2.500,0.00,50.0
8871.00,-4404.64,15629.30,340.27,2.500,0.00,50.0
8872.00,-4405.49,15631.66,340.27,2.500,0.00,50.0
8873.00,-4406.33,15634.01,340.27,2.500,0.00,50.0
8874.00,-4407.17,15636.36,340.27,2.500,0.00,50.0
8875.00,-4408.02,15638.72,340.27,2.500,0.00,50.0
8876.00,-4408.86,15641.07,340.27,2.500,0.00,50.0
8877.00,-4409.71,15643.42,340.27,2.500,0.00,50.0
8878.00,-4410.55,15645.78,340.27,2.500,0.00,50.0
8879.00,-4411.39,15648.13,340.27,2.500,0.00,50.0
8880.00,-4412.24,15650.48,340.27,2.500,0.00,50.0
8881.00,-4413.08,15652.84,340.27,2.500,0.00,50.0
8882.00,-4413.93,15655.19,340.27,2.500,0.00,50.0
8883.00,-4414.77,15657.54,340.27,2.500,0.00,50.0
8884.00,-4415.61,15659.90,340.27,2.500,0.00,50.0
8885.00,-4416.46,15662.25,340.27,2.500,0.00,50.0
8886.00,-4417.30,15664.60,340.27,2.500,0.00,50.0
8887.00,-4418.14,15666.96,340.27,2.500,0.00,50.0
8888.00,-4418.99,15669.31,340.27,2.500,0.00,50.0
8889.00,-4419.83,15671.66,340.27,2.500,0.00,50.0
8890.00,-4420.68,15674.02,340.27,2.500,0.00,50.0
8891.00,-4421.52,15676.37,340.27,2.500,0.00,50.0
8892.00,-4422.36,15678.72,340.27,2.500,0.00,50.0
8893.00,-4423.21,15681.08,340.27,2.500,0.00,50.0
8894.00,-4424.05,15683.43,340.27,2.500,0.00,50.0
8895.00,-4424.90,15685.78,340.27,2.500,0.00,50.0
8896.00,-4425.74,15688.14,340.27,2.500,0.00,50.0
8897.00,-4426.58,15690.49,340.27,2.500,0.00,50.0
8898.00,-4427.43,15692.84,340.27,2.500,0.00,50.0
8899.00,-4428.27,15695.20,340.27,2.500,0.00,50.0
8900.00,-4429.11,15697.55,340.27,2.500,0.00,50.0
8901.00,-4429.96,15699.90,340.27,2.500,0.00,50.0
8902.00,-4430.80,15702.26,340.27,2.500,0.00,50.0
8903.00,-4431.65,15704.61,340.27,2.500,0.00,50.0
8904.00,-4432.49,15706.96,340.27,2.500,0.00,50.0
8905.00,-4433.33,15709.32,340.27,2.500,0.00,50.0
8906.00,-4434.18,15711.67,340.27,2.500,0.00,50.0
8907.00,-4435.02,15714.02,340.27,2.500,0.00,50.0
8908.00,-4435.86,15716.38,340.27,2.500,0.00,50.0
8909.00,-4436.71,15718.73,340.27,2.500,0.00,50.0
8910.00,-4437.55,15721.08,340.27,2.500,0.00,50.0
8911.00,-4438.40,15723.44,340.27,2.500,0.00,50.0
8912.00,-4439.24,15725.79,340.27,2.500,0.00,50.0
8913.00,-4440.08,15728.14,340.27,2.500,0.00,50.0
8914.00,-4440.93,15730.50,340.27,2.500,0.00,50.0
8915.00,-4441.77,15732.85,340.27,2.500,0.00,50.0
8916.00,-4442.62,15735.20,340.27,2.500,0.00,50.0
8917.00,-4443.46,15737.56,340.27,2.500,0.00,50.0
8918.00,-4444.30,15739.91,340.27,2.500,0.00,50.0
8919.00,-4445.15,15742.26,340.27,2.500,0.00,50.0
8920.00,-4445.99,15744.61,340.27,2.500,0.00,50.0
8921.00,-4446.83,15746.97,340.27,2.500,0.00,50.0
