time_s,x_m,y_m,course_deg,speed_ms,rudder_deg,rpm_percent,rot_deg_min
8.00,0.00,-3968.26,0.00,4.584,0.00,50.0,0.00
9.00,0.00,-3963.72,0.00,4.543,0.00,50.0,0.00
10.00,0.00,-3959.21,0.00,4.502,0.00,50.0,0.00
11.00,0.00,-3954.75,0.00,4.462,0.00,50.0,0.00
12.00,0.00,-3950.33,0.00,4.423,0.00,50.0,0.00
13.00,0.00,-3945.95,0.00,4.384,0.00,50.0,0.00
14.00,0.00,-3941.60,0.00,4.346,0.00,50.0,0.00
15.00,0.00,-3937.29,0.00,4.309,0.00,50.0,0.00
16.00,0.00,-3933.02,0.00,4.273,0.00,50.0,0.00
17.00,0.00,-3928.78,0.00,4.238,0.00,50.0,0.00
18.00,0.00,-3924.58,0.00,4.203,0.00,50.0,0.00
19.00,0.00,-3920.41,0.00,4.169,0.00,50.0,0.00
20.00,0.00,-3916.27,0.00,4.136,0.00,50.0,0.00
21.00,0.00,-3912.17,0.00,4.103,0.00,50.0,0.00
22.00,0.00,-3908.10,0.00,4.071,0.00,50.0,0.00
23.00,0.00,-3904.06,0.00,4.039,0.00,50.0,0.00
24.00,0.00,-3900.05,0.00,4.009,0.00,50.0,0.00
25.00,0.00,-3896.07,0.00,3.978,0.00,50.0,0.00
26.00,0.00,-3892.12,0.00,3.949,0.00,50.0,0.00
27.00,0.00,-3888.20,0.00,3.920,0.00,50.0,0.00
28.00,0.00,-3884.31,0.00,3.892,0.00,50.0,0.00
29.00,0.00,-3880.45,0.00,3.864,0.00,50.0,0.00
30.00,0.00,-3876.61,0.00,3.836,0.00,50.0,0.00
31.00,0.00,-3872.80,0.00,3.810,0.00,50.0,0.00
32.00,0.00,-3869.02,0.00,3.784,0.00,50.0,0.00
33.00,0.00,-3865.26,0.00,3.758,0.00,50.0,0.00
34.00,0.00,-3861.53,0.00,3.733,0.00,50.0,0.00
35.00,0.00,-3857.82,0.00,3.708,0.00,50.0,0.00
36.00,0.00,-3854.13,0.00,3.684,0.00,50.0,0.00
37.00,0.00,-3850.47,0.00,3.660,0.00,50.0,0.00
38.00,0.00,-3846.84,0.00,3.637,0.00,50.0,0.00
39.00,0.00,-3843.22,0.00,3.614,0.00,50.0,0.00
40.00,0.00,-3839.63,0.00,3.592,0.00,50.0,0.00
41.00,0.00,-3836.06,0.00,3.570,0.00,50.0,0.00
42.00,0.00,-3832.51,0.00,3.549,0.00,50.0,0.00
43.00,0.00,-3828.98,0.00,3.528,0.00,50.0,0.00
44.00,0.00,-3825.48,0.00,3.507,0.00,50.0,0.00
45.00,0.00,-3821.99,0.00,3.487,0.00,50.0,0.00
46.00,0.00,-3818.52,0.00,3.467,0.00,50.0,0.00
47.00,0.00,-3815.08,0.00,3.448,0.00,50.0,0.00
48.00,0.00,-3811.65,0.00,3.429,0.00,50.0,0.00
49.00,0.00,-3808.24,0.00,3.410,0.00,50.0,0.00
50.00,0.00,-3804.84,0.00,3.392,0.00,50.0,0.00
51.00,0.00,-3801.47,0.00,3.374,0.00,50.0,0.00
52.00,0.00,-3798.11,0.00,3.357,0.00,50.0,0.00
53.00,0.00,-3794.77,0.00,3.340,0.00,50.0,0.00
54.00,0.00,-3791.45,0.00,3.323,0.00,50.0,0.00
55.00,0.00,-3788.14,0.00,3.306,0.00,50.0,0.00
56.00,0.00,-3784.85,0.00,3.290,0.00,50.0,0.00
57.00,0.00,-3781.58,0.00,3.275,0.00,50.0,0.00
58.00,0.00,-3778.32,0.00,3.259,0.00,50.0,0.00
59.00,0.00,-3775.08,0.00,3.244,0.00,50.0,0.00
60.00,0.00,-3771.85,0.00,3.229,0.00,50.0,0.00
61.00,0.00,-3768.63,0.00,3.214,0.00,50.0,0.00
62.00,0.00,-3765.43,0.00,3.200,0.00,50.0,0.00
63.00,0.00,-3762.25,0.00,3.186,0.00,50.0,0.00
64.00,0.00,-3759.07,0.00,3.172,0.00,50.0,0.00
65.00,0.00,-3755.91,0.00,3.159,0.00,50.0,0.00
66.00,0.00,-3752.77,0.00,3.146,0.00,50.0,0.00
67.00,0.00,-3749.64,0.00,3.133,0.00,50.0,0.00
68.00,0.00,-3746.52,0.00,3.120,0.00,50.0,0.00
69.00,0.00,-3743.41,0.00,3.108,0.00,50.0,0.00
70.00,0.00,-3740.31,0.00,3.096,0.00,50.0,0.00
71.00,0.00,-3737.23,0.00,3.084,0.00,50.0,0.00
72.00,0.00,-3734.16,0.00,3.072,0.00,50.0,0.00
73.00,0.00,-3731.10,0.00,3.061,0.00,50.0,0.00
74.00,0.00,-3728.05,0.00,3.049,0.00,50.0,0.00
75.00,0.00,-3725.01,0.00,3.038,0.00,50.0,0.00
76.00,0.00,-3721.98,0.00,3.028,0.00,50.0,0.00
77.00,0.00,-3718.96,0.00,3.017,0.00,50.0,0.00
78.00,0.00,-3715.96,0.00,3.007,0.00,50.0,0.00
79.00,0.00,-3712.96,0.00,2.997,0.00,50.0,0.00
80.00,0.00,-3709.97,0.00,2.987,0.00,50.0,0.00
81.00,0.00,-3707.00,0.00,2.977,0.00,50.0,0.00
82.00,0.00,-3704.03,0.00,2.967,0.00,50.0,0.00
83.00,0.00,-3701.07,0.00,2.958,0.00,50.0,0.00
84.00,0.00,-3698.12,0.00,2.949,0.00,50.0,0.00
85.00,0.00,-3695.18,0.00,2.940,0.00,50.0,0.00
86.00,0.00,-3692.25,0.00,2.931,0.00,50.0,0.00
87.00,0.00,-3689.33,0.00,2.923,0.00,50.0,0.00
88.00,0.00,-3686.41,0.00,2.914,0.00,50.0,0.00
89.00,0.00,-3683.51,0.00,2.906,0.00,50.0,0.00
90.00,0.00,-3680.61,0.00,2.898,0.00,50.0,0.00
91.00,0.00,-3677.72,0.00,2.890,0.00,50.0,0.00
92.00,0.00,-3674.84,0.00,2.882,0.00,50.0,0.00
93.00,0.00,-3671.96,0.00,2.874,0.00,50.0,0.00
94.00,0.00,-3669.10,0.00,2.867,0.00,50.0,0.00
95.00,0.00,-3666.24,0.00,2.859,0.00,50.0,0.00
96.00,0.00,-3663.39,0.00,2.852,0.00,50.0,0.00
97.00,0.00,-3660.54,0.00,2.845,0.00,50.0,0.00
98.00,0.00,-3657.70,0.00,2.838,0.00,50.0,0.00
99.00,0.00,-3654.87,0.00,2.832,0.00,50.0,0.00
100.00,0.00,-3652.05,0.00,2.825,0.00,50.0,0.00
101.00,0.00,-3649.23,0.00,2.818,0.00,50.0,0.00
102.00,0.00,-3646.42,0.00,2.812,0.00,50.0,0.00
103.00,0.00,-3643.61,0.00,2.806,0.00,50.0,0.00
104.00,0.00,-3640.81,0.00,2.800,0.00,50.0,0.00
105.00,0.00,-3638.02,0.00,2.794,0.00,50.0,0.00
106.00,0.00,-3635.23,0.00,2.788,0.00,50.0,0.00
107.00,0.00,-3632.45,0.00,2.782,0.00,50.0,0.00
108.00,0.00,-3629.67,0.00,2.776,0.00,50.0,0.00
109.00,0.00,-3626.90,0.00,2.771,0.00,50.0,0.00
110.00,0.00,-3624.13,0.00,2.765,0.00,50.0,0.00
111.00,0.00,-3621.37,0.00,2.760,0.00,50.0,0.00
112.00,0.00,-3618.62,0.00,2.755,0.00,50.0,0.00
113.00,0.00,-3615.87,0.00,2.750,0.00,50.0,0.00
114.00,0.00,-3613.12,0.00,2.745,0.00,50.0,0.00
115.00,0.00,-3610.38,0.00,2.740,0.00,50.0,0.00
116.00,0.00,-3607.65,0.00,2.735,0.00,50.0,0.00
117.00,0.00,-3604.92,0.00,2.730,0.00,50.0,0.00
118.00,0.00,-3602.19,0.00,2.726,0.00,50.0,0.00
119.00,0.00,-3599.47,0.00,2.721,0.00,50.0,0.00
120.00,0.00,-3596.75,0.00,2.717,0.00,50.0,0.00
121.00,0.00,-3594.04,0.00,2.713,0.00,50.0,0.00
122.00,0.00,-3591.33,0.00,2.708,0.00,50.0,0.00
123.00,0.00,-3588.63,0.00,2.704,0.00,50.0,0.00
124.00,0.00,-3585.93,0.00,2.700,0.00,50.0,0.00
125.00,0.00,-3583.23,0.00,2.696,0.00,50.0,0.00
126.00,0.00,-3580.54,0.00,2.692,0.00,50.0,0.00
127.00,0.00,-3577.85,0.00,2.688,0.00,50.0,0.00
128.00,0.00,-3575.17,0.00,2.685,0.00,50.0,0.00
129.00,0.00,-3572.49,0.00,2.681,0.00,50.0,0.00
130.00,0.00,-3569.81,0.00,2.677,0.00,50.0,0.00
131.00,0.00,-3567.14,0.00,2.674,5.00,50.0,0.06
132.00,0.00,-3564.47,0.00,2.670,5.00,50.0,0.11
133.00,0.00,-3561.80,0.01,2.667,5.00,50.0,0.17
134.00,0.00,-3559.14,0.01,2.663,5.00,50.0,0.22
135.00,0.00,-3556.48,0.01,2.660,5.00,50.0,0.27
136.00,0.00,-3553.82,0.02,2.657,5.00,50.0,0.32
137.00,0.00,-3551.16,0.02,2.654,5.00,50.0,0.36
138.00,0.00,-3548.51,0.03,2.651,0.00,50.0,0.35
139.00,0.00,-3545.87,0.04,2.648,0.00,50.0,0.34
140.00,0.01,-3543.22,0.04,2.645,0.00,50.0,0.33
141.00,0.01,-3540.58,0.05,2.642,0.00,50.0,0.32
142.00,0.01,-3537.94,0.05,2.639,0.00,50.0,0.31
143.00,0.01,-3535.30,0.06,2.636,0.00,50.0,0.30
144.00,0.02,-3532.67,0.06,2.634,0.00,50.0,0.29
145.00,0.02,-3530.04,0.07,2.631,0.00,50.0,0.28
146.00,0.02,-3527.41,0.07,2.628,0.00,50.0,0.27
147.00,0.02,-3524.79,0.08,2.626,0.00,50.0,0.26
148.00,0.03,-3522.16,0.08,2.623,0.00,50.0,0.25
149.00,0.03,-3519.54,0.08,2.621,0.00,50.0,0.24
150.00,0.04,-3516.92,0.09,2.618,0.00,50.0,0.23
151.00,0.04,-3514.31,0.09,2.616,0.00,50.0,0.23
152.00,0.04,-3511.69,0.09,2.614,0.00,50.0,0.22
153.00,0.05,-3509.08,0.10,2.611,0.00,50.0,0.21
154.00,0.05,-3506.47,0.10,2.609,0.00,50.0,0.20
155.00,0.06,-3503.87,0.10,2.607,0.00,50.0,0.20
156.00,0.06,-3501.26,0.11,2.605,0.00,50.0,0.19
157.00,0.07,-3498.66,0.11,2.603,0.00,50.0,0.18
158.00,0.07,-3496.06,0.11,2.601,0.00,50.0,0.18
159.00,0.08,-3493.46,0.12,2.599,0.00,50.0,0.17
160.00,0.08,-3490.86,0.12,2.597,0.00,50.0,0.17
161.00,0.09,-3488.27,0.12,2.595,0.00,50.0,0.16
162.00,0.09,-3485.67,0.13,2.593,5.00,50.0,0.21
163.00,0.10,-3483.08,0.13,2.591,5.00,50.0,0.26
164.00,0.11,-3480.49,0.14,2.589,5.00,50.0,0.31
165.00,0.11,-3477.91,0.14,2.587,5.00,50.0,0.36
166.00,0.12,-3475.32,0.15,2.586,5.00,50.0,0.40
167.00,0.12,-3472.74,0.16,2.584,5.00,50.0,0.45
168.00,0.13,-3470.16,0.16,2.582,0.00,50.0,0.43
169.00,0.14,-3467.57,0.17,2.581,0.00,50.0,0.42
170.00,0.15,-3465.00,0.18,2.579,0.00,50.0,0.40
171.00,0.15,-3462.42,0.18,2.577,0.00,50.0,0.39
172.00,0.16,-3459.84,0.19,2.576,0.00,50.0,0.38
173.00,0.17,-3457.27,0.20,2.574,0.00,50.0,0.36
174.00,0.18,-3454.70,0.20,2.573,0.00,50.0,0.35
175.00,0.19,-3452.12,0.21,2.571,0.00,50.0,0.34
176.00,0.20,-3449.55,0.21,2.570,0.00,50.0,0.33
177.00,0.21,-3446.99,0.22,2.569,0.00,50.0,0.32
178.00,0.22,-3444.42,0.22,2.567,0.00,50.0,0.31
179.00,0.23,-3441.85,0.23,2.566,0.00,50.0,0.30
180.00,0.24,-3439.29,0.23,2.565,0.00,50.0,0.29
181.00,0.25,-3436.72,0.24,2.563,0.00,50.0,0.28
182.00,0.26,-3434.16,0.24,2.562,0.00,50.0,0.27
183.00,0.27,-3431.60,0.25,2.561,0.00,50.0,0.26
184.00,0.28,-3429.04,0.25,2.560,0.00,50.0,0.25
185.00,0.29,-3426.48,0.25,2.558,0.00,50.0,0.24
186.00,0.30,-3423.93,0.26,2.557,0.00,50.0,0.23
187.00,0.31,-3421.37,0.26,2.556,0.00,50.0,0.23
188.00,0.33,-3418.82,0.27,2.555,0.00,50.0,0.22
189.00,0.34,-3416.26,0.27,2.554,0.00,50.0,0.21
190.00,0.35,-3413.71,0.27,2.553,0.00,50.0,0.20
191.00,0.36,-3411.16,0.28,2.552,0.00,50.0,0.20
192.00,0.37,-3408.61,0.28,2.551,0.00,50.0,0.19
193.00,0.39,-3406.06,0.28,2.550,0.00,50.0,0.18
194.00,0.40,-3403.51,0.29,2.549,0.00,50.0,0.18
195.00,0.41,-3400.96,0.29,2.548,0.00,50.0,0.17
196.00,0.42,-3398.41,0.29,2.547,0.00,50.0,0.17
197.00,0.44,-3395.87,0.29,2.546,0.00,50.0,0.16
198.00,0.45,-3393.32,0.30,2.545,0.00,50.0,0.16
199.00,0.46,-3390.78,0.30,2.544,0.00,50.0,0.15
200.00,0.48,-3388.24,0.30,2.543,0.00,50.0,0.15
201.00,0.49,-3385.69,0.30,2.542,0.00,50.0,0.14
202.00,0.50,-3383.15,0.31,2.541,0.00,50.0,0.14
203.00,0.52,-3380.61,0.31,2.541,0.00,50.0,0.13
204.00,0.53,-3378.07,0.31,2.540,0.00,50.0,0.13
205.00,0.54,-3375.53,0.31,2.539,0.00,50.0,0.12
206.00,0.56,-3373.00,0.31,2.538,0.00,50.0,0.12
207.00,0.57,-3370.46,0.32,2.537,0.00,50.0,0.12
208.00,0.59,-3367.92,0.32,2.537,0.00,50.0,0.11
209.00,0.60,-3365.39,0.32,2.536,0.00,50.0,0.11
210.00,0.61,-3362.85,0.32,2.535,0.00,50.0,0.10
211.00,0.63,-3360.32,0.32,2.535,0.00,50.0,0.10
212.00,0.64,-3357.78,0.32,2.534,0.00,50.0,0.10
213.00,0.66,-3355.25,0.33,2.533,0.00,50.0,0.09
214.00,0.67,-3352.72,0.33,2.532,0.00,50.0,0.09
215.00,0.69,-3350.19,0.33,2.532,0.00,50.0,0.09
216.00,0.70,-3347.65,0.33,2.531,0.00,50.0,0.08
217.00,0.72,-3345.12,0.33,2.531,0.00,50.0,0.08
218.00,0.73,-3342.59,0.33,2.530,0.00,50.0,0.08
219.00,0.74,-3340.06,0.33,2.529,0.00,50.0,0.08
220.00,0.76,-3337.54,0.34,2.529,0.00,50.0,0.07
221.00,0.77,-3335.01,0.34,2.528,0.00,50.0,0.07
222.00,0.79,-3332.48,0.34,2.528,0.00,50.0,0.07
223.00,0.80,-3329.95,0.34,2.527,0.00,50.0,0.07
224.00,0.82,-3327.43,0.34,2.527,0.00,50.0,0.06
225.00,0.83,-3324.90,0.34,2.526,0.00,50.0,0.06
226.00,0.85,-3322.38,0.34,2.525,0.00,50.0,0.06
227.00,0.86,-3319.85,0.34,2.525,0.00,50.0,0.06
228.00,0.88,-3317.33,0.34,2.524,0.00,50.0,0.06
229.00,0.89,-3314.80,0.35,2.524,0.00,50.0,0.05
230.00,0.91,-3312.28,0.35,2.524,0.00,50.0,0.05
231.00,0.92,-3309.76,0.35,2.523,0.00,50.0,0.05
232.00,0.94,-3307.23,0.35,2.523,0.00,50.0,0.05
233.00,0.96,-3304.71,0.35,2.522,0.00,50.0,0.05
234.00,0.97,-3302.19,0.35,2.522,0.00,50.0,0.05
235.00,0.99,-3299.67,0.35,2.521,0.00,50.0,0.04
236.00,1.00,-3297.15,0.35,2.521,0.00,50.0,0.04
237.00,1.02,-3294.63,0.35,2.520,0.00,50.0,0.04
238.00,1.03,-3292.11,0.35,2.520,0.00,50.0,0.04
239.00,1.05,-3289.59,0.35,2.520,0.00,50.0,0.04
240.00,1.06,-3287.07,0.35,2.519,0.00,50.0,0.04
241.00,1.08,-3284.55,0.35,2.519,0.00,50.0,0.04
242.00,1.09,-3282.03,0.35,2.518,0.00,50.0,0.04
243.00,1.11,-3279.51,0.36,2.518,0.00,50.0,0.03
244.00,1.13,-3277.00,0.36,2.518,0.00,50.0,0.03
245.00,1.14,-3274.48,0.36,2.517,0.00,50.0,0.03
246.00,1.16,-3271.96,0.36,2.517,0.00,50.0,0.03
247.00,1.17,-3269.44,0.36,2.517,0.00,50.0,0.03
248.00,1.19,-3266.93,0.36,2.516,0.00,50.0,0.03
249.00,1.20,-3264.41,0.36,2.516,0.00,50.0,0.03
250.00,1.22,-3261.90,0.36,2.516,0.00,50.0,0.03
251.00,1.24,-3259.38,0.36,2.515,0.00,50.0,0.03
252.00,1.25,-3256.87,0.36,2.515,0.00,50.0,0.03
253.00,1.27,-3254.35,0.36,2.515,0.00,50.0,0.02
254.00,1.28,-3251.84,0.36,2.514,0.00,50.0,0.02
255.00,1.30,-3249.32,0.36,2.514,0.00,50.0,0.02
256.00,1.31,-3246.81,0.36,2.514,0.00,50.0,0.02
257.00,1.33,-3244.30,0.36,2.514,0.00,50.0,0.02
258.00,1.35,-3241.78,0.36,2.513,0.00,50.0,0.02
259.00,1.36,-3239.27,0.36,2.513,0.00,50.0,0.02
260.00,1.38,-3236.76,0.36,2.513,0.00,50.0,0.02
261.00,1.39,-3234.24,0.36,2.513,0.00,50.0,0.02
262.00,1.41,-3231.73,0.36,2.512,0.00,50.0,0.02
263.00,1.43,-3229.22,0.36,2.512,0.00,50.0,0.02
264.00,1.44,-3226.71,0.36,2.512,0.00,50.0,0.02
265.00,1.46,-3224.20,0.36,2.512,0.00,50.0,0.02
266.00,1.47,-3221.69,0.36,2.511,0.00,50.0,0.02
267.00,1.49,-3219.17,0.36,2.511,0.00,50.0,0.02
268.00,1.51,-3216.66,0.36,2.511,0.00,50.0,0.01
269.00,1.52,-3214.15,0.36,2.511,0.00,50.0,0.01
270.00,1.54,-3211.64,0.36,2.510,0.00,50.0,0.01
271.00,1.55,-3209.13,0.37,2.510,0.00,50.0,0.01
272.00,1.57,-3206.62,0.37,2.510,0.00,50.0,0.01
273.00,1.59,-3204.11,0.37,2.510,0.00,50.0,0.01
274.00,1.60,-3201.60,0.37,2.510,0.00,50.0,0.01
275.00,1.62,-3199.09,0.37,2.509,0.00,50.0,0.01
276.00,1.63,-3196.58,0.37,2.509,0.00,50.0,0.01
277.00,1.65,-3194.07,0.37,2.509,0.00,50.0,0.01
278.00,1.67,-3191.57,0.37,2.509,0.00,50.0,0.01
279.00,1.68,-3189.06,0.37,2.509,0.00,50.0,0.01
280.00,1.70,-3186.55,0.37,2.509,0.00,50.0,0.01
281.00,1.71,-3184.04,0.37,2.508,0.00,50.0,0.01
282.00,1.73,-3181.53,0.37,2.508,0.00,50.0,0.01
283.00,1.75,-3179.02,0.37,2.508,0.00,50.0,0.01
284.00,1.76,-3176.52,0.37,2.508,0.00,50.0,0.01
285.00,1.78,-3174.01,0.37,2.508,0.00,50.0,0.01
286.00,1.79,-3171.50,0.37,2.508,0.00,50.0,0.01
287.00,1.81,-3168.99,0.37,2.507,0.00,50.0,0.01
288.00,1.83,-3166.49,0.37,2.507,0.00,50.0,0.01
289.00,1.84,-3163.98,0.37,2.507,0.00,50.0,0.01
290.00,1.86,-3161.47,0.37,2.507,0.00,50.0,0.01
291.00,1.87,-3158.97,0.37,2.507,0.00,50.0,0.01
292.00,1.89,-3156.46,0.37,2.507,0.00,50.0,0.01
293.00,1.91,-3153.95,0.37,2.507,0.00,50.0,0.01
294.00,1.92,-3151.45,0.37,2.506,0.00,50.0,0.01
295.00,1.94,-3148.94,0.37,2.506,0.00,50.0,0.01
296.00,1.95,-3146.43,0.37,2.506,0.00,50.0,0.01
297.00,1.97,-3143.93,0.37,2.506,0.00,50.0,0.01
298.00,1.99,-3141.42,0.37,2.506,0.00,50.0,0.01
299.00,2.00,-3138.92,0.37,2.506,0.00,50.0,0.01
300.00,2.02,-3136.41,0.37,2.506,0.00,50.0,0.00
301.00,2.04,-3133.90,0.37,2.506,0.00,50.0,0.00
302.00,2.05,-3131.40,0.37,2.505,0.00,50.0,0.00
303.00,2.07,-3128.89,0.37,2.505,0.00,50.0,0.00
304.00,2.08,-3126.39,0.37,2.505,0.00,50.0,0.00
305.00,2.10,-3123.88,0.37,2.505,0.00,50.0,0.00
306.00,2.12,-3121.38,0.37,2.505,0.00,50.0,0.00
307.00,2.13,-3118.87,0.37,2.505,0.00,50.0,0.00
308.00,2.15,-3116.37,0.37,2.505,0.00,50.0,0.00
309.00,2.16,-3113.86,0.37,2.505,0.00,50.0,0.00
310.00,2.18,-3111.36,0.37,2.505,0.00,50.0,0.00
311.00,2.20,-3108.86,0.37,2.505,0.00,50.0,0.00
312.00,2.21,-3106.35,0.37,2.504,0.00,50.0,0.00
313.00,2.23,-3103.85,0.37,2.504,0.00,50.0,0.00
314.00,2.25,-3101.34,0.37,2.504,0.00,50.0,0.00
315.00,2.26,-3098.84,0.37,2.504,0.00,50.0,0.00
316.00,2.28,-3096.33,0.37,2.504,0.00,50.0,0.00
317.00,2.29,-3093.83,0.37,2.504,0.00,50.0,0.00
318.00,2.31,-3091.33,0.37,2.504,0.00,50.0,0.00
319.00,2.33,-3088.82,0.37,2.504,0.00,50.0,0.00
320.00,2.34,-3086.32,0.37,2.504,0.00,50.0,0.00
321.00,2.36,-3083.81,0.37,2.504,0.00,50.0,0.00
322.00,2.37,-3081.31,0.37,2.504,0.00,50.0,0.00
323.00,2.39,-3078.81,0.37,2.504,0.00,50.0,0.00
324.00,2.41,-3076.30,0.37,2.504,0.00,50.0,0.00
325.00,2.42,-3073.80,0.37,2.503,0.00,50.0,0.00
326.00,2.44,-3071.30,0.37,2.503,0.00,50.0,0.00
327.00,2.46,-3068.79,0.37,2.503,0.00,50.0,0.00
328.00,2.47,-3066.29,0.37,2.503,0.00,50.0,0.00
329.00,2.49,-3063.79,0.37,2.503,0.00,50.0,0.00
330.00,2.50,-3061.28,0.37,2.503,0.00,50.0,0.00
331.00,2.52,-3058.78,0.37,2.503,0.00,50.0,0.00
332.00,2.54,-3056.28,0.37,2.503,0.00,50.0,0.00
333.00,2.55,-3053.78,0.37,2.503,0.00,50.0,0.00
334.00,2.57,-3051.27,0.37,2.503,0.00,50.0,0.00
335.00,2.59,-3048.77,0.37,2.503,0.00,50.0,0.00
336.00,2.60,-3046.27,0.37,2.503,0.00,50.0,0.00
337.00,2.62,-3043.76,0.37,2.503,0.00,50.0,0.00
338.00,2.63,-3041.26,0.37,2.503,0.00,50.0,0.00
339.00,2.65,-3038.76,0.37,2.503,0.00,50.0,0.00
340.00,2.67,-3036.26,0.37,2.503,0.00,50.0,0.00
341.00,2.68,-3033.75,0.37,2.502,0.00,50.0,0.00
342.00,2.70,-3031.25,0.37,2.502,0.00,50.0,0.00
343.00,2.71,-3028.75,0.37,2.502,0.00,50.0,0.00
344.00,2.73,-3026.25,0.37,2.502,0.00,50.0,0.00
345.00,2.75,-3023.75,0.37,2.502,0.00,50.0,0.00
346.00,2.76,-3021.24,0.37,2.502,0.00,50.0,0.00
347.00,2.78,-3018.74,0.37,2.502,0.00,50.0,0.00
348.00,2.80,-3016.24,0.37,2.502,0.00,50.0,0.00
349.00,2.81,-3013.74,0.37,2.502,0.00,50.0,0.00
350.00,2.83,-3011.24,0.37,2.502,0.00,50.0,0.00
351.00,2.84,-3008.73,0.37,2.502,0.00,50.0,0.00
352.00,2.86,-3006.23,0.37,2.502,0.00,50.0,0.00
353.00,2.88,-3003.73,0.37,2.502,0.00,50.0,0.00
354.00,2.89,-3001.23,0.37,2.502,0.00,50.0,0.00
355.00,2.91,-2998.73,0.37,2.502,0.00,50.0,0.00
356.00,2.93,-2996.22,0.37,2.502,0.00,50.0,0.00
357.00,2.94,-2993.72,0.37,2.502,0.00,50.0,0.00
358.00,2.96,-2991.22,0.37,2.502,0.00,50.0,0.00
359.00,2.97,-2988.72,0.37,2.502,0.00,50.0,0.00
360.00,2.99,-2986.22,0.37,2.502,0.00,50.0,0.00
361.00,3.01,-2983.72,0.37,2.502,0.00,50.0,0.00
362.00,3.02,-2981.21,0.37,2.502,0.00,50.0,0.00
363.00,3.04,-2978.71,0.37,2.502,0.00,50.0,0.00
364.00,3.06,-2976.21,0.37,2.502,0.00,50.0,0.00
365.00,3.07,-2973.71,0.37,2.502,0.00,50.0,0.00
366.00,3.09,-2971.21,0.37,2.502,0.00,50.0,0.00
367.00,3.10,-2968.71,0.37,2.501,0.00,50.0,0.00
368.00,3.12,-2966.20,0.37,2.501,0.00,50.0,0.00
369.00,3.14,-2963.70,0.37,2.501,0.00,50.0,0.00
370.00,3.15,-2961.20,0.37,2.501,0.00,50.0,0.00
371.00,3.17,-2958.70,0.37,2.501,0.00,50.0,0.00
372.00,3.18,-2956.20,0.37,2.501,0.00,50.0,0.00
373.00,3.20,-2953.70,0.37,2.501,0.00,50.0,0.00
374.00,3.22,-2951.20,0.37,2.501,0.00,50.0,0.00
375.00,3.23,-2948.70,0.37,2.501,0.00,50.0,0.00
376.00,3.25,-2946.19,0.37,2.501,0.00,50.0,0.00
377.00,3.27,-2943.69,0.37,2.501,0.00,50.0,0.00
378.00,3.28,-2941.19,0.37,2.501,0.00,50.0,0.00
379.00,3.30,-2938.69,0.37,2.501,0.00,50.0,0.00
380.00,3.31,-2936.19,0.37,2.501,0.00,50.0,0.00
381.00,3.33,-2933.69,0.37,2.501,0.00,50.0,0.00
382.00,3.35,-2931.19,0.37,2.501,0.00,50.0,0.00
383.00,3.36,-2928.69,0.37,2.501,0.00,50.0,0.00
384.00,3.38,-2926.19,0.37,2.501,0.00,50.0,0.00
385.00,3.40,-2923.69,0.37,2.501,0.00,50.0,0.00
386.00,3.41,-2921.18,0.37,2.501,0.00,50.0,0.00
387.00,3.43,-2918.68,0.37,2.501,0.00,50.0,0.00
388.00,3.44,-2916.18,0.37,2.501,0.00,50.0,0.00
389.00,3.46,-2913.68,0.37,2.501,0.00,50.0,0.00
390.00,3.48,-2911.18,0.37,2.501,0.00,50.0,0.00
391.00,3.49,-2908.68,0.37,2.501,0.00,50.0,0.00
392.00,3.51,-2906.18,0.37,2.501,0.00,50.0,0.00
393.00,3.53,-2903.68,0.37,2.501,0.00,50.0,0.00
394.00,3.54,-2901.18,0.37,2.501,0.00,50.0,0.00
395.00,3.56,-2898.68,0.37,2.501,0.00,50.0,0.00
396.00,3.57,-2896.18,0.37,2.501,0.00,50.0,0.00
397.00,3.59,-2893.67,0.37,2.501,0.00,50.0,0.00
398.00,3.61,-2891.17,0.37,2.501,0.00,50.0,0.00
399.00,3.62,-2888.67,0.37,2.501,0.00,50.0,0.00
400.00,3.64,-2886.17,0.37,2.501,0.00,50.0,0.00
401.00,3.65,-2883.67,0.37,2.501,0.00,50.0,0.00
402.00,3.67,-2881.17,0.37,2.501,0.00,50.0,0.00
403.00,3.69,-2878.67,0.37,2.501,0.00,50.0,0.00
404.00,3.70,-2876.17,0.37,2.501,0.00,50.0,0.00
405.00,3.72,-2873.67,0.37,2.501,0.00,50.0,0.00
406.00,3.74,-2871.17,0.37,2.501,0.00,50.0,0.00
407.00,3.75,-2868.67,0.37,2.501,0.00,50.0,0.00
408.00,3.77,-2866.17,0.37,2.501,0.00,50.0,0.00
409.00,3.78,-2863.67,0.37,2.501,0.00,50.0,0.00
410.00,3.80,-2861.17,0.37,2.501,0.00,50.0,0.00
411.00,3.82,-2858.67,0.37,2.501,0.00,50.0,0.00
412.00,3.83,-2856.17,0.37,2.501,0.00,50.0,0.00
413.00,3.85,-2853.66,0.37,2.501,0.00,50.0,0.00
414.00,3.87,-2851.16,0.37,2.501,0.00,50.0,0.00
415.00,3.88,-2848.66,0.37,2.501,0.00,50.0,0.00
416.00,3.90,-2846.16,0.37,2.501,0.00,50.0,0.00
417.00,3.91,-2843.66,0.37,2.501,0.00,50.0,0.00
418.00,3.93,-2841.16,0.37,2.501,0.00,50.0,0.00
419.00,3.95,-2838.66,0.37,2.501,0.00,50.0,0.00
420.00,3.96,-2836.16,0.37,2.501,0.00,50.0,0.00
421.00,3.98,-2833.66,0.37,2.500,0.00,50.0,0.00
422.00,4.00,-2831.16,0.37,2.500,0.00,50.0,0.00
423.00,4.01,-2828.66,0.37,2.500,0.00,50.0,0.00
424.00,4.03,-2826.16,0.37,2.500,0.00,50.0,0.00
425.00,4.04,-2823.66,0.37,2.500,0.00,50.0,0.00
426.00,4.06,-2821.16,0.37,2.500,0.00,50.0,0.00
427.00,4.08,-2818.66,0.37,2.500,0.00,50.0,0.00
428.00,4.09,-2816.16,0.37,2.500,0.00,50.0,0.00
429.00,4.11,-2813.66,0.37,2.500,0.00,50.0,0.00
430.00,4.12,-2811.16,0.37,2.500,0.00,50.0,0.00
431.00,4.14,-2808.66,0.37,2.500,0.00,50.0,0.00
432.00,4.16,-2806.16,0.37,2.500,5.00,50.0,0.06
433.00,4.17,-2803.66,0.37,2.500,5.00,50.0,0.11
434.00,4.19,-2801.16,0.38,2.500,5.00,50.0,0.17
435.00,4.21,-2798.66,0.38,2.500,5.00,50.0,0.22
436.00,4.22,-2796.16,0.39,2.500,5.00,50.0,0.27
437.00,4.24,-2793.66,0.39,2.500,5.00,50.0,0.32
438.00,4.26,-2791.15,0.40,2.500,10.00,50.0,0.42
439.00,4.27,-2788.65,0.41,2.500,10.00,50.0,0.52
440.00,4.29,-2786.15,0.42,2.500,10.00,50.0,0.62
441.00,4.31,-2783.65,0.43,2.500,10.00,50.0,0.71
442.00,4.33,-2781.15,0.44,2.500,10.00,50.0,0.80
443.00,4.35,-2778.65,0.46,2.500,10.00,50.0,0.89
444.00,4.37,-2776.15,0.47,2.500,15.00,50.0,1.03
445.00,4.39,-2773.65,0.49,2.500,15.00,50.0,1.17
446.00,4.41,-2771.15,0.51,2.500,15.00,50.0,1.30
447.00,4.43,-2768.65,0.54,2.500,15.00,50.0,1.43
448.00,4.46,-2766.15,0.56,2.500,15.00,50.0,1.55
449.00,4.48,-2763.65,0.59,2.500,15.00,50.0,1.67
450.00,4.51,-2761.15,0.62,2.500,15.00,50.0,1.79
451.00,4.53,-2758.65,0.65,2.500,15.00,50.0,1.90
452.00,4.56,-2756.15,0.69,2.500,15.00,50.0,2.01
453.00,4.59,-2753.65,0.72,2.500,15.00,50.0,2.11
454.00,4.62,-2751.15,0.76,2.500,15.00,50.0,2.21
455.00,4.66,-2748.65,0.80,2.500,15.00,50.0,2.31
456.00,4.69,-2746.15,0.84,2.500,15.00,50.0,2.40
457.00,4.73,-2743.66,0.88,2.490,20.00,40.0,2.55
458.00,4.77,-2741.18,0.93,2.480,20.00,40.0,2.70
459.00,4.81,-2738.71,0.97,2.471,20.00,40.0,2.84
460.00,4.85,-2736.25,1.02,2.461,20.00,40.0,2.97
461.00,4.89,-2733.80,1.07,2.452,20.00,40.0,3.10
462.00,4.94,-2731.36,1.13,2.443,20.00,40.0,3.22
463.00,4.99,-2728.92,1.18,2.434,20.00,40.0,3.35
464.00,5.04,-2726.49,1.24,2.436,15.00,50.0,3.41
465.00,5.09,-2724.05,1.30,2.437,15.00,50.0,3.46
466.00,5.14,-2721.61,1.36,2.438,15.00,50.0,3.52
467.00,5.20,-2719.17,1.42,2.439,15.00,50.0,3.57
468.00,5.26,-2716.73,1.48,2.441,15.00,50.0,3.63
469.00,5.32,-2714.29,1.54,2.442,15.00,50.0,3.68
470.00,5.39,-2711.85,1.60,2.443,10.00,50.0,3.67
471.00,5.46,-2709.41,1.66,2.444,10.00,50.0,3.66
472.00,5.53,-2706.96,1.72,2.445,10.00,50.0,3.65
473.00,5.60,-2704.52,1.78,2.446,10.00,50.0,3.64
474.00,5.68,-2702.07,1.84,2.447,10.00,50.0,3.64
475.00,5.76,-2699.63,1.90,2.448,5.00,50.0,3.57
476.00,5.84,-2697.18,1.96,2.449,5.00,50.0,3.51
477.00,5.92,-2694.73,2.02,2.450,5.00,50.0,3.45
478.00,6.01,-2692.28,2.07,2.451,5.00,50.0,3.39
479.00,6.10,-2689.83,2.13,2.452,5.00,50.0,3.34
480.00,6.19,-2687.38,2.18,2.453,5.00,50.0,3.28
481.00,6.28,-2684.92,2.24,2.454,0.00,50.0,3.17
482.00,6.38,-2682.47,2.29,2.455,0.00,50.0,3.07
483.00,6.48,-2680.02,2.34,2.456,0.00,50.0,2.97
484.00,6.58,-2677.56,2.39,2.457,0.00,50.0,2.87
485.00,6.68,-2675.11,2.43,2.458,0.00,50.0,2.77
486.00,6.78,-2672.65,2.48,2.459,0.00,50.0,2.68
487.00,6.89,-2670.19,2.52,2.460,0.00,50.0,2.59
488.00,7.00,-2667.73,2.56,2.460,0.00,50.0,2.50
489.00,7.11,-2665.27,2.60,2.461,0.00,50.0,2.42
490.00,7.22,-2662.82,2.64,2.462,0.00,50.0,2.34
491.00,7.33,-2660.36,2.68,2.463,0.00,50.0,2.26
492.00,7.45,-2657.89,2.71,2.463,0.00,50.0,2.19
493.00,7.56,-2655.43,2.75,2.464,0.00,50.0,2.11
494.00,7.68,-2652.97,2.78,2.465,0.00,50.0,2.04
495.00,7.80,-2650.51,2.82,2.466,0.00,50.0,1.97
496.00,7.92,-2648.05,2.85,2.466,0.00,50.0,1.91
497.00,8.05,-2645.58,2.88,2.467,0.00,50.0,1.85
498.00,8.17,-2643.12,2.91,2.468,0.00,50.0,1.78
499.00,8.30,-2640.65,2.94,2.468,0.00,50.0,1.72
500.00,8.42,-2638.19,2.97,2.469,0.00,50.0,1.67
501.00,8.55,-2635.72,2.99,2.469,0.00,50.0,1.61
502.00,8.68,-2633.25,3.02,2.470,0.00,50.0,1.56
503.00,8.81,-2630.79,3.04,2.471,0.00,50.0,1.51
504.00,8.94,-2628.32,3.07,2.471,0.00,50.0,1.46
505.00,9.07,-2625.85,3.09,2.472,0.00,50.0,1.41
506.00,9.21,-2623.38,3.11,2.472,0.00,50.0,1.36
507.00,9.34,-2620.91,3.14,2.473,0.00,50.0,1.31
508.00,9.47,-2618.44,3.16,2.474,0.00,50.0,1.27
509.00,9.61,-2615.97,3.18,2.474,0.00,50.0,1.23
510.00,9.75,-2613.50,3.20,2.475,0.00,50.0,1.19
511.00,9.89,-2611.03,3.22,2.475,0.00,50.0,1.15
512.00,10.03,-2608.56,3.24,2.476,0.00,50.0,1.11
513.00,10.17,-2606.09,3.25,2.476,0.00,50.0,1.07
514.00,10.31,-2603.61,3.27,2.477,0.00,50.0,1.04
515.00,10.45,-2601.14,3.29,2.477,0.00,50.0,1.00
516.00,10.59,-2598.67,3.30,2.477,0.00,50.0,0.97
517.00,10.73,-2596.19,3.32,2.478,0.00,50.0,0.94
518.00,10.88,-2593.72,3.33,2.478,0.00,50.0,0.91
519.00,11.02,-2591.24,3.35,2.479,0.00,50.0,0.88
520.00,11.16,-2588.77,3.36,2.479,0.00,50.0,0.85
521.00,11.31,-2586.29,3.38,2.480,0.00,50.0,0.82
522.00,11.46,-2583.82,3.39,2.480,0.00,50.0,0.79
523.00,11.60,-2581.34,3.40,2.480,0.00,50.0,0.76
524.00,11.75,-2578.87,3.41,2.481,0.00,50.0,0.74
525.00,11.90,-2576.39,3.43,2.481,0.00,50.0,0.71
526.00,12.05,-2573.91,3.44,2.482,0.00,50.0,0.69
527.00,12.19,-2571.43,3.45,2.482,0.00,50.0,0.67
528.00,12.34,-2568.96,3.46,2.482,0.00,50.0,0.65
529.00,12.49,-2566.48,3.47,2.483,0.00,50.0,0.62
530.00,12.64,-2564.00,3.48,2.483,0.00,50.0,0.60
531.00,12.79,-2561.52,3.49,2.483,0.00,50.0,0.58
532.00,12.95,-2559.04,3.50,2.484,0.00,50.0,0.56
533.00,13.10,-2556.56,3.51,2.484,0.00,50.0,0.54
534.00,13.25,-2554.08,3.52,2.484,0.00,50.0,0.53
535.00,13.40,-2551.60,3.53,2.485,0.00,50.0,0.51
536.00,13.55,-2549.12,3.53,2.485,0.00,50.0,0.49
537.00,13.71,-2546.64,3.54,2.485,0.00,50.0,0.48
538.00,13.86,-2544.16,3.55,2.486,0.00,50.0,0.46
539.00,14.02,-2541.68,3.56,2.486,0.00,50.0,0.44
540.00,14.17,-2539.20,3.56,2.486,0.00,50.0,0.43
541.00,14.32,-2536.72,3.57,2.486,0.00,50.0,0.42
542.00,14.48,-2534.24,3.58,2.487,0.00,50.0,0.40
543.00,14.63,-2531.75,3.58,2.487,0.00,50.0,0.39
544.00,14.79,-2529.27,3.59,2.487,0.00,50.0,0.38
545.00,14.95,-2526.79,3.60,2.487,0.00,50.0,0.36
546.00,15.10,-2524.31,3.60,2.488,0.00,50.0,0.35
547.00,15.26,-2521.82,3.61,2.488,0.00,50.0,0.34
548.00,15.41,-2519.34,3.61,2.488,0.00,50.0,0.33
549.00,15.57,-2516.86,3.62,2.488,0.00,50.0,0.32
550.00,15.73,-2514.37,3.62,2.489,0.00,50.0,0.31
551.00,15.89,-2511.89,3.63,2.489,0.00,50.0,0.30
552.00,16.04,-2509.40,3.63,2.489,0.00,50.0,0.29
553.00,16.20,-2506.92,3.64,2.489,0.00,50.0,0.28
554.00,16.36,-2504.44,3.64,2.490,0.00,50.0,0.27
555.00,16.52,-2501.95,3.65,2.490,0.00,50.0,0.26
556.00,16.68,-2499.47,3.65,2.490,0.00,50.0,0.25
557.00,16.83,-2496.98,3.65,2.490,0.00,50.0,0.24
558.00,16.99,-2494.50,3.66,2.490,0.00,50.0,0.23
559.00,17.15,-2492.01,3.66,2.491,0.00,50.0,0.23
560.00,17.31,-2489.52,3.67,2.491,0.00,50.0,0.22
561.00,17.47,-2487.04,3.67,2.491,0.00,50.0,0.21
562.00,17.63,-2484.55,3.67,2.491,0.00,50.0,0.20
563.00,17.79,-2482.07,3.68,2.491,0.00,50.0,0.20
564.00,17.95,-2479.58,3.68,2.491,0.00,50.0,0.19
565.00,18.11,-2477.09,3.68,2.492,0.00,50.0,0.18
566.00,18.27,-2474.61,3.69,2.492,0.00,50.0,0.18
567.00,18.43,-2472.12,3.69,2.492,0.00,50.0,0.17
568.00,18.59,-2469.63,3.69,2.492,0.00,50.0,0.17
569.00,18.75,-2467.15,3.69,2.492,0.00,50.0,0.16
570.00,18.91,-2464.66,3.70,2.492,0.00,50.0,0.16
571.00,19.07,-2462.17,3.70,2.493,0.00,50.0,0.15
572.00,19.23,-2459.68,3.70,2.493,0.00,50.0,0.15
573.00,19.39,-2457.20,3.70,2.493,0.00,50.0,0.14
574.00,19.55,-2454.71,3.71,2.493,0.00,50.0,0.14
575.00,19.71,-2452.22,3.71,2.493,0.00,50.0,0.13
576.00,19.88,-2449.73,3.71,2.493,0.00,50.0,0.13
577.00,20.04,-2447.24,3.71,2.493,0.00,50.0,0.12
578.00,20.20,-2444.76,3.71,2.494,0.00,50.0,0.12
579.00,20.36,-2442.27,3.72,2.494,0.00,50.0,0.11
580.00,20.52,-2439.78,3.72,2.494,0.00,50.0,0.11
581.00,20.68,-2437.29,3.72,2.494,0.00,50.0,0.11
582.00,20.85,-2434.80,3.72,2.494,0.00,50.0,0.10
583.00,21.01,-2432.31,3.72,2.494,0.00,50.0,0.10
584.00,21.17,-2429.82,3.72,2.494,0.00,50.0,0.10
585.00,21.33,-2427.33,3.73,2.494,0.00,50.0,0.09
586.00,21.49,-2424.84,3.73,2.495,0.00,50.0,0.09
587.00,21.66,-2422.36,3.73,2.495,0.00,50.0,0.09
588.00,21.82,-2419.87,3.73,2.495,0.00,50.0,0.08
589.00,21.98,-2417.38,3.73,2.495,0.00,50.0,0.08
590.00,22.14,-2414.89,3.73,2.495,0.00,50.0,0.08
591.00,22.31,-2412.40,3.73,2.495,0.00,50.0,0.08
592.00,22.47,-2409.91,3.74,2.495,0.00,50.0,0.07
593.00,22.63,-2407.42,3.74,2.495,0.00,50.0,0.07
594.00,22.79,-2404.93,3.74,2.495,0.00,50.0,0.07
595.00,22.96,-2402.44,3.74,2.495,0.00,50.0,0.07
596.00,23.12,-2399.95,3.74,2.496,0.00,50.0,0.06
597.00,23.28,-2397.46,3.74,2.496,0.00,50.0,0.06
598.00,23.44,-2394.97,3.74,2.496,0.00,50.0,0.06
599.00,23.61,-2392.48,3.74,2.496,0.00,50.0,0.06
600.00,23.77,-2389.98,3.74,2.496,0.00,50.0,0.06
601.00,23.93,-2387.49,3.75,2.496,0.00,50.0,0.05
602.00,24.10,-2385.00,3.75,2.496,0.00,50.0,0.05
603.00,24.26,-2382.51,3.75,2.496,0.00,50.0,0.05
604.00,24.42,-2380.02,3.75,2.496,0.00,50.0,0.05
605.00,24.59,-2377.53,3.75,2.496,0.00,50.0,0.05
606.00,24.75,-2375.04,3.75,2.496,0.00,50.0,0.05
607.00,24.91,-2372.55,3.75,2.496,0.00,50.0,0.04
608.00,25.07,-2370.06,3.75,2.496,0.00,50.0,0.04
609.00,25.24,-2367.57,3.75,2.497,0.00,50.0,0.04
610.00,25.40,-2365.08,3.75,2.497,0.00,50.0,0.04
611.00,25.56,-2362.58,3.75,2.497,0.00,50.0,0.04
612.00,25.73,-2360.09,3.75,2.497,0.00,50.0,0.04
613.00,25.89,-2357.60,3.75,2.497,0.00,50.0,0.04
614.00,26.06,-2355.11,3.75,2.497,0.00,50.0,0.03
615.00,26.22,-2352.62,3.76,2.497,0.00,50.0,0.03
616.00,26.38,-2350.13,3.76,2.497,0.00,50.0,0.03
617.00,26.55,-2347.63,3.76,2.497,0.00,50.0,0.03
618.00,26.71,-2345.14,3.76,2.497,0.00,50.0,0.03
619.00,26.87,-2342.65,3.76,2.497,0.00,50.0,0.03
620.00,27.04,-2340.16,3.76,2.497,0.00,50.0,0.03
621.00,27.20,-2337.67,3.76,2.497,0.00,50.0,0.03
622.00,27.36,-2335.18,3.76,2.497,0.00,50.0,0.03
623.00,27.53,-2332.68,3.76,2.497,0.00,50.0,0.03
624.00,27.69,-2330.19,3.76,2.497,0.00,50.0,0.02
625.00,27.86,-2327.70,3.76,2.498,0.00,50.0,0.02
626.00,28.02,-2325.21,3.76,2.498,0.00,50.0,0.02
627.00,28.18,-2322.71,3.76,2.498,0.00,50.0,0.02
628.00,28.35,-2320.22,3.76,2.498,0.00,50.0,0.02
629.00,28.51,-2317.73,3.76,2.498,0.00,50.0,0.02
630.00,28.67,-2315.24,3.76,2.498,0.00,50.0,0.02
631.00,28.84,-2312.75,3.76,2.498,0.00,50.0,0.02
632.00,29.00,-2310.25,3.76,2.498,0.00,50.0,0.02
633.00,29.17,-2307.76,3.76,2.498,0.00,50.0,0.02
634.00,29.33,-2305.27,3.76,2.498,0.00,50.0,0.02
635.00,29.49,-2302.78,3.76,2.498,0.00,50.0,0.02
636.00,29.66,-2300.28,3.76,2.498,0.00,50.0,0.02
637.00,29.82,-2297.79,3.76,2.498,0.00,50.0,0.02
638.00,29.99,-2295.30,3.76,2.498,0.00,50.0,0.02
639.00,30.15,-2292.80,3.76,2.498,0.00,50.0,0.01
640.00,30.31,-2290.31,3.76,2.498,0.00,50.0,0.01
641.00,30.48,-2287.82,3.76,2.498,0.00,50.0,0.01
642.00,30.64,-2285.33,3.76,2.498,0.00,50.0,0.01
643.00,30.81,-2282.83,3.77,2.498,0.00,50.0,0.01
644.00,30.97,-2280.34,3.77,2.498,0.00,50.0,0.01
645.00,31.13,-2277.85,3.77,2.498,0.00,50.0,0.01
646.00,31.30,-2275.35,3.77,2.498,0.00,50.0,0.01
647.00,31.46,-2272.86,3.77,2.498,0.00,50.0,0.01
648.00,31.63,-2270.37,3.77,2.498,0.00,50.0,0.01
649.00,31.79,-2267.88,3.77,2.498,0.00,50.0,0.01
650.00,31.95,-2265.38,3.77,2.498,0.00,50.0,0.01
651.00,32.12,-2262.89,3.77,2.499,0.00,50.0,0.01
652.00,32.28,-2260.40,3.77,2.499,0.00,50.0,0.01
653.00,32.45,-2257.90,3.77,2.499,0.00,50.0,0.01
654.00,32.61,-2255.41,3.77,2.499,0.00,50.0,0.01
655.00,32.78,-2252.92,3.77,2.499,0.00,50.0,0.01
656.00,32.94,-2250.42,3.77,2.499,0.00,50.0,0.01
657.00,33.10,-2247.93,3.77,2.499,0.00,50.0,0.01
658.00,33.27,-2245.44,3.77,2.499,0.00,50.0,0.01
659.00,33.43,-2242.94,3.77,2.499,0.00,50.0,0.01
660.00,33.60,-2240.45,3.77,2.499,0.00,50.0,0.01
661.00,33.76,-2237.96,3.77,2.499,0.00,50.0,0.01
662.00,33.92,-2235.46,3.77,2.499,0.00,50.0,0.01
663.00,34.09,-2232.97,3.77,2.499,0.00,50.0,0.01
664.00,34.25,-2230.48,3.77,2.499,0.00,50.0,0.01
665.00,34.42,-2227.98,3.77,2.499,0.00,50.0,0.01
666.00,34.58,-2225.49,3.77,2.499,0.00,50.0,0.01
667.00,34.75,-2223.00,3.77,2.499,0.00,50.0,0.01
668.00,34.91,-2220.50,3.77,2.499,0.00,50.0,0.01
669.00,35.07,-2218.01,3.77,2.499,0.00,50.0,0.01
670.00,35.24,-2215.51,3.77,2.499,0.00,50.0,0.01
671.00,35.40,-2213.02,3.77,2.499,0.00,50.0,0.01
672.00,35.57,-2210.53,3.77,2.499,5.00,50.0,0.06
673.00,35.73,-2208.03,3.77,2.499,5.00,50.0,0.12
674.00,35.90,-2205.54,3.77,2.499,5.00,50.0,0.17
675.00,36.06,-2203.05,3.78,2.499,5.00,50.0,0.22
676.00,36.22,-2200.55,3.78,2.499,5.00,50.0,0.27
677.00,36.39,-2198.06,3.79,2.499,5.00,50.0,0.32
678.00,36.55,-2195.57,3.79,2.499,0.00,50.0,0.31
679.00,36.72,-2193.07,3.80,2.499,0.00,50.0,0.30
680.00,36.89,-2190.58,3.80,2.499,0.00,50.0,0.29
681.00,37.05,-2188.08,3.81,2.499,0.00,50.0,0.28
682.00,37.22,-2185.59,3.81,2.499,0.00,50.0,0.27
683.00,37.38,-2183.10,3.82,2.499,0.00,50.0,0.26
684.00,37.55,-2180.60,3.82,2.499,0.00,50.0,0.25
685.00,37.72,-2178.11,3.83,2.499,5.00,50.0,0.30
686.00,37.88,-2175.62,3.83,2.499,5.00,50.0,0.35
687.00,38.05,-2173.12,3.84,2.499,5.00,50.0,0.39
688.00,38.22,-2170.63,3.85,2.499,5.00,50.0,0.44
689.00,38.39,-2168.13,3.85,2.499,5.00,50.0,0.48
690.00,38.55,-2165.64,3.86,2.499,5.00,50.0,0.52
691.00,38.72,-2163.15,3.87,2.499,5.00,50.0,0.56
692.00,38.89,-2160.65,3.88,2.499,5.00,50.0,0.60
693.00,39.06,-2158.16,3.89,2.499,0.00,50.0,0.58
694.00,39.23,-2155.67,3.90,2.499,0.00,50.0,0.56
695.00,39.40,-2153.17,3.91,2.499,0.00,50.0,0.54
696.00,39.57,-2150.68,3.92,2.499,0.00,50.0,0.52
697.00,39.74,-2148.19,3.93,2.499,0.00,50.0,0.51
698.00,39.91,-2145.69,3.94,2.499,0.00,50.0,0.49
699.00,40.08,-2143.20,3.94,2.499,0.00,50.0,0.47
700.00,40.26,-2140.70,3.95,2.499,5.00,50.0,0.51
701.00,40.43,-2138.21,3.96,2.499,5.00,50.0,0.55
702.00,40.60,-2135.72,3.97,2.499,5.00,50.0,0.59
703.00,40.77,-2133.22,3.98,2.499,5.00,50.0,0.63
704.00,40.95,-2130.73,3.99,2.499,5.00,50.0,0.67
705.00,41.12,-2128.24,4.00,2.500,5.00,50.0,0.70
706.00,41.30,-2125.74,4.02,2.500,5.00,50.0,0.74
707.00,41.47,-2123.25,4.03,2.500,5.00,50.0,0.77
708.00,41.65,-2120.76,4.04,2.500,0.00,50.0,0.74
709.00,41.82,-2118.26,4.05,2.500,0.00,50.0,0.72
710.00,42.00,-2115.77,4.06,2.500,0.00,50.0,0.69
711.00,42.18,-2113.28,4.08,2.500,0.00,50.0,0.67
712.00,42.35,-2110.78,4.09,2.500,0.00,50.0,0.65
713.00,42.53,-2108.29,4.10,2.500,5.00,50.0,0.68
714.00,42.71,-2105.80,4.11,2.500,5.00,50.0,0.72
715.00,42.89,-2103.30,4.12,2.500,5.00,50.0,0.75
716.00,43.07,-2100.81,4.14,2.500,5.00,50.0,0.78
717.00,43.25,-2098.32,4.15,2.500,5.00,50.0,0.81
718.00,43.43,-2095.83,4.16,2.500,5.00,50.0,0.84
719.00,43.61,-2093.33,4.18,2.500,5.00,50.0,0.87
720.00,43.79,-2090.84,4.19,2.500,5.00,50.0,0.90
721.00,43.98,-2088.35,4.21,2.500,0.00,50.0,0.87
722.00,44.16,-2085.85,4.22,2.500,0.00,50.0,0.84
723.00,44.34,-2083.36,4.24,2.500,0.00,50.0,0.81
724.00,44.53,-2080.87,4.25,2.500,0.00,50.0,0.79
725.00,44.71,-2078.37,4.26,2.500,0.00,50.0,0.76
726.00,44.90,-2075.88,4.27,2.500,0.00,50.0,0.74
727.00,45.09,-2073.39,4.28,2.500,0.00,50.0,0.71
728.00,45.27,-2070.90,4.30,2.500,0.00,50.0,0.69
729.00,45.46,-2068.40,4.31,2.500,5.00,50.0,0.72
730.00,45.65,-2065.91,4.32,2.500,5.00,50.0,0.75
731.00,45.84,-2063.42,4.33,2.500,5.00,50.0,0.79
732.00,46.02,-2060.93,4.35,2.500,5.00,50.0,0.82
733.00,46.21,-2058.43,4.36,2.500,5.00,50.0,0.85
734.00,46.40,-2055.94,4.38,2.500,0.00,50.0,0.82
735.00,46.60,-2053.45,4.39,2.500,0.00,50.0,0.79
736.00,46.79,-2050.96,4.40,2.500,0.00,50.0,0.77
737.00,46.98,-2048.46,4.41,2.500,0.00,50.0,0.74
738.00,47.17,-2045.97,4.43,2.500,0.00,50.0,0.72
739.00,47.36,-2043.48,4.44,2.500,0.00,50.0,0.69
740.00,47.56,-2040.99,4.45,2.500,0.00,50.0,0.67
741.00,47.75,-2038.49,4.46,2.500,5.00,50.0,0.70
742.00,47.95,-2036.00,4.47,2.500,5.00,50.0,0.74
743.00,48.14,-2033.51,4.49,2.500,5.00,50.0,0.77
744.00,48.34,-2031.02,4.50,2.500,5.00,50.0,0.80
745.00,48.53,-2028.53,4.51,2.500,5.00,50.0,0.83
746.00,48.73,-2026.03,4.53,2.500,5.00,50.0,0.86
747.00,48.93,-2023.54,4.54,2.500,10.00,50.0,0.95
748.00,49.12,-2021.05,4.56,2.500,10.00,50.0,1.03
749.00,49.32,-2018.56,4.58,2.500,10.00,50.0,1.11
750.00,49.52,-2016.07,4.60,2.500,10.00,50.0,1.19
751.00,49.72,-2013.57,4.62,2.500,10.00,50.0,1.26
752.00,49.92,-2011.08,4.64,2.500,10.00,50.0,1.33
753.00,50.13,-2008.59,4.66,2.500,10.00,50.0,1.40
754.00,50.33,-2006.10,4.69,2.500,10.00,50.0,1.47
755.00,50.53,-2003.61,4.72,2.500,15.00,50.0,1.59
756.00,50.74,-2001.12,4.74,2.500,15.00,50.0,1.71
757.00,50.95,-1998.63,4.77,2.500,15.00,50.0,1.83
758.00,51.15,-1996.13,4.81,2.500,15.00,50.0,1.94
759.00,51.36,-1993.64,4.84,2.500,15.00,50.0,2.04
760.00,51.57,-1991.15,4.88,2.500,15.00,50.0,2.15
761.00,51.79,-1988.66,4.91,2.500,15.00,50.0,2.25
762.00,52.00,-1986.17,4.95,2.500,10.00,50.0,2.29
763.00,52.22,-1983.68,4.99,2.500,10.00,50.0,2.32
764.00,52.43,-1981.19,5.03,2.500,10.00,50.0,2.36
765.00,52.65,-1978.70,5.07,2.500,10.00,50.0,2.40
766.00,52.87,-1976.21,5.11,2.500,10.00,50.0,2.43
767.00,53.10,-1973.72,5.15,2.500,10.00,50.0,2.46
768.00,53.32,-1971.23,5.19,2.500,15.00,50.0,2.55
769.00,53.55,-1968.74,5.24,2.500,15.00,50.0,2.64
770.00,53.78,-1966.25,5.28,2.500,15.00,50.0,2.72
771.00,54.01,-1963.76,5.33,2.500,15.00,50.0,2.80
772.00,54.24,-1961.27,5.38,2.500,15.00,50.0,2.88
773.00,54.47,-1958.78,5.43,2.500,10.00,50.0,2.90
774.00,54.71,-1956.30,5.48,2.500,10.00,50.0,2.92
775.00,54.95,-1953.81,5.52,2.500,10.00,50.0,2.93
776.00,55.19,-1951.32,5.57,2.500,10.00,50.0,2.95
777.00,55.43,-1948.83,5.62,2.500,10.00,50.0,2.97
778.00,55.68,-1946.34,5.67,2.500,10.00,50.0,2.98
779.00,55.92,-1943.86,5.72,2.500,10.00,50.0,3.00
780.00,56.17,-1941.37,5.77,2.500,10.00,50.0,3.01
781.00,56.42,-1938.88,5.82,2.500,10.00,50.0,3.03
782.00,56.68,-1936.39,5.87,2.500,5.00,50.0,2.98
783.00,56.93,-1933.91,5.92,2.500,5.00,50.0,2.94
784.00,57.19,-1931.42,5.97,2.500,5.00,50.0,2.90
785.00,57.45,-1928.93,6.02,2.500,5.00,50.0,2.86
786.00,57.71,-1926.45,6.07,2.500,5.00,50.0,2.82
787.00,57.98,-1923.96,6.11,2.500,5.00,50.0,2.78
788.00,58.24,-1921.48,6.16,2.500,5.00,50.0,2.75
789.00,58.51,-1918.99,6.20,2.500,0.00,50.0,2.66
790.00,58.78,-1916.51,6.24,2.500,0.00,50.0,2.57
791.00,59.05,-1914.02,6.29,2.500,0.00,50.0,2.48
792.00,59.33,-1911.54,6.33,2.500,0.00,50.0,2.40
793.00,59.60,-1909.05,6.36,2.500,0.00,50.0,2.32
794.00,59.88,-1906.57,6.40,2.500,0.00,50.0,2.24
795.00,60.16,-1904.08,6.44,2.500,0.00,50.0,2.17
796.00,60.44,-1901.60,6.47,2.500,0.00,50.0,2.10
797.00,60.72,-1899.11,6.51,2.500,0.00,50.0,2.03
798.00,61.00,-1896.63,6.54,2.500,0.00,50.0,1.96
799.00,61.29,-1894.15,6.57,2.500,0.00,50.0,1.89
800.00,61.58,-1891.66,6.60,2.500,0.00,50.0,1.83
801.00,61.86,-1889.18,6.63,2.500,0.00,50.0,1.77
802.00,62.15,-1886.70,6.66,2.500,0.00,50.0,1.71
803.00,62.44,-1884.21,6.69,2.500,0.00,50.0,1.65
804.00,62.73,-1881.73,6.71,2.500,0.00,50.0,1.60
805.00,63.02,-1879.25,6.74,2.500,0.00,50.0,1.54
806.00,63.32,-1876.76,6.76,2.500,0.00,50.0,1.49
807.00,63.61,-1874.28,6.79,2.500,0.00,50.0,1.44
808.00,63.91,-1871.80,6.81,2.500,0.00,50.0,1.40
809.00,64.20,-1869.32,6.83,2.500,0.00,50.0,1.35
810.00,64.50,-1866.84,6.86,2.500,0.00,50.0,1.30
811.00,64.80,-1864.35,6.88,2.500,0.00,50.0,1.26
812.00,65.10,-1861.87,6.90,2.500,0.00,50.0,1.22
813.00,65.40,-1859.39,6.92,2.500,0.00,50.0,1.18
814.00,65.70,-1856.91,6.94,2.500,0.00,50.0,1.14
815.00,66.00,-1854.43,6.95,2.500,0.00,50.0,1.10
816.00,66.31,-1851.94,6.97,2.500,0.00,50.0,1.06
817.00,66.61,-1849.46,6.99,2.500,0.00,50.0,1.03
818.00,66.91,-1846.98,7.01,2.500,0.00,50.0,0.99
819.00,67.22,-1844.50,7.02,2.500,0.00,50.0,0.96
820.00,67.52,-1842.02,7.04,2.500,0.00,50.0,0.93
821.00,67.83,-1839.54,7.05,2.500,0.00,50.0,0.90
822.00,68.14,-1837.06,7.07,2.500,0.00,50.0,0.87
823.00,68.44,-1834.58,7.08,2.500,0.00,50.0,0.84
824.00,68.75,-1832.10,7.09,2.500,0.00,50.0,0.81
825.00,69.06,-1829.61,7.11,2.500,0.00,50.0,0.78
826.00,69.37,-1827.13,7.12,2.500,0.00,50.0,0.76
827.00,69.68,-1824.65,7.13,2.500,0.00,50.0,0.73
828.00,69.99,-1822.17,7.14,2.500,0.00,50.0,0.71
829.00,70.30,-1819.69,7.15,2.500,0.00,50.0,0.68
830.00,70.61,-1817.21,7.17,2.500,0.00,50.0,0.66
831.00,70.92,-1814.73,7.18,2.500,0.00,50.0,0.64
832.00,71.24,-1812.25,7.19,2.500,0.00,50.0,0.62
833.00,71.55,-1809.77,7.20,2.500,0.00,50.0,0.60
834.00,71.86,-1807.29,7.21,2.500,0.00,50.0,0.58
835.00,72.18,-1804.81,7.22,2.500,0.00,50.0,0.56
836.00,72.49,-1802.33,7.22,2.500,0.00,50.0,0.54
837.00,72.80,-1799.85,7.23,2.500,0.00,50.0,0.52
838.00,73.12,-1797.37,7.24,2.500,0.00,50.0,0.50
839.00,73.43,-1794.89,7.25,2.500,0.00,50.0,0.49
840.00,73.75,-1792.41,7.26,2.500,0.00,50.0,0.47
841.00,74.07,-1789.93,7.27,2.500,0.00,50.0,0.46
842.00,74.38,-1787.45,7.27,2.500,0.00,50.0,0.44
843.00,74.70,-1784.97,7.28,2.500,0.00,50.0,0.43
844.00,75.02,-1782.49,7.29,2.500,0.00,50.0,0.41
845.00,75.33,-1780.01,7.29,2.500,0.00,50.0,0.40
846.00,75.65,-1777.53,7.30,2.500,0.00,50.0,0.38
847.00,75.97,-1775.05,7.31,2.500,0.00,50.0,0.37
848.00,76.29,-1772.57,7.31,2.500,0.00,50.0,0.36
849.00,76.60,-1770.09,7.32,2.500,0.00,50.0,0.35
850.00,76.92,-1767.61,7.32,2.500,0.00,50.0,0.34
851.00,77.24,-1765.13,7.33,2.500,0.00,50.0,0.32
852.00,77.56,-1762.65,7.33,2.500,0.00,50.0,0.31
853.00,77.88,-1760.17,7.34,2.500,0.00,50.0,0.30
854.00,78.20,-1757.69,7.34,2.500,0.00,50.0,0.29
855.00,78.52,-1755.21,7.35,2.500,0.00,50.0,0.28
856.00,78.84,-1752.73,7.35,2.500,0.00,50.0,0.27
857.00,79.16,-1750.26,7.36,2.500,0.00,50.0,0.26
858.00,79.48,-1747.78,7.36,2.500,0.00,50.0,0.26
859.00,79.80,-1745.30,7.37,2.500,0.00,50.0,0.25
860.00,80.12,-1742.82,7.37,2.500,0.00,50.0,0.24
861.00,80.44,-1740.34,7.37,2.500,0.00,50.0,0.23
862.00,80.76,-1737.86,7.38,2.500,0.00,50.0,0.22
863.00,81.08,-1735.38,7.38,2.500,0.00,50.0,0.22
864.00,81.40,-1732.90,7.38,2.500,0.00,50.0,0.21
865.00,81.72,-1730.42,7.39,2.500,0.00,50.0,0.20
866.00,82.04,-1727.94,7.39,2.500,0.00,50.0,0.20
867.00,82.37,-1725.46,7.39,2.500,0.00,50.0,0.19
868.00,82.69,-1722.98,7.40,2.500,0.00,50.0,0.18
869.00,83.01,-1720.50,7.40,2.500,0.00,50.0,0.18
870.00,83.33,-1718.02,7.40,2.500,0.00,50.0,0.17
871.00,83.65,-1715.55,7.41,2.500,0.00,50.0,0.16
872.00,83.98,-1713.07,7.41,2.500,0.00,50.0,0.16
873.00,84.30,-1710.59,7.41,2.500,0.00,50.0,0.15
874.00,84.62,-1708.11,7.41,2.500,0.00,50.0,0.15
875.00,84.94,-1705.63,7.42,2.500,0.00,50.0,0.14
876.00,85.27,-1703.15,7.42,2.500,0.00,50.0,0.14
877.00,85.59,-1700.67,7.42,2.500,0.00,50.0,0.13
878.00,85.91,-1698.19,7.42,2.500,0.00,50.0,0.13
879.00,86.24,-1695.71,7.42,2.500,0.00,50.0,0.13
880.00,86.56,-1693.23,7.43,2.500,0.00,50.0,0.12
881.00,86.88,-1690.75,7.43,2.500,0.00,50.0,0.12
882.00,87.20,-1688.28,7.43,2.500,0.00,50.0,0.11
883.00,87.53,-1685.80,7.43,2.500,0.00,50.0,0.11
884.00,87.85,-1683.32,7.43,2.500,0.00,50.0,0.11
885.00,88.17,-1680.84,7.44,2.500,0.00,50.0,0.10
886.00,88.50,-1678.36,7.44,2.500,0.00,50.0,0.10
887.00,88.82,-1675.88,7.44,2.500,0.00,50.0,0.10
888.00,89.15,-1673.40,7.44,2.500,0.00,50.0,0.09
889.00,89.47,-1670.92,7.44,2.500,0.00,50.0,0.09
890.00,89.79,-1668.44,7.44,2.500,0.00,50.0,0.09
891.00,90.12,-1665.97,7.45,2.500,0.00,50.0,0.08
892.00,90.44,-1663.49,7.45,2.500,0.00,50.0,0.08
893.00,90.77,-1661.01,7.45,2.500,0.00,50.0,0.08
894.00,91.09,-1658.53,7.45,2.500,0.00,50.0,0.08
895.00,91.41,-1656.05,7.45,2.500,0.00,50.0,0.07
896.00,91.74,-1653.57,7.45,2.500,0.00,50.0,0.07
897.00,92.06,-1651.09,7.45,2.500,0.00,50.0,0.07
898.00,92.39,-1648.61,7.45,2.500,0.00,50.0,0.07
899.00,92.71,-1646.13,7.45,2.500,0.00,50.0,0.06
900.00,93.03,-1643.66,7.46,2.500,0.00,50.0,0.06
901.00,93.36,-1641.18,7.46,2.500,0.00,50.0,0.06
902.00,93.68,-1638.70,7.46,2.500,0.00,50.0,0.06
903.00,94.01,-1636.22,7.46,2.500,0.00,50.0,0.06
904.00,94.33,-1633.74,7.46,2.500,0.00,50.0,0.05
905.00,94.66,-1631.26,7.46,2.500,0.00,50.0,0.05
906.00,94.98,-1628.78,7.46,2.500,0.00,50.0,0.05
907.00,95.31,-1626.30,7.46,2.500,0.00,50.0,0.05
908.00,95.63,-1623.82,7.46,2.500,0.00,50.0,0.05
909.00,95.96,-1621.35,7.46,2.500,0.00,50.0,0.05
910.00,96.28,-1618.87,7.46,2.500,0.00,50.0,0.04
911.00,96.61,-1616.39,7.47,2.500,0.00,50.0,0.04
912.00,96.93,-1613.91,7.47,2.500,0.00,50.0,0.04
913.00,97.26,-1611.43,7.47,2.500,0.00,50.0,0.04
914.00,97.58,-1608.95,7.47,2.500,0.00,50.0,0.04
915.00,97.90,-1606.47,7.47,2.500,0.00,50.0,0.04
916.00,98.23,-1603.99,7.47,2.500,0.00,50.0,0.04
917.00,98.55,-1601.52,7.47,2.500,0.00,50.0,0.03
918.00,98.88,-1599.04,7.47,2.500,0.00,50.0,0.03
919.00,99.20,-1596.56,7.47,2.500,0.00,50.0,0.03
920.00,99.53,-1594.08,7.47,2.500,0.00,50.0,0.03
921.00,99.85,-1591.60,7.47,2.500,0.00,50.0,0.03
922.00,100.18,-1589.12,7.47,2.500,0.00,50.0,0.03
923.00,100.50,-1586.64,7.47,2.500,0.00,50.0,0.03
924.00,100.83,-1584.16,7.47,2.500,0.00,50.0,0.03
925.00,101.16,-1581.69,7.47,2.500,0.00,50.0,0.03
926.00,101.48,-1579.21,7.47,2.500,0.00,50.0,0.03
927.00,101.81,-1576.73,7.47,2.500,0.00,50.0,0.02
928.00,102.13,-1574.25,7.47,2.500,0.00,50.0,0.02
929.00,102.46,-1571.77,7.47,2.500,0.00,50.0,0.02
930.00,102.78,-1569.29,7.47,2.500,0.00,50.0,0.02
931.00,103.11,-1566.81,7.48,2.500,0.00,50.0,0.02
932.00,103.43,-1564.33,7.48,2.500,0.00,50.0,0.02
933.00,103.76,-1561.86,7.48,2.500,0.00,50.0,0.02
934.00,104.08,-1559.38,7.48,2.500,0.00,50.0,0.02
935.00,104.41,-1556.90,7.48,2.500,0.00,50.0,0.02
936.00,104.73,-1554.42,7.48,2.500,0.00,50.0,0.02
937.00,105.06,-1551.94,7.48,2.500,0.00,50.0,0.02
938.00,105.38,-1549.46,7.48,2.500,0.00,50.0,0.02
939.00,105.71,-1546.98,7.48,2.500,0.00,50.0,0.02
940.00,106.03,-1544.50,7.48,2.500,0.00,50.0,0.02
941.00,106.36,-1542.03,7.48,2.500,0.00,50.0,0.02
942.00,106.68,-1539.55,7.48,2.500,0.00,50.0,0.01
943.00,107.01,-1537.07,7.48,2.500,0.00,50.0,0.01
944.00,107.34,-1534.59,7.48,2.500,0.00,50.0,0.01
945.00,107.66,-1532.11,7.48,2.500,5.00,50.0,0.07
946.00,107.99,-1529.63,7.48,2.500,5.00,50.0,0.13
947.00,108.31,-1527.15,7.49,2.500,5.00,50.0,0.18
948.00,108.64,-1524.67,7.49,2.500,5.00,50.0,0.23
949.00,108.96,-1522.20,7.49,2.500,5.00,50.0,0.28
950.00,109.29,-1519.72,7.50,2.500,5.00,50.0,0.33
951.00,109.62,-1517.24,7.50,2.500,0.00,50.0,0.32
952.00,109.94,-1514.76,7.51,2.500,0.00,50.0,0.31
953.00,110.27,-1512.28,7.51,2.500,0.00,50.0,0.30
954.00,110.60,-1509.80,7.52,2.500,0.00,50.0,0.29
955.00,110.92,-1507.32,7.52,2.500,0.00,50.0,0.28
956.00,111.25,-1504.85,7.53,2.500,0.00,50.0,0.27
957.00,111.58,-1502.37,7.53,2.500,0.00,50.0,0.26
958.00,111.91,-1499.89,7.54,2.500,0.00,50.0,0.25
959.00,112.23,-1497.41,7.54,2.500,0.00,50.0,0.24
960.00,112.56,-1494.93,7.54,2.500,0.00,50.0,0.23
961.00,112.89,-1492.45,7.55,2.500,0.00,50.0,0.23
962.00,113.22,-1489.98,7.55,2.500,0.00,50.0,0.22
963.00,113.55,-1487.50,7.56,2.500,0.00,50.0,0.21
964.00,113.88,-1485.02,7.56,2.500,0.00,50.0,0.20
965.00,114.20,-1482.54,7.56,2.500,0.00,50.0,0.20
966.00,114.53,-1480.06,7.57,2.500,0.00,50.0,0.19
967.00,114.86,-1477.58,7.57,2.500,0.00,50.0,0.18
968.00,115.19,-1475.11,7.57,2.500,0.00,50.0,0.18
969.00,115.52,-1472.63,7.57,2.500,0.00,50.0,0.17
970.00,115.85,-1470.15,7.58,2.500,0.00,50.0,0.17
971.00,116.18,-1467.67,7.58,2.500,0.00,50.0,0.16
972.00,116.51,-1465.19,7.58,2.500,0.00,50.0,0.16
973.00,116.84,-1462.72,7.58,2.500,0.00,50.0,0.15
974.00,117.17,-1460.24,7.59,2.500,0.00,50.0,0.14
975.00,117.50,-1457.76,7.59,2.500,0.00,50.0,0.14
976.00,117.83,-1455.28,7.59,2.500,0.00,50.0,0.14
977.00,118.16,-1452.80,7.59,2.500,0.00,50.0,0.13
978.00,118.49,-1450.32,7.60,2.500,0.00,50.0,0.13
979.00,118.82,-1447.85,7.60,2.500,0.00,50.0,0.12
980.00,119.15,-1445.37,7.60,2.500,0.00,50.0,0.12
981.00,119.48,-1442.89,7.60,2.500,0.00,50.0,0.11
982.00,119.81,-1440.41,7.60,2.500,0.00,50.0,0.11
983.00,120.14,-1437.93,7.61,2.500,0.00,50.0,0.11
984.00,120.47,-1435.46,7.61,2.500,0.00,50.0,0.10
985.00,120.81,-1432.98,7.61,2.500,0.00,50.0,0.10
986.00,121.14,-1430.50,7.61,2.500,0.00,50.0,0.10
987.00,121.47,-1428.02,7.61,2.500,0.00,50.0,0.09
988.00,121.80,-1425.54,7.61,2.500,0.00,50.0,0.09
989.00,122.13,-1423.07,7.62,2.500,0.00,50.0,0.09
990.00,122.46,-1420.59,7.62,2.500,0.00,50.0,0.08
991.00,122.79,-1418.11,7.62,2.500,0.00,50.0,0.08
992.00,123.12,-1415.63,7.62,2.500,0.00,50.0,0.08
993.00,123.46,-1413.15,7.62,2.500,0.00,50.0,0.08
994.00,123.79,-1410.68,7.62,2.500,0.00,50.0,0.07
995.00,124.12,-1408.20,7.62,2.500,0.00,50.0,0.07
996.00,124.45,-1405.72,7.62,2.500,0.00,50.0,0.07
997.00,124.78,-1403.24,7.63,2.500,0.00,50.0,0.07
998.00,125.11,-1400.77,7.63,2.500,0.00,50.0,0.06
999.00,125.45,-1398.29,7.63,2.500,0.00,50.0,0.06
1000.00,125.78,-1395.81,7.63,2.500,0.00,50.0,0.06
1001.00,126.11,-1393.33,7.63,2.500,0.00,50.0,0.06
1002.00,126.44,-1390.85,7.63,2.500,0.00,50.0,0.06
1003.00,126.77,-1388.38,7.63,2.500,0.00,50.0,0.05
1004.00,127.11,-1385.90,7.63,2.500,0.00,50.0,0.05
1005.00,127.44,-1383.42,7.63,2.500,0.00,50.0,0.05
1006.00,127.77,-1380.94,7.63,2.500,0.00,50.0,0.05
1007.00,128.10,-1378.46,7.63,2.500,0.00,50.0,0.05
1008.00,128.43,-1375.99,7.64,2.500,0.00,50.0,0.05
1009.00,128.77,-1373.51,7.64,2.500,0.00,50.0,0.04
1010.00,129.10,-1371.03,7.64,2.500,0.00,50.0,0.04
1011.00,129.43,-1368.55,7.64,2.500,0.00,50.0,0.04
1012.00,129.76,-1366.08,7.64,2.500,0.00,50.0,0.04
1013.00,130.09,-1363.60,7.64,2.500,0.00,50.0,0.04
1014.00,130.43,-1361.12,7.64,2.500,0.00,50.0,0.04
1015.00,130.76,-1358.64,7.64,2.500,0.00,50.0,0.04
1016.00,131.09,-1356.16,7.64,2.500,0.00,50.0,0.03
1017.00,131.42,-1353.69,7.64,2.500,0.00,50.0,0.03
1018.00,131.76,-1351.21,7.64,2.500,0.00,50.0,0.03
1019.00,132.09,-1348.73,7.64,2.500,0.00,50.0,0.03
1020.00,132.42,-1346.25,7.64,2.500,0.00,50.0,0.03
1021.00,132.75,-1343.78,7.64,2.500,0.00,50.0,0.03
1022.00,133.09,-1341.30,7.64,2.500,0.00,50.0,0.03
1023.00,133.42,-1338.82,7.64,2.500,0.00,50.0,0.03
1024.00,133.75,-1336.34,7.64,2.500,0.00,50.0,0.03
1025.00,134.08,-1333.86,7.64,2.500,0.00,50.0,0.03
1026.00,134.42,-1331.39,7.65,2.500,0.00,50.0,0.02
1027.00,134.75,-1328.91,7.65,2.500,0.00,50.0,0.02
1028.00,135.08,-1326.43,7.65,2.500,0.00,50.0,0.02
1029.00,135.41,-1323.95,7.65,2.500,0.00,50.0,0.02
1030.00,135.75,-1321.48,7.65,2.500,0.00,50.0,0.02
1031.00,136.08,-1319.00,7.65,2.500,0.00,50.0,0.02
1032.00,136.41,-1316.52,7.65,2.500,0.00,50.0,0.02
1033.00,136.75,-1314.04,7.65,2.500,0.00,50.0,0.02
1034.00,137.08,-1311.56,7.65,2.500,0.00,50.0,0.02
1035.00,137.41,-1309.09,7.65,2.500,0.00,50.0,0.02
1036.00,137.74,-1306.61,7.65,2.500,0.00,50.0,0.02
1037.00,138.08,-1304.13,7.65,2.500,0.00,50.0,0.02
1038.00,138.41,-1301.65,7.65,2.500,0.00,50.0,0.02
1039.00,138.74,-1299.18,7.65,2.500,0.00,50.0,0.02
1040.00,139.07,-1296.70,7.65,2.500,0.00,50.0,0.02
1041.00,139.41,-1294.22,7.65,2.500,0.00,50.0,0.01
1042.00,139.74,-1291.74,7.65,2.500,0.00,50.0,0.01
1043.00,140.07,-1289.26,7.65,2.500,0.00,50.0,0.01
1044.00,140.41,-1286.79,7.65,2.500,0.00,50.0,0.01
1045.00,140.74,-1284.31,7.65,2.500,0.00,50.0,0.01
1046.00,141.07,-1281.83,7.65,2.500,0.00,50.0,0.01
1047.00,141.40,-1279.35,7.65,2.500,0.00,50.0,0.01
1048.00,141.74,-1276.88,7.65,2.500,0.00,50.0,0.01
1049.00,142.07,-1274.40,7.65,2.500,0.00,50.0,0.01
1050.00,142.40,-1271.92,7.65,2.500,0.00,50.0,0.01
1051.00,142.74,-1269.44,7.65,2.500,0.00,50.0,0.01
1052.00,143.07,-1266.96,7.65,2.500,0.00,50.0,0.01
1053.00,143.40,-1264.49,7.65,2.500,0.00,50.0,0.01
1054.00,143.73,-1262.01,7.65,2.500,0.00,50.0,0.01
1055.00,144.07,-1259.53,7.65,2.500,0.00,50.0,0.01
1056.00,144.40,-1257.05,7.65,2.500,0.00,50.0,0.01
1057.00,144.73,-1254.58,7.65,2.500,0.00,50.0,0.01
1058.00,145.07,-1252.10,7.65,2.500,0.00,50.0,0.01
1059.00,145.40,-1249.62,7.65,2.500,0.00,50.0,0.01
1060.00,145.73,-1247.14,7.65,2.500,0.00,50.0,0.01
1061.00,146.06,-1244.66,7.65,2.500,0.00,50.0,0.01
1062.00,146.40,-1242.19,7.65,2.500,0.00,50.0,0.01
1063.00,146.73,-1239.71,7.65,2.500,0.00,50.0,0.01
1064.00,147.06,-1237.23,7.65,2.500,0.00,50.0,0.01
1065.00,147.40,-1234.75,7.65,2.500,0.00,50.0,0.01
1066.00,147.73,-1232.28,7.65,2.500,0.00,50.0,0.01
1067.00,148.06,-1229.80,7.65,2.500,0.00,50.0,0.01
1068.00,148.40,-1227.32,7.65,2.500,0.00,50.0,0.01
1069.00,148.73,-1224.84,7.65,2.500,0.00,50.0,0.01
1070.00,149.06,-1222.37,7.65,2.500,0.00,50.0,0.01
1071.00,149.39,-1219.89,7.65,2.500,0.00,50.0,0.01
1072.00,149.73,-1217.41,7.65,2.500,0.00,50.0,0.01
1073.00,150.06,-1214.93,7.65,2.500,0.00,50.0,0.01
1074.00,150.39,-1212.45,7.65,2.500,0.00,50.0,0.00
1075.00,150.73,-1209.98,7.65,2.500,0.00,50.0,0.00
1076.00,151.06,-1207.50,7.65,2.500,0.00,50.0,0.00
1077.00,151.39,-1205.02,7.66,2.500,0.00,50.0,0.00
1078.00,151.73,-1202.54,7.66,2.500,0.00,50.0,0.00
1079.00,152.06,-1200.07,7.66,2.500,0.00,50.0,0.00
1080.00,152.39,-1197.59,7.66,2.500,0.00,50.0,0.00
1081.00,152.72,-1195.11,7.66,2.500,0.00,50.0,0.00
1082.00,153.06,-1192.63,7.66,2.500,0.00,50.0,0.00
1083.00,153.39,-1190.16,7.66,2.500,0.00,50.0,0.00
1084.00,153.72,-1187.68,7.66,2.500,0.00,50.0,0.00
1085.00,154.06,-1185.20,7.66,2.500,0.00,50.0,0.00
1086.00,154.39,-1182.72,7.66,2.500,0.00,50.0,0.00
1087.00,154.72,-1180.24,7.66,2.500,0.00,50.0,0.00
1088.00,155.06,-1177.77,7.66,2.500,0.00,50.0,0.00
1089.00,155.39,-1175.29,7.66,2.500,0.00,50.0,0.00
1090.00,155.72,-1172.81,7.66,2.500,0.00,50.0,0.00
1091.00,156.05,-1170.33,7.66,2.500,0.00,50.0,0.00
1092.00,156.39,-1167.86,7.66,2.500,0.00,50.0,0.00
1093.00,156.72,-1165.38,7.66,2.500,0.00,50.0,0.00
1094.00,157.05,-1162.90,7.66,2.500,0.00,50.0,0.00
1095.00,157.39,-1160.42,7.66,2.500,0.00,50.0,0.00
1096.00,157.72,-1157.94,7.66,2.500,0.00,50.0,0.00
1097.00,158.05,-1155.47,7.66,2.500,0.00,50.0,0.00
1098.00,158.39,-1152.99,7.66,2.500,0.00,50.0,0.00
1099.00,158.72,-1150.51,7.66,2.500,0.00,50.0,0.00
1100.00,159.05,-1148.03,7.66,2.500,0.00,50.0,0.00
1101.00,159.39,-1145.56,7.66,2.500,0.00,50.0,0.00
1102.00,159.72,-1143.08,7.66,2.500,0.00,50.0,0.00
1103.00,160.05,-1140.60,7.66,2.500,0.00,50.0,0.00
1104.00,160.38,-1138.12,7.66,2.500,0.00,50.0,0.00
1105.00,160.72,-1135.65,7.66,2.500,0.00,50.0,0.00
1106.00,161.05,-1133.17,7.66,2.500,0.00,50.0,0.00
1107.00,161.38,-1130.69,7.66,2.500,0.00,50.0,0.00
1108.00,161.72,-1128.21,7.66,2.500,0.00,50.0,0.00
1109.00,162.05,-1125.73,7.66,2.500,0.00,50.0,0.00
1110.00,162.38,-1123.26,7.66,2.500,0.00,50.0,0.00
1111.00,162.72,-1120.78,7.66,2.500,0.00,50.0,0.00
1112.00,163.05,-1118.30,7.66,2.500,0.00,50.0,0.00
1113.00,163.38,-1115.82,7.66,2.500,0.00,50.0,0.00
1114.00,163.72,-1113.35,7.66,2.500,0.00,50.0,0.00
1115.00,164.05,-1110.87,7.66,2.500,0.00,50.0,0.00
1116.00,164.38,-1108.39,7.66,2.500,0.00,50.0,0.00
1117.00,164.71,-1105.91,7.66,2.500,0.00,50.0,0.00
1118.00,165.05,-1103.44,7.66,2.500,0.00,50.0,0.00
1119.00,165.38,-1100.96,7.66,2.500,0.00,50.0,0.00
1120.00,165.71,-1098.48,7.66,2.500,0.00,50.0,0.00
1121.00,166.05,-1096.00,7.66,2.500,0.00,50.0,0.00
1122.00,166.38,-1093.52,7.66,2.500,0.00,50.0,0.00
1123.00,166.71,-1091.05,7.66,2.500,0.00,50.0,0.00
1124.00,167.05,-1088.57,7.66,2.500,0.00,50.0,0.00
1125.00,167.38,-1086.09,7.66,2.500,0.00,50.0,0.00
1126.00,167.71,-1083.61,7.66,2.500,0.00,50.0,0.00
1127.00,168.05,-1081.14,7.66,2.500,0.00,50.0,0.00
1128.00,168.38,-1078.66,7.66,2.500,0.00,50.0,0.00
1129.00,168.71,-1076.18,7.66,2.500,0.00,50.0,0.00
1130.00,169.05,-1073.70,7.66,2.500,0.00,50.0,0.00
1131.00,169.38,-1071.22,7.66,2.500,5.00,50.0,0.06
1132.00,169.71,-1068.75,7.66,2.500,5.00,50.0,0.11
1133.00,170.04,-1066.27,7.66,2.500,5.00,50.0,0.17
1134.00,170.38,-1063.79,7.67,2.500,5.00,50.0,0.22
1135.00,170.71,-1061.31,7.67,2.500,5.00,50.0,0.27
1136.00,171.05,-1058.84,7.68,2.500,5.00,50.0,0.32
1137.00,171.38,-1056.36,7.68,2.500,0.00,50.0,0.31
1138.00,171.71,-1053.88,7.69,2.500,0.00,50.0,0.30
1139.00,172.05,-1051.40,7.69,2.500,0.00,50.0,0.29
1140.00,172.38,-1048.93,7.70,2.500,0.00,50.0,0.28
1141.00,172.72,-1046.45,7.70,2.500,0.00,50.0,0.27
1142.00,173.05,-1043.97,7.70,2.500,0.00,50.0,0.26
1143.00,173.39,-1041.49,7.71,2.500,0.00,50.0,0.25
1144.00,173.72,-1039.02,7.71,2.500,0.00,50.0,0.24
1145.00,174.06,-1036.54,7.72,2.500,0.00,50.0,0.23
1146.00,174.39,-1034.06,7.72,2.500,0.00,50.0,0.23
1147.00,174.73,-1031.58,7.72,2.500,0.00,50.0,0.22
1148.00,175.07,-1029.11,7.73,2.500,5.00,50.0,0.27
1149.00,175.40,-1026.63,7.73,2.500,5.00,50.0,0.32
1150.00,175.74,-1024.15,7.74,2.500,5.00,50.0,0.36
1151.00,176.07,-1021.68,7.75,2.500,5.00,50.0,0.41
1152.00,176.41,-1019.20,7.75,2.500,5.00,50.0,0.45
1153.00,176.75,-1016.72,7.76,2.500,5.00,50.0,0.49
1154.00,177.09,-1014.24,7.77,2.500,0.00,50.0,0.48
1155.00,177.42,-1011.77,7.78,2.500,0.00,50.0,0.46
1156.00,177.76,-1009.29,7.78,2.500,0.00,50.0,0.45
1157.00,178.10,-1006.81,7.79,2.500,0.00,50.0,0.43
1158.00,178.44,-1004.34,7.80,2.500,0.00,50.0,0.42
1159.00,178.78,-1001.86,7.81,2.500,0.00,50.0,0.40
1160.00,179.12,-999.38,7.81,2.500,0.00,50.0,0.39
1161.00,179.46,-996.91,7.82,2.500,0.00,50.0,0.38
1162.00,179.80,-994.43,7.82,2.500,0.00,50.0,0.36
1163.00,180.14,-991.95,7.83,2.500,0.00,50.0,0.35
1164.00,180.48,-989.48,7.84,2.500,0.00,50.0,0.34
1165.00,180.82,-987.00,7.84,2.500,0.00,50.0,0.33
1166.00,181.16,-984.52,7.85,2.500,0.00,50.0,0.32
1167.00,181.50,-982.05,7.85,2.500,0.00,50.0,0.31
1168.00,181.84,-979.57,7.86,2.500,5.00,50.0,0.35
1169.00,182.19,-977.09,7.86,2.500,5.00,50.0,0.40
1170.00,182.53,-974.62,7.87,2.500,5.00,50.0,0.44
1171.00,182.87,-972.14,7.88,2.500,5.00,50.0,0.49
1172.00,183.21,-969.66,7.89,2.500,5.00,50.0,0.53
1173.00,183.56,-967.19,7.90,2.500,5.00,50.0,0.57
1174.00,183.90,-964.71,7.91,2.500,5.00,50.0,0.60
1175.00,184.24,-962.23,7.92,2.500,5.00,50.0,0.64
1176.00,184.59,-959.76,7.93,2.500,0.00,50.0,0.62
1177.00,184.93,-957.28,7.94,2.500,0.00,50.0,0.60
1178.00,185.28,-954.81,7.95,2.500,0.00,50.0,0.58
1179.00,185.62,-952.33,7.96,2.500,0.00,50.0,0.56
1180.00,185.97,-949.85,7.97,2.500,0.00,50.0,0.54
1181.00,186.32,-947.38,7.98,2.500,0.00,50.0,0.52
1182.00,186.66,-944.90,7.98,2.500,0.00,50.0,0.51
1183.00,187.01,-942.43,7.99,2.500,0.00,50.0,0.49
1184.00,187.36,-939.95,8.00,2.500,0.00,50.0,0.47
1185.00,187.71,-937.47,8.01,2.500,0.00,50.0,0.46
1186.00,188.05,-935.00,8.02,2.500,0.00,50.0,0.44
1187.00,188.40,-932.52,8.02,2.500,0.00,50.0,0.43
1188.00,188.75,-930.05,8.03,2.500,0.00,50.0,0.41
1189.00,189.10,-927.57,8.04,2.500,0.00,50.0,0.40
1190.00,189.45,-925.10,8.04,2.500,0.00,50.0,0.39
1191.00,189.80,-922.62,8.05,2.500,0.00,50.0,0.37
1192.00,190.15,-920.15,8.05,2.500,0.00,50.0,0.36
1193.00,190.50,-917.67,8.06,2.500,0.00,50.0,0.35
1194.00,190.85,-915.20,8.07,2.500,0.00,50.0,0.34
1195.00,191.20,-912.72,8.07,2.500,0.00,50.0,0.33
1196.00,191.55,-910.25,8.08,2.500,0.00,50.0,0.31
1197.00,191.90,-907.77,8.08,2.500,0.00,50.0,0.30
1198.00,192.26,-905.29,8.09,2.500,0.00,50.0,0.29
1199.00,192.61,-902.82,8.09,2.500,0.00,50.0,0.28
1200.00,192.96,-900.34,8.10,2.500,5.00,50.0,0.33
1201.00,193.31,-897.87,8.10,2.500,5.00,50.0,0.38
1202.00,193.66,-895.39,8.11,2.500,5.00,50.0,0.42
1203.00,194.02,-892.92,8.12,2.500,5.00,50.0,0.47
1204.00,194.37,-890.44,8.13,2.500,5.00,50.0,0.51
1205.00,194.72,-887.97,8.13,2.500,0.00,50.0,0.49
1206.00,195.08,-885.49,8.14,2.500,0.00,50.0,0.47
1207.00,195.43,-883.02,8.15,2.500,0.00,50.0,0.46
1208.00,195.79,-880.55,8.16,2.500,0.00,50.0,0.44
1209.00,196.14,-878.07,8.16,2.500,0.00,50.0,0.43
1210.00,196.50,-875.60,8.17,2.500,0.00,50.0,0.41
1211.00,196.85,-873.12,8.18,2.500,0.00,50.0,0.40
1212.00,197.21,-870.65,8.18,2.500,0.00,50.0,0.39
1213.00,197.56,-868.17,8.19,2.500,0.00,50.0,0.37
1214.00,197.92,-865.70,8.20,2.500,0.00,50.0,0.36
1215.00,198.27,-863.22,8.20,2.500,0.00,50.0,0.35
1216.00,198.63,-860.75,8.21,2.500,0.00,50.0,0.34
1217.00,198.99,-858.27,8.21,2.500,0.00,50.0,0.33
1218.00,199.35,-855.80,8.22,2.500,0.00,50.0,0.32
1219.00,199.70,-853.33,8.22,2.500,0.00,50.0,0.31
1220.00,200.06,-850.85,8.23,2.500,0.00,50.0,0.29
1221.00,200.42,-848.38,8.23,2.500,0.00,50.0,0.29
1222.00,200.78,-845.90,8.24,2.500,0.00,50.0,0.28
1223.00,201.13,-843.43,8.24,2.500,0.00,50.0,0.27
1224.00,201.49,-840.95,8.25,2.500,0.00,50.0,0.26
1225.00,201.85,-838.48,8.25,2.500,0.00,50.0,0.25
1226.00,202.21,-836.01,8.26,2.500,0.00,50.0,0.24
1227.00,202.57,-833.53,8.26,2.500,0.00,50.0,0.23
1228.00,202.93,-831.06,8.26,2.500,0.00,50.0,0.22
1229.00,203.29,-828.58,8.27,2.500,0.00,50.0,0.22
1230.00,203.65,-826.11,8.27,2.500,0.00,50.0,0.21
1231.00,204.01,-823.64,8.27,2.500,0.00,50.0,0.20
1232.00,204.37,-821.16,8.28,2.500,0.00,50.0,0.20
1233.00,204.73,-818.69,8.28,2.500,0.00,50.0,0.19
1234.00,205.09,-816.21,8.28,2.500,0.00,50.0,0.18
1235.00,205.45,-813.74,8.29,2.500,0.00,50.0,0.18
1236.00,205.81,-811.27,8.29,2.500,0.00,50.0,0.17
1237.00,206.17,-808.79,8.29,2.500,5.00,50.0,0.22
1238.00,206.53,-806.32,8.30,2.500,5.00,50.0,0.27
1239.00,206.89,-803.84,8.30,2.500,5.00,50.0,0.32
1240.00,207.25,-801.37,8.31,2.500,5.00,50.0,0.37
1241.00,207.61,-798.90,8.32,2.500,5.00,50.0,0.41
1242.00,207.97,-796.42,8.32,2.500,5.00,50.0,0.46
1243.00,208.33,-793.95,8.33,2.500,5.00,50.0,0.50
1244.00,208.70,-791.48,8.34,2.500,0.00,50.0,0.48
1245.00,209.06,-789.00,8.35,2.500,0.00,50.0,0.46
1246.00,209.42,-786.53,8.35,2.500,0.00,50.0,0.45
1247.00,209.79,-784.06,8.36,2.500,0.00,50.0,0.43
1248.00,210.15,-781.58,8.37,2.500,0.00,50.0,0.42
1249.00,210.51,-779.11,8.38,2.500,0.00,50.0,0.41
1250.00,210.88,-776.64,8.38,2.500,0.00,50.0,0.39
1251.00,211.24,-774.16,8.39,2.500,0.00,50.0,0.38
1252.00,211.61,-771.69,8.39,2.500,0.00,50.0,0.37
1253.00,211.97,-769.22,8.40,2.500,0.00,50.0,0.35
1254.00,212.34,-766.74,8.41,2.500,0.00,50.0,0.34
1255.00,212.70,-764.27,8.41,2.500,0.00,50.0,0.33
1256.00,213.07,-761.80,8.42,2.500,0.00,50.0,0.32
1257.00,213.43,-759.32,8.42,2.500,0.00,50.0,0.31
1258.00,213.80,-756.85,8.43,2.500,0.00,50.0,0.30
1259.00,214.17,-754.38,8.43,2.500,0.00,50.0,0.29
1260.00,214.53,-751.90,8.44,2.500,0.00,50.0,0.28
1261.00,214.90,-749.43,8.44,2.500,0.00,50.0,0.27
1262.00,215.27,-746.96,8.45,2.500,0.00,50.0,0.26
1263.00,215.63,-744.49,8.45,2.500,0.00,50.0,0.25
1264.00,216.00,-742.01,8.45,2.500,0.00,50.0,0.24
1265.00,216.37,-739.54,8.46,2.500,0.00,50.0,0.24
1266.00,216.74,-737.07,8.46,2.500,0.00,50.0,0.23
1267.00,217.10,-734.59,8.46,2.500,0.00,50.0,0.22
1268.00,217.47,-732.12,8.47,2.500,0.00,50.0,0.21
1269.00,217.84,-729.65,8.47,2.500,0.00,50.0,0.21
1270.00,218.21,-727.18,8.48,2.500,0.00,50.0,0.20
1271.00,218.58,-724.70,8.48,2.500,0.00,50.0,0.19
1272.00,218.94,-722.23,8.48,2.500,0.00,50.0,0.19
1273.00,219.31,-719.76,8.48,2.500,0.00,50.0,0.18
1274.00,219.68,-717.29,8.49,2.500,0.00,50.0,0.17
1275.00,220.05,-714.81,8.49,2.500,0.00,50.0,0.17
1276.00,220.42,-712.34,8.49,2.500,0.00,50.0,0.16
1277.00,220.79,-709.87,8.50,2.500,0.00,50.0,0.16
1278.00,221.16,-707.39,8.50,2.500,0.00,50.0,0.15
1279.00,221.53,-704.92,8.50,2.500,0.00,50.0,0.15
1280.00,221.90,-702.45,8.50,2.500,0.00,50.0,0.14
1281.00,222.27,-699.98,8.51,2.500,0.00,50.0,0.14
1282.00,222.64,-697.50,8.51,2.500,0.00,50.0,0.13
1283.00,223.01,-695.03,8.51,2.500,0.00,50.0,0.13
1284.00,223.38,-692.56,8.51,2.500,0.00,50.0,0.12
1285.00,223.75,-690.09,8.51,2.500,0.00,50.0,0.12
1286.00,224.12,-687.61,8.52,2.500,0.00,50.0,0.12
1287.00,224.49,-685.14,8.52,2.500,0.00,50.0,0.11
1288.00,224.86,-682.67,8.52,2.500,0.00,50.0,0.11
1289.00,225.23,-680.20,8.52,2.500,0.00,50.0,0.10
1290.00,225.60,-677.73,8.52,2.500,0.00,50.0,0.10
1291.00,225.97,-675.25,8.52,2.500,0.00,50.0,0.10
1292.00,226.34,-672.78,8.53,2.500,5.00,50.0,0.15
1293.00,226.71,-670.31,8.53,2.500,5.00,50.0,0.20
1294.00,227.08,-667.84,8.53,2.500,5.00,50.0,0.25
1295.00,227.45,-665.36,8.54,2.500,5.00,50.0,0.30
1296.00,227.82,-662.89,8.55,2.500,5.00,50.0,0.35
1297.00,228.19,-660.42,8.55,2.500,5.00,50.0,0.40
1298.00,228.57,-657.95,8.56,2.500,0.00,50.0,0.38
1299.00,228.94,-655.47,8.56,2.500,0.00,50.0,0.37
1300.00,229.31,-653.00,8.57,2.500,0.00,50.0,0.36
1301.00,229.68,-650.53,8.58,2.500,0.00,50.0,0.35
1302.00,230.06,-648.06,8.58,2.500,0.00,50.0,0.33
1303.00,230.43,-645.59,8.59,2.500,0.00,50.0,0.32
1304.00,230.80,-643.11,8.59,2.500,0.00,50.0,0.31
1305.00,231.18,-640.64,8.60,2.500,0.00,50.0,0.30
1306.00,231.55,-638.17,8.60,2.500,0.00,50.0,0.29
1307.00,231.92,-635.70,8.61,2.500,0.00,50.0,0.28
1308.00,232.30,-633.23,8.61,2.500,0.00,50.0,0.27
1309.00,232.67,-630.75,8.62,2.500,0.00,50.0,0.26
1310.00,233.05,-628.28,8.62,2.500,0.00,50.0,0.25
1311.00,233.42,-625.81,8.62,2.500,0.00,50.0,0.25
1312.00,233.80,-623.34,8.63,2.500,0.00,50.0,0.24
1313.00,234.17,-620.87,8.63,2.500,0.00,50.0,0.23
1314.00,234.55,-618.40,8.64,2.500,0.00,50.0,0.22
1315.00,234.92,-615.92,8.64,2.500,0.00,50.0,0.21
1316.00,235.30,-613.45,8.64,2.500,0.00,50.0,0.21
1317.00,235.67,-610.98,8.65,2.500,0.00,50.0,0.20
1318.00,236.05,-608.51,8.65,2.500,0.00,50.0,0.19
1319.00,236.42,-606.04,8.65,2.500,0.00,50.0,0.19
1320.00,236.80,-603.57,8.66,2.500,0.00,50.0,0.18
1321.00,237.18,-601.10,8.66,2.500,0.00,50.0,0.18
1322.00,237.55,-598.62,8.66,2.500,0.00,50.0,0.17
1323.00,237.93,-596.15,8.66,2.500,0.00,50.0,0.16
1324.00,238.31,-593.68,8.67,2.500,0.00,50.0,0.16
1325.00,238.68,-591.21,8.67,2.500,0.00,50.0,0.15
1326.00,239.06,-588.74,8.67,2.500,0.00,50.0,0.15
1327.00,239.44,-586.27,8.67,2.500,0.00,50.0,0.14
1328.00,239.81,-583.79,8.68,2.500,0.00,50.0,0.14
1329.00,240.19,-581.32,8.68,2.500,0.00,50.0,0.13
1330.00,240.57,-578.85,8.68,2.500,0.00,50.0,0.13
1331.00,240.95,-576.38,8.68,2.500,0.00,50.0,0.12
1332.00,241.32,-573.91,8.68,2.500,0.00,50.0,0.12
1333.00,241.70,-571.44,8.69,2.500,0.00,50.0,0.12
1334.00,242.08,-568.97,8.69,2.500,0.00,50.0,0.11
1335.00,242.46,-566.50,8.69,2.500,0.00,50.0,0.11
1336.00,242.83,-564.02,8.69,2.500,0.00,50.0,0.11
1337.00,243.21,-561.55,8.69,2.500,0.00,50.0,0.10
1338.00,243.59,-559.08,8.70,2.500,0.00,50.0,0.10
1339.00,243.97,-556.61,8.70,2.500,0.00,50.0,0.10
1340.00,244.35,-554.14,8.70,2.500,0.00,50.0,0.09
1341.00,244.72,-551.67,8.70,2.500,0.00,50.0,0.09
1342.00,245.10,-549.20,8.70,2.500,0.00,50.0,0.09
1343.00,245.48,-546.73,8.70,2.500,0.00,50.0,0.08
1344.00,245.86,-544.25,8.70,2.500,0.00,50.0,0.08
1345.00,246.24,-541.78,8.71,2.500,0.00,50.0,0.08
1346.00,246.61,-539.31,8.71,2.500,0.00,50.0,0.08
1347.00,246.99,-536.84,8.71,2.500,0.00,50.0,0.07
1348.00,247.37,-534.37,8.71,2.500,0.00,50.0,0.07
1349.00,247.75,-531.90,8.71,2.500,0.00,50.0,0.07
1350.00,248.13,-529.43,8.71,2.500,0.00,50.0,0.07
1351.00,248.51,-526.96,8.71,2.500,0.00,50.0,0.06
1352.00,248.89,-524.48,8.71,2.500,0.00,50.0,0.06
1353.00,249.26,-522.01,8.71,2.500,0.00,50.0,0.06
1354.00,249.64,-519.54,8.72,2.500,0.00,50.0,0.06
1355.00,250.02,-517.07,8.72,2.500,0.00,50.0,0.06
1356.00,250.40,-514.60,8.72,2.500,0.00,50.0,0.05
1357.00,250.78,-512.13,8.72,2.500,0.00,50.0,0.05
1358.00,251.16,-509.66,8.72,2.500,0.00,50.0,0.05
1359.00,251.54,-507.19,8.72,2.500,0.00,50.0,0.05
1360.00,251.92,-504.72,8.72,2.500,0.00,50.0,0.05
1361.00,252.30,-502.24,8.72,2.500,0.00,50.0,0.05
1362.00,252.67,-499.77,8.72,2.500,0.00,50.0,0.04
1363.00,253.05,-497.30,8.72,2.500,0.00,50.0,0.04
1364.00,253.43,-494.83,8.72,2.500,0.00,50.0,0.04
1365.00,253.81,-492.36,8.72,2.500,0.00,50.0,0.04
1366.00,254.19,-489.89,8.72,2.500,0.00,50.0,0.04
1367.00,254.57,-487.42,8.73,2.500,0.00,50.0,0.04
1368.00,254.95,-484.95,8.73,2.500,0.00,50.0,0.04
1369.00,255.33,-482.48,8.73,2.500,0.00,50.0,0.03
1370.00,255.71,-480.00,8.73,2.500,0.00,50.0,0.03
1371.00,256.09,-477.53,8.73,2.500,0.00,50.0,0.03
1372.00,256.47,-475.06,8.73,2.500,0.00,50.0,0.03
1373.00,256.85,-472.59,8.73,2.500,0.00,50.0,0.03
1374.00,257.23,-470.12,8.73,2.500,0.00,50.0,0.03
1375.00,257.61,-467.65,8.73,2.500,0.00,50.0,0.03
1376.00,257.98,-465.18,8.73,2.500,0.00,50.0,0.03
1377.00,258.36,-462.71,8.73,2.500,0.00,50.0,0.03
1378.00,258.74,-460.24,8.73,2.500,0.00,50.0,0.03
1379.00,259.12,-457.77,8.73,2.500,0.00,50.0,0.02
1380.00,259.50,-455.29,8.73,2.500,5.00,50.0,0.08
1381.00,259.88,-452.82,8.73,2.500,5.00,50.0,0.14
1382.00,260.26,-450.35,8.74,2.500,5.00,50.0,0.19
1383.00,260.64,-447.88,8.74,2.500,5.00,50.0,0.24
1384.00,261.02,-445.41,8.75,2.500,5.00,50.0,0.29
1385.00,261.40,-442.94,8.75,2.500,0.00,50.0,0.28
1386.00,261.78,-440.47,8.76,2.500,0.00,50.0,0.27
1387.00,262.16,-438.00,8.76,2.500,0.00,50.0,0.26
1388.00,262.54,-435.53,8.76,2.500,0.00,50.0,0.25
1389.00,262.92,-433.06,8.77,2.500,0.00,50.0,0.24
1390.00,263.31,-430.59,8.77,2.500,0.00,50.0,0.23
1391.00,263.69,-428.11,8.78,2.500,0.00,50.0,0.23
1392.00,264.07,-425.64,8.78,2.500,0.00,50.0,0.22
1393.00,264.45,-423.17,8.78,2.500,0.00,50.0,0.21
1394.00,264.83,-420.70,8.79,2.500,0.00,50.0,0.21
1395.00,265.21,-418.23,8.79,2.500,0.00,50.0,0.20
1396.00,265.60,-415.76,8.79,2.500,0.00,50.0,0.19
1397.00,265.98,-413.29,8.80,2.500,0.00,50.0,0.19
1398.00,266.36,-410.82,8.80,2.500,0.00,50.0,0.18
1399.00,266.74,-408.35,8.80,2.500,0.00,50.0,0.17
1400.00,267.12,-405.88,8.80,2.500,0.00,50.0,0.17
1401.00,267.51,-403.41,8.81,2.500,0.00,50.0,0.16
1402.00,267.89,-400.94,8.81,2.500,0.00,50.0,0.16
1403.00,268.27,-398.47,8.81,2.500,0.00,50.0,0.15
1404.00,268.66,-396.00,8.82,2.500,0.00,50.0,0.15
1405.00,269.04,-393.53,8.82,2.500,0.00,50.0,0.14
1406.00,269.42,-391.06,8.82,2.500,0.00,50.0,0.14
1407.00,269.81,-388.59,8.82,2.500,0.00,50.0,0.13
1408.00,270.19,-386.11,8.82,2.500,0.00,50.0,0.13
1409.00,270.57,-383.64,8.83,2.500,0.00,50.0,0.12
1410.00,270.96,-381.17,8.83,2.500,0.00,50.0,0.12
1411.00,271.34,-378.70,8.83,2.500,0.00,50.0,0.12
1412.00,271.72,-376.23,8.83,2.500,0.00,50.0,0.11
1413.00,272.11,-373.76,8.83,2.500,0.00,50.0,0.11
1414.00,272.49,-371.29,8.84,2.500,0.00,50.0,0.10
1415.00,272.88,-368.82,8.84,2.500,0.00,50.0,0.10
1416.00,273.26,-366.35,8.84,2.500,0.00,50.0,0.10
1417.00,273.64,-363.88,8.84,2.500,0.00,50.0,0.09
1418.00,274.03,-361.41,8.84,2.500,0.00,50.0,0.09
1419.00,274.41,-358.94,8.84,2.500,0.00,50.0,0.09
1420.00,274.80,-356.47,8.84,2.500,0.00,50.0,0.08
1421.00,275.18,-354.00,8.85,2.500,0.00,50.0,0.08
1422.00,275.57,-351.53,8.85,2.500,0.00,50.0,0.08
1423.00,275.95,-349.06,8.85,2.500,0.00,50.0,0.08
1424.00,276.33,-346.59,8.85,2.500,0.00,50.0,0.07
1425.00,276.72,-344.12,8.85,2.500,0.00,50.0,0.07
1426.00,277.10,-341.65,8.85,2.500,0.00,50.0,0.07
1427.00,277.49,-339.18,8.85,2.500,0.00,50.0,0.07
1428.00,277.87,-336.71,8.85,2.500,0.00,50.0,0.06
1429.00,278.26,-334.24,8.86,2.500,0.00,50.0,0.06
1430.00,278.64,-331.77,8.86,2.500,0.00,50.0,0.06
1431.00,279.03,-329.30,8.86,2.500,0.00,50.0,0.06
1432.00,279.41,-326.83,8.86,2.500,0.00,50.0,0.06
1433.00,279.80,-324.36,8.86,2.500,0.00,50.0,0.05
1434.00,280.18,-321.89,8.86,2.500,0.00,50.0,0.05
1435.00,280.57,-319.42,8.86,2.500,0.00,50.0,0.05
1436.00,280.95,-316.95,8.86,2.500,0.00,50.0,0.05
1437.00,281.34,-314.48,8.86,2.500,0.00,50.0,0.05
1438.00,281.72,-312.01,8.86,2.500,0.00,50.0,0.05
1439.00,282.11,-309.54,8.86,2.500,0.00,50.0,0.04
1440.00,282.49,-307.07,8.86,2.500,0.00,50.0,0.04
1441.00,282.88,-304.60,8.87,2.500,0.00,50.0,0.04
1442.00,283.26,-302.13,8.87,2.500,0.00,50.0,0.04
1443.00,283.65,-299.66,8.87,2.500,0.00,50.0,0.04
1444.00,284.03,-297.19,8.87,2.500,0.00,50.0,0.04
1445.00,284.42,-294.72,8.87,2.500,0.00,50.0,0.04
1446.00,284.81,-292.25,8.87,2.500,0.00,50.0,0.04
1447.00,285.19,-289.78,8.87,2.500,0.00,50.0,0.03
1448.00,285.58,-287.31,8.87,2.500,0.00,50.0,0.03
1449.00,285.96,-284.84,8.87,2.500,0.00,50.0,0.03
1450.00,286.35,-282.37,8.87,2.500,0.00,50.0,0.03
1451.00,286.73,-279.90,8.87,2.500,0.00,50.0,0.03
1452.00,287.12,-277.43,8.87,2.500,0.00,50.0,0.03
1453.00,287.50,-274.96,8.87,2.500,0.00,50.0,0.03
1454.00,287.89,-272.49,8.87,2.500,0.00,50.0,0.03
1455.00,288.28,-270.02,8.87,2.500,0.00,50.0,0.03
1456.00,288.66,-267.55,8.87,2.500,0.00,50.0,0.03
1457.00,289.05,-265.08,8.87,2.500,0.00,50.0,0.02
1458.00,289.43,-262.60,8.87,2.500,0.00,50.0,0.02
1459.00,289.82,-260.13,8.87,2.500,0.00,50.0,0.02
1460.00,290.20,-257.66,8.88,2.500,0.00,50.0,0.02
1461.00,290.59,-255.19,8.88,2.500,0.00,50.0,0.02
1462.00,290.97,-252.72,8.88,2.500,0.00,50.0,0.02
1463.00,291.36,-250.25,8.88,2.500,0.00,50.0,0.02
1464.00,291.75,-247.78,8.88,2.500,0.00,50.0,0.02
1465.00,292.13,-245.31,8.88,2.500,0.00,50.0,0.02
1466.00,292.52,-242.84,8.88,2.500,0.00,50.0,0.02
1467.00,292.90,-240.37,8.88,2.500,0.00,50.0,0.02
1468.00,293.29,-237.90,8.88,2.500,0.00,50.0,0.02
1469.00,293.68,-235.43,8.88,2.500,0.00,50.0,0.02
1470.00,294.06,-232.96,8.88,2.500,0.00,50.0,0.02
1471.00,294.45,-230.49,8.88,2.500,0.00,50.0,0.02
1472.00,294.83,-228.02,8.88,2.500,0.00,50.0,0.01
1473.00,295.22,-225.55,8.88,2.500,0.00,50.0,0.01
1474.00,295.60,-223.08,8.88,2.500,0.00,50.0,0.01
1475.00,295.99,-220.61,8.88,2.500,0.00,50.0,0.01
1476.00,296.38,-218.14,8.88,2.500,0.00,50.0,0.01
1477.00,296.76,-215.67,8.88,2.500,0.00,50.0,0.01
1478.00,297.15,-213.20,8.88,2.500,0.00,50.0,0.01
1479.00,297.53,-210.73,8.88,2.500,0.00,50.0,0.01
1480.00,297.92,-208.26,8.88,2.500,0.00,50.0,0.01
1481.00,298.31,-205.79,8.88,2.500,0.00,50.0,0.01
1482.00,298.69,-203.32,8.88,2.500,0.00,50.0,0.01
1483.00,299.08,-200.85,8.88,2.500,0.00,50.0,0.01
1484.00,299.46,-198.38,8.88,2.500,0.00,50.0,0.01
1485.00,299.85,-195.91,8.88,2.500,0.00,50.0,0.01
1486.00,300.24,-193.44,8.88,2.500,0.00,50.0,0.01
1487.00,300.62,-190.97,8.88,2.500,0.00,50.0,0.01
1488.00,301.01,-188.50,8.88,2.500,0.00,50.0,0.01
1489.00,301.39,-186.03,8.88,2.500,0.00,50.0,0.01
1490.00,301.78,-183.56,8.88,2.500,0.00,50.0,0.01
1491.00,302.17,-181.09,8.88,2.500,5.00,50.0,0.06
1492.00,302.55,-178.62,8.88,2.500,5.00,50.0,0.12
1493.00,302.94,-176.15,8.89,2.500,5.00,50.0,0.17
1494.00,303.32,-173.68,8.89,2.500,5.00,50.0,0.22
1495.00,303.71,-171.21,8.90,2.500,5.00,50.0,0.27
1496.00,304.10,-168.74,8.90,2.500,5.00,50.0,0.32
1497.00,304.48,-166.27,8.91,2.500,0.00,50.0,0.31
1498.00,304.87,-163.80,8.91,2.500,0.00,50.0,0.30
1499.00,305.26,-161.33,8.92,2.500,0.00,50.0,0.29
1500.00,305.65,-158.86,8.92,2.500,0.00,50.0,0.28
1501.00,306.03,-156.39,8.93,2.500,0.00,50.0,0.27
1502.00,306.42,-153.92,8.93,2.500,0.00,50.0,0.26
1503.00,306.81,-151.46,8.93,2.500,0.00,50.0,0.25
1504.00,307.20,-148.99,8.94,2.500,0.00,50.0,0.25
1505.00,307.59,-146.52,8.94,2.500,0.00,50.0,0.24
1506.00,307.97,-144.05,8.95,2.500,0.00,50.0,0.23
1507.00,308.36,-141.58,8.95,2.500,0.00,50.0,0.22
1508.00,308.75,-139.11,8.95,2.500,0.00,50.0,0.21
1509.00,309.14,-136.64,8.96,2.500,0.00,50.0,0.21
1510.00,309.53,-134.17,8.96,2.500,0.00,50.0,0.20
1511.00,309.92,-131.70,8.96,2.500,0.00,50.0,0.19
1512.00,310.31,-129.23,8.97,2.500,0.00,50.0,0.19
1513.00,310.70,-126.76,8.97,2.500,0.00,50.0,0.18
1514.00,311.09,-124.29,8.97,2.500,0.00,50.0,0.17
1515.00,311.48,-121.82,8.98,2.500,0.00,50.0,0.17
1516.00,311.87,-119.35,8.98,2.500,0.00,50.0,0.16
1517.00,312.26,-116.88,8.98,2.500,0.00,50.0,0.16
1518.00,312.65,-114.41,8.98,2.500,0.00,50.0,0.15
1519.00,313.04,-111.94,8.99,2.500,0.00,50.0,0.15
1520.00,313.43,-109.47,8.99,2.500,0.00,50.0,0.14
1521.00,313.82,-107.00,8.99,2.500,0.00,50.0,0.14
1522.00,314.21,-104.54,8.99,2.500,0.00,50.0,0.13
1523.00,314.60,-102.07,8.99,2.500,0.00,50.0,0.13
1524.00,314.99,-99.60,9.00,2.500,0.00,50.0,0.12
1525.00,315.38,-97.13,9.00,2.500,0.00,50.0,0.12
1526.00,315.77,-94.66,9.00,2.500,0.00,50.0,0.12
1527.00,316.17,-92.19,9.00,2.500,0.00,50.0,0.11
1528.00,316.56,-89.72,9.00,2.500,0.00,50.0,0.11
1529.00,316.95,-87.25,9.01,2.500,0.00,50.0,0.11
1530.00,317.34,-84.78,9.01,2.500,0.00,50.0,0.10
1531.00,317.73,-82.31,9.01,2.500,0.00,50.0,0.10
1532.00,318.12,-79.84,9.01,2.500,0.00,50.0,0.10
1533.00,318.51,-77.37,9.01,2.500,0.00,50.0,0.09
1534.00,318.91,-74.91,9.01,2.500,0.00,50.0,0.09
1535.00,319.30,-72.44,9.02,2.500,0.00,50.0,0.09
1536.00,319.69,-69.97,9.02,2.500,0.00,50.0,0.08
1537.00,320.08,-67.50,9.02,2.500,0.00,50.0,0.08
1538.00,320.47,-65.03,9.02,2.500,0.00,50.0,0.08
1539.00,320.87,-62.56,9.02,2.500,0.00,50.0,0.07
1540.00,321.26,-60.09,9.02,2.500,0.00,50.0,0.07
1541.00,321.65,-57.62,9.02,2.500,0.00,50.0,0.07
1542.00,322.04,-55.15,9.02,2.500,0.00,50.0,0.07
1543.00,322.43,-52.68,9.03,2.500,0.00,50.0,0.07
1544.00,322.83,-50.21,9.03,2.500,0.00,50.0,0.06
1545.00,323.22,-47.75,9.03,2.500,0.00,50.0,0.06
1546.00,323.61,-45.28,9.03,2.500,0.00,50.0,0.06
1547.00,324.00,-42.81,9.03,2.500,0.00,50.0,0.06
1548.00,324.39,-40.34,9.03,2.500,0.00,50.0,0.06
1549.00,324.79,-37.87,9.03,2.500,0.00,50.0,0.05
1550.00,325.18,-35.40,9.03,2.500,0.00,50.0,0.05
1551.00,325.57,-32.93,9.03,2.500,0.00,50.0,0.05
1552.00,325.96,-30.46,9.03,2.500,0.00,50.0,0.05
1553.00,326.36,-27.99,9.03,2.500,0.00,50.0,0.05
1554.00,326.75,-25.52,9.04,2.500,0.00,50.0,0.05
1555.00,327.14,-23.06,9.04,2.500,0.00,50.0,0.04
1556.00,327.53,-20.59,9.04,2.500,0.00,50.0,0.04
1557.00,327.93,-18.12,9.04,2.500,0.00,50.0,0.04
1558.00,328.32,-15.65,9.04,2.500,0.00,50.0,0.04
1559.00,328.71,-13.18,9.04,2.500,0.00,50.0,0.04
1560.00,329.11,-10.71,9.04,2.500,0.00,50.0,0.04
1561.00,329.50,-8.24,9.04,2.500,0.00,50.0,0.04
1562.00,329.89,-5.77,9.04,2.500,0.00,50.0,0.03
1563.00,330.28,-3.30,9.04,2.500,0.00,50.0,0.03
1564.00,330.68,-0.83,9.04,2.500,0.00,50.0,0.03
1565.00,331.07,1.63,9.04,2.500,0.00,50.0,0.03
1566.00,331.46,4.10,9.04,2.500,0.00,50.0,0.03
1567.00,331.86,6.57,9.04,2.500,0.00,50.0,0.03
1568.00,332.25,9.04,9.04,2.500,0.00,50.0,0.03
1569.00,332.64,11.51,9.04,2.500,0.00,50.0,0.03
1570.00,333.03,13.98,9.04,2.500,0.00,50.0,0.03
1571.00,333.43,16.45,9.04,2.500,0.00,50.0,0.03
1572.00,333.82,18.92,9.05,2.500,0.00,50.0,0.02
1573.00,334.21,21.39,9.05,2.500,0.00,50.0,0.02
1574.00,334.61,23.85,9.05,2.500,0.00,50.0,0.02
1575.00,335.00,26.32,9.05,2.500,0.00,50.0,0.02
1576.00,335.39,28.79,9.05,2.500,0.00,50.0,0.02
1577.00,335.79,31.26,9.05,2.500,0.00,50.0,0.02
1578.00,336.18,33.73,9.05,2.500,0.00,50.0,0.02
1579.00,336.57,36.20,9.05,2.500,0.00,50.0,0.02
1580.00,336.97,38.67,9.05,2.500,0.00,50.0,0.02
1581.00,337.36,41.14,9.05,2.500,0.00,50.0,0.02
1582.00,337.75,43.61,9.05,2.500,0.00,50.0,0.02
1583.00,338.14,46.07,9.05,2.500,0.00,50.0,0.02
1584.00,338.54,48.54,9.05,2.500,0.00,50.0,0.02
1585.00,338.93,51.01,9.05,2.500,0.00,50.0,0.02
1586.00,339.32,53.48,9.05,2.500,0.00,50.0,0.02
1587.00,339.72,55.95,9.05,2.500,0.00,50.0,0.01
1588.00,340.11,58.42,9.05,2.500,0.00,50.0,0.01
1589.00,340.50,60.89,9.05,2.500,0.00,50.0,0.01
1590.00,340.90,63.36,9.05,2.500,0.00,50.0,0.01
1591.00,341.29,65.83,9.05,2.500,0.00,50.0,0.01
1592.00,341.68,68.29,9.05,2.500,0.00,50.0,0.01
1593.00,342.08,70.76,9.05,2.500,0.00,50.0,0.01
1594.00,342.47,73.23,9.05,2.500,0.00,50.0,0.01
1595.00,342.86,75.70,9.05,2.500,0.00,50.0,0.01
1596.00,343.26,78.17,9.05,2.500,0.00,50.0,0.01
1597.00,343.65,80.64,9.05,2.500,0.00,50.0,0.01
1598.00,344.04,83.11,9.05,2.500,0.00,50.0,0.01
1599.00,344.44,85.58,9.05,2.500,0.00,50.0,0.01
1600.00,344.83,88.05,9.05,2.500,0.00,50.0,0.01
1601.00,345.22,90.51,9.05,2.500,0.00,50.0,0.01
1602.00,345.62,92.98,9.05,2.500,0.00,50.0,0.01
1603.00,346.01,95.45,9.05,2.500,0.00,50.0,0.01
1604.00,346.40,97.92,9.05,2.500,0.00,50.0,0.01
1605.00,346.80,100.39,9.05,2.500,0.00,50.0,0.01
1606.00,347.19,102.86,9.05,2.500,0.00,50.0,0.01
1607.00,347.58,105.33,9.05,2.500,0.00,50.0,0.01
1608.00,347.98,107.80,9.05,2.500,0.00,50.0,0.01
1609.00,348.37,110.27,9.05,2.500,0.00,50.0,0.01
1610.00,348.76,112.73,9.05,2.500,0.00,50.0,0.01
1611.00,349.16,115.20,9.05,2.500,0.00,50.0,0.01
1612.00,349.55,117.67,9.05,2.500,0.00,50.0,0.01
1613.00,349.94,120.14,9.05,2.500,0.00,50.0,0.01
1614.00,350.34,122.61,9.05,2.500,0.00,50.0,0.01
1615.00,350.73,125.08,9.05,2.500,0.00,50.0,0.01
1616.00,351.12,127.55,9.05,2.500,0.00,50.0,0.01
1617.00,351.52,130.02,9.05,2.500,0.00,50.0,0.01
1618.00,351.91,132.48,9.05,2.500,0.00,50.0,0.01
1619.00,352.31,134.95,9.05,2.500,0.00,50.0,0.00
1620.00,352.70,137.42,9.05,2.500,0.00,50.0,0.00
1621.00,353.09,139.89,9.05,2.500,0.00,50.0,0.00
1622.00,353.49,142.36,9.05,2.500,0.00,50.0,0.00
1623.00,353.88,144.83,9.06,2.500,0.00,50.0,0.00
1624.00,354.27,147.30,9.06,2.500,0.00,50.0,0.00
1625.00,354.67,149.77,9.06,2.500,0.00,50.0,0.00
1626.00,355.06,152.24,9.06,2.500,0.00,50.0,0.00
1627.00,355.45,154.70,9.06,2.500,0.00,50.0,0.00
1628.00,355.85,157.17,9.06,2.500,0.00,50.0,0.00
1629.00,356.24,159.64,9.06,2.500,0.00,50.0,0.00
1630.00,356.63,162.11,9.06,2.500,0.00,50.0,0.00
1631.00,357.03,164.58,9.06,2.500,0.00,50.0,0.00
1632.00,357.42,167.05,9.06,2.500,0.00,50.0,0.00
1633.00,357.81,169.52,9.06,2.500,0.00,50.0,0.00
1634.00,358.21,171.99,9.06,2.500,0.00,50.0,0.00
1635.00,358.60,174.46,9.06,2.500,0.00,50.0,0.00
1636.00,358.99,176.92,9.06,2.500,0.00,50.0,0.00
1637.00,359.39,179.39,9.06,2.500,0.00,50.0,0.00
1638.00,359.78,181.86,9.06,2.500,0.00,50.0,0.00
1639.00,360.17,184.33,9.06,2.500,0.00,50.0,0.00
1640.00,360.57,186.80,9.06,2.500,0.00,50.0,0.00
1641.00,360.96,189.27,9.06,2.500,0.00,50.0,0.00
1642.00,361.36,191.74,9.06,2.500,0.00,50.0,0.00
1643.00,361.75,194.21,9.06,2.500,0.00,50.0,0.00
1644.00,362.14,196.67,9.06,2.500,0.00,50.0,0.00
1645.00,362.54,199.14,9.06,2.500,0.00,50.0,0.00
1646.00,362.93,201.61,9.06,2.500,0.00,50.0,0.00
1647.00,363.32,204.08,9.06,2.500,0.00,50.0,0.00
1648.00,363.72,206.55,9.06,2.500,0.00,50.0,0.00
1649.00,364.11,209.02,9.06,2.500,0.00,50.0,0.00
1650.00,364.50,211.49,9.06,2.500,0.00,50.0,0.00
1651.00,364.90,213.96,9.06,2.500,0.00,50.0,0.00
1652.00,365.29,216.43,9.06,2.500,0.00,50.0,0.00
1653.00,365.68,218.89,9.06,2.500,0.00,50.0,0.00
1654.00,366.08,221.36,9.06,2.500,0.00,50.0,0.00
1655.00,366.47,223.83,9.06,2.500,0.00,50.0,0.00
1656.00,366.86,226.30,9.06,2.500,0.00,50.0,0.00
1657.00,367.26,228.77,9.06,2.500,0.00,50.0,0.00
1658.00,367.65,231.24,9.06,2.500,0.00,50.0,0.00
1659.00,368.04,233.71,9.06,2.500,0.00,50.0,0.00
1660.00,368.44,236.18,9.06,2.500,0.00,50.0,0.00
1661.00,368.83,238.64,9.06,2.500,0.00,50.0,0.00
1662.00,369.23,241.11,9.06,2.500,0.00,50.0,0.00
1663.00,369.62,243.58,9.06,2.500,0.00,50.0,0.00
1664.00,370.01,246.05,9.06,2.500,0.00,50.0,0.00
1665.00,370.41,248.52,9.06,2.500,0.00,50.0,0.00
1666.00,370.80,250.99,9.06,2.500,0.00,50.0,0.00
1667.00,371.19,253.46,9.06,2.500,0.00,50.0,0.00
1668.00,371.59,255.93,9.06,2.500,0.00,50.0,0.00
1669.00,371.98,258.40,9.06,2.500,0.00,50.0,0.00
1670.00,372.37,260.86,9.06,2.500,0.00,50.0,0.00
1671.00,372.77,263.33,9.06,2.500,0.00,50.0,0.00
1672.00,373.16,265.80,9.06,2.500,0.00,50.0,0.00
1673.00,373.55,268.27,9.06,2.500,0.00,50.0,0.00
1674.00,373.95,270.74,9.06,2.500,0.00,50.0,0.00
1675.00,374.34,273.21,9.06,2.500,0.00,50.0,0.00
1676.00,374.73,275.68,9.06,2.500,0.00,50.0,0.00
1677.00,375.13,278.15,9.06,2.500,0.00,50.0,0.00
1678.00,375.52,280.62,9.06,2.500,0.00,50.0,0.00
1679.00,375.92,283.08,9.06,2.500,0.00,50.0,0.00
1680.00,376.31,285.55,9.06,2.500,0.00,50.0,0.00
1681.00,376.70,288.02,9.06,2.500,0.00,50.0,0.00
1682.00,377.10,290.49,9.06,2.500,0.00,50.0,0.00
1683.00,377.49,292.96,9.06,2.500,0.00,50.0,0.00
1684.00,377.88,295.43,9.06,2.500,0.00,50.0,0.00
1685.00,378.28,297.90,9.06,2.500,0.00,50.0,0.00
1686.00,378.67,300.37,9.06,2.500,0.00,50.0,0.00
1687.00,379.06,302.83,9.06,2.500,0.00,50.0,0.00
1688.00,379.46,305.30,9.06,2.500,0.00,50.0,0.00
1689.00,379.85,307.77,9.06,2.500,0.00,50.0,0.00
1690.00,380.24,310.24,9.06,2.500,0.00,50.0,0.00
1691.00,380.64,312.71,9.06,2.500,0.00,50.0,0.00
1692.00,381.03,315.18,9.06,2.500,0.00,50.0,0.00
1693.00,381.42,317.65,9.06,2.500,0.00,50.0,0.00
1694.00,381.82,320.12,9.06,2.500,0.00,50.0,0.00
1695.00,382.21,322.59,9.06,2.500,0.00,50.0,0.00
1696.00,382.61,325.05,9.06,2.500,0.00,50.0,0.00
1697.00,383.00,327.52,9.06,2.500,0.00,50.0,0.00
1698.00,383.39,329.99,9.06,2.500,0.00,50.0,0.00
1699.00,383.79,332.46,9.06,2.500,0.00,50.0,0.00
1700.00,384.18,334.93,9.06,2.500,0.00,50.0,0.00
1701.00,384.57,337.40,9.06,2.500,0.00,50.0,0.00
1702.00,384.97,339.87,9.06,2.500,0.00,50.0,0.00
1703.00,385.36,342.34,9.06,2.500,0.00,50.0,0.00
1704.00,385.75,344.80,9.06,2.500,0.00,50.0,0.00
1705.00,386.15,347.27,9.06,2.500,0.00,50.0,0.00
1706.00,386.54,349.74,9.06,2.500,0.00,50.0,0.00
1707.00,386.93,352.21,9.06,2.500,0.00,50.0,0.00
1708.00,387.33,354.68,9.06,2.500,0.00,50.0,0.00
1709.00,387.72,357.15,9.06,2.500,0.00,50.0,0.00
1710.00,388.12,359.62,9.06,2.500,0.00,50.0,0.00
1711.00,388.51,362.09,9.06,2.500,0.00,50.0,0.00
1712.00,388.90,364.56,9.06,2.500,0.00,50.0,0.00
1713.00,389.30,367.02,9.06,2.500,0.00,50.0,0.00
1714.00,389.69,369.49,9.06,2.500,0.00,50.0,0.00
1715.00,390.08,371.96,9.06,2.500,0.00,50.0,0.00
1716.00,390.48,374.43,9.06,2.500,0.00,50.0,0.00
1717.00,390.87,376.90,9.06,2.500,0.00,50.0,0.00
1718.00,391.26,379.37,9.06,2.500,0.00,50.0,0.00
1719.00,391.66,381.84,9.06,2.500,0.00,50.0,0.00
1720.00,392.05,384.31,9.06,2.500,0.00,50.0,0.00
1721.00,392.44,386.77,9.06,2.500,0.00,50.0,0.00
1722.00,392.84,389.24,9.06,2.500,0.00,50.0,0.00
1723.00,393.23,391.71,9.06,2.500,0.00,50.0,0.00
1724.00,393.62,394.18,9.06,2.500,0.00,50.0,0.00
1725.00,394.02,396.65,9.06,2.500,0.00,50.0,0.00
1726.00,394.41,399.12,9.06,2.500,0.00,50.0,0.00
1727.00,394.81,401.59,9.06,2.500,0.00,50.0,0.00
1728.00,395.20,404.06,9.06,2.500,0.00,50.0,0.00
1729.00,395.59,406.53,9.06,2.500,0.00,50.0,0.00
1730.00,395.99,408.99,9.06,2.500,0.00,50.0,0.00
1731.00,396.38,411.46,9.06,2.500,0.00,50.0,0.00
1732.00,396.77,413.93,9.06,2.500,0.00,50.0,0.00
1733.00,397.17,416.40,9.06,2.500,0.00,50.0,0.00
1734.00,397.56,418.87,9.06,2.500,0.00,50.0,0.00
1735.00,397.95,421.34,9.06,2.500,0.00,50.0,0.00
1736.00,398.35,423.81,9.06,2.500,0.00,50.0,0.00
1737.00,398.74,426.28,9.06,2.500,0.00,50.0,0.00
1738.00,399.13,428.74,9.06,2.500,0.00,50.0,0.00
1739.00,399.53,431.21,9.06,2.500,0.00,50.0,0.00
1740.00,399.92,433.68,9.06,2.500,0.00,50.0,0.00
1741.00,400.32,436.15,9.06,2.500,0.00,50.0,0.00
1742.00,400.71,438.62,9.06,2.500,0.00,50.0,0.00
1743.00,401.10,441.09,9.06,2.500,0.00,50.0,0.00
1744.00,401.50,443.56,9.06,2.500,0.00,50.0,0.00
1745.00,401.89,446.03,9.06,2.500,0.00,50.0,0.00
1746.00,402.28,448.50,9.06,2.500,0.00,50.0,0.00
1747.00,402.68,450.96,9.06,2.500,0.00,50.0,0.00
1748.00,403.07,453.43,9.06,2.500,0.00,50.0,0.00
1749.00,403.46,455.90,9.06,2.500,0.00,50.0,0.00
1750.00,403.86,458.37,9.06,2.500,0.00,50.0,0.00
1751.00,404.25,460.84,9.06,2.500,0.00,50.0,0.00
1752.00,404.64,463.31,9.06,2.500,0.00,50.0,0.00
1753.00,405.04,465.78,9.06,2.500,0.00,50.0,0.00
1754.00,405.43,468.25,9.06,2.500,0.00,50.0,0.00
1755.00,405.82,470.72,9.06,2.500,0.00,50.0,0.00
1756.00,406.22,473.18,9.06,2.500,0.00,50.0,0.00
1757.00,406.61,475.65,9.06,2.500,0.00,50.0,0.00
1758.00,407.01,478.12,9.06,2.500,0.00,50.0,0.00
1759.00,407.40,480.59,9.06,2.500,0.00,50.0,0.00
1760.00,407.79,483.06,9.06,2.500,0.00,50.0,0.00
1761.00,408.19,485.53,9.06,2.500,0.00,50.0,0.00
1762.00,408.58,488.00,9.06,2.500,0.00,50.0,0.00
1763.00,408.97,490.47,9.06,2.500,0.00,50.0,0.00
1764.00,409.37,492.93,9.06,2.500,0.00,50.0,0.00
1765.00,409.76,495.40,9.06,2.500,0.00,50.0,0.00
1766.00,410.15,497.87,9.06,2.500,0.00,50.0,0.00
1767.00,410.55,500.34,9.06,2.500,0.00,50.0,0.00
1768.00,410.94,502.81,9.06,2.500,0.00,50.0,0.00
1769.00,411.33,505.28,9.06,2.500,0.00,50.0,0.00
1770.00,411.73,507.75,9.06,2.500,0.00,50.0,0.00
1771.00,412.12,510.22,9.06,2.500,0.00,50.0,0.00
1772.00,412.52,512.69,9.06,2.500,0.00,50.0,0.00
1773.00,412.91,515.15,9.06,2.500,0.00,50.0,0.00
1774.00,413.30,517.62,9.06,2.500,0.00,50.0,0.00
1775.00,413.70,520.09,9.06,2.500,0.00,50.0,0.00
1776.00,414.09,522.56,9.06,2.500,0.00,50.0,0.00
1777.00,414.48,525.03,9.06,2.500,0.00,50.0,0.00
1778.00,414.88,527.50,9.06,2.500,0.00,50.0,0.00
1779.00,415.27,529.97,9.06,2.500,0.00,50.0,0.00
1780.00,415.66,532.44,9.06,2.500,0.00,50.0,0.00
1781.00,416.06,534.90,9.06,2.500,0.00,50.0,0.00
1782.00,416.45,537.37,9.06,2.500,0.00,50.0,0.00
1783.00,416.84,539.84,9.06,2.500,0.00,50.0,0.00
1784.00,417.24,542.31,9.06,2.500,0.00,50.0,0.00
1785.00,417.63,544.78,9.06,2.500,0.00,50.0,0.00
1786.00,418.02,547.25,9.06,2.500,0.00,50.0,0.00
1787.00,418.42,549.72,9.06,2.500,0.00,50.0,0.00
1788.00,418.81,552.19,9.06,2.500,0.00,50.0,0.00
1789.00,419.21,554.66,9.06,2.500,0.00,50.0,0.00
1790.00,419.60,557.12,9.06,2.500,0.00,50.0,0.00
1791.00,419.99,559.59,9.06,2.500,0.00,50.0,0.00
1792.00,420.39,562.06,9.06,2.500,0.00,50.0,0.00
1793.00,420.78,564.53,9.06,2.500,0.00,50.0,0.00
1794.00,421.17,567.00,9.06,2.500,0.00,50.0,0.00
1795.00,421.57,569.47,9.06,2.500,0.00,50.0,0.00
1796.00,421.96,571.94,9.06,2.500,0.00,50.0,0.00
1797.00,422.35,574.41,9.06,2.500,0.00,50.0,0.00
1798.00,422.75,576.87,9.06,2.500,0.00,50.0,0.00
1799.00,423.14,579.34,9.06,2.500,0.00,50.0,0.00
1800.00,423.53,581.81,9.06,2.500,0.00,50.0,0.00
1801.00,423.93,584.28,9.06,2.500,0.00,50.0,0.00
1802.00,424.32,586.75,9.06,2.500,0.00,50.0,0.00
1803.00,424.72,589.22,9.06,2.500,0.00,50.0,0.00
1804.00,425.11,591.69,9.06,2.500,0.00,50.0,0.00
1805.00,425.50,594.16,9.06,2.500,0.00,50.0,0.00
1806.00,425.90,596.63,9.06,2.500,0.00,50.0,0.00
1807.00,426.29,599.09,9.06,2.500,0.00,50.0,0.00
1808.00,426.68,601.56,9.06,2.500,0.00,50.0,0.00
1809.00,427.08,604.03,9.06,2.500,0.00,50.0,0.00
1810.00,427.47,606.50,9.06,2.500,0.00,50.0,0.00
1811.00,427.86,608.97,9.06,2.500,0.00,50.0,0.00
1812.00,428.26,611.44,9.06,2.500,0.00,50.0,0.00
1813.00,428.65,613.91,9.06,2.500,0.00,50.0,0.00
1814.00,429.04,616.38,9.06,2.500,0.00,50.0,0.00
1815.00,429.44,618.84,9.06,2.500,0.00,50.0,0.00
1816.00,429.83,621.31,9.06,2.500,0.00,50.0,0.00
1817.00,430.22,623.78,9.06,2.500,0.00,50.0,0.00
1818.00,430.62,626.25,9.06,2.500,0.00,50.0,0.00
1819.00,431.01,628.72,9.06,2.500,0.00,50.0,0.00
1820.00,431.41,631.19,9.06,2.500,0.00,50.0,0.00
1821.00,431.80,633.66,9.06,2.500,0.00,50.0,0.00
1822.00,432.19,636.13,9.06,2.500,0.00,50.0,0.00
1823.00,432.59,638.60,9.06,2.500,0.00,50.0,0.00
1824.00,432.98,641.06,9.06,2.500,0.00,50.0,0.00
1825.00,433.37,643.53,9.06,2.500,0.00,50.0,0.00
1826.00,433.77,646.00,9.06,2.500,0.00,50.0,0.00
1827.00,434.16,648.47,9.06,2.500,0.00,50.0,0.00
1828.00,434.55,650.94,9.06,2.500,0.00,50.0,0.00
1829.00,434.95,653.41,9.06,2.500,0.00,50.0,0.00
1830.00,435.34,655.88,9.06,2.500,0.00,50.0,0.00
1831.00,435.73,658.35,9.06,2.500,0.00,50.0,0.00
1832.00,436.13,660.81,9.06,2.500,0.00,50.0,0.00
1833.00,436.52,663.28,9.06,2.500,0.00,50.0,0.00
1834.00,436.92,665.75,9.06,2.500,0.00,50.0,0.00
1835.00,437.31,668.22,9.06,2.500,5.00,50.0,0.06
1836.00,437.70,670.69,9.06,2.500,5.00,50.0,0.11
1837.00,438.10,673.16,9.06,2.500,5.00,50.0,0.17
1838.00,438.49,675.63,9.07,2.500,5.00,50.0,0.22
1839.00,438.88,678.10,9.07,2.500,5.00,50.0,0.27
1840.00,439.28,680.57,9.08,2.500,5.00,50.0,0.32
1841.00,439.67,683.03,9.08,2.500,5.00,50.0,0.36
1842.00,440.07,685.50,9.09,2.500,0.00,50.0,0.35
1843.00,440.46,687.97,9.09,2.500,0.00,50.0,0.34
1844.00,440.86,690.44,9.10,2.500,0.00,50.0,0.33
1845.00,441.25,692.91,9.10,2.500,0.00,50.0,0.32
1846.00,441.65,695.38,9.11,2.500,0.00,50.0,0.31
1847.00,442.04,697.85,9.11,2.500,0.00,50.0,0.30
1848.00,442.44,700.31,9.12,2.500,0.00,50.0,0.29
1849.00,442.84,702.78,9.12,2.500,0.00,50.0,0.28
1850.00,443.23,705.25,9.13,2.500,0.00,50.0,0.27
1851.00,443.63,707.72,9.13,2.500,0.00,50.0,0.26
1852.00,444.03,710.19,9.14,2.500,0.00,50.0,0.25
1853.00,444.42,712.66,9.14,2.500,0.00,50.0,0.24
1854.00,444.82,715.12,9.14,2.500,0.00,50.0,0.23
1855.00,445.22,717.59,9.15,2.500,0.00,50.0,0.23
1856.00,445.61,720.06,9.15,2.500,0.00,50.0,0.22
1857.00,446.01,722.53,9.16,2.500,0.00,50.0,0.21
1858.00,446.41,725.00,9.16,2.500,0.00,50.0,0.20
1859.00,446.81,727.46,9.16,2.500,0.00,50.0,0.20
1860.00,447.21,729.93,9.17,2.500,0.00,50.0,0.19
1861.00,447.60,732.40,9.17,2.500,0.00,50.0,0.18
1862.00,448.00,734.87,9.17,2.500,0.00,50.0,0.18
1863.00,448.40,737.34,9.17,2.500,0.00,50.0,0.17
1864.00,448.80,739.81,9.18,2.500,0.00,50.0,0.17
1865.00,449.20,742.27,9.18,2.500,0.00,50.0,0.16
1866.00,449.60,744.74,9.18,2.500,0.00,50.0,0.16
1867.00,450.00,747.21,9.18,2.500,0.00,50.0,0.15
1868.00,450.39,749.68,9.19,2.500,0.00,50.0,0.14
1869.00,450.79,752.14,9.19,2.500,0.00,50.0,0.14
1870.00,451.19,754.61,9.19,2.500,0.00,50.0,0.14
1871.00,451.59,757.08,9.19,2.500,0.00,50.0,0.13
1872.00,451.99,759.55,9.20,2.500,0.00,50.0,0.13
1873.00,452.39,762.02,9.20,2.500,0.00,50.0,0.12
1874.00,452.79,764.48,9.20,2.500,0.00,50.0,0.12
1875.00,453.19,766.95,9.20,2.500,0.00,50.0,0.11
1876.00,453.59,769.42,9.20,2.500,0.00,50.0,0.11
1877.00,453.99,771.89,9.21,2.500,0.00,50.0,0.11
1878.00,454.39,774.36,9.21,2.500,0.00,50.0,0.10
1879.00,454.79,776.82,9.21,2.500,0.00,50.0,0.10
1880.00,455.19,779.29,9.21,2.500,0.00,50.0,0.10
1881.00,455.59,781.76,9.21,2.500,0.00,50.0,0.09
1882.00,455.99,784.23,9.21,2.500,0.00,50.0,0.09
1883.00,456.39,786.69,9.21,2.500,0.00,50.0,0.09
1884.00,456.79,789.16,9.22,2.500,0.00,50.0,0.08
1885.00,457.19,791.63,9.22,2.500,0.00,50.0,0.08
1886.00,457.59,794.10,9.22,2.500,0.00,50.0,0.08
1887.00,457.99,796.57,9.22,2.500,0.00,50.0,0.08
1888.00,458.39,799.03,9.22,2.500,0.00,50.0,0.07
1889.00,458.79,801.50,9.22,2.500,0.00,50.0,0.07
1890.00,459.19,803.97,9.22,2.500,0.00,50.0,0.07
1891.00,459.60,806.44,9.23,2.500,0.00,50.0,0.07
1892.00,460.00,808.90,9.23,2.500,0.00,50.0,0.06
1893.00,460.40,811.37,9.23,2.500,0.00,50.0,0.06
1894.00,460.80,813.84,9.23,2.500,0.00,50.0,0.06
1895.00,461.20,816.31,9.23,2.500,0.00,50.0,0.06
1896.00,461.60,818.77,9.23,2.500,0.00,50.0,0.06
1897.00,462.00,821.24,9.23,2.500,0.00,50.0,0.05
1898.00,462.40,823.71,9.23,2.500,0.00,50.0,0.05
1899.00,462.80,826.18,9.23,2.500,0.00,50.0,0.05
1900.00,463.20,828.64,9.23,2.500,0.00,50.0,0.05
1901.00,463.61,831.11,9.23,2.500,0.00,50.0,0.05
1902.00,464.01,833.58,9.24,2.500,0.00,50.0,0.05
1903.00,464.41,836.05,9.24,2.500,0.00,50.0,0.04
1904.00,464.81,838.52,9.24,2.500,0.00,50.0,0.04
1905.00,465.21,840.98,9.24,2.500,0.00,50.0,0.04
1906.00,465.61,843.45,9.24,2.500,0.00,50.0,0.04
1907.00,466.01,845.92,9.24,2.500,0.00,50.0,0.04
1908.00,466.41,848.39,9.24,2.500,0.00,50.0,0.04
1909.00,466.82,850.85,9.24,2.500,0.00,50.0,0.04
1910.00,467.22,853.32,9.24,2.500,0.00,50.0,0.03
1911.00,467.62,855.79,9.24,2.500,0.00,50.0,0.03
1912.00,468.02,858.26,9.24,2.500,0.00,50.0,0.03
1913.00,468.42,860.72,9.24,2.500,0.00,50.0,0.03
1914.00,468.82,863.19,9.24,2.500,0.00,50.0,0.03
1915.00,469.22,865.66,9.24,2.500,0.00,50.0,0.03
1916.00,469.63,868.13,9.24,2.500,0.00,50.0,0.03
1917.00,470.03,870.59,9.24,2.500,0.00,50.0,0.03
1918.00,470.43,873.06,9.24,2.500,0.00,50.0,0.03
1919.00,470.83,875.53,9.24,2.500,0.00,50.0,0.03
1920.00,471.23,878.00,9.25,2.500,0.00,50.0,0.02
1921.00,471.63,880.46,9.25,2.500,0.00,50.0,0.02
1922.00,472.04,882.93,9.25,2.500,0.00,50.0,0.02
1923.00,472.44,885.40,9.25,2.500,0.00,50.0,0.02
1924.00,472.84,887.87,9.25,2.500,0.00,50.0,0.02
1925.00,473.24,890.33,9.25,2.500,0.00,50.0,0.02
1926.00,473.64,892.80,9.25,2.500,0.00,50.0,0.02
1927.00,474.04,895.27,9.25,2.500,0.00,50.0,0.02
1928.00,474.45,897.74,9.25,2.500,0.00,50.0,0.02
1929.00,474.85,900.20,9.25,2.500,0.00,50.0,0.02
1930.00,475.25,902.67,9.25,2.500,0.00,50.0,0.02
1931.00,475.65,905.14,9.25,2.500,0.00,50.0,0.02
1932.00,476.05,907.61,9.25,2.500,0.00,50.0,0.02
1933.00,476.45,910.07,9.25,2.500,0.00,50.0,0.02
1934.00,476.86,912.54,9.25,2.500,0.00,50.0,0.02
1935.00,477.26,915.01,9.25,2.500,0.00,50.0,0.01
1936.00,477.66,917.48,9.25,2.500,0.00,50.0,0.01
1937.00,478.06,919.94,9.25,2.500,0.00,50.0,0.01
1938.00,478.46,922.41,9.25,2.500,0.00,50.0,0.01
1939.00,478.87,924.88,9.25,2.500,0.00,50.0,0.01
1940.00,479.27,927.35,9.25,2.500,0.00,50.0,0.01
1941.00,479.67,929.81,9.25,2.500,0.00,50.0,0.01
1942.00,480.07,932.28,9.25,2.500,0.00,50.0,0.01
1943.00,480.47,934.75,9.25,2.500,0.00,50.0,0.01
1944.00,480.88,937.22,9.25,2.500,0.00,50.0,0.01
1945.00,481.28,939.68,9.25,2.500,0.00,50.0,0.01
1946.00,481.68,942.15,9.25,2.500,0.00,50.0,0.01
1947.00,482.08,944.62,9.25,2.500,0.00,50.0,0.01
1948.00,482.48,947.09,9.25,2.500,0.00,50.0,0.01
1949.00,482.89,949.55,9.25,2.500,0.00,50.0,0.01
1950.00,483.29,952.02,9.25,2.500,0.00,50.0,0.01
1951.00,483.69,954.49,9.25,2.500,0.00,50.0,0.01
1952.00,484.09,956.96,9.25,2.500,0.00,50.0,0.01
1953.00,484.49,959.42,9.25,2.500,0.00,50.0,0.01
1954.00,484.90,961.89,9.25,2.500,0.00,50.0,0.01
1955.00,485.30,964.36,9.25,2.500,0.00,50.0,0.01
1956.00,485.70,966.83,9.25,2.500,0.00,50.0,0.01
1957.00,486.10,969.29,9.25,2.500,0.00,50.0,0.01
1958.00,486.50,971.76,9.25,2.500,0.00,50.0,0.01
1959.00,486.91,974.23,9.25,2.500,0.00,50.0,0.01
1960.00,487.31,976.70,9.25,2.500,0.00,50.0,0.01
1961.00,487.71,979.16,9.25,2.500,0.00,50.0,0.01
1962.00,488.11,981.63,9.25,2.500,0.00,50.0,0.01
1963.00,488.51,984.10,9.25,2.500,0.00,50.0,0.01
1964.00,488.92,986.57,9.25,2.500,0.00,50.0,0.01
1965.00,489.32,989.03,9.25,2.500,0.00,50.0,0.01
1966.00,489.72,991.50,9.25,2.500,0.00,50.0,0.01
1967.00,490.12,993.97,9.25,2.500,0.00,50.0,0.01
1968.00,490.52,996.44,9.25,2.500,0.00,50.0,0.00
1969.00,490.93,998.90,9.25,2.500,0.00,50.0,0.00
1970.00,491.33,1001.37,9.26,2.500,5.00,50.0,0.06
1971.00,491.73,1003.84,9.26,2.500,5.00,50.0,0.12
1972.00,492.13,1006.31,9.26,2.500,5.00,50.0,0.17
1973.00,492.53,1008.77,9.26,2.500,5.00,50.0,0.22
1974.00,492.94,1011.24,9.27,2.500,5.00,50.0,0.27
1975.00,493.34,1013.71,9.27,2.500,5.00,50.0,0.32
1976.00,493.74,1016.17,9.28,2.500,5.00,50.0,0.37
1977.00,494.15,1018.64,9.29,2.500,0.00,50.0,0.35
1978.00,494.55,1021.11,9.29,2.500,0.00,50.0,0.34
1979.00,494.95,1023.58,9.30,2.500,0.00,50.0,0.33
1980.00,495.36,1026.04,9.30,2.500,0.00,50.0,0.32
1981.00,495.76,1028.51,9.31,2.500,0.00,50.0,0.31
1982.00,496.17,1030.98,9.31,2.500,0.00,50.0,0.30
1983.00,496.57,1033.44,9.32,2.500,0.00,50.0,0.29
1984.00,496.97,1035.91,9.32,2.500,0.00,50.0,0.28
1985.00,497.38,1038.38,9.33,2.500,0.00,50.0,0.27
1986.00,497.78,1040.85,9.33,2.500,0.00,50.0,0.26
1987.00,498.19,1043.31,9.34,2.500,0.00,50.0,0.25
1988.00,498.60,1045.78,9.34,2.500,0.00,50.0,0.24
1989.00,499.00,1048.25,9.34,2.500,0.00,50.0,0.24
1990.00,499.41,1050.71,9.35,2.500,0.00,50.0,0.23
1991.00,499.81,1053.18,9.35,2.500,0.00,50.0,0.22
1992.00,500.22,1055.65,9.35,2.500,0.00,50.0,0.21
1993.00,500.63,1058.11,9.36,2.500,0.00,50.0,0.21
1994.00,501.03,1060.58,9.36,2.500,0.00,50.0,0.20
1995.00,501.44,1063.05,9.36,2.500,0.00,50.0,0.19
1996.00,501.85,1065.51,9.37,2.500,0.00,50.0,0.19
1997.00,502.25,1067.98,9.37,2.500,0.00,50.0,0.18
1998.00,502.66,1070.45,9.37,2.500,0.00,50.0,0.17
1999.00,503.07,1072.91,9.38,2.500,0.00,50.0,0.17
2000.00,503.47,1075.38,9.38,2.500,0.00,50.0,0.16
2001.00,503.88,1077.85,9.38,2.500,0.00,50.0,0.16
2002.00,504.29,1080.31,9.38,2.500,0.00,50.0,0.15
2003.00,504.70,1082.78,9.39,2.500,0.00,50.0,0.15
2004.00,505.10,1085.25,9.39,2.500,0.00,50.0,0.14
2005.00,505.51,1087.71,9.39,2.500,0.00,50.0,0.14
2006.00,505.92,1090.18,9.39,2.500,0.00,50.0,0.13
2007.00,506.33,1092.65,9.40,2.500,0.00,50.0,0.13
2008.00,506.74,1095.11,9.40,2.500,0.00,50.0,0.12
2009.00,507.14,1097.58,9.40,2.500,0.00,50.0,0.12
2010.00,507.55,1100.05,9.40,2.500,0.00,50.0,0.12
2011.00,507.96,1102.51,9.40,2.500,0.00,50.0,0.11
2012.00,508.37,1104.98,9.40,2.500,0.00,50.0,0.11
2013.00,508.78,1107.44,9.41,2.500,0.00,50.0,0.10
2014.00,509.19,1109.91,9.41,2.500,0.00,50.0,0.10
2015.00,509.60,1112.38,9.41,2.500,0.00,50.0,0.10
2016.00,510.00,1114.84,9.41,2.500,0.00,50.0,0.09
2017.00,510.41,1117.31,9.41,2.500,0.00,50.0,0.09
2018.00,510.82,1119.78,9.41,2.500,0.00,50.0,0.09
2019.00,511.23,1122.24,9.42,2.500,0.00,50.0,0.09
2020.00,511.64,1124.71,9.42,2.500,0.00,50.0,0.08
2021.00,512.05,1127.18,9.42,2.500,0.00,50.0,0.08
2022.00,512.46,1129.64,9.42,2.500,0.00,50.0,0.08
2023.00,512.87,1132.11,9.42,2.500,0.00,50.0,0.07
2024.00,513.28,1134.57,9.42,2.500,0.00,50.0,0.07
2025.00,513.69,1137.04,9.42,2.500,0.00,50.0,0.07
2026.00,514.09,1139.51,9.42,2.500,0.00,50.0,0.07
2027.00,514.50,1141.97,9.43,2.500,0.00,50.0,0.06
2028.00,514.91,1144.44,9.43,2.500,0.00,50.0,0.06
2029.00,515.32,1146.91,9.43,2.500,0.00,50.0,0.06
2030.00,515.73,1149.37,9.43,2.500,0.00,50.0,0.06
2031.00,516.14,1151.84,9.43,2.500,0.00,50.0,0.06
2032.00,516.55,1154.30,9.43,2.500,0.00,50.0,0.05
2033.00,516.96,1156.77,9.43,2.500,0.00,50.0,0.05
2034.00,517.37,1159.24,9.43,2.500,0.00,50.0,0.05
2035.00,517.78,1161.70,9.43,2.500,0.00,50.0,0.05
2036.00,518.19,1164.17,9.43,2.500,0.00,50.0,0.05
2037.00,518.60,1166.63,9.43,2.500,0.00,50.0,0.05
2038.00,519.01,1169.10,9.44,2.500,0.00,50.0,0.04
2039.00,519.42,1171.57,9.44,2.500,0.00,50.0,0.04
2040.00,519.83,1174.03,9.44,2.500,0.00,50.0,0.04
2041.00,520.24,1176.50,9.44,2.500,0.00,50.0,0.04
2042.00,520.65,1178.97,9.44,2.500,0.00,50.0,0.04
2043.00,521.06,1181.43,9.44,2.500,0.00,50.0,0.04
2044.00,521.47,1183.90,9.44,2.500,0.00,50.0,0.04
2045.00,521.88,1186.36,9.44,2.500,0.00,50.0,0.04
2046.00,522.29,1188.83,9.44,2.500,0.00,50.0,0.03
2047.00,522.70,1191.30,9.44,2.500,0.00,50.0,0.03
2048.00,523.11,1193.76,9.44,2.500,0.00,50.0,0.03
2049.00,523.52,1196.23,9.44,2.500,0.00,50.0,0.03
2050.00,523.93,1198.69,9.44,2.500,0.00,50.0,0.03
2051.00,524.34,1201.16,9.44,2.500,0.00,50.0,0.03
2052.00,524.75,1203.63,9.44,2.500,0.00,50.0,0.03
2053.00,525.16,1206.09,9.44,2.500,0.00,50.0,0.03
2054.00,525.57,1208.56,9.44,2.500,0.00,50.0,0.03
2055.00,525.98,1211.03,9.44,2.500,0.00,50.0,0.03
2056.00,526.39,1213.49,9.45,2.500,0.00,50.0,0.02
2057.00,526.80,1215.96,9.45,2.500,0.00,50.0,0.02
2058.00,527.21,1218.42,9.45,2.500,0.00,50.0,0.02
2059.00,527.62,1220.89,9.45,2.500,0.00,50.0,0.02
2060.00,528.03,1223.36,9.45,2.500,0.00,50.0,0.02
2061.00,528.44,1225.82,9.45,2.500,0.00,50.0,0.02
2062.00,528.85,1228.29,9.45,2.500,0.00,50.0,0.02
2063.00,529.26,1230.75,9.45,2.500,0.00,50.0,0.02
2064.00,529.67,1233.22,9.45,2.500,0.00,50.0,0.02
2065.00,530.08,1235.69,9.45,2.500,0.00,50.0,0.02
2066.00,530.49,1238.15,9.45,2.500,0.00,50.0,0.02
2067.00,530.91,1240.62,9.45,2.500,0.00,50.0,0.02
2068.00,531.32,1243.08,9.45,2.500,0.00,50.0,0.02
2069.00,531.73,1245.55,9.45,2.500,0.00,50.0,0.02
2070.00,532.14,1248.02,9.45,2.500,0.00,50.0,0.02
2071.00,532.55,1250.48,9.45,2.500,0.00,50.0,0.01
2072.00,532.96,1252.95,9.45,2.500,0.00,50.0,0.01
2073.00,533.37,1255.42,9.45,2.500,0.00,50.0,0.01
2074.00,533.78,1257.88,9.45,2.500,0.00,50.0,0.01
2075.00,534.19,1260.35,9.45,2.500,0.00,50.0,0.01
2076.00,534.60,1262.81,9.45,2.500,0.00,50.0,0.01
2077.00,535.01,1265.28,9.45,2.500,0.00,50.0,0.01
2078.00,535.42,1267.75,9.45,2.500,0.00,50.0,0.01
2079.00,535.83,1270.21,9.45,2.500,0.00,50.0,0.01
2080.00,536.24,1272.68,9.45,2.500,0.00,50.0,0.01
2081.00,536.65,1275.14,9.45,2.500,0.00,50.0,0.01
2082.00,537.06,1277.61,9.45,2.500,0.00,50.0,0.01
2083.00,537.47,1280.08,9.45,2.500,0.00,50.0,0.01
2084.00,537.88,1282.54,9.45,2.500,0.00,50.0,0.01
2085.00,538.29,1285.01,9.45,2.500,0.00,50.0,0.01
2086.00,538.70,1287.47,9.45,2.500,0.00,50.0,0.01
2087.00,539.12,1289.94,9.45,2.500,0.00,50.0,0.01
2088.00,539.53,1292.41,9.45,2.500,0.00,50.0,0.01
2089.00,539.94,1294.87,9.45,2.500,0.00,50.0,0.01
2090.00,540.35,1297.34,9.45,2.500,0.00,50.0,0.01
2091.00,540.76,1299.80,9.45,2.500,0.00,50.0,0.01
2092.00,541.17,1302.27,9.45,2.500,0.00,50.0,0.01
2093.00,541.58,1304.74,9.45,2.500,0.00,50.0,0.01
2094.00,541.99,1307.20,9.45,2.500,0.00,50.0,0.01
2095.00,542.40,1309.67,9.45,2.500,0.00,50.0,0.01
2096.00,542.81,1312.13,9.45,2.500,0.00,50.0,0.01
2097.00,543.22,1314.60,9.45,2.500,0.00,50.0,0.01
2098.00,543.63,1317.07,9.45,2.500,0.00,50.0,0.01
2099.00,544.04,1319.53,9.45,2.500,0.00,50.0,0.01
2100.00,544.45,1322.00,9.45,2.500,0.00,50.0,0.01
2101.00,544.86,1324.46,9.45,2.500,0.00,50.0,0.01
2102.00,545.27,1326.93,9.45,2.500,0.00,50.0,0.01
2103.00,545.69,1329.40,9.45,2.500,0.00,50.0,0.00
2104.00,546.10,1331.86,9.45,2.500,0.00,50.0,0.00
2105.00,546.51,1334.33,9.45,2.500,0.00,50.0,0.00
2106.00,546.92,1336.79,9.45,2.500,0.00,50.0,0.00
2107.00,547.33,1339.26,9.46,2.500,0.00,50.0,0.00
2108.00,547.74,1341.73,9.46,2.500,0.00,50.0,0.00
2109.00,548.15,1344.19,9.46,2.500,0.00,50.0,0.00
2110.00,548.56,1346.66,9.46,2.500,0.00,50.0,0.00
2111.00,548.97,1349.12,9.46,2.500,0.00,50.0,0.00
2112.00,549.38,1351.59,9.46,2.500,0.00,50.0,0.00
2113.00,549.79,1354.06,9.46,2.500,0.00,50.0,0.00
2114.00,550.20,1356.52,9.46,2.500,0.00,50.0,0.00
2115.00,550.61,1358.99,9.46,2.500,0.00,50.0,0.00
2116.00,551.02,1361.46,9.46,2.500,0.00,50.0,0.00
2117.00,551.44,1363.92,9.46,2.500,0.00,50.0,0.00
2118.00,551.85,1366.39,9.46,2.500,0.00,50.0,0.00
2119.00,552.26,1368.85,9.46,2.500,0.00,50.0,0.00
2120.00,552.67,1371.32,9.46,2.500,0.00,50.0,0.00
2121.00,553.08,1373.79,9.46,2.500,0.00,50.0,0.00
2122.00,553.49,1376.25,9.46,2.500,0.00,50.0,0.00
2123.00,553.90,1378.72,9.46,2.500,0.00,50.0,0.00
2124.00,554.31,1381.18,9.46,2.500,0.00,50.0,0.00
2125.00,554.72,1383.65,9.46,2.500,0.00,50.0,0.00
2126.00,555.13,1386.12,9.46,2.500,0.00,50.0,0.00
2127.00,555.54,1388.58,9.46,2.500,0.00,50.0,0.00
2128.00,555.95,1391.05,9.46,2.500,0.00,50.0,0.00
2129.00,556.36,1393.51,9.46,2.500,0.00,50.0,0.00
2130.00,556.77,1395.98,9.46,2.500,0.00,50.0,0.00
2131.00,557.19,1398.45,9.46,2.500,0.00,50.0,0.00
2132.00,557.60,1400.91,9.46,2.500,0.00,50.0,0.00
2133.00,558.01,1403.38,9.46,2.500,0.00,50.0,0.00
2134.00,558.42,1405.84,9.46,2.500,0.00,50.0,0.00
2135.00,558.83,1408.31,9.46,2.500,0.00,50.0,0.00
2136.00,559.24,1410.78,9.46,2.500,0.00,50.0,0.00
2137.00,559.65,1413.24,9.46,2.500,0.00,50.0,0.00
2138.00,560.06,1415.71,9.46,2.500,0.00,50.0,0.00
2139.00,560.47,1418.17,9.46,2.500,0.00,50.0,0.00
2140.00,560.88,1420.64,9.46,2.500,0.00,50.0,0.00
2141.00,561.29,1423.11,9.46,2.500,0.00,50.0,0.00
2142.00,561.70,1425.57,9.46,2.500,0.00,50.0,0.00
2143.00,562.11,1428.04,9.46,2.500,0.00,50.0,0.00
2144.00,562.53,1430.50,9.46,2.500,0.00,50.0,0.00
2145.00,562.94,1432.97,9.46,2.500,0.00,50.0,0.00
2146.00,563.35,1435.44,9.46,2.500,0.00,50.0,0.00
2147.00,563.76,1437.90,9.46,2.500,0.00,50.0,0.00
2148.00,564.17,1440.37,9.46,2.500,0.00,50.0,0.00
2149.00,564.58,1442.83,9.46,2.500,0.00,50.0,0.00
2150.00,564.99,1445.30,9.46,2.500,0.00,50.0,0.00
2151.00,565.40,1447.77,9.46,2.500,0.00,50.0,0.00
2152.00,565.81,1450.23,9.46,2.500,0.00,50.0,0.00
2153.00,566.22,1452.70,9.46,2.500,0.00,50.0,0.00
2154.00,566.63,1455.16,9.46,2.500,0.00,50.0,0.00
2155.00,567.04,1457.63,9.46,2.500,0.00,50.0,0.00
2156.00,567.45,1460.10,9.46,2.500,0.00,50.0,0.00
2157.00,567.86,1462.56,9.46,2.500,0.00,50.0,0.00
2158.00,568.28,1465.03,9.46,2.500,0.00,50.0,0.00
2159.00,568.69,1467.49,9.46,2.500,0.00,50.0,0.00
2160.00,569.10,1469.96,9.46,2.500,0.00,50.0,0.00
2161.00,569.51,1472.43,9.46,2.500,0.00,50.0,0.00
2162.00,569.92,1474.89,9.46,2.500,0.00,50.0,0.00
2163.00,570.33,1477.36,9.46,2.500,0.00,50.0,0.00
2164.00,570.74,1479.82,9.46,2.500,0.00,50.0,0.00
2165.00,571.15,1482.29,9.46,2.500,0.00,50.0,0.00
2166.00,571.56,1484.76,9.46,2.500,0.00,50.0,0.00
2167.00,571.97,1487.22,9.46,2.500,0.00,50.0,0.00
2168.00,572.38,1489.69,9.46,2.500,0.00,50.0,0.00
2169.00,572.79,1492.15,9.46,2.500,0.00,50.0,0.00
2170.00,573.20,1494.62,9.46,2.500,0.00,50.0,0.00
2171.00,573.62,1497.09,9.46,2.500,0.00,50.0,0.00
2172.00,574.03,1499.55,9.46,2.500,0.00,50.0,0.00
2173.00,574.44,1502.02,9.46,2.500,0.00,50.0,0.00
2174.00,574.85,1504.48,9.46,2.500,0.00,50.0,0.00
2175.00,575.26,1506.95,9.46,2.500,0.00,50.0,0.00
2176.00,575.67,1509.42,9.46,2.500,0.00,50.0,0.00
2177.00,576.08,1511.88,9.46,2.500,0.00,50.0,0.00
2178.00,576.49,1514.35,9.46,2.500,0.00,50.0,0.00
2179.00,576.90,1516.81,9.46,2.500,0.00,50.0,0.00
2180.00,577.31,1519.28,9.46,2.500,0.00,50.0,0.00
2181.00,577.72,1521.75,9.46,2.500,0.00,50.0,0.00
2182.00,578.13,1524.21,9.46,2.500,0.00,50.0,0.00
2183.00,578.54,1526.68,9.46,2.500,0.00,50.0,0.00
2184.00,578.96,1529.14,9.46,2.500,0.00,50.0,0.00
2185.00,579.37,1531.61,9.46,2.500,0.00,50.0,0.00
2186.00,579.78,1534.08,9.46,2.500,0.00,50.0,0.00
2187.00,580.19,1536.54,9.46,2.500,0.00,50.0,0.00
2188.00,580.60,1539.01,9.46,2.500,0.00,50.0,0.00
2189.00,581.01,1541.48,9.46,2.500,0.00,50.0,0.00
2190.00,581.42,1543.94,9.46,2.500,0.00,50.0,0.00
2191.00,581.83,1546.41,9.46,2.500,0.00,50.0,0.00
2192.00,582.24,1548.87,9.46,2.500,0.00,50.0,0.00
2193.00,582.65,1551.34,9.46,2.500,0.00,50.0,0.00
2194.00,583.06,1553.81,9.46,2.500,0.00,50.0,0.00
2195.00,583.47,1556.27,9.46,2.500,0.00,50.0,0.00
2196.00,583.88,1558.74,9.46,2.500,0.00,50.0,0.00
2197.00,584.30,1561.20,9.46,2.500,0.00,50.0,0.00
2198.00,584.71,1563.67,9.46,2.500,0.00,50.0,0.00
2199.00,585.12,1566.14,9.46,2.500,0.00,50.0,0.00
2200.00,585.53,1568.60,9.46,2.500,0.00,50.0,0.00
2201.00,585.94,1571.07,9.46,2.500,0.00,50.0,0.00
2202.00,586.35,1573.53,9.46,2.500,0.00,50.0,0.00
2203.00,586.76,1576.00,9.46,2.500,0.00,50.0,0.00
2204.00,587.17,1578.47,9.46,2.500,0.00,50.0,0.00
2205.00,587.58,1580.93,9.46,2.500,0.00,50.0,0.00
2206.00,587.99,1583.40,9.46,2.500,0.00,50.0,0.00
2207.00,588.40,1585.86,9.46,2.500,0.00,50.0,0.00
2208.00,588.81,1588.33,9.46,2.500,0.00,50.0,0.00
2209.00,589.22,1590.80,9.46,2.500,0.00,50.0,0.00
2210.00,589.64,1593.26,9.46,2.500,0.00,50.0,0.00
2211.00,590.05,1595.73,9.46,2.500,0.00,50.0,0.00
2212.00,590.46,1598.19,9.46,2.500,0.00,50.0,0.00
2213.00,590.87,1600.66,9.46,2.500,0.00,50.0,0.00
2214.00,591.28,1603.13,9.46,2.500,0.00,50.0,0.00
2215.00,591.69,1605.59,9.46,2.500,0.00,50.0,0.00
2216.00,592.10,1608.06,9.46,2.500,0.00,50.0,0.00
2217.00,592.51,1610.52,9.46,2.500,0.00,50.0,0.00
2218.00,592.92,1612.99,9.46,2.500,0.00,50.0,0.00
2219.00,593.33,1615.46,9.46,2.500,0.00,50.0,0.00
2220.00,593.74,1617.92,9.46,2.500,0.00,50.0,0.00
2221.00,594.15,1620.39,9.46,2.500,0.00,50.0,0.00
2222.00,594.56,1622.85,9.46,2.500,0.00,50.0,0.00
2223.00,594.98,1625.32,9.46,2.500,0.00,50.0,0.00
2224.00,595.39,1627.79,9.46,2.500,0.00,50.0,0.00
2225.00,595.80,1630.25,9.46,2.500,0.00,50.0,0.00
2226.00,596.21,1632.72,9.46,2.500,0.00,50.0,0.00
2227.00,596.62,1635.18,9.46,2.500,0.00,50.0,0.00
2228.00,597.03,1637.65,9.46,2.500,0.00,50.0,0.00
2229.00,597.44,1640.12,9.46,2.500,0.00,50.0,0.00
2230.00,597.85,1642.58,9.46,2.500,0.00,50.0,0.00
2231.00,598.26,1645.05,9.46,2.500,0.00,50.0,0.00
2232.00,598.67,1647.51,9.46,2.500,0.00,50.0,0.00
2233.00,599.08,1649.98,9.46,2.500,0.00,50.0,0.00
2234.00,599.49,1652.45,9.46,2.500,0.00,50.0,0.00
2235.00,599.90,1654.91,9.46,2.500,0.00,50.0,0.00
2236.00,600.32,1657.38,9.46,2.500,0.00,50.0,0.00
2237.00,600.73,1659.84,9.46,2.500,0.00,50.0,0.00
2238.00,601.14,1662.31,9.46,2.500,0.00,50.0,0.00
2239.00,601.55,1664.78,9.46,2.500,0.00,50.0,0.00
2240.00,601.96,1667.24,9.46,2.500,0.00,50.0,0.00
2241.00,602.37,1669.71,9.46,2.500,0.00,50.0,0.00
2242.00,602.78,1672.17,9.46,2.500,0.00,50.0,0.00
2243.00,603.19,1674.64,9.46,2.500,0.00,50.0,0.00
2244.00,603.60,1677.11,9.46,2.500,0.00,50.0,0.00
2245.00,604.01,1679.57,9.46,2.500,0.00,50.0,0.00
2246.00,604.42,1682.04,9.46,2.500,0.00,50.0,0.00
2247.00,604.83,1684.50,9.46,2.500,0.00,50.0,0.00
2248.00,605.24,1686.97,9.46,2.500,0.00,50.0,0.00
2249.00,605.66,1689.44,9.46,2.500,0.00,50.0,0.00
2250.00,606.07,1691.90,9.46,2.500,0.00,50.0,0.00
2251.00,606.48,1694.37,9.46,2.500,0.00,50.0,0.00
2252.00,606.89,1696.83,9.46,2.500,0.00,50.0,0.00
2253.00,607.30,1699.30,9.46,2.500,0.00,50.0,0.00
2254.00,607.71,1701.77,9.46,2.500,0.00,50.0,0.00
2255.00,608.12,1704.23,9.46,2.500,0.00,50.0,0.00
2256.00,608.53,1706.70,9.46,2.500,0.00,50.0,0.00
2257.00,608.94,1709.16,9.46,2.500,0.00,50.0,0.00
2258.00,609.35,1711.63,9.46,2.500,0.00,50.0,0.00
2259.00,609.76,1714.10,9.46,2.500,0.00,50.0,0.00
2260.00,610.17,1716.56,9.46,2.500,0.00,50.0,0.00
2261.00,610.58,1719.03,9.46,2.500,0.00,50.0,0.00
2262.00,611.00,1721.49,9.46,2.500,0.00,50.0,0.00
2263.00,611.41,1723.96,9.46,2.500,0.00,50.0,0.00
2264.00,611.82,1726.43,9.46,2.500,0.00,50.0,0.00
2265.00,612.23,1728.89,9.46,2.500,0.00,50.0,0.00
2266.00,612.64,1731.36,9.46,2.500,0.00,50.0,0.00
2267.00,613.05,1733.82,9.46,2.500,0.00,50.0,0.00
2268.00,613.46,1736.29,9.46,2.500,0.00,50.0,0.00
2269.00,613.87,1738.76,9.46,2.500,0.00,50.0,0.00
2270.00,614.28,1741.22,9.46,2.500,0.00,50.0,0.00
2271.00,614.69,1743.69,9.46,2.500,0.00,50.0,0.00
2272.00,615.10,1746.15,9.46,2.500,0.00,50.0,0.00
2273.00,615.51,1748.62,9.46,2.500,0.00,50.0,0.00
2274.00,615.93,1751.09,9.46,2.500,0.00,50.0,0.00
2275.00,616.34,1753.55,9.46,2.500,0.00,50.0,0.00
2276.00,616.75,1756.02,9.46,2.500,0.00,50.0,0.00
2277.00,617.16,1758.48,9.46,2.500,0.00,50.0,0.00
2278.00,617.57,1760.95,9.46,2.500,0.00,50.0,0.00
2279.00,617.98,1763.42,9.46,2.500,0.00,50.0,0.00
2280.00,618.39,1765.88,9.46,2.500,0.00,50.0,0.00
2281.00,618.80,1768.35,9.46,2.500,0.00,50.0,0.00
2282.00,619.21,1770.82,9.46,2.500,0.00,50.0,0.00
2283.00,619.62,1773.28,9.46,2.500,0.00,50.0,0.00
2284.00,620.03,1775.75,9.46,2.500,0.00,50.0,0.00
2285.00,620.44,1778.21,9.46,2.500,0.00,50.0,0.00
2286.00,620.85,1780.68,9.46,2.500,0.00,50.0,0.00
2287.00,621.27,1783.15,9.46,2.500,0.00,50.0,0.00
2288.00,621.68,1785.61,9.46,2.500,0.00,50.0,0.00
2289.00,622.09,1788.08,9.46,2.500,0.00,50.0,0.00
2290.00,622.50,1790.54,9.46,2.500,0.00,50.0,0.00
2291.00,622.91,1793.01,9.46,2.500,0.00,50.0,0.00
2292.00,623.32,1795.48,9.46,2.500,0.00,50.0,0.00
2293.00,623.73,1797.94,9.46,2.500,0.00,50.0,0.00
2294.00,624.14,1800.41,9.46,2.500,0.00,50.0,0.00
2295.00,624.55,1802.87,9.46,2.500,0.00,50.0,0.00
2296.00,624.96,1805.34,9.46,2.500,0.00,50.0,0.00
2297.00,625.37,1807.81,9.46,2.500,0.00,50.0,0.00
2298.00,625.78,1810.27,9.46,2.500,0.00,50.0,0.00
2299.00,626.19,1812.74,9.46,2.500,0.00,50.0,0.00
2300.00,626.61,1815.20,9.46,2.500,0.00,50.0,0.00
2301.00,627.02,1817.67,9.46,2.500,0.00,50.0,0.00
2302.00,627.43,1820.14,9.46,2.500,0.00,50.0,0.00
2303.00,627.84,1822.60,9.46,2.500,0.00,50.0,0.00
2304.00,628.25,1825.07,9.46,2.500,0.00,50.0,0.00
2305.00,628.66,1827.53,9.46,2.500,0.00,50.0,0.00
2306.00,629.07,1830.00,9.46,2.500,0.00,50.0,0.00
2307.00,629.48,1832.47,9.46,2.500,0.00,50.0,0.00
2308.00,629.89,1834.93,9.46,2.500,0.00,50.0,0.00
2309.00,630.30,1837.40,9.46,2.500,0.00,50.0,0.00
2310.00,630.71,1839.86,9.46,2.500,0.00,50.0,0.00
2311.00,631.12,1842.33,9.46,2.500,0.00,50.0,0.00
2312.00,631.53,1844.80,9.46,2.500,0.00,50.0,0.00
2313.00,631.95,1847.26,9.46,2.500,0.00,50.0,0.00
2314.00,632.36,1849.73,9.46,2.500,0.00,50.0,0.00
2315.00,632.77,1852.19,9.46,2.500,0.00,50.0,0.00
2316.00,633.18,1854.66,9.46,2.500,0.00,50.0,0.00
2317.00,633.59,1857.13,9.46,2.500,0.00,50.0,0.00
2318.00,634.00,1859.59,9.46,2.500,0.00,50.0,0.00
2319.00,634.41,1862.06,9.46,2.500,0.00,50.0,0.00
2320.00,634.82,1864.52,9.46,2.500,0.00,50.0,0.00
2321.00,635.23,1866.99,9.46,2.500,0.00,50.0,0.00
2322.00,635.64,1869.46,9.46,2.500,0.00,50.0,0.00
2323.00,636.05,1871.92,9.46,2.500,0.00,50.0,0.00
2324.00,636.46,1874.39,9.46,2.500,0.00,50.0,0.00
2325.00,636.87,1876.85,9.46,2.500,0.00,50.0,0.00
2326.00,637.29,1879.32,9.46,2.500,0.00,50.0,0.00
2327.00,637.70,1881.79,9.46,2.500,0.00,50.0,0.00
2328.00,638.11,1884.25,9.46,2.500,0.00,50.0,0.00
2329.00,638.52,1886.72,9.46,2.500,0.00,50.0,0.00
2330.00,638.93,1889.18,9.46,2.500,0.00,50.0,0.00
2331.00,639.34,1891.65,9.46,2.500,0.00,50.0,0.00
2332.00,639.75,1894.12,9.46,2.500,0.00,50.0,0.00
2333.00,640.16,1896.58,9.46,2.500,0.00,50.0,0.00
2334.00,640.57,1899.05,9.46,2.500,0.00,50.0,0.00
2335.00,640.98,1901.51,9.46,2.500,0.00,50.0,0.00
2336.00,641.39,1903.98,9.46,2.500,0.00,50.0,0.00
2337.00,641.80,1906.45,9.46,2.500,0.00,50.0,0.00
2338.00,642.21,1908.91,9.46,2.500,0.00,50.0,0.00
2339.00,642.63,1911.38,9.46,2.500,0.00,50.0,0.00
2340.00,643.04,1913.84,9.46,2.500,0.00,50.0,0.00
2341.00,643.45,1916.31,9.46,2.500,0.00,50.0,0.00
2342.00,643.86,1918.78,9.46,2.500,0.00,50.0,0.00
2343.00,644.27,1921.24,9.46,2.500,0.00,50.0,0.00
2344.00,644.68,1923.71,9.46,2.500,5.00,50.0,0.06
2345.00,645.09,1926.17,9.46,2.500,5.00,50.0,0.11
2346.00,645.50,1928.64,9.46,2.500,5.00,50.0,0.17
2347.00,645.91,1931.11,9.47,2.500,5.00,50.0,0.22
2348.00,646.32,1933.57,9.47,2.500,5.00,50.0,0.27
2349.00,646.73,1936.04,9.48,2.500,5.00,50.0,0.32
2350.00,647.15,1938.50,9.48,2.500,0.00,50.0,0.31
2351.00,647.56,1940.97,9.49,2.500,0.00,50.0,0.29
2352.00,647.97,1943.44,9.49,2.500,0.00,50.0,0.29
2353.00,648.38,1945.90,9.50,2.500,0.00,50.0,0.28
2354.00,648.79,1948.37,9.50,2.500,0.00,50.0,0.27
2355.00,649.21,1950.83,9.50,2.500,0.00,50.0,0.26
2356.00,649.62,1953.30,9.51,2.500,0.00,50.0,0.25
2357.00,650.03,1955.76,9.51,2.500,0.00,50.0,0.24
2358.00,650.45,1958.23,9.52,2.500,0.00,50.0,0.23
2359.00,650.86,1960.70,9.52,2.500,0.00,50.0,0.22
2360.00,651.27,1963.16,9.52,2.500,0.00,50.0,0.22
2361.00,651.69,1965.63,9.53,2.500,0.00,50.0,0.21
2362.00,652.10,1968.09,9.53,2.500,0.00,50.0,0.20
2363.00,652.51,1970.56,9.53,2.500,5.00,50.0,0.25
2364.00,652.93,1973.02,9.54,2.500,5.00,50.0,0.30
2365.00,653.34,1975.49,9.55,2.500,5.00,50.0,0.35
2366.00,653.76,1977.95,9.55,2.500,5.00,50.0,0.39
2367.00,654.17,1980.42,9.56,2.500,5.00,50.0,0.44
2368.00,654.59,1982.88,9.57,2.500,5.00,50.0,0.48
2369.00,655.00,1985.35,9.58,2.500,0.00,50.0,0.47
2370.00,655.42,1987.82,9.58,2.500,0.00,50.0,0.45
2371.00,655.83,1990.28,9.59,2.500,0.00,50.0,0.43
2372.00,656.25,1992.75,9.60,2.500,0.00,50.0,0.42
2373.00,656.67,1995.21,9.60,2.500,0.00,50.0,0.41
2374.00,657.09,1997.68,9.61,2.500,0.00,50.0,0.39
2375.00,657.50,2000.14,9.62,2.500,0.00,50.0,0.38
2376.00,657.92,2002.61,9.62,2.500,0.00,50.0,0.37
2377.00,658.34,2005.07,9.63,2.500,0.00,50.0,0.35
2378.00,658.76,2007.53,9.63,2.500,0.00,50.0,0.34
2379.00,659.17,2010.00,9.64,2.500,0.00,50.0,0.33
2380.00,659.59,2012.46,9.65,2.500,0.00,50.0,0.32
2381.00,660.01,2014.93,9.65,2.500,0.00,50.0,0.31
2382.00,660.43,2017.39,9.66,2.500,0.00,50.0,0.30
2383.00,660.85,2019.86,9.66,2.500,0.00,50.0,0.29
2384.00,661.27,2022.32,9.66,2.500,0.00,50.0,0.28
2385.00,661.69,2024.79,9.67,2.500,0.00,50.0,0.27
2386.00,662.11,2027.25,9.67,2.500,0.00,50.0,0.26
2387.00,662.53,2029.72,9.68,2.500,0.00,50.0,0.25
2388.00,662.95,2032.18,9.68,2.500,0.00,50.0,0.24
2389.00,663.37,2034.64,9.69,2.500,0.00,50.0,0.24
2390.00,663.79,2037.11,9.69,2.500,0.00,50.0,0.23
2391.00,664.21,2039.57,9.69,2.500,0.00,50.0,0.22
2392.00,664.63,2042.04,9.70,2.500,0.00,50.0,0.21
2393.00,665.05,2044.50,9.70,2.500,0.00,50.0,0.21
2394.00,665.48,2046.97,9.70,2.500,0.00,50.0,0.20
2395.00,665.90,2049.43,9.71,2.500,0.00,50.0,0.19
2396.00,666.32,2051.89,9.71,2.500,0.00,50.0,0.19
2397.00,666.74,2054.36,9.71,2.500,0.00,50.0,0.18
2398.00,667.16,2056.82,9.72,2.500,0.00,50.0,0.17
2399.00,667.58,2059.29,9.72,2.500,0.00,50.0,0.17
2400.00,668.01,2061.75,9.72,2.500,0.00,50.0,0.16
2401.00,668.43,2064.22,9.72,2.500,0.00,50.0,0.16
2402.00,668.85,2066.68,9.73,2.500,0.00,50.0,0.15
2403.00,669.27,2069.14,9.73,2.500,0.00,50.0,0.15
2404.00,669.69,2071.61,9.73,2.500,0.00,50.0,0.14
2405.00,670.12,2074.07,9.73,2.500,0.00,50.0,0.14
2406.00,670.54,2076.54,9.74,2.500,0.00,50.0,0.13
2407.00,670.96,2079.00,9.74,2.500,0.00,50.0,0.13
2408.00,671.39,2081.46,9.74,2.500,0.00,50.0,0.12
2409.00,671.81,2083.93,9.74,2.500,0.00,50.0,0.12
2410.00,672.23,2086.39,9.74,2.500,0.00,50.0,0.12
2411.00,672.65,2088.86,9.75,2.500,0.00,50.0,0.11
2412.00,673.08,2091.32,9.75,2.500,0.00,50.0,0.11
2413.00,673.50,2093.78,9.75,2.500,0.00,50.0,0.10
2414.00,673.92,2096.25,9.75,2.500,0.00,50.0,0.10
2415.00,674.35,2098.71,9.75,2.500,0.00,50.0,0.10
2416.00,674.77,2101.18,9.75,2.500,0.00,50.0,0.09
2417.00,675.19,2103.64,9.76,2.500,0.00,50.0,0.09
2418.00,675.62,2106.10,9.76,2.500,0.00,50.0,0.09
2419.00,676.04,2108.57,9.76,2.500,0.00,50.0,0.09
2420.00,676.47,2111.03,9.76,2.500,0.00,50.0,0.08
2421.00,676.89,2113.49,9.76,2.500,0.00,50.0,0.08
2422.00,677.31,2115.96,9.76,2.500,0.00,50.0,0.08
2423.00,677.74,2118.42,9.76,2.500,0.00,50.0,0.07
2424.00,678.16,2120.89,9.77,2.500,0.00,50.0,0.07
2425.00,678.59,2123.35,9.77,2.500,0.00,50.0,0.07
2426.00,679.01,2125.81,9.77,2.500,0.00,50.0,0.07
2427.00,679.43,2128.28,9.77,2.500,0.00,50.0,0.07
2428.00,679.86,2130.74,9.77,2.500,0.00,50.0,0.06
2429.00,680.28,2133.20,9.77,2.500,0.00,50.0,0.06
2430.00,680.71,2135.67,9.77,2.500,0.00,50.0,0.06
2431.00,681.13,2138.13,9.77,2.500,0.00,50.0,0.06
2432.00,681.55,2140.60,9.77,2.500,0.00,50.0,0.05
2433.00,681.98,2143.06,9.77,2.500,0.00,50.0,0.05
2434.00,682.40,2145.52,9.78,2.500,0.00,50.0,0.05
2435.00,682.83,2147.99,9.78,2.500,0.00,50.0,0.05
2436.00,683.25,2150.45,9.78,2.500,0.00,50.0,0.05
2437.00,683.68,2152.91,9.78,2.500,0.00,50.0,0.05
2438.00,684.10,2155.38,9.78,2.500,0.00,50.0,0.04
2439.00,684.53,2157.84,9.78,2.500,0.00,50.0,0.04
2440.00,684.95,2160.31,9.78,2.500,0.00,50.0,0.04
2441.00,685.38,2162.77,9.78,2.500,0.00,50.0,0.04
2442.00,685.80,2165.23,9.78,2.500,0.00,50.0,0.04
2443.00,686.23,2167.70,9.78,2.500,0.00,50.0,0.04
2444.00,686.65,2170.16,9.78,2.500,0.00,50.0,0.04
2445.00,687.07,2172.62,9.78,2.500,0.00,50.0,0.04
2446.00,687.50,2175.09,9.78,2.500,0.00,50.0,0.03
2447.00,687.92,2177.55,9.78,2.500,0.00,50.0,0.03
2448.00,688.35,2180.01,9.78,2.500,0.00,50.0,0.03
2449.00,688.77,2182.48,9.79,2.500,0.00,50.0,0.03
2450.00,689.20,2184.94,9.79,2.500,0.00,50.0,0.03
2451.00,689.62,2187.41,9.79,2.500,0.00,50.0,0.03
2452.00,690.05,2189.87,9.79,2.500,0.00,50.0,0.03
2453.00,690.47,2192.33,9.79,2.500,0.00,50.0,0.03
2454.00,690.90,2194.80,9.79,2.500,0.00,50.0,0.03
2455.00,691.32,2197.26,9.79,2.500,0.00,50.0,0.03
2456.00,691.75,2199.72,9.79,2.500,0.00,50.0,0.02
2457.00,692.17,2202.19,9.79,2.500,0.00,50.0,0.02
2458.00,692.60,2204.65,9.79,2.500,0.00,50.0,0.02
2459.00,693.02,2207.11,9.79,2.500,0.00,50.0,0.02
2460.00,693.45,2209.58,9.79,2.500,0.00,50.0,0.02
2461.00,693.87,2212.04,9.79,2.500,0.00,50.0,0.02
2462.00,694.30,2214.50,9.79,2.500,0.00,50.0,0.02
2463.00,694.72,2216.97,9.79,2.500,0.00,50.0,0.02
2464.00,695.15,2219.43,9.79,2.500,0.00,50.0,0.02
2465.00,695.57,2221.90,9.79,2.500,0.00,50.0,0.02
2466.00,696.00,2224.36,9.79,2.500,0.00,50.0,0.02
2467.00,696.42,2226.82,9.79,2.500,0.00,50.0,0.02
2468.00,696.85,2229.29,9.79,2.500,0.00,50.0,0.02
2469.00,697.27,2231.75,9.79,2.500,0.00,50.0,0.02
2470.00,697.70,2234.21,9.79,2.500,0.00,50.0,0.02
2471.00,698.13,2236.68,9.79,2.500,0.00,50.0,0.01
2472.00,698.55,2239.14,9.79,2.500,0.00,50.0,0.01
2473.00,698.98,2241.60,9.79,2.500,0.00,50.0,0.01
2474.00,699.40,2244.07,9.79,2.500,0.00,50.0,0.01
2475.00,699.83,2246.53,9.79,2.500,0.00,50.0,0.01
2476.00,700.25,2249.00,9.79,2.500,0.00,50.0,0.01
2477.00,700.68,2251.46,9.79,2.500,0.00,50.0,0.01
2478.00,701.10,2253.92,9.79,2.500,0.00,50.0,0.01
2479.00,701.53,2256.39,9.79,2.500,0.00,50.0,0.01
2480.00,701.95,2258.85,9.79,2.500,0.00,50.0,0.01
2481.00,702.38,2261.31,9.79,2.500,0.00,50.0,0.01
2482.00,702.80,2263.78,9.80,2.500,0.00,50.0,0.01
2483.00,703.23,2266.24,9.80,2.500,0.00,50.0,0.01
2484.00,703.65,2268.70,9.80,2.500,0.00,50.0,0.01
2485.00,704.08,2271.17,9.80,2.500,0.00,50.0,0.01
2486.00,704.50,2273.63,9.80,2.500,0.00,50.0,0.01
2487.00,704.93,2276.09,9.80,2.500,0.00,50.0,0.01
2488.00,705.36,2278.56,9.80,2.500,0.00,50.0,0.01
2489.00,705.78,2281.02,9.80,2.500,0.00,50.0,0.01
2490.00,706.21,2283.48,9.80,2.500,0.00,50.0,0.01
2491.00,706.63,2285.95,9.80,2.500,0.00,50.0,0.01
2492.00,707.06,2288.41,9.80,2.500,0.00,50.0,0.01
2493.00,707.48,2290.88,9.80,2.500,0.00,50.0,0.01
2494.00,707.91,2293.34,9.80,2.500,0.00,50.0,0.01
2495.00,708.33,2295.80,9.80,2.500,0.00,50.0,0.01
2496.00,708.76,2298.27,9.80,2.500,0.00,50.0,0.01
2497.00,709.18,2300.73,9.80,2.500,0.00,50.0,0.01
2498.00,709.61,2303.19,9.80,2.500,0.00,50.0,0.01
2499.00,710.03,2305.66,9.80,2.500,0.00,50.0,0.01
2500.00,710.46,2308.12,9.80,2.500,0.00,50.0,0.01
2501.00,710.89,2310.58,9.80,2.500,0.00,50.0,0.01
2502.00,711.31,2313.05,9.80,2.500,0.00,50.0,0.01
2503.00,711.74,2315.51,9.80,2.500,0.00,50.0,0.00
2504.00,712.16,2317.97,9.80,2.500,0.00,50.0,0.00
2505.00,712.59,2320.44,9.80,2.500,0.00,50.0,0.00
2506.00,713.01,2322.90,9.80,2.500,0.00,50.0,0.00
2507.00,713.44,2325.37,9.80,2.500,0.00,50.0,0.00
2508.00,713.86,2327.83,9.80,2.500,0.00,50.0,0.00
2509.00,714.29,2330.29,9.80,2.500,0.00,50.0,0.00
2510.00,714.71,2332.76,9.80,2.500,0.00,50.0,0.00
2511.00,715.14,2335.22,9.80,2.500,0.00,50.0,0.00
2512.00,715.56,2337.68,9.80,2.500,0.00,50.0,0.00
2513.00,715.99,2340.15,9.80,2.500,0.00,50.0,0.00
2514.00,716.42,2342.61,9.80,2.500,0.00,50.0,0.00
2515.00,716.84,2345.07,9.80,2.500,0.00,50.0,0.00
2516.00,717.27,2347.54,9.80,2.500,0.00,50.0,0.00
2517.00,717.69,2350.00,9.80,2.500,0.00,50.0,0.00
2518.00,718.12,2352.46,9.80,2.500,0.00,50.0,0.00
2519.00,718.54,2354.93,9.80,2.500,0.00,50.0,0.00
2520.00,718.97,2357.39,9.80,2.500,0.00,50.0,0.00
2521.00,719.39,2359.85,9.80,2.500,0.00,50.0,0.00
2522.00,719.82,2362.32,9.80,2.500,0.00,50.0,0.00
2523.00,720.24,2364.78,9.80,2.500,0.00,50.0,0.00
2524.00,720.67,2367.25,9.80,2.500,0.00,50.0,0.00
2525.00,721.10,2369.71,9.80,2.500,0.00,50.0,0.00
2526.00,721.52,2372.17,9.80,2.500,0.00,50.0,0.00
2527.00,721.95,2374.64,9.80,2.500,0.00,50.0,0.00
2528.00,722.37,2377.10,9.80,2.500,0.00,50.0,0.00
2529.00,722.80,2379.56,9.80,2.500,0.00,50.0,0.00
2530.00,723.22,2382.03,9.80,2.500,0.00,50.0,0.00
2531.00,723.65,2384.49,9.80,2.500,0.00,50.0,0.00
2532.00,724.07,2386.95,9.80,2.500,0.00,50.0,0.00
2533.00,724.50,2389.42,9.80,2.500,0.00,50.0,0.00
2534.00,724.93,2391.88,9.80,2.500,0.00,50.0,0.00
2535.00,725.35,2394.34,9.80,2.500,0.00,50.0,0.00
2536.00,725.78,2396.81,9.80,2.500,0.00,50.0,0.00
2537.00,726.20,2399.27,9.80,2.500,0.00,50.0,0.00
2538.00,726.63,2401.73,9.80,2.500,0.00,50.0,0.00
2539.00,727.05,2404.20,9.80,2.500,0.00,50.0,0.00
2540.00,727.48,2406.66,9.80,2.500,0.00,50.0,0.00
2541.00,727.90,2409.13,9.80,2.500,0.00,50.0,0.00
2542.00,728.33,2411.59,9.80,2.500,0.00,50.0,0.00
2543.00,728.75,2414.05,9.80,2.500,0.00,50.0,0.00
2544.00,729.18,2416.52,9.80,2.500,0.00,50.0,0.00
2545.00,729.61,2418.98,9.80,2.500,0.00,50.0,0.00
2546.00,730.03,2421.44,9.80,2.500,0.00,50.0,0.00
2547.00,730.46,2423.91,9.80,2.500,0.00,50.0,0.00
2548.00,730.88,2426.37,9.80,2.500,0.00,50.0,0.00
2549.00,731.31,2428.83,9.80,2.500,0.00,50.0,0.00
2550.00,731.73,2431.30,9.80,2.500,0.00,50.0,0.00
2551.00,732.16,2433.76,9.80,2.500,0.00,50.0,0.00
2552.00,732.58,2436.22,9.80,2.500,0.00,50.0,0.00
2553.00,733.01,2438.69,9.80,2.500,0.00,50.0,0.00
2554.00,733.44,2441.15,9.80,2.500,0.00,50.0,0.00
2555.00,733.86,2443.61,9.80,2.500,0.00,50.0,0.00
2556.00,734.29,2446.08,9.80,2.500,0.00,50.0,0.00
2557.00,734.71,2448.54,9.80,2.500,0.00,50.0,0.00
2558.00,735.14,2451.00,9.80,2.500,0.00,50.0,0.00
2559.00,735.56,2453.47,9.80,2.500,0.00,50.0,0.00
2560.00,735.99,2455.93,9.80,2.500,0.00,50.0,0.00
2561.00,736.41,2458.40,9.80,2.500,0.00,50.0,0.00
2562.00,736.84,2460.86,9.80,2.500,0.00,50.0,0.00
2563.00,737.26,2463.32,9.80,2.500,0.00,50.0,0.00
2564.00,737.69,2465.79,9.80,2.500,0.00,50.0,0.00
2565.00,738.12,2468.25,9.80,2.500,0.00,50.0,0.00
2566.00,738.54,2470.71,9.80,2.500,0.00,50.0,0.00
2567.00,738.97,2473.18,9.80,2.500,0.00,50.0,0.00
2568.00,739.39,2475.64,9.80,2.500,0.00,50.0,0.00
2569.00,739.82,2478.10,9.80,2.500,0.00,50.0,0.00
2570.00,740.24,2480.57,9.80,2.500,0.00,50.0,0.00
2571.00,740.67,2483.03,9.80,2.500,0.00,50.0,0.00
2572.00,741.09,2485.49,9.80,2.500,0.00,50.0,0.00
2573.00,741.52,2487.96,9.80,2.500,0.00,50.0,0.00
2574.00,741.95,2490.42,9.80,2.500,0.00,50.0,0.00
2575.00,742.37,2492.88,9.80,2.500,0.00,50.0,0.00
2576.00,742.80,2495.35,9.80,2.500,0.00,50.0,0.00
2577.00,743.22,2497.81,9.80,2.500,0.00,50.0,0.00
2578.00,743.65,2500.28,9.80,2.500,0.00,50.0,0.00
2579.00,744.07,2502.74,9.80,2.500,0.00,50.0,0.00
2580.00,744.50,2505.20,9.80,2.500,0.00,50.0,0.00
2581.00,744.92,2507.67,9.80,2.500,0.00,50.0,0.00
2582.00,745.35,2510.13,9.80,2.500,0.00,50.0,0.00
2583.00,745.78,2512.59,9.80,2.500,0.00,50.0,0.00
2584.00,746.20,2515.06,9.80,2.500,0.00,50.0,0.00
2585.00,746.63,2517.52,9.80,2.500,0.00,50.0,0.00
2586.00,747.05,2519.98,9.80,2.500,0.00,50.0,0.00
2587.00,747.48,2522.45,9.80,2.500,0.00,50.0,0.00
2588.00,747.90,2524.91,9.80,2.500,0.00,50.0,0.00
2589.00,748.33,2527.37,9.80,2.500,0.00,50.0,0.00
2590.00,748.75,2529.84,9.80,2.500,0.00,50.0,0.00
2591.00,749.18,2532.30,9.80,2.500,0.00,50.0,0.00
2592.00,749.60,2534.76,9.80,2.500,0.00,50.0,0.00
2593.00,750.03,2537.23,9.80,2.500,0.00,50.0,0.00
2594.00,750.46,2539.69,9.80,2.500,0.00,50.0,0.00
2595.00,750.88,2542.16,9.80,2.500,0.00,50.0,0.00
2596.00,751.31,2544.62,9.80,2.500,0.00,50.0,0.00
2597.00,751.73,2547.08,9.80,2.500,0.00,50.0,0.00
2598.00,752.16,2549.55,9.80,2.500,0.00,50.0,0.00
2599.00,752.58,2552.01,9.80,2.500,0.00,50.0,0.00
2600.00,753.01,2554.47,9.80,2.500,0.00,50.0,0.00
2601.00,753.43,2556.94,9.80,2.500,0.00,50.0,0.00
2602.00,753.86,2559.40,9.80,2.500,0.00,50.0,0.00
2603.00,754.29,2561.86,9.80,2.500,0.00,50.0,0.00
2604.00,754.71,2564.33,9.80,2.500,0.00,50.0,0.00
2605.00,755.14,2566.79,9.80,2.500,0.00,50.0,0.00
2606.00,755.56,2569.25,9.80,2.500,0.00,50.0,0.00
2607.00,755.99,2571.72,9.80,2.500,0.00,50.0,0.00
2608.00,756.41,2574.18,9.80,2.500,0.00,50.0,0.00
2609.00,756.84,2576.64,9.80,2.500,0.00,50.0,0.00
2610.00,757.26,2579.11,9.80,2.500,0.00,50.0,0.00
2611.00,757.69,2581.57,9.80,2.500,0.00,50.0,0.00
2612.00,758.12,2584.04,9.80,2.500,0.00,50.0,0.00
2613.00,758.54,2586.50,9.80,2.500,0.00,50.0,0.00
2614.00,758.97,2588.96,9.80,2.500,0.00,50.0,0.00
2615.00,759.39,2591.43,9.80,2.500,0.00,50.0,0.00
2616.00,759.82,2593.89,9.80,2.500,5.00,50.0,0.06
2617.00,760.24,2596.35,9.80,2.500,5.00,50.0,0.11
2618.00,760.67,2598.82,9.81,2.500,5.00,50.0,0.17
2619.00,761.09,2601.28,9.81,2.500,5.00,50.0,0.22
2620.00,761.52,2603.74,9.81,2.500,5.00,50.0,0.27
2621.00,761.95,2606.21,9.82,2.500,5.00,50.0,0.32
2622.00,762.37,2608.67,9.82,2.500,0.00,50.0,0.31
2623.00,762.80,2611.13,9.83,2.500,0.00,50.0,0.29
2624.00,763.23,2613.60,9.83,2.500,0.00,50.0,0.29
2625.00,763.65,2616.06,9.84,2.500,0.00,50.0,0.28
2626.00,764.08,2618.52,9.84,2.500,0.00,50.0,0.27
2627.00,764.51,2620.99,9.85,2.500,0.00,50.0,0.26
2628.00,764.93,2623.45,9.85,2.500,0.00,50.0,0.25
2629.00,765.36,2625.91,9.86,2.500,0.00,50.0,0.24
2630.00,765.79,2628.38,9.86,2.500,0.00,50.0,0.23
2631.00,766.22,2630.84,9.86,2.500,0.00,50.0,0.22
2632.00,766.65,2633.30,9.87,2.500,0.00,50.0,0.22
2633.00,767.08,2635.76,9.87,2.500,0.00,50.0,0.21
2634.00,767.50,2638.23,9.87,2.500,0.00,50.0,0.20
2635.00,767.93,2640.69,9.88,2.500,0.00,50.0,0.20
2636.00,768.36,2643.15,9.88,2.500,0.00,50.0,0.19
2637.00,768.79,2645.62,9.88,2.500,0.00,50.0,0.18
2638.00,769.22,2648.08,9.89,2.500,0.00,50.0,0.18
2639.00,769.65,2650.54,9.89,2.500,0.00,50.0,0.17
2640.00,770.08,2653.01,9.89,2.500,0.00,50.0,0.17
2641.00,770.51,2655.47,9.89,2.500,0.00,50.0,0.16
2642.00,770.94,2657.93,9.90,2.500,0.00,50.0,0.15
2643.00,771.37,2660.39,9.90,2.500,0.00,50.0,0.15
2644.00,771.80,2662.86,9.90,2.500,0.00,50.0,0.14
2645.00,772.23,2665.32,9.90,2.500,0.00,50.0,0.14
2646.00,772.66,2667.78,9.91,2.500,0.00,50.0,0.14
2647.00,773.09,2670.24,9.91,2.500,0.00,50.0,0.13
2648.00,773.52,2672.71,9.91,2.500,0.00,50.0,0.13
2649.00,773.95,2675.17,9.91,2.500,0.00,50.0,0.12
2650.00,774.38,2677.63,9.91,2.500,0.00,50.0,0.12
2651.00,774.81,2680.10,9.92,2.500,0.00,50.0,0.11
2652.00,775.24,2682.56,9.92,2.500,0.00,50.0,0.11
2653.00,775.67,2685.02,9.92,2.500,0.00,50.0,0.11
2654.00,776.10,2687.48,9.92,2.500,0.00,50.0,0.10
2655.00,776.53,2689.95,9.92,2.500,0.00,50.0,0.10
2656.00,776.96,2692.41,9.92,2.500,0.00,50.0,0.10
2657.00,777.39,2694.87,9.93,2.500,0.00,50.0,0.09
2658.00,777.82,2697.33,9.93,2.500,0.00,50.0,0.09
2659.00,778.25,2699.80,9.93,2.500,0.00,50.0,0.09
2660.00,778.68,2702.26,9.93,2.500,0.00,50.0,0.08
2661.00,779.12,2704.72,9.93,2.500,0.00,50.0,0.08
2662.00,779.55,2707.18,9.93,2.500,0.00,50.0,0.08
2663.00,779.98,2709.65,9.93,2.500,0.00,50.0,0.08
2664.00,780.41,2712.11,9.94,2.500,5.00,50.0,0.13
2665.00,780.84,2714.57,9.94,2.500,5.00,50.0,0.18
2666.00,781.27,2717.03,9.94,2.500,5.00,50.0,0.23
2667.00,781.70,2719.50,9.95,2.500,5.00,50.0,0.28
2668.00,782.14,2721.96,9.95,2.500,5.00,50.0,0.33
2669.00,782.57,2724.42,9.96,2.500,5.00,50.0,0.38
2670.00,783.00,2726.88,9.97,2.500,0.00,50.0,0.36
2671.00,783.43,2729.35,9.97,2.500,0.00,50.0,0.35
2672.00,783.87,2731.81,9.98,2.500,0.00,50.0,0.34
2673.00,784.30,2734.27,9.98,2.500,0.00,50.0,0.33
2674.00,784.73,2736.73,9.99,2.500,0.00,50.0,0.32
2675.00,785.17,2739.19,9.99,2.500,0.00,50.0,0.31
2676.00,785.60,2741.66,10.00,2.500,0.00,50.0,0.30
2677.00,786.03,2744.12,10.00,2.500,0.00,50.0,0.29
2678.00,786.47,2746.58,10.01,2.500,0.00,50.0,0.28
2679.00,786.90,2749.04,10.01,2.500,0.00,50.0,0.27
2680.00,787.34,2751.50,10.02,2.500,0.00,50.0,0.26
2681.00,787.77,2753.97,10.02,2.500,0.00,50.0,0.25
2682.00,788.21,2756.43,10.03,2.500,0.00,50.0,0.24
2683.00,788.64,2758.89,10.03,2.500,0.00,50.0,0.23
2684.00,789.08,2761.35,10.03,2.500,0.00,50.0,0.23
2685.00,789.51,2763.81,10.04,2.500,0.00,50.0,0.22
2686.00,789.95,2766.28,10.04,2.500,0.00,50.0,0.21
2687.00,790.39,2768.74,10.04,2.500,0.00,50.0,0.21
2688.00,790.82,2771.20,10.05,2.500,0.00,50.0,0.20
2689.00,791.26,2773.66,10.05,2.500,0.00,50.0,0.19
2690.00,791.69,2776.12,10.05,2.500,0.00,50.0,0.19
2691.00,792.13,2778.58,10.06,2.500,0.00,50.0,0.18
2692.00,792.57,2781.05,10.06,2.500,0.00,50.0,0.17
2693.00,793.00,2783.51,10.06,2.500,0.00,50.0,0.17
2694.00,793.44,2785.97,10.06,2.500,0.00,50.0,0.16
2695.00,793.88,2788.43,10.07,2.500,0.00,50.0,0.16
2696.00,794.31,2790.89,10.07,2.500,0.00,50.0,0.15
2697.00,794.75,2793.35,10.07,2.500,0.00,50.0,0.15
2698.00,795.19,2795.81,10.07,2.500,0.00,50.0,0.14
2699.00,795.63,2798.28,10.08,2.500,0.00,50.0,0.14
2700.00,796.06,2800.74,10.08,2.500,0.00,50.0,0.13
2701.00,796.50,2803.20,10.08,2.500,0.00,50.0,0.13
2702.00,796.94,2805.66,10.08,2.500,0.00,50.0,0.12
2703.00,797.38,2808.12,10.09,2.500,0.00,50.0,0.12
2704.00,797.81,2810.58,10.09,2.500,0.00,50.0,0.12
2705.00,798.25,2813.04,10.09,2.500,0.00,50.0,0.11
2706.00,798.69,2815.51,10.09,2.500,0.00,50.0,0.11
2707.00,799.13,2817.97,10.09,2.500,0.00,50.0,0.10
2708.00,799.57,2820.43,10.09,2.500,0.00,50.0,0.10
2709.00,800.00,2822.89,10.10,2.500,0.00,50.0,0.10
2710.00,800.44,2825.35,10.10,2.500,0.00,50.0,0.09
2711.00,800.88,2827.81,10.10,2.500,0.00,50.0,0.09
2712.00,801.32,2830.27,10.10,2.500,0.00,50.0,0.09
2713.00,801.76,2832.73,10.10,2.500,0.00,50.0,0.08
2714.00,802.20,2835.20,10.10,2.500,0.00,50.0,0.08
2715.00,802.63,2837.66,10.10,2.500,0.00,50.0,0.08
2716.00,803.07,2840.12,10.11,2.500,0.00,50.0,0.08
2717.00,803.51,2842.58,10.11,2.500,0.00,50.0,0.07
2718.00,803.95,2845.04,10.11,2.500,0.00,50.0,0.07
2719.00,804.39,2847.50,10.11,2.500,0.00,50.0,0.07
2720.00,804.83,2849.96,10.11,2.500,0.00,50.0,0.07
2721.00,805.27,2852.42,10.11,2.500,0.00,50.0,0.06
2722.00,805.71,2854.89,10.11,2.500,0.00,50.0,0.06
2723.00,806.14,2857.35,10.11,2.500,0.00,50.0,0.06
2724.00,806.58,2859.81,10.11,2.500,0.00,50.0,0.06
2725.00,807.02,2862.27,10.12,2.500,0.00,50.0,0.06
2726.00,807.46,2864.73,10.12,2.500,0.00,50.0,0.05
2727.00,807.90,2867.19,10.12,2.500,0.00,50.0,0.05
2728.00,808.34,2869.65,10.12,2.500,0.00,50.0,0.05
2729.00,808.78,2872.11,10.12,2.500,0.00,50.0,0.05
2730.00,809.22,2874.57,10.12,2.500,0.00,50.0,0.05
2731.00,809.66,2877.04,10.12,2.500,0.00,50.0,0.05
2732.00,810.10,2879.50,10.12,2.500,0.00,50.0,0.04
2733.00,810.54,2881.96,10.12,2.500,0.00,50.0,0.04
2734.00,810.98,2884.42,10.12,2.500,0.00,50.0,0.04
2735.00,811.42,2886.88,10.12,2.500,0.00,50.0,0.04
2736.00,811.85,2889.34,10.12,2.500,0.00,50.0,0.04
2737.00,812.29,2891.80,10.12,2.500,0.00,50.0,0.04
2738.00,812.73,2894.26,10.13,2.500,0.00,50.0,0.04
2739.00,813.17,2896.72,10.13,2.500,0.00,50.0,0.04
2740.00,813.61,2899.19,10.13,2.500,0.00,50.0,0.03
2741.00,814.05,2901.65,10.13,2.500,0.00,50.0,0.03
2742.00,814.49,2904.11,10.13,2.500,0.00,50.0,0.03
2743.00,814.93,2906.57,10.13,2.500,0.00,50.0,0.03
2744.00,815.37,2909.03,10.13,2.500,0.00,50.0,0.03
2745.00,815.81,2911.49,10.13,2.500,0.00,50.0,0.03
2746.00,816.25,2913.95,10.13,2.500,0.00,50.0,0.03
2747.00,816.69,2916.41,10.13,2.500,0.00,50.0,0.03
2748.00,817.13,2918.87,10.13,2.500,5.00,50.0,0.08
2749.00,817.57,2921.33,10.13,2.500,5.00,50.0,0.14
2750.00,818.01,2923.80,10.14,2.500,5.00,50.0,0.19
2751.00,818.45,2926.26,10.14,2.500,5.00,50.0,0.24
2752.00,818.89,2928.72,10.15,2.500,5.00,50.0,0.29
2753.00,819.33,2931.18,10.15,2.500,0.00,50.0,0.28
2754.00,819.77,2933.64,10.15,2.500,0.00,50.0,0.27
2755.00,820.21,2936.10,10.16,2.500,0.00,50.0,0.26
2756.00,820.65,2938.56,10.16,2.500,0.00,50.0,0.25
2757.00,821.09,2941.02,10.17,2.500,0.00,50.0,0.24
2758.00,821.53,2943.48,10.17,2.500,0.00,50.0,0.24
2759.00,821.98,2945.94,10.18,2.500,0.00,50.0,0.23
2760.00,822.42,2948.40,10.18,2.500,0.00,50.0,0.22
2761.00,822.86,2950.86,10.18,2.500,0.00,50.0,0.21
2762.00,823.30,2953.33,10.19,2.500,0.00,50.0,0.21
2763.00,823.74,2955.79,10.19,2.500,0.00,50.0,0.20
2764.00,824.19,2958.25,10.19,2.500,0.00,50.0,0.19
2765.00,824.63,2960.71,10.20,2.500,0.00,50.0,0.19
2766.00,825.07,2963.17,10.20,2.500,0.00,50.0,0.18
2767.00,825.51,2965.63,10.20,2.500,0.00,50.0,0.17
2768.00,825.96,2968.09,10.20,2.500,0.00,50.0,0.17
2769.00,826.40,2970.55,10.21,2.500,0.00,50.0,0.16
2770.00,826.84,2973.01,10.21,2.500,0.00,50.0,0.16
2771.00,827.29,2975.47,10.21,2.500,0.00,50.0,0.15
2772.00,827.73,2977.93,10.21,2.500,0.00,50.0,0.15
2773.00,828.17,2980.39,10.22,2.500,0.00,50.0,0.14
2774.00,828.62,2982.85,10.22,2.500,0.00,50.0,0.14
2775.00,829.06,2985.31,10.22,2.500,0.00,50.0,0.13
2776.00,829.50,2987.77,10.22,2.500,0.00,50.0,0.13
2777.00,829.95,2990.23,10.23,2.500,0.00,50.0,0.12
2778.00,830.39,2992.69,10.23,2.500,0.00,50.0,0.12
2779.00,830.83,2995.15,10.23,2.500,0.00,50.0,0.12
2780.00,831.28,2997.61,10.23,2.500,0.00,50.0,0.11
2781.00,831.72,3000.07,10.23,2.500,0.00,50.0,0.11
2782.00,832.17,3002.53,10.24,2.500,0.00,50.0,0.10
2783.00,832.61,3004.99,10.24,2.500,0.00,50.0,0.10
2784.00,833.05,3007.45,10.24,2.500,0.00,50.0,0.10
2785.00,833.50,3009.91,10.24,2.500,0.00,50.0,0.09
2786.00,833.94,3012.37,10.24,2.500,0.00,50.0,0.09
2787.00,834.39,3014.83,10.24,2.500,0.00,50.0,0.09
2788.00,834.83,3017.29,10.24,2.500,0.00,50.0,0.09
2789.00,835.28,3019.75,10.25,2.500,0.00,50.0,0.08
2790.00,835.72,3022.21,10.25,2.500,0.00,50.0,0.08
2791.00,836.17,3024.67,10.25,2.500,0.00,50.0,0.08
2792.00,836.61,3027.13,10.25,2.500,0.00,50.0,0.07
2793.00,837.06,3029.59,10.25,2.500,0.00,50.0,0.07
2794.00,837.50,3032.05,10.25,2.500,0.00,50.0,0.07
2795.00,837.95,3034.51,10.25,2.500,0.00,50.0,0.07
2796.00,838.39,3036.98,10.25,2.500,0.00,50.0,0.07
2797.00,838.84,3039.44,10.26,2.500,0.00,50.0,0.06
2798.00,839.28,3041.90,10.26,2.500,0.00,50.0,0.06
2799.00,839.73,3044.36,10.26,2.500,0.00,50.0,0.06
2800.00,840.17,3046.82,10.26,2.500,0.00,50.0,0.06
2801.00,840.62,3049.28,10.26,2.500,0.00,50.0,0.06
2802.00,841.06,3051.74,10.26,2.500,0.00,50.0,0.05
2803.00,841.51,3054.20,10.26,2.500,0.00,50.0,0.05
2804.00,841.95,3056.66,10.26,2.500,0.00,50.0,0.05
2805.00,842.40,3059.12,10.26,2.500,0.00,50.0,0.05
2806.00,842.84,3061.58,10.26,2.500,0.00,50.0,0.05
2807.00,843.29,3064.04,10.26,2.500,0.00,50.0,0.04
2808.00,843.73,3066.50,10.26,2.500,0.00,50.0,0.04
2809.00,844.18,3068.96,10.27,2.500,0.00,50.0,0.04
2810.00,844.62,3071.42,10.27,2.500,0.00,50.0,0.04
2811.00,845.07,3073.88,10.27,2.500,0.00,50.0,0.04
2812.00,845.52,3076.34,10.27,2.500,0.00,50.0,0.04
2813.00,845.96,3078.80,10.27,2.500,0.00,50.0,0.04
2814.00,846.41,3081.26,10.27,2.500,0.00,50.0,0.04
2815.00,846.85,3083.72,10.27,2.500,0.00,50.0,0.03
2816.00,847.30,3086.18,10.27,2.500,0.00,50.0,0.03
2817.00,847.74,3088.64,10.27,2.500,0.00,50.0,0.03
2818.00,848.19,3091.10,10.27,2.500,0.00,50.0,0.03
2819.00,848.64,3093.56,10.27,2.500,0.00,50.0,0.03
2820.00,849.08,3096.01,10.27,2.500,0.00,50.0,0.03
2821.00,849.53,3098.47,10.27,2.500,0.00,50.0,0.03
2822.00,849.97,3100.93,10.27,2.500,0.00,50.0,0.03
2823.00,850.42,3103.39,10.27,2.500,0.00,50.0,0.03
2824.00,850.86,3105.85,10.27,2.500,0.00,50.0,0.03
2825.00,851.31,3108.31,10.27,2.500,0.00,50.0,0.02
2826.00,851.76,3110.77,10.27,2.500,0.00,50.0,0.02
2827.00,852.20,3113.23,10.27,2.500,0.00,50.0,0.02
2828.00,852.65,3115.69,10.28,2.500,0.00,50.0,0.02
2829.00,853.09,3118.15,10.28,2.500,0.00,50.0,0.02
2830.00,853.54,3120.61,10.28,2.500,0.00,50.0,0.02
2831.00,853.99,3123.07,10.28,2.500,0.00,50.0,0.02
2832.00,854.43,3125.53,10.28,2.500,0.00,50.0,0.02
2833.00,854.88,3127.99,10.28,2.500,0.00,50.0,0.02
2834.00,855.32,3130.45,10.28,2.500,0.00,50.0,0.02
2835.00,855.77,3132.91,10.28,2.500,0.00,50.0,0.02
2836.00,856.22,3135.37,10.28,2.500,0.00,50.0,0.02
2837.00,856.66,3137.83,10.28,2.500,0.00,50.0,0.02
2838.00,857.11,3140.29,10.28,2.500,0.00,50.0,0.02
2839.00,857.55,3142.75,10.28,2.500,0.00,50.0,0.02
2840.00,858.00,3145.21,10.28,2.500,0.00,50.0,0.01
2841.00,858.45,3147.67,10.28,2.500,0.00,50.0,0.01
2842.00,858.89,3150.13,10.28,2.500,0.00,50.0,0.01
2843.00,859.34,3152.59,10.28,2.500,0.00,50.0,0.01
2844.00,859.79,3155.05,10.28,2.500,0.00,50.0,0.01
2845.00,860.23,3157.51,10.28,2.500,0.00,50.0,0.01
2846.00,860.68,3159.97,10.28,2.500,0.00,50.0,0.01
2847.00,861.12,3162.43,10.28,2.500,0.00,50.0,0.01
2848.00,861.57,3164.89,10.28,2.500,0.00,50.0,0.01
2849.00,862.02,3167.35,10.28,2.500,0.00,50.0,0.01
2850.00,862.46,3169.81,10.28,2.500,0.00,50.0,0.01
2851.00,862.91,3172.27,10.28,2.500,0.00,50.0,0.01
2852.00,863.35,3174.73,10.28,2.500,0.00,50.0,0.01
2853.00,863.80,3177.19,10.28,2.500,0.00,50.0,0.01
2854.00,864.25,3179.65,10.28,2.500,0.00,50.0,0.01
2855.00,864.69,3182.11,10.28,2.500,0.00,50.0,0.01
2856.00,865.14,3184.57,10.28,2.500,0.00,50.0,0.01
2857.00,865.59,3187.03,10.28,2.500,0.00,50.0,0.01
2858.00,866.03,3189.49,10.28,2.500,0.00,50.0,0.01
2859.00,866.48,3191.95,10.28,2.500,0.00,50.0,0.01
2860.00,866.92,3194.41,10.28,2.500,0.00,50.0,0.01
2861.00,867.37,3196.87,10.28,2.500,0.00,50.0,0.01
2862.00,867.82,3199.33,10.28,2.500,0.00,50.0,0.01
2863.00,868.26,3201.79,10.28,2.500,0.00,50.0,0.01
2864.00,868.71,3204.25,10.28,2.500,0.00,50.0,0.01
2865.00,869.16,3206.71,10.28,2.500,0.00,50.0,0.01
2866.00,869.60,3209.17,10.28,2.500,0.00,50.0,0.01
2867.00,870.05,3211.63,10.28,2.500,0.00,50.0,0.01
2868.00,870.49,3214.09,10.28,2.500,0.00,50.0,0.01
2869.00,870.94,3216.55,10.28,2.500,0.00,50.0,0.01
2870.00,871.39,3219.01,10.28,2.500,0.00,50.0,0.01
2871.00,871.83,3221.47,10.28,2.500,0.00,50.0,0.01
2872.00,872.28,3223.93,10.28,2.500,0.00,50.0,0.00
2873.00,872.73,3226.39,10.28,2.500,0.00,50.0,0.00
2874.00,873.17,3228.85,10.28,2.500,0.00,50.0,0.00
2875.00,873.62,3231.31,10.28,2.500,0.00,50.0,0.00
2876.00,874.06,3233.77,10.28,2.500,0.00,50.0,0.00
2877.00,874.51,3236.23,10.28,2.500,0.00,50.0,0.00
2878.00,874.96,3238.69,10.28,2.500,0.00,50.0,0.00
2879.00,875.40,3241.15,10.28,2.500,0.00,50.0,0.00
2880.00,875.85,3243.61,10.28,2.500,0.00,50.0,0.00
2881.00,876.30,3246.07,10.28,2.500,0.00,50.0,0.00
2882.00,876.74,3248.53,10.28,2.500,0.00,50.0,0.00
2883.00,877.19,3250.99,10.28,2.500,0.00,50.0,0.00
2884.00,877.63,3253.45,10.28,2.500,0.00,50.0,0.00
2885.00,878.08,3255.91,10.28,2.500,0.00,50.0,0.00
2886.00,878.53,3258.37,10.28,2.500,0.00,50.0,0.00
2887.00,878.97,3260.83,10.28,2.500,0.00,50.0,0.00
2888.00,879.42,3263.29,10.28,2.500,0.00,50.0,0.00
2889.00,879.87,3265.75,10.28,2.500,0.00,50.0,0.00
2890.00,880.31,3268.21,10.28,2.500,0.00,50.0,0.00
2891.00,880.76,3270.67,10.28,2.500,0.00,50.0,0.00
2892.00,881.21,3273.13,10.28,2.500,0.00,50.0,0.00
2893.00,881.65,3275.59,10.28,2.500,0.00,50.0,0.00
2894.00,882.10,3278.04,10.28,2.500,0.00,50.0,0.00
2895.00,882.54,3280.50,10.28,2.500,0.00,50.0,0.00
2896.00,882.99,3282.96,10.28,2.500,0.00,50.0,0.00
2897.00,883.44,3285.42,10.28,2.500,0.00,50.0,0.00
2898.00,883.88,3287.88,10.28,2.500,0.00,50.0,0.00
2899.00,884.33,3290.34,10.28,2.500,0.00,50.0,0.00
2900.00,884.78,3292.80,10.28,2.500,0.00,50.0,0.00
2901.00,885.22,3295.26,10.28,2.500,0.00,50.0,0.00
2902.00,885.67,3297.72,10.28,2.500,0.00,50.0,0.00
2903.00,886.12,3300.18,10.28,2.500,0.00,50.0,0.00
2904.00,886.56,3302.64,10.28,2.500,0.00,50.0,0.00
2905.00,887.01,3305.10,10.28,2.500,0.00,50.0,0.00
2906.00,887.45,3307.56,10.28,2.500,0.00,50.0,0.00
2907.00,887.90,3310.02,10.28,2.500,0.00,50.0,0.00
2908.00,888.35,3312.48,10.29,2.500,0.00,50.0,0.00
2909.00,888.79,3314.94,10.29,2.500,0.00,50.0,0.00
2910.00,889.24,3317.40,10.29,2.500,0.00,50.0,0.00
2911.00,889.69,3319.86,10.29,2.500,0.00,50.0,0.00
2912.00,890.13,3322.32,10.29,2.500,0.00,50.0,0.00
2913.00,890.58,3324.78,10.29,2.500,0.00,50.0,0.00
2914.00,891.03,3327.24,10.29,2.500,0.00,50.0,0.00
2915.00,891.47,3329.70,10.29,2.500,0.00,50.0,0.00
2916.00,891.92,3332.16,10.29,2.500,0.00,50.0,0.00
2917.00,892.36,3334.62,10.29,2.500,0.00,50.0,0.00
2918.00,892.81,3337.08,10.29,2.500,0.00,50.0,0.00
2919.00,893.26,3339.54,10.29,2.500,0.00,50.0,0.00
2920.00,893.70,3342.00,10.29,2.500,0.00,50.0,0.00
2921.00,894.15,3344.46,10.29,2.500,0.00,50.0,0.00
2922.00,894.60,3346.92,10.29,2.500,0.00,50.0,0.00
2923.00,895.04,3349.38,10.29,2.500,0.00,50.0,0.00
2924.00,895.49,3351.84,10.29,2.500,0.00,50.0,0.00
2925.00,895.94,3354.30,10.29,2.500,0.00,50.0,0.00
2926.00,896.38,3356.76,10.29,2.500,0.00,50.0,0.00
2927.00,896.83,3359.22,10.29,2.500,0.00,50.0,0.00
2928.00,897.27,3361.68,10.29,2.500,0.00,50.0,0.00
2929.00,897.72,3364.14,10.29,2.500,0.00,50.0,0.00
2930.00,898.17,3366.60,10.29,2.500,0.00,50.0,0.00
2931.00,898.61,3369.06,10.29,2.500,0.00,50.0,0.00
2932.00,899.06,3371.52,10.29,2.500,0.00,50.0,0.00
2933.00,899.51,3373.98,10.29,2.500,0.00,50.0,0.00
2934.00,899.95,3376.44,10.29,2.500,0.00,50.0,0.00
2935.00,900.40,3378.90,10.29,2.500,0.00,50.0,0.00
2936.00,900.85,3381.36,10.29,2.500,0.00,50.0,0.00
2937.00,901.29,3383.82,10.29,2.500,0.00,50.0,0.00
2938.00,901.74,3386.28,10.29,2.500,0.00,50.0,0.00
2939.00,902.18,3388.74,10.29,2.500,0.00,50.0,0.00
2940.00,902.63,3391.20,10.29,2.500,0.00,50.0,0.00
2941.00,903.08,3393.66,10.29,2.500,0.00,50.0,0.00
2942.00,903.52,3396.12,10.29,2.500,0.00,50.0,0.00
2943.00,903.97,3398.58,10.29,2.500,0.00,50.0,0.00
2944.00,904.42,3401.04,10.29,2.500,0.00,50.0,0.00
2945.00,904.86,3403.50,10.29,2.500,0.00,50.0,0.00
2946.00,905.31,3405.96,10.29,2.500,0.00,50.0,0.00
2947.00,905.76,3408.42,10.29,2.500,0.00,50.0,0.00
2948.00,906.20,3410.88,10.29,2.500,0.00,50.0,0.00
2949.00,906.65,3413.34,10.29,2.500,0.00,50.0,0.00
2950.00,907.09,3415.80,10.29,2.500,0.00,50.0,0.00
2951.00,907.54,3418.26,10.29,2.500,0.00,50.0,0.00
2952.00,907.99,3420.71,10.29,2.500,0.00,50.0,0.00
2953.00,908.43,3423.17,10.29,2.500,0.00,50.0,0.00
2954.00,908.88,3425.63,10.29,2.500,0.00,50.0,0.00
2955.00,909.33,3428.09,10.29,2.500,0.00,50.0,0.00
2956.00,909.77,3430.55,10.29,2.500,0.00,50.0,0.00
2957.00,910.22,3433.01,10.29,2.500,0.00,50.0,0.00
2958.00,910.67,3435.47,10.29,2.500,0.00,50.0,0.00
2959.00,911.11,3437.93,10.29,2.500,0.00,50.0,0.00
2960.00,911.56,3440.39,10.29,2.500,0.00,50.0,0.00
2961.00,912.01,3442.85,10.29,2.500,0.00,50.0,0.00
2962.00,912.45,3445.31,10.29,2.500,0.00,50.0,0.00
2963.00,912.90,3447.77,10.29,2.500,0.00,50.0,0.00
2964.00,913.34,3450.23,10.29,2.500,0.00,50.0,0.00
2965.00,913.79,3452.69,10.29,2.500,0.00,50.0,0.00
2966.00,914.24,3455.15,10.29,2.500,0.00,50.0,0.00
2967.00,914.68,3457.61,10.29,2.500,0.00,50.0,0.00
2968.00,915.13,3460.07,10.29,2.500,0.00,50.0,0.00
2969.00,915.58,3462.53,10.29,2.500,0.00,50.0,0.00
2970.00,916.02,3464.99,10.29,2.500,0.00,50.0,0.00
2971.00,916.47,3467.45,10.29,2.500,0.00,50.0,0.00
2972.00,916.92,3469.91,10.29,2.500,0.00,50.0,0.00
2973.00,917.36,3472.37,10.29,2.500,0.00,50.0,0.00
2974.00,917.81,3474.83,10.29,2.500,0.00,50.0,0.00
2975.00,918.25,3477.29,10.29,2.500,0.00,50.0,0.00
2976.00,918.70,3479.75,10.29,2.500,0.00,50.0,0.00
2977.00,919.15,3482.21,10.29,2.500,0.00,50.0,0.00
2978.00,919.59,3484.67,10.29,2.500,0.00,50.0,0.00
2979.00,920.04,3487.13,10.29,2.500,0.00,50.0,0.00
2980.00,920.49,3489.59,10.29,2.500,0.00,50.0,0.00
2981.00,920.93,3492.05,10.29,2.500,0.00,50.0,0.00
2982.00,921.38,3494.51,10.29,2.500,0.00,50.0,0.00
2983.00,921.83,3496.97,10.29,2.500,0.00,50.0,0.00
2984.00,922.27,3499.43,10.29,2.500,0.00,50.0,0.00
2985.00,922.72,3501.89,10.29,2.500,0.00,50.0,0.00
2986.00,923.16,3504.35,10.29,2.500,0.00,50.0,0.00
2987.00,923.61,3506.81,10.29,2.500,0.00,50.0,0.00
2988.00,924.06,3509.27,10.29,2.500,0.00,50.0,0.00
2989.00,924.50,3511.73,10.29,2.500,0.00,50.0,0.00
2990.00,924.95,3514.19,10.29,2.500,0.00,50.0,0.00
2991.00,925.40,3516.65,10.29,2.500,0.00,50.0,0.00
2992.00,925.84,3519.11,10.29,2.500,0.00,50.0,0.00
2993.00,926.29,3521.57,10.29,2.500,0.00,50.0,0.00
2994.00,926.74,3524.03,10.29,2.500,0.00,50.0,0.00
2995.00,927.18,3526.49,10.29,2.500,0.00,50.0,0.00
2996.00,927.63,3528.95,10.29,2.500,0.00,50.0,0.00
2997.00,928.08,3531.41,10.29,2.500,0.00,50.0,0.00
2998.00,928.52,3533.87,10.29,2.500,0.00,50.0,0.00
2999.00,928.97,3536.33,10.29,2.500,0.00,50.0,0.00
3000.00,929.41,3538.79,10.29,2.500,0.00,50.0,0.00
3001.00,929.86,3541.25,10.29,2.500,0.00,50.0,0.00
3002.00,930.31,3543.71,10.29,2.500,0.00,50.0,0.00
3003.00,930.75,3546.17,10.29,2.500,0.00,50.0,0.00
3004.00,931.20,3548.63,10.29,2.500,0.00,50.0,0.00
3005.00,931.65,3551.09,10.29,2.500,0.00,50.0,0.00
3006.00,932.09,3553.55,10.29,2.500,0.00,50.0,0.00
3007.00,932.54,3556.01,10.29,2.500,0.00,50.0,0.00
3008.00,932.99,3558.47,10.29,2.500,0.00,50.0,0.00
3009.00,933.43,3560.92,10.29,2.500,0.00,50.0,0.00
3010.00,933.88,3563.38,10.29,2.500,0.00,50.0,0.00
3011.00,934.32,3565.84,10.29,2.500,0.00,50.0,0.00
3012.00,934.77,3568.30,10.29,2.500,0.00,50.0,0.00
3013.00,935.22,3570.76,10.29,2.500,0.00,50.0,0.00
3014.00,935.66,3573.22,10.29,2.500,0.00,50.0,0.00
3015.00,936.11,3575.68,10.29,2.500,0.00,50.0,0.00
3016.00,936.56,3578.14,10.29,2.500,0.00,50.0,0.00
3017.00,937.00,3580.60,10.29,2.500,0.00,50.0,0.00
3018.00,937.45,3583.06,10.29,2.500,0.00,50.0,0.00
3019.00,937.90,3585.52,10.29,2.500,0.00,50.0,0.00
3020.00,938.34,3587.98,10.29,2.500,0.00,50.0,0.00
3021.00,938.79,3590.44,10.29,2.500,0.00,50.0,0.00
3022.00,939.23,3592.90,10.29,2.500,0.00,50.0,0.00
3023.00,939.68,3595.36,10.29,2.500,0.00,50.0,0.00
3024.00,940.13,3597.82,10.29,2.500,0.00,50.0,0.00
3025.00,940.57,3600.28,10.29,2.500,0.00,50.0,0.00
3026.00,941.02,3602.74,10.29,2.500,0.00,50.0,0.00
3027.00,941.47,3605.20,10.29,2.500,0.00,50.0,0.00
3028.00,941.91,3607.66,10.29,2.500,0.00,50.0,0.00
3029.00,942.36,3610.12,10.29,2.500,0.00,50.0,0.00
3030.00,942.81,3612.58,10.29,2.500,0.00,50.0,0.00
3031.00,943.25,3615.04,10.29,2.500,0.00,50.0,0.00
3032.00,943.70,3617.50,10.29,2.500,0.00,50.0,0.00
3033.00,944.15,3619.96,10.29,2.500,0.00,50.0,0.00
3034.00,944.59,3622.42,10.29,2.500,0.00,50.0,0.00
3035.00,945.04,3624.88,10.29,2.500,0.00,50.0,0.00
3036.00,945.48,3627.34,10.29,2.500,0.00,50.0,0.00
3037.00,945.93,3629.80,10.29,2.500,0.00,50.0,0.00
3038.00,946.38,3632.26,10.29,2.500,0.00,50.0,0.00
3039.00,946.82,3634.72,10.29,2.500,0.00,50.0,0.00
3040.00,947.27,3637.18,10.29,2.500,0.00,50.0,0.00
3041.00,947.72,3639.64,10.29,2.500,0.00,50.0,0.00
3042.00,948.16,3642.10,10.29,2.500,0.00,50.0,0.00
3043.00,948.61,3644.56,10.29,2.500,0.00,50.0,0.00
3044.00,949.06,3647.02,10.29,2.500,0.00,50.0,0.00
3045.00,949.50,3649.48,10.29,2.500,0.00,50.0,0.00
3046.00,949.95,3651.94,10.29,2.500,0.00,50.0,0.00
3047.00,950.39,3654.40,10.29,2.500,0.00,50.0,0.00
3048.00,950.84,3656.86,10.29,2.500,0.00,50.0,0.00
3049.00,951.29,3659.32,10.29,2.500,0.00,50.0,0.00
3050.00,951.73,3661.78,10.29,2.500,0.00,50.0,0.00
3051.00,952.18,3664.24,10.29,2.500,0.00,50.0,0.00
3052.00,952.63,3666.70,10.29,2.500,0.00,50.0,0.00
3053.00,953.07,3669.16,10.29,2.500,0.00,50.0,0.00
3054.00,953.52,3671.62,10.29,2.500,0.00,50.0,0.00
3055.00,953.97,3674.08,10.29,2.500,0.00,50.0,0.00
3056.00,954.41,3676.54,10.29,2.500,0.00,50.0,0.00
3057.00,954.86,3679.00,10.29,2.500,0.00,50.0,0.00
3058.00,955.30,3681.46,10.29,2.500,0.00,50.0,0.00
3059.00,955.75,3683.92,10.29,2.500,0.00,50.0,0.00
3060.00,956.20,3686.38,10.29,2.500,0.00,50.0,0.00
3061.00,956.64,3688.84,10.29,2.500,0.00,50.0,0.00
3062.00,957.09,3691.30,10.29,2.500,0.00,50.0,0.00
3063.00,957.54,3693.76,10.29,2.500,0.00,50.0,0.00
3064.00,957.98,3696.22,10.29,2.500,0.00,50.0,0.00
3065.00,958.43,3698.68,10.29,2.500,0.00,50.0,0.00
3066.00,958.88,3701.13,10.29,2.500,0.00,50.0,0.00
3067.00,959.32,3703.59,10.29,2.500,0.00,50.0,0.00
3068.00,959.77,3706.05,10.29,2.500,0.00,50.0,0.00
3069.00,960.22,3708.51,10.29,2.500,0.00,50.0,0.00
3070.00,960.66,3710.97,10.29,2.500,0.00,50.0,0.00
3071.00,961.11,3713.43,10.29,2.500,0.00,50.0,0.00
3072.00,961.55,3715.89,10.29,2.500,0.00,50.0,0.00
3073.00,962.00,3718.35,10.29,2.500,0.00,50.0,0.00
3074.00,962.45,3720.81,10.29,2.500,0.00,50.0,0.00
3075.00,962.89,3723.27,10.29,2.500,0.00,50.0,0.00
3076.00,963.34,3725.73,10.29,2.500,0.00,50.0,0.00
3077.00,963.79,3728.19,10.29,2.500,0.00,50.0,0.00
3078.00,964.23,3730.65,10.29,2.500,0.00,50.0,0.00
3079.00,964.68,3733.11,10.29,2.500,0.00,50.0,0.00
3080.00,965.13,3735.57,10.29,2.500,0.00,50.0,0.00
3081.00,965.57,3738.03,10.29,2.500,0.00,50.0,0.00
3082.00,966.02,3740.49,10.29,2.500,0.00,50.0,0.00
3083.00,966.46,3742.95,10.29,2.500,0.00,50.0,0.00
3084.00,966.91,3745.41,10.29,2.500,0.00,50.0,0.00
3085.00,967.36,3747.87,10.29,2.500,0.00,50.0,0.00
3086.00,967.80,3750.33,10.29,2.500,0.00,50.0,0.00
3087.00,968.25,3752.79,10.29,2.500,0.00,50.0,0.00
3088.00,968.70,3755.25,10.29,2.500,0.00,50.0,0.00
3089.00,969.14,3757.71,10.29,2.500,0.00,50.0,0.00
3090.00,969.59,3760.17,10.29,2.500,0.00,50.0,0.00
3091.00,970.04,3762.63,10.29,2.500,0.00,50.0,0.00
3092.00,970.48,3765.09,10.29,2.500,0.00,50.0,0.00
3093.00,970.93,3767.55,10.29,2.500,0.00,50.0,0.00
3094.00,971.38,3770.01,10.29,2.500,0.00,50.0,0.00
3095.00,971.82,3772.47,10.29,2.500,0.00,50.0,0.00
3096.00,972.27,3774.93,10.29,2.500,0.00,50.0,0.00
3097.00,972.71,3777.39,10.29,2.500,0.00,50.0,0.00
3098.00,973.16,3779.85,10.29,2.500,0.00,50.0,0.00
3099.00,973.61,3782.31,10.29,2.500,0.00,50.0,0.00
3100.00,974.05,3784.77,10.29,2.500,0.00,50.0,0.00
3101.00,974.50,3787.23,10.29,2.500,0.00,50.0,0.00
3102.00,974.95,3789.69,10.29,2.500,0.00,50.0,0.00
3103.00,975.39,3792.15,10.29,2.500,0.00,50.0,0.00
3104.00,975.84,3794.61,10.29,2.500,0.00,50.0,0.00
3105.00,976.29,3797.07,10.29,2.500,0.00,50.0,0.00
3106.00,976.73,3799.53,10.29,2.500,0.00,50.0,0.00
3107.00,977.18,3801.99,10.29,2.500,0.00,50.0,0.00
3108.00,977.62,3804.45,10.29,2.500,0.00,50.0,0.00
3109.00,978.07,3806.91,10.29,2.500,0.00,50.0,0.00
3110.00,978.52,3809.37,10.29,2.500,0.00,50.0,0.00
3111.00,978.96,3811.83,10.29,2.500,0.00,50.0,0.00
3112.00,979.41,3814.29,10.29,2.500,0.00,50.0,0.00
3113.00,979.86,3816.75,10.29,2.500,0.00,50.0,0.00
3114.00,980.30,3819.21,10.29,2.500,0.00,50.0,0.00
3115.00,980.75,3821.67,10.29,2.500,0.00,50.0,0.00
3116.00,981.20,3824.13,10.29,2.500,0.00,50.0,0.00
3117.00,981.64,3826.59,10.29,2.500,0.00,50.0,0.00
3118.00,982.09,3829.05,10.29,2.500,0.00,50.0,0.00
3119.00,982.53,3831.51,10.29,2.500,0.00,50.0,0.00
3120.00,982.98,3833.97,10.29,2.500,0.00,50.0,0.00
3121.00,983.43,3836.43,10.29,2.500,0.00,50.0,0.00
3122.00,983.87,3838.89,10.29,2.500,0.00,50.0,0.00
3123.00,984.32,3841.34,10.29,2.500,0.00,50.0,0.00
3124.00,984.77,3843.80,10.29,2.500,0.00,50.0,0.00
3125.00,985.21,3846.26,10.29,2.500,0.00,50.0,0.00
3126.00,985.66,3848.72,10.29,2.500,0.00,50.0,0.00
3127.00,986.11,3851.18,10.29,2.500,0.00,50.0,0.00
3128.00,986.55,3853.64,10.29,2.500,0.00,50.0,0.00
3129.00,987.00,3856.10,10.29,2.500,0.00,50.0,0.00
3130.00,987.45,3858.56,10.29,2.500,0.00,50.0,0.00
3131.00,987.89,3861.02,10.29,2.500,0.00,50.0,0.00
3132.00,988.34,3863.48,10.29,2.500,0.00,50.0,0.00
3133.00,988.78,3865.94,10.29,2.500,0.00,50.0,0.00
3134.00,989.23,3868.40,10.29,2.500,0.00,50.0,0.00
3135.00,989.68,3870.86,10.29,2.500,0.00,50.0,0.00
3136.00,990.12,3873.32,10.29,2.500,0.00,50.0,0.00
3137.00,990.57,3875.78,10.29,2.500,0.00,50.0,0.00
3138.00,991.02,3878.24,10.29,2.500,0.00,50.0,0.00
3139.00,991.46,3880.70,10.29,2.500,0.00,50.0,0.00
3140.00,991.91,3883.16,10.29,2.500,0.00,50.0,0.00
3141.00,992.36,3885.62,10.29,2.500,0.00,50.0,0.00
3142.00,992.80,3888.08,10.29,2.500,0.00,50.0,0.00
3143.00,993.25,3890.54,10.29,2.500,0.00,50.0,0.00
3144.00,993.69,3893.00,10.29,2.500,0.00,50.0,0.00
3145.00,994.14,3895.46,10.29,2.500,0.00,50.0,0.00
3146.00,994.59,3897.92,10.29,2.500,0.00,50.0,0.00
3147.00,995.03,3900.38,10.29,2.500,0.00,50.0,0.00
3148.00,995.48,3902.84,10.29,2.500,0.00,50.0,0.00
3149.00,995.93,3905.30,10.29,2.500,0.00,50.0,0.00
3150.00,996.37,3907.76,10.29,2.500,0.00,50.0,0.00
3151.00,996.82,3910.22,10.29,2.500,0.00,50.0,0.00
3152.00,997.27,3912.68,10.29,2.500,0.00,50.0,0.00
3153.00,997.71,3915.14,10.29,2.500,0.00,50.0,0.00
3154.00,998.16,3917.60,10.29,2.500,0.00,50.0,0.00
3155.00,998.61,3920.06,10.29,2.500,0.00,50.0,0.00
3156.00,999.05,3922.52,10.29,2.500,0.00,50.0,0.00
3157.00,999.50,3924.98,10.29,2.500,0.00,50.0,0.00
3158.00,999.94,3927.44,10.29,2.500,0.00,50.0,0.00
3159.00,1000.39,3929.90,10.29,2.500,0.00,50.0,0.00
3160.00,1000.84,3932.36,10.29,2.500,0.00,50.0,0.00
3161.00,1001.28,3934.82,10.29,2.500,0.00,50.0,0.00
3162.00,1001.73,3937.28,10.29,2.500,0.00,50.0,0.00
3163.00,1002.18,3939.74,10.29,2.500,0.00,50.0,0.00
3164.00,1002.62,3942.20,10.29,2.500,0.00,50.0,0.00
3165.00,1003.07,3944.66,10.29,2.500,0.00,50.0,0.00
3166.00,1003.52,3947.12,10.29,2.500,0.00,50.0,0.00
3167.00,1003.96,3949.58,10.29,2.500,0.00,50.0,0.00
3168.00,1004.41,3952.04,10.29,2.500,0.00,50.0,0.00
3169.00,1004.85,3954.50,10.29,2.500,0.00,50.0,0.00
3170.00,1005.30,3956.96,10.29,2.500,0.00,50.0,0.00
3171.00,1005.75,3959.42,10.29,2.500,0.00,50.0,0.00
3172.00,1006.19,3961.88,10.29,2.500,0.00,50.0,0.00
3173.00,1006.64,3964.34,10.29,2.500,0.00,50.0,0.00
3174.00,1007.09,3966.80,10.29,2.500,0.00,50.0,0.00
3175.00,1007.53,3969.26,10.29,2.500,0.00,50.0,0.00
3176.00,1007.98,3971.72,10.29,2.500,0.00,50.0,0.00
3177.00,1008.43,3974.18,10.29,2.500,0.00,50.0,0.00
3178.00,1008.87,3976.64,10.29,2.500,0.00,50.0,0.00
3179.00,1009.32,3979.10,10.29,2.500,0.00,50.0,0.00
3180.00,1009.76,3981.55,10.29,2.500,0.00,50.0,0.00
3181.00,1010.21,3984.01,10.29,2.500,0.00,50.0,0.00
3182.00,1010.66,3986.47,10.29,2.500,0.00,50.0,0.00
3183.00,1011.10,3988.93,10.29,2.500,0.00,50.0,0.00
3184.00,1011.55,3991.39,10.29,2.500,0.00,50.0,0.00
3185.00,1012.00,3993.85,10.29,2.500,0.00,50.0,0.00
3186.00,1012.44,3996.31,10.29,2.500,0.00,50.0,0.00
3187.00,1012.89,3998.77,10.29,2.500,0.00,50.0,0.00
3188.00,1013.34,4001.23,10.29,2.500,0.00,50.0,0.00
3189.00,1013.78,4003.69,10.29,2.500,0.00,50.0,0.00
3190.00,1014.23,4006.15,10.29,2.500,0.00,50.0,0.00
3191.00,1014.68,4008.61,10.29,2.500,0.00,50.0,0.00
3192.00,1015.12,4011.07,10.29,2.500,0.00,50.0,0.00
3193.00,1015.57,4013.53,10.29,2.500,0.00,50.0,0.00
3194.00,1016.01,4015.99,10.29,2.500,0.00,50.0,0.00
3195.00,1016.46,4018.45,10.29,2.500,0.00,50.0,0.00
3196.00,1016.91,4020.91,10.29,2.500,0.00,50.0,0.00
3197.00,1017.35,4023.37,10.29,2.500,0.00,50.0,0.00
3198.00,1017.80,4025.83,10.29,2.500,0.00,50.0,0.00
3199.00,1018.25,4028.29,10.29,2.500,0.00,50.0,0.00
3200.00,1018.69,4030.75,10.29,2.500,0.00,50.0,0.00
3201.00,1019.14,4033.21,10.29,2.500,0.00,50.0,0.00
3202.00,1019.59,4035.67,10.29,2.500,0.00,50.0,0.00
3203.00,1020.03,4038.13,10.29,2.500,0.00,50.0,0.00
3204.00,1020.48,4040.59,10.29,2.500,0.00,50.0,0.00
3205.00,1020.92,4043.05,10.29,2.500,0.00,50.0,0.00
3206.00,1021.37,4045.51,10.29,2.500,0.00,50.0,0.00
3207.00,1021.82,4047.97,10.29,2.500,0.00,50.0,0.00
3208.00,1022.26,4050.43,10.29,2.500,0.00,50.0,0.00
3209.00,1022.71,4052.89,10.29,2.500,0.00,50.0,0.00
3210.00,1023.16,4055.35,10.29,2.500,0.00,50.0,0.00
3211.00,1023.60,4057.81,10.29,2.500,0.00,50.0,0.00
3212.00,1024.05,4060.27,10.29,2.500,0.00,50.0,0.00
3213.00,1024.50,4062.73,10.29,2.500,0.00,50.0,0.00
3214.00,1024.94,4065.19,10.29,2.500,0.00,50.0,0.00
3215.00,1025.39,4067.65,10.29,2.500,0.00,50.0,0.00
3216.00,1025.83,4070.11,10.29,2.500,0.00,50.0,0.00
3217.00,1026.28,4072.57,10.29,2.500,0.00,50.0,0.00
3218.00,1026.73,4075.03,10.29,2.500,0.00,50.0,0.00
3219.00,1027.17,4077.49,10.29,2.500,0.00,50.0,0.00
3220.00,1027.62,4079.95,10.29,2.500,0.00,50.0,0.00
3221.00,1028.07,4082.41,10.29,2.500,0.00,50.0,0.00
3222.00,1028.51,4084.87,10.29,2.500,0.00,50.0,0.00
3223.00,1028.96,4087.33,10.29,2.500,0.00,50.0,0.00
3224.00,1029.41,4089.79,10.29,2.500,0.00,50.0,0.00
3225.00,1029.85,4092.25,10.29,2.500,0.00,50.0,0.00
3226.00,1030.30,4094.71,10.29,2.500,0.00,50.0,0.00
3227.00,1030.75,4097.17,10.29,2.500,0.00,50.0,0.00
3228.00,1031.19,4099.63,10.29,2.500,0.00,50.0,0.00
3229.00,1031.64,4102.09,10.29,2.500,0.00,50.0,0.00
3230.00,1032.08,4104.55,10.29,2.500,0.00,50.0,0.00
3231.00,1032.53,4107.01,10.29,2.500,0.00,50.0,0.00
3232.00,1032.98,4109.47,10.29,2.500,0.00,50.0,0.00
3233.00,1033.42,4111.93,10.29,2.500,0.00,50.0,0.00
3234.00,1033.87,4114.39,10.29,2.500,0.00,50.0,0.00
3235.00,1034.32,4116.85,10.29,2.500,0.00,50.0,0.00
3236.00,1034.76,4119.30,10.29,2.500,0.00,50.0,0.00
3237.00,1035.21,4121.76,10.29,2.500,0.00,50.0,0.00
3238.00,1035.66,4124.22,10.29,2.500,0.00,50.0,0.00
3239.00,1036.10,4126.68,10.29,2.500,0.00,50.0,0.00
3240.00,1036.55,4129.14,10.29,2.500,0.00,50.0,0.00
3241.00,1036.99,4131.60,10.29,2.500,0.00,50.0,0.00
3242.00,1037.44,4134.06,10.29,2.500,0.00,50.0,0.00
3243.00,1037.89,4136.52,10.29,2.500,0.00,50.0,0.00
3244.00,1038.33,4138.98,10.29,2.500,0.00,50.0,0.00
3245.00,1038.78,4141.44,10.29,2.500,0.00,50.0,0.00
3246.00,1039.23,4143.90,10.29,2.500,0.00,50.0,0.00
3247.00,1039.67,4146.36,10.29,2.500,0.00,50.0,0.00
3248.00,1040.12,4148.82,10.29,2.500,0.00,50.0,0.00
3249.00,1040.57,4151.28,10.29,2.500,0.00,50.0,0.00
3250.00,1041.01,4153.74,10.29,2.500,0.00,50.0,0.00
3251.00,1041.46,4156.20,10.29,2.500,0.00,50.0,0.00
3252.00,1041.91,4158.66,10.29,2.500,0.00,50.0,0.00
3253.00,1042.35,4161.12,10.29,2.500,0.00,50.0,0.00
3254.00,1042.80,4163.58,10.29,2.500,0.00,50.0,0.00
3255.00,1043.24,4166.04,10.29,2.500,0.00,50.0,0.00
3256.00,1043.69,4168.50,10.29,2.500,0.00,50.0,0.00
3257.00,1044.14,4170.96,10.29,2.500,5.00,50.0,0.06
3258.00,1044.58,4173.42,10.29,2.500,5.00,50.0,0.11
3259.00,1045.03,4175.88,10.29,2.500,5.00,50.0,0.17
3260.00,1045.48,4178.34,10.29,2.500,5.00,50.0,0.22
3261.00,1045.92,4180.80,10.30,2.500,5.00,50.0,0.27
3262.00,1046.37,4183.26,10.30,2.500,5.00,50.0,0.32
3263.00,1046.82,4185.72,10.31,2.500,0.00,50.0,0.31
3264.00,1047.27,4188.18,10.31,2.500,0.00,50.0,0.29
3265.00,1047.71,4190.64,10.32,2.500,0.00,50.0,0.29
3266.00,1048.16,4193.10,10.32,2.500,0.00,50.0,0.28
3267.00,1048.61,4195.56,10.33,2.500,0.00,50.0,0.27
3268.00,1049.06,4198.02,10.33,2.500,0.00,50.0,0.26
3269.00,1049.51,4200.48,10.34,2.500,0.00,50.0,0.25
3270.00,1049.95,4202.94,10.34,2.500,0.00,50.0,0.24
3271.00,1050.40,4205.40,10.34,2.500,0.00,50.0,0.23
3272.00,1050.85,4207.86,10.35,2.500,0.00,50.0,0.22
3273.00,1051.30,4210.31,10.35,2.500,0.00,50.0,0.22
3274.00,1051.75,4212.77,10.36,2.500,0.00,50.0,0.21
3275.00,1052.20,4215.23,10.36,2.500,0.00,50.0,0.20
3276.00,1052.65,4217.69,10.36,2.500,0.00,50.0,0.20
3277.00,1053.10,4220.15,10.37,2.500,0.00,50.0,0.19
3278.00,1053.55,4222.61,10.37,2.500,0.00,50.0,0.18
3279.00,1054.00,4225.07,10.37,2.500,0.00,50.0,0.18
3280.00,1054.45,4227.53,10.37,2.500,0.00,50.0,0.17
3281.00,1054.90,4229.99,10.38,2.500,0.00,50.0,0.17
3282.00,1055.35,4232.45,10.38,2.500,0.00,50.0,0.16
3283.00,1055.80,4234.91,10.38,2.500,0.00,50.0,0.15
3284.00,1056.25,4237.37,10.38,2.500,0.00,50.0,0.15
3285.00,1056.70,4239.82,10.39,2.500,0.00,50.0,0.14
3286.00,1057.15,4242.28,10.39,2.500,0.00,50.0,0.14
3287.00,1057.60,4244.74,10.39,2.500,0.00,50.0,0.14
3288.00,1058.05,4247.20,10.39,2.500,0.00,50.0,0.13
3289.00,1058.50,4249.66,10.40,2.500,0.00,50.0,0.13
3290.00,1058.96,4252.12,10.40,2.500,0.00,50.0,0.12
3291.00,1059.41,4254.58,10.40,2.500,0.00,50.0,0.12
3292.00,1059.86,4257.04,10.40,2.500,0.00,50.0,0.11
3293.00,1060.31,4259.50,10.40,2.500,0.00,50.0,0.11
3294.00,1060.76,4261.96,10.41,2.500,0.00,50.0,0.11
3295.00,1061.21,4264.41,10.41,2.500,0.00,50.0,0.10
3296.00,1061.66,4266.87,10.41,2.500,5.00,50.0,0.16
3297.00,1062.12,4269.33,10.41,2.500,5.00,50.0,0.21
3298.00,1062.57,4271.79,10.42,2.500,5.00,50.0,0.26
3299.00,1063.02,4274.25,10.42,2.500,5.00,50.0,0.31
3300.00,1063.47,4276.71,10.43,2.500,5.00,50.0,0.35
3301.00,1063.92,4279.17,10.44,2.500,5.00,50.0,0.40
3302.00,1064.38,4281.63,10.44,2.500,5.00,50.0,0.44
3303.00,1064.83,4284.08,10.45,2.500,0.00,50.0,0.43
3304.00,1065.28,4286.54,10.46,2.500,0.00,50.0,0.41
3305.00,1065.74,4289.00,10.46,2.500,0.00,50.0,0.40
3306.00,1066.19,4291.46,10.47,2.500,0.00,50.0,0.39
3307.00,1066.65,4293.92,10.48,2.500,0.00,50.0,0.37
3308.00,1067.10,4296.38,10.48,2.500,0.00,50.0,0.36
3309.00,1067.55,4298.83,10.49,2.500,0.00,50.0,0.35
3310.00,1068.01,4301.29,10.49,2.500,0.00,50.0,0.34
3311.00,1068.47,4303.75,10.50,2.500,0.00,50.0,0.33
3312.00,1068.92,4306.21,10.50,2.500,0.00,50.0,0.32
3313.00,1069.38,4308.67,10.51,2.500,0.00,50.0,0.31
3314.00,1069.83,4311.13,10.52,2.500,5.00,50.0,0.35
3315.00,1070.29,4313.58,10.52,2.500,5.00,50.0,0.40
3316.00,1070.75,4316.04,10.53,2.500,5.00,50.0,0.44
3317.00,1071.20,4318.50,10.54,2.500,5.00,50.0,0.48
3318.00,1071.66,4320.96,10.55,2.500,5.00,50.0,0.53
3319.00,1072.12,4323.41,10.56,2.500,5.00,50.0,0.56
3320.00,1072.57,4325.87,10.57,2.500,5.00,50.0,0.60
3321.00,1073.03,4328.33,10.58,2.500,0.00,50.0,0.58
3322.00,1073.49,4330.79,10.58,2.500,0.00,50.0,0.56
3323.00,1073.95,4333.25,10.59,2.500,0.00,50.0,0.54
3324.00,1074.41,4335.70,10.60,2.500,0.00,50.0,0.53
3325.00,1074.87,4338.16,10.61,2.500,0.00,50.0,0.51
3326.00,1075.33,4340.62,10.62,2.500,0.00,50.0,0.49
3327.00,1075.79,4343.07,10.63,2.500,0.00,50.0,0.48
3328.00,1076.25,4345.53,10.63,2.500,0.00,50.0,0.46
3329.00,1076.71,4347.99,10.64,2.500,0.00,50.0,0.44
3330.00,1077.18,4350.45,10.65,2.500,0.00,50.0,0.43
3331.00,1077.64,4352.90,10.66,2.500,0.00,50.0,0.42
3332.00,1078.10,4355.36,10.66,2.500,0.00,50.0,0.40
3333.00,1078.56,4357.82,10.67,2.500,0.00,50.0,0.39
3334.00,1079.03,4360.27,10.68,2.500,0.00,50.0,0.38
3335.00,1079.49,4362.73,10.68,2.500,0.00,50.0,0.36
3336.00,1079.95,4365.19,10.69,2.500,0.00,50.0,0.35
3337.00,1080.42,4367.64,10.69,2.500,0.00,50.0,0.34
3338.00,1080.88,4370.10,10.70,2.500,0.00,50.0,0.33
3339.00,1081.34,4372.56,10.70,2.500,0.00,50.0,0.32
3340.00,1081.81,4375.01,10.71,2.500,0.00,50.0,0.31
3341.00,1082.27,4377.47,10.71,2.500,0.00,50.0,0.30
3342.00,1082.74,4379.93,10.72,2.500,0.00,50.0,0.29
3343.00,1083.20,4382.38,10.72,2.500,0.00,50.0,0.28
3344.00,1083.67,4384.84,10.73,2.500,0.00,50.0,0.27
3345.00,1084.13,4387.29,10.73,2.500,0.00,50.0,0.26
3346.00,1084.60,4389.75,10.74,2.500,0.00,50.0,0.25
3347.00,1085.06,4392.21,10.74,2.500,0.00,50.0,0.24
3348.00,1085.53,4394.66,10.74,2.500,0.00,50.0,0.23
3349.00,1086.00,4397.12,10.75,2.500,0.00,50.0,0.23
3350.00,1086.46,4399.58,10.75,2.500,0.00,50.0,0.22
3351.00,1086.93,4402.03,10.76,2.500,0.00,50.0,0.21
3352.00,1087.40,4404.49,10.76,2.500,0.00,50.0,0.20
3353.00,1087.86,4406.94,10.76,2.500,0.00,50.0,0.20
3354.00,1088.33,4409.40,10.77,2.500,0.00,50.0,0.19
3355.00,1088.80,4411.86,10.77,2.500,0.00,50.0,0.18
3356.00,1089.26,4414.31,10.77,2.500,0.00,50.0,0.18
3357.00,1089.73,4416.77,10.77,2.500,0.00,50.0,0.17
3358.00,1090.20,4419.22,10.78,2.500,0.00,50.0,0.17
3359.00,1090.67,4421.68,10.78,2.500,0.00,50.0,0.16
3360.00,1091.13,4424.14,10.78,2.500,0.00,50.0,0.16
3361.00,1091.60,4426.59,10.78,2.500,0.00,50.0,0.15
3362.00,1092.07,4429.05,10.79,2.500,0.00,50.0,0.15
3363.00,1092.54,4431.50,10.79,2.500,0.00,50.0,0.14
3364.00,1093.00,4433.96,10.79,2.500,0.00,50.0,0.14
3365.00,1093.47,4436.41,10.79,2.500,0.00,50.0,0.13
3366.00,1093.94,4438.87,10.80,2.500,0.00,50.0,0.13
3367.00,1094.41,4441.33,10.80,2.500,0.00,50.0,0.12
3368.00,1094.88,4443.78,10.80,2.500,0.00,50.0,0.12
3369.00,1095.35,4446.24,10.80,2.500,0.00,50.0,0.11
3370.00,1095.81,4448.69,10.80,2.500,0.00,50.0,0.11
3371.00,1096.28,4451.15,10.81,2.500,0.00,50.0,0.11
3372.00,1096.75,4453.60,10.81,2.500,0.00,50.0,0.10
3373.00,1097.22,4456.06,10.81,2.500,0.00,50.0,0.10
3374.00,1097.69,4458.52,10.81,2.500,0.00,50.0,0.10
3375.00,1098.16,4460.97,10.81,2.500,0.00,50.0,0.09
3376.00,1098.63,4463.43,10.81,2.500,0.00,50.0,0.09
3377.00,1099.10,4465.88,10.81,2.500,0.00,50.0,0.09
3378.00,1099.56,4468.34,10.82,2.500,0.00,50.0,0.08
3379.00,1100.03,4470.79,10.82,2.500,0.00,50.0,0.08
3380.00,1100.50,4473.25,10.82,2.500,0.00,50.0,0.08
3381.00,1100.97,4475.71,10.82,2.500,0.00,50.0,0.08
3382.00,1101.44,4478.16,10.82,2.500,0.00,50.0,0.07
3383.00,1101.91,4480.62,10.82,2.500,0.00,50.0,0.07
3384.00,1102.38,4483.07,10.82,2.500,0.00,50.0,0.07
3385.00,1102.85,4485.53,10.82,2.500,0.00,50.0,0.07
3386.00,1103.32,4487.98,10.83,2.500,0.00,50.0,0.06
3387.00,1103.79,4490.44,10.83,2.500,0.00,50.0,0.06
3388.00,1104.26,4492.89,10.83,2.500,0.00,50.0,0.06
3389.00,1104.73,4495.35,10.83,2.500,0.00,50.0,0.06
3390.00,1105.20,4497.80,10.83,2.500,0.00,50.0,0.06
3391.00,1105.67,4500.26,10.83,2.500,0.00,50.0,0.05
3392.00,1106.14,4502.72,10.83,2.500,0.00,50.0,0.05
3393.00,1106.61,4505.17,10.83,2.500,0.00,50.0,0.05
3394.00,1107.08,4507.63,10.83,2.500,0.00,50.0,0.05
3395.00,1107.55,4510.08,10.83,2.500,0.00,50.0,0.05
3396.00,1108.02,4512.54,10.83,2.500,0.00,50.0,0.05
3397.00,1108.49,4514.99,10.84,2.500,0.00,50.0,0.04
3398.00,1108.96,4517.45,10.84,2.500,0.00,50.0,0.04
3399.00,1109.43,4519.90,10.84,2.500,0.00,50.0,0.04
3400.00,1109.90,4522.36,10.84,2.500,0.00,50.0,0.04
3401.00,1110.37,4524.81,10.84,2.500,0.00,50.0,0.04
3402.00,1110.84,4527.27,10.84,2.500,0.00,50.0,0.04
3403.00,1111.31,4529.73,10.84,2.500,0.00,50.0,0.04
3404.00,1111.78,4532.18,10.84,2.500,0.00,50.0,0.03
3405.00,1112.25,4534.64,10.84,2.500,0.00,50.0,0.03
3406.00,1112.72,4537.09,10.84,2.500,0.00,50.0,0.03
3407.00,1113.19,4539.55,10.84,2.500,0.00,50.0,0.03
3408.00,1113.66,4542.00,10.84,2.500,0.00,50.0,0.03
3409.00,1114.13,4544.46,10.84,2.500,0.00,50.0,0.03
3410.00,1114.60,4546.91,10.84,2.500,0.00,50.0,0.03
3411.00,1115.07,4549.37,10.84,2.500,0.00,50.0,0.03
3412.00,1115.54,4551.82,10.84,2.500,0.00,50.0,0.03
3413.00,1116.01,4554.28,10.84,2.500,0.00,50.0,0.03
3414.00,1116.48,4556.73,10.85,2.500,0.00,50.0,0.02
3415.00,1116.95,4559.19,10.85,2.500,0.00,50.0,0.02
3416.00,1117.42,4561.65,10.85,2.500,0.00,50.0,0.02
3417.00,1117.89,4564.10,10.85,2.500,0.00,50.0,0.02
3418.00,1118.36,4566.56,10.85,2.500,0.00,50.0,0.02
3419.00,1118.83,4569.01,10.85,2.500,0.00,50.0,0.02
3420.00,1119.30,4571.47,10.85,2.500,0.00,50.0,0.02
3421.00,1119.77,4573.92,10.85,2.500,0.00,50.0,0.02
3422.00,1120.24,4576.38,10.85,2.500,0.00,50.0,0.02
3423.00,1120.71,4578.83,10.85,2.500,0.00,50.0,0.02
3424.00,1121.19,4581.29,10.85,2.500,0.00,50.0,0.02
3425.00,1121.66,4583.74,10.85,2.500,0.00,50.0,0.02
3426.00,1122.13,4586.20,10.85,2.500,0.00,50.0,0.02
3427.00,1122.60,4588.65,10.85,2.500,0.00,50.0,0.02
3428.00,1123.07,4591.11,10.85,2.500,0.00,50.0,0.02
3429.00,1123.54,4593.56,10.85,2.500,0.00,50.0,0.01
3430.00,1124.01,4596.02,10.85,2.500,0.00,50.0,0.01
3431.00,1124.48,4598.47,10.85,2.500,0.00,50.0,0.01
3432.00,1124.95,4600.93,10.85,2.500,0.00,50.0,0.01
3433.00,1125.42,4603.39,10.85,2.500,0.00,50.0,0.01
3434.00,1125.89,4605.84,10.85,2.500,5.00,50.0,0.07
3435.00,1126.36,4608.30,10.85,2.500,5.00,50.0,0.12
3436.00,1126.83,4610.75,10.86,2.500,5.00,50.0,0.18
3437.00,1127.30,4613.21,10.86,2.500,5.00,50.0,0.23
3438.00,1127.77,4615.66,10.87,2.500,5.00,50.0,0.28
3439.00,1128.25,4618.12,10.87,2.500,5.00,50.0,0.33
3440.00,1128.72,4620.57,10.88,2.500,5.00,50.0,0.37
3441.00,1129.19,4623.03,10.88,2.500,0.00,50.0,0.36
3442.00,1129.66,4625.48,10.89,2.500,0.00,50.0,0.35
3443.00,1130.13,4627.94,10.89,2.500,0.00,50.0,0.34
3444.00,1130.61,4630.39,10.90,2.500,0.00,50.0,0.33
3445.00,1131.08,4632.85,10.91,2.500,0.00,50.0,0.31
3446.00,1131.55,4635.30,10.91,2.500,0.00,50.0,0.30
3447.00,1132.02,4637.76,10.92,2.500,0.00,50.0,0.29
3448.00,1132.50,4640.21,10.92,2.500,0.00,50.0,0.28
3449.00,1132.97,4642.67,10.92,2.500,0.00,50.0,0.27
3450.00,1133.45,4645.12,10.93,2.500,0.00,50.0,0.27
3451.00,1133.92,4647.58,10.93,2.500,0.00,50.0,0.26
3452.00,1134.39,4650.03,10.94,2.500,0.00,50.0,0.25
3453.00,1134.87,4652.48,10.94,2.500,0.00,50.0,0.24
3454.00,1135.34,4654.94,10.95,2.500,0.00,50.0,0.23
3455.00,1135.82,4657.39,10.95,2.500,0.00,50.0,0.22
3456.00,1136.29,4659.85,10.95,2.500,0.00,50.0,0.22
3457.00,1136.77,4662.30,10.96,2.500,0.00,50.0,0.21
3458.00,1137.24,4664.76,10.96,2.500,0.00,50.0,0.20
3459.00,1137.72,4667.21,10.96,2.500,0.00,50.0,0.20
3460.00,1138.19,4669.67,10.97,2.500,0.00,50.0,0.19
3461.00,1138.67,4672.12,10.97,2.500,0.00,50.0,0.18
3462.00,1139.14,4674.57,10.97,2.500,0.00,50.0,0.18
3463.00,1139.62,4677.03,10.97,2.500,0.00,50.0,0.17
3464.00,1140.10,4679.48,10.98,2.500,0.00,50.0,0.17
3465.00,1140.57,4681.94,10.98,2.500,0.00,50.0,0.16
3466.00,1141.05,4684.39,10.98,2.500,0.00,50.0,0.15
3467.00,1141.52,4686.85,10.99,2.500,0.00,50.0,0.15
3468.00,1142.00,4689.30,10.99,2.500,0.00,50.0,0.14
3469.00,1142.48,4691.75,10.99,2.500,0.00,50.0,0.14
3470.00,1142.95,4694.21,10.99,2.500,0.00,50.0,0.13
3471.00,1143.43,4696.66,10.99,2.500,0.00,50.0,0.13
3472.00,1143.91,4699.12,11.00,2.500,0.00,50.0,0.13
3473.00,1144.38,4701.57,11.00,2.500,0.00,50.0,0.12
3474.00,1144.86,4704.03,11.00,2.500,0.00,50.0,0.12
3475.00,1145.34,4706.48,11.00,2.500,0.00,50.0,0.11
3476.00,1145.81,4708.93,11.00,2.500,5.00,50.0,0.17
3477.00,1146.29,4711.39,11.01,2.500,5.00,50.0,0.22
3478.00,1146.77,4713.84,11.01,2.500,5.00,50.0,0.27
3479.00,1147.25,4716.30,11.02,2.500,5.00,50.0,0.32
3480.00,1147.72,4718.75,11.02,2.500,5.00,50.0,0.36
3481.00,1148.20,4721.20,11.03,2.500,5.00,50.0,0.41
3482.00,1148.68,4723.66,11.04,2.500,0.00,50.0,0.39
3483.00,1149.16,4726.11,11.04,2.500,0.00,50.0,0.38
3484.00,1149.64,4728.56,11.05,2.500,0.00,50.0,0.37
3485.00,1150.12,4731.02,11.06,2.500,0.00,50.0,0.36
3486.00,1150.60,4733.47,11.06,2.500,0.00,50.0,0.34
3487.00,1151.08,4735.93,11.07,2.500,0.00,50.0,0.33
3488.00,1151.56,4738.38,11.07,2.500,0.00,50.0,0.32
3489.00,1152.04,4740.83,11.08,2.500,0.00,50.0,0.31
3490.00,1152.52,4743.29,11.08,2.500,0.00,50.0,0.30
3491.00,1153.00,4745.74,11.09,2.500,0.00,50.0,0.29
3492.00,1153.48,4748.19,11.09,2.500,0.00,50.0,0.28
3493.00,1153.96,4750.65,11.10,2.500,0.00,50.0,0.27
3494.00,1154.44,4753.10,11.10,2.500,0.00,50.0,0.26
3495.00,1154.92,4755.55,11.11,2.500,0.00,50.0,0.25
3496.00,1155.40,4758.01,11.11,2.500,0.00,50.0,0.25
3497.00,1155.89,4760.46,11.11,2.500,0.00,50.0,0.24
3498.00,1156.37,4762.91,11.12,2.500,0.00,50.0,0.23
3499.00,1156.85,4765.36,11.12,2.500,0.00,50.0,0.22
3500.00,1157.33,4767.82,11.12,2.500,0.00,50.0,0.21
3501.00,1157.81,4770.27,11.13,2.500,0.00,50.0,0.21
3502.00,1158.30,4772.72,11.13,2.500,0.00,50.0,0.20
3503.00,1158.78,4775.18,11.13,2.500,0.00,50.0,0.19
3504.00,1159.26,4777.63,11.14,2.500,0.00,50.0,0.19
3505.00,1159.75,4780.08,11.14,2.500,0.00,50.0,0.18
3506.00,1160.23,4782.54,11.14,2.500,0.00,50.0,0.17
3507.00,1160.71,4784.99,11.15,2.500,0.00,50.0,0.17
3508.00,1161.19,4787.44,11.15,2.500,0.00,50.0,0.16
3509.00,1161.68,4789.89,11.15,2.500,0.00,50.0,0.16
3510.00,1162.16,4792.35,11.15,2.500,0.00,50.0,0.15
3511.00,1162.65,4794.80,11.16,2.500,0.00,50.0,0.15
3512.00,1163.13,4797.25,11.16,2.500,0.00,50.0,0.14
3513.00,1163.61,4799.70,11.16,2.500,5.00,50.0,0.20
3514.00,1164.10,4802.16,11.17,2.500,5.00,50.0,0.25
3515.00,1164.58,4804.61,11.17,2.500,5.00,50.0,0.29
3516.00,1165.07,4807.06,11.18,2.500,5.00,50.0,0.34
3517.00,1165.55,4809.52,11.18,2.500,5.00,50.0,0.39
3518.00,1166.04,4811.97,11.19,2.500,0.00,50.0,0.37
3519.00,1166.52,4814.42,11.20,2.500,0.00,50.0,0.36
3520.00,1167.01,4816.87,11.20,2.500,0.00,50.0,0.35
3521.00,1167.49,4819.33,11.21,2.500,0.00,50.0,0.34
3522.00,1167.98,4821.78,11.21,2.500,0.00,50.0,0.33
3523.00,1168.46,4824.23,11.22,2.500,0.00,50.0,0.32
3524.00,1168.95,4826.68,11.22,2.500,0.00,50.0,0.31
3525.00,1169.44,4829.13,11.23,2.500,5.00,50.0,0.35
3526.00,1169.92,4831.59,11.24,2.500,5.00,50.0,0.40
3527.00,1170.41,4834.04,11.24,2.500,5.00,50.0,0.44
3528.00,1170.90,4836.49,11.25,2.500,5.00,50.0,0.48
3529.00,1171.39,4838.94,11.26,2.500,5.00,50.0,0.53
3530.00,1171.87,4841.39,11.27,2.500,0.00,50.0,0.51
3531.00,1172.36,4843.85,11.28,2.500,0.00,50.0,0.49
3532.00,1172.85,4846.30,11.28,2.500,0.00,50.0,0.47
3533.00,1173.34,4848.75,11.29,2.500,0.00,50.0,0.46
3534.00,1173.83,4851.20,11.30,2.500,0.00,50.0,0.44
3535.00,1174.32,4853.65,11.31,2.500,0.00,50.0,0.43
3536.00,1174.81,4856.10,11.31,2.500,0.00,50.0,0.41
3537.00,1175.30,4858.56,11.32,2.500,0.00,50.0,0.40
3538.00,1175.79,4861.01,11.33,2.500,0.00,50.0,0.39
3539.00,1176.28,4863.46,11.33,2.500,0.00,50.0,0.37
3540.00,1176.77,4865.91,11.34,2.500,0.00,50.0,0.36
3541.00,1177.27,4868.36,11.35,2.500,0.00,50.0,0.35
3542.00,1177.76,4870.81,11.35,2.500,0.00,50.0,0.34
3543.00,1178.25,4873.26,11.36,2.500,0.00,50.0,0.33
3544.00,1178.74,4875.71,11.36,2.500,0.00,50.0,0.32
3545.00,1179.23,4878.16,11.37,2.500,0.00,50.0,0.31
3546.00,1179.73,4880.62,11.37,2.500,0.00,50.0,0.30
3547.00,1180.22,4883.07,11.38,2.500,0.00,50.0,0.29
3548.00,1180.71,4885.52,11.38,2.500,0.00,50.0,0.28
3549.00,1181.21,4887.97,11.39,2.500,0.00,50.0,0.27
3550.00,1181.70,4890.42,11.39,2.500,0.00,50.0,0.26
3551.00,1182.19,4892.87,11.39,2.500,0.00,50.0,0.25
3552.00,1182.69,4895.32,11.40,2.500,0.00,50.0,0.24
3553.00,1183.18,4897.77,11.40,2.500,0.00,50.0,0.23
3554.00,1183.68,4900.22,11.41,2.500,0.00,50.0,0.23
3555.00,1184.17,4902.67,11.41,2.500,0.00,50.0,0.22
3556.00,1184.66,4905.12,11.41,2.500,0.00,50.0,0.21
3557.00,1185.16,4907.57,11.42,2.500,0.00,50.0,0.20
3558.00,1185.65,4910.02,11.42,2.500,0.00,50.0,0.20
3559.00,1186.15,4912.47,11.42,2.500,0.00,50.0,0.19
3560.00,1186.64,4914.93,11.43,2.500,0.00,50.0,0.18
3561.00,1187.14,4917.38,11.43,2.500,0.00,50.0,0.18
3562.00,1187.63,4919.83,11.43,2.500,0.00,50.0,0.17
3563.00,1188.13,4922.28,11.43,2.500,0.00,50.0,0.17
3564.00,1188.63,4924.73,11.44,2.500,0.00,50.0,0.16
3565.00,1189.12,4927.18,11.44,2.500,0.00,50.0,0.16
3566.00,1189.62,4929.63,11.44,2.500,0.00,50.0,0.15
3567.00,1190.11,4932.08,11.44,2.500,0.00,50.0,0.14
3568.00,1190.61,4934.53,11.45,2.500,0.00,50.0,0.14
3569.00,1191.11,4936.98,11.45,2.500,0.00,50.0,0.14
3570.00,1191.60,4939.43,11.45,2.500,0.00,50.0,0.13
3571.00,1192.10,4941.88,11.45,2.500,0.00,50.0,0.13
3572.00,1192.59,4944.33,11.46,2.500,0.00,50.0,0.12
3573.00,1193.09,4946.78,11.46,2.500,0.00,50.0,0.12
3574.00,1193.59,4949.23,11.46,2.500,0.00,50.0,0.11
3575.00,1194.08,4951.68,11.46,2.500,0.00,50.0,0.11
3576.00,1194.58,4954.13,11.46,2.500,0.00,50.0,0.11
3577.00,1195.08,4956.58,11.46,2.500,0.00,50.0,0.10
3578.00,1195.57,4959.03,11.47,2.500,0.00,50.0,0.10
3579.00,1196.07,4961.48,11.47,2.500,0.00,50.0,0.10
3580.00,1196.57,4963.93,11.47,2.500,0.00,50.0,0.09
3581.00,1197.07,4966.38,11.47,2.500,0.00,50.0,0.09
3582.00,1197.56,4968.83,11.47,2.500,0.00,50.0,0.09
3583.00,1198.06,4971.28,11.47,2.500,0.00,50.0,0.08
3584.00,1198.56,4973.73,11.47,2.500,0.00,50.0,0.08
3585.00,1199.05,4976.18,11.48,2.500,0.00,50.0,0.08
3586.00,1199.55,4978.63,11.48,2.500,0.00,50.0,0.08
3587.00,1200.05,4981.08,11.48,2.500,0.00,50.0,0.07
3588.00,1200.55,4983.53,11.48,2.500,0.00,50.0,0.07
3589.00,1201.04,4985.98,11.48,2.500,0.00,50.0,0.07
3590.00,1201.54,4988.43,11.48,2.500,0.00,50.0,0.07
3591.00,1202.04,4990.88,11.48,2.500,0.00,50.0,0.06
3592.00,1202.54,4993.33,11.48,2.500,0.00,50.0,0.06
3593.00,1203.04,4995.78,11.49,2.500,0.00,50.0,0.06
3594.00,1203.53,4998.23,11.49,2.500,0.00,50.0,0.06
3595.00,1204.03,5000.68,11.49,2.500,0.00,50.0,0.06
3596.00,1204.53,5003.13,11.49,2.500,0.00,50.0,0.05
3597.00,1205.03,5005.58,11.49,2.500,0.00,50.0,0.05
3598.00,1205.52,5008.03,11.49,2.500,0.00,50.0,0.05
3599.00,1206.02,5010.48,11.49,2.500,0.00,50.0,0.05
3600.00,1206.52,5012.93,11.49,2.500,0.00,50.0,0.05
3601.00,1207.02,5015.38,11.49,2.500,0.00,50.0,0.05
3602.00,1207.52,5017.83,11.49,2.500,0.00,50.0,0.04
3603.00,1208.01,5020.28,11.49,2.500,0.00,50.0,0.04
3604.00,1208.51,5022.73,11.49,2.500,0.00,50.0,0.04
3605.00,1209.01,5025.18,11.49,2.500,0.00,50.0,0.04
3606.00,1209.51,5027.63,11.50,2.500,0.00,50.0,0.04
3607.00,1210.01,5030.08,11.50,2.500,0.00,50.0,0.04
3608.00,1210.51,5032.53,11.50,2.500,0.00,50.0,0.04
3609.00,1211.00,5034.98,11.50,2.500,5.00,50.0,0.09
3610.00,1211.50,5037.43,11.50,2.500,5.00,50.0,0.15
3611.00,1212.00,5039.88,11.50,2.500,5.00,50.0,0.20
3612.00,1212.50,5042.33,11.51,2.500,5.00,50.0,0.25
3613.00,1213.00,5044.78,11.51,2.500,0.00,50.0,0.24
3614.00,1213.50,5047.23,11.52,2.500,0.00,50.0,0.23
3615.00,1214.00,5049.68,11.52,2.500,0.00,50.0,0.22
3616.00,1214.50,5052.13,11.52,2.500,0.00,50.0,0.22
3617.00,1214.99,5054.58,11.53,2.500,0.00,50.0,0.21
3618.00,1215.49,5057.03,11.53,2.500,0.00,50.0,0.20
3619.00,1215.99,5059.48,11.53,2.500,0.00,50.0,0.20
3620.00,1216.49,5061.93,11.54,2.500,0.00,50.0,0.19
3621.00,1216.99,5064.37,11.54,2.500,0.00,50.0,0.18
3622.00,1217.49,5066.82,11.54,2.500,0.00,50.0,0.18
3623.00,1217.99,5069.27,11.55,2.500,0.00,50.0,0.17
3624.00,1218.49,5071.72,11.55,2.500,0.00,50.0,0.17
3625.00,1219.00,5074.17,11.55,2.500,0.00,50.0,0.16
3626.00,1219.50,5076.62,11.55,2.500,0.00,50.0,0.15
3627.00,1220.00,5079.07,11.56,2.500,0.00,50.0,0.15
3628.00,1220.50,5081.52,11.56,2.500,0.00,50.0,0.14
3629.00,1221.00,5083.97,11.56,2.500,0.00,50.0,0.14
3630.00,1221.50,5086.42,11.56,2.500,0.00,50.0,0.14
3631.00,1222.00,5088.87,11.57,2.500,0.00,50.0,0.13
3632.00,1222.50,5091.32,11.57,2.500,0.00,50.0,0.13
3633.00,1223.00,5093.77,11.57,2.500,0.00,50.0,0.12
3634.00,1223.50,5096.22,11.57,2.500,0.00,50.0,0.12
3635.00,1224.01,5098.67,11.57,2.500,0.00,50.0,0.11
3636.00,1224.51,5101.11,11.58,2.500,0.00,50.0,0.11
3637.00,1225.01,5103.56,11.58,2.500,0.00,50.0,0.11
3638.00,1225.51,5106.01,11.58,2.500,0.00,50.0,0.10
3639.00,1226.01,5108.46,11.58,2.500,0.00,50.0,0.10
3640.00,1226.51,5110.91,11.58,2.500,0.00,50.0,0.10
3641.00,1227.02,5113.36,11.58,2.500,0.00,50.0,0.09
3642.00,1227.52,5115.81,11.59,2.500,0.00,50.0,0.09
3643.00,1228.02,5118.26,11.59,2.500,0.00,50.0,0.09
3644.00,1228.52,5120.71,11.59,2.500,0.00,50.0,0.08
3645.00,1229.02,5123.16,11.59,2.500,0.00,50.0,0.08
3646.00,1229.53,5125.61,11.59,2.500,0.00,50.0,0.08
3647.00,1230.03,5128.05,11.59,2.500,0.00,50.0,0.08
3648.00,1230.53,5130.50,11.59,2.500,0.00,50.0,0.07
3649.00,1231.03,5132.95,11.59,2.500,0.00,50.0,0.07
3650.00,1231.54,5135.40,11.60,2.500,0.00,50.0,0.07
3651.00,1232.04,5137.85,11.60,2.500,0.00,50.0,0.07
3652.00,1232.54,5140.30,11.60,2.500,0.00,50.0,0.06
3653.00,1233.04,5142.75,11.60,2.500,0.00,50.0,0.06
3654.00,1233.55,5145.20,11.60,2.500,0.00,50.0,0.06
3655.00,1234.05,5147.65,11.60,2.500,0.00,50.0,0.06
3656.00,1234.55,5150.10,11.60,2.500,0.00,50.0,0.06
3657.00,1235.05,5152.54,11.60,2.500,0.00,50.0,0.05
3658.00,1235.56,5154.99,11.60,2.500,0.00,50.0,0.05
3659.00,1236.06,5157.44,11.60,2.500,0.00,50.0,0.05
3660.00,1236.56,5159.89,11.60,2.500,0.00,50.0,0.05
3661.00,1237.07,5162.34,11.61,2.500,0.00,50.0,0.05
3662.00,1237.57,5164.79,11.61,2.500,0.00,50.0,0.05
3663.00,1238.07,5167.24,11.61,2.500,0.00,50.0,0.04
3664.00,1238.58,5169.69,11.61,2.500,0.00,50.0,0.04
3665.00,1239.08,5172.14,11.61,2.500,0.00,50.0,0.04
3666.00,1239.58,5174.58,11.61,2.500,0.00,50.0,0.04
3667.00,1240.08,5177.03,11.61,2.500,0.00,50.0,0.04
3668.00,1240.59,5179.48,11.61,2.500,0.00,50.0,0.04
3669.00,1241.09,5181.93,11.61,2.500,0.00,50.0,0.04
3670.00,1241.59,5184.38,11.61,2.500,0.00,50.0,0.03
3671.00,1242.10,5186.83,11.61,2.500,0.00,50.0,0.03
3672.00,1242.60,5189.28,11.61,2.500,0.00,50.0,0.03
3673.00,1243.10,5191.73,11.61,2.500,0.00,50.0,0.03
3674.00,1243.61,5194.17,11.61,2.500,0.00,50.0,0.03
3675.00,1244.11,5196.62,11.62,2.500,5.00,50.0,0.09
3676.00,1244.61,5199.07,11.62,2.500,5.00,50.0,0.14
3677.00,1245.12,5201.52,11.62,2.500,5.00,50.0,0.19
3678.00,1245.62,5203.97,11.62,2.500,5.00,50.0,0.24
3679.00,1246.12,5206.42,11.63,2.500,5.00,50.0,0.29
3680.00,1246.63,5208.87,11.63,2.500,0.00,50.0,0.28
3681.00,1247.13,5211.32,11.64,2.500,0.00,50.0,0.27
3682.00,1247.64,5213.76,11.64,2.500,0.00,50.0,0.26
3683.00,1248.14,5216.21,11.65,2.500,0.00,50.0,0.26
3684.00,1248.65,5218.66,11.65,2.500,0.00,50.0,0.25
3685.00,1249.15,5221.11,11.66,2.500,0.00,50.0,0.24
3686.00,1249.66,5223.56,11.66,2.500,0.00,50.0,0.23
3687.00,1250.16,5226.01,11.66,2.500,5.00,50.0,0.28
3688.00,1250.67,5228.46,11.67,2.500,5.00,50.0,0.33
3689.00,1251.17,5230.90,11.68,2.500,5.00,50.0,0.37
3690.00,1251.68,5233.35,11.68,2.500,5.00,50.0,0.42
3691.00,1252.18,5235.80,11.69,2.500,0.00,50.0,0.41
3692.00,1252.69,5238.25,11.70,2.500,0.00,50.0,0.39
3693.00,1253.20,5240.70,11.70,2.500,0.00,50.0,0.38
3694.00,1253.70,5243.14,11.71,2.500,0.00,50.0,0.37
3695.00,1254.21,5245.59,11.71,2.500,0.00,50.0,0.35
3696.00,1254.72,5248.04,11.72,2.500,0.00,50.0,0.34
3697.00,1255.23,5250.49,11.73,2.500,0.00,50.0,0.33
3698.00,1255.74,5252.94,11.73,2.500,5.00,50.0,0.38
3699.00,1256.24,5255.38,11.74,2.500,5.00,50.0,0.42
3700.00,1256.75,5257.83,11.75,2.500,5.00,50.0,0.46
3701.00,1257.26,5260.28,11.76,2.500,5.00,50.0,0.51
3702.00,1257.77,5262.73,11.76,2.500,5.00,50.0,0.55
3703.00,1258.28,5265.17,11.77,2.500,5.00,50.0,0.59
3704.00,1258.79,5267.62,11.78,2.500,5.00,50.0,0.62
3705.00,1259.30,5270.07,11.79,2.500,0.00,50.0,0.60
3706.00,1259.81,5272.52,11.80,2.500,0.00,50.0,0.58
3707.00,1260.32,5274.96,11.81,2.500,0.00,50.0,0.56
3708.00,1260.84,5277.41,11.82,2.500,0.00,50.0,0.54
3709.00,1261.35,5279.86,11.83,2.500,0.00,50.0,0.53
3710.00,1261.86,5282.30,11.84,2.500,0.00,50.0,0.51
3711.00,1262.37,5284.75,11.85,2.500,0.00,50.0,0.49
3712.00,1262.89,5287.20,11.86,2.500,0.00,50.0,0.47
3713.00,1263.40,5289.64,11.86,2.500,0.00,50.0,0.46
3714.00,1263.91,5292.09,11.87,2.500,0.00,50.0,0.44
3715.00,1264.43,5294.54,11.88,2.500,0.00,50.0,0.43
3716.00,1264.94,5296.98,11.89,2.500,0.00,50.0,0.41
3717.00,1265.46,5299.43,11.89,2.500,0.00,50.0,0.40
3718.00,1265.97,5301.88,11.90,2.500,0.00,50.0,0.39
3719.00,1266.49,5304.32,11.90,2.500,0.00,50.0,0.37
3720.00,1267.00,5306.77,11.91,2.500,0.00,50.0,0.36
3721.00,1267.52,5309.22,11.92,2.500,0.00,50.0,0.35
3722.00,1268.04,5311.66,11.92,2.500,0.00,50.0,0.34
3723.00,1268.55,5314.11,11.93,2.500,0.00,50.0,0.33
3724.00,1269.07,5316.55,11.93,2.500,0.00,50.0,0.32
3725.00,1269.59,5319.00,11.94,2.500,0.00,50.0,0.31
3726.00,1270.10,5321.45,11.94,2.500,0.00,50.0,0.30
3727.00,1270.62,5323.89,11.95,2.500,0.00,50.0,0.29
3728.00,1271.14,5326.34,11.95,2.500,0.00,50.0,0.28
3729.00,1271.66,5328.78,11.96,2.500,0.00,50.0,0.27
3730.00,1272.17,5331.23,11.96,2.500,0.00,50.0,0.26
3731.00,1272.69,5333.67,11.97,2.500,0.00,50.0,0.25
3732.00,1273.21,5336.12,11.97,2.500,0.00,50.0,0.24
3733.00,1273.73,5338.57,11.97,2.500,0.00,50.0,0.23
3734.00,1274.25,5341.01,11.98,2.500,0.00,50.0,0.23
3735.00,1274.77,5343.46,11.98,2.500,0.00,50.0,0.22
3736.00,1275.29,5345.90,11.98,2.500,0.00,50.0,0.21
3737.00,1275.80,5348.35,11.99,2.500,0.00,50.0,0.20
3738.00,1276.32,5350.79,11.99,2.500,0.00,50.0,0.20
3739.00,1276.84,5353.24,11.99,2.500,0.00,50.0,0.19
3740.00,1277.36,5355.68,12.00,2.500,0.00,50.0,0.18
3741.00,1277.88,5358.13,12.00,2.500,0.00,50.0,0.18
3742.00,1278.40,5360.58,12.00,2.500,0.00,50.0,0.17
3743.00,1278.92,5363.02,12.01,2.500,0.00,50.0,0.17
3744.00,1279.44,5365.47,12.01,2.500,0.00,50.0,0.16
3745.00,1279.96,5367.91,12.01,2.500,0.00,50.0,0.16
3746.00,1280.48,5370.36,12.01,2.500,0.00,50.0,0.15
3747.00,1281.00,5372.80,12.02,2.500,5.00,50.0,0.20
3748.00,1281.52,5375.25,12.02,2.500,5.00,50.0,0.25
3749.00,1282.04,5377.69,12.03,2.500,5.00,50.0,0.30
3750.00,1282.56,5380.14,12.03,2.500,5.00,50.0,0.35
3751.00,1283.09,5382.58,12.04,2.500,5.00,50.0,0.39
3752.00,1283.61,5385.03,12.04,2.500,0.00,50.0,0.38
3753.00,1284.13,5387.47,12.05,2.500,0.00,50.0,0.37
3754.00,1284.65,5389.92,12.06,2.500,0.00,50.0,0.36
3755.00,1285.17,5392.36,12.06,2.500,0.00,50.0,0.34
3756.00,1285.70,5394.81,12.07,2.500,0.00,50.0,0.33
3757.00,1286.22,5397.25,12.07,2.500,0.00,50.0,0.32
3758.00,1286.74,5399.70,12.08,2.500,0.00,50.0,0.31
3759.00,1287.26,5402.14,12.08,2.500,0.00,50.0,0.30
3760.00,1287.79,5404.59,12.09,2.500,0.00,50.0,0.29
3761.00,1288.31,5407.03,12.09,2.500,0.00,50.0,0.28
3762.00,1288.84,5409.47,12.10,2.500,0.00,50.0,0.27
3763.00,1289.36,5411.92,12.10,2.500,0.00,50.0,0.26
3764.00,1289.88,5414.36,12.11,2.500,0.00,50.0,0.25
3765.00,1290.41,5416.81,12.11,2.500,0.00,50.0,0.25
3766.00,1290.93,5419.25,12.11,2.500,0.00,50.0,0.24
3767.00,1291.46,5421.70,12.12,2.500,0.00,50.0,0.23
3768.00,1291.98,5424.14,12.12,2.500,0.00,50.0,0.22
3769.00,1292.51,5426.59,12.13,2.500,0.00,50.0,0.21
3770.00,1293.03,5429.03,12.13,2.500,5.00,50.0,0.26
3771.00,1293.56,5431.47,12.13,2.500,5.00,50.0,0.31
3772.00,1294.08,5433.92,12.14,2.500,5.00,50.0,0.36
3773.00,1294.61,5436.36,12.15,2.500,5.00,50.0,0.40
3774.00,1295.13,5438.81,12.15,2.500,5.00,50.0,0.45
3775.00,1295.66,5441.25,12.16,2.500,5.00,50.0,0.49
3776.00,1296.19,5443.69,12.17,2.500,0.00,50.0,0.47
3777.00,1296.71,5446.14,12.18,2.500,0.00,50.0,0.46
3778.00,1297.24,5448.58,12.19,2.500,0.00,50.0,0.44
3779.00,1297.77,5451.02,12.19,2.500,0.00,50.0,0.43
3780.00,1298.30,5453.47,12.20,2.500,0.00,50.0,0.41
3781.00,1298.83,5455.91,12.21,2.500,0.00,50.0,0.40
3782.00,1299.35,5458.36,12.21,2.500,0.00,50.0,0.39
3783.00,1299.88,5460.80,12.22,2.500,0.00,50.0,0.37
3784.00,1300.41,5463.24,12.23,2.500,0.00,50.0,0.36
3785.00,1300.94,5465.69,12.23,2.500,0.00,50.0,0.35
3786.00,1301.47,5468.13,12.24,2.500,0.00,50.0,0.34
3787.00,1302.00,5470.57,12.24,2.500,0.00,50.0,0.33
3788.00,1302.53,5473.02,12.25,2.500,0.00,50.0,0.32
3789.00,1303.06,5475.46,12.25,2.500,0.00,50.0,0.30
3790.00,1303.59,5477.90,12.26,2.500,0.00,50.0,0.29
3791.00,1304.12,5480.34,12.26,2.500,0.00,50.0,0.28
3792.00,1304.65,5482.79,12.27,2.500,0.00,50.0,0.28
3793.00,1305.19,5485.23,12.27,2.500,0.00,50.0,0.27
3794.00,1305.72,5487.67,12.28,2.500,0.00,50.0,0.26
3795.00,1306.25,5490.12,12.28,2.500,0.00,50.0,0.25
3796.00,1306.78,5492.56,12.28,2.500,0.00,50.0,0.24
3797.00,1307.31,5495.00,12.29,2.500,0.00,50.0,0.23
3798.00,1307.84,5497.44,12.29,2.500,0.00,50.0,0.22
3799.00,1308.38,5499.89,12.30,2.500,0.00,50.0,0.22
3800.00,1308.91,5502.33,12.30,2.500,0.00,50.0,0.21
3801.00,1309.44,5504.77,12.30,2.500,0.00,50.0,0.20
3802.00,1309.97,5507.21,12.31,2.500,0.00,50.0,0.20
3803.00,1310.51,5509.66,12.31,2.500,0.00,50.0,0.19
3804.00,1311.04,5512.10,12.31,2.500,0.00,50.0,0.18
3805.00,1311.57,5514.54,12.31,2.500,0.00,50.0,0.18
3806.00,1312.11,5516.98,12.32,2.500,0.00,50.0,0.17
3807.00,1312.64,5519.43,12.32,2.500,0.00,50.0,0.17
3808.00,1313.17,5521.87,12.32,2.500,0.00,50.0,0.16
3809.00,1313.71,5524.31,12.33,2.500,0.00,50.0,0.15
3810.00,1314.24,5526.75,12.33,2.500,0.00,50.0,0.15
3811.00,1314.77,5529.20,12.33,2.500,0.00,50.0,0.14
3812.00,1315.31,5531.64,12.33,2.500,0.00,50.0,0.14
3813.00,1315.84,5534.08,12.33,2.500,0.00,50.0,0.14
3814.00,1316.38,5536.52,12.34,2.500,0.00,50.0,0.13
3815.00,1316.91,5538.97,12.34,2.500,0.00,50.0,0.13
3816.00,1317.44,5541.41,12.34,2.500,0.00,50.0,0.12
3817.00,1317.98,5543.85,12.34,2.500,0.00,50.0,0.12
3818.00,1318.51,5546.29,12.34,2.500,0.00,50.0,0.11
3819.00,1319.05,5548.74,12.35,2.500,0.00,50.0,0.11
3820.00,1319.58,5551.18,12.35,2.500,0.00,50.0,0.11
3821.00,1320.12,5553.62,12.35,2.500,0.00,50.0,0.10
3822.00,1320.65,5556.06,12.35,2.500,0.00,50.0,0.10
3823.00,1321.19,5558.50,12.35,2.500,0.00,50.0,0.10
3824.00,1321.72,5560.95,12.36,2.500,5.00,50.0,0.15
3825.00,1322.26,5563.39,12.36,2.500,5.00,50.0,0.20
3826.00,1322.79,5565.83,12.36,2.500,5.00,50.0,0.25
3827.00,1323.33,5568.27,12.37,2.500,5.00,50.0,0.30
3828.00,1323.86,5570.71,12.37,2.500,5.00,50.0,0.35
3829.00,1324.40,5573.16,12.38,2.500,0.00,50.0,0.34
3830.00,1324.93,5575.60,12.39,2.500,0.00,50.0,0.33
3831.00,1325.47,5578.04,12.39,2.500,0.00,50.0,0.31
3832.00,1326.01,5580.48,12.40,2.500,0.00,50.0,0.30
3833.00,1326.54,5582.92,12.40,2.500,0.00,50.0,0.29
3834.00,1327.08,5585.36,12.41,2.500,0.00,50.0,0.28
3835.00,1327.62,5587.81,12.41,2.500,0.00,50.0,0.27
3836.00,1328.15,5590.25,12.41,2.500,0.00,50.0,0.27
3837.00,1328.69,5592.69,12.42,2.500,0.00,50.0,0.26
3838.00,1329.23,5595.13,12.42,2.500,0.00,50.0,0.25
3839.00,1329.77,5597.57,12.43,2.500,0.00,50.0,0.24
3840.00,1330.30,5600.01,12.43,2.500,0.00,50.0,0.23
3841.00,1330.84,5602.46,12.43,2.500,0.00,50.0,0.22
3842.00,1331.38,5604.90,12.44,2.500,0.00,50.0,0.22
3843.00,1331.92,5607.34,12.44,2.500,0.00,50.0,0.21
3844.00,1332.46,5609.78,12.44,2.500,0.00,50.0,0.20
3845.00,1333.00,5612.22,12.45,2.500,0.00,50.0,0.20
3846.00,1333.54,5614.66,12.45,2.500,0.00,50.0,0.19
3847.00,1334.07,5617.10,12.45,2.500,0.00,50.0,0.18
3848.00,1334.61,5619.54,12.46,2.500,5.00,50.0,0.23
3849.00,1335.15,5621.99,12.46,2.500,5.00,50.0,0.28
3850.00,1335.69,5624.43,12.47,2.500,5.00,50.0,0.33
3851.00,1336.23,5626.87,12.47,2.500,5.00,50.0,0.38
3852.00,1336.77,5629.31,12.48,2.500,5.00,50.0,0.42
3853.00,1337.31,5631.75,12.49,2.500,5.00,50.0,0.46
3854.00,1337.85,5634.19,12.50,2.500,0.00,50.0,0.45
3855.00,1338.39,5636.63,12.50,2.500,0.00,50.0,0.43
3856.00,1338.94,5639.07,12.51,2.500,0.00,50.0,0.42
3857.00,1339.48,5641.51,12.52,2.500,0.00,50.0,0.41
3858.00,1340.02,5643.95,12.52,2.500,0.00,50.0,0.39
3859.00,1340.56,5646.39,12.53,2.500,0.00,50.0,0.38
3860.00,1341.10,5648.83,12.54,2.500,0.00,50.0,0.37
3861.00,1341.65,5651.27,12.54,2.500,0.00,50.0,0.35
3862.00,1342.19,5653.71,12.55,2.500,0.00,50.0,0.34
3863.00,1342.73,5656.15,12.55,2.500,0.00,50.0,0.33
3864.00,1343.28,5658.59,12.56,2.500,0.00,50.0,0.32
3865.00,1343.82,5661.04,12.56,2.500,0.00,50.0,0.31
3866.00,1344.36,5663.48,12.57,2.500,0.00,50.0,0.30
3867.00,1344.91,5665.92,12.57,2.500,0.00,50.0,0.29
3868.00,1345.45,5668.36,12.58,2.500,0.00,50.0,0.28
3869.00,1346.00,5670.80,12.58,2.500,0.00,50.0,0.27
3870.00,1346.54,5673.24,12.59,2.500,0.00,50.0,0.26
3871.00,1347.09,5675.68,12.59,2.500,0.00,50.0,0.25
3872.00,1347.63,5678.12,12.60,2.500,0.00,50.0,0.24
3873.00,1348.18,5680.55,12.60,2.500,0.00,50.0,0.24
3874.00,1348.72,5682.99,12.60,2.500,0.00,50.0,0.23
3875.00,1349.27,5685.43,12.61,2.500,0.00,50.0,0.22
3876.00,1349.81,5687.87,12.61,2.500,0.00,50.0,0.21
3877.00,1350.36,5690.31,12.61,2.500,0.00,50.0,0.21
3878.00,1350.90,5692.75,12.62,2.500,0.00,50.0,0.20
3879.00,1351.45,5695.19,12.62,2.500,0.00,50.0,0.19
3880.00,1352.00,5697.63,12.62,2.500,0.00,50.0,0.19
3881.00,1352.54,5700.07,12.63,2.500,0.00,50.0,0.18
3882.00,1353.09,5702.51,12.63,2.500,0.00,50.0,0.17
3883.00,1353.64,5704.95,12.63,2.500,0.00,50.0,0.17
3884.00,1354.18,5707.39,12.64,2.500,0.00,50.0,0.16
3885.00,1354.73,5709.83,12.64,2.500,0.00,50.0,0.16
3886.00,1355.28,5712.27,12.64,2.500,0.00,50.0,0.15
3887.00,1355.82,5714.71,12.64,2.500,0.00,50.0,0.15
3888.00,1356.37,5717.15,12.65,2.500,0.00,50.0,0.14
3889.00,1356.92,5719.59,12.65,2.500,0.00,50.0,0.14
3890.00,1357.47,5722.03,12.65,2.500,0.00,50.0,0.13
3891.00,1358.01,5724.47,12.65,2.500,0.00,50.0,0.13
3892.00,1358.56,5726.91,12.65,2.500,0.00,50.0,0.12
3893.00,1359.11,5729.34,12.66,2.500,0.00,50.0,0.12
3894.00,1359.66,5731.78,12.66,2.500,0.00,50.0,0.12
3895.00,1360.20,5734.22,12.66,2.500,0.00,50.0,0.11
3896.00,1360.75,5736.66,12.66,2.500,0.00,50.0,0.11
3897.00,1361.30,5739.10,12.66,2.500,0.00,50.0,0.10
3898.00,1361.85,5741.54,12.67,2.500,0.00,50.0,0.10
3899.00,1362.40,5743.98,12.67,2.500,0.00,50.0,0.10
3900.00,1362.94,5746.42,12.67,2.500,0.00,50.0,0.09
3901.00,1363.49,5748.86,12.67,2.500,0.00,50.0,0.09
3902.00,1364.04,5751.30,12.67,2.500,0.00,50.0,0.09
3903.00,1364.59,5753.74,12.67,2.500,0.00,50.0,0.09
3904.00,1365.14,5756.18,12.67,2.500,0.00,50.0,0.08
3905.00,1365.69,5758.61,12.68,2.500,0.00,50.0,0.08
3906.00,1366.24,5761.05,12.68,2.500,0.00,50.0,0.08
3907.00,1366.78,5763.49,12.68,2.500,0.00,50.0,0.07
3908.00,1367.33,5765.93,12.68,2.500,0.00,50.0,0.07
3909.00,1367.88,5768.37,12.68,2.500,0.00,50.0,0.07
3910.00,1368.43,5770.81,12.68,2.500,0.00,50.0,0.07
3911.00,1368.98,5773.25,12.68,2.500,0.00,50.0,0.07
3912.00,1369.53,5775.69,12.68,2.500,0.00,50.0,0.06
3913.00,1370.08,5778.13,12.68,2.500,0.00,50.0,0.06
3914.00,1370.63,5780.57,12.69,2.500,0.00,50.0,0.06
3915.00,1371.17,5783.01,12.69,2.500,0.00,50.0,0.06
3916.00,1371.72,5785.44,12.69,2.500,0.00,50.0,0.05
3917.00,1372.27,5787.88,12.69,2.500,0.00,50.0,0.05
3918.00,1372.82,5790.32,12.69,2.500,0.00,50.0,0.05
3919.00,1373.37,5792.76,12.69,2.500,0.00,50.0,0.05
3920.00,1373.92,5795.20,12.69,2.500,0.00,50.0,0.05
3921.00,1374.47,5797.64,12.69,2.500,0.00,50.0,0.05
3922.00,1375.02,5800.08,12.69,2.500,0.00,50.0,0.04
3923.00,1375.57,5802.52,12.69,2.500,0.00,50.0,0.04
3924.00,1376.12,5804.96,12.69,2.500,0.00,50.0,0.04
3925.00,1376.67,5807.39,12.69,2.500,0.00,50.0,0.04
3926.00,1377.22,5809.83,12.70,2.500,0.00,50.0,0.04
3927.00,1377.77,5812.27,12.70,2.500,0.00,50.0,0.04
3928.00,1378.31,5814.71,12.70,2.500,0.00,50.0,0.04
3929.00,1378.86,5817.15,12.70,2.500,0.00,50.0,0.04
3930.00,1379.41,5819.59,12.70,2.500,0.00,50.0,0.03
3931.00,1379.96,5822.03,12.70,2.500,0.00,50.0,0.03
3932.00,1380.51,5824.47,12.70,2.500,0.00,50.0,0.03
3933.00,1381.06,5826.91,12.70,2.500,0.00,50.0,0.03
3934.00,1381.61,5829.34,12.70,2.500,0.00,50.0,0.03
3935.00,1382.16,5831.78,12.70,2.500,0.00,50.0,0.03
3936.00,1382.71,5834.22,12.70,2.500,0.00,50.0,0.03
3937.00,1383.26,5836.66,12.70,2.500,0.00,50.0,0.03
3938.00,1383.81,5839.10,12.70,2.500,0.00,50.0,0.03
3939.00,1384.36,5841.54,12.70,2.500,0.00,50.0,0.03
3940.00,1384.91,5843.98,12.70,2.500,0.00,50.0,0.02
3941.00,1385.46,5846.42,12.70,2.500,0.00,50.0,0.02
3942.00,1386.01,5848.85,12.70,2.500,0.00,50.0,0.02
3943.00,1386.56,5851.29,12.70,2.500,0.00,50.0,0.02
3944.00,1387.11,5853.73,12.70,2.500,0.00,50.0,0.02
3945.00,1387.66,5856.17,12.70,2.500,0.00,50.0,0.02
3946.00,1388.21,5858.61,12.70,2.500,0.00,50.0,0.02
3947.00,1388.76,5861.05,12.71,2.500,0.00,50.0,0.02
3948.00,1389.31,5863.49,12.71,2.500,0.00,50.0,0.02
3949.00,1389.86,5865.93,12.71,2.500,0.00,50.0,0.02
3950.00,1390.41,5868.37,12.71,2.500,0.00,50.0,0.02
3951.00,1390.96,5870.80,12.71,2.500,0.00,50.0,0.02
3952.00,1391.51,5873.24,12.71,2.500,0.00,50.0,0.02
3953.00,1392.06,5875.68,12.71,2.500,0.00,50.0,0.02
3954.00,1392.61,5878.12,12.71,2.500,0.00,50.0,0.02
3955.00,1393.16,5880.56,12.71,2.500,0.00,50.0,0.01
3956.00,1393.71,5883.00,12.71,2.500,0.00,50.0,0.01
3957.00,1394.26,5885.44,12.71,2.500,0.00,50.0,0.01
3958.00,1394.81,5887.88,12.71,2.500,0.00,50.0,0.01
3959.00,1395.36,5890.31,12.71,2.500,0.00,50.0,0.01
3960.00,1395.91,5892.75,12.71,2.500,0.00,50.0,0.01
3961.00,1396.46,5895.19,12.71,2.500,0.00,50.0,0.01
3962.00,1397.01,5897.63,12.71,2.500,0.00,50.0,0.01
3963.00,1397.56,5900.07,12.71,2.500,0.00,50.0,0.01
3964.00,1398.11,5902.51,12.71,2.500,0.00,50.0,0.01
3965.00,1398.66,5904.95,12.71,2.500,5.00,50.0,0.07
3966.00,1399.21,5907.39,12.71,2.500,5.00,50.0,0.12
3967.00,1399.76,5909.82,12.72,2.500,5.00,50.0,0.18
3968.00,1400.31,5912.26,12.72,2.500,5.00,50.0,0.23
3969.00,1400.86,5914.70,12.72,2.500,5.00,50.0,0.28
3970.00,1401.41,5917.14,12.73,2.500,5.00,50.0,0.32
3971.00,1401.96,5919.58,12.74,2.500,5.00,50.0,0.37
3972.00,1402.51,5922.02,12.74,2.500,0.00,50.0,0.36
3973.00,1403.06,5924.46,12.75,2.500,0.00,50.0,0.35
3974.00,1403.61,5926.89,12.75,2.500,0.00,50.0,0.33
3975.00,1404.17,5929.33,12.76,2.500,0.00,50.0,0.32
3976.00,1404.72,5931.77,12.76,2.500,0.00,50.0,0.31
3977.00,1405.27,5934.21,12.77,2.500,0.00,50.0,0.30
3978.00,1405.82,5936.65,12.77,2.500,0.00,50.0,0.29
3979.00,1406.37,5939.08,12.78,2.500,0.00,50.0,0.28
3980.00,1406.93,5941.52,12.78,2.500,0.00,50.0,0.27
3981.00,1407.48,5943.96,12.79,2.500,0.00,50.0,0.26
3982.00,1408.03,5946.40,12.79,2.500,0.00,50.0,0.26
3983.00,1408.59,5948.84,12.80,2.500,0.00,50.0,0.25
3984.00,1409.14,5951.27,12.80,2.500,5.00,50.0,0.30
3985.00,1409.70,5953.71,12.81,2.500,5.00,50.0,0.34
3986.00,1410.25,5956.15,12.81,2.500,5.00,50.0,0.39
3987.00,1410.80,5958.59,12.82,2.500,5.00,50.0,0.43
3988.00,1411.36,5961.03,12.83,2.500,5.00,50.0,0.48
3989.00,1411.91,5963.46,12.84,2.500,5.00,50.0,0.52
3990.00,1412.47,5965.90,12.85,2.500,10.00,50.0,0.61
3991.00,1413.02,5968.34,12.86,2.500,10.00,50.0,0.71
3992.00,1413.58,5970.78,12.87,2.500,10.00,50.0,0.80
3993.00,1414.14,5973.21,12.89,2.500,10.00,50.0,0.89
3994.00,1414.70,5975.65,12.90,2.500,10.00,50.0,0.97
3995.00,1415.25,5978.09,12.92,2.500,10.00,50.0,1.05
3996.00,1415.81,5980.53,12.94,2.510,15.00,60.0,1.19
3997.00,1416.38,5982.99,12.96,2.520,15.00,60.0,1.32
3998.00,1416.95,5985.45,12.99,2.529,15.00,60.0,1.45
3999.00,1417.52,5987.93,13.01,2.539,15.00,60.0,1.57
4000.00,1418.09,5990.42,13.04,2.558,15.00,70.0,1.69
4001.00,1418.67,5992.93,13.07,2.577,15.00,70.0,1.81
4002.00,1419.26,5995.46,13.10,2.595,15.00,70.0,1.92
4003.00,1419.85,5998.00,13.14,2.613,15.00,70.0,2.02
4004.00,1420.45,6000.57,13.17,2.631,15.00,70.0,2.13
4005.00,1421.06,6003.15,13.21,2.649,15.00,70.0,2.23
4006.00,1421.66,6005.74,13.25,2.666,15.00,70.0,2.33
4007.00,1422.28,6008.35,13.29,2.682,15.00,70.0,2.42
4008.00,1422.90,6010.98,13.33,2.699,15.00,70.0,2.51
4009.00,1423.53,6013.62,13.37,2.715,15.00,70.0,2.60
4010.00,1424.16,6016.28,13.42,2.730,15.00,70.0,2.68
4011.00,1424.79,6018.95,13.46,2.746,15.00,70.0,2.77
4012.00,1425.44,6021.63,13.51,2.761,15.00,70.0,2.84
4013.00,1426.08,6024.33,13.56,2.776,15.00,70.0,2.92
4014.00,1426.74,6027.04,13.61,2.790,15.00,70.0,3.00
4015.00,1427.40,6029.77,13.66,2.804,15.00,70.0,3.07
4016.00,1428.06,6032.51,13.71,2.818,15.00,70.0,3.14
4017.00,1428.74,6035.26,13.77,2.832,15.00,70.0,3.20
4018.00,1429.41,6038.02,13.82,2.845,15.00,70.0,3.27
4019.00,1430.10,6040.80,13.88,2.858,15.00,70.0,3.33
4020.00,1430.78,6043.58,13.93,2.871,15.00,70.0,3.39
4021.00,1431.48,6046.38,13.99,2.884,15.00,70.0,3.45
4022.00,1432.18,6049.19,14.05,2.896,15.00,70.0,3.51
4023.00,1432.88,6052.01,14.11,2.908,15.00,70.0,3.56
4024.00,1433.60,6054.85,14.17,2.920,15.00,70.0,3.61
4025.00,1434.31,6057.69,14.23,2.932,15.00,70.0,3.66
4026.00,1435.04,6060.54,14.29,2.943,15.00,70.0,3.71
4027.00,1435.77,6063.40,14.35,2.954,15.00,70.0,3.76
4028.00,1436.50,6066.28,14.42,2.965,15.00,70.0,3.81
4029.00,1437.24,6069.16,14.48,2.976,15.00,70.0,3.85
4030.00,1437.99,6072.05,14.55,2.986,15.00,70.0,3.89
4031.00,1438.74,6074.95,14.61,2.996,15.00,70.0,3.94
4032.00,1439.50,6077.86,14.68,3.007,15.00,70.0,3.98
4033.00,1440.26,6080.78,14.75,3.016,15.00,70.0,4.02
4034.00,1441.03,6083.70,14.81,3.026,15.00,70.0,4.05
4035.00,1441.81,6086.64,14.88,3.036,15.00,70.0,4.09
4036.00,1442.59,6089.58,14.95,3.045,15.00,70.0,4.12
4037.00,1443.38,6092.53,15.02,3.054,15.00,70.0,4.16
4038.00,1444.17,6095.49,15.09,3.063,15.00,70.0,4.19
4039.00,1444.97,6098.46,15.16,3.072,15.00,70.0,4.22
4040.00,1445.78,6101.43,15.23,3.080,15.00,70.0,4.25
4041.00,1446.59,6104.41,15.30,3.089,15.00,70.0,4.28
4042.00,1447.41,6107.40,15.37,3.097,15.00,70.0,4.31
4043.00,1448.23,6110.39,15.45,3.105,15.00,70.0,4.34
4044.00,1449.06,6113.39,15.52,3.113,15.00,70.0,4.37
4045.00,1449.89,6116.40,15.59,3.121,15.00,70.0,4.39
4046.00,1450.74,6119.41,15.67,3.128,15.00,70.0,4.42
4047.00,1451.58,6122.43,15.74,3.136,15.00,70.0,4.44
4048.00,1452.43,6125.45,15.81,3.143,15.00,70.0,4.46
4049.00,1453.29,6128.48,15.89,3.150,15.00,70.0,4.49
4050.00,1454.16,6131.52,15.96,3.157,15.00,70.0,4.51
4051.00,1455.03,6134.56,16.04,3.164,15.00,70.0,4.53
4052.00,1455.90,6137.61,16.11,3.171,15.00,70.0,4.55
4053.00,1456.79,6140.66,16.19,3.177,15.00,70.0,4.57
4054.00,1457.67,6143.72,16.27,3.184,15.00,70.0,4.59
4055.00,1458.57,6146.78,16.34,3.190,15.00,70.0,4.61
4056.00,1459.47,6149.85,16.42,3.196,15.00,70.0,4.63
4057.00,1460.37,6152.92,16.50,3.202,15.00,70.0,4.64
4058.00,1461.28,6156.00,16.58,3.208,15.00,70.0,4.66
4059.00,1462.20,6159.08,16.65,3.214,15.00,70.0,4.68
4060.00,1463.12,6162.16,16.73,3.220,15.00,70.0,4.69
4061.00,1464.05,6165.25,16.81,3.225,15.00,70.0,4.71
4062.00,1464.99,6168.34,16.89,3.231,15.00,70.0,4.72
4063.00,1465.93,6171.44,16.97,3.236,15.00,70.0,4.73
4064.00,1466.87,6174.54,17.05,3.241,15.00,70.0,4.75
4065.00,1467.82,6177.64,17.13,3.247,15.00,70.0,4.76
4066.00,1468.78,6180.75,17.21,3.252,15.00,70.0,4.77
4067.00,1469.74,6183.86,17.29,3.257,15.00,70.0,4.79
4068.00,1470.71,6186.98,17.37,3.262,15.00,70.0,4.80
4069.00,1471.69,6190.09,17.45,3.266,15.00,70.0,4.81
4070.00,1472.67,6193.21,17.53,3.271,15.00,70.0,4.82
4071.00,1473.66,6196.34,17.61,3.276,15.00,70.0,4.83
4072.00,1474.65,6199.46,17.69,3.280,15.00,70.0,4.84
4073.00,1475.65,6202.59,17.77,3.284,20.00,70.0,4.91
4074.00,1476.65,6205.73,17.85,3.289,20.00,70.0,4.97
4075.00,1477.66,6208.86,17.94,3.293,20.00,70.0,5.04
4076.00,1478.67,6212.00,18.02,3.297,20.00,70.0,5.10
4077.00,1479.70,6215.14,18.11,3.301,20.00,70.0,5.16
4078.00,1480.72,6218.28,18.19,3.305,20.00,70.0,5.21
4079.00,1481.76,6221.42,18.28,3.309,20.00,70.0,5.27
4080.00,1482.80,6224.57,18.37,3.313,20.00,70.0,5.32
4081.00,1483.84,6227.71,18.46,3.317,20.00,70.0,5.37
4082.00,1484.89,6230.86,18.55,3.320,20.00,70.0,5.42
4083.00,1485.95,6234.01,18.64,3.324,20.00,70.0,5.47
4084.00,1487.01,6237.17,18.73,3.327,20.00,70.0,5.52
4085.00,1488.08,6240.32,18.83,3.331,20.00,70.0,5.56
4086.00,1489.16,6243.48,18.92,3.334,20.00,70.0,5.60
4087.00,1490.24,6246.63,19.01,3.338,20.00,70.0,5.65
4088.00,1491.33,6249.79,19.11,3.341,20.00,70.0,5.69
4089.00,1492.42,6252.95,19.20,3.344,20.00,70.0,5.72
4090.00,1493.53,6256.11,19.30,3.347,20.00,70.0,5.76
4091.00,1494.63,6259.28,19.40,3.350,20.00,70.0,5.80
4092.00,1495.74,6262.43,19.49,3.343,15.00,60.0,5.78
4093.00,1496.86,6265.57,19.59,3.336,15.00,60.0,5.76
4094.00,1497.97,6268.71,19.68,3.330,15.00,60.0,5.74
4095.00,1499.09,6271.84,19.78,3.323,15.00,60.0,5.72
4096.00,1500.21,6274.96,19.88,3.317,15.00,60.0,5.70
4097.00,1501.34,6278.06,19.97,3.300,10.00,50.0,5.62
4098.00,1502.46,6281.15,20.06,3.284,10.00,50.0,5.55
4099.00,1503.58,6284.22,20.15,3.269,10.00,50.0,5.48
4100.00,1504.70,6287.28,20.24,3.253,10.00,50.0,5.41
4101.00,1505.82,6290.31,20.33,3.238,10.00,50.0,5.34
4102.00,1506.94,6293.34,20.42,3.223,10.00,50.0,5.28
4103.00,1508.06,6296.34,20.51,3.209,5.00,50.0,5.16
4104.00,1509.18,6299.34,20.59,3.195,5.00,50.0,5.05
4105.00,1510.30,6302.31,20.67,3.181,5.00,50.0,4.93
4106.00,1511.42,6305.28,20.75,3.167,5.00,50.0,4.83
4107.00,1512.53,6308.23,20.83,3.154,5.00,50.0,4.72
4108.00,1513.65,6311.16,20.91,3.141,5.00,50.0,4.62
4109.00,1514.77,6314.08,20.98,3.128,5.00,50.0,4.53
4110.00,1515.88,6316.99,21.06,3.115,5.00,50.0,4.43
4111.00,1517.00,6319.89,21.13,3.103,0.00,50.0,4.28
4112.00,1518.11,6322.77,21.20,3.091,0.00,50.0,4.14
4113.00,1519.22,6325.64,21.26,3.079,0.00,50.0,4.00
4114.00,1520.34,6328.50,21.33,3.068,0.00,50.0,3.87
4115.00,1521.45,6331.35,21.39,3.056,0.00,50.0,3.74
4116.00,1522.56,6334.18,21.45,3.045,0.00,50.0,3.62
4117.00,1523.67,6337.01,21.51,3.034,5.00,50.0,3.55
4118.00,1524.78,6339.82,21.57,3.024,5.00,50.0,3.49
4119.00,1525.89,6342.62,21.63,3.013,5.00,50.0,3.43
4120.00,1526.99,6345.41,21.68,3.003,5.00,50.0,3.38
4121.00,1528.10,6348.19,21.74,2.993,5.00,50.0,3.32
4122.00,1529.20,6350.96,21.79,2.983,5.00,50.0,3.27
4123.00,1530.31,6353.73,21.85,2.973,5.00,50.0,3.21
4124.00,1531.41,6356.48,21.90,2.964,0.00,50.0,3.11
4125.00,1532.51,6359.22,21.95,2.954,0.00,50.0,3.00
4126.00,1533.61,6361.95,22.00,2.945,0.00,50.0,2.90
4127.00,1534.71,6364.67,22.04,2.936,0.00,50.0,2.81
4128.00,1535.81,6367.39,22.09,2.928,0.00,50.0,2.71
4129.00,1536.91,6370.09,22.13,2.919,0.00,50.0,2.62
4130.00,1538.00,6372.79,22.17,2.911,0.00,50.0,2.54
4131.00,1539.10,6375.48,22.22,2.903,5.00,50.0,2.51
4132.00,1540.19,6378.15,22.26,2.895,5.00,50.0,2.48
4133.00,1541.29,6380.83,22.30,2.887,5.00,50.0,2.46
4134.00,1542.38,6383.49,22.34,2.879,5.00,50.0,2.43
4135.00,1543.47,6386.15,22.38,2.871,5.00,50.0,2.41
4136.00,1544.56,6388.79,22.42,2.864,5.00,50.0,2.38
4137.00,1545.65,6391.44,22.46,2.857,0.00,50.0,2.30
4138.00,1546.74,6394.07,22.49,2.850,0.00,50.0,2.23
4139.00,1547.83,6396.69,22.53,2.843,0.00,50.0,2.15
4140.00,1548.91,6399.31,22.57,2.836,0.00,50.0,2.08
4141.00,1550.00,6401.93,22.60,2.829,0.00,50.0,2.01
4142.00,1551.08,6404.53,22.63,2.822,0.00,50.0,1.95
4143.00,1552.17,6407.13,22.66,2.816,0.00,50.0,1.88
4144.00,1553.25,6409.72,22.69,2.810,0.00,50.0,1.82
4145.00,1554.33,6412.31,22.72,2.803,0.00,50.0,1.76
4146.00,1555.41,6414.89,22.75,2.797,0.00,50.0,1.70
4147.00,1556.49,6417.46,22.78,2.791,0.00,50.0,1.64
4148.00,1557.57,6420.04,22.81,2.796,5.00,60.0,1.64
4149.00,1558.66,6422.62,22.83,2.800,5.00,60.0,1.65
4150.00,1559.75,6425.21,22.86,2.804,5.00,60.0,1.65
4151.00,1560.84,6427.79,22.89,2.808,5.00,60.0,1.65
4152.00,1561.93,6430.38,22.92,2.811,5.00,60.0,1.65
4153.00,1563.03,6432.99,22.94,2.825,10.00,70.0,1.71
4154.00,1564.14,6435.60,22.97,2.839,10.00,70.0,1.77
4155.00,1565.25,6438.23,23.00,2.852,10.00,70.0,1.83
4156.00,1566.37,6440.86,23.03,2.865,10.00,70.0,1.88
4157.00,1567.50,6443.51,23.07,2.878,10.00,70.0,1.93
4158.00,1568.63,6446.17,23.10,2.890,10.00,70.0,1.98
4159.00,1569.77,6448.84,23.13,2.902,10.00,70.0,2.03
4160.00,1570.91,6451.51,23.17,2.904,5.00,60.0,2.02
4161.00,1572.05,6454.18,23.20,2.906,5.00,60.0,2.01
4162.00,1573.20,6456.86,23.23,2.908,5.00,60.0,2.00
4163.00,1574.35,6459.53,23.27,2.910,5.00,60.0,1.99
4164.00,1575.50,6462.20,23.30,2.912,5.00,60.0,1.98
4165.00,1576.65,6464.88,23.33,2.913,5.00,60.0,1.97
4166.00,1577.80,6467.55,23.36,2.905,0.00,50.0,1.90
4167.00,1578.95,6470.21,23.40,2.897,0.00,50.0,1.84
4168.00,1580.10,6472.86,23.43,2.889,0.00,50.0,1.78
4169.00,1581.24,6475.50,23.45,2.881,0.00,50.0,1.72
4170.00,1582.38,6478.14,23.48,2.874,0.00,50.0,1.66
4171.00,1583.53,6480.77,23.51,2.866,0.00,50.0,1.61
4172.00,1584.67,6483.39,23.53,2.859,0.00,50.0,1.55
4173.00,1585.81,6486.00,23.56,2.852,0.00,50.0,1.50
4174.00,1586.94,6488.61,23.58,2.845,0.00,50.0,1.45
4175.00,1588.08,6491.21,23.61,2.838,0.00,50.0,1.40
4176.00,1589.21,6493.81,23.63,2.831,0.00,50.0,1.36
4177.00,1590.34,6496.39,23.65,2.824,0.00,50.0,1.31
4178.00,1591.47,6498.97,23.67,2.818,0.00,50.0,1.27
4179.00,1592.60,6501.55,23.69,2.812,5.00,50.0,1.28
4180.00,1593.73,6504.12,23.72,2.805,5.00,50.0,1.30
4181.00,1594.86,6506.68,23.74,2.799,5.00,50.0,1.31
4182.00,1595.98,6509.24,23.76,2.793,5.00,50.0,1.32
4183.00,1597.10,6511.79,23.78,2.787,5.00,50.0,1.34
4184.00,1598.23,6514.33,23.80,2.782,5.00,50.0,1.35
4185.00,1599.35,6516.87,23.83,2.776,0.00,50.0,1.31
4186.00,1600.47,6519.41,23.85,2.770,0.00,50.0,1.26
4187.00,1601.58,6521.94,23.87,2.765,0.00,50.0,1.22
4188.00,1602.70,6524.46,23.89,2.760,0.00,50.0,1.18
4189.00,1603.82,6526.98,23.91,2.755,0.00,50.0,1.14
4190.00,1604.93,6529.49,23.92,2.749,0.00,50.0,1.10
4191.00,1606.04,6532.00,23.94,2.744,5.00,50.0,1.12
4192.00,1607.15,6534.51,23.96,2.740,5.00,50.0,1.14
4193.00,1608.26,6537.01,23.98,2.735,5.00,50.0,1.16
4194.00,1609.37,6539.50,24.00,2.730,5.00,50.0,1.18
4195.00,1610.48,6541.99,24.02,2.726,5.00,50.0,1.20
4196.00,1611.59,6544.48,24.04,2.721,5.00,50.0,1.21
4197.00,1612.70,6546.96,24.06,2.717,0.00,50.0,1.17
4198.00,1613.80,6549.43,24.08,2.712,0.00,50.0,1.13
4199.00,1614.91,6551.91,24.10,2.708,0.00,50.0,1.10
4200.00,1616.01,6554.37,24.12,2.704,0.00,50.0,1.06
4201.00,1617.12,6556.84,24.13,2.700,0.00,50.0,1.03
4202.00,1618.22,6559.30,24.15,2.696,0.00,50.0,0.99
4203.00,1619.32,6561.75,24.17,2.692,0.00,50.0,0.96
4204.00,1620.42,6564.21,24.18,2.688,0.00,50.0,0.93
4205.00,1621.52,6566.66,24.20,2.684,0.00,50.0,0.90
4206.00,1622.62,6569.10,24.21,2.681,0.00,50.0,0.87
4207.00,1623.72,6571.54,24.22,2.677,0.00,50.0,0.84
4208.00,1624.81,6573.98,24.24,2.673,0.00,50.0,0.81
4209.00,1625.91,6576.41,24.25,2.670,0.00,50.0,0.78
4210.00,1627.00,6578.85,24.26,2.667,0.00,50.0,0.76
4211.00,1628.10,6581.27,24.28,2.663,0.00,50.0,0.73
4212.00,1629.19,6583.70,24.29,2.660,0.00,50.0,0.71
4213.00,1630.28,6586.12,24.30,2.657,0.00,50.0,0.68
4214.00,1631.38,6588.54,24.31,2.654,0.00,50.0,0.66
4215.00,1632.47,6590.95,24.32,2.651,5.00,50.0,0.69
4216.00,1633.56,6593.37,24.33,2.648,5.00,50.0,0.73
4217.00,1634.65,6595.78,24.35,2.645,5.00,50.0,0.76
4218.00,1635.74,6598.18,24.36,2.642,5.00,50.0,0.79
4219.00,1636.82,6600.59,24.37,2.639,5.00,50.0,0.82
4220.00,1637.91,6602.99,24.39,2.636,5.00,50.0,0.85
4221.00,1639.00,6605.39,24.40,2.633,0.00,50.0,0.83
4222.00,1640.09,6607.78,24.41,2.631,0.00,50.0,0.80
4223.00,1641.17,6610.18,24.43,2.628,0.00,50.0,0.77
4224.00,1642.26,6612.57,24.44,2.626,0.00,50.0,0.75
4225.00,1643.34,6614.95,24.45,2.623,0.00,50.0,0.72
4226.00,1644.43,6617.34,24.46,2.621,0.00,50.0,0.70
4227.00,1645.51,6619.72,24.48,2.618,5.00,50.0,0.73
4228.00,1646.60,6622.10,24.49,2.616,5.00,50.0,0.76
4229.00,1647.68,6624.48,24.50,2.613,5.00,50.0,0.80
4230.00,1648.76,6626.86,24.52,2.611,5.00,50.0,0.83
4231.00,1649.85,6629.23,24.53,2.609,5.00,50.0,0.86
4232.00,1650.93,6631.61,24.55,2.617,10.00,60.0,0.94
4233.00,1652.02,6634.00,24.56,2.624,10.00,60.0,1.02
4234.00,1653.12,6636.39,24.58,2.632,10.00,60.0,1.10
4235.00,1654.21,6638.79,24.60,2.639,10.00,60.0,1.18
4236.00,1655.32,6641.20,24.62,2.647,10.00,60.0,1.26
4237.00,1656.42,6643.61,24.64,2.654,10.00,60.0,1.33
4238.00,1657.53,6646.03,24.67,2.661,10.00,60.0,1.40
4239.00,1658.64,6648.44,24.69,2.657,5.00,50.0,1.41
4240.00,1659.75,6650.86,24.71,2.654,5.00,50.0,1.42
4241.00,1660.86,6653.26,24.74,2.651,5.00,50.0,1.43
4242.00,1661.96,6655.67,24.76,2.648,5.00,50.0,1.44
4243.00,1663.07,6658.07,24.79,2.645,5.00,50.0,1.45
4244.00,1664.18,6660.47,24.81,2.642,5.00,50.0,1.46
4245.00,1665.29,6662.87,24.83,2.639,0.00,50.0,1.41
4246.00,1666.40,6665.26,24.86,2.637,0.00,50.0,1.36
4247.00,1667.50,6667.65,24.88,2.634,0.00,50.0,1.32
4248.00,1668.61,6670.04,24.90,2.631,0.00,50.0,1.27
4249.00,1669.72,6672.42,24.92,2.629,0.00,50.0,1.23
4250.00,1670.82,6674.80,24.94,2.626,5.00,50.0,1.25
4251.00,1671.93,6677.18,24.96,2.623,5.00,50.0,1.26
4252.00,1673.03,6679.56,24.98,2.621,5.00,50.0,1.28
4253.00,1674.14,6681.93,25.00,2.619,5.00,50.0,1.29
4254.00,1675.25,6684.30,25.03,2.616,5.00,50.0,1.31
4255.00,1676.35,6686.67,25.05,2.614,5.00,50.0,1.32
4256.00,1677.46,6689.04,25.07,2.612,5.00,50.0,1.33
4257.00,1678.56,6691.40,25.09,2.609,0.00,50.0,1.29
4258.00,1679.67,6693.76,25.11,2.607,0.00,50.0,1.24
4259.00,1680.77,6696.12,25.13,2.605,0.00,50.0,1.20
4260.00,1681.88,6698.48,25.15,2.603,0.00,50.0,1.16
4261.00,1682.99,6700.83,25.17,2.601,0.00,50.0,1.12
4262.00,1684.09,6703.18,25.19,2.599,0.00,50.0,1.09
4263.00,1685.20,6705.53,25.21,2.597,5.00,50.0,1.11
4264.00,1686.30,6707.88,25.23,2.595,5.00,50.0,1.13
4265.00,1687.41,6710.23,25.25,2.593,5.00,50.0,1.15
4266.00,1688.51,6712.57,25.26,2.591,5.00,50.0,1.17
4267.00,1689.62,6714.91,25.28,2.589,5.00,50.0,1.18
4268.00,1690.72,6717.25,25.30,2.588,0.00,50.0,1.15
4269.00,1691.83,6719.59,25.32,2.586,0.00,50.0,1.11
4270.00,1692.93,6721.92,25.34,2.584,0.00,50.0,1.07
4271.00,1694.04,6724.26,25.36,2.582,0.00,50.0,1.03
4272.00,1695.14,6726.59,25.37,2.581,0.00,50.0,1.00
4273.00,1696.25,6728.92,25.39,2.579,0.00,50.0,0.97
4274.00,1697.35,6731.25,25.41,2.578,0.00,50.0,0.93
4275.00,1698.46,6733.58,25.42,2.576,0.00,50.0,0.90
4276.00,1699.56,6735.90,25.44,2.575,0.00,50.0,0.87
4277.00,1700.67,6738.22,25.45,2.573,0.00,50.0,0.84
4278.00,1701.77,6740.55,25.46,2.572,0.00,50.0,0.82
4279.00,1702.88,6742.87,25.48,2.570,0.00,50.0,0.79
4280.00,1703.98,6745.19,25.49,2.569,0.00,50.0,0.76
4281.00,1705.09,6747.50,25.50,2.567,0.00,50.0,0.74
4282.00,1706.19,6749.82,25.51,2.566,0.00,50.0,0.71
4283.00,1707.30,6752.13,25.52,2.565,0.00,50.0,0.69
4284.00,1708.40,6754.45,25.54,2.563,0.00,50.0,0.67
4285.00,1709.51,6756.76,25.55,2.562,0.00,50.0,0.64
4286.00,1710.61,6759.07,25.56,2.561,0.00,50.0,0.62
4287.00,1711.72,6761.38,25.57,2.560,5.00,50.0,0.66
4288.00,1712.82,6763.69,25.58,2.558,5.00,50.0,0.69
4289.00,1713.92,6765.99,25.59,2.557,5.00,50.0,0.73
4290.00,1715.03,6768.30,25.60,2.556,5.00,50.0,0.76
4291.00,1716.13,6770.60,25.62,2.555,0.00,50.0,0.74
4292.00,1717.24,6772.91,25.63,2.554,0.00,50.0,0.71
4293.00,1718.34,6775.21,25.64,2.553,0.00,50.0,0.69
4294.00,1719.44,6777.51,25.65,2.552,0.00,50.0,0.66
4295.00,1720.55,6779.81,25.66,2.551,0.00,50.0,0.64
4296.00,1721.65,6782.11,25.67,2.550,0.00,50.0,0.62
4297.00,1722.76,6784.40,25.68,2.549,0.00,50.0,0.60
4298.00,1723.86,6786.70,25.69,2.548,0.00,50.0,0.58
4299.00,1724.97,6788.99,25.70,2.547,5.00,50.0,0.62
4300.00,1726.07,6791.29,25.71,2.546,5.00,50.0,0.65
4301.00,1727.17,6793.58,25.72,2.545,5.00,50.0,0.69
4302.00,1728.28,6795.87,25.74,2.544,5.00,50.0,0.72
4303.00,1729.38,6798.16,25.75,2.543,5.00,50.0,0.76
4304.00,1730.49,6800.45,25.76,2.542,5.00,50.0,0.79
4305.00,1731.59,6802.74,25.77,2.541,0.00,50.0,0.76
4306.00,1732.70,6805.03,25.79,2.541,0.00,50.0,0.74
4307.00,1733.80,6807.32,25.80,2.540,0.00,50.0,0.71
4308.00,1734.91,6809.60,25.81,2.539,0.00,50.0,0.69
4309.00,1736.01,6811.89,25.82,2.538,0.00,50.0,0.67
4310.00,1737.12,6814.17,25.83,2.537,5.00,50.0,0.70
4311.00,1738.22,6816.46,25.84,2.537,5.00,50.0,0.73
4312.00,1739.33,6818.74,25.86,2.536,5.00,50.0,0.77
4313.00,1740.43,6821.02,25.87,2.535,5.00,50.0,0.80
4314.00,1741.54,6823.30,25.88,2.535,5.00,50.0,0.83
4315.00,1742.64,6825.58,25.90,2.534,5.00,50.0,0.86
4316.00,1743.75,6827.86,25.91,2.533,0.00,50.0,0.83
4317.00,1744.86,6830.14,25.93,2.533,0.00,50.0,0.80
4318.00,1745.96,6832.41,25.94,2.532,0.00,50.0,0.78
4319.00,1747.07,6834.69,25.95,2.531,0.00,50.0,0.75
4320.00,1748.18,6836.97,25.96,2.531,0.00,50.0,0.72
4321.00,1749.29,6839.24,25.98,2.530,0.00,50.0,0.70
4322.00,1750.40,6841.51,25.99,2.529,0.00,50.0,0.68
4323.00,1751.50,6843.79,26.00,2.529,5.00,50.0,0.71
4324.00,1752.61,6846.06,26.01,2.528,5.00,50.0,0.75
4325.00,1753.72,6848.33,26.02,2.528,5.00,50.0,0.78
4326.00,1754.83,6850.60,26.04,2.527,5.00,50.0,0.81
4327.00,1755.94,6852.87,26.05,2.527,5.00,50.0,0.84
4328.00,1757.05,6855.14,26.07,2.526,0.00,50.0,0.81
4329.00,1758.16,6857.41,26.08,2.526,0.00,50.0,0.78
4330.00,1759.27,6859.68,26.09,2.525,0.00,50.0,0.76
4331.00,1760.38,6861.95,26.10,2.525,0.00,50.0,0.73
4332.00,1761.49,6864.21,26.11,2.524,0.00,50.0,0.71
4333.00,1762.60,6866.48,26.13,2.524,0.00,50.0,0.68
4334.00,1763.71,6868.74,26.14,2.523,0.00,50.0,0.66
4335.00,1764.82,6871.01,26.15,2.523,0.00,50.0,0.64
4336.00,1765.93,6873.27,26.16,2.522,0.00,50.0,0.62
4337.00,1767.04,6875.54,26.17,2.522,0.00,50.0,0.60
4338.00,1768.16,6877.80,26.18,2.521,0.00,50.0,0.58
4339.00,1769.27,6880.06,26.19,2.521,0.00,50.0,0.56
4340.00,1770.38,6882.32,26.20,2.520,0.00,50.0,0.54
4341.00,1771.49,6884.58,26.20,2.520,0.00,50.0,0.52
4342.00,1772.61,6886.84,26.21,2.520,0.00,50.0,0.50
4343.00,1773.72,6889.10,26.22,2.519,0.00,50.0,0.49
4344.00,1774.83,6891.36,26.23,2.519,0.00,50.0,0.47
4345.00,1775.94,6893.62,26.24,2.518,0.00,50.0,0.46
4346.00,1777.06,6895.88,26.24,2.518,0.00,50.0,0.44
4347.00,1778.17,6898.14,26.25,2.518,5.00,50.0,0.48
4348.00,1779.28,6900.40,26.26,2.517,5.00,50.0,0.52
4349.00,1780.40,6902.66,26.27,2.517,5.00,50.0,0.56
4350.00,1781.51,6904.91,26.28,2.517,5.00,50.0,0.60
4351.00,1782.63,6907.17,26.29,2.516,5.00,50.0,0.64
4352.00,1783.74,6909.42,26.30,2.516,5.00,50.0,0.68
4353.00,1784.86,6911.68,26.31,2.516,0.00,50.0,0.65
4354.00,1785.97,6913.93,26.32,2.515,0.00,50.0,0.63
4355.00,1787.09,6916.19,26.33,2.515,0.00,50.0,0.61
4356.00,1788.20,6918.44,26.34,2.515,0.00,50.0,0.59
4357.00,1789.32,6920.70,26.35,2.515,0.00,50.0,0.57
4358.00,1790.43,6922.95,26.36,2.514,0.00,50.0,0.55
4359.00,1791.55,6925.20,26.37,2.514,5.00,50.0,0.59
4360.00,1792.67,6927.45,26.38,2.514,5.00,50.0,0.63
4361.00,1793.78,6929.70,26.39,2.513,5.00,50.0,0.66
4362.00,1794.90,6931.96,26.41,2.513,5.00,50.0,0.70
4363.00,1796.02,6934.21,26.42,2.513,5.00,50.0,0.73
4364.00,1797.14,6936.46,26.43,2.513,0.00,50.0,0.71
4365.00,1798.25,6938.71,26.44,2.512,0.00,50.0,0.68
4366.00,1799.37,6940.96,26.45,2.512,0.00,50.0,0.66
4367.00,1800.49,6943.20,26.46,2.512,0.00,50.0,0.64
4368.00,1801.61,6945.45,26.47,2.512,0.00,50.0,0.62
4369.00,1802.73,6947.70,26.48,2.511,0.00,50.0,0.60
4370.00,1803.85,6949.95,26.49,2.511,0.00,50.0,0.58
4371.00,1804.97,6952.20,26.50,2.511,5.00,50.0,0.62
4372.00,1806.09,6954.44,26.51,2.511,5.00,50.0,0.65
4373.00,1807.21,6956.69,26.52,2.510,5.00,50.0,0.69
4374.00,1808.33,6958.94,26.54,2.510,5.00,50.0,0.72
4375.00,1809.45,6961.18,26.55,2.510,5.00,50.0,0.75
4376.00,1810.57,6963.43,26.56,2.510,5.00,50.0,0.79
4377.00,1811.70,6965.67,26.58,2.510,0.00,50.0,0.76
4378.00,1812.82,6967.92,26.59,2.509,0.00,50.0,0.74
4379.00,1813.94,6970.16,26.60,2.509,0.00,50.0,0.71
4380.00,1815.07,6972.40,26.61,2.509,0.00,50.0,0.69
4381.00,1816.19,6974.65,26.62,2.509,0.00,50.0,0.66
4382.00,1817.31,6976.89,26.63,2.509,0.00,50.0,0.64
4383.00,1818.44,6979.13,26.64,2.509,0.00,50.0,0.62
4384.00,1819.56,6981.37,26.65,2.508,0.00,50.0,0.60
4385.00,1820.69,6983.62,26.66,2.508,0.00,50.0,0.58
4386.00,1821.81,6985.86,26.67,2.508,0.00,50.0,0.56
4387.00,1822.94,6988.10,26.68,2.508,0.00,50.0,0.54
4388.00,1824.07,6990.34,26.69,2.508,0.00,50.0,0.52
4389.00,1825.19,6992.58,26.70,2.508,0.00,50.0,0.51
4390.00,1826.32,6994.82,26.71,2.507,0.00,50.0,0.49
4391.00,1827.45,6997.06,26.71,2.507,0.00,50.0,0.47
4392.00,1828.57,6999.30,26.72,2.507,0.00,50.0,0.46
4393.00,1829.70,7001.54,26.73,2.507,0.00,50.0,0.44
4394.00,1830.83,7003.78,26.74,2.507,0.00,50.0,0.43
4395.00,1831.96,7006.02,26.74,2.507,0.00,50.0,0.41
4396.00,1833.08,7008.25,26.75,2.507,0.00,50.0,0.40
4397.00,1834.21,7010.49,26.76,2.506,0.00,50.0,0.39
4398.00,1835.34,7012.73,26.76,2.506,0.00,50.0,0.37
4399.00,1836.47,7014.97,26.77,2.506,0.00,50.0,0.36
4400.00,1837.60,7017.21,26.77,2.506,0.00,50.0,0.35
4401.00,1838.73,7019.44,26.78,2.506,0.00,50.0,0.34
4402.00,1839.85,7021.68,26.79,2.506,0.00,50.0,0.33
4403.00,1840.98,7023.92,26.79,2.506,0.00,50.0,0.31
4404.00,1842.11,7026.15,26.80,2.506,0.00,50.0,0.30
4405.00,1843.24,7028.39,26.80,2.505,0.00,50.0,0.29
4406.00,1844.37,7030.63,26.81,2.505,0.00,50.0,0.28
4407.00,1845.50,7032.86,26.81,2.505,0.00,50.0,0.28
4408.00,1846.63,7035.10,26.81,2.505,0.00,50.0,0.27
4409.00,1847.76,7037.33,26.82,2.505,0.00,50.0,0.26
4410.00,1848.89,7039.57,26.82,2.505,0.00,50.0,0.25
4411.00,1850.02,7041.80,26.83,2.505,0.00,50.0,0.24
4412.00,1851.15,7044.04,26.83,2.505,0.00,50.0,0.23
4413.00,1852.28,7046.27,26.83,2.505,0.00,50.0,0.22
4414.00,1853.41,7048.51,26.84,2.505,0.00,50.0,0.22
4415.00,1854.55,7050.74,26.84,2.504,0.00,50.0,0.21
4416.00,1855.68,7052.98,26.84,2.504,0.00,50.0,0.20
4417.00,1856.81,7055.21,26.85,2.504,0.00,50.0,0.20
4418.00,1857.94,7057.45,26.85,2.504,0.00,50.0,0.19
4419.00,1859.07,7059.68,26.85,2.504,0.00,50.0,0.18
4420.00,1860.20,7061.92,26.86,2.504,0.00,50.0,0.18
4421.00,1861.33,7064.15,26.86,2.504,0.00,50.0,0.17
4422.00,1862.46,7066.38,26.86,2.504,0.00,50.0,0.17
4423.00,1863.59,7068.62,26.87,2.504,0.00,50.0,0.16
4424.00,1864.73,7070.85,26.87,2.504,0.00,50.0,0.15
4425.00,1865.86,7073.08,26.87,2.504,0.00,50.0,0.15
4426.00,1866.99,7075.32,26.87,2.504,0.00,50.0,0.14
4427.00,1868.12,7077.55,26.88,2.504,0.00,50.0,0.14
4428.00,1869.25,7079.78,26.88,2.503,0.00,50.0,0.13
4429.00,1870.38,7082.02,26.88,2.503,0.00,50.0,0.13
4430.00,1871.52,7084.25,26.88,2.503,0.00,50.0,0.13
4431.00,1872.65,7086.48,26.88,2.503,0.00,50.0,0.12
4432.00,1873.78,7088.71,26.89,2.503,0.00,50.0,0.12
4433.00,1874.91,7090.95,26.89,2.503,0.00,50.0,0.11
4434.00,1876.04,7093.18,26.89,2.503,0.00,50.0,0.11
4435.00,1877.17,7095.41,26.89,2.503,0.00,50.0,0.11
4436.00,1878.31,7097.64,26.89,2.503,5.00,50.0,0.16
4437.00,1879.44,7099.88,26.90,2.503,5.00,50.0,0.21
4438.00,1880.57,7102.11,26.90,2.503,5.00,50.0,0.26
4439.00,1881.70,7104.34,26.91,2.503,5.00,50.0,0.31
4440.00,1882.84,7106.57,26.91,2.503,5.00,50.0,0.36
4441.00,1883.97,7108.80,26.92,2.503,5.00,50.0,0.40
4442.00,1885.10,7111.04,26.93,2.503,0.00,50.0,0.39
4443.00,1886.24,7113.27,26.93,2.503,0.00,50.0,0.38
4444.00,1887.37,7115.50,26.94,2.503,0.00,50.0,0.36
4445.00,1888.50,7117.73,26.94,2.502,0.00,50.0,0.35
4446.00,1889.64,7119.96,26.95,2.502,0.00,50.0,0.34
4447.00,1890.77,7122.19,26.96,2.502,0.00,50.0,0.33
4448.00,1891.91,7124.42,26.96,2.502,0.00,50.0,0.32
4449.00,1893.04,7126.65,26.97,2.502,0.00,50.0,0.31
4450.00,1894.17,7128.88,26.97,2.502,0.00,50.0,0.30
4451.00,1895.31,7131.11,26.98,2.502,0.00,50.0,0.29
4452.00,1896.44,7133.34,26.98,2.502,0.00,50.0,0.28
4453.00,1897.58,7135.57,26.98,2.502,0.00,50.0,0.27
4454.00,1898.71,7137.80,26.99,2.502,0.00,50.0,0.26
4455.00,1899.85,7140.03,26.99,2.502,0.00,50.0,0.25
4456.00,1900.99,7142.26,27.00,2.502,0.00,50.0,0.24
4457.00,1902.12,7144.49,27.00,2.502,0.00,50.0,0.23
4458.00,1903.26,7146.72,27.00,2.502,0.00,50.0,0.23
4459.00,1904.39,7148.95,27.01,2.502,0.00,50.0,0.22
4460.00,1905.53,7151.18,27.01,2.502,0.00,50.0,0.21
4461.00,1906.67,7153.40,27.02,2.502,0.00,50.0,0.20
4462.00,1907.80,7155.63,27.02,2.502,0.00,50.0,0.20
4463.00,1908.94,7157.86,27.02,2.502,0.00,50.0,0.19
4464.00,1910.08,7160.09,27.03,2.502,0.00,50.0,0.18
4465.00,1911.21,7162.32,27.03,2.502,0.00,50.0,0.18
4466.00,1912.35,7164.55,27.03,2.502,0.00,50.0,0.17
4467.00,1913.49,7166.78,27.03,2.502,0.00,50.0,0.17
4468.00,1914.62,7169.00,27.04,2.502,0.00,50.0,0.16
4469.00,1915.76,7171.23,27.04,2.502,0.00,50.0,0.16
4470.00,1916.90,7173.46,27.04,2.501,0.00,50.0,0.15
4471.00,1918.03,7175.69,27.04,2.501,0.00,50.0,0.15
4472.00,1919.17,7177.92,27.05,2.501,0.00,50.0,0.14
4473.00,1920.31,7180.14,27.05,2.501,0.00,50.0,0.14
4474.00,1921.45,7182.37,27.05,2.501,0.00,50.0,0.13
4475.00,1922.58,7184.60,27.05,2.501,0.00,50.0,0.13
4476.00,1923.72,7186.83,27.05,2.501,0.00,50.0,0.12
4477.00,1924.86,7189.05,27.06,2.501,0.00,50.0,0.12
4478.00,1926.00,7191.28,27.06,2.501,0.00,50.0,0.11
4479.00,1927.13,7193.51,27.06,2.501,0.00,50.0,0.11
4480.00,1928.27,7195.74,27.06,2.501,0.00,50.0,0.11
4481.00,1929.41,7197.96,27.06,2.501,0.00,50.0,0.10
4482.00,1930.55,7200.19,27.07,2.501,0.00,50.0,0.10
4483.00,1931.69,7202.42,27.07,2.501,0.00,50.0,0.10
4484.00,1932.82,7204.65,27.07,2.501,0.00,50.0,0.09
4485.00,1933.96,7206.87,27.07,2.501,0.00,50.0,0.09
4486.00,1935.10,7209.10,27.07,2.501,0.00,50.0,0.09
4487.00,1936.24,7211.33,27.07,2.501,0.00,50.0,0.08
4488.00,1937.38,7213.55,27.07,2.501,0.00,50.0,0.08
4489.00,1938.52,7215.78,27.08,2.501,0.00,50.0,0.08
4490.00,1939.65,7218.01,27.08,2.501,0.00,50.0,0.08
4491.00,1940.79,7220.23,27.08,2.501,5.00,50.0,0.13
4492.00,1941.93,7222.46,27.08,2.501,5.00,50.0,0.18
4493.00,1943.07,7224.69,27.09,2.501,5.00,50.0,0.23
4494.00,1944.21,7226.91,27.09,2.501,5.00,50.0,0.28
4495.00,1945.35,7229.14,27.10,2.501,5.00,50.0,0.33
4496.00,1946.49,7231.37,27.10,2.501,0.00,50.0,0.32
4497.00,1947.63,7233.59,27.11,2.501,0.00,50.0,0.31
4498.00,1948.77,7235.82,27.11,2.501,0.00,50.0,0.30
4499.00,1949.91,7238.05,27.12,2.501,0.00,50.0,0.29
4500.00,1951.05,7240.27,27.12,2.501,0.00,50.0,0.28
4501.00,1952.19,7242.50,27.13,2.501,0.00,50.0,0.27
4502.00,1953.33,7244.72,27.13,2.501,5.00,50.0,0.32
4503.00,1954.47,7246.95,27.14,2.501,5.00,50.0,0.37
4504.00,1955.61,7249.17,27.14,2.501,5.00,50.0,0.41
4505.00,1956.75,7251.40,27.15,2.501,5.00,50.0,0.45
4506.00,1957.89,7253.62,27.16,2.501,5.00,50.0,0.50
4507.00,1959.03,7255.85,27.17,2.501,5.00,50.0,0.54
4508.00,1960.17,7258.07,27.18,2.501,0.00,50.0,0.52
4509.00,1961.31,7260.30,27.19,2.501,0.00,50.0,0.50
4510.00,1962.46,7262.52,27.19,2.501,0.00,50.0,0.48
4511.00,1963.60,7264.75,27.20,2.501,0.00,50.0,0.47
4512.00,1964.74,7266.97,27.21,2.501,0.00,50.0,0.45
4513.00,1965.89,7269.20,27.22,2.501,0.00,50.0,0.44
4514.00,1967.03,7271.42,27.22,2.501,0.00,50.0,0.42
4515.00,1968.17,7273.64,27.23,2.501,5.00,50.0,0.47
4516.00,1969.32,7275.87,27.24,2.501,5.00,50.0,0.51
4517.00,1970.46,7278.09,27.25,2.501,5.00,50.0,0.55
4518.00,1971.61,7280.31,27.26,2.501,5.00,50.0,0.59
4519.00,1972.75,7282.54,27.27,2.501,5.00,50.0,0.62
4520.00,1973.90,7284.76,27.28,2.501,0.00,50.0,0.60
4521.00,1975.04,7286.98,27.29,2.501,0.00,50.0,0.58
4522.00,1976.19,7289.20,27.30,2.501,0.00,50.0,0.56
4523.00,1977.34,7291.42,27.31,2.501,0.00,50.0,0.55
4524.00,1978.48,7293.65,27.32,2.500,0.00,50.0,0.53
4525.00,1979.63,7295.87,27.33,2.500,0.00,50.0,0.51
4526.00,1980.78,7298.09,27.33,2.500,5.00,50.0,0.55
4527.00,1981.93,7300.31,27.34,2.500,5.00,50.0,0.59
4528.00,1983.08,7302.53,27.35,2.500,5.00,50.0,0.63
4529.00,1984.23,7304.75,27.37,2.500,5.00,50.0,0.66
4530.00,1985.38,7306.97,27.38,2.500,5.00,50.0,0.70
4531.00,1986.53,7309.19,27.39,2.500,5.00,50.0,0.73
4532.00,1987.68,7311.41,27.40,2.500,5.00,50.0,0.76
4533.00,1988.83,7313.63,27.41,2.500,0.00,50.0,0.74
4534.00,1989.98,7315.85,27.43,2.500,0.00,50.0,0.71
4535.00,1991.13,7318.07,27.44,2.500,0.00,50.0,0.69
4536.00,1992.28,7320.29,27.45,2.500,0.00,50.0,0.67
4537.00,1993.43,7322.51,27.46,2.500,0.00,50.0,0.64
4538.00,1994.59,7324.73,27.47,2.500,0.00,50.0,0.62
4539.00,1995.74,7326.95,27.48,2.500,0.00,50.0,0.60
4540.00,1996.89,7329.17,27.49,2.500,0.00,50.0,0.58
4541.00,1998.05,7331.38,27.50,2.500,0.00,50.0,0.56
4542.00,1999.20,7333.60,27.51,2.500,0.00,50.0,0.54
4543.00,2000.36,7335.82,27.52,2.500,0.00,50.0,0.53
4544.00,2001.51,7338.04,27.53,2.500,0.00,50.0,0.51
4545.00,2002.67,7340.25,27.53,2.500,0.00,50.0,0.49
4546.00,2003.82,7342.47,27.54,2.500,5.00,50.0,0.53
4547.00,2004.98,7344.69,27.55,2.500,5.00,50.0,0.57
4548.00,2006.14,7346.91,27.56,2.500,5.00,50.0,0.61
4549.00,2007.29,7349.12,27.57,2.500,5.00,50.0,0.65
4550.00,2008.45,7351.34,27.58,2.500,5.00,50.0,0.68
4551.00,2009.61,7353.55,27.60,2.500,5.00,50.0,0.72
4552.00,2010.77,7355.77,27.61,2.500,5.00,50.0,0.75
4553.00,2011.93,7357.99,27.62,2.500,10.00,50.0,0.84
4554.00,2013.08,7360.20,27.64,2.500,10.00,50.0,0.93
4555.00,2014.24,7362.42,27.66,2.500,10.00,50.0,1.01
4556.00,2015.41,7364.63,27.67,2.500,10.00,50.0,1.09
4557.00,2016.57,7366.84,27.69,2.500,10.00,50.0,1.17
4558.00,2017.73,7369.06,27.71,2.500,10.00,50.0,1.24
4559.00,2018.89,7371.27,27.73,2.500,5.00,50.0,1.26
4560.00,2020.05,7373.49,27.76,2.500,5.00,50.0,1.27
4561.00,2021.22,7375.70,27.78,2.500,5.00,50.0,1.29
4562.00,2022.38,7377.91,27.80,2.500,5.00,50.0,1.30
4563.00,2023.55,7380.12,27.82,2.500,5.00,50.0,1.32
4564.00,2024.72,7382.33,27.84,2.500,5.00,50.0,1.33
4565.00,2025.88,7384.54,27.87,2.500,5.00,50.0,1.34
4566.00,2027.05,7386.75,27.89,2.500,0.00,50.0,1.30
4567.00,2028.22,7388.96,27.91,2.500,0.00,50.0,1.25
4568.00,2029.39,7391.17,27.93,2.500,0.00,50.0,1.21
4569.00,2030.56,7393.38,27.95,2.500,0.00,50.0,1.17
4570.00,2031.74,7395.59,27.97,2.500,0.00,50.0,1.13
4571.00,2032.91,7397.80,27.98,2.500,0.00,50.0,1.10
4572.00,2034.08,7400.01,28.00,2.500,0.00,50.0,1.06
4573.00,2035.26,7402.21,28.02,2.500,0.00,50.0,1.02
4574.00,2036.43,7404.42,28.04,2.500,0.00,50.0,0.99
4575.00,2037.60,7406.63,28.05,2.500,0.00,50.0,0.96
4576.00,2038.78,7408.83,28.07,2.500,0.00,50.0,0.92
4577.00,2039.96,7411.04,28.08,2.500,0.00,50.0,0.89
4578.00,2041.13,7413.25,28.10,2.500,5.00,50.0,0.92
4579.00,2042.31,7415.45,28.11,2.500,5.00,50.0,0.95
4580.00,2043.49,7417.66,28.13,2.500,5.00,50.0,0.97
4581.00,2044.67,7419.86,28.15,2.500,5.00,50.0,1.00
4582.00,2045.85,7422.07,28.16,2.500,5.00,50.0,1.02
4583.00,2047.03,7424.27,28.18,2.500,0.00,50.0,0.99
4584.00,2048.21,7426.47,28.20,2.500,0.00,50.0,0.95
4585.00,2049.39,7428.68,28.21,2.500,0.00,50.0,0.92
4586.00,2050.57,7430.88,28.23,2.500,0.00,50.0,0.89
4587.00,2051.75,7433.08,28.24,2.500,0.00,50.0,0.86
4588.00,2052.94,7435.29,28.25,2.500,0.00,50.0,0.83
4589.00,2054.12,7437.49,28.27,2.500,0.00,50.0,0.81
4590.00,2055.30,7439.69,28.28,2.500,5.00,50.0,0.84
4591.00,2056.49,7441.89,28.30,2.500,5.00,50.0,0.87
4592.00,2057.67,7444.09,28.31,2.500,5.00,50.0,0.89
4593.00,2058.86,7446.29,28.33,2.500,5.00,50.0,0.92
4594.00,2060.05,7448.50,28.34,2.500,5.00,50.0,0.95
4595.00,2061.23,7450.70,28.36,2.500,10.00,50.0,1.03
4596.00,2062.42,7452.90,28.38,2.500,10.00,50.0,1.11
4597.00,2063.61,7455.10,28.40,2.500,10.00,50.0,1.19
4598.00,2064.80,7457.30,28.42,2.500,10.00,50.0,1.26
4599.00,2065.99,7459.49,28.44,2.500,10.00,50.0,1.33
4600.00,2067.18,7461.69,28.46,2.500,10.00,50.0,1.40
4601.00,2068.37,7463.89,28.49,2.500,5.00,50.0,1.41
4602.00,2069.56,7466.09,28.51,2.500,5.00,50.0,1.42
4603.00,2070.76,7468.28,28.54,2.500,5.00,50.0,1.43
4604.00,2071.95,7470.48,28.56,2.500,5.00,50.0,1.44
4605.00,2073.15,7472.68,28.58,2.500,5.00,50.0,1.45
4606.00,2074.34,7474.87,28.61,2.500,5.00,50.0,1.46
4607.00,2075.54,7477.07,28.63,2.500,0.00,50.0,1.41
4608.00,2076.74,7479.26,28.65,2.500,0.00,50.0,1.37
4609.00,2077.94,7481.46,28.68,2.500,0.00,50.0,1.32
4610.00,2079.14,7483.65,28.70,2.500,0.00,50.0,1.28
4611.00,2080.34,7485.84,28.72,2.500,0.00,50.0,1.23
4612.00,2081.54,7488.03,28.74,2.500,0.00,50.0,1.19
4613.00,2082.74,7490.23,28.76,2.500,0.00,50.0,1.15
4614.00,2083.94,7492.42,28.78,2.500,0.00,50.0,1.11
4615.00,2085.15,7494.61,28.79,2.500,0.00,50.0,1.08
4616.00,2086.35,7496.80,28.81,2.500,0.00,50.0,1.04
4617.00,2087.55,7498.99,28.83,2.500,0.00,50.0,1.01
4618.00,2088.76,7501.18,28.84,2.500,0.00,50.0,0.97
4619.00,2089.97,7503.37,28.86,2.500,0.00,50.0,0.94
4620.00,2091.17,7505.56,28.87,2.500,0.00,50.0,0.91
4621.00,2092.38,7507.75,28.89,2.500,0.00,50.0,0.88
4622.00,2093.59,7509.94,28.90,2.500,0.00,50.0,0.85
4623.00,2094.80,7512.13,28.92,2.500,0.00,50.0,0.82
4624.00,2096.01,7514.32,28.93,2.500,0.00,50.0,0.79
4625.00,2097.21,7516.50,28.94,2.500,0.00,50.0,0.77
4626.00,2098.42,7518.69,28.96,2.500,0.00,50.0,0.74
4627.00,2099.63,7520.88,28.97,2.500,0.00,50.0,0.72
4628.00,2100.85,7523.07,28.98,2.500,0.00,50.0,0.69
4629.00,2102.06,7525.25,28.99,2.500,0.00,50.0,0.67
4630.00,2103.27,7527.44,29.00,2.500,0.00,50.0,0.65
4631.00,2104.48,7529.63,29.01,2.500,0.00,50.0,0.63
4632.00,2105.69,7531.81,29.02,2.500,5.00,50.0,0.66
4633.00,2106.91,7534.00,29.03,2.500,5.00,50.0,0.70
4634.00,2108.12,7536.19,29.05,2.500,5.00,50.0,0.73
4635.00,2109.33,7538.37,29.06,2.500,5.00,50.0,0.76
4636.00,2110.55,7540.56,29.07,2.500,5.00,50.0,0.80
4637.00,2111.76,7542.74,29.09,2.500,5.00,50.0,0.83
4638.00,2112.98,7544.93,29.10,2.500,0.00,50.0,0.80
4639.00,2114.19,7547.11,29.11,2.500,0.00,50.0,0.77
4640.00,2115.41,7549.29,29.12,2.500,0.00,50.0,0.75
4641.00,2116.63,7551.48,29.14,2.500,0.00,50.0,0.72
4642.00,2117.84,7553.66,29.15,2.500,0.00,50.0,0.70
4643.00,2119.06,7555.85,29.16,2.500,5.00,50.0,0.73
4644.00,2120.28,7558.03,29.17,2.500,5.00,50.0,0.76
4645.00,2121.50,7560.21,29.19,2.500,5.00,50.0,0.80
4646.00,2122.72,7562.39,29.20,2.500,5.00,50.0,0.83
4647.00,2123.94,7564.58,29.21,2.500,5.00,50.0,0.86
4648.00,2125.16,7566.76,29.23,2.500,5.00,50.0,0.88
4649.00,2126.38,7568.94,29.24,2.500,5.00,50.0,0.91
4650.00,2127.60,7571.12,29.26,2.500,0.00,50.0,0.88
4651.00,2128.82,7573.30,29.27,2.500,0.00,50.0,0.85
4652.00,2130.04,7575.48,29.29,2.500,0.00,50.0,0.82
4653.00,2131.27,7577.66,29.30,2.500,0.00,50.0,0.80
4654.00,2132.49,7579.84,29.31,2.500,0.00,50.0,0.77
4655.00,2133.71,7582.02,29.33,2.500,0.00,50.0,0.74
4656.00,2134.94,7584.20,29.34,2.500,0.00,50.0,0.72
4657.00,2136.16,7586.38,29.35,2.500,0.00,50.0,0.70
4658.00,2137.39,7588.56,29.36,2.500,0.00,50.0,0.67
4659.00,2138.62,7590.74,29.37,2.500,0.00,50.0,0.65
4660.00,2139.84,7592.92,29.38,2.500,5.00,50.0,0.69
4661.00,2141.07,7595.10,29.39,2.500,5.00,50.0,0.72
4662.00,2142.30,7597.28,29.41,2.500,5.00,50.0,0.75
4663.00,2143.52,7599.45,29.42,2.500,5.00,50.0,0.78
4664.00,2144.75,7601.63,29.43,2.500,5.00,50.0,0.82
4665.00,2145.98,7603.81,29.45,2.500,5.00,50.0,0.85
4666.00,2147.21,7605.99,29.46,2.500,5.00,50.0,0.87
4667.00,2148.44,7608.16,29.48,2.500,5.00,50.0,0.90
4668.00,2149.67,7610.34,29.49,2.500,5.00,50.0,0.93
4669.00,2150.90,7612.52,29.51,2.500,0.00,50.0,0.90
4670.00,2152.13,7614.69,29.52,2.500,0.00,50.0,0.87
4671.00,2153.36,7616.87,29.54,2.500,0.00,50.0,0.84
4672.00,2154.59,7619.04,29.55,2.500,0.00,50.0,0.81
4673.00,2155.83,7621.22,29.56,2.500,0.00,50.0,0.78
4674.00,2157.06,7623.39,29.58,2.500,0.00,50.0,0.76
4675.00,2158.30,7625.57,29.59,2.500,0.00,50.0,0.73
4676.00,2159.53,7627.74,29.60,2.500,5.00,50.0,0.77
4677.00,2160.76,7629.91,29.61,2.500,5.00,50.0,0.80
4678.00,2162.00,7632.09,29.63,2.500,5.00,50.0,0.83
4679.00,2163.24,7634.26,29.64,2.500,5.00,50.0,0.86
4680.00,2164.47,7636.43,29.66,2.500,5.00,50.0,0.89
4681.00,2165.71,7638.61,29.67,2.500,5.00,50.0,0.91
4682.00,2166.95,7640.78,29.69,2.500,0.00,50.0,0.88
4683.00,2168.19,7642.95,29.70,2.500,0.00,50.0,0.85
4684.00,2169.42,7645.12,29.72,2.500,0.00,50.0,0.83
4685.00,2170.66,7647.29,29.73,2.500,0.00,50.0,0.80
4686.00,2171.90,7649.46,29.74,2.500,0.00,50.0,0.77
4687.00,2173.14,7651.63,29.75,2.500,0.00,50.0,0.75
4688.00,2174.38,7653.80,29.77,2.500,0.00,50.0,0.72
4689.00,2175.63,7655.97,29.78,2.500,0.00,50.0,0.70
4690.00,2176.87,7658.14,29.79,2.500,0.00,50.0,0.67
4691.00,2178.11,7660.31,29.80,2.500,0.00,50.0,0.65
4692.00,2179.35,7662.48,29.81,2.500,0.00,50.0,0.63
4693.00,2180.59,7664.65,29.82,2.500,0.00,50.0,0.61
4694.00,2181.84,7666.82,29.83,2.500,0.00,50.0,0.59
4695.00,2183.08,7668.99,29.84,2.500,0.00,50.0,0.57
4696.00,2184.32,7671.16,29.85,2.500,0.00,50.0,0.55
4697.00,2185.57,7673.33,29.86,2.500,0.00,50.0,0.53
4698.00,2186.81,7675.50,29.87,2.500,0.00,50.0,0.51
4699.00,2188.06,7677.66,29.87,2.500,0.00,50.0,0.50
4700.00,2189.30,7679.83,29.88,2.500,0.00,50.0,0.48
4701.00,2190.55,7682.00,29.89,2.500,5.00,50.0,0.52
4702.00,2191.80,7684.17,29.90,2.500,5.00,50.0,0.56
4703.00,2193.04,7686.33,29.91,2.500,5.00,50.0,0.60
4704.00,2194.29,7688.50,29.92,2.500,5.00,50.0,0.64
4705.00,2195.54,7690.67,29.93,2.500,5.00,50.0,0.67
4706.00,2196.78,7692.83,29.94,2.500,5.00,50.0,0.71
4707.00,2198.03,7695.00,29.96,2.500,5.00,50.0,0.74
4708.00,2199.28,7697.17,29.97,2.500,0.00,50.0,0.72
4709.00,2200.53,7699.33,29.98,2.500,0.00,50.0,0.69
4710.00,2201.78,7701.50,29.99,2.500,0.00,50.0,0.67
4711.00,2203.03,7703.66,30.00,2.500,0.00,50.0,0.65
4712.00,2204.28,7705.83,30.01,2.500,0.00,50.0,0.63
4713.00,2205.53,7707.99,30.02,2.500,0.00,50.0,0.60
4714.00,2206.78,7710.16,30.03,2.500,0.00,50.0,0.58
4715.00,2208.03,7712.32,30.04,2.500,0.00,50.0,0.56
4716.00,2209.28,7714.49,30.05,2.500,0.00,50.0,0.55
4717.00,2210.53,7716.65,30.06,2.500,0.00,50.0,0.53
4718.00,2211.78,7718.81,30.07,2.500,0.00,50.0,0.51
4719.00,2213.04,7720.98,30.08,2.500,0.00,50.0,0.49
4720.00,2214.29,7723.14,30.08,2.500,0.00,50.0,0.48
4721.00,2215.54,7725.30,30.09,2.500,0.00,50.0,0.46
4722.00,2216.80,7727.47,30.10,2.500,5.00,50.0,0.50
4723.00,2218.05,7729.63,30.11,2.500,5.00,50.0,0.54
4724.00,2219.30,7731.79,30.12,2.500,5.00,50.0,0.58
4725.00,2220.56,7733.96,30.13,2.500,5.00,50.0,0.62
4726.00,2221.81,7736.12,30.14,2.500,5.00,50.0,0.66
4727.00,2223.07,7738.28,30.15,2.500,0.00,50.0,0.63
4728.00,2224.33,7740.44,30.16,2.500,0.00,50.0,0.61
4729.00,2225.58,7742.60,30.17,2.500,0.00,50.0,0.59
4730.00,2226.84,7744.76,30.18,2.500,0.00,50.0,0.57
4731.00,2228.09,7746.93,30.19,2.500,0.00,50.0,0.55
4732.00,2229.35,7749.09,30.20,2.500,0.00,50.0,0.54
4733.00,2230.61,7751.25,30.21,2.500,0.00,50.0,0.52
4734.00,2231.87,7753.41,30.22,2.500,5.00,50.0,0.56
4735.00,2233.13,7755.57,30.23,2.500,5.00,50.0,0.60
4736.00,2234.38,7757.73,30.24,2.500,5.00,50.0,0.63
4737.00,2235.64,7759.89,30.25,2.500,5.00,50.0,0.67
4738.00,2236.90,7762.05,30.26,2.500,5.00,50.0,0.70
4739.00,2238.16,7764.21,30.27,2.500,5.00,50.0,0.74
4740.00,2239.42,7766.37,30.29,2.500,10.00,50.0,0.83
4741.00,2240.68,7768.52,30.30,2.500,10.00,50.0,0.91
4742.00,2241.94,7770.68,30.32,2.500,10.00,50.0,1.00
4743.00,2243.21,7772.84,30.34,2.500,10.00,50.0,1.08
4744.00,2244.47,7775.00,30.35,2.500,10.00,50.0,1.16
4745.00,2245.73,7777.16,30.38,2.500,10.00,50.0,1.23
4746.00,2247.00,7779.31,30.40,2.500,10.00,50.0,1.31
4747.00,2248.26,7781.47,30.42,2.500,5.00,50.0,1.32
4748.00,2249.53,7783.63,30.44,2.500,5.00,50.0,1.33
4749.00,2250.79,7785.78,30.46,2.500,5.00,50.0,1.35
4750.00,2252.06,7787.94,30.49,2.500,5.00,50.0,1.36
4751.00,2253.33,7790.09,30.51,2.500,5.00,50.0,1.37
4752.00,2254.60,7792.24,30.53,2.500,5.00,50.0,1.38
4753.00,2255.87,7794.40,30.56,2.500,5.00,50.0,1.39
4754.00,2257.14,7796.55,30.58,2.500,5.00,50.0,1.40
4755.00,2258.41,7798.70,30.60,2.500,0.00,50.0,1.36
4756.00,2259.68,7800.85,30.62,2.500,0.00,50.0,1.31
4757.00,2260.96,7803.01,30.64,2.500,0.00,50.0,1.27
4758.00,2262.23,7805.16,30.66,2.500,0.00,50.0,1.23
4759.00,2263.51,7807.31,30.68,2.500,0.00,50.0,1.18
4760.00,2264.78,7809.46,30.70,2.500,0.00,50.0,1.14
4761.00,2266.06,7811.61,30.72,2.500,5.00,50.0,1.16
4762.00,2267.34,7813.76,30.74,2.500,5.00,50.0,1.18
4763.00,2268.61,7815.90,30.76,2.500,5.00,50.0,1.20
4764.00,2269.89,7818.05,30.78,2.500,5.00,50.0,1.22
4765.00,2271.17,7820.20,30.80,2.500,5.00,50.0,1.23
4766.00,2272.45,7822.35,30.82,2.500,5.00,50.0,1.25
4767.00,2273.73,7824.49,30.85,2.500,5.00,50.0,1.27
4768.00,2275.02,7826.64,30.87,2.500,0.00,50.0,1.22
4769.00,2276.30,7828.79,30.89,2.500,0.00,50.0,1.18
4770.00,2277.58,7830.93,30.90,2.500,0.00,50.0,1.14
4771.00,2278.87,7833.08,30.92,2.500,0.00,50.0,1.10
4772.00,2280.15,7835.22,30.94,2.500,0.00,50.0,1.07
4773.00,2281.44,7837.37,30.96,2.500,0.00,50.0,1.03
4774.00,2282.72,7839.51,30.97,2.500,0.00,50.0,1.00
4775.00,2284.01,7841.65,30.99,2.500,0.00,50.0,0.96
4776.00,2285.30,7843.80,31.01,2.500,5.00,50.0,0.99
4777.00,2286.58,7845.94,31.02,2.500,5.00,50.0,1.01
4778.00,2287.87,7848.08,31.04,2.500,5.00,50.0,1.04
4779.00,2289.16,7850.22,31.06,2.500,5.00,50.0,1.06
4780.00,2290.45,7852.37,31.08,2.500,5.00,50.0,1.08
4781.00,2291.74,7854.51,31.10,2.500,5.00,50.0,1.10
4782.00,2293.03,7856.65,31.11,2.500,0.00,50.0,1.07
4783.00,2294.32,7858.79,31.13,2.500,0.00,50.0,1.03
4784.00,2295.62,7860.93,31.15,2.500,0.00,50.0,1.00
4785.00,2296.91,7863.07,31.16,2.500,0.00,50.0,0.96
4786.00,2298.20,7865.21,31.18,2.500,0.00,50.0,0.93
4787.00,2299.50,7867.35,31.19,2.500,0.00,50.0,0.90
4788.00,2300.79,7869.48,31.21,2.500,5.00,50.0,0.93
4789.00,2302.09,7871.62,31.23,2.500,5.00,50.0,0.95
4790.00,2303.38,7873.76,31.24,2.500,5.00,50.0,0.98
4791.00,2304.68,7875.90,31.26,2.500,5.00,50.0,1.00
4792.00,2305.98,7878.03,31.28,2.500,5.00,50.0,1.03
4793.00,2307.28,7880.17,31.29,2.500,5.00,50.0,1.05
4794.00,2308.57,7882.31,31.31,2.500,0.00,50.0,1.01
4795.00,2309.87,7884.44,31.33,2.500,0.00,50.0,0.98
4796.00,2311.17,7886.58,31.34,2.500,0.00,50.0,0.95
4797.00,2312.47,7888.71,31.36,2.500,0.00,50.0,0.92
4798.00,2313.77,7890.85,31.37,2.500,0.00,50.0,0.89
4799.00,2315.08,7892.98,31.39,2.500,0.00,50.0,0.86
4800.00,2316.38,7895.12,31.40,2.500,0.00,50.0,0.83
4801.00,2317.68,7897.25,31.41,2.500,0.00,50.0,0.80
4802.00,2318.98,7899.39,31.43,2.500,0.00,50.0,0.77
4803.00,2320.29,7901.52,31.44,2.500,0.00,50.0,0.75
4804.00,2321.59,7903.65,31.45,2.500,0.00,50.0,0.72
4805.00,2322.90,7905.78,31.46,2.500,0.00,50.0,0.70
4806.00,2324.20,7907.92,31.47,2.500,0.00,50.0,0.68
4807.00,2325.51,7910.05,31.48,2.500,0.00,50.0,0.65
4808.00,2326.81,7912.18,31.49,2.500,0.00,50.0,0.63
4809.00,2328.12,7914.31,31.51,2.500,0.00,50.0,0.61
4810.00,2329.42,7916.44,31.51,2.500,0.00,50.0,0.59
4811.00,2330.73,7918.58,31.52,2.500,0.00,50.0,0.57
4812.00,2332.04,7920.71,31.53,2.500,0.00,50.0,0.55
4813.00,2333.35,7922.84,31.54,2.500,0.00,50.0,0.53
4814.00,2334.65,7924.97,31.55,2.500,0.00,50.0,0.52
4815.00,2335.96,7927.10,31.56,2.500,0.00,50.0,0.50
4816.00,2337.27,7929.23,31.57,2.500,0.00,50.0,0.48
4817.00,2338.58,7931.36,31.58,2.500,0.00,50.0,0.47
4818.00,2339.89,7933.49,31.58,2.500,0.00,50.0,0.45
4819.00,2341.20,7935.62,31.59,2.500,0.00,50.0,0.43
4820.00,2342.51,7937.75,31.60,2.500,5.00,50.0,0.48
4821.00,2343.82,7939.88,31.61,2.500,5.00,50.0,0.52
4822.00,2345.13,7942.01,31.62,2.500,5.00,50.0,0.56
4823.00,2346.44,7944.14,31.63,2.500,5.00,50.0,0.60
4824.00,2347.75,7946.26,31.64,2.500,5.00,50.0,0.63
4825.00,2349.06,7948.39,31.65,2.500,5.00,50.0,0.67
4826.00,2350.37,7950.52,31.66,2.500,5.00,50.0,0.71
4827.00,2351.68,7952.65,31.67,2.500,10.00,50.0,0.80
4828.00,2353.00,7954.78,31.69,2.500,10.00,50.0,0.88
4829.00,2354.31,7956.90,31.70,2.500,10.00,50.0,0.97
4830.00,2355.62,7959.03,31.72,2.500,10.00,50.0,1.05
4831.00,2356.94,7961.16,31.74,2.500,10.00,50.0,1.13
4832.00,2358.25,7963.28,31.76,2.500,10.00,50.0,1.21
4833.00,2359.57,7965.41,31.78,2.500,10.00,50.0,1.28
4834.00,2360.89,7967.53,31.80,2.500,15.00,50.0,1.41
4835.00,2362.20,7969.66,31.83,2.500,15.00,50.0,1.53
4836.00,2363.52,7971.78,31.86,2.500,15.00,50.0,1.65
4837.00,2364.84,7973.91,31.89,2.500,15.00,50.0,1.77
4838.00,2366.16,7976.03,31.92,2.500,15.00,50.0,1.88
4839.00,2367.48,7978.15,31.95,2.500,15.00,50.0,1.99
4840.00,2368.81,7980.27,31.99,2.500,15.00,50.0,2.10
4841.00,2370.13,7982.39,32.02,2.500,15.00,50.0,2.20
4842.00,2371.46,7984.51,32.06,2.500,20.00,50.0,2.35
4843.00,2372.78,7986.63,32.10,2.500,20.00,50.0,2.50
4844.00,2374.11,7988.75,32.15,2.500,20.00,50.0,2.65
4845.00,2375.44,7990.87,32.19,2.500,20.00,50.0,2.79
4846.00,2376.77,7992.98,32.24,2.500,20.00,50.0,2.92
4847.00,2378.11,7995.10,32.29,2.500,20.00,50.0,3.06
4848.00,2379.44,7997.21,32.35,2.500,20.00,50.0,3.18
4849.00,2380.78,7999.32,32.40,2.500,20.00,50.0,3.30
4850.00,2382.12,8001.43,32.46,2.500,20.00,50.0,3.42
4851.00,2383.46,8003.54,32.52,2.500,20.00,50.0,3.54
4852.00,2384.81,8005.65,32.58,2.500,20.00,50.0,3.65
4853.00,2386.15,8007.76,32.64,2.500,20.00,50.0,3.76
4854.00,2387.50,8009.86,32.71,2.500,20.00,50.0,3.86
4855.00,2388.85,8011.96,32.77,2.500,20.00,50.0,3.96
4856.00,2390.21,8014.07,32.84,2.500,20.00,50.0,4.06
4857.00,2391.56,8016.17,32.91,2.500,20.00,50.0,4.15
4858.00,2392.92,8018.27,32.98,2.500,20.00,50.0,4.24
4859.00,2394.28,8020.36,33.05,2.500,20.00,50.0,4.33
4860.00,2395.64,8022.46,33.13,2.500,20.00,50.0,4.41
4861.00,2397.01,8024.55,33.20,2.500,20.00,50.0,4.49
4862.00,2398.38,8026.64,33.28,2.500,20.00,50.0,4.57
4863.00,2399.75,8028.73,33.35,2.500,20.00,50.0,4.65
4864.00,2401.13,8030.82,33.43,2.500,20.00,50.0,4.72
4865.00,2402.50,8032.91,33.51,2.500,20.00,50.0,4.79
4866.00,2403.88,8034.99,33.59,2.500,20.00,50.0,4.86
4867.00,2405.27,8037.08,33.68,2.500,20.00,50.0,4.93
4868.00,2406.65,8039.16,33.76,2.500,20.00,50.0,4.99
4869.00,2408.04,8041.23,33.84,2.500,20.00,50.0,5.05
4870.00,2409.43,8043.31,33.93,2.500,20.00,50.0,5.11
4871.00,2410.83,8045.39,34.01,2.500,20.00,50.0,5.17
4872.00,2412.23,8047.46,34.10,2.500,20.00,50.0,5.23
4873.00,2413.63,8049.53,34.19,2.500,20.00,50.0,5.28
4874.00,2415.03,8051.60,34.28,2.500,20.00,50.0,5.34
4875.00,2416.44,8053.66,34.37,2.500,20.00,50.0,5.39
4876.00,2417.85,8055.72,34.46,2.500,20.00,50.0,5.43
4877.00,2419.27,8057.79,34.55,2.500,20.00,50.0,5.48
4878.00,2420.69,8059.85,34.64,2.500,20.00,50.0,5.53
4879.00,2422.11,8061.90,34.74,2.500,20.00,50.0,5.57
4880.00,2423.53,8063.96,34.83,2.500,20.00,50.0,5.62
4881.00,2424.96,8066.01,34.92,2.500,20.00,50.0,5.66
4882.00,2426.39,8068.06,35.02,2.500,20.00,50.0,5.70
4883.00,2427.83,8070.11,35.11,2.500,20.00,50.0,5.74
4884.00,2429.26,8072.15,35.21,2.500,20.00,50.0,5.77
4885.00,2430.70,8074.19,35.31,2.500,20.00,50.0,5.81
4886.00,2432.15,8076.23,35.40,2.500,20.00,50.0,5.84
4887.00,2433.60,8078.27,35.50,2.500,20.00,50.0,5.88
4888.00,2435.05,8080.31,35.60,2.500,20.00,50.0,5.91
4889.00,2436.50,8082.34,35.70,2.500,20.00,50.0,5.94
4890.00,2437.96,8084.37,35.80,2.500,20.00,50.0,5.97
4891.00,2439.43,8086.40,35.90,2.500,20.00,50.0,6.00
4892.00,2440.89,8088.42,36.00,2.500,20.00,50.0,6.03
4893.00,2442.36,8090.44,36.10,2.500,20.00,50.0,6.06
4894.00,2443.83,8092.46,36.20,2.500,20.00,50.0,6.08
4895.00,2445.31,8094.48,36.30,2.500,20.00,50.0,6.11
4896.00,2446.79,8096.50,36.41,2.500,20.00,50.0,6.14
4897.00,2448.28,8098.51,36.51,2.500,20.00,50.0,6.16
4898.00,2449.76,8100.52,36.61,2.500,20.00,50.0,6.18
4899.00,2451.25,8102.53,36.72,2.500,20.00,50.0,6.20
4900.00,2452.75,8104.53,36.82,2.500,20.00,50.0,6.23
4901.00,2454.25,8106.53,36.92,2.500,20.00,50.0,6.25
4902.00,2455.75,8108.53,37.03,2.500,20.00,50.0,6.27
4903.00,2457.25,8110.53,37.13,2.500,20.00,50.0,6.29
4904.00,2458.76,8112.52,37.24,2.500,20.00,50.0,6.31
4905.00,2460.28,8114.51,37.34,2.500,20.00,50.0,6.33
4906.00,2461.79,8116.50,37.45,2.500,20.00,50.0,6.34
4907.00,2463.31,8118.48,37.55,2.500,20.00,50.0,6.36
4908.00,2464.84,8120.46,37.66,2.500,20.00,50.0,6.38
4909.00,2466.36,8122.44,37.77,2.500,20.00,50.0,6.39
4910.00,2467.89,8124.42,37.87,2.500,20.00,50.0,6.41
4911.00,2469.43,8126.39,37.98,2.500,20.00,50.0,6.42
4912.00,2470.97,8128.36,38.09,2.500,20.00,50.0,6.44
4913.00,2472.51,8130.33,38.20,2.500,20.00,50.0,6.45
4914.00,2474.06,8132.29,38.30,2.500,20.00,50.0,6.46
4915.00,2475.61,8134.26,38.41,2.500,20.00,50.0,6.48
4916.00,2477.16,8136.22,38.52,2.500,20.00,50.0,6.49
4917.00,2478.72,8138.17,38.63,2.500,20.00,50.0,6.50
4918.00,2480.28,8140.12,38.74,2.500,20.00,50.0,6.51
4919.00,2481.84,8142.07,38.85,2.500,20.00,50.0,6.53
4920.00,2483.41,8144.02,38.95,2.500,20.00,50.0,6.54
4921.00,2484.98,8145.97,39.06,2.500,20.00,50.0,6.55
4922.00,2486.56,8147.91,39.17,2.500,20.00,50.0,6.56
4923.00,2488.14,8149.84,39.28,2.500,20.00,50.0,6.57
4924.00,2489.72,8151.78,39.39,2.500,20.00,50.0,6.58
4925.00,2491.30,8153.71,39.50,2.500,20.00,50.0,6.59
4926.00,2492.89,8155.64,39.61,2.500,20.00,50.0,6.60
4927.00,2494.49,8157.57,39.72,2.500,20.00,50.0,6.60
4928.00,2496.09,8159.49,39.83,2.500,20.00,50.0,6.61
4929.00,2497.69,8161.41,39.94,2.500,20.00,50.0,6.62
4930.00,2499.29,8163.33,40.05,2.500,20.00,50.0,6.63
4931.00,2500.90,8165.24,40.16,2.500,20.00,50.0,6.64
4932.00,2502.51,8167.15,40.27,2.500,20.00,50.0,6.64
4933.00,2504.13,8169.06,40.39,2.500,20.00,50.0,6.65
4934.00,2505.75,8170.96,40.50,2.500,20.00,50.0,6.66
4935.00,2507.37,8172.86,40.61,2.500,20.00,50.0,6.66
4936.00,2509.00,8174.76,40.72,2.500,20.00,50.0,6.67
4937.00,2510.63,8176.66,40.83,2.500,20.00,50.0,6.68
4938.00,2512.27,8178.55,40.94,2.500,20.00,50.0,6.68
4939.00,2513.90,8180.44,41.05,2.500,20.00,50.0,6.69
4940.00,2515.55,8182.32,41.16,2.500,20.00,50.0,6.69
4941.00,2517.19,8184.20,41.28,2.500,20.00,50.0,6.70
4942.00,2518.84,8186.08,41.39,2.500,20.00,50.0,6.71
4943.00,2520.49,8187.96,41.50,2.500,20.00,50.0,6.71
4944.00,2522.15,8189.83,41.61,2.500,20.00,50.0,6.72
4945.00,2523.81,8191.70,41.72,2.500,20.00,50.0,6.72
4946.00,2525.47,8193.57,41.84,2.500,20.00,50.0,6.72
4947.00,2527.14,8195.43,41.95,2.500,20.00,50.0,6.73
4948.00,2528.81,8197.29,42.06,2.500,20.00,50.0,6.73
4949.00,2530.49,8199.14,42.17,2.500,20.00,50.0,6.74
4950.00,2532.17,8201.00,42.28,2.500,20.00,50.0,6.74
4951.00,2533.85,8202.85,42.40,2.500,20.00,50.0,6.75
4952.00,2535.53,8204.69,42.51,2.500,20.00,50.0,6.75
4953.00,2537.22,8206.53,42.62,2.500,20.00,50.0,6.75
4954.00,2538.92,8208.37,42.73,2.500,20.00,50.0,6.76
4955.00,2540.61,8210.21,42.85,2.500,20.00,50.0,6.76
4956.00,2542.31,8212.04,42.96,2.500,20.00,50.0,6.76
4957.00,2544.02,8213.87,43.07,2.500,20.00,50.0,6.77
4958.00,2545.72,8215.70,43.19,2.500,20.00,50.0,6.77
4959.00,2547.43,8217.52,43.30,2.500,20.00,50.0,6.77
4960.00,2549.15,8219.34,43.41,2.500,20.00,50.0,6.77
4961.00,2550.87,8221.16,43.52,2.500,20.00,50.0,6.78
4962.00,2552.59,8222.97,43.64,2.500,20.00,50.0,6.78
4963.00,2554.31,8224.78,43.75,2.500,20.00,50.0,6.78
4964.00,2556.04,8226.59,43.86,2.500,20.00,50.0,6.79
4965.00,2557.78,8228.39,43.98,2.500,20.00,50.0,6.79
4966.00,2559.51,8230.19,44.09,2.500,20.00,50.0,6.79
4967.00,2561.25,8231.98,44.20,2.500,20.00,50.0,6.79
4968.00,2562.99,8233.78,44.32,2.500,20.00,50.0,6.79
4969.00,2564.74,8235.56,44.43,2.500,20.00,50.0,6.80
4970.00,2566.49,8237.35,44.54,2.500,20.00,50.0,6.80
4971.00,2568.24,8239.13,44.66,2.500,20.00,50.0,6.80
4972.00,2570.00,8240.91,44.77,2.500,20.00,50.0,6.80
4973.00,2571.76,8242.68,44.88,2.500,20.00,50.0,6.80
4974.00,2573.53,8244.46,45.00,2.500,20.00,50.0,6.81
4975.00,2575.29,8246.22,45.11,2.500,20.00,50.0,6.81
4976.00,2577.06,8247.99,45.22,2.500,20.00,50.0,6.81
4977.00,2578.84,8249.75,45.34,2.500,20.00,50.0,6.81
4978.00,2580.62,8251.51,45.45,2.500,20.00,50.0,6.81
4979.00,2582.40,8253.26,45.56,2.500,20.00,50.0,6.81
4980.00,2584.18,8255.01,45.68,2.500,20.00,50.0,6.82
4981.00,2585.97,8256.76,45.79,2.500,20.00,50.0,6.82
4982.00,2587.76,8258.50,45.90,2.500,20.00,50.0,6.82
4983.00,2589.56,8260.24,46.02,2.500,20.00,50.0,6.82
4984.00,2591.36,8261.98,46.13,2.500,20.00,50.0,6.82
4985.00,2593.16,8263.71,46.25,2.500,20.00,50.0,6.82
4986.00,2594.97,8265.44,46.36,2.500,20.00,50.0,6.82
4987.00,2596.78,8267.16,46.47,2.500,20.00,50.0,6.82
4988.00,2598.59,8268.88,46.59,2.500,20.00,50.0,6.83
4989.00,2600.40,8270.60,46.70,2.500,20.00,50.0,6.83
4990.00,2602.22,8272.32,46.81,2.500,20.00,50.0,6.83
4991.00,2604.05,8274.03,46.93,2.500,20.00,50.0,6.83
4992.00,2605.87,8275.74,47.04,2.500,20.00,50.0,6.83
4993.00,2607.70,8277.44,47.16,2.500,20.00,50.0,6.83
4994.00,2609.54,8279.14,47.27,2.500,20.00,50.0,6.83
4995.00,2611.37,8280.84,47.38,2.500,20.00,50.0,6.83
4996.00,2613.21,8282.53,47.50,2.500,20.00,50.0,6.83
4997.00,2615.06,8284.22,47.61,2.500,20.00,50.0,6.83
4998.00,2616.90,8285.90,47.73,2.500,20.00,50.0,6.83
4999.00,2618.75,8287.58,47.84,2.500,20.00,50.0,6.84
5000.00,2620.60,8289.26,47.95,2.500,20.00,50.0,6.84
5001.00,2622.46,8290.94,48.07,2.500,20.00,50.0,6.84
5002.00,2624.32,8292.61,48.18,2.500,20.00,50.0,6.84
5003.00,2626.18,8294.27,48.29,2.500,20.00,50.0,6.84
5004.00,2628.05,8295.94,48.41,2.500,20.00,50.0,6.84
5005.00,2629.92,8297.60,48.52,2.500,20.00,50.0,6.84
5006.00,2631.79,8299.25,48.64,2.500,20.00,50.0,6.84
5007.00,2633.67,8300.90,48.75,2.500,20.00,50.0,6.84
5008.00,2635.55,8302.55,48.86,2.500,20.00,50.0,6.84
5009.00,2637.43,8304.20,48.98,2.500,20.00,50.0,6.84
5010.00,2639.32,8305.84,49.09,2.500,20.00,50.0,6.84
5011.00,2641.21,8307.48,49.21,2.500,20.00,50.0,6.84
5012.00,2643.10,8309.11,49.32,2.500,20.00,50.0,6.84
5013.00,2645.00,8310.74,49.44,2.500,20.00,50.0,6.84
5014.00,2646.90,8312.36,49.55,2.500,20.00,50.0,6.84
5015.00,2648.80,8313.99,49.66,2.500,20.00,50.0,6.84
5016.00,2650.70,8315.60,49.78,2.500,20.00,50.0,6.84
5017.00,2652.61,8317.22,49.89,2.500,20.00,50.0,6.85
5018.00,2654.52,8318.83,50.01,2.500,20.00,50.0,6.85
5019.00,2656.44,8320.44,50.12,2.500,20.00,50.0,6.85
5020.00,2658.36,8322.04,50.23,2.500,20.00,50.0,6.85
5021.00,2660.28,8323.64,50.35,2.500,20.00,50.0,6.85
5022.00,2662.20,8325.23,50.46,2.500,20.00,50.0,6.85
5023.00,2664.13,8326.83,50.58,2.500,20.00,50.0,6.85
5024.00,2666.06,8328.41,50.69,2.500,20.00,50.0,6.85
5025.00,2668.00,8330.00,50.80,2.500,20.00,50.0,6.85
5026.00,2669.94,8331.58,50.92,2.500,20.00,50.0,6.85
5027.00,2671.88,8333.15,51.03,2.500,20.00,50.0,6.85
5028.00,2673.82,8334.72,51.15,2.500,20.00,50.0,6.85
5029.00,2675.77,8336.29,51.26,2.500,20.00,50.0,6.85
5030.00,2677.72,8337.86,51.38,2.500,20.00,50.0,6.85
5031.00,2679.67,8339.42,51.49,2.500,20.00,50.0,6.85
5032.00,2681.63,8340.97,51.60,2.500,20.00,50.0,6.85
5033.00,2683.59,8342.53,51.72,2.500,20.00,50.0,6.85
5034.00,2685.55,8344.08,51.83,2.500,20.00,50.0,6.85
5035.00,2687.51,8345.62,51.95,2.500,20.00,50.0,6.85
5036.00,2689.48,8347.16,52.06,2.500,20.00,50.0,6.85
5037.00,2691.45,8348.70,52.17,2.500,20.00,50.0,6.85
5038.00,2693.43,8350.23,52.29,2.500,20.00,50.0,6.85
5039.00,2695.41,8351.76,52.40,2.500,20.00,50.0,6.85
5040.00,2697.39,8353.29,52.52,2.500,20.00,50.0,6.85
5041.00,2699.37,8354.81,52.63,2.500,20.00,50.0,6.85
5042.00,2701.36,8356.33,52.75,2.500,20.00,50.0,6.85
5043.00,2703.35,8357.84,52.86,2.500,20.00,50.0,6.85
5044.00,2705.34,8359.35,52.97,2.500,20.00,50.0,6.85
5045.00,2707.34,8360.85,53.09,2.500,20.00,50.0,6.85
5046.00,2709.34,8362.36,53.20,2.500,20.00,50.0,6.85
5047.00,2711.34,8363.85,53.32,2.500,20.00,50.0,6.85
5048.00,2713.34,8365.35,53.43,2.500,20.00,50.0,6.85
5049.00,2715.35,8366.84,53.54,2.500,20.00,50.0,6.85
5050.00,2717.36,8368.32,53.66,2.500,20.00,50.0,6.85
5051.00,2719.37,8369.80,53.77,2.500,20.00,50.0,6.85
5052.00,2721.39,8371.28,53.89,2.500,20.00,50.0,6.85
5053.00,2723.41,8372.75,54.00,2.500,20.00,50.0,6.85
5054.00,2725.43,8374.22,54.12,2.500,20.00,50.0,6.85
5055.00,2727.46,8375.69,54.23,2.500,20.00,50.0,6.85
5056.00,2729.49,8377.15,54.34,2.500,20.00,50.0,6.85
5057.00,2731.52,8378.61,54.46,2.500,20.00,50.0,6.85
5058.00,2733.55,8380.06,54.57,2.500,20.00,50.0,6.85
5059.00,2735.59,8381.51,54.69,2.500,20.00,50.0,6.85
5060.00,2737.63,8382.95,54.80,2.500,20.00,50.0,6.85
5061.00,2739.67,8384.40,54.92,2.500,20.00,50.0,6.85
5062.00,2741.72,8385.83,55.03,2.500,20.00,50.0,6.85
5063.00,2743.77,8387.27,55.14,2.500,20.00,50.0,6.85
5064.00,2745.82,8388.69,55.26,2.500,20.00,50.0,6.85
5065.00,2747.87,8390.12,55.37,2.500,20.00,50.0,6.85
5066.00,2749.93,8391.54,55.49,2.500,20.00,50.0,6.85
5067.00,2751.99,8392.96,55.60,2.500,20.00,50.0,6.85
5068.00,2754.05,8394.37,55.72,2.500,20.00,50.0,6.86
5069.00,2756.12,8395.78,55.83,2.500,20.00,50.0,6.86
5070.00,2758.19,8397.18,55.94,2.500,20.00,50.0,6.86
5071.00,2760.26,8398.58,56.06,2.500,20.00,50.0,6.86
5072.00,2762.33,8399.98,56.17,2.500,20.00,50.0,6.86
5073.00,2764.41,8401.37,56.29,2.500,20.00,50.0,6.86
5074.00,2766.49,8402.76,56.40,2.500,20.00,50.0,6.86
5075.00,2768.57,8404.14,56.52,2.500,20.00,50.0,6.86
5076.00,2770.66,8405.52,56.63,2.500,20.00,50.0,6.86
5077.00,2772.74,8406.89,56.74,2.500,20.00,50.0,6.86
5078.00,2774.83,8408.26,56.86,2.500,20.00,50.0,6.86
5079.00,2776.93,8409.63,56.97,2.500,20.00,50.0,6.86
5080.00,2779.02,8410.99,57.09,2.500,20.00,50.0,6.86
5081.00,2781.12,8412.35,57.20,2.500,20.00,50.0,6.86
5082.00,2783.22,8413.71,57.31,2.500,20.00,50.0,6.86
5083.00,2785.33,8415.06,57.43,2.500,20.00,50.0,6.86
5084.00,2787.44,8416.40,57.54,2.500,20.00,50.0,6.86
5085.00,2789.54,8417.74,57.66,2.500,20.00,50.0,6.86
5086.00,2791.66,8419.08,57.77,2.500,20.00,50.0,6.86
5087.00,2793.77,8420.42,57.89,2.500,20.00,50.0,6.86
5088.00,2795.89,8421.74,58.00,2.500,20.00,50.0,6.86
5089.00,2798.01,8423.07,58.11,2.500,20.00,50.0,6.86
5090.00,2800.13,8424.39,58.23,2.500,20.00,50.0,6.86
5091.00,2802.26,8425.71,58.34,2.500,20.00,50.0,6.86
5092.00,2804.39,8427.02,58.46,2.500,20.00,50.0,6.86
5093.00,2806.52,8428.33,58.57,2.500,20.00,50.0,6.86
5094.00,2808.65,8429.63,58.69,2.500,20.00,50.0,6.86
5095.00,2810.79,8430.93,58.80,2.500,20.00,50.0,6.86
5096.00,2812.92,8432.22,58.91,2.500,20.00,50.0,6.86
5097.00,2815.06,8433.51,59.03,2.500,20.00,50.0,6.86
5098.00,2817.21,8434.80,59.14,2.500,20.00,50.0,6.86
5099.00,2819.35,8436.08,59.26,2.500,20.00,50.0,6.86
5100.00,2821.50,8437.36,59.37,2.500,20.00,50.0,6.86
5101.00,2823.65,8438.63,59.49,2.500,20.00,50.0,6.86
5102.00,2825.81,8439.90,59.60,2.500,20.00,50.0,6.86
5103.00,2827.96,8441.17,59.71,2.500,20.00,50.0,6.86
5104.00,2830.12,8442.43,59.83,2.500,20.00,50.0,6.86
5105.00,2832.28,8443.69,59.94,2.500,20.00,50.0,6.86
5106.00,2834.45,8444.94,60.06,2.500,20.00,50.0,6.86
5107.00,2836.61,8446.19,60.17,2.500,20.00,50.0,6.86
5108.00,2838.78,8447.43,60.29,2.500,20.00,50.0,6.86
5109.00,2840.95,8448.67,60.40,2.500,20.00,50.0,6.86
5110.00,2843.13,8449.90,60.51,2.500,20.00,50.0,6.86
5111.00,2845.30,8451.13,60.63,2.500,20.00,50.0,6.86
5112.00,2847.48,8452.36,60.74,2.500,20.00,50.0,6.86
5113.00,2849.66,8453.58,60.86,2.500,20.00,50.0,6.86
5114.00,2851.85,8454.80,60.97,2.500,20.00,50.0,6.86
5115.00,2854.03,8456.01,61.09,2.500,20.00,50.0,6.86
5116.00,2856.22,8457.22,61.20,2.500,20.00,50.0,6.86
5117.00,2858.41,8458.43,61.31,2.500,20.00,50.0,6.86
5118.00,2860.61,8459.63,61.43,2.500,20.00,50.0,6.86
5119.00,2862.80,8460.82,61.54,2.500,20.00,50.0,6.86
5120.00,2865.00,8462.01,61.66,2.500,20.00,50.0,6.86
5121.00,2867.20,8463.20,61.77,2.500,20.00,50.0,6.86
5122.00,2869.40,8464.38,61.89,2.500,20.00,50.0,6.86
5123.00,2871.61,8465.56,62.00,2.500,20.00,50.0,6.86
5124.00,2873.81,8466.73,62.11,2.500,20.00,50.0,6.86
5125.00,2876.02,8467.90,62.23,2.500,20.00,50.0,6.86
5126.00,2878.24,8469.07,62.34,2.500,20.00,50.0,6.86
5127.00,2880.45,8470.23,62.46,2.500,20.00,50.0,6.86
5128.00,2882.67,8471.38,62.57,2.500,20.00,50.0,6.86
5129.00,2884.89,8472.54,62.69,2.500,20.00,50.0,6.86
5130.00,2887.11,8473.68,62.80,2.500,20.00,50.0,6.86
5131.00,2889.33,8474.83,62.91,2.500,20.00,50.0,6.86
5132.00,2891.56,8475.96,63.03,2.500,20.00,50.0,6.86
5133.00,2893.79,8477.10,63.14,2.500,20.00,50.0,6.86
5134.00,2896.02,8478.23,63.26,2.500,20.00,50.0,6.86
5135.00,2898.25,8479.35,63.37,2.500,20.00,50.0,6.86
5136.00,2900.48,8480.47,63.49,2.500,20.00,50.0,6.86
5137.00,2902.72,8481.59,63.60,2.500,20.00,50.0,6.86
5138.00,2904.96,8482.70,63.71,2.500,20.00,50.0,6.86
5139.00,2907.20,8483.81,63.83,2.500,20.00,50.0,6.86
5140.00,2909.44,8484.91,63.94,2.500,20.00,50.0,6.86
5141.00,2911.69,8486.01,64.06,2.500,20.00,50.0,6.86
5142.00,2913.94,8487.10,64.17,2.500,20.00,50.0,6.86
5143.00,2916.19,8488.19,64.29,2.500,20.00,50.0,6.86
5144.00,2918.44,8489.28,64.40,2.500,20.00,50.0,6.86
5145.00,2920.70,8490.36,64.51,2.500,20.00,50.0,6.86
5146.00,2922.95,8491.43,64.63,2.500,20.00,50.0,6.86
5147.00,2925.21,8492.50,64.74,2.500,20.00,50.0,6.86
5148.00,2927.47,8493.57,64.86,2.500,20.00,50.0,6.86
5149.00,2929.74,8494.63,64.97,2.500,20.00,50.0,6.86
5150.00,2932.00,8495.69,65.09,2.500,20.00,50.0,6.86
5151.00,2934.27,8496.74,65.20,2.500,20.00,50.0,6.86
5152.00,2936.54,8497.79,65.31,2.500,20.00,50.0,6.86
5153.00,2938.81,8498.84,65.43,2.500,20.00,50.0,6.86
5154.00,2941.08,8499.88,65.54,2.500,20.00,50.0,6.86
5155.00,2943.36,8500.91,65.66,2.500,20.00,50.0,6.86
5156.00,2945.64,8501.94,65.77,2.500,20.00,50.0,6.86
5157.00,2947.92,8502.97,65.89,2.500,20.00,50.0,6.86
5158.00,2950.20,8503.99,66.00,2.500,20.00,50.0,6.86
5159.00,2952.48,8505.01,66.11,2.500,20.00,50.0,6.86
5160.00,2954.77,8506.02,66.23,2.500,20.00,50.0,6.86
5161.00,2957.06,8507.03,66.34,2.500,20.00,50.0,6.86
5162.00,2959.35,8508.03,66.46,2.500,20.00,50.0,6.86
5163.00,2961.64,8509.03,66.57,2.500,20.00,50.0,6.86
5164.00,2963.93,8510.02,66.69,2.500,20.00,50.0,6.86
5165.00,2966.23,8511.01,66.80,2.500,20.00,50.0,6.86
5166.00,2968.52,8512.00,66.91,2.500,20.00,50.0,6.86
5167.00,2970.82,8512.98,67.03,2.500,20.00,50.0,6.86
5168.00,2973.13,8513.95,67.14,2.500,20.00,50.0,6.86
5169.00,2975.43,8514.92,67.26,2.500,20.00,50.0,6.86
5170.00,2977.74,8515.89,67.37,2.500,20.00,50.0,6.86
5171.00,2980.04,8516.85,67.49,2.500,20.00,50.0,6.86
5172.00,2982.35,8517.81,67.60,2.500,20.00,50.0,6.86
5173.00,2984.66,8518.76,67.71,2.500,20.00,50.0,6.86
5174.00,2986.98,8519.71,67.83,2.500,15.00,50.0,6.80
5175.00,2989.29,8520.65,67.94,2.500,15.00,50.0,6.74
5176.00,2991.61,8521.59,68.05,2.500,15.00,50.0,6.69
5177.00,2993.93,8522.53,68.16,2.500,15.00,50.0,6.64
5178.00,2996.25,8523.46,68.27,2.500,15.00,50.0,6.59
5179.00,2998.57,8524.38,68.38,2.500,15.00,50.0,6.54
5180.00,3000.90,8525.30,68.49,2.500,15.00,50.0,6.49
5181.00,3003.22,8526.22,68.60,2.500,10.00,50.0,6.39
5182.00,3005.55,8527.13,68.70,2.500,10.00,50.0,6.29
5183.00,3007.88,8528.04,68.80,2.500,10.00,50.0,6.20
5184.00,3010.21,8528.94,68.91,2.500,10.00,50.0,6.11
5185.00,3012.54,8529.84,69.01,2.500,10.00,50.0,6.02
5186.00,3014.88,8530.74,69.10,2.500,5.00,50.0,5.87
5187.00,3017.21,8531.63,69.20,2.500,5.00,50.0,5.73
5188.00,3019.55,8532.52,69.29,2.500,5.00,50.0,5.60
5189.00,3021.89,8533.40,69.38,2.500,5.00,50.0,5.47
5190.00,3024.23,8534.28,69.47,2.500,5.00,50.0,5.35
5191.00,3026.57,8535.16,69.56,2.500,5.00,50.0,5.22
5192.00,3028.91,8536.03,69.65,2.500,5.00,50.0,5.11
5193.00,3031.25,8536.90,69.73,2.500,10.00,50.0,5.05
5194.00,3033.60,8537.77,69.81,2.500,10.00,50.0,5.00
5195.00,3035.95,8538.63,69.90,2.500,10.00,50.0,4.95
5196.00,3038.29,8539.49,69.98,2.500,10.00,50.0,4.89
5197.00,3040.64,8540.35,70.06,2.500,10.00,50.0,4.85
5198.00,3042.99,8541.20,70.14,2.500,10.00,50.0,4.80
5199.00,3045.34,8542.05,70.22,2.500,10.00,50.0,4.75
5200.00,3047.70,8542.89,70.29,2.500,5.00,50.0,4.65
5201.00,3050.05,8543.74,70.37,2.500,5.00,50.0,4.55
5202.00,3052.40,8544.58,70.44,2.500,5.00,50.0,4.46
5203.00,3054.76,8545.41,70.52,2.500,5.00,50.0,4.37
5204.00,3057.12,8546.25,70.59,2.500,5.00,50.0,4.28
5205.00,3059.48,8547.08,70.66,2.500,5.00,50.0,4.19
5206.00,3061.83,8547.91,70.73,2.500,5.00,50.0,4.11
5207.00,3064.19,8548.73,70.79,2.500,5.00,50.0,4.03
5208.00,3066.55,8549.55,70.86,2.500,0.00,50.0,3.90
5209.00,3068.92,8550.37,70.92,2.500,0.00,50.0,3.77
5210.00,3071.28,8551.19,70.98,2.500,0.00,50.0,3.64
5211.00,3073.64,8552.01,71.04,2.500,0.00,50.0,3.52
5212.00,3076.01,8552.82,71.10,2.500,0.00,50.0,3.40
5213.00,3078.37,8553.63,71.15,2.500,0.00,50.0,3.29
5214.00,3080.74,8554.43,71.21,2.500,0.00,50.0,3.18
5215.00,3083.11,8555.24,71.26,2.500,0.00,50.0,3.07
5216.00,3085.47,8556.04,71.31,2.500,0.00,50.0,2.97
5217.00,3087.84,8556.84,71.35,2.500,0.00,50.0,2.87
5218.00,3090.21,8557.64,71.40,2.500,0.00,50.0,2.78
5219.00,3092.58,8558.44,71.45,2.500,0.00,50.0,2.68
5220.00,3094.95,8559.24,71.49,2.500,5.00,50.0,2.65
5221.00,3097.32,8560.03,71.53,2.500,5.00,50.0,2.62
5222.00,3099.69,8560.82,71.58,2.500,5.00,50.0,2.59
5223.00,3102.06,8561.61,71.62,2.500,5.00,50.0,2.56
5224.00,3104.44,8562.40,71.66,2.500,5.00,50.0,2.53
5225.00,3106.81,8563.19,71.70,2.500,0.00,50.0,2.45
5226.00,3109.18,8563.97,71.74,2.500,0.00,50.0,2.37
5227.00,3111.56,8564.76,71.78,2.500,0.00,50.0,2.29
5228.00,3113.93,8565.54,71.82,2.500,0.00,50.0,2.21
5229.00,3116.31,8566.32,71.85,2.500,0.00,50.0,2.14
5230.00,3118.68,8567.10,71.89,2.500,0.00,50.0,2.07
5231.00,3121.06,8567.87,71.92,2.500,0.00,50.0,2.00
5232.00,3123.43,8568.65,71.95,2.500,0.00,50.0,1.93
5233.00,3125.81,8569.42,71.98,2.500,0.00,50.0,1.87
5234.00,3128.19,8570.20,72.01,2.500,0.00,50.0,1.80
5235.00,3130.57,8570.97,72.04,2.500,0.00,50.0,1.74
5236.00,3132.94,8571.74,72.07,2.500,0.00,50.0,1.69
5237.00,3135.32,8572.51,72.10,2.500,0.00,50.0,1.63
5238.00,3137.70,8573.28,72.12,2.500,0.00,50.0,1.58
5239.00,3140.08,8574.05,72.15,2.500,0.00,50.0,1.52
5240.00,3142.46,8574.81,72.17,2.500,0.00,50.0,1.47
5241.00,3144.84,8575.58,72.20,2.500,0.00,50.0,1.42
5242.00,3147.22,8576.34,72.22,2.500,0.00,50.0,1.38
5243.00,3149.60,8577.10,72.24,2.500,0.00,50.0,1.33
5244.00,3151.98,8577.87,72.27,2.500,5.00,50.0,1.34
5245.00,3154.36,8578.63,72.29,2.500,5.00,50.0,1.36
5246.00,3156.75,8579.39,72.31,2.500,5.00,50.0,1.37
5247.00,3159.13,8580.15,72.33,2.500,5.00,50.0,1.38
5248.00,3161.51,8580.91,72.36,2.500,5.00,50.0,1.39
5249.00,3163.89,8581.67,72.38,2.500,5.00,50.0,1.40
5250.00,3166.27,8582.42,72.40,2.500,0.00,50.0,1.35
5251.00,3168.66,8583.18,72.42,2.500,0.00,50.0,1.31
5252.00,3171.04,8583.93,72.45,2.500,0.00,50.0,1.27
5253.00,3173.42,8584.69,72.47,2.500,0.00,50.0,1.22
5254.00,3175.81,8585.44,72.49,2.500,0.00,50.0,1.18
5255.00,3178.19,8586.19,72.50,2.500,0.00,50.0,1.14
5256.00,3180.58,8586.94,72.52,2.500,0.00,50.0,1.10
5257.00,3182.96,8587.69,72.54,2.500,0.00,50.0,1.07
5258.00,3185.35,8588.44,72.56,2.500,0.00,50.0,1.03
5259.00,3187.73,8589.19,72.57,2.500,0.00,50.0,1.00
5260.00,3190.12,8589.94,72.59,2.500,0.00,50.0,0.96
5261.00,3192.50,8590.69,72.61,2.500,0.00,50.0,0.93
5262.00,3194.89,8591.44,72.62,2.500,0.00,50.0,0.90
5263.00,3197.27,8592.18,72.64,2.500,0.00,50.0,0.87
5264.00,3199.66,8592.93,72.65,2.500,0.00,50.0,0.84
5265.00,3202.05,8593.68,72.66,2.500,0.00,50.0,0.81
5266.00,3204.43,8594.42,72.68,2.500,0.00,50.0,0.79
5267.00,3206.82,8595.17,72.69,2.500,0.00,50.0,0.76
5268.00,3209.21,8595.91,72.70,2.500,0.00,50.0,0.74
5269.00,3211.59,8596.65,72.71,2.500,0.00,50.0,0.71
5270.00,3213.98,8597.40,72.72,2.500,0.00,50.0,0.69
5271.00,3216.37,8598.14,72.74,2.500,0.00,50.0,0.66
5272.00,3218.75,8598.88,72.75,2.500,0.00,50.0,0.64
5273.00,3221.14,8599.62,72.76,2.500,0.00,50.0,0.62
5274.00,3223.53,8600.36,72.77,2.500,0.00,50.0,0.60
5275.00,3225.92,8601.10,72.78,2.500,0.00,50.0,0.58
5276.00,3228.31,8601.84,72.79,2.500,0.00,50.0,0.56
5277.00,3230.69,8602.58,72.80,2.500,0.00,50.0,0.54
5278.00,3233.08,8603.32,72.80,2.500,0.00,50.0,0.52
5279.00,3235.47,8604.06,72.81,2.500,0.00,50.0,0.51
5280.00,3237.86,8604.80,72.82,2.500,0.00,50.0,0.49
5281.00,3240.25,8605.54,72.83,2.500,5.00,50.0,0.53
5282.00,3242.63,8606.28,72.84,2.500,5.00,50.0,0.57
5283.00,3245.02,8607.01,72.85,2.500,5.00,50.0,0.61
5284.00,3247.41,8607.75,72.86,2.500,5.00,50.0,0.64
5285.00,3249.80,8608.49,72.87,2.500,5.00,50.0,0.68
5286.00,3252.19,8609.23,72.88,2.500,5.00,50.0,0.72
5287.00,3254.58,8609.96,72.90,2.500,5.00,50.0,0.75
5288.00,3256.97,8610.70,72.91,2.500,5.00,50.0,0.78
5289.00,3259.36,8611.43,72.92,2.500,5.00,50.0,0.81
5290.00,3261.75,8612.17,72.94,2.500,0.00,50.0,0.78
5291.00,3264.14,8612.90,72.95,2.500,0.00,50.0,0.76
5292.00,3266.53,8613.63,72.96,2.500,0.00,50.0,0.73
5293.00,3268.92,8614.36,72.97,2.500,0.00,50.0,0.71
5294.00,3271.31,8615.10,72.98,2.500,0.00,50.0,0.69
5295.00,3273.70,8615.83,72.99,2.500,0.00,50.0,0.66
5296.00,3276.09,8616.56,73.00,2.500,0.00,50.0,0.64
5297.00,3278.48,8617.29,73.02,2.500,0.00,50.0,0.62
5298.00,3280.87,8618.02,73.03,2.500,0.00,50.0,0.60
5299.00,3283.26,8618.75,73.03,2.500,0.00,50.0,0.58
5300.00,3285.65,8619.48,73.04,2.500,0.00,50.0,0.56
5301.00,3288.05,8620.21,73.05,2.500,0.00,50.0,0.54
5302.00,3290.44,8620.94,73.06,2.500,0.00,50.0,0.52
5303.00,3292.83,8621.67,73.07,2.500,0.00,50.0,0.50
5304.00,3295.22,8622.39,73.08,2.500,0.00,50.0,0.49
5305.00,3297.61,8623.12,73.09,2.500,0.00,50.0,0.47
5306.00,3300.00,8623.85,73.09,2.500,0.00,50.0,0.46
5307.00,3302.40,8624.58,73.10,2.500,0.00,50.0,0.44
5308.00,3304.79,8625.30,73.11,2.500,0.00,50.0,0.43
5309.00,3307.18,8626.03,73.12,2.500,0.00,50.0,0.41
5310.00,3309.57,8626.76,73.12,2.500,0.00,50.0,0.40
5311.00,3311.96,8627.48,73.13,2.500,0.00,50.0,0.39
5312.00,3314.36,8628.21,73.13,2.500,0.00,50.0,0.37
5313.00,3316.75,8628.93,73.14,2.500,0.00,50.0,0.36
5314.00,3319.14,8629.66,73.15,2.500,0.00,50.0,0.35
5315.00,3321.53,8630.38,73.15,2.500,0.00,50.0,0.34
5316.00,3323.93,8631.11,73.16,2.500,0.00,50.0,0.32
5317.00,3326.32,8631.83,73.16,2.500,0.00,50.0,0.31
5318.00,3328.71,8632.55,73.17,2.500,0.00,50.0,0.30
5319.00,3331.11,8633.28,73.17,2.500,0.00,50.0,0.29
5320.00,3333.50,8634.00,73.18,2.500,5.00,50.0,0.34
5321.00,3335.89,8634.73,73.18,2.500,5.00,50.0,0.39
5322.00,3338.29,8635.45,73.19,2.500,5.00,50.0,0.43
5323.00,3340.68,8636.17,73.20,2.500,5.00,50.0,0.47
5324.00,3343.07,8636.89,73.21,2.500,5.00,50.0,0.52
5325.00,3345.46,8637.62,73.22,2.500,5.00,50.0,0.56
5326.00,3347.86,8638.34,73.23,2.500,5.00,50.0,0.59
5327.00,3350.25,8639.06,73.24,2.500,5.00,50.0,0.63
5328.00,3352.65,8639.78,73.25,2.500,0.00,50.0,0.61
5329.00,3355.04,8640.50,73.26,2.500,0.00,50.0,0.59
5330.00,3357.43,8641.22,73.27,2.500,0.00,50.0,0.57
5331.00,3359.83,8641.94,73.28,2.500,0.00,50.0,0.55
5332.00,3362.22,8642.66,73.29,2.500,0.00,50.0,0.53
5333.00,3364.62,8643.38,73.29,2.500,0.00,50.0,0.51
5334.00,3367.01,8644.10,73.30,2.500,0.00,50.0,0.50
5335.00,3369.41,8644.82,73.31,2.500,0.00,50.0,0.48
5336.00,3371.80,8645.54,73.32,2.500,0.00,50.0,0.47
5337.00,3374.20,8646.25,73.33,2.500,0.00,50.0,0.45
5338.00,3376.59,8646.97,73.33,2.500,0.00,50.0,0.43
5339.00,3378.98,8647.69,73.34,2.500,0.00,50.0,0.42
5340.00,3381.38,8648.40,73.35,2.500,0.00,50.0,0.41
5341.00,3383.78,8649.12,73.35,2.500,0.00,50.0,0.39
5342.00,3386.17,8649.84,73.36,2.500,0.00,50.0,0.38
5343.00,3388.57,8650.55,73.37,2.500,0.00,50.0,0.37
5344.00,3390.96,8651.27,73.37,2.500,0.00,50.0,0.35
5345.00,3393.36,8651.98,73.38,2.500,0.00,50.0,0.34
5346.00,3395.75,8652.70,73.38,2.500,5.00,50.0,0.39
5347.00,3398.15,8653.41,73.39,2.500,5.00,50.0,0.43
5348.00,3400.54,8654.13,73.40,2.500,5.00,50.0,0.48
5349.00,3402.94,8654.84,73.41,2.500,5.00,50.0,0.52
5350.00,3405.34,8655.56,73.42,2.500,5.00,50.0,0.56
5351.00,3407.73,8656.27,73.43,2.500,5.00,50.0,0.60
5352.00,3410.13,8656.98,73.44,2.500,0.00,50.0,0.58
5353.00,3412.52,8657.70,73.45,2.500,0.00,50.0,0.56
5354.00,3414.92,8658.41,73.45,2.500,0.00,50.0,0.54
5355.00,3417.32,8659.12,73.46,2.500,0.00,50.0,0.52
5356.00,3419.71,8659.83,73.47,2.500,0.00,50.0,0.50
5357.00,3422.11,8660.54,73.48,2.500,0.00,50.0,0.49
5358.00,3424.51,8661.25,73.49,2.500,0.00,50.0,0.47
5359.00,3426.90,8661.96,73.49,2.500,0.00,50.0,0.45
5360.00,3429.30,8662.67,73.50,2.500,0.00,50.0,0.44
5361.00,3431.70,8663.38,73.51,2.500,0.00,50.0,0.42
5362.00,3434.09,8664.09,73.52,2.500,0.00,50.0,0.41
5363.00,3436.49,8664.80,73.52,2.500,0.00,50.0,0.40
5364.00,3438.89,8665.51,73.53,2.500,0.00,50.0,0.38
5365.00,3441.29,8666.22,73.54,2.500,0.00,50.0,0.37
5366.00,3443.68,8666.93,73.54,2.500,0.00,50.0,0.36
5367.00,3446.08,8667.64,73.55,2.500,0.00,50.0,0.35
5368.00,3448.48,8668.35,73.55,2.500,0.00,50.0,0.33
5369.00,3450.88,8669.05,73.56,2.500,0.00,50.0,0.32
5370.00,3453.27,8669.76,73.56,2.500,0.00,50.0,0.31
5371.00,3455.67,8670.47,73.57,2.500,0.00,50.0,0.30
5372.00,3458.07,8671.18,73.57,2.500,0.00,50.0,0.29
5373.00,3460.47,8671.88,73.58,2.500,0.00,50.0,0.28
5374.00,3462.87,8672.59,73.58,2.500,0.00,50.0,0.27
5375.00,3465.26,8673.30,73.59,2.500,0.00,50.0,0.26
5376.00,3467.66,8674.00,73.59,2.500,0.00,50.0,0.26
5377.00,3470.06,8674.71,73.60,2.500,0.00,50.0,0.25
5378.00,3472.46,8675.42,73.60,2.500,0.00,50.0,0.24
5379.00,3474.86,8676.12,73.60,2.500,0.00,50.0,0.23
5380.00,3477.26,8676.83,73.61,2.500,0.00,50.0,0.22
5381.00,3479.65,8677.53,73.61,2.500,0.00,50.0,0.22
5382.00,3482.05,8678.24,73.61,2.500,0.00,50.0,0.21
5383.00,3484.45,8678.94,73.62,2.500,0.00,50.0,0.20
5384.00,3486.85,8679.65,73.62,2.500,0.00,50.0,0.19
5385.00,3489.25,8680.35,73.62,2.500,0.00,50.0,0.19
5386.00,3491.65,8681.06,73.63,2.500,0.00,50.0,0.18
5387.00,3494.04,8681.76,73.63,2.500,0.00,50.0,0.18
5388.00,3496.44,8682.47,73.63,2.500,0.00,50.0,0.17
5389.00,3498.84,8683.17,73.63,2.500,0.00,50.0,0.16
5390.00,3501.24,8683.88,73.64,2.500,0.00,50.0,0.16
5391.00,3503.64,8684.58,73.64,2.500,0.00,50.0,0.15
5392.00,3506.04,8685.29,73.64,2.500,0.00,50.0,0.15
5393.00,3508.44,8685.99,73.65,2.500,0.00,50.0,0.14
5394.00,3510.84,8686.69,73.65,2.500,0.00,50.0,0.14
5395.00,3513.24,8687.40,73.65,2.500,0.00,50.0,0.13
5396.00,3515.63,8688.10,73.65,2.500,0.00,50.0,0.13
5397.00,3518.03,8688.80,73.65,2.500,0.00,50.0,0.13
5398.00,3520.43,8689.51,73.66,2.500,0.00,50.0,0.12
5399.00,3522.83,8690.21,73.66,2.500,0.00,50.0,0.12
5400.00,3525.23,8690.91,73.66,2.500,0.00,50.0,0.11
5401.00,3527.63,8691.62,73.66,2.500,0.00,50.0,0.11
5402.00,3530.03,8692.32,73.66,2.500,0.00,50.0,0.11
5403.00,3532.43,8693.02,73.66,2.500,0.00,50.0,0.10
5404.00,3534.83,8693.73,73.67,2.500,0.00,50.0,0.10
5405.00,3537.23,8694.43,73.67,2.500,0.00,50.0,0.10
5406.00,3539.62,8695.13,73.67,2.500,5.00,50.0,0.15
5407.00,3542.02,8695.84,73.67,2.500,5.00,50.0,0.20
5408.00,3544.42,8696.54,73.68,2.500,5.00,50.0,0.25
5409.00,3546.82,8697.24,73.68,2.500,5.00,50.0,0.30
5410.00,3549.22,8697.94,73.69,2.500,5.00,50.0,0.35
5411.00,3551.62,8698.65,73.70,2.500,5.00,50.0,0.39
5412.00,3554.02,8699.35,73.70,2.500,0.00,50.0,0.38
5413.00,3556.42,8700.05,73.71,2.500,0.00,50.0,0.37
5414.00,3558.82,8700.75,73.71,2.500,0.00,50.0,0.36
5415.00,3561.22,8701.45,73.72,2.500,0.00,50.0,0.34
5416.00,3563.62,8702.15,73.73,2.500,0.00,50.0,0.33
5417.00,3566.02,8702.85,73.73,2.500,0.00,50.0,0.32
5418.00,3568.42,8703.55,73.74,2.500,0.00,50.0,0.31
5419.00,3570.82,8704.25,73.74,2.500,0.00,50.0,0.30
5420.00,3573.22,8704.95,73.75,2.500,0.00,50.0,0.29
5421.00,3575.62,8705.65,73.75,2.500,0.00,50.0,0.28
5422.00,3578.02,8706.35,73.75,2.500,0.00,50.0,0.27
5423.00,3580.42,8707.05,73.76,2.500,0.00,50.0,0.26
5424.00,3582.82,8707.75,73.76,2.500,0.00,50.0,0.25
5425.00,3585.22,8708.45,73.77,2.500,0.00,50.0,0.24
5426.00,3587.62,8709.15,73.77,2.500,0.00,50.0,0.24
5427.00,3590.02,8709.85,73.78,2.500,0.00,50.0,0.23
5428.00,3592.42,8710.55,73.78,2.500,0.00,50.0,0.22
5429.00,3594.82,8711.25,73.78,2.500,0.00,50.0,0.21
5430.00,3597.22,8711.94,73.79,2.500,0.00,50.0,0.21
5431.00,3599.62,8712.64,73.79,2.500,0.00,50.0,0.20
5432.00,3602.02,8713.34,73.79,2.500,0.00,50.0,0.19
5433.00,3604.42,8714.04,73.80,2.500,0.00,50.0,0.19
5434.00,3606.82,8714.74,73.80,2.500,0.00,50.0,0.18
5435.00,3609.22,8715.43,73.80,2.500,0.00,50.0,0.17
5436.00,3611.63,8716.13,73.80,2.500,0.00,50.0,0.17
5437.00,3614.03,8716.83,73.81,2.500,0.00,50.0,0.16
5438.00,3616.43,8717.52,73.81,2.500,0.00,50.0,0.16
5439.00,3618.83,8718.22,73.81,2.500,0.00,50.0,0.15
5440.00,3621.23,8718.92,73.81,2.500,0.00,50.0,0.15
5441.00,3623.63,8719.62,73.82,2.500,0.00,50.0,0.14
5442.00,3626.03,8720.31,73.82,2.500,0.00,50.0,0.14
5443.00,3628.43,8721.01,73.82,2.500,0.00,50.0,0.13
5444.00,3630.83,8721.71,73.82,2.500,0.00,50.0,0.13
5445.00,3633.23,8722.40,73.83,2.500,0.00,50.0,0.12
5446.00,3635.63,8723.10,73.83,2.500,0.00,50.0,0.12
5447.00,3638.04,8723.80,73.83,2.500,0.00,50.0,0.12
5448.00,3640.44,8724.49,73.83,2.500,0.00,50.0,0.11
5449.00,3642.84,8725.19,73.83,2.500,0.00,50.0,0.11
5450.00,3645.24,8725.88,73.84,2.500,0.00,50.0,0.10
5451.00,3647.64,8726.58,73.84,2.500,0.00,50.0,0.10
5452.00,3650.04,8727.28,73.84,2.500,0.00,50.0,0.10
5453.00,3652.44,8727.97,73.84,2.500,0.00,50.0,0.09
5454.00,3654.84,8728.67,73.84,2.500,0.00,50.0,0.09
5455.00,3657.24,8729.36,73.84,2.500,0.00,50.0,0.09
5456.00,3659.65,8730.06,73.84,2.500,0.00,50.0,0.09
5457.00,3662.05,8730.75,73.85,2.500,0.00,50.0,0.08
5458.00,3664.45,8731.45,73.85,2.500,0.00,50.0,0.08
5459.00,3666.85,8732.15,73.85,2.500,0.00,50.0,0.08
5460.00,3669.25,8732.84,73.85,2.500,0.00,50.0,0.07
5461.00,3671.65,8733.54,73.85,2.500,0.00,50.0,0.07
5462.00,3674.05,8734.23,73.85,2.500,0.00,50.0,0.07
5463.00,3676.46,8734.93,73.85,2.500,0.00,50.0,0.07
5464.00,3678.86,8735.62,73.85,2.500,0.00,50.0,0.07
5465.00,3681.26,8736.32,73.86,2.500,0.00,50.0,0.06
5466.00,3683.66,8737.01,73.86,2.500,0.00,50.0,0.06
5467.00,3686.06,8737.71,73.86,2.500,0.00,50.0,0.06
5468.00,3688.46,8738.40,73.86,2.500,0.00,50.0,0.06
5469.00,3690.86,8739.10,73.86,2.500,0.00,50.0,0.06
5470.00,3693.27,8739.79,73.86,2.500,0.00,50.0,0.05
5471.00,3695.67,8740.49,73.86,2.500,0.00,50.0,0.05
5472.00,3698.07,8741.18,73.86,2.500,0.00,50.0,0.05
5473.00,3700.47,8741.88,73.86,2.500,0.00,50.0,0.05
5474.00,3702.87,8742.57,73.86,2.500,0.00,50.0,0.05
5475.00,3705.27,8743.27,73.86,2.500,0.00,50.0,0.04
5476.00,3707.67,8743.96,73.87,2.500,5.00,50.0,0.10
5477.00,3710.08,8744.66,73.87,2.500,5.00,50.0,0.15
5478.00,3712.48,8745.35,73.87,2.500,5.00,50.0,0.21
5479.00,3714.88,8746.05,73.88,2.500,5.00,50.0,0.26
5480.00,3717.28,8746.74,73.88,2.500,5.00,50.0,0.31
5481.00,3719.68,8747.43,73.89,2.500,5.00,50.0,0.35
5482.00,3722.08,8748.13,73.89,2.500,5.00,50.0,0.40
5483.00,3724.49,8748.82,73.90,2.500,5.00,50.0,0.44
5484.00,3726.89,8749.51,73.91,2.500,0.00,50.0,0.43
5485.00,3729.29,8750.21,73.91,2.500,0.00,50.0,0.41
5486.00,3731.69,8750.90,73.92,2.500,0.00,50.0,0.40
5487.00,3734.09,8751.59,73.93,2.500,0.00,50.0,0.39
5488.00,3736.50,8752.28,73.93,2.500,0.00,50.0,0.37
5489.00,3738.90,8752.98,73.94,2.500,0.00,50.0,0.36
5490.00,3741.30,8753.67,73.95,2.500,0.00,50.0,0.35
5491.00,3743.70,8754.36,73.95,2.500,0.00,50.0,0.34
5492.00,3746.11,8755.05,73.96,2.500,0.00,50.0,0.33
5493.00,3748.51,8755.74,73.96,2.500,0.00,50.0,0.31
5494.00,3750.91,8756.43,73.97,2.500,0.00,50.0,0.30
5495.00,3753.31,8757.12,73.97,2.500,5.00,50.0,0.35
5496.00,3755.72,8757.81,73.98,2.500,5.00,50.0,0.40
5497.00,3758.12,8758.50,73.99,2.500,5.00,50.0,0.44
5498.00,3760.52,8759.19,74.00,2.500,5.00,50.0,0.48
5499.00,3762.93,8759.88,74.00,2.500,5.00,50.0,0.52
5500.00,3765.33,8760.57,74.01,2.500,5.00,50.0,0.56
5501.00,3767.73,8761.26,74.02,2.500,0.00,50.0,0.54
5502.00,3770.14,8761.95,74.03,2.500,0.00,50.0,0.53
5503.00,3772.54,8762.64,74.04,2.500,0.00,50.0,0.51
5504.00,3774.94,8763.32,74.05,2.500,0.00,50.0,0.49
5505.00,3777.35,8764.01,74.06,2.500,0.00,50.0,0.48
5506.00,3779.75,8764.70,74.06,2.500,0.00,50.0,0.46
5507.00,3782.15,8765.38,74.07,2.500,0.00,50.0,0.44
5508.00,3784.56,8766.07,74.08,2.500,0.00,50.0,0.43
5509.00,3786.96,8766.76,74.08,2.500,0.00,50.0,0.42
5510.00,3789.37,8767.44,74.09,2.500,0.00,50.0,0.40
5511.00,3791.77,8768.13,74.10,2.500,0.00,50.0,0.39
5512.00,3794.18,8768.81,74.10,2.500,0.00,50.0,0.38
5513.00,3796.58,8769.50,74.11,2.500,0.00,50.0,0.36
5514.00,3798.98,8770.18,74.12,2.500,0.00,50.0,0.35
5515.00,3801.39,8770.86,74.12,2.500,0.00,50.0,0.34
5516.00,3803.79,8771.55,74.13,2.500,0.00,50.0,0.33
5517.00,3806.20,8772.23,74.13,2.500,0.00,50.0,0.32
5518.00,3808.60,8772.92,74.14,2.500,0.00,50.0,0.31
5519.00,3811.01,8773.60,74.14,2.500,0.00,50.0,0.30
5520.00,3813.41,8774.28,74.15,2.500,0.00,50.0,0.29
5521.00,3815.82,8774.96,74.15,2.500,0.00,50.0,0.28
5522.00,3818.22,8775.65,74.16,2.500,0.00,50.0,0.27
5523.00,3820.63,8776.33,74.16,2.500,0.00,50.0,0.26
5524.00,3823.03,8777.01,74.16,2.500,0.00,50.0,0.25
5525.00,3825.44,8777.69,74.17,2.500,0.00,50.0,0.24
5526.00,3827.84,8778.38,74.17,2.500,0.00,50.0,0.23
5527.00,3830.25,8779.06,74.18,2.500,0.00,50.0,0.23
5528.00,3832.65,8779.74,74.18,2.500,0.00,50.0,0.22
5529.00,3835.06,8780.42,74.18,2.500,0.00,50.0,0.21
5530.00,3837.46,8781.10,74.19,2.500,0.00,50.0,0.20
5531.00,3839.87,8781.78,74.19,2.500,0.00,50.0,0.20
5532.00,3842.28,8782.47,74.19,2.500,0.00,50.0,0.19
5533.00,3844.68,8783.15,74.20,2.500,0.00,50.0,0.18
5534.00,3847.09,8783.83,74.20,2.500,0.00,50.0,0.18
5535.00,3849.49,8784.51,74.20,2.500,0.00,50.0,0.17
5536.00,3851.90,8785.19,74.21,2.500,0.00,50.0,0.17
5537.00,3854.30,8785.87,74.21,2.500,0.00,50.0,0.16
5538.00,3856.71,8786.55,74.21,2.500,0.00,50.0,0.16
5539.00,3859.11,8787.23,74.21,2.500,0.00,50.0,0.15
5540.00,3861.52,8787.91,74.22,2.500,0.00,50.0,0.15
5541.00,3863.93,8788.59,74.22,2.500,0.00,50.0,0.14
5542.00,3866.33,8789.27,74.22,2.500,0.00,50.0,0.14
5543.00,3868.74,8789.95,74.22,2.500,0.00,50.0,0.13
5544.00,3871.14,8790.63,74.22,2.500,0.00,50.0,0.13
5545.00,3873.55,8791.31,74.23,2.500,0.00,50.0,0.12
5546.00,3875.95,8791.99,74.23,2.500,0.00,50.0,0.12
5547.00,3878.36,8792.67,74.23,2.500,0.00,50.0,0.11
5548.00,3880.77,8793.35,74.23,2.500,0.00,50.0,0.11
5549.00,3883.17,8794.03,74.23,2.500,0.00,50.0,0.11
5550.00,3885.58,8794.71,74.24,2.500,0.00,50.0,0.10
5551.00,3887.98,8795.39,74.24,2.500,0.00,50.0,0.10
5552.00,3890.39,8796.06,74.24,2.500,0.00,50.0,0.10
5553.00,3892.80,8796.74,74.24,2.500,0.00,50.0,0.09
5554.00,3895.20,8797.42,74.24,2.500,0.00,50.0,0.09
5555.00,3897.61,8798.10,74.24,2.500,0.00,50.0,0.09
5556.00,3900.01,8798.78,74.24,2.500,0.00,50.0,0.08
5557.00,3902.42,8799.46,74.25,2.500,0.00,50.0,0.08
5558.00,3904.83,8800.14,74.25,2.500,0.00,50.0,0.08
5559.00,3907.23,8800.82,74.25,2.500,0.00,50.0,0.08
5560.00,3909.64,8801.50,74.25,2.500,0.00,50.0,0.07
5561.00,3912.04,8802.17,74.25,2.500,0.00,50.0,0.07
5562.00,3914.45,8802.85,74.25,2.500,0.00,50.0,0.07
5563.00,3916.86,8803.53,74.25,2.500,0.00,50.0,0.07
5564.00,3919.26,8804.21,74.25,2.500,0.00,50.0,0.06
5565.00,3921.67,8804.89,74.26,2.500,0.00,50.0,0.06
5566.00,3924.08,8805.57,74.26,2.500,0.00,50.0,0.06
5567.00,3926.48,8806.24,74.26,2.500,0.00,50.0,0.06
5568.00,3928.89,8806.92,74.26,2.500,5.00,50.0,0.11
5569.00,3931.29,8807.60,74.26,2.500,5.00,50.0,0.17
5570.00,3933.70,8808.28,74.27,2.500,5.00,50.0,0.22
5571.00,3936.11,8808.96,74.27,2.500,5.00,50.0,0.27
5572.00,3938.51,8809.63,74.28,2.500,5.00,50.0,0.32
5573.00,3940.92,8810.31,74.28,2.500,5.00,50.0,0.36
5574.00,3943.33,8810.99,74.29,2.500,5.00,50.0,0.41
5575.00,3945.73,8811.67,74.30,2.500,0.00,50.0,0.39
5576.00,3948.14,8812.34,74.30,2.500,0.00,50.0,0.38
5577.00,3950.55,8813.02,74.31,2.500,0.00,50.0,0.37
5578.00,3952.95,8813.70,74.31,2.500,0.00,50.0,0.36
5579.00,3955.36,8814.37,74.32,2.500,0.00,50.0,0.34
5580.00,3957.77,8815.05,74.32,2.500,0.00,50.0,0.33
5581.00,3960.17,8815.72,74.33,2.500,0.00,50.0,0.32
5582.00,3962.58,8816.40,74.34,2.500,0.00,50.0,0.31
5583.00,3964.99,8817.07,74.34,2.500,0.00,50.0,0.30
5584.00,3967.40,8817.75,74.35,2.500,0.00,50.0,0.29
5585.00,3969.80,8818.42,74.35,2.500,0.00,50.0,0.28
5586.00,3972.21,8819.10,74.35,2.500,0.00,50.0,0.27
5587.00,3974.62,8819.77,74.36,2.500,0.00,50.0,0.26
5588.00,3977.03,8820.45,74.36,2.500,0.00,50.0,0.25
5589.00,3979.43,8821.12,74.37,2.500,0.00,50.0,0.25
5590.00,3981.84,8821.79,74.37,2.500,0.00,50.0,0.24
5591.00,3984.25,8822.47,74.37,2.500,0.00,50.0,0.23
5592.00,3986.66,8823.14,74.38,2.500,0.00,50.0,0.22
5593.00,3989.06,8823.81,74.38,2.500,0.00,50.0,0.21
5594.00,3991.47,8824.49,74.39,2.500,0.00,50.0,0.21
5595.00,3993.88,8825.16,74.39,2.500,0.00,50.0,0.20
5596.00,3996.29,8825.83,74.39,2.500,0.00,50.0,0.19
5597.00,3998.69,8826.50,74.40,2.500,0.00,50.0,0.19
5598.00,4001.10,8827.18,74.40,2.500,0.00,50.0,0.18
5599.00,4003.51,8827.85,74.40,2.500,0.00,50.0,0.17
5600.00,4005.92,8828.52,74.40,2.500,0.00,50.0,0.17
5601.00,4008.33,8829.19,74.41,2.500,0.00,50.0,0.16
5602.00,4010.73,8829.87,74.41,2.500,0.00,50.0,0.16
5603.00,4013.14,8830.54,74.41,2.500,0.00,50.0,0.15
5604.00,4015.55,8831.21,74.41,2.500,0.00,50.0,0.15
5605.00,4017.96,8831.88,74.42,2.500,0.00,50.0,0.14
5606.00,4020.37,8832.55,74.42,2.500,0.00,50.0,0.14
5607.00,4022.77,8833.22,74.42,2.500,0.00,50.0,0.13
5608.00,4025.18,8833.90,74.42,2.500,0.00,50.0,0.13
5609.00,4027.59,8834.57,74.43,2.500,0.00,50.0,0.12
5610.00,4030.00,8835.24,74.43,2.500,0.00,50.0,0.12
5611.00,4032.41,8835.91,74.43,2.500,0.00,50.0,0.12
5612.00,4034.81,8836.58,74.43,2.500,0.00,50.0,0.11
5613.00,4037.22,8837.25,74.43,2.500,0.00,50.0,0.11
5614.00,4039.63,8837.92,74.43,2.500,0.00,50.0,0.11
5615.00,4042.04,8838.59,74.44,2.500,0.00,50.0,0.10
5616.00,4044.45,8839.26,74.44,2.500,0.00,50.0,0.10
5617.00,4046.86,8839.93,74.44,2.500,0.00,50.0,0.09
5618.00,4049.26,8840.60,74.44,2.500,0.00,50.0,0.09
5619.00,4051.67,8841.28,74.44,2.500,0.00,50.0,0.09
5620.00,4054.08,8841.95,74.44,2.500,0.00,50.0,0.09
5621.00,4056.49,8842.62,74.45,2.500,0.00,50.0,0.08
5622.00,4058.90,8843.29,74.45,2.500,0.00,50.0,0.08
5623.00,4061.31,8843.96,74.45,2.500,0.00,50.0,0.08
5624.00,4063.72,8844.63,74.45,2.500,0.00,50.0,0.07
5625.00,4066.12,8845.30,74.45,2.500,0.00,50.0,0.07
5626.00,4068.53,8845.97,74.45,2.500,0.00,50.0,0.07
5627.00,4070.94,8846.64,74.45,2.500,0.00,50.0,0.07
5628.00,4073.35,8847.31,74.45,2.500,0.00,50.0,0.07
5629.00,4075.76,8847.98,74.46,2.500,0.00,50.0,0.06
5630.00,4078.17,8848.65,74.46,2.500,0.00,50.0,0.06
5631.00,4080.58,8849.32,74.46,2.500,0.00,50.0,0.06
5632.00,4082.98,8849.99,74.46,2.500,0.00,50.0,0.06
5633.00,4085.39,8850.66,74.46,2.500,0.00,50.0,0.06
5634.00,4087.80,8851.33,74.46,2.500,0.00,50.0,0.05
5635.00,4090.21,8852.00,74.46,2.500,0.00,50.0,0.05
5636.00,4092.62,8852.67,74.46,2.500,5.00,50.0,0.11
5637.00,4095.03,8853.34,74.47,2.500,5.00,50.0,0.16
5638.00,4097.44,8854.01,74.47,2.500,5.00,50.0,0.21
5639.00,4099.84,8854.68,74.47,2.500,5.00,50.0,0.26
5640.00,4102.25,8855.34,74.48,2.500,5.00,50.0,0.31
5641.00,4104.66,8856.01,74.48,2.500,5.00,50.0,0.36
5642.00,4107.07,8856.68,74.49,2.500,0.00,50.0,0.35
5643.00,4109.48,8857.35,74.50,2.500,0.00,50.0,0.33
5644.00,4111.89,8858.02,74.50,2.500,0.00,50.0,0.32
5645.00,4114.30,8858.69,74.51,2.500,0.00,50.0,0.31
5646.00,4116.71,8859.36,74.51,2.500,0.00,50.0,0.30
5647.00,4119.12,8860.02,74.52,2.500,0.00,50.0,0.29
5648.00,4121.53,8860.69,74.52,2.500,0.00,50.0,0.28
5649.00,4123.93,8861.36,74.53,2.500,0.00,50.0,0.27
5650.00,4126.34,8862.02,74.53,2.500,0.00,50.0,0.26
5651.00,4128.75,8862.69,74.53,2.500,0.00,50.0,0.25
5652.00,4131.16,8863.36,74.54,2.500,0.00,50.0,0.25
5653.00,4133.57,8864.02,74.54,2.500,0.00,50.0,0.24
5654.00,4135.98,8864.69,74.55,2.500,0.00,50.0,0.23
5655.00,4138.39,8865.36,74.55,2.500,0.00,50.0,0.22
5656.00,4140.80,8866.02,74.55,2.500,0.00,50.0,0.22
5657.00,4143.21,8866.69,74.56,2.500,0.00,50.0,0.21
5658.00,4145.62,8867.35,74.56,2.500,0.00,50.0,0.20
5659.00,4148.03,8868.02,74.56,2.500,5.00,50.0,0.25
5660.00,4150.44,8868.69,74.57,2.500,5.00,50.0,0.30
5661.00,4152.85,8869.35,74.57,2.500,5.00,50.0,0.35
5662.00,4155.26,8870.02,74.58,2.500,5.00,50.0,0.39
5663.00,4157.67,8870.68,74.59,2.500,5.00,50.0,0.44
5664.00,4160.08,8871.34,74.60,2.500,5.00,50.0,0.48
5665.00,4162.49,8872.01,74.61,2.500,5.00,50.0,0.52
5666.00,4164.90,8872.67,74.61,2.500,0.00,50.0,0.50
5667.00,4167.31,8873.34,74.62,2.500,0.00,50.0,0.49
5668.00,4169.72,8874.00,74.63,2.500,0.00,50.0,0.47
5669.00,4172.13,8874.66,74.64,2.500,0.00,50.0,0.45
5670.00,4174.54,8875.32,74.64,2.500,0.00,50.0,0.44
5671.00,4176.95,8875.99,74.65,2.500,0.00,50.0,0.42
5672.00,4179.36,8876.65,74.66,2.500,0.00,50.0,0.41
5673.00,4181.78,8877.31,74.67,2.500,0.00,50.0,0.40
5674.00,4184.19,8877.97,74.67,2.500,0.00,50.0,0.38
5675.00,4186.60,8878.63,74.68,2.500,0.00,50.0,0.37
5676.00,4189.01,8879.29,74.68,2.500,0.00,50.0,0.36
5677.00,4191.42,8879.95,74.69,2.500,0.00,50.0,0.35
5678.00,4193.83,8880.61,74.70,2.500,0.00,50.0,0.34
5679.00,4196.24,8881.27,74.70,2.500,0.00,50.0,0.32
5680.00,4198.65,8881.93,74.71,2.500,0.00,50.0,0.31
5681.00,4201.07,8882.59,74.71,2.500,0.00,50.0,0.30
5682.00,4203.48,8883.25,74.72,2.500,0.00,50.0,0.29
5683.00,4205.89,8883.91,74.72,2.500,0.00,50.0,0.28
5684.00,4208.30,8884.57,74.72,2.500,0.00,50.0,0.27
5685.00,4210.71,8885.23,74.73,2.500,0.00,50.0,0.26
5686.00,4213.12,8885.89,74.73,2.500,0.00,50.0,0.26
5687.00,4215.54,8886.54,74.74,2.500,0.00,50.0,0.25
5688.00,4217.95,8887.20,74.74,2.500,0.00,50.0,0.24
5689.00,4220.36,8887.86,74.75,2.500,0.00,50.0,0.23
5690.00,4222.77,8888.52,74.75,2.500,0.00,50.0,0.22
5691.00,4225.18,8889.17,74.75,2.500,0.00,50.0,0.22
5692.00,4227.59,8889.83,74.76,2.500,0.00,50.0,0.21
5693.00,4230.01,8890.49,74.76,2.500,0.00,50.0,0.20
5694.00,4232.42,8891.15,74.76,2.500,0.00,50.0,0.19
5695.00,4234.83,8891.80,74.77,2.500,0.00,50.0,0.19
5696.00,4237.24,8892.46,74.77,2.500,0.00,50.0,0.18
5697.00,4239.66,8893.12,74.77,2.500,0.00,50.0,0.18
5698.00,4242.07,8893.77,74.77,2.500,0.00,50.0,0.17
5699.00,4244.48,8894.43,74.78,2.500,0.00,50.0,0.16
5700.00,4246.89,8895.09,74.78,2.500,0.00,50.0,0.16
5701.00,4249.30,8895.74,74.78,2.500,0.00,50.0,0.15
5702.00,4251.72,8896.40,74.79,2.500,0.00,50.0,0.15
5703.00,4254.13,8897.06,74.79,2.500,0.00,50.0,0.14
5704.00,4256.54,8897.71,74.79,2.500,0.00,50.0,0.14
5705.00,4258.95,8898.37,74.79,2.500,0.00,50.0,0.13
5706.00,4261.37,8899.02,74.79,2.500,0.00,50.0,0.13
5707.00,4263.78,8899.68,74.80,2.500,0.00,50.0,0.13
5708.00,4266.19,8900.33,74.80,2.500,0.00,50.0,0.12
5709.00,4268.60,8900.99,74.80,2.500,0.00,50.0,0.12
5710.00,4271.02,8901.65,74.80,2.500,0.00,50.0,0.11
5711.00,4273.43,8902.30,74.80,2.500,0.00,50.0,0.11
5712.00,4275.84,8902.96,74.81,2.500,0.00,50.0,0.11
5713.00,4278.25,8903.61,74.81,2.500,0.00,50.0,0.10
5714.00,4280.67,8904.27,74.81,2.500,0.00,50.0,0.10
5715.00,4283.08,8904.92,74.81,2.500,0.00,50.0,0.10
5716.00,4285.49,8905.58,74.81,2.500,0.00,50.0,0.09
5717.00,4287.90,8906.23,74.81,2.500,0.00,50.0,0.09
5718.00,4290.32,8906.89,74.82,2.500,0.00,50.0,0.09
5719.00,4292.73,8907.54,74.82,2.500,0.00,50.0,0.08
5720.00,4295.14,8908.20,74.82,2.500,0.00,50.0,0.08
5721.00,4297.56,8908.85,74.82,2.500,0.00,50.0,0.08
5722.00,4299.97,8909.51,74.82,2.500,0.00,50.0,0.08
5723.00,4302.38,8910.16,74.82,2.500,0.00,50.0,0.07
5724.00,4304.79,8910.81,74.82,2.500,0.00,50.0,0.07
5725.00,4307.21,8911.47,74.82,2.500,0.00,50.0,0.07
5726.00,4309.62,8912.12,74.83,2.500,0.00,50.0,0.07
5727.00,4312.03,8912.78,74.83,2.500,0.00,50.0,0.06
5728.00,4314.45,8913.43,74.83,2.500,0.00,50.0,0.06
5729.00,4316.86,8914.09,74.83,2.500,0.00,50.0,0.06
5730.00,4319.27,8914.74,74.83,2.500,0.00,50.0,0.06
5731.00,4321.68,8915.40,74.83,2.500,0.00,50.0,0.06
5732.00,4324.10,8916.05,74.83,2.500,0.00,50.0,0.05
5733.00,4326.51,8916.70,74.83,2.500,0.00,50.0,0.05
5734.00,4328.92,8917.36,74.83,2.500,0.00,50.0,0.05
5735.00,4331.34,8918.01,74.83,2.500,0.00,50.0,0.05
5736.00,4333.75,8918.67,74.83,2.500,0.00,50.0,0.05
5737.00,4336.16,8919.32,74.84,2.500,0.00,50.0,0.05
5738.00,4338.57,8919.97,74.84,2.500,0.00,50.0,0.04
5739.00,4340.99,8920.63,74.84,2.500,0.00,50.0,0.04
5740.00,4343.40,8921.28,74.84,2.500,0.00,50.0,0.04
5741.00,4345.81,8921.94,74.84,2.500,0.00,50.0,0.04
5742.00,4348.23,8922.59,74.84,2.500,0.00,50.0,0.04
5743.00,4350.64,8923.24,74.84,2.500,0.00,50.0,0.04
5744.00,4353.05,8923.90,74.84,2.500,0.00,50.0,0.04
5745.00,4355.47,8924.55,74.84,2.500,0.00,50.0,0.03
5746.00,4357.88,8925.20,74.84,2.500,0.00,50.0,0.03
5747.00,4360.29,8925.86,74.84,2.500,0.00,50.0,0.03
5748.00,4362.70,8926.51,74.84,2.500,0.00,50.0,0.03
5749.00,4365.12,8927.17,74.84,2.500,0.00,50.0,0.03
5750.00,4367.53,8927.82,74.84,2.500,0.00,50.0,0.03
5751.00,4369.94,8928.47,74.84,2.500,0.00,50.0,0.03
5752.00,4372.36,8929.13,74.84,2.500,0.00,50.0,0.03
5753.00,4374.77,8929.78,74.84,2.500,0.00,50.0,0.03
5754.00,4377.18,8930.43,74.84,2.500,0.00,50.0,0.03
5755.00,4379.60,8931.09,74.85,2.500,0.00,50.0,0.02
5756.00,4382.01,8931.74,74.85,2.500,0.00,50.0,0.02
5757.00,4384.42,8932.39,74.85,2.500,0.00,50.0,0.02
5758.00,4386.83,8933.05,74.85,2.500,0.00,50.0,0.02
5759.00,4389.25,8933.70,74.85,2.500,0.00,50.0,0.02
5760.00,4391.66,8934.36,74.85,2.500,0.00,50.0,0.02
5761.00,4394.07,8935.01,74.85,2.500,0.00,50.0,0.02
5762.00,4396.49,8935.66,74.85,2.500,0.00,50.0,0.02
5763.00,4398.90,8936.32,74.85,2.500,0.00,50.0,0.02
5764.00,4401.31,8936.97,74.85,2.500,0.00,50.0,0.02
5765.00,4403.73,8937.62,74.85,2.500,0.00,50.0,0.02
5766.00,4406.14,8938.28,74.85,2.500,0.00,50.0,0.02
5767.00,4408.55,8938.93,74.85,2.500,0.00,50.0,0.02
5768.00,4410.97,8939.58,74.85,2.500,0.00,50.0,0.02
5769.00,4413.38,8940.24,74.85,2.500,0.00,50.0,0.02
5770.00,4415.79,8940.89,74.85,2.500,0.00,50.0,0.01
5771.00,4418.20,8941.54,74.85,2.500,0.00,50.0,0.01
5772.00,4420.62,8942.20,74.85,2.500,0.00,50.0,0.01
5773.00,4423.03,8942.85,74.85,2.500,0.00,50.0,0.01
5774.00,4425.44,8943.50,74.85,2.500,0.00,50.0,0.01
5775.00,4427.86,8944.16,74.85,2.500,0.00,50.0,0.01
5776.00,4430.27,8944.81,74.85,2.500,0.00,50.0,0.01
5777.00,4432.68,8945.46,74.85,2.500,0.00,50.0,0.01
5778.00,4435.10,8946.12,74.85,2.500,0.00,50.0,0.01
5779.00,4437.51,8946.77,74.85,2.500,0.00,50.0,0.01
5780.00,4439.92,8947.42,74.85,2.500,0.00,50.0,0.01
5781.00,4442.34,8948.08,74.85,2.500,0.00,50.0,0.01
5782.00,4444.75,8948.73,74.85,2.500,0.00,50.0,0.01
5783.00,4447.16,8949.38,74.85,2.500,0.00,50.0,0.01
5784.00,4449.58,8950.04,74.85,2.500,0.00,50.0,0.01
5785.00,4451.99,8950.69,74.85,2.500,0.00,50.0,0.01
5786.00,4454.40,8951.34,74.85,2.500,0.00,50.0,0.01
5787.00,4456.82,8952.00,74.85,2.500,0.00,50.0,0.01
5788.00,4459.23,8952.65,74.85,2.500,0.00,50.0,0.01
5789.00,4461.64,8953.30,74.85,2.500,0.00,50.0,0.01
5790.00,4464.05,8953.96,74.85,2.500,0.00,50.0,0.01
5791.00,4466.47,8954.61,74.85,2.500,0.00,50.0,0.01
5792.00,4468.88,8955.26,74.85,2.500,0.00,50.0,0.01
5793.00,4471.29,8955.91,74.85,2.500,0.00,50.0,0.01
5794.00,4473.71,8956.57,74.85,2.500,0.00,50.0,0.01
5795.00,4476.12,8957.22,74.85,2.500,0.00,50.0,0.01
5796.00,4478.53,8957.87,74.85,2.500,0.00,50.0,0.01
5797.00,4480.95,8958.53,74.85,2.500,0.00,50.0,0.01
5798.00,4483.36,8959.18,74.85,2.500,0.00,50.0,0.01
5799.00,4485.77,8959.83,74.85,2.500,0.00,50.0,0.01
5800.00,4488.19,8960.49,74.85,2.500,0.00,50.0,0.01
5801.00,4490.60,8961.14,74.85,2.500,0.00,50.0,0.01
5802.00,4493.01,8961.79,74.85,2.500,0.00,50.0,0.01
5803.00,4495.43,8962.45,74.85,2.500,0.00,50.0,0.00
5804.00,4497.84,8963.10,74.85,2.500,0.00,50.0,0.00
5805.00,4500.25,8963.75,74.85,2.500,0.00,50.0,0.00
5806.00,4502.67,8964.41,74.86,2.500,0.00,50.0,0.00
5807.00,4505.08,8965.06,74.86,2.500,0.00,50.0,0.00
5808.00,4507.49,8965.71,74.86,2.500,0.00,50.0,0.00
5809.00,4509.90,8966.37,74.86,2.500,0.00,50.0,0.00
5810.00,4512.32,8967.02,74.86,2.500,0.00,50.0,0.00
5811.00,4514.73,8967.67,74.86,2.500,0.00,50.0,0.00
5812.00,4517.14,8968.33,74.86,2.500,0.00,50.0,0.00
5813.00,4519.56,8968.98,74.86,2.500,0.00,50.0,0.00
5814.00,4521.97,8969.63,74.86,2.500,0.00,50.0,0.00
5815.00,4524.38,8970.28,74.86,2.500,0.00,50.0,0.00
5816.00,4526.80,8970.94,74.86,2.500,0.00,50.0,0.00
5817.00,4529.21,8971.59,74.86,2.500,0.00,50.0,0.00
5818.00,4531.62,8972.24,74.86,2.500,0.00,50.0,0.00
5819.00,4534.04,8972.90,74.86,2.500,0.00,50.0,0.00
5820.00,4536.45,8973.55,74.86,2.500,0.00,50.0,0.00
5821.00,4538.86,8974.20,74.86,2.500,0.00,50.0,0.00
5822.00,4541.28,8974.86,74.86,2.500,0.00,50.0,0.00
5823.00,4543.69,8975.51,74.86,2.500,0.00,50.0,0.00
5824.00,4546.10,8976.16,74.86,2.500,0.00,50.0,0.00
5825.00,4548.52,8976.82,74.86,2.500,0.00,50.0,0.00
5826.00,4550.93,8977.47,74.86,2.500,0.00,50.0,0.00
5827.00,4553.34,8978.12,74.86,2.500,0.00,50.0,0.00
5828.00,4555.75,8978.78,74.86,2.500,0.00,50.0,0.00
5829.00,4558.17,8979.43,74.86,2.500,5.00,50.0,0.06
5830.00,4560.58,8980.08,74.86,2.500,5.00,50.0,0.11
5831.00,4562.99,8980.73,74.86,2.500,5.00,50.0,0.17
5832.00,4565.41,8981.39,74.87,2.500,5.00,50.0,0.22
5833.00,4567.82,8982.04,74.87,2.500,5.00,50.0,0.27
5834.00,4570.23,8982.69,74.87,2.500,0.00,50.0,0.26
5835.00,4572.65,8983.34,74.88,2.500,0.00,50.0,0.25
5836.00,4575.06,8984.00,74.88,2.500,0.00,50.0,0.24
5837.00,4577.47,8984.65,74.89,2.500,0.00,50.0,0.23
5838.00,4579.89,8985.30,74.89,2.500,0.00,50.0,0.23
5839.00,4582.30,8985.95,74.89,2.500,0.00,50.0,0.22
5840.00,4584.72,8986.60,74.90,2.500,0.00,50.0,0.21
5841.00,4587.13,8987.26,74.90,2.500,0.00,50.0,0.21
5842.00,4589.54,8987.91,74.90,2.500,0.00,50.0,0.20
5843.00,4591.96,8988.56,74.91,2.500,5.00,50.0,0.25
5844.00,4594.37,8989.21,74.91,2.500,5.00,50.0,0.30
5845.00,4596.78,8989.86,74.92,2.500,5.00,50.0,0.34
5846.00,4599.20,8990.51,74.93,2.500,5.00,50.0,0.39
5847.00,4601.61,8991.16,74.93,2.500,5.00,50.0,0.43
5848.00,4604.03,8991.81,74.94,2.500,5.00,50.0,0.48
5849.00,4606.44,8992.46,74.95,2.500,5.00,50.0,0.52
5850.00,4608.85,8993.11,74.96,2.500,0.00,50.0,0.50
5851.00,4611.27,8993.76,74.97,2.500,0.00,50.0,0.48
5852.00,4613.68,8994.41,74.97,2.500,0.00,50.0,0.47
5853.00,4616.10,8995.05,74.98,2.500,0.00,50.0,0.45
5854.00,4618.51,8995.70,74.99,2.500,0.00,50.0,0.44
5855.00,4620.93,8996.35,75.00,2.500,0.00,50.0,0.42
5856.00,4623.34,8997.00,75.00,2.500,0.00,50.0,0.41
5857.00,4625.76,8997.64,75.01,2.500,0.00,50.0,0.40
5858.00,4628.17,8998.29,75.02,2.500,0.00,50.0,0.38
5859.00,4630.59,8998.94,75.02,2.500,0.00,50.0,0.37
5860.00,4633.00,8999.58,75.03,2.500,0.00,50.0,0.36
5861.00,4635.42,9000.23,75.03,2.500,0.00,50.0,0.35
5862.00,4637.83,9000.87,75.04,2.500,0.00,50.0,0.33
5863.00,4640.25,9001.52,75.04,2.500,0.00,50.0,0.32
5864.00,4642.66,9002.16,75.05,2.500,0.00,50.0,0.31
5865.00,4645.08,9002.81,75.05,2.500,0.00,50.0,0.30
5866.00,4647.49,9003.45,75.06,2.500,0.00,50.0,0.29
5867.00,4649.91,9004.10,75.06,2.500,0.00,50.0,0.28
5868.00,4652.32,9004.74,75.07,2.500,5.00,50.0,0.33
5869.00,4654.74,9005.39,75.08,2.500,5.00,50.0,0.38
5870.00,4657.16,9006.03,75.08,2.500,5.00,50.0,0.42
5871.00,4659.57,9006.68,75.09,2.500,5.00,50.0,0.46
5872.00,4661.99,9007.32,75.10,2.500,5.00,50.0,0.51
5873.00,4664.40,9007.96,75.11,2.500,5.00,50.0,0.55
5874.00,4666.82,9008.60,75.12,2.500,0.00,50.0,0.53
5875.00,4669.24,9009.25,75.13,2.500,0.00,50.0,0.51
5876.00,4671.65,9009.89,75.13,2.500,0.00,50.0,0.49
5877.00,4674.07,9010.53,75.14,2.500,0.00,50.0,0.48
5878.00,4676.48,9011.17,75.15,2.500,0.00,50.0,0.46
5879.00,4678.90,9011.81,75.16,2.500,0.00,50.0,0.44
5880.00,4681.32,9012.45,75.16,2.500,0.00,50.0,0.43
5881.00,4683.73,9013.09,75.17,2.500,5.00,50.0,0.47
5882.00,4686.15,9013.73,75.18,2.500,5.00,50.0,0.51
5883.00,4688.57,9014.37,75.19,2.500,5.00,50.0,0.55
5884.00,4690.98,9015.01,75.20,2.500,5.00,50.0,0.59
5885.00,4693.40,9015.65,75.21,2.500,5.00,50.0,0.63
5886.00,4695.82,9016.29,75.22,2.500,5.00,50.0,0.67
5887.00,4698.24,9016.92,75.23,2.500,5.00,50.0,0.70
5888.00,4700.65,9017.56,75.24,2.500,0.00,50.0,0.68
5889.00,4703.07,9018.20,75.25,2.500,0.00,50.0,0.66
5890.00,4705.49,9018.83,75.27,2.500,0.00,50.0,0.63
5891.00,4707.91,9019.47,75.28,2.500,0.00,50.0,0.61
5892.00,4710.32,9020.11,75.29,2.500,0.00,50.0,0.59
5893.00,4712.74,9020.74,75.29,2.500,0.00,50.0,0.57
5894.00,4715.16,9021.38,75.30,2.500,0.00,50.0,0.55
5895.00,4717.58,9022.01,75.31,2.500,0.00,50.0,0.53
5896.00,4720.00,9022.64,75.32,2.500,0.00,50.0,0.52
5897.00,4722.42,9023.28,75.33,2.500,0.00,50.0,0.50
5898.00,4724.83,9023.91,75.34,2.500,0.00,50.0,0.48
5899.00,4727.25,9024.54,75.35,2.500,0.00,50.0,0.47
5900.00,4729.67,9025.18,75.35,2.500,0.00,50.0,0.45
5901.00,4732.09,9025.81,75.36,2.500,0.00,50.0,0.44
5902.00,4734.51,9026.44,75.37,2.500,5.00,50.0,0.48
5903.00,4736.93,9027.07,75.38,2.500,5.00,50.0,0.52
5904.00,4739.35,9027.70,75.39,2.500,5.00,50.0,0.56
5905.00,4741.77,9028.33,75.40,2.500,5.00,50.0,0.60
5906.00,4744.18,9028.96,75.41,2.500,5.00,50.0,0.64
5907.00,4746.60,9029.59,75.42,2.500,5.00,50.0,0.67
5908.00,4749.02,9030.22,75.43,2.500,5.00,50.0,0.71
5909.00,4751.44,9030.85,75.44,2.500,5.00,50.0,0.74
5910.00,4753.86,9031.48,75.46,2.500,10.00,50.0,0.83
5911.00,4756.28,9032.11,75.47,2.500,10.00,50.0,0.92
5912.00,4758.70,9032.73,75.49,2.500,10.00,50.0,1.00
5913.00,4761.12,9033.36,75.51,2.500,10.00,50.0,1.08
5914.00,4763.54,9033.99,75.53,2.500,10.00,50.0,1.16
5915.00,4765.96,9034.61,75.55,2.500,5.00,50.0,1.18
5916.00,4768.39,9035.24,75.57,2.500,5.00,50.0,1.20
5917.00,4770.81,9035.86,75.59,2.500,5.00,50.0,1.21
5918.00,4773.23,9036.48,75.61,2.500,5.00,50.0,1.23
5919.00,4775.65,9037.10,75.63,2.500,5.00,50.0,1.25
5920.00,4778.07,9037.72,75.65,2.500,5.00,50.0,1.26
5921.00,4780.49,9038.34,75.67,2.500,5.00,50.0,1.28
5922.00,4782.91,9038.96,75.69,2.500,0.00,50.0,1.23
5923.00,4785.34,9039.58,75.71,2.500,0.00,50.0,1.19
5924.00,4787.76,9040.20,75.73,2.500,0.00,50.0,1.15
5925.00,4790.18,9040.81,75.75,2.500,0.00,50.0,1.11
5926.00,4792.61,9041.43,75.76,2.500,0.00,50.0,1.08
5927.00,4795.03,9042.04,75.78,2.500,0.00,50.0,1.04
5928.00,4797.45,9042.66,75.80,2.500,5.00,50.0,1.06
5929.00,4799.88,9043.27,75.82,2.500,5.00,50.0,1.09
5930.00,4802.30,9043.88,75.84,2.500,5.00,50.0,1.11
5931.00,4804.72,9044.50,75.86,2.500,5.00,50.0,1.13
5932.00,4807.15,9045.11,75.87,2.500,5.00,50.0,1.15
5933.00,4809.57,9045.72,75.89,2.500,5.00,50.0,1.17
5934.00,4812.00,9046.33,75.91,2.500,5.00,50.0,1.18
5935.00,4814.42,9046.93,75.93,2.500,0.00,50.0,1.14
5936.00,4816.85,9047.54,75.95,2.500,0.00,50.0,1.11
5937.00,4819.27,9048.15,75.97,2.500,0.00,50.0,1.07
5938.00,4821.70,9048.75,75.99,2.500,0.00,50.0,1.03
5939.00,4824.12,9049.36,76.00,2.500,0.00,50.0,1.00
5940.00,4826.55,9049.96,76.02,2.500,0.00,50.0,0.97
5941.00,4828.97,9050.57,76.03,2.500,0.00,50.0,0.93
5942.00,4831.40,9051.17,76.05,2.500,0.00,50.0,0.90
5943.00,4833.83,9051.77,76.06,2.500,0.00,50.0,0.87
5944.00,4836.25,9052.38,76.08,2.500,0.00,50.0,0.84
5945.00,4838.68,9052.98,76.09,2.500,0.00,50.0,0.82
5946.00,4841.11,9053.58,76.10,2.500,0.00,50.0,0.79
5947.00,4843.53,9054.18,76.12,2.500,0.00,50.0,0.76
5948.00,4845.96,9054.78,76.13,2.500,0.00,50.0,0.74
5949.00,4848.39,9055.38,76.14,2.500,0.00,50.0,0.71
5950.00,4850.82,9055.98,76.15,2.500,0.00,50.0,0.69
5951.00,4853.24,9056.58,76.16,2.500,0.00,50.0,0.67
5952.00,4855.67,9057.17,76.17,2.500,0.00,50.0,0.64
5953.00,4858.10,9057.77,76.19,2.500,0.00,50.0,0.62
5954.00,4860.53,9058.37,76.20,2.500,0.00,50.0,0.60
5955.00,4862.95,9058.96,76.20,2.500,0.00,50.0,0.58
5956.00,4865.38,9059.56,76.21,2.500,0.00,50.0,0.56
5957.00,4867.81,9060.16,76.22,2.500,0.00,50.0,0.54
5958.00,4870.24,9060.75,76.23,2.500,0.00,50.0,0.52
5959.00,4872.67,9061.35,76.24,2.500,0.00,50.0,0.51
5960.00,4875.09,9061.94,76.25,2.500,0.00,50.0,0.49
5961.00,4877.52,9062.54,76.26,2.500,0.00,50.0,0.47
5962.00,4879.95,9063.13,76.26,2.500,0.00,50.0,0.46
5963.00,4882.38,9063.72,76.27,2.500,0.00,50.0,0.44
5964.00,4884.81,9064.32,76.28,2.500,0.00,50.0,0.43
5965.00,4887.24,9064.91,76.29,2.500,0.00,50.0,0.41
5966.00,4889.66,9065.50,76.29,2.500,0.00,50.0,0.40
5967.00,4892.09,9066.09,76.30,2.500,0.00,50.0,0.39
5968.00,4894.52,9066.69,76.31,2.500,0.00,50.0,0.37
5969.00,4896.95,9067.28,76.31,2.500,0.00,50.0,0.36
5970.00,4899.38,9067.87,76.32,2.500,0.00,50.0,0.35
5971.00,4901.81,9068.46,76.32,2.500,0.00,50.0,0.34
5972.00,4904.24,9069.05,76.33,2.500,0.00,50.0,0.33
5973.00,4906.67,9069.64,76.33,2.500,0.00,50.0,0.32
5974.00,4909.10,9070.23,76.34,2.500,0.00,50.0,0.30
5975.00,4911.53,9070.82,76.34,2.500,0.00,50.0,0.29
5976.00,4913.96,9071.42,76.35,2.500,0.00,50.0,0.28
5977.00,4916.38,9072.01,76.35,2.500,0.00,50.0,0.28
5978.00,4918.81,9072.60,76.36,2.500,0.00,50.0,0.27
5979.00,4921.24,9073.18,76.36,2.500,0.00,50.0,0.26
5980.00,4923.67,9073.77,76.37,2.500,0.00,50.0,0.25
5981.00,4926.10,9074.36,76.37,2.500,0.00,50.0,0.24
5982.00,4928.53,9074.95,76.37,2.500,0.00,50.0,0.23
5983.00,4930.96,9075.54,76.38,2.500,0.00,50.0,0.22
5984.00,4933.39,9076.13,76.38,2.500,0.00,50.0,0.22
5985.00,4935.82,9076.72,76.38,2.500,0.00,50.0,0.21
5986.00,4938.25,9077.31,76.39,2.500,0.00,50.0,0.20
5987.00,4940.68,9077.90,76.39,2.500,0.00,50.0,0.20
5988.00,4943.11,9078.48,76.39,2.500,0.00,50.0,0.19
5989.00,4945.54,9079.07,76.40,2.500,0.00,50.0,0.18
5990.00,4947.97,9079.66,76.40,2.500,0.00,50.0,0.18
5991.00,4950.40,9080.25,76.40,2.500,0.00,50.0,0.17
5992.00,4952.83,9080.84,76.41,2.500,0.00,50.0,0.17
5993.00,4955.26,9081.42,76.41,2.500,0.00,50.0,0.16
5994.00,4957.69,9082.01,76.41,2.500,0.00,50.0,0.15
5995.00,4960.12,9082.60,76.41,2.500,0.00,50.0,0.15
5996.00,4962.55,9083.19,76.42,2.500,0.00,50.0,0.14
5997.00,4964.98,9083.77,76.42,2.500,0.00,50.0,0.14
5998.00,4967.41,9084.36,76.42,2.500,0.00,50.0,0.14
5999.00,4969.84,9084.95,76.42,2.500,0.00,50.0,0.13
6000.00,4972.27,9085.53,76.42,2.500,0.00,50.0,0.13
6001.00,4974.70,9086.12,76.43,2.500,0.00,50.0,0.12
6002.00,4977.13,9086.71,76.43,2.500,0.00,50.0,0.12
6003.00,4979.56,9087.29,76.43,2.500,0.00,50.0,0.11
6004.00,4981.99,9087.88,76.43,2.500,0.00,50.0,0.11
6005.00,4984.42,9088.47,76.43,2.500,0.00,50.0,0.11
6006.00,4986.85,9089.05,76.44,2.500,0.00,50.0,0.10
6007.00,4989.28,9089.64,76.44,2.500,0.00,50.0,0.10
6008.00,4991.71,9090.23,76.44,2.500,0.00,50.0,0.10
6009.00,4994.14,9090.81,76.44,2.500,0.00,50.0,0.09
6010.00,4996.57,9091.40,76.44,2.500,0.00,50.0,0.09
6011.00,4999.00,9091.98,76.44,2.500,0.00,50.0,0.09
6012.00,5001.43,9092.57,76.45,2.500,0.00,50.0,0.08
6013.00,5003.86,9093.16,76.45,2.500,0.00,50.0,0.08
6014.00,5006.29,9093.74,76.45,2.500,0.00,50.0,0.08
6015.00,5008.72,9094.33,76.45,2.500,0.00,50.0,0.08
6016.00,5011.16,9094.91,76.45,2.500,0.00,50.0,0.07
6017.00,5013.59,9095.50,76.45,2.500,0.00,50.0,0.07
6018.00,5016.02,9096.09,76.45,2.500,0.00,50.0,0.07
6019.00,5018.45,9096.67,76.45,2.500,0.00,50.0,0.07
6020.00,5020.88,9097.26,76.45,2.500,0.00,50.0,0.06
6021.00,5023.31,9097.84,76.46,2.500,0.00,50.0,0.06
6022.00,5025.74,9098.43,76.46,2.500,0.00,50.0,0.06
6023.00,5028.17,9099.01,76.46,2.500,0.00,50.0,0.06
6024.00,5030.60,9099.60,76.46,2.500,0.00,50.0,0.06
6025.00,5033.03,9100.18,76.46,2.500,0.00,50.0,0.05
6026.00,5035.46,9100.77,76.46,2.500,0.00,50.0,0.05
6027.00,5037.89,9101.35,76.46,2.500,0.00,50.0,0.05
6028.00,5040.32,9101.94,76.46,2.500,0.00,50.0,0.05
6029.00,5042.75,9102.53,76.46,2.500,0.00,50.0,0.05
6030.00,5045.18,9103.11,76.46,2.500,0.00,50.0,0.05
6031.00,5047.61,9103.70,76.46,2.500,0.00,50.0,0.04
6032.00,5050.04,9104.28,76.47,2.500,5.00,50.0,0.10
6033.00,5052.47,9104.87,76.47,2.500,5.00,50.0,0.15
6034.00,5054.90,9105.45,76.47,2.500,5.00,50.0,0.21
6035.00,5057.33,9106.04,76.48,2.500,5.00,50.0,0.26
6036.00,5059.77,9106.62,76.48,2.500,5.00,50.0,0.30
6037.00,5062.20,9107.20,76.49,2.500,5.00,50.0,0.35
6038.00,5064.63,9107.79,76.49,2.500,0.00,50.0,0.34
6039.00,5067.06,9108.37,76.50,2.500,0.00,50.0,0.33
6040.00,5069.49,9108.96,76.50,2.500,0.00,50.0,0.32
6041.00,5071.92,9109.54,76.51,2.500,0.00,50.0,0.31
6042.00,5074.35,9110.12,76.51,2.500,0.00,50.0,0.30
6043.00,5076.78,9110.71,76.52,2.500,0.00,50.0,0.29
6044.00,5079.21,9111.29,76.52,2.500,0.00,50.0,0.28
6045.00,5081.64,9111.87,76.53,2.500,0.00,50.0,0.27
6046.00,5084.08,9112.45,76.53,2.500,0.00,50.0,0.26
6047.00,5086.51,9113.04,76.54,2.500,0.00,50.0,0.25
6048.00,5088.94,9113.62,76.54,2.500,0.00,50.0,0.24
6049.00,5091.37,9114.20,76.54,2.500,0.00,50.0,0.23
6050.00,5093.80,9114.78,76.55,2.500,0.00,50.0,0.23
6051.00,5096.23,9115.36,76.55,2.500,0.00,50.0,0.22
6052.00,5098.66,9115.94,76.55,2.500,0.00,50.0,0.21
6053.00,5101.09,9116.53,76.56,2.500,0.00,50.0,0.20
6054.00,5103.53,9117.11,76.56,2.500,0.00,50.0,0.20
6055.00,5105.96,9117.69,76.56,2.500,0.00,50.0,0.19
6056.00,5108.39,9118.27,76.57,2.500,0.00,50.0,0.18
6057.00,5110.82,9118.85,76.57,2.500,0.00,50.0,0.18
6058.00,5113.25,9119.43,76.57,2.500,0.00,50.0,0.17
6059.00,5115.68,9120.01,76.58,2.500,0.00,50.0,0.17
6060.00,5118.12,9120.59,76.58,2.500,0.00,50.0,0.16
6061.00,5120.55,9121.17,76.58,2.500,0.00,50.0,0.16
6062.00,5122.98,9121.75,76.58,2.500,0.00,50.0,0.15
6063.00,5125.41,9122.33,76.59,2.500,0.00,50.0,0.15
6064.00,5127.84,9122.91,76.59,2.500,0.00,50.0,0.14
6065.00,5130.28,9123.49,76.59,2.500,0.00,50.0,0.14
6066.00,5132.71,9124.07,76.59,2.500,0.00,50.0,0.13
6067.00,5135.14,9124.65,76.60,2.500,0.00,50.0,0.13
6068.00,5137.57,9125.23,76.60,2.500,0.00,50.0,0.12
6069.00,5140.00,9125.81,76.60,2.500,0.00,50.0,0.12
6070.00,5142.43,9126.39,76.60,2.500,0.00,50.0,0.11
6071.00,5144.87,9126.97,76.60,2.500,0.00,50.0,0.11
6072.00,5147.30,9127.55,76.61,2.500,0.00,50.0,0.11
6073.00,5149.73,9128.13,76.61,2.500,0.00,50.0,0.10
6074.00,5152.16,9128.71,76.61,2.500,0.00,50.0,0.10
6075.00,5154.59,9129.28,76.61,2.500,0.00,50.0,0.10
6076.00,5157.03,9129.86,76.61,2.500,0.00,50.0,0.09
6077.00,5159.46,9130.44,76.61,2.500,0.00,50.0,0.09
6078.00,5161.89,9131.02,76.61,2.500,0.00,50.0,0.09
6079.00,5164.32,9131.60,76.62,2.500,0.00,50.0,0.08
6080.00,5166.75,9132.18,76.62,2.500,0.00,50.0,0.08
6081.00,5169.19,9132.76,76.62,2.500,0.00,50.0,0.08
6082.00,5171.62,9133.34,76.62,2.500,0.00,50.0,0.08
6083.00,5174.05,9133.91,76.62,2.500,0.00,50.0,0.07
6084.00,5176.48,9134.49,76.62,2.500,0.00,50.0,0.07
6085.00,5178.92,9135.07,76.62,2.500,0.00,50.0,0.07
6086.00,5181.35,9135.65,76.62,2.500,0.00,50.0,0.07
6087.00,5183.78,9136.23,76.63,2.500,0.00,50.0,0.06
6088.00,5186.21,9136.81,76.63,2.500,0.00,50.0,0.06
6089.00,5188.64,9137.38,76.63,2.500,0.00,50.0,0.06
6090.00,5191.08,9137.96,76.63,2.500,0.00,50.0,0.06
6091.00,5193.51,9138.54,76.63,2.500,0.00,50.0,0.06
6092.00,5195.94,9139.12,76.63,2.500,0.00,50.0,0.05
6093.00,5198.37,9139.70,76.63,2.500,0.00,50.0,0.05
6094.00,5200.81,9140.28,76.63,2.500,0.00,50.0,0.05
6095.00,5203.24,9140.85,76.63,2.500,0.00,50.0,0.05
6096.00,5205.67,9141.43,76.63,2.500,0.00,50.0,0.05
6097.00,5208.10,9142.01,76.63,2.500,0.00,50.0,0.05
6098.00,5210.53,9142.59,76.64,2.500,0.00,50.0,0.04
6099.00,5212.97,9143.16,76.64,2.500,0.00,50.0,0.04
6100.00,5215.40,9143.74,76.64,2.500,0.00,50.0,0.04
6101.00,5217.83,9144.32,76.64,2.500,0.00,50.0,0.04
6102.00,5220.26,9144.90,76.64,2.500,0.00,50.0,0.04
6103.00,5222.70,9145.48,76.64,2.500,0.00,50.0,0.04
6104.00,5225.13,9146.05,76.64,2.500,0.00,50.0,0.04
6105.00,5227.56,9146.63,76.64,2.500,0.00,50.0,0.04
6106.00,5229.99,9147.21,76.64,2.500,0.00,50.0,0.03
6107.00,5232.43,9147.79,76.64,2.500,0.00,50.0,0.03
6108.00,5234.86,9148.36,76.64,2.500,0.00,50.0,0.03
6109.00,5237.29,9148.94,76.64,2.500,0.00,50.0,0.03
6110.00,5239.72,9149.52,76.64,2.500,0.00,50.0,0.03
6111.00,5242.16,9150.10,76.64,2.500,0.00,50.0,0.03
6112.00,5244.59,9150.67,76.64,2.500,0.00,50.0,0.03
6113.00,5247.02,9151.25,76.64,2.500,0.00,50.0,0.03
6114.00,5249.45,9151.83,76.64,2.500,0.00,50.0,0.03
6115.00,5251.88,9152.41,76.65,2.500,0.00,50.0,0.02
6116.00,5254.32,9152.98,76.65,2.500,0.00,50.0,0.02
6117.00,5256.75,9153.56,76.65,2.500,0.00,50.0,0.02
6118.00,5259.18,9154.14,76.65,2.500,0.00,50.0,0.02
6119.00,5261.61,9154.72,76.65,2.500,0.00,50.0,0.02
6120.00,5264.05,9155.29,76.65,2.500,0.00,50.0,0.02
6121.00,5266.48,9155.87,76.65,2.500,0.00,50.0,0.02
6122.00,5268.91,9156.45,76.65,2.500,0.00,50.0,0.02
6123.00,5271.34,9157.03,76.65,2.500,0.00,50.0,0.02
6124.00,5273.78,9157.60,76.65,2.500,0.00,50.0,0.02
6125.00,5276.21,9158.18,76.65,2.500,0.00,50.0,0.02
6126.00,5278.64,9158.76,76.65,2.500,0.00,50.0,0.02
6127.00,5281.07,9159.34,76.65,2.500,0.00,50.0,0.02
6128.00,5283.51,9159.91,76.65,2.500,0.00,50.0,0.02
6129.00,5285.94,9160.49,76.65,2.500,0.00,50.0,0.02
6130.00,5288.37,9161.07,76.65,2.500,0.00,50.0,0.02
6131.00,5290.80,9161.64,76.65,2.500,0.00,50.0,0.01
6132.00,5293.24,9162.22,76.65,2.500,0.00,50.0,0.01
6133.00,5295.67,9162.80,76.65,2.500,0.00,50.0,0.01
6134.00,5298.10,9163.38,76.65,2.500,0.00,50.0,0.01
6135.00,5300.53,9163.95,76.65,2.500,0.00,50.0,0.01
6136.00,5302.97,9164.53,76.65,2.500,0.00,50.0,0.01
6137.00,5305.40,9165.11,76.65,2.500,0.00,50.0,0.01
6138.00,5307.83,9165.69,76.65,2.500,0.00,50.0,0.01
6139.00,5310.26,9166.26,76.65,2.500,0.00,50.0,0.01
6140.00,5312.70,9166.84,76.65,2.500,0.00,50.0,0.01
6141.00,5315.13,9167.42,76.65,2.500,0.00,50.0,0.01
6142.00,5317.56,9167.99,76.65,2.500,0.00,50.0,0.01
6143.00,5319.99,9168.57,76.65,2.500,0.00,50.0,0.01
6144.00,5322.43,9169.15,76.65,2.500,0.00,50.0,0.01
6145.00,5324.86,9169.73,76.65,2.500,0.00,50.0,0.01
6146.00,5327.29,9170.30,76.65,2.500,0.00,50.0,0.01
6147.00,5329.72,9170.88,76.65,2.500,0.00,50.0,0.01
6148.00,5332.16,9171.46,76.65,2.500,0.00,50.0,0.01
6149.00,5334.59,9172.03,76.65,2.500,0.00,50.0,0.01
6150.00,5337.02,9172.61,76.65,2.500,0.00,50.0,0.01
6151.00,5339.45,9173.19,76.65,2.500,0.00,50.0,0.01
6152.00,5341.89,9173.76,76.65,2.500,0.00,50.0,0.01
6153.00,5344.32,9174.34,76.65,2.500,0.00,50.0,0.01
6154.00,5346.75,9174.92,76.65,2.500,0.00,50.0,0.01
6155.00,5349.18,9175.50,76.65,2.500,0.00,50.0,0.01
6156.00,5351.62,9176.07,76.65,2.500,0.00,50.0,0.01
6157.00,5354.05,9176.65,76.65,2.500,0.00,50.0,0.01
6158.00,5356.48,9177.23,76.65,2.500,0.00,50.0,0.01
6159.00,5358.91,9177.80,76.65,2.500,0.00,50.0,0.01
6160.00,5361.35,9178.38,76.65,2.500,0.00,50.0,0.01
6161.00,5363.78,9178.96,76.65,2.500,0.00,50.0,0.01
6162.00,5366.21,9179.54,76.65,2.500,0.00,50.0,0.01
6163.00,5368.64,9180.11,76.65,2.500,0.00,50.0,0.00
6164.00,5371.08,9180.69,76.65,2.500,0.00,50.0,0.00
6165.00,5373.51,9181.27,76.65,2.500,0.00,50.0,0.00
6166.00,5375.94,9181.84,76.66,2.500,0.00,50.0,0.00
6167.00,5378.37,9182.42,76.66,2.500,0.00,50.0,0.00
6168.00,5380.81,9183.00,76.66,2.500,0.00,50.0,0.00
6169.00,5383.24,9183.57,76.66,2.500,0.00,50.0,0.00
6170.00,5385.67,9184.15,76.66,2.500,0.00,50.0,0.00
6171.00,5388.10,9184.73,76.66,2.500,0.00,50.0,0.00
6172.00,5390.54,9185.31,76.66,2.500,0.00,50.0,0.00
6173.00,5392.97,9185.88,76.66,2.500,0.00,50.0,0.00
6174.00,5395.40,9186.46,76.66,2.500,0.00,50.0,0.00
6175.00,5397.83,9187.04,76.66,2.500,0.00,50.0,0.00
6176.00,5400.27,9187.61,76.66,2.500,0.00,50.0,0.00
6177.00,5402.70,9188.19,76.66,2.500,0.00,50.0,0.00
6178.00,5405.13,9188.77,76.66,2.500,0.00,50.0,0.00
6179.00,5407.56,9189.35,76.66,2.500,0.00,50.0,0.00
6180.00,5410.00,9189.92,76.66,2.500,0.00,50.0,0.00
6181.00,5412.43,9190.50,76.66,2.500,0.00,50.0,0.00
6182.00,5414.86,9191.08,76.66,2.500,0.00,50.0,0.00
6183.00,5417.29,9191.65,76.66,2.500,0.00,50.0,0.00
6184.00,5419.73,9192.23,76.66,2.500,0.00,50.0,0.00
6185.00,5422.16,9192.81,76.66,2.500,0.00,50.0,0.00
6186.00,5424.59,9193.38,76.66,2.500,0.00,50.0,0.00
6187.00,5427.02,9193.96,76.66,2.500,0.00,50.0,0.00
6188.00,5429.46,9194.54,76.66,2.500,0.00,50.0,0.00
6189.00,5431.89,9195.12,76.66,2.500,0.00,50.0,0.00
6190.00,5434.32,9195.69,76.66,2.500,0.00,50.0,0.00
6191.00,5436.75,9196.27,76.66,2.500,0.00,50.0,0.00
6192.00,5439.19,9196.85,76.66,2.500,0.00,50.0,0.00
6193.00,5441.62,9197.42,76.66,2.500,0.00,50.0,0.00
6194.00,5444.05,9198.00,76.66,2.500,0.00,50.0,0.00
6195.00,5446.48,9198.58,76.66,2.500,0.00,50.0,0.00
6196.00,5448.92,9199.15,76.66,2.500,0.00,50.0,0.00
6197.00,5451.35,9199.73,76.66,2.500,0.00,50.0,0.00
6198.00,5453.78,9200.31,76.66,2.500,0.00,50.0,0.00
6199.00,5456.21,9200.88,76.66,2.500,0.00,50.0,0.00
6200.00,5458.65,9201.46,76.66,2.500,0.00,50.0,0.00
6201.00,5461.08,9202.04,76.66,2.500,0.00,50.0,0.00
6202.00,5463.51,9202.62,76.66,2.500,0.00,50.0,0.00
6203.00,5465.94,9203.19,76.66,2.500,0.00,50.0,0.00
6204.00,5468.38,9203.77,76.66,2.500,0.00,50.0,0.00
6205.00,5470.81,9204.35,76.66,2.500,0.00,50.0,0.00
6206.00,5473.24,9204.92,76.66,2.500,0.00,50.0,0.00
6207.00,5475.67,9205.50,76.66,2.500,0.00,50.0,0.00
6208.00,5478.11,9206.08,76.66,2.500,0.00,50.0,0.00
6209.00,5480.54,9206.65,76.66,2.500,0.00,50.0,0.00
6210.00,5482.97,9207.23,76.66,2.500,0.00,50.0,0.00
6211.00,5485.40,9207.81,76.66,2.500,0.00,50.0,0.00
6212.00,5487.84,9208.39,76.66,2.500,0.00,50.0,0.00
6213.00,5490.27,9208.96,76.66,2.500,0.00,50.0,0.00
6214.00,5492.70,9209.54,76.66,2.500,0.00,50.0,0.00
6215.00,5495.13,9210.12,76.66,2.500,0.00,50.0,0.00
6216.00,5497.57,9210.69,76.66,2.500,0.00,50.0,0.00
6217.00,5500.00,9211.27,76.66,2.500,0.00,50.0,0.00
6218.00,5502.43,9211.85,76.66,2.500,0.00,50.0,0.00
6219.00,5504.86,9212.42,76.66,2.500,0.00,50.0,0.00
6220.00,5507.30,9213.00,76.66,2.500,0.00,50.0,0.00
6221.00,5509.73,9213.58,76.66,2.500,0.00,50.0,0.00
6222.00,5512.16,9214.16,76.66,2.500,0.00,50.0,0.00
6223.00,5514.59,9214.73,76.66,2.500,0.00,50.0,0.00
6224.00,5517.03,9215.31,76.66,2.500,0.00,50.0,0.00
6225.00,5519.46,9215.89,76.66,2.500,0.00,50.0,0.00
6226.00,5521.89,9216.46,76.66,2.500,0.00,50.0,0.00
6227.00,5524.32,9217.04,76.66,2.500,0.00,50.0,0.00
6228.00,5526.76,9217.62,76.66,2.500,0.00,50.0,0.00
6229.00,5529.19,9218.19,76.66,2.500,0.00,50.0,0.00
6230.00,5531.62,9218.77,76.66,2.500,0.00,50.0,0.00
6231.00,5534.05,9219.35,76.66,2.500,0.00,50.0,0.00
6232.00,5536.49,9219.92,76.66,2.500,0.00,50.0,0.00
6233.00,5538.92,9220.50,76.66,2.500,0.00,50.0,0.00
6234.00,5541.35,9221.08,76.66,2.500,0.00,50.0,0.00
6235.00,5543.78,9221.66,76.66,2.500,0.00,50.0,0.00
6236.00,5546.22,9222.23,76.66,2.500,0.00,50.0,0.00
6237.00,5548.65,9222.81,76.66,2.500,0.00,50.0,0.00
6238.00,5551.08,9223.39,76.66,2.500,0.00,50.0,0.00
6239.00,5553.51,9223.96,76.66,2.500,0.00,50.0,0.00
6240.00,5555.95,9224.54,76.66,2.500,0.00,50.0,0.00
6241.00,5558.38,9225.12,76.66,2.500,0.00,50.0,0.00
6242.00,5560.81,9225.69,76.66,2.500,0.00,50.0,0.00
6243.00,5563.24,9226.27,76.66,2.500,5.00,50.0,0.06
6244.00,5565.68,9226.85,76.66,2.500,5.00,50.0,0.11
6245.00,5568.11,9227.42,76.66,2.500,5.00,50.0,0.17
6246.00,5570.54,9228.00,76.67,2.500,5.00,50.0,0.22
6247.00,5572.97,9228.58,76.67,2.500,5.00,50.0,0.27
6248.00,5575.41,9229.15,76.68,2.500,5.00,50.0,0.32
6249.00,5577.84,9229.73,76.68,2.500,0.00,50.0,0.31
6250.00,5580.27,9230.31,76.69,2.500,0.00,50.0,0.30
6251.00,5582.70,9230.88,76.69,2.500,0.00,50.0,0.29
6252.00,5585.14,9231.46,76.70,2.500,0.00,50.0,0.28
6253.00,5587.57,9232.03,76.70,2.500,0.00,50.0,0.27
6254.00,5590.00,9232.61,76.70,2.500,0.00,50.0,0.26
6255.00,5592.44,9233.18,76.71,2.500,0.00,50.0,0.25
6256.00,5594.87,9233.76,76.71,2.500,0.00,50.0,0.24
6257.00,5597.30,9234.33,76.72,2.500,0.00,50.0,0.23
6258.00,5599.74,9234.91,76.72,2.500,0.00,50.0,0.22
6259.00,5602.17,9235.48,76.72,2.500,0.00,50.0,0.22
6260.00,5604.60,9236.06,76.73,2.500,0.00,50.0,0.21
6261.00,5607.03,9236.63,76.73,2.500,5.00,50.0,0.26
6262.00,5609.47,9237.20,76.74,2.500,5.00,50.0,0.31
6263.00,5611.90,9237.78,76.74,2.500,5.00,50.0,0.36
6264.00,5614.33,9238.35,76.75,2.500,5.00,50.0,0.40
6265.00,5616.77,9238.92,76.76,2.500,5.00,50.0,0.44
6266.00,5619.20,9239.50,76.76,2.500,0.00,50.0,0.43
6267.00,5621.64,9240.07,76.77,2.500,0.00,50.0,0.42
6268.00,5624.07,9240.64,76.78,2.500,0.00,50.0,0.40
6269.00,5626.50,9241.21,76.78,2.500,0.00,50.0,0.39
6270.00,5628.94,9241.78,76.79,2.500,0.00,50.0,0.38
6271.00,5631.37,9242.36,76.80,2.500,0.00,50.0,0.36
6272.00,5633.80,9242.93,76.80,2.500,0.00,50.0,0.35
6273.00,5636.24,9243.50,76.81,2.500,0.00,50.0,0.34
6274.00,5638.67,9244.07,76.81,2.500,0.00,50.0,0.33
6275.00,5641.11,9244.64,76.82,2.500,0.00,50.0,0.32
6276.00,5643.54,9245.21,76.82,2.500,0.00,50.0,0.31
6277.00,5645.97,9245.78,76.83,2.500,0.00,50.0,0.30
6278.00,5648.41,9246.35,76.83,2.500,0.00,50.0,0.29
6279.00,5650.84,9246.92,76.84,2.500,0.00,50.0,0.28
6280.00,5653.28,9247.49,76.84,2.500,0.00,50.0,0.27
6281.00,5655.71,9248.06,76.85,2.500,0.00,50.0,0.26
6282.00,5658.15,9248.62,76.85,2.500,0.00,50.0,0.25
6283.00,5660.58,9249.19,76.85,2.500,0.00,50.0,0.24
6284.00,5663.02,9249.76,76.86,2.500,0.00,50.0,0.23
6285.00,5665.45,9250.33,76.86,2.500,5.00,50.0,0.28
6286.00,5667.88,9250.90,76.87,2.500,5.00,50.0,0.33
6287.00,5670.32,9251.47,76.88,2.500,5.00,50.0,0.38
6288.00,5672.75,9252.03,76.88,2.500,5.00,50.0,0.42
6289.00,5675.19,9252.60,76.89,2.500,5.00,50.0,0.46
6290.00,5677.62,9253.17,76.90,2.500,5.00,50.0,0.51
6291.00,5680.06,9253.73,76.91,2.500,0.00,50.0,0.49
6292.00,5682.49,9254.30,76.91,2.500,0.00,50.0,0.47
6293.00,5684.93,9254.87,76.92,2.500,0.00,50.0,0.46
6294.00,5687.36,9255.43,76.93,2.500,0.00,50.0,0.44
6295.00,5689.80,9256.00,76.94,2.500,0.00,50.0,0.43
6296.00,5692.23,9256.56,76.94,2.500,0.00,50.0,0.41
6297.00,5694.67,9257.13,76.95,2.500,0.00,50.0,0.40
6298.00,5697.10,9257.69,76.96,2.500,0.00,50.0,0.39
6299.00,5699.54,9258.26,76.96,2.500,0.00,50.0,0.37
6300.00,5701.98,9258.82,76.97,2.500,0.00,50.0,0.36
6301.00,5704.41,9259.38,76.97,2.500,0.00,50.0,0.35
6302.00,5706.85,9259.95,76.98,2.500,0.00,50.0,0.34
6303.00,5709.28,9260.51,76.99,2.500,0.00,50.0,0.33
6304.00,5711.72,9261.07,76.99,2.500,0.00,50.0,0.31
6305.00,5714.15,9261.64,77.00,2.500,0.00,50.0,0.30
6306.00,5716.59,9262.20,77.00,2.500,0.00,50.0,0.29
6307.00,5719.03,9262.76,77.01,2.500,0.00,50.0,0.28
6308.00,5721.46,9263.32,77.01,2.500,0.00,50.0,0.27
6309.00,5723.90,9263.89,77.01,2.500,0.00,50.0,0.27
6310.00,5726.33,9264.45,77.02,2.500,0.00,50.0,0.26
6311.00,5728.77,9265.01,77.02,2.500,0.00,50.0,0.25
6312.00,5731.21,9265.57,77.03,2.500,0.00,50.0,0.24
6313.00,5733.64,9266.13,77.03,2.500,0.00,50.0,0.23
6314.00,5736.08,9266.69,77.03,2.500,0.00,50.0,0.22
6315.00,5738.52,9267.25,77.04,2.500,0.00,50.0,0.22
6316.00,5740.95,9267.81,77.04,2.500,0.00,50.0,0.21
6317.00,5743.39,9268.38,77.04,2.500,0.00,50.0,0.20
6318.00,5745.82,9268.94,77.05,2.500,0.00,50.0,0.20
6319.00,5748.26,9269.50,77.05,2.500,0.00,50.0,0.19
6320.00,5750.70,9270.06,77.05,2.500,0.00,50.0,0.18
6321.00,5753.13,9270.62,77.06,2.500,0.00,50.0,0.18
6322.00,5755.57,9271.18,77.06,2.500,0.00,50.0,0.17
6323.00,5758.01,9271.74,77.06,2.500,0.00,50.0,0.17
6324.00,5760.44,9272.30,77.07,2.500,0.00,50.0,0.16
6325.00,5762.88,9272.86,77.07,2.500,0.00,50.0,0.15
6326.00,5765.32,9273.42,77.07,2.500,0.00,50.0,0.15
6327.00,5767.75,9273.97,77.07,2.500,0.00,50.0,0.14
6328.00,5770.19,9274.53,77.08,2.500,0.00,50.0,0.14
6329.00,5772.63,9275.09,77.08,2.500,0.00,50.0,0.13
6330.00,5775.06,9275.65,77.08,2.500,0.00,50.0,0.13
6331.00,5777.50,9276.21,77.08,2.500,0.00,50.0,0.13
6332.00,5779.94,9276.77,77.08,2.500,0.00,50.0,0.12
6333.00,5782.37,9277.33,77.09,2.500,0.00,50.0,0.12
6334.00,5784.81,9277.89,77.09,2.500,0.00,50.0,0.11
6335.00,5787.25,9278.45,77.09,2.500,0.00,50.0,0.11
6336.00,5789.68,9279.00,77.09,2.500,0.00,50.0,0.11
6337.00,5792.12,9279.56,77.09,2.500,0.00,50.0,0.10
6338.00,5794.56,9280.12,77.09,2.500,0.00,50.0,0.10
6339.00,5796.99,9280.68,77.10,2.500,0.00,50.0,0.10
6340.00,5799.43,9281.24,77.10,2.500,0.00,50.0,0.09
6341.00,5801.87,9281.80,77.10,2.500,0.00,50.0,0.09
6342.00,5804.30,9282.35,77.10,2.500,0.00,50.0,0.09
6343.00,5806.74,9282.91,77.10,2.500,0.00,50.0,0.08
6344.00,5809.18,9283.47,77.10,2.500,0.00,50.0,0.08
6345.00,5811.62,9284.03,77.10,2.500,0.00,50.0,0.08
6346.00,5814.05,9284.59,77.11,2.500,0.00,50.0,0.08
6347.00,5816.49,9285.14,77.11,2.500,0.00,50.0,0.07
6348.00,5818.93,9285.70,77.11,2.500,0.00,50.0,0.07
6349.00,5821.36,9286.26,77.11,2.500,0.00,50.0,0.07
6350.00,5823.80,9286.82,77.11,2.500,0.00,50.0,0.07
6351.00,5826.24,9287.38,77.11,2.500,0.00,50.0,0.06
6352.00,5828.67,9287.93,77.11,2.500,0.00,50.0,0.06
6353.00,5831.11,9288.49,77.11,2.500,0.00,50.0,0.06
6354.00,5833.55,9289.05,77.11,2.500,0.00,50.0,0.06
6355.00,5835.99,9289.61,77.12,2.500,0.00,50.0,0.06
6356.00,5838.42,9290.16,77.12,2.500,0.00,50.0,0.05
6357.00,5840.86,9290.72,77.12,2.500,0.00,50.0,0.05
6358.00,5843.30,9291.28,77.12,2.500,0.00,50.0,0.05
6359.00,5845.73,9291.84,77.12,2.500,0.00,50.0,0.05
6360.00,5848.17,9292.39,77.12,2.500,0.00,50.0,0.05
6361.00,5850.61,9292.95,77.12,2.500,0.00,50.0,0.05
6362.00,5853.04,9293.51,77.12,2.500,0.00,50.0,0.04
6363.00,5855.48,9294.06,77.12,2.500,0.00,50.0,0.04
6364.00,5857.92,9294.62,77.12,2.500,0.00,50.0,0.04
6365.00,5860.36,9295.18,77.12,2.500,0.00,50.0,0.04
6366.00,5862.79,9295.74,77.12,2.500,0.00,50.0,0.04
6367.00,5865.23,9296.29,77.12,2.500,0.00,50.0,0.04
6368.00,5867.67,9296.85,77.13,2.500,0.00,50.0,0.04
6369.00,5870.10,9297.41,77.13,2.500,5.00,50.0,0.09
6370.00,5872.54,9297.96,77.13,2.500,5.00,50.0,0.15
6371.00,5874.98,9298.52,77.13,2.500,5.00,50.0,0.20
6372.00,5877.42,9299.08,77.14,2.500,5.00,50.0,0.25
6373.00,5879.85,9299.63,77.14,2.500,5.00,50.0,0.30
6374.00,5882.29,9300.19,77.15,2.500,5.00,50.0,0.34
6375.00,5884.73,9300.75,77.15,2.500,5.00,50.0,0.39
6376.00,5887.17,9301.30,77.16,2.500,0.00,50.0,0.38
6377.00,5889.60,9301.86,77.17,2.500,0.00,50.0,0.36
6378.00,5892.04,9302.41,77.17,2.500,0.00,50.0,0.35
6379.00,5894.48,9302.97,77.18,2.500,0.00,50.0,0.34
6380.00,5896.92,9303.52,77.18,2.500,0.00,50.0,0.33
6381.00,5899.35,9304.08,77.19,2.500,0.00,50.0,0.32
6382.00,5901.79,9304.63,77.19,2.500,0.00,50.0,0.31
6383.00,5904.23,9305.19,77.20,2.500,0.00,50.0,0.30
6384.00,5906.67,9305.74,77.20,2.500,0.00,50.0,0.29
6385.00,5909.11,9306.29,77.21,2.500,0.00,50.0,0.28
6386.00,5911.54,9306.85,77.21,2.500,0.00,50.0,0.27
6387.00,5913.98,9307.40,77.22,2.500,0.00,50.0,0.26
6388.00,5916.42,9307.95,77.22,2.500,0.00,50.0,0.25
6389.00,5918.86,9308.51,77.23,2.500,0.00,50.0,0.24
6390.00,5921.30,9309.06,77.23,2.500,0.00,50.0,0.23
6391.00,5923.73,9309.61,77.23,2.500,0.00,50.0,0.23
6392.00,5926.17,9310.16,77.24,2.500,0.00,50.0,0.22
6393.00,5928.61,9310.72,77.24,2.500,0.00,50.0,0.21
6394.00,5931.05,9311.27,77.24,2.500,0.00,50.0,0.21
6395.00,5933.49,9311.82,77.25,2.500,0.00,50.0,0.20
6396.00,5935.92,9312.37,77.25,2.500,0.00,50.0,0.19
6397.00,5938.36,9312.92,77.25,2.500,0.00,50.0,0.19
6398.00,5940.80,9313.48,77.26,2.500,0.00,50.0,0.18
6399.00,5943.24,9314.03,77.26,2.500,0.00,50.0,0.17
6400.00,5945.68,9314.58,77.26,2.500,0.00,50.0,0.17
6401.00,5948.12,9315.13,77.26,2.500,0.00,50.0,0.16
6402.00,5950.56,9315.68,77.27,2.500,0.00,50.0,0.16
6403.00,5952.99,9316.23,77.27,2.500,0.00,50.0,0.15
6404.00,5955.43,9316.78,77.27,2.500,0.00,50.0,0.15
6405.00,5957.87,9317.33,77.27,2.500,0.00,50.0,0.14
6406.00,5960.31,9317.88,77.28,2.500,0.00,50.0,0.14
6407.00,5962.75,9318.44,77.28,2.500,0.00,50.0,0.13
6408.00,5965.19,9318.99,77.28,2.500,0.00,50.0,0.13
6409.00,5967.63,9319.54,77.28,2.500,0.00,50.0,0.12
6410.00,5970.06,9320.09,77.29,2.500,0.00,50.0,0.12
6411.00,5972.50,9320.64,77.29,2.500,0.00,50.0,0.12
6412.00,5974.94,9321.19,77.29,2.500,0.00,50.0,0.11
6413.00,5977.38,9321.74,77.29,2.500,0.00,50.0,0.11
6414.00,5979.82,9322.29,77.29,2.500,0.00,50.0,0.10
6415.00,5982.26,9322.84,77.29,2.500,0.00,50.0,0.10
6416.00,5984.70,9323.39,77.30,2.500,0.00,50.0,0.10
6417.00,5987.14,9323.94,77.30,2.500,0.00,50.0,0.09
6418.00,5989.57,9324.49,77.30,2.500,0.00,50.0,0.09
6419.00,5992.01,9325.04,77.30,2.500,0.00,50.0,0.09
6420.00,5994.45,9325.59,77.30,2.500,0.00,50.0,0.08
6421.00,5996.89,9326.14,77.30,2.500,0.00,50.0,0.08
6422.00,5999.33,9326.68,77.30,2.500,0.00,50.0,0.08
6423.00,6001.77,9327.23,77.31,2.500,0.00,50.0,0.08
6424.00,6004.21,9327.78,77.31,2.500,0.00,50.0,0.07
6425.00,6006.65,9328.33,77.31,2.500,0.00,50.0,0.07
6426.00,6009.09,9328.88,77.31,2.500,0.00,50.0,0.07
6427.00,6011.52,9329.43,77.31,2.500,0.00,50.0,0.07
6428.00,6013.96,9329.98,77.31,2.500,0.00,50.0,0.06
6429.00,6016.40,9330.53,77.31,2.500,0.00,50.0,0.06
6430.00,6018.84,9331.08,77.31,2.500,0.00,50.0,0.06
6431.00,6021.28,9331.63,77.31,2.500,0.00,50.0,0.06
6432.00,6023.72,9332.18,77.32,2.500,0.00,50.0,0.06
6433.00,6026.16,9332.73,77.32,2.500,0.00,50.0,0.05
6434.00,6028.60,9333.27,77.32,2.500,0.00,50.0,0.05
6435.00,6031.04,9333.82,77.32,2.500,0.00,50.0,0.05
6436.00,6033.47,9334.37,77.32,2.500,0.00,50.0,0.05
6437.00,6035.91,9334.92,77.32,2.500,0.00,50.0,0.05
6438.00,6038.35,9335.47,77.32,2.500,0.00,50.0,0.05
6439.00,6040.79,9336.02,77.32,2.500,0.00,50.0,0.04
6440.00,6043.23,9336.57,77.32,2.500,0.00,50.0,0.04
6441.00,6045.67,9337.12,77.32,2.500,0.00,50.0,0.04
6442.00,6048.11,9337.66,77.32,2.500,0.00,50.0,0.04
6443.00,6050.55,9338.21,77.32,2.500,0.00,50.0,0.04
6444.00,6052.99,9338.76,77.32,2.500,0.00,50.0,0.04
6445.00,6055.43,9339.31,77.33,2.500,0.00,50.0,0.04
6446.00,6057.87,9339.86,77.33,2.500,0.00,50.0,0.04
6447.00,6060.30,9340.41,77.33,2.500,0.00,50.0,0.03
6448.00,6062.74,9340.96,77.33,2.500,0.00,50.0,0.03
6449.00,6065.18,9341.50,77.33,2.500,0.00,50.0,0.03
6450.00,6067.62,9342.05,77.33,2.500,0.00,50.0,0.03
6451.00,6070.06,9342.60,77.33,2.500,0.00,50.0,0.03
6452.00,6072.50,9343.15,77.33,2.500,0.00,50.0,0.03
6453.00,6074.94,9343.70,77.33,2.500,5.00,50.0,0.08
6454.00,6077.38,9344.25,77.33,2.500,5.00,50.0,0.14
6455.00,6079.82,9344.79,77.34,2.500,5.00,50.0,0.19
6456.00,6082.26,9345.34,77.34,2.500,5.00,50.0,0.24
6457.00,6084.70,9345.89,77.34,2.500,5.00,50.0,0.29
6458.00,6087.13,9346.44,77.35,2.500,5.00,50.0,0.34
6459.00,6089.57,9346.99,77.36,2.500,0.00,50.0,0.33
6460.00,6092.01,9347.53,77.36,2.500,0.00,50.0,0.32
6461.00,6094.45,9348.08,77.37,2.500,0.00,50.0,0.31
6462.00,6096.89,9348.63,77.37,2.500,0.00,50.0,0.30
6463.00,6099.33,9349.17,77.38,2.500,0.00,50.0,0.29
6464.00,6101.77,9349.72,77.38,2.500,5.00,50.0,0.33
6465.00,6104.21,9350.27,77.39,2.500,5.00,50.0,0.38
6466.00,6106.65,9350.81,77.39,2.500,5.00,50.0,0.42
6467.00,6109.09,9351.36,77.40,2.500,5.00,50.0,0.47
6468.00,6111.53,9351.90,77.41,2.500,5.00,50.0,0.51
6469.00,6113.97,9352.45,77.42,2.500,5.00,50.0,0.55
6470.00,6116.41,9352.99,77.43,2.500,5.00,50.0,0.59
6471.00,6118.85,9353.54,77.44,2.500,5.00,50.0,0.63
6472.00,6121.29,9354.08,77.45,2.500,0.00,50.0,0.60
6473.00,6123.73,9354.62,77.46,2.500,0.00,50.0,0.58
6474.00,6126.17,9355.17,77.47,2.500,0.00,50.0,0.56
6475.00,6128.61,9355.71,77.48,2.500,0.00,50.0,0.55
6476.00,6131.05,9356.25,77.49,2.500,0.00,50.0,0.53
6477.00,6133.49,9356.79,77.50,2.500,0.00,50.0,0.51
6478.00,6135.93,9357.33,77.50,2.500,0.00,50.0,0.49
6479.00,6138.37,9357.87,77.51,2.500,0.00,50.0,0.48
6480.00,6140.82,9358.41,77.52,2.500,0.00,50.0,0.46
6481.00,6143.26,9358.95,77.53,2.500,0.00,50.0,0.45
6482.00,6145.70,9359.49,77.53,2.500,0.00,50.0,0.43
6483.00,6148.14,9360.03,77.54,2.500,0.00,50.0,0.42
6484.00,6150.58,9360.57,77.55,2.500,0.00,50.0,0.40
6485.00,6153.02,9361.11,77.55,2.500,0.00,50.0,0.39
6486.00,6155.46,9361.65,77.56,2.500,5.00,50.0,0.43
6487.00,6157.90,9362.19,77.57,2.500,5.00,50.0,0.48
6488.00,6160.34,9362.73,77.58,2.500,5.00,50.0,0.52
6489.00,6162.79,9363.27,77.59,2.500,5.00,50.0,0.56
6490.00,6165.23,9363.80,77.60,2.500,5.00,50.0,0.60
6491.00,6167.67,9364.34,77.61,2.500,5.00,50.0,0.63
6492.00,6170.11,9364.88,77.62,2.500,0.00,50.0,0.61
6493.00,6172.55,9365.41,77.63,2.500,0.00,50.0,0.59
6494.00,6174.99,9365.95,77.64,2.500,0.00,50.0,0.57
6495.00,6177.44,9366.48,77.65,2.500,0.00,50.0,0.55
6496.00,6179.88,9367.02,77.66,2.500,0.00,50.0,0.53
6497.00,6182.32,9367.55,77.66,2.500,0.00,50.0,0.52
6498.00,6184.76,9368.09,77.67,2.500,0.00,50.0,0.50
6499.00,6187.21,9368.62,77.68,2.500,0.00,50.0,0.48
6500.00,6189.65,9369.15,77.69,2.500,0.00,50.0,0.47
6501.00,6192.09,9369.69,77.70,2.500,0.00,50.0,0.45
6502.00,6194.53,9370.22,77.70,2.500,0.00,50.0,0.44
6503.00,6196.98,9370.75,77.71,2.500,0.00,50.0,0.42
6504.00,6199.42,9371.28,77.72,2.500,0.00,50.0,0.41
6505.00,6201.86,9371.82,77.72,2.500,0.00,50.0,0.39
6506.00,6204.30,9372.35,77.73,2.500,0.00,50.0,0.38
6507.00,6206.75,9372.88,77.74,2.500,0.00,50.0,0.37
6508.00,6209.19,9373.41,77.74,2.500,0.00,50.0,0.36
6509.00,6211.63,9373.94,77.75,2.500,0.00,50.0,0.34
6510.00,6214.08,9374.47,77.75,2.500,0.00,50.0,0.33
6511.00,6216.52,9375.00,77.76,2.500,0.00,50.0,0.32
6512.00,6218.96,9375.53,77.76,2.500,0.00,50.0,0.31
6513.00,6221.41,9376.06,77.77,2.500,0.00,50.0,0.30
6514.00,6223.85,9376.59,77.77,2.500,0.00,50.0,0.29
6515.00,6226.29,9377.12,77.78,2.500,0.00,50.0,0.28
6516.00,6228.74,9377.65,77.78,2.500,0.00,50.0,0.27
6517.00,6231.18,9378.18,77.79,2.500,0.00,50.0,0.26
6518.00,6233.62,9378.71,77.79,2.500,0.00,50.0,0.25
6519.00,6236.07,9379.24,77.80,2.500,0.00,50.0,0.24
6520.00,6238.51,9379.76,77.80,2.500,0.00,50.0,0.24
6521.00,6240.95,9380.29,77.80,2.500,0.00,50.0,0.23
6522.00,6243.40,9380.82,77.81,2.500,0.00,50.0,0.22
6523.00,6245.84,9381.35,77.81,2.500,0.00,50.0,0.21
6524.00,6248.28,9381.88,77.81,2.500,0.00,50.0,0.21
6525.00,6250.73,9382.40,77.82,2.500,0.00,50.0,0.20
6526.00,6253.17,9382.93,77.82,2.500,0.00,50.0,0.19
6527.00,6255.61,9383.46,77.82,2.500,0.00,50.0,0.19
6528.00,6258.06,9383.99,77.83,2.500,0.00,50.0,0.18
6529.00,6260.50,9384.51,77.83,2.500,0.00,50.0,0.17
6530.00,6262.95,9385.04,77.83,2.500,0.00,50.0,0.17
6531.00,6265.39,9385.57,77.84,2.500,0.00,50.0,0.16
6532.00,6267.83,9386.09,77.84,2.500,0.00,50.0,0.16
6533.00,6270.28,9386.62,77.84,2.500,0.00,50.0,0.15
6534.00,6272.72,9387.15,77.84,2.500,0.00,50.0,0.15
6535.00,6275.17,9387.67,77.85,2.500,0.00,50.0,0.14
6536.00,6277.61,9388.20,77.85,2.500,0.00,50.0,0.14
6537.00,6280.05,9388.73,77.85,2.500,0.00,50.0,0.13
6538.00,6282.50,9389.25,77.85,2.500,0.00,50.0,0.13
6539.00,6284.94,9389.78,77.85,2.500,0.00,50.0,0.12
6540.00,6287.39,9390.31,77.86,2.500,0.00,50.0,0.12
6541.00,6289.83,9390.83,77.86,2.500,0.00,50.0,0.12
6542.00,6292.27,9391.36,77.86,2.500,0.00,50.0,0.11
6543.00,6294.72,9391.88,77.86,2.500,0.00,50.0,0.11
6544.00,6297.16,9392.41,77.86,2.500,0.00,50.0,0.10
6545.00,6299.61,9392.93,77.87,2.500,0.00,50.0,0.10
6546.00,6302.05,9393.46,77.87,2.500,0.00,50.0,0.10
6547.00,6304.49,9393.99,77.87,2.500,0.00,50.0,0.09
6548.00,6306.94,9394.51,77.87,2.500,0.00,50.0,0.09
6549.00,6309.38,9395.04,77.87,2.500,0.00,50.0,0.09
6550.00,6311.83,9395.56,77.87,2.500,0.00,50.0,0.09
6551.00,6314.27,9396.09,77.87,2.500,0.00,50.0,0.08
6552.00,6316.72,9396.61,77.88,2.500,0.00,50.0,0.08
6553.00,6319.16,9397.14,77.88,2.500,0.00,50.0,0.08
6554.00,6321.60,9397.66,77.88,2.500,0.00,50.0,0.07
6555.00,6324.05,9398.19,77.88,2.500,0.00,50.0,0.07
6556.00,6326.49,9398.71,77.88,2.500,0.00,50.0,0.07
6557.00,6328.94,9399.24,77.88,2.500,0.00,50.0,0.07
6558.00,6331.38,9399.76,77.88,2.500,0.00,50.0,0.07
6559.00,6333.83,9400.29,77.88,2.500,0.00,50.0,0.06
6560.00,6336.27,9400.81,77.88,2.500,0.00,50.0,0.06
6561.00,6338.71,9401.34,77.89,2.500,0.00,50.0,0.06
6562.00,6341.16,9401.86,77.89,2.500,0.00,50.0,0.06
6563.00,6343.60,9402.38,77.89,2.500,0.00,50.0,0.06
6564.00,6346.05,9402.91,77.89,2.500,0.00,50.0,0.05
6565.00,6348.49,9403.43,77.89,2.500,0.00,50.0,0.05
6566.00,6350.94,9403.96,77.89,2.500,0.00,50.0,0.05
6567.00,6353.38,9404.48,77.89,2.500,0.00,50.0,0.05
6568.00,6355.82,9405.01,77.89,2.500,0.00,50.0,0.05
6569.00,6358.27,9405.53,77.89,2.500,0.00,50.0,0.04
6570.00,6360.71,9406.06,77.89,2.500,0.00,50.0,0.04
6571.00,6363.16,9406.58,77.89,2.500,0.00,50.0,0.04
6572.00,6365.60,9407.10,77.89,2.500,0.00,50.0,0.04
6573.00,6368.05,9407.63,77.90,2.500,0.00,50.0,0.04
6574.00,6370.49,9408.15,77.90,2.500,0.00,50.0,0.04
6575.00,6372.94,9408.68,77.90,2.500,0.00,50.0,0.04
6576.00,6375.38,9409.20,77.90,2.500,0.00,50.0,0.04
6577.00,6377.82,9409.73,77.90,2.500,0.00,50.0,0.03
6578.00,6380.27,9410.25,77.90,2.500,0.00,50.0,0.03
6579.00,6382.71,9410.77,77.90,2.500,0.00,50.0,0.03
6580.00,6385.16,9411.30,77.90,2.500,0.00,50.0,0.03
6581.00,6387.60,9411.82,77.90,2.500,0.00,50.0,0.03
6582.00,6390.05,9412.35,77.90,2.500,0.00,50.0,0.03
6583.00,6392.49,9412.87,77.90,2.500,0.00,50.0,0.03
6584.00,6394.94,9413.39,77.90,2.500,0.00,50.0,0.03
6585.00,6397.38,9413.92,77.90,2.500,0.00,50.0,0.03
6586.00,6399.82,9414.44,77.90,2.500,0.00,50.0,0.03
6587.00,6402.27,9414.97,77.90,2.500,0.00,50.0,0.02
6588.00,6404.71,9415.49,77.90,2.500,0.00,50.0,0.02
6589.00,6407.16,9416.01,77.90,2.500,0.00,50.0,0.02
6590.00,6409.60,9416.54,77.90,2.500,0.00,50.0,0.02
6591.00,6412.05,9417.06,77.90,2.500,0.00,50.0,0.02
6592.00,6414.49,9417.59,77.90,2.500,0.00,50.0,0.02
6593.00,6416.94,9418.11,77.90,2.500,0.00,50.0,0.02
6594.00,6419.38,9418.63,77.90,2.500,0.00,50.0,0.02
6595.00,6421.82,9419.16,77.91,2.500,0.00,50.0,0.02
6596.00,6424.27,9419.68,77.91,2.500,0.00,50.0,0.02
6597.00,6426.71,9420.20,77.91,2.500,0.00,50.0,0.02
6598.00,6429.16,9420.73,77.91,2.500,0.00,50.0,0.02
6599.00,6431.60,9421.25,77.91,2.500,0.00,50.0,0.02
6600.00,6434.05,9421.78,77.91,2.500,0.00,50.0,0.02
6601.00,6436.49,9422.30,77.91,2.500,0.00,50.0,0.02
6602.00,6438.94,9422.82,77.91,2.500,0.00,50.0,0.01
6603.00,6441.38,9423.35,77.91,2.500,0.00,50.0,0.01
6604.00,6443.83,9423.87,77.91,2.500,0.00,50.0,0.01
6605.00,6446.27,9424.39,77.91,2.500,0.00,50.0,0.01
6606.00,6448.71,9424.92,77.91,2.500,0.00,50.0,0.01
6607.00,6451.16,9425.44,77.91,2.500,0.00,50.0,0.01
6608.00,6453.60,9425.97,77.91,2.500,0.00,50.0,0.01
6609.00,6456.05,9426.49,77.91,2.500,0.00,50.0,0.01
6610.00,6458.49,9427.01,77.91,2.500,0.00,50.0,0.01
6611.00,6460.94,9427.54,77.91,2.500,0.00,50.0,0.01
6612.00,6463.38,9428.06,77.91,2.500,0.00,50.0,0.01
6613.00,6465.83,9428.58,77.91,2.500,0.00,50.0,0.01
6614.00,6468.27,9429.11,77.91,2.500,0.00,50.0,0.01
6615.00,6470.72,9429.63,77.91,2.500,0.00,50.0,0.01
6616.00,6473.16,9430.16,77.91,2.500,0.00,50.0,0.01
6617.00,6475.60,9430.68,77.91,2.500,0.00,50.0,0.01
6618.00,6478.05,9431.20,77.91,2.500,0.00,50.0,0.01
6619.00,6480.49,9431.73,77.91,2.500,0.00,50.0,0.01
6620.00,6482.94,9432.25,77.91,2.500,0.00,50.0,0.01
6621.00,6485.38,9432.77,77.91,2.500,0.00,50.0,0.01
6622.00,6487.83,9433.30,77.91,2.500,0.00,50.0,0.01
6623.00,6490.27,9433.82,77.91,2.500,0.00,50.0,0.01
6624.00,6492.72,9434.34,77.91,2.500,0.00,50.0,0.01
6625.00,6495.16,9434.87,77.91,2.500,0.00,50.0,0.01
6626.00,6497.61,9435.39,77.91,2.500,0.00,50.0,0.01
6627.00,6500.05,9435.91,77.91,2.500,0.00,50.0,0.01
6628.00,6502.49,9436.44,77.91,2.500,0.00,50.0,0.01
6629.00,6504.94,9436.96,77.91,2.500,0.00,50.0,0.01
6630.00,6507.38,9437.49,77.91,2.500,0.00,50.0,0.01
6631.00,6509.83,9438.01,77.91,2.500,0.00,50.0,0.01
6632.00,6512.27,9438.53,77.91,2.500,0.00,50.0,0.01
6633.00,6514.72,9439.06,77.91,2.500,0.00,50.0,0.01
6634.00,6517.16,9439.58,77.91,2.500,0.00,50.0,0.00
6635.00,6519.61,9440.10,77.91,2.500,0.00,50.0,0.00
6636.00,6522.05,9440.63,77.91,2.500,0.00,50.0,0.00
6637.00,6524.50,9441.15,77.91,2.500,0.00,50.0,0.00
6638.00,6526.94,9441.67,77.91,2.500,0.00,50.0,0.00
6639.00,6529.38,9442.20,77.91,2.500,0.00,50.0,0.00
6640.00,6531.83,9442.72,77.91,2.500,0.00,50.0,0.00
6641.00,6534.27,9443.24,77.91,2.500,0.00,50.0,0.00
6642.00,6536.72,9443.77,77.91,2.500,0.00,50.0,0.00
6643.00,6539.16,9444.29,77.91,2.500,0.00,50.0,0.00
6644.00,6541.61,9444.81,77.91,2.500,0.00,50.0,0.00
6645.00,6544.05,9445.34,77.91,2.500,0.00,50.0,0.00
6646.00,6546.50,9445.86,77.91,2.500,0.00,50.0,0.00
6647.00,6548.94,9446.39,77.91,2.500,0.00,50.0,0.00
6648.00,6551.39,9446.91,77.91,2.500,0.00,50.0,0.00
6649.00,6553.83,9447.43,77.91,2.500,0.00,50.0,0.00
6650.00,6556.27,9447.96,77.91,2.500,0.00,50.0,0.00
6651.00,6558.72,9448.48,77.91,2.500,0.00,50.0,0.00
6652.00,6561.16,9449.00,77.91,2.500,0.00,50.0,0.00
6653.00,6563.61,9449.53,77.91,2.500,0.00,50.0,0.00
6654.00,6566.05,9450.05,77.91,2.500,0.00,50.0,0.00
6655.00,6568.50,9450.57,77.91,2.500,0.00,50.0,0.00
6656.00,6570.94,9451.10,77.91,2.500,0.00,50.0,0.00
6657.00,6573.39,9451.62,77.91,2.500,0.00,50.0,0.00
6658.00,6575.83,9452.14,77.91,2.500,0.00,50.0,0.00
6659.00,6578.28,9452.67,77.91,2.500,0.00,50.0,0.00
6660.00,6580.72,9453.19,77.91,2.500,0.00,50.0,0.00
6661.00,6583.17,9453.71,77.91,2.500,0.00,50.0,0.00
6662.00,6585.61,9454.24,77.91,2.500,0.00,50.0,0.00
6663.00,6588.05,9454.76,77.91,2.500,0.00,50.0,0.00
6664.00,6590.50,9455.28,77.91,2.500,0.00,50.0,0.00
6665.00,6592.94,9455.81,77.91,2.500,0.00,50.0,0.00
6666.00,6595.39,9456.33,77.91,2.500,0.00,50.0,0.00
6667.00,6597.83,9456.86,77.91,2.500,0.00,50.0,0.00
6668.00,6600.28,9457.38,77.91,2.500,0.00,50.0,0.00
6669.00,6602.72,9457.90,77.91,2.500,0.00,50.0,0.00
6670.00,6605.17,9458.43,77.91,2.500,0.00,50.0,0.00
6671.00,6607.61,9458.95,77.91,2.500,0.00,50.0,0.00
6672.00,6610.06,9459.47,77.91,2.500,0.00,50.0,0.00
6673.00,6612.50,9460.00,77.91,2.500,0.00,50.0,0.00
6674.00,6614.94,9460.52,77.91,2.500,0.00,50.0,0.00
6675.00,6617.39,9461.04,77.91,2.500,0.00,50.0,0.00
6676.00,6619.83,9461.57,77.91,2.500,0.00,50.0,0.00
6677.00,6622.28,9462.09,77.91,2.500,0.00,50.0,0.00
6678.00,6624.72,9462.61,77.91,2.500,0.00,50.0,0.00
6679.00,6627.17,9463.14,77.91,2.500,0.00,50.0,0.00
6680.00,6629.61,9463.66,77.91,2.500,0.00,50.0,0.00
6681.00,6632.06,9464.18,77.91,2.500,0.00,50.0,0.00
6682.00,6634.50,9464.71,77.91,2.500,0.00,50.0,0.00
6683.00,6636.95,9465.23,77.91,2.500,0.00,50.0,0.00
6684.00,6639.39,9465.75,77.91,2.500,0.00,50.0,0.00
6685.00,6641.84,9466.28,77.91,2.500,0.00,50.0,0.00
6686.00,6644.28,9466.80,77.91,2.500,0.00,50.0,0.00
6687.00,6646.72,9467.32,77.91,2.500,0.00,50.0,0.00
6688.00,6649.17,9467.85,77.91,2.500,0.00,50.0,0.00
6689.00,6651.61,9468.37,77.91,2.500,0.00,50.0,0.00
6690.00,6654.06,9468.89,77.91,2.500,0.00,50.0,0.00
6691.00,6656.50,9469.42,77.91,2.500,0.00,50.0,0.00
6692.00,6658.95,9469.94,77.91,2.500,0.00,50.0,0.00
6693.00,6661.39,9470.47,77.91,2.500,0.00,50.0,0.00
6694.00,6663.84,9470.99,77.91,2.500,0.00,50.0,0.00
6695.00,6666.28,9471.51,77.91,2.500,0.00,50.0,0.00
6696.00,6668.73,9472.04,77.91,2.500,0.00,50.0,0.00
6697.00,6671.17,9472.56,77.91,2.500,0.00,50.0,0.00
6698.00,6673.61,9473.08,77.91,2.500,0.00,50.0,0.00
6699.00,6676.06,9473.61,77.91,2.500,0.00,50.0,0.00
6700.00,6678.50,9474.13,77.91,2.500,0.00,50.0,0.00
6701.00,6680.95,9474.65,77.91,2.500,0.00,50.0,0.00
6702.00,6683.39,9475.18,77.91,2.500,0.00,50.0,0.00
6703.00,6685.84,9475.70,77.91,2.500,0.00,50.0,0.00
6704.00,6688.28,9476.22,77.91,2.500,0.00,50.0,0.00
6705.00,6690.73,9476.75,77.91,2.500,0.00,50.0,0.00
6706.00,6693.17,9477.27,77.91,2.500,0.00,50.0,0.00
6707.00,6695.62,9477.79,77.91,2.500,0.00,50.0,0.00
6708.00,6698.06,9478.32,77.91,2.500,0.00,50.0,0.00
6709.00,6700.51,9478.84,77.91,2.500,0.00,50.0,0.00
6710.00,6702.95,9479.36,77.91,2.500,0.00,50.0,0.00
6711.00,6705.39,9479.89,77.91,2.500,0.00,50.0,0.00
6712.00,6707.84,9480.41,77.91,2.500,0.00,50.0,0.00
6713.00,6710.28,9480.93,77.91,2.500,0.00,50.0,0.00
6714.00,6712.73,9481.46,77.91,2.500,0.00,50.0,0.00
6715.00,6715.17,9481.98,77.91,2.500,0.00,50.0,0.00
6716.00,6717.62,9482.50,77.91,2.500,0.00,50.0,0.00
6717.00,6720.06,9483.03,77.91,2.500,0.00,50.0,0.00
6718.00,6722.51,9483.55,77.91,2.500,0.00,50.0,0.00
6719.00,6724.95,9484.07,77.91,2.500,0.00,50.0,0.00
6720.00,6727.40,9484.60,77.91,2.500,0.00,50.0,0.00
6721.00,6729.84,9485.12,77.91,2.500,0.00,50.0,0.00
6722.00,6732.28,9485.65,77.91,2.500,0.00,50.0,0.00
6723.00,6734.73,9486.17,77.91,2.500,0.00,50.0,0.00
6724.00,6737.17,9486.69,77.91,2.500,0.00,50.0,0.00
6725.00,6739.62,9487.22,77.91,2.500,0.00,50.0,0.00
6726.00,6742.06,9487.74,77.91,2.500,0.00,50.0,0.00
6727.00,6744.51,9488.26,77.91,2.500,0.00,50.0,0.00
6728.00,6746.95,9488.79,77.91,2.500,0.00,50.0,0.00
6729.00,6749.40,9489.31,77.91,2.500,0.00,50.0,0.00
6730.00,6751.84,9489.83,77.91,2.500,0.00,50.0,0.00
6731.00,6754.29,9490.36,77.91,2.500,0.00,50.0,0.00
6732.00,6756.73,9490.88,77.91,2.500,0.00,50.0,0.00
6733.00,6759.18,9491.40,77.91,2.500,0.00,50.0,0.00
6734.00,6761.62,9491.93,77.91,2.500,0.00,50.0,0.00
6735.00,6764.06,9492.45,77.91,2.500,0.00,50.0,0.00
6736.00,6766.51,9492.97,77.91,2.500,0.00,50.0,0.00
6737.00,6768.95,9493.50,77.91,2.500,0.00,50.0,0.00
6738.00,6771.40,9494.02,77.91,2.500,0.00,50.0,0.00
6739.00,6773.84,9494.54,77.91,2.500,0.00,50.0,0.00
6740.00,6776.29,9495.07,77.91,2.500,0.00,50.0,0.00
6741.00,6778.73,9495.59,77.91,2.500,0.00,50.0,0.00
6742.00,6781.18,9496.11,77.91,2.500,0.00,50.0,0.00
6743.00,6783.62,9496.64,77.91,2.500,0.00,50.0,0.00
6744.00,6786.07,9497.16,77.91,2.500,0.00,50.0,0.00
6745.00,6788.51,9497.68,77.92,2.500,5.00,50.0,0.06
6746.00,6790.95,9498.21,77.92,2.500,5.00,50.0,0.11
6747.00,6793.40,9498.73,77.92,2.500,5.00,50.0,0.17
6748.00,6795.84,9499.25,77.92,2.500,5.00,50.0,0.22
6749.00,6798.29,9499.78,77.93,2.500,5.00,50.0,0.27
6750.00,6800.73,9500.30,77.93,2.500,5.00,50.0,0.32
6751.00,6803.18,9500.82,77.94,2.500,5.00,50.0,0.36
6752.00,6805.62,9501.34,77.95,2.500,5.00,50.0,0.41
6753.00,6808.07,9501.87,77.95,2.500,0.00,50.0,0.39
6754.00,6810.51,9502.39,77.96,2.500,0.00,50.0,0.38
6755.00,6812.96,9502.91,77.97,2.500,0.00,50.0,0.37
6756.00,6815.40,9503.43,77.97,2.500,0.00,50.0,0.36
6757.00,6817.85,9503.95,77.98,2.500,0.00,50.0,0.34
6758.00,6820.29,9504.47,77.98,2.500,0.00,50.0,0.33
6759.00,6822.74,9504.99,77.99,2.500,0.00,50.0,0.32
6760.00,6825.18,9505.51,77.99,2.500,0.00,50.0,0.31
6761.00,6827.63,9506.03,78.00,2.500,0.00,50.0,0.30
6762.00,6830.07,9506.55,78.00,2.500,0.00,50.0,0.29
6763.00,6832.52,9507.07,78.01,2.500,0.00,50.0,0.28
6764.00,6834.97,9507.59,78.01,2.500,0.00,50.0,0.27
6765.00,6837.41,9508.11,78.02,2.500,0.00,50.0,0.26
6766.00,6839.86,9508.63,78.02,2.500,0.00,50.0,0.25
6767.00,6842.30,9509.15,78.02,2.500,0.00,50.0,0.24
6768.00,6844.75,9509.67,78.03,2.500,0.00,50.0,0.24
6769.00,6847.19,9510.19,78.03,2.500,0.00,50.0,0.23
6770.00,6849.64,9510.71,78.04,2.500,0.00,50.0,0.22
6771.00,6852.08,9511.22,78.04,2.500,0.00,50.0,0.21
6772.00,6854.53,9511.74,78.04,2.500,0.00,50.0,0.21
6773.00,6856.98,9512.26,78.05,2.500,0.00,50.0,0.20
6774.00,6859.42,9512.78,78.05,2.500,0.00,50.0,0.19
6775.00,6861.87,9513.30,78.05,2.500,0.00,50.0,0.19
6776.00,6864.31,9513.81,78.06,2.500,0.00,50.0,0.18
6777.00,6866.76,9514.33,78.06,2.500,0.00,50.0,0.17
6778.00,6869.21,9514.85,78.06,2.500,0.00,50.0,0.17
6779.00,6871.65,9515.37,78.06,2.500,0.00,50.0,0.16
6780.00,6874.10,9515.88,78.07,2.500,0.00,50.0,0.16
6781.00,6876.54,9516.40,78.07,2.500,0.00,50.0,0.15
6782.00,6878.99,9516.92,78.07,2.500,0.00,50.0,0.15
6783.00,6881.43,9517.43,78.07,2.500,0.00,50.0,0.14
6784.00,6883.88,9517.95,78.08,2.500,0.00,50.0,0.14
6785.00,6886.33,9518.47,78.08,2.500,0.00,50.0,0.13
6786.00,6888.77,9518.98,78.08,2.500,0.00,50.0,0.13
6787.00,6891.22,9519.50,78.08,2.500,0.00,50.0,0.12
6788.00,6893.67,9520.02,78.08,2.500,0.00,50.0,0.12
6789.00,6896.11,9520.53,78.09,2.500,0.00,50.0,0.12
6790.00,6898.56,9521.05,78.09,2.500,0.00,50.0,0.11
6791.00,6901.00,9521.56,78.09,2.500,0.00,50.0,0.11
6792.00,6903.45,9522.08,78.09,2.500,0.00,50.0,0.10
6793.00,6905.90,9522.60,78.09,2.500,0.00,50.0,0.10
6794.00,6908.34,9523.11,78.10,2.500,0.00,50.0,0.10
6795.00,6910.79,9523.63,78.10,2.500,0.00,50.0,0.09
6796.00,6913.23,9524.14,78.10,2.500,0.00,50.0,0.09
6797.00,6915.68,9524.66,78.10,2.500,0.00,50.0,0.09
6798.00,6918.13,9525.17,78.10,2.500,0.00,50.0,0.09
6799.00,6920.57,9525.69,78.10,2.500,0.00,50.0,0.08
6800.00,6923.02,9526.20,78.10,2.500,0.00,50.0,0.08
6801.00,6925.47,9526.72,78.11,2.500,0.00,50.0,0.08
6802.00,6927.91,9527.23,78.11,2.500,0.00,50.0,0.07
6803.00,6930.36,9527.75,78.11,2.500,0.00,50.0,0.07
6804.00,6932.81,9528.27,78.11,2.500,0.00,50.0,0.07
6805.00,6935.25,9528.78,78.11,2.500,0.00,50.0,0.07
6806.00,6937.70,9529.30,78.11,2.500,0.00,50.0,0.07
6807.00,6940.14,9529.81,78.11,2.500,0.00,50.0,0.06
6808.00,6942.59,9530.33,78.11,2.500,0.00,50.0,0.06
6809.00,6945.04,9530.84,78.11,2.500,0.00,50.0,0.06
6810.00,6947.48,9531.36,78.12,2.500,0.00,50.0,0.06
6811.00,6949.93,9531.87,78.12,2.500,0.00,50.0,0.06
6812.00,6952.38,9532.38,78.12,2.500,0.00,50.0,0.05
6813.00,6954.82,9532.90,78.12,2.500,0.00,50.0,0.05
6814.00,6957.27,9533.41,78.12,2.500,0.00,50.0,0.05
6815.00,6959.72,9533.93,78.12,2.500,0.00,50.0,0.05
6816.00,6962.16,9534.44,78.12,2.500,0.00,50.0,0.05
6817.00,6964.61,9534.96,78.12,2.500,0.00,50.0,0.04
6818.00,6967.06,9535.47,78.12,2.500,0.00,50.0,0.04
6819.00,6969.50,9535.99,78.12,2.500,0.00,50.0,0.04
6820.00,6971.95,9536.50,78.12,2.500,0.00,50.0,0.04
6821.00,6974.39,9537.02,78.12,2.500,0.00,50.0,0.04
6822.00,6976.84,9537.53,78.12,2.500,0.00,50.0,0.04
6823.00,6979.29,9538.05,78.13,2.500,0.00,50.0,0.04
6824.00,6981.73,9538.56,78.13,2.500,0.00,50.0,0.04
6825.00,6984.18,9539.07,78.13,2.500,0.00,50.0,0.03
6826.00,6986.63,9539.59,78.13,2.500,0.00,50.0,0.03
6827.00,6989.07,9540.10,78.13,2.500,0.00,50.0,0.03
6828.00,6991.52,9540.62,78.13,2.500,0.00,50.0,0.03
6829.00,6993.97,9541.13,78.13,2.500,0.00,50.0,0.03
6830.00,6996.41,9541.65,78.13,2.500,0.00,50.0,0.03
6831.00,6998.86,9542.16,78.13,2.500,0.00,50.0,0.03
6832.00,7001.31,9542.67,78.13,2.500,0.00,50.0,0.03
6833.00,7003.75,9543.19,78.13,2.500,0.00,50.0,0.03
6834.00,7006.20,9543.70,78.13,2.500,0.00,50.0,0.03
6835.00,7008.65,9544.22,78.13,2.500,0.00,50.0,0.02
6836.00,7011.09,9544.73,78.13,2.500,0.00,50.0,0.02
6837.00,7013.54,9545.25,78.13,2.500,0.00,50.0,0.02
6838.00,7015.99,9545.76,78.13,2.500,0.00,50.0,0.02
6839.00,7018.43,9546.27,78.13,2.500,0.00,50.0,0.02
6840.00,7020.88,9546.79,78.13,2.500,0.00,50.0,0.02
6841.00,7023.33,9547.30,78.13,2.500,0.00,50.0,0.02
6842.00,7025.77,9547.82,78.13,2.500,0.00,50.0,0.02
6843.00,7028.22,9548.33,78.13,2.500,0.00,50.0,0.02
6844.00,7030.66,9548.84,78.13,2.500,0.00,50.0,0.02
6845.00,7033.11,9549.36,78.13,2.500,0.00,50.0,0.02
6846.00,7035.56,9549.87,78.13,2.500,0.00,50.0,0.02
6847.00,7038.00,9550.39,78.13,2.500,0.00,50.0,0.02
6848.00,7040.45,9550.90,78.14,2.500,0.00,50.0,0.02
6849.00,7042.90,9551.41,78.14,2.500,0.00,50.0,0.02
6850.00,7045.34,9551.93,78.14,2.500,0.00,50.0,0.01
6851.00,7047.79,9552.44,78.14,2.500,0.00,50.0,0.01
6852.00,7050.24,9552.96,78.14,2.500,0.00,50.0,0.01
6853.00,7052.68,9553.47,78.14,2.500,0.00,50.0,0.01
6854.00,7055.13,9553.98,78.14,2.500,0.00,50.0,0.01
6855.00,7057.58,9554.50,78.14,2.500,5.00,50.0,0.07
6856.00,7060.02,9555.01,78.14,2.500,5.00,50.0,0.12
6857.00,7062.47,9555.53,78.14,2.500,5.00,50.0,0.18
6858.00,7064.92,9556.04,78.15,2.500,5.00,50.0,0.23
6859.00,7067.36,9556.55,78.15,2.500,5.00,50.0,0.28
6860.00,7069.81,9557.07,78.16,2.500,5.00,50.0,0.33
6861.00,7072.26,9557.58,78.16,2.500,0.00,50.0,0.32
6862.00,7074.70,9558.09,78.17,2.500,0.00,50.0,0.30
6863.00,7077.15,9558.61,78.17,2.500,0.00,50.0,0.29
6864.00,7079.60,9559.12,78.18,2.500,0.00,50.0,0.28
6865.00,7082.05,9559.63,78.18,2.500,0.00,50.0,0.28
6866.00,7084.49,9560.14,78.19,2.500,0.00,50.0,0.27
6867.00,7086.94,9560.65,78.19,2.500,0.00,50.0,0.26
6868.00,7089.39,9561.17,78.19,2.500,0.00,50.0,0.25
6869.00,7091.83,9561.68,78.20,2.500,0.00,50.0,0.24
6870.00,7094.28,9562.19,78.20,2.500,0.00,50.0,0.23
6871.00,7096.73,9562.70,78.21,2.500,0.00,50.0,0.22
6872.00,7099.17,9563.21,78.21,2.500,0.00,50.0,0.22
6873.00,7101.62,9563.72,78.21,2.500,0.00,50.0,0.21
6874.00,7104.07,9564.23,78.22,2.500,0.00,50.0,0.20
6875.00,7106.52,9564.74,78.22,2.500,0.00,50.0,0.20
6876.00,7108.96,9565.25,78.22,2.500,0.00,50.0,0.19
6877.00,7111.41,9565.76,78.23,2.500,0.00,50.0,0.18
6878.00,7113.86,9566.27,78.23,2.500,0.00,50.0,0.18
6879.00,7116.31,9566.78,78.23,2.500,0.00,50.0,0.17
6880.00,7118.75,9567.29,78.23,2.500,0.00,50.0,0.17
6881.00,7121.20,9567.80,78.24,2.500,0.00,50.0,0.16
6882.00,7123.65,9568.31,78.24,2.500,0.00,50.0,0.15
6883.00,7126.10,9568.82,78.24,2.500,0.00,50.0,0.15
6884.00,7128.54,9569.33,78.24,2.500,0.00,50.0,0.14
6885.00,7130.99,9569.84,78.25,2.500,0.00,50.0,0.14
6886.00,7133.44,9570.35,78.25,2.500,0.00,50.0,0.14
6887.00,7135.89,9570.86,78.25,2.500,0.00,50.0,0.13
6888.00,7138.33,9571.37,78.25,2.500,0.00,50.0,0.13
6889.00,7140.78,9571.88,78.26,2.500,0.00,50.0,0.12
6890.00,7143.23,9572.39,78.26,2.500,0.00,50.0,0.12
6891.00,7145.68,9572.90,78.26,2.500,0.00,50.0,0.11
6892.00,7148.12,9573.40,78.26,2.500,0.00,50.0,0.11
6893.00,7150.57,9573.91,78.26,2.500,0.00,50.0,0.11
6894.00,7153.02,9574.42,78.26,2.500,0.00,50.0,0.10
6895.00,7155.47,9574.93,78.27,2.500,0.00,50.0,0.10
6896.00,7157.92,9575.44,78.27,2.500,0.00,50.0,0.10
6897.00,7160.36,9575.95,78.27,2.500,0.00,50.0,0.09
6898.00,7162.81,9576.45,78.27,2.500,0.00,50.0,0.09
6899.00,7165.26,9576.96,78.27,2.500,0.00,50.0,0.09
6900.00,7167.71,9577.47,78.27,2.500,0.00,50.0,0.08
6901.00,7170.15,9577.98,78.28,2.500,0.00,50.0,0.08
6902.00,7172.60,9578.49,78.28,2.500,0.00,50.0,0.08
6903.00,7175.05,9579.00,78.28,2.500,0.00,50.0,0.08
6904.00,7177.50,9579.50,78.28,2.500,0.00,50.0,0.07
6905.00,7179.95,9580.01,78.28,2.500,0.00,50.0,0.07
6906.00,7182.39,9580.52,78.28,2.500,0.00,50.0,0.07
6907.00,7184.84,9581.03,78.28,2.500,0.00,50.0,0.07
6908.00,7187.29,9581.53,78.28,2.500,0.00,50.0,0.06
6909.00,7189.74,9582.04,78.28,2.500,0.00,50.0,0.06
6910.00,7192.19,9582.55,78.29,2.500,0.00,50.0,0.06
6911.00,7194.63,9583.06,78.29,2.500,0.00,50.0,0.06
6912.00,7197.08,9583.56,78.29,2.500,0.00,50.0,0.06
6913.00,7199.53,9584.07,78.29,2.500,0.00,50.0,0.05
6914.00,7201.98,9584.58,78.29,2.500,0.00,50.0,0.05
6915.00,7204.43,9585.09,78.29,2.500,0.00,50.0,0.05
6916.00,7206.87,9585.59,78.29,2.500,0.00,50.0,0.05
6917.00,7209.32,9586.10,78.29,2.500,0.00,50.0,0.05
6918.00,7211.77,9586.61,78.29,2.500,0.00,50.0,0.05
6919.00,7214.22,9587.12,78.29,2.500,0.00,50.0,0.04
6920.00,7216.67,9587.62,78.29,2.500,0.00,50.0,0.04
6921.00,7219.11,9588.13,78.29,2.500,0.00,50.0,0.04
6922.00,7221.56,9588.64,78.30,2.500,0.00,50.0,0.04
6923.00,7224.01,9589.15,78.30,2.500,0.00,50.0,0.04
6924.00,7226.46,9589.65,78.30,2.500,0.00,50.0,0.04
6925.00,7228.91,9590.16,78.30,2.500,0.00,50.0,0.04
6926.00,7231.35,9590.67,78.30,2.500,0.00,50.0,0.03
6927.00,7233.80,9591.17,78.30,2.500,0.00,50.0,0.03
6928.00,7236.25,9591.68,78.30,2.500,0.00,50.0,0.03
6929.00,7238.70,9592.19,78.30,2.500,0.00,50.0,0.03
6930.00,7241.15,9592.69,78.30,2.500,0.00,50.0,0.03
6931.00,7243.59,9593.20,78.30,2.500,0.00,50.0,0.03
6932.00,7246.04,9593.71,78.30,2.500,0.00,50.0,0.03
6933.00,7248.49,9594.22,78.30,2.500,0.00,50.0,0.03
6934.00,7250.94,9594.72,78.30,2.500,0.00,50.0,0.03
6935.00,7253.39,9595.23,78.30,2.500,0.00,50.0,0.03
6936.00,7255.83,9595.74,78.30,2.500,0.00,50.0,0.02
6937.00,7258.28,9596.24,78.30,2.500,0.00,50.0,0.02
6938.00,7260.73,9596.75,78.30,2.500,0.00,50.0,0.02
6939.00,7263.18,9597.26,78.30,2.500,0.00,50.0,0.02
6940.00,7265.63,9597.76,78.30,2.500,5.00,50.0,0.08
6941.00,7268.07,9598.27,78.31,2.500,5.00,50.0,0.13
6942.00,7270.52,9598.78,78.31,2.500,5.00,50.0,0.19
6943.00,7272.97,9599.28,78.31,2.500,5.00,50.0,0.24
6944.00,7275.42,9599.79,78.32,2.500,5.00,50.0,0.29
6945.00,7277.87,9600.30,78.32,2.500,5.00,50.0,0.33
6946.00,7280.32,9600.80,78.33,2.500,5.00,50.0,0.38
6947.00,7282.76,9601.31,78.34,2.500,5.00,50.0,0.42
6948.00,7285.21,9601.81,78.35,2.500,5.00,50.0,0.47
6949.00,7287.66,9602.32,78.35,2.500,0.00,50.0,0.45
6950.00,7290.11,9602.82,78.36,2.500,0.00,50.0,0.44
6951.00,7292.56,9603.33,78.37,2.500,0.00,50.0,0.42
6952.00,7295.01,9603.83,78.37,2.500,0.00,50.0,0.41
6953.00,7297.45,9604.34,78.38,2.500,0.00,50.0,0.39
6954.00,7299.90,9604.84,78.39,2.500,0.00,50.0,0.38
6955.00,7302.35,9605.34,78.39,2.500,0.00,50.0,0.37
6956.00,7304.80,9605.85,78.40,2.500,0.00,50.0,0.36
6957.00,7307.25,9606.35,78.40,2.500,0.00,50.0,0.34
6958.00,7309.70,9606.85,78.41,2.500,0.00,50.0,0.33
6959.00,7312.15,9607.35,78.42,2.500,0.00,50.0,0.32
6960.00,7314.60,9607.85,78.42,2.500,0.00,50.0,0.31
6961.00,7317.05,9608.36,78.43,2.500,0.00,50.0,0.30
6962.00,7319.50,9608.86,78.43,2.500,0.00,50.0,0.29
6963.00,7321.94,9609.36,78.44,2.500,0.00,50.0,0.28
6964.00,7324.39,9609.86,78.44,2.500,0.00,50.0,0.27
6965.00,7326.84,9610.36,78.44,2.500,0.00,50.0,0.26
6966.00,7329.29,9610.86,78.45,2.500,0.00,50.0,0.25
6967.00,7331.74,9611.36,78.45,2.500,0.00,50.0,0.25
6968.00,7334.19,9611.86,78.46,2.500,0.00,50.0,0.24
6969.00,7336.64,9612.36,78.46,2.500,0.00,50.0,0.23
6970.00,7339.09,9612.86,78.46,2.500,0.00,50.0,0.22
6971.00,7341.54,9613.36,78.47,2.500,0.00,50.0,0.21
6972.00,7343.99,9613.86,78.47,2.500,0.00,50.0,0.21
6973.00,7346.44,9614.36,78.47,2.500,0.00,50.0,0.20
6974.00,7348.89,9614.86,78.48,2.500,0.00,50.0,0.19
6975.00,7351.34,9615.36,78.48,2.500,0.00,50.0,0.19
6976.00,7353.79,9615.86,78.48,2.500,0.00,50.0,0.18
6977.00,7356.24,9616.36,78.49,2.500,0.00,50.0,0.17
6978.00,7358.69,9616.86,78.49,2.500,0.00,50.0,0.17
6979.00,7361.14,9617.36,78.49,2.500,0.00,50.0,0.16
6980.00,7363.59,9617.86,78.50,2.500,0.00,50.0,0.16
6981.00,7366.04,9618.36,78.50,2.500,0.00,50.0,0.15
6982.00,7368.49,9618.85,78.50,2.500,0.00,50.0,0.15
6983.00,7370.94,9619.35,78.50,2.500,0.00,50.0,0.14
6984.00,7373.39,9619.85,78.50,2.500,0.00,50.0,0.14
6985.00,7375.84,9620.35,78.51,2.500,0.00,50.0,0.13
6986.00,7378.29,9620.85,78.51,2.500,0.00,50.0,0.13
6987.00,7380.74,9621.35,78.51,2.500,0.00,50.0,0.12
6988.00,7383.19,9621.84,78.51,2.500,0.00,50.0,0.12
6989.00,7385.64,9622.34,78.52,2.500,0.00,50.0,0.12
6990.00,7388.09,9622.84,78.52,2.500,0.00,50.0,0.11
6991.00,7390.54,9623.34,78.52,2.500,0.00,50.0,0.11
6992.00,7392.99,9623.83,78.52,2.500,0.00,50.0,0.11
6993.00,7395.44,9624.33,78.52,2.500,0.00,50.0,0.10
6994.00,7397.89,9624.83,78.52,2.500,0.00,50.0,0.10
6995.00,7400.34,9625.33,78.53,2.500,0.00,50.0,0.09
6996.00,7402.79,9625.82,78.53,2.500,0.00,50.0,0.09
6997.00,7405.24,9626.32,78.53,2.500,0.00,50.0,0.09
6998.00,7407.69,9626.82,78.53,2.500,0.00,50.0,0.09
6999.00,7410.14,9627.32,78.53,2.500,0.00,50.0,0.08
7000.00,7412.59,9627.81,78.53,2.500,0.00,50.0,0.08
7001.00,7415.04,9628.31,78.53,2.500,0.00,50.0,0.08
7002.00,7417.49,9628.81,78.54,2.500,0.00,50.0,0.07
7003.00,7419.94,9629.30,78.54,2.500,0.00,50.0,0.07
7004.00,7422.39,9629.80,78.54,2.500,0.00,50.0,0.07
7005.00,7424.84,9630.30,78.54,2.500,0.00,50.0,0.07
7006.00,7427.29,9630.79,78.54,2.500,0.00,50.0,0.07
7007.00,7429.74,9631.29,78.54,2.500,0.00,50.0,0.06
7008.00,7432.19,9631.79,78.54,2.500,0.00,50.0,0.06
7009.00,7434.64,9632.28,78.54,2.500,0.00,50.0,0.06
7010.00,7437.09,9632.78,78.54,2.500,0.00,50.0,0.06
7011.00,7439.54,9633.28,78.54,2.500,0.00,50.0,0.06
7012.00,7441.99,9633.77,78.55,2.500,0.00,50.0,0.05
7013.00,7444.44,9634.27,78.55,2.500,0.00,50.0,0.05
7014.00,7446.89,9634.77,78.55,2.500,0.00,50.0,0.05
7015.00,7449.34,9635.26,78.55,2.500,0.00,50.0,0.05
7016.00,7451.79,9635.76,78.55,2.500,0.00,50.0,0.05
7017.00,7454.24,9636.26,78.55,2.500,0.00,50.0,0.05
7018.00,7456.69,9636.75,78.55,2.500,0.00,50.0,0.04
7019.00,7459.14,9637.25,78.55,2.500,0.00,50.0,0.04
7020.00,7461.59,9637.74,78.55,2.500,0.00,50.0,0.04
7021.00,7464.04,9638.24,78.55,2.500,0.00,50.0,0.04
7022.00,7466.49,9638.74,78.55,2.500,0.00,50.0,0.04
7023.00,7468.94,9639.23,78.55,2.500,0.00,50.0,0.04
7024.00,7471.39,9639.73,78.55,2.500,0.00,50.0,0.04
7025.00,7473.84,9640.22,78.55,2.500,0.00,50.0,0.03
7026.00,7476.29,9640.72,78.56,2.500,0.00,50.0,0.03
7027.00,7478.74,9641.22,78.56,2.500,0.00,50.0,0.03
7028.00,7481.19,9641.71,78.56,2.500,0.00,50.0,0.03
7029.00,7483.64,9642.21,78.56,2.500,0.00,50.0,0.03
7030.00,7486.09,9642.71,78.56,2.500,0.00,50.0,0.03
7031.00,7488.54,9643.20,78.56,2.500,0.00,50.0,0.03
7032.00,7490.99,9643.70,78.56,2.500,0.00,50.0,0.03
7033.00,7493.44,9644.19,78.56,2.500,0.00,50.0,0.03
7034.00,7495.89,9644.69,78.56,2.500,0.00,50.0,0.03
7035.00,7498.34,9645.18,78.56,2.500,0.00,50.0,0.02
7036.00,7500.79,9645.68,78.56,2.500,0.00,50.0,0.02
7037.00,7503.24,9646.18,78.56,2.500,0.00,50.0,0.02
7038.00,7505.69,9646.67,78.56,2.500,0.00,50.0,0.02
7039.00,7508.14,9647.17,78.56,2.500,0.00,50.0,0.02
7040.00,7510.60,9647.66,78.56,2.500,0.00,50.0,0.02
7041.00,7513.05,9648.16,78.56,2.500,5.00,50.0,0.08
7042.00,7515.50,9648.66,78.56,2.500,5.00,50.0,0.13
7043.00,7517.95,9649.15,78.57,2.500,5.00,50.0,0.18
7044.00,7520.40,9649.65,78.57,2.500,5.00,50.0,0.24
7045.00,7522.85,9650.14,78.58,2.500,5.00,50.0,0.28
7046.00,7525.30,9650.64,78.58,2.500,0.00,50.0,0.28
7047.00,7527.75,9651.13,78.59,2.500,0.00,50.0,0.27
7048.00,7530.20,9651.63,78.59,2.500,0.00,50.0,0.26
7049.00,7532.65,9652.12,78.59,2.500,0.00,50.0,0.25
7050.00,7535.10,9652.62,78.60,2.500,0.00,50.0,0.24
7051.00,7537.55,9653.11,78.60,2.500,0.00,50.0,0.23
7052.00,7540.00,9653.60,78.61,2.500,0.00,50.0,0.22
7053.00,7542.45,9654.10,78.61,2.500,0.00,50.0,0.22
7054.00,7544.90,9654.59,78.61,2.500,0.00,50.0,0.21
7055.00,7547.35,9655.09,78.62,2.500,0.00,50.0,0.20
7056.00,7549.80,9655.58,78.62,2.500,0.00,50.0,0.20
7057.00,7552.26,9656.07,78.62,2.500,0.00,50.0,0.19
7058.00,7554.71,9656.57,78.63,2.500,0.00,50.0,0.18
7059.00,7557.16,9657.06,78.63,2.500,0.00,50.0,0.18
7060.00,7559.61,9657.55,78.63,2.500,0.00,50.0,0.17
7061.00,7562.06,9658.04,78.63,2.500,0.00,50.0,0.17
7062.00,7564.51,9658.54,78.64,2.500,0.00,50.0,0.16
7063.00,7566.96,9659.03,78.64,2.500,0.00,50.0,0.15
7064.00,7569.41,9659.52,78.64,2.500,0.00,50.0,0.15
7065.00,7571.86,9660.01,78.64,2.500,0.00,50.0,0.14
7066.00,7574.31,9660.51,78.65,2.500,0.00,50.0,0.14
7067.00,7576.77,9661.00,78.65,2.500,0.00,50.0,0.14
7068.00,7579.22,9661.49,78.65,2.500,0.00,50.0,0.13
7069.00,7581.67,9661.98,78.65,2.500,0.00,50.0,0.13
7070.00,7584.12,9662.47,78.66,2.500,0.00,50.0,0.12
7071.00,7586.57,9662.97,78.66,2.500,0.00,50.0,0.12
7072.00,7589.02,9663.46,78.66,2.500,0.00,50.0,0.11
7073.00,7591.47,9663.95,78.66,2.500,0.00,50.0,0.11
7074.00,7593.92,9664.44,78.66,2.500,0.00,50.0,0.11
7075.00,7596.37,9664.93,78.66,2.500,0.00,50.0,0.10
7076.00,7598.83,9665.42,78.67,2.500,0.00,50.0,0.10
7077.00,7601.28,9665.92,78.67,2.500,0.00,50.0,0.10
7078.00,7603.73,9666.41,78.67,2.500,0.00,50.0,0.09
7079.00,7606.18,9666.90,78.67,2.500,0.00,50.0,0.09
7080.00,7608.63,9667.39,78.67,2.500,0.00,50.0,0.09
7081.00,7611.08,9667.88,78.67,2.500,0.00,50.0,0.08
7082.00,7613.53,9668.37,78.68,2.500,0.00,50.0,0.08
7083.00,7615.98,9668.86,78.68,2.500,0.00,50.0,0.08
7084.00,7618.44,9669.35,78.68,2.500,0.00,50.0,0.08
7085.00,7620.89,9669.84,78.68,2.500,0.00,50.0,0.07
7086.00,7623.34,9670.33,78.68,2.500,0.00,50.0,0.07
7087.00,7625.79,9670.82,78.68,2.500,0.00,50.0,0.07
7088.00,7628.24,9671.32,78.68,2.500,0.00,50.0,0.07
7089.00,7630.69,9671.81,78.68,2.500,0.00,50.0,0.06
7090.00,7633.14,9672.30,78.68,2.500,0.00,50.0,0.06
7091.00,7635.60,9672.79,78.69,2.500,0.00,50.0,0.06
7092.00,7638.05,9673.28,78.69,2.500,0.00,50.0,0.06
7093.00,7640.50,9673.77,78.69,2.500,0.00,50.0,0.06
7094.00,7642.95,9674.26,78.69,2.500,0.00,50.0,0.05
7095.00,7645.40,9674.75,78.69,2.500,0.00,50.0,0.05
7096.00,7647.85,9675.24,78.69,2.500,0.00,50.0,0.05
7097.00,7650.30,9675.73,78.69,2.500,0.00,50.0,0.05
7098.00,7652.76,9676.22,78.69,2.500,0.00,50.0,0.05
7099.00,7655.21,9676.71,78.69,2.500,0.00,50.0,0.05
7100.00,7657.66,9677.20,78.69,2.500,0.00,50.0,0.04
7101.00,7660.11,9677.69,78.69,2.500,0.00,50.0,0.04
7102.00,7662.56,9678.18,78.69,2.500,0.00,50.0,0.04
7103.00,7665.01,9678.67,78.70,2.500,0.00,50.0,0.04
7104.00,7667.46,9679.16,78.70,2.500,0.00,50.0,0.04
7105.00,7669.92,9679.65,78.70,2.500,0.00,50.0,0.04
7106.00,7672.37,9680.14,78.70,2.500,0.00,50.0,0.04
7107.00,7674.82,9680.63,78.70,2.500,0.00,50.0,0.03
7108.00,7677.27,9681.12,78.70,2.500,0.00,50.0,0.03
7109.00,7679.72,9681.61,78.70,2.500,0.00,50.0,0.03
7110.00,7682.17,9682.10,78.70,2.500,0.00,50.0,0.03
7111.00,7684.63,9682.59,78.70,2.500,0.00,50.0,0.03
7112.00,7687.08,9683.08,78.70,2.500,0.00,50.0,0.03
7113.00,7689.53,9683.57,78.70,2.500,0.00,50.0,0.03
7114.00,7691.98,9684.06,78.70,2.500,0.00,50.0,0.03
7115.00,7694.43,9684.55,78.70,2.500,0.00,50.0,0.03
7116.00,7696.88,9685.04,78.70,2.500,0.00,50.0,0.03
7117.00,7699.33,9685.53,78.70,2.500,0.00,50.0,0.02
7118.00,7701.79,9686.02,78.70,2.500,0.00,50.0,0.02
7119.00,7704.24,9686.51,78.70,2.500,0.00,50.0,0.02
7120.00,7706.69,9687.00,78.70,2.500,0.00,50.0,0.02
7121.00,7709.14,9687.49,78.70,2.500,0.00,50.0,0.02
7122.00,7711.59,9687.98,78.70,2.500,0.00,50.0,0.02
7123.00,7714.04,9688.47,78.70,2.500,0.00,50.0,0.02
7124.00,7716.50,9688.96,78.70,2.500,0.00,50.0,0.02
7125.00,7718.95,9689.45,78.71,2.500,0.00,50.0,0.02
7126.00,7721.40,9689.94,78.71,2.500,0.00,50.0,0.02
7127.00,7723.85,9690.43,78.71,2.500,0.00,50.0,0.02
7128.00,7726.30,9690.92,78.71,2.500,0.00,50.0,0.02
7129.00,7728.75,9691.41,78.71,2.500,0.00,50.0,0.02
7130.00,7731.20,9691.90,78.71,2.500,0.00,50.0,0.02
7131.00,7733.66,9692.38,78.71,2.500,0.00,50.0,0.02
7132.00,7736.11,9692.87,78.71,2.500,0.00,50.0,0.01
7133.00,7738.56,9693.36,78.71,2.500,0.00,50.0,0.01
7134.00,7741.01,9693.85,78.71,2.500,0.00,50.0,0.01
7135.00,7743.46,9694.34,78.71,2.500,0.00,50.0,0.01
7136.00,7745.91,9694.83,78.71,2.500,0.00,50.0,0.01
7137.00,7748.37,9695.32,78.71,2.500,0.00,50.0,0.01
7138.00,7750.82,9695.81,78.71,2.500,0.00,50.0,0.01
7139.00,7753.27,9696.30,78.71,2.500,0.00,50.0,0.01
7140.00,7755.72,9696.79,78.71,2.500,0.00,50.0,0.01
7141.00,7758.17,9697.28,78.71,2.500,0.00,50.0,0.01
7142.00,7760.62,9697.77,78.71,2.500,0.00,50.0,0.01
7143.00,7763.08,9698.26,78.71,2.500,0.00,50.0,0.01
7144.00,7765.53,9698.75,78.71,2.500,0.00,50.0,0.01
7145.00,7767.98,9699.24,78.71,2.500,0.00,50.0,0.01
7146.00,7770.43,9699.73,78.71,2.500,0.00,50.0,0.01
7147.00,7772.88,9700.22,78.71,2.500,0.00,50.0,0.01
7148.00,7775.33,9700.71,78.71,2.500,0.00,50.0,0.01
7149.00,7777.79,9701.20,78.71,2.500,0.00,50.0,0.01
7150.00,7780.24,9701.69,78.71,2.500,0.00,50.0,0.01
7151.00,7782.69,9702.17,78.71,2.500,0.00,50.0,0.01
7152.00,7785.14,9702.66,78.71,2.500,0.00,50.0,0.01
7153.00,7787.59,9703.15,78.71,2.500,0.00,50.0,0.01
7154.00,7790.04,9703.64,78.71,2.500,0.00,50.0,0.01
7155.00,7792.50,9704.13,78.71,2.500,0.00,50.0,0.01
7156.00,7794.95,9704.62,78.71,2.500,0.00,50.0,0.01
7157.00,7797.40,9705.11,78.71,2.500,0.00,50.0,0.01
7158.00,7799.85,9705.60,78.71,2.500,0.00,50.0,0.01
7159.00,7802.30,9706.09,78.71,2.500,0.00,50.0,0.01
7160.00,7804.75,9706.58,78.71,2.500,0.00,50.0,0.01
7161.00,7807.20,9707.07,78.71,2.500,0.00,50.0,0.01
7162.00,7809.66,9707.56,78.71,2.500,0.00,50.0,0.01
7163.00,7812.11,9708.05,78.71,2.500,0.00,50.0,0.01
7164.00,7814.56,9708.54,78.71,2.500,0.00,50.0,0.01
7165.00,7817.01,9709.03,78.71,2.500,0.00,50.0,0.00
7166.00,7819.46,9709.52,78.71,2.500,0.00,50.0,0.00
7167.00,7821.91,9710.00,78.71,2.500,0.00,50.0,0.00
7168.00,7824.37,9710.49,78.71,2.500,0.00,50.0,0.00
7169.00,7826.82,9710.98,78.71,2.500,0.00,50.0,0.00
7170.00,7829.27,9711.47,78.71,2.500,0.00,50.0,0.00
7171.00,7831.72,9711.96,78.71,2.500,0.00,50.0,0.00
7172.00,7834.17,9712.45,78.71,2.500,0.00,50.0,0.00
7173.00,7836.62,9712.94,78.71,2.500,0.00,50.0,0.00
7174.00,7839.08,9713.43,78.71,2.500,0.00,50.0,0.00
7175.00,7841.53,9713.92,78.71,2.500,0.00,50.0,0.00
7176.00,7843.98,9714.41,78.71,2.500,0.00,50.0,0.00
7177.00,7846.43,9714.90,78.71,2.500,0.00,50.0,0.00
7178.00,7848.88,9715.39,78.71,2.500,0.00,50.0,0.00
7179.00,7851.33,9715.88,78.71,2.500,0.00,50.0,0.00
7180.00,7853.79,9716.37,78.71,2.500,0.00,50.0,0.00
7181.00,7856.24,9716.86,78.71,2.500,0.00,50.0,0.00
7182.00,7858.69,9717.34,78.71,2.500,0.00,50.0,0.00
7183.00,7861.14,9717.83,78.71,2.500,0.00,50.0,0.00
7184.00,7863.59,9718.32,78.71,2.500,0.00,50.0,0.00
7185.00,7866.04,9718.81,78.71,2.500,0.00,50.0,0.00
7186.00,7868.50,9719.30,78.71,2.500,0.00,50.0,0.00
7187.00,7870.95,9719.79,78.71,2.500,0.00,50.0,0.00
7188.00,7873.40,9720.28,78.71,2.500,0.00,50.0,0.00
7189.00,7875.85,9720.77,78.71,2.500,0.00,50.0,0.00
7190.00,7878.30,9721.26,78.71,2.500,0.00,50.0,0.00
7191.00,7880.75,9721.75,78.71,2.500,0.00,50.0,0.00
7192.00,7883.21,9722.24,78.71,2.500,0.00,50.0,0.00
7193.00,7885.66,9722.73,78.71,2.500,0.00,50.0,0.00
7194.00,7888.11,9723.22,78.71,2.500,0.00,50.0,0.00
7195.00,7890.56,9723.71,78.71,2.500,0.00,50.0,0.00
7196.00,7893.01,9724.19,78.71,2.500,0.00,50.0,0.00
7197.00,7895.46,9724.68,78.71,2.500,0.00,50.0,0.00
7198.00,7897.92,9725.17,78.71,2.500,0.00,50.0,0.00
7199.00,7900.37,9725.66,78.71,2.500,0.00,50.0,0.00
7200.00,7902.82,9726.15,78.71,2.500,0.00,50.0,0.00
7201.00,7905.27,9726.64,78.71,2.500,0.00,50.0,0.00
7202.00,7907.72,9727.13,78.71,2.500,0.00,50.0,0.00
7203.00,7910.17,9727.62,78.71,2.500,0.00,50.0,0.00
7204.00,7912.63,9728.11,78.71,2.500,0.00,50.0,0.00
7205.00,7915.08,9728.60,78.71,2.500,0.00,50.0,0.00
7206.00,7917.53,9729.09,78.71,2.500,0.00,50.0,0.00
7207.00,7919.98,9729.58,78.71,2.500,0.00,50.0,0.00
7208.00,7922.43,9730.07,78.71,2.500,0.00,50.0,0.00
7209.00,7924.88,9730.56,78.71,2.500,0.00,50.0,0.00
7210.00,7927.34,9731.04,78.71,2.500,0.00,50.0,0.00
7211.00,7929.79,9731.53,78.71,2.500,0.00,50.0,0.00
7212.00,7932.24,9732.02,78.71,2.500,0.00,50.0,0.00
7213.00,7934.69,9732.51,78.71,2.500,0.00,50.0,0.00
7214.00,7937.14,9733.00,78.71,2.500,0.00,50.0,0.00
7215.00,7939.59,9733.49,78.71,2.500,0.00,50.0,0.00
7216.00,7942.05,9733.98,78.71,2.500,0.00,50.0,0.00
7217.00,7944.50,9734.47,78.71,2.500,0.00,50.0,0.00
7218.00,7946.95,9734.96,78.71,2.500,0.00,50.0,0.00
7219.00,7949.40,9735.45,78.71,2.500,0.00,50.0,0.00
7220.00,7951.85,9735.94,78.71,2.500,0.00,50.0,0.00
7221.00,7954.30,9736.43,78.71,2.500,0.00,50.0,0.00
7222.00,7956.76,9736.92,78.71,2.500,0.00,50.0,0.00
7223.00,7959.21,9737.41,78.71,2.500,0.00,50.0,0.00
7224.00,7961.66,9737.89,78.71,2.500,0.00,50.0,0.00
7225.00,7964.11,9738.38,78.71,2.500,0.00,50.0,0.00
7226.00,7966.56,9738.87,78.71,2.500,0.00,50.0,0.00
7227.00,7969.01,9739.36,78.71,2.500,-35.00,50.0,-0.40
7228.00,7971.47,9739.85,78.69,2.500,-35.00,50.0,-0.79
7229.00,7973.92,9740.34,78.67,2.500,-35.00,50.0,-1.16
7230.00,7976.37,9740.83,78.65,2.500,-35.00,50.0,-1.52
7231.00,7978.82,9741.33,78.62,2.500,-35.00,50.0,-1.87
7232.00,7981.27,9741.82,78.58,2.500,-35.00,50.0,-2.21
7233.00,7983.72,9742.31,78.54,2.500,-35.00,50.0,-2.53
7234.00,7986.17,9742.81,78.49,2.500,-35.00,50.0,-2.85
7235.00,7988.62,9743.31,78.44,2.500,-35.00,50.0,-3.16
7236.00,7991.07,9743.81,78.38,2.500,-35.00,50.0,-3.45
7237.00,7993.52,9744.31,78.32,2.500,-35.00,50.0,-3.73
7238.00,7995.97,9744.82,78.25,2.500,-35.00,50.0,-4.01
7239.00,7998.41,9745.33,78.18,2.500,-35.00,50.0,-4.28
7240.00,8000.86,9745.84,78.11,2.500,-35.00,50.0,-4.53
7241.00,8003.31,9746.36,78.03,2.500,-35.00,50.0,-4.78
7242.00,8005.75,9746.87,77.94,2.500,-35.00,50.0,-5.02
7243.00,8008.20,9747.40,77.85,2.500,-35.00,50.0,-5.26
7244.00,8010.64,9747.92,77.76,2.500,-35.00,50.0,-5.48
7245.00,8013.09,9748.45,77.67,2.500,-35.00,50.0,-5.70
7246.00,8015.53,9748.99,77.57,2.500,-35.00,50.0,-5.91
7247.00,8017.97,9749.52,77.47,2.500,-35.00,50.0,-6.11
7248.00,8020.41,9750.07,77.36,2.500,-35.00,50.0,-6.31
7249.00,8022.85,9750.61,77.25,2.500,-35.00,50.0,-6.50
7250.00,8025.29,9751.17,77.14,2.500,-35.00,50.0,-6.68
7251.00,8027.72,9751.72,77.03,2.500,-35.00,50.0,-6.86
7252.00,8030.16,9752.28,76.91,2.500,-35.00,50.0,-7.03
7253.00,8032.60,9752.85,76.79,2.500,-35.00,50.0,-7.20
7254.00,8035.03,9753.42,76.67,2.500,-35.00,50.0,-7.36
7255.00,8037.46,9754.00,76.54,2.500,-35.00,50.0,-7.51
7256.00,8039.89,9754.58,76.42,2.500,-35.00,50.0,-7.66
7257.00,8042.32,9755.17,76.29,2.500,-35.00,50.0,-7.80
7258.00,8044.75,9755.76,76.15,2.500,-35.00,50.0,-7.94
7259.00,8047.18,9756.36,76.02,2.500,-35.00,50.0,-8.08
7260.00,8049.61,9756.96,75.88,2.500,-35.00,50.0,-8.21
7261.00,8052.03,9757.57,75.74,2.500,-35.00,50.0,-8.34
7262.00,8054.45,9758.19,75.60,2.500,-35.00,50.0,-8.46
7263.00,8056.88,9758.81,75.46,2.500,-35.00,50.0,-8.58
7264.00,8059.30,9759.44,75.31,2.500,-35.00,50.0,-8.69
7265.00,8061.71,9760.07,75.17,2.500,-35.00,50.0,-8.80
7266.00,8064.13,9760.71,75.02,2.500,-35.00,50.0,-8.91
7267.00,8066.55,9761.36,74.87,2.500,-35.00,50.0,-9.01
7268.00,8068.96,9762.01,74.72,2.500,-35.00,50.0,-9.11
7269.00,8071.37,9762.67,74.56,2.500,-35.00,50.0,-9.21
7270.00,8073.78,9763.33,74.41,2.500,-35.00,50.0,-9.30
7271.00,8076.19,9764.00,74.25,2.500,-35.00,50.0,-9.39
7272.00,8078.59,9764.68,74.09,2.500,-35.00,50.0,-9.48
7273.00,8081.00,9765.37,73.94,2.500,-35.00,50.0,-9.56
7274.00,8083.40,9766.06,73.77,2.500,-35.00,50.0,-9.64
7275.00,8085.80,9766.76,73.61,2.500,-35.00,50.0,-9.72
7276.00,8088.20,9767.46,73.45,2.500,-35.00,50.0,-9.80
7277.00,8090.60,9768.18,73.28,2.500,-35.00,50.0,-9.87
7278.00,8092.99,9768.89,73.12,2.500,-35.00,50.0,-9.94
7279.00,8095.38,9769.62,72.95,2.500,-35.00,50.0,-10.01
7280.00,8097.77,9770.35,72.78,2.500,-35.00,50.0,-10.08
7281.00,8100.16,9771.09,72.62,2.500,-35.00,50.0,-10.14
7282.00,8102.55,9771.84,72.45,2.500,-35.00,50.0,-10.20
7283.00,8104.93,9772.59,72.27,2.500,-35.00,50.0,-10.26
7284.00,8107.31,9773.36,72.10,2.500,-35.00,50.0,-10.32
7285.00,8109.69,9774.12,71.93,2.500,-35.00,50.0,-10.38
7286.00,8112.07,9774.90,71.76,2.500,-35.00,50.0,-10.43
7287.00,8114.44,9775.68,71.58,2.500,-35.00,50.0,-10.48
7288.00,8116.81,9776.47,71.41,2.500,-35.00,50.0,-10.53
7289.00,8119.18,9777.27,71.23,2.500,-35.00,50.0,-10.58
7290.00,8121.55,9778.07,71.05,2.500,-35.00,50.0,-10.63
7291.00,8123.91,9778.89,70.87,2.500,-35.00,50.0,-10.68
7292.00,8126.28,9779.70,70.70,2.500,-35.00,50.0,-10.72
7293.00,8128.64,9780.53,70.52,2.500,-35.00,50.0,-10.76
7294.00,8130.99,9781.36,70.34,2.500,-35.00,50.0,-10.80
7295.00,8133.35,9782.21,70.16,2.500,-35.00,50.0,-10.84
7296.00,8135.70,9783.05,69.97,2.500,-35.00,50.0,-10.88
7297.00,8138.05,9783.91,69.79,2.500,-35.00,50.0,-10.92
7298.00,8140.39,9784.77,69.61,2.500,-35.00,50.0,-10.95
7299.00,8142.74,9785.65,69.43,2.500,-35.00,50.0,-10.99
7300.00,8145.08,9786.52,69.24,2.500,-35.00,50.0,-11.02
7301.00,8147.42,9787.41,69.06,2.500,-35.00,50.0,-11.06
7302.00,8149.75,9788.30,68.87,2.500,-35.00,50.0,-11.09
7303.00,8152.08,9789.20,68.69,2.500,-35.00,50.0,-11.12
7304.00,8154.41,9790.11,68.50,2.500,-35.00,50.0,-11.15
7305.00,8156.74,9791.03,68.32,2.500,-35.00,50.0,-11.18
7306.00,8159.06,9791.95,68.13,2.500,-35.00,50.0,-11.20
7307.00,8161.38,9792.88,67.94,2.500,-35.00,50.0,-11.23
7308.00,8163.70,9793.82,67.75,2.500,-35.00,50.0,-11.26
7309.00,8166.01,9794.77,67.57,2.500,-35.00,50.0,-11.28
7310.00,8168.32,9795.72,67.38,2.500,-35.00,50.0,-11.30
7311.00,8170.63,9796.69,67.19,2.500,-35.00,50.0,-11.33
7312.00,8172.93,9797.65,67.00,2.500,-35.00,50.0,-11.35
7313.00,8175.24,9798.63,66.81,2.500,-35.00,50.0,-11.37
7314.00,8177.53,9799.62,66.62,2.500,-35.00,50.0,-11.39
7315.00,8179.83,9800.61,66.43,2.500,-35.00,50.0,-11.41
7316.00,8182.12,9801.61,66.24,2.500,-35.00,50.0,-11.43
7317.00,8184.41,9802.61,66.05,2.500,-35.00,50.0,-11.45
7318.00,8186.69,9803.63,65.86,2.500,-35.00,50.0,-11.47
7319.00,8188.97,9804.65,65.67,2.500,-35.00,50.0,-11.49
7320.00,8191.25,9805.68,65.47,2.500,-35.00,50.0,-11.50
7321.00,8193.53,9806.72,65.28,2.500,-35.00,50.0,-11.52
7322.00,8195.80,9807.77,65.09,2.500,-35.00,50.0,-11.54
7323.00,8198.06,9808.82,64.90,2.500,-35.00,50.0,-11.55
7324.00,8200.33,9809.88,64.71,2.500,-35.00,50.0,-11.57
7325.00,8202.59,9810.95,64.51,2.500,-35.00,50.0,-11.58
7326.00,8204.85,9812.02,64.32,2.500,-35.00,50.0,-11.60
7327.00,8207.10,9813.11,64.13,2.500,-35.00,50.0,-11.61
7328.00,8209.35,9814.20,63.93,2.500,-35.00,50.0,-11.62
7329.00,8211.59,9815.30,63.74,2.500,-35.00,50.0,-11.63
7330.00,8213.84,9816.40,63.54,2.500,-35.00,50.0,-11.65
7331.00,8216.07,9817.52,63.35,2.500,-35.00,50.0,-11.66
7332.00,8218.31,9818.64,63.15,2.500,-35.00,50.0,-11.67
7333.00,8220.54,9819.77,62.96,2.500,-35.00,50.0,-11.68
7334.00,8222.77,9820.90,62.77,2.500,-35.00,50.0,-11.69
7335.00,8224.99,9822.05,62.57,2.500,-35.00,50.0,-11.70
7336.00,8227.21,9823.20,62.38,2.500,-35.00,50.0,-11.71
7337.00,8229.42,9824.36,62.18,2.500,-35.00,50.0,-11.72
7338.00,8231.63,9825.52,61.98,2.500,-35.00,50.0,-11.73
7339.00,8233.84,9826.70,61.79,2.500,-35.00,50.0,-11.74
7340.00,8236.04,9827.88,61.59,2.500,-35.00,50.0,-11.75
7341.00,8238.24,9829.07,61.40,2.500,-35.00,50.0,-11.76
7342.00,8240.44,9830.27,61.20,2.500,-35.00,50.0,-11.76
7343.00,8242.63,9831.47,61.00,2.500,-35.00,50.0,-11.77
7344.00,8244.81,9832.68,60.81,2.500,-35.00,50.0,-11.78
7345.00,8247.00,9833.90,60.61,2.500,-35.00,50.0,-11.79
7346.00,8249.18,9835.13,60.42,2.500,-35.00,50.0,-11.79
7347.00,8251.35,9836.36,60.22,2.500,-35.00,50.0,-11.80
7348.00,8253.52,9837.61,60.02,2.500,-35.00,50.0,-11.81
7349.00,8255.68,9838.85,59.82,2.500,-35.00,50.0,-11.81
7350.00,8257.85,9840.11,59.63,2.500,-35.00,50.0,-11.82
7351.00,8260.00,9841.38,59.43,2.500,-35.00,50.0,-11.83
7352.00,8262.16,9842.65,59.23,2.500,-35.00,50.0,-11.83
7353.00,8264.30,9843.93,59.04,2.500,-35.00,50.0,-11.84
7354.00,8266.45,9845.21,58.84,2.500,-35.00,50.0,-11.84
7355.00,8268.59,9846.51,58.64,2.500,-35.00,50.0,-11.85
7356.00,8270.72,9847.81,58.44,2.500,-35.00,50.0,-11.85
7357.00,8272.85,9849.11,58.25,2.500,-35.00,50.0,-11.86
7358.00,8274.98,9850.43,58.05,2.500,-35.00,50.0,-11.86
7359.00,8277.10,9851.75,57.85,2.500,-35.00,50.0,-11.87
7360.00,8279.22,9853.08,57.65,2.500,-35.00,50.0,-11.87
7361.00,8281.33,9854.42,57.45,2.500,-35.00,50.0,-11.88
7362.00,8283.43,9855.77,57.26,2.500,-35.00,50.0,-11.88
7363.00,8285.54,9857.12,57.06,2.500,-35.00,50.0,-11.88
7364.00,8287.64,9858.48,56.86,2.500,-35.00,50.0,-11.89
7365.00,8289.73,9859.84,56.66,2.500,-35.00,50.0,-11.89
7366.00,8291.82,9861.22,56.46,2.500,-35.00,50.0,-11.90
7367.00,8293.90,9862.60,56.27,2.500,-35.00,50.0,-11.90
7368.00,8295.98,9863.99,56.07,2.500,-35.00,50.0,-11.90
7369.00,8298.05,9865.38,55.87,2.500,-35.00,50.0,-11.91
7370.00,8300.12,9866.79,55.67,2.500,-35.00,50.0,-11.91
7371.00,8302.19,9868.20,55.47,2.500,-35.00,50.0,-11.91
7372.00,8304.25,9869.61,55.27,2.500,-35.00,50.0,-11.91
7373.00,8306.30,9871.04,55.07,2.500,-35.00,50.0,-11.92
7374.00,8308.35,9872.47,54.88,2.500,-35.00,50.0,-11.92
7375.00,8310.40,9873.91,54.68,2.500,-35.00,50.0,-11.92
7376.00,8312.44,9875.35,54.48,2.500,-35.00,50.0,-11.93
7377.00,8314.47,9876.80,54.28,2.500,-35.00,50.0,-11.93
7378.00,8316.50,9878.26,54.08,2.500,-35.00,50.0,-11.93
7379.00,8318.53,9879.73,53.88,2.500,-35.00,50.0,-11.93
7380.00,8320.55,9881.20,53.68,2.500,-35.00,50.0,-11.94
7381.00,8322.56,9882.69,53.48,2.500,-35.00,50.0,-11.94
7382.00,8324.57,9884.17,53.29,2.500,-35.00,50.0,-11.94
7383.00,8326.57,9885.67,53.09,2.500,-35.00,50.0,-11.94
7384.00,8328.57,9887.17,52.89,2.500,-35.00,50.0,-11.94
7385.00,8330.57,9888.68,52.69,2.500,-35.00,50.0,-11.95
7386.00,8332.55,9890.19,52.49,2.500,-35.00,50.0,-11.95
7387.00,8334.54,9891.72,52.29,2.500,-35.00,50.0,-11.95
7388.00,8336.51,9893.24,52.09,2.500,-35.00,50.0,-11.95
7389.00,8338.49,9894.78,51.89,2.500,-35.00,50.0,-11.95
7390.00,8340.45,9896.32,51.69,2.500,-35.00,50.0,-11.95
7391.00,8342.42,9897.87,51.49,2.500,-35.00,50.0,-11.96
7392.00,8344.37,9899.43,51.29,2.500,-35.00,50.0,-11.96
7393.00,8346.32,9900.99,51.09,2.500,-35.00,50.0,-11.96
7394.00,8348.27,9902.56,50.89,2.500,-35.00,50.0,-11.96
7395.00,8350.21,9904.14,50.70,2.500,-35.00,50.0,-11.96
7396.00,8352.14,9905.72,50.50,2.500,-35.00,50.0,-11.96
7397.00,8354.07,9907.31,50.30,2.500,-35.00,50.0,-11.96
7398.00,8356.00,9908.91,50.10,2.500,-35.00,50.0,-11.96
7399.00,8357.91,9910.51,49.90,2.500,-35.00,50.0,-11.97
7400.00,8359.83,9912.12,49.70,2.500,-35.00,50.0,-11.97
7401.00,8361.73,9913.74,49.50,2.500,-35.00,50.0,-11.97
7402.00,8363.63,9915.37,49.30,2.500,-35.00,50.0,-11.97
7403.00,8365.53,9917.00,49.10,2.500,-35.00,50.0,-11.97
7404.00,8367.42,9918.63,48.90,2.500,-35.00,50.0,-11.97
7405.00,8369.30,9920.28,48.70,2.500,-35.00,50.0,-11.97
7406.00,8371.18,9921.93,48.50,2.500,-35.00,50.0,-11.97
7407.00,8373.05,9923.58,48.30,2.500,-35.00,50.0,-11.97
7408.00,8374.92,9925.25,48.10,2.500,-35.00,50.0,-11.97
7409.00,8376.78,9926.92,47.90,2.500,-35.00,50.0,-11.98
7410.00,8378.64,9928.59,47.70,2.500,-35.00,50.0,-11.98
7411.00,8380.48,9930.27,47.50,2.500,-35.00,50.0,-11.98
7412.00,8382.33,9931.96,47.30,2.500,-35.00,50.0,-11.98
7413.00,8384.17,9933.66,47.10,2.500,-35.00,50.0,-11.98
7414.00,8386.00,9935.36,46.90,2.500,-35.00,50.0,-11.98
7415.00,8387.82,9937.07,46.70,2.500,-35.00,50.0,-11.98
7416.00,8389.64,9938.78,46.51,2.500,-35.00,50.0,-11.98
7417.00,8391.46,9940.50,46.31,2.500,-35.00,50.0,-11.98
7418.00,8393.26,9942.23,46.11,2.500,-35.00,50.0,-11.98
7419.00,8395.06,9943.96,45.91,2.500,-35.00,50.0,-11.98
7420.00,8396.86,9945.70,45.71,2.500,-35.00,50.0,-11.98
7421.00,8398.65,9947.45,45.51,2.500,-35.00,50.0,-11.98
7422.00,8400.43,9949.20,45.31,2.500,-35.00,50.0,-11.98
7423.00,8402.21,9950.96,45.11,2.500,-35.00,50.0,-11.98
7424.00,8403.98,9952.72,44.91,2.500,-35.00,50.0,-11.99
7425.00,8405.75,9954.49,44.71,2.500,-35.00,50.0,-11.99
7426.00,8407.50,9956.27,44.51,2.500,-35.00,50.0,-11.99
7427.00,8409.26,9958.05,44.31,2.500,-35.00,50.0,-11.99
7428.00,8411.00,9959.84,44.11,2.500,-35.00,50.0,-11.99
7429.00,8412.74,9961.64,43.91,2.500,-35.00,50.0,-11.99
7430.00,8414.48,9963.44,43.71,2.500,-35.00,50.0,-11.99
7431.00,8416.20,9965.25,43.51,2.500,-35.00,50.0,-11.99
7432.00,8417.93,9967.06,43.31,2.500,-35.00,50.0,-11.99
7433.00,8419.64,9968.88,43.11,2.500,-35.00,50.0,-11.99
7434.00,8421.35,9970.70,42.91,2.500,-35.00,50.0,-11.99
7435.00,8423.05,9972.53,42.71,2.500,-35.00,50.0,-11.99
7436.00,8424.75,9974.37,42.51,2.500,-35.00,50.0,-11.99
7437.00,8426.44,9976.21,42.31,2.500,-35.00,50.0,-11.99
7438.00,8428.12,9978.06,42.11,2.500,-35.00,50.0,-11.99
7439.00,8429.80,9979.92,41.91,2.500,-35.00,50.0,-11.99
7440.00,8431.47,9981.78,41.71,2.500,-35.00,50.0,-11.99
7441.00,8433.13,9983.64,41.51,2.500,-35.00,50.0,-11.99
7442.00,8434.79,9985.52,41.31,2.500,-35.00,50.0,-11.99
7443.00,8436.44,9987.39,41.11,2.500,-35.00,50.0,-11.99
7444.00,8438.08,9989.28,40.91,2.500,-35.00,50.0,-11.99
7445.00,8439.72,9991.17,40.71,2.500,-35.00,50.0,-11.99
7446.00,8441.35,9993.06,40.51,2.500,-35.00,50.0,-11.99
7447.00,8442.97,9994.96,40.31,2.500,-35.00,50.0,-11.99
7448.00,8444.59,9996.87,40.11,2.500,-35.00,50.0,-11.99
7449.00,8446.20,9998.78,39.91,2.500,-35.00,50.0,-11.99
7450.00,8447.80,10000.70,39.71,2.500,-35.00,50.0,-11.99
7451.00,8449.40,10002.62,39.51,2.500,-35.00,50.0,-11.99
7452.00,8450.99,10004.55,39.31,2.500,-35.00,50.0,-11.99
7453.00,8452.58,10006.49,39.11,2.500,-35.00,50.0,-11.99
7454.00,8454.15,10008.43,38.91,2.500,-35.00,50.0,-11.99
7455.00,8455.72,10010.37,38.71,2.500,-35.00,50.0,-11.99
7456.00,8457.29,10012.32,38.51,2.500,-35.00,50.0,-12.00
7457.00,8458.84,10014.28,38.31,2.500,-35.00,50.0,-12.00
7458.00,8460.39,10016.24,38.11,2.500,-35.00,50.0,-12.00
7459.00,8461.94,10018.21,37.91,2.500,-35.00,50.0,-12.00
7460.00,8463.47,10020.18,37.71,2.500,-35.00,50.0,-12.00
7461.00,8465.00,10022.16,37.51,2.500,-35.00,50.0,-12.00
7462.00,8466.52,10024.14,37.31,2.500,-35.00,50.0,-12.00
7463.00,8468.04,10026.13,37.11,2.500,-35.00,50.0,-12.00
7464.00,8469.55,10028.12,36.91,2.500,-35.00,50.0,-12.00
7465.00,8471.05,10030.12,36.71,2.500,-35.00,50.0,-12.00
7466.00,8472.54,10032.12,36.51,2.500,-35.00,50.0,-12.00
7467.00,8474.03,10034.13,36.31,2.500,-35.00,50.0,-12.00
7468.00,8475.51,10036.15,36.11,2.500,-35.00,50.0,-12.00
7469.00,8476.98,10038.17,35.91,2.500,-35.00,50.0,-12.00
7470.00,8478.45,10040.19,35.71,2.500,-35.00,50.0,-12.00
7471.00,8479.91,10042.22,35.51,2.500,-35.00,50.0,-12.00
7472.00,8481.36,10044.26,35.31,2.500,-35.00,50.0,-12.00
7473.00,8482.81,10046.30,35.11,2.500,-35.00,50.0,-12.00
7474.00,8484.25,10048.34,34.91,2.500,-35.00,50.0,-12.00
7475.00,8485.68,10050.39,34.71,2.500,-35.00,50.0,-12.00
7476.00,8487.10,10052.45,34.51,2.500,-35.00,50.0,-12.00
7477.00,8488.52,10054.51,34.31,2.500,-35.00,50.0,-12.00
7478.00,8489.93,10056.57,34.11,2.500,-35.00,50.0,-12.00
7479.00,8491.33,10058.64,33.91,2.500,-35.00,50.0,-12.00
7480.00,8492.72,10060.72,33.71,2.500,-35.00,50.0,-12.00
7481.00,8494.11,10062.80,33.51,2.500,-35.00,50.0,-12.00
7482.00,8495.49,10064.88,33.31,2.500,-35.00,50.0,-12.00
7483.00,8496.86,10066.97,33.11,2.500,-35.00,50.0,-12.00
7484.00,8498.23,10069.06,32.91,2.500,-35.00,50.0,-12.00
7485.00,8499.59,10071.16,32.71,2.500,-35.00,50.0,-12.00
7486.00,8500.94,10073.27,32.51,2.500,-35.00,50.0,-12.00
7487.00,8502.28,10075.37,32.31,2.500,-35.00,50.0,-12.00
7488.00,8503.62,10077.49,32.11,2.500,-35.00,50.0,-12.00
7489.00,8504.95,10079.60,31.91,2.500,-35.00,50.0,-12.00
7490.00,8506.27,10081.73,31.71,2.500,-35.00,50.0,-12.00
7491.00,8507.58,10083.85,31.51,2.500,-35.00,50.0,-12.00
7492.00,8508.89,10085.98,31.31,2.500,-35.00,50.0,-12.00
7493.00,8510.19,10088.12,31.11,2.500,-35.00,50.0,-12.00
7494.00,8511.48,10090.26,30.91,2.500,-35.00,50.0,-12.00
7495.00,8512.77,10092.41,30.71,2.500,-35.00,50.0,-12.00
7496.00,8514.04,10094.56,30.51,2.500,-35.00,50.0,-12.00
7497.00,8515.31,10096.71,30.31,2.500,-35.00,50.0,-12.00
7498.00,8516.58,10098.88,30.11,2.510,-30.00,60.0,-11.94
7499.00,8517.84,10101.06,29.92,2.520,-30.00,60.0,-11.89
7500.00,8519.11,10103.25,29.72,2.529,-30.00,60.0,-11.83
7501.00,8520.36,10105.45,29.52,2.539,-30.00,60.0,-11.78
7502.00,8521.62,10107.67,29.33,2.548,-30.00,60.0,-11.73
7503.00,8522.87,10109.90,29.13,2.557,-30.00,60.0,-11.68
7504.00,8524.12,10112.14,28.94,2.566,-30.00,60.0,-11.64
7505.00,8525.37,10114.39,28.75,2.575,-30.00,60.0,-11.59
7506.00,8526.61,10116.67,28.55,2.593,-25.00,70.0,-11.49
7507.00,8527.86,10118.96,28.36,2.611,-25.00,70.0,-11.39
7508.00,8529.11,10121.27,28.18,2.629,-25.00,70.0,-11.30
7509.00,8530.36,10123.61,27.99,2.646,-25.00,70.0,-11.21
7510.00,8531.61,10125.96,27.80,2.664,-25.00,70.0,-11.12
7511.00,8532.86,10128.32,27.62,2.670,-20.00,60.0,-10.98
7512.00,8534.10,10130.69,27.44,2.677,-20.00,60.0,-10.84
7513.00,8535.33,10133.07,27.26,2.683,-20.00,60.0,-10.71
7514.00,8536.57,10135.47,27.09,2.690,-20.00,60.0,-10.58
7515.00,8537.79,10137.87,26.91,2.696,-20.00,60.0,-10.46
7516.00,8539.02,10140.27,26.74,2.702,-20.00,60.0,-10.34
7517.00,8540.23,10142.69,26.57,2.708,-20.00,60.0,-10.22
7518.00,8541.44,10145.11,26.40,2.704,-15.00,50.0,-10.05
7519.00,8542.64,10147.53,26.24,2.700,-15.00,50.0,-9.89
7520.00,8543.84,10149.95,26.07,2.696,-15.00,50.0,-9.73
7521.00,8545.02,10152.37,25.91,2.692,-15.00,50.0,-9.58
7522.00,8546.19,10154.78,25.76,2.688,-15.00,50.0,-9.43
7523.00,8547.36,10157.20,25.60,2.684,-15.00,50.0,-9.29
7524.00,8548.52,10159.62,25.45,2.680,-10.00,50.0,-9.09
7525.00,8549.67,10162.03,25.30,2.677,-10.00,50.0,-8.90
7526.00,8550.81,10164.45,25.16,2.673,-10.00,50.0,-8.72
7527.00,8551.95,10166.87,25.01,2.670,-10.00,50.0,-8.54
7528.00,8553.07,10169.28,24.88,2.666,-10.00,50.0,-8.37
7529.00,8554.19,10171.70,24.74,2.663,-5.00,50.0,-8.15
7530.00,8555.31,10174.12,24.61,2.660,-5.00,50.0,-7.94
7531.00,8556.41,10176.53,24.48,2.657,-5.00,50.0,-7.73
7532.00,8557.51,10178.95,24.35,2.654,-5.00,50.0,-7.53
7533.00,8558.61,10181.36,24.23,2.650,-5.00,50.0,-7.33
7534.00,8559.69,10183.78,24.11,2.647,-5.00,50.0,-7.15
7535.00,8560.77,10186.19,24.00,2.645,0.00,50.0,-6.91
7536.00,8561.85,10188.60,23.89,2.642,0.00,50.0,-6.68
7537.00,8562.92,10191.02,23.78,2.639,0.00,50.0,-6.46
7538.00,8563.98,10193.43,23.67,2.636,0.00,50.0,-6.24
7539.00,8565.04,10195.84,23.57,2.633,0.00,50.0,-6.03
7540.00,8566.09,10198.25,23.48,2.631,0.00,50.0,-5.83
7541.00,8567.13,10200.66,23.38,2.628,0.00,50.0,-5.64
7542.00,8568.18,10203.07,23.29,2.625,0.00,50.0,-5.45
7543.00,8569.21,10205.48,23.20,2.623,0.00,50.0,-5.27
7544.00,8570.25,10207.89,23.12,2.620,0.00,50.0,-5.09
7545.00,8571.27,10210.30,23.04,2.618,0.00,50.0,-4.92
7546.00,8572.30,10212.70,22.96,2.616,0.00,50.0,-4.76
7547.00,8573.32,10215.11,22.88,2.613,0.00,50.0,-4.60
7548.00,8574.33,10217.52,22.81,2.611,0.00,50.0,-4.45
7549.00,8575.34,10219.92,22.73,2.609,0.00,50.0,-4.30
7550.00,8576.35,10222.33,22.67,2.607,0.00,50.0,-4.15
7551.00,8577.35,10224.73,22.60,2.605,0.00,50.0,-4.02
7552.00,8578.35,10227.13,22.53,2.603,0.00,50.0,-3.88
7553.00,8579.35,10229.53,22.47,2.600,0.00,50.0,-3.75
7554.00,8580.34,10231.93,22.41,2.598,0.00,50.0,-3.63
7555.00,8581.33,10234.33,22.35,2.596,0.00,50.0,-3.51
7556.00,8582.32,10236.73,22.30,2.595,0.00,50.0,-3.39
7557.00,8583.30,10239.13,22.24,2.593,0.00,50.0,-3.28
7558.00,8584.29,10241.53,22.19,2.591,0.00,50.0,-3.17
7559.00,8585.26,10243.93,22.14,2.589,0.00,50.0,-3.06
7560.00,8586.24,10246.33,22.09,2.587,0.00,50.0,-2.96
7561.00,8587.21,10248.72,22.04,2.585,0.00,50.0,-2.86
7562.00,8588.18,10251.12,21.99,2.584,0.00,50.0,-2.77
7563.00,8589.15,10253.51,21.95,2.582,0.00,50.0,-2.67
7564.00,8590.11,10255.90,21.91,2.580,0.00,50.0,-2.58
7565.00,8591.07,10258.30,21.86,2.579,0.00,50.0,-2.50
7566.00,8592.03,10260.69,21.82,2.577,0.00,50.0,-2.42
7567.00,8592.99,10263.08,21.79,2.576,0.00,50.0,-2.33
7568.00,8593.95,10265.47,21.75,2.574,0.00,50.0,-2.26
7569.00,8594.90,10267.86,21.71,2.573,0.00,50.0,-2.18
7570.00,8595.85,10270.25,21.68,2.571,0.00,50.0,-2.11
7571.00,8596.80,10272.64,21.64,2.570,0.00,50.0,-2.04
7572.00,8597.75,10275.02,21.61,2.568,0.00,50.0,-1.97
7573.00,8598.69,10277.41,21.58,2.567,0.00,50.0,-1.91
7574.00,8599.64,10279.80,21.55,2.566,0.00,50.0,-1.84
7575.00,8600.58,10282.18,21.52,2.564,0.00,50.0,-1.78
7576.00,8601.52,10284.57,21.49,2.563,0.00,50.0,-1.72
7577.00,8602.46,10286.95,21.46,2.562,0.00,50.0,-1.66
7578.00,8603.39,10289.33,21.43,2.561,0.00,50.0,-1.61
7579.00,8604.33,10291.71,21.41,2.559,0.00,50.0,-1.55
7580.00,8605.26,10294.10,21.38,2.558,0.00,50.0,-1.50
7581.00,8606.19,10296.48,21.36,2.557,0.00,50.0,-1.45
7582.00,8607.13,10298.86,21.34,2.556,0.00,50.0,-1.40
7583.00,8608.05,10301.24,21.31,2.555,0.00,50.0,-1.36
7584.00,8608.98,10303.62,21.29,2.554,0.00,50.0,-1.31
7585.00,8609.91,10305.99,21.27,2.553,0.00,50.0,-1.27
7586.00,8610.84,10308.37,21.25,2.552,0.00,50.0,-1.23
7587.00,8611.76,10310.75,21.23,2.551,0.00,50.0,-1.19
7588.00,8612.68,10313.13,21.21,2.550,0.00,50.0,-1.15
7589.00,8613.61,10315.50,21.19,2.549,0.00,50.0,-1.11
7590.00,8614.53,10317.88,21.17,2.548,0.00,50.0,-1.07
7591.00,8615.45,10320.25,21.16,2.547,0.00,50.0,-1.03
7592.00,8616.37,10322.63,21.14,2.546,0.00,50.0,-1.00
7593.00,8617.28,10325.00,21.12,2.545,0.00,50.0,-0.97
7594.00,8618.20,10327.37,21.11,2.544,0.00,50.0,-0.93
7595.00,8619.12,10329.75,21.09,2.543,0.00,50.0,-0.90
7596.00,8620.03,10332.12,21.08,2.542,0.00,50.0,-0.87
7597.00,8620.94,10334.49,21.07,2.541,0.00,50.0,-0.84
7598.00,8621.86,10336.86,21.05,2.540,0.00,50.0,-0.82
7599.00,8622.77,10339.23,21.04,2.540,0.00,50.0,-0.79
7600.00,8623.68,10341.60,21.03,2.539,0.00,50.0,-0.76
7601.00,8624.59,10343.97,21.01,2.538,0.00,50.0,-0.74
7602.00,8625.50,10346.34,21.00,2.537,0.00,50.0,-0.71
7603.00,8626.41,10348.70,20.99,2.537,0.00,50.0,-0.69
7604.00,8627.32,10351.07,20.98,2.536,0.00,50.0,-0.67
7605.00,8628.23,10353.44,20.97,2.535,0.00,50.0,-0.64
7606.00,8629.13,10355.81,20.96,2.534,0.00,50.0,-0.62
7607.00,8630.04,10358.17,20.95,2.534,0.00,50.0,-0.60
7608.00,8630.95,10360.54,20.94,2.533,0.00,50.0,-0.58
7609.00,8631.85,10362.90,20.93,2.532,0.00,50.0,-0.56
7610.00,8632.76,10365.27,20.92,2.532,0.00,50.0,-0.54
7611.00,8633.66,10367.63,20.91,2.531,0.00,50.0,-0.53
7612.00,8634.56,10370.00,20.90,2.531,0.00,50.0,-0.51
7613.00,8635.46,10372.36,20.89,2.530,0.00,50.0,-0.49
7614.00,8636.37,10374.72,20.89,2.529,0.00,50.0,-0.47
7615.00,8637.27,10377.08,20.88,2.529,0.00,50.0,-0.46
7616.00,8638.17,10379.45,20.87,2.528,0.00,50.0,-0.44
7617.00,8639.07,10381.81,20.86,2.528,0.00,50.0,-0.43
7618.00,8639.97,10384.17,20.86,2.527,0.00,50.0,-0.41
7619.00,8640.87,10386.53,20.85,2.526,0.00,50.0,-0.40
7620.00,8641.77,10388.89,20.84,2.526,0.00,50.0,-0.39
7621.00,8642.67,10391.25,20.84,2.525,0.00,50.0,-0.37
7622.00,8643.57,10393.61,20.83,2.525,0.00,50.0,-0.36
7623.00,8644.46,10395.97,20.83,2.524,0.00,50.0,-0.35
7624.00,8645.36,10398.33,20.82,2.524,0.00,50.0,-0.34
7625.00,8646.26,10400.69,20.82,2.523,0.00,50.0,-0.33
7626.00,8647.15,10403.05,20.81,2.523,0.00,50.0,-0.32
7627.00,8648.05,10405.40,20.80,2.523,0.00,50.0,-0.31
7628.00,8648.95,10407.76,20.80,2.522,0.00,50.0,-0.30
7629.00,8649.84,10410.12,20.80,2.522,0.00,50.0,-0.29
7630.00,8650.74,10412.48,20.79,2.521,0.00,50.0,-0.28
7631.00,8651.63,10414.83,20.79,2.521,0.00,50.0,-0.27
7632.00,8652.53,10417.19,20.78,2.520,0.00,50.0,-0.26
7633.00,8653.42,10419.55,20.78,2.520,0.00,50.0,-0.25
7634.00,8654.31,10421.90,20.77,2.520,0.00,50.0,-0.24
7635.00,8655.21,10424.26,20.77,2.519,0.00,50.0,-0.23
7636.00,8656.10,10426.61,20.77,2.519,0.00,50.0,-0.23
7637.00,8656.99,10428.97,20.76,2.518,0.00,50.0,-0.22
7638.00,8657.89,10431.32,20.76,2.518,0.00,50.0,-0.21
7639.00,8658.78,10433.67,20.76,2.518,0.00,50.0,-0.20
7640.00,8659.67,10436.03,20.75,2.517,0.00,50.0,-0.20
7641.00,8660.56,10438.38,20.75,2.517,0.00,50.0,-0.19
7642.00,8661.45,10440.74,20.75,2.517,0.00,50.0,-0.18
7643.00,8662.34,10443.09,20.74,2.516,0.00,50.0,-0.18
7644.00,8663.24,10445.44,20.74,2.516,0.00,50.0,-0.17
7645.00,8664.13,10447.79,20.74,2.516,0.00,50.0,-0.17
7646.00,8665.02,10450.15,20.73,2.515,0.00,50.0,-0.16
7647.00,8665.91,10452.50,20.73,2.515,0.00,50.0,-0.16
7648.00,8666.80,10454.85,20.73,2.515,0.00,50.0,-0.15
7649.00,8667.69,10457.20,20.73,2.514,0.00,50.0,-0.14
7650.00,8668.58,10459.55,20.72,2.514,0.00,50.0,-0.14
7651.00,8669.47,10461.91,20.72,2.514,0.00,50.0,-0.14
7652.00,8670.36,10464.26,20.72,2.514,0.00,50.0,-0.13
7653.00,8671.25,10466.61,20.72,2.513,0.00,50.0,-0.13
7654.00,8672.14,10468.96,20.72,2.513,0.00,50.0,-0.12
7655.00,8673.02,10471.31,20.71,2.513,0.00,50.0,-0.12
7656.00,8673.91,10473.66,20.71,2.513,0.00,50.0,-0.11
7657.00,8674.80,10476.01,20.71,2.512,0.00,50.0,-0.11
7658.00,8675.69,10478.36,20.71,2.512,0.00,50.0,-0.11
7659.00,8676.58,10480.71,20.71,2.512,0.00,50.0,-0.10
7660.00,8677.47,10483.06,20.71,2.512,0.00,50.0,-0.10
7661.00,8678.35,10485.41,20.70,2.511,0.00,50.0,-0.10
7662.00,8679.24,10487.75,20.70,2.511,0.00,50.0,-0.09
7663.00,8680.13,10490.10,20.70,2.511,0.00,50.0,-0.09
7664.00,8681.02,10492.45,20.70,2.511,0.00,50.0,-0.09
7665.00,8681.90,10494.80,20.70,2.510,0.00,50.0,-0.08
7666.00,8682.79,10497.15,20.70,2.510,0.00,50.0,-0.08
7667.00,8683.68,10499.50,20.70,2.510,0.00,50.0,-0.08
7668.00,8684.57,10501.84,20.69,2.510,0.00,50.0,-0.08
7669.00,8685.45,10504.19,20.69,2.510,0.00,50.0,-0.07
7670.00,8686.34,10506.54,20.69,2.509,0.00,50.0,-0.07
7671.00,8687.23,10508.89,20.69,2.509,0.00,50.0,-0.07
7672.00,8688.11,10511.23,20.69,2.509,0.00,50.0,-0.07
7673.00,8689.00,10513.58,20.69,2.509,0.00,50.0,-0.06
7674.00,8689.88,10515.93,20.69,2.509,0.00,50.0,-0.06
7675.00,8690.77,10518.28,20.69,2.509,0.00,50.0,-0.06
7676.00,8691.66,10520.62,20.69,2.508,0.00,50.0,-0.06
7677.00,8692.54,10522.97,20.68,2.508,0.00,50.0,-0.06
7678.00,8693.43,10525.31,20.68,2.508,0.00,50.0,-0.05
7679.00,8694.31,10527.66,20.68,2.508,0.00,50.0,-0.05
7680.00,8695.20,10530.01,20.68,2.508,0.00,50.0,-0.05
7681.00,8696.09,10532.35,20.68,2.508,0.00,50.0,-0.05
7682.00,8696.97,10534.70,20.68,2.507,0.00,50.0,-0.05
7683.00,8697.86,10537.04,20.68,2.507,0.00,50.0,-0.05
7684.00,8698.74,10539.39,20.68,2.507,0.00,50.0,-0.04
7685.00,8699.63,10541.74,20.68,2.507,0.00,50.0,-0.04
7686.00,8700.51,10544.08,20.68,2.507,0.00,50.0,-0.04
7687.00,8701.40,10546.43,20.68,2.507,0.00,50.0,-0.04
7688.00,8702.28,10548.77,20.68,2.507,0.00,50.0,-0.04
7689.00,8703.17,10551.12,20.68,2.506,0.00,50.0,-0.04
7690.00,8704.05,10553.46,20.67,2.506,0.00,50.0,-0.04
7691.00,8704.94,10555.81,20.67,2.506,0.00,50.0,-0.03
7692.00,8705.82,10558.15,20.67,2.506,0.00,50.0,-0.03
7693.00,8706.71,10560.50,20.67,2.506,0.00,50.0,-0.03
7694.00,8707.59,10562.84,20.67,2.506,0.00,50.0,-0.03
7695.00,8708.48,10565.18,20.67,2.506,0.00,50.0,-0.03
7696.00,8709.36,10567.53,20.67,2.506,0.00,50.0,-0.03
7697.00,8710.25,10569.87,20.67,2.505,0.00,50.0,-0.03
7698.00,8711.13,10572.22,20.67,2.505,0.00,50.0,-0.03
7699.00,8712.01,10574.56,20.67,2.505,0.00,50.0,-0.03
7700.00,8712.90,10576.90,20.67,2.505,0.00,50.0,-0.03
7701.00,8713.78,10579.25,20.67,2.505,0.00,50.0,-0.02
7702.00,8714.67,10581.59,20.67,2.505,0.00,50.0,-0.02
7703.00,8715.55,10583.94,20.67,2.505,0.00,50.0,-0.02
7704.00,8716.43,10586.28,20.67,2.505,0.00,50.0,-0.02
7705.00,8717.32,10588.62,20.67,2.505,0.00,50.0,-0.02
7706.00,8718.20,10590.97,20.67,2.505,0.00,50.0,-0.02
7707.00,8719.09,10593.31,20.67,2.504,0.00,50.0,-0.02
7708.00,8719.97,10595.65,20.67,2.504,0.00,50.0,-0.02
7709.00,8720.85,10598.00,20.67,2.504,0.00,50.0,-0.02
7710.00,8721.74,10600.34,20.67,2.504,0.00,50.0,-0.02
7711.00,8722.62,10602.68,20.67,2.504,0.00,50.0,-0.02
7712.00,8723.51,10605.02,20.67,2.504,0.00,50.0,-0.02
7713.00,8724.39,10607.37,20.67,2.504,0.00,50.0,-0.02
7714.00,8725.27,10609.71,20.66,2.504,0.00,50.0,-0.02
7715.00,8726.16,10612.05,20.66,2.504,0.00,50.0,-0.02
7716.00,8727.04,10614.40,20.66,2.504,0.00,50.0,-0.01
7717.00,8727.92,10616.74,20.66,2.504,0.00,50.0,-0.01
7718.00,8728.81,10619.08,20.66,2.504,0.00,50.0,-0.01
7719.00,8729.69,10621.42,20.66,2.504,0.00,50.0,-0.01
7720.00,8730.57,10623.77,20.66,2.503,0.00,50.0,-0.01
7721.00,8731.46,10626.11,20.66,2.503,0.00,50.0,-0.01
7722.00,8732.34,10628.45,20.66,2.503,0.00,50.0,-0.01
7723.00,8733.22,10630.79,20.66,2.503,0.00,50.0,-0.01
7724.00,8734.11,10633.13,20.66,2.503,0.00,50.0,-0.01
7725.00,8734.99,10635.48,20.66,2.503,0.00,50.0,-0.01
7726.00,8735.87,10637.82,20.66,2.503,0.00,50.0,-0.01
7727.00,8736.76,10640.16,20.66,2.503,0.00,50.0,-0.01
7728.00,8737.64,10642.50,20.66,2.503,0.00,50.0,-0.01
7729.00,8738.52,10644.84,20.66,2.503,0.00,50.0,-0.01
7730.00,8739.41,10647.19,20.66,2.503,0.00,50.0,-0.01
7731.00,8740.29,10649.53,20.66,2.503,0.00,50.0,-0.01
7732.00,8741.17,10651.87,20.66,2.503,0.00,50.0,-0.01
7733.00,8742.06,10654.21,20.66,2.503,0.00,50.0,-0.01
7734.00,8742.94,10656.55,20.66,2.503,0.00,50.0,-0.01
7735.00,8743.82,10658.89,20.66,2.503,0.00,50.0,-0.01
7736.00,8744.70,10661.24,20.66,2.502,0.00,50.0,-0.01
7737.00,8745.59,10663.58,20.66,2.502,0.00,50.0,-0.01
7738.00,8746.47,10665.92,20.66,2.502,0.00,50.0,-0.01
7739.00,8747.35,10668.26,20.66,2.502,0.00,50.0,-0.01
7740.00,8748.24,10670.60,20.66,2.502,0.00,50.0,-0.01
7741.00,8749.12,10672.94,20.66,2.502,0.00,50.0,-0.01
7742.00,8750.00,10675.28,20.66,2.502,0.00,50.0,-0.01
7743.00,8750.88,10677.63,20.66,2.502,0.00,50.0,-0.01
7744.00,8751.77,10679.97,20.66,2.502,0.00,50.0,-0.01
7745.00,8752.65,10682.31,20.66,2.502,0.00,50.0,-0.01
7746.00,8753.53,10684.65,20.66,2.502,0.00,50.0,-0.01
7747.00,8754.42,10686.99,20.66,2.502,0.00,50.0,-0.01
7748.00,8755.30,10689.33,20.66,2.502,0.00,50.0,-0.01
7749.00,8756.18,10691.67,20.66,2.502,0.00,50.0,-0.00
7750.00,8757.06,10694.01,20.66,2.502,0.00,50.0,-0.00
7751.00,8757.95,10696.35,20.66,2.502,0.00,50.0,-0.00
7752.00,8758.83,10698.70,20.66,2.502,0.00,50.0,-0.00
7753.00,8759.71,10701.04,20.66,2.502,0.00,50.0,-0.00
7754.00,8760.59,10703.38,20.66,2.502,0.00,50.0,-0.00
7755.00,8761.48,10705.72,20.66,2.502,0.00,50.0,-0.00
7756.00,8762.36,10708.06,20.66,2.502,0.00,50.0,-0.00
7757.00,8763.24,10710.40,20.66,2.502,0.00,50.0,-0.00
7758.00,8764.13,10712.74,20.66,2.502,0.00,50.0,-0.00
7759.00,8765.01,10715.08,20.66,2.502,0.00,50.0,-0.00
7760.00,8765.89,10717.42,20.66,2.502,0.00,50.0,-0.00
7761.00,8766.77,10719.76,20.66,2.502,0.00,50.0,-0.00
7762.00,8767.66,10722.10,20.66,2.501,0.00,50.0,-0.00
7763.00,8768.54,10724.44,20.66,2.501,0.00,50.0,-0.00
7764.00,8769.42,10726.78,20.66,2.501,0.00,50.0,-0.00
7765.00,8770.30,10729.12,20.66,2.501,0.00,50.0,-0.00
7766.00,8771.19,10731.47,20.66,2.501,0.00,50.0,-0.00
7767.00,8772.07,10733.81,20.66,2.501,0.00,50.0,-0.00
7768.00,8772.95,10736.15,20.66,2.501,0.00,50.0,-0.00
7769.00,8773.83,10738.49,20.66,2.501,0.00,50.0,-0.00
7770.00,8774.72,10740.83,20.66,2.501,0.00,50.0,-0.00
7771.00,8775.60,10743.17,20.66,2.501,0.00,50.0,-0.00
7772.00,8776.48,10745.51,20.66,2.501,0.00,50.0,-0.00
7773.00,8777.36,10747.85,20.66,2.501,0.00,50.0,-0.00
7774.00,8778.24,10750.19,20.66,2.501,0.00,50.0,-0.00
7775.00,8779.13,10752.53,20.66,2.501,0.00,50.0,-0.00
7776.00,8780.01,10754.87,20.66,2.501,0.00,50.0,-0.00
7777.00,8780.89,10757.21,20.66,2.501,0.00,50.0,-0.00
7778.00,8781.77,10759.55,20.66,2.501,0.00,50.0,-0.00
7779.00,8782.66,10761.89,20.66,2.501,0.00,50.0,-0.00
7780.00,8783.54,10764.23,20.66,2.501,0.00,50.0,-0.00
7781.00,8784.42,10766.57,20.66,2.501,0.00,50.0,-0.00
7782.00,8785.30,10768.91,20.66,2.501,0.00,50.0,-0.00
7783.00,8786.19,10771.25,20.66,2.501,0.00,50.0,-0.00
7784.00,8787.07,10773.59,20.66,2.501,0.00,50.0,-0.00
7785.00,8787.95,10775.93,20.66,2.501,0.00,50.0,-0.00
7786.00,8788.83,10778.27,20.66,2.501,0.00,50.0,-0.00
7787.00,8789.71,10780.61,20.66,2.501,0.00,50.0,-0.00
7788.00,8790.60,10782.95,20.66,2.501,0.00,50.0,-0.00
7789.00,8791.48,10785.29,20.66,2.501,0.00,50.0,-0.00
7790.00,8792.36,10787.63,20.66,2.501,0.00,50.0,-0.00
7791.00,8793.24,10789.97,20.66,2.501,0.00,50.0,-0.00
7792.00,8794.13,10792.31,20.66,2.501,0.00,50.0,-0.00
7793.00,8795.01,10794.65,20.66,2.501,0.00,50.0,-0.00
7794.00,8795.89,10796.99,20.66,2.501,0.00,50.0,-0.00
7795.00,8796.77,10799.33,20.66,2.501,0.00,50.0,-0.00
7796.00,8797.66,10801.67,20.66,2.501,0.00,50.0,-0.00
7797.00,8798.54,10804.01,20.66,2.501,0.00,50.0,-0.00
7798.00,8799.42,10806.35,20.66,2.501,0.00,50.0,-0.00
7799.00,8800.30,10808.69,20.66,2.501,0.00,50.0,-0.00
7800.00,8801.18,10811.03,20.66,2.501,0.00,50.0,-0.00
7801.00,8802.07,10813.37,20.66,2.501,0.00,50.0,-0.00
7802.00,8802.95,10815.71,20.66,2.501,0.00,50.0,-0.00
7803.00,8803.83,10818.05,20.66,2.501,0.00,50.0,-0.00
7804.00,8804.71,10820.39,20.66,2.501,0.00,50.0,-0.00
7805.00,8805.59,10822.73,20.66,2.501,0.00,50.0,-0.00
7806.00,8806.48,10825.07,20.66,2.501,0.00,50.0,-0.00
7807.00,8807.36,10827.41,20.66,2.501,0.00,50.0,-0.00
7808.00,8808.24,10829.75,20.66,2.501,0.00,50.0,-0.00
7809.00,8809.12,10832.09,20.66,2.501,0.00,50.0,-0.00
7810.00,8810.01,10834.43,20.66,2.501,0.00,50.0,-0.00
7811.00,8810.89,10836.77,20.66,2.501,0.00,50.0,-0.00
7812.00,8811.77,10839.11,20.66,2.501,0.00,50.0,-0.00
7813.00,8812.65,10841.45,20.66,2.501,0.00,50.0,-0.00
7814.00,8813.53,10843.79,20.66,2.501,0.00,50.0,-0.00
7815.00,8814.42,10846.13,20.66,2.501,0.00,50.0,-0.00
7816.00,8815.30,10848.47,20.66,2.500,0.00,50.0,-0.00
7817.00,8816.18,10850.81,20.66,2.500,0.00,50.0,-0.00
7818.00,8817.06,10853.15,20.66,2.500,0.00,50.0,-0.00
7819.00,8817.94,10855.49,20.66,2.500,0.00,50.0,-0.00
7820.00,8818.83,10857.83,20.66,2.500,0.00,50.0,-0.00
7821.00,8819.71,10860.17,20.66,2.500,0.00,50.0,-0.00
7822.00,8820.59,10862.51,20.66,2.500,0.00,50.0,-0.00
7823.00,8821.47,10864.85,20.66,2.500,0.00,50.0,-0.00
7824.00,8822.36,10867.19,20.66,2.500,0.00,50.0,-0.00
7825.00,8823.24,10869.53,20.66,2.500,0.00,50.0,-0.00
7826.00,8824.12,10871.86,20.66,2.500,0.00,50.0,-0.00
7827.00,8825.00,10874.20,20.66,2.500,0.00,50.0,-0.00
7828.00,8825.88,10876.54,20.66,2.500,0.00,50.0,-0.00
7829.00,8826.77,10878.88,20.66,2.500,0.00,50.0,-0.00
7830.00,8827.65,10881.22,20.66,2.500,0.00,50.0,-0.00
7831.00,8828.53,10883.56,20.66,2.500,0.00,50.0,-0.00
7832.00,8829.41,10885.90,20.66,2.500,0.00,50.0,-0.00
7833.00,8830.29,10888.24,20.66,2.500,0.00,50.0,-0.00
7834.00,8831.18,10890.58,20.66,2.500,0.00,50.0,-0.00
7835.00,8832.06,10892.92,20.66,2.500,0.00,50.0,-0.00
7836.00,8832.94,10895.26,20.66,2.500,0.00,50.0,-0.00
7837.00,8833.82,10897.60,20.66,2.500,0.00,50.0,-0.00
7838.00,8834.70,10899.94,20.66,2.500,0.00,50.0,-0.00
7839.00,8835.59,10902.28,20.66,2.500,0.00,50.0,-0.00
7840.00,8836.47,10904.62,20.66,2.500,0.00,50.0,-0.00
7841.00,8837.35,10906.96,20.66,2.500,0.00,50.0,-0.00
7842.00,8838.23,10909.30,20.66,2.500,0.00,50.0,-0.00
7843.00,8839.11,10911.64,20.66,2.500,0.00,50.0,-0.00
7844.00,8840.00,10913.98,20.66,2.500,0.00,50.0,-0.00
7845.00,8840.88,10916.32,20.66,2.500,0.00,50.0,-0.00
7846.00,8841.76,10918.66,20.66,2.500,0.00,50.0,-0.00
7847.00,8842.64,10921.00,20.66,2.500,0.00,50.0,-0.00
7848.00,8843.52,10923.34,20.66,2.500,0.00,50.0,-0.00
7849.00,8844.41,10925.67,20.66,2.500,0.00,50.0,-0.00
7850.00,8845.29,10928.01,20.66,2.500,0.00,50.0,-0.00
7851.00,8846.17,10930.35,20.66,2.500,0.00,50.0,-0.00
7852.00,8847.05,10932.69,20.66,2.500,0.00,50.0,-0.00
7853.00,8847.93,10935.03,20.66,2.500,0.00,50.0,-0.00
7854.00,8848.82,10937.37,20.66,2.500,0.00,50.0,-0.00
7855.00,8849.70,10939.71,20.66,2.500,0.00,50.0,-0.00
7856.00,8850.58,10942.05,20.66,2.500,0.00,50.0,-0.00
7857.00,8851.46,10944.39,20.66,2.500,0.00,50.0,-0.00
7858.00,8852.34,10946.73,20.66,2.500,0.00,50.0,-0.00
7859.00,8853.23,10949.07,20.66,2.500,0.00,50.0,-0.00
7860.00,8854.11,10951.41,20.66,2.500,0.00,50.0,-0.00
7861.00,8854.99,10953.75,20.66,2.500,0.00,50.0,-0.00
7862.00,8855.87,10956.09,20.66,2.500,0.00,50.0,-0.00
7863.00,8856.75,10958.43,20.66,2.500,0.00,50.0,-0.00
7864.00,8857.64,10960.77,20.66,2.500,0.00,50.0,-0.00
7865.00,8858.52,10963.11,20.66,2.500,0.00,50.0,-0.00
7866.00,8859.40,10965.45,20.66,2.500,0.00,50.0,-0.00
7867.00,8860.28,10967.79,20.66,2.500,0.00,50.0,-0.00
7868.00,8861.16,10970.12,20.66,2.500,0.00,50.0,-0.00
7869.00,8862.05,10972.46,20.66,2.500,0.00,50.0,-0.00
7870.00,8862.93,10974.80,20.66,2.500,0.00,50.0,-0.00
7871.00,8863.81,10977.14,20.66,2.500,0.00,50.0,-0.00
7872.00,8864.69,10979.48,20.66,2.500,0.00,50.0,-0.00
7873.00,8865.57,10981.82,20.66,2.500,0.00,50.0,-0.00
7874.00,8866.46,10984.16,20.66,2.500,0.00,50.0,-0.00
7875.00,8867.34,10986.50,20.66,2.500,0.00,50.0,-0.00
7876.00,8868.22,10988.84,20.66,2.500,0.00,50.0,-0.00
7877.00,8869.10,10991.18,20.66,2.500,0.00,50.0,-0.00
7878.00,8869.98,10993.52,20.66,2.500,0.00,50.0,-0.00
7879.00,8870.87,10995.86,20.66,2.500,0.00,50.0,-0.00
7880.00,8871.75,10998.20,20.66,2.500,0.00,50.0,-0.00
7881.00,8872.63,11000.54,20.66,2.500,0.00,50.0,-0.00
7882.00,8873.51,11002.88,20.66,2.500,0.00,50.0,-0.00
7883.00,8874.39,11005.22,20.66,2.500,0.00,50.0,-0.00
7884.00,8875.28,11007.56,20.66,2.500,0.00,50.0,-0.00
7885.00,8876.16,11009.89,20.66,2.500,0.00,50.0,-0.00
7886.00,8877.04,11012.23,20.66,2.500,0.00,50.0,-0.00
7887.00,8877.92,11014.57,20.66,2.500,0.00,50.0,-0.00
7888.00,8878.80,11016.91,20.66,2.500,0.00,50.0,-0.00
7889.00,8879.69,11019.25,20.66,2.500,0.00,50.0,-0.00
7890.00,8880.57,11021.59,20.66,2.500,0.00,50.0,-0.00
7891.00,8881.45,11023.93,20.66,2.500,0.00,50.0,-0.00
7892.00,8882.33,11026.27,20.66,2.500,0.00,50.0,-0.00
7893.00,8883.21,11028.61,20.66,2.500,0.00,50.0,-0.00
7894.00,8884.10,11030.95,20.66,2.500,0.00,50.0,-0.00
7895.00,8884.98,11033.29,20.66,2.500,0.00,50.0,-0.00
7896.00,8885.86,11035.63,20.66,2.500,0.00,50.0,-0.00
7897.00,8886.74,11037.97,20.66,2.500,0.00,50.0,-0.00
7898.00,8887.62,11040.31,20.66,2.500,0.00,50.0,-0.00
7899.00,8888.51,11042.65,20.66,2.500,0.00,50.0,-0.00
7900.00,8889.39,11044.99,20.66,2.500,0.00,50.0,-0.00
7901.00,8890.27,11047.32,20.66,2.500,0.00,50.0,-0.00
7902.00,8891.15,11049.66,20.66,2.500,0.00,50.0,-0.00
7903.00,8892.03,11052.00,20.66,2.500,0.00,50.0,-0.00
7904.00,8892.92,11054.34,20.66,2.500,0.00,50.0,-0.00
7905.00,8893.80,11056.68,20.66,2.500,0.00,50.0,-0.00
7906.00,8894.68,11059.02,20.66,2.500,0.00,50.0,-0.00
7907.00,8895.56,11061.36,20.66,2.500,0.00,50.0,-0.00
7908.00,8896.44,11063.70,20.66,2.500,0.00,50.0,-0.00
7909.00,8897.33,11066.04,20.66,2.500,0.00,50.0,-0.00
7910.00,8898.21,11068.38,20.66,2.500,0.00,50.0,-0.00
7911.00,8899.09,11070.72,20.66,2.500,0.00,50.0,-0.00
7912.00,8899.97,11073.06,20.66,2.500,0.00,50.0,-0.00
7913.00,8900.85,11075.40,20.66,2.500,0.00,50.0,-0.00
7914.00,8901.74,11077.74,20.66,2.500,0.00,50.0,-0.00
7915.00,8902.62,11080.08,20.66,2.500,0.00,50.0,-0.00
7916.00,8903.50,11082.41,20.66,2.500,0.00,50.0,-0.00
7917.00,8904.38,11084.75,20.66,2.500,0.00,50.0,-0.00
7918.00,8905.26,11087.09,20.66,2.500,0.00,50.0,-0.00
7919.00,8906.15,11089.43,20.66,2.500,0.00,50.0,-0.00
7920.00,8907.03,11091.77,20.66,2.500,0.00,50.0,-0.00
7921.00,8907.91,11094.11,20.66,2.500,0.00,50.0,-0.00
7922.00,8908.79,11096.45,20.66,2.500,0.00,50.0,-0.00
7923.00,8909.67,11098.79,20.66,2.500,0.00,50.0,-0.00
7924.00,8910.56,11101.13,20.66,2.500,0.00,50.0,-0.00
7925.00,8911.44,11103.47,20.66,2.500,0.00,50.0,-0.00
7926.00,8912.32,11105.81,20.66,2.500,0.00,50.0,-0.00
7927.00,8913.20,11108.15,20.66,2.500,0.00,50.0,-0.00
7928.00,8914.08,11110.49,20.66,2.500,0.00,50.0,-0.00
7929.00,8914.97,11112.83,20.66,2.500,0.00,50.0,-0.00
7930.00,8915.85,11115.17,20.66,2.500,0.00,50.0,-0.00
7931.00,8916.73,11117.50,20.66,2.500,0.00,50.0,-0.00
7932.00,8917.61,11119.84,20.66,2.500,0.00,50.0,-0.00
7933.00,8918.49,11122.18,20.66,2.500,0.00,50.0,-0.00
7934.00,8919.38,11124.52,20.66,2.500,0.00,50.0,-0.00
7935.00,8920.26,11126.86,20.66,2.500,0.00,50.0,-0.00
7936.00,8921.14,11129.20,20.66,2.500,0.00,50.0,-0.00
7937.00,8922.02,11131.54,20.66,2.500,0.00,50.0,-0.00
7938.00,8922.90,11133.88,20.66,2.500,0.00,50.0,-0.00
7939.00,8923.78,11136.22,20.66,2.500,0.00,50.0,-0.00
7940.00,8924.67,11138.56,20.66,2.500,0.00,50.0,-0.00
7941.00,8925.55,11140.90,20.66,2.500,0.00,50.0,-0.00
7942.00,8926.43,11143.24,20.66,2.500,0.00,50.0,-0.00
7943.00,8927.31,11145.58,20.66,2.500,0.00,50.0,-0.00
7944.00,8928.19,11147.92,20.66,2.500,0.00,50.0,-0.00
7945.00,8929.08,11150.25,20.66,2.500,0.00,50.0,-0.00
7946.00,8929.96,11152.59,20.66,2.500,0.00,50.0,-0.00
7947.00,8930.84,11154.93,20.66,2.500,0.00,50.0,-0.00
7948.00,8931.72,11157.27,20.66,2.500,0.00,50.0,-0.00
7949.00,8932.60,11159.61,20.66,2.500,0.00,50.0,-0.00
7950.00,8933.49,11161.95,20.66,2.500,0.00,50.0,-0.00
7951.00,8934.37,11164.29,20.66,2.500,0.00,50.0,-0.00
7952.00,8935.25,11166.63,20.66,2.500,0.00,50.0,-0.00
7953.00,8936.13,11168.97,20.66,2.500,0.00,50.0,-0.00
7954.00,8937.01,11171.31,20.66,2.500,0.00,50.0,-0.00
7955.00,8937.90,11173.65,20.66,2.500,0.00,50.0,-0.00
7956.00,8938.78,11175.99,20.66,2.500,0.00,50.0,-0.00
7957.00,8939.66,11178.33,20.66,2.500,0.00,50.0,-0.00
7958.00,8940.54,11180.67,20.66,2.500,0.00,50.0,-0.00
7959.00,8941.42,11183.00,20.66,2.500,0.00,50.0,-0.00
7960.00,8942.31,11185.34,20.66,2.500,0.00,50.0,-0.00
7961.00,8943.19,11187.68,20.66,2.500,0.00,50.0,-0.00
7962.00,8944.07,11190.02,20.66,2.500,0.00,50.0,-0.00
7963.00,8944.95,11192.36,20.66,2.500,0.00,50.0,-0.00
7964.00,8945.83,11194.70,20.66,2.500,0.00,50.0,-0.00
7965.00,8946.72,11197.04,20.66,2.500,0.00,50.0,-0.00
7966.00,8947.60,11199.38,20.66,2.500,0.00,50.0,-0.00
7967.00,8948.48,11201.72,20.66,2.500,0.00,50.0,-0.00
7968.00,8949.36,11204.06,20.66,2.500,0.00,50.0,-0.00
7969.00,8950.24,11206.40,20.66,2.500,0.00,50.0,-0.00
7970.00,8951.13,11208.74,20.66,2.500,0.00,50.0,-0.00
7971.00,8952.01,11211.08,20.66,2.500,0.00,50.0,-0.00
7972.00,8952.89,11213.42,20.66,2.500,0.00,50.0,-0.00
7973.00,8953.77,11215.76,20.66,2.500,0.00,50.0,-0.00
7974.00,8954.65,11218.09,20.66,2.500,0.00,50.0,-0.00
7975.00,8955.53,11220.43,20.66,2.500,0.00,50.0,-0.00
7976.00,8956.42,11222.77,20.66,2.500,0.00,50.0,-0.00
7977.00,8957.30,11225.11,20.66,2.500,0.00,50.0,-0.00
7978.00,8958.18,11227.45,20.66,2.500,0.00,50.0,-0.00
7979.00,8959.06,11229.79,20.66,2.500,0.00,50.0,-0.00
7980.00,8959.94,11232.13,20.66,2.500,0.00,50.0,-0.00
7981.00,8960.83,11234.47,20.66,2.500,0.00,50.0,-0.00
7982.00,8961.71,11236.81,20.66,2.500,0.00,50.0,-0.00
7983.00,8962.59,11239.15,20.66,2.500,0.00,50.0,-0.00
7984.00,8963.47,11241.49,20.66,2.500,0.00,50.0,-0.00
7985.00,8964.35,11243.83,20.66,2.500,0.00,50.0,-0.00
7986.00,8965.24,11246.17,20.66,2.500,0.00,50.0,-0.00
7987.00,8966.12,11248.51,20.66,2.500,0.00,50.0,-0.00
7988.00,8967.00,11250.84,20.66,2.500,0.00,50.0,-0.00
7989.00,8967.88,11253.18,20.66,2.500,0.00,50.0,-0.00
7990.00,8968.76,11255.52,20.66,2.500,0.00,50.0,-0.00
7991.00,8969.65,11257.86,20.66,2.500,0.00,50.0,-0.00
7992.00,8970.53,11260.20,20.66,2.500,0.00,50.0,-0.00
7993.00,8971.41,11262.54,20.66,2.500,0.00,50.0,-0.00
7994.00,8972.29,11264.88,20.66,2.500,0.00,50.0,-0.00
7995.00,8973.17,11267.22,20.66,2.500,0.00,50.0,-0.00
7996.00,8974.06,11269.56,20.66,2.500,0.00,50.0,-0.00
7997.00,8974.94,11271.90,20.66,2.500,0.00,50.0,-0.00
7998.00,8975.82,11274.24,20.66,2.500,0.00,50.0,-0.00
7999.00,8976.70,11276.58,20.66,2.500,0.00,50.0,-0.00
8000.00,8977.58,11278.92,20.66,2.500,0.00,50.0,-0.00
8001.00,8978.47,11281.26,20.66,2.500,0.00,50.0,-0.00
8002.00,8979.35,11283.59,20.66,2.500,0.00,50.0,-0.00
8003.00,8980.23,11285.93,20.66,2.500,0.00,50.0,-0.00
8004.00,8981.11,11288.27,20.66,2.500,0.00,50.0,-0.00
8005.00,8981.99,11290.61,20.66,2.500,0.00,50.0,-0.00
8006.00,8982.88,11292.95,20.66,2.500,0.00,50.0,-0.00
8007.00,8983.76,11295.29,20.66,2.500,0.00,50.0,-0.00
8008.00,8984.64,11297.63,20.66,2.500,0.00,50.0,-0.00
8009.00,8985.52,11299.97,20.66,2.500,0.00,50.0,-0.00
8010.00,8986.40,11302.31,20.66,2.500,0.00,50.0,-0.00
8011.00,8987.28,11304.65,20.66,2.500,0.00,50.0,-0.00
8012.00,8988.17,11306.99,20.66,2.500,0.00,50.0,-0.00
8013.00,8989.05,11309.33,20.66,2.500,0.00,50.0,-0.00
8014.00,8989.93,11311.67,20.66,2.500,0.00,50.0,-0.00
8015.00,8990.81,11314.00,20.66,2.500,0.00,50.0,-0.00
8016.00,8991.69,11316.34,20.66,2.500,0.00,50.0,-0.00
8017.00,8992.58,11318.68,20.66,2.500,0.00,50.0,-0.00
8018.00,8993.46,11321.02,20.66,2.500,0.00,50.0,-0.00
8019.00,8994.34,11323.36,20.66,2.500,0.00,50.0,-0.00
8020.00,8995.22,11325.70,20.66,2.500,0.00,50.0,-0.00
8021.00,8996.10,11328.04,20.66,2.500,0.00,50.0,-0.00
8022.00,8996.99,11330.38,20.66,2.500,0.00,50.0,-0.00
8023.00,8997.87,11332.72,20.66,2.500,0.00,50.0,-0.00
8024.00,8998.75,11335.06,20.66,2.500,0.00,50.0,-0.00
8025.00,8999.63,11337.40,20.66,2.500,0.00,50.0,-0.00
8026.00,9000.51,11339.74,20.66,2.500,0.00,50.0,-0.00
8027.00,9001.40,11342.08,20.66,2.500,0.00,50.0,-0.00
8028.00,9002.28,11344.42,20.66,2.500,0.00,50.0,-0.00
8029.00,9003.16,11346.75,20.66,2.500,0.00,50.0,-0.00
8030.00,9004.04,11349.09,20.66,2.500,0.00,50.0,-0.00
8031.00,9004.92,11351.43,20.66,2.500,0.00,50.0,-0.00
8032.00,9005.81,11353.77,20.66,2.500,0.00,50.0,-0.00
8033.00,9006.69,11356.11,20.66,2.500,0.00,50.0,-0.00
8034.00,9007.57,11358.45,20.66,2.500,0.00,50.0,-0.00
8035.00,9008.45,11360.79,20.66,2.500,0.00,50.0,-0.00
8036.00,9009.33,11363.13,20.66,2.500,0.00,50.0,-0.00
8037.00,9010.22,11365.47,20.66,2.500,0.00,50.0,-0.00
8038.00,9011.10,11367.81,20.66,2.500,0.00,50.0,-0.00
8039.00,9011.98,11370.15,20.66,2.500,0.00,50.0,-0.00
8040.00,9012.86,11372.49,20.66,2.500,0.00,50.0,-0.00
8041.00,9013.74,11374.83,20.66,2.500,0.00,50.0,-0.00
8042.00,9014.63,11377.17,20.66,2.500,0.00,50.0,-0.00
8043.00,9015.51,11379.50,20.66,2.500,0.00,50.0,-0.00
8044.00,9016.39,11381.84,20.66,2.500,0.00,50.0,-0.00
8045.00,9017.27,11384.18,20.66,2.500,0.00,50.0,-0.00
8046.00,9018.15,11386.52,20.66,2.500,0.00,50.0,-0.00
8047.00,9019.03,11388.86,20.66,2.500,0.00,50.0,-0.00
8048.00,9019.92,11391.20,20.66,2.500,0.00,50.0,-0.00
8049.00,9020.80,11393.54,20.66,2.500,0.00,50.0,-0.00
8050.00,9021.68,11395.88,20.66,2.500,0.00,50.0,-0.00
8051.00,9022.56,11398.22,20.66,2.500,0.00,50.0,-0.00
8052.00,9023.44,11400.56,20.66,2.500,0.00,50.0,-0.00
8053.00,9024.33,11402.90,20.66,2.500,0.00,50.0,-0.00
8054.00,9025.21,11405.24,20.66,2.500,0.00,50.0,-0.00
8055.00,9026.09,11407.58,20.66,2.500,0.00,50.0,-0.00
8056.00,9026.97,11409.92,20.66,2.500,0.00,50.0,-0.00
8057.00,9027.85,11412.25,20.66,2.500,0.00,50.0,-0.00
8058.00,9028.74,11414.59,20.66,2.500,0.00,50.0,-0.00
8059.00,9029.62,11416.93,20.66,2.500,0.00,50.0,-0.00
8060.00,9030.50,11419.27,20.66,2.500,0.00,50.0,-0.00
8061.00,9031.38,11421.61,20.66,2.500,0.00,50.0,-0.00
8062.00,9032.26,11423.95,20.66,2.500,0.00,50.0,-0.00
8063.00,9033.15,11426.29,20.66,2.500,0.00,50.0,-0.00
8064.00,9034.03,11428.63,20.66,2.500,0.00,50.0,-0.00
8065.00,9034.91,11430.97,20.66,2.500,0.00,50.0,-0.00
8066.00,9035.79,11433.31,20.66,2.500,0.00,50.0,-0.00
8067.00,9036.67,11435.65,20.66,2.500,0.00,50.0,-0.00
8068.00,9037.56,11437.99,20.66,2.500,0.00,50.0,-0.00
8069.00,9038.44,11440.33,20.66,2.500,0.00,50.0,-0.00
8070.00,9039.32,11442.67,20.66,2.500,0.00,50.0,-0.00
8071.00,9040.20,11445.00,20.66,2.500,0.00,50.0,-0.00
8072.00,9041.08,11447.34,20.66,2.500,0.00,50.0,-0.00
8073.00,9041.97,11449.68,20.66,2.500,0.00,50.0,-0.00
8074.00,9042.85,11452.02,20.66,2.500,0.00,50.0,-0.00
8075.00,9043.73,11454.36,20.66,2.500,0.00,50.0,-0.00
8076.00,9044.61,11456.70,20.66,2.500,0.00,50.0,-0.00
8077.00,9045.49,11459.04,20.66,2.500,0.00,50.0,-0.00
8078.00,9046.37,11461.38,20.66,2.500,0.00,50.0,-0.00
8079.00,9047.26,11463.72,20.66,2.500,0.00,50.0,-0.00
8080.00,9048.14,11466.06,20.66,2.500,0.00,50.0,-0.00
8081.00,9049.02,11468.40,20.66,2.500,0.00,50.0,-0.00
8082.00,9049.90,11470.74,20.66,2.500,0.00,50.0,-0.00
8083.00,9050.78,11473.08,20.66,2.500,0.00,50.0,-0.00
8084.00,9051.67,11475.41,20.66,2.500,0.00,50.0,-0.00
8085.00,9052.55,11477.75,20.66,2.500,0.00,50.0,-0.00
8086.00,9053.43,11480.09,20.66,2.500,0.00,50.0,-0.00
8087.00,9054.31,11482.43,20.66,2.500,0.00,50.0,-0.00
8088.00,9055.19,11484.77,20.66,2.500,0.00,50.0,-0.00
8089.00,9056.08,11487.11,20.66,2.500,0.00,50.0,-0.00
8090.00,9056.96,11489.45,20.66,2.500,0.00,50.0,-0.00
8091.00,9057.84,11491.79,20.66,2.500,0.00,50.0,-0.00
8092.00,9058.72,11494.13,20.66,2.500,0.00,50.0,-0.00
8093.00,9059.60,11496.47,20.66,2.500,0.00,50.0,-0.00
8094.00,9060.49,11498.81,20.66,2.500,0.00,50.0,-0.00
8095.00,9061.37,11501.15,20.66,2.500,0.00,50.0,-0.00
8096.00,9062.25,11503.49,20.66,2.500,0.00,50.0,-0.00
8097.00,9063.13,11505.83,20.66,2.500,0.00,50.0,-0.00
8098.00,9064.01,11508.16,20.66,2.500,0.00,50.0,-0.00
8099.00,9064.90,11510.50,20.66,2.500,0.00,50.0,-0.00
8100.00,9065.78,11512.84,20.66,2.500,0.00,50.0,-0.00
8101.00,9066.66,11515.18,20.66,2.500,0.00,50.0,-0.00
8102.00,9067.54,11517.52,20.66,2.500,0.00,50.0,-0.00
8103.00,9068.42,11519.86,20.66,2.500,0.00,50.0,-0.00
8104.00,9069.31,11522.20,20.66,2.500,0.00,50.0,-0.00
8105.00,9070.19,11524.54,20.66,2.500,0.00,50.0,-0.00
8106.00,9071.07,11526.88,20.66,2.500,0.00,50.0,-0.00
8107.00,9071.95,11529.22,20.66,2.500,0.00,50.0,-0.00
8108.00,9072.83,11531.56,20.66,2.500,0.00,50.0,-0.00
8109.00,9073.71,11533.90,20.66,2.500,0.00,50.0,-0.00
8110.00,9074.60,11536.24,20.66,2.500,0.00,50.0,-0.00
8111.00,9075.48,11538.58,20.66,2.500,0.00,50.0,-0.00
8112.00,9076.36,11540.91,20.66,2.500,0.00,50.0,-0.00
8113.00,9077.24,11543.25,20.66,2.500,0.00,50.0,-0.00
8114.00,9078.12,11545.59,20.66,2.500,0.00,50.0,-0.00
8115.00,9079.01,11547.93,20.66,2.500,0.00,50.0,-0.00
8116.00,9079.89,11550.27,20.66,2.500,0.00,50.0,-0.00
8117.00,9080.77,11552.61,20.66,2.500,0.00,50.0,-0.00
8118.00,9081.65,11554.95,20.66,2.500,0.00,50.0,-0.00
8119.00,9082.53,11557.29,20.66,2.500,0.00,50.0,-0.00
8120.00,9083.42,11559.63,20.66,2.500,0.00,50.0,-0.00
8121.00,9084.30,11561.98,20.66,2.510,5.00,60.0,0.06
8122.00,9085.19,11564.34,20.66,2.520,5.00,60.0,0.11
8123.00,9086.08,11566.70,20.66,2.529,5.00,60.0,0.17
8124.00,9086.98,11569.08,20.67,2.539,5.00,60.0,0.22
8125.00,9087.88,11571.46,20.67,2.548,5.00,60.0,0.27
8126.00,9088.78,11573.86,20.68,2.567,10.00,70.0,0.37
8127.00,9089.70,11576.28,20.68,2.586,10.00,70.0,0.47
8128.00,9090.62,11578.72,20.69,2.604,10.00,70.0,0.57
8129.00,9091.54,11581.17,20.71,2.622,10.00,70.0,0.67
8130.00,9092.48,11583.64,20.72,2.640,10.00,70.0,0.76
8131.00,9093.42,11586.13,20.73,2.657,10.00,70.0,0.85
8132.00,9094.36,11588.63,20.75,2.674,10.00,70.0,0.94
8133.00,9095.32,11591.14,20.77,2.690,15.00,70.0,1.08
8134.00,9096.28,11593.67,20.79,2.706,15.00,70.0,1.21
8135.00,9097.24,11596.22,20.81,2.722,15.00,70.0,1.34
8136.00,9098.21,11598.78,20.83,2.738,15.00,70.0,1.47
8137.00,9099.19,11601.35,20.86,2.753,15.00,70.0,1.59
8138.00,9100.18,11603.94,20.89,2.768,15.00,70.0,1.71
8139.00,9101.17,11606.54,20.92,2.783,15.00,70.0,1.82
8140.00,9102.17,11609.15,20.95,2.797,15.00,70.0,1.93
8141.00,9103.18,11611.77,20.98,2.811,15.00,70.0,2.04
8142.00,9104.19,11614.41,21.02,2.825,15.00,70.0,2.14
8143.00,9105.20,11617.06,21.06,2.838,15.00,70.0,2.24
8144.00,9106.23,11619.72,21.10,2.851,15.00,70.0,2.34
8145.00,9107.26,11622.39,21.14,2.864,15.00,70.0,2.43
8146.00,9108.30,11625.08,21.18,2.877,15.00,70.0,2.53
8147.00,9109.34,11627.77,21.22,2.890,15.00,70.0,2.61
8148.00,9110.39,11630.48,21.27,2.902,15.00,70.0,2.70
8149.00,9111.45,11633.19,21.31,2.914,15.00,70.0,2.78
8150.00,9112.51,11635.92,21.36,2.926,15.00,70.0,2.86
8151.00,9113.58,11638.65,21.41,2.937,15.00,70.0,2.93
8152.00,9114.66,11641.40,21.46,2.948,15.00,70.0,3.01
8153.00,9115.74,11644.15,21.51,2.959,15.00,70.0,3.08
8154.00,9116.83,11646.91,21.56,2.970,15.00,70.0,3.15
8155.00,9117.93,11649.69,21.62,2.981,15.00,70.0,3.21
8156.00,9119.03,11652.47,21.67,2.991,15.00,70.0,3.28
8157.00,9120.14,11655.26,21.73,3.001,15.00,70.0,3.34
8158.00,9121.25,11658.05,21.79,3.011,15.00,70.0,3.40
8159.00,9122.37,11660.86,21.84,3.021,15.00,70.0,3.46
8160.00,9123.50,11663.67,21.90,3.031,15.00,70.0,3.51
8161.00,9124.63,11666.49,21.96,3.040,15.00,70.0,3.57
8162.00,9125.77,11669.32,22.02,3.049,15.00,70.0,3.62
8163.00,9126.92,11672.16,22.08,3.058,15.00,70.0,3.67
8164.00,9128.07,11675.00,22.14,3.067,15.00,70.0,3.72
8165.00,9129.23,11677.85,22.21,3.076,15.00,70.0,3.77
8166.00,9130.40,11680.70,22.27,3.084,15.00,70.0,3.81
8167.00,9131.57,11683.56,22.34,3.093,15.00,70.0,3.86
8168.00,9132.75,11686.43,22.40,3.101,15.00,70.0,3.90
8169.00,9133.93,11689.31,22.47,3.109,15.00,70.0,3.94
8170.00,9135.13,11692.19,22.53,3.116,15.00,70.0,3.98
8171.00,9136.32,11695.07,22.60,3.124,15.00,70.0,4.02
8172.00,9137.53,11697.96,22.67,3.132,15.00,70.0,4.06
8173.00,9138.74,11700.86,22.74,3.139,15.00,70.0,4.09
8174.00,9139.95,11703.76,22.80,3.146,15.00,70.0,4.13
8175.00,9141.17,11706.67,22.87,3.153,15.00,70.0,4.16
8176.00,9142.40,11709.58,22.94,3.160,15.00,70.0,4.20
8177.00,9143.64,11712.50,23.01,3.167,15.00,70.0,4.23
8178.00,9144.88,11715.42,23.08,3.174,15.00,70.0,4.26
8179.00,9146.12,11718.34,23.16,3.180,15.00,70.0,4.29
8180.00,9147.38,11721.27,23.23,3.187,15.00,70.0,4.32
8181.00,9148.64,11724.21,23.30,3.193,15.00,70.0,4.34
8182.00,9149.90,11727.15,23.37,3.199,15.00,70.0,4.37
8183.00,9151.17,11730.09,23.45,3.205,15.00,70.0,4.40
8184.00,9152.45,11733.03,23.52,3.211,15.00,70.0,4.42
8185.00,9153.73,11735.98,23.59,3.217,15.00,70.0,4.45
8186.00,9155.02,11738.94,23.67,3.222,15.00,70.0,4.47
8187.00,9156.32,11741.89,23.74,3.228,15.00,70.0,4.49
8188.00,9157.62,11744.85,23.82,3.233,15.00,70.0,4.51
8189.00,9158.93,11747.81,23.89,3.239,15.00,70.0,4.53
8190.00,9160.24,11750.78,23.97,3.244,15.00,70.0,4.55
8191.00,9161.56,11753.75,24.05,3.249,15.00,70.0,4.57
8192.00,9162.89,11756.72,24.12,3.254,15.00,70.0,4.59
8193.00,9164.22,11759.70,24.20,3.259,15.00,70.0,4.61
8194.00,9165.56,11762.67,24.28,3.264,15.00,70.0,4.63
8195.00,9166.90,11765.65,24.35,3.269,15.00,70.0,4.65
8196.00,9168.25,11768.63,24.43,3.273,15.00,70.0,4.66
8197.00,9169.61,11771.62,24.51,3.278,15.00,70.0,4.68
8198.00,9170.97,11774.60,24.59,3.282,15.00,70.0,4.69
8199.00,9172.34,11777.59,24.67,3.287,15.00,70.0,4.71
8200.00,9173.71,11780.58,24.75,3.291,15.00,70.0,4.72
8201.00,9175.09,11783.58,24.82,3.295,15.00,70.0,4.74
8202.00,9176.48,11786.57,24.90,3.299,15.00,70.0,4.75
8203.00,9177.87,11789.57,24.98,3.303,15.00,70.0,4.76
8204.00,9179.26,11792.56,25.06,3.307,15.00,70.0,4.78
8205.00,9180.67,11795.56,25.14,3.311,15.00,70.0,4.79
8206.00,9182.07,11798.56,25.22,3.315,20.00,70.0,4.86
8207.00,9183.49,11801.57,25.31,3.318,20.00,70.0,4.92
8208.00,9184.91,11804.57,25.39,3.322,20.00,70.0,4.99
8209.00,9186.33,11807.57,25.47,3.326,20.00,70.0,5.05
8210.00,9187.77,11810.58,25.56,3.329,20.00,70.0,5.11
8211.00,9189.20,11813.58,25.64,3.332,20.00,70.0,5.17
8212.00,9190.65,11816.59,25.73,3.336,20.00,70.0,5.23
8213.00,9192.09,11819.59,25.82,3.329,15.00,60.0,5.22
8214.00,9193.54,11822.58,25.91,3.323,15.00,60.0,5.22
8215.00,9194.99,11825.56,25.99,3.316,15.00,60.0,5.22
8216.00,9196.44,11828.54,26.08,3.310,15.00,60.0,5.22
8217.00,9197.89,11831.51,26.17,3.304,15.00,60.0,5.21
8218.00,9199.35,11834.47,26.25,3.297,15.00,60.0,5.21
8219.00,9200.80,11837.42,26.34,3.292,15.00,60.0,5.21
8220.00,9202.26,11840.35,26.43,3.276,10.00,50.0,5.15
8221.00,9203.71,11843.27,26.51,3.260,10.00,50.0,5.09
8222.00,9205.15,11846.18,26.59,3.245,10.00,50.0,5.04
8223.00,9206.60,11849.07,26.68,3.230,10.00,50.0,4.98
8224.00,9208.04,11851.94,26.76,3.215,10.00,50.0,4.93
8225.00,9209.49,11854.80,26.84,3.201,10.00,50.0,4.88
8226.00,9210.92,11857.64,26.92,3.187,10.00,50.0,4.83
8227.00,9212.36,11860.47,27.00,3.173,5.00,50.0,4.73
8228.00,9213.80,11863.29,27.08,3.160,5.00,50.0,4.63
8229.00,9215.23,11866.09,27.15,3.147,5.00,50.0,4.53
8230.00,9216.66,11868.88,27.23,3.134,5.00,50.0,4.44
8231.00,9218.09,11871.65,27.30,3.121,5.00,50.0,4.35
8232.00,9219.51,11874.41,27.37,3.109,5.00,50.0,4.26
8233.00,9220.94,11877.16,27.44,3.097,5.00,50.0,4.17
8234.00,9222.36,11879.90,27.51,3.085,0.00,50.0,4.03
8235.00,9223.78,11882.63,27.57,3.073,0.00,50.0,3.90
8236.00,9225.19,11885.34,27.64,3.061,0.00,50.0,3.77
8237.00,9226.61,11888.04,27.70,3.050,0.00,50.0,3.64
8238.00,9228.02,11890.73,27.75,3.039,0.00,50.0,3.52
8239.00,9229.43,11893.41,27.81,3.028,0.00,50.0,3.41
8240.00,9230.84,11896.08,27.87,3.018,0.00,50.0,3.29
8241.00,9232.25,11898.74,27.92,3.008,0.00,50.0,3.18
8242.00,9233.65,11901.39,27.97,2.997,0.00,50.0,3.08
8243.00,9235.05,11904.03,28.02,2.987,0.00,50.0,2.97
8244.00,9236.45,11906.66,28.07,2.978,0.00,50.0,2.87
8245.00,9237.85,11909.28,28.11,2.968,0.00,50.0,2.78
8246.00,9239.24,11911.89,28.16,2.959,0.00,50.0,2.69
8247.00,9240.63,11914.49,28.20,2.950,0.00,50.0,2.60
8248.00,9242.02,11917.08,28.24,2.941,0.00,50.0,2.51
8249.00,9243.41,11919.66,28.28,2.932,0.00,50.0,2.43
8250.00,9244.79,11922.24,28.32,2.923,0.00,50.0,2.35
8251.00,9246.18,11924.80,28.36,2.915,0.00,50.0,2.27
8252.00,9247.56,11927.36,28.40,2.906,0.00,50.0,2.19
8253.00,9248.94,11929.91,28.43,2.898,0.00,50.0,2.12
8254.00,9250.31,11932.45,28.47,2.890,0.00,50.0,2.05
8255.00,9251.69,11934.98,28.50,2.882,0.00,50.0,1.98
8256.00,9253.06,11937.51,28.53,2.875,0.00,50.0,1.91
8257.00,9254.43,11940.03,28.56,2.867,0.00,50.0,1.85
8258.00,9255.79,11942.54,28.59,2.860,0.00,50.0,1.79
8259.00,9257.16,11945.05,28.62,2.853,0.00,50.0,1.73
8260.00,9258.52,11947.54,28.65,2.846,0.00,50.0,1.67
8261.00,9259.88,11950.04,28.68,2.839,0.00,50.0,1.62
8262.00,9261.24,11952.52,28.70,2.832,0.00,50.0,1.56
8263.00,9262.60,11955.00,28.73,2.825,0.00,50.0,1.51
8264.00,9263.95,11957.47,28.75,2.819,0.00,50.0,1.46
8265.00,9265.31,11959.94,28.78,2.813,0.00,50.0,1.41
8266.00,9266.66,11962.40,28.80,2.806,0.00,50.0,1.36
8267.00,9268.01,11964.85,28.82,2.800,0.00,50.0,1.32
8268.00,9269.36,11967.31,28.84,2.804,5.00,60.0,1.33
8269.00,9270.71,11969.77,28.86,2.808,5.00,60.0,1.34
8270.00,9272.07,11972.23,28.89,2.812,5.00,60.0,1.36
8271.00,9273.43,11974.69,28.91,2.816,5.00,60.0,1.37
8272.00,9274.79,11977.16,28.93,2.819,5.00,60.0,1.38
8273.00,9276.16,11979.63,28.96,2.823,5.00,60.0,1.39
8274.00,9277.53,11982.11,28.98,2.836,10.00,70.0,1.46
8275.00,9278.91,11984.61,29.01,2.850,10.00,70.0,1.52
8276.00,9280.30,11987.11,29.03,2.863,10.00,70.0,1.59
8277.00,9281.70,11989.63,29.06,2.876,10.00,70.0,1.65
8278.00,9283.10,11992.15,29.09,2.888,10.00,70.0,1.71
8279.00,9284.51,11994.68,29.12,2.900,10.00,70.0,1.77
8280.00,9285.93,11997.23,29.15,2.912,10.00,70.0,1.82
8281.00,9287.35,11999.77,29.18,2.914,5.00,60.0,1.82
8282.00,9288.77,12002.32,29.21,2.916,5.00,60.0,1.81
8283.00,9290.19,12004.87,29.24,2.917,5.00,60.0,1.81
8284.00,9291.62,12007.41,29.27,2.919,5.00,60.0,1.81
8285.00,9293.05,12009.96,29.30,2.921,5.00,60.0,1.80
8286.00,9294.48,12012.51,29.33,2.922,5.00,60.0,1.80
8287.00,9295.91,12015.06,29.36,2.924,5.00,60.0,1.80
8288.00,9297.34,12017.61,29.39,2.925,5.00,60.0,1.80
8289.00,9298.77,12020.15,29.42,2.917,0.00,50.0,1.74
8290.00,9300.20,12022.68,29.45,2.908,0.00,50.0,1.68
8291.00,9301.63,12025.21,29.47,2.900,0.00,50.0,1.62
8292.00,9303.05,12027.73,29.50,2.892,0.00,50.0,1.57
8293.00,9304.47,12030.24,29.52,2.884,0.00,50.0,1.52
8294.00,9305.89,12032.74,29.55,2.877,0.00,50.0,1.47
8295.00,9307.30,12035.24,29.57,2.869,0.00,50.0,1.42
8296.00,9308.72,12037.73,29.60,2.862,0.00,50.0,1.37
8297.00,9310.13,12040.21,29.62,2.855,0.00,50.0,1.32
8298.00,9311.53,12042.68,29.64,2.848,0.00,50.0,1.28
8299.00,9312.94,12045.15,29.66,2.841,0.00,50.0,1.24
8300.00,9314.34,12047.61,29.68,2.834,0.00,50.0,1.20
8301.00,9315.74,12050.07,29.70,2.827,0.00,50.0,1.16
8302.00,9317.14,12052.52,29.72,2.821,0.00,50.0,1.12
8303.00,9318.53,12054.96,29.74,2.814,0.00,50.0,1.08
8304.00,9319.93,12057.40,29.75,2.808,0.00,50.0,1.04
8305.00,9321.32,12059.84,29.77,2.802,0.00,50.0,1.01
8306.00,9322.70,12062.26,29.79,2.796,0.00,50.0,0.98
8307.00,9324.09,12064.68,29.80,2.790,0.00,50.0,0.94
8308.00,9325.47,12067.10,29.82,2.784,0.00,50.0,0.91
8309.00,9326.86,12069.51,29.83,2.778,0.00,50.0,0.88
8310.00,9328.23,12071.91,29.85,2.773,0.00,50.0,0.85
8311.00,9329.61,12074.31,29.86,2.767,0.00,50.0,0.82
8312.00,9330.99,12076.71,29.87,2.762,0.00,50.0,0.80
8313.00,9332.36,12079.10,29.89,2.757,0.00,50.0,0.77
8314.00,9333.73,12081.49,29.90,2.752,0.00,50.0,0.74
8315.00,9335.10,12083.87,29.91,2.747,0.00,50.0,0.72
8316.00,9336.47,12086.24,29.92,2.742,0.00,50.0,0.70
8317.00,9337.83,12088.62,29.93,2.737,0.00,50.0,0.67
8318.00,9339.20,12090.98,29.94,2.732,0.00,50.0,0.65
8319.00,9340.56,12093.35,29.95,2.727,0.00,50.0,0.63
8320.00,9341.92,12095.71,29.96,2.723,0.00,50.0,0.61
8321.00,9343.27,12098.06,29.97,2.718,0.00,50.0,0.59
8322.00,9344.63,12100.41,29.98,2.714,0.00,50.0,0.57
8323.00,9345.98,12102.76,29.99,2.710,0.00,50.0,0.55
8324.00,9347.34,12105.10,30.00,2.706,0.00,50.0,0.53
8325.00,9348.69,12107.44,30.01,2.701,0.00,50.0,0.51
8326.00,9350.04,12109.78,30.02,2.697,0.00,50.0,0.50
8327.00,9351.38,12112.11,30.03,2.693,0.00,50.0,0.48
8328.00,9352.73,12114.44,30.03,2.690,0.00,50.0,0.46
8329.00,9354.07,12116.76,30.04,2.686,0.00,50.0,0.45
8330.00,9355.42,12119.09,30.05,2.682,0.00,50.0,0.43
8331.00,9356.76,12121.41,30.06,2.688,5.00,60.0,0.48
8332.00,9358.11,12123.74,30.06,2.695,5.00,60.0,0.52
8333.00,9359.47,12126.08,30.07,2.701,5.00,60.0,0.56
8334.00,9360.82,12128.42,30.08,2.707,5.00,60.0,0.59
8335.00,9362.18,12130.77,30.09,2.713,5.00,60.0,0.63
8336.00,9363.54,12133.12,30.11,2.718,5.00,60.0,0.67
8337.00,9364.92,12135.49,30.12,2.734,10.00,70.0,0.76
8338.00,9366.30,12137.87,30.13,2.749,10.00,70.0,0.85
8339.00,9367.68,12140.26,30.15,2.764,10.00,70.0,0.94
8340.00,9369.08,12142.66,30.16,2.779,10.00,70.0,1.02
8341.00,9370.48,12145.08,30.18,2.793,10.00,70.0,1.10
8342.00,9371.89,12147.49,30.20,2.798,5.00,60.0,1.12
8343.00,9373.30,12149.92,30.22,2.802,5.00,60.0,1.14
8344.00,9374.71,12152.34,30.24,2.806,5.00,60.0,1.16
8345.00,9376.13,12154.77,30.26,2.809,5.00,60.0,1.18
8346.00,9377.54,12157.20,30.28,2.813,5.00,60.0,1.19
8347.00,9378.96,12159.63,30.30,2.817,5.00,60.0,1.21
8348.00,9380.39,12162.07,30.32,2.821,5.00,60.0,1.23
8349.00,9381.81,12164.49,30.34,2.814,0.00,50.0,1.19
8350.00,9383.23,12166.92,30.36,2.808,0.00,50.0,1.15
8351.00,9384.64,12169.34,30.38,2.802,0.00,50.0,1.11
8352.00,9386.06,12171.75,30.40,2.796,0.00,50.0,1.07
8353.00,9387.47,12174.15,30.41,2.790,0.00,50.0,1.04
8354.00,9388.88,12176.55,30.43,2.784,0.00,50.0,1.00
8355.00,9390.28,12178.95,30.45,2.778,0.00,50.0,0.97
8356.00,9391.69,12181.34,30.46,2.773,0.00,50.0,0.94
8357.00,9393.09,12183.73,30.48,2.767,0.00,50.0,0.91
8358.00,9394.49,12186.11,30.49,2.762,0.00,50.0,0.88
8359.00,9395.89,12188.48,30.51,2.757,0.00,50.0,0.85
8360.00,9397.29,12190.85,30.52,2.752,0.00,50.0,0.82
8361.00,9398.68,12193.22,30.53,2.747,0.00,50.0,0.79
8362.00,9400.08,12195.58,30.54,2.742,0.00,50.0,0.76
8363.00,9401.47,12197.94,30.56,2.737,0.00,50.0,0.74
8364.00,9402.86,12200.29,30.57,2.732,0.00,50.0,0.71
8365.00,9404.24,12202.64,30.58,2.727,0.00,50.0,0.69
8366.00,9405.63,12204.98,30.59,2.723,0.00,50.0,0.67
8367.00,9407.01,12207.32,30.60,2.718,0.00,50.0,0.65
8368.00,9408.39,12209.66,30.61,2.714,0.00,50.0,0.62
8369.00,9409.77,12211.99,30.62,2.710,0.00,50.0,0.60
8370.00,9411.15,12214.32,30.63,2.706,0.00,50.0,0.58
8371.00,9412.53,12216.64,30.64,2.702,0.00,50.0,0.56
8372.00,9413.90,12218.97,30.65,2.697,0.00,50.0,0.54
8373.00,9415.28,12221.28,30.66,2.694,0.00,50.0,0.53
8374.00,9416.65,12223.60,30.67,2.690,0.00,50.0,0.51
8375.00,9418.02,12225.91,30.68,2.686,0.00,50.0,0.49
8376.00,9419.39,12228.21,30.68,2.682,0.00,50.0,0.48
8377.00,9420.75,12230.52,30.69,2.679,0.00,50.0,0.46
8378.00,9422.12,12232.82,30.70,2.675,0.00,50.0,0.44
8379.00,9423.48,12235.11,30.71,2.671,0.00,50.0,0.43
8380.00,9424.84,12237.41,30.71,2.668,0.00,50.0,0.42
8381.00,9426.21,12239.70,30.72,2.665,0.00,50.0,0.40
8382.00,9427.56,12241.99,30.73,2.661,0.00,50.0,0.39
8383.00,9428.92,12244.27,30.73,2.658,0.00,50.0,0.38
8384.00,9430.28,12246.55,30.74,2.655,0.00,50.0,0.36
8385.00,9431.64,12248.83,30.74,2.652,0.00,50.0,0.35
8386.00,9432.99,12251.11,30.75,2.649,0.00,50.0,0.34
8387.00,9434.34,12253.38,30.76,2.646,0.00,50.0,0.33
8388.00,9435.69,12255.65,30.76,2.643,0.00,50.0,0.32
8389.00,9437.04,12257.92,30.77,2.640,0.00,50.0,0.31
8390.00,9438.39,12260.19,30.77,2.637,0.00,50.0,0.30
8391.00,9439.74,12262.45,30.78,2.635,0.00,50.0,0.29
8392.00,9441.09,12264.71,30.78,2.632,0.00,50.0,0.28
8393.00,9442.43,12266.97,30.79,2.629,0.00,50.0,0.27
8394.00,9443.78,12269.23,30.79,2.627,0.00,50.0,0.26
8395.00,9445.12,12271.48,30.79,2.624,0.00,50.0,0.25
8396.00,9446.46,12273.74,30.80,2.622,0.00,50.0,0.24
8397.00,9447.80,12275.99,30.80,2.619,0.00,50.0,0.23
8398.00,9449.14,12278.23,30.81,2.617,0.00,50.0,0.23
8399.00,9450.48,12280.48,30.81,2.614,0.00,50.0,0.22
8400.00,9451.82,12282.72,30.81,2.612,0.00,50.0,0.21
8401.00,9453.16,12284.96,30.82,2.610,0.00,50.0,0.20
8402.00,9454.49,12287.20,30.82,2.608,0.00,50.0,0.20
8403.00,9455.83,12289.44,30.82,2.606,0.00,50.0,0.19
8404.00,9457.17,12291.69,30.83,2.613,5.00,60.0,0.24
8405.00,9458.51,12293.94,30.83,2.621,5.00,60.0,0.29
8406.00,9459.86,12296.19,30.84,2.629,5.00,60.0,0.34
8407.00,9461.21,12298.46,30.84,2.636,5.00,60.0,0.38
8408.00,9462.56,12300.73,30.85,2.643,5.00,60.0,0.43
8409.00,9463.92,12303.00,30.86,2.651,5.00,60.0,0.47
8410.00,9465.29,12305.28,30.87,2.658,5.00,60.0,0.51
8411.00,9466.65,12307.57,30.88,2.664,5.00,60.0,0.55
8412.00,9468.02,12309.85,30.88,2.661,0.00,50.0,0.53
8413.00,9469.38,12312.14,30.89,2.658,0.00,50.0,0.52
8414.00,9470.75,12314.41,30.90,2.655,0.00,50.0,0.50
8415.00,9472.11,12316.69,30.91,2.652,0.00,50.0,0.48
8416.00,9473.47,12318.96,30.92,2.649,0.00,50.0,0.47
8417.00,9474.83,12321.23,30.93,2.646,0.00,50.0,0.45
8418.00,9476.19,12323.50,30.93,2.643,0.00,50.0,0.44
8419.00,9477.54,12325.76,30.94,2.640,0.00,50.0,0.42
8420.00,9478.90,12328.02,30.95,2.637,0.00,50.0,0.41
8421.00,9480.25,12330.28,30.95,2.634,0.00,50.0,0.39
8422.00,9481.61,12332.54,30.96,2.632,0.00,50.0,0.38
8423.00,9482.96,12334.80,30.97,2.629,0.00,50.0,0.37
8424.00,9484.31,12337.05,30.97,2.626,0.00,50.0,0.36
8425.00,9485.66,12339.30,30.98,2.624,0.00,50.0,0.34
8426.00,9487.01,12341.54,30.98,2.621,0.00,50.0,0.33
8427.00,9488.36,12343.79,30.99,2.619,0.00,50.0,0.32
8428.00,9489.71,12346.03,30.99,2.617,0.00,50.0,0.31
8429.00,9491.05,12348.27,31.00,2.614,0.00,50.0,0.30
8430.00,9492.40,12350.51,31.00,2.612,0.00,50.0,0.29
8431.00,9493.74,12352.75,31.01,2.610,5.00,50.0,0.34
8432.00,9495.09,12354.99,31.01,2.608,5.00,50.0,0.38
8433.00,9496.43,12357.22,31.02,2.605,5.00,50.0,0.43
8434.00,9497.77,12359.45,31.03,2.603,5.00,50.0,0.47
8435.00,9499.11,12361.68,31.04,2.601,5.00,50.0,0.51
8436.00,9500.45,12363.91,31.05,2.599,5.00,50.0,0.55
8437.00,9501.79,12366.13,31.06,2.597,5.00,50.0,0.59
8438.00,9503.13,12368.35,31.07,2.595,5.00,50.0,0.63
8439.00,9504.47,12370.58,31.08,2.593,0.00,50.0,0.61
8440.00,9505.81,12372.79,31.09,2.592,0.00,50.0,0.59
8441.00,9507.14,12375.01,31.10,2.590,0.00,50.0,0.57
8442.00,9508.48,12377.23,31.11,2.588,0.00,50.0,0.55
8443.00,9509.81,12379.44,31.12,2.586,0.00,50.0,0.53
8444.00,9511.15,12381.66,31.12,2.584,0.00,50.0,0.51
8445.00,9512.49,12383.87,31.13,2.583,0.00,50.0,0.50
8446.00,9513.82,12386.08,31.14,2.581,0.00,50.0,0.48
8447.00,9515.15,12388.28,31.15,2.579,0.00,50.0,0.46
8448.00,9516.49,12390.49,31.16,2.578,0.00,50.0,0.45
8449.00,9517.82,12392.69,31.16,2.576,0.00,50.0,0.43
8450.00,9519.15,12394.90,31.17,2.575,0.00,50.0,0.42
8451.00,9520.49,12397.11,31.18,2.583,5.00,60.0,0.46
8452.00,9521.83,12399.33,31.19,2.592,5.00,60.0,0.50
8453.00,9523.18,12401.55,31.19,2.600,5.00,60.0,0.54
8454.00,9524.53,12403.78,31.20,2.608,5.00,60.0,0.58
8455.00,9525.88,12406.02,31.21,2.616,5.00,60.0,0.62
8456.00,9527.24,12408.26,31.23,2.623,5.00,60.0,0.66
8457.00,9528.61,12410.52,31.24,2.641,10.00,70.0,0.75
8458.00,9529.99,12412.79,31.25,2.658,10.00,70.0,0.84
8459.00,9531.38,12415.08,31.27,2.675,10.00,70.0,0.92
8460.00,9532.77,12417.38,31.28,2.691,10.00,70.0,1.01
8461.00,9534.18,12419.69,31.30,2.708,10.00,70.0,1.09
8462.00,9535.60,12422.02,31.32,2.723,10.00,70.0,1.17
8463.00,9537.01,12424.35,31.34,2.729,5.00,60.0,1.19
8464.00,9538.44,12426.69,31.36,2.734,5.00,60.0,1.20
8465.00,9539.86,12429.03,31.38,2.740,5.00,60.0,1.22
8466.00,9541.29,12431.37,31.40,2.745,5.00,60.0,1.24
8467.00,9542.72,12433.72,31.42,2.750,5.00,60.0,1.25
8468.00,9544.16,12436.07,31.44,2.755,5.00,60.0,1.27
8469.00,9545.60,12438.41,31.46,2.750,0.00,50.0,1.23
8470.00,9547.03,12440.75,31.48,2.745,0.00,50.0,1.18
8471.00,9548.46,12443.09,31.50,2.740,0.00,50.0,1.15
8472.00,9549.89,12445.42,31.52,2.735,0.00,50.0,1.11
8473.00,9551.32,12447.75,31.54,2.730,0.00,50.0,1.07
8474.00,9552.74,12450.07,31.56,2.726,0.00,50.0,1.03
8475.00,9554.17,12452.39,31.57,2.721,0.00,50.0,1.00
8476.00,9555.59,12454.71,31.59,2.717,5.00,50.0,1.02
8477.00,9557.01,12457.02,31.61,2.713,5.00,50.0,1.05
8478.00,9558.43,12459.33,31.63,2.708,5.00,50.0,1.07
8479.00,9559.85,12461.63,31.64,2.704,5.00,50.0,1.09
8480.00,9561.26,12463.93,31.66,2.700,5.00,50.0,1.11
8481.00,9562.68,12466.22,31.68,2.696,5.00,50.0,1.13
8482.00,9564.09,12468.51,31.70,2.692,5.00,50.0,1.15
8483.00,9565.51,12470.80,31.72,2.688,0.00,50.0,1.11
8484.00,9566.92,12473.08,31.74,2.685,0.00,50.0,1.08
8485.00,9568.33,12475.36,31.75,2.681,0.00,50.0,1.04
8486.00,9569.74,12477.64,31.77,2.677,0.00,50.0,1.00
8487.00,9571.14,12479.91,31.79,2.674,0.00,50.0,0.97
8488.00,9572.55,12482.18,31.80,2.670,0.00,50.0,0.94
8489.00,9573.96,12484.45,31.82,2.667,0.00,50.0,0.91
8490.00,9575.36,12486.71,31.83,2.663,0.00,50.0,0.88
8491.00,9576.76,12488.97,31.85,2.660,0.00,50.0,0.85
8492.00,9578.17,12491.23,31.86,2.657,0.00,50.0,0.82
8493.00,9579.57,12493.48,31.87,2.654,0.00,50.0,0.79
8494.00,9580.97,12495.73,31.89,2.651,0.00,50.0,0.77
8495.00,9582.36,12497.98,31.90,2.648,0.00,50.0,0.74
8496.00,9583.76,12500.23,31.91,2.645,0.00,50.0,0.72
8497.00,9585.16,12502.47,31.92,2.642,0.00,50.0,0.69
8498.00,9586.55,12504.71,31.93,2.639,0.00,50.0,0.67
8499.00,9587.95,12506.95,31.94,2.636,0.00,50.0,0.65
8500.00,9589.34,12509.18,31.95,2.634,0.00,50.0,0.63
8501.00,9590.73,12511.41,31.97,2.631,0.00,50.0,0.60
8502.00,9592.13,12513.64,31.97,2.628,0.00,50.0,0.58
8503.00,9593.52,12515.87,31.98,2.626,0.00,50.0,0.56
8504.00,9594.91,12518.10,31.99,2.623,0.00,50.0,0.55
8505.00,9596.29,12520.32,32.00,2.621,0.00,50.0,0.53
8506.00,9597.68,12522.54,32.01,2.618,0.00,50.0,0.51
8507.00,9599.07,12524.76,32.02,2.616,0.00,50.0,0.49
8508.00,9600.45,12526.97,32.03,2.614,0.00,50.0,0.48
8509.00,9601.84,12529.19,32.03,2.611,0.00,50.0,0.46
8510.00,9603.22,12531.40,32.04,2.609,0.00,50.0,0.45
8511.00,9604.61,12533.61,32.05,2.607,0.00,50.0,0.43
8512.00,9605.99,12535.82,32.06,2.605,0.00,50.0,0.42
8513.00,9607.37,12538.02,32.06,2.603,0.00,50.0,0.40
8514.00,9608.75,12540.23,32.07,2.601,0.00,50.0,0.39
8515.00,9610.13,12542.43,32.08,2.599,0.00,50.0,0.38
8516.00,9611.51,12544.63,32.08,2.597,0.00,50.0,0.36
8517.00,9612.89,12546.83,32.09,2.595,0.00,50.0,0.35
8518.00,9614.26,12549.02,32.09,2.593,0.00,50.0,0.34
8519.00,9615.64,12551.22,32.10,2.591,0.00,50.0,0.33
8520.00,9617.02,12553.41,32.10,2.589,0.00,50.0,0.32
8521.00,9618.39,12555.61,32.11,2.587,0.00,50.0,0.31
8522.00,9619.77,12557.80,32.11,2.586,0.00,50.0,0.30
8523.00,9621.14,12559.98,32.12,2.584,0.00,50.0,0.29
8524.00,9622.51,12562.17,32.12,2.582,0.00,50.0,0.28
8525.00,9623.89,12564.36,32.13,2.581,0.00,50.0,0.27
8526.00,9625.26,12566.54,32.13,2.579,0.00,50.0,0.26
8527.00,9626.63,12568.72,32.14,2.577,0.00,50.0,0.25
8528.00,9628.00,12570.90,32.14,2.576,0.00,50.0,0.24
8529.00,9629.37,12573.08,32.14,2.574,0.00,50.0,0.23
8530.00,9630.74,12575.26,32.15,2.573,0.00,50.0,0.23
8531.00,9632.10,12577.44,32.15,2.571,0.00,50.0,0.22
8532.00,9633.47,12579.62,32.16,2.570,0.00,50.0,0.21
8533.00,9634.84,12581.79,32.16,2.569,0.00,50.0,0.20
8534.00,9636.21,12583.96,32.16,2.567,0.00,50.0,0.20
8535.00,9637.57,12586.14,32.16,2.566,0.00,50.0,0.19
8536.00,9638.94,12588.31,32.17,2.565,0.00,50.0,0.18
8537.00,9640.30,12590.48,32.17,2.563,0.00,50.0,0.18
8538.00,9641.67,12592.65,32.17,2.562,0.00,50.0,0.17
8539.00,9643.03,12594.81,32.18,2.561,0.00,50.0,0.17
8540.00,9644.39,12596.98,32.18,2.560,0.00,50.0,0.16
8541.00,9645.75,12599.14,32.18,2.558,0.00,50.0,0.16
8542.00,9647.12,12601.31,32.18,2.557,0.00,50.0,0.15
8543.00,9648.48,12603.47,32.19,2.556,0.00,50.0,0.15
8544.00,9649.84,12605.63,32.19,2.555,0.00,50.0,0.14
8545.00,9651.20,12607.80,32.19,2.554,0.00,50.0,0.14
8546.00,9652.56,12609.96,32.19,2.553,0.00,50.0,0.13
8547.00,9653.92,12612.12,32.20,2.552,0.00,50.0,0.13
8548.00,9655.28,12614.27,32.20,2.551,0.00,50.0,0.12
8549.00,9656.64,12616.43,32.20,2.550,0.00,50.0,0.12
8550.00,9657.99,12618.59,32.20,2.549,0.00,50.0,0.11
8551.00,9659.35,12620.74,32.20,2.548,0.00,50.0,0.11
8552.00,9660.71,12622.90,32.21,2.547,0.00,50.0,0.11
8553.00,9662.07,12625.05,32.21,2.546,0.00,50.0,0.10
8554.00,9663.42,12627.21,32.21,2.545,0.00,50.0,0.10
8555.00,9664.78,12629.36,32.21,2.544,0.00,50.0,0.10
8556.00,9666.13,12631.51,32.21,2.543,0.00,50.0,0.09
8557.00,9667.49,12633.66,32.21,2.542,0.00,50.0,0.09
8558.00,9668.84,12635.81,32.21,2.541,0.00,50.0,0.09
8559.00,9670.20,12637.96,32.22,2.541,0.00,50.0,0.08
8560.00,9671.55,12640.11,32.22,2.540,0.00,50.0,0.08
8561.00,9672.91,12642.26,32.22,2.539,0.00,50.0,0.08
8562.00,9674.26,12644.40,32.22,2.538,0.00,50.0,0.08
8563.00,9675.61,12646.55,32.22,2.537,0.00,50.0,0.07
8564.00,9676.96,12648.70,32.22,2.537,0.00,50.0,0.07
8565.00,9678.32,12650.84,32.22,2.536,0.00,50.0,0.07
8566.00,9679.67,12652.99,32.22,2.535,0.00,50.0,0.07
8567.00,9681.02,12655.13,32.23,2.535,0.00,50.0,0.06
8568.00,9682.37,12657.28,32.23,2.534,0.00,50.0,0.06
8569.00,9683.72,12659.42,32.23,2.533,0.00,50.0,0.06
8570.00,9685.07,12661.56,32.23,2.532,0.00,50.0,0.06
8571.00,9686.42,12663.70,32.23,2.532,0.00,50.0,0.06
8572.00,9687.77,12665.84,32.23,2.531,0.00,50.0,0.05
8573.00,9689.12,12667.98,32.23,2.531,0.00,50.0,0.05
8574.00,9690.47,12670.12,32.23,2.530,0.00,50.0,0.05
8575.00,9691.82,12672.26,32.23,2.529,0.00,50.0,0.05
8576.00,9693.17,12674.40,32.23,2.529,0.00,50.0,0.05
8577.00,9694.52,12676.54,32.23,2.528,0.00,50.0,0.05
8578.00,9695.87,12678.68,32.24,2.528,0.00,50.0,0.04
8579.00,9697.21,12680.82,32.24,2.527,0.00,50.0,0.04
8580.00,9698.56,12682.95,32.24,2.527,0.00,50.0,0.04
8581.00,9699.91,12685.09,32.24,2.526,0.00,50.0,0.04
8582.00,9701.26,12687.23,32.24,2.525,0.00,50.0,0.04
8583.00,9702.60,12689.36,32.24,2.525,0.00,50.0,0.04
8584.00,9703.95,12691.50,32.24,2.524,0.00,50.0,0.04
8585.00,9705.30,12693.63,32.24,2.524,0.00,50.0,0.04
8586.00,9706.64,12695.77,32.24,2.524,0.00,50.0,0.03
8587.00,9707.99,12697.90,32.24,2.523,0.00,50.0,0.03
8588.00,9709.33,12700.03,32.24,2.523,0.00,50.0,0.03
8589.00,9710.68,12702.17,32.24,2.522,0.00,50.0,0.03
8590.00,9712.03,12704.30,32.24,2.522,0.00,50.0,0.03
8591.00,9713.37,12706.43,32.24,2.521,0.00,50.0,0.03
8592.00,9714.72,12708.56,32.24,2.521,0.00,50.0,0.03
8593.00,9716.06,12710.70,32.24,2.520,0.00,50.0,0.03
8594.00,9717.40,12712.83,32.24,2.520,0.00,50.0,0.03
8595.00,9718.75,12714.96,32.25,2.520,0.00,50.0,0.02
8596.00,9720.09,12717.09,32.25,2.519,0.00,50.0,0.02
8597.00,9721.44,12719.22,32.25,2.519,0.00,50.0,0.02
8598.00,9722.78,12721.35,32.25,2.518,0.00,50.0,0.02
8599.00,9724.12,12723.48,32.25,2.518,0.00,50.0,0.02
8600.00,9725.47,12725.61,32.25,2.518,0.00,50.0,0.02
8601.00,9726.81,12727.74,32.25,2.517,0.00,50.0,0.02
8602.00,9728.15,12729.87,32.25,2.517,0.00,50.0,0.02
8603.00,9729.50,12732.00,32.25,2.517,0.00,50.0,0.02
8604.00,9730.84,12734.12,32.25,2.516,0.00,50.0,0.02
8605.00,9732.18,12736.25,32.25,2.516,0.00,50.0,0.02
8606.00,9733.52,12738.38,32.25,2.516,0.00,50.0,0.02
8607.00,9734.87,12740.51,32.25,2.515,0.00,50.0,0.02
8608.00,9736.21,12742.63,32.25,2.515,0.00,50.0,0.02
8609.00,9737.55,12744.76,32.25,2.515,0.00,50.0,0.02
8610.00,9738.89,12746.89,32.25,2.514,0.00,50.0,0.02
8611.00,9740.23,12749.01,32.25,2.514,0.00,50.0,0.01
8612.00,9741.58,12751.14,32.25,2.514,0.00,50.0,0.01
8613.00,9742.92,12753.27,32.25,2.514,0.00,50.0,0.01
8614.00,9744.26,12755.39,32.25,2.513,0.00,50.0,0.01
8615.00,9745.60,12757.52,32.25,2.513,0.00,50.0,0.01
8616.00,9746.94,12759.64,32.25,2.513,0.00,50.0,0.01
8617.00,9748.28,12761.77,32.25,2.513,0.00,50.0,0.01
8618.00,9749.62,12763.89,32.25,2.512,0.00,50.0,0.01
8619.00,9750.96,12766.02,32.25,2.512,0.00,50.0,0.01
8620.00,9752.30,12768.14,32.25,2.512,0.00,50.0,0.01
8621.00,9753.64,12770.26,32.25,2.512,0.00,50.0,0.01
8622.00,9754.98,12772.39,32.25,2.511,0.00,50.0,0.01
8623.00,9756.32,12774.51,32.25,2.511,0.00,50.0,0.01
8624.00,9757.66,12776.63,32.25,2.511,0.00,50.0,0.01
8625.00,9759.00,12778.76,32.25,2.511,0.00,50.0,0.01
8626.00,9760.34,12780.88,32.25,2.510,0.00,50.0,0.01
8627.00,9761.68,12783.00,32.25,2.510,0.00,50.0,0.01
8628.00,9763.02,12785.13,32.25,2.510,0.00,50.0,0.01
8629.00,9764.36,12787.25,32.25,2.510,0.00,50.0,0.01
8630.00,9765.70,12789.37,32.25,2.510,0.00,50.0,0.01
8631.00,9767.04,12791.49,32.25,2.509,0.00,50.0,0.01
8632.00,9768.38,12793.62,32.25,2.509,0.00,50.0,0.01
8633.00,9769.72,12795.74,32.25,2.509,0.00,50.0,0.01
8634.00,9771.06,12797.86,32.25,2.509,0.00,50.0,0.01
8635.00,9772.40,12799.98,32.25,2.509,0.00,50.0,0.01
8636.00,9773.73,12802.10,32.25,2.509,0.00,50.0,0.01
8637.00,9775.07,12804.22,32.25,2.508,0.00,50.0,0.01
8638.00,9776.41,12806.35,32.25,2.508,0.00,50.0,0.01
8639.00,9777.75,12808.47,32.25,2.508,0.00,50.0,0.01
8640.00,9779.09,12810.59,32.25,2.508,0.00,50.0,0.01
8641.00,9780.43,12812.71,32.25,2.508,0.00,50.0,0.01
8642.00,9781.76,12814.83,32.25,2.508,0.00,50.0,0.01
8643.00,9783.10,12816.95,32.25,2.507,0.00,50.0,0.00
8644.00,9784.44,12819.07,32.25,2.507,0.00,50.0,0.00
8645.00,9785.78,12821.19,32.25,2.507,0.00,50.0,0.00
8646.00,9787.12,12823.31,32.26,2.507,0.00,50.0,0.00
8647.00,9788.45,12825.43,32.26,2.507,0.00,50.0,0.00
8648.00,9789.79,12827.55,32.26,2.507,0.00,50.0,0.00
8649.00,9791.13,12829.67,32.26,2.507,0.00,50.0,0.00
8650.00,9792.47,12831.79,32.26,2.506,0.00,50.0,0.00
8651.00,9793.81,12833.91,32.26,2.506,0.00,50.0,0.00
8652.00,9795.14,12836.03,32.26,2.506,0.00,50.0,0.00
8653.00,9796.48,12838.15,32.26,2.506,0.00,50.0,0.00
8654.00,9797.82,12840.27,32.26,2.506,0.00,50.0,0.00
8655.00,9799.16,12842.39,32.26,2.506,0.00,50.0,0.00
8656.00,9800.49,12844.51,32.26,2.506,0.00,50.0,0.00
8657.00,9801.83,12846.62,32.26,2.506,0.00,50.0,0.00
8658.00,9803.17,12848.74,32.26,2.505,0.00,50.0,0.00
8659.00,9804.50,12850.86,32.26,2.505,0.00,50.0,0.00
8660.00,9805.84,12852.98,32.26,2.505,0.00,50.0,0.00
8661.00,9807.18,12855.10,32.26,2.505,0.00,50.0,0.00
8662.00,9808.52,12857.22,32.26,2.505,0.00,50.0,0.00
8663.00,9809.85,12859.34,32.26,2.505,0.00,50.0,0.00
8664.00,9811.19,12861.45,32.26,2.505,0.00,50.0,0.00
8665.00,9812.53,12863.57,32.26,2.505,0.00,50.0,0.00
8666.00,9813.86,12865.69,32.26,2.505,0.00,50.0,0.00
8667.00,9815.20,12867.81,32.26,2.505,0.00,50.0,0.00
8668.00,9816.54,12869.93,32.26,2.504,0.00,50.0,0.00
8669.00,9817.87,12872.04,32.26,2.504,0.00,50.0,0.00
8670.00,9819.21,12874.16,32.26,2.504,0.00,50.0,0.00
8671.00,9820.55,12876.28,32.26,2.504,0.00,50.0,0.00
8672.00,9821.88,12878.40,32.26,2.504,0.00,50.0,0.00
8673.00,9823.22,12880.51,32.26,2.504,0.00,50.0,0.00
8674.00,9824.55,12882.63,32.26,2.504,5.00,50.0,0.06
8675.00,9825.89,12884.75,32.26,2.504,5.00,50.0,0.11
8676.00,9827.23,12886.87,32.26,2.504,5.00,50.0,0.17
8677.00,9828.56,12888.98,32.27,2.504,5.00,50.0,0.22
8678.00,9829.90,12891.10,32.27,2.504,5.00,50.0,0.27
8679.00,9831.24,12893.22,32.28,2.504,5.00,50.0,0.32
8680.00,9832.57,12895.34,32.28,2.504,5.00,50.0,0.36
8681.00,9833.91,12897.45,32.29,2.503,5.00,50.0,0.41
8682.00,9835.25,12899.57,32.29,2.503,0.00,50.0,0.39
8683.00,9836.59,12901.68,32.30,2.503,0.00,50.0,0.38
8684.00,9837.92,12903.80,32.31,2.503,0.00,50.0,0.37
8685.00,9839.26,12905.92,32.31,2.503,0.00,50.0,0.36
8686.00,9840.60,12908.03,32.32,2.503,0.00,50.0,0.34
8687.00,9841.94,12910.15,32.32,2.503,0.00,50.0,0.33
8688.00,9843.28,12912.26,32.33,2.503,0.00,50.0,0.32
8689.00,9844.61,12914.38,32.34,2.503,0.00,50.0,0.31
8690.00,9845.95,12916.49,32.34,2.503,0.00,50.0,0.30
8691.00,9847.29,12918.61,32.35,2.503,0.00,50.0,0.29
8692.00,9848.63,12920.72,32.35,2.503,0.00,50.0,0.28
8693.00,9849.97,12922.83,32.35,2.503,0.00,50.0,0.27
8694.00,9851.31,12924.95,32.36,2.503,0.00,50.0,0.26
8695.00,9852.65,12927.06,32.36,2.503,0.00,50.0,0.25
8696.00,9853.99,12929.18,32.37,2.503,0.00,50.0,0.25
8697.00,9855.33,12931.29,32.37,2.502,0.00,50.0,0.24
8698.00,9856.67,12933.40,32.37,2.502,0.00,50.0,0.23
8699.00,9858.01,12935.52,32.38,2.502,0.00,50.0,0.22
8700.00,9859.35,12937.63,32.38,2.502,0.00,50.0,0.21
8701.00,9860.69,12939.74,32.39,2.502,0.00,50.0,0.21
8702.00,9862.03,12941.86,32.39,2.502,0.00,50.0,0.20
8703.00,9863.37,12943.97,32.39,2.502,0.00,50.0,0.19
8704.00,9864.71,12946.08,32.40,2.502,0.00,50.0,0.19
8705.00,9866.05,12948.20,32.40,2.502,0.00,50.0,0.18
8706.00,9867.39,12950.31,32.40,2.502,0.00,50.0,0.18
8707.00,9868.73,12952.42,32.40,2.502,0.00,50.0,0.17
8708.00,9870.07,12954.53,32.41,2.502,0.00,50.0,0.16
8709.00,9871.41,12956.65,32.41,2.502,0.00,50.0,0.16
8710.00,9872.75,12958.76,32.41,2.502,0.00,50.0,0.15
8711.00,9874.09,12960.87,32.41,2.502,0.00,50.0,0.15
8712.00,9875.44,12962.98,32.42,2.502,0.00,50.0,0.14
8713.00,9876.78,12965.09,32.42,2.502,0.00,50.0,0.14
8714.00,9878.12,12967.21,32.42,2.502,0.00,50.0,0.13
8715.00,9879.46,12969.32,32.42,2.502,0.00,50.0,0.13
8716.00,9880.80,12971.43,32.43,2.502,0.00,50.0,0.12
8717.00,9882.14,12973.54,32.43,2.502,0.00,50.0,0.12
8718.00,9883.48,12975.65,32.43,2.502,0.00,50.0,0.12
8719.00,9884.83,12977.76,32.43,2.502,0.00,50.0,0.11
8720.00,9886.17,12979.87,32.43,2.502,0.00,50.0,0.11
8721.00,9887.51,12981.99,32.43,2.502,0.00,50.0,0.11
8722.00,9888.85,12984.10,32.44,2.502,0.00,50.0,0.10
8723.00,9890.19,12986.21,32.44,2.501,0.00,50.0,0.10
8724.00,9891.53,12988.32,32.44,2.501,0.00,50.0,0.10
8725.00,9892.88,12990.43,32.44,2.501,0.00,50.0,0.09
8726.00,9894.22,12992.54,32.44,2.501,0.00,50.0,0.09
8727.00,9895.56,12994.65,32.44,2.501,0.00,50.0,0.09
8728.00,9896.90,12996.76,32.45,2.501,0.00,50.0,0.08
8729.00,9898.24,12998.87,32.45,2.501,0.00,50.0,0.08
8730.00,9899.58,13000.99,32.45,2.501,0.00,50.0,0.08
8731.00,9900.93,13003.10,32.45,2.501,0.00,50.0,0.08
8732.00,9902.27,13005.21,32.45,2.501,0.00,50.0,0.07
8733.00,9903.61,13007.32,32.45,2.501,0.00,50.0,0.07
8734.00,9904.95,13009.43,32.45,2.501,0.00,50.0,0.07
8735.00,9906.30,13011.54,32.45,2.501,0.00,50.0,0.07
8736.00,9907.64,13013.65,32.46,2.501,0.00,50.0,0.06
8737.00,9908.98,13015.76,32.46,2.501,0.00,50.0,0.06
8738.00,9910.32,13017.87,32.46,2.501,0.00,50.0,0.06
8739.00,9911.66,13019.98,32.46,2.501,0.00,50.0,0.06
8740.00,9913.01,13022.09,32.46,2.501,0.00,50.0,0.06
8741.00,9914.35,13024.20,32.46,2.501,0.00,50.0,0.05
8742.00,9915.69,13026.31,32.46,2.501,0.00,50.0,0.05
8743.00,9917.03,13028.42,32.46,2.501,0.00,50.0,0.05
8744.00,9918.38,13030.53,32.46,2.501,0.00,50.0,0.05
8745.00,9919.72,13032.64,32.46,2.501,0.00,50.0,0.05
8746.00,9921.06,13034.75,32.46,2.501,0.00,50.0,0.05
8747.00,9922.40,13036.86,32.46,2.501,0.00,50.0,0.04
8748.00,9923.75,13038.97,32.47,2.501,0.00,50.0,0.04
8749.00,9925.09,13041.08,32.47,2.501,0.00,50.0,0.04
8750.00,9926.43,13043.19,32.47,2.501,0.00,50.0,0.04
8751.00,9927.77,13045.30,32.47,2.501,0.00,50.0,0.04
8752.00,9929.12,13047.41,32.47,2.501,0.00,50.0,0.04
8753.00,9930.46,13049.52,32.47,2.501,0.00,50.0,0.04
8754.00,9931.80,13051.63,32.47,2.501,0.00,50.0,0.03
8755.00,9933.14,13053.74,32.47,2.501,0.00,50.0,0.03
8756.00,9934.49,13055.85,32.47,2.501,0.00,50.0,0.03
8757.00,9935.83,13057.96,32.47,2.501,0.00,50.0,0.03
8758.00,9937.17,13060.07,32.47,2.501,0.00,50.0,0.03
8759.00,9938.51,13062.18,32.47,2.501,0.00,50.0,0.03
8760.00,9939.86,13064.29,32.47,2.501,0.00,50.0,0.03
8761.00,9941.20,13066.40,32.47,2.501,0.00,50.0,0.03
8762.00,9942.54,13068.51,32.47,2.501,0.00,50.0,0.03
8763.00,9943.88,13070.62,32.47,2.501,0.00,50.0,0.03
8764.00,9945.23,13072.73,32.47,2.501,0.00,50.0,0.02
8765.00,9946.57,13074.84,32.47,2.501,0.00,50.0,0.02
8766.00,9947.91,13076.95,32.47,2.501,0.00,50.0,0.02
8767.00,9949.25,13079.06,32.48,2.501,0.00,50.0,0.02
8768.00,9950.60,13081.17,32.48,2.501,0.00,50.0,0.02
8769.00,9951.94,13083.28,32.48,2.501,0.00,50.0,0.02
8770.00,9953.28,13085.39,32.48,2.501,0.00,50.0,0.02
8771.00,9954.62,13087.50,32.48,2.501,0.00,50.0,0.02
8772.00,9955.97,13089.61,32.48,2.501,0.00,50.0,0.02
8773.00,9957.31,13091.72,32.48,2.501,0.00,50.0,0.02
8774.00,9958.65,13093.82,32.48,2.501,0.00,50.0,0.02
8775.00,9960.00,13095.93,32.48,2.501,0.00,50.0,0.02
8776.00,9961.34,13098.04,32.48,2.501,0.00,50.0,0.02
8777.00,9962.68,13100.15,32.48,2.500,0.00,50.0,0.02
8778.00,9964.02,13102.26,32.48,2.500,0.00,50.0,0.02
8779.00,9965.37,13104.37,32.48,2.500,0.00,50.0,0.01
8780.00,9966.71,13106.48,32.48,2.500,0.00,50.0,0.01
8781.00,9968.05,13108.59,32.48,2.500,0.00,50.0,0.01
8782.00,9969.39,13110.70,32.48,2.500,0.00,50.0,0.01
8783.00,9970.74,13112.81,32.48,2.500,0.00,50.0,0.01
8784.00,9972.08,13114.92,32.48,2.500,0.00,50.0,0.01
8785.00,9973.42,13117.03,32.48,2.500,0.00,50.0,0.01
8786.00,9974.76,13119.14,32.48,2.500,0.00,50.0,0.01
8787.00,9976.11,13121.25,32.48,2.500,0.00,50.0,0.01
8788.00,9977.45,13123.36,32.48,2.500,0.00,50.0,0.01
8789.00,9978.79,13125.47,32.48,2.500,0.00,50.0,0.01
8790.00,9980.14,13127.57,32.48,2.500,0.00,50.0,0.01
8791.00,9981.48,13129.68,32.48,2.500,0.00,50.0,0.01
8792.00,9982.82,13131.79,32.48,2.500,0.00,50.0,0.01
8793.00,9984.16,13133.90,32.48,2.500,0.00,50.0,0.01
8794.00,9985.51,13136.01,32.48,2.500,0.00,50.0,0.01
8795.00,9986.85,13138.12,32.48,2.500,0.00,50.0,0.01
8796.00,9988.19,13140.23,32.48,2.500,0.00,50.0,0.01
8797.00,9989.54,13142.34,32.48,2.500,0.00,50.0,0.01
8798.00,9990.88,13144.45,32.48,2.500,0.00,50.0,0.01
8799.00,9992.22,13146.56,32.48,2.500,0.00,50.0,0.01
8800.00,9993.56,13148.67,32.48,2.500,0.00,50.0,0.01
8801.00,9994.91,13150.78,32.48,2.500,0.00,50.0,0.01
8802.00,9996.25,13152.88,32.48,2.500,0.00,50.0,0.01
8803.00,9997.59,13154.99,32.48,2.500,0.00,50.0,0.01
8804.00,9998.93,13157.10,32.48,2.500,0.00,50.0,0.01
8805.00,10000.28,13159.21,32.48,2.500,0.00,50.0,0.01
8806.00,10001.62,13161.32,32.48,2.500,0.00,50.0,0.01
8807.00,10002.96,13163.43,32.48,2.500,0.00,50.0,0.01
8808.00,10004.31,13165.54,32.48,2.500,0.00,50.0,0.01
8809.00,10005.65,13167.65,32.48,2.500,0.00,50.0,0.01
8810.00,10006.99,13169.76,32.48,2.500,0.00,50.0,0.01
8811.00,10008.33,13171.87,32.48,2.500,0.00,50.0,0.00
8812.00,10009.68,13173.98,32.48,2.500,0.00,50.0,0.00
8813.00,10011.02,13176.08,32.48,2.500,0.00,50.0,0.00
8814.00,10012.36,13178.19,32.48,2.500,0.00,50.0,0.00
8815.00,10013.70,13180.30,32.48,2.500,0.00,50.0,0.00
8816.00,10015.05,13182.41,32.48,2.500,0.00,50.0,0.00
8817.00,10016.39,13184.52,32.48,2.500,0.00,50.0,0.00
8818.00,10017.73,13186.63,32.48,2.500,0.00,50.0,0.00
8819.00,10019.08,13188.74,32.48,2.500,0.00,50.0,0.00
8820.00,10020.42,13190.85,32.48,2.500,0.00,50.0,0.00
8821.00,10021.76,13192.96,32.48,2.500,0.00,50.0,0.00
8822.00,10023.10,13195.07,32.48,2.500,0.00,50.0,0.00
8823.00,10024.45,13197.18,32.48,2.500,0.00,50.0,0.00
8824.00,10025.79,13199.28,32.48,2.500,0.00,50.0,0.00
8825.00,10027.13,13201.39,32.48,2.500,0.00,50.0,0.00
8826.00,10028.48,13203.50,32.48,2.500,0.00,50.0,0.00
8827.00,10029.82,13205.61,32.48,2.500,0.00,50.0,0.00
8828.00,10031.16,13207.72,32.48,2.500,0.00,50.0,0.00
8829.00,10032.50,13209.83,32.48,2.500,0.00,50.0,0.00
8830.00,10033.85,13211.94,32.48,2.500,0.00,50.0,0.00
8831.00,10035.19,13214.05,32.48,2.500,0.00,50.0,0.00
8832.00,10036.53,13216.16,32.48,2.500,0.00,50.0,0.00
8833.00,10037.87,13218.27,32.48,2.500,0.00,50.0,0.00
8834.00,10039.22,13220.37,32.48,2.500,0.00,50.0,0.00
8835.00,10040.56,13222.48,32.48,2.500,0.00,50.0,0.00
8836.00,10041.90,13224.59,32.48,2.500,0.00,50.0,0.00
8837.00,10043.25,13226.70,32.48,2.500,0.00,50.0,0.00
8838.00,10044.59,13228.81,32.48,2.500,0.00,50.0,0.00
8839.00,10045.93,13230.92,32.48,2.500,0.00,50.0,0.00
8840.00,10047.27,13233.03,32.48,2.500,0.00,50.0,0.00
8841.00,10048.62,13235.14,32.48,2.500,0.00,50.0,0.00
8842.00,10049.96,13237.25,32.48,2.500,0.00,50.0,0.00
8843.00,10051.30,13239.35,32.48,2.500,0.00,50.0,0.00
8844.00,10052.65,13241.46,32.48,2.500,0.00,50.0,0.00
8845.00,10053.99,13243.57,32.48,2.500,0.00,50.0,0.00
8846.00,10055.33,13245.68,32.48,2.500,0.00,50.0,0.00
8847.00,10056.67,13247.79,32.49,2.500,0.00,50.0,0.00
8848.00,10058.02,13249.90,32.49,2.500,0.00,50.0,0.00
8849.00,10059.36,13252.01,32.49,2.500,0.00,50.0,0.00
8850.00,10060.70,13254.12,32.49,2.500,0.00,50.0,0.00
8851.00,10062.04,13256.23,32.49,2.500,0.00,50.0,0.00
8852.00,10063.39,13258.34,32.49,2.500,0.00,50.0,0.00
8853.00,10064.73,13260.44,32.49,2.500,0.00,50.0,0.00
8854.00,10066.07,13262.55,32.49,2.500,0.00,50.0,0.00
8855.00,10067.42,13264.66,32.49,2.500,0.00,50.0,0.00
8856.00,10068.76,13266.77,32.49,2.500,0.00,50.0,0.00
8857.00,10070.10,13268.88,32.49,2.500,0.00,50.0,0.00
8858.00,10071.44,13270.99,32.49,2.500,0.00,50.0,0.00
8859.00,10072.79,13273.10,32.49,2.500,0.00,50.0,0.00
8860.00,10074.13,13275.21,32.49,2.500,0.00,50.0,0.00
8861.00,10075.47,13277.32,32.49,2.500,0.00,50.0,0.00
8862.00,10076.81,13279.42,32.49,2.500,0.00,50.0,0.00
8863.00,10078.16,13281.53,32.49,2.500,0.00,50.0,0.00
8864.00,10079.50,13283.64,32.49,2.500,0.00,50.0,0.00
8865.00,10080.84,13285.75,32.49,2.500,0.00,50.0,0.00
8866.00,10082.19,13287.86,32.49,2.500,5.00,50.0,0.06
8867.00,10083.53,13289.97,32.49,2.500,5.00,50.0,0.11
8868.00,10084.87,13292.08,32.49,2.500,5.00,50.0,0.17
8869.00,10086.21,13294.19,32.49,2.500,5.00,50.0,0.22
8870.00,10087.56,13296.29,32.50,2.500,5.00,50.0,0.27
8871.00,10088.90,13298.40,32.50,2.500,5.00,50.0,0.32
8872.00,10090.24,13300.51,32.51,2.500,5.00,50.0,0.36
8873.00,10091.59,13302.62,32.52,2.500,5.00,50.0,0.41
8874.00,10092.93,13304.73,32.52,2.500,0.00,50.0,0.39
8875.00,10094.28,13306.84,32.53,2.500,0.00,50.0,0.38
8876.00,10095.62,13308.94,32.54,2.500,0.00,50.0,0.37
8877.00,10096.96,13311.05,32.54,2.500,0.00,50.0,0.36
8878.00,10098.31,13313.16,32.55,2.500,0.00,50.0,0.34
8879.00,10099.65,13315.27,32.55,2.500,0.00,50.0,0.33
8880.00,10101.00,13317.37,32.56,2.500,0.00,50.0,0.32
8881.00,10102.35,13319.48,32.56,2.500,0.00,50.0,0.31
8882.00,10103.69,13321.59,32.57,2.500,0.00,50.0,0.30
8883.00,10105.04,13323.70,32.57,2.500,0.00,50.0,0.29
8884.00,10106.38,13325.80,32.58,2.500,0.00,50.0,0.28
8885.00,10107.73,13327.91,32.58,2.500,0.00,50.0,0.27
8886.00,10109.08,13330.02,32.59,2.500,0.00,50.0,0.26
8887.00,10110.42,13332.12,32.59,2.500,0.00,50.0,0.25
8888.00,10111.77,13334.23,32.60,2.500,0.00,50.0,0.25
8889.00,10113.12,13336.33,32.60,2.500,0.00,50.0,0.24
8890.00,10114.46,13338.44,32.60,2.500,0.00,50.0,0.23
8891.00,10115.81,13340.55,32.61,2.500,0.00,50.0,0.22
8892.00,10117.16,13342.65,32.61,2.500,0.00,50.0,0.21
8893.00,10118.50,13344.76,32.61,2.500,0.00,50.0,0.21
8894.00,10119.85,13346.86,32.62,2.500,0.00,50.0,0.20
8895.00,10121.20,13348.97,32.62,2.500,0.00,50.0,0.19
8896.00,10122.55,13351.08,32.62,2.500,0.00,50.0,0.19
8897.00,10123.89,13353.18,32.63,2.500,0.00,50.0,0.18
8898.00,10125.24,13355.29,32.63,2.500,0.00,50.0,0.17
8899.00,10126.59,13357.39,32.63,2.500,0.00,50.0,0.17
8900.00,10127.94,13359.50,32.64,2.500,0.00,50.0,0.16
8901.00,10129.29,13361.60,32.64,2.500,0.00,50.0,0.16
8902.00,10130.64,13363.71,32.64,2.500,0.00,50.0,0.15
8903.00,10131.98,13365.81,32.64,2.500,0.00,50.0,0.15
8904.00,10133.33,13367.92,32.65,2.500,0.00,50.0,0.14
8905.00,10134.68,13370.02,32.65,2.500,0.00,50.0,0.14
8906.00,10136.03,13372.13,32.65,2.500,0.00,50.0,0.13
8907.00,10137.38,13374.23,32.65,2.500,0.00,50.0,0.13
8908.00,10138.73,13376.34,32.65,2.500,0.00,50.0,0.12
8909.00,10140.08,13378.44,32.66,2.500,0.00,50.0,0.12
8910.00,10141.43,13380.55,32.66,2.500,0.00,50.0,0.12
8911.00,10142.77,13382.65,32.66,2.500,0.00,50.0,0.11
8912.00,10144.12,13384.76,32.66,2.500,0.00,50.0,0.11
8913.00,10145.47,13386.86,32.66,2.500,0.00,50.0,0.11
8914.00,10146.82,13388.97,32.67,2.500,0.00,50.0,0.10
8915.00,10148.17,13391.07,32.67,2.500,0.00,50.0,0.10
8916.00,10149.52,13393.18,32.67,2.500,0.00,50.0,0.09
8917.00,10150.87,13395.28,32.67,2.500,0.00,50.0,0.09
8918.00,10152.22,13397.39,32.67,2.500,0.00,50.0,0.09
8919.00,10153.57,13399.49,32.67,2.500,0.00,50.0,0.09
8920.00,10154.92,13401.59,32.67,2.500,0.00,50.0,0.08
8921.00,10156.27,13403.70,32.68,2.500,0.00,50.0,0.08
8922.00,10157.62,13405.80,32.68,2.500,0.00,50.0,0.08
8923.00,10158.97,13407.91,32.68,2.500,0.00,50.0,0.07
8924.00,10160.32,13410.01,32.68,2.500,0.00,50.0,0.07
8925.00,10161.67,13412.12,32.68,2.500,0.00,50.0,0.07
8926.00,10163.02,13414.22,32.68,2.500,0.00,50.0,0.07
8927.00,10164.37,13416.32,32.68,2.500,0.00,50.0,0.07
8928.00,10165.72,13418.43,32.68,2.500,0.00,50.0,0.06
8929.00,10167.07,13420.53,32.68,2.500,0.00,50.0,0.06
8930.00,10168.42,13422.64,32.69,2.500,0.00,50.0,0.06
8931.00,10169.77,13424.74,32.69,2.500,0.00,50.0,0.06
8932.00,10171.12,13426.85,32.69,2.500,0.00,50.0,0.06
8933.00,10172.47,13428.95,32.69,2.500,0.00,50.0,0.05
8934.00,10173.82,13431.05,32.69,2.500,0.00,50.0,0.05
8935.00,10175.17,13433.16,32.69,2.500,0.00,50.0,0.05
8936.00,10176.52,13435.26,32.69,2.500,0.00,50.0,0.05
8937.00,10177.87,13437.37,32.69,2.500,0.00,50.0,0.05
8938.00,10179.22,13439.47,32.69,2.500,0.00,50.0,0.05
8939.00,10180.57,13441.57,32.69,2.500,0.00,50.0,0.04
8940.00,10181.92,13443.68,32.69,2.500,0.00,50.0,0.04
8941.00,10183.27,13445.78,32.69,2.500,0.00,50.0,0.04
8942.00,10184.62,13447.89,32.70,2.500,0.00,50.0,0.04
8943.00,10185.97,13449.99,32.70,2.500,0.00,50.0,0.04
8944.00,10187.32,13452.09,32.70,2.500,0.00,50.0,0.04
8945.00,10188.67,13454.20,32.70,2.500,0.00,50.0,0.04
8946.00,10190.02,13456.30,32.70,2.500,0.00,50.0,0.03
8947.00,10191.37,13458.40,32.70,2.500,0.00,50.0,0.03
8948.00,10192.72,13460.51,32.70,2.500,0.00,50.0,0.03
8949.00,10194.07,13462.61,32.70,2.500,0.00,50.0,0.03
8950.00,10195.42,13464.72,32.70,2.500,0.00,50.0,0.03
8951.00,10196.78,13466.82,32.70,2.500,0.00,50.0,0.03
8952.00,10198.13,13468.92,32.70,2.500,0.00,50.0,0.03
8953.00,10199.48,13471.03,32.70,2.500,0.00,50.0,0.03
8954.00,10200.83,13473.13,32.70,2.500,0.00,50.0,0.03
8955.00,10202.18,13475.24,32.70,2.500,0.00,50.0,0.03
8956.00,10203.53,13477.34,32.70,2.500,0.00,50.0,0.02
8957.00,10204.88,13479.44,32.70,2.500,0.00,50.0,0.02
8958.00,10206.23,13481.55,32.70,2.500,0.00,50.0,0.02
8959.00,10207.58,13483.65,32.70,2.500,0.00,50.0,0.02
8960.00,10208.93,13485.75,32.70,2.500,0.00,50.0,0.02
8961.00,10210.28,13487.86,32.70,2.500,0.00,50.0,0.02
8962.00,10211.63,13489.96,32.70,2.500,0.00,50.0,0.02
8963.00,10212.98,13492.06,32.70,2.500,0.00,50.0,0.02
8964.00,10214.33,13494.17,32.71,2.500,0.00,50.0,0.02
8965.00,10215.69,13496.27,32.71,2.500,0.00,50.0,0.02
8966.00,10217.04,13498.38,32.71,2.500,0.00,50.0,0.02
8967.00,10218.39,13500.48,32.71,2.500,0.00,50.0,0.02
8968.00,10219.74,13502.58,32.71,2.500,0.00,50.0,0.02
8969.00,10221.09,13504.69,32.71,2.500,0.00,50.0,0.02
8970.00,10222.44,13506.79,32.71,2.500,0.00,50.0,0.02
8971.00,10223.79,13508.89,32.71,2.500,0.00,50.0,0.01
8972.00,10225.14,13511.00,32.71,2.500,0.00,50.0,0.01
8973.00,10226.49,13513.10,32.71,2.500,0.00,50.0,0.01
8974.00,10227.84,13515.20,32.71,2.500,0.00,50.0,0.01
8975.00,10229.19,13517.31,32.71,2.500,0.00,50.0,0.01
8976.00,10230.54,13519.41,32.71,2.500,0.00,50.0,0.01
8977.00,10231.90,13521.52,32.71,2.500,0.00,50.0,0.01
8978.00,10233.25,13523.62,32.71,2.500,0.00,50.0,0.01
8979.00,10234.60,13525.72,32.71,2.500,0.00,50.0,0.01
8980.00,10235.95,13527.83,32.71,2.500,0.00,50.0,0.01
8981.00,10237.30,13529.93,32.71,2.500,0.00,50.0,0.01
8982.00,10238.65,13532.03,32.71,2.500,0.00,50.0,0.01
8983.00,10240.00,13534.14,32.71,2.500,0.00,50.0,0.01
8984.00,10241.35,13536.24,32.71,2.500,0.00,50.0,0.01
8985.00,10242.70,13538.34,32.71,2.500,0.00,50.0,0.01
8986.00,10244.05,13540.45,32.71,2.500,0.00,50.0,0.01
8987.00,10245.41,13542.55,32.71,2.500,0.00,50.0,0.01
8988.00,10246.76,13544.65,32.71,2.500,0.00,50.0,0.01
8989.00,10248.11,13546.76,32.71,2.500,0.00,50.0,0.01
8990.00,10249.46,13548.86,32.71,2.500,0.00,50.0,0.01
8991.00,10250.81,13550.97,32.71,2.500,0.00,50.0,0.01
8992.00,10252.16,13553.07,32.71,2.500,0.00,50.0,0.01
8993.00,10253.51,13555.17,32.71,2.500,0.00,50.0,0.01
8994.00,10254.86,13557.28,32.71,2.500,0.00,50.0,0.01
8995.00,10256.21,13559.38,32.71,2.500,0.00,50.0,0.01
8996.00,10257.56,13561.48,32.71,2.500,0.00,50.0,0.01
8997.00,10258.92,13563.59,32.71,2.500,0.00,50.0,0.01
8998.00,10260.27,13565.69,32.71,2.500,5.00,50.0,0.06
8999.00,10261.62,13567.79,32.71,2.500,5.00,50.0,0.12
9000.00,10262.97,13569.90,32.72,2.500,5.00,50.0,0.17
9001.00,10264.32,13572.00,32.72,2.500,5.00,50.0,0.22
9002.00,10265.67,13574.10,32.73,2.500,5.00,50.0,0.27
9003.00,10267.02,13576.21,32.73,2.500,5.00,50.0,0.32
9004.00,10268.37,13578.31,32.74,2.500,5.00,50.0,0.37
9005.00,10269.73,13580.41,32.74,2.500,0.00,50.0,0.35
9006.00,10271.08,13582.52,32.75,2.500,0.00,50.0,0.34
9007.00,10272.43,13584.62,32.75,2.500,0.00,50.0,0.33
9008.00,10273.78,13586.72,32.76,2.500,0.00,50.0,0.32
9009.00,10275.14,13588.82,32.76,2.500,0.00,50.0,0.31
9010.00,10276.49,13590.93,32.77,2.500,0.00,50.0,0.30
9011.00,10277.84,13593.03,32.77,2.500,0.00,50.0,0.29
9012.00,10279.20,13595.13,32.78,2.500,0.00,50.0,0.28
9013.00,10280.55,13597.23,32.78,2.500,0.00,50.0,0.27
9014.00,10281.90,13599.33,32.79,2.500,0.00,50.0,0.26
9015.00,10283.26,13601.44,32.79,2.500,0.00,50.0,0.25
9016.00,10284.61,13603.54,32.80,2.500,0.00,50.0,0.24
9017.00,10285.96,13605.64,32.80,2.500,0.00,50.0,0.24
9018.00,10287.32,13607.74,32.80,2.500,0.00,50.0,0.23
9019.00,10288.67,13609.84,32.81,2.500,0.00,50.0,0.22
9020.00,10290.03,13611.94,32.81,2.500,0.00,50.0,0.21
9021.00,10291.38,13614.04,32.81,2.500,0.00,50.0,0.21
9022.00,10292.74,13616.14,32.82,2.500,0.00,50.0,0.20
9023.00,10294.09,13618.25,32.82,2.500,0.00,50.0,0.19
9024.00,10295.45,13620.35,32.82,2.500,0.00,50.0,0.19
9025.00,10296.80,13622.45,32.83,2.500,0.00,50.0,0.18
9026.00,10298.16,13624.55,32.83,2.500,0.00,50.0,0.17
9027.00,10299.51,13626.65,32.83,2.500,0.00,50.0,0.17
9028.00,10300.87,13628.75,32.84,2.500,0.00,50.0,0.16
9029.00,10302.22,13630.85,32.84,2.500,0.00,50.0,0.16
9030.00,10303.58,13632.95,32.84,2.500,0.00,50.0,0.15
9031.00,10304.94,13635.05,32.84,2.500,0.00,50.0,0.15
9032.00,10306.29,13637.15,32.85,2.500,0.00,50.0,0.14
9033.00,10307.65,13639.25,32.85,2.500,0.00,50.0,0.14
9034.00,10309.00,13641.35,32.85,2.500,0.00,50.0,0.13
9035.00,10310.36,13643.45,32.85,2.500,0.00,50.0,0.13
9036.00,10311.72,13645.55,32.85,2.500,0.00,50.0,0.12
9037.00,10313.07,13647.65,32.86,2.500,0.00,50.0,0.12
9038.00,10314.43,13649.75,32.86,2.500,0.00,50.0,0.12
9039.00,10315.78,13651.85,32.86,2.500,0.00,50.0,0.11
9040.00,10317.14,13653.95,32.86,2.500,0.00,50.0,0.11
9041.00,10318.50,13656.05,32.86,2.500,0.00,50.0,0.10
9042.00,10319.85,13658.15,32.87,2.500,0.00,50.0,0.10
9043.00,10321.21,13660.25,32.87,2.500,0.00,50.0,0.10
9044.00,10322.57,13662.35,32.87,2.500,0.00,50.0,0.09
9045.00,10323.92,13664.45,32.87,2.500,0.00,50.0,0.09
9046.00,10325.28,13666.55,32.87,2.500,0.00,50.0,0.09
9047.00,10326.64,13668.65,32.87,2.500,0.00,50.0,0.09
9048.00,10328.00,13670.75,32.87,2.500,0.00,50.0,0.08
9049.00,10329.35,13672.85,32.88,2.500,0.00,50.0,0.08
9050.00,10330.71,13674.95,32.88,2.500,0.00,50.0,0.08
9051.00,10332.07,13677.05,32.88,2.500,0.00,50.0,0.07
9052.00,10333.42,13679.15,32.88,2.500,0.00,50.0,0.07
9053.00,10334.78,13681.25,32.88,2.500,0.00,50.0,0.07
9054.00,10336.14,13683.35,32.88,2.500,0.00,50.0,0.07
9055.00,10337.50,13685.45,32.88,2.500,0.00,50.0,0.07
9056.00,10338.85,13687.55,32.88,2.500,0.00,50.0,0.06
9057.00,10340.21,13689.65,32.88,2.500,0.00,50.0,0.06
9058.00,10341.57,13691.75,32.89,2.500,0.00,50.0,0.06
9059.00,10342.92,13693.85,32.89,2.500,0.00,50.0,0.06
9060.00,10344.28,13695.95,32.89,2.500,0.00,50.0,0.05
9061.00,10345.64,13698.04,32.89,2.500,0.00,50.0,0.05
9062.00,10347.00,13700.14,32.89,2.500,0.00,50.0,0.05
9063.00,10348.35,13702.24,32.89,2.500,0.00,50.0,0.05
9064.00,10349.71,13704.34,32.89,2.500,0.00,50.0,0.05
9065.00,10351.07,13706.44,32.89,2.500,0.00,50.0,0.05
9066.00,10352.43,13708.54,32.89,2.500,0.00,50.0,0.04
9067.00,10353.79,13710.64,32.89,2.500,0.00,50.0,0.04
9068.00,10355.14,13712.74,32.89,2.500,0.00,50.0,0.04
9069.00,10356.50,13714.84,32.89,2.500,0.00,50.0,0.04
9070.00,10357.86,13716.94,32.90,2.500,0.00,50.0,0.04
9071.00,10359.22,13719.04,32.90,2.500,0.00,50.0,0.04
9072.00,10360.57,13721.14,32.90,2.500,0.00,50.0,0.04
9073.00,10361.93,13723.24,32.90,2.500,0.00,50.0,0.04
9074.00,10363.29,13725.33,32.90,2.500,0.00,50.0,0.03
9075.00,10364.65,13727.43,32.90,2.500,0.00,50.0,0.03
9076.00,10366.01,13729.53,32.90,2.500,0.00,50.0,0.03
9077.00,10367.36,13731.63,32.90,2.500,0.00,50.0,0.03
9078.00,10368.72,13733.73,32.90,2.500,0.00,50.0,0.03
9079.00,10370.08,13735.83,32.90,2.500,0.00,50.0,0.03
9080.00,10371.44,13737.93,32.90,2.500,0.00,50.0,0.03
9081.00,10372.79,13740.03,32.90,2.500,0.00,50.0,0.03
9082.00,10374.15,13742.13,32.90,2.500,0.00,50.0,0.03
9083.00,10375.51,13744.23,32.90,2.500,0.00,50.0,0.03
9084.00,10376.87,13746.32,32.90,2.500,0.00,50.0,0.02
9085.00,10378.23,13748.42,32.90,2.500,0.00,50.0,0.02
9086.00,10379.59,13750.52,32.90,2.500,0.00,50.0,0.02
9087.00,10380.94,13752.62,32.90,2.500,0.00,50.0,0.02
9088.00,10382.30,13754.72,32.90,2.500,0.00,50.0,0.02
9089.00,10383.66,13756.82,32.90,2.500,0.00,50.0,0.02
9090.00,10385.02,13758.92,32.90,2.500,0.00,50.0,0.02
9091.00,10386.38,13761.02,32.90,2.500,0.00,50.0,0.02
9092.00,10387.73,13763.12,32.91,2.500,0.00,50.0,0.02
9093.00,10389.09,13765.22,32.91,2.500,0.00,50.0,0.02
9094.00,10390.45,13767.31,32.91,2.500,0.00,50.0,0.02
9095.00,10391.81,13769.41,32.91,2.500,0.00,50.0,0.02
9096.00,10393.17,13771.51,32.91,2.500,5.00,50.0,0.07
9097.00,10394.52,13773.61,32.91,2.500,5.00,50.0,0.13
9098.00,10395.88,13775.71,32.91,2.500,5.00,50.0,0.18
9099.00,10397.24,13777.81,32.92,2.500,5.00,50.0,0.23
9100.00,10398.60,13779.91,32.92,2.500,5.00,50.0,0.28
9101.00,10399.96,13782.01,32.93,2.500,5.00,50.0,0.33
9102.00,10401.32,13784.10,32.93,2.500,0.00,50.0,0.32
9103.00,10402.68,13786.20,32.94,2.500,0.00,50.0,0.31
9104.00,10404.04,13788.30,32.94,2.500,0.00,50.0,0.30
9105.00,10405.40,13790.40,32.95,2.500,0.00,50.0,0.29
9106.00,10406.75,13792.50,32.95,2.500,0.00,50.0,0.28
9107.00,10408.11,13794.59,32.96,2.500,0.00,50.0,0.27
9108.00,10409.47,13796.69,32.96,2.500,0.00,50.0,0.26
9109.00,10410.83,13798.79,32.96,2.500,0.00,50.0,0.25
9110.00,10412.19,13800.89,32.97,2.500,0.00,50.0,0.24
9111.00,10413.56,13802.98,32.97,2.500,0.00,50.0,0.23
9112.00,10414.92,13805.08,32.98,2.500,0.00,50.0,0.23
9113.00,10416.28,13807.18,32.98,2.500,0.00,50.0,0.22
9114.00,10417.64,13809.28,32.98,2.500,0.00,50.0,0.21
9115.00,10419.00,13811.37,32.99,2.500,0.00,50.0,0.20
9116.00,10420.36,13813.47,32.99,2.500,0.00,50.0,0.20
9117.00,10421.72,13815.57,32.99,2.500,0.00,50.0,0.19
9118.00,10423.08,13817.66,33.00,2.500,0.00,50.0,0.19
9119.00,10424.44,13819.76,33.00,2.500,0.00,50.0,0.18
9120.00,10425.81,13821.86,33.00,2.500,0.00,50.0,0.17
9121.00,10427.17,13823.95,33.00,2.500,0.00,50.0,0.17
9122.00,10428.53,13826.05,33.01,2.500,0.00,50.0,0.16
9123.00,10429.89,13828.15,33.01,2.500,0.00,50.0,0.16
9124.00,10431.25,13830.24,33.01,2.500,0.00,50.0,0.15
9125.00,10432.61,13832.34,33.02,2.500,0.00,50.0,0.15
9126.00,10433.98,13834.44,33.02,2.500,0.00,50.0,0.14
9127.00,10435.34,13836.53,33.02,2.500,0.00,50.0,0.14
9128.00,10436.70,13838.63,33.02,2.500,0.00,50.0,0.13
9129.00,10438.06,13840.73,33.02,2.500,0.00,50.0,0.13
9130.00,10439.43,13842.82,33.03,2.500,0.00,50.0,0.12
9131.00,10440.79,13844.92,33.03,2.500,0.00,50.0,0.12
9132.00,10442.15,13847.01,33.03,2.500,0.00,50.0,0.12
9133.00,10443.51,13849.11,33.03,2.500,0.00,50.0,0.11
9134.00,10444.88,13851.21,33.03,2.500,0.00,50.0,0.11
9135.00,10446.24,13853.30,33.04,2.500,0.00,50.0,0.10
9136.00,10447.60,13855.40,33.04,2.500,0.00,50.0,0.10
9137.00,10448.97,13857.49,33.04,2.500,0.00,50.0,0.10
9138.00,10450.33,13859.59,33.04,2.500,0.00,50.0,0.09
9139.00,10451.69,13861.68,33.04,2.500,0.00,50.0,0.09
9140.00,10453.05,13863.78,33.04,2.500,0.00,50.0,0.09
9141.00,10454.42,13865.88,33.04,2.500,0.00,50.0,0.08
9142.00,10455.78,13867.97,33.05,2.500,0.00,50.0,0.08
9143.00,10457.14,13870.07,33.05,2.500,0.00,50.0,0.08
9144.00,10458.51,13872.16,33.05,2.500,0.00,50.0,0.08
9145.00,10459.87,13874.26,33.05,2.500,0.00,50.0,0.07
9146.00,10461.23,13876.35,33.05,2.500,0.00,50.0,0.07
9147.00,10462.60,13878.45,33.05,2.500,0.00,50.0,0.07
9148.00,10463.96,13880.54,33.05,2.500,0.00,50.0,0.07
9149.00,10465.33,13882.64,33.05,2.500,0.00,50.0,0.06
9150.00,10466.69,13884.73,33.06,2.500,0.00,50.0,0.06
9151.00,10468.05,13886.83,33.06,2.500,0.00,50.0,0.06
9152.00,10469.42,13888.93,33.06,2.500,0.00,50.0,0.06
9153.00,10470.78,13891.02,33.06,2.500,0.00,50.0,0.06
9154.00,10472.14,13893.12,33.06,2.500,0.00,50.0,0.05
9155.00,10473.51,13895.21,33.06,2.500,0.00,50.0,0.05
9156.00,10474.87,13897.31,33.06,2.500,0.00,50.0,0.05
9157.00,10476.23,13899.40,33.06,2.500,0.00,50.0,0.05
9158.00,10477.60,13901.50,33.06,2.500,0.00,50.0,0.05
9159.00,10478.96,13903.59,33.06,2.500,0.00,50.0,0.05
9160.00,10480.33,13905.69,33.06,2.500,0.00,50.0,0.04
9161.00,10481.69,13907.78,33.06,2.500,0.00,50.0,0.04
9162.00,10483.05,13909.88,33.07,2.500,0.00,50.0,0.04
9163.00,10484.42,13911.97,33.07,2.500,0.00,50.0,0.04
9164.00,10485.78,13914.07,33.07,2.500,0.00,50.0,0.04
9165.00,10487.15,13916.16,33.07,2.500,0.00,50.0,0.04
9166.00,10488.51,13918.26,33.07,2.500,0.00,50.0,0.04
9167.00,10489.87,13920.35,33.07,2.500,0.00,50.0,0.04
9168.00,10491.24,13922.45,33.07,2.500,0.00,50.0,0.03
9169.00,10492.60,13924.54,33.07,2.500,0.00,50.0,0.03
9170.00,10493.97,13926.64,33.07,2.500,0.00,50.0,0.03
9171.00,10495.33,13928.73,33.07,2.500,0.00,50.0,0.03
9172.00,10496.70,13930.83,33.07,2.500,0.00,50.0,0.03
9173.00,10498.06,13932.92,33.07,2.500,0.00,50.0,0.03
9174.00,10499.42,13935.02,33.07,2.500,0.00,50.0,0.03
9175.00,10500.79,13937.11,33.07,2.500,0.00,50.0,0.03
9176.00,10502.15,13939.21,33.07,2.500,0.00,50.0,0.03
9177.00,10503.52,13941.30,33.07,2.500,0.00,50.0,0.03
9178.00,10504.88,13943.40,33.07,2.500,0.00,50.0,0.02
9179.00,10506.25,13945.49,33.07,2.500,0.00,50.0,0.02
9180.00,10507.61,13947.59,33.07,2.500,0.00,50.0,0.02
9181.00,10508.97,13949.68,33.08,2.500,0.00,50.0,0.02
9182.00,10510.34,13951.78,33.08,2.500,0.00,50.0,0.02
9183.00,10511.70,13953.87,33.08,2.500,0.00,50.0,0.02
9184.00,10513.07,13955.97,33.08,2.500,0.00,50.0,0.02
9185.00,10514.43,13958.06,33.08,2.500,0.00,50.0,0.02
9186.00,10515.80,13960.16,33.08,2.500,0.00,50.0,0.02
9187.00,10517.16,13962.25,33.08,2.500,0.00,50.0,0.02
9188.00,10518.52,13964.35,33.08,2.500,0.00,50.0,0.02
9189.00,10519.89,13966.44,33.08,2.500,0.00,50.0,0.02
9190.00,10521.25,13968.54,33.08,2.500,0.00,50.0,0.02
9191.00,10522.62,13970.63,33.08,2.500,0.00,50.0,0.02
9192.00,10523.98,13972.73,33.08,2.500,0.00,50.0,0.02
9193.00,10525.35,13974.82,33.08,2.500,0.00,50.0,0.01
9194.00,10526.71,13976.92,33.08,2.500,0.00,50.0,0.01
9195.00,10528.08,13979.01,33.08,2.500,0.00,50.0,0.01
9196.00,10529.44,13981.11,33.08,2.500,0.00,50.0,0.01
9197.00,10530.80,13983.20,33.08,2.500,0.00,50.0,0.01
9198.00,10532.17,13985.29,33.08,2.500,0.00,50.0,0.01
9199.00,10533.53,13987.39,33.08,2.500,0.00,50.0,0.01
9200.00,10534.90,13989.48,33.08,2.500,0.00,50.0,0.01
9201.00,10536.26,13991.58,33.08,2.500,0.00,50.0,0.01
9202.00,10537.63,13993.67,33.08,2.500,0.00,50.0,0.01
9203.00,10538.99,13995.77,33.08,2.500,0.00,50.0,0.01
9204.00,10540.36,13997.86,33.08,2.500,0.00,50.0,0.01
9205.00,10541.72,13999.96,33.08,2.500,0.00,50.0,0.01
9206.00,10543.09,14002.05,33.08,2.500,0.00,50.0,0.01
9207.00,10544.45,14004.15,33.08,2.500,0.00,50.0,0.01
9208.00,10545.81,14006.24,33.08,2.500,0.00,50.0,0.01
9209.00,10547.18,14008.34,33.08,2.500,0.00,50.0,0.01
9210.00,10548.54,14010.43,33.08,2.500,0.00,50.0,0.01
9211.00,10549.91,14012.53,33.08,2.500,0.00,50.0,0.01
9212.00,10551.27,14014.62,33.08,2.500,0.00,50.0,0.01
9213.00,10552.64,14016.72,33.08,2.500,0.00,50.0,0.01
9214.00,10554.00,14018.81,33.08,2.500,0.00,50.0,0.01
9215.00,10555.37,14020.91,33.08,2.500,0.00,50.0,0.01
9216.00,10556.73,14023.00,33.08,2.500,0.00,50.0,0.01
9217.00,10558.10,14025.09,33.08,2.500,0.00,50.0,0.01
9218.00,10559.46,14027.19,33.08,2.500,0.00,50.0,0.01
9219.00,10560.83,14029.28,33.08,2.500,0.00,50.0,0.01
9220.00,10562.19,14031.38,33.08,2.500,0.00,50.0,0.01
9221.00,10563.55,14033.47,33.08,2.500,0.00,50.0,0.01
9222.00,10564.92,14035.57,33.08,2.500,0.00,50.0,0.01
9223.00,10566.28,14037.66,33.08,2.500,0.00,50.0,0.01
9224.00,10567.65,14039.76,33.08,2.500,0.00,50.0,0.01
9225.00,10569.01,14041.85,33.08,2.500,0.00,50.0,0.00
9226.00,10570.38,14043.95,33.08,2.500,0.00,50.0,0.00
9227.00,10571.74,14046.04,33.08,2.500,0.00,50.0,0.00
9228.00,10573.11,14048.14,33.08,2.500,0.00,50.0,0.00
9229.00,10574.47,14050.23,33.08,2.500,0.00,50.0,0.00
9230.00,10575.84,14052.33,33.08,2.500,0.00,50.0,0.00
9231.00,10577.20,14054.42,33.08,2.500,0.00,50.0,0.00
9232.00,10578.57,14056.52,33.08,2.500,0.00,50.0,0.00
9233.00,10579.93,14058.61,33.08,2.500,0.00,50.0,0.00
9234.00,10581.30,14060.70,33.08,2.500,0.00,50.0,0.00
9235.00,10582.66,14062.80,33.08,2.500,0.00,50.0,0.00
9236.00,10584.02,14064.89,33.08,2.500,0.00,50.0,0.00
9237.00,10585.39,14066.99,33.08,2.500,0.00,50.0,0.00
9238.00,10586.75,14069.08,33.08,2.500,0.00,50.0,0.00
9239.00,10588.12,14071.18,33.08,2.500,0.00,50.0,0.00
9240.00,10589.48,14073.27,33.08,2.500,0.00,50.0,0.00
9241.00,10590.85,14075.37,33.08,2.500,0.00,50.0,0.00
9242.00,10592.21,14077.46,33.08,2.500,0.00,50.0,0.00
9243.00,10593.58,14079.56,33.09,2.500,5.00,50.0,0.06
9244.00,10594.94,14081.65,33.09,2.500,5.00,50.0,0.11
9245.00,10596.31,14083.75,33.09,2.500,5.00,50.0,0.17
9246.00,10597.67,14085.84,33.09,2.500,5.00,50.0,0.22
9247.00,10599.04,14087.94,33.10,2.500,5.00,50.0,0.27
9248.00,10600.40,14090.03,33.10,2.500,0.00,50.0,0.26
9249.00,10601.77,14092.12,33.11,2.500,0.00,50.0,0.25
9250.00,10603.13,14094.22,33.11,2.500,0.00,50.0,0.24
9251.00,10604.50,14096.31,33.11,2.500,0.00,50.0,0.24
9252.00,10605.86,14098.41,33.12,2.500,0.00,50.0,0.23
9253.00,10607.23,14100.50,33.12,2.500,0.00,50.0,0.22
9254.00,10608.60,14102.59,33.13,2.500,5.00,50.0,0.27
9255.00,10609.96,14104.69,33.13,2.500,5.00,50.0,0.32
9256.00,10611.33,14106.78,33.14,2.500,5.00,50.0,0.36
9257.00,10612.70,14108.87,33.14,2.500,5.00,50.0,0.41
9258.00,10614.06,14110.97,33.15,2.500,5.00,50.0,0.45
9259.00,10615.43,14113.06,33.16,2.500,5.00,50.0,0.50
9260.00,10616.80,14115.15,33.17,2.500,5.00,50.0,0.54
9261.00,10618.16,14117.25,33.18,2.500,0.00,50.0,0.52
9262.00,10619.53,14119.34,33.19,2.500,0.00,50.0,0.50
9263.00,10620.90,14121.43,33.19,2.500,0.00,50.0,0.48
9264.00,10622.27,14123.52,33.20,2.500,0.00,50.0,0.47
9265.00,10623.64,14125.61,33.21,2.500,0.00,50.0,0.45
9266.00,10625.01,14127.71,33.22,2.500,0.00,50.0,0.44
9267.00,10626.38,14129.80,33.22,2.500,0.00,50.0,0.42
9268.00,10627.75,14131.89,33.23,2.500,0.00,50.0,0.41
9269.00,10629.12,14133.98,33.24,2.500,0.00,50.0,0.39
9270.00,10630.49,14136.07,33.24,2.500,0.00,50.0,0.38
9271.00,10631.86,14138.16,33.25,2.500,0.00,50.0,0.37
9272.00,10633.23,14140.25,33.26,2.500,0.00,50.0,0.36
9273.00,10634.60,14142.34,33.26,2.500,0.00,50.0,0.34
9274.00,10635.97,14144.43,33.27,2.500,0.00,50.0,0.33
9275.00,10637.34,14146.52,33.27,2.500,0.00,50.0,0.32
9276.00,10638.71,14148.61,33.28,2.500,0.00,50.0,0.31
9277.00,10640.09,14150.70,33.28,2.500,0.00,50.0,0.30
9278.00,10641.46,14152.79,33.29,2.500,0.00,50.0,0.29
9279.00,10642.83,14154.88,33.29,2.500,0.00,50.0,0.28
9280.00,10644.20,14156.97,33.30,2.500,0.00,50.0,0.27
9281.00,10645.57,14159.06,33.30,2.500,0.00,50.0,0.26
9282.00,10646.95,14161.15,33.31,2.500,0.00,50.0,0.25
9283.00,10648.32,14163.24,33.31,2.500,0.00,50.0,0.25
9284.00,10649.69,14165.33,33.31,2.500,0.00,50.0,0.24
9285.00,10651.07,14167.42,33.32,2.500,0.00,50.0,0.23
9286.00,10652.44,14169.51,33.32,2.500,0.00,50.0,0.22
9287.00,10653.81,14171.60,33.32,2.500,0.00,50.0,0.21
9288.00,10655.19,14173.69,33.33,2.500,0.00,50.0,0.21
9289.00,10656.56,14175.78,33.33,2.500,0.00,50.0,0.20
9290.00,10657.93,14177.86,33.33,2.500,0.00,50.0,0.19
9291.00,10659.31,14179.95,33.34,2.500,0.00,50.0,0.19
9292.00,10660.68,14182.04,33.34,2.500,0.00,50.0,0.18
9293.00,10662.06,14184.13,33.34,2.500,0.00,50.0,0.17
9294.00,10663.43,14186.22,33.35,2.500,0.00,50.0,0.17
9295.00,10664.80,14188.31,33.35,2.500,0.00,50.0,0.16
9296.00,10666.18,14190.40,33.35,2.500,0.00,50.0,0.16
9297.00,10667.55,14192.48,33.35,2.500,0.00,50.0,0.15
9298.00,10668.93,14194.57,33.36,2.500,0.00,50.0,0.15
9299.00,10670.30,14196.66,33.36,2.500,0.00,50.0,0.14
9300.00,10671.68,14198.75,33.36,2.500,0.00,50.0,0.14
9301.00,10673.05,14200.84,33.36,2.500,0.00,50.0,0.13
9302.00,10674.43,14202.92,33.37,2.500,0.00,50.0,0.13
9303.00,10675.80,14205.01,33.37,2.500,0.00,50.0,0.12
9304.00,10677.18,14207.10,33.37,2.500,0.00,50.0,0.12
9305.00,10678.55,14209.19,33.37,2.500,0.00,50.0,0.12
9306.00,10679.93,14211.28,33.37,2.500,0.00,50.0,0.11
9307.00,10681.30,14213.36,33.38,2.500,0.00,50.0,0.11
9308.00,10682.68,14215.45,33.38,2.500,0.00,50.0,0.11
9309.00,10684.05,14217.54,33.38,2.500,0.00,50.0,0.10
9310.00,10685.43,14219.63,33.38,2.500,0.00,50.0,0.10
9311.00,10686.80,14221.71,33.38,2.500,0.00,50.0,0.10
9312.00,10688.18,14223.80,33.38,2.500,0.00,50.0,0.09
9313.00,10689.55,14225.89,33.39,2.500,0.00,50.0,0.09
9314.00,10690.93,14227.98,33.39,2.500,0.00,50.0,0.09
9315.00,10692.31,14230.06,33.39,2.500,0.00,50.0,0.08
9316.00,10693.68,14232.15,33.39,2.500,5.00,50.0,0.14
9317.00,10695.06,14234.24,33.39,2.500,5.00,50.0,0.19
9318.00,10696.43,14236.33,33.40,2.500,5.00,50.0,0.24
9319.00,10697.81,14238.41,33.40,2.500,5.00,50.0,0.29
9320.00,10699.19,14240.50,33.41,2.500,5.00,50.0,0.34
9321.00,10700.56,14242.59,33.41,2.500,5.00,50.0,0.38
9322.00,10701.94,14244.67,33.42,2.500,5.00,50.0,0.43
9323.00,10703.32,14246.76,33.43,2.500,0.00,50.0,0.41
9324.00,10704.69,14248.85,33.44,2.500,0.00,50.0,0.40
9325.00,10706.07,14250.93,33.44,2.500,0.00,50.0,0.39
9326.00,10707.45,14253.02,33.45,2.500,0.00,50.0,0.37
9327.00,10708.83,14255.11,33.45,2.500,0.00,50.0,0.36
9328.00,10710.20,14257.19,33.46,2.500,0.00,50.0,0.35
9329.00,10711.58,14259.28,33.47,2.500,0.00,50.0,0.34
9330.00,10712.96,14261.36,33.47,2.500,0.00,50.0,0.33
9331.00,10714.34,14263.45,33.48,2.500,0.00,50.0,0.32
9332.00,10715.72,14265.53,33.48,2.500,0.00,50.0,0.30
9333.00,10717.10,14267.62,33.49,2.500,0.00,50.0,0.29
9334.00,10718.48,14269.70,33.49,2.500,0.00,50.0,0.28
9335.00,10719.86,14271.79,33.50,2.500,0.00,50.0,0.28
9336.00,10721.24,14273.87,33.50,2.500,0.00,50.0,0.27
9337.00,10722.62,14275.96,33.50,2.500,0.00,50.0,0.26
9338.00,10724.00,14278.04,33.51,2.500,0.00,50.0,0.25
9339.00,10725.38,14280.13,33.51,2.500,0.00,50.0,0.24
9340.00,10726.76,14282.21,33.52,2.500,0.00,50.0,0.23
9341.00,10728.14,14284.30,33.52,2.500,0.00,50.0,0.22
9342.00,10729.52,14286.38,33.52,2.500,0.00,50.0,0.22
9343.00,10730.90,14288.46,33.53,2.500,0.00,50.0,0.21
9344.00,10732.28,14290.55,33.53,2.500,0.00,50.0,0.20
9345.00,10733.66,14292.63,33.53,2.500,0.00,50.0,0.20
9346.00,10735.04,14294.72,33.54,2.500,0.00,50.0,0.19
9347.00,10736.42,14296.80,33.54,2.500,0.00,50.0,0.18
9348.00,10737.80,14298.88,33.54,2.500,0.00,50.0,0.18
9349.00,10739.19,14300.97,33.55,2.500,0.00,50.0,0.17
9350.00,10740.57,14303.05,33.55,2.500,0.00,50.0,0.17
9351.00,10741.95,14305.13,33.55,2.500,0.00,50.0,0.16
9352.00,10743.33,14307.22,33.55,2.500,0.00,50.0,0.15
9353.00,10744.71,14309.30,33.56,2.500,0.00,50.0,0.15
9354.00,10746.09,14311.38,33.56,2.500,0.00,50.0,0.14
9355.00,10747.48,14313.47,33.56,2.500,0.00,50.0,0.14
9356.00,10748.86,14315.55,33.56,2.500,0.00,50.0,0.14
9357.00,10750.24,14317.63,33.57,2.500,0.00,50.0,0.13
9358.00,10751.62,14319.72,33.57,2.500,0.00,50.0,0.13
9359.00,10753.01,14321.80,33.57,2.500,0.00,50.0,0.12
9360.00,10754.39,14323.88,33.57,2.500,0.00,50.0,0.12
9361.00,10755.77,14325.97,33.57,2.500,0.00,50.0,0.11
9362.00,10757.15,14328.05,33.58,2.500,0.00,50.0,0.11
9363.00,10758.54,14330.13,33.58,2.500,0.00,50.0,0.11
9364.00,10759.92,14332.22,33.58,2.500,0.00,50.0,0.10
9365.00,10761.30,14334.30,33.58,2.500,0.00,50.0,0.10
9366.00,10762.68,14336.38,33.58,2.500,0.00,50.0,0.10
9367.00,10764.07,14338.46,33.58,2.500,0.00,50.0,0.09
9368.00,10765.45,14340.55,33.59,2.500,0.00,50.0,0.09
9369.00,10766.83,14342.63,33.59,2.500,0.00,50.0,0.09
9370.00,10768.22,14344.71,33.59,2.500,0.00,50.0,0.08
9371.00,10769.60,14346.79,33.59,2.500,0.00,50.0,0.08
9372.00,10770.98,14348.88,33.59,2.500,0.00,50.0,0.08
9373.00,10772.36,14350.96,33.59,2.500,0.00,50.0,0.08
9374.00,10773.75,14353.04,33.59,2.500,0.00,50.0,0.07
9375.00,10775.13,14355.12,33.59,2.500,0.00,50.0,0.07
9376.00,10776.51,14357.21,33.60,2.500,0.00,50.0,0.07
9377.00,10777.90,14359.29,33.60,2.500,0.00,50.0,0.07
9378.00,10779.28,14361.37,33.60,2.500,0.00,50.0,0.06
9379.00,10780.66,14363.45,33.60,2.500,0.00,50.0,0.06
9380.00,10782.05,14365.54,33.60,2.500,0.00,50.0,0.06
9381.00,10783.43,14367.62,33.60,2.500,0.00,50.0,0.06
9382.00,10784.81,14369.70,33.60,2.500,0.00,50.0,0.06
9383.00,10786.20,14371.78,33.60,2.500,0.00,50.0,0.05
9384.00,10787.58,14373.87,33.60,2.500,0.00,50.0,0.05
9385.00,10788.97,14375.95,33.60,2.500,0.00,50.0,0.05
9386.00,10790.35,14378.03,33.60,2.500,0.00,50.0,0.05
9387.00,10791.73,14380.11,33.61,2.500,0.00,50.0,0.05
9388.00,10793.12,14382.19,33.61,2.500,0.00,50.0,0.05
9389.00,10794.50,14384.28,33.61,2.500,0.00,50.0,0.04
9390.00,10795.88,14386.36,33.61,2.500,0.00,50.0,0.04
9391.00,10797.27,14388.44,33.61,2.500,0.00,50.0,0.04
9392.00,10798.65,14390.52,33.61,2.500,0.00,50.0,0.04
9393.00,10800.03,14392.60,33.61,2.500,0.00,50.0,0.04
9394.00,10801.42,14394.69,33.61,2.500,0.00,50.0,0.04
9395.00,10802.80,14396.77,33.61,2.500,0.00,50.0,0.04
9396.00,10804.19,14398.85,33.61,2.500,0.00,50.0,0.03
9397.00,10805.57,14400.93,33.61,2.500,0.00,50.0,0.03
9398.00,10806.95,14403.02,33.61,2.500,0.00,50.0,0.03
9399.00,10808.34,14405.10,33.61,2.500,0.00,50.0,0.03
9400.00,10809.72,14407.18,33.61,2.500,0.00,50.0,0.03
9401.00,10811.11,14409.26,33.61,2.500,0.00,50.0,0.03
9402.00,10812.49,14411.34,33.61,2.500,0.00,50.0,0.03
9403.00,10813.87,14413.42,33.62,2.500,0.00,50.0,0.03
9404.00,10815.26,14415.51,33.62,2.500,0.00,50.0,0.03
9405.00,10816.64,14417.59,33.62,2.500,0.00,50.0,0.03
9406.00,10818.03,14419.67,33.62,2.500,0.00,50.0,0.02
9407.00,10819.41,14421.75,33.62,2.500,0.00,50.0,0.02
9408.00,10820.79,14423.83,33.62,2.500,0.00,50.0,0.02
9409.00,10822.18,14425.92,33.62,2.500,0.00,50.0,0.02
9410.00,10823.56,14428.00,33.62,2.500,0.00,50.0,0.02
9411.00,10824.95,14430.08,33.62,2.500,0.00,50.0,0.02
9412.00,10826.33,14432.16,33.62,2.500,0.00,50.0,0.02
9413.00,10827.72,14434.24,33.62,2.500,0.00,50.0,0.02
9414.00,10829.10,14436.33,33.62,2.500,0.00,50.0,0.02
9415.00,10830.48,14438.41,33.62,2.500,0.00,50.0,0.02
9416.00,10831.87,14440.49,33.62,2.500,0.00,50.0,0.02
9417.00,10833.25,14442.57,33.62,2.500,0.00,50.0,0.02
9418.00,10834.64,14444.65,33.62,2.500,0.00,50.0,0.02
9419.00,10836.02,14446.73,33.62,2.500,0.00,50.0,0.02
9420.00,10837.40,14448.82,33.62,2.500,0.00,50.0,0.02
9421.00,10838.79,14450.90,33.62,2.500,0.00,50.0,0.01
9422.00,10840.17,14452.98,33.62,2.500,0.00,50.0,0.01
9423.00,10841.56,14455.06,33.62,2.500,0.00,50.0,0.01
9424.00,10842.94,14457.14,33.62,2.500,0.00,50.0,0.01
9425.00,10844.33,14459.23,33.62,2.500,0.00,50.0,0.01
9426.00,10845.71,14461.31,33.62,2.500,0.00,50.0,0.01
9427.00,10847.09,14463.39,33.62,2.500,0.00,50.0,0.01
9428.00,10848.48,14465.47,33.62,2.500,0.00,50.0,0.01
9429.00,10849.86,14467.55,33.62,2.500,0.00,50.0,0.01
9430.00,10851.25,14469.63,33.62,2.500,0.00,50.0,0.01
9431.00,10852.63,14471.72,33.62,2.500,0.00,50.0,0.01
9432.00,10854.02,14473.80,33.62,2.500,0.00,50.0,0.01
9433.00,10855.40,14475.88,33.62,2.500,0.00,50.0,0.01
9434.00,10856.78,14477.96,33.62,2.500,0.00,50.0,0.01
9435.00,10858.17,14480.04,33.62,2.500,0.00,50.0,0.01
9436.00,10859.55,14482.12,33.62,2.500,0.00,50.0,0.01
9437.00,10860.94,14484.21,33.62,2.500,0.00,50.0,0.01
9438.00,10862.32,14486.29,33.62,2.500,0.00,50.0,0.01
9439.00,10863.71,14488.37,33.62,2.500,0.00,50.0,0.01
9440.00,10865.09,14490.45,33.62,2.500,0.00,50.0,0.01
9441.00,10866.48,14492.53,33.62,2.500,0.00,50.0,0.01
9442.00,10867.86,14494.61,33.63,2.500,0.00,50.0,0.01
9443.00,10869.24,14496.70,33.63,2.500,0.00,50.0,0.01
9444.00,10870.63,14498.78,33.63,2.500,0.00,50.0,0.01
9445.00,10872.01,14500.86,33.63,2.500,0.00,50.0,0.01
9446.00,10873.40,14502.94,33.63,2.500,0.00,50.0,0.01
9447.00,10874.78,14505.02,33.63,2.500,0.00,50.0,0.01
9448.00,10876.17,14507.11,33.63,2.500,0.00,50.0,0.01
9449.00,10877.55,14509.19,33.63,2.500,0.00,50.0,0.01
9450.00,10878.94,14511.27,33.63,2.500,0.00,50.0,0.01
9451.00,10880.32,14513.35,33.63,2.500,0.00,50.0,0.01
9452.00,10881.70,14515.43,33.63,2.500,0.00,50.0,0.01
9453.00,10883.09,14517.51,33.63,2.500,0.00,50.0,0.01
9454.00,10884.47,14519.60,33.63,2.500,0.00,50.0,0.00
9455.00,10885.86,14521.68,33.63,2.500,0.00,50.0,0.00
9456.00,10887.24,14523.76,33.63,2.500,0.00,50.0,0.00
9457.00,10888.63,14525.84,33.63,2.500,0.00,50.0,0.00
9458.00,10890.01,14527.92,33.63,2.500,0.00,50.0,0.00
9459.00,10891.39,14530.00,33.63,2.500,0.00,50.0,0.00
9460.00,10892.78,14532.09,33.63,2.500,0.00,50.0,0.00
9461.00,10894.16,14534.17,33.63,2.500,0.00,50.0,0.00
9462.00,10895.55,14536.25,33.63,2.500,0.00,50.0,0.00
9463.00,10896.93,14538.33,33.63,2.500,0.00,50.0,0.00
9464.00,10898.32,14540.41,33.63,2.500,0.00,50.0,0.00
9465.00,10899.70,14542.49,33.63,2.500,0.00,50.0,0.00
9466.00,10901.09,14544.58,33.63,2.500,0.00,50.0,0.00
9467.00,10902.47,14546.66,33.63,2.500,0.00,50.0,0.00
9468.00,10903.86,14548.74,33.63,2.500,0.00,50.0,0.00
9469.00,10905.24,14550.82,33.63,2.500,0.00,50.0,0.00
9470.00,10906.62,14552.90,33.63,2.500,0.00,50.0,0.00
9471.00,10908.01,14554.98,33.63,2.500,0.00,50.0,0.00
9472.00,10909.39,14557.06,33.63,2.500,0.00,50.0,0.00
9473.00,10910.78,14559.15,33.63,2.500,0.00,50.0,0.00
9474.00,10912.16,14561.23,33.63,2.500,0.00,50.0,0.00
9475.00,10913.55,14563.31,33.63,2.500,0.00,50.0,0.00
9476.00,10914.93,14565.39,33.63,2.500,0.00,50.0,0.00
9477.00,10916.32,14567.47,33.63,2.500,0.00,50.0,0.00
9478.00,10917.70,14569.55,33.63,2.500,0.00,50.0,0.00
9479.00,10919.08,14571.64,33.63,2.500,0.00,50.0,0.00
9480.00,10920.47,14573.72,33.63,2.500,0.00,50.0,0.00
9481.00,10921.85,14575.80,33.63,2.500,0.00,50.0,0.00
9482.00,10923.24,14577.88,33.63,2.500,0.00,50.0,0.00
9483.00,10924.62,14579.96,33.63,2.500,0.00,50.0,0.00
9484.00,10926.01,14582.04,33.63,2.500,0.00,50.0,0.00
9485.00,10927.39,14584.13,33.63,2.500,0.00,50.0,0.00
9486.00,10928.78,14586.21,33.63,2.500,0.00,50.0,0.00
9487.00,10930.16,14588.29,33.63,2.500,0.00,50.0,0.00
9488.00,10931.54,14590.37,33.63,2.500,0.00,50.0,0.00
9489.00,10932.93,14592.45,33.63,2.500,0.00,50.0,0.00
9490.00,10934.31,14594.53,33.63,2.500,0.00,50.0,0.00
9491.00,10935.70,14596.62,33.63,2.500,0.00,50.0,0.00
9492.00,10937.08,14598.70,33.63,2.500,0.00,50.0,0.00
9493.00,10938.47,14600.78,33.63,2.500,0.00,50.0,0.00
9494.00,10939.85,14602.86,33.63,2.500,0.00,50.0,0.00
9495.00,10941.24,14604.94,33.63,2.500,0.00,50.0,0.00
9496.00,10942.62,14607.02,33.63,2.500,0.00,50.0,0.00
9497.00,10944.01,14609.11,33.63,2.500,0.00,50.0,0.00
9498.00,10945.39,14611.19,33.63,2.500,0.00,50.0,0.00
9499.00,10946.77,14613.27,33.63,2.500,0.00,50.0,0.00
9500.00,10948.16,14615.35,33.63,2.500,0.00,50.0,0.00
9501.00,10949.54,14617.43,33.63,2.500,0.00,50.0,0.00
9502.00,10950.93,14619.51,33.63,2.500,0.00,50.0,0.00
9503.00,10952.31,14621.60,33.63,2.500,0.00,50.0,0.00
9504.00,10953.70,14623.68,33.63,2.500,0.00,50.0,0.00
9505.00,10955.08,14625.76,33.63,2.500,0.00,50.0,0.00
9506.00,10956.47,14627.84,33.63,2.500,0.00,50.0,0.00
9507.00,10957.85,14629.92,33.63,2.500,0.00,50.0,0.00
9508.00,10959.23,14632.00,33.63,2.500,0.00,50.0,0.00
9509.00,10960.62,14634.09,33.63,2.500,0.00,50.0,0.00
9510.00,10962.00,14636.17,33.63,2.500,0.00,50.0,0.00
9511.00,10963.39,14638.25,33.63,2.500,0.00,50.0,0.00
9512.00,10964.77,14640.33,33.63,2.500,0.00,50.0,0.00
9513.00,10966.16,14642.41,33.63,2.500,0.00,50.0,0.00
9514.00,10967.54,14644.49,33.63,2.500,0.00,50.0,0.00
9515.00,10968.93,14646.57,33.63,2.500,0.00,50.0,0.00
9516.00,10970.31,14648.66,33.63,2.500,0.00,50.0,0.00
9517.00,10971.70,14650.74,33.63,2.500,0.00,50.0,0.00
9518.00,10973.08,14652.82,33.63,2.500,0.00,50.0,0.00
9519.00,10974.46,14654.90,33.63,2.500,0.00,50.0,0.00
9520.00,10975.85,14656.98,33.63,2.500,0.00,50.0,0.00
9521.00,10977.23,14659.06,33.63,2.500,0.00,50.0,0.00
9522.00,10978.62,14661.15,33.63,2.500,0.00,50.0,0.00
9523.00,10980.00,14663.23,33.63,2.500,0.00,50.0,0.00
9524.00,10981.39,14665.31,33.63,2.500,0.00,50.0,0.00
9525.00,10982.77,14667.39,33.63,2.500,5.00,50.0,0.06
9526.00,10984.16,14669.47,33.63,2.500,5.00,50.0,0.11
9527.00,10985.54,14671.55,33.63,2.500,5.00,50.0,0.17
9528.00,10986.93,14673.64,33.64,2.500,5.00,50.0,0.22
9529.00,10988.31,14675.72,33.64,2.500,5.00,50.0,0.27
9530.00,10989.69,14677.80,33.65,2.500,0.00,50.0,0.26
9531.00,10991.08,14679.88,33.65,2.500,0.00,50.0,0.25
9532.00,10992.47,14681.96,33.65,2.500,0.00,50.0,0.24
9533.00,10993.85,14684.04,33.66,2.500,0.00,50.0,0.23
9534.00,10995.24,14686.12,33.66,2.500,0.00,50.0,0.23
9535.00,10996.62,14688.20,33.67,2.500,0.00,50.0,0.22
9536.00,10998.01,14690.28,33.67,2.500,0.00,50.0,0.21
9537.00,10999.39,14692.36,33.67,2.500,0.00,50.0,0.20
9538.00,11000.78,14694.45,33.68,2.500,0.00,50.0,0.20
9539.00,11002.17,14696.53,33.68,2.500,0.00,50.0,0.19
9540.00,11003.55,14698.61,33.68,2.500,0.00,50.0,0.18
9541.00,11004.94,14700.69,33.69,2.500,0.00,50.0,0.18
9542.00,11006.33,14702.77,33.69,2.500,0.00,50.0,0.17
9543.00,11007.71,14704.85,33.69,2.500,0.00,50.0,0.17
9544.00,11009.10,14706.93,33.69,2.500,0.00,50.0,0.16
9545.00,11010.49,14709.01,33.70,2.500,0.00,50.0,0.16
9546.00,11011.87,14711.09,33.70,2.500,0.00,50.0,0.15
9547.00,11013.26,14713.17,33.70,2.500,0.00,50.0,0.15
9548.00,11014.65,14715.25,33.70,2.500,0.00,50.0,0.14
9549.00,11016.03,14717.33,33.71,2.500,0.00,50.0,0.14
9550.00,11017.42,14719.41,33.71,2.500,0.00,50.0,0.13
9551.00,11018.81,14721.49,33.71,2.500,0.00,50.0,0.13
9552.00,11020.20,14723.57,33.71,2.500,0.00,50.0,0.12
9553.00,11021.58,14725.65,33.71,2.500,0.00,50.0,0.12
9554.00,11022.97,14727.72,33.72,2.500,0.00,50.0,0.11
9555.00,11024.36,14729.80,33.72,2.500,0.00,50.0,0.11
9556.00,11025.75,14731.88,33.72,2.500,0.00,50.0,0.11
9557.00,11027.14,14733.96,33.72,2.500,0.00,50.0,0.10
9558.00,11028.52,14736.04,33.72,2.500,0.00,50.0,0.10
9559.00,11029.91,14738.12,33.72,2.500,0.00,50.0,0.10
9560.00,11031.30,14740.20,33.73,2.500,0.00,50.0,0.09
9561.00,11032.69,14742.28,33.73,2.500,0.00,50.0,0.09
9562.00,11034.08,14744.36,33.73,2.500,0.00,50.0,0.09
9563.00,11035.46,14746.44,33.73,2.500,0.00,50.0,0.08
9564.00,11036.85,14748.52,33.73,2.500,0.00,50.0,0.08
9565.00,11038.24,14750.60,33.73,2.500,0.00,50.0,0.08
9566.00,11039.63,14752.68,33.73,2.500,0.00,50.0,0.08
9567.00,11041.02,14754.76,33.74,2.500,0.00,50.0,0.07
9568.00,11042.41,14756.83,33.74,2.500,0.00,50.0,0.07
9569.00,11043.79,14758.91,33.74,2.500,0.00,50.0,0.07
9570.00,11045.18,14760.99,33.74,2.500,0.00,50.0,0.07
9571.00,11046.57,14763.07,33.74,2.500,0.00,50.0,0.06
9572.00,11047.96,14765.15,33.74,2.500,0.00,50.0,0.06
9573.00,11049.35,14767.23,33.74,2.500,0.00,50.0,0.06
9574.00,11050.74,14769.31,33.74,2.500,0.00,50.0,0.06
9575.00,11052.12,14771.39,33.74,2.500,0.00,50.0,0.06
9576.00,11053.51,14773.47,33.75,2.500,0.00,50.0,0.05
9577.00,11054.90,14775.54,33.75,2.500,0.00,50.0,0.05
9578.00,11056.29,14777.62,33.75,2.500,0.00,50.0,0.05
9579.00,11057.68,14779.70,33.75,2.500,0.00,50.0,0.05
9580.00,11059.07,14781.78,33.75,2.500,0.00,50.0,0.05
9581.00,11060.46,14783.86,33.75,2.500,0.00,50.0,0.05
9582.00,11061.85,14785.94,33.75,2.500,0.00,50.0,0.04
9583.00,11063.24,14788.02,33.75,2.500,0.00,50.0,0.04
9584.00,11064.62,14790.10,33.75,2.500,0.00,50.0,0.04
9585.00,11066.01,14792.17,33.75,2.500,0.00,50.0,0.04
9586.00,11067.40,14794.25,33.75,2.500,0.00,50.0,0.04
9587.00,11068.79,14796.33,33.75,2.500,0.00,50.0,0.04
9588.00,11070.18,14798.41,33.75,2.500,0.00,50.0,0.04
9589.00,11071.57,14800.49,33.75,2.500,0.00,50.0,0.04
9590.00,11072.96,14802.57,33.76,2.500,0.00,50.0,0.03
9591.00,11074.35,14804.65,33.76,2.500,0.00,50.0,0.03
9592.00,11075.74,14806.72,33.76,2.500,0.00,50.0,0.03
9593.00,11077.13,14808.80,33.76,2.500,0.00,50.0,0.03
9594.00,11078.52,14810.88,33.76,2.500,0.00,50.0,0.03
9595.00,11079.90,14812.96,33.76,2.500,0.00,50.0,0.03
9596.00,11081.29,14815.04,33.76,2.500,0.00,50.0,0.03
9597.00,11082.68,14817.12,33.76,2.500,0.00,50.0,0.03
9598.00,11084.07,14819.19,33.76,2.500,0.00,50.0,0.03
9599.00,11085.46,14821.27,33.76,2.500,0.00,50.0,0.02
9600.00,11086.85,14823.35,33.76,2.500,0.00,50.0,0.02
9601.00,11088.24,14825.43,33.76,2.500,0.00,50.0,0.02
9602.00,11089.63,14827.51,33.76,2.500,0.00,50.0,0.02
9603.00,11091.02,14829.59,33.76,2.500,0.00,50.0,0.02
9604.00,11092.41,14831.67,33.76,2.500,0.00,50.0,0.02
9605.00,11093.80,14833.74,33.76,2.500,0.00,50.0,0.02
9606.00,11095.19,14835.82,33.76,2.500,0.00,50.0,0.02
9607.00,11096.58,14837.90,33.76,2.500,0.00,50.0,0.02
9608.00,11097.97,14839.98,33.76,2.500,0.00,50.0,0.02
9609.00,11099.35,14842.06,33.76,2.500,0.00,50.0,0.02
9610.00,11100.74,14844.14,33.76,2.500,0.00,50.0,0.02
9611.00,11102.13,14846.21,33.76,2.500,0.00,50.0,0.02
9612.00,11103.52,14848.29,33.76,2.500,0.00,50.0,0.02
9613.00,11104.91,14850.37,33.76,2.500,0.00,50.0,0.02
9614.00,11106.30,14852.45,33.76,2.500,0.00,50.0,0.02
9615.00,11107.69,14854.53,33.76,2.500,0.00,50.0,0.01
9616.00,11109.08,14856.61,33.76,2.500,0.00,50.0,0.01
9617.00,11110.47,14858.68,33.76,2.500,0.00,50.0,0.01
9618.00,11111.86,14860.76,33.77,2.500,5.00,50.0,0.07
9619.00,11113.25,14862.84,33.77,2.500,5.00,50.0,0.13
9620.00,11114.64,14864.92,33.77,2.500,5.00,50.0,0.18
9621.00,11116.03,14867.00,33.77,2.500,5.00,50.0,0.23
9622.00,11117.42,14869.08,33.78,2.500,5.00,50.0,0.28
9623.00,11118.81,14871.15,33.79,2.500,5.00,50.0,0.33
9624.00,11120.20,14873.23,33.79,2.500,5.00,50.0,0.37
9625.00,11121.59,14875.31,33.80,2.500,0.00,50.0,0.36
9626.00,11122.98,14877.39,33.80,2.500,0.00,50.0,0.35
9627.00,11124.37,14879.46,33.81,2.500,0.00,50.0,0.34
9628.00,11125.76,14881.54,33.81,2.500,0.00,50.0,0.33
9629.00,11127.15,14883.62,33.82,2.500,0.00,50.0,0.31
9630.00,11128.54,14885.69,33.82,2.500,0.00,50.0,0.30
9631.00,11129.94,14887.77,33.83,2.500,0.00,50.0,0.29
9632.00,11131.33,14889.85,33.83,2.500,0.00,50.0,0.28
9633.00,11132.72,14891.93,33.84,2.500,5.00,50.0,0.33
9634.00,11134.11,14894.00,33.85,2.500,5.00,50.0,0.38
9635.00,11135.50,14896.08,33.85,2.500,5.00,50.0,0.42
9636.00,11136.90,14898.15,33.86,2.500,5.00,50.0,0.47
9637.00,11138.29,14900.23,33.87,2.500,5.00,50.0,0.51
9638.00,11139.68,14902.31,33.88,2.500,5.00,50.0,0.55
9639.00,11141.08,14904.38,33.89,2.500,0.00,50.0,0.53
9640.00,11142.47,14906.46,33.90,2.500,0.00,50.0,0.51
9641.00,11143.86,14908.53,33.90,2.500,0.00,50.0,0.49
9642.00,11145.26,14910.61,33.91,2.500,0.00,50.0,0.48
9643.00,11146.65,14912.68,33.92,2.500,0.00,50.0,0.46
9644.00,11148.05,14914.76,33.93,2.500,0.00,50.0,0.45
9645.00,11149.44,14916.83,33.93,2.500,0.00,50.0,0.43
9646.00,11150.84,14918.90,33.94,2.500,0.00,50.0,0.42
9647.00,11152.24,14920.98,33.95,2.500,0.00,50.0,0.40
9648.00,11153.63,14923.05,33.95,2.500,0.00,50.0,0.39
9649.00,11155.03,14925.13,33.96,2.500,0.00,50.0,0.38
9650.00,11156.42,14927.20,33.97,2.500,0.00,50.0,0.36
9651.00,11157.82,14929.27,33.97,2.500,0.00,50.0,0.35
9652.00,11159.22,14931.35,33.98,2.500,0.00,50.0,0.34
9653.00,11160.62,14933.42,33.98,2.500,0.00,50.0,0.33
9654.00,11162.01,14935.49,33.99,2.500,0.00,50.0,0.32
9655.00,11163.41,14937.57,33.99,2.500,0.00,50.0,0.31
9656.00,11164.81,14939.64,34.00,2.500,0.00,50.0,0.30
9657.00,11166.21,14941.71,34.00,2.500,0.00,50.0,0.29
9658.00,11167.60,14943.78,34.01,2.500,0.00,50.0,0.28
9659.00,11169.00,14945.86,34.01,2.500,0.00,50.0,0.27
9660.00,11170.40,14947.93,34.02,2.500,0.00,50.0,0.26
9661.00,11171.80,14950.00,34.02,2.500,0.00,50.0,0.25
9662.00,11173.20,14952.07,34.03,2.500,0.00,50.0,0.24
9663.00,11174.60,14954.14,34.03,2.500,0.00,50.0,0.23
9664.00,11176.00,14956.22,34.03,2.500,0.00,50.0,0.23
9665.00,11177.40,14958.29,34.04,2.500,0.00,50.0,0.22
9666.00,11178.79,14960.36,34.04,2.500,0.00,50.0,0.21
9667.00,11180.19,14962.43,34.04,2.500,0.00,50.0,0.20
9668.00,11181.59,14964.50,34.05,2.500,0.00,50.0,0.20
9669.00,11182.99,14966.57,34.05,2.500,0.00,50.0,0.19
9670.00,11184.39,14968.65,34.05,2.500,0.00,50.0,0.19
9671.00,11185.79,14970.72,34.06,2.500,0.00,50.0,0.18
9672.00,11187.19,14972.79,34.06,2.500,0.00,50.0,0.17
9673.00,11188.59,14974.86,34.06,2.500,0.00,50.0,0.17
9674.00,11189.99,14976.93,34.06,2.500,0.00,50.0,0.16
9675.00,11191.39,14979.00,34.07,2.500,0.00,50.0,0.16
9676.00,11192.79,14981.07,34.07,2.500,0.00,50.0,0.15
9677.00,11194.19,14983.14,34.07,2.500,0.00,50.0,0.15
9678.00,11195.60,14985.21,34.07,2.500,0.00,50.0,0.14
9679.00,11197.00,14987.28,34.08,2.500,0.00,50.0,0.14
9680.00,11198.40,14989.36,34.08,2.500,0.00,50.0,0.13
9681.00,11199.80,14991.43,34.08,2.500,0.00,50.0,0.13
9682.00,11201.20,14993.50,34.08,2.500,0.00,50.0,0.12
9683.00,11202.60,14995.57,34.09,2.500,0.00,50.0,0.12
9684.00,11204.00,14997.64,34.09,2.500,0.00,50.0,0.12
9685.00,11205.40,14999.71,34.09,2.500,0.00,50.0,0.11
9686.00,11206.80,15001.78,34.09,2.500,0.00,50.0,0.11
9687.00,11208.20,15003.85,34.09,2.500,0.00,50.0,0.10
9688.00,11209.61,15005.92,34.09,2.500,0.00,50.0,0.10
9689.00,11211.01,15007.99,34.10,2.500,0.00,50.0,0.10
9690.00,11212.41,15010.06,34.10,2.500,0.00,50.0,0.09
9691.00,11213.81,15012.13,34.10,2.500,0.00,50.0,0.09
9692.00,11215.21,15014.20,34.10,2.500,0.00,50.0,0.09
9693.00,11216.61,15016.27,34.10,2.500,0.00,50.0,0.08
9694.00,11218.01,15018.34,34.10,2.500,0.00,50.0,0.08
9695.00,11219.42,15020.41,34.10,2.500,0.00,50.0,0.08
9696.00,11220.82,15022.48,34.11,2.500,0.00,50.0,0.08
9697.00,11222.22,15024.55,34.11,2.500,0.00,50.0,0.07
9698.00,11223.62,15026.62,34.11,2.500,0.00,50.0,0.07
9699.00,11225.02,15028.69,34.11,2.500,0.00,50.0,0.07
9700.00,11226.43,15030.76,34.11,2.500,0.00,50.0,0.07
9701.00,11227.83,15032.83,34.11,2.500,0.00,50.0,0.06
9702.00,11229.23,15034.90,34.11,2.500,0.00,50.0,0.06
9703.00,11230.63,15036.97,34.11,2.500,0.00,50.0,0.06
9704.00,11232.03,15039.04,34.11,2.500,0.00,50.0,0.06
9705.00,11233.44,15041.11,34.12,2.500,0.00,50.0,0.06
9706.00,11234.84,15043.18,34.12,2.500,0.00,50.0,0.05
9707.00,11236.24,15045.25,34.12,2.500,0.00,50.0,0.05
9708.00,11237.64,15047.32,34.12,2.500,0.00,50.0,0.05
9709.00,11239.05,15049.39,34.12,2.500,0.00,50.0,0.05
9710.00,11240.45,15051.46,34.12,2.500,0.00,50.0,0.05
9711.00,11241.85,15053.53,34.12,2.500,0.00,50.0,0.05
9712.00,11243.25,15055.60,34.12,2.500,0.00,50.0,0.04
9713.00,11244.65,15057.67,34.12,2.500,0.00,50.0,0.04
9714.00,11246.06,15059.74,34.12,2.500,0.00,50.0,0.04
9715.00,11247.46,15061.81,34.12,2.500,0.00,50.0,0.04
9716.00,11248.86,15063.88,34.12,2.500,0.00,50.0,0.04
9717.00,11250.26,15065.95,34.12,2.500,0.00,50.0,0.04
9718.00,11251.67,15068.02,34.13,2.500,0.00,50.0,0.04
9719.00,11253.07,15070.08,34.13,2.500,0.00,50.0,0.04
9720.00,11254.47,15072.15,34.13,2.500,0.00,50.0,0.03
9721.00,11255.87,15074.22,34.13,2.500,0.00,50.0,0.03
9722.00,11257.28,15076.29,34.13,2.500,0.00,50.0,0.03
9723.00,11258.68,15078.36,34.13,2.500,0.00,50.0,0.03
9724.00,11260.08,15080.43,34.13,2.500,0.00,50.0,0.03
9725.00,11261.48,15082.50,34.13,2.500,0.00,50.0,0.03
9726.00,11262.89,15084.57,34.13,2.500,0.00,50.0,0.03
9727.00,11264.29,15086.64,34.13,2.500,0.00,50.0,0.03
9728.00,11265.69,15088.71,34.13,2.500,0.00,50.0,0.03
9729.00,11267.10,15090.78,34.13,2.500,0.00,50.0,0.03
9730.00,11268.50,15092.85,34.13,2.500,0.00,50.0,0.02
9731.00,11269.90,15094.92,34.13,2.500,0.00,50.0,0.02
9732.00,11271.30,15096.99,34.13,2.500,0.00,50.0,0.02
9733.00,11272.71,15099.06,34.13,2.500,0.00,50.0,0.02
9734.00,11274.11,15101.13,34.13,2.500,0.00,50.0,0.02
9735.00,11275.51,15103.20,34.13,2.500,0.00,50.0,0.02
9736.00,11276.91,15105.26,34.13,2.500,0.00,50.0,0.02
9737.00,11278.32,15107.33,34.13,2.500,0.00,50.0,0.02
9738.00,11279.72,15109.40,34.13,2.500,0.00,50.0,0.02
9739.00,11281.12,15111.47,34.13,2.500,0.00,50.0,0.02
9740.00,11282.53,15113.54,34.13,2.500,0.00,50.0,0.02
9741.00,11283.93,15115.61,34.13,2.500,0.00,50.0,0.02
9742.00,11285.33,15117.68,34.14,2.500,0.00,50.0,0.02
9743.00,11286.73,15119.75,34.14,2.500,0.00,50.0,0.02
9744.00,11288.14,15121.82,34.14,2.500,0.00,50.0,0.02
9745.00,11289.54,15123.89,34.14,2.500,0.00,50.0,0.01
9746.00,11290.94,15125.96,34.14,2.500,0.00,50.0,0.01
9747.00,11292.35,15128.03,34.14,2.500,0.00,50.0,0.01
9748.00,11293.75,15130.10,34.14,2.500,0.00,50.0,0.01
9749.00,11295.15,15132.17,34.14,2.500,0.00,50.0,0.01
9750.00,11296.55,15134.24,34.14,2.500,0.00,50.0,0.01
9751.00,11297.96,15136.30,34.14,2.500,0.00,50.0,0.01
9752.00,11299.36,15138.37,34.14,2.500,0.00,50.0,0.01
9753.00,11300.76,15140.44,34.14,2.500,0.00,50.0,0.01
9754.00,11302.17,15142.51,34.14,2.500,0.00,50.0,0.01
9755.00,11303.57,15144.58,34.14,2.500,0.00,50.0,0.01
9756.00,11304.97,15146.65,34.14,2.500,0.00,50.0,0.01
9757.00,11306.38,15148.72,34.14,2.500,0.00,50.0,0.01
9758.00,11307.78,15150.79,34.14,2.500,0.00,50.0,0.01
9759.00,11309.18,15152.86,34.14,2.500,0.00,50.0,0.01
9760.00,11310.58,15154.93,34.14,2.500,0.00,50.0,0.01
9761.00,11311.99,15157.00,34.14,2.500,0.00,50.0,0.01
9762.00,11313.39,15159.07,34.14,2.500,0.00,50.0,0.01
9763.00,11314.79,15161.13,34.14,2.500,0.00,50.0,0.01
9764.00,11316.20,15163.20,34.14,2.500,0.00,50.0,0.01
9765.00,11317.60,15165.27,34.14,2.500,0.00,50.0,0.01
9766.00,11319.00,15167.34,34.14,2.500,0.00,50.0,0.01
9767.00,11320.41,15169.41,34.14,2.500,0.00,50.0,0.01
9768.00,11321.81,15171.48,34.14,2.500,0.00,50.0,0.01
9769.00,11323.21,15173.55,34.14,2.500,0.00,50.0,0.01
9770.00,11324.61,15175.62,34.14,2.500,0.00,50.0,0.01
9771.00,11326.02,15177.69,34.14,2.500,0.00,50.0,0.01
9772.00,11327.42,15179.76,34.14,2.500,0.00,50.0,0.01
9773.00,11328.82,15181.83,34.14,2.500,0.00,50.0,0.01
9774.00,11330.23,15183.90,34.14,2.500,0.00,50.0,0.01
9775.00,11331.63,15185.97,34.14,2.500,0.00,50.0,0.01
9776.00,11333.03,15188.03,34.14,2.500,0.00,50.0,0.01
9777.00,11334.44,15190.10,34.14,2.500,0.00,50.0,0.00
9778.00,11335.84,15192.17,34.14,2.500,0.00,50.0,0.00
9779.00,11337.24,15194.24,34.14,2.500,0.00,50.0,0.00
9780.00,11338.64,15196.31,34.14,2.500,0.00,50.0,0.00
9781.00,11340.05,15198.38,34.14,2.500,0.00,50.0,0.00
9782.00,11341.45,15200.45,34.14,2.500,0.00,50.0,0.00
9783.00,11342.85,15202.52,34.14,2.500,0.00,50.0,0.00
9784.00,11344.26,15204.59,34.14,2.500,0.00,50.0,0.00
9785.00,11345.66,15206.66,34.14,2.500,0.00,50.0,0.00
9786.00,11347.06,15208.73,34.14,2.500,0.00,50.0,0.00
9787.00,11348.47,15210.79,34.14,2.500,0.00,50.0,0.00
9788.00,11349.87,15212.86,34.14,2.500,0.00,50.0,0.00
9789.00,11351.27,15214.93,34.14,2.500,0.00,50.0,0.00
9790.00,11352.68,15217.00,34.14,2.500,0.00,50.0,0.00
9791.00,11354.08,15219.07,34.14,2.500,0.00,50.0,0.00
9792.00,11355.48,15221.14,34.14,2.500,0.00,50.0,0.00
9793.00,11356.88,15223.21,34.14,2.500,0.00,50.0,0.00
9794.00,11358.29,15225.28,34.14,2.500,0.00,50.0,0.00
9795.00,11359.69,15227.35,34.14,2.500,0.00,50.0,0.00
9796.00,11361.09,15229.42,34.14,2.500,0.00,50.0,0.00
9797.00,11362.50,15231.49,34.14,2.500,0.00,50.0,0.00
9798.00,11363.90,15233.56,34.14,2.500,0.00,50.0,0.00
9799.00,11365.30,15235.62,34.14,2.500,0.00,50.0,0.00
9800.00,11366.71,15237.69,34.14,2.500,0.00,50.0,0.00
9801.00,11368.11,15239.76,34.14,2.500,0.00,50.0,0.00
9802.00,11369.51,15241.83,34.14,2.500,0.00,50.0,0.00
9803.00,11370.92,15243.90,34.14,2.500,0.00,50.0,0.00
9804.00,11372.32,15245.97,34.14,2.500,0.00,50.0,0.00
9805.00,11373.72,15248.04,34.14,2.500,0.00,50.0,0.00
9806.00,11375.13,15250.11,34.14,2.500,0.00,50.0,0.00
9807.00,11376.53,15252.18,34.14,2.500,0.00,50.0,0.00
9808.00,11377.93,15254.25,34.14,2.500,0.00,50.0,0.00
9809.00,11379.33,15256.32,34.14,2.500,0.00,50.0,0.00
9810.00,11380.74,15258.38,34.14,2.500,0.00,50.0,0.00
9811.00,11382.14,15260.45,34.14,2.500,0.00,50.0,0.00
9812.00,11383.54,15262.52,34.14,2.500,0.00,50.0,0.00
9813.00,11384.95,15264.59,34.14,2.500,5.00,50.0,0.06
9814.00,11386.35,15266.66,34.15,2.500,5.00,50.0,0.11
9815.00,11387.75,15268.73,34.15,2.500,5.00,50.0,0.17
9816.00,11389.16,15270.80,34.15,2.500,5.00,50.0,0.22
9817.00,11390.56,15272.87,34.16,2.500,5.00,50.0,0.27
9818.00,11391.96,15274.94,34.16,2.500,5.00,50.0,0.32
9819.00,11393.37,15277.01,34.17,2.500,0.00,50.0,0.31
9820.00,11394.77,15279.07,34.17,2.500,0.00,50.0,0.30
9821.00,11396.18,15281.14,34.18,2.500,0.00,50.0,0.29
9822.00,11397.58,15283.21,34.18,2.500,0.00,50.0,0.28
9823.00,11398.98,15285.28,34.19,2.500,0.00,50.0,0.27
9824.00,11400.39,15287.35,34.19,2.500,0.00,50.0,0.26
9825.00,11401.79,15289.42,34.19,2.500,0.00,50.0,0.25
9826.00,11403.20,15291.48,34.20,2.500,0.00,50.0,0.24
9827.00,11404.60,15293.55,34.20,2.500,0.00,50.0,0.23
9828.00,11406.01,15295.62,34.21,2.500,0.00,50.0,0.23
9829.00,11407.41,15297.69,34.21,2.500,0.00,50.0,0.22
9830.00,11408.82,15299.75,34.21,2.500,0.00,50.0,0.21
9831.00,11410.23,15301.82,34.22,2.500,0.00,50.0,0.20
9832.00,11411.63,15303.89,34.22,2.500,0.00,50.0,0.20
9833.00,11413.04,15305.96,34.22,2.500,0.00,50.0,0.19
9834.00,11414.44,15308.02,34.23,2.500,0.00,50.0,0.18
9835.00,11415.85,15310.09,34.23,2.500,0.00,50.0,0.18
9836.00,11417.26,15312.16,34.23,2.500,0.00,50.0,0.17
9837.00,11418.66,15314.22,34.23,2.500,0.00,50.0,0.17
9838.00,11420.07,15316.29,34.24,2.500,0.00,50.0,0.16
9839.00,11421.48,15318.36,34.24,2.500,0.00,50.0,0.16
9840.00,11422.88,15320.42,34.24,2.500,0.00,50.0,0.15
9841.00,11424.29,15322.49,34.24,2.500,0.00,50.0,0.15
9842.00,11425.70,15324.56,34.25,2.500,0.00,50.0,0.14
9843.00,11427.10,15326.62,34.25,2.500,0.00,50.0,0.14
9844.00,11428.51,15328.69,34.25,2.500,0.00,50.0,0.13
9845.00,11429.92,15330.76,34.25,2.500,0.00,50.0,0.13
9846.00,11431.32,15332.82,34.26,2.500,0.00,50.0,0.12
9847.00,11432.73,15334.89,34.26,2.500,0.00,50.0,0.12
9848.00,11434.14,15336.96,34.26,2.500,0.00,50.0,0.11
9849.00,11435.55,15339.02,34.26,2.500,0.00,50.0,0.11
9850.00,11436.95,15341.09,34.26,2.500,0.00,50.0,0.11
9851.00,11438.36,15343.15,34.26,2.500,0.00,50.0,0.10
9852.00,11439.77,15345.22,34.27,2.500,0.00,50.0,0.10
9853.00,11441.18,15347.29,34.27,2.500,0.00,50.0,0.10
9854.00,11442.58,15349.35,34.27,2.500,0.00,50.0,0.09
9855.00,11443.99,15351.42,34.27,2.500,0.00,50.0,0.09
9856.00,11445.40,15353.48,34.27,2.500,0.00,50.0,0.09
9857.00,11446.81,15355.55,34.27,2.500,0.00,50.0,0.08
9858.00,11448.21,15357.62,34.27,2.500,0.00,50.0,0.08
9859.00,11449.62,15359.68,34.28,2.500,0.00,50.0,0.08
9860.00,11451.03,15361.75,34.28,2.500,0.00,50.0,0.08
9861.00,11452.44,15363.81,34.28,2.500,0.00,50.0,0.07
9862.00,11453.85,15365.88,34.28,2.500,0.00,50.0,0.07
9863.00,11455.25,15367.95,34.28,2.500,0.00,50.0,0.07
9864.00,11456.66,15370.01,34.28,2.500,0.00,50.0,0.07
9865.00,11458.07,15372.08,34.28,2.500,0.00,50.0,0.06
9866.00,11459.48,15374.14,34.28,2.500,0.00,50.0,0.06
9867.00,11460.89,15376.21,34.29,2.500,0.00,50.0,0.06
9868.00,11462.30,15378.27,34.29,2.500,0.00,50.0,0.06
9869.00,11463.70,15380.34,34.29,2.500,0.00,50.0,0.06
9870.00,11465.11,15382.41,34.29,2.500,0.00,50.0,0.05
9871.00,11466.52,15384.47,34.29,2.500,0.00,50.0,0.05
9872.00,11467.93,15386.54,34.29,2.500,0.00,50.0,0.05
9873.00,11469.34,15388.60,34.29,2.500,0.00,50.0,0.05
9874.00,11470.75,15390.67,34.29,2.500,0.00,50.0,0.05
9875.00,11472.15,15392.73,34.29,2.500,0.00,50.0,0.05
9876.00,11473.56,15394.80,34.29,2.500,0.00,50.0,0.04
9877.00,11474.97,15396.86,34.29,2.500,0.00,50.0,0.04
9878.00,11476.38,15398.93,34.29,2.500,0.00,50.0,0.04
9879.00,11477.79,15400.99,34.29,2.500,0.00,50.0,0.04
9880.00,11479.20,15403.06,34.30,2.500,0.00,50.0,0.04
9881.00,11480.61,15405.12,34.30,2.500,0.00,50.0,0.04
9882.00,11482.01,15407.19,34.30,2.500,0.00,50.0,0.04
9883.00,11483.42,15409.26,34.30,2.500,0.00,50.0,0.03
9884.00,11484.83,15411.32,34.30,2.500,0.00,50.0,0.03
9885.00,11486.24,15413.39,34.30,2.500,0.00,50.0,0.03
9886.00,11487.65,15415.45,34.30,2.500,0.00,50.0,0.03
9887.00,11489.06,15417.52,34.30,2.500,0.00,50.0,0.03
9888.00,11490.47,15419.58,34.30,2.500,0.00,50.0,0.03
9889.00,11491.88,15421.65,34.30,2.500,0.00,50.0,0.03
9890.00,11493.28,15423.71,34.30,2.500,0.00,50.0,0.03
9891.00,11494.69,15425.78,34.30,2.500,0.00,50.0,0.03
9892.00,11496.10,15427.84,34.30,2.500,0.00,50.0,0.03
9893.00,11497.51,15429.91,34.30,2.500,0.00,50.0,0.02
9894.00,11498.92,15431.97,34.30,2.500,0.00,50.0,0.02
9895.00,11500.33,15434.04,34.30,2.500,0.00,50.0,0.02
9896.00,11501.74,15436.10,34.30,2.500,0.00,50.0,0.02
9897.00,11503.15,15438.17,34.30,2.500,0.00,50.0,0.02
9898.00,11504.56,15440.23,34.30,2.500,0.00,50.0,0.02
9899.00,11505.96,15442.30,34.30,2.500,0.00,50.0,0.02
9900.00,11507.37,15444.36,34.30,2.500,0.00,50.0,0.02
9901.00,11508.78,15446.43,34.31,2.500,0.00,50.0,0.02
9902.00,11510.19,15448.49,34.31,2.500,0.00,50.0,0.02
9903.00,11511.60,15450.56,34.31,2.500,0.00,50.0,0.02
9904.00,11513.01,15452.62,34.31,2.500,0.00,50.0,0.02
9905.00,11514.42,15454.69,34.31,2.500,0.00,50.0,0.02
9906.00,11515.83,15456.75,34.31,2.500,0.00,50.0,0.02
9907.00,11517.24,15458.82,34.31,2.500,0.00,50.0,0.02
9908.00,11518.65,15460.89,34.31,2.500,0.00,50.0,0.01
9909.00,11520.05,15462.95,34.31,2.500,0.00,50.0,0.01
9910.00,11521.46,15465.02,34.31,2.500,0.00,50.0,0.01
9911.00,11522.87,15467.08,34.31,2.500,0.00,50.0,0.01
9912.00,11524.28,15469.15,34.31,2.500,0.00,50.0,0.01
9913.00,11525.69,15471.21,34.31,2.500,0.00,50.0,0.01
9914.00,11527.10,15473.28,34.31,2.500,0.00,50.0,0.01
9915.00,11528.51,15475.34,34.31,2.500,0.00,50.0,0.01
9916.00,11529.92,15477.41,34.31,2.500,0.00,50.0,0.01
9917.00,11531.33,15479.47,34.31,2.500,0.00,50.0,0.01
9918.00,11532.74,15481.54,34.31,2.500,0.00,50.0,0.01
9919.00,11534.15,15483.60,34.31,2.500,0.00,50.0,0.01
9920.00,11535.56,15485.67,34.31,2.500,0.00,50.0,0.01
9921.00,11536.96,15487.73,34.31,2.500,0.00,50.0,0.01
9922.00,11538.37,15489.80,34.31,2.500,0.00,50.0,0.01
9923.00,11539.78,15491.86,34.31,2.500,0.00,50.0,0.01
9924.00,11541.19,15493.93,34.31,2.500,0.00,50.0,0.01
9925.00,11542.60,15495.99,34.31,2.500,0.00,50.0,0.01
9926.00,11544.01,15498.06,34.31,2.500,0.00,50.0,0.01
9927.00,11545.42,15500.12,34.31,2.500,0.00,50.0,0.01
9928.00,11546.83,15502.19,34.31,2.500,0.00,50.0,0.01
9929.00,11548.24,15504.25,34.31,2.500,0.00,50.0,0.01
9930.00,11549.65,15506.32,34.31,2.500,0.00,50.0,0.01
9931.00,11551.06,15508.38,34.31,2.500,0.00,50.0,0.01
9932.00,11552.47,15510.45,34.31,2.500,0.00,50.0,0.01
9933.00,11553.87,15512.51,34.31,2.500,0.00,50.0,0.01
9934.00,11555.28,15514.58,34.31,2.500,0.00,50.0,0.01
9935.00,11556.69,15516.64,34.31,2.500,0.00,50.0,0.01
9936.00,11558.10,15518.71,34.31,2.500,0.00,50.0,0.01
9937.00,11559.51,15520.77,34.31,2.500,0.00,50.0,0.01
9938.00,11560.92,15522.84,34.31,2.500,0.00,50.0,0.01
9939.00,11562.33,15524.90,34.31,2.500,0.00,50.0,0.01
9940.00,11563.74,15526.97,34.31,2.500,0.00,50.0,0.01
9941.00,11565.15,15529.03,34.31,2.500,0.00,50.0,0.00
9942.00,11566.56,15531.10,34.31,2.500,0.00,50.0,0.00
9943.00,11567.97,15533.16,34.31,2.500,0.00,50.0,0.00
9944.00,11569.38,15535.23,34.31,2.500,0.00,50.0,0.00
9945.00,11570.79,15537.29,34.31,2.500,0.00,50.0,0.00
9946.00,11572.19,15539.35,34.31,2.500,0.00,50.0,0.00
9947.00,11573.60,15541.42,34.31,2.500,0.00,50.0,0.00
9948.00,11575.01,15543.48,34.31,2.500,0.00,50.0,0.00
9949.00,11576.42,15545.55,34.31,2.500,0.00,50.0,0.00
9950.00,11577.83,15547.61,34.31,2.500,0.00,50.0,0.00
9951.00,11579.24,15549.68,34.31,2.500,0.00,50.0,0.00
9952.00,11580.65,15551.74,34.31,2.500,0.00,50.0,0.00
9953.00,11582.06,15553.81,34.31,2.500,0.00,50.0,0.00
9954.00,11583.47,15555.87,34.31,2.500,0.00,50.0,0.00
9955.00,11584.88,15557.94,34.31,2.500,0.00,50.0,0.00
9956.00,11586.29,15560.00,34.31,2.500,0.00,50.0,0.00
9957.00,11587.70,15562.07,34.31,2.500,0.00,50.0,0.00
9958.00,11589.11,15564.13,34.31,2.500,0.00,50.0,0.00
9959.00,11590.52,15566.20,34.31,2.500,0.00,50.0,0.00
9960.00,11591.92,15568.26,34.31,2.500,5.00,50.0,0.06
9961.00,11593.33,15570.33,34.32,2.500,5.00,50.0,0.11
9962.00,11594.74,15572.39,34.32,2.500,5.00,50.0,0.17
9963.00,11596.15,15574.46,34.32,2.500,5.00,50.0,0.22
9964.00,11597.56,15576.52,34.33,2.500,5.00,50.0,0.27
9965.00,11598.97,15578.59,34.33,2.500,5.00,50.0,0.32
9966.00,11600.38,15580.65,34.34,2.500,0.00,50.0,0.31
9967.00,11601.79,15582.72,34.34,2.500,0.00,50.0,0.30
9968.00,11603.20,15584.78,34.35,2.500,0.00,50.0,0.29
9969.00,11604.61,15586.84,34.35,2.500,0.00,50.0,0.28
9970.00,11606.02,15588.91,34.36,2.500,0.00,50.0,0.27
9971.00,11607.43,15590.97,34.36,2.500,0.00,50.0,0.26
9972.00,11608.85,15593.04,34.36,2.500,0.00,50.0,0.25
9973.00,11610.26,15595.10,34.37,2.500,0.00,50.0,0.24
9974.00,11611.67,15597.16,34.37,2.500,0.00,50.0,0.23
9975.00,11613.08,15599.23,34.38,2.500,0.00,50.0,0.23
9976.00,11614.49,15601.29,34.38,2.500,0.00,50.0,0.22
9977.00,11615.90,15603.35,34.38,2.500,0.00,50.0,0.21
9978.00,11617.31,15605.42,34.39,2.500,0.00,50.0,0.20
9979.00,11618.73,15607.48,34.39,2.500,0.00,50.0,0.20
9980.00,11620.14,15609.54,34.39,2.500,0.00,50.0,0.19
9981.00,11621.55,15611.61,34.40,2.500,0.00,50.0,0.18
9982.00,11622.96,15613.67,34.40,2.500,0.00,50.0,0.18
9983.00,11624.38,15615.73,34.40,2.500,0.00,50.0,0.17
9984.00,11625.79,15617.79,34.41,2.500,0.00,50.0,0.17
9985.00,11627.20,15619.86,34.41,2.500,0.00,50.0,0.16
9986.00,11628.61,15621.92,34.41,2.500,0.00,50.0,0.16
9987.00,11630.03,15623.98,34.41,2.500,0.00,50.0,0.15
9988.00,11631.44,15626.04,34.42,2.500,0.00,50.0,0.15
9989.00,11632.85,15628.11,34.42,2.500,0.00,50.0,0.14
9990.00,11634.26,15630.17,34.42,2.500,0.00,50.0,0.14
9991.00,11635.68,15632.23,34.42,2.500,0.00,50.0,0.13
9992.00,11637.09,15634.29,34.42,2.500,0.00,50.0,0.13
9993.00,11638.50,15636.36,34.43,2.500,0.00,50.0,0.12
9994.00,11639.92,15638.42,34.43,2.500,0.00,50.0,0.12
9995.00,11641.33,15640.48,34.43,2.500,0.00,50.0,0.11
9996.00,11642.74,15642.54,34.43,2.500,0.00,50.0,0.11
9997.00,11644.16,15644.60,34.43,2.500,0.00,50.0,0.11
9998.00,11645.57,15646.67,34.44,2.500,0.00,50.0,0.10
9999.00,11646.99,15648.73,34.44,2.500,0.00,50.0,0.10
10000.00,11648.40,15650.79,34.44,2.500,0.00,50.0,0.10
10001.00,11649.81,15652.85,34.44,2.500,0.00,50.0,0.09
10002.00,11651.23,15654.91,34.44,2.500,0.00,50.0,0.09
10003.00,11652.64,15656.98,34.44,2.500,0.00,50.0,0.09
10004.00,11654.06,15659.04,34.44,2.500,0.00,50.0,0.08
10005.00,11655.47,15661.10,34.45,2.500,0.00,50.0,0.08
10006.00,11656.88,15663.16,34.45,2.500,0.00,50.0,0.08
10007.00,11658.30,15665.22,34.45,2.500,0.00,50.0,0.08
10008.00,11659.71,15667.28,34.45,2.500,5.00,50.0,0.13
10009.00,11661.13,15669.35,34.45,2.500,5.00,50.0,0.18
10010.00,11662.54,15671.41,34.46,2.500,5.00,50.0,0.23
10011.00,11663.95,15673.47,34.46,2.500,5.00,50.0,0.28
10012.00,11665.37,15675.53,34.47,2.500,5.00,50.0,0.33
10013.00,11666.78,15677.59,34.47,2.500,0.00,50.0,0.32
10014.00,11668.20,15679.65,34.48,2.500,0.00,50.0,0.31
10015.00,11669.61,15681.71,34.48,2.500,0.00,50.0,0.30
10016.00,11671.03,15683.77,34.49,2.500,0.00,50.0,0.29
10017.00,11672.45,15685.83,34.49,2.500,0.00,50.0,0.28
10018.00,11673.86,15687.89,34.50,2.500,0.00,50.0,0.27
10019.00,11675.28,15689.95,34.50,2.500,0.00,50.0,0.26
10020.00,11676.69,15692.01,34.51,2.500,0.00,50.0,0.25
10021.00,11678.11,15694.07,34.51,2.500,0.00,50.0,0.24
10022.00,11679.53,15696.13,34.51,2.500,0.00,50.0,0.24
10023.00,11680.94,15698.19,34.52,2.500,0.00,50.0,0.23
10024.00,11682.36,15700.25,34.52,2.500,0.00,50.0,0.22
10025.00,11683.78,15702.31,34.53,2.500,0.00,50.0,0.21
10026.00,11685.19,15704.37,34.53,2.500,0.00,50.0,0.21
10027.00,11686.61,15706.43,34.53,2.500,0.00,50.0,0.20
10028.00,11688.03,15708.49,34.54,2.500,0.00,50.0,0.19
10029.00,11689.44,15710.55,34.54,2.500,0.00,50.0,0.19
10030.00,11690.86,15712.61,34.54,2.500,0.00,50.0,0.18
10031.00,11692.28,15714.67,34.54,2.500,0.00,50.0,0.17
10032.00,11693.70,15716.73,34.55,2.500,0.00,50.0,0.17
10033.00,11695.11,15718.79,34.55,2.500,0.00,50.0,0.16
10034.00,11696.53,15720.85,34.55,2.500,0.00,50.0,0.16
10035.00,11697.95,15722.91,34.56,2.500,0.00,50.0,0.15
10036.00,11699.37,15724.97,34.56,2.500,0.00,50.0,0.15
10037.00,11700.79,15727.03,34.56,2.500,0.00,50.0,0.14
10038.00,11702.20,15729.08,34.56,2.500,0.00,50.0,0.14
10039.00,11703.62,15731.14,34.57,2.500,5.00,50.0,0.19
10040.00,11705.04,15733.20,34.57,2.500,5.00,50.0,0.24
10041.00,11706.46,15735.26,34.57,2.500,-35.00,50.0,-0.17
10042.00,11707.88,15737.32,34.56,2.500,-35.00,50.0,-0.56
10043.00,11709.30,15739.38,34.54,2.500,-35.00,50.0,-0.94
10044.00,11710.71,15741.44,34.52,2.500,-35.00,50.0,-1.31
10045.00,11712.13,15743.50,34.49,2.500,-35.00,50.0,-1.67
10046.00,11713.55,15745.56,34.46,2.500,-35.00,50.0,-2.01
10047.00,11714.96,15747.62,34.42,2.500,-35.00,50.0,-2.35
10048.00,11716.37,15749.68,34.37,2.500,-35.00,50.0,-2.67
10049.00,11717.79,15751.75,34.33,2.500,-35.00,50.0,-2.98
10050.00,11719.19,15753.81,34.27,2.500,-35.00,50.0,-3.28
10051.00,11720.60,15755.88,34.21,2.500,-35.00,50.0,-3.57
10052.00,11722.01,15757.94,34.15,2.500,-35.00,50.0,-3.85
10053.00,11723.41,15760.01,34.08,2.500,-35.00,50.0,-4.12
10054.00,11724.81,15762.08,34.01,2.500,-35.00,50.0,-4.38
10055.00,11726.21,15764.16,33.93,2.500,-35.00,50.0,-4.64
10056.00,11727.61,15766.23,33.85,2.500,-35.00,50.0,-4.88
10057.00,11729.00,15768.31,33.76,2.500,-35.00,50.0,-5.12
10058.00,11730.39,15770.38,33.67,2.500,-35.00,50.0,-5.35
10059.00,11731.77,15772.46,33.58,2.500,-35.00,50.0,-5.57
10060.00,11733.16,15774.55,33.48,2.500,-35.00,50.0,-5.79
10061.00,11734.54,15776.63,33.38,2.500,-35.00,50.0,-5.99
10062.00,11735.91,15778.72,33.28,2.500,-35.00,50.0,-6.19
10063.00,11737.28,15780.81,33.17,2.500,-35.00,50.0,-6.39
10064.00,11738.65,15782.90,33.06,2.500,-35.00,50.0,-6.57
10065.00,11740.01,15785.00,32.95,2.500,-35.00,50.0,-6.76
10066.00,11741.37,15787.10,32.84,2.500,-35.00,50.0,-6.93
10067.00,11742.73,15789.20,32.72,2.500,-35.00,50.0,-7.10
10068.00,11744.08,15791.30,32.60,2.500,-35.00,50.0,-7.26
10069.00,11745.43,15793.41,32.47,2.500,-35.00,50.0,-7.42
10070.00,11746.77,15795.52,32.35,2.500,-35.00,50.0,-7.57
10071.00,11748.11,15797.63,32.22,2.500,-35.00,50.0,-7.72
10072.00,11749.44,15799.74,32.09,2.500,-35.00,50.0,-7.86
10073.00,11750.77,15801.86,31.95,2.500,-35.00,50.0,-8.00
10074.00,11752.09,15803.98,31.82,2.500,-35.00,50.0,-8.13
10075.00,11753.41,15806.11,31.68,2.500,-35.00,50.0,-8.26
10076.00,11754.72,15808.23,31.54,2.500,-35.00,50.0,-8.39
10077.00,11756.03,15810.36,31.40,2.500,-35.00,50.0,-8.51
10078.00,11757.33,15812.50,31.25,2.500,-35.00,50.0,-8.62
10079.00,11758.63,15814.64,31.11,2.500,-35.00,50.0,-8.74
10080.00,11759.92,15816.78,30.96,2.500,-35.00,50.0,-8.85
10081.00,11761.21,15818.92,30.81,2.500,-35.00,50.0,-8.95
10082.00,11762.49,15821.07,30.66,2.500,-35.00,50.0,-9.05
10083.00,11763.76,15823.22,30.51,2.500,-35.00,50.0,-9.15
10084.00,11765.03,15825.37,30.35,2.500,-35.00,50.0,-9.25
10085.00,11766.30,15827.53,30.20,2.500,-35.00,50.0,-9.34
10086.00,11767.55,15829.69,30.04,2.500,-35.00,50.0,-9.43
10087.00,11768.80,15831.85,29.88,2.500,-35.00,50.0,-9.51
10088.00,11770.05,15834.02,29.72,2.500,-35.00,50.0,-9.60
10089.00,11771.29,15836.19,29.56,2.500,-35.00,50.0,-9.68
10090.00,11772.52,15838.37,29.40,2.500,-35.00,50.0,-9.75
10091.00,11773.75,15840.54,29.24,2.500,-35.00,50.0,-9.83
10092.00,11774.97,15842.73,29.07,2.500,-35.00,50.0,-9.90
10093.00,11776.19,15844.91,28.90,2.500,-35.00,50.0,-9.97
10094.00,11777.39,15847.10,28.74,2.500,-35.00,50.0,-10.04
10095.00,11778.60,15849.29,28.57,2.500,-35.00,50.0,-10.10
10096.00,11779.79,15851.49,28.40,2.500,-35.00,50.0,-10.17
10097.00,11780.98,15853.69,28.23,2.500,-35.00,50.0,-10.23
10098.00,11782.16,15855.89,28.06,2.500,-35.00,50.0,-10.29
10099.00,11783.34,15858.10,27.89,2.500,-35.00,50.0,-10.34
10100.00,11784.51,15860.31,27.71,2.500,-35.00,50.0,-10.40
10101.00,11785.67,15862.52,27.54,2.500,-35.00,50.0,-10.45
10102.00,11786.83,15864.74,27.36,2.500,-35.00,50.0,-10.50
10103.00,11787.98,15866.96,27.19,2.500,-35.00,50.0,-10.55
10104.00,11789.12,15869.18,27.01,2.500,-35.00,50.0,-10.60
10105.00,11790.25,15871.41,26.83,2.500,-35.00,50.0,-10.65
10106.00,11791.38,15873.64,26.65,2.500,-35.00,50.0,-10.69
10107.00,11792.50,15875.87,26.48,2.500,-35.00,50.0,-10.74
10108.00,11793.62,15878.11,26.30,2.500,-35.00,50.0,-10.78
10109.00,11794.73,15880.35,26.12,2.500,-35.00,50.0,-10.82
10110.00,11795.83,15882.60,25.93,2.500,-35.00,50.0,-10.86
10111.00,11796.92,15884.84,25.75,2.500,-35.00,50.0,-10.90
10112.00,11798.01,15887.10,25.57,2.500,-35.00,50.0,-10.93
10113.00,11799.09,15889.35,25.39,2.500,-35.00,50.0,-10.97
10114.00,11800.16,15891.61,25.20,2.500,-35.00,50.0,-11.00
10115.00,11801.22,15893.87,25.02,2.500,-35.00,50.0,-11.04
10116.00,11802.28,15896.14,24.84,2.500,-35.00,50.0,-11.07
10117.00,11803.33,15898.41,24.65,2.500,-35.00,50.0,-11.10
10118.00,11804.37,15900.68,24.47,2.500,-35.00,50.0,-11.13
10119.00,11805.41,15902.95,24.28,2.500,-35.00,50.0,-11.16
10120.00,11806.44,15905.23,24.09,2.500,-35.00,50.0,-11.19
10121.00,11807.46,15907.51,23.91,2.500,-35.00,50.0,-11.21
10122.00,11808.47,15909.80,23.72,2.500,-35.00,50.0,-11.24
10123.00,11809.47,15912.09,23.53,2.500,-35.00,50.0,-11.27
10124.00,11810.47,15914.38,23.34,2.500,-35.00,50.0,-11.29
10125.00,11811.46,15916.68,23.15,2.500,-35.00,50.0,-11.31
10126.00,11812.45,15918.97,22.97,2.500,-35.00,50.0,-11.34
10127.00,11813.42,15921.28,22.78,2.500,-35.00,50.0,-11.36
10128.00,11814.39,15923.58,22.59,2.500,-35.00,50.0,-11.38
10129.00,11815.35,15925.89,22.40,2.500,-35.00,50.0,-11.40
10130.00,11816.30,15928.20,22.21,2.500,-35.00,50.0,-11.42
10131.00,11817.25,15930.52,22.02,2.500,-35.00,50.0,-11.44
10132.00,11818.18,15932.83,21.82,2.500,-35.00,50.0,-11.46
10133.00,11819.11,15935.15,21.63,2.500,-35.00,50.0,-11.48
10134.00,11820.04,15937.48,21.44,2.500,-35.00,50.0,-11.49
10135.00,11820.95,15939.81,21.25,2.500,-35.00,50.0,-11.51
10136.00,11821.85,15942.14,21.06,2.500,-35.00,50.0,-11.53
10137.00,11822.75,15944.47,20.86,2.500,-35.00,50.0,-11.54
10138.00,11823.64,15946.80,20.67,2.500,-35.00,50.0,-11.56
10139.00,11824.53,15949.14,20.48,2.500,-35.00,50.0,-11.57
10140.00,11825.40,15951.49,20.29,2.500,-35.00,50.0,-11.59
10141.00,11826.27,15953.83,20.09,2.500,-35.00,50.0,-11.60
10142.00,11827.13,15956.19,19.90,2.510,-30.00,60.0,-11.56
10143.00,11827.99,15958.56,19.71,2.520,-30.00,60.0,-11.51
10144.00,11828.84,15960.94,19.52,2.529,-30.00,60.0,-11.47
10145.00,11829.69,15963.33,19.33,2.539,-30.00,60.0,-11.43
10146.00,11830.53,15965.74,19.14,2.548,-30.00,60.0,-11.40
10147.00,11831.37,15968.15,18.95,2.557,-30.00,60.0,-11.36
10148.00,11832.20,15970.58,18.76,2.566,-30.00,60.0,-11.32
10149.00,11833.03,15973.03,18.57,2.585,-25.00,70.0,-11.23
10150.00,11833.86,15975.49,18.39,2.603,-25.00,70.0,-11.14
10151.00,11834.69,15977.98,18.20,2.621,-25.00,70.0,-11.06
10152.00,11835.51,15980.49,18.02,2.638,-25.00,70.0,-10.97
10153.00,11836.34,15983.01,17.84,2.656,-25.00,70.0,-10.89
10154.00,11837.15,15985.56,17.66,2.673,-25.00,70.0,-10.82
10155.00,11837.97,15988.12,17.48,2.689,-20.00,70.0,-10.68
10156.00,11838.78,15990.70,17.30,2.705,-20.00,70.0,-10.56
10157.00,11839.59,15993.30,17.13,2.721,-20.00,70.0,-10.43
10158.00,11840.40,15995.91,16.96,2.737,-20.00,70.0,-10.31
10159.00,11841.20,15998.54,16.79,2.752,-20.00,70.0,-10.20
10160.00,11842.00,16001.19,16.62,2.767,-20.00,70.0,-10.09
10161.00,11842.79,16003.85,16.45,2.772,-15.00,60.0,-9.92
10162.00,11843.58,16006.51,16.29,2.776,-15.00,60.0,-9.76
10163.00,11844.36,16009.18,16.13,2.781,-15.00,60.0,-9.61
10164.00,11845.13,16011.86,15.97,2.785,-15.00,60.0,-9.46
10165.00,11845.90,16014.54,15.82,2.789,-15.00,60.0,-9.32
10166.00,11846.66,16017.22,15.67,2.784,-10.00,50.0,-9.12
10167.00,11847.41,16019.89,15.52,2.778,-10.00,50.0,-8.93
10168.00,11848.15,16022.56,15.37,2.772,-10.00,50.0,-8.75
10169.00,11848.88,16025.23,15.23,2.767,-10.00,50.0,-8.57
10170.00,11849.61,16027.90,15.09,2.762,-10.00,50.0,-8.40
10171.00,11850.33,16030.56,14.95,2.756,-10.00,50.0,-8.23
10172.00,11851.04,16033.22,14.82,2.751,-10.00,50.0,-8.07
10173.00,11851.74,16035.87,14.69,2.746,-5.00,50.0,-7.86
10174.00,11852.43,16038.52,14.56,2.741,-5.00,50.0,-7.66
10175.00,11853.12,16041.17,14.43,2.736,-5.00,50.0,-7.46
10176.00,11853.80,16043.82,14.31,2.732,-5.00,50.0,-7.27
10177.00,11854.48,16046.46,14.19,2.727,-5.00,50.0,-7.08
10178.00,11855.14,16049.10,14.08,2.723,-5.00,50.0,-6.90
10179.00,11855.81,16051.74,13.97,2.728,0.00,60.0,-6.67
10180.00,11856.47,16054.40,13.86,2.734,0.00,60.0,-6.45
10181.00,11857.12,16057.06,13.76,2.739,0.00,60.0,-6.24
10182.00,11857.78,16059.72,13.66,2.744,0.00,60.0,-6.03
10183.00,11858.43,16062.39,13.56,2.749,0.00,60.0,-5.83
10184.00,11859.07,16065.07,13.47,2.754,0.00,60.0,-5.63
10185.00,11859.72,16067.76,13.38,2.769,5.00,70.0,-5.39
10186.00,11860.36,16070.47,13.29,2.784,5.00,70.0,-5.15
10187.00,11861.00,16073.19,13.21,2.798,5.00,70.0,-4.92
10188.00,11861.65,16075.93,13.13,2.812,5.00,70.0,-4.70
10189.00,11862.29,16078.68,13.05,2.826,5.00,70.0,-4.49
10190.00,11862.93,16081.45,12.98,2.839,10.00,70.0,-4.22
10191.00,11863.57,16084.23,12.92,2.853,10.00,70.0,-3.97
10192.00,11864.21,16087.02,12.86,2.866,10.00,70.0,-3.72
10193.00,11864.85,16089.83,12.80,2.878,10.00,70.0,-3.48
10194.00,11865.49,16092.65,12.74,2.891,10.00,70.0,-3.25
10195.00,11866.13,16095.48,12.69,2.903,10.00,70.0,-3.03
10196.00,11866.77,16098.32,12.65,2.915,10.00,70.0,-2.81
10197.00,11867.41,16101.18,12.60,2.926,15.00,70.0,-2.55
10198.00,11868.05,16104.05,12.57,2.938,15.00,70.0,-2.29
10199.00,11868.70,16106.92,12.53,2.949,15.00,70.0,-2.05
10200.00,11869.34,16109.81,12.50,2.960,15.00,70.0,-1.81
10201.00,11869.98,16112.71,12.47,2.971,15.00,70.0,-1.57
10202.00,11870.63,16115.63,12.45,2.982,15.00,70.0,-1.35
10203.00,11871.27,16118.55,12.43,2.992,20.00,70.0,-1.08
10204.00,11871.92,16121.48,12.42,3.002,20.00,70.0,-0.81
10205.00,11872.56,16124.42,12.41,3.012,20.00,70.0,-0.56
10206.00,11873.21,16127.37,12.41,3.022,20.00,70.0,-0.31
10207.00,11873.87,16130.33,12.41,3.031,20.00,70.0,-0.07
10208.00,11874.52,16133.29,12.41,3.031,15.00,60.0,0.10
10209.00,11875.17,16136.25,12.41,3.030,15.00,60.0,0.27
10210.00,11875.82,16139.21,12.42,3.030,15.00,60.0,0.43
10211.00,11876.47,16142.17,12.43,3.029,15.00,60.0,0.59
10212.00,11877.12,16145.13,12.44,3.028,15.00,60.0,0.74
10213.00,11877.77,16148.08,12.46,3.028,15.00,60.0,0.89
10214.00,11878.42,16151.03,12.47,3.017,10.00,50.0,0.97
10215.00,11879.07,16153.96,12.49,3.007,10.00,50.0,1.06
10216.00,11879.72,16156.89,12.51,2.997,10.00,50.0,1.13
10217.00,11880.37,16159.81,12.53,2.987,10.00,50.0,1.21
10218.00,11881.02,16162.71,12.55,2.977,10.00,50.0,1.29
10219.00,11881.66,16165.61,12.57,2.968,10.00,50.0,1.36
10220.00,11882.30,16168.50,12.60,2.958,10.00,50.0,1.43
10221.00,11882.95,16171.37,12.62,2.949,5.00,50.0,1.44
10222.00,11883.59,16174.24,12.64,2.940,5.00,50.0,1.44
10223.00,11884.23,16177.10,12.67,2.931,5.00,50.0,1.45
10224.00,11884.87,16179.96,12.69,2.923,5.00,50.0,1.46
10225.00,11885.51,16182.80,12.72,2.914,5.00,50.0,1.47
10226.00,11886.15,16185.63,12.74,2.906,5.00,50.0,1.48
10227.00,11886.79,16188.46,12.77,2.898,0.00,50.0,1.43
10228.00,11887.43,16191.28,12.79,2.890,0.00,50.0,1.38
10229.00,11888.07,16194.09,12.81,2.882,0.00,50.0,1.34
10230.00,11888.71,16196.89,12.83,2.874,0.00,50.0,1.29
10231.00,11889.34,16199.69,12.85,2.867,0.00,50.0,1.25
10232.00,11889.98,16202.48,12.87,2.870,5.00,60.0,1.26
10233.00,11890.62,16205.28,12.90,2.872,5.00,60.0,1.28
10234.00,11891.26,16208.09,12.92,2.875,5.00,60.0,1.29
10235.00,11891.91,16210.89,12.94,2.877,5.00,60.0,1.31
10236.00,11892.55,16213.70,12.96,2.880,5.00,60.0,1.32
10237.00,11893.20,16216.51,12.98,2.882,5.00,60.0,1.33
10238.00,11893.85,16219.33,13.01,2.894,10.00,70.0,1.40
10239.00,11894.50,16222.16,13.03,2.907,10.00,70.0,1.47
10240.00,11895.16,16225.00,13.06,2.918,10.00,70.0,1.54
10241.00,11895.82,16227.86,13.08,2.930,10.00,70.0,1.60
10242.00,11896.49,16230.72,13.11,2.941,10.00,70.0,1.66
10243.00,11897.16,16233.60,13.14,2.953,10.00,70.0,1.72
10244.00,11897.83,16236.48,13.17,2.964,10.00,70.0,1.78
10245.00,11898.51,16239.38,13.20,2.974,15.00,70.0,1.89
10246.00,11899.19,16242.28,13.23,2.985,15.00,70.0,2.00
10247.00,11899.88,16245.20,13.27,2.995,15.00,70.0,2.10
10248.00,11900.57,16248.13,13.31,3.005,15.00,70.0,2.20
10249.00,11901.26,16251.06,13.34,3.015,15.00,70.0,2.30
10250.00,11901.96,16254.00,13.38,3.025,15.00,70.0,2.40
10251.00,11902.66,16256.94,13.42,3.014,-35.00,50.0,1.92
10252.00,11903.35,16259.86,13.44,3.004,-35.00,50.0,1.45
10253.00,11904.05,16262.77,13.46,2.994,-35.00,50.0,1.00
10254.00,11904.74,16265.67,13.47,2.984,-35.00,50.0,0.57
10255.00,11905.44,16268.56,13.47,2.974,-35.00,50.0,0.15
10256.00,11906.13,16271.45,13.47,2.965,-35.00,50.0,-0.25
10257.00,11906.81,16274.32,13.45,2.956,-35.00,50.0,-0.65
10258.00,11907.50,16277.19,13.44,2.946,-35.00,50.0,-1.02
10259.00,11908.18,16280.04,13.41,2.938,-35.00,50.0,-1.39
10260.00,11908.86,16282.89,13.39,2.929,-35.00,50.0,-1.74
10261.00,11909.54,16285.73,13.35,2.920,-35.00,50.0,-2.09
10262.00,11910.21,16288.57,13.31,2.912,-35.00,50.0,-2.42
10263.00,11910.88,16291.39,13.26,2.904,-35.00,50.0,-2.74
10264.00,11911.54,16294.21,13.21,2.896,-35.00,50.0,-3.04
10265.00,11912.20,16297.02,13.16,2.888,-35.00,50.0,-3.34
10266.00,11912.86,16299.83,13.10,2.880,-35.00,50.0,-3.63
10267.00,11913.51,16302.62,13.03,2.872,-35.00,50.0,-3.91
10268.00,11914.16,16305.42,12.96,2.865,-35.00,50.0,-4.18
10269.00,11914.80,16308.20,12.89,2.858,-35.00,50.0,-4.44
10270.00,11915.43,16310.98,12.81,2.850,-35.00,50.0,-4.69
10271.00,11916.06,16313.75,12.73,2.843,-35.00,50.0,-4.94
10272.00,11916.69,16316.52,12.64,2.836,-35.00,50.0,-5.17
10273.00,11917.31,16319.29,12.55,2.840,-30.00,60.0,-5.34
10274.00,11917.93,16322.06,12.46,2.843,-30.00,60.0,-5.51
10275.00,11918.54,16324.84,12.37,2.846,-30.00,60.0,-5.67
10276.00,11919.15,16327.63,12.27,2.849,-30.00,60.0,-5.82
10277.00,11919.76,16330.41,12.17,2.852,-30.00,60.0,-5.97
10278.00,11920.36,16333.20,12.07,2.855,-30.00,60.0,-6.11
10279.00,11920.96,16336.00,11.96,2.858,-30.00,60.0,-6.25
10280.00,11921.55,16338.80,11.86,2.861,-30.00,60.0,-6.39
10281.00,11922.14,16341.61,11.75,2.874,-25.00,70.0,-6.46
10282.00,11922.73,16344.44,11.64,2.886,-25.00,70.0,-6.53
10283.00,11923.31,16347.27,11.53,2.898,-25.00,70.0,-6.60
10284.00,11923.90,16350.13,11.42,2.911,-25.00,70.0,-6.66
10285.00,11924.47,16352.99,11.31,2.922,-25.00,70.0,-6.73
10286.00,11925.05,16355.87,11.20,2.934,-20.00,70.0,-6.73
10287.00,11925.62,16358.76,11.08,2.945,-20.00,70.0,-6.74
10288.00,11926.19,16361.66,10.97,2.956,-20.00,70.0,-6.74
10289.00,11926.75,16364.57,10.86,2.967,-20.00,70.0,-6.74
10290.00,11927.32,16367.50,10.75,2.978,-20.00,70.0,-6.75
10291.00,11927.87,16370.43,10.63,2.988,-20.00,70.0,-6.75
10292.00,11928.43,16373.38,10.52,2.998,-20.00,70.0,-6.75
10293.00,11928.98,16376.34,10.41,3.009,-20.00,70.0,-6.76
10294.00,11929.52,16379.30,10.30,3.018,-15.00,70.0,-6.70
10295.00,11930.06,16382.28,10.19,3.028,-15.00,70.0,-6.65
10296.00,11930.60,16385.27,10.08,3.037,-15.00,70.0,-6.60
10297.00,11931.13,16388.27,9.97,3.047,-15.00,70.0,-6.55
10298.00,11931.66,16391.28,9.86,3.056,-15.00,70.0,-6.51
10299.00,11932.19,16394.30,9.75,3.065,-15.00,70.0,-6.46
10300.00,11932.71,16397.33,9.64,3.073,-15.00,70.0,-6.42
10301.00,11933.22,16400.37,9.54,3.082,-15.00,70.0,-6.37
10302.00,11933.73,16403.42,9.43,3.090,-10.00,70.0,-6.28
10303.00,11934.24,16406.47,9.33,3.098,-10.00,70.0,-6.18
10304.00,11934.75,16409.54,9.23,3.106,-10.00,70.0,-6.09
10305.00,11935.25,16412.61,9.13,3.114,-10.00,70.0,-6.00
10306.00,11935.74,16415.70,9.03,3.122,-10.00,70.0,-5.91
10307.00,11936.23,16418.79,8.93,3.130,-10.00,70.0,-5.83
10308.00,11936.72,16421.88,8.84,3.137,-5.00,70.0,-5.69
10309.00,11937.20,16424.99,8.75,3.144,-5.00,70.0,-5.56
10310.00,11937.68,16428.11,8.65,3.151,-5.00,70.0,-5.43
10311.00,11938.16,16431.23,8.57,3.158,-5.00,70.0,-5.31
10312.00,11938.63,16434.36,8.48,3.165,-5.00,70.0,-5.19
10313.00,11939.10,16437.50,8.40,3.172,-5.00,70.0,-5.07
10314.00,11939.56,16440.64,8.31,3.178,0.00,70.0,-4.91
10315.00,11940.02,16443.79,8.23,3.185,0.00,70.0,-4.74
10316.00,11940.48,16446.95,8.16,3.191,0.00,70.0,-4.58
10317.00,11940.93,16450.12,8.08,3.197,0.00,70.0,-4.43
10318.00,11941.38,16453.29,8.01,3.203,0.00,70.0,-4.28
10319.00,11941.83,16456.46,7.94,3.209,0.00,70.0,-4.14
10320.00,11942.27,16459.65,7.88,3.215,5.00,70.0,-3.95
10321.00,11942.72,16462.84,7.82,3.221,5.00,70.0,-3.76
10322.00,11943.15,16466.04,7.76,3.226,5.00,70.0,-3.57
10323.00,11943.59,16469.24,7.70,3.232,5.00,70.0,-3.40
10324.00,11944.02,16472.45,7.65,3.237,5.00,70.0,-3.23
10325.00,11944.46,16475.66,7.59,3.243,5.00,70.0,-3.06
10326.00,11944.88,16478.88,7.55,3.248,10.00,70.0,-2.85
10327.00,11945.31,16482.10,7.50,3.253,10.00,70.0,-2.64
10328.00,11945.74,16485.33,7.46,3.258,10.00,70.0,-2.43
10329.00,11946.16,16488.57,7.43,3.263,10.00,70.0,-2.24
10330.00,11946.58,16491.81,7.39,3.267,10.00,70.0,-2.05
10331.00,11947.00,16495.05,7.36,3.272,10.00,70.0,-1.87
10332.00,11947.42,16498.30,7.33,3.276,15.00,70.0,-1.63
10333.00,11947.84,16501.56,7.31,3.281,15.00,70.0,-1.41
10334.00,11948.26,16504.82,7.29,3.285,15.00,70.0,-1.19
10335.00,11948.68,16508.08,7.27,3.290,15.00,70.0,-0.98
10336.00,11949.09,16511.35,7.26,3.294,15.00,70.0,-0.77
10337.00,11949.51,16514.61,7.25,3.288,10.00,60.0,-0.63
10338.00,11949.92,16517.86,7.24,3.282,10.00,60.0,-0.50
10339.00,11950.34,16521.11,7.24,3.277,10.00,60.0,-0.37
10340.00,11950.75,16524.36,7.23,3.271,10.00,60.0,-0.24
10341.00,11951.16,16527.60,7.23,3.266,10.00,60.0,-0.12
10342.00,11951.57,16530.83,7.23,3.260,10.00,60.0,-0.00
10343.00,11951.98,16534.06,7.23,3.255,10.00,60.0,0.11
10344.00,11952.39,16537.29,7.23,3.250,10.00,60.0,0.22
10345.00,11952.80,16540.50,7.24,3.245,10.00,60.0,0.33
10346.00,11953.21,16543.72,7.25,3.240,10.00,60.0,0.43
10347.00,11953.61,16546.93,7.26,3.235,10.00,60.0,0.53
10348.00,11954.02,16550.13,7.27,3.231,10.00,60.0,0.63
10349.00,11954.43,16553.33,7.28,3.226,10.00,60.0,0.72
10350.00,11954.84,16556.53,7.29,3.221,10.00,60.0,0.81
10351.00,11955.25,16559.72,7.31,3.217,10.00,60.0,0.90
10352.00,11955.66,16562.91,7.32,3.213,10.00,60.0,0.98
10353.00,11956.06,16566.09,7.34,3.208,10.00,60.0,1.07
10354.00,11956.47,16569.27,7.36,3.204,10.00,60.0,1.15
10355.00,11956.88,16572.44,7.38,3.200,10.00,60.0,1.22
10356.00,11957.29,16575.61,7.40,3.196,10.00,60.0,1.29
10357.00,11957.71,16578.78,7.43,3.192,10.00,60.0,1.37
10358.00,11958.12,16581.94,7.45,3.188,10.00,60.0,1.43
10359.00,11958.53,16585.10,7.47,3.185,10.00,60.0,1.50
10360.00,11958.94,16588.25,7.50,3.181,10.00,60.0,1.57
10361.00,11959.36,16591.40,7.53,3.177,10.00,60.0,1.63
10362.00,11959.78,16594.55,7.56,3.174,10.00,60.0,1.69
10363.00,11960.19,16597.69,7.58,3.170,10.00,60.0,1.75
10364.00,11960.61,16600.83,7.61,3.167,10.00,60.0,1.80
10365.00,11961.03,16603.96,7.65,3.164,10.00,60.0,1.86
10366.00,11961.45,16607.10,7.68,3.160,10.00,60.0,1.91
10367.00,11961.87,16610.22,7.71,3.157,10.00,60.0,1.96
10368.00,11962.30,16613.35,7.74,3.154,10.00,60.0,2.01
10369.00,11962.72,16616.47,7.78,3.151,10.00,60.0,2.06
10370.00,11963.15,16619.59,7.81,3.148,10.00,60.0,2.10
10371.00,11963.57,16622.71,7.85,3.145,10.00,60.0,2.15
10372.00,11964.00,16625.82,7.89,3.142,10.00,60.0,2.19
10373.00,11964.43,16628.93,7.92,3.139,10.00,60.0,2.23
10374.00,11964.87,16632.03,7.96,3.136,10.00,60.0,2.27
10375.00,11965.30,16635.14,8.00,3.134,10.00,60.0,2.31
10376.00,11965.73,16638.24,8.04,3.131,10.00,60.0,2.35
10377.00,11966.17,16641.34,8.08,3.128,10.00,60.0,2.38
10378.00,11966.61,16644.43,8.12,3.126,10.00,60.0,2.42
10379.00,11967.05,16647.52,8.16,3.123,10.00,60.0,2.45
10380.00,11967.50,16650.61,8.20,3.121,10.00,60.0,2.48
10381.00,11967.94,16653.70,8.24,3.118,10.00,60.0,2.51
10382.00,11968.39,16656.78,8.28,3.116,10.00,60.0,2.54
10383.00,11968.84,16659.86,8.33,3.114,10.00,60.0,2.57
10384.00,11969.29,16662.94,8.37,3.111,10.00,60.0,2.60
10385.00,11969.74,16666.02,8.41,3.109,10.00,60.0,2.63
10386.00,11970.19,16669.09,8.46,3.107,10.00,60.0,2.66
10387.00,11970.65,16672.16,8.50,3.105,10.00,60.0,2.68
10388.00,11971.11,16675.23,8.55,3.103,10.00,60.0,2.71
10389.00,11971.57,16678.30,8.59,3.101,10.00,60.0,2.73
10390.00,11972.03,16681.36,8.64,3.099,10.00,60.0,2.75
10391.00,11972.50,16684.42,8.69,3.097,10.00,60.0,2.78
10392.00,11972.97,16687.48,8.73,3.095,10.00,60.0,2.80
10393.00,11973.43,16690.54,8.78,3.093,10.00,60.0,2.82
10394.00,11973.91,16693.58,8.83,3.081,5.00,50.0,2.78
10395.00,11974.38,16696.62,8.87,3.069,5.00,50.0,2.75
10396.00,11974.85,16699.64,8.92,3.058,5.00,50.0,2.71
10397.00,11975.32,16702.65,8.96,3.047,5.00,50.0,2.68
10398.00,11975.79,16705.65,9.01,3.036,5.00,50.0,2.65
10399.00,11976.27,16708.64,9.05,3.025,5.00,50.0,2.62
10400.00,11976.74,16711.61,9.09,3.015,5.00,50.0,2.59
10401.00,11977.22,16714.58,9.13,3.004,0.00,50.0,2.50
10402.00,11977.69,16717.54,9.17,2.994,0.00,50.0,2.42
10403.00,11978.17,16720.48,9.21,2.984,0.00,50.0,2.34
10404.00,11978.64,16723.42,9.25,2.975,0.00,50.0,2.26
10405.00,11979.12,16726.35,9.29,2.965,0.00,50.0,2.18
10406.00,11979.60,16729.26,9.32,2.956,0.00,50.0,2.11
10407.00,11980.08,16732.18,9.36,2.957,5.00,60.0,2.10
10408.00,11980.56,16735.10,9.39,2.958,5.00,60.0,2.08
10409.00,11981.04,16738.02,9.43,2.959,5.00,60.0,2.07
10410.00,11981.52,16740.94,9.46,2.959,5.00,60.0,2.06
10411.00,11982.01,16743.86,9.50,2.960,5.00,60.0,2.05
10412.00,11982.50,16746.78,9.53,2.961,5.00,60.0,2.04
10413.00,11982.99,16749.70,9.56,2.962,5.00,60.0,2.03
10414.00,11983.48,16752.63,9.60,2.973,10.00,70.0,2.07
10415.00,11983.98,16755.57,9.63,2.983,10.00,70.0,2.12
10416.00,11984.48,16758.52,9.67,2.993,10.00,70.0,2.16
10417.00,11984.99,16761.48,9.71,3.004,10.00,70.0,2.20
10418.00,11985.49,16764.45,9.74,3.013,10.00,70.0,2.25
10419.00,11986.01,16767.43,9.78,3.023,10.00,70.0,2.28
10420.00,11986.52,16770.42,9.82,3.033,10.00,70.0,2.32
10421.00,11987.04,16773.42,9.86,3.042,10.00,70.0,2.36
10422.00,11987.56,16776.42,9.90,3.041,5.00,60.0,2.34
10423.00,11988.08,16779.41,9.94,3.040,5.00,60.0,2.32
10424.00,11988.61,16782.40,9.98,3.040,5.00,60.0,2.30
10425.00,11989.13,16785.40,10.01,3.039,5.00,60.0,2.28
10426.00,11989.66,16788.39,10.05,3.038,5.00,60.0,2.26
10427.00,11990.19,16791.38,10.09,3.037,5.00,60.0,2.24
10428.00,11990.72,16794.36,10.12,3.027,-35.00,50.0,1.77
10429.00,11991.25,16797.33,10.14,3.016,-35.00,50.0,1.31
10430.00,11991.78,16800.29,10.15,3.006,-35.00,50.0,0.86
10431.00,11992.31,16803.24,10.16,2.996,-35.00,50.0,0.43
10432.00,11992.84,16806.17,10.16,2.986,-35.00,50.0,0.02
10433.00,11993.36,16809.10,10.16,2.976,-35.00,50.0,-0.38
10434.00,11993.88,16812.02,10.14,2.966,-35.00,50.0,-0.77
10435.00,11994.41,16814.93,10.12,2.957,-35.00,50.0,-1.14
10436.00,11994.92,16817.84,10.10,2.948,-35.00,50.0,-1.50
10437.00,11995.44,16820.73,10.07,2.939,-35.00,50.0,-1.85
10438.00,11995.95,16823.62,10.03,2.930,-35.00,50.0,-2.19
10439.00,11996.46,16826.49,9.99,2.922,-35.00,50.0,-2.52
10440.00,11996.97,16829.36,9.94,2.913,-35.00,50.0,-2.83
10441.00,11997.47,16832.22,9.89,2.905,-35.00,50.0,-3.14
10442.00,11997.96,16835.08,9.83,2.897,-35.00,50.0,-3.44
10443.00,11998.46,16837.92,9.77,2.889,-35.00,50.0,-3.72
10444.00,11998.95,16840.76,9.70,2.881,-35.00,50.0,-4.00
10445.00,11999.43,16843.59,9.63,2.873,-35.00,50.0,-4.26
10446.00,11999.91,16846.42,9.56,2.866,-35.00,50.0,-4.52
10447.00,12000.39,16849.24,9.48,2.859,-35.00,50.0,-4.77
10448.00,12000.85,16852.05,9.39,2.852,-35.00,50.0,-5.01
10449.00,12001.32,16854.86,9.31,2.844,-35.00,50.0,-5.25
10450.00,12001.78,16857.66,9.22,2.838,-35.00,50.0,-5.47
10451.00,12002.23,16860.46,9.12,2.841,-30.00,60.0,-5.63
10452.00,12002.68,16863.27,9.03,2.844,-30.00,60.0,-5.79
10453.00,12003.13,16866.08,8.93,2.847,-30.00,60.0,-5.94
10454.00,12003.57,16868.90,8.82,2.850,-30.00,60.0,-6.08
10455.00,12004.01,16871.72,8.72,2.853,-30.00,60.0,-6.22
10456.00,12004.44,16874.54,8.62,2.856,-30.00,60.0,-6.36
10457.00,12004.87,16877.37,8.51,2.859,-30.00,60.0,-6.49
10458.00,12005.30,16880.21,8.40,2.872,-25.00,70.0,-6.56
10459.00,12005.72,16883.06,8.29,2.884,-25.00,70.0,-6.62
10460.00,12006.14,16885.93,8.18,2.897,-25.00,70.0,-6.69
10461.00,12006.55,16888.81,8.06,2.909,-25.00,70.0,-6.75
10462.00,12006.96,16891.70,7.95,2.921,-25.00,70.0,-6.81
10463.00,12007.36,16894.60,7.84,2.932,-25.00,70.0,-6.87
10464.00,12007.77,16897.52,7.72,2.944,-20.00,70.0,-6.87
10465.00,12008.16,16900.45,7.61,2.955,-20.00,70.0,-6.87
10466.00,12008.55,16903.39,7.49,2.966,-20.00,70.0,-6.87
10467.00,12008.94,16906.34,7.38,2.976,-20.00,70.0,-6.87
10468.00,12009.33,16909.30,7.26,2.987,-20.00,70.0,-6.87
10469.00,12009.71,16912.27,7.15,2.997,-20.00,70.0,-6.87
10470.00,12010.08,16915.26,7.03,3.007,-15.00,70.0,-6.81
10471.00,12010.45,16918.25,6.92,3.017,-15.00,70.0,-6.76
10472.00,12010.81,16921.25,6.81,3.027,-15.00,70.0,-6.70
10473.00,12011.17,16924.27,6.70,3.036,-15.00,70.0,-6.65
10474.00,12011.53,16927.29,6.59,3.045,-15.00,70.0,-6.60
10475.00,12011.88,16930.33,6.48,3.054,-15.00,70.0,-6.55
10476.00,12012.23,16933.37,6.37,3.063,-10.00,70.0,-6.45
10477.00,12012.57,16936.42,6.27,3.072,-10.00,70.0,-6.35
10478.00,12012.90,16939.49,6.16,3.081,-10.00,70.0,-6.25
10479.00,12013.23,16942.56,6.06,3.089,-10.00,70.0,-6.15
10480.00,12013.56,16945.64,5.96,3.097,-10.00,70.0,-6.06
10481.00,12013.88,16948.73,5.86,3.105,-10.00,70.0,-5.98
10482.00,12014.20,16951.82,5.76,3.113,-10.00,70.0,-5.89
10483.00,12014.51,16954.93,5.67,3.121,-5.00,70.0,-5.75
10484.00,12014.82,16958.04,5.57,3.129,-5.00,70.0,-5.62
10485.00,12015.13,16961.16,5.48,3.136,-5.00,70.0,-5.49
10486.00,12015.43,16964.29,5.39,3.143,-5.00,70.0,-5.36
10487.00,12015.72,16967.43,5.30,3.150,-5.00,70.0,-5.24
10488.00,12016.02,16970.57,5.22,3.157,-5.00,70.0,-5.12
10489.00,12016.30,16973.72,5.14,3.164,-5.00,70.0,-5.01
10490.00,12016.59,16976.88,5.05,3.171,0.00,70.0,-4.84
10491.00,12016.87,16980.05,4.98,3.177,0.00,70.0,-4.68
10492.00,12017.14,16983.22,4.90,3.184,0.00,70.0,-4.52
10493.00,12017.42,16986.40,4.83,3.190,0.00,70.0,-4.37
10494.00,12017.69,16989.58,4.76,3.196,0.00,70.0,-4.23
10495.00,12017.95,16992.77,4.69,3.203,0.00,70.0,-4.09
10496.00,12018.21,16995.96,4.62,3.198,5.00,60.0,-3.89
10497.00,12018.47,16999.15,4.56,3.195,5.00,60.0,-3.71
10498.00,12018.72,17002.33,4.50,3.191,5.00,60.0,-3.53
10499.00,12018.97,17005.50,4.45,3.187,5.00,60.0,-3.35
10500.00,12019.22,17008.68,4.40,3.183,5.00,60.0,-3.18
10501.00,12019.47,17011.85,4.34,3.179,5.00,60.0,-3.02
10502.00,12019.71,17015.01,4.30,3.176,5.00,60.0,-2.86
10503.00,12019.94,17018.17,4.25,3.162,0.00,50.0,-2.77
10504.00,12020.18,17021.31,4.21,3.149,0.00,50.0,-2.67
10505.00,12020.41,17024.43,4.16,3.136,0.00,50.0,-2.58
10506.00,12020.63,17027.55,4.12,3.123,0.00,50.0,-2.50
10507.00,12020.86,17030.65,4.08,3.111,0.00,50.0,-2.42
10508.00,12021.08,17033.75,4.04,3.109,5.00,60.0,-2.28
10509.00,12021.30,17036.85,4.01,3.106,5.00,60.0,-2.14
10510.00,12021.51,17039.95,3.97,3.104,5.00,60.0,-2.02
10511.00,12021.73,17043.04,3.94,3.102,5.00,60.0,-1.89
10512.00,12021.94,17046.14,3.91,3.100,5.00,60.0,-1.77
10513.00,12022.15,17049.23,3.89,3.098,5.00,60.0,-1.66
10514.00,12022.36,17052.33,3.86,3.106,10.00,70.0,-1.49
10515.00,12022.57,17055.43,3.84,3.114,10.00,70.0,-1.32
10516.00,12022.78,17058.55,3.82,3.122,10.00,70.0,-1.16
10517.00,12022.99,17061.67,3.80,3.129,10.00,70.0,-1.01
10518.00,12023.20,17064.80,3.79,3.137,10.00,70.0,-0.86
10519.00,12023.41,17067.94,3.78,3.144,10.00,70.0,-0.72
10520.00,12023.61,17071.08,3.77,3.151,15.00,70.0,-0.52
10521.00,12023.82,17074.23,3.76,3.158,15.00,70.0,-0.34
10522.00,12024.03,17077.39,3.76,3.165,15.00,70.0,-0.15
10523.00,12024.24,17080.56,3.76,3.172,15.00,70.0,0.02
10524.00,12024.45,17083.73,3.76,3.178,15.00,70.0,0.19
10525.00,12024.65,17086.91,3.77,3.185,15.00,70.0,0.36
10526.00,12024.86,17090.09,3.78,3.191,20.00,70.0,0.58
10527.00,12025.08,17093.28,3.79,3.197,20.00,70.0,0.79
10528.00,12025.29,17096.48,3.81,3.203,20.00,70.0,0.99
10529.00,12025.50,17099.68,3.83,3.209,20.00,70.0,1.18
10530.00,12025.72,17102.89,3.85,3.215,20.00,70.0,1.37
10531.00,12025.93,17106.10,3.88,3.221,20.00,70.0,1.56
10532.00,12026.15,17109.31,3.90,3.216,15.00,60.0,1.68
10533.00,12026.37,17112.51,3.93,3.212,15.00,60.0,1.79
10534.00,12026.59,17115.71,3.97,3.208,15.00,60.0,1.90
10535.00,12026.81,17118.91,4.00,3.204,15.00,60.0,2.01
10536.00,12027.03,17122.10,4.03,3.200,15.00,60.0,2.11
10537.00,12027.26,17125.29,4.07,3.196,15.00,60.0,2.22
10538.00,12027.48,17128.47,4.11,3.192,15.00,60.0,2.31
10539.00,12027.71,17131.65,4.15,3.188,15.00,60.0,2.41
10540.00,12027.94,17134.82,4.19,3.174,10.00,50.0,2.44
10541.00,12028.17,17137.97,4.23,3.161,10.00,50.0,2.47
10542.00,12028.41,17141.11,4.27,3.147,10.00,50.0,2.51
10543.00,12028.64,17144.23,4.32,3.134,10.00,50.0,2.54
10544.00,12028.87,17147.35,4.36,3.122,10.00,50.0,2.57
10545.00,12029.11,17150.45,4.40,3.109,10.00,50.0,2.60
10546.00,12029.35,17153.54,4.45,3.097,10.00,50.0,2.62
10547.00,12029.59,17156.61,4.49,3.085,10.00,50.0,2.65
10548.00,12029.83,17159.68,4.54,3.073,15.00,50.0,2.73
10549.00,12030.07,17162.73,4.58,3.062,15.00,50.0,2.81
10550.00,12030.31,17165.77,4.63,3.051,15.00,50.0,2.89
10551.00,12030.56,17168.80,4.68,3.040,15.00,50.0,2.97
10552.00,12030.81,17171.82,4.73,3.029,15.00,50.0,3.04
10553.00,12031.06,17174.84,4.78,3.028,15.00,60.0,3.11
10554.00,12031.31,17177.85,4.84,3.028,15.00,60.0,3.18
10555.00,12031.56,17180.87,4.89,3.027,15.00,60.0,3.24
10556.00,12031.82,17183.88,4.95,3.027,15.00,60.0,3.31
10557.00,12032.08,17186.90,5.00,3.026,15.00,60.0,3.37
10558.00,12032.35,17189.91,5.06,3.026,15.00,60.0,3.43
10559.00,12032.61,17192.93,5.12,3.025,15.00,60.0,3.48
10560.00,12032.88,17195.95,5.18,3.035,20.00,70.0,3.60
10561.00,12033.16,17198.98,5.24,3.044,20.00,70.0,3.70
10562.00,12033.44,17202.02,5.30,3.053,20.00,70.0,3.81
10563.00,12033.72,17205.07,5.37,3.062,20.00,70.0,3.91
10564.00,12034.01,17208.13,5.43,3.071,20.00,70.0,4.01
10565.00,12034.30,17211.19,5.50,3.079,20.00,70.0,4.10
10566.00,12034.59,17214.27,5.57,3.088,15.00,70.0,4.14
10567.00,12034.90,17217.35,5.64,3.096,15.00,70.0,4.17
10568.00,12035.20,17220.44,5.71,3.104,15.00,70.0,4.20
10569.00,12035.51,17223.53,5.78,3.112,15.00,70.0,4.24
10570.00,12035.82,17226.64,5.85,3.120,15.00,70.0,4.27
10571.00,12036.14,17229.74,5.92,3.117,20.00,60.0,4.35
10572.00,12036.46,17232.84,6.00,3.115,20.00,60.0,4.44
10573.00,12036.79,17235.93,6.07,3.113,20.00,60.0,4.52
10574.00,12037.12,17239.03,6.15,3.110,20.00,60.0,4.59
10575.00,12037.45,17242.12,6.23,3.108,20.00,60.0,4.67
10576.00,12037.79,17245.20,6.31,3.106,20.00,60.0,4.74
10577.00,12038.13,17248.29,6.39,3.104,20.00,60.0,4.81
10578.00,12038.47,17251.36,6.46,3.092,-35.00,50.0,4.25
10579.00,12038.82,17254.42,6.52,3.080,-35.00,50.0,3.71
10580.00,12039.17,17257.47,6.57,3.068,-35.00,50.0,3.19
10581.00,12039.52,17260.51,6.62,3.057,-35.00,50.0,2.68
10582.00,12039.87,17263.53,6.65,3.046,-35.00,50.0,2.19
10583.00,12040.22,17266.55,6.68,3.035,-35.00,50.0,1.72
10584.00,12040.57,17269.55,6.70,3.024,-35.00,50.0,1.26
10585.00,12040.92,17272.54,6.72,3.014,-35.00,50.0,0.82
10586.00,12041.28,17275.53,6.72,3.004,-35.00,50.0,0.39
10587.00,12041.63,17278.50,6.72,2.993,-35.00,50.0,-0.02
10588.00,12041.98,17281.46,6.72,2.984,-35.00,50.0,-0.42
10589.00,12042.32,17284.42,6.70,2.974,-35.00,50.0,-0.81
10590.00,12042.67,17287.36,6.68,2.964,-35.00,50.0,-1.18
10591.00,12043.01,17290.30,6.66,2.955,-35.00,50.0,-1.54
10592.00,12043.36,17293.22,6.63,2.946,-35.00,50.0,-1.89
10593.00,12043.69,17296.14,6.59,2.937,-35.00,50.0,-2.23
10594.00,12044.03,17299.05,6.55,2.928,-35.00,50.0,-2.55
10595.00,12044.36,17301.95,6.50,2.920,-35.00,50.0,-2.87
10596.00,12044.69,17304.84,6.45,2.911,-35.00,50.0,-3.17
10597.00,12045.02,17307.73,6.39,2.903,-35.00,50.0,-3.47
10598.00,12045.34,17310.60,6.33,2.895,-35.00,50.0,-3.75
10599.00,12045.66,17313.47,6.26,2.887,-35.00,50.0,-4.02
10600.00,12045.97,17316.34,6.19,2.879,-35.00,50.0,-4.29
10601.00,12046.28,17319.19,6.11,2.872,-35.00,50.0,-4.55
10602.00,12046.59,17322.04,6.03,2.864,-35.00,50.0,-4.80
10603.00,12046.89,17324.88,5.95,2.857,-35.00,50.0,-5.04
10604.00,12047.18,17327.72,5.86,2.850,-35.00,50.0,-5.27
10605.00,12047.47,17330.54,5.77,2.843,-35.00,50.0,-5.49
10606.00,12047.76,17333.37,5.67,2.836,-35.00,50.0,-5.71
10607.00,12048.04,17336.18,5.58,2.829,-35.00,50.0,-5.92
10608.00,12048.31,17338.99,5.47,2.823,-35.00,50.0,-6.12
10609.00,12048.58,17341.79,5.37,2.816,-35.00,50.0,-6.32
10610.00,12048.84,17344.59,5.26,2.810,-35.00,50.0,-6.51
10611.00,12049.10,17347.39,5.15,2.814,-30.00,60.0,-6.63
10612.00,12049.36,17350.20,5.04,2.818,-30.00,60.0,-6.75
10613.00,12049.60,17353.01,4.92,2.821,-30.00,60.0,-6.87
10614.00,12049.85,17355.83,4.81,2.825,-30.00,60.0,-6.99
10615.00,12050.08,17358.64,4.69,2.828,-30.00,60.0,-7.10
10616.00,12050.31,17361.47,4.57,2.832,-30.00,60.0,-7.20
10617.00,12050.54,17364.29,4.45,2.835,-30.00,60.0,-7.31
10618.00,12050.76,17367.13,4.32,2.848,-25.00,70.0,-7.35
10619.00,12050.98,17369.98,4.20,2.861,-25.00,70.0,-7.39
10620.00,12051.19,17372.85,4.08,2.874,-25.00,70.0,-7.43
10621.00,12051.39,17375.73,3.95,2.887,-25.00,70.0,-7.47
10622.00,12051.59,17378.62,3.83,2.899,-25.00,70.0,-7.50
10623.00,12051.79,17381.53,3.70,2.911,-25.00,70.0,-7.54
10624.00,12051.97,17384.44,3.57,2.923,-25.00,70.0,-7.57
10625.00,12052.16,17387.37,3.45,2.934,-25.00,70.0,-7.61
10626.00,12052.33,17390.31,3.32,2.946,-20.00,70.0,-7.58
10627.00,12052.51,17393.26,3.20,2.957,-20.00,70.0,-7.56
10628.00,12052.67,17396.23,3.07,2.968,-20.00,70.0,-7.53
10629.00,12052.83,17399.20,2.94,2.978,-20.00,70.0,-7.51
10630.00,12052.98,17402.19,2.82,2.989,-20.00,70.0,-7.49
10631.00,12053.13,17405.18,2.70,2.999,-15.00,70.0,-7.41
10632.00,12053.27,17408.19,2.57,3.009,-15.00,70.0,-7.34
10633.00,12053.41,17411.20,2.45,3.019,-15.00,70.0,-7.26
10634.00,12053.54,17414.23,2.33,3.028,-15.00,70.0,-7.19
10635.00,12053.66,17417.26,2.21,3.038,-15.00,70.0,-7.12
10636.00,12053.78,17420.31,2.10,3.047,-15.00,70.0,-7.06
10637.00,12053.89,17423.36,1.98,3.056,-15.00,70.0,-6.99
10638.00,12054.00,17426.43,1.86,3.065,-15.00,70.0,-6.93
10639.00,12054.10,17429.50,1.75,3.074,-10.00,70.0,-6.82
10640.00,12054.19,17432.58,1.64,3.082,-10.00,70.0,-6.70
10641.00,12054.28,17435.67,1.53,3.091,-10.00,70.0,-6.59
10642.00,12054.36,17438.77,1.42,3.099,-10.00,70.0,-6.49
10643.00,12054.44,17441.87,1.32,3.107,-10.00,70.0,-6.39
10644.00,12054.51,17444.99,1.21,3.115,-10.00,70.0,-6.29
10645.00,12054.58,17448.11,1.11,3.122,-10.00,70.0,-6.19
10646.00,12054.64,17451.24,1.01,3.130,-5.00,70.0,-6.04
10647.00,12054.69,17454.37,0.91,3.137,-5.00,70.0,-5.90
10648.00,12054.74,17457.52,0.81,3.145,-5.00,70.0,-5.76
10649.00,12054.79,17460.67,0.72,3.152,-5.00,70.0,-5.62
10650.00,12054.83,17463.83,0.63,3.159,-5.00,70.0,-5.49
10651.00,12054.86,17466.99,0.54,3.165,-5.00,70.0,-5.37
10652.00,12054.89,17470.16,0.45,3.172,-5.00,70.0,-5.25
10653.00,12054.92,17473.34,0.37,3.179,0.00,70.0,-5.07
10654.00,12054.94,17476.53,0.28,3.185,0.00,70.0,-4.90
10655.00,12054.95,17479.72,0.20,3.191,0.00,70.0,-4.74
10656.00,12054.96,17482.92,0.13,3.198,0.00,70.0,-4.58
10657.00,12054.97,17486.12,0.05,3.204,0.00,70.0,-4.43
10658.00,12054.97,17489.33,359.98,3.210,0.00,70.0,-4.28
10659.00,12054.97,17492.54,359.92,3.205,5.00,60.0,-4.08
10660.00,12054.97,17495.74,359.85,3.201,5.00,60.0,-3.89
10661.00,12054.96,17498.93,359.79,3.197,5.00,60.0,-3.70
10662.00,12054.95,17502.13,359.73,3.193,5.00,60.0,-3.52
10663.00,12054.93,17505.32,359.67,3.189,5.00,60.0,-3.35
10664.00,12054.92,17508.50,359.62,3.186,5.00,60.0,-3.18
10665.00,12054.89,17511.67,359.57,3.172,10.00,50.0,-2.96
10666.00,12054.87,17514.83,359.53,3.159,10.00,50.0,-2.74
10667.00,12054.84,17517.98,359.48,3.145,10.00,50.0,-2.54
10668.00,12054.82,17521.11,359.44,3.132,10.00,50.0,-2.34
10669.00,12054.79,17524.23,359.41,3.120,10.00,50.0,-2.15
10670.00,12054.75,17527.34,359.38,3.107,10.00,50.0,-1.96
10671.00,12054.72,17530.44,359.35,3.105,15.00,60.0,-1.72
10672.00,12054.68,17533.55,359.32,3.103,15.00,60.0,-1.50
10673.00,12054.65,17536.65,359.30,3.101,15.00,60.0,-1.27
10674.00,12054.61,17539.75,359.28,3.099,15.00,60.0,-1.06
10675.00,12054.57,17542.84,359.27,3.097,15.00,60.0,-0.85
10676.00,12054.53,17545.95,359.26,3.105,15.00,70.0,-0.65
10677.00,12054.49,17549.06,359.25,3.113,15.00,70.0,-0.46
10678.00,12054.45,17552.18,359.25,3.121,15.00,70.0,-0.27
10679.00,12054.41,17555.31,359.25,3.128,15.00,70.0,-0.09
10680.00,12054.37,17558.44,359.25,3.136,15.00,70.0,0.08
10681.00,12054.33,17561.59,359.25,3.143,15.00,70.0,0.25
10682.00,12054.29,17564.74,359.26,3.150,20.00,70.0,0.47
10683.00,12054.25,17567.89,359.27,3.157,20.00,70.0,0.68
10684.00,12054.20,17571.06,359.28,3.164,20.00,70.0,0.89
10685.00,12054.17,17574.23,359.30,3.171,20.00,70.0,1.09
10686.00,12054.13,17577.40,359.32,3.177,20.00,70.0,1.28
10687.00,12054.09,17580.59,359.35,3.184,20.00,70.0,1.47
10688.00,12054.05,17583.78,359.38,3.190,20.00,70.0,1.65
10689.00,12054.02,17586.97,359.41,3.196,15.00,70.0,1.76
10690.00,12053.98,17590.18,359.44,3.202,15.00,70.0,1.88
10691.00,12053.95,17593.39,359.47,3.208,15.00,70.0,1.98
10692.00,12053.92,17596.60,359.50,3.214,15.00,70.0,2.09
10693.00,12053.90,17599.82,359.54,3.220,15.00,70.0,2.19
10694.00,12053.87,17603.03,359.58,3.216,15.00,60.0,2.29
10695.00,12053.85,17606.25,359.62,3.211,15.00,60.0,2.38
10696.00,12053.82,17609.45,359.66,3.207,15.00,60.0,2.48
10697.00,12053.81,17612.66,359.70,3.203,15.00,60.0,2.57
10698.00,12053.79,17615.85,359.75,3.199,15.00,60.0,2.65
10699.00,12053.78,17619.05,359.79,3.195,15.00,60.0,2.73
10700.00,12053.76,17622.24,359.84,3.191,15.00,60.0,2.81
10701.00,12053.75,17625.42,359.89,3.177,20.00,50.0,2.95
10702.00,12053.75,17628.58,359.94,3.164,20.00,50.0,3.08
10703.00,12053.75,17631.73,359.99,3.150,20.00,50.0,3.21
10704.00,12053.75,17634.87,0.05,3.137,20.00,50.0,3.33
10705.00,12053.75,17637.99,0.11,3.125,20.00,50.0,3.44
10706.00,12053.75,17641.10,0.17,3.112,20.00,50.0,3.56
10707.00,12053.76,17644.20,0.23,3.100,20.00,50.0,3.67
10708.00,12053.77,17647.29,0.29,3.088,20.00,50.0,3.77
10709.00,12053.79,17650.37,0.35,3.076,20.00,50.0,3.88
10710.00,12053.81,17653.43,0.42,3.065,20.00,50.0,3.98
10711.00,12053.83,17656.49,0.49,3.053,20.00,50.0,4.07
10712.00,12053.86,17659.53,0.56,3.042,20.00,50.0,4.17
10713.00,12053.89,17662.56,0.63,3.031,20.00,50.0,4.26
10714.00,12053.92,17665.58,0.70,3.021,20.00,50.0,4.34
10715.00,12053.96,17668.59,0.78,3.010,20.00,50.0,4.43
10716.00,12054.00,17671.59,0.85,3.000,20.00,50.0,4.51
10717.00,12054.04,17674.58,0.93,2.990,20.00,50.0,4.59
10718.00,12054.09,17677.56,1.00,2.980,20.00,50.0,4.66
10719.00,12054.14,17680.53,1.08,2.971,20.00,50.0,4.73
10720.00,12054.20,17683.49,1.16,2.961,20.00,50.0,4.81
10721.00,12054.26,17686.44,1.24,2.952,20.00,50.0,4.87
10722.00,12054.32,17689.38,1.33,2.943,20.00,50.0,4.94
10723.00,12054.39,17692.32,1.41,2.934,20.00,50.0,5.00
10724.00,12054.46,17695.25,1.49,2.935,20.00,60.0,5.07
10725.00,12054.54,17698.19,1.58,2.937,20.00,60.0,5.13
10726.00,12054.62,17701.12,1.67,2.938,20.00,60.0,5.18
10727.00,12054.71,17704.06,1.75,2.939,20.00,60.0,5.24
10728.00,12054.80,17707.00,1.84,2.940,20.00,60.0,5.29
10729.00,12054.89,17709.94,1.93,2.942,20.00,60.0,5.34
10730.00,12054.99,17712.88,2.02,2.943,20.00,60.0,5.40
10731.00,12055.09,17715.82,2.11,2.944,20.00,60.0,5.44
10732.00,12055.20,17718.78,2.20,2.955,15.00,70.0,5.43
10733.00,12055.32,17721.74,2.29,2.966,15.00,70.0,5.42
10734.00,12055.43,17724.72,2.38,2.977,15.00,70.0,5.41
10735.00,12055.56,17727.70,2.47,2.987,15.00,70.0,5.41
10736.00,12055.69,17730.69,2.56,2.997,15.00,70.0,5.40
10737.00,12055.82,17733.70,2.65,3.007,15.00,70.0,5.39
10738.00,12055.96,17736.71,2.74,3.017,15.00,70.0,5.38
10739.00,12056.11,17739.74,2.83,3.027,15.00,70.0,5.37
10740.00,12056.26,17742.76,2.92,3.026,20.00,60.0,5.42
10741.00,12056.41,17745.78,3.01,3.026,20.00,60.0,5.47
10742.00,12056.57,17748.80,3.11,3.025,20.00,60.0,5.52
10743.00,12056.73,17751.82,3.20,3.025,20.00,60.0,5.56
10744.00,12056.90,17754.84,3.29,3.024,20.00,60.0,5.60
10745.00,12057.08,17757.86,3.39,3.024,20.00,60.0,5.65
10746.00,12057.25,17760.87,3.47,3.013,-35.00,50.0,5.06
10747.00,12057.44,17763.87,3.54,3.003,-35.00,50.0,4.49
10748.00,12057.62,17766.85,3.61,2.993,-35.00,50.0,3.94
10749.00,12057.81,17769.83,3.67,2.983,-35.00,50.0,3.41
10750.00,12058.00,17772.80,3.72,2.974,-35.00,50.0,2.89
10751.00,12058.19,17775.76,3.76,2.964,-35.00,50.0,2.40
10752.00,12058.38,17778.71,3.79,2.955,-35.00,50.0,1.92
10753.00,12058.58,17781.64,3.81,2.946,-35.00,50.0,1.45
10754.00,12058.77,17784.57,3.83,2.937,-35.00,50.0,1.01
10755.00,12058.97,17787.50,3.84,2.928,-35.00,50.0,0.57
10756.00,12059.17,17790.41,3.84,2.919,-35.00,50.0,0.15
10757.00,12059.36,17793.31,3.84,2.911,-35.00,50.0,-0.25
10758.00,12059.55,17796.21,3.83,2.903,-35.00,50.0,-0.64
10759.00,12059.75,17799.10,3.81,2.895,-35.00,50.0,-1.02
10760.00,12059.94,17801.98,3.79,2.887,-35.00,50.0,-1.39
10761.00,12060.13,17804.85,3.76,2.879,-35.00,50.0,-1.74
10762.00,12060.32,17807.72,3.72,2.872,-35.00,50.0,-2.08
10763.00,12060.50,17810.58,3.68,2.864,-35.00,50.0,-2.41
10764.00,12060.69,17813.43,3.64,2.857,-35.00,50.0,-2.73
10765.00,12060.87,17816.27,3.58,2.850,-35.00,50.0,-3.04
10766.00,12061.05,17819.11,3.53,2.843,-35.00,50.0,-3.34
10767.00,12061.22,17821.94,3.47,2.836,-35.00,50.0,-3.63
10768.00,12061.39,17824.76,3.40,2.829,-35.00,50.0,-3.91
10769.00,12061.56,17827.58,3.33,2.823,-35.00,50.0,-4.18
10770.00,12061.72,17830.39,3.26,2.816,-35.00,50.0,-4.44
10771.00,12061.88,17833.20,3.18,2.810,-35.00,50.0,-4.69
10772.00,12062.04,17836.00,3.10,2.804,-35.00,50.0,-4.94
10773.00,12062.19,17838.79,3.01,2.798,-35.00,50.0,-5.17
10774.00,12062.34,17841.58,2.92,2.792,-35.00,50.0,-5.40
10775.00,12062.48,17844.36,2.83,2.786,-35.00,50.0,-5.62
10776.00,12062.62,17847.14,2.73,2.780,-35.00,50.0,-5.83
10777.00,12062.75,17849.91,2.63,2.774,-35.00,50.0,-6.04
10778.00,12062.87,17852.67,2.53,2.769,-35.00,50.0,-6.24
10779.00,12063.00,17855.43,2.42,2.764,-35.00,50.0,-6.43
10780.00,12063.11,17858.19,2.31,2.758,-35.00,50.0,-6.61
10781.00,12063.22,17860.94,2.20,2.753,-35.00,50.0,-6.79
10782.00,12063.33,17863.69,2.08,2.748,-35.00,50.0,-6.97
10783.00,12063.43,17866.43,1.96,2.743,-35.00,50.0,-7.13
10784.00,12063.52,17869.16,1.84,2.738,-35.00,50.0,-7.30
10785.00,12063.61,17871.90,1.72,2.733,-35.00,50.0,-7.45
10786.00,12063.69,17874.62,1.59,2.729,-35.00,50.0,-7.60
10787.00,12063.77,17877.35,1.46,2.724,-35.00,50.0,-7.75
10788.00,12063.84,17880.07,1.33,2.720,-35.00,50.0,-7.89
10789.00,12063.90,17882.79,1.20,2.725,-30.00,60.0,-7.97
10790.00,12063.96,17885.52,1.06,2.731,-30.00,60.0,-8.05
10791.00,12064.01,17888.26,0.93,2.736,-30.00,60.0,-8.12
10792.00,12064.05,17891.00,0.79,2.742,-30.00,60.0,-8.20
10793.00,12064.09,17893.74,0.65,2.747,-30.00,60.0,-8.27
10794.00,12064.12,17896.50,0.51,2.752,-30.00,60.0,-8.33
10795.00,12064.15,17899.25,0.37,2.757,-30.00,60.0,-8.40
10796.00,12064.16,17902.01,0.23,2.762,-30.00,60.0,-8.46
10797.00,12064.18,17904.79,0.09,2.776,-25.00,70.0,-8.46
10798.00,12064.18,17907.58,359.95,2.791,-25.00,70.0,-8.47
10799.00,12064.18,17910.39,359.81,2.805,-25.00,70.0,-8.47
10800.00,12064.17,17913.21,359.67,2.819,-25.00,70.0,-8.48
10801.00,12064.15,17916.04,359.53,2.833,-25.00,70.0,-8.48
10802.00,12064.13,17918.88,359.39,2.846,-25.00,70.0,-8.48
10803.00,12064.10,17921.74,359.24,2.859,-20.00,70.0,-8.43
10804.00,12064.06,17924.61,359.11,2.872,-20.00,70.0,-8.38
10805.00,12064.01,17927.50,358.97,2.884,-20.00,70.0,-8.32
10806.00,12063.96,17930.39,358.83,2.897,-20.00,70.0,-8.28
10807.00,12063.90,17933.30,358.69,2.909,-20.00,70.0,-8.23
10808.00,12063.84,17936.22,358.55,2.921,-20.00,70.0,-8.18
10809.00,12063.76,17939.15,358.42,2.932,-15.00,70.0,-8.08
10810.00,12063.68,17942.10,358.29,2.943,-15.00,70.0,-7.98
10811.00,12063.59,17945.05,358.16,2.955,-15.00,70.0,-7.89
10812.00,12063.50,17948.01,358.03,2.966,-15.00,70.0,-7.80
10813.00,12063.40,17950.99,357.90,2.976,-15.00,70.0,-7.71
10814.00,12063.29,17953.97,357.77,2.987,-10.00,70.0,-7.57
10815.00,12063.17,17956.97,357.65,2.997,-10.00,70.0,-7.43
10816.00,12063.05,17959.97,357.53,3.007,-10.00,70.0,-7.29
10817.00,12062.92,17962.99,357.41,3.017,-10.00,70.0,-7.17
10818.00,12062.78,17966.01,357.29,3.027,-10.00,70.0,-7.04
10819.00,12062.63,17969.04,357.17,3.036,-10.00,70.0,-6.92
10820.00,12062.48,17972.08,357.06,3.045,-10.00,70.0,-6.80
10821.00,12062.33,17975.13,356.95,3.054,-5.00,70.0,-6.63
10822.00,12062.16,17978.19,356.84,3.063,-5.00,70.0,-6.47
10823.00,12062.00,17981.26,356.74,3.072,-5.00,70.0,-6.31
10824.00,12061.82,17984.34,356.63,3.081,-5.00,70.0,-6.16
10825.00,12061.64,17987.42,356.53,3.089,-5.00,70.0,-6.01
10826.00,12061.45,17990.51,356.44,3.097,-5.00,70.0,-5.87
10827.00,12061.26,17993.61,356.34,3.105,0.00,70.0,-5.67
10828.00,12061.06,17996.72,356.25,3.113,0.00,70.0,-5.48
10829.00,12060.86,17999.83,356.16,3.121,0.00,70.0,-5.30
10830.00,12060.65,18002.95,356.08,3.128,0.00,70.0,-5.12
10831.00,12060.43,18006.08,355.99,3.136,0.00,70.0,-4.95
10832.00,12060.21,18009.22,355.91,3.143,0.00,70.0,-4.79
10833.00,12059.99,18012.35,355.84,3.140,5.00,60.0,-4.57
10834.00,12059.76,18015.48,355.77,3.138,5.00,60.0,-4.36
10835.00,12059.53,18018.60,355.70,3.135,5.00,60.0,-4.16
10836.00,12059.29,18021.73,355.63,3.132,5.00,60.0,-3.96
10837.00,12059.06,18024.85,355.57,3.129,5.00,60.0,-3.77
10838.00,12058.81,18027.97,355.51,3.127,5.00,60.0,-3.59
10839.00,12058.57,18031.07,355.45,3.114,10.00,50.0,-3.36
10840.00,12058.32,18034.16,355.40,3.102,10.00,50.0,-3.13
10841.00,12058.08,18037.24,355.35,3.090,10.00,50.0,-2.91
10842.00,12057.83,18040.31,355.31,3.078,10.00,50.0,-2.70
10843.00,12057.58,18043.37,355.26,3.067,10.00,50.0,-2.50
10844.00,12057.32,18046.41,355.23,3.055,15.00,50.0,-2.24
10845.00,12057.07,18049.45,355.19,3.044,15.00,50.0,-2.00
10846.00,12056.82,18052.47,355.16,3.033,15.00,50.0,-1.76
10847.00,12056.56,18055.48,355.14,3.023,15.00,50.0,-1.53
10848.00,12056.31,18058.48,355.12,3.012,15.00,50.0,-1.31
10849.00,12056.05,18061.47,355.10,3.002,15.00,50.0,-1.09
10850.00,12055.79,18064.45,355.08,2.992,15.00,50.0,-0.88
10851.00,12055.54,18067.43,355.07,2.992,20.00,60.0,-0.62
10852.00,12055.28,18070.42,355.07,2.992,20.00,60.0,-0.38
10853.00,12055.02,18073.40,355.06,2.992,20.00,60.0,-0.13
10854.00,12054.77,18076.38,355.07,2.993,20.00,60.0,0.10
10855.00,12054.51,18079.36,355.07,2.993,20.00,60.0,0.32
10856.00,12054.25,18082.35,355.08,3.003,15.00,70.0,0.48
10857.00,12053.99,18085.35,355.09,3.013,15.00,70.0,0.64
10858.00,12053.73,18088.36,355.10,3.023,15.00,70.0,0.79
10859.00,12053.48,18091.39,355.12,3.032,15.00,70.0,0.94
10860.00,12053.22,18094.42,355.14,3.041,15.00,70.0,1.08
10861.00,12052.96,18097.46,355.16,3.051,15.00,70.0,1.21
10862.00,12052.70,18100.50,355.18,3.060,15.00,70.0,1.34
10863.00,12052.44,18103.56,355.20,3.068,15.00,70.0,1.47
10864.00,12052.18,18106.63,355.23,3.077,15.00,70.0,1.59
10865.00,12051.93,18109.70,355.26,3.085,15.00,70.0,1.71
10866.00,12051.67,18112.79,355.29,3.094,15.00,70.0,1.82
10867.00,12051.42,18115.88,355.32,3.102,15.00,70.0,1.93
10868.00,12051.16,18118.98,355.36,3.110,15.00,70.0,2.04
10869.00,12050.91,18122.08,355.39,3.118,15.00,70.0,2.15
10870.00,12050.66,18125.20,355.43,3.125,15.00,70.0,2.24
10871.00,12050.41,18128.32,355.47,3.133,15.00,70.0,2.34
10872.00,12050.16,18131.44,355.51,3.130,20.00,60.0,2.49
10873.00,12049.92,18134.56,355.55,3.128,20.00,60.0,2.64
10874.00,12049.68,18137.68,355.60,3.125,20.00,60.0,2.78
10875.00,12049.44,18140.79,355.65,3.122,20.00,60.0,2.91
10876.00,12049.20,18143.90,355.70,3.120,20.00,60.0,3.05
10877.00,12048.97,18147.00,355.75,3.108,20.00,50.0,3.17
10878.00,12048.74,18150.09,355.81,3.095,20.00,50.0,3.30
10879.00,12048.51,18153.16,355.86,3.084,20.00,50.0,3.41
10880.00,12048.29,18156.23,355.92,3.072,20.00,50.0,3.53
10881.00,12048.07,18159.28,355.98,3.060,20.00,50.0,3.64
10882.00,12047.86,18162.32,356.05,3.049,20.00,50.0,3.75
10883.00,12047.65,18165.35,356.11,3.038,20.00,50.0,3.85
10884.00,12047.44,18168.37,356.18,3.028,20.00,50.0,3.95
10885.00,12047.24,18171.38,356.24,3.017,20.00,50.0,4.05
10886.00,12047.05,18174.38,356.31,3.007,20.00,50.0,4.14
10887.00,12046.85,18177.37,356.38,2.996,20.00,50.0,4.23
10888.00,12046.67,18180.35,356.46,2.987,20.00,50.0,4.32
10889.00,12046.48,18183.32,356.53,2.977,20.00,50.0,4.40
10890.00,12046.30,18186.29,356.60,2.967,20.00,50.0,4.49
10891.00,12046.13,18189.24,356.68,2.958,20.00,50.0,4.56
10892.00,12045.96,18192.18,356.76,2.949,20.00,50.0,4.64
10893.00,12045.79,18195.12,356.84,2.940,20.00,50.0,4.72
10894.00,12045.63,18198.04,356.92,2.931,20.00,50.0,4.79
10895.00,12045.47,18200.96,357.00,2.922,20.00,50.0,4.86
10896.00,12045.32,18203.87,357.08,2.914,20.00,50.0,4.92
10897.00,12045.17,18206.77,357.16,2.906,20.00,50.0,4.99
10898.00,12045.03,18209.67,357.25,2.898,20.00,50.0,5.05
10899.00,12044.89,18212.55,357.33,2.890,20.00,50.0,5.11
10900.00,12044.75,18215.43,357.42,2.882,20.00,50.0,5.17
10901.00,12044.62,18218.30,357.50,2.874,20.00,50.0,5.22
10902.00,12044.50,18221.17,357.59,2.867,20.00,50.0,5.28
10903.00,12044.38,18224.02,357.68,2.859,20.00,50.0,5.33
10904.00,12044.26,18226.87,357.77,2.852,20.00,50.0,5.38
10905.00,12044.15,18229.72,357.86,2.845,20.00,50.0,5.43
10906.00,12044.05,18232.55,357.95,2.838,20.00,50.0,5.48
10907.00,12043.95,18235.38,358.04,2.831,20.00,50.0,5.52
10908.00,12043.85,18238.21,358.14,2.825,20.00,50.0,5.57
10909.00,12043.76,18241.02,358.23,2.818,20.00,50.0,5.61
10910.00,12043.67,18243.83,358.32,2.812,20.00,50.0,5.65
10911.00,12043.59,18246.64,358.42,2.806,20.00,50.0,5.69
10912.00,12043.51,18249.44,358.52,2.800,20.00,50.0,5.73
10913.00,12043.44,18252.23,358.61,2.794,20.00,50.0,5.77
10914.00,12043.37,18255.02,358.71,2.788,20.00,50.0,5.81
10915.00,12043.31,18257.80,358.81,2.782,20.00,50.0,5.84
10916.00,12043.25,18260.57,358.90,2.776,20.00,50.0,5.88
10917.00,12043.20,18263.34,359.00,2.771,20.00,50.0,5.91
10918.00,12043.15,18266.11,359.10,2.765,20.00,50.0,5.94
10919.00,12043.11,18268.87,359.20,2.760,20.00,50.0,5.97
10920.00,12043.07,18271.62,359.30,2.755,20.00,50.0,6.00
10921.00,12043.03,18274.37,359.40,2.750,20.00,50.0,6.03
10922.00,12043.01,18277.12,359.50,2.745,20.00,50.0,6.06
10923.00,12042.98,18279.86,359.60,2.740,20.00,50.0,6.08
10924.00,12042.96,18282.59,359.70,2.735,20.00,50.0,6.11
10925.00,12042.95,18285.32,359.81,2.730,20.00,50.0,6.13
10926.00,12042.94,18288.05,359.91,2.726,20.00,50.0,6.16
10927.00,12042.93,18290.77,0.01,2.721,20.00,50.0,6.18
10928.00,12042.94,18293.49,0.12,2.717,20.00,50.0,6.20
10929.00,12042.94,18296.20,0.22,2.713,20.00,50.0,6.23
10930.00,12042.95,18298.91,0.32,2.708,20.00,50.0,6.25
10931.00,12042.97,18301.61,0.43,2.704,20.00,50.0,6.27
10932.00,12042.99,18304.31,0.53,2.700,20.00,50.0,6.29
10933.00,12043.01,18307.01,0.64,2.696,20.00,50.0,6.31
10934.00,12043.04,18309.70,0.74,2.692,20.00,50.0,6.32
10935.00,12043.08,18312.39,0.85,2.688,20.00,50.0,6.34
10936.00,12043.12,18315.07,0.96,2.684,20.00,50.0,6.36
10937.00,12043.16,18317.75,1.06,2.681,20.00,50.0,6.38
10938.00,12043.21,18320.43,1.17,2.677,20.00,50.0,6.39
10939.00,12043.27,18323.10,1.27,2.674,20.00,50.0,6.41
10940.00,12043.32,18325.77,1.38,2.670,20.00,50.0,6.42
10941.00,12043.39,18328.44,1.49,2.667,20.00,50.0,6.44
10942.00,12043.46,18331.10,1.60,2.663,20.00,50.0,6.45
10943.00,12043.53,18333.76,1.70,2.660,20.00,50.0,6.46
10944.00,12043.61,18336.41,1.81,2.657,20.00,50.0,6.48
10945.00,12043.70,18339.07,1.92,2.654,20.00,50.0,6.49
10946.00,12043.78,18341.72,2.03,2.651,20.00,50.0,6.50
10947.00,12043.88,18344.36,2.13,2.648,-35.00,50.0,5.89
10948.00,12043.98,18347.01,2.22,2.645,-35.00,50.0,5.29
10949.00,12044.08,18349.65,2.29,2.642,-35.00,50.0,4.71
10950.00,12044.18,18352.28,2.36,2.639,-35.00,50.0,4.16
10951.00,12044.29,18354.92,2.42,2.636,-35.00,50.0,3.62
10952.00,12044.40,18357.55,2.47,2.634,-35.00,50.0,3.10
10953.00,12044.52,18360.18,2.52,2.631,-35.00,50.0,2.59
10954.00,12044.63,18362.80,2.55,2.628,-35.00,50.0,2.11
10955.00,12044.75,18365.42,2.58,2.626,-35.00,50.0,1.64
10956.00,12044.87,18368.05,2.60,2.623,-35.00,50.0,1.18
10957.00,12044.99,18370.66,2.61,2.621,-35.00,50.0,0.74
10958.00,12045.11,18373.28,2.62,2.618,-35.00,50.0,0.32
10959.00,12045.23,18375.89,2.62,2.616,-35.00,50.0,-0.09
10960.00,12045.34,18378.50,2.61,2.614,-35.00,50.0,-0.49
10961.00,12045.46,18381.11,2.59,2.611,-35.00,50.0,-0.87
10962.00,12045.58,18383.72,2.57,2.609,-35.00,50.0,-1.24
10963.00,12045.70,18386.32,2.55,2.607,-35.00,50.0,-1.60
10964.00,12045.81,18388.92,2.51,2.605,-35.00,50.0,-1.95
10965.00,12045.93,18391.52,2.48,2.603,-35.00,50.0,-2.28
10966.00,12046.04,18394.12,2.43,2.601,-35.00,50.0,-2.61
10967.00,12046.15,18396.72,2.38,2.599,-35.00,50.0,-2.92
10968.00,12046.26,18399.31,2.33,2.597,-35.00,50.0,-3.22
10969.00,12046.36,18401.91,2.27,2.595,-35.00,50.0,-3.52
10970.00,12046.47,18404.50,2.21,2.593,-35.00,50.0,-3.80
10971.00,12046.57,18407.09,2.14,2.591,-35.00,50.0,-4.07
10972.00,12046.66,18409.67,2.07,2.589,-35.00,50.0,-4.34
10973.00,12046.76,18412.26,1.99,2.587,-35.00,50.0,-4.59
10974.00,12046.85,18414.84,1.91,2.586,-35.00,50.0,-4.84
10975.00,12046.93,18417.43,1.83,2.584,-35.00,50.0,-5.08
10976.00,12047.02,18420.01,1.74,2.582,-35.00,50.0,-5.31
10977.00,12047.09,18422.59,1.65,2.581,-35.00,50.0,-5.53
10978.00,12047.17,18425.16,1.55,2.579,-35.00,50.0,-5.75
10979.00,12047.24,18427.74,1.45,2.577,-35.00,50.0,-5.96
10980.00,12047.30,18430.32,1.35,2.576,-35.00,50.0,-6.16
10981.00,12047.36,18432.89,1.24,2.574,-35.00,50.0,-6.35
10982.00,12047.42,18435.46,1.13,2.573,-35.00,50.0,-6.54
10983.00,12047.47,18438.03,1.02,2.571,-35.00,50.0,-6.72
10984.00,12047.52,18440.60,0.91,2.570,-35.00,50.0,-6.90
10985.00,12047.56,18443.17,0.79,2.569,-35.00,50.0,-7.07
10986.00,12047.59,18445.74,0.67,2.567,-35.00,50.0,-7.23
10987.00,12047.62,18448.30,0.54,2.566,-35.00,50.0,-7.39
10988.00,12047.65,18450.87,0.42,2.565,-35.00,50.0,-7.55
10989.00,12047.66,18453.43,0.29,2.563,-35.00,50.0,-7.69
10990.00,12047.68,18455.99,0.16,2.562,-35.00,50.0,-7.84
10991.00,12047.68,18458.55,0.03,2.561,-35.00,50.0,-7.98
10992.00,12047.69,18461.11,359.89,2.560,-35.00,50.0,-8.11
10993.00,12047.68,18463.67,359.75,2.558,-35.00,50.0,-8.24
10994.00,12047.67,18466.23,359.61,2.557,-35.00,50.0,-8.37
10995.00,12047.65,18468.79,359.47,2.566,-30.00,60.0,-8.43
10996.00,12047.63,18471.37,359.33,2.575,-30.00,60.0,-8.49
10997.00,12047.60,18473.95,359.19,2.583,-30.00,60.0,-8.55
10998.00,12047.56,18476.54,359.05,2.592,-30.00,60.0,-8.61
10999.00,12047.52,18479.14,358.90,2.600,-30.00,60.0,-8.66
11000.00,12047.47,18481.75,358.76,2.608,-30.00,60.0,-8.72
11001.00,12047.41,18484.37,358.61,2.626,-25.00,70.0,-8.71
11002.00,12047.35,18487.02,358.47,2.643,-25.00,70.0,-8.71
11003.00,12047.28,18489.68,358.32,2.660,-25.00,70.0,-8.70
11004.00,12047.20,18492.35,358.18,2.677,-25.00,70.0,-8.70
11005.00,12047.11,18495.04,358.03,2.693,-25.00,70.0,-8.70
11006.00,12047.02,18497.75,357.89,2.710,-20.00,70.0,-8.63
11007.00,12046.92,18500.46,357.74,2.715,-35.00,60.0,-8.75
11008.00,12046.81,18503.18,357.59,2.721,-35.00,60.0,-8.85
11009.00,12046.70,18505.91,357.44,2.727,-35.00,60.0,-8.96
11010.00,12046.58,18508.63,357.29,2.722,-35.00,50.0,-9.06
11011.00,12046.45,18511.34,357.14,2.718,-35.00,50.0,-9.16
11012.00,12046.31,18514.05,356.99,2.713,-35.00,50.0,-9.25
11013.00,12046.17,18516.76,356.83,2.709,-35.00,50.0,-9.35
11014.00,12046.02,18519.46,356.67,2.705,-35.00,50.0,-9.43
11015.00,12045.86,18522.15,356.52,2.701,-35.00,50.0,-9.52
11016.00,12045.70,18524.85,356.36,2.697,-35.00,50.0,-9.60
11017.00,12045.53,18527.53,356.19,2.693,-35.00,50.0,-9.68
11018.00,12045.35,18530.22,356.03,2.689,-35.00,50.0,-9.76
11019.00,12045.16,18532.90,355.87,2.685,-35.00,50.0,-9.83
11020.00,12044.97,18535.57,355.70,2.681,-35.00,50.0,-9.91
11021.00,12044.77,18538.25,355.54,2.688,-30.00,60.0,-9.92
11022.00,12044.56,18540.94,355.37,2.694,-30.00,60.0,-9.93
11023.00,12044.34,18543.63,355.21,2.700,-30.00,60.0,-9.94
11024.00,12044.12,18546.32,355.04,2.706,-30.00,60.0,-9.95
11025.00,12043.88,18549.03,354.87,2.712,-30.00,60.0,-9.97
11026.00,12043.64,18551.73,354.71,2.718,-30.00,60.0,-9.98
11027.00,12043.39,18554.46,354.54,2.733,-25.00,70.0,-9.93
11028.00,12043.13,18557.19,354.38,2.749,-25.00,70.0,-9.88
11029.00,12042.85,18559.94,354.21,2.764,-25.00,70.0,-9.84
11030.00,12042.57,18562.71,354.05,2.779,-25.00,70.0,-9.80
11031.00,12042.28,18565.48,353.89,2.793,-25.00,70.0,-9.76
11032.00,12041.99,18568.28,353.73,2.807,-25.00,70.0,-9.72
11033.00,12041.68,18571.08,353.56,2.821,-25.00,70.0,-9.68
11034.00,12041.36,18573.90,353.40,2.835,-20.00,70.0,-9.59
11035.00,12041.03,18576.73,353.25,2.848,-20.00,70.0,-9.49
11036.00,12040.70,18579.57,353.09,2.861,-20.00,70.0,-9.41
11037.00,12040.35,18582.42,352.93,2.874,-20.00,70.0,-9.32
11038.00,12040.00,18585.28,352.78,2.886,-20.00,70.0,-9.24
11039.00,12039.63,18588.16,352.63,2.899,-20.00,70.0,-9.16
11040.00,12039.26,18591.05,352.48,2.911,-20.00,70.0,-9.08
11041.00,12038.87,18593.94,352.33,2.922,-15.00,70.0,-8.95
11042.00,12038.48,18596.85,352.18,2.934,-15.00,70.0,-8.82
11043.00,12038.08,18599.77,352.03,2.945,-15.00,70.0,-8.70
11044.00,12037.67,18602.70,351.89,2.956,-15.00,70.0,-8.58
11045.00,12037.25,18605.63,351.75,2.967,-15.00,70.0,-8.47
11046.00,12036.83,18608.58,351.61,2.978,-15.00,70.0,-8.36
11047.00,12036.39,18611.54,351.47,2.988,-15.00,70.0,-8.25
11048.00,12035.95,18614.50,351.34,2.999,-15.00,70.0,-8.15
11049.00,12035.49,18617.47,351.20,2.999,-10.00,60.0,-7.99
11050.00,12035.04,18620.43,351.07,2.999,-10.00,60.0,-7.84
11051.00,12034.57,18623.39,350.95,2.999,-10.00,60.0,-7.69
11052.00,12034.10,18626.35,350.82,2.999,-10.00,60.0,-7.55
11053.00,12033.62,18629.31,350.70,2.999,-10.00,60.0,-7.41
11054.00,12033.14,18632.26,350.58,2.989,-5.00,50.0,-7.22
11055.00,12032.65,18635.20,350.46,2.979,-5.00,50.0,-7.04
11056.00,12032.16,18638.13,350.34,2.969,-5.00,50.0,-6.86
11057.00,12031.66,18641.05,350.23,2.960,-5.00,50.0,-6.69
11058.00,12031.16,18643.96,350.12,2.951,-5.00,50.0,-6.52
11059.00,12030.66,18646.85,350.02,2.942,-5.00,50.0,-6.36
11060.00,12030.15,18649.74,349.91,2.933,-5.00,50.0,-6.21
11061.00,12029.64,18652.62,349.81,2.924,0.00,50.0,-6.00
11062.00,12029.12,18655.49,349.72,2.916,0.00,50.0,-5.80
11063.00,12028.60,18658.35,349.62,2.907,0.00,50.0,-5.61
11064.00,12028.08,18661.20,349.53,2.899,0.00,50.0,-5.42
11065.00,12027.55,18664.05,349.45,2.891,0.00,50.0,-5.24
11066.00,12027.02,18666.89,349.36,2.893,5.00,60.0,-5.01
11067.00,12026.49,18669.74,349.28,2.896,5.00,60.0,-4.78
11068.00,12025.95,18672.58,349.21,2.898,5.00,60.0,-4.57
11069.00,12025.41,18675.43,349.13,2.900,5.00,60.0,-4.36
11070.00,12024.86,18678.28,349.07,2.902,5.00,60.0,-4.16
11071.00,12024.31,18681.13,349.00,2.904,5.00,60.0,-3.96
11072.00,12023.76,18683.99,348.94,2.906,5.00,60.0,-3.77
11073.00,12023.20,18686.85,348.88,2.918,10.00,70.0,-3.53
11074.00,12022.63,18689.72,348.82,2.929,10.00,70.0,-3.30
11075.00,12022.06,18692.61,348.77,2.941,10.00,70.0,-3.07
11076.00,12021.49,18695.50,348.72,2.952,10.00,70.0,-2.86
11077.00,12020.91,18698.41,348.68,2.963,10.00,70.0,-2.65
11078.00,12020.32,18701.32,348.64,2.973,10.00,70.0,-2.45
11079.00,12019.74,18704.25,348.60,2.984,15.00,70.0,-2.19
11080.00,12019.14,18707.19,348.57,2.994,15.00,70.0,-1.95
11081.00,12018.55,18710.13,348.54,3.004,15.00,70.0,-1.71
11082.00,12017.95,18713.08,348.52,3.014,15.00,70.0,-1.48
11083.00,12017.35,18716.05,348.50,3.024,15.00,70.0,-1.26
11084.00,12016.74,18719.02,348.48,3.034,15.00,70.0,-1.05
11085.00,12016.13,18722.00,348.47,3.043,20.00,70.0,-0.79
11086.00,12015.52,18724.99,348.46,3.052,20.00,70.0,-0.53
11087.00,12014.91,18727.99,348.45,3.061,20.00,70.0,-0.28
11088.00,12014.30,18731.00,348.45,3.070,20.00,70.0,-0.05
11089.00,12013.68,18734.02,348.45,3.078,20.00,70.0,0.18
11090.00,12013.06,18737.04,348.46,3.087,20.00,70.0,0.41
11091.00,12012.44,18740.07,348.47,3.095,20.00,70.0,0.62
11092.00,12011.83,18743.10,348.49,3.093,20.00,60.0,0.83
11093.00,12011.21,18746.13,348.50,3.091,20.00,60.0,1.03
11094.00,12010.59,18749.16,348.52,3.090,20.00,60.0,1.22
11095.00,12009.98,18752.19,348.55,3.088,20.00,60.0,1.41
11096.00,12009.37,18755.21,348.57,3.086,20.00,60.0,1.59
11097.00,12008.75,18758.23,348.60,3.084,20.00,60.0,1.77
11098.00,12008.14,18761.26,348.63,3.083,20.00,60.0,1.94
11099.00,12007.54,18764.28,348.67,3.081,20.00,60.0,2.10
11100.00,12006.93,18767.29,348.71,3.069,20.00,50.0,2.26
11101.00,12006.34,18770.28,348.75,3.058,20.00,50.0,2.41
11102.00,12005.74,18773.27,348.79,3.047,20.00,50.0,2.56
11103.00,12005.15,18776.25,348.84,3.036,20.00,50.0,2.71
11104.00,12004.57,18779.22,348.88,3.025,20.00,50.0,2.84
11105.00,12003.98,18782.18,348.93,3.015,20.00,50.0,2.98
11106.00,12003.41,18785.12,348.98,3.004,20.00,50.0,3.11
11107.00,12002.84,18788.06,349.04,2.994,20.00,50.0,3.23
11108.00,12002.27,18790.99,349.09,2.984,20.00,50.0,3.35
11109.00,12001.71,18793.91,349.15,2.975,20.00,50.0,3.47
11110.00,12001.15,18796.83,349.21,2.965,20.00,50.0,3.58
11111.00,12000.59,18799.73,349.27,2.956,15.00,50.0,3.63
11112.00,12000.05,18802.63,349.33,2.947,15.00,50.0,3.68
11113.00,11999.50,18805.51,349.40,2.938,15.00,50.0,3.73
11114.00,11998.96,18808.39,349.46,2.929,15.00,50.0,3.78
11115.00,11998.43,18811.26,349.52,2.920,15.00,50.0,3.83
11116.00,11997.90,18814.13,349.59,2.912,15.00,50.0,3.87
11117.00,11997.37,18816.98,349.65,2.904,20.00,50.0,3.97
11118.00,11996.85,18819.83,349.72,2.896,20.00,50.0,4.07
11119.00,11996.34,18822.67,349.79,2.888,20.00,50.0,4.16
11120.00,11995.83,18825.51,349.86,2.880,20.00,50.0,4.25
11121.00,11995.32,18828.33,349.93,2.872,20.00,50.0,4.34
11122.00,11994.82,18831.16,350.01,2.865,20.00,50.0,4.42
11123.00,11994.33,18833.97,350.08,2.858,15.00,50.0,4.44
11124.00,11993.83,18836.78,350.16,2.851,15.00,50.0,4.47
11125.00,11993.35,18839.58,350.23,2.844,15.00,50.0,4.49
11126.00,11992.87,18842.37,350.31,2.837,15.00,50.0,4.51
11127.00,11992.39,18845.16,350.38,2.830,15.00,50.0,4.53
11128.00,11991.92,18847.95,350.46,2.823,15.00,50.0,4.55
11129.00,11991.45,18850.73,350.53,2.817,20.00,50.0,4.63
11130.00,11990.99,18853.50,350.61,2.811,20.00,50.0,4.70
11131.00,11990.53,18856.26,350.69,2.804,20.00,50.0,4.78
11132.00,11990.08,18859.03,350.77,2.798,20.00,50.0,4.84
11133.00,11989.63,18861.78,350.85,2.792,20.00,50.0,4.91
11134.00,11989.19,18864.53,350.94,2.786,20.00,50.0,4.98
11135.00,11988.75,18867.28,351.02,2.781,20.00,50.0,5.04
11136.00,11988.32,18870.02,351.11,2.775,20.00,50.0,5.10
11137.00,11987.89,18872.76,351.19,2.770,20.00,50.0,5.16
11138.00,11987.47,18875.49,351.28,2.764,20.00,50.0,5.22
11139.00,11987.05,18878.22,351.37,2.759,20.00,50.0,5.27
11140.00,11986.63,18880.94,351.46,2.754,20.00,50.0,5.32
11141.00,11986.23,18883.66,351.54,2.749,15.00,50.0,5.32
11142.00,11985.82,18886.37,351.63,2.744,15.00,50.0,5.31
11143.00,11985.42,18889.08,351.72,2.739,15.00,50.0,5.31
11144.00,11985.03,18891.79,351.81,2.734,15.00,50.0,5.30
11145.00,11984.64,18894.49,351.90,2.729,15.00,50.0,5.29
11146.00,11984.26,18897.18,351.99,2.725,15.00,50.0,5.29
11147.00,11983.88,18899.88,352.07,2.720,15.00,50.0,5.28
11148.00,11983.50,18902.57,352.16,2.716,15.00,50.0,5.28
11149.00,11983.13,18905.25,352.25,2.712,15.00,50.0,5.28
11150.00,11982.77,18907.94,352.34,2.707,15.00,50.0,5.27
11151.00,11982.41,18910.62,352.43,2.703,15.00,50.0,5.27
11152.00,11982.05,18913.29,352.51,2.699,15.00,50.0,5.26
11153.00,11981.70,18915.96,352.60,2.695,15.00,50.0,5.26
11154.00,11981.36,18918.63,352.69,2.691,20.00,50.0,5.31
11155.00,11981.01,18921.30,352.78,2.687,20.00,50.0,5.36
11156.00,11980.68,18923.96,352.87,2.684,20.00,50.0,5.41
11157.00,11980.34,18926.62,352.96,2.680,20.00,50.0,5.46
11158.00,11980.02,18929.28,353.05,2.676,20.00,50.0,5.51
11159.00,11979.69,18931.93,353.14,2.673,20.00,50.0,5.55
11160.00,11979.37,18934.58,353.23,2.669,-35.00,50.0,4.97
11161.00,11979.06,18937.23,353.30,2.666,-35.00,50.0,4.40
11162.00,11978.75,18939.87,353.37,2.663,-35.00,50.0,3.86
11163.00,11978.44,18942.51,353.42,2.659,-35.00,50.0,3.33
11164.00,11978.14,18945.15,353.47,2.656,-35.00,50.0,2.82
11165.00,11977.83,18947.79,353.51,2.653,-35.00,50.0,2.32
11166.00,11977.53,18950.42,353.54,2.650,-35.00,50.0,1.84
11167.00,11977.24,18953.05,353.56,2.647,-35.00,50.0,1.38
11168.00,11976.94,18955.68,353.58,2.644,-35.00,50.0,0.94
11169.00,11976.64,18958.30,353.58,2.641,-35.00,50.0,0.51
11170.00,11976.35,18960.92,353.59,2.638,-35.00,50.0,0.09
11171.00,11976.06,18963.54,353.58,2.636,-35.00,50.0,-0.31
11172.00,11975.76,18966.16,353.57,2.633,-35.00,50.0,-0.70
11173.00,11975.47,18968.77,353.55,2.630,-35.00,50.0,-1.08
11174.00,11975.17,18971.38,353.53,2.628,-35.00,50.0,-1.44
11175.00,11974.88,18973.99,353.50,2.625,-35.00,50.0,-1.80
11176.00,11974.58,18976.60,353.46,2.623,-35.00,50.0,-2.14
11177.00,11974.28,18979.20,353.42,2.620,-35.00,50.0,-2.46
11178.00,11973.98,18981.80,353.37,2.618,-35.00,50.0,-2.78
11179.00,11973.68,18984.40,353.32,2.615,-35.00,50.0,-3.09
11180.00,11973.37,18987.00,353.27,2.613,-35.00,50.0,-3.39
11181.00,11973.07,18989.59,353.20,2.611,-35.00,50.0,-3.67
11182.00,11972.76,18992.18,353.14,2.609,-35.00,50.0,-3.95
11183.00,11972.45,18994.77,353.07,2.606,-35.00,50.0,-4.22
11184.00,11972.13,18997.35,352.99,2.604,-35.00,50.0,-4.48
11185.00,11971.82,18999.93,352.91,2.602,-35.00,50.0,-4.73
11186.00,11971.50,19002.52,352.83,2.600,-35.00,50.0,-4.97
11187.00,11971.17,19005.09,352.75,2.598,-35.00,50.0,-5.21
11188.00,11970.84,19007.67,352.65,2.596,-35.00,50.0,-5.43
11189.00,11970.51,19010.24,352.56,2.594,-35.00,50.0,-5.65
11190.00,11970.18,19012.81,352.46,2.592,-35.00,50.0,-5.86
11191.00,11969.84,19015.38,352.36,2.591,-35.00,50.0,-6.07
11192.00,11969.49,19017.95,352.26,2.589,-35.00,50.0,-6.27
11193.00,11969.14,19020.51,352.15,2.587,-35.00,50.0,-6.46
11194.00,11968.79,19023.07,352.04,2.585,-35.00,50.0,-6.64
11195.00,11968.43,19025.63,351.93,2.584,-35.00,50.0,-6.82
11196.00,11968.07,19028.19,351.81,2.582,-35.00,50.0,-6.99
11197.00,11967.70,19030.74,351.69,2.580,-35.00,50.0,-7.16
11198.00,11967.33,19033.29,351.57,2.579,-35.00,50.0,-7.32
11199.00,11966.95,19035.84,351.44,2.577,-35.00,50.0,-7.48
11200.00,11966.57,19038.39,351.32,2.575,-35.00,50.0,-7.63
11201.00,11966.18,19040.93,351.19,2.574,-35.00,50.0,-7.77
11202.00,11965.79,19043.47,351.05,2.573,-35.00,50.0,-7.91
11203.00,11965.39,19046.01,350.92,2.571,-35.00,50.0,-8.05
11204.00,11964.98,19048.55,350.78,2.570,-35.00,50.0,-8.18
11205.00,11964.57,19051.09,350.64,2.568,-35.00,50.0,-8.31
11206.00,11964.15,19053.63,350.51,2.577,-30.00,60.0,-8.38
11207.00,11963.72,19056.18,350.36,2.585,-30.00,60.0,-8.44
11208.00,11963.29,19058.74,350.22,2.594,-30.00,60.0,-8.50
11209.00,11962.85,19061.30,350.08,2.602,-30.00,60.0,-8.56
11210.00,11962.40,19063.87,349.94,2.610,-30.00,60.0,-8.62
11211.00,11961.94,19066.45,349.79,2.618,-30.00,60.0,-8.67
11212.00,11961.48,19069.03,349.65,2.625,-30.00,60.0,-8.73
11213.00,11961.00,19071.62,349.50,2.633,-30.00,60.0,-8.78
11214.00,11960.52,19074.23,349.35,2.650,-25.00,70.0,-8.77
11215.00,11960.03,19076.85,349.21,2.667,-25.00,70.0,-8.77
11216.00,11959.52,19079.48,349.06,2.684,-25.00,70.0,-8.76
11217.00,11959.01,19082.13,348.92,2.700,-25.00,70.0,-8.75
11218.00,11958.49,19084.80,348.77,2.716,-25.00,70.0,-8.75
11219.00,11957.96,19087.48,348.62,2.732,-25.00,70.0,-8.74
11220.00,11957.42,19090.17,348.48,2.747,-20.00,70.0,-8.68
11221.00,11956.86,19092.88,348.34,2.762,-20.00,70.0,-8.62
11222.00,11956.30,19095.60,348.19,2.777,-20.00,70.0,-8.56
11223.00,11955.73,19098.33,348.05,2.791,-20.00,70.0,-8.50
11224.00,11955.15,19101.08,347.91,2.806,-20.00,70.0,-8.45
11225.00,11954.56,19103.83,347.77,2.819,-20.00,70.0,-8.39
11226.00,11953.96,19106.60,347.63,2.833,-20.00,70.0,-8.34
11227.00,11953.35,19109.37,347.50,2.836,-15.00,60.0,-8.24
11228.00,11952.74,19112.14,347.36,2.840,-15.00,60.0,-8.13
11229.00,11952.12,19114.91,347.22,2.833,-35.00,50.0,-8.26
11230.00,11951.49,19117.66,347.08,2.826,-35.00,50.0,-8.39
11231.00,11950.86,19120.41,346.94,2.820,-35.00,50.0,-8.51
11232.00,11950.23,19123.15,346.80,2.813,-35.00,50.0,-8.62
11233.00,11949.59,19125.89,346.65,2.807,-35.00,50.0,-8.74
11234.00,11948.94,19128.61,346.50,2.801,-35.00,50.0,-8.84
11235.00,11948.29,19131.33,346.35,2.795,-35.00,50.0,-8.95
11236.00,11947.63,19134.04,346.20,2.789,-35.00,50.0,-9.05
11237.00,11946.97,19136.74,346.05,2.783,-35.00,50.0,-9.15
11238.00,11946.30,19139.44,345.90,2.777,-35.00,50.0,-9.24
11239.00,11945.62,19142.13,345.74,2.772,-35.00,50.0,-9.34
11240.00,11944.94,19144.81,345.58,2.767,-35.00,50.0,-9.43
11241.00,11944.25,19147.48,345.43,2.761,-35.00,50.0,-9.51
11242.00,11943.56,19150.15,345.27,2.756,-35.00,50.0,-9.59
11243.00,11942.86,19152.81,345.10,2.751,-35.00,50.0,-9.67
11244.00,11942.15,19155.46,344.94,2.746,-35.00,50.0,-9.75
11245.00,11941.44,19158.12,344.78,2.751,-30.00,60.0,-9.77
11246.00,11940.71,19160.78,344.62,2.756,-30.00,60.0,-9.79
11247.00,11939.98,19163.44,344.45,2.761,-30.00,60.0,-9.80
11248.00,11939.24,19166.10,344.29,2.766,-30.00,60.0,-9.82
11249.00,11938.49,19168.77,344.13,2.770,-30.00,60.0,-9.84
11250.00,11937.73,19171.44,343.96,2.775,-30.00,60.0,-9.85
11251.00,11936.96,19174.11,343.80,2.779,-30.00,60.0,-9.86
11252.00,11936.18,19176.79,343.63,2.794,-25.00,70.0,-9.82
11253.00,11935.39,19179.49,343.47,2.808,-25.00,70.0,-9.78
11254.00,11934.59,19182.19,343.31,2.822,-25.00,70.0,-9.74
11255.00,11933.78,19184.91,343.15,2.835,-25.00,70.0,-9.70
11256.00,11932.95,19187.63,342.98,2.849,-25.00,70.0,-9.66
11257.00,11932.11,19190.37,342.82,2.862,-25.00,70.0,-9.63
11258.00,11931.26,19193.12,342.66,2.874,-25.00,70.0,-9.59
11259.00,11930.40,19195.87,342.51,2.887,-20.00,70.0,-9.50
11260.00,11929.53,19198.64,342.35,2.899,-20.00,70.0,-9.41
11261.00,11928.65,19201.41,342.19,2.911,-20.00,70.0,-9.33
11262.00,11927.76,19204.20,342.04,2.923,-20.00,70.0,-9.24
11263.00,11926.85,19206.99,341.89,2.934,-20.00,70.0,-9.17
11264.00,11925.93,19209.79,341.74,2.946,-15.00,70.0,-9.03
11265.00,11925.01,19212.59,341.59,2.957,-15.00,70.0,-8.90
11266.00,11924.07,19215.41,341.44,2.968,-15.00,70.0,-8.78
11267.00,11923.12,19218.23,341.30,2.978,-15.00,70.0,-8.66
11268.00,11922.16,19221.06,341.16,2.989,-15.00,70.0,-8.54
11269.00,11921.20,19223.90,341.01,2.999,-15.00,70.0,-8.42
11270.00,11920.22,19226.75,340.88,3.009,-15.00,70.0,-8.32
11271.00,11919.23,19229.60,340.74,3.019,-10.00,70.0,-8.15
11272.00,11918.23,19232.46,340.61,3.029,-10.00,70.0,-8.00
11273.00,11917.22,19235.33,340.48,3.038,-10.00,70.0,-7.84
11274.00,11916.20,19238.20,340.35,3.047,-10.00,70.0,-7.70
11275.00,11915.17,19241.08,340.22,3.056,-10.00,70.0,-7.55
11276.00,11914.14,19243.96,340.10,3.065,-10.00,70.0,-7.42
11277.00,11913.09,19246.84,339.98,3.064,-5.00,60.0,-7.23
11278.00,11912.05,19249.72,339.86,3.063,-5.00,60.0,-7.04
11279.00,11910.99,19252.59,339.75,3.061,-5.00,60.0,-6.86
11280.00,11909.93,19255.46,339.63,3.060,-5.00,60.0,-6.69
11281.00,11908.87,19258.33,339.53,3.059,-5.00,60.0,-6.53
11282.00,11907.80,19261.20,339.42,3.058,-5.00,60.0,-6.37
11283.00,11906.73,19264.05,339.32,3.047,0.00,50.0,-6.15
11284.00,11905.66,19266.89,339.22,3.036,0.00,50.0,-5.95
11285.00,11904.58,19269.72,339.12,3.025,0.00,50.0,-5.75
11286.00,11903.51,19272.53,339.03,3.014,0.00,50.0,-5.56
11287.00,11902.43,19275.34,338.94,3.004,0.00,50.0,-5.37
11288.00,11901.35,19278.14,338.85,3.004,5.00,60.0,-5.14
11289.00,11900.27,19280.94,338.77,3.004,5.00,60.0,-4.91
11290.00,11899.18,19283.74,338.69,3.004,5.00,60.0,-4.69
11291.00,11898.09,19286.54,338.62,3.004,5.00,60.0,-4.48
11292.00,11897.00,19289.34,338.55,3.004,5.00,60.0,-4.27
11293.00,11895.90,19292.13,338.48,3.004,5.00,60.0,-4.07
11294.00,11894.80,19294.93,338.42,3.004,5.00,60.0,-3.88
11295.00,11893.69,19297.72,338.35,3.003,5.00,60.0,-3.69
11296.00,11892.58,19300.52,338.30,3.013,10.00,70.0,-3.45
11297.00,11891.46,19303.33,338.24,3.023,10.00,70.0,-3.22
11298.00,11890.34,19306.15,338.19,3.033,10.00,70.0,-3.00
11299.00,11889.21,19308.97,338.15,3.042,10.00,70.0,-2.79
11300.00,11888.07,19311.80,338.10,3.051,10.00,70.0,-2.58
11301.00,11886.93,19314.64,338.06,3.060,10.00,70.0,-2.38
11302.00,11885.78,19317.49,338.03,3.069,10.00,70.0,-2.19
11303.00,11884.63,19320.34,337.99,3.078,10.00,70.0,-2.00
11304.00,11883.48,19323.20,337.97,3.086,15.00,70.0,-1.76
11305.00,11882.31,19326.07,337.94,3.094,15.00,70.0,-1.53
11306.00,11881.15,19328.95,337.92,3.102,15.00,70.0,-1.31
11307.00,11879.98,19331.83,337.90,3.110,15.00,70.0,-1.09
11308.00,11878.81,19334.72,337.89,3.118,15.00,70.0,-0.89
11309.00,11877.63,19337.62,337.87,3.126,15.00,70.0,-0.68
11310.00,11876.45,19340.52,337.87,3.133,15.00,70.0,-0.49
11311.00,11875.27,19343.43,337.86,3.141,15.00,70.0,-0.30
11312.00,11874.08,19346.34,337.86,3.148,15.00,70.0,-0.12
11313.00,11872.89,19349.26,337.86,3.155,15.00,70.0,0.05
11314.00,11871.70,19352.19,337.86,3.162,15.00,70.0,0.22
11315.00,11870.51,19355.13,337.87,3.169,15.00,70.0,0.39
11316.00,11869.31,19358.06,337.88,3.165,20.00,60.0,0.60
11317.00,11868.12,19360.99,337.89,3.162,20.00,60.0,0.81
11318.00,11866.93,19363.92,337.91,3.159,20.00,60.0,1.01
11319.00,11865.75,19366.84,337.93,3.155,20.00,60.0,1.21
11320.00,11864.56,19369.76,337.95,3.152,20.00,60.0,1.40
11321.00,11863.38,19372.68,337.98,3.149,20.00,60.0,1.58
11322.00,11862.21,19375.59,338.01,3.136,20.00,50.0,1.75
11323.00,11861.04,19378.48,338.04,3.124,20.00,50.0,1.92
11324.00,11859.87,19381.37,338.08,3.111,20.00,50.0,2.09
11325.00,11858.72,19384.24,338.11,3.099,20.00,50.0,2.25
11326.00,11857.56,19387.11,338.15,3.087,20.00,50.0,2.40
11327.00,11856.42,19389.96,338.20,3.075,20.00,50.0,2.55
11328.00,11855.28,19392.81,338.24,3.064,20.00,50.0,2.69
11329.00,11854.15,19395.64,338.29,3.052,20.00,50.0,2.83
11330.00,11853.03,19398.47,338.34,3.041,20.00,50.0,2.97
11331.00,11851.91,19401.28,338.39,3.031,20.00,50.0,3.10
11332.00,11850.79,19404.09,338.44,3.020,20.00,50.0,3.22
11333.00,11849.69,19406.89,338.50,3.010,20.00,50.0,3.34
11334.00,11848.59,19409.68,338.55,2.999,-32.73,50.0,2.86
11335.00,11847.50,19412.46,338.59,2.989,-32.73,50.0,2.39
11336.00,11846.41,19415.24,338.62,2.980,-32.73,50.0,1.93
11337.00,11845.33,19418.00,338.64,2.970,-35.00,50.0,1.47
11338.00,11844.25,19420.76,338.66,2.961,-35.00,50.0,1.02
11339.00,11843.17,19423.51,338.67,2.951,-35.00,50.0,0.59
11340.00,11842.10,19426.25,338.67,2.942,-35.00,50.0,0.17
11341.00,11841.04,19428.98,338.67,2.933,-35.00,50.0,-0.24
11342.00,11839.97,19431.71,338.66,2.925,-35.00,50.0,-0.63
11343.00,11838.91,19434.42,338.64,2.916,-34.98,50.0,-1.01
11344.00,11837.85,19437.13,338.62,2.908,-34.98,50.0,-1.38
11345.00,11836.79,19439.83,338.59,2.900,-34.98,50.0,-1.73
11346.00,11835.74,19442.52,338.55,2.892,-34.77,50.0,-2.07
11347.00,11834.68,19445.21,338.51,2.884,-34.77,50.0,-2.40
11348.00,11833.63,19447.88,338.47,2.876,-34.77,50.0,-2.71
11349.00,11832.58,19450.55,338.42,2.869,-34.42,50.0,-3.02
11350.00,11831.53,19453.21,338.36,2.861,-34.42,50.0,-3.31
11351.00,11830.47,19455.87,338.30,2.854,-34.42,50.0,-3.59
11352.00,11829.42,19458.51,338.24,2.847,-33.92,50.0,-3.86
11353.00,11828.37,19461.15,338.17,2.840,-33.92,50.0,-4.12
11354.00,11827.31,19463.78,338.10,2.833,-33.92,50.0,-4.37
11355.00,11826.26,19466.40,338.02,2.827,-33.92,50.0,-4.61
11356.00,11825.20,19469.02,337.94,2.820,-33.92,50.0,-4.85
11357.00,11824.15,19471.63,337.86,2.814,-33.92,50.0,-5.07
11358.00,11823.09,19474.23,337.77,2.807,-33.92,50.0,-5.29
11359.00,11822.03,19476.82,337.68,2.801,-33.92,50.0,-5.50
11360.00,11820.97,19479.41,337.58,2.795,-33.92,50.0,-5.71
11361.00,11819.90,19481.99,337.48,2.799,-28.92,60.0,-5.85
11362.00,11818.83,19484.58,337.38,2.803,-28.92,60.0,-5.98
11363.00,11817.75,19487.17,337.28,2.807,-28.92,60.0,-6.11
11364.00,11816.66,19489.77,337.18,2.811,-28.92,60.0,-6.24
11365.00,11815.57,19492.36,337.07,2.815,-28.92,60.0,-6.36
11366.00,11814.47,19494.96,336.96,2.819,-28.92,60.0,-6.48
11367.00,11813.36,19497.56,336.85,2.832,-23.92,70.0,-6.54
11368.00,11812.24,19500.18,336.75,2.846,-23.92,70.0,-6.59
11369.00,11811.12,19502.81,336.63,2.859,-23.92,70.0,-6.65
11370.00,11809.98,19505.44,336.52,2.872,-23.92,70.0,-6.70
11371.00,11808.83,19508.09,336.41,2.884,-23.92,70.0,-6.75
11372.00,11807.67,19510.74,336.30,2.896,-23.92,70.0,-6.80
11373.00,11806.50,19513.41,336.18,2.909,-18.92,70.0,-6.79
11374.00,11805.32,19516.08,336.07,2.920,-18.92,70.0,-6.78
11375.00,11804.13,19518.76,335.96,2.932,-18.92,70.0,-6.77
11376.00,11802.93,19521.45,335.85,2.943,-18.92,70.0,-6.76
11377.00,11801.72,19524.14,335.73,2.954,-18.92,70.0,-6.75
11378.00,11800.50,19526.85,335.62,2.965,-18.92,70.0,-6.74
11379.00,11799.28,19529.56,335.51,2.976,-13.92,70.0,-6.68
11380.00,11798.04,19532.27,335.40,2.987,-13.92,70.0,-6.61
11381.00,11796.79,19535.00,335.29,2.997,-13.92,70.0,-6.55
11382.00,11795.53,19537.73,335.18,3.007,-13.92,70.0,-6.49
11383.00,11794.27,19540.47,335.07,3.017,-13.92,70.0,-6.43
11384.00,11792.99,19543.21,334.97,3.026,-13.92,70.0,-6.38
11385.00,11791.71,19545.96,334.86,3.036,-13.92,70.0,-6.33
11386.00,11790.42,19548.71,334.76,3.035,-8.92,60.0,-6.22
11387.00,11789.12,19551.46,334.66,3.034,-8.92,60.0,-6.11
11388.00,11787.83,19554.20,334.56,3.034,-8.92,60.0,-6.01
11389.00,11786.52,19556.94,334.46,3.033,-8.92,60.0,-5.91
11390.00,11785.22,19559.67,334.36,3.032,-8.92,60.0,-5.82
11391.00,11783.90,19562.41,334.27,3.032,-8.92,60.0,-5.72
11392.00,11782.59,19565.14,334.17,3.031,-8.92,60.0,-5.64
11393.00,11781.27,19567.86,334.08,3.030,-8.92,60.0,-5.55
11394.00,11779.94,19570.59,333.99,3.030,-8.92,60.0,-5.47
11395.00,11778.62,19573.30,333.90,3.019,-3.92,50.0,-5.33
11396.00,11777.29,19576.00,333.81,3.009,-3.92,50.0,-5.20
11397.00,11775.97,19578.70,333.73,2.999,-3.92,50.0,-5.07
11398.00,11774.65,19581.38,333.65,2.989,-3.92,50.0,-4.94
11399.00,11773.33,19584.04,333.57,2.979,-3.92,50.0,-4.82
11400.00,11772.00,19586.70,333.49,2.969,-3.92,50.0,-4.71
11401.00,11770.68,19589.35,333.41,2.960,-3.92,50.0,-4.60
11402.00,11769.36,19592.00,333.34,2.961,1.08,60.0,-4.43
11403.00,11768.03,19594.65,333.27,2.962,1.08,60.0,-4.27
11404.00,11766.70,19597.29,333.20,2.962,1.08,60.0,-4.12
11405.00,11765.36,19599.94,333.13,2.963,1.08,60.0,-3.97
11406.00,11764.02,19602.58,333.07,2.964,1.08,60.0,-3.82
11407.00,11762.68,19605.22,333.01,2.965,1.08,60.0,-3.68
11408.00,11761.33,19607.88,332.95,2.975,6.08,70.0,-3.49
11409.00,11759.97,19610.53,332.89,2.986,6.08,70.0,-3.30
11410.00,11758.60,19613.20,332.84,2.996,6.08,70.0,-3.12
11411.00,11757.23,19615.88,332.79,3.006,6.08,70.0,-2.95
11412.00,11755.85,19618.56,332.75,3.016,6.08,70.0,-2.78
11413.00,11754.47,19621.25,332.70,3.026,6.08,70.0,-2.62
11414.00,11753.08,19623.95,332.66,3.035,11.08,70.0,-2.41
11415.00,11751.68,19626.65,332.62,3.044,11.08,70.0,-2.20
11416.00,11750.27,19629.36,332.59,3.054,11.08,70.0,-2.00
11417.00,11748.86,19632.08,332.56,3.063,11.08,70.0,-1.81
11418.00,11747.45,19634.81,332.53,3.071,11.08,70.0,-1.62
11419.00,11746.03,19637.54,332.51,3.080,11.08,70.0,-1.44
11420.00,11744.60,19640.28,332.49,3.088,11.08,70.0,-1.26
11421.00,11743.18,19643.02,332.47,3.086,16.08,60.0,-1.04
11422.00,11741.75,19645.75,332.46,3.085,16.08,60.0,-0.82
11423.00,11740.32,19648.48,332.45,3.083,16.08,60.0,-0.61
11424.00,11738.90,19651.22,332.44,3.081,16.08,60.0,-0.41
11425.00,11737.47,19653.95,332.44,3.080,16.08,60.0,-0.21
11426.00,11736.05,19656.67,332.44,3.068,20.00,50.0,0.03
11427.00,11734.64,19659.38,332.44,3.057,20.00,50.0,0.26
11428.00,11733.23,19662.08,332.45,3.046,20.00,50.0,0.48
11429.00,11731.83,19664.77,332.46,3.035,20.00,50.0,0.69
11430.00,11730.43,19667.45,332.48,3.024,20.00,50.0,0.89
11431.00,11729.04,19670.12,332.50,3.014,20.00,50.0,1.09
11432.00,11727.65,19672.79,332.52,3.003,15.00,50.0,1.23
11433.00,11726.27,19675.44,332.53,2.993,-14.87,50.0,1.02
11434.00,11724.89,19678.09,332.55,2.983,-14.87,50.0,0.81
11435.00,11723.52,19680.73,332.56,2.974,-14.87,50.0,0.62
11436.00,11722.16,19683.36,332.56,2.964,-16.75,50.0,0.40
11437.00,11720.79,19685.98,332.57,2.955,-16.75,50.0,0.20
11438.00,11719.44,19688.59,332.57,2.946,-16.75,50.0,0.00
11439.00,11718.08,19691.20,332.56,2.937,-16.78,50.0,-0.19
11440.00,11716.73,19693.80,332.56,2.928,-16.78,50.0,-0.38
11441.00,11715.39,19696.39,332.55,2.920,-16.78,50.0,-0.56
11442.00,11714.05,19698.97,332.54,2.911,-16.72,50.0,-0.73
11443.00,11712.71,19701.55,332.52,2.903,-16.72,50.0,-0.90
11444.00,11711.37,19704.12,332.50,2.895,-16.72,50.0,-1.06
11445.00,11710.04,19706.68,332.48,2.887,-16.58,50.0,-1.21
11446.00,11708.71,19709.23,332.46,2.879,-16.58,50.0,-1.36
11447.00,11707.38,19711.78,332.44,2.872,-16.58,50.0,-1.50
11448.00,11706.06,19714.32,332.41,2.864,-16.37,50.0,-1.64
11449.00,11704.73,19716.85,332.38,2.857,-16.37,50.0,-1.77
11450.00,11703.41,19719.38,332.35,2.850,-16.37,50.0,-1.90
11451.00,11702.09,19721.89,332.31,2.843,-16.37,50.0,-2.03
11452.00,11700.77,19724.41,332.28,2.836,-16.37,50.0,-2.14
11453.00,11699.46,19726.91,332.24,2.829,-16.37,50.0,-2.26
11454.00,11698.14,19729.41,332.20,2.823,-16.37,50.0,-2.37
11455.00,11696.83,19731.90,332.16,2.816,-16.37,50.0,-2.48
11456.00,11695.52,19734.38,332.12,2.810,-16.37,50.0,-2.58
11457.00,11694.20,19736.87,332.07,2.814,-11.37,60.0,-2.63
11458.00,11692.88,19739.36,332.03,2.817,-11.37,60.0,-2.67
11459.00,11691.56,19741.85,331.98,2.821,-11.37,60.0,-2.71
11460.00,11690.23,19744.35,331.94,2.825,-11.37,60.0,-2.75
11461.00,11688.90,19746.84,331.89,2.828,-11.37,60.0,-2.79
11462.00,11687.57,19749.34,331.84,2.832,-11.37,60.0,-2.83
11463.00,11686.22,19751.85,331.80,2.845,-6.37,70.0,-2.81
11464.00,11684.87,19754.37,331.75,2.858,-6.37,70.0,-2.78
11465.00,11683.51,19756.89,331.70,2.871,-6.37,70.0,-2.76
11466.00,11682.15,19759.43,331.66,2.884,-6.37,70.0,-2.75
11467.00,11680.77,19761.98,331.61,2.896,-6.37,70.0,-2.73
11468.00,11679.39,19764.54,331.57,2.908,-6.37,70.0,-2.71
11469.00,11678.00,19767.11,331.52,2.920,-1.37,70.0,-2.63
11470.00,11676.60,19769.68,331.48,2.931,-1.37,70.0,-2.56
11471.00,11675.20,19772.27,331.44,2.943,-1.37,70.0,-2.49
11472.00,11673.78,19774.86,331.40,2.954,-1.37,70.0,-2.42
11473.00,11672.37,19777.47,331.36,2.965,-1.37,70.0,-2.36
11474.00,11670.94,19780.08,331.32,2.976,-1.37,70.0,-2.30
11475.00,11669.52,19782.68,331.28,2.966,-12.72,50.0,-2.37
11476.00,11668.10,19785.27,331.24,2.957,-12.72,50.0,-2.43
11477.00,11666.68,19787.86,331.20,2.948,-12.72,50.0,-2.50
11478.00,11665.26,19790.43,331.16,2.939,-12.66,50.0,-2.56
11479.00,11663.85,19793.00,331.11,2.930,-12.66,50.0,-2.62
11480.00,11662.44,19795.56,331.07,2.921,-12.66,50.0,-2.67
11481.00,11661.03,19798.11,331.02,2.913,-12.26,50.0,-2.73
11482.00,11659.62,19800.65,330.98,2.905,-12.26,50.0,-2.77
11483.00,11658.22,19803.18,330.93,2.896,-12.26,50.0,-2.82
11484.00,11656.81,19805.70,330.88,2.889,-11.85,50.0,-2.86
11485.00,11655.41,19808.22,330.83,2.881,-11.85,50.0,-2.90
11486.00,11654.01,19810.73,330.78,2.873,-11.85,50.0,-2.94
11487.00,11652.61,19813.23,330.73,2.866,-11.41,50.0,-2.97
11488.00,11651.21,19815.73,330.68,2.858,-11.41,50.0,-3.01
11489.00,11649.82,19818.21,330.63,2.851,-11.41,50.0,-3.04
11490.00,11648.42,19820.69,330.58,2.844,-10.96,50.0,-3.06
11491.00,11647.03,19823.16,330.53,2.837,-10.96,50.0,-3.08
11492.00,11645.64,19825.63,330.48,2.831,-10.96,50.0,-3.11
11493.00,11644.25,19828.08,330.43,2.824,-10.50,50.0,-3.12
11494.00,11642.85,19830.53,330.38,2.817,-10.50,50.0,-3.14
11495.00,11641.47,19832.98,330.32,2.811,-10.50,50.0,-3.15
11496.00,11640.08,19835.41,330.27,2.805,-10.02,50.0,-3.16
11497.00,11638.69,19837.84,330.22,2.799,-10.02,50.0,-3.17
11498.00,11637.30,19840.27,330.16,2.793,-10.02,50.0,-3.18
11499.00,11635.91,19842.69,330.11,2.787,-9.55,50.0,-3.18
11500.00,11634.53,19845.10,330.06,2.781,-9.55,50.0,-3.19
11501.00,11633.14,19847.50,330.00,2.776,-9.55,50.0,-3.19
11502.00,11631.76,19849.90,329.95,2.770,-9.55,50.0,-3.19
11503.00,11630.37,19852.29,329.90,2.765,-9.55,50.0,-3.20
11504.00,11628.99,19854.68,329.85,2.759,-9.55,50.0,-3.20
11505.00,11627.61,19857.06,329.79,2.754,-9.55,50.0,-3.20
11506.00,11626.22,19859.44,329.74,2.749,-9.55,50.0,-3.20
11507.00,11624.84,19861.81,329.69,2.744,-9.55,50.0,-3.21
11508.00,11623.46,19864.17,329.63,2.739,-9.55,50.0,-3.21
11509.00,11622.07,19866.54,329.58,2.744,-4.55,60.0,-3.15
11510.00,11620.68,19868.91,329.53,2.750,-4.55,60.0,-3.10
11511.00,11619.28,19871.29,329.48,2.755,-4.55,60.0,-3.05
11512.00,11617.88,19873.66,329.43,2.759,-4.55,60.0,-3.00
11513.00,11616.47,19876.04,329.38,2.764,-4.55,60.0,-2.95
11514.00,11615.06,19878.43,329.33,2.769,-4.55,60.0,-2.90
11515.00,11613.65,19880.81,329.28,2.774,-4.55,60.0,-2.86
11516.00,11612.23,19883.20,329.23,2.778,-4.55,60.0,-2.82
11517.00,11610.80,19885.60,329.19,2.793,0.45,70.0,-2.72
11518.00,11609.36,19888.01,329.15,2.807,0.45,70.0,-2.62
11519.00,11607.92,19890.43,329.10,2.821,0.45,70.0,-2.53
11520.00,11606.46,19892.86,329.06,2.834,0.45,70.0,-2.44
11521.00,11605.00,19895.31,329.02,2.848,0.45,70.0,-2.35
11522.00,11603.53,19897.76,328.99,2.861,0.45,70.0,-2.27
11523.00,11602.04,19900.22,328.95,2.873,5.45,70.0,-2.13
11524.00,11600.56,19902.69,328.92,2.886,5.45,70.0,-2.00
11525.00,11599.06,19905.18,328.89,2.898,5.45,70.0,-1.87
11526.00,11597.56,19907.67,328.86,2.910,5.45,70.0,-1.74
11527.00,11596.04,19910.17,328.83,2.922,5.45,70.0,-1.62
11528.00,11594.53,19912.68,328.80,2.934,5.45,70.0,-1.51
11529.00,11593.01,19915.19,328.78,2.935,10.45,60.0,-1.34
11530.00,11591.48,19917.70,328.76,2.936,10.45,60.0,-1.17
11531.00,11589.96,19920.21,328.75,2.937,10.45,60.0,-1.02
11532.00,11588.44,19922.72,328.73,2.939,10.45,60.0,-0.86
11533.00,11586.91,19925.24,328.72,2.940,10.45,60.0,-0.71
11534.00,11585.39,19927.74,328.71,2.931,15.45,50.0,-0.51
11535.00,11583.87,19930.24,328.70,2.923,-4.80,50.0,-0.55
11536.00,11582.36,19932.73,328.69,2.914,-4.80,50.0,-0.59
11537.00,11580.85,19935.21,328.68,2.906,-4.80,50.0,-0.62
11538.00,11579.34,19937.69,328.67,2.898,-5.13,50.0,-0.66
11539.00,11577.84,19940.16,328.66,2.890,-5.13,50.0,-0.70
11540.00,11576.34,19942.62,328.65,2.882,-5.13,50.0,-0.73
11541.00,11574.84,19945.07,328.63,2.874,-5.02,50.0,-0.77
11542.00,11573.35,19947.52,328.62,2.867,-5.02,50.0,-0.80
11543.00,11571.86,19949.96,328.61,2.859,-5.02,50.0,-0.83
11544.00,11570.38,19952.40,328.59,2.852,-4.90,50.0,-0.86
11545.00,11568.89,19954.82,328.58,2.845,-4.90,50.0,-0.88
11546.00,11567.41,19957.25,328.56,2.838,-4.90,50.0,-0.91
11547.00,11565.94,19959.66,328.55,2.832,-4.76,50.0,-0.94
11548.00,11564.46,19962.07,328.53,2.825,-4.76,50.0,-0.96
11549.00,11562.99,19964.48,328.51,2.818,-4.76,50.0,-0.98
11550.00,11561.52,19966.87,328.50,2.812,-4.62,50.0,-1.00
11551.00,11560.06,19969.27,328.48,2.806,-4.62,50.0,-1.02
11552.00,11558.59,19971.65,328.46,2.800,-4.62,50.0,-1.04
11553.00,11557.13,19974.03,328.45,2.794,-4.46,50.0,-1.06
11554.00,11555.67,19976.41,328.43,2.788,-4.46,50.0,-1.07
11555.00,11554.22,19978.78,328.41,2.782,-4.46,50.0,-1.09
11556.00,11552.76,19981.15,328.39,2.776,-4.29,50.0,-1.10
11557.00,11551.31,19983.51,328.37,2.771,-4.29,50.0,-1.11
11558.00,11549.86,19985.86,328.35,2.765,-4.29,50.0,-1.12
11559.00,11548.41,19988.21,328.34,2.760,-4.12,50.0,-1.13
11560.00,11546.97,19990.55,328.32,2.755,-4.12,50.0,-1.14
11561.00,11545.52,19992.89,328.30,2.750,-4.12,50.0,-1.15
11562.00,11544.08,19995.23,328.28,2.745,-3.95,50.0,-1.16
11563.00,11542.64,19997.56,328.26,2.740,-3.95,50.0,-1.17
11564.00,11541.20,19999.89,328.24,2.735,-3.95,50.0,-1.17
11565.00,11539.76,20002.21,328.22,2.730,-3.77,50.0,-1.18
11566.00,11538.33,20004.53,328.20,2.726,-3.77,50.0,-1.18
11567.00,11536.89,20006.84,328.18,2.721,-3.77,50.0,-1.18
11568.00,11535.46,20009.15,328.16,2.717,-3.59,50.0,-1.18
11569.00,11534.03,20011.45,328.14,2.713,-3.59,50.0,-1.19
11570.00,11532.60,20013.75,328.12,2.708,-3.59,50.0,-1.19
11571.00,11531.17,20016.05,328.10,2.704,-3.41,50.0,-1.19
11572.00,11529.74,20018.34,328.08,2.700,-3.41,50.0,-1.19
11573.00,11528.32,20020.63,328.06,2.696,-3.41,50.0,-1.19
11574.00,11526.89,20022.91,328.04,2.692,-3.23,50.0,-1.18
11575.00,11525.47,20025.19,328.02,2.688,-3.23,50.0,-1.18
11576.00,11524.05,20027.47,328.00,2.685,-3.23,50.0,-1.18
11577.00,11522.63,20029.74,327.98,2.681,-3.04,50.0,-1.17
11578.00,11521.21,20032.01,327.96,2.677,-3.04,50.0,-1.17
11579.00,11519.79,20034.28,327.94,2.674,-3.04,50.0,-1.17
11580.00,11518.37,20036.54,327.92,2.670,-2.87,50.0,-1.16
11581.00,11516.96,20038.80,327.91,2.667,-2.87,50.0,-1.15
11582.00,11515.54,20041.06,327.89,2.663,-2.87,50.0,-1.15
11583.00,11514.13,20043.31,327.87,2.660,-2.69,50.0,-1.14
11584.00,11512.72,20045.56,327.85,2.657,-2.69,50.0,-1.13
11585.00,11511.30,20047.81,327.83,2.654,-2.69,50.0,-1.13
11586.00,11509.89,20050.05,327.81,2.651,-2.51,50.0,-1.12
11587.00,11508.48,20052.30,327.79,2.648,-2.51,50.0,-1.11
11588.00,11507.07,20054.53,327.77,2.645,-2.51,50.0,-1.10
11589.00,11505.66,20056.77,327.76,2.642,-2.34,50.0,-1.09
11590.00,11504.25,20059.00,327.74,2.639,-2.34,50.0,-1.08
11591.00,11502.85,20061.23,327.72,2.636,-2.34,50.0,-1.07
11592.00,11501.44,20063.46,327.70,2.634,-2.18,50.0,-1.06
11593.00,11500.04,20065.68,327.68,2.631,-2.18,50.0,-1.05
11594.00,11498.63,20067.90,327.67,2.628,-2.18,50.0,-1.04
11595.00,11497.23,20070.12,327.65,2.626,-2.02,50.0,-1.03
11596.00,11495.82,20072.34,327.63,2.623,-2.02,50.0,-1.02
11597.00,11494.42,20074.55,327.62,2.621,-2.02,50.0,-1.01
11598.00,11493.02,20076.76,327.60,2.618,-1.86,50.0,-0.99
11599.00,11491.62,20078.97,327.58,2.616,-1.86,50.0,-0.98
11600.00,11490.21,20081.18,327.57,2.614,-1.86,50.0,-0.97
11601.00,11488.81,20083.38,327.55,2.611,-1.71,50.0,-0.96
11602.00,11487.41,20085.58,327.54,2.609,-1.71,50.0,-0.95
11603.00,11486.01,20087.78,327.52,2.607,-1.71,50.0,-0.93
11604.00,11484.62,20089.98,327.51,2.605,-1.56,50.0,-0.92
11605.00,11483.22,20092.17,327.49,2.603,-1.56,50.0,-0.91
11606.00,11481.82,20094.37,327.48,2.601,-1.56,50.0,-0.89
11607.00,11480.42,20096.56,327.46,2.599,-1.42,50.0,-0.88
11608.00,11479.03,20098.75,327.45,2.597,-1.42,50.0,-0.87
11609.00,11477.63,20100.93,327.43,2.595,-1.42,50.0,-0.86
11610.00,11476.23,20103.12,327.42,2.593,-1.29,50.0,-0.84
11611.00,11474.84,20105.30,327.40,2.591,-1.29,50.0,-0.83
11612.00,11473.44,20107.48,327.39,2.589,-1.29,50.0,-0.82
11613.00,11472.05,20109.66,327.38,2.587,-1.16,50.0,-0.80
11614.00,11470.66,20111.84,327.36,2.586,-1.16,50.0,-0.79
11615.00,11469.26,20114.02,327.35,2.584,-1.16,50.0,-0.77
11616.00,11467.87,20116.19,327.34,2.582,-1.03,50.0,-0.76
11617.00,11466.48,20118.36,327.33,2.581,-1.03,50.0,-0.75
11618.00,11465.08,20120.53,327.31,2.579,-1.03,50.0,-0.73
11619.00,11463.69,20122.70,327.30,2.577,-0.92,50.0,-0.72
11620.00,11462.30,20124.87,327.29,2.576,-0.92,50.0,-0.71
11621.00,11460.91,20127.04,327.28,2.574,-0.92,50.0,-0.69
11622.00,11459.52,20129.20,327.27,2.573,-0.81,50.0,-0.68
11623.00,11458.13,20131.37,327.26,2.571,-0.81,50.0,-0.67
11624.00,11456.74,20133.53,327.24,2.570,-0.81,50.0,-0.65
11625.00,11455.35,20135.69,327.23,2.569,-0.70,50.0,-0.64
11626.00,11453.96,20137.85,327.22,2.567,-0.70,50.0,-0.63
11627.00,11452.57,20140.00,327.21,2.566,-0.70,50.0,-0.61
11628.00,11451.18,20142.16,327.20,2.565,-0.60,50.0,-0.60
11629.00,11449.79,20144.31,327.19,2.563,-0.60,50.0,-0.59
11630.00,11448.40,20146.47,327.18,2.562,-0.60,50.0,-0.57
11631.00,11447.02,20148.62,327.17,2.561,-0.51,50.0,-0.56
11632.00,11445.63,20150.77,327.17,2.560,-0.51,50.0,-0.55
11633.00,11444.24,20152.92,327.16,2.558,-0.51,50.0,-0.54
11634.00,11442.86,20155.07,327.15,2.557,-0.42,50.0,-0.52
11635.00,11441.47,20157.22,327.14,2.556,-0.42,50.0,-0.51
11636.00,11440.08,20159.36,327.13,2.555,-0.42,50.0,-0.50
11637.00,11438.70,20161.51,327.12,2.554,-0.34,50.0,-0.48
11638.00,11437.31,20163.65,327.12,2.553,-0.34,50.0,-0.47
11639.00,11435.93,20165.79,327.11,2.552,-0.34,50.0,-0.46
11640.00,11434.54,20167.93,327.10,2.551,-0.26,50.0,-0.45
11641.00,11433.16,20170.08,327.09,2.550,-0.26,50.0,-0.44
11642.00,11431.77,20172.22,327.09,2.549,-0.26,50.0,-0.43
11643.00,11430.39,20174.35,327.08,2.548,-0.19,50.0,-0.41
11644.00,11429.00,20176.49,327.07,2.547,-0.19,50.0,-0.40
11645.00,11427.62,20178.63,327.07,2.546,-0.19,50.0,-0.39
11646.00,11426.23,20180.76,327.06,2.545,-0.13,50.0,-0.38
11647.00,11424.85,20182.90,327.05,2.544,-0.13,50.0,-0.37
11648.00,11423.47,20185.03,327.05,2.543,-0.13,50.0,-0.36
11649.00,11422.09,20187.17,327.04,2.542,-0.07,50.0,-0.35
11650.00,11420.70,20189.30,327.04,2.541,-0.07,50.0,-0.33
11651.00,11419.32,20191.43,327.03,2.541,-0.07,50.0,-0.32
11652.00,11417.94,20193.56,327.03,2.540,-0.01,50.0,-0.31
11653.00,11416.56,20195.69,327.02,2.539,-0.01,50.0,-0.30
11654.00,11415.17,20197.82,327.02,2.538,-0.01,50.0,-0.29
11655.00,11413.79,20199.95,327.01,2.537,0.04,50.0,-0.28
11656.00,11412.41,20202.08,327.01,2.537,0.04,50.0,-0.27
11657.00,11411.03,20204.20,327.00,2.536,0.04,50.0,-0.26
11658.00,11409.65,20206.33,327.00,2.535,0.09,50.0,-0.25
11659.00,11408.27,20208.46,326.99,2.535,0.09,50.0,-0.24
11660.00,11406.89,20210.58,326.99,2.534,0.09,50.0,-0.24
11661.00,11405.51,20212.70,326.99,2.533,0.13,50.0,-0.23
11662.00,11404.13,20214.83,326.98,2.532,0.13,50.0,-0.22
11663.00,11402.75,20216.95,326.98,2.532,0.13,50.0,-0.21
11664.00,11401.37,20219.07,326.98,2.531,0.17,50.0,-0.20
11665.00,11399.99,20221.20,326.97,2.531,0.17,50.0,-0.19
11666.00,11398.61,20223.32,326.97,2.530,0.17,50.0,-0.18
11667.00,11397.23,20225.44,326.97,2.529,0.20,50.0,-0.17
11668.00,11395.86,20227.56,326.96,2.529,0.20,50.0,-0.17
11669.00,11394.48,20229.68,326.96,2.528,0.20,50.0,-0.16
11670.00,11393.10,20231.80,326.96,2.528,0.23,50.0,-0.15
11671.00,11391.72,20233.91,326.96,2.527,0.23,50.0,-0.14
11672.00,11390.34,20236.03,326.95,2.527,0.23,50.0,-0.14
11673.00,11388.97,20238.15,326.95,2.526,0.26,50.0,-0.13
11674.00,11387.59,20240.27,326.95,2.525,0.26,50.0,-0.12
11675.00,11386.21,20242.38,326.95,2.525,0.26,50.0,-0.11
11676.00,11384.83,20244.50,326.95,2.524,0.28,50.0,-0.11
11677.00,11383.46,20246.61,326.94,2.524,0.28,50.0,-0.10
11678.00,11382.08,20248.73,326.94,2.524,0.28,50.0,-0.09
11679.00,11380.71,20250.84,326.94,2.523,0.30,50.0,-0.09
11680.00,11379.33,20252.96,326.94,2.523,0.30,50.0,-0.08
11681.00,11377.95,20255.07,326.94,2.522,0.30,50.0,-0.07
11682.00,11376.58,20257.18,326.94,2.522,0.32,50.0,-0.07
11683.00,11375.20,20259.30,326.94,2.521,0.32,50.0,-0.06
11684.00,11373.83,20261.41,326.94,2.521,0.32,50.0,-0.06
11685.00,11372.45,20263.52,326.93,2.520,0.34,50.0,-0.05
11686.00,11371.08,20265.63,326.93,2.520,0.34,50.0,-0.05
11687.00,11369.70,20267.75,326.93,2.520,0.34,50.0,-0.04
11688.00,11368.33,20269.86,326.93,2.519,0.35,50.0,-0.03
11689.00,11366.95,20271.97,326.93,2.519,0.35,50.0,-0.03
11690.00,11365.58,20274.08,326.93,2.518,0.35,50.0,-0.02
11691.00,11364.21,20276.19,326.93,2.518,0.36,50.0,-0.02
11692.00,11362.83,20278.30,326.93,2.518,0.36,50.0,-0.01
11693.00,11361.46,20280.41,326.93,2.517,0.36,50.0,-0.01
11694.00,11360.08,20282.52,326.93,2.517,0.37,50.0,-0.01
11695.00,11358.71,20284.63,326.93,2.517,0.37,50.0,-0.00
11696.00,11357.34,20286.73,326.93,2.516,0.37,50.0,0.00
11697.00,11355.97,20288.84,326.93,2.516,0.37,50.0,0.01
11698.00,11354.59,20290.95,326.93,2.516,0.37,50.0,0.01
11699.00,11353.22,20293.06,326.93,2.515,0.37,50.0,0.02
11700.00,11351.85,20295.17,326.93,2.515,0.38,50.0,0.02
11701.00,11350.48,20297.27,326.93,2.515,0.38,50.0,0.02
11702.00,11349.10,20299.38,326.93,2.514,0.38,50.0,0.03
11703.00,11347.73,20301.49,326.93,2.514,0.38,50.0,0.03
11704.00,11346.36,20303.60,326.93,2.514,0.38,50.0,0.03
11705.00,11344.99,20305.70,326.93,2.514,0.38,50.0,0.04
11706.00,11343.62,20307.81,326.93,2.513,0.38,50.0,0.04
11707.00,11342.25,20309.91,326.94,2.513,0.38,50.0,0.04
11708.00,11340.88,20312.02,326.94,2.513,0.38,50.0,0.05
11709.00,11339.50,20314.13,326.94,2.513,0.38,50.0,0.05
11710.00,11338.13,20316.23,326.94,2.512,0.38,50.0,0.05
11711.00,11336.76,20318.34,326.94,2.512,0.38,50.0,0.05
11712.00,11335.39,20320.44,326.94,2.512,0.38,50.0,0.06
11713.00,11334.02,20322.55,326.94,2.512,0.38,50.0,0.06
11714.00,11332.65,20324.65,326.94,2.511,0.38,50.0,0.06
11715.00,11331.28,20326.76,326.94,2.511,0.38,50.0,0.06
11716.00,11329.91,20328.86,326.94,2.511,0.38,50.0,0.07
11717.00,11328.54,20330.97,326.94,2.511,0.38,50.0,0.07
11718.00,11327.18,20333.07,326.95,2.510,0.37,50.0,0.07
11719.00,11325.81,20335.17,326.95,2.510,0.37,50.0,0.07
11720.00,11324.44,20337.28,326.95,2.510,0.37,50.0,0.07
11721.00,11323.07,20339.38,326.95,2.510,0.37,50.0,0.08
11722.00,11321.70,20341.48,326.95,2.510,0.37,50.0,0.08
11723.00,11320.33,20343.59,326.95,2.509,0.37,50.0,0.08
11724.00,11318.96,20345.69,326.95,2.509,0.36,50.0,0.08
11725.00,11317.59,20347.79,326.96,2.509,0.36,50.0,0.08
11726.00,11316.23,20349.90,326.96,2.509,0.36,50.0,0.08
11727.00,11314.86,20352.00,326.96,2.509,0.36,50.0,0.08
11728.00,11313.49,20354.10,326.96,2.509,0.36,50.0,0.09
11729.00,11312.12,20356.21,326.96,2.508,0.36,50.0,0.09
11730.00,11310.76,20358.31,326.96,2.508,0.35,50.0,0.09
11731.00,11309.39,20360.41,326.96,2.508,0.35,50.0,0.09
11732.00,11308.02,20362.51,326.97,2.508,0.35,50.0,0.09
11733.00,11306.65,20364.62,326.97,2.508,0.34,50.0,0.09
11734.00,11305.29,20366.72,326.97,2.508,0.34,50.0,0.09
11735.00,11303.92,20368.82,326.97,2.507,0.34,50.0,0.09
11736.00,11302.55,20370.92,326.97,2.507,0.33,50.0,0.09
11737.00,11301.19,20373.02,326.97,2.507,0.33,50.0,0.09
11738.00,11299.82,20375.13,326.97,2.507,0.33,50.0,0.09
11739.00,11298.45,20377.23,326.98,2.507,0.33,50.0,0.10
11740.00,11297.09,20379.33,326.98,2.507,0.33,50.0,0.10
11741.00,11295.72,20381.43,326.98,2.507,0.33,50.0,0.10
11742.00,11294.36,20383.53,326.98,2.506,0.32,50.0,0.10
11743.00,11292.99,20385.63,326.98,2.506,0.32,50.0,0.10
11744.00,11291.62,20387.74,326.98,2.506,0.32,50.0,0.10
11745.00,11290.26,20389.84,326.99,2.506,0.31,50.0,0.10
11746.00,11288.89,20391.94,326.99,2.506,0.31,50.0,0.10
11747.00,11287.53,20394.04,326.99,2.506,0.31,50.0,0.10
11748.00,11286.16,20396.14,326.99,2.506,0.30,50.0,0.10
11749.00,11284.80,20398.24,326.99,2.506,0.30,50.0,0.10
11750.00,11283.43,20400.34,326.99,2.505,0.30,50.0,0.10
11751.00,11282.07,20402.44,327.00,2.505,0.29,50.0,0.10
11752.00,11280.70,20404.55,327.00,2.505,0.29,50.0,0.10
11753.00,11279.34,20406.65,327.00,2.505,0.29,50.0,0.10
11754.00,11277.98,20408.75,327.00,2.505,0.28,50.0,0.10
11755.00,11276.61,20410.85,327.00,2.505,0.28,50.0,0.10
11756.00,11275.25,20412.95,327.00,2.505,0.28,50.0,0.10
11757.00,11273.88,20415.05,327.01,2.505,0.27,50.0,0.10
11758.00,11272.52,20417.15,327.01,2.505,0.27,50.0,0.10
11759.00,11271.15,20419.25,327.01,2.505,0.27,50.0,0.10
11760.00,11269.79,20421.35,327.01,2.504,0.27,50.0,0.10
11761.00,11268.43,20423.45,327.01,2.504,0.27,50.0,0.10
11762.00,11267.06,20425.55,327.01,2.504,0.27,50.0,0.10
11763.00,11265.70,20427.65,327.02,2.504,0.26,50.0,0.10
11764.00,11264.34,20429.75,327.02,2.504,0.26,50.0,0.10
11765.00,11262.97,20431.85,327.02,2.504,0.26,50.0,0.10
11766.00,11261.61,20433.95,327.02,2.504,0.25,50.0,0.10
11767.00,11260.25,20436.06,327.02,2.504,0.25,50.0,0.10
11768.00,11258.89,20438.16,327.02,2.504,0.25,50.0,0.10
11769.00,11257.52,20440.26,327.02,2.504,0.24,50.0,0.10
11770.00,11256.16,20442.36,327.03,2.504,0.24,50.0,0.09
11771.00,11254.80,20444.46,327.03,2.504,0.24,50.0,0.09
11772.00,11253.43,20446.56,327.03,2.504,0.23,50.0,0.09
11773.00,11252.07,20448.66,327.03,2.503,0.23,50.0,0.09
11774.00,11250.71,20450.76,327.03,2.503,0.23,50.0,0.09
11775.00,11249.35,20452.86,327.03,2.503,0.22,50.0,0.09
11776.00,11247.99,20454.96,327.04,2.503,0.22,50.0,0.09
11777.00,11246.62,20457.06,327.04,2.503,0.22,50.0,0.09
11778.00,11245.26,20459.16,327.04,2.503,0.22,50.0,0.09
11779.00,11243.90,20461.26,327.04,2.503,0.22,50.0,0.09
11780.00,11242.54,20463.36,327.04,2.503,0.22,50.0,0.09
11781.00,11241.18,20465.46,327.04,2.503,0.21,50.0,0.09
11782.00,11239.81,20467.56,327.04,2.503,0.21,50.0,0.09
11783.00,11238.45,20469.66,327.05,2.503,0.21,50.0,0.09
11784.00,11237.09,20471.76,327.05,2.503,0.20,50.0,0.09
11785.00,11235.73,20473.86,327.05,2.503,0.20,50.0,0.09
11786.00,11234.37,20475.96,327.05,2.503,0.20,50.0,0.09
11787.00,11233.01,20478.06,327.05,2.503,0.19,50.0,0.09
11788.00,11231.65,20480.16,327.05,2.503,0.19,50.0,0.08
11789.00,11230.29,20482.26,327.05,2.502,0.19,50.0,0.08
11790.00,11228.93,20484.36,327.06,2.502,0.19,50.0,0.08
11791.00,11227.56,20486.46,327.06,2.502,0.19,50.0,0.08
11792.00,11226.20,20488.56,327.06,2.502,0.19,50.0,0.08
11793.00,11224.84,20490.66,327.06,2.502,0.18,50.0,0.08
11794.00,11223.48,20492.76,327.06,2.502,0.18,50.0,0.08
11795.00,11222.12,20494.86,327.06,2.502,0.18,50.0,0.08
11796.00,11220.76,20496.96,327.06,2.502,0.17,50.0,0.08
11797.00,11219.40,20499.06,327.07,2.502,0.17,50.0,0.08
11798.00,11218.04,20501.16,327.07,2.502,0.17,50.0,0.08
11799.00,11216.68,20503.26,327.07,2.502,0.17,50.0,0.08
11800.00,11215.32,20505.36,327.07,2.502,0.17,50.0,0.08
11801.00,11213.96,20507.46,327.07,2.502,0.17,50.0,0.08
11802.00,11212.60,20509.56,327.07,2.502,0.16,50.0,0.08
11803.00,11211.24,20511.66,327.07,2.502,0.16,50.0,0.07
11804.00,11209.88,20513.76,327.07,2.502,0.16,50.0,0.07
11805.00,11208.52,20515.86,327.08,2.502,0.16,50.0,0.07
11806.00,11207.16,20517.96,327.08,2.502,0.16,50.0,0.07
11807.00,11205.80,20520.06,327.08,2.502,0.16,50.0,0.07
11808.00,11204.44,20522.16,327.08,2.502,0.15,50.0,0.07
11809.00,11203.08,20524.26,327.08,2.502,0.15,50.0,0.07
11810.00,11201.72,20526.36,327.08,2.502,0.15,50.0,0.07
11811.00,11200.36,20528.46,327.08,2.502,0.15,50.0,0.07
11812.00,11199.00,20530.56,327.08,2.502,0.15,50.0,0.07
11813.00,11197.64,20532.66,327.09,2.502,0.15,50.0,0.07
11814.00,11196.28,20534.76,327.09,2.502,0.14,50.0,0.07
11815.00,11194.93,20536.86,327.09,2.501,0.14,50.0,0.07
11816.00,11193.57,20538.96,327.09,2.501,0.14,50.0,0.07
11817.00,11192.21,20541.06,327.09,2.501,0.14,50.0,0.07
11818.00,11190.85,20543.16,327.09,2.501,0.14,50.0,0.07
11819.00,11189.49,20545.26,327.09,2.501,0.14,50.0,0.06
11820.00,11188.13,20547.36,327.09,2.501,0.13,50.0,0.06
11821.00,11186.77,20549.46,327.09,2.501,0.13,50.0,0.06
11822.00,11185.41,20551.56,327.10,2.501,0.13,50.0,0.06
11823.00,11184.05,20553.66,327.10,2.501,0.13,50.0,0.06
11824.00,11182.69,20555.76,327.10,2.501,0.13,50.0,0.06
11825.00,11181.34,20557.86,327.10,2.501,0.13,50.0,0.06
11826.00,11179.98,20559.96,327.10,2.501,0.13,50.0,0.06
11827.00,11178.62,20562.06,327.10,2.501,0.13,50.0,0.06
11828.00,11177.26,20564.16,327.10,2.501,0.13,50.0,0.06
11829.00,11175.90,20566.26,327.10,2.501,0.12,50.0,0.06
11830.00,11174.54,20568.36,327.10,2.501,0.12,50.0,0.06
11831.00,11173.18,20570.46,327.10,2.501,0.12,50.0,0.06
11832.00,11171.83,20572.56,327.10,2.501,0.12,50.0,0.06
11833.00,11170.47,20574.66,327.11,2.501,0.12,50.0,0.06
11834.00,11169.11,20576.76,327.11,2.501,0.12,50.0,0.06
11835.00,11167.75,20578.86,327.11,2.501,0.12,50.0,0.06
11836.00,11166.39,20580.96,327.11,2.501,0.12,50.0,0.06
11837.00,11165.04,20583.06,327.11,2.501,0.12,50.0,0.05
11838.00,11163.68,20585.16,327.11,2.501,0.12,50.0,0.05
11839.00,11162.32,20587.26,327.11,2.501,0.12,50.0,0.05
11840.00,11160.96,20589.36,327.11,2.501,0.12,50.0,0.05
11841.00,11159.60,20591.46,327.11,2.501,0.11,50.0,0.05
11842.00,11158.25,20593.56,327.11,2.501,0.11,50.0,0.05
11843.00,11156.89,20595.66,327.11,2.501,0.11,50.0,0.05
11844.00,11155.53,20597.76,327.12,2.501,0.11,50.0,0.05
11845.00,11154.17,20599.86,327.12,2.501,0.11,50.0,0.05
11846.00,11152.81,20601.96,327.12,2.501,0.11,50.0,0.05
11847.00,11151.46,20604.06,327.12,2.501,0.11,50.0,0.05
11848.00,11150.10,20606.16,327.12,2.501,0.11,50.0,0.05
11849.00,11148.74,20608.26,327.12,2.501,0.11,50.0,0.05
11850.00,11147.38,20610.36,327.12,2.501,0.11,50.0,0.05
11851.00,11146.03,20612.46,327.12,2.501,0.11,50.0,0.05
11852.00,11144.67,20614.56,327.12,2.501,0.11,50.0,0.05
11853.00,11143.31,20616.66,327.12,2.501,0.11,50.0,0.05
11854.00,11141.95,20618.76,327.12,2.501,0.11,50.0,0.05
11855.00,11140.60,20620.86,327.12,2.501,0.11,50.0,0.05
11856.00,11139.24,20622.96,327.13,2.501,0.11,50.0,0.05
11857.00,11137.88,20625.06,327.13,2.501,0.11,50.0,0.05
11858.00,11136.52,20627.16,327.13,2.501,0.11,50.0,0.05
11859.00,11135.17,20629.26,327.13,2.501,0.10,50.0,0.05
11860.00,11133.81,20631.36,327.13,2.501,0.10,50.0,0.05
11861.00,11132.45,20633.46,327.13,2.501,0.10,50.0,0.05
11862.00,11131.09,20635.56,327.13,2.501,0.10,50.0,0.04
11863.00,11129.74,20637.66,327.13,2.501,0.10,50.0,0.04
11864.00,11128.38,20639.76,327.13,2.501,0.10,50.0,0.04
11865.00,11127.02,20641.86,327.13,2.501,0.10,50.0,0.04
11866.00,11125.67,20643.96,327.13,2.501,0.10,50.0,0.04
11867.00,11124.31,20646.06,327.13,2.501,0.10,50.0,0.04
11868.00,11122.95,20648.16,327.13,2.501,0.10,50.0,0.04
11869.00,11121.60,20650.26,327.14,2.500,0.10,50.0,0.04
11870.00,11120.24,20652.36,327.14,2.500,0.10,50.0,0.04
11871.00,11118.88,20654.46,327.14,2.500,0.10,50.0,0.04
11872.00,11117.53,20656.57,327.14,2.500,0.10,50.0,0.04
11873.00,11116.17,20658.67,327.14,2.500,0.10,50.0,0.04
11874.00,11114.81,20660.77,327.14,2.500,0.10,50.0,0.04
11875.00,11113.45,20662.87,327.14,2.500,0.10,50.0,0.04
11876.00,11112.10,20664.97,327.14,2.500,0.10,50.0,0.04
11877.00,11110.74,20667.07,327.14,2.500,0.10,50.0,0.04
11878.00,11109.38,20669.17,327.14,2.500,0.10,50.0,0.04
11879.00,11108.03,20671.27,327.14,2.500,0.10,50.0,0.04
11880.00,11106.67,20673.37,327.14,2.500,0.10,50.0,0.04
11881.00,11105.31,20675.47,327.14,2.500,0.10,50.0,0.04
11882.00,11103.96,20677.57,327.14,2.500,0.10,50.0,0.04
11883.00,11102.60,20679.67,327.14,2.500,0.10,50.0,0.04
11884.00,11101.25,20681.77,327.15,2.500,0.10,50.0,0.04
11885.00,11099.89,20683.87,327.15,2.500,0.10,50.0,0.04
11886.00,11098.53,20685.97,327.15,2.500,0.10,50.0,0.04
11887.00,11097.18,20688.07,327.15,2.500,0.10,50.0,0.04
11888.00,11095.82,20690.17,327.15,2.500,0.10,50.0,0.04
11889.00,11094.46,20692.27,327.15,2.500,0.10,50.0,0.04
11890.00,11093.11,20694.37,327.15,2.500,0.10,50.0,0.04
11891.00,11091.75,20696.47,327.15,2.500,0.10,50.0,0.04
11892.00,11090.39,20698.57,327.15,2.500,0.10,50.0,0.04
11893.00,11089.04,20700.67,327.15,2.500,0.10,50.0,0.04
11894.00,11087.68,20702.77,327.15,2.500,0.10,50.0,0.04
11895.00,11086.33,20704.87,327.15,2.500,0.10,50.0,0.04
11896.00,11084.97,20706.98,327.15,2.500,0.10,50.0,0.04
11897.00,11083.61,20709.08,327.15,2.500,0.10,50.0,0.04
11898.00,11082.26,20711.18,327.15,2.500,0.10,50.0,0.04
11899.00,11080.90,20713.28,327.15,2.500,0.10,50.0,0.04
11900.00,11079.54,20715.38,327.16,2.500,0.10,50.0,0.04
11901.00,11078.19,20717.48,327.16,2.500,0.10,50.0,0.04
11902.00,11076.83,20719.58,327.16,2.500,0.10,50.0,0.04
11903.00,11075.48,20721.68,327.16,2.500,0.10,50.0,0.04
11904.00,11074.12,20723.78,327.16,2.500,0.10,50.0,0.04
11905.00,11072.77,20725.88,327.16,2.500,0.10,50.0,0.04
11906.00,11071.41,20727.98,327.16,2.500,0.10,50.0,0.04
11907.00,11070.05,20730.08,327.16,2.500,0.10,50.0,0.04
11908.00,11068.70,20732.18,327.16,2.500,0.10,50.0,0.04
11909.00,11067.34,20734.28,327.16,2.500,0.10,50.0,0.04
11910.00,11065.99,20736.38,327.16,2.500,0.10,50.0,0.04
11911.00,11064.63,20738.48,327.16,2.500,0.10,50.0,0.04
11912.00,11063.27,20740.59,327.16,2.500,0.10,50.0,0.04
11913.00,11061.92,20742.69,327.16,2.500,0.10,50.0,0.04
11914.00,11060.56,20744.79,327.16,2.500,0.10,50.0,0.04
11915.00,11059.21,20746.89,327.16,2.500,0.10,50.0,0.04
11916.00,11057.85,20748.99,327.17,2.500,0.10,50.0,0.04
11917.00,11056.50,20751.09,327.17,2.500,0.10,50.0,0.04
11918.00,11055.14,20753.19,327.17,2.500,0.10,50.0,0.04
11919.00,11053.78,20755.29,327.17,2.500,0.10,50.0,0.04
11920.00,11052.43,20757.39,327.17,2.500,0.10,50.0,0.04
11921.00,11051.07,20759.49,327.17,2.500,0.10,50.0,0.04
11922.00,11049.72,20761.59,327.17,2.500,0.10,50.0,0.04
11923.00,11048.36,20763.69,327.17,2.500,0.10,50.0,0.04
11924.00,11047.01,20765.79,327.17,2.500,0.10,50.0,0.04
11925.00,11045.65,20767.90,327.17,2.500,0.10,50.0,0.04
11926.00,11044.30,20770.00,327.17,2.500,0.10,50.0,0.04
11927.00,11042.94,20772.10,327.17,2.500,0.10,50.0,0.04
11928.00,11041.59,20774.20,327.17,2.500,0.10,50.0,0.04
11929.00,11040.23,20776.30,327.17,2.500,0.10,50.0,0.04
11930.00,11038.87,20778.40,327.17,2.500,0.10,50.0,0.04
11931.00,11037.52,20780.50,327.17,2.500,0.10,50.0,0.04
11932.00,11036.16,20782.60,327.17,2.500,0.10,50.0,0.04
11933.00,11034.81,20784.70,327.18,2.500,0.10,50.0,0.04
11934.00,11033.45,20786.80,327.18,2.500,0.10,50.0,0.04
11935.00,11032.10,20788.90,327.18,2.500,0.10,50.0,0.04
11936.00,11030.74,20791.01,327.18,2.500,0.10,50.0,0.04
11937.00,11029.39,20793.11,327.18,2.500,0.10,50.0,0.04
11938.00,11028.03,20795.21,327.18,2.500,0.10,50.0,0.04
11939.00,11026.68,20797.31,327.18,2.500,0.10,50.0,0.04
11940.00,11025.32,20799.41,327.18,2.500,0.10,50.0,0.04
11941.00,11023.97,20801.51,327.18,2.500,0.10,50.0,0.04
11942.00,11022.61,20803.61,327.18,2.500,0.10,50.0,0.04
11943.00,11021.26,20805.71,327.18,2.500,0.10,50.0,0.04
11944.00,11019.90,20807.81,327.18,2.500,0.10,50.0,0.04
11945.00,11018.55,20809.91,327.18,2.500,0.10,50.0,0.04
11946.00,11017.19,20812.02,327.18,2.500,0.10,50.0,0.04
11947.00,11015.84,20814.12,327.18,2.500,0.10,50.0,0.04
11948.00,11014.48,20816.22,327.18,2.500,0.10,50.0,0.04
11949.00,11013.13,20818.32,327.18,2.500,0.10,50.0,0.04
11950.00,11011.77,20820.42,327.19,2.500,0.10,50.0,0.04
11951.00,11010.42,20822.52,327.19,2.500,0.10,50.0,0.04
11952.00,11009.06,20824.62,327.19,2.500,0.10,50.0,0.04
11953.00,11007.71,20826.72,327.19,2.500,0.10,50.0,0.04
11954.00,11006.35,20828.82,327.19,2.500,0.10,50.0,0.04
11955.00,11005.00,20830.93,327.19,2.500,0.10,50.0,0.04
11956.00,11003.64,20833.03,327.19,2.500,0.10,50.0,0.04
11957.00,11002.29,20835.13,327.19,2.500,0.10,50.0,0.04
11958.00,11000.93,20837.23,327.19,2.500,0.10,50.0,0.04
11959.00,10999.58,20839.33,327.19,2.500,0.10,50.0,0.04
11960.00,10998.22,20841.43,327.19,2.500,0.10,50.0,0.04
11961.00,10996.87,20843.53,327.19,2.500,0.11,50.0,0.04
11962.00,10995.52,20845.63,327.19,2.500,0.11,50.0,0.04
11963.00,10994.16,20847.74,327.19,2.500,0.11,50.0,0.04
11964.00,10992.81,20849.84,327.19,2.500,0.11,50.0,0.04
11965.00,10991.45,20851.94,327.19,2.500,0.11,50.0,0.04
11966.00,10990.10,20854.04,327.19,2.500,0.11,50.0,0.04
11967.00,10988.74,20856.14,327.20,2.500,0.11,50.0,0.04
11968.00,10987.39,20858.24,327.20,2.500,0.11,50.0,0.04
11969.00,10986.03,20860.34,327.20,2.500,0.11,50.0,0.04
11970.00,10984.68,20862.45,327.20,2.500,0.11,50.0,0.04
11971.00,10983.33,20864.55,327.20,2.500,0.11,50.0,0.04
11972.00,10981.97,20866.65,327.20,2.500,0.11,50.0,0.04
11973.00,10980.62,20868.75,327.20,2.500,0.11,50.0,0.04
11974.00,10979.26,20870.85,327.20,2.500,0.11,50.0,0.04
11975.00,10977.91,20872.95,327.20,2.500,0.11,50.0,0.04
11976.00,10976.55,20875.05,327.20,2.500,0.11,50.0,0.04
11977.00,10975.20,20877.16,327.20,2.500,0.11,50.0,0.04
11978.00,10973.84,20879.26,327.20,2.500,0.11,50.0,0.04
11979.00,10972.49,20881.36,327.20,2.500,0.11,50.0,0.04
11980.00,10971.14,20883.46,327.20,2.500,0.11,50.0,0.04
11981.00,10969.78,20885.56,327.20,2.500,0.11,50.0,0.04
11982.00,10968.43,20887.66,327.20,2.500,0.11,50.0,0.04
11983.00,10967.07,20889.76,327.20,2.500,0.11,50.0,0.04
11984.00,10965.72,20891.87,327.21,2.500,0.11,50.0,0.04
11985.00,10964.37,20893.97,327.21,2.500,0.11,50.0,0.04
11986.00,10963.01,20896.07,327.21,2.500,0.11,50.0,0.04
11987.00,10961.66,20898.17,327.21,2.500,0.11,50.0,0.04
11988.00,10960.30,20900.27,327.21,2.500,0.11,50.0,0.04
11989.00,10958.95,20902.37,327.21,2.500,0.11,50.0,0.04
11990.00,10957.60,20904.48,327.21,2.500,0.11,50.0,0.04
11991.00,10956.24,20906.58,327.21,2.500,0.11,50.0,0.04
11992.00,10954.89,20908.68,327.21,2.500,0.11,50.0,0.04
11993.00,10953.53,20910.78,327.21,2.500,0.11,50.0,0.04
11994.00,10952.18,20912.88,327.21,2.500,0.11,50.0,0.04
11995.00,10950.83,20914.98,327.21,2.500,0.11,50.0,0.04
11996.00,10949.47,20917.09,327.21,2.500,0.11,50.0,0.04
11997.00,10948.12,20919.19,327.21,2.500,0.11,50.0,0.04
11998.00,10946.76,20921.29,327.21,2.500,0.11,50.0,0.04
11999.00,10945.41,20923.39,327.21,2.500,0.11,50.0,0.04
12000.00,10944.06,20925.49,327.22,2.500,0.11,50.0,0.04
12001.00,10942.70,20927.60,327.22,2.500,0.11,50.0,0.04
12002.00,10941.35,20929.70,327.22,2.500,0.11,50.0,0.04
12003.00,10940.00,20931.80,327.22,2.500,0.11,50.0,0.04
12004.00,10938.64,20933.90,327.22,2.500,0.11,50.0,0.04
12005.00,10937.29,20936.00,327.22,2.500,0.11,50.0,0.04
12006.00,10935.93,20938.10,327.22,2.500,0.11,50.0,0.04
12007.00,10934.58,20940.21,327.22,2.500,0.11,50.0,0.04
12008.00,10933.23,20942.31,327.22,2.500,0.11,50.0,0.04
12009.00,10931.87,20944.41,327.22,2.500,0.11,50.0,0.04
12010.00,10930.52,20946.51,327.22,2.500,0.11,50.0,0.04
12011.00,10929.17,20948.61,327.22,2.500,0.11,50.0,0.04
12012.00,10927.81,20950.72,327.22,2.500,0.11,50.0,0.04
12013.00,10926.46,20952.82,327.22,2.500,0.11,50.0,0.04
12014.00,10925.11,20954.92,327.22,2.500,0.11,50.0,0.04
12015.00,10923.75,20957.02,327.22,2.500,0.11,50.0,0.04
12016.00,10922.40,20959.12,327.22,2.500,0.11,50.0,0.04
12017.00,10921.05,20961.23,327.23,2.500,0.11,50.0,0.04
12018.00,10919.69,20963.33,327.23,2.500,0.11,50.0,0.04
12019.00,10918.34,20965.43,327.23,2.500,0.11,50.0,0.04
12020.00,10916.99,20967.53,327.23,2.500,0.11,50.0,0.04
12021.00,10915.63,20969.63,327.23,2.500,0.11,50.0,0.04
12022.00,10914.28,20971.74,327.23,2.500,0.11,50.0,0.04
12023.00,10912.93,20973.84,327.23,2.500,0.11,50.0,0.04
12024.00,10911.57,20975.94,327.23,2.500,0.11,50.0,0.04
12025.00,10910.22,20978.04,327.23,2.500,0.11,50.0,0.04
12026.00,10908.87,20980.14,327.23,2.500,0.11,50.0,0.04
12027.00,10907.51,20982.25,327.23,2.500,0.11,50.0,0.04
12028.00,10906.16,20984.35,327.23,2.500,0.11,50.0,0.04
12029.00,10904.81,20986.45,327.23,2.500,0.11,50.0,0.04
12030.00,10903.45,20988.55,327.23,2.500,0.11,50.0,0.04
12031.00,10902.10,20990.66,327.23,2.500,0.11,50.0,0.04
12032.00,10900.75,20992.76,327.23,2.500,0.11,50.0,0.04
12033.00,10899.40,20994.86,327.24,2.500,0.11,50.0,0.04
12034.00,10898.04,20996.96,327.24,2.500,0.11,50.0,0.04
12035.00,10896.69,20999.06,327.24,2.500,0.11,50.0,0.04
12036.00,10895.34,21001.17,327.24,2.500,0.11,50.0,0.04
12037.00,10893.98,21003.27,327.24,2.500,0.11,50.0,0.04
12038.00,10892.63,21005.37,327.24,2.500,0.11,50.0,0.04
12039.00,10891.28,21007.47,327.24,2.500,0.11,50.0,0.04
12040.00,10889.93,21009.58,327.24,2.500,0.11,50.0,0.04
12041.00,10888.57,21011.68,327.24,2.500,0.11,50.0,0.04
12042.00,10887.22,21013.78,327.24,2.500,0.11,50.0,0.04
12043.00,10885.87,21015.88,327.24,2.500,0.11,50.0,0.04
12044.00,10884.51,21017.99,327.24,2.500,0.11,50.0,0.04
12045.00,10883.16,21020.09,327.24,2.500,0.11,50.0,0.04
12046.00,10881.81,21022.19,327.24,2.500,0.11,50.0,0.04
12047.00,10880.46,21024.29,327.24,2.500,0.11,50.0,0.04
12048.00,10879.10,21026.40,327.24,2.500,0.11,50.0,0.04
12049.00,10877.75,21028.50,327.25,2.500,0.11,50.0,0.04
12050.00,10876.40,21030.60,327.25,2.500,0.11,50.0,0.04
12051.00,10875.05,21032.70,327.25,2.500,0.11,50.0,0.04
12052.00,10873.69,21034.81,327.25,2.500,0.11,50.0,0.04
12053.00,10872.34,21036.91,327.25,2.500,0.11,50.0,0.04
12054.00,10870.99,21039.01,327.25,2.500,0.11,50.0,0.04
12055.00,10869.64,21041.11,327.25,2.500,0.11,50.0,0.04
12056.00,10868.28,21043.22,327.25,2.500,0.11,50.0,0.04
12057.00,10866.93,21045.32,327.25,2.500,0.11,50.0,0.04
12058.00,10865.58,21047.42,327.25,2.500,0.11,50.0,0.04
12059.00,10864.23,21049.52,327.25,2.500,0.11,50.0,0.04
12060.00,10862.87,21051.63,327.25,2.500,0.11,50.0,0.04
12061.00,10861.52,21053.73,327.25,2.500,0.11,50.0,0.04
12062.00,10860.17,21055.83,327.25,2.500,0.11,50.0,0.04
12063.00,10858.82,21057.93,327.25,2.500,0.11,50.0,0.04
12064.00,10857.46,21060.04,327.25,2.500,0.11,50.0,0.04
12065.00,10856.11,21062.14,327.26,2.500,0.11,50.0,0.04
12066.00,10854.76,21064.24,327.26,2.500,0.11,50.0,0.04
12067.00,10853.41,21066.35,327.26,2.500,0.11,50.0,0.04
12068.00,10852.05,21068.45,327.26,2.500,0.11,50.0,0.04
12069.00,10850.70,21070.55,327.26,2.500,0.11,50.0,0.04
12070.00,10849.35,21072.65,327.26,2.500,0.11,50.0,0.04
12071.00,10848.00,21074.76,327.26,2.500,0.11,50.0,0.04
12072.00,10846.65,21076.86,327.26,2.500,0.11,50.0,0.04
12073.00,10845.29,21078.96,327.26,2.500,0.11,50.0,0.04
12074.00,10843.94,21081.06,327.26,2.500,0.11,50.0,0.04
12075.00,10842.59,21083.17,327.26,2.500,0.11,50.0,0.04
12076.00,10841.24,21085.27,327.26,2.500,0.11,50.0,0.04
12077.00,10839.89,21087.37,327.26,2.500,0.11,50.0,0.04
12078.00,10838.53,21089.48,327.26,2.500,0.11,50.0,0.04
12079.00,10837.18,21091.58,327.26,2.500,0.11,50.0,0.04
12080.00,10835.83,21093.68,327.26,2.500,0.11,50.0,0.04
12081.00,10834.48,21095.79,327.26,2.500,0.11,50.0,0.04
12082.00,10833.13,21097.89,327.27,2.500,0.11,50.0,0.04
12083.00,10831.77,21099.99,327.27,2.500,0.11,50.0,0.04
12084.00,10830.42,21102.09,327.27,2.500,0.11,50.0,0.04
12085.00,10829.07,21104.20,327.27,2.500,0.11,50.0,0.04
12086.00,10827.72,21106.30,327.27,2.500,0.11,50.0,0.04
12087.00,10826.37,21108.40,327.27,2.500,0.11,50.0,0.04
12088.00,10825.02,21110.51,327.27,2.500,0.11,50.0,0.04
12089.00,10823.66,21112.61,327.27,2.500,0.11,50.0,0.04
12090.00,10822.31,21114.71,327.27,2.500,0.11,50.0,0.04
12091.00,10820.96,21116.82,327.27,2.500,0.11,50.0,0.04
12092.00,10819.61,21118.92,327.27,2.500,0.11,50.0,0.04
12093.00,10818.26,21121.02,327.27,2.500,0.11,50.0,0.04
12094.00,10816.91,21123.12,327.27,2.500,0.11,50.0,0.04
12095.00,10815.55,21125.23,327.27,2.500,0.11,50.0,0.04
12096.00,10814.20,21127.33,327.27,2.500,0.11,50.0,0.04
12097.00,10812.85,21129.43,327.27,2.500,0.11,50.0,0.04
12098.00,10811.50,21131.54,327.28,2.500,0.11,50.0,0.04
12099.00,10810.15,21133.64,327.28,2.500,0.11,50.0,0.04
12100.00,10808.80,21135.74,327.28,2.500,0.11,50.0,0.04
12101.00,10807.44,21137.85,327.28,2.500,0.11,50.0,0.04
12102.00,10806.09,21139.95,327.28,2.500,0.11,50.0,0.04
12103.00,10804.74,21142.05,327.28,2.500,0.11,50.0,0.04
12104.00,10803.39,21144.16,327.28,2.500,0.11,50.0,0.04
12105.00,10802.04,21146.26,327.28,2.500,0.11,50.0,0.04
12106.00,10800.69,21148.36,327.28,2.500,0.11,50.0,0.04
12107.00,10799.34,21150.47,327.28,2.500,0.11,50.0,0.04
12108.00,10797.99,21152.57,327.28,2.500,0.11,50.0,0.04
12109.00,10796.63,21154.67,327.28,2.500,0.11,50.0,0.04
12110.00,10795.28,21156.78,327.28,2.500,0.11,50.0,0.04
12111.00,10793.93,21158.88,327.28,2.500,0.11,50.0,0.04
12112.00,10792.58,21160.98,327.28,2.500,0.11,50.0,0.04
12113.00,10791.23,21163.09,327.28,2.500,0.11,50.0,0.04
12114.00,10789.88,21165.19,327.29,2.500,0.11,50.0,0.04
12115.00,10788.53,21167.29,327.29,2.500,0.11,50.0,0.04
12116.00,10787.18,21169.40,327.29,2.500,0.11,50.0,0.04
12117.00,10785.82,21171.50,327.29,2.500,0.11,50.0,0.04
12118.00,10784.47,21173.60,327.29,2.500,0.11,50.0,0.04
12119.00,10783.12,21175.71,327.29,2.500,0.11,50.0,0.04
12120.00,10781.77,21177.81,327.29,2.500,0.11,50.0,0.04
12121.00,10780.42,21179.91,327.29,2.500,0.11,50.0,0.04
12122.00,10779.07,21182.02,327.29,2.500,0.11,50.0,0.04
12123.00,10777.72,21184.12,327.29,2.500,0.11,50.0,0.04
12124.00,10776.37,21186.23,327.29,2.500,0.11,50.0,0.04
12125.00,10775.02,21188.33,327.29,2.500,0.11,50.0,0.04
12126.00,10773.67,21190.43,327.29,2.500,0.11,50.0,0.04
12127.00,10772.31,21192.54,327.29,2.500,0.11,50.0,0.04
12128.00,10770.96,21194.64,327.29,2.500,0.11,50.0,0.04
12129.00,10769.61,21196.74,327.29,2.500,0.11,50.0,0.04
12130.00,10768.26,21198.85,327.30,2.500,0.11,50.0,0.04
12131.00,10766.91,21200.95,327.30,2.500,0.11,50.0,0.04
12132.00,10765.56,21203.05,327.30,2.500,0.11,50.0,0.04
12133.00,10764.21,21205.16,327.30,2.500,0.11,50.0,0.04
12134.00,10762.86,21207.26,327.30,2.500,0.11,50.0,0.04
12135.00,10761.51,21209.37,327.30,2.500,0.11,50.0,0.04
12136.00,10760.16,21211.47,327.30,2.500,0.11,50.0,0.04
12137.00,10758.81,21213.57,327.30,2.500,0.11,50.0,0.04
12138.00,10757.46,21215.68,327.30,2.500,0.11,50.0,0.04
12139.00,10756.11,21217.78,327.30,2.500,0.11,50.0,0.04
12140.00,10754.76,21219.88,327.30,2.500,0.11,50.0,0.04
12141.00,10753.40,21221.99,327.30,2.500,0.11,50.0,0.04
12142.00,10752.05,21224.09,327.30,2.500,0.11,50.0,0.04
12143.00,10750.70,21226.20,327.30,2.500,0.11,50.0,0.04
12144.00,10749.35,21228.30,327.30,2.500,0.11,50.0,0.04
12145.00,10748.00,21230.40,327.30,2.500,0.11,50.0,0.04
12146.00,10746.65,21232.51,327.30,2.500,0.11,50.0,0.04
12147.00,10745.30,21234.61,327.31,2.500,0.11,50.0,0.04
12148.00,10743.95,21236.71,327.31,2.500,0.11,50.0,0.04
12149.00,10742.60,21238.82,327.31,2.500,0.11,50.0,0.04
12150.00,10741.25,21240.92,327.31,2.500,0.11,50.0,0.04
12151.00,10739.90,21243.03,327.31,2.500,0.11,50.0,0.04
12152.00,10738.55,21245.13,327.31,2.500,0.11,50.0,0.04
12153.00,10737.20,21247.23,327.31,2.500,0.11,50.0,0.04
12154.00,10735.85,21249.34,327.31,2.500,0.11,50.0,0.04
12155.00,10734.50,21251.44,327.31,2.500,0.11,50.0,0.04
12156.00,10733.15,21253.55,327.31,2.500,0.11,50.0,0.04
12157.00,10731.80,21255.65,327.31,2.500,0.11,50.0,0.04
12158.00,10730.45,21257.75,327.31,2.500,0.11,50.0,0.04
12159.00,10729.10,21259.86,327.31,2.500,0.11,50.0,0.04
12160.00,10727.75,21261.96,327.31,2.500,0.11,50.0,0.04
12161.00,10726.40,21264.07,327.31,2.500,0.11,50.0,0.04
12162.00,10725.05,21266.17,327.31,2.500,0.11,50.0,0.04
12163.00,10723.70,21268.28,327.32,2.500,0.11,50.0,0.04
12164.00,10722.35,21270.38,327.32,2.500,0.11,50.0,0.04
12165.00,10721.00,21272.48,327.32,2.500,0.11,50.0,0.04
12166.00,10719.65,21274.59,327.32,2.500,0.11,50.0,0.04
12167.00,10718.30,21276.69,327.32,2.500,0.11,50.0,0.04
12168.00,10716.95,21278.80,327.32,2.500,0.11,50.0,0.04
12169.00,10715.60,21280.90,327.32,2.500,0.11,50.0,0.04
12170.00,10714.25,21283.00,327.32,2.500,0.11,50.0,0.04
12171.00,10712.90,21285.11,327.32,2.500,0.10,50.0,0.04
12172.00,10711.55,21287.21,327.32,2.500,0.10,50.0,0.04
12173.00,10710.20,21289.32,327.32,2.500,0.10,50.0,0.04
12174.00,10708.85,21291.42,327.32,2.500,0.10,50.0,0.04
12175.00,10707.50,21293.53,327.32,2.500,0.10,50.0,0.04
12176.00,10706.15,21295.63,327.32,2.500,0.10,50.0,0.04
12177.00,10704.80,21297.73,327.32,2.500,0.10,50.0,0.04
12178.00,10703.45,21299.84,327.32,2.500,0.10,50.0,0.04
12179.00,10702.10,21301.94,327.32,2.500,0.10,50.0,0.04
12180.00,10700.75,21304.05,327.33,2.500,0.10,50.0,0.04
12181.00,10699.40,21306.15,327.33,2.500,0.10,50.0,0.04
12182.00,10698.05,21308.26,327.33,2.500,0.10,50.0,0.04
12183.00,10696.70,21310.36,327.33,2.500,0.10,50.0,0.04
12184.00,10695.35,21312.47,327.33,2.500,0.10,50.0,0.04
12185.00,10694.00,21314.57,327.33,2.500,0.10,50.0,0.04
12186.00,10692.65,21316.67,327.33,2.500,0.10,50.0,0.04
12187.00,10691.30,21318.78,327.33,2.500,0.10,50.0,0.04
12188.00,10689.95,21320.88,327.33,2.500,0.10,50.0,0.04
12189.00,10688.60,21322.99,327.33,2.500,0.10,50.0,0.04
12190.00,10687.25,21325.09,327.33,2.500,0.10,50.0,0.04
12191.00,10685.91,21327.20,327.33,2.500,0.10,50.0,0.04
12192.00,10684.56,21329.30,327.33,2.500,0.10,50.0,0.04
12193.00,10683.21,21331.41,327.33,2.500,0.10,50.0,0.04
12194.00,10681.86,21333.51,327.33,2.500,0.10,50.0,0.04
12195.00,10680.51,21335.61,327.33,2.500,0.10,50.0,0.04
12196.00,10679.16,21337.72,327.33,2.500,0.10,50.0,0.04
12197.00,10677.81,21339.82,327.34,2.500,0.10,50.0,0.04
12198.00,10676.46,21341.93,327.34,2.500,0.10,50.0,0.04
12199.00,10675.11,21344.03,327.34,2.500,0.10,50.0,0.04
12200.00,10673.76,21346.14,327.34,2.500,0.10,50.0,0.04
12201.00,10672.41,21348.24,327.34,2.500,0.10,50.0,0.04
12202.00,10671.06,21350.35,327.34,2.500,0.10,50.0,0.04
12203.00,10669.71,21352.45,327.34,2.500,0.10,50.0,0.04
12204.00,10668.36,21354.56,327.34,2.500,0.10,50.0,0.04
12205.00,10667.02,21356.66,327.34,2.500,0.10,50.0,0.04
12206.00,10665.67,21358.77,327.34,2.500,0.10,50.0,0.04
12207.00,10664.32,21360.87,327.34,2.500,0.10,50.0,0.04
12208.00,10662.97,21362.98,327.34,2.500,0.10,50.0,0.04
12209.00,10661.62,21365.08,327.34,2.500,0.10,50.0,0.04
12210.00,10660.27,21367.18,327.34,2.500,0.10,50.0,0.04
12211.00,10658.92,21369.29,327.34,2.500,0.10,50.0,0.04
12212.00,10657.57,21371.39,327.34,2.500,0.10,50.0,0.04
12213.00,10656.22,21373.50,327.35,2.500,0.10,50.0,0.04
12214.00,10654.87,21375.60,327.35,2.500,0.10,50.0,0.04
12215.00,10653.52,21377.71,327.35,2.500,0.10,50.0,0.04
12216.00,10652.18,21379.81,327.35,2.500,0.10,50.0,0.04
12217.00,10650.83,21381.92,327.35,2.500,0.10,50.0,0.04
12218.00,10649.48,21384.02,327.35,2.500,0.10,50.0,0.04
12219.00,10648.13,21386.13,327.35,2.500,0.10,50.0,0.04
12220.00,10646.78,21388.23,327.35,2.500,0.10,50.0,0.04
12221.00,10645.43,21390.34,327.35,2.500,0.10,50.0,0.04
12222.00,10644.08,21392.44,327.35,2.500,0.10,50.0,0.04
12223.00,10642.73,21394.55,327.35,2.500,0.10,50.0,0.04
12224.00,10641.39,21396.65,327.35,2.500,0.10,50.0,0.04
12225.00,10640.04,21398.76,327.35,2.500,0.10,50.0,0.04
12226.00,10638.69,21400.86,327.35,2.500,0.10,50.0,0.04
12227.00,10637.34,21402.97,327.35,2.500,0.10,50.0,0.04
12228.00,10635.99,21405.07,327.35,2.500,0.10,50.0,0.04
12229.00,10634.64,21407.18,327.35,2.500,0.10,50.0,0.04
12230.00,10633.29,21409.28,327.36,2.500,0.10,50.0,0.04
12231.00,10631.95,21411.39,327.36,2.500,0.10,50.0,0.04
12232.00,10630.60,21413.49,327.36,2.500,0.10,50.0,0.04
12233.00,10629.25,21415.60,327.36,2.500,0.10,50.0,0.04
12234.00,10627.90,21417.70,327.36,2.500,0.10,50.0,0.04
12235.00,10626.55,21419.81,327.36,2.500,0.10,50.0,0.04
12236.00,10625.20,21421.91,327.36,2.500,0.10,50.0,0.04
12237.00,10623.85,21424.02,327.36,2.500,0.10,50.0,0.04
12238.00,10622.51,21426.12,327.36,2.500,0.10,50.0,0.04
12239.00,10621.16,21428.23,327.36,2.500,0.10,50.0,0.04
12240.00,10619.81,21430.33,327.36,2.500,0.10,50.0,0.04
12241.00,10618.46,21432.44,327.36,2.500,0.10,50.0,0.04
12242.00,10617.11,21434.55,327.36,2.500,0.10,50.0,0.04
12243.00,10615.76,21436.65,327.36,2.500,0.10,50.0,0.04
12244.00,10614.42,21438.76,327.36,2.500,0.10,50.0,0.04
12245.00,10613.07,21440.86,327.36,2.500,0.10,50.0,0.04
12246.00,10611.72,21442.97,327.36,2.500,0.10,50.0,0.04
12247.00,10610.37,21445.07,327.37,2.500,0.10,50.0,0.04
12248.00,10609.02,21447.18,327.37,2.500,0.10,50.0,0.04
12249.00,10607.67,21449.28,327.37,2.500,0.10,50.0,0.04
12250.00,10606.33,21451.39,327.37,2.500,0.10,50.0,0.04
12251.00,10604.98,21453.49,327.37,2.500,0.10,50.0,0.04
12252.00,10603.63,21455.60,327.37,2.500,0.10,50.0,0.04
12253.00,10602.28,21457.70,327.37,2.500,0.10,50.0,0.04
12254.00,10600.93,21459.81,327.37,2.500,0.10,50.0,0.04
12255.00,10599.59,21461.91,327.37,2.500,0.10,50.0,0.04
12256.00,10598.24,21464.02,327.37,2.500,0.10,50.0,0.04
12257.00,10596.89,21466.13,327.37,2.500,0.10,50.0,0.04
12258.00,10595.54,21468.23,327.37,2.500,0.10,50.0,0.04
12259.00,10594.19,21470.34,327.37,2.500,0.10,50.0,0.04
12260.00,10592.85,21472.44,327.37,2.500,0.10,50.0,0.04
12261.00,10591.50,21474.55,327.37,2.500,0.10,50.0,0.04
12262.00,10590.15,21476.65,327.37,2.500,0.10,50.0,0.04
12263.00,10588.80,21478.76,327.37,2.500,0.10,50.0,0.04
12264.00,10587.45,21480.86,327.38,2.500,0.10,50.0,0.04
12265.00,10586.11,21482.97,327.38,2.500,0.10,50.0,0.04
12266.00,10584.76,21485.08,327.38,2.500,0.10,50.0,0.04
12267.00,10583.41,21487.18,327.38,2.500,0.10,50.0,0.04
12268.00,10582.06,21489.29,327.38,2.500,0.10,50.0,0.04
12269.00,10580.72,21491.39,327.38,2.500,0.10,50.0,0.04
12270.00,10579.37,21493.50,327.38,2.500,0.10,50.0,0.04
12271.00,10578.02,21495.60,327.38,2.500,0.10,50.0,0.04
12272.00,10576.67,21497.71,327.38,2.500,0.10,50.0,0.04
12273.00,10575.32,21499.81,327.38,2.500,0.10,50.0,0.04
12274.00,10573.98,21501.92,327.38,2.500,0.10,50.0,0.04
12275.00,10572.63,21504.03,327.38,2.500,0.10,50.0,0.04
12276.00,10571.28,21506.13,327.38,2.500,0.10,50.0,0.04
12277.00,10569.93,21508.24,327.38,2.500,0.10,50.0,0.04
12278.00,10568.59,21510.34,327.38,2.500,0.10,50.0,0.04
12279.00,10567.24,21512.45,327.38,2.500,0.10,50.0,0.04
12280.00,10565.89,21514.55,327.38,2.500,0.10,50.0,0.04
12281.00,10564.54,21516.66,327.39,2.500,0.10,50.0,0.04
12282.00,10563.20,21518.77,327.39,2.500,0.10,50.0,0.04
12283.00,10561.85,21520.87,327.39,2.500,0.10,50.0,0.04
12284.00,10560.50,21522.98,327.39,2.500,0.10,50.0,0.04
12285.00,10559.15,21525.08,327.39,2.500,0.10,50.0,0.04
12286.00,10557.81,21527.19,327.39,2.500,0.10,50.0,0.04
12287.00,10556.46,21529.30,327.39,2.500,0.10,50.0,0.04
12288.00,10555.11,21531.40,327.39,2.500,0.10,50.0,0.04
12289.00,10553.77,21533.51,327.39,2.500,0.10,50.0,0.04
12290.00,10552.42,21535.61,327.39,2.500,0.10,50.0,0.04
12291.00,10551.07,21537.72,327.39,2.500,0.10,50.0,0.04
12292.00,10549.72,21539.82,327.39,2.500,0.10,50.0,0.04
12293.00,10548.38,21541.93,327.39,2.500,0.10,50.0,0.04
12294.00,10547.03,21544.04,327.39,2.500,0.10,50.0,0.04
12295.00,10545.68,21546.14,327.39,2.500,0.10,50.0,0.04
12296.00,10544.33,21548.25,327.39,2.500,0.10,50.0,0.04
12297.00,10542.99,21550.35,327.39,2.500,0.10,50.0,0.04
12298.00,10541.64,21552.46,327.40,2.500,0.10,50.0,0.04
12299.00,10540.29,21554.57,327.40,2.500,0.10,50.0,0.04
12300.00,10538.95,21556.67,327.40,2.500,0.10,50.0,0.04
12301.00,10537.60,21558.78,327.40,2.500,0.10,50.0,0.04
12302.00,10536.25,21560.88,327.40,2.500,0.10,50.0,0.04
12303.00,10534.91,21562.99,327.40,2.500,0.10,50.0,0.04
12304.00,10533.56,21565.10,327.40,2.500,0.10,50.0,0.04
12305.00,10532.21,21567.20,327.40,2.500,0.10,50.0,0.04
12306.00,10530.86,21569.31,327.40,2.500,0.10,50.0,0.04
12307.00,10529.52,21571.42,327.40,2.500,0.10,50.0,0.04
12308.00,10528.17,21573.52,327.40,2.500,0.10,50.0,0.04
12309.00,10526.82,21575.63,327.40,2.500,0.10,50.0,0.04
12310.00,10525.48,21577.73,327.40,2.500,0.10,50.0,0.04
12311.00,10524.13,21579.84,327.40,2.500,0.10,50.0,0.04
12312.00,10522.78,21581.95,327.40,2.500,0.10,50.0,0.04
12313.00,10521.44,21584.05,327.40,2.500,0.10,50.0,0.04
12314.00,10520.09,21586.16,327.40,2.500,0.10,50.0,0.04
12315.00,10518.74,21588.27,327.41,2.500,0.10,50.0,0.04
12316.00,10517.40,21590.37,327.41,2.500,0.10,50.0,0.04
12317.00,10516.05,21592.48,327.41,2.500,0.10,50.0,0.04
12318.00,10514.70,21594.58,327.41,2.500,0.10,50.0,0.04
12319.00,10513.36,21596.69,327.41,2.500,0.10,50.0,0.04
12320.00,10512.01,21598.80,327.41,2.500,0.10,50.0,0.04
12321.00,10510.66,21600.90,327.41,2.500,0.10,50.0,0.03
12322.00,10509.32,21603.01,327.41,2.500,0.10,50.0,0.03
12323.00,10507.97,21605.12,327.41,2.500,0.10,50.0,0.03
12324.00,10506.62,21607.22,327.41,2.500,0.10,50.0,0.03
12325.00,10505.28,21609.33,327.41,2.500,0.10,50.0,0.03
12326.00,10503.93,21611.43,327.41,2.500,0.10,50.0,0.03
12327.00,10502.58,21613.54,327.41,2.500,0.10,50.0,0.03
12328.00,10501.24,21615.65,327.41,2.500,0.10,50.0,0.03
12329.00,10499.89,21617.75,327.41,2.500,0.10,50.0,0.03
12330.00,10498.54,21619.86,327.41,2.500,0.10,50.0,0.03
12331.00,10497.20,21621.97,327.41,2.500,0.10,50.0,0.03
12332.00,10495.85,21624.07,327.42,2.500,0.10,50.0,0.03
12333.00,10494.51,21626.18,327.42,2.500,0.10,50.0,0.03
12334.00,10493.16,21628.29,327.42,2.500,0.10,50.0,0.03
12335.00,10491.81,21630.39,327.42,2.500,0.10,50.0,0.03
12336.00,10490.47,21632.50,327.42,2.500,0.10,50.0,0.03
12337.00,10489.12,21634.61,327.42,2.500,0.10,50.0,0.03
12338.00,10487.77,21636.71,327.42,2.500,0.10,50.0,0.03
12339.00,10486.43,21638.82,327.42,2.500,0.10,50.0,0.03
12340.00,10485.08,21640.93,327.42,2.500,0.10,50.0,0.03
12341.00,10483.74,21643.03,327.42,2.500,0.10,50.0,0.03
12342.00,10482.39,21645.14,327.42,2.500,0.10,50.0,0.03
12343.00,10481.04,21647.25,327.42,2.500,0.10,50.0,0.03
12344.00,10479.70,21649.35,327.42,2.500,0.10,50.0,0.03
12345.00,10478.35,21651.46,327.42,2.500,0.10,50.0,0.03
12346.00,10477.00,21653.57,327.42,2.500,0.10,50.0,0.03
12347.00,10475.66,21655.67,327.42,2.500,0.10,50.0,0.03
12348.00,10474.31,21657.78,327.42,2.500,0.10,50.0,0.03
12349.00,10472.97,21659.89,327.43,2.500,0.10,50.0,0.03
12350.00,10471.62,21661.99,327.43,2.500,0.10,50.0,0.03
12351.00,10470.27,21664.10,327.43,2.500,0.10,50.0,0.03
12352.00,10468.93,21666.21,327.43,2.500,0.10,50.0,0.03
12353.00,10467.58,21668.31,327.43,2.500,0.10,50.0,0.03
12354.00,10466.24,21670.42,327.43,2.500,0.10,50.0,0.03
12355.00,10464.89,21672.53,327.43,2.500,0.10,50.0,0.03
12356.00,10463.54,21674.63,327.43,2.500,0.10,50.0,0.03
12357.00,10462.20,21676.74,327.43,2.500,0.10,50.0,0.03
12358.00,10460.85,21678.85,327.43,2.500,0.10,50.0,0.03
12359.00,10459.51,21680.95,327.43,2.500,0.10,50.0,0.03
12360.00,10458.16,21683.06,327.43,2.500,0.10,50.0,0.03
12361.00,10456.82,21685.17,327.43,2.500,0.10,50.0,0.03
12362.00,10455.47,21687.27,327.43,2.500,0.10,50.0,0.03
12363.00,10454.12,21689.38,327.43,2.500,0.10,50.0,0.03
12364.00,10452.78,21691.49,327.43,2.500,0.10,50.0,0.03
12365.00,10451.43,21693.59,327.43,2.500,0.10,50.0,0.03
12366.00,10450.09,21695.70,327.44,2.500,0.10,50.0,0.03
12367.00,10448.74,21697.81,327.44,2.500,0.10,50.0,0.03
12368.00,10447.40,21699.92,327.44,2.500,0.10,50.0,0.03
12369.00,10446.05,21702.02,327.44,2.500,0.10,50.0,0.03
12370.00,10444.70,21704.13,327.44,2.500,0.10,50.0,0.03
12371.00,10443.36,21706.24,327.44,2.500,0.10,50.0,0.03
12372.00,10442.01,21708.34,327.44,2.500,0.10,50.0,0.03
12373.00,10440.67,21710.45,327.44,2.500,0.10,50.0,0.03
12374.00,10439.32,21712.56,327.44,2.500,0.10,50.0,0.03
12375.00,10437.98,21714.66,327.44,2.500,0.10,50.0,0.03
12376.00,10436.63,21716.77,327.44,2.500,0.10,50.0,0.03
12377.00,10435.29,21718.88,327.44,2.500,0.10,50.0,0.03
12378.00,10433.94,21720.99,327.44,2.500,0.10,50.0,0.03
12379.00,10432.60,21723.09,327.44,2.500,0.10,50.0,0.03
12380.00,10431.25,21725.20,327.44,2.500,0.10,50.0,0.03
12381.00,10429.90,21727.31,327.44,2.500,0.10,50.0,0.03
12382.00,10428.56,21729.41,327.44,2.500,0.10,50.0,0.03
12383.00,10427.21,21731.52,327.44,2.500,0.10,50.0,0.03
12384.00,10425.87,21733.63,327.45,2.500,0.10,50.0,0.03
12385.00,10424.52,21735.74,327.45,2.500,0.10,50.0,0.03
12386.00,10423.18,21737.84,327.45,2.500,0.10,50.0,0.03
12387.00,10421.83,21739.95,327.45,2.500,0.10,50.0,0.03
12388.00,10420.49,21742.06,327.45,2.500,0.10,50.0,0.03
12389.00,10419.14,21744.17,327.45,2.500,0.10,50.0,0.03
12390.00,10417.80,21746.27,327.45,2.500,0.10,50.0,0.03
12391.00,10416.45,21748.38,327.45,2.500,0.10,50.0,0.03
12392.00,10415.11,21750.49,327.45,2.500,0.10,50.0,0.03
12393.00,10413.76,21752.59,327.45,2.500,0.10,50.0,0.03
12394.00,10412.42,21754.70,327.45,2.500,0.10,50.0,0.03
12395.00,10411.07,21756.81,327.45,2.500,0.10,50.0,0.03
12396.00,10409.73,21758.92,327.45,2.500,0.10,50.0,0.03
12397.00,10408.38,21761.02,327.45,2.500,0.10,50.0,0.03
12398.00,10407.04,21763.13,327.45,2.500,0.10,50.0,0.03
12399.00,10405.69,21765.24,327.45,2.500,0.10,50.0,0.03
12400.00,10404.35,21767.35,327.45,2.500,0.10,50.0,0.03
12401.00,10403.00,21769.45,327.46,2.500,0.10,50.0,0.03
12402.00,10401.66,21771.56,327.46,2.500,0.10,50.0,0.03
12403.00,10400.31,21773.67,327.46,2.500,0.10,50.0,0.03
12404.00,10398.97,21775.78,327.46,2.500,0.10,50.0,0.03
12405.00,10397.62,21777.88,327.46,2.500,0.10,50.0,0.03
12406.00,10396.28,21779.99,327.46,2.500,0.10,50.0,0.03
12407.00,10394.93,21782.10,327.46,2.500,0.10,50.0,0.03
12408.00,10393.59,21784.21,327.46,2.500,0.10,50.0,0.03
12409.00,10392.24,21786.31,327.46,2.500,0.10,50.0,0.03
12410.00,10390.90,21788.42,327.46,2.500,0.10,50.0,0.03
12411.00,10389.55,21790.53,327.46,2.500,0.10,50.0,0.03
12412.00,10388.21,21792.64,327.46,2.500,0.10,50.0,0.03
12413.00,10386.87,21794.74,327.46,2.500,0.10,50.0,0.03
12414.00,10385.52,21796.85,327.46,2.500,0.10,50.0,0.03
12415.00,10384.18,21798.96,327.46,2.500,0.10,50.0,0.03
12416.00,10382.83,21801.07,327.46,2.500,0.10,50.0,0.03
12417.00,10381.49,21803.17,327.46,2.500,0.10,50.0,0.03
12418.00,10380.14,21805.28,327.46,2.500,0.10,50.0,0.03
12419.00,10378.80,21807.39,327.47,2.500,0.10,50.0,0.03
12420.00,10377.45,21809.50,327.47,2.500,0.10,50.0,0.03
12421.00,10376.11,21811.60,327.47,2.500,0.10,50.0,0.03
12422.00,10374.76,21813.71,327.47,2.500,0.10,50.0,0.03
12423.00,10373.42,21815.82,327.47,2.500,0.10,50.0,0.03
12424.00,10372.08,21817.93,327.47,2.500,0.10,50.0,0.03
12425.00,10370.73,21820.04,327.47,2.500,0.10,50.0,0.03
12426.00,10369.39,21822.14,327.47,2.500,0.10,50.0,0.03
12427.00,10368.04,21824.25,327.47,2.500,0.10,50.0,0.03
12428.00,10366.70,21826.36,327.47,2.500,0.10,50.0,0.03
12429.00,10365.35,21828.47,327.47,2.500,0.10,50.0,0.03
12430.00,10364.01,21830.57,327.47,2.500,0.10,50.0,0.03
12431.00,10362.66,21832.68,327.47,2.500,0.10,50.0,0.03
12432.00,10361.32,21834.79,327.47,2.500,0.10,50.0,0.03
12433.00,10359.98,21836.90,327.47,2.500,0.10,50.0,0.03
12434.00,10358.63,21839.01,327.47,2.500,0.10,50.0,0.03
12435.00,10357.29,21841.11,327.47,2.500,0.10,50.0,0.03
12436.00,10355.94,21843.22,327.48,2.500,0.10,50.0,0.03
12437.00,10354.60,21845.33,327.48,2.500,0.10,50.0,0.03
12438.00,10353.26,21847.44,327.48,2.500,0.10,50.0,0.03
12439.00,10351.91,21849.54,327.48,2.500,0.10,50.0,0.03
12440.00,10350.57,21851.65,327.48,2.500,0.10,50.0,0.03
12441.00,10349.22,21853.76,327.48,2.500,0.10,50.0,0.03
12442.00,10347.88,21855.87,327.48,2.500,0.10,50.0,0.03
12443.00,10346.53,21857.98,327.48,2.500,0.10,50.0,0.03
12444.00,10345.19,21860.08,327.48,2.500,0.10,50.0,0.03
12445.00,10343.85,21862.19,327.48,2.500,0.10,50.0,0.03
12446.00,10342.50,21864.30,327.48,2.500,0.10,50.0,0.03
12447.00,10341.16,21866.41,327.48,2.500,0.10,50.0,0.03
12448.00,10339.81,21868.52,327.48,2.500,0.10,50.0,0.03
12449.00,10338.47,21870.62,327.48,2.500,0.10,50.0,0.03
12450.00,10337.13,21872.73,327.48,2.500,0.10,50.0,0.03
12451.00,10335.78,21874.84,327.48,2.500,0.10,50.0,0.03
12452.00,10334.44,21876.95,327.48,2.500,0.10,50.0,0.03
12453.00,10333.10,21879.06,327.48,2.500,0.10,50.0,0.03
12454.00,10331.75,21881.17,327.49,2.500,0.10,50.0,0.03
12455.00,10330.41,21883.27,327.49,2.500,0.10,50.0,0.03
12456.00,10329.06,21885.38,327.49,2.500,0.10,50.0,0.03
12457.00,10327.72,21887.49,327.49,2.500,0.10,50.0,0.03
12458.00,10326.38,21889.60,327.49,2.500,0.10,50.0,0.03
12459.00,10325.03,21891.71,327.49,2.500,0.10,50.0,0.03
12460.00,10323.69,21893.81,327.49,2.500,0.10,50.0,0.03
12461.00,10322.35,21895.92,327.49,2.500,0.10,50.0,0.03
12462.00,10321.00,21898.03,327.49,2.500,0.10,50.0,0.03
12463.00,10319.66,21900.14,327.49,2.500,0.10,50.0,0.03
12464.00,10318.31,21902.25,327.49,2.500,0.10,50.0,0.03
12465.00,10316.97,21904.36,327.49,2.500,0.10,50.0,0.03
12466.00,10315.63,21906.46,327.49,2.500,0.10,50.0,0.03
12467.00,10314.28,21908.57,327.49,2.500,0.10,50.0,0.03
12468.00,10312.94,21910.68,327.49,2.500,0.10,50.0,0.03
12469.00,10311.60,21912.79,327.49,2.500,0.10,50.0,0.03
12470.00,10310.25,21914.90,327.49,2.500,0.10,50.0,0.03
12471.00,10308.91,21917.01,327.49,2.500,0.10,50.0,0.03
12472.00,10307.57,21919.11,327.50,2.500,0.10,50.0,0.03
12473.00,10306.22,21921.22,327.50,2.500,0.10,50.0,0.03
12474.00,10304.88,21923.33,327.50,2.500,0.10,50.0,0.03
12475.00,10303.54,21925.44,327.50,2.500,0.10,50.0,0.03
12476.00,10302.19,21927.55,327.50,2.500,0.10,50.0,0.03
12477.00,10300.85,21929.66,327.50,2.500,0.10,50.0,0.03
12478.00,10299.51,21931.76,327.50,2.500,0.10,50.0,0.03
12479.00,10298.16,21933.87,327.50,2.500,0.10,50.0,0.03
12480.00,10296.82,21935.98,327.50,2.500,0.10,50.0,0.03
12481.00,10295.48,21938.09,327.50,2.500,0.10,50.0,0.03
12482.00,10294.13,21940.20,327.50,2.500,0.10,50.0,0.03
12483.00,10292.79,21942.31,327.50,2.500,0.10,50.0,0.03
12484.00,10291.45,21944.42,327.50,2.500,0.10,50.0,0.03
12485.00,10290.10,21946.52,327.50,2.500,0.10,50.0,0.03
12486.00,10288.76,21948.63,327.50,2.500,0.10,50.0,0.03
12487.00,10287.42,21950.74,327.50,2.500,0.10,50.0,0.03
12488.00,10286.07,21952.85,327.50,2.500,0.10,50.0,0.03
12489.00,10284.73,21954.96,327.51,2.500,0.10,50.0,0.03
12490.00,10283.39,21957.07,327.51,2.500,0.10,50.0,0.03
12491.00,10282.05,21959.18,327.51,2.500,0.10,50.0,0.03
12492.00,10280.70,21961.28,327.51,2.500,0.10,50.0,0.03
12493.00,10279.36,21963.39,327.51,2.500,0.10,50.0,0.03
12494.00,10278.02,21965.50,327.51,2.500,0.10,50.0,0.03
12495.00,10276.67,21967.61,327.51,2.500,0.10,50.0,0.03
12496.00,10275.33,21969.72,327.51,2.500,0.10,50.0,0.03
12497.00,10273.99,21971.83,327.51,2.500,0.10,50.0,0.03
12498.00,10272.64,21973.94,327.51,2.500,0.10,50.0,0.03
12499.00,10271.30,21976.04,327.51,2.500,0.10,50.0,0.03
12500.00,10269.96,21978.15,327.51,2.500,0.10,50.0,0.03
12501.00,10268.62,21980.26,327.51,2.500,0.10,50.0,0.03
12502.00,10267.27,21982.37,327.51,2.500,0.10,50.0,0.03
12503.00,10265.93,21984.48,327.51,2.500,0.10,50.0,0.03
12504.00,10264.59,21986.59,327.51,2.500,0.10,50.0,0.03
12505.00,10263.25,21988.70,327.51,2.500,0.10,50.0,0.03
12506.00,10261.90,21990.81,327.51,2.500,0.10,50.0,0.03
12507.00,10260.56,21992.91,327.52,2.500,0.10,50.0,0.03
12508.00,10259.22,21995.02,327.52,2.500,0.10,50.0,0.03
12509.00,10257.87,21997.13,327.52,2.500,0.10,50.0,0.03
12510.00,10256.53,21999.24,327.52,2.500,0.10,50.0,0.03
12511.00,10255.19,22001.35,327.52,2.500,0.10,50.0,0.03
12512.00,10253.85,22003.46,327.52,2.500,0.10,50.0,0.03
12513.00,10252.50,22005.57,327.52,2.500,0.10,50.0,0.03
12514.00,10251.16,22007.68,327.52,2.500,0.10,50.0,0.03
12515.00,10249.82,22009.79,327.52,2.500,0.10,50.0,0.03
12516.00,10248.48,22011.89,327.52,2.500,0.10,50.0,0.03
12517.00,10247.13,22014.00,327.52,2.500,0.10,50.0,0.03
12518.00,10245.79,22016.11,327.52,2.500,0.10,50.0,0.03
12519.00,10244.45,22018.22,327.52,2.500,0.10,50.0,0.03
12520.00,10243.11,22020.33,327.52,2.500,0.10,50.0,0.03
12521.00,10241.76,22022.44,327.52,2.500,0.10,50.0,0.03
12522.00,10240.42,22024.55,327.52,2.500,0.10,50.0,0.03
12523.00,10239.08,22026.66,327.52,2.500,0.10,50.0,0.03
12524.00,10237.74,22028.77,327.52,2.500,0.10,50.0,0.03
12525.00,10236.39,22030.88,327.53,2.500,0.10,50.0,0.03
12526.00,10235.05,22032.98,327.53,2.500,0.10,50.0,0.03
12527.00,10233.71,22035.09,327.53,2.500,0.10,50.0,0.03
12528.00,10232.37,22037.20,327.53,2.500,0.10,50.0,0.03
12529.00,10231.03,22039.31,327.53,2.500,0.10,50.0,0.03
12530.00,10229.68,22041.42,327.53,2.500,0.10,50.0,0.03
12531.00,10228.34,22043.53,327.53,2.500,0.10,50.0,0.03
12532.00,10227.00,22045.64,327.53,2.500,0.10,50.0,0.03
12533.00,10225.66,22047.75,327.53,2.500,0.10,50.0,0.03
12534.00,10224.31,22049.86,327.53,2.500,0.10,50.0,0.03
12535.00,10222.97,22051.97,327.53,2.500,0.10,50.0,0.03
12536.00,10221.63,22054.08,327.53,2.500,0.10,50.0,0.03
12537.00,10220.29,22056.19,327.53,2.500,0.10,50.0,0.03
12538.00,10218.95,22058.29,327.53,2.500,0.10,50.0,0.03
12539.00,10217.60,22060.40,327.53,2.500,0.10,50.0,0.03
12540.00,10216.26,22062.51,327.53,2.500,0.10,50.0,0.03
12541.00,10214.92,22064.62,327.53,2.500,0.10,50.0,0.03
12542.00,10213.58,22066.73,327.53,2.500,0.10,50.0,0.03
12543.00,10212.24,22068.84,327.54,2.500,0.10,50.0,0.03
12544.00,10210.89,22070.95,327.54,2.500,0.10,50.0,0.03
12545.00,10209.55,22073.06,327.54,2.500,0.10,50.0,0.03
12546.00,10208.21,22075.17,327.54,2.500,0.10,50.0,0.03
12547.00,10206.87,22077.28,327.54,2.500,0.10,50.0,0.03
12548.00,10205.53,22079.39,327.54,2.500,0.10,50.0,0.03
12549.00,10204.18,22081.50,327.54,2.500,0.10,50.0,0.03
12550.00,10202.84,22083.61,327.54,2.500,0.10,50.0,0.03
12551.00,10201.50,22085.72,327.54,2.500,0.10,50.0,0.03
12552.00,10200.16,22087.83,327.54,2.500,0.10,50.0,0.03
12553.00,10198.82,22089.93,327.54,2.500,0.10,50.0,0.03
12554.00,10197.48,22092.04,327.54,2.500,0.10,50.0,0.03
12555.00,10196.13,22094.15,327.54,2.500,0.10,50.0,0.03
12556.00,10194.79,22096.26,327.54,2.500,0.10,50.0,0.03
12557.00,10193.45,22098.37,327.54,2.500,0.10,50.0,0.03
12558.00,10192.11,22100.48,327.54,2.500,0.10,50.0,0.03
12559.00,10190.77,22102.59,327.54,2.500,0.10,50.0,0.03
12560.00,10189.43,22104.70,327.54,2.500,0.10,50.0,0.03
12561.00,10188.08,22106.81,327.55,2.500,0.10,50.0,0.03
12562.00,10186.74,22108.92,327.55,2.500,0.10,50.0,0.03
12563.00,10185.40,22111.03,327.55,2.500,0.10,50.0,0.03
12564.00,10184.06,22113.14,327.55,2.500,0.10,50.0,0.03
12565.00,10182.72,22115.25,327.55,2.500,0.10,50.0,0.03
12566.00,10181.38,22117.36,327.55,2.500,0.10,50.0,0.03
12567.00,10180.03,22119.47,327.55,2.500,0.10,50.0,0.03
12568.00,10178.69,22121.58,327.55,2.500,0.10,50.0,0.03
12569.00,10177.35,22123.69,327.55,2.500,0.10,50.0,0.03
12570.00,10176.01,22125.80,327.55,2.500,0.10,50.0,0.03
12571.00,10174.67,22127.91,327.55,2.500,0.10,50.0,0.03
12572.00,10173.33,22130.02,327.55,2.500,0.10,50.0,0.03
12573.00,10171.99,22132.13,327.55,2.500,0.10,50.0,0.03
12574.00,10170.64,22134.24,327.55,2.500,0.10,50.0,0.03
12575.00,10169.30,22136.35,327.55,2.500,0.10,50.0,0.03
12576.00,10167.96,22138.45,327.55,2.500,0.10,50.0,0.03
12577.00,10166.62,22140.56,327.55,2.500,0.10,50.0,0.03
12578.00,10165.28,22142.67,327.55,2.500,0.10,50.0,0.03
12579.00,10163.94,22144.78,327.56,2.500,0.10,50.0,0.03
12580.00,10162.60,22146.89,327.56,2.500,0.10,50.0,0.03
12581.00,10161.26,22149.00,327.56,2.500,0.10,50.0,0.03
12582.00,10159.91,22151.11,327.56,2.500,0.10,50.0,0.03
12583.00,10158.57,22153.22,327.56,2.500,0.10,50.0,0.03
12584.00,10157.23,22155.33,327.56,2.500,0.10,50.0,0.03
12585.00,10155.89,22157.44,327.56,2.500,0.10,50.0,0.03
12586.00,10154.55,22159.55,327.56,2.500,0.10,50.0,0.03
12587.00,10153.21,22161.66,327.56,2.500,0.10,50.0,0.03
12588.00,10151.87,22163.77,327.56,2.500,0.10,50.0,0.03
12589.00,10150.53,22165.88,327.56,2.500,0.10,50.0,0.03
12590.00,10149.19,22167.99,327.56,2.500,0.10,50.0,0.03
12591.00,10147.84,22170.10,327.56,2.500,0.10,50.0,0.03
12592.00,10146.50,22172.21,327.56,2.500,0.10,50.0,0.03
12593.00,10145.16,22174.32,327.56,2.500,0.10,50.0,0.03
12594.00,10143.82,22176.43,327.56,2.500,0.10,50.0,0.03
12595.00,10142.48,22178.54,327.56,2.500,0.10,50.0,0.03
12596.00,10141.14,22180.65,327.56,2.500,0.10,50.0,0.03
12597.00,10139.80,22182.76,327.57,2.500,0.10,50.0,0.03
12598.00,10138.46,22184.87,327.57,2.500,0.10,50.0,0.03
12599.00,10137.12,22186.98,327.57,2.500,0.10,50.0,0.03
12600.00,10135.78,22189.09,327.57,2.500,0.10,50.0,0.03
12601.00,10134.44,22191.20,327.57,2.500,0.10,50.0,0.03
12602.00,10133.10,22193.31,327.57,2.500,0.10,50.0,0.03
12603.00,10131.75,22195.42,327.57,2.500,0.10,50.0,0.03
12604.00,10130.41,22197.53,327.57,2.500,0.10,50.0,0.03
12605.00,10129.07,22199.64,327.57,2.500,0.10,50.0,0.03
12606.00,10127.73,22201.75,327.57,2.500,0.10,50.0,0.03
12607.00,10126.39,22203.86,327.57,2.500,0.10,50.0,0.03
12608.00,10125.05,22205.97,327.57,2.500,0.10,50.0,0.03
12609.00,10123.71,22208.08,327.57,2.500,0.10,50.0,0.03
12610.00,10122.37,22210.19,327.57,2.500,0.10,50.0,0.03
12611.00,10121.03,22212.30,327.57,2.500,0.10,50.0,0.03
12612.00,10119.69,22214.41,327.57,2.500,0.09,50.0,0.03
12613.00,10118.35,22216.52,327.57,2.500,0.09,50.0,0.03
12614.00,10117.01,22218.63,327.57,2.500,0.09,50.0,0.03
12615.00,10115.67,22220.74,327.57,2.500,0.09,50.0,0.03
12616.00,10114.33,22222.85,327.58,2.500,0.09,50.0,0.03
12617.00,10112.99,22224.96,327.58,2.500,0.09,50.0,0.03
12618.00,10111.65,22227.07,327.58,2.500,0.09,50.0,0.03
12619.00,10110.31,22229.18,327.58,2.500,0.09,50.0,0.03
12620.00,10108.96,22231.30,327.58,2.500,0.09,50.0,0.03
12621.00,10107.62,22233.41,327.58,2.500,0.09,50.0,0.03
12622.00,10106.28,22235.52,327.58,2.500,0.09,50.0,0.03
12623.00,10104.94,22237.63,327.58,2.500,0.09,50.0,0.03
12624.00,10103.60,22239.74,327.58,2.500,0.09,50.0,0.03
12625.00,10102.26,22241.85,327.58,2.500,0.09,50.0,0.03
12626.00,10100.92,22243.96,327.58,2.500,0.09,50.0,0.03
12627.00,10099.58,22246.07,327.58,2.500,0.09,50.0,0.03
12628.00,10098.24,22248.18,327.58,2.500,0.09,50.0,0.03
12629.00,10096.90,22250.29,327.58,2.500,0.09,50.0,0.03
12630.00,10095.56,22252.40,327.58,2.500,0.09,50.0,0.03
12631.00,10094.22,22254.51,327.58,2.500,0.09,50.0,0.03
12632.00,10092.88,22256.62,327.58,2.500,0.09,50.0,0.03
12633.00,10091.54,22258.73,327.58,2.500,0.09,50.0,0.03
12634.00,10090.20,22260.84,327.59,2.500,0.09,50.0,0.03
12635.00,10088.86,22262.95,327.59,2.500,0.09,50.0,0.03
12636.00,10087.52,22265.06,327.59,2.500,0.09,50.0,0.03
12637.00,10086.18,22267.17,327.59,2.500,0.09,50.0,0.03
12638.00,10084.84,22269.28,327.59,2.500,0.09,50.0,0.03
12639.00,10083.50,22271.39,327.59,2.500,0.09,50.0,0.03
12640.00,10082.16,22273.50,327.59,2.500,0.09,50.0,0.03
12641.00,10080.82,22275.61,327.59,2.500,0.09,50.0,0.03
12642.00,10079.48,22277.72,327.59,2.500,0.09,50.0,0.03
12643.00,10078.14,22279.84,327.59,2.500,0.09,50.0,0.03
12644.00,10076.80,22281.95,327.59,2.500,0.09,50.0,0.03
12645.00,10075.46,22284.06,327.59,2.500,0.09,50.0,0.03
12646.00,10074.12,22286.17,327.59,2.500,0.09,50.0,0.03
12647.00,10072.78,22288.28,327.59,2.500,0.09,50.0,0.03
12648.00,10071.44,22290.39,327.59,2.500,0.09,50.0,0.03
12649.00,10070.10,22292.50,327.59,2.500,0.09,50.0,0.03
12650.00,10068.76,22294.61,327.59,2.500,0.09,50.0,0.03
12651.00,10067.42,22296.72,327.59,2.500,0.09,50.0,0.03
12652.00,10066.08,22298.83,327.59,2.500,0.09,50.0,0.03
12653.00,10064.74,22300.94,327.60,2.500,0.09,50.0,0.03
12654.00,10063.40,22303.05,327.60,2.500,0.09,50.0,0.03
12655.00,10062.06,22305.16,327.60,2.500,0.09,50.0,0.03
12656.00,10060.72,22307.27,327.60,2.500,0.09,50.0,0.03
12657.00,10059.38,22309.38,327.60,2.500,0.09,50.0,0.03
12658.00,10058.04,22311.50,327.60,2.500,0.09,50.0,0.03
12659.00,10056.70,22313.61,327.60,2.500,0.09,50.0,0.03
12660.00,10055.36,22315.72,327.60,2.500,0.09,50.0,0.03
12661.00,10054.03,22317.83,327.60,2.500,0.09,50.0,0.03
12662.00,10052.69,22319.94,327.60,2.500,0.09,50.0,0.03
12663.00,10051.35,22322.05,327.60,2.500,0.09,50.0,0.03
12664.00,10050.01,22324.16,327.60,2.500,0.09,50.0,0.03
12665.00,10048.67,22326.27,327.60,2.500,0.09,50.0,0.03
12666.00,10047.33,22328.38,327.60,2.500,0.09,50.0,0.03
12667.00,10045.99,22330.49,327.60,2.500,0.09,50.0,0.03
12668.00,10044.65,22332.60,327.60,2.500,0.09,50.0,0.03
12669.00,10043.31,22334.71,327.60,2.500,0.09,50.0,0.03
12670.00,10041.97,22336.83,327.60,2.500,0.09,50.0,0.03
12671.00,10040.63,22338.94,327.61,2.500,0.09,50.0,0.03
12672.00,10039.29,22341.05,327.61,2.500,0.09,50.0,0.03
12673.00,10037.95,22343.16,327.61,2.500,0.09,50.0,0.03
12674.00,10036.61,22345.27,327.61,2.500,0.09,50.0,0.03
12675.00,10035.27,22347.38,327.61,2.500,0.09,50.0,0.03
12676.00,10033.93,22349.49,327.61,2.500,0.09,50.0,0.03
12677.00,10032.59,22351.60,327.61,2.500,0.09,50.0,0.03
12678.00,10031.26,22353.71,327.61,2.500,0.09,50.0,0.03
12679.00,10029.92,22355.82,327.61,2.500,0.09,50.0,0.03
12680.00,10028.58,22357.94,327.61,2.500,0.09,50.0,0.03
12681.00,10027.24,22360.05,327.61,2.500,0.09,50.0,0.03
12682.00,10025.90,22362.16,327.61,2.500,0.09,50.0,0.03
12683.00,10024.56,22364.27,327.61,2.500,0.09,50.0,0.03
12684.00,10023.22,22366.38,327.61,2.500,0.09,50.0,0.03
12685.00,10021.88,22368.49,327.61,2.500,0.09,50.0,0.03
12686.00,10020.54,22370.60,327.61,2.500,0.09,50.0,0.03
12687.00,10019.20,22372.71,327.61,2.500,0.09,50.0,0.03
12688.00,10017.86,22374.82,327.61,2.500,0.09,50.0,0.03
12689.00,10016.52,22376.94,327.61,2.500,0.09,50.0,0.03
12690.00,10015.19,22379.05,327.62,2.500,0.09,50.0,0.03
12691.00,10013.85,22381.16,327.62,2.500,0.09,50.0,0.03
12692.00,10012.51,22383.27,327.62,2.500,0.09,50.0,0.03
12693.00,10011.17,22385.38,327.62,2.500,0.09,50.0,0.03
12694.00,10009.83,22387.49,327.62,2.500,0.09,50.0,0.03
12695.00,10008.49,22389.60,327.62,2.500,0.09,50.0,0.03
12696.00,10007.15,22391.71,327.62,2.500,0.09,50.0,0.03
12697.00,10005.81,22393.82,327.62,2.500,0.09,50.0,0.03
12698.00,10004.47,22395.94,327.62,2.500,0.09,50.0,0.03
12699.00,10003.14,22398.05,327.62,2.500,0.09,50.0,0.03
12700.00,10001.80,22400.16,327.62,2.500,0.09,50.0,0.03
12701.00,10000.46,22402.27,327.62,2.500,0.09,50.0,0.03
12702.00,9999.12,22404.38,327.62,2.500,0.09,50.0,0.03
12703.00,9997.78,22406.49,327.62,2.500,0.09,50.0,0.03
12704.00,9996.44,22408.60,327.62,2.500,0.09,50.0,0.03
12705.00,9995.10,22410.72,327.62,2.500,0.09,50.0,0.03
12706.00,9993.76,22412.83,327.62,2.500,0.09,50.0,0.03
12707.00,9992.43,22414.94,327.62,2.500,0.09,50.0,0.03
12708.00,9991.09,22417.05,327.63,2.500,0.09,50.0,0.03
12709.00,9989.75,22419.16,327.63,2.500,0.09,50.0,0.03
12710.00,9988.41,22421.27,327.63,2.500,0.09,50.0,0.03
12711.00,9987.07,22423.38,327.63,2.500,0.09,50.0,0.03
12712.00,9985.73,22425.50,327.63,2.500,0.09,50.0,0.03
12713.00,9984.39,22427.61,327.63,2.500,0.09,50.0,0.03
12714.00,9983.06,22429.72,327.63,2.500,0.09,50.0,0.03
12715.00,9981.72,22431.83,327.63,2.500,0.09,50.0,0.03
12716.00,9980.38,22433.94,327.63,2.500,0.09,50.0,0.03
12717.00,9979.04,22436.05,327.63,2.500,0.09,50.0,0.03
12718.00,9977.70,22438.16,327.63,2.500,0.09,50.0,0.03
12719.00,9976.36,22440.28,327.63,2.500,0.09,50.0,0.03
12720.00,9975.02,22442.39,327.63,2.500,0.09,50.0,0.03
12721.00,9973.69,22444.50,327.63,2.500,0.09,50.0,0.03
12722.00,9972.35,22446.61,327.63,2.500,0.09,50.0,0.03
12723.00,9971.01,22448.72,327.63,2.500,0.09,50.0,0.03
12724.00,9969.67,22450.83,327.63,2.500,0.09,50.0,0.03
12725.00,9968.33,22452.95,327.63,2.500,0.09,50.0,0.03
12726.00,9966.99,22455.06,327.63,2.500,0.09,50.0,0.03
12727.00,9965.66,22457.17,327.64,2.500,0.09,50.0,0.03
12728.00,9964.32,22459.28,327.64,2.500,0.09,50.0,0.03
12729.00,9962.98,22461.39,327.64,2.500,0.09,50.0,0.03
12730.00,9961.64,22463.50,327.64,2.500,0.09,50.0,0.03
12731.00,9960.30,22465.62,327.64,2.500,0.09,50.0,0.03
12732.00,9958.96,22467.73,327.64,2.500,0.09,50.0,0.03
12733.00,9957.63,22469.84,327.64,2.500,0.09,50.0,0.03
12734.00,9956.29,22471.95,327.64,2.500,0.09,50.0,0.03
12735.00,9954.95,22474.06,327.64,2.500,0.09,50.0,0.03
12736.00,9953.61,22476.17,327.64,2.500,0.09,50.0,0.03
12737.00,9952.27,22478.29,327.64,2.500,0.09,50.0,0.03
12738.00,9950.94,22480.40,327.64,2.500,0.09,50.0,0.03
12739.00,9949.60,22482.51,327.64,2.500,0.09,50.0,0.03
12740.00,9948.26,22484.62,327.64,2.500,0.09,50.0,0.03
12741.00,9946.92,22486.73,327.64,2.500,0.09,50.0,0.03
12742.00,9945.58,22488.84,327.64,2.500,0.09,50.0,0.03
12743.00,9944.25,22490.96,327.64,2.500,0.09,50.0,0.03
12744.00,9942.91,22493.07,327.64,2.500,0.09,50.0,0.03
12745.00,9941.57,22495.18,327.64,2.500,0.09,50.0,0.03
12746.00,9940.23,22497.29,327.65,2.500,0.09,50.0,0.03
12747.00,9938.89,22499.40,327.65,2.500,0.09,50.0,0.03
12748.00,9937.56,22501.52,327.65,2.500,0.09,50.0,0.03
12749.00,9936.22,22503.63,327.65,2.500,0.09,50.0,0.03
12750.00,9934.88,22505.74,327.65,2.500,0.09,50.0,0.03
12751.00,9933.54,22507.85,327.65,2.500,0.09,50.0,0.03
12752.00,9932.20,22509.96,327.65,2.500,0.09,50.0,0.03
12753.00,9930.87,22512.08,327.65,2.500,0.09,50.0,0.03
12754.00,9929.53,22514.19,327.65,2.500,0.09,50.0,0.03
12755.00,9928.19,22516.30,327.65,2.500,0.09,50.0,0.03
12756.00,9926.85,22518.41,327.65,2.500,0.09,50.0,0.03
12757.00,9925.52,22520.52,327.65,2.500,0.09,50.0,0.03
12758.00,9924.18,22522.64,327.65,2.500,0.09,50.0,0.03
12759.00,9922.84,22524.75,327.65,2.500,0.09,50.0,0.03
12760.00,9921.50,22526.86,327.65,2.500,0.09,50.0,0.03
12761.00,9920.17,22528.97,327.65,2.500,0.09,50.0,0.03
12762.00,9918.83,22531.08,327.65,2.500,0.09,50.0,0.03
12763.00,9917.49,22533.20,327.65,2.500,0.09,50.0,0.03
12764.00,9916.15,22535.31,327.65,2.500,0.09,50.0,0.03
12765.00,9914.82,22537.42,327.66,2.500,0.09,50.0,0.03
12766.00,9913.48,22539.53,327.66,2.500,0.09,50.0,0.03
12767.00,9912.14,22541.64,327.66,2.500,0.09,50.0,0.03
12768.00,9910.80,22543.76,327.66,2.500,0.09,50.0,0.03
12769.00,9909.47,22545.87,327.66,2.500,0.09,50.0,0.03
12770.00,9908.13,22547.98,327.66,2.500,0.09,50.0,0.03
12771.00,9906.79,22550.09,327.66,2.500,0.09,50.0,0.03
12772.00,9905.45,22552.20,327.66,2.500,0.09,50.0,0.03
12773.00,9904.12,22554.32,327.66,2.500,0.09,50.0,0.03
12774.00,9902.78,22556.43,327.66,2.500,0.09,50.0,0.03
12775.00,9901.44,22558.54,327.66,2.500,0.09,50.0,0.03
12776.00,9900.10,22560.65,327.66,2.500,0.09,50.0,0.03
12777.00,9898.77,22562.77,327.66,2.500,0.09,50.0,0.03
12778.00,9897.43,22564.88,327.66,2.500,0.09,50.0,0.03
12779.00,9896.09,22566.99,327.66,2.500,0.09,50.0,0.03
12780.00,9894.75,22569.10,327.66,2.500,0.09,50.0,0.03
12781.00,9893.42,22571.21,327.66,2.500,0.09,50.0,0.03
12782.00,9892.08,22573.33,327.66,2.500,0.09,50.0,0.03
12783.00,9890.74,22575.44,327.66,2.500,0.09,50.0,0.03
12784.00,9889.41,22577.55,327.67,2.500,0.09,50.0,0.03
12785.00,9888.07,22579.66,327.67,2.500,0.09,50.0,0.03
12786.00,9886.73,22581.78,327.67,2.500,0.09,50.0,0.03
12787.00,9885.39,22583.89,327.67,2.500,0.09,50.0,0.03
12788.00,9884.06,22586.00,327.67,2.500,0.09,50.0,0.03
12789.00,9882.72,22588.11,327.67,2.500,0.09,50.0,0.03
12790.00,9881.38,22590.23,327.67,2.500,0.09,50.0,0.03
12791.00,9880.05,22592.34,327.67,2.500,0.09,50.0,0.03
12792.00,9878.71,22594.45,327.67,2.500,0.09,50.0,0.03
12793.00,9877.37,22596.56,327.67,2.500,0.09,50.0,0.03
12794.00,9876.03,22598.68,327.67,2.500,0.09,50.0,0.03
12795.00,9874.70,22600.79,327.67,2.500,0.09,50.0,0.03
12796.00,9873.36,22602.90,327.67,2.500,0.09,50.0,0.03
12797.00,9872.02,22605.01,327.67,2.500,0.09,50.0,0.03
12798.00,9870.69,22607.13,327.67,2.500,0.09,50.0,0.03
12799.00,9869.35,22609.24,327.67,2.500,0.09,50.0,0.03
12800.00,9868.01,22611.35,327.67,2.500,0.09,50.0,0.03
12801.00,9866.68,22613.46,327.67,2.500,0.09,50.0,0.03
12802.00,9865.34,22615.58,327.67,2.500,0.09,50.0,0.03
12803.00,9864.00,22617.69,327.68,2.500,0.09,50.0,0.03
12804.00,9862.67,22619.80,327.68,2.500,0.09,50.0,0.03
12805.00,9861.33,22621.91,327.68,2.500,0.09,50.0,0.03
12806.00,9859.99,22624.03,327.68,2.500,0.09,50.0,0.03
12807.00,9858.66,22626.14,327.68,2.500,0.09,50.0,0.03
12808.00,9857.32,22628.25,327.68,2.500,0.09,50.0,0.03
12809.00,9855.98,22630.36,327.68,2.500,0.09,50.0,0.03
12810.00,9854.65,22632.48,327.68,2.500,0.09,50.0,0.03
12811.00,9853.31,22634.59,327.68,2.500,0.09,50.0,0.03
12812.00,9851.97,22636.70,327.68,2.500,0.09,50.0,0.03
12813.00,9850.64,22638.81,327.68,2.500,0.09,50.0,0.03
12814.00,9849.30,22640.93,327.68,2.500,0.09,50.0,0.03
12815.00,9847.96,22643.04,327.68,2.500,0.09,50.0,0.03
12816.00,9846.63,22645.15,327.68,2.500,0.09,50.0,0.03
12817.00,9845.29,22647.27,327.68,2.500,0.09,50.0,0.03
12818.00,9843.95,22649.38,327.68,2.500,0.09,50.0,0.03
12819.00,9842.62,22651.49,327.68,2.500,0.09,50.0,0.03
12820.00,9841.28,22653.60,327.68,2.500,0.09,50.0,0.03
12821.00,9839.94,22655.72,327.68,2.500,0.09,50.0,0.03
12822.00,9838.61,22657.83,327.69,2.500,0.09,50.0,0.03
12823.00,9837.27,22659.94,327.69,2.500,0.09,50.0,0.03
12824.00,9835.93,22662.06,327.69,2.500,0.09,50.0,0.03
12825.00,9834.60,22664.17,327.69,2.500,0.09,50.0,0.03
12826.00,9833.26,22666.28,327.69,2.500,0.09,50.0,0.03
12827.00,9831.93,22668.39,327.69,2.500,0.09,50.0,0.03
12828.00,9830.59,22670.51,327.69,2.500,0.09,50.0,0.03
12829.00,9829.25,22672.62,327.69,2.500,0.09,50.0,0.03
12830.00,9827.92,22674.73,327.69,2.500,0.09,50.0,0.03
12831.00,9826.58,22676.85,327.69,2.500,0.09,50.0,0.03
12832.00,9825.24,22678.96,327.69,2.500,0.09,50.0,0.03
12833.00,9823.91,22681.07,327.69,2.500,0.09,50.0,0.03
12834.00,9822.57,22683.18,327.69,2.500,0.09,50.0,0.03
12835.00,9821.24,22685.30,327.69,2.500,0.09,50.0,0.03
12836.00,9819.90,22687.41,327.69,2.500,0.09,50.0,0.03
12837.00,9818.56,22689.52,327.69,2.500,0.09,50.0,0.03
12838.00,9817.23,22691.64,327.69,2.500,0.09,50.0,0.03
12839.00,9815.89,22693.75,327.69,2.500,0.09,50.0,0.03
12840.00,9814.55,22695.86,327.69,2.500,0.09,50.0,0.03
12841.00,9813.22,22697.98,327.70,2.500,0.09,50.0,0.03
12842.00,9811.88,22700.09,327.70,2.500,0.09,50.0,0.03
12843.00,9810.55,22702.20,327.70,2.500,0.09,50.0,0.03
12844.00,9809.21,22704.31,327.70,2.500,0.09,50.0,0.03
12845.00,9807.87,22706.43,327.70,2.500,0.09,50.0,0.03
12846.00,9806.54,22708.54,327.70,2.500,0.09,50.0,0.03
12847.00,9805.20,22710.65,327.70,2.500,0.09,50.0,0.03
12848.00,9803.87,22712.77,327.70,2.500,0.09,50.0,0.03
12849.00,9802.53,22714.88,327.70,2.500,0.09,50.0,0.03
12850.00,9801.19,22716.99,327.70,2.500,0.09,50.0,0.03
12851.00,9799.86,22719.11,327.70,2.500,0.09,50.0,0.03
12852.00,9798.52,22721.22,327.70,2.500,0.09,50.0,0.03
12853.00,9797.19,22723.33,327.70,2.500,0.09,50.0,0.03
12854.00,9795.85,22725.45,327.70,2.500,0.09,50.0,0.03
12855.00,9794.52,22727.56,327.70,2.500,0.09,50.0,0.03
12856.00,9793.18,22729.67,327.70,2.500,0.09,50.0,0.03
12857.00,9791.84,22731.79,327.70,2.500,0.09,50.0,0.03
12858.00,9790.51,22733.90,327.70,2.500,0.09,50.0,0.03
12859.00,9789.17,22736.01,327.70,2.500,0.09,50.0,0.03
12860.00,9787.84,22738.13,327.70,2.500,0.09,50.0,0.03
12861.00,9786.50,22740.24,327.71,2.500,0.09,50.0,0.03
12862.00,9785.17,22742.35,327.71,2.500,0.09,50.0,0.03
12863.00,9783.83,22744.46,327.71,2.500,0.09,50.0,0.03
12864.00,9782.49,22746.58,327.71,2.500,0.09,50.0,0.03
12865.00,9781.16,22748.69,327.71,2.500,0.09,50.0,0.03
12866.00,9779.82,22750.80,327.71,2.500,0.09,50.0,0.03
12867.00,9778.49,22752.92,327.71,2.500,0.09,50.0,0.03
12868.00,9777.15,22755.03,327.71,2.500,0.09,50.0,0.03
12869.00,9775.82,22757.14,327.71,2.500,0.09,50.0,0.03
12870.00,9774.48,22759.26,327.71,2.500,0.09,50.0,0.03
12871.00,9773.15,22761.37,327.71,2.500,0.09,50.0,0.03
12872.00,9771.81,22763.49,327.71,2.500,0.09,50.0,0.03
12873.00,9770.47,22765.60,327.71,2.500,0.09,50.0,0.03
12874.00,9769.14,22767.71,327.71,2.500,0.09,50.0,0.03
12875.00,9767.80,22769.83,327.71,2.500,0.09,50.0,0.03
12876.00,9766.47,22771.94,327.71,2.500,0.09,50.0,0.03
12877.00,9765.13,22774.05,327.71,2.500,0.09,50.0,0.03
12878.00,9763.80,22776.17,327.71,2.500,0.09,50.0,0.03
12879.00,9762.46,22778.28,327.71,2.500,0.09,50.0,0.03
12880.00,9761.13,22780.39,327.72,2.500,0.09,50.0,0.03
12881.00,9759.79,22782.51,327.72,2.500,0.09,50.0,0.03
12882.00,9758.46,22784.62,327.72,2.500,0.09,50.0,0.03
12883.00,9757.12,22786.73,327.72,2.500,0.09,50.0,0.03
12884.00,9755.79,22788.85,327.72,2.500,0.09,50.0,0.03
12885.00,9754.45,22790.96,327.72,2.500,0.09,50.0,0.03
12886.00,9753.11,22793.07,327.72,2.500,0.09,50.0,0.03
12887.00,9751.78,22795.19,327.72,2.500,0.09,50.0,0.03
12888.00,9750.44,22797.30,327.72,2.500,0.09,50.0,0.03
12889.00,9749.11,22799.41,327.72,2.500,0.09,50.0,0.03
12890.00,9747.77,22801.53,327.72,2.500,0.09,50.0,0.03
12891.00,9746.44,22803.64,327.72,2.500,0.09,50.0,0.03
12892.00,9745.10,22805.76,327.72,2.500,0.09,50.0,0.03
12893.00,9743.77,22807.87,327.72,2.500,0.09,50.0,0.03
12894.00,9742.43,22809.98,327.72,2.500,0.09,50.0,0.03
12895.00,9741.10,22812.10,327.72,2.500,0.09,50.0,0.03
12896.00,9739.76,22814.21,327.72,2.500,0.09,50.0,0.03
12897.00,9738.43,22816.32,327.72,2.500,0.09,50.0,0.03
12898.00,9737.09,22818.44,327.72,2.500,0.09,50.0,0.03
12899.00,9735.76,22820.55,327.73,2.500,0.09,50.0,0.03
12900.00,9734.42,22822.67,327.73,2.500,0.09,50.0,0.03
12901.00,9733.09,22824.78,327.73,2.500,0.09,50.0,0.03
12902.00,9731.75,22826.89,327.73,2.500,0.09,50.0,0.03
12903.00,9730.42,22829.01,327.73,2.500,0.09,50.0,0.03
12904.00,9729.08,22831.12,327.73,2.500,0.09,50.0,0.03
12905.00,9727.75,22833.23,327.73,2.500,0.09,50.0,0.03
12906.00,9726.41,22835.35,327.73,2.500,0.09,50.0,0.03
12907.00,9725.08,22837.46,327.73,2.500,0.09,50.0,0.03
12908.00,9723.74,22839.58,327.73,2.500,0.09,50.0,0.03
12909.00,9722.41,22841.69,327.73,2.500,0.09,50.0,0.03
12910.00,9721.08,22843.80,327.73,2.500,0.09,50.0,0.03
12911.00,9719.74,22845.92,327.73,2.500,0.09,50.0,0.03
12912.00,9718.41,22848.03,327.73,2.500,0.09,50.0,0.03
12913.00,9717.07,22850.14,327.73,2.500,0.09,50.0,0.03
12914.00,9715.74,22852.26,327.73,2.500,0.09,50.0,0.03
12915.00,9714.40,22854.37,327.73,2.500,0.09,50.0,0.03
12916.00,9713.07,22856.49,327.73,2.500,0.09,50.0,0.03
12917.00,9711.73,22858.60,327.73,2.500,0.09,50.0,0.03
12918.00,9710.40,22860.71,327.73,2.500,0.09,50.0,0.03
12919.00,9709.06,22862.83,327.74,2.500,0.09,50.0,0.03
12920.00,9707.73,22864.94,327.74,2.500,0.09,50.0,0.03
12921.00,9706.39,22867.06,327.74,2.500,0.09,50.0,0.03
12922.00,9705.06,22869.17,327.74,2.500,0.09,50.0,0.03
12923.00,9703.72,22871.28,327.74,2.500,0.09,50.0,0.03
12924.00,9702.39,22873.40,327.74,2.500,0.09,50.0,0.03
12925.00,9701.06,22875.51,327.74,2.500,0.09,50.0,0.03
12926.00,9699.72,22877.63,327.74,2.500,0.09,50.0,0.03
12927.00,9698.39,22879.74,327.74,2.500,0.09,50.0,0.03
12928.00,9697.05,22881.85,327.74,2.500,0.09,50.0,0.03
12929.00,9695.72,22883.97,327.74,2.500,0.09,50.0,0.03
12930.00,9694.38,22886.08,327.74,2.500,0.09,50.0,0.03
12931.00,9693.05,22888.20,327.74,2.500,0.09,50.0,0.03
12932.00,9691.71,22890.31,327.74,2.500,0.09,50.0,0.03
12933.00,9690.38,22892.43,327.74,2.500,0.09,50.0,0.03
12934.00,9689.05,22894.54,327.74,2.500,0.09,50.0,0.03
12935.00,9687.71,22896.65,327.74,2.500,0.09,50.0,0.03
12936.00,9686.38,22898.77,327.74,2.500,0.09,50.0,0.03
12937.00,9685.04,22900.88,327.74,2.500,0.09,50.0,0.03
12938.00,9683.71,22903.00,327.74,2.500,0.09,50.0,0.03
12939.00,9682.37,22905.11,327.75,2.500,0.09,50.0,0.03
12940.00,9681.04,22907.22,327.75,2.500,0.09,50.0,0.03
12941.00,9679.71,22909.34,327.75,2.500,0.09,50.0,0.03
12942.00,9678.37,22911.45,327.75,2.500,0.09,50.0,0.03
12943.00,9677.04,22913.57,327.75,2.500,0.09,50.0,0.03
12944.00,9675.70,22915.68,327.75,2.500,0.09,50.0,0.03
12945.00,9674.37,22917.80,327.75,2.500,0.09,50.0,0.03
12946.00,9673.04,22919.91,327.75,2.500,0.09,50.0,0.03
12947.00,9671.70,22922.02,327.75,2.500,0.09,50.0,0.03
12948.00,9670.37,22924.14,327.75,2.500,0.09,50.0,0.03
12949.00,9669.03,22926.25,327.75,2.500,0.09,50.0,0.03
12950.00,9667.70,22928.37,327.75,2.500,0.09,50.0,0.03
12951.00,9666.37,22930.48,327.75,2.500,0.09,50.0,0.03
12952.00,9665.03,22932.60,327.75,2.500,0.09,50.0,0.03
12953.00,9663.70,22934.71,327.75,2.500,0.09,50.0,0.03
12954.00,9662.36,22936.82,327.75,2.500,0.09,50.0,0.03
12955.00,9661.03,22938.94,327.75,2.500,0.09,50.0,0.03
12956.00,9659.70,22941.05,327.75,2.500,0.09,50.0,0.03
12957.00,9658.36,22943.17,327.75,2.500,0.09,50.0,0.03
12958.00,9657.03,22945.28,327.76,2.500,0.09,50.0,0.03
12959.00,9655.69,22947.40,327.76,2.500,0.09,50.0,0.03
12960.00,9654.36,22949.51,327.76,2.500,0.09,50.0,0.03
12961.00,9653.03,22951.63,327.76,2.500,0.09,50.0,0.03
12962.00,9651.69,22953.74,327.76,2.500,0.09,50.0,0.03
12963.00,9650.36,22955.85,327.76,2.500,0.09,50.0,0.03
12964.00,9649.03,22957.97,327.76,2.500,0.09,50.0,0.03
12965.00,9647.69,22960.08,327.76,2.500,0.09,50.0,0.03
12966.00,9646.36,22962.20,327.76,2.500,0.09,50.0,0.03
12967.00,9645.02,22964.31,327.76,2.500,0.09,50.0,0.03
12968.00,9643.69,22966.43,327.76,2.500,0.09,50.0,0.03
12969.00,9642.36,22968.54,327.76,2.500,0.09,50.0,0.03
12970.00,9641.02,22970.66,327.76,2.500,0.09,50.0,0.03
12971.00,9639.69,22972.77,327.76,2.500,0.09,50.0,0.03
12972.00,9638.36,22974.89,327.76,2.500,0.09,50.0,0.03
12973.00,9637.02,22977.00,327.76,2.500,0.09,50.0,0.03
12974.00,9635.69,22979.11,327.76,2.500,0.09,50.0,0.03
12975.00,9634.36,22981.23,327.76,2.500,0.09,50.0,0.03
12976.00,9633.02,22983.34,327.76,2.500,0.09,50.0,0.03
12977.00,9631.69,22985.46,327.76,2.500,0.09,50.0,0.03
12978.00,9630.35,22987.57,327.77,2.500,0.09,50.0,0.03
12979.00,9629.02,22989.69,327.77,2.500,0.09,50.0,0.03
12980.00,9627.69,22991.80,327.77,2.500,0.09,50.0,0.03
12981.00,9626.35,22993.92,327.77,2.500,0.09,50.0,0.03
12982.00,9625.02,22996.03,327.77,2.500,0.09,50.0,0.03
12983.00,9623.69,22998.15,327.77,2.500,0.09,50.0,0.03
12984.00,9622.35,23000.26,327.77,2.500,0.09,50.0,0.03
12985.00,9621.02,23002.38,327.77,2.500,0.09,50.0,0.03
12986.00,9619.69,23004.49,327.77,2.500,0.09,50.0,0.03
12987.00,9618.35,23006.61,327.77,2.500,0.09,50.0,0.03
12988.00,9617.02,23008.72,327.77,2.500,0.09,50.0,0.03
12989.00,9615.69,23010.84,327.77,2.500,0.09,50.0,0.03
12990.00,9614.35,23012.95,327.77,2.500,0.09,50.0,0.03
12991.00,9613.02,23015.07,327.77,2.500,0.09,50.0,0.03
12992.00,9611.69,23017.18,327.77,2.500,0.09,50.0,0.03
12993.00,9610.35,23019.29,327.77,2.500,0.09,50.0,0.03
12994.00,9609.02,23021.41,327.77,2.500,0.09,50.0,0.03
12995.00,9607.69,23023.52,327.77,2.500,0.09,50.0,0.03
12996.00,9606.36,23025.64,327.77,2.500,0.09,50.0,0.03
12997.00,9605.02,23027.75,327.77,2.500,0.09,50.0,0.03
12998.00,9603.69,23029.87,327.78,2.500,0.09,50.0,0.03
12999.00,9602.36,23031.98,327.78,2.500,0.09,50.0,0.03
13000.00,9601.02,23034.10,327.78,2.500,0.09,50.0,0.03
13001.00,9599.69,23036.21,327.78,2.500,0.09,50.0,0.03
13002.00,9598.36,23038.33,327.78,2.500,0.09,50.0,0.03
13003.00,9597.02,23040.44,327.78,2.500,0.09,50.0,0.03
13004.00,9595.69,23042.56,327.78,2.500,0.09,50.0,0.03
13005.00,9594.36,23044.67,327.78,2.500,0.09,50.0,0.03
13006.00,9593.02,23046.79,327.78,2.500,0.09,50.0,0.03
13007.00,9591.69,23048.90,327.78,2.500,0.09,50.0,0.03
13008.00,9590.36,23051.02,327.78,2.500,0.09,50.0,0.03
13009.00,9589.03,23053.13,327.78,2.500,0.09,50.0,0.03
13010.00,9587.69,23055.25,327.78,2.500,0.09,50.0,0.03
13011.00,9586.36,23057.36,327.78,2.500,0.09,50.0,0.03
13012.00,9585.03,23059.48,327.78,2.500,0.09,50.0,0.03
13013.00,9583.69,23061.59,327.78,2.500,0.09,50.0,0.03
13014.00,9582.36,23063.71,327.78,2.500,0.09,50.0,0.03
13015.00,9581.03,23065.82,327.78,2.500,0.09,50.0,0.03
13016.00,9579.70,23067.94,327.78,2.500,0.09,50.0,0.03
13017.00,9578.36,23070.05,327.78,2.500,0.09,50.0,0.03
13018.00,9577.03,23072.17,327.79,2.500,0.09,50.0,0.03
13019.00,9575.70,23074.28,327.79,2.500,0.09,50.0,0.03
13020.00,9574.36,23076.40,327.79,2.500,0.09,50.0,0.03
13021.00,9573.03,23078.51,327.79,2.500,0.09,50.0,0.03
13022.00,9571.70,23080.63,327.79,2.500,0.09,50.0,0.03
13023.00,9570.37,23082.75,327.79,2.500,0.09,50.0,0.03
13024.00,9569.03,23084.86,327.79,2.500,0.09,50.0,0.03
13025.00,9567.70,23086.98,327.79,2.500,0.09,50.0,0.03
13026.00,9566.37,23089.09,327.79,2.500,0.09,50.0,0.03
13027.00,9565.04,23091.21,327.79,2.500,0.09,50.0,0.03
13028.00,9563.70,23093.32,327.79,2.500,0.09,50.0,0.03
13029.00,9562.37,23095.44,327.79,2.500,0.09,50.0,0.03
13030.00,9561.04,23097.55,327.79,2.500,0.09,50.0,0.03
13031.00,9559.71,23099.67,327.79,2.500,0.09,50.0,0.03
13032.00,9558.37,23101.78,327.79,2.500,0.09,50.0,0.03
13033.00,9557.04,23103.90,327.79,2.500,0.09,50.0,0.03
13034.00,9555.71,23106.01,327.79,2.500,0.09,50.0,0.03
13035.00,9554.38,23108.13,327.79,2.500,0.09,50.0,0.03
13036.00,9553.04,23110.24,327.79,2.500,0.09,50.0,0.03
13037.00,9551.71,23112.36,327.79,2.500,0.09,50.0,0.03
13038.00,9550.38,23114.47,327.80,2.500,0.09,50.0,0.03
13039.00,9549.05,23116.59,327.80,2.500,0.09,50.0,0.03
13040.00,9547.71,23118.71,327.80,2.500,0.09,50.0,0.03
13041.00,9546.38,23120.82,327.80,2.500,0.09,50.0,0.03
13042.00,9545.05,23122.94,327.80,2.500,0.09,50.0,0.03
13043.00,9543.72,23125.05,327.80,2.500,0.09,50.0,0.03
13044.00,9542.38,23127.17,327.80,2.500,0.09,50.0,0.03
13045.00,9541.05,23129.28,327.80,2.500,0.09,50.0,0.03
13046.00,9539.72,23131.40,327.80,2.500,0.09,50.0,0.03
13047.00,9538.39,23133.51,327.80,2.500,0.09,50.0,0.03
13048.00,9537.06,23135.63,327.80,2.500,0.09,50.0,0.03
13049.00,9535.72,23137.74,327.80,2.500,0.09,50.0,0.03
13050.00,9534.39,23139.86,327.80,2.500,0.09,50.0,0.03
13051.00,9533.06,23141.98,327.80,2.500,0.09,50.0,0.03
13052.00,9531.73,23144.09,327.80,2.500,0.09,50.0,0.03
13053.00,9530.40,23146.21,327.80,2.500,0.09,50.0,0.03
13054.00,9529.06,23148.32,327.80,2.500,0.09,50.0,0.03
13055.00,9527.73,23150.44,327.80,2.500,0.09,50.0,0.03
13056.00,9526.40,23152.55,327.80,2.500,0.09,50.0,0.03
13057.00,9525.07,23154.67,327.80,2.500,0.09,50.0,0.03
13058.00,9523.73,23156.78,327.81,2.500,0.09,50.0,0.03
13059.00,9522.40,23158.90,327.81,2.500,0.09,50.0,0.03
13060.00,9521.07,23161.02,327.81,2.500,0.09,50.0,0.03
13061.00,9519.74,23163.13,327.81,2.500,0.09,50.0,0.03
13062.00,9518.41,23165.25,327.81,2.500,0.09,50.0,0.03
13063.00,9517.08,23167.36,327.81,2.500,0.09,50.0,0.03
13064.00,9515.74,23169.48,327.81,2.500,0.09,50.0,0.03
13065.00,9514.41,23171.59,327.81,2.500,0.09,50.0,0.03
13066.00,9513.08,23173.71,327.81,2.500,0.09,50.0,0.03
13067.00,9511.75,23175.82,327.81,2.500,0.09,50.0,0.03
13068.00,9510.42,23177.94,327.81,2.500,0.09,50.0,0.03
13069.00,9509.08,23180.06,327.81,2.500,0.09,50.0,0.03
13070.00,9507.75,23182.17,327.81,2.500,0.09,50.0,0.03
13071.00,9506.42,23184.29,327.81,2.500,0.09,50.0,0.03
13072.00,9505.09,23186.40,327.81,2.500,0.09,50.0,0.03
13073.00,9503.76,23188.52,327.81,2.500,0.09,50.0,0.03
13074.00,9502.43,23190.63,327.81,2.500,0.09,50.0,0.03
13075.00,9501.09,23192.75,327.81,2.500,0.09,50.0,0.03
13076.00,9499.76,23194.87,327.81,2.500,0.09,50.0,0.03
13077.00,9498.43,23196.98,327.81,2.500,0.09,50.0,0.03
13078.00,9497.10,23199.10,327.81,2.500,0.09,50.0,0.03
13079.00,9495.77,23201.21,327.82,2.500,0.09,50.0,0.03
13080.00,9494.44,23203.33,327.82,2.500,0.09,50.0,0.03
13081.00,9493.10,23205.45,327.82,2.500,0.09,50.0,0.03
13082.00,9491.77,23207.56,327.82,2.500,0.09,50.0,0.03
13083.00,9490.44,23209.68,327.82,2.500,0.09,50.0,0.03
13084.00,9489.11,23211.79,327.82,2.500,0.09,50.0,0.03
13085.00,9487.78,23213.91,327.82,2.500,0.09,50.0,0.03
13086.00,9486.45,23216.03,327.82,2.500,0.09,50.0,0.03
13087.00,9485.11,23218.14,327.82,2.500,0.09,50.0,0.03
13088.00,9483.78,23220.26,327.82,2.500,0.09,50.0,0.03
13089.00,9482.45,23222.37,327.82,2.500,0.09,50.0,0.03
13090.00,9481.12,23224.49,327.82,2.500,0.09,50.0,0.03
13091.00,9479.79,23226.60,327.82,2.500,0.09,50.0,0.03
13092.00,9478.46,23228.72,327.82,2.500,0.09,50.0,0.03
13093.00,9477.13,23230.84,327.82,2.500,0.09,50.0,0.03
13094.00,9475.79,23232.95,327.82,2.500,0.09,50.0,0.03
13095.00,9474.46,23235.07,327.82,2.500,0.09,50.0,0.03
13096.00,9473.13,23237.18,327.82,2.500,0.09,50.0,0.03
13097.00,9471.80,23239.30,327.82,2.500,0.09,50.0,0.03
13098.00,9470.47,23241.42,327.82,2.500,0.09,50.0,0.03
13099.00,9469.14,23243.53,327.83,2.500,0.09,50.0,0.03
13100.00,9467.81,23245.65,327.83,2.500,0.09,50.0,0.03
13101.00,9466.48,23247.77,327.83,2.500,0.09,50.0,0.03
13102.00,9465.14,23249.88,327.83,2.500,0.09,50.0,0.03
