time_s,x_m,y_m,course_deg,speed_ms,rudder_deg,rpm_percent,rot_deg_min
6.00,-5993.70,24.84,45.00,4.604,0.00,40.0,0.00
7.00,-5990.48,28.06,45.00,4.552,0.00,40.0,0.00
8.00,-5987.30,31.25,45.00,4.501,0.00,40.0,0.00
9.00,-5984.15,34.39,45.00,4.451,0.00,40.0,0.00
10.00,-5981.04,37.51,45.00,4.402,0.00,40.0,0.00
11.00,-5977.96,40.58,45.00,4.354,0.00,40.0,0.00
12.00,-5974.91,43.63,45.00,4.307,0.00,40.0,0.00
13.00,-5971.90,46.64,45.00,4.261,0.00,40.0,0.00
14.00,-5968.91,49.63,45.00,4.226,5.00,50.0,0.06
15.00,-5965.95,52.59,45.00,4.191,5.00,50.0,0.11
16.00,-5963.01,55.53,45.01,4.157,5.00,50.0,0.17
17.00,-5960.09,58.45,45.01,4.124,5.00,50.0,0.22
18.00,-5957.20,61.34,45.01,4.092,5.00,50.0,0.27
19.00,-5954.33,64.21,45.02,4.060,5.00,50.0,0.32
20.00,-5951.48,67.06,45.02,4.029,5.00,50.0,0.36
21.00,-5948.65,69.89,45.03,3.998,5.00,50.0,0.41
22.00,-5945.84,72.69,45.04,3.968,5.00,50.0,0.45
23.00,-5943.05,75.47,45.05,3.939,5.00,50.0,0.49
24.00,-5940.29,78.24,45.06,3.910,5.00,50.0,0.53
25.00,-5937.54,80.98,45.07,3.882,5.00,50.0,0.57
26.00,-5934.81,83.70,45.08,3.854,5.00,50.0,0.61
27.00,-5932.10,86.40,45.09,3.827,5.00,50.0,0.65
28.00,-5929.41,89.09,45.10,3.801,5.00,50.0,0.68
29.00,-5926.73,91.75,45.11,3.775,5.00,50.0,0.72
30.00,-5924.08,94.40,45.12,3.749,5.00,50.0,0.75
31.00,-5921.44,97.02,45.14,3.724,10.00,50.0,0.84
32.00,-5918.82,99.63,45.15,3.700,10.00,50.0,0.93
33.00,-5916.21,102.23,45.17,3.676,10.00,50.0,1.01
34.00,-5913.62,104.80,45.19,3.652,10.00,50.0,1.09
35.00,-5911.05,107.36,45.21,3.629,10.00,50.0,1.17
36.00,-5908.49,109.90,45.23,3.606,10.00,50.0,1.24
37.00,-5905.94,112.42,45.25,3.584,10.00,50.0,1.32
38.00,-5903.41,114.93,45.27,3.563,10.00,50.0,1.39
39.00,-5900.90,117.42,45.30,3.541,10.00,50.0,1.46
40.00,-5898.39,119.90,45.32,3.521,10.00,50.0,1.52
41.00,-5895.91,122.36,45.35,3.500,10.00,50.0,1.58
42.00,-5893.43,124.81,45.38,3.480,10.00,50.0,1.65
43.00,-5890.97,127.24,45.40,3.461,10.00,50.0,1.71
44.00,-5888.52,129.66,45.43,3.441,10.00,50.0,1.76
45.00,-5886.08,132.06,45.46,3.423,10.00,50.0,1.82
46.00,-5883.65,134.44,45.50,3.404,15.00,50.0,1.93
47.00,-5881.24,136.82,45.53,3.386,15.00,50.0,2.04
48.00,-5878.83,139.18,45.57,3.368,15.00,50.0,2.14
49.00,-5876.44,141.52,45.60,3.351,15.00,50.0,2.24
50.00,-5874.06,143.86,45.64,3.334,15.00,50.0,2.34
51.00,-5871.69,146.18,45.68,3.317,15.00,50.0,2.43
52.00,-5869.33,148.48,45.72,3.301,15.00,50.0,2.52
53.00,-5866.97,150.77,45.77,3.285,15.00,50.0,2.61
54.00,-5864.63,153.05,45.81,3.269,15.00,50.0,2.69
55.00,-5862.30,155.32,45.86,3.254,15.00,50.0,2.77
56.00,-5859.97,157.58,45.91,3.239,15.00,50.0,2.85
57.00,-5857.66,159.82,45.96,3.224,15.00,50.0,2.93
58.00,-5855.35,162.05,46.01,3.209,15.00,50.0,3.00
59.00,-5853.05,164.27,46.06,3.195,20.00,50.0,3.13
60.00,-5850.76,166.48,46.11,3.181,20.00,50.0,3.26
61.00,-5848.48,168.68,46.17,3.168,20.00,50.0,3.38
62.00,-5846.20,170.86,46.23,3.154,20.00,50.0,3.49
63.00,-5843.93,173.03,46.29,3.141,20.00,50.0,3.60
64.00,-5841.67,175.20,46.35,3.128,20.00,50.0,3.71
65.00,-5839.42,177.35,46.41,3.116,20.00,50.0,3.82
66.00,-5837.17,179.49,46.48,3.104,20.00,50.0,3.92
67.00,-5834.93,181.62,46.54,3.091,20.00,50.0,4.02
68.00,-5832.69,183.73,46.61,3.080,20.00,50.0,4.11
69.00,-5830.46,185.84,46.68,3.068,20.00,50.0,4.20
70.00,-5828.24,187.94,46.75,3.057,20.00,50.0,4.29
71.00,-5826.02,190.02,46.83,3.046,15.00,50.0,4.32
72.00,-5823.81,192.10,46.90,3.035,15.00,50.0,4.35
73.00,-5821.60,194.17,46.97,3.024,15.00,50.0,4.37
74.00,-5819.40,196.22,47.05,3.013,15.00,50.0,4.40
75.00,-5817.20,198.27,47.12,3.003,15.00,50.0,4.42
76.00,-5815.01,200.31,47.19,2.993,15.00,50.0,4.45
77.00,-5812.82,202.33,47.27,2.983,15.00,50.0,4.47
78.00,-5810.63,204.35,47.34,2.974,15.00,50.0,4.49
79.00,-5808.45,206.36,47.42,2.964,15.00,50.0,4.52
80.00,-5806.28,208.36,47.49,2.955,15.00,50.0,4.54
81.00,-5804.11,210.35,47.57,2.946,15.00,50.0,4.56
82.00,-5801.94,212.33,47.65,2.937,15.00,50.0,4.58
83.00,-5799.77,214.30,47.72,2.928,15.00,50.0,4.59
84.00,-5797.61,216.27,47.80,2.920,10.00,50.0,4.56
85.00,-5795.46,218.22,47.87,2.911,10.00,50.0,4.52
86.00,-5793.31,220.17,47.95,2.903,10.00,50.0,4.48
87.00,-5791.16,222.11,48.02,2.895,10.00,50.0,4.45
88.00,-5789.01,224.04,48.10,2.887,10.00,50.0,4.41
89.00,-5786.87,225.96,48.17,2.879,10.00,50.0,4.38
90.00,-5784.73,227.88,48.24,2.872,10.00,50.0,4.35
91.00,-5782.59,229.79,48.31,2.864,10.00,50.0,4.32
92.00,-5780.46,231.69,48.38,2.857,10.00,50.0,4.29
93.00,-5778.33,233.58,48.46,2.850,10.00,50.0,4.26
94.00,-5776.20,235.46,48.53,2.843,10.00,50.0,4.23
95.00,-5774.07,237.34,48.60,2.836,5.00,50.0,4.15
96.00,-5771.95,239.21,48.66,2.829,5.00,50.0,4.07
97.00,-5769.83,241.08,48.73,2.823,5.00,50.0,3.99
98.00,-5767.72,242.94,48.79,2.816,5.00,50.0,3.91
99.00,-5765.60,244.79,48.86,2.810,5.00,50.0,3.84
100.00,-5763.49,246.63,48.92,2.804,5.00,50.0,3.77
101.00,-5761.38,248.47,48.98,2.798,5.00,50.0,3.70
102.00,-5759.27,250.30,49.04,2.792,5.00,50.0,3.63
103.00,-5757.17,252.13,49.10,2.786,5.00,50.0,3.57
104.00,-5755.07,253.95,49.16,2.780,5.00,50.0,3.51
105.00,-5752.97,255.76,49.22,2.774,5.00,50.0,3.45
106.00,-5750.87,257.57,49.28,2.769,5.00,50.0,3.39
107.00,-5748.78,259.37,49.33,2.764,5.00,50.0,3.33
108.00,-5746.69,261.17,49.39,2.758,5.00,50.0,3.28
109.00,-5744.60,262.96,49.44,2.753,5.00,50.0,3.23
110.00,-5742.51,264.75,49.49,2.748,5.00,50.0,3.18
111.00,-5740.42,266.53,49.54,2.743,0.00,50.0,3.07
112.00,-5738.34,268.31,49.59,2.738,0.00,50.0,2.97
113.00,-5736.26,270.08,49.64,2.734,0.00,50.0,2.87
114.00,-5734.18,271.85,49.69,2.729,0.00,50.0,2.77
115.00,-5732.10,273.61,49.73,2.724,0.00,50.0,2.68
116.00,-5730.03,275.37,49.78,2.720,0.00,50.0,2.59
117.00,-5727.95,277.12,49.82,2.715,0.00,50.0,2.51
118.00,-5725.88,278.87,49.86,2.711,0.00,50.0,2.42
119.00,-5723.81,280.62,49.90,2.707,0.00,50.0,2.34
120.00,-5721.75,282.36,49.93,2.703,0.00,50.0,2.26
121.00,-5719.68,284.10,49.97,2.699,0.00,50.0,2.19
122.00,-5717.62,285.83,50.01,2.695,0.00,50.0,2.12
123.00,-5715.56,287.56,50.04,2.691,0.00,50.0,2.05
124.00,-5713.50,289.28,50.07,2.687,0.00,50.0,1.98
125.00,-5711.44,291.01,50.10,2.683,0.00,50.0,1.91
126.00,-5709.38,292.72,50.14,2.680,0.00,50.0,1.85
127.00,-5707.33,294.44,50.17,2.676,0.00,50.0,1.79
128.00,-5705.28,296.15,50.19,2.672,0.00,50.0,1.73
129.00,-5703.23,297.86,50.22,2.669,0.00,50.0,1.67
130.00,-5701.18,299.57,50.25,2.666,0.00,50.0,1.61
131.00,-5699.13,301.27,50.27,2.662,0.00,50.0,1.56
132.00,-5697.09,302.97,50.30,2.659,0.00,50.0,1.51
133.00,-5695.04,304.66,50.32,2.656,0.00,50.0,1.46
134.00,-5693.00,306.36,50.35,2.653,0.00,50.0,1.41
135.00,-5690.96,308.05,50.37,2.650,0.00,50.0,1.36
136.00,-5688.92,309.74,50.39,2.647,0.00,50.0,1.32
137.00,-5686.88,311.42,50.41,2.644,0.00,50.0,1.27
138.00,-5684.85,313.11,50.43,2.641,0.00,50.0,1.23
139.00,-5682.82,314.79,50.45,2.638,0.00,50.0,1.19
140.00,-5680.78,316.46,50.47,2.635,0.00,50.0,1.15
141.00,-5678.75,318.14,50.49,2.633,0.00,50.0,1.11
142.00,-5676.72,319.81,50.51,2.630,0.00,50.0,1.07
143.00,-5674.70,321.48,50.53,2.627,0.00,50.0,1.04
144.00,-5672.67,323.15,50.54,2.625,0.00,50.0,1.00
145.00,-5670.65,324.82,50.56,2.622,0.00,50.0,0.97
146.00,-5668.62,326.48,50.58,2.620,0.00,50.0,0.94
147.00,-5666.60,328.14,50.59,2.617,0.00,50.0,0.91
148.00,-5664.58,329.81,50.61,2.615,0.00,50.0,0.88
149.00,-5662.56,331.46,50.62,2.613,0.00,50.0,0.85
150.00,-5660.54,333.12,50.63,2.611,0.00,50.0,0.82
151.00,-5658.53,334.77,50.65,2.608,0.00,50.0,0.79
152.00,-5656.51,336.43,50.66,2.606,0.00,50.0,0.77
153.00,-5654.50,338.08,50.67,2.604,0.00,50.0,0.74
154.00,-5652.48,339.73,50.68,2.602,0.00,50.0,0.71
155.00,-5650.47,341.37,50.69,2.600,0.00,50.0,0.69
156.00,-5648.46,343.02,50.71,2.598,0.00,50.0,0.67
157.00,-5646.45,344.66,50.72,2.596,0.00,50.0,0.65
158.00,-5644.45,346.31,50.73,2.594,0.00,50.0,0.62
159.00,-5642.44,347.95,50.74,2.592,0.00,50.0,0.60
160.00,-5640.43,349.59,50.75,2.590,0.00,50.0,0.58
161.00,-5638.43,351.22,50.76,2.589,0.00,50.0,0.56
162.00,-5636.43,352.86,50.77,2.587,0.00,50.0,0.55
163.00,-5634.42,354.50,50.77,2.585,0.00,50.0,0.53
164.00,-5632.42,356.13,50.78,2.583,0.00,50.0,0.51
165.00,-5630.42,357.76,50.79,2.582,0.00,50.0,0.49
166.00,-5628.42,359.39,50.80,2.580,0.00,50.0,0.48
167.00,-5626.42,361.02,50.81,2.578,0.00,50.0,0.46
168.00,-5624.43,362.65,50.81,2.577,0.00,50.0,0.44
169.00,-5622.43,364.28,50.82,2.575,0.00,50.0,0.43
170.00,-5620.44,365.90,50.83,2.574,0.00,50.0,0.42
171.00,-5618.44,367.53,50.83,2.572,0.00,50.0,0.40
172.00,-5616.45,369.15,50.84,2.571,0.00,50.0,0.39
173.00,-5614.46,370.78,50.85,2.569,0.00,50.0,0.38
174.00,-5612.46,372.40,50.85,2.568,0.00,50.0,0.36
175.00,-5610.47,374.02,50.86,2.567,0.00,50.0,0.35
176.00,-5608.48,375.64,50.86,2.565,0.00,50.0,0.34
177.00,-5606.50,377.25,50.87,2.564,0.00,50.0,0.33
178.00,-5604.51,378.87,50.88,2.563,0.00,50.0,0.32
179.00,-5602.52,380.49,50.88,2.562,0.00,50.0,0.31
180.00,-5600.53,382.10,50.89,2.560,0.00,50.0,0.30
181.00,-5598.55,383.72,50.89,2.559,0.00,50.0,0.29
182.00,-5596.56,385.33,50.89,2.558,0.00,50.0,0.28
183.00,-5594.58,386.94,50.90,2.557,0.00,50.0,0.27
184.00,-5592.60,388.56,50.90,2.556,0.00,50.0,0.26
185.00,-5590.61,390.17,50.91,2.555,0.00,50.0,0.25
186.00,-5588.63,391.78,50.91,2.553,0.00,50.0,0.24
187.00,-5586.65,393.39,50.92,2.552,0.00,50.0,0.23
188.00,-5584.67,395.00,50.92,2.551,0.00,50.0,0.23
189.00,-5582.69,396.60,50.92,2.550,0.00,50.0,0.22
190.00,-5580.71,398.21,50.93,2.549,0.00,50.0,0.21
191.00,-5578.73,399.82,50.93,2.548,0.00,50.0,0.20
192.00,-5576.76,401.42,50.93,2.547,0.00,50.0,0.20
193.00,-5574.78,403.03,50.94,2.546,0.00,50.0,0.19
194.00,-5572.80,404.63,50.94,2.545,0.00,50.0,0.18
195.00,-5570.83,406.23,50.94,2.545,0.00,50.0,0.18
196.00,-5568.85,407.84,50.95,2.544,0.00,50.0,0.17
197.00,-5566.88,409.44,50.95,2.543,0.00,50.0,0.17
198.00,-5564.90,411.04,50.95,2.542,0.00,50.0,0.16
199.00,-5562.93,412.64,50.95,2.541,0.00,50.0,0.16
200.00,-5560.96,414.24,50.96,2.540,0.00,50.0,0.15
201.00,-5558.98,415.84,50.96,2.539,0.00,50.0,0.15
202.00,-5557.01,417.44,50.96,2.539,0.00,50.0,0.14
203.00,-5555.04,419.04,50.96,2.538,0.00,50.0,0.14
204.00,-5553.07,420.64,50.97,2.537,0.00,50.0,0.13
205.00,-5551.10,422.23,50.97,2.536,0.00,50.0,0.13
206.00,-5549.13,423.83,50.97,2.536,0.00,50.0,0.12
207.00,-5547.16,425.43,50.97,2.535,0.00,50.0,0.12
208.00,-5545.19,427.02,50.97,2.534,0.00,50.0,0.11
209.00,-5543.22,428.62,50.98,2.534,0.00,50.0,0.11
210.00,-5541.26,430.21,50.98,2.533,0.00,50.0,0.11
211.00,-5539.29,431.81,50.98,2.532,0.00,50.0,0.10
212.00,-5537.32,433.40,50.98,2.532,0.00,50.0,0.10
213.00,-5535.36,435.00,50.98,2.531,0.00,50.0,0.10
214.00,-5533.39,436.59,50.98,2.530,0.00,50.0,0.09
215.00,-5531.42,438.18,50.98,2.530,0.00,50.0,0.09
216.00,-5529.46,439.77,50.99,2.529,0.00,50.0,0.09
217.00,-5527.49,441.37,50.99,2.529,0.00,50.0,0.08
218.00,-5525.53,442.96,50.99,2.528,0.00,50.0,0.08
219.00,-5523.57,444.55,50.99,2.527,0.00,50.0,0.08
220.00,-5521.60,446.14,50.99,2.527,0.00,50.0,0.08
221.00,-5519.64,447.73,50.99,2.526,0.00,50.0,0.07
222.00,-5517.68,449.32,50.99,2.526,0.00,50.0,0.07
223.00,-5515.71,450.91,51.00,2.525,0.00,50.0,0.07
224.00,-5513.75,452.50,51.00,2.525,0.00,50.0,0.07
225.00,-5511.79,454.09,51.00,2.524,0.00,50.0,0.06
226.00,-5509.83,455.67,51.00,2.524,0.00,50.0,0.06
227.00,-5507.87,457.26,51.00,2.523,0.00,50.0,0.06
228.00,-5505.91,458.85,51.00,2.523,0.00,50.0,0.06
229.00,-5503.95,460.44,51.00,2.522,0.00,50.0,0.06
230.00,-5501.99,462.02,51.00,2.522,0.00,50.0,0.05
231.00,-5500.03,463.61,51.00,2.522,0.00,50.0,0.05
232.00,-5498.07,465.20,51.00,2.521,0.00,50.0,0.05
233.00,-5496.11,466.78,51.00,2.521,0.00,50.0,0.05
234.00,-5494.15,468.37,51.01,2.520,0.00,50.0,0.05
235.00,-5492.19,469.95,51.01,2.520,0.00,50.0,0.05
236.00,-5490.23,471.54,51.01,2.519,0.00,50.0,0.04
237.00,-5488.28,473.12,51.01,2.519,0.00,50.0,0.04
238.00,-5486.32,474.71,51.01,2.519,0.00,50.0,0.04
239.00,-5484.36,476.29,51.01,2.518,0.00,50.0,0.04
240.00,-5482.40,477.88,51.01,2.518,0.00,50.0,0.04
241.00,-5480.45,479.46,51.01,2.518,0.00,50.0,0.04
242.00,-5478.49,481.05,51.01,2.517,0.00,50.0,0.04
243.00,-5476.53,482.63,51.01,2.517,0.00,50.0,0.03
244.00,-5474.58,484.21,51.01,2.517,0.00,50.0,0.03
245.00,-5472.62,485.80,51.01,2.516,0.00,50.0,0.03
246.00,-5470.67,487.38,51.01,2.516,0.00,50.0,0.03
247.00,-5468.71,488.96,51.01,2.516,0.00,50.0,0.03
248.00,-5466.76,490.54,51.01,2.515,0.00,50.0,0.03
249.00,-5464.80,492.13,51.01,2.515,0.00,50.0,0.03
250.00,-5462.85,493.71,51.02,2.515,0.00,50.0,0.03
251.00,-5460.89,495.29,51.02,2.514,0.00,50.0,0.03
252.00,-5458.94,496.87,51.02,2.514,0.00,50.0,0.03
253.00,-5456.98,498.45,51.02,2.514,0.00,50.0,0.02
254.00,-5455.03,500.03,51.02,2.514,0.00,50.0,0.02
255.00,-5453.08,501.62,51.02,2.513,0.00,50.0,0.02
256.00,-5451.12,503.20,51.02,2.513,0.00,50.0,0.02
257.00,-5449.17,504.78,51.02,2.513,0.00,50.0,0.02
258.00,-5447.22,506.36,51.02,2.512,0.00,50.0,0.02
259.00,-5445.26,507.94,51.02,2.512,0.00,50.0,0.02
260.00,-5443.31,509.52,51.02,2.512,0.00,50.0,0.02
261.00,-5441.36,511.10,51.02,2.512,0.00,50.0,0.02
262.00,-5439.41,512.68,51.02,2.512,0.00,50.0,0.02
263.00,-5437.45,514.26,51.02,2.511,0.00,50.0,0.02
264.00,-5435.50,515.84,51.02,2.511,0.00,50.0,0.02
265.00,-5433.55,517.42,51.02,2.511,0.00,50.0,0.02
266.00,-5431.60,519.00,51.02,2.511,0.00,50.0,0.02
267.00,-5429.65,520.58,51.02,2.510,0.00,50.0,0.02
268.00,-5427.70,522.15,51.02,2.510,0.00,50.0,0.01
269.00,-5425.75,523.73,51.02,2.510,0.00,50.0,0.01
270.00,-5423.79,525.31,51.02,2.510,0.00,50.0,0.01
271.00,-5421.84,526.89,51.02,2.510,0.00,50.0,0.01
272.00,-5419.89,528.47,51.02,2.509,0.00,50.0,0.01
273.00,-5417.94,530.05,51.02,2.509,0.00,50.0,0.01
274.00,-5415.99,531.63,51.02,2.509,0.00,50.0,0.01
275.00,-5414.04,533.20,51.02,2.509,0.00,50.0,0.01
276.00,-5412.09,534.78,51.02,2.509,0.00,50.0,0.01
277.00,-5410.14,536.36,51.02,2.509,0.00,50.0,0.01
278.00,-5408.19,537.94,51.02,2.508,0.00,50.0,0.01
279.00,-5406.24,539.52,51.02,2.508,0.00,50.0,0.01
280.00,-5404.29,541.09,51.02,2.508,0.00,50.0,0.01
281.00,-5402.34,542.67,51.02,2.508,0.00,50.0,0.01
282.00,-5400.39,544.25,51.02,2.508,0.00,50.0,0.01
283.00,-5398.44,545.82,51.02,2.508,0.00,50.0,0.01
284.00,-5396.49,547.40,51.02,2.507,0.00,50.0,0.01
285.00,-5394.54,548.98,51.02,2.507,0.00,50.0,0.01
286.00,-5392.60,550.56,51.02,2.507,0.00,50.0,0.01
287.00,-5390.65,552.13,51.02,2.507,0.00,50.0,0.01
288.00,-5388.70,553.71,51.02,2.507,0.00,50.0,0.01
289.00,-5386.75,555.29,51.03,2.507,0.00,50.0,0.01
290.00,-5384.80,556.86,51.03,2.507,0.00,50.0,0.01
291.00,-5382.85,558.44,51.03,2.506,0.00,50.0,0.01
292.00,-5380.90,560.02,51.03,2.506,0.00,50.0,0.01
293.00,-5378.95,561.59,51.03,2.506,0.00,50.0,0.01
294.00,-5377.01,563.17,51.03,2.506,0.00,50.0,0.01
295.00,-5375.06,564.74,51.03,2.506,0.00,50.0,0.01
296.00,-5373.11,566.32,51.03,2.506,0.00,50.0,0.01
297.00,-5371.16,567.90,51.03,2.506,0.00,50.0,0.01
298.00,-5369.21,569.47,51.03,2.506,0.00,50.0,0.01
299.00,-5367.27,571.05,51.03,2.505,0.00,50.0,0.01
300.00,-5365.32,572.62,51.03,2.505,0.00,50.0,0.01
301.00,-5363.37,574.20,51.03,2.505,0.00,50.0,0.00
302.00,-5361.42,575.78,51.03,2.505,0.00,50.0,0.00
303.00,-5359.48,577.35,51.03,2.505,0.00,50.0,0.00
304.00,-5357.53,578.93,51.03,2.505,0.00,50.0,0.00
305.00,-5355.58,580.50,51.03,2.505,0.00,50.0,0.00
306.00,-5353.63,582.08,51.03,2.505,0.00,50.0,0.00
307.00,-5351.69,583.65,51.03,2.505,0.00,50.0,0.00
308.00,-5349.74,585.23,51.03,2.505,0.00,50.0,0.00
309.00,-5347.79,586.80,51.03,2.504,0.00,50.0,0.00
310.00,-5345.85,588.38,51.03,2.504,0.00,50.0,0.00
311.00,-5343.90,589.95,51.03,2.504,0.00,50.0,0.00
312.00,-5341.95,591.53,51.03,2.504,0.00,50.0,0.00
313.00,-5340.01,593.10,51.03,2.504,0.00,50.0,0.00
314.00,-5338.06,594.68,51.03,2.504,0.00,50.0,0.00
315.00,-5336.11,596.25,51.03,2.504,0.00,50.0,0.00
316.00,-5334.17,597.83,51.03,2.504,0.00,50.0,0.00
317.00,-5332.22,599.40,51.03,2.504,0.00,50.0,0.00
318.00,-5330.27,600.98,51.03,2.504,0.00,50.0,0.00
319.00,-5328.33,602.55,51.03,2.504,0.00,50.0,0.00
320.00,-5326.38,604.13,51.03,2.504,0.00,50.0,0.00
321.00,-5324.43,605.70,51.03,2.503,0.00,50.0,0.00
322.00,-5322.49,607.28,51.03,2.503,0.00,50.0,0.00
323.00,-5320.54,608.85,51.03,2.503,0.00,50.0,0.00
324.00,-5318.59,610.42,51.03,2.503,0.00,50.0,0.00
325.00,-5316.65,612.00,51.03,2.503,0.00,50.0,0.00
326.00,-5314.70,613.57,51.03,2.503,0.00,50.0,0.00
327.00,-5312.76,615.15,51.03,2.503,0.00,50.0,0.00
328.00,-5310.81,616.72,51.03,2.503,0.00,50.0,0.00
329.00,-5308.86,618.30,51.03,2.503,0.00,50.0,0.00
330.00,-5306.92,619.87,51.03,2.503,0.00,50.0,0.00
331.00,-5304.97,621.44,51.03,2.503,0.00,50.0,0.00
332.00,-5303.03,623.02,51.03,2.503,0.00,50.0,0.00
333.00,-5301.08,624.59,51.03,2.503,0.00,50.0,0.00
334.00,-5299.14,626.17,51.03,2.503,0.00,50.0,0.00
335.00,-5297.19,627.74,51.03,2.503,0.00,50.0,0.00
336.00,-5295.24,629.31,51.03,2.503,0.00,50.0,0.00
337.00,-5293.30,630.89,51.03,2.503,0.00,50.0,0.00
338.00,-5291.35,632.46,51.03,2.502,0.00,50.0,0.00
339.00,-5289.41,634.04,51.03,2.502,0.00,50.0,0.00
340.00,-5287.46,635.61,51.03,2.502,0.00,50.0,0.00
341.00,-5285.52,637.18,51.03,2.502,0.00,50.0,0.00
342.00,-5283.57,638.76,51.03,2.502,0.00,50.0,0.00
343.00,-5281.63,640.33,51.03,2.502,0.00,50.0,0.00
344.00,-5279.68,641.91,51.03,2.502,0.00,50.0,0.00
345.00,-5277.73,643.48,51.03,2.502,0.00,50.0,0.00
346.00,-5275.79,645.05,51.03,2.502,0.00,50.0,0.00
347.00,-5273.84,646.63,51.03,2.502,0.00,50.0,0.00
348.00,-5271.90,648.20,51.03,2.502,0.00,50.0,0.00
349.00,-5269.95,649.77,51.03,2.502,0.00,50.0,0.00
350.00,-5268.01,651.35,51.03,2.502,0.00,50.0,0.00
351.00,-5266.06,652.92,51.03,2.502,0.00,50.0,0.00
352.00,-5264.12,654.49,51.03,2.502,0.00,50.0,0.00
353.00,-5262.17,656.07,51.03,2.502,0.00,50.0,0.00
354.00,-5260.23,657.64,51.03,2.502,0.00,50.0,0.00
355.00,-5258.28,659.21,51.03,2.502,0.00,50.0,0.00
356.00,-5256.34,660.79,51.03,2.502,0.00,50.0,0.00
357.00,-5254.39,662.36,51.03,2.502,0.00,50.0,0.00
358.00,-5252.45,663.93,51.03,2.502,0.00,50.0,0.00
359.00,-5250.50,665.51,51.03,2.502,0.00,50.0,0.00
360.00,-5248.56,667.08,51.03,2.502,0.00,50.0,0.00
361.00,-5246.61,668.65,51.03,2.502,0.00,50.0,0.00
362.00,-5244.67,670.23,51.03,2.502,0.00,50.0,0.00
363.00,-5242.72,671.80,51.03,2.501,0.00,50.0,0.00
364.00,-5240.78,673.37,51.03,2.501,0.00,50.0,0.00
365.00,-5238.83,674.95,51.03,2.501,0.00,50.0,0.00
366.00,-5236.89,676.52,51.03,2.501,0.00,50.0,0.00
367.00,-5234.95,678.09,51.03,2.501,0.00,50.0,0.00
368.00,-5233.00,679.67,51.03,2.501,0.00,50.0,0.00
369.00,-5231.06,681.24,51.03,2.501,0.00,50.0,0.00
370.00,-5229.11,682.81,51.03,2.501,0.00,50.0,0.00
371.00,-5227.17,684.39,51.03,2.501,0.00,50.0,0.00
372.00,-5225.22,685.96,51.03,2.501,0.00,50.0,0.00
373.00,-5223.28,687.53,51.03,2.501,0.00,50.0,0.00
374.00,-5221.33,689.11,51.03,2.501,0.00,50.0,0.00
375.00,-5219.39,690.68,51.03,2.501,0.00,50.0,0.00
376.00,-5217.44,692.25,51.03,2.501,0.00,50.0,0.00
377.00,-5215.50,693.83,51.03,2.501,0.00,50.0,0.00
378.00,-5213.55,695.40,51.03,2.501,0.00,50.0,0.00
379.00,-5211.61,696.97,51.03,2.501,0.00,50.0,0.00
380.00,-5209.67,698.54,51.03,2.501,0.00,50.0,0.00
381.00,-5207.72,700.12,51.03,2.501,0.00,50.0,0.00
382.00,-5205.78,701.69,51.03,2.501,0.00,50.0,0.00
383.00,-5203.83,703.26,51.03,2.501,0.00,50.0,0.00
384.00,-5201.89,704.84,51.03,2.501,0.00,50.0,0.00
385.00,-5199.94,706.41,51.03,2.501,0.00,50.0,0.00
386.00,-5198.00,707.98,51.03,2.501,0.00,50.0,0.00
387.00,-5196.05,709.56,51.03,2.501,0.00,50.0,0.00
388.00,-5194.11,711.13,51.03,2.501,0.00,50.0,0.00
389.00,-5192.17,712.70,51.03,2.501,0.00,50.0,0.00
390.00,-5190.22,714.27,51.03,2.501,0.00,50.0,0.00
391.00,-5188.28,715.85,51.03,2.501,0.00,50.0,0.00
392.00,-5186.33,717.42,51.03,2.501,0.00,50.0,0.00
393.00,-5184.39,718.99,51.03,2.501,0.00,50.0,0.00
394.00,-5182.44,720.57,51.03,2.501,0.00,50.0,0.00
395.00,-5180.50,722.14,51.03,2.501,0.00,50.0,0.00
396.00,-5178.56,723.71,51.03,2.501,0.00,50.0,0.00
397.00,-5176.61,725.28,51.03,2.501,0.00,50.0,0.00
398.00,-5174.67,726.86,51.03,2.501,0.00,50.0,0.00
399.00,-5172.72,728.43,51.03,2.501,0.00,50.0,0.00
400.00,-5170.78,730.00,51.03,2.501,0.00,50.0,0.00
401.00,-5168.84,731.57,51.03,2.501,0.00,50.0,0.00
402.00,-5166.89,733.15,51.03,2.501,0.00,50.0,0.00
403.00,-5164.95,734.72,51.03,2.501,0.00,50.0,0.00
404.00,-5163.00,736.29,51.03,2.501,0.00,50.0,0.00
405.00,-5161.06,737.87,51.03,2.501,0.00,50.0,0.00
406.00,-5159.11,739.44,51.03,2.501,0.00,50.0,0.00
407.00,-5157.17,741.01,51.03,2.501,0.00,50.0,0.00
408.00,-5155.23,742.58,51.03,2.501,0.00,50.0,0.00
409.00,-5153.28,744.16,51.03,2.501,0.00,50.0,0.00
410.00,-5151.34,745.73,51.03,2.501,0.00,50.0,0.00
411.00,-5149.39,747.30,51.03,2.501,0.00,50.0,0.00
412.00,-5147.45,748.87,51.03,2.501,0.00,50.0,0.00
413.00,-5145.51,750.45,51.03,2.501,0.00,50.0,0.00
414.00,-5143.56,752.02,51.03,2.501,0.00,50.0,0.00
415.00,-5141.62,753.59,51.03,2.501,0.00,50.0,0.00
416.00,-5139.67,755.17,51.03,2.501,0.00,50.0,0.00
417.00,-5137.73,756.74,51.03,2.501,0.00,50.0,0.00
418.00,-5135.79,758.31,51.03,2.500,0.00,50.0,0.00
419.00,-5133.84,759.88,51.03,2.500,0.00,50.0,0.00
420.00,-5131.90,761.46,51.03,2.500,0.00,50.0,0.00
421.00,-5129.95,763.03,51.03,2.500,0.00,50.0,0.00
422.00,-5128.01,764.60,51.03,2.500,0.00,50.0,0.00
423.00,-5126.07,766.17,51.03,2.500,0.00,50.0,0.00
424.00,-5124.12,767.75,51.03,2.500,0.00,50.0,0.00
425.00,-5122.18,769.32,51.03,2.500,0.00,50.0,0.00
426.00,-5120.23,770.89,51.03,2.500,0.00,50.0,0.00
427.00,-5118.29,772.46,51.03,2.500,0.00,50.0,0.00
428.00,-5116.35,774.04,51.03,2.500,0.00,50.0,0.00
429.00,-5114.40,775.61,51.03,2.500,0.00,50.0,0.00
430.00,-5112.46,777.18,51.03,2.500,0.00,50.0,0.00
431.00,-5110.51,778.75,51.03,2.500,0.00,50.0,0.00
432.00,-5108.57,780.33,51.03,2.500,0.00,50.0,0.00
433.00,-5106.63,781.90,51.03,2.500,0.00,50.0,0.00
434.00,-5104.68,783.47,51.03,2.500,0.00,50.0,0.00
435.00,-5102.74,785.04,51.03,2.500,0.00,50.0,0.00
436.00,-5100.79,786.62,51.03,2.500,0.00,50.0,0.00
437.00,-5098.85,788.19,51.03,2.500,0.00,50.0,0.00
438.00,-5096.91,789.76,51.03,2.500,0.00,50.0,0.00
439.00,-5094.96,791.33,51.03,2.500,0.00,50.0,0.00
440.00,-5093.02,792.91,51.03,2.500,0.00,50.0,0.00
441.00,-5091.07,794.48,51.03,2.500,0.00,50.0,0.00
442.00,-5089.13,796.05,51.03,2.500,0.00,50.0,0.00
443.00,-5087.19,797.63,51.03,2.500,0.00,50.0,0.00
444.00,-5085.24,799.20,51.03,2.500,0.00,50.0,0.00
445.00,-5083.30,800.77,51.03,2.500,0.00,50.0,0.00
446.00,-5081.36,802.34,51.03,2.500,0.00,50.0,0.00
447.00,-5079.41,803.92,51.03,2.500,0.00,50.0,0.00
448.00,-5077.47,805.49,51.03,2.500,0.00,50.0,0.00
449.00,-5075.52,807.06,51.03,2.500,0.00,50.0,0.00
450.00,-5073.58,808.63,51.03,2.500,0.00,50.0,0.00
451.00,-5071.64,810.21,51.03,2.500,0.00,50.0,0.00
452.00,-5069.69,811.78,51.03,2.500,0.00,50.0,0.00
453.00,-5067.75,813.35,51.03,2.500,0.00,50.0,0.00
454.00,-5065.80,814.92,51.03,2.500,0.00,50.0,0.00
455.00,-5063.86,816.50,51.03,2.500,0.00,50.0,0.00
456.00,-5061.92,818.07,51.03,2.500,0.00,50.0,0.00
457.00,-5059.97,819.64,51.03,2.500,0.00,50.0,0.00
458.00,-5058.03,821.21,51.03,2.500,0.00,50.0,0.00
459.00,-5056.09,822.78,51.03,2.500,0.00,50.0,0.00
460.00,-5054.14,824.36,51.03,2.500,0.00,50.0,0.00
461.00,-5052.20,825.93,51.03,2.500,0.00,50.0,0.00
462.00,-5050.25,827.50,51.03,2.500,0.00,50.0,0.00
463.00,-5048.31,829.07,51.03,2.500,0.00,50.0,0.00
464.00,-5046.37,830.65,51.03,2.500,0.00,50.0,0.00
465.00,-5044.42,832.22,51.03,2.500,0.00,50.0,0.00
466.00,-5042.48,833.79,51.03,2.500,0.00,50.0,0.00
467.00,-5040.53,835.36,51.03,2.500,0.00,50.0,0.00
468.00,-5038.59,836.94,51.03,2.500,0.00,50.0,0.00
469.00,-5036.65,838.51,51.03,2.500,0.00,50.0,0.00
470.00,-5034.70,840.08,51.03,2.500,0.00,50.0,0.00
471.00,-5032.76,841.65,51.03,2.500,0.00,50.0,0.00
472.00,-5030.82,843.23,51.03,2.500,0.00,50.0,0.00
473.00,-5028.87,844.80,51.03,2.500,0.00,50.0,0.00
474.00,-5026.93,846.37,51.03,2.500,0.00,50.0,0.00
475.00,-5024.98,847.94,51.03,2.500,0.00,50.0,0.00
476.00,-5023.04,849.52,51.03,2.500,0.00,50.0,0.00
477.00,-5021.10,851.09,51.03,2.500,0.00,50.0,0.00
478.00,-5019.15,852.66,51.03,2.500,0.00,50.0,0.00
479.00,-5017.21,854.23,51.03,2.500,0.00,50.0,0.00
480.00,-5015.27,855.81,51.03,2.500,0.00,50.0,0.00
481.00,-5013.32,857.38,51.03,2.500,0.00,50.0,0.00
482.00,-5011.38,858.95,51.03,2.500,0.00,50.0,0.00
483.00,-5009.43,860.52,51.03,2.500,0.00,50.0,0.00
484.00,-5007.49,862.10,51.03,2.500,0.00,50.0,0.00
485.00,-5005.55,863.67,51.03,2.500,0.00,50.0,0.00
486.00,-5003.60,865.24,51.03,2.500,0.00,50.0,0.00
487.00,-5001.66,866.81,51.03,2.500,0.00,50.0,0.00
488.00,-4999.72,868.39,51.03,2.500,0.00,50.0,0.00
489.00,-4997.77,869.96,51.03,2.500,0.00,50.0,0.00
490.00,-4995.83,871.53,51.03,2.500,0.00,50.0,0.00
491.00,-4993.88,873.10,51.03,2.500,0.00,50.0,0.00
492.00,-4991.94,874.68,51.03,2.500,0.00,50.0,0.00
493.00,-4990.00,876.25,51.03,2.500,0.00,50.0,0.00
494.00,-4988.05,877.82,51.03,2.500,0.00,50.0,0.00
495.00,-4986.11,879.39,51.03,2.500,0.00,50.0,0.00
496.00,-4984.17,880.96,51.03,2.500,0.00,50.0,0.00
497.00,-4982.22,882.54,51.03,2.500,0.00,50.0,0.00
498.00,-4980.28,884.11,51.03,2.500,0.00,50.0,0.00
499.00,-4978.33,885.68,51.03,2.500,0.00,50.0,0.00
500.00,-4976.39,887.25,51.03,2.500,0.00,50.0,0.00
501.00,-4974.45,888.83,51.03,2.500,0.00,50.0,0.00
502.00,-4972.50,890.40,51.03,2.500,0.00,50.0,0.00
503.00,-4970.56,891.97,51.03,2.500,0.00,50.0,0.00
504.00,-4968.62,893.54,51.03,2.500,0.00,50.0,0.00
505.00,-4966.67,895.12,51.03,2.500,0.00,50.0,0.00
506.00,-4964.73,896.69,51.03,2.500,0.00,50.0,0.00
507.00,-4962.79,898.26,51.03,2.500,0.00,50.0,0.00
508.00,-4960.84,899.83,51.03,2.500,0.00,50.0,0.00
509.00,-4958.90,901.41,51.03,2.500,0.00,50.0,0.00
510.00,-4956.95,902.98,51.03,2.500,0.00,50.0,0.00
511.00,-4955.01,904.55,51.03,2.500,0.00,50.0,0.00
512.00,-4953.07,906.12,51.03,2.500,0.00,50.0,0.00
513.00,-4951.12,907.70,51.03,2.500,0.00,50.0,0.00
514.00,-4949.18,909.27,51.03,2.500,0.00,50.0,0.00
515.00,-4947.24,910.84,51.03,2.500,0.00,50.0,0.00
516.00,-4945.29,912.41,51.03,2.500,0.00,50.0,0.00
517.00,-4943.35,913.98,51.03,2.500,0.00,50.0,0.00
518.00,-4941.40,915.56,51.03,2.500,0.00,50.0,0.00
519.00,-4939.46,917.13,51.03,2.500,0.00,50.0,0.00
520.00,-4937.52,918.70,51.03,2.500,0.00,50.0,0.00
521.00,-4935.57,920.27,51.03,2.500,0.00,50.0,0.00
522.00,-4933.63,921.85,51.03,2.500,0.00,50.0,0.00
523.00,-4931.69,923.42,51.03,2.500,0.00,50.0,0.00
524.00,-4929.74,924.99,51.03,2.500,0.00,50.0,0.00
525.00,-4927.80,926.56,51.03,2.500,0.00,50.0,0.00
526.00,-4925.85,928.14,51.03,2.500,0.00,50.0,0.00
527.00,-4923.91,929.71,51.03,2.500,0.00,50.0,0.00
528.00,-4921.97,931.28,51.03,2.500,0.00,50.0,0.00
529.00,-4920.02,932.85,51.03,2.500,0.00,50.0,0.00
530.00,-4918.08,934.43,51.03,2.500,0.00,50.0,0.00
531.00,-4916.14,936.00,51.03,2.500,0.00,50.0,0.00
532.00,-4914.19,937.57,51.03,2.500,0.00,50.0,0.00
533.00,-4912.25,939.14,51.03,2.500,0.00,50.0,0.00
534.00,-4910.31,940.71,51.03,2.500,0.00,50.0,0.00
535.00,-4908.36,942.29,51.03,2.500,0.00,50.0,0.00
536.00,-4906.42,943.86,51.03,2.500,0.00,50.0,0.00
537.00,-4904.47,945.43,51.03,2.500,0.00,50.0,0.00
538.00,-4902.53,947.00,51.03,2.500,0.00,50.0,0.00
539.00,-4900.59,948.58,51.03,2.500,0.00,50.0,0.00
540.00,-4898.64,950.15,51.03,2.500,0.00,50.0,0.00
541.00,-4896.70,951.72,51.03,2.500,0.00,50.0,0.00
542.00,-4894.76,953.29,51.03,2.500,0.00,50.0,0.00
543.00,-4892.81,954.87,51.03,2.500,0.00,50.0,0.00
544.00,-4890.87,956.44,51.03,2.500,0.00,50.0,0.00
545.00,-4888.92,958.01,51.03,2.500,0.00,50.0,0.00
546.00,-4886.98,959.58,51.03,2.500,0.00,50.0,0.00
547.00,-4885.04,961.16,51.03,2.500,0.00,50.0,0.00
548.00,-4883.09,962.73,51.03,2.500,0.00,50.0,0.00
549.00,-4881.15,964.30,51.03,2.500,0.00,50.0,0.00
550.00,-4879.21,965.87,51.03,2.500,0.00,50.0,0.00
551.00,-4877.26,967.45,51.03,2.500,0.00,50.0,0.00
552.00,-4875.32,969.02,51.03,2.500,0.00,50.0,0.00
553.00,-4873.38,970.59,51.03,2.500,0.00,50.0,0.00
554.00,-4871.43,972.16,51.03,2.500,0.00,50.0,0.00
555.00,-4869.49,973.73,51.03,2.500,0.00,50.0,0.00
556.00,-4867.54,975.31,51.03,2.500,0.00,50.0,0.00
557.00,-4865.60,976.88,51.03,2.500,0.00,50.0,0.00
558.00,-4863.66,978.45,51.03,2.500,0.00,50.0,0.00
559.00,-4861.71,980.02,51.03,2.500,0.00,50.0,0.00
560.00,-4859.77,981.60,51.03,2.500,0.00,50.0,0.00
561.00,-4857.83,983.17,51.03,2.500,0.00,50.0,0.00
562.00,-4855.88,984.74,51.03,2.500,0.00,50.0,0.00
563.00,-4853.94,986.31,51.03,2.500,0.00,50.0,0.00
564.00,-4851.99,987.89,51.03,2.500,0.00,50.0,0.00
565.00,-4850.05,989.46,51.03,2.500,0.00,50.0,0.00
566.00,-4848.11,991.03,51.03,2.500,0.00,50.0,0.00
567.00,-4846.16,992.60,51.03,2.500,0.00,50.0,0.00
568.00,-4844.22,994.17,51.03,2.500,0.00,50.0,0.00
569.00,-4842.28,995.75,51.03,2.500,0.00,50.0,0.00
570.00,-4840.33,997.32,51.03,2.500,0.00,50.0,0.00
571.00,-4838.39,998.89,51.03,2.500,0.00,50.0,0.00
572.00,-4836.45,1000.46,51.03,2.500,0.00,50.0,0.00
573.00,-4834.50,1002.04,51.03,2.500,0.00,50.0,0.00
574.00,-4832.56,1003.61,51.03,2.500,0.00,50.0,0.00
575.00,-4830.61,1005.18,51.03,2.500,0.00,50.0,0.00
576.00,-4828.67,1006.75,51.03,2.500,0.00,50.0,0.00
577.00,-4826.73,1008.33,51.03,2.500,0.00,50.0,0.00
578.00,-4824.78,1009.90,51.03,2.500,0.00,50.0,0.00
579.00,-4822.84,1011.47,51.03,2.500,0.00,50.0,0.00
580.00,-4820.90,1013.04,51.03,2.500,0.00,50.0,0.00
581.00,-4818.95,1014.62,51.03,2.500,0.00,50.0,0.00
582.00,-4817.01,1016.19,51.03,2.500,0.00,50.0,0.00
583.00,-4815.07,1017.76,51.03,2.500,0.00,50.0,0.00
584.00,-4813.12,1019.33,51.03,2.500,0.00,50.0,0.00
585.00,-4811.18,1020.90,51.03,2.500,0.00,50.0,0.00
586.00,-4809.23,1022.48,51.03,2.500,0.00,50.0,0.00
587.00,-4807.29,1024.05,51.03,2.500,0.00,50.0,0.00
588.00,-4805.35,1025.62,51.03,2.500,0.00,50.0,0.00
589.00,-4803.40,1027.19,51.03,2.500,0.00,50.0,0.00
590.00,-4801.46,1028.77,51.03,2.500,0.00,50.0,0.00
591.00,-4799.52,1030.34,51.03,2.500,0.00,50.0,0.00
592.00,-4797.57,1031.91,51.03,2.500,0.00,50.0,0.00
593.00,-4795.63,1033.48,51.03,2.500,0.00,50.0,0.00
594.00,-4793.69,1035.06,51.03,2.500,0.00,50.0,0.00
595.00,-4791.74,1036.63,51.03,2.500,0.00,50.0,0.00
596.00,-4789.80,1038.20,51.03,2.500,0.00,50.0,0.00
597.00,-4787.85,1039.77,51.03,2.500,0.00,50.0,0.00
598.00,-4785.91,1041.35,51.03,2.500,0.00,50.0,0.00
599.00,-4783.97,1042.92,51.03,2.500,0.00,50.0,0.00
600.00,-4782.02,1044.49,51.03,2.500,0.00,50.0,0.00
601.00,-4780.08,1046.06,51.03,2.500,0.00,50.0,0.00
602.00,-4778.14,1047.63,51.03,2.500,0.00,50.0,0.00
603.00,-4776.19,1049.21,51.03,2.500,0.00,50.0,0.00
604.00,-4774.25,1050.78,51.03,2.500,0.00,50.0,0.00
605.00,-4772.30,1052.35,51.03,2.500,0.00,50.0,0.00
606.00,-4770.36,1053.92,51.03,2.500,0.00,50.0,0.00
607.00,-4768.42,1055.50,51.03,2.500,0.00,50.0,0.00
608.00,-4766.47,1057.07,51.03,2.500,0.00,50.0,0.00
609.00,-4764.53,1058.64,51.03,2.500,0.00,50.0,0.00
610.00,-4762.59,1060.21,51.03,2.500,0.00,50.0,0.00
611.00,-4760.64,1061.79,51.03,2.500,0.00,50.0,0.00
612.00,-4758.70,1063.36,51.03,2.500,0.00,50.0,0.00
613.00,-4756.76,1064.93,51.03,2.500,0.00,50.0,0.00
614.00,-4754.81,1066.50,51.03,2.500,0.00,50.0,0.00
615.00,-4752.87,1068.08,51.03,2.500,0.00,50.0,0.00
616.00,-4750.92,1069.65,51.03,2.500,5.00,50.0,0.06
617.00,-4748.98,1071.22,51.03,2.500,5.00,50.0,0.11
618.00,-4747.04,1072.79,51.03,2.500,5.00,50.0,0.17
619.00,-4745.09,1074.36,51.04,2.500,5.00,50.0,0.22
620.00,-4743.15,1075.94,51.04,2.500,5.00,50.0,0.27
621.00,-4741.21,1077.51,51.05,2.500,5.00,50.0,0.32
622.00,-4739.26,1079.08,51.05,2.500,5.00,50.0,0.36
623.00,-4737.32,1080.65,51.06,2.500,5.00,50.0,0.41
624.00,-4735.37,1082.22,51.07,2.500,5.00,50.0,0.45
625.00,-4733.43,1083.79,51.08,2.500,5.00,50.0,0.49
626.00,-4731.48,1085.36,51.08,2.500,5.00,50.0,0.53
627.00,-4729.54,1086.93,51.09,2.500,5.00,50.0,0.57
628.00,-4727.59,1088.50,51.10,2.500,5.00,50.0,0.61
629.00,-4725.65,1090.07,51.12,2.500,5.00,50.0,0.65
630.00,-4723.70,1091.64,51.13,2.500,5.00,50.0,0.68
631.00,-4721.75,1093.21,51.14,2.500,10.00,50.0,0.77
632.00,-4719.81,1094.78,51.15,2.500,10.00,50.0,0.86
633.00,-4717.86,1096.35,51.17,2.500,10.00,50.0,0.95
634.00,-4715.91,1097.92,51.19,2.500,10.00,50.0,1.03
635.00,-4713.96,1099.48,51.21,2.500,10.00,50.0,1.11
636.00,-4712.02,1101.05,51.23,2.500,10.00,50.0,1.19
637.00,-4710.07,1102.62,51.25,2.500,10.00,50.0,1.26
638.00,-4708.12,1104.18,51.27,2.500,10.00,50.0,1.34
639.00,-4706.17,1105.74,51.29,2.500,10.00,50.0,1.41
640.00,-4704.22,1107.31,51.32,2.500,10.00,50.0,1.47
641.00,-4702.26,1108.87,51.34,2.500,10.00,50.0,1.54
642.00,-4700.31,1110.43,51.37,2.500,10.00,50.0,1.60
643.00,-4698.36,1111.99,51.40,2.500,10.00,50.0,1.66
644.00,-4696.41,1113.55,51.43,2.500,10.00,50.0,1.72
645.00,-4694.45,1115.11,51.46,2.500,10.00,50.0,1.78
646.00,-4692.50,1116.67,51.49,2.500,10.00,50.0,1.83
647.00,-4690.54,1118.23,51.52,2.500,10.00,50.0,1.89
648.00,-4688.58,1119.78,51.55,2.500,10.00,50.0,1.94
649.00,-4686.63,1121.34,51.58,2.500,15.00,50.0,2.04
650.00,-4684.67,1122.89,51.62,2.500,15.00,50.0,2.15
651.00,-4682.71,1124.44,51.66,2.500,15.00,50.0,2.25
652.00,-4680.75,1125.99,51.70,2.500,15.00,50.0,2.34
653.00,-4678.78,1127.54,51.74,2.500,15.00,50.0,2.44
654.00,-4676.82,1129.09,51.78,2.500,15.00,50.0,2.53
655.00,-4674.86,1130.64,51.82,2.500,15.00,50.0,2.61
656.00,-4672.89,1132.18,51.87,2.500,15.00,50.0,2.70
657.00,-4670.93,1133.73,51.91,2.500,15.00,50.0,2.78
658.00,-4668.96,1135.27,51.96,2.500,15.00,50.0,2.86
659.00,-4666.99,1136.81,52.01,2.500,15.00,50.0,2.94
660.00,-4665.02,1138.35,52.06,2.500,15.00,50.0,3.01
661.00,-4663.05,1139.89,52.11,2.500,15.00,50.0,3.08
662.00,-4661.07,1141.42,52.16,2.500,15.00,50.0,3.15
663.00,-4659.10,1142.95,52.22,2.500,15.00,50.0,3.22
664.00,-4657.12,1144.49,52.27,2.500,15.00,50.0,3.28
665.00,-4655.15,1146.02,52.33,2.500,20.00,50.0,3.40
666.00,-4653.17,1147.54,52.39,2.500,20.00,50.0,3.51
667.00,-4651.19,1149.07,52.45,2.500,20.00,50.0,3.63
668.00,-4649.20,1150.59,52.51,2.500,20.00,50.0,3.73
669.00,-4647.22,1152.11,52.57,2.500,20.00,50.0,3.84
670.00,-4645.24,1153.63,52.64,2.500,20.00,50.0,3.94
671.00,-4643.25,1155.15,52.71,2.500,20.00,50.0,4.04
672.00,-4641.26,1156.67,52.78,2.500,20.00,50.0,4.13
673.00,-4639.27,1158.18,52.85,2.500,20.00,50.0,4.22
674.00,-4637.28,1159.69,52.92,2.500,20.00,50.0,4.31
675.00,-4635.28,1161.20,52.99,2.500,20.00,50.0,4.39
676.00,-4633.29,1162.70,53.07,2.500,20.00,50.0,4.48
677.00,-4631.29,1164.20,53.14,2.500,20.00,50.0,4.55
678.00,-4629.29,1165.70,53.22,2.500,20.00,50.0,4.63
679.00,-4627.28,1167.20,53.30,2.500,20.00,50.0,4.71
680.00,-4625.28,1168.69,53.38,2.500,20.00,50.0,4.78
681.00,-4623.27,1170.18,53.46,2.500,20.00,50.0,4.85
682.00,-4621.27,1171.67,53.54,2.500,20.00,50.0,4.91
683.00,-4619.25,1173.16,53.62,2.500,20.00,50.0,4.98
684.00,-4617.24,1174.64,53.71,2.500,20.00,50.0,5.04
685.00,-4615.23,1176.12,53.79,2.500,20.00,50.0,5.10
686.00,-4613.21,1177.60,53.88,2.500,20.00,50.0,5.16
687.00,-4611.19,1179.07,53.96,2.500,20.00,50.0,5.22
688.00,-4609.17,1180.54,54.05,2.500,20.00,50.0,5.27
689.00,-4607.14,1182.01,54.14,2.500,20.00,50.0,5.32
690.00,-4605.12,1183.47,54.23,2.500,20.00,50.0,5.38
691.00,-4603.09,1184.94,54.32,2.500,20.00,50.0,5.42
692.00,-4601.06,1186.39,54.41,2.500,20.00,50.0,5.47
693.00,-4599.03,1187.85,54.50,2.500,20.00,50.0,5.52
694.00,-4596.99,1189.30,54.60,2.500,20.00,50.0,5.56
695.00,-4594.95,1190.75,54.69,2.500,20.00,50.0,5.61
696.00,-4592.91,1192.19,54.78,2.500,20.00,50.0,5.65
697.00,-4590.87,1193.64,54.88,2.500,20.00,50.0,5.69
698.00,-4588.83,1195.07,54.97,2.500,20.00,50.0,5.73
699.00,-4586.78,1196.51,55.07,2.500,20.00,50.0,5.76
700.00,-4584.73,1197.94,55.17,2.500,20.00,50.0,5.80
701.00,-4582.68,1199.37,55.26,2.500,20.00,50.0,5.84
702.00,-4580.62,1200.79,55.36,2.500,20.00,50.0,5.87
703.00,-4578.57,1202.21,55.46,2.500,20.00,50.0,5.90
704.00,-4576.51,1203.63,55.56,2.500,20.00,50.0,5.94
705.00,-4574.44,1205.04,55.66,2.500,20.00,50.0,5.97
706.00,-4572.38,1206.46,55.76,2.500,20.00,50.0,6.00
707.00,-4570.31,1207.86,55.86,2.500,20.00,50.0,6.02
708.00,-4568.24,1209.27,55.96,2.500,20.00,50.0,6.05
709.00,-4566.17,1210.66,56.06,2.500,20.00,50.0,6.08
710.00,-4564.10,1212.06,56.16,2.500,20.00,50.0,6.10
711.00,-4562.02,1213.45,56.27,2.500,20.00,50.0,6.13
712.00,-4559.94,1214.84,56.37,2.500,20.00,50.0,6.15
713.00,-4557.86,1216.23,56.47,2.500,20.00,50.0,6.18
714.00,-4555.78,1217.61,56.57,2.500,20.00,50.0,6.20
715.00,-4553.69,1218.98,56.68,2.500,20.00,50.0,6.22
716.00,-4551.60,1220.36,56.78,2.500,20.00,50.0,6.24
717.00,-4549.51,1221.73,56.89,2.500,20.00,50.0,6.26
718.00,-4547.42,1223.09,56.99,2.500,20.00,50.0,6.28
719.00,-4545.32,1224.45,57.10,2.500,20.00,50.0,6.30
720.00,-4543.22,1225.81,57.20,2.500,20.00,50.0,6.32
721.00,-4541.12,1227.17,57.31,2.500,20.00,50.0,6.34
722.00,-4539.02,1228.52,57.41,2.500,20.00,50.0,6.36
723.00,-4536.91,1229.86,57.52,2.500,20.00,50.0,6.37
724.00,-4534.80,1231.21,57.63,2.500,20.00,50.0,6.39
725.00,-4532.69,1232.54,57.73,2.500,20.00,50.0,6.40
726.00,-4530.57,1233.88,57.84,2.500,20.00,50.0,6.42
727.00,-4528.46,1235.21,57.95,2.500,20.00,50.0,6.43
728.00,-4526.34,1236.54,58.05,2.500,20.00,50.0,6.45
729.00,-4524.22,1237.86,58.16,2.500,20.00,50.0,6.46
730.00,-4522.09,1239.18,58.27,2.500,20.00,50.0,6.48
731.00,-4519.97,1240.49,58.38,2.500,20.00,50.0,6.49
732.00,-4517.84,1241.80,58.49,2.500,20.00,50.0,6.50
733.00,-4515.71,1243.11,58.60,2.500,20.00,50.0,6.51
734.00,-4513.57,1244.41,58.70,2.500,20.00,50.0,6.52
735.00,-4511.44,1245.71,58.81,2.500,20.00,50.0,6.53
736.00,-4509.30,1247.01,58.92,2.500,20.00,50.0,6.55
737.00,-4507.16,1248.30,59.03,2.500,20.00,50.0,6.56
738.00,-4505.01,1249.58,59.14,2.500,20.00,50.0,6.57
739.00,-4502.87,1250.87,59.25,2.500,20.00,50.0,6.58
740.00,-4500.72,1252.14,59.36,2.500,20.00,50.0,6.59
741.00,-4498.57,1253.42,59.47,2.500,20.00,50.0,6.59
742.00,-4496.42,1254.69,59.58,2.500,20.00,50.0,6.60
743.00,-4494.26,1255.95,59.69,2.500,20.00,50.0,6.61
744.00,-4492.10,1257.21,59.80,2.500,20.00,50.0,6.62
745.00,-4489.94,1258.47,59.91,2.500,20.00,50.0,6.63
746.00,-4487.78,1259.73,60.02,2.500,20.00,50.0,6.64
747.00,-4485.61,1260.98,60.13,2.500,20.00,50.0,6.64
748.00,-4483.44,1262.22,60.24,2.500,20.00,50.0,6.65
749.00,-4481.27,1263.46,60.35,2.500,20.00,50.0,6.66
750.00,-4479.10,1264.70,60.47,2.500,20.00,50.0,6.66
751.00,-4476.93,1265.93,60.58,2.500,20.00,50.0,6.67
752.00,-4474.75,1267.16,60.69,2.500,20.00,50.0,6.68
753.00,-4472.57,1268.38,60.80,2.500,20.00,50.0,6.68
754.00,-4470.39,1269.60,60.91,2.500,20.00,50.0,6.69
755.00,-4468.20,1270.82,61.02,2.500,20.00,50.0,6.69
756.00,-4466.01,1272.03,61.13,2.500,20.00,50.0,6.70
757.00,-4463.82,1273.24,61.25,2.500,20.00,50.0,6.70
758.00,-4461.63,1274.44,61.36,2.500,20.00,50.0,6.71
759.00,-4459.44,1275.64,61.47,2.500,20.00,50.0,6.71
760.00,-4457.24,1276.83,61.58,2.500,20.00,50.0,6.72
761.00,-4455.04,1278.02,61.69,2.500,20.00,50.0,6.72
762.00,-4452.84,1279.21,61.81,2.500,20.00,50.0,6.73
763.00,-4450.64,1280.39,61.92,2.500,20.00,50.0,6.73
764.00,-4448.43,1281.56,62.03,2.500,20.00,50.0,6.74
765.00,-4446.23,1282.74,62.14,2.500,20.00,50.0,6.74
766.00,-4444.02,1283.90,62.25,2.500,20.00,50.0,6.74
767.00,-4441.80,1285.07,62.37,2.500,20.00,50.0,6.75
768.00,-4439.59,1286.23,62.48,2.500,20.00,50.0,6.75
769.00,-4437.37,1287.38,62.59,2.500,20.00,50.0,6.76
770.00,-4435.15,1288.53,62.70,2.500,20.00,50.0,6.76
771.00,-4432.93,1289.68,62.82,2.500,20.00,50.0,6.76
772.00,-4430.71,1290.82,62.93,2.500,20.00,50.0,6.77
773.00,-4428.48,1291.96,63.04,2.500,20.00,50.0,6.77
774.00,-4426.25,1293.09,63.16,2.500,20.00,50.0,6.77
775.00,-4424.02,1294.22,63.27,2.500,20.00,50.0,6.77
776.00,-4421.79,1295.35,63.38,2.500,20.00,50.0,6.78
777.00,-4419.55,1296.47,63.49,2.500,20.00,50.0,6.78
778.00,-4417.32,1297.58,63.61,2.500,20.00,50.0,6.78
779.00,-4415.08,1298.69,63.72,2.500,20.00,50.0,6.78
780.00,-4412.84,1299.80,63.83,2.500,20.00,50.0,6.79
781.00,-4410.59,1300.90,63.95,2.500,20.00,50.0,6.79
782.00,-4408.35,1302.00,64.06,2.500,20.00,50.0,6.79
783.00,-4406.10,1303.09,64.17,2.500,20.00,50.0,6.79
784.00,-4403.85,1304.18,64.29,2.500,20.00,50.0,6.80
785.00,-4401.59,1305.27,64.40,2.500,20.00,50.0,6.80
786.00,-4399.34,1306.35,64.51,2.500,20.00,50.0,6.80
787.00,-4397.08,1307.42,64.63,2.500,20.00,50.0,6.80
788.00,-4394.82,1308.50,64.74,2.500,20.00,50.0,6.80
789.00,-4392.56,1309.56,64.85,2.500,20.00,50.0,6.81
790.00,-4390.30,1310.62,64.97,2.500,20.00,50.0,6.81
791.00,-4388.04,1311.68,65.08,2.500,20.00,50.0,6.81
792.00,-4385.77,1312.74,65.19,2.500,20.00,50.0,6.81
793.00,-4383.50,1313.78,65.31,2.500,20.00,50.0,6.81
794.00,-4381.23,1314.83,65.42,2.500,20.00,50.0,6.81
795.00,-4378.95,1315.87,65.53,2.500,20.00,50.0,6.81
796.00,-4376.68,1316.90,65.65,2.500,20.00,50.0,6.82
797.00,-4374.40,1317.94,65.76,2.500,20.00,50.0,6.82
798.00,-4372.12,1318.96,65.88,2.500,20.00,50.0,6.82
799.00,-4369.84,1319.98,65.99,2.500,20.00,50.0,6.82
800.00,-4367.56,1321.00,66.10,2.500,20.00,50.0,6.82
801.00,-4365.27,1322.01,66.22,2.500,20.00,50.0,6.82
802.00,-4362.98,1323.02,66.33,2.500,20.00,50.0,6.82
803.00,-4360.69,1324.03,66.44,2.500,20.00,50.0,6.83
804.00,-4358.40,1325.02,66.56,2.500,20.00,50.0,6.83
805.00,-4356.11,1326.02,66.67,2.500,20.00,50.0,6.83
806.00,-4353.81,1327.01,66.79,2.500,20.00,50.0,6.83
807.00,-4351.51,1327.99,66.90,2.500,20.00,50.0,6.83
808.00,-4349.21,1328.98,67.01,2.500,20.00,50.0,6.83
809.00,-4346.91,1329.95,67.13,2.500,20.00,50.0,6.83
810.00,-4344.61,1330.92,67.24,2.500,20.00,50.0,6.83
811.00,-4342.30,1331.89,67.35,2.500,20.00,50.0,6.83
812.00,-4340.00,1332.85,67.47,2.500,20.00,50.0,6.83
813.00,-4337.69,1333.81,67.58,2.500,20.00,50.0,6.83
814.00,-4335.38,1334.76,67.70,2.500,20.00,50.0,6.84
815.00,-4333.06,1335.71,67.81,2.500,20.00,50.0,6.84
816.00,-4330.75,1336.66,67.92,2.500,20.00,50.0,6.84
817.00,-4328.43,1337.60,68.04,2.500,20.00,50.0,6.84
818.00,-4326.11,1338.53,68.15,2.500,20.00,50.0,6.84
819.00,-4323.79,1339.46,68.27,2.500,20.00,50.0,6.84
820.00,-4321.47,1340.39,68.38,2.500,20.00,50.0,6.84
821.00,-4319.15,1341.31,68.49,2.500,20.00,50.0,6.84
822.00,-4316.82,1342.23,68.61,2.500,20.00,50.0,6.84
823.00,-4314.49,1343.14,68.72,2.500,20.00,50.0,6.84
824.00,-4312.16,1344.04,68.84,2.500,20.00,50.0,6.84
825.00,-4309.83,1344.95,68.95,2.500,20.00,50.0,6.84
826.00,-4307.50,1345.85,69.06,2.500,20.00,50.0,6.84
827.00,-4305.16,1346.74,69.18,2.500,20.00,50.0,6.84
828.00,-4302.83,1347.63,69.29,2.500,20.00,50.0,6.84
829.00,-4300.49,1348.51,69.41,2.500,20.00,50.0,6.84
830.00,-4298.15,1349.39,69.52,2.500,20.00,50.0,6.84
831.00,-4295.81,1350.27,69.63,2.500,20.00,50.0,6.84
832.00,-4293.46,1351.14,69.75,2.500,20.00,50.0,6.85
833.00,-4291.12,1352.00,69.86,2.500,20.00,50.0,6.85
834.00,-4288.77,1352.86,69.98,2.500,20.00,50.0,6.85
835.00,-4286.42,1353.72,70.09,2.500,20.00,50.0,6.85
836.00,-4284.07,1354.57,70.21,2.500,20.00,50.0,6.85
837.00,-4281.72,1355.42,70.32,2.500,20.00,50.0,6.85
838.00,-4279.36,1356.26,70.43,2.500,20.00,50.0,6.85
839.00,-4277.01,1357.09,70.55,2.500,20.00,50.0,6.85
840.00,-4274.65,1357.93,70.66,2.500,20.00,50.0,6.85
841.00,-4272.29,1358.75,70.78,2.500,20.00,50.0,6.85
842.00,-4269.93,1359.58,70.89,2.500,20.00,50.0,6.85
843.00,-4267.57,1360.40,71.00,2.500,20.00,50.0,6.85
844.00,-4265.21,1361.21,71.12,2.500,20.00,50.0,6.85
845.00,-4262.84,1362.02,71.23,2.500,20.00,50.0,6.85
846.00,-4260.47,1362.82,71.35,2.500,20.00,50.0,6.85
847.00,-4258.10,1363.62,71.46,2.500,20.00,50.0,6.85
848.00,-4255.73,1364.42,71.57,2.500,20.00,50.0,6.85
849.00,-4253.36,1365.21,71.69,2.500,20.00,50.0,6.85
850.00,-4250.99,1365.99,71.80,2.500,20.00,50.0,6.85
851.00,-4248.61,1366.77,71.92,2.500,20.00,50.0,6.85
852.00,-4246.24,1367.55,72.03,2.500,20.00,50.0,6.85
853.00,-4243.86,1368.32,72.15,2.500,20.00,50.0,6.85
854.00,-4241.48,1369.09,72.26,2.500,20.00,50.0,6.85
855.00,-4239.10,1369.85,72.37,2.500,20.00,50.0,6.85
856.00,-4236.72,1370.61,72.49,2.500,20.00,50.0,6.85
857.00,-4234.33,1371.36,72.60,2.500,20.00,50.0,6.85
858.00,-4231.95,1372.11,72.72,2.500,20.00,50.0,6.85
859.00,-4229.56,1372.85,72.83,2.500,20.00,50.0,6.85
860.00,-4227.17,1373.59,72.95,2.500,20.00,50.0,6.85
861.00,-4224.78,1374.32,73.06,2.500,20.00,50.0,6.85
862.00,-4222.39,1375.05,73.17,2.500,20.00,50.0,6.85
863.00,-4220.00,1375.77,73.29,2.500,20.00,50.0,6.85
864.00,-4217.60,1376.49,73.40,2.500,20.00,50.0,6.85
865.00,-4215.21,1377.21,73.52,2.500,20.00,50.0,6.85
866.00,-4212.81,1377.92,73.63,2.500,20.00,50.0,6.85
867.00,-4210.41,1378.62,73.74,2.500,20.00,50.0,6.85
868.00,-4208.01,1379.32,73.86,2.500,20.00,50.0,6.85
869.00,-4205.61,1380.01,73.97,2.500,20.00,50.0,6.85
870.00,-4203.21,1380.70,74.09,2.500,20.00,50.0,6.85
871.00,-4200.80,1381.39,74.20,2.500,20.00,50.0,6.85
872.00,-4198.40,1382.07,74.32,2.500,20.00,50.0,6.85
873.00,-4195.99,1382.75,74.43,2.500,20.00,50.0,6.85
874.00,-4193.58,1383.42,74.54,2.500,20.00,50.0,6.85
875.00,-4191.17,1384.08,74.66,2.500,20.00,50.0,6.85
876.00,-4188.76,1384.75,74.77,2.500,20.00,50.0,6.85
877.00,-4186.35,1385.40,74.89,2.500,20.00,50.0,6.85
878.00,-4183.93,1386.05,75.00,2.500,20.00,50.0,6.85
879.00,-4181.52,1386.70,75.12,2.500,20.00,50.0,6.85
880.00,-4179.10,1387.34,75.23,2.500,20.00,50.0,6.85
881.00,-4176.69,1387.98,75.34,2.500,20.00,50.0,6.85
882.00,-4174.27,1388.61,75.46,2.500,20.00,50.0,6.85
883.00,-4171.85,1389.24,75.57,2.500,20.00,50.0,6.86
884.00,-4169.43,1389.86,75.69,2.500,20.00,50.0,6.86
885.00,-4167.00,1390.48,75.80,2.500,20.00,50.0,6.86
886.00,-4164.58,1391.09,75.92,2.500,20.00,50.0,6.86
887.00,-4162.16,1391.70,76.03,2.500,20.00,50.0,6.86
888.00,-4159.73,1392.31,76.14,2.500,20.00,50.0,6.86
889.00,-4157.30,1392.91,76.26,2.500,20.00,50.0,6.86
890.00,-4154.87,1393.50,76.37,2.500,20.00,50.0,6.86
891.00,-4152.44,1394.09,76.49,2.500,20.00,50.0,6.86
892.00,-4150.01,1394.67,76.60,2.500,20.00,50.0,6.86
893.00,-4147.58,1395.25,76.72,2.500,20.00,50.0,6.86
894.00,-4145.15,1395.83,76.83,2.500,20.00,50.0,6.86
895.00,-4142.71,1396.40,76.94,2.500,20.00,50.0,6.86
896.00,-4140.28,1396.96,77.06,2.500,20.00,50.0,6.86
897.00,-4137.84,1397.52,77.17,2.500,20.00,50.0,6.86
898.00,-4135.40,1398.08,77.29,2.500,20.00,50.0,6.86
899.00,-4132.97,1398.63,77.40,2.500,20.00,50.0,6.86
900.00,-4130.53,1399.17,77.51,2.500,20.00,50.0,6.86
901.00,-4128.09,1399.71,77.63,2.500,20.00,50.0,6.86
902.00,-4125.64,1400.25,77.74,2.500,20.00,50.0,6.86
903.00,-4123.20,1400.78,77.86,2.500,20.00,50.0,6.86
904.00,-4120.76,1401.30,77.97,2.500,20.00,50.0,6.86
905.00,-4118.31,1401.82,78.09,2.500,20.00,50.0,6.86
906.00,-4115.86,1402.34,78.20,2.500,20.00,50.0,6.86
907.00,-4113.42,1402.85,78.31,2.500,20.00,50.0,6.86
908.00,-4110.97,1403.36,78.43,2.500,20.00,50.0,6.86
909.00,-4108.52,1403.86,78.54,2.500,20.00,50.0,6.86
910.00,-4106.07,1404.36,78.66,2.500,20.00,50.0,6.86
911.00,-4103.62,1404.85,78.77,2.500,20.00,50.0,6.86
912.00,-4101.17,1405.33,78.89,2.500,20.00,50.0,6.86
913.00,-4098.71,1405.82,79.00,2.500,20.00,50.0,6.86
914.00,-4096.26,1406.29,79.11,2.500,20.00,50.0,6.86
915.00,-4093.80,1406.77,79.23,2.500,20.00,50.0,6.86
916.00,-4091.35,1407.23,79.34,2.500,20.00,50.0,6.86
917.00,-4088.89,1407.70,79.46,2.500,20.00,50.0,6.86
918.00,-4086.43,1408.15,79.57,2.500,20.00,50.0,6.86
919.00,-4083.98,1408.61,79.69,2.500,20.00,50.0,6.86
920.00,-4081.52,1409.05,79.80,2.500,20.00,50.0,6.86
921.00,-4079.06,1409.50,79.91,2.500,20.00,50.0,6.86
922.00,-4076.59,1409.93,80.03,2.500,20.00,50.0,6.86
923.00,-4074.13,1410.37,80.14,2.500,20.00,50.0,6.86
924.00,-4071.67,1410.79,80.26,2.500,20.00,50.0,6.86
925.00,-4069.20,1411.22,80.37,2.500,20.00,50.0,6.86
926.00,-4066.74,1411.64,80.49,2.500,20.00,50.0,6.86
927.00,-4064.27,1412.05,80.60,2.500,20.00,50.0,6.86
928.00,-4061.81,1412.46,80.71,2.500,20.00,50.0,6.86
929.00,-4059.34,1412.86,80.83,2.500,20.00,50.0,6.86
930.00,-4056.87,1413.26,80.94,2.500,20.00,50.0,6.86
931.00,-4054.40,1413.65,81.06,2.500,20.00,50.0,6.86
932.00,-4051.93,1414.04,81.17,2.500,20.00,50.0,6.86
933.00,-4049.46,1414.42,81.29,2.500,20.00,50.0,6.86
934.00,-4046.99,1414.80,81.40,2.500,20.00,50.0,6.86
935.00,-4044.52,1415.18,81.51,2.500,20.00,50.0,6.86
936.00,-4042.05,1415.55,81.63,2.500,20.00,50.0,6.86
937.00,-4039.57,1415.91,81.74,2.500,20.00,50.0,6.86
938.00,-4037.10,1416.27,81.86,2.500,20.00,50.0,6.86
939.00,-4034.63,1416.62,81.97,2.500,20.00,50.0,6.86
940.00,-4032.15,1416.97,82.09,2.500,20.00,50.0,6.86
941.00,-4029.67,1417.32,82.20,2.500,20.00,50.0,6.86
942.00,-4027.20,1417.66,82.31,2.500,20.00,50.0,6.86
943.00,-4024.72,1417.99,82.43,2.500,20.00,50.0,6.86
944.00,-4022.24,1418.32,82.54,2.500,20.00,50.0,6.86
945.00,-4019.76,1418.64,82.66,2.500,20.00,50.0,6.86
946.00,-4017.28,1418.96,82.77,2.500,20.00,50.0,6.86
947.00,-4014.80,1419.28,82.89,2.500,20.00,50.0,6.86
948.00,-4012.32,1419.59,83.00,2.500,20.00,50.0,6.86
949.00,-4009.84,1419.89,83.11,2.500,20.00,50.0,6.86
950.00,-4007.36,1420.19,83.23,2.500,20.00,50.0,6.86
951.00,-4004.88,1420.49,83.34,2.500,20.00,50.0,6.86
952.00,-4002.39,1420.78,83.46,2.500,20.00,50.0,6.86
953.00,-3999.91,1421.06,83.57,2.500,20.00,50.0,6.86
954.00,-3997.43,1421.34,83.69,2.500,20.00,50.0,6.86
955.00,-3994.94,1421.62,83.80,2.500,20.00,50.0,6.86
956.00,-3992.45,1421.89,83.91,2.500,20.00,50.0,6.86
957.00,-3989.97,1422.15,84.03,2.500,20.00,50.0,6.86
958.00,-3987.48,1422.41,84.14,2.500,20.00,50.0,6.86
959.00,-3985.00,1422.67,84.26,2.500,20.00,50.0,6.86
960.00,-3982.51,1422.92,84.37,2.500,20.00,50.0,6.86
961.00,-3980.02,1423.16,84.49,2.500,20.00,50.0,6.86
962.00,-3977.53,1423.40,84.60,2.500,20.00,50.0,6.86
963.00,-3975.04,1423.64,84.71,2.500,20.00,50.0,6.86
964.00,-3972.55,1423.87,84.83,2.500,20.00,50.0,6.86
965.00,-3970.06,1424.09,84.94,2.500,20.00,50.0,6.86
966.00,-3967.57,1424.31,85.06,2.500,20.00,50.0,6.86
967.00,-3965.08,1424.53,85.17,2.500,20.00,50.0,6.86
968.00,-3962.59,1424.74,85.29,2.500,20.00,50.0,6.86
969.00,-3960.10,1424.94,85.40,2.500,20.00,50.0,6.86
970.00,-3957.61,1425.15,85.51,2.500,20.00,50.0,6.86
971.00,-3955.12,1425.34,85.63,2.500,20.00,50.0,6.86
972.00,-3952.62,1425.53,85.74,2.500,20.00,50.0,6.86
973.00,-3950.13,1425.72,85.86,2.500,20.00,50.0,6.86
974.00,-3947.64,1425.90,85.97,2.500,20.00,50.0,6.86
975.00,-3945.14,1426.07,86.09,2.500,20.00,50.0,6.86
976.00,-3942.65,1426.24,86.20,2.500,20.00,50.0,6.86
977.00,-3940.15,1426.41,86.31,2.500,20.00,50.0,6.86
978.00,-3937.66,1426.57,86.43,2.500,20.00,50.0,6.86
979.00,-3935.16,1426.73,86.54,2.500,20.00,50.0,6.86
980.00,-3932.67,1426.88,86.66,2.500,20.00,50.0,6.86
981.00,-3930.17,1427.02,86.77,2.500,20.00,50.0,6.86
982.00,-3927.68,1427.16,86.89,2.500,20.00,50.0,6.86
983.00,-3925.18,1427.30,87.00,2.500,20.00,50.0,6.86
984.00,-3922.68,1427.43,87.11,2.500,20.00,50.0,6.86
985.00,-3920.19,1427.56,87.23,2.500,20.00,50.0,6.86
986.00,-3917.69,1427.68,87.34,2.500,20.00,50.0,6.86
987.00,-3915.19,1427.79,87.46,2.500,20.00,50.0,6.86
988.00,-3912.70,1427.90,87.57,2.500,20.00,50.0,6.86
989.00,-3910.20,1428.01,87.69,2.500,20.00,50.0,6.86
990.00,-3907.70,1428.11,87.80,2.500,20.00,50.0,6.86
991.00,-3905.20,1428.21,87.91,2.500,20.00,50.0,6.86
992.00,-3902.70,1428.30,88.03,2.500,20.00,50.0,6.86
993.00,-3900.20,1428.38,88.14,2.500,20.00,50.0,6.86
994.00,-3897.71,1428.46,88.26,2.500,20.00,50.0,6.86
995.00,-3895.21,1428.54,88.37,2.500,20.00,50.0,6.86
996.00,-3892.71,1428.61,88.49,2.500,20.00,50.0,6.86
997.00,-3890.21,1428.68,88.60,2.500,20.00,50.0,6.86
998.00,-3887.71,1428.74,88.71,2.500,20.00,50.0,6.86
999.00,-3885.21,1428.79,88.83,2.500,20.00,50.0,6.86
1000.00,-3882.71,1428.85,88.94,2.500,20.00,50.0,6.86
1001.00,-3880.21,1428.89,89.06,2.500,20.00,50.0,6.86
1002.00,-3877.71,1428.93,89.17,2.500,20.00,50.0,6.86
1003.00,-3875.21,1428.97,89.29,2.500,20.00,50.0,6.86
1004.00,-3872.71,1429.00,89.40,2.500,20.00,50.0,6.86
1005.00,-3870.21,1429.03,89.51,2.500,20.00,50.0,6.86
1006.00,-3867.71,1429.05,89.63,2.500,20.00,50.0,6.86
1007.00,-3865.21,1429.06,89.74,2.500,20.00,50.0,6.86
1008.00,-3862.71,1429.08,89.86,2.500,20.00,50.0,6.86
1009.00,-3860.21,1429.08,89.97,2.500,20.00,50.0,6.86
1010.00,-3857.71,1429.08,90.09,2.500,20.00,50.0,6.86
1011.00,-3855.21,1429.08,90.20,2.500,20.00,50.0,6.86
1012.00,-3852.71,1429.07,90.31,2.500,20.00,50.0,6.86
1013.00,-3850.21,1429.06,90.43,2.500,20.00,50.0,6.86
1014.00,-3847.71,1429.04,90.54,2.500,20.00,50.0,6.86
1015.00,-3845.21,1429.01,90.66,2.500,20.00,50.0,6.86
1016.00,-3842.71,1428.99,90.77,2.500,20.00,50.0,6.86
1017.00,-3840.21,1428.95,90.89,2.500,20.00,50.0,6.86
1018.00,-3837.71,1428.91,91.00,2.500,20.00,50.0,6.86
1019.00,-3835.21,1428.87,91.11,2.500,20.00,50.0,6.86
1020.00,-3832.71,1428.82,91.23,2.500,20.00,50.0,6.86
1021.00,-3830.21,1428.77,91.34,2.500,20.00,50.0,6.86
1022.00,-3827.72,1428.71,91.46,2.500,20.00,50.0,6.86
1023.00,-3825.22,1428.65,91.57,2.500,20.00,50.0,6.86
1024.00,-3822.72,1428.58,91.69,2.500,20.00,50.0,6.86
1025.00,-3820.22,1428.50,91.80,2.500,20.00,50.0,6.86
1026.00,-3817.72,1428.42,91.91,2.500,20.00,50.0,6.86
1027.00,-3815.22,1428.34,92.03,2.500,20.00,50.0,6.86
1028.00,-3812.72,1428.25,92.14,2.500,20.00,50.0,6.86
1029.00,-3810.22,1428.16,92.26,2.500,20.00,50.0,6.86
1030.00,-3807.73,1428.06,92.37,2.500,20.00,50.0,6.86
1031.00,-3805.23,1427.96,92.49,2.500,20.00,50.0,6.86
1032.00,-3802.73,1427.85,92.60,2.500,20.00,50.0,6.86
1033.00,-3800.23,1427.74,92.71,2.500,20.00,50.0,6.86
1034.00,-3797.74,1427.62,92.83,2.500,20.00,50.0,6.86
1035.00,-3795.24,1427.49,92.94,2.500,20.00,50.0,6.86
1036.00,-3792.74,1427.37,93.06,2.500,20.00,50.0,6.86
1037.00,-3790.25,1427.23,93.17,2.500,20.00,50.0,6.86
1038.00,-3787.75,1427.09,93.29,2.500,20.00,50.0,6.86
1039.00,-3785.25,1426.95,93.40,2.500,20.00,50.0,6.86
1040.00,-3782.76,1426.80,93.51,2.500,20.00,50.0,6.86
1041.00,-3780.26,1426.65,93.63,2.500,20.00,50.0,6.86
1042.00,-3777.77,1426.49,93.74,2.500,20.00,50.0,6.86
1043.00,-3775.27,1426.33,93.86,2.500,20.00,50.0,6.86
1044.00,-3772.78,1426.16,93.97,2.500,20.00,50.0,6.86
1045.00,-3770.28,1425.99,94.09,2.500,20.00,50.0,6.86
1046.00,-3767.79,1425.81,94.20,2.500,20.00,50.0,6.86
1047.00,-3765.30,1425.62,94.31,2.500,20.00,50.0,6.86
1048.00,-3762.80,1425.44,94.43,2.500,20.00,50.0,6.86
1049.00,-3760.31,1425.24,94.54,2.500,20.00,50.0,6.86
1050.00,-3757.82,1425.05,94.66,2.500,20.00,50.0,6.86
1051.00,-3755.33,1424.84,94.77,2.500,20.00,50.0,6.86
1052.00,-3752.84,1424.63,94.89,2.500,20.00,50.0,6.86
1053.00,-3750.35,1424.42,95.00,2.500,20.00,50.0,6.86
1054.00,-3747.86,1424.20,95.11,2.500,20.00,50.0,6.86
1055.00,-3745.37,1423.98,95.23,2.500,20.00,50.0,6.86
1056.00,-3742.88,1423.75,95.34,2.500,20.00,50.0,6.86
1057.00,-3740.39,1423.52,95.46,2.500,20.00,50.0,6.86
1058.00,-3737.90,1423.28,95.57,2.500,20.00,50.0,6.86
1059.00,-3735.41,1423.04,95.69,2.500,20.00,50.0,6.86
1060.00,-3732.92,1422.79,95.80,2.500,20.00,50.0,6.86
1061.00,-3730.44,1422.54,95.91,2.500,20.00,50.0,6.86
1062.00,-3727.95,1422.28,96.03,2.500,20.00,50.0,6.86
1063.00,-3725.46,1422.02,96.14,2.500,20.00,50.0,6.86
1064.00,-3722.98,1421.75,96.26,2.500,20.00,50.0,6.86
1065.00,-3720.49,1421.48,96.37,2.500,20.00,50.0,6.86
1066.00,-3718.01,1421.20,96.49,2.500,20.00,50.0,6.86
1067.00,-3715.52,1420.92,96.60,2.500,20.00,50.0,6.86
1068.00,-3713.04,1420.63,96.71,2.500,20.00,50.0,6.86
1069.00,-3710.56,1420.34,96.83,2.500,20.00,50.0,6.86
1070.00,-3708.07,1420.04,96.94,2.500,20.00,50.0,6.86
1071.00,-3705.59,1419.74,97.06,2.500,20.00,50.0,6.86
1072.00,-3703.11,1419.43,97.17,2.500,20.00,50.0,6.86
1073.00,-3700.63,1419.12,97.29,2.500,20.00,50.0,6.86
1074.00,-3698.15,1418.80,97.40,2.500,20.00,50.0,6.86
1075.00,-3695.67,1418.48,97.51,2.500,20.00,50.0,6.86
1076.00,-3693.19,1418.16,97.63,2.500,20.00,50.0,6.86
1077.00,-3690.72,1417.82,97.74,2.500,20.00,50.0,6.86
1078.00,-3688.24,1417.49,97.86,2.500,20.00,50.0,6.86
1079.00,-3685.76,1417.15,97.97,2.500,20.00,50.0,6.86
1080.00,-3683.29,1416.80,98.09,2.500,20.00,50.0,6.86
1081.00,-3680.81,1416.45,98.20,2.500,20.00,50.0,6.86
1082.00,-3678.34,1416.09,98.31,2.500,20.00,50.0,6.86
1083.00,-3675.86,1415.73,98.43,2.500,20.00,50.0,6.86
1084.00,-3673.39,1415.36,98.54,2.500,20.00,50.0,6.86
1085.00,-3670.92,1414.99,98.66,2.500,20.00,50.0,6.86
1086.00,-3668.45,1414.61,98.77,2.500,20.00,50.0,6.86
1087.00,-3665.98,1414.23,98.89,2.500,20.00,50.0,6.86
1088.00,-3663.51,1413.85,99.00,2.500,20.00,50.0,6.86
1089.00,-3661.04,1413.46,99.11,2.500,20.00,50.0,6.86
1090.00,-3658.57,1413.06,99.23,2.500,20.00,50.0,6.86
1091.00,-3656.10,1412.66,99.34,2.500,20.00,50.0,6.86
1092.00,-3653.63,1412.25,99.46,2.500,20.00,50.0,6.86
1093.00,-3651.17,1411.84,99.57,2.500,20.00,50.0,6.86
1094.00,-3648.70,1411.43,99.69,2.500,20.00,50.0,6.86
1095.00,-3646.24,1411.01,99.80,2.500,20.00,50.0,6.86
1096.00,-3643.77,1410.58,99.91,2.500,20.00,50.0,6.86
1097.00,-3641.31,1410.15,100.03,2.500,20.00,50.0,6.86
1098.00,-3638.85,1409.71,100.14,2.500,20.00,50.0,6.86
1099.00,-3636.39,1409.27,100.26,2.500,20.00,50.0,6.86
1100.00,-3633.93,1408.83,100.37,2.500,20.00,50.0,6.86
1101.00,-3631.47,1408.38,100.49,2.500,20.00,50.0,6.86
1102.00,-3629.01,1407.92,100.60,2.500,20.00,50.0,6.86
1103.00,-3626.55,1407.46,100.71,2.500,20.00,50.0,6.86
1104.00,-3624.10,1407.00,100.83,2.500,20.00,50.0,6.86
1105.00,-3621.64,1406.53,100.94,2.500,20.00,50.0,6.86
1106.00,-3619.19,1406.06,101.06,2.500,20.00,50.0,6.86
1107.00,-3616.73,1405.58,101.17,2.500,20.00,50.0,6.86
1108.00,-3614.28,1405.09,101.29,2.500,20.00,50.0,6.86
1109.00,-3611.83,1404.60,101.40,2.500,20.00,50.0,6.86
1110.00,-3609.38,1404.11,101.51,2.500,20.00,50.0,6.86
1111.00,-3606.93,1403.61,101.63,2.500,20.00,50.0,6.86
1112.00,-3604.48,1403.11,101.74,2.500,20.00,50.0,6.86
1113.00,-3602.03,1402.60,101.86,2.500,20.00,50.0,6.86
1114.00,-3599.59,1402.08,101.97,2.500,20.00,50.0,6.86
1115.00,-3597.14,1401.56,102.09,2.500,20.00,50.0,6.86
1116.00,-3594.70,1401.04,102.20,2.500,20.00,50.0,6.86
1117.00,-3592.25,1400.51,102.31,2.500,20.00,50.0,6.86
1118.00,-3589.81,1399.98,102.43,2.500,20.00,50.0,6.86
1119.00,-3587.37,1399.44,102.54,2.500,20.00,50.0,6.86
1120.00,-3584.93,1398.90,102.66,2.500,20.00,50.0,6.86
1121.00,-3582.49,1398.35,102.77,2.500,20.00,50.0,6.86
1122.00,-3580.05,1397.80,102.89,2.500,20.00,50.0,6.86
1123.00,-3577.61,1397.24,103.00,2.500,20.00,50.0,6.86
1124.00,-3575.18,1396.68,103.11,2.500,20.00,50.0,6.86
1125.00,-3572.74,1396.11,103.23,2.500,20.00,50.0,6.86
1126.00,-3570.31,1395.54,103.34,2.500,20.00,50.0,6.86
1127.00,-3567.88,1394.96,103.46,2.500,20.00,50.0,6.86
1128.00,-3565.45,1394.38,103.57,2.500,20.00,50.0,6.86
1129.00,-3563.02,1393.79,103.69,2.500,20.00,50.0,6.86
1130.00,-3560.59,1393.20,103.80,2.500,20.00,50.0,6.86
1131.00,-3558.16,1392.61,103.91,2.500,20.00,50.0,6.86
1132.00,-3555.73,1392.00,104.03,2.500,20.00,50.0,6.86
1133.00,-3553.31,1391.40,104.14,2.500,20.00,50.0,6.86
1134.00,-3550.88,1390.79,104.26,2.500,20.00,50.0,6.86
1135.00,-3548.46,1390.17,104.37,2.500,20.00,50.0,6.86
1136.00,-3546.04,1389.55,104.49,2.500,20.00,50.0,6.86
1137.00,-3543.62,1388.93,104.60,2.500,20.00,50.0,6.86
1138.00,-3541.20,1388.30,104.71,2.500,20.00,50.0,6.86
1139.00,-3538.78,1387.66,104.83,2.500,20.00,50.0,6.86
1140.00,-3536.36,1387.02,104.94,2.500,20.00,50.0,6.86
1141.00,-3533.95,1386.38,105.06,2.500,20.00,50.0,6.86
1142.00,-3531.53,1385.73,105.17,2.500,20.00,50.0,6.86
1143.00,-3529.12,1385.07,105.29,2.500,20.00,50.0,6.86
1144.00,-3526.71,1384.41,105.40,2.500,20.00,50.0,6.86
1145.00,-3524.30,1383.75,105.51,2.500,20.00,50.0,6.86
1146.00,-3521.89,1383.08,105.63,2.500,20.00,50.0,6.86
1147.00,-3519.48,1382.41,105.74,2.500,20.00,50.0,6.86
1148.00,-3517.08,1381.73,105.86,2.500,20.00,50.0,6.86
1149.00,-3514.67,1381.05,105.97,2.500,20.00,50.0,6.86
1150.00,-3512.27,1380.36,106.09,2.500,20.00,50.0,6.86
1151.00,-3509.87,1379.67,106.20,2.500,20.00,50.0,6.86
1152.00,-3507.46,1378.97,106.31,2.500,20.00,50.0,6.86
1153.00,-3505.07,1378.27,106.43,2.500,20.00,50.0,6.86
1154.00,-3502.67,1377.56,106.54,2.500,20.00,50.0,6.86
1155.00,-3500.27,1376.85,106.66,2.500,20.00,50.0,6.86
1156.00,-3497.88,1376.13,106.77,2.500,20.00,50.0,6.86
1157.00,-3495.48,1375.41,106.89,2.500,20.00,50.0,6.86
1158.00,-3493.09,1374.68,107.00,2.500,20.00,50.0,6.86
1159.00,-3490.70,1373.95,107.11,2.500,20.00,50.0,6.86
1160.00,-3488.31,1373.22,107.23,2.500,20.00,50.0,6.86
1161.00,-3485.92,1372.48,107.34,2.500,20.00,50.0,6.86
1162.00,-3483.54,1371.73,107.46,2.500,20.00,50.0,6.86
1163.00,-3481.15,1370.98,107.57,2.500,20.00,50.0,6.86
1164.00,-3478.77,1370.23,107.69,2.500,20.00,50.0,6.86
1165.00,-3476.39,1369.47,107.80,2.500,20.00,50.0,6.86
1166.00,-3474.01,1368.70,107.91,2.500,20.00,50.0,6.86
1167.00,-3471.63,1367.93,108.03,2.500,20.00,50.0,6.86
1168.00,-3469.25,1367.16,108.14,2.500,20.00,50.0,6.86
1169.00,-3466.87,1366.38,108.26,2.500,20.00,50.0,6.86
1170.00,-3464.50,1365.60,108.37,2.500,20.00,50.0,6.86
1171.00,-3462.13,1364.81,108.49,2.500,20.00,50.0,6.86
1172.00,-3459.76,1364.02,108.60,2.500,20.00,50.0,6.86
1173.00,-3457.39,1363.22,108.71,2.500,20.00,50.0,6.86
1174.00,-3455.02,1362.42,108.83,2.500,20.00,50.0,6.86
1175.00,-3452.65,1361.61,108.94,2.500,20.00,50.0,6.86
1176.00,-3450.29,1360.80,109.06,2.500,20.00,50.0,6.86
1177.00,-3447.92,1359.98,109.17,2.500,20.00,50.0,6.86
1178.00,-3445.56,1359.16,109.29,2.500,20.00,50.0,6.86
1179.00,-3443.20,1358.34,109.40,2.500,20.00,50.0,6.86
1180.00,-3440.85,1357.51,109.51,2.500,20.00,50.0,6.86
1181.00,-3438.49,1356.67,109.63,2.500,20.00,50.0,6.86
1182.00,-3436.13,1355.83,109.74,2.500,20.00,50.0,6.86
1183.00,-3433.78,1354.99,109.86,2.500,20.00,50.0,6.86
1184.00,-3431.43,1354.14,109.97,2.500,20.00,50.0,6.86
1185.00,-3429.08,1353.28,110.09,2.500,20.00,50.0,6.86
1186.00,-3426.73,1352.42,110.20,2.500,20.00,50.0,6.86
1187.00,-3424.39,1351.56,110.31,2.500,20.00,50.0,6.86
1188.00,-3422.04,1350.69,110.43,2.500,20.00,50.0,6.86
1189.00,-3419.70,1349.82,110.54,2.500,20.00,50.0,6.86
1190.00,-3417.36,1348.94,110.66,2.500,20.00,50.0,6.86
1191.00,-3415.02,1348.06,110.77,2.500,20.00,50.0,6.86
1192.00,-3412.68,1347.17,110.89,2.500,20.00,50.0,6.86
1193.00,-3410.35,1346.28,111.00,2.500,20.00,50.0,6.86
1194.00,-3408.01,1345.39,111.11,2.500,20.00,50.0,6.86
1195.00,-3405.68,1344.49,111.23,2.500,20.00,50.0,6.86
1196.00,-3403.35,1343.58,111.34,2.500,20.00,50.0,6.86
1197.00,-3401.02,1342.67,111.46,2.500,20.00,50.0,6.86
1198.00,-3398.69,1341.76,111.57,2.500,20.00,50.0,6.86
1199.00,-3396.37,1340.84,111.69,2.500,20.00,50.0,6.86
1200.00,-3394.05,1339.91,111.80,2.500,20.00,50.0,6.86
1201.00,-3391.72,1338.99,111.91,2.500,20.00,50.0,6.86
1202.00,-3389.41,1338.05,112.03,2.500,20.00,50.0,6.86
1203.00,-3387.09,1337.12,112.14,2.500,20.00,50.0,6.86
1204.00,-3384.77,1336.17,112.26,2.500,20.00,50.0,6.86
1205.00,-3382.46,1335.23,112.37,2.500,20.00,50.0,6.86
1206.00,-3380.15,1334.27,112.49,2.500,20.00,50.0,6.86
1207.00,-3377.84,1333.32,112.60,2.500,20.00,50.0,6.86
1208.00,-3375.53,1332.36,112.71,2.500,20.00,50.0,6.86
1209.00,-3373.22,1331.39,112.83,2.500,20.00,50.0,6.86
1210.00,-3370.92,1330.42,112.94,2.500,20.00,50.0,6.86
1211.00,-3368.62,1329.45,113.06,2.500,20.00,50.0,6.86
1212.00,-3366.32,1328.47,113.17,2.500,20.00,50.0,6.86
1213.00,-3364.02,1327.49,113.29,2.500,20.00,50.0,6.86
1214.00,-3361.72,1326.50,113.40,2.500,20.00,50.0,6.86
1215.00,-3359.43,1325.50,113.51,2.500,20.00,50.0,6.86
1216.00,-3357.13,1324.51,113.63,2.500,20.00,50.0,6.86
1217.00,-3354.84,1323.50,113.74,2.500,20.00,50.0,6.86
1218.00,-3352.56,1322.50,113.86,2.500,20.00,50.0,6.86
1219.00,-3350.27,1321.49,113.97,2.500,20.00,50.0,6.86
1220.00,-3347.98,1320.47,114.09,2.500,20.00,50.0,6.86
1221.00,-3345.70,1319.45,114.20,2.500,20.00,50.0,6.86
1222.00,-3343.42,1318.43,114.31,2.500,20.00,50.0,6.86
1223.00,-3341.14,1317.40,114.43,2.500,20.00,50.0,6.86
1224.00,-3338.87,1316.36,114.54,2.500,20.00,50.0,6.86
1225.00,-3336.59,1315.32,114.66,2.500,20.00,50.0,6.86
1226.00,-3334.32,1314.28,114.77,2.500,20.00,50.0,6.86
1227.00,-3332.05,1313.23,114.89,2.500,20.00,50.0,6.86
1228.00,-3329.78,1312.18,115.00,2.500,20.00,50.0,6.86
1229.00,-3327.52,1311.13,115.11,2.500,20.00,50.0,6.86
1230.00,-3325.25,1310.06,115.23,2.500,20.00,50.0,6.86
1231.00,-3322.99,1309.00,115.34,2.500,20.00,50.0,6.86
1232.00,-3320.73,1307.93,115.46,2.500,20.00,50.0,6.86
1233.00,-3318.48,1306.85,115.57,2.500,20.00,50.0,6.86
1234.00,-3316.22,1305.78,115.69,2.500,20.00,50.0,6.86
1235.00,-3313.97,1304.69,115.80,2.500,20.00,50.0,6.86
1236.00,-3311.72,1303.60,115.91,2.500,20.00,50.0,6.86
1237.00,-3309.47,1302.51,116.03,2.500,20.00,50.0,6.86
1238.00,-3307.22,1301.41,116.14,2.500,20.00,50.0,6.86
1239.00,-3304.98,1300.31,116.26,2.500,20.00,50.0,6.86
1240.00,-3302.74,1299.21,116.37,2.500,20.00,50.0,6.86
1241.00,-3300.50,1298.10,116.49,2.500,20.00,50.0,6.86
1242.00,-3298.26,1296.98,116.60,2.500,20.00,50.0,6.86
1243.00,-3296.02,1295.86,116.71,2.500,20.00,50.0,6.86
1244.00,-3293.79,1294.74,116.83,2.500,20.00,50.0,6.86
1245.00,-3291.56,1293.61,116.94,2.500,20.00,50.0,6.86
1246.00,-3289.33,1292.48,117.06,2.500,20.00,50.0,6.86
1247.00,-3287.10,1291.34,117.17,2.500,20.00,50.0,6.86
1248.00,-3284.88,1290.20,117.29,2.500,20.00,50.0,6.86
1249.00,-3282.66,1289.05,117.40,2.500,20.00,50.0,6.86
1250.00,-3280.44,1287.90,117.51,2.500,20.00,50.0,6.86
1251.00,-3278.22,1286.75,117.63,2.500,20.00,50.0,6.86
1252.00,-3276.01,1285.59,117.74,2.500,20.00,50.0,6.86
1253.00,-3273.79,1284.42,117.86,2.500,20.00,50.0,6.86
1254.00,-3271.58,1283.25,117.97,2.500,20.00,50.0,6.86
1255.00,-3269.38,1282.08,118.09,2.500,20.00,50.0,6.86
1256.00,-3267.17,1280.91,118.20,2.500,20.00,50.0,6.86
1257.00,-3264.97,1279.72,118.31,2.500,20.00,50.0,6.86
1258.00,-3262.77,1278.54,118.43,2.500,20.00,50.0,6.86
1259.00,-3260.57,1277.35,118.54,2.500,20.00,50.0,6.86
1260.00,-3258.37,1276.15,118.66,2.500,20.00,50.0,6.86
1261.00,-3256.18,1274.95,118.77,2.500,20.00,50.0,6.86
1262.00,-3253.99,1273.75,118.89,2.500,20.00,50.0,6.86
1263.00,-3251.80,1272.54,119.00,2.500,20.00,50.0,6.86
1264.00,-3249.61,1271.33,119.11,2.500,20.00,50.0,6.86
1265.00,-3247.43,1270.12,119.23,2.500,20.00,50.0,6.86
1266.00,-3245.24,1268.89,119.34,2.500,20.00,50.0,6.86
1267.00,-3243.07,1267.67,119.46,2.500,20.00,50.0,6.86
1268.00,-3240.89,1266.44,119.57,2.500,20.00,50.0,6.86
1269.00,-3238.71,1265.21,119.69,2.500,20.00,50.0,6.86
1270.00,-3236.54,1263.97,119.80,2.500,20.00,50.0,6.86
1271.00,-3234.37,1262.73,119.91,2.500,20.00,50.0,6.86
1272.00,-3232.21,1261.48,120.03,2.500,20.00,50.0,6.86
1273.00,-3230.04,1260.23,120.14,2.500,20.00,50.0,6.86
1274.00,-3227.88,1258.97,120.26,2.500,20.00,50.0,6.86
1275.00,-3225.72,1257.71,120.37,2.500,20.00,50.0,6.86
1276.00,-3223.56,1256.45,120.49,2.500,20.00,50.0,6.86
1277.00,-3221.41,1255.18,120.60,2.500,20.00,50.0,6.86
1278.00,-3219.26,1253.91,120.71,2.500,20.00,50.0,6.86
1279.00,-3217.11,1252.63,120.83,2.500,20.00,50.0,6.86
1280.00,-3214.96,1251.35,120.94,2.500,20.00,50.0,6.86
1281.00,-3212.82,1250.06,121.06,2.500,20.00,50.0,6.86
1282.00,-3210.68,1248.77,121.17,2.500,20.00,50.0,6.86
1283.00,-3208.54,1247.48,121.29,2.500,20.00,50.0,6.86
1284.00,-3206.40,1246.18,121.40,2.500,20.00,50.0,6.86
1285.00,-3204.27,1244.88,121.51,2.500,20.00,50.0,6.86
1286.00,-3202.13,1243.57,121.63,2.500,20.00,50.0,6.86
1287.00,-3200.01,1242.26,121.74,2.500,20.00,50.0,6.86
1288.00,-3197.88,1240.95,121.86,2.500,20.00,50.0,6.86
1289.00,-3195.76,1239.63,121.97,2.500,20.00,50.0,6.86
1290.00,-3193.64,1238.30,122.09,2.500,20.00,50.0,6.86
1291.00,-3191.52,1236.98,122.20,2.500,20.00,50.0,6.86
1292.00,-3189.40,1235.64,122.31,2.500,20.00,50.0,6.86
1293.00,-3187.29,1234.31,122.43,2.500,20.00,50.0,6.86
1294.00,-3185.18,1232.97,122.54,2.500,20.00,50.0,6.86
1295.00,-3183.07,1231.62,122.66,2.500,20.00,50.0,6.86
1296.00,-3180.97,1230.27,122.77,2.500,20.00,50.0,6.86
1297.00,-3178.86,1228.92,122.89,2.500,20.00,50.0,6.86
1298.00,-3176.77,1227.56,123.00,2.500,20.00,50.0,6.86
1299.00,-3174.67,1226.20,123.11,2.500,20.00,50.0,6.86
1300.00,-3172.57,1224.83,123.23,2.500,20.00,50.0,6.86
1301.00,-3170.48,1223.46,123.34,2.500,20.00,50.0,6.86
1302.00,-3168.39,1222.09,123.46,2.500,20.00,50.0,6.86
1303.00,-3166.31,1220.71,123.57,2.500,20.00,50.0,6.86
1304.00,-3164.23,1219.33,123.69,2.500,20.00,50.0,6.86
1305.00,-3162.15,1217.94,123.80,2.500,20.00,50.0,6.86
1306.00,-3160.07,1216.55,123.91,2.500,20.00,50.0,6.86
1307.00,-3157.99,1215.16,124.03,2.500,20.00,50.0,6.86
1308.00,-3155.92,1213.76,124.14,2.500,20.00,50.0,6.86
1309.00,-3153.85,1212.36,124.26,2.500,20.00,50.0,6.86
1310.00,-3151.79,1210.95,124.37,2.500,20.00,50.0,6.86
1311.00,-3149.72,1209.54,124.49,2.500,20.00,50.0,6.86
1312.00,-3147.66,1208.12,124.60,2.500,20.00,50.0,6.86
1313.00,-3145.60,1206.70,124.71,2.500,20.00,50.0,6.86
1314.00,-3143.55,1205.28,124.83,2.500,20.00,50.0,6.86
1315.00,-3141.50,1203.85,124.94,2.500,20.00,50.0,6.86
1316.00,-3139.45,1202.42,125.06,2.500,20.00,50.0,6.86
1317.00,-3137.40,1200.98,125.17,2.500,20.00,50.0,6.86
1318.00,-3135.36,1199.54,125.29,2.500,20.00,50.0,6.86
1319.00,-3133.32,1198.10,125.40,2.500,20.00,50.0,6.86
1320.00,-3131.28,1196.65,125.51,2.500,20.00,50.0,6.86
1321.00,-3129.24,1195.20,125.63,2.500,20.00,50.0,6.86
1322.00,-3127.21,1193.74,125.74,2.500,20.00,50.0,6.86
1323.00,-3125.18,1192.28,125.86,2.500,20.00,50.0,6.86
1324.00,-3123.16,1190.82,125.97,2.500,20.00,50.0,6.86
1325.00,-3121.13,1189.35,126.09,2.500,20.00,50.0,6.86
1326.00,-3119.11,1187.88,126.20,2.500,20.00,50.0,6.86
1327.00,-3117.10,1186.40,126.31,2.500,20.00,50.0,6.86
1328.00,-3115.08,1184.92,126.43,2.500,20.00,50.0,6.86
1329.00,-3113.07,1183.43,126.54,2.500,20.00,50.0,6.86
1330.00,-3111.06,1181.95,126.66,2.500,20.00,50.0,6.86
1331.00,-3109.06,1180.45,126.77,2.500,20.00,50.0,6.86
1332.00,-3107.05,1178.96,126.89,2.500,20.00,50.0,6.86
1333.00,-3105.05,1177.46,127.00,2.500,20.00,50.0,6.86
1334.00,-3103.06,1175.95,127.11,2.500,20.00,50.0,6.86
1335.00,-3101.06,1174.44,127.23,2.500,20.00,50.0,6.86
1336.00,-3099.07,1172.93,127.34,2.500,20.00,50.0,6.86
1337.00,-3097.09,1171.41,127.46,2.500,20.00,50.0,6.86
1338.00,-3095.10,1169.89,127.57,2.500,20.00,50.0,6.86
1339.00,-3093.12,1168.37,127.69,2.500,20.00,50.0,6.86
1340.00,-3091.14,1166.84,127.80,2.500,20.00,50.0,6.86
1341.00,-3089.17,1165.31,127.91,2.500,20.00,50.0,6.86
1342.00,-3087.19,1163.77,128.03,2.500,20.00,50.0,6.86
1343.00,-3085.22,1162.23,128.14,2.500,20.00,50.0,6.86
1344.00,-3083.26,1160.69,128.26,2.500,20.00,50.0,6.86
1345.00,-3081.29,1159.14,128.37,2.500,20.00,50.0,6.86
1346.00,-3079.33,1157.59,128.49,2.500,20.00,50.0,6.86
1347.00,-3077.38,1156.03,128.60,2.500,20.00,50.0,6.86
1348.00,-3075.42,1154.47,128.71,2.500,20.00,50.0,6.86
1349.00,-3073.47,1152.91,128.83,2.500,20.00,50.0,6.86
1350.00,-3071.53,1151.34,128.94,2.500,20.00,50.0,6.86
1351.00,-3069.58,1149.77,129.06,2.500,20.00,50.0,6.86
1352.00,-3067.64,1148.19,129.17,2.500,20.00,50.0,6.86
1353.00,-3065.70,1146.62,129.29,2.500,20.00,50.0,6.86
1354.00,-3063.77,1145.03,129.40,2.500,20.00,50.0,6.86
1355.00,-3061.84,1143.45,129.51,2.500,20.00,50.0,6.86
1356.00,-3059.91,1141.86,129.63,2.500,20.00,50.0,6.86
1357.00,-3057.98,1140.26,129.74,2.500,20.00,50.0,6.86
1358.00,-3056.06,1138.66,129.86,2.500,20.00,50.0,6.86
1359.00,-3054.14,1137.06,129.97,2.500,20.00,50.0,6.86
1360.00,-3052.22,1135.45,130.09,2.500,20.00,50.0,6.86
1361.00,-3050.31,1133.84,130.20,2.500,20.00,50.0,6.86
1362.00,-3048.40,1132.23,130.31,2.500,20.00,50.0,6.86
1363.00,-3046.50,1130.61,130.43,2.500,20.00,50.0,6.86
1364.00,-3044.59,1128.99,130.54,2.500,20.00,50.0,6.86
1365.00,-3042.69,1127.37,130.66,2.500,20.00,50.0,6.86
1366.00,-3040.80,1125.74,130.77,2.500,20.00,50.0,6.86
1367.00,-3038.90,1124.11,130.89,2.500,20.00,50.0,6.86
1368.00,-3037.01,1122.47,131.00,2.500,20.00,50.0,6.86
1369.00,-3035.13,1120.83,131.11,2.500,20.00,50.0,6.86
1370.00,-3033.24,1119.18,131.23,2.500,20.00,50.0,6.86
1371.00,-3031.36,1117.54,131.34,2.500,20.00,50.0,6.86
1372.00,-3029.49,1115.89,131.46,2.500,20.00,50.0,6.86
1373.00,-3027.61,1114.23,131.57,2.500,20.00,50.0,6.86
1374.00,-3025.74,1112.57,131.69,2.500,20.00,50.0,6.86
1375.00,-3023.87,1110.91,131.80,2.500,20.00,50.0,6.86
1376.00,-3022.01,1109.24,131.91,2.500,20.00,50.0,6.86
1377.00,-3020.15,1107.57,132.03,2.500,20.00,50.0,6.86
1378.00,-3018.29,1105.90,132.14,2.500,20.00,50.0,6.86
1379.00,-3016.44,1104.22,132.26,2.500,20.00,50.0,6.86
1380.00,-3014.59,1102.54,132.37,2.500,20.00,50.0,6.86
1381.00,-3012.74,1100.86,132.49,2.500,20.00,50.0,6.86
1382.00,-3010.90,1099.17,132.60,2.500,20.00,50.0,6.86
1383.00,-3009.06,1097.47,132.71,2.500,20.00,50.0,6.86
1384.00,-3007.22,1095.78,132.83,2.500,20.00,50.0,6.86
1385.00,-3005.39,1094.08,132.94,2.500,20.00,50.0,6.86
1386.00,-3003.56,1092.38,133.06,2.500,20.00,50.0,6.86
1387.00,-3001.73,1090.67,133.17,2.500,20.00,50.0,6.86
1388.00,-2999.91,1088.96,133.29,2.500,20.00,50.0,6.86
1389.00,-2998.09,1087.24,133.40,2.500,20.00,50.0,6.86
1390.00,-2996.27,1085.53,133.51,2.500,20.00,50.0,6.86
1391.00,-2994.46,1083.81,133.63,2.500,20.00,50.0,6.86
1392.00,-2992.65,1082.08,133.74,2.500,20.00,50.0,6.86
1393.00,-2990.84,1080.35,133.86,2.500,20.00,50.0,6.86
1394.00,-2989.04,1078.62,133.97,2.500,20.00,50.0,6.86
1395.00,-2987.24,1076.88,134.09,2.500,20.00,50.0,6.86
1396.00,-2985.45,1075.15,134.20,2.500,20.00,50.0,6.86
1397.00,-2983.65,1073.40,134.31,2.500,20.00,50.0,6.86
1398.00,-2981.86,1071.66,134.43,2.500,20.00,50.0,6.86
1399.00,-2980.08,1069.91,134.54,2.500,20.00,50.0,6.86
1400.00,-2978.30,1068.15,134.66,2.500,20.00,50.0,6.86
1401.00,-2976.52,1066.39,134.77,2.500,20.00,50.0,6.86
1402.00,-2974.74,1064.63,134.89,2.500,20.00,50.0,6.86
1403.00,-2972.97,1062.87,135.00,2.500,20.00,50.0,6.86
1404.00,-2971.20,1061.10,135.11,2.500,20.00,50.0,6.86
1405.00,-2969.44,1059.33,135.23,2.500,20.00,50.0,6.86
1406.00,-2967.68,1057.56,135.34,2.500,20.00,50.0,6.86
1407.00,-2965.92,1055.78,135.46,2.500,20.00,50.0,6.86
1408.00,-2964.17,1054.00,135.57,2.500,20.00,50.0,6.86
1409.00,-2962.42,1052.21,135.69,2.500,20.00,50.0,6.86
1410.00,-2960.67,1050.42,135.80,2.500,20.00,50.0,6.86
1411.00,-2958.93,1048.63,135.91,2.500,20.00,50.0,6.86
1412.00,-2957.19,1046.83,136.03,2.500,20.00,50.0,6.86
1413.00,-2955.45,1045.03,136.14,2.500,20.00,50.0,6.86
1414.00,-2953.72,1043.23,136.26,2.500,20.00,50.0,6.86
1415.00,-2951.99,1041.43,136.37,2.500,20.00,50.0,6.86
1416.00,-2950.27,1039.62,136.49,2.500,20.00,50.0,6.86
1417.00,-2948.55,1037.80,136.60,2.500,20.00,50.0,6.86
1418.00,-2946.83,1035.99,136.71,2.500,20.00,50.0,6.86
1419.00,-2945.12,1034.17,136.83,2.500,20.00,50.0,6.86
1420.00,-2943.41,1032.34,136.94,2.500,20.00,50.0,6.86
1421.00,-2941.70,1030.52,137.06,2.500,20.00,50.0,6.86
1422.00,-2940.00,1028.69,137.17,2.500,20.00,50.0,6.86
1423.00,-2938.30,1026.85,137.29,2.500,20.00,50.0,6.86
1424.00,-2936.60,1025.02,137.40,2.500,20.00,50.0,6.86
1425.00,-2934.91,1023.18,137.51,2.500,20.00,50.0,6.86
1426.00,-2933.22,1021.33,137.63,2.500,20.00,50.0,6.86
1427.00,-2931.53,1019.49,137.74,2.500,20.00,50.0,6.86
1428.00,-2929.85,1017.64,137.86,2.500,20.00,50.0,6.86
1429.00,-2928.18,1015.78,137.97,2.500,20.00,50.0,6.86
1430.00,-2926.50,1013.92,138.09,2.500,20.00,50.0,6.86
1431.00,-2924.83,1012.06,138.20,2.500,20.00,50.0,6.86
1432.00,-2923.17,1010.20,138.31,2.500,20.00,50.0,6.86
1433.00,-2921.50,1008.33,138.43,2.500,20.00,50.0,6.86
1434.00,-2919.84,1006.46,138.54,2.500,20.00,50.0,6.86
1435.00,-2918.19,1004.59,138.66,2.500,20.00,50.0,6.86
1436.00,-2916.54,1002.71,138.77,2.500,20.00,50.0,6.86
1437.00,-2914.89,1000.83,138.89,2.500,20.00,50.0,6.86
1438.00,-2913.25,998.95,139.00,2.500,20.00,50.0,6.86
1439.00,-2911.61,997.06,139.11,2.500,20.00,50.0,6.86
1440.00,-2909.97,995.17,139.23,2.500,20.00,50.0,6.86
1441.00,-2908.34,993.28,139.34,2.500,20.00,50.0,6.86
1442.00,-2906.71,991.38,139.46,2.500,20.00,50.0,6.86
1443.00,-2905.08,989.48,139.57,2.500,20.00,50.0,6.86
1444.00,-2903.46,987.58,139.69,2.500,20.00,50.0,6.86
1445.00,-2901.84,985.67,139.80,2.500,20.00,50.0,6.86
1446.00,-2900.23,983.76,139.91,2.500,20.00,50.0,6.86
1447.00,-2898.62,981.85,140.03,2.500,20.00,50.0,6.86
1448.00,-2897.01,979.94,140.14,2.500,20.00,50.0,6.86
1449.00,-2895.41,978.02,140.26,2.500,20.00,50.0,6.86
1450.00,-2893.81,976.09,140.37,2.500,20.00,50.0,6.86
1451.00,-2892.22,974.17,140.49,2.500,20.00,50.0,6.86
1452.00,-2890.63,972.24,140.60,2.500,20.00,50.0,6.86
1453.00,-2889.04,970.31,140.71,2.500,20.00,50.0,6.86
1454.00,-2887.46,968.37,140.83,2.500,20.00,50.0,6.86
1455.00,-2885.88,966.43,140.94,2.500,20.00,50.0,6.86
1456.00,-2884.30,964.49,141.06,2.500,20.00,50.0,6.86
1457.00,-2882.73,962.55,141.17,2.500,20.00,50.0,6.86
1458.00,-2881.17,960.60,141.29,2.500,20.00,50.0,6.86
1459.00,-2879.60,958.65,141.40,2.500,20.00,50.0,6.86
1460.00,-2878.04,956.70,141.51,2.500,20.00,50.0,6.86
1461.00,-2876.49,954.74,141.63,2.500,20.00,50.0,6.86
1462.00,-2874.94,952.78,141.74,2.500,20.00,50.0,6.86
1463.00,-2873.39,950.82,141.86,2.500,20.00,50.0,6.86
1464.00,-2871.84,948.85,141.97,2.500,20.00,50.0,6.86
1465.00,-2870.30,946.88,142.09,2.500,20.00,50.0,6.86
1466.00,-2868.77,944.91,142.20,2.500,20.00,50.0,6.86
1467.00,-2867.23,942.93,142.31,2.500,20.00,50.0,6.86
1468.00,-2865.71,940.96,142.43,2.500,20.00,50.0,6.86
1469.00,-2864.18,938.97,142.54,2.500,20.00,50.0,6.86
1470.00,-2862.66,936.99,142.66,2.500,20.00,50.0,6.86
1471.00,-2861.14,935.00,142.77,2.500,20.00,50.0,6.86
1472.00,-2859.63,933.01,142.89,2.500,20.00,50.0,6.86
1473.00,-2858.12,931.02,143.00,2.500,20.00,50.0,6.86
1474.00,-2856.62,929.02,143.11,2.500,20.00,50.0,6.86
1475.00,-2855.12,927.02,143.23,2.500,20.00,50.0,6.86
1476.00,-2853.62,925.02,143.34,2.500,20.00,50.0,6.86
1477.00,-2852.13,923.01,143.46,2.500,20.00,50.0,6.86
1478.00,-2850.64,921.00,143.57,2.500,20.00,50.0,6.86
1479.00,-2849.16,918.99,143.69,2.500,20.00,50.0,6.86
1480.00,-2847.68,916.98,143.80,2.500,20.00,50.0,6.86
1481.00,-2846.20,914.96,143.91,2.500,20.00,50.0,6.86
1482.00,-2844.73,912.94,144.03,2.500,20.00,50.0,6.86
1483.00,-2843.26,910.92,144.14,2.500,20.00,50.0,6.86
1484.00,-2841.79,908.89,144.26,2.500,20.00,50.0,6.86
1485.00,-2840.33,906.86,144.37,2.500,20.00,50.0,6.86
1486.00,-2838.88,904.83,144.49,2.500,20.00,50.0,6.86
1487.00,-2837.43,902.80,144.60,2.500,20.00,50.0,6.86
1488.00,-2835.98,900.76,144.71,2.500,20.00,50.0,6.86
1489.00,-2834.53,898.72,144.83,2.500,20.00,50.0,6.86
1490.00,-2833.09,896.67,144.94,2.500,20.00,50.0,6.86
1491.00,-2831.66,894.63,145.06,2.500,20.00,50.0,6.86
1492.00,-2830.22,892.58,145.17,2.500,20.00,50.0,6.86
1493.00,-2828.80,890.53,145.29,2.500,20.00,50.0,6.86
1494.00,-2827.37,888.47,145.40,2.500,20.00,50.0,6.86
1495.00,-2825.95,886.41,145.51,2.500,20.00,50.0,6.86
1496.00,-2824.54,884.35,145.63,2.500,20.00,50.0,6.86
1497.00,-2823.13,882.29,145.74,2.500,20.00,50.0,6.86
1498.00,-2821.72,880.22,145.86,2.500,20.00,50.0,6.86
1499.00,-2820.32,878.15,145.97,2.500,20.00,50.0,6.86
1500.00,-2818.92,876.08,146.09,2.500,20.00,50.0,6.86
1501.00,-2817.52,874.01,146.20,2.500,20.00,50.0,6.86
1502.00,-2816.13,871.93,146.31,2.500,20.00,50.0,6.86
1503.00,-2814.75,869.85,146.43,2.500,20.00,50.0,6.86
1504.00,-2813.36,867.77,146.54,2.500,20.00,50.0,6.86
1505.00,-2811.98,865.68,146.66,2.500,20.00,50.0,6.86
1506.00,-2810.61,863.59,146.77,2.500,20.00,50.0,6.86
1507.00,-2809.24,861.50,146.89,2.500,20.00,50.0,6.86
1508.00,-2807.87,859.41,147.00,2.500,20.00,50.0,6.86
1509.00,-2806.51,857.31,147.11,2.500,20.00,50.0,6.86
1510.00,-2805.16,855.21,147.23,2.500,20.00,50.0,6.86
1511.00,-2803.80,853.11,147.34,2.500,20.00,50.0,6.86
1512.00,-2802.45,851.00,147.46,2.500,20.00,50.0,6.86
1513.00,-2801.11,848.90,147.57,2.500,20.00,50.0,6.86
1514.00,-2799.77,846.79,147.69,2.500,20.00,50.0,6.86
1515.00,-2798.43,844.67,147.80,2.500,20.00,50.0,6.86
1516.00,-2797.10,842.56,147.91,2.500,20.00,50.0,6.86
1517.00,-2795.77,840.44,148.03,2.500,20.00,50.0,6.86
1518.00,-2794.45,838.32,148.14,2.500,20.00,50.0,6.86
1519.00,-2793.13,836.20,148.26,2.500,20.00,50.0,6.86
1520.00,-2791.81,834.07,148.37,2.500,20.00,50.0,6.86
1521.00,-2790.50,831.94,148.49,2.500,20.00,50.0,6.86
1522.00,-2789.20,829.81,148.60,2.500,20.00,50.0,6.86
1523.00,-2787.89,827.68,148.71,2.500,20.00,50.0,6.86
1524.00,-2786.59,825.54,148.83,2.500,20.00,50.0,6.86
1525.00,-2785.30,823.40,148.94,2.500,20.00,50.0,6.86
1526.00,-2784.01,821.26,149.06,2.500,20.00,50.0,6.86
1527.00,-2782.73,819.11,149.17,2.500,20.00,50.0,6.86
1528.00,-2781.44,816.97,149.29,2.500,20.00,50.0,6.86
1529.00,-2780.17,814.82,149.40,2.500,20.00,50.0,6.86
1530.00,-2778.89,812.67,149.51,2.500,20.00,50.0,6.86
1531.00,-2777.63,810.51,149.63,2.500,20.00,50.0,6.86
1532.00,-2776.36,808.35,149.74,2.500,20.00,50.0,6.86
1533.00,-2775.10,806.20,149.86,2.500,20.00,50.0,6.86
1534.00,-2773.85,804.03,149.97,2.500,20.00,50.0,6.86
1535.00,-2772.60,801.87,150.09,2.500,20.00,50.0,6.86
1536.00,-2771.35,799.70,150.20,2.500,20.00,50.0,6.86
1537.00,-2770.11,797.53,150.31,2.500,20.00,50.0,6.86
1538.00,-2768.87,795.36,150.43,2.500,20.00,50.0,6.86
1539.00,-2767.63,793.19,150.54,2.500,20.00,50.0,6.86
1540.00,-2766.41,791.01,150.66,2.500,20.00,50.0,6.86
1541.00,-2765.18,788.83,150.77,2.500,20.00,50.0,6.86
1542.00,-2763.96,786.65,150.89,2.500,20.00,50.0,6.86
1543.00,-2762.74,784.46,151.00,2.500,20.00,50.0,6.86
1544.00,-2761.53,782.28,151.11,2.500,20.00,50.0,6.86
1545.00,-2760.32,780.09,151.23,2.500,20.00,50.0,6.86
1546.00,-2759.12,777.90,151.34,2.500,20.00,50.0,6.86
1547.00,-2757.92,775.70,151.46,2.500,20.00,50.0,6.86
1548.00,-2756.73,773.51,151.57,2.500,20.00,50.0,6.86
1549.00,-2755.54,771.31,151.69,2.500,20.00,50.0,6.86
1550.00,-2754.35,769.11,151.80,2.500,20.00,50.0,6.86
1551.00,-2753.17,766.90,151.91,2.500,20.00,50.0,6.86
1552.00,-2751.99,764.70,152.03,2.500,20.00,50.0,6.86
1553.00,-2750.82,762.49,152.14,2.500,20.00,50.0,6.86
1554.00,-2749.65,760.28,152.26,2.500,20.00,50.0,6.86
1555.00,-2748.49,758.07,152.37,2.500,20.00,50.0,6.86
1556.00,-2747.33,755.85,152.49,2.500,20.00,50.0,6.86
1557.00,-2746.17,753.64,152.60,2.500,20.00,50.0,6.86
1558.00,-2745.02,751.42,152.71,2.500,20.00,50.0,6.86
1559.00,-2743.88,749.19,152.83,2.500,20.00,50.0,6.86
1560.00,-2742.74,746.97,152.94,2.500,20.00,50.0,6.86
1561.00,-2741.60,744.74,153.06,2.500,20.00,50.0,6.86
1562.00,-2740.47,742.52,153.17,2.500,20.00,50.0,6.86
1563.00,-2739.34,740.28,153.29,2.500,20.00,50.0,6.86
1564.00,-2738.21,738.05,153.40,2.500,20.00,50.0,6.86
1565.00,-2737.09,735.82,153.51,2.500,20.00,50.0,6.86
1566.00,-2735.98,733.58,153.63,2.500,20.00,50.0,6.86
1567.00,-2734.87,731.34,153.74,2.500,20.00,50.0,6.86
1568.00,-2733.76,729.10,153.86,2.500,20.00,50.0,6.86
1569.00,-2732.66,726.85,153.97,2.500,20.00,50.0,6.86
1570.00,-2731.56,724.61,154.09,2.500,20.00,50.0,6.86
1571.00,-2730.47,722.36,154.20,2.500,20.00,50.0,6.86
1572.00,-2729.38,720.11,154.31,2.500,20.00,50.0,6.86
1573.00,-2728.30,717.85,154.43,2.500,20.00,50.0,6.86
1574.00,-2727.22,715.60,154.54,2.500,20.00,50.0,6.86
1575.00,-2726.15,713.34,154.66,2.500,20.00,50.0,6.86
1576.00,-2725.08,711.08,154.77,2.500,20.00,50.0,6.86
1577.00,-2724.01,708.82,154.89,2.500,20.00,50.0,6.86
1578.00,-2722.95,706.56,155.00,2.500,20.00,50.0,6.86
1579.00,-2721.89,704.29,155.11,2.500,20.00,50.0,6.86
1580.00,-2720.84,702.02,155.23,2.500,20.00,50.0,6.86
1581.00,-2719.79,699.75,155.34,2.500,20.00,50.0,6.86
1582.00,-2718.75,697.48,155.46,2.500,20.00,50.0,6.86
1583.00,-2717.71,695.21,155.57,2.500,20.00,50.0,6.86
1584.00,-2716.68,692.93,155.69,2.500,20.00,50.0,6.86
1585.00,-2715.65,690.65,155.80,2.500,20.00,50.0,6.86
1586.00,-2714.62,688.37,155.91,2.500,20.00,50.0,6.86
1587.00,-2713.60,686.09,156.03,2.500,20.00,50.0,6.86
1588.00,-2712.59,683.81,156.14,2.500,20.00,50.0,6.86
1589.00,-2711.58,681.52,156.26,2.500,20.00,50.0,6.86
1590.00,-2710.57,679.23,156.37,2.500,15.00,50.0,6.80
1591.00,-2709.57,676.94,156.48,2.500,15.00,50.0,6.74
1592.00,-2708.57,674.65,156.59,2.500,15.00,50.0,6.69
1593.00,-2707.58,672.35,156.71,2.500,15.00,50.0,6.64
1594.00,-2706.59,670.06,156.81,2.500,15.00,50.0,6.59
1595.00,-2705.60,667.76,156.92,2.500,15.00,50.0,6.54
1596.00,-2704.62,665.46,157.03,2.500,15.00,50.0,6.49
1597.00,-2703.65,663.16,157.14,2.500,15.00,50.0,6.45
1598.00,-2702.68,660.85,157.25,2.500,15.00,50.0,6.41
1599.00,-2701.71,658.55,157.35,2.500,15.00,50.0,6.36
1600.00,-2700.75,656.24,157.46,2.500,15.00,50.0,6.32
1601.00,-2699.79,653.93,157.56,2.500,15.00,50.0,6.28
1602.00,-2698.84,651.62,157.67,2.500,15.00,50.0,6.25
1603.00,-2697.89,649.31,157.77,2.500,15.00,50.0,6.21
1604.00,-2696.94,646.99,157.87,2.500,10.00,50.0,6.12
1605.00,-2696.00,644.68,157.97,2.500,10.00,50.0,6.03
1606.00,-2695.06,642.36,158.07,2.500,10.00,50.0,5.94
1607.00,-2694.13,640.04,158.17,2.500,10.00,50.0,5.86
1608.00,-2693.20,637.72,158.27,2.500,10.00,50.0,5.78
1609.00,-2692.27,635.40,158.36,2.500,10.00,50.0,5.70
1610.00,-2691.35,633.08,158.45,2.500,10.00,50.0,5.62
1611.00,-2690.43,630.75,158.55,2.500,10.00,50.0,5.55
1612.00,-2689.52,628.42,158.64,2.500,10.00,50.0,5.48
1613.00,-2688.61,626.10,158.73,2.500,10.00,50.0,5.41
1614.00,-2687.70,623.77,158.82,2.500,10.00,50.0,5.34
1615.00,-2686.80,621.43,158.91,2.500,10.00,50.0,5.28
1616.00,-2685.90,619.10,158.99,2.500,10.00,50.0,5.22
1617.00,-2685.00,616.77,159.08,2.500,10.00,50.0,5.16
1618.00,-2684.11,614.43,159.16,2.500,10.00,50.0,5.10
1619.00,-2683.22,612.10,159.25,2.500,5.00,50.0,4.99
1620.00,-2682.33,609.76,159.33,2.500,5.00,50.0,4.88
1621.00,-2681.45,607.42,159.41,2.500,5.00,50.0,4.77
1622.00,-2680.57,605.08,159.49,2.500,5.00,50.0,4.67
1623.00,-2679.69,602.74,159.56,2.500,5.00,50.0,4.57
1624.00,-2678.82,600.40,159.64,2.500,5.00,50.0,4.48
1625.00,-2677.95,598.05,159.71,2.500,5.00,50.0,4.39
1626.00,-2677.08,595.71,159.78,2.500,5.00,50.0,4.30
1627.00,-2676.22,593.36,159.85,2.500,5.00,50.0,4.21
1628.00,-2675.36,591.01,159.92,2.500,5.00,50.0,4.13
1629.00,-2674.50,588.67,159.99,2.500,5.00,50.0,4.05
1630.00,-2673.65,586.32,160.05,2.500,5.00,50.0,3.97
1631.00,-2672.79,583.97,160.12,2.500,10.00,50.0,3.95
1632.00,-2671.94,581.62,160.18,2.500,10.00,50.0,3.93
1633.00,-2671.09,579.26,160.25,2.500,10.00,50.0,3.92
1634.00,-2670.25,576.91,160.31,2.500,10.00,50.0,3.90
1635.00,-2669.41,574.56,160.38,2.500,10.00,50.0,3.88
1636.00,-2668.57,572.20,160.44,2.500,10.00,50.0,3.87
1637.00,-2667.73,569.85,160.51,2.500,10.00,50.0,3.85
1638.00,-2666.90,567.49,160.57,2.500,10.00,50.0,3.84
1639.00,-2666.07,565.13,160.64,2.500,10.00,50.0,3.83
1640.00,-2665.24,562.77,160.70,2.500,10.00,50.0,3.81
1641.00,-2664.41,560.41,160.76,2.500,10.00,50.0,3.80
1642.00,-2663.59,558.05,160.83,2.500,10.00,50.0,3.79
1643.00,-2662.77,555.69,160.89,2.500,10.00,50.0,3.78
1644.00,-2661.95,553.33,160.95,2.500,10.00,50.0,3.76
1645.00,-2661.13,550.97,161.01,2.500,10.00,50.0,3.75
1646.00,-2660.32,548.60,161.08,2.500,15.00,50.0,3.80
1647.00,-2659.51,546.24,161.14,2.500,15.00,50.0,3.84
1648.00,-2658.70,543.87,161.21,2.500,15.00,50.0,3.89
1649.00,-2657.89,541.51,161.27,2.500,15.00,50.0,3.93
1650.00,-2657.09,539.14,161.34,2.500,15.00,50.0,3.97
1651.00,-2656.29,536.77,161.41,2.500,15.00,50.0,4.01
1652.00,-2655.49,534.40,161.47,2.500,15.00,50.0,4.05
1653.00,-2654.70,532.03,161.54,2.500,15.00,50.0,4.08
1654.00,-2653.91,529.66,161.61,2.500,15.00,50.0,4.12
1655.00,-2653.12,527.29,161.68,2.500,15.00,50.0,4.15
1656.00,-2652.33,524.91,161.75,2.500,15.00,50.0,4.19
1657.00,-2651.55,522.54,161.82,2.500,15.00,50.0,4.22
1658.00,-2650.77,520.16,161.89,2.500,15.00,50.0,4.25
1659.00,-2649.99,517.79,161.96,2.500,15.00,50.0,4.28
1660.00,-2649.22,515.41,162.03,2.500,15.00,50.0,4.31
1661.00,-2648.45,513.03,162.11,2.500,20.00,50.0,4.39
1662.00,-2647.68,510.65,162.18,2.500,20.00,50.0,4.47
1663.00,-2646.91,508.27,162.26,2.500,20.00,50.0,4.55
1664.00,-2646.15,505.89,162.33,2.500,20.00,50.0,4.63
1665.00,-2645.39,503.51,162.41,2.500,20.00,50.0,4.70
1666.00,-2644.64,501.13,162.49,2.500,20.00,50.0,4.78
1667.00,-2643.89,498.74,162.57,2.500,20.00,50.0,4.85
1668.00,-2643.14,496.36,162.65,2.500,20.00,50.0,4.91
1669.00,-2642.39,493.97,162.74,2.500,20.00,50.0,4.98
1670.00,-2641.65,491.58,162.82,2.500,20.00,50.0,5.04
1671.00,-2640.91,489.19,162.91,2.500,20.00,50.0,5.10
1672.00,-2640.18,486.81,162.99,2.500,20.00,50.0,5.16
1673.00,-2639.45,484.41,163.08,2.500,20.00,50.0,5.22
1674.00,-2638.72,482.02,163.17,2.500,20.00,50.0,5.27
1675.00,-2637.99,479.63,163.26,2.500,20.00,50.0,5.32
1676.00,-2637.27,477.24,163.35,2.500,20.00,50.0,5.37
1677.00,-2636.56,474.84,163.44,2.500,20.00,50.0,5.42
1678.00,-2635.84,472.44,163.53,2.500,20.00,50.0,5.47
1679.00,-2635.14,470.05,163.62,2.500,20.00,50.0,5.52
1680.00,-2634.43,467.65,163.71,2.500,20.00,50.0,5.56
1681.00,-2633.73,465.25,163.80,2.500,20.00,50.0,5.61
1682.00,-2633.03,462.85,163.90,2.500,20.00,50.0,5.65
1683.00,-2632.34,460.45,163.99,2.500,20.00,50.0,5.69
1684.00,-2631.65,458.04,164.09,2.500,20.00,50.0,5.73
1685.00,-2630.96,455.64,164.19,2.500,20.00,50.0,5.76
1686.00,-2630.28,453.23,164.28,2.500,20.00,50.0,5.80
1687.00,-2629.61,450.83,164.38,2.500,20.00,50.0,5.84
1688.00,-2628.93,448.42,164.48,2.500,20.00,50.0,5.87
1689.00,-2628.26,446.01,164.58,2.500,20.00,50.0,5.90
1690.00,-2627.60,443.60,164.67,2.500,20.00,50.0,5.93
1691.00,-2626.94,441.19,164.77,2.500,20.00,50.0,5.97
1692.00,-2626.28,438.78,164.87,2.500,20.00,50.0,6.00
1693.00,-2625.63,436.36,164.97,2.500,20.00,50.0,6.02
1694.00,-2624.98,433.95,165.07,2.500,20.00,50.0,6.05
1695.00,-2624.34,431.53,165.18,2.500,20.00,50.0,6.08
1696.00,-2623.70,429.12,165.28,2.500,20.00,50.0,6.10
1697.00,-2623.06,426.70,165.38,2.500,20.00,50.0,6.13
1698.00,-2622.43,424.28,165.48,2.500,20.00,50.0,6.15
1699.00,-2621.80,421.86,165.59,2.500,20.00,50.0,6.18
1700.00,-2621.18,419.44,165.69,2.500,20.00,50.0,6.20
1701.00,-2620.56,417.02,165.79,2.500,20.00,50.0,6.22
1702.00,-2619.95,414.59,165.90,2.500,20.00,50.0,6.24
1703.00,-2619.34,412.17,166.00,2.500,20.00,50.0,6.26
1704.00,-2618.74,409.74,166.11,2.500,20.00,50.0,6.28
1705.00,-2618.14,407.32,166.21,2.500,20.00,50.0,6.30
1706.00,-2617.54,404.89,166.32,2.500,20.00,50.0,6.32
1707.00,-2616.95,402.46,166.42,2.500,20.00,50.0,6.34
1708.00,-2616.36,400.03,166.53,2.500,20.00,50.0,6.36
1709.00,-2615.78,397.59,166.63,2.510,20.00,60.0,6.37
1710.00,-2615.19,395.14,166.74,2.520,20.00,60.0,6.39
1711.00,-2614.61,392.67,166.85,2.529,20.00,60.0,6.40
1712.00,-2614.04,390.20,166.95,2.539,20.00,60.0,6.42
1713.00,-2613.46,387.72,167.06,2.548,20.00,60.0,6.43
1714.00,-2612.89,385.23,167.17,2.557,20.00,60.0,6.45
1715.00,-2612.32,382.73,167.28,2.566,20.00,60.0,6.46
1716.00,-2611.75,380.21,167.38,2.575,20.00,60.0,6.48
1717.00,-2611.19,377.69,167.49,2.583,20.00,60.0,6.49
1718.00,-2610.63,375.16,167.60,2.591,20.00,60.0,6.50
1719.00,-2610.07,372.62,167.71,2.600,20.00,60.0,6.51
1720.00,-2609.51,370.08,167.82,2.608,20.00,60.0,6.52
1721.00,-2608.96,367.52,167.93,2.615,20.00,60.0,6.53
1722.00,-2608.41,364.95,168.04,2.623,20.00,60.0,6.55
1723.00,-2607.87,362.38,168.15,2.631,20.00,60.0,6.56
1724.00,-2607.33,359.80,168.26,2.638,20.00,60.0,6.57
1725.00,-2606.79,357.21,168.36,2.645,20.00,60.0,6.58
1726.00,-2606.25,354.61,168.47,2.652,20.00,60.0,6.59
1727.00,-2605.72,352.01,168.58,2.659,20.00,60.0,6.59
1728.00,-2605.19,349.39,168.69,2.666,20.00,60.0,6.60
1729.00,-2604.67,346.77,168.80,2.673,20.00,60.0,6.61
1730.00,-2604.15,344.14,168.91,2.679,20.00,60.0,6.62
1731.00,-2603.63,341.51,169.03,2.686,20.00,60.0,6.63
1732.00,-2603.12,338.86,169.14,2.692,20.00,60.0,6.64
1733.00,-2602.61,336.21,169.25,2.698,20.00,60.0,6.64
1734.00,-2602.11,333.56,169.36,2.704,20.00,60.0,6.65
1735.00,-2601.61,330.89,169.47,2.710,20.00,60.0,6.66
1736.00,-2601.11,328.22,169.58,2.716,20.00,60.0,6.66
1737.00,-2600.62,325.55,169.69,2.722,20.00,60.0,6.67
1738.00,-2600.13,322.86,169.80,2.727,20.00,60.0,6.68
1739.00,-2599.65,320.17,169.91,2.733,20.00,60.0,6.68
1740.00,-2599.17,317.48,170.02,2.738,20.00,60.0,6.69
1741.00,-2598.69,314.78,170.14,2.743,20.00,60.0,6.69
1742.00,-2598.22,312.07,170.25,2.748,20.00,60.0,6.70
1743.00,-2597.75,309.35,170.36,2.753,20.00,60.0,6.70
1744.00,-2597.29,306.64,170.47,2.758,20.00,60.0,6.71
1745.00,-2596.83,303.91,170.58,2.763,20.00,60.0,6.71
1746.00,-2596.38,301.18,170.70,2.768,20.00,60.0,6.72
1747.00,-2595.93,298.44,170.81,2.773,20.00,60.0,6.72
1748.00,-2595.49,295.70,170.92,2.777,20.00,60.0,6.73
1749.00,-2595.05,292.96,171.03,2.782,20.00,60.0,6.73
1750.00,-2594.62,290.20,171.14,2.786,20.00,60.0,6.74
1751.00,-2594.19,287.45,171.26,2.790,20.00,60.0,6.74
1752.00,-2593.76,284.68,171.37,2.794,20.00,60.0,6.74
1753.00,-2593.34,281.92,171.48,2.799,20.00,60.0,6.75
1754.00,-2592.93,279.15,171.59,2.803,20.00,60.0,6.75
1755.00,-2592.52,276.37,171.71,2.807,20.00,60.0,6.76
1756.00,-2592.11,273.59,171.82,2.810,20.00,60.0,6.76
1757.00,-2591.71,270.80,171.93,2.814,20.00,60.0,6.76
1758.00,-2591.32,268.01,172.04,2.818,20.00,60.0,6.77
1759.00,-2590.92,265.22,172.16,2.822,20.00,60.0,6.77
1760.00,-2590.54,262.42,172.27,2.825,20.00,60.0,6.77
1761.00,-2590.16,259.62,172.38,2.829,20.00,60.0,6.77
1762.00,-2589.78,256.81,172.50,2.832,20.00,60.0,6.78
1763.00,-2589.41,254.00,172.61,2.835,20.00,60.0,6.78
1764.00,-2589.05,251.18,172.72,2.839,20.00,60.0,6.78
1765.00,-2588.69,248.36,172.84,2.842,20.00,60.0,6.78
1766.00,-2588.33,245.54,172.95,2.845,20.00,60.0,6.79
1767.00,-2587.98,242.71,173.06,2.848,20.00,60.0,6.79
1768.00,-2587.64,239.88,173.17,2.851,20.00,60.0,6.79
1769.00,-2587.30,237.05,173.29,2.854,20.00,60.0,6.79
1770.00,-2586.97,234.21,173.40,2.857,20.00,60.0,6.80
1771.00,-2586.64,231.37,173.51,2.860,20.00,60.0,6.80
1772.00,-2586.31,228.53,173.63,2.863,20.00,60.0,6.80
1773.00,-2586.00,225.68,173.74,2.866,20.00,60.0,6.80
1774.00,-2585.68,222.83,173.85,2.868,20.00,60.0,6.80
1775.00,-2585.38,219.97,173.97,2.871,20.00,60.0,6.81
1776.00,-2585.07,217.12,174.08,2.873,20.00,60.0,6.81
1777.00,-2584.78,214.26,174.19,2.876,20.00,60.0,6.81
1778.00,-2584.49,211.39,174.31,2.878,20.00,60.0,6.81
1779.00,-2584.20,208.53,174.42,2.881,20.00,60.0,6.81
1780.00,-2583.92,205.66,174.54,2.883,20.00,60.0,6.81
1781.00,-2583.65,202.78,174.65,2.886,20.00,60.0,6.81
1782.00,-2583.38,199.91,174.76,2.888,20.00,60.0,6.82
1783.00,-2583.11,197.03,174.88,2.890,20.00,60.0,6.82
1784.00,-2582.85,194.15,174.99,2.892,20.00,60.0,6.82
1785.00,-2582.60,191.27,175.10,2.894,20.00,60.0,6.82
1786.00,-2582.35,188.38,175.22,2.897,20.00,60.0,6.82
1787.00,-2582.11,185.49,175.33,2.899,20.00,60.0,6.82
1788.00,-2581.88,182.60,175.44,2.901,20.00,60.0,6.82
1789.00,-2581.65,179.71,175.56,2.903,20.00,60.0,6.82
1790.00,-2581.42,176.81,175.67,2.905,20.00,60.0,6.83
1791.00,-2581.20,173.91,175.79,2.907,20.00,60.0,6.83
1792.00,-2580.99,171.01,175.90,2.908,20.00,60.0,6.83
1793.00,-2580.78,168.11,176.01,2.910,20.00,60.0,6.83
1794.00,-2580.58,165.20,176.13,2.912,20.00,60.0,6.83
1795.00,-2580.38,162.30,176.24,2.914,20.00,60.0,6.83
1796.00,-2580.19,159.39,176.36,2.915,20.00,60.0,6.83
1797.00,-2580.00,156.48,176.47,2.917,20.00,60.0,6.83
1798.00,-2579.82,153.56,176.58,2.919,20.00,60.0,6.83
1799.00,-2579.65,150.65,176.70,2.920,20.00,60.0,6.83
1800.00,-2579.48,147.73,176.81,2.922,20.00,60.0,6.83
1801.00,-2579.32,144.81,176.92,2.924,20.00,60.0,6.84
1802.00,-2579.16,141.89,177.04,2.925,20.00,60.0,6.84
1803.00,-2579.01,138.97,177.15,2.927,20.00,60.0,6.84
1804.00,-2578.86,136.04,177.27,2.928,20.00,60.0,6.84
1805.00,-2578.73,133.12,177.38,2.930,20.00,60.0,6.84
1806.00,-2578.59,130.19,177.49,2.931,20.00,60.0,6.84
1807.00,-2578.46,127.26,177.61,2.932,20.00,60.0,6.84
1808.00,-2578.34,124.33,177.72,2.934,20.00,60.0,6.84
1809.00,-2578.22,121.40,177.84,2.935,20.00,60.0,6.84
1810.00,-2578.11,118.46,177.95,2.936,20.00,60.0,6.84
1811.00,-2578.01,115.53,178.06,2.938,20.00,60.0,6.84
1812.00,-2577.91,112.59,178.18,2.939,20.00,60.0,6.84
1813.00,-2577.82,109.65,178.29,2.940,20.00,60.0,6.84
1814.00,-2577.73,106.71,178.41,2.941,20.00,60.0,6.84
1815.00,-2577.65,103.77,178.52,2.942,20.00,60.0,6.84
1816.00,-2577.57,100.83,178.63,2.944,20.00,60.0,6.84
1817.00,-2577.50,97.88,178.75,2.945,20.00,60.0,6.84
1818.00,-2577.44,94.94,178.86,2.946,20.00,60.0,6.85
1819.00,-2577.38,91.99,178.98,2.947,20.00,60.0,6.85
1820.00,-2577.32,89.04,179.09,2.948,20.00,60.0,6.85
1821.00,-2577.28,86.10,179.21,2.949,20.00,60.0,6.85
1822.00,-2577.24,83.15,179.32,2.950,20.00,60.0,6.85
1823.00,-2577.20,80.20,179.43,2.951,20.00,60.0,6.85
1824.00,-2577.17,77.24,179.55,2.952,20.00,60.0,6.85
1825.00,-2577.15,74.29,179.66,2.953,20.00,60.0,6.85
1826.00,-2577.13,71.34,179.78,2.954,20.00,60.0,6.85
1827.00,-2577.12,68.38,179.89,2.955,20.00,60.0,6.85
1828.00,-2577.11,65.43,180.00,2.956,20.00,60.0,6.85
1829.00,-2577.11,62.47,180.12,2.957,20.00,60.0,6.85
1830.00,-2577.12,59.51,180.23,2.957,20.00,60.0,6.85
1831.00,-2577.13,56.55,180.35,2.958,20.00,60.0,6.85
1832.00,-2577.15,53.59,180.46,2.959,20.00,60.0,6.85
1833.00,-2577.17,50.63,180.57,2.960,20.00,60.0,6.85
1834.00,-2577.20,47.67,180.69,2.961,20.00,60.0,6.85
1835.00,-2577.24,44.71,180.80,2.962,20.00,60.0,6.85
1836.00,-2577.28,41.75,180.92,2.962,20.00,60.0,6.85
1837.00,-2577.33,38.79,181.03,2.963,20.00,60.0,6.85
1838.00,-2577.38,35.82,181.15,2.964,20.00,60.0,6.85
1839.00,-2577.44,32.86,181.26,2.965,20.00,60.0,6.85
1840.00,-2577.51,29.90,181.37,2.965,20.00,60.0,6.85
1841.00,-2577.58,26.93,181.49,2.966,20.00,60.0,6.85
1842.00,-2577.65,23.97,181.60,2.967,20.00,60.0,6.85
1843.00,-2577.74,21.00,181.72,2.967,20.00,60.0,6.85
1844.00,-2577.83,18.03,181.83,2.968,20.00,60.0,6.85
1845.00,-2577.92,15.07,181.95,2.969,20.00,60.0,6.85
1846.00,-2578.02,12.10,182.06,2.969,20.00,60.0,6.85
1847.00,-2578.13,9.13,182.17,2.970,20.00,60.0,6.85
1848.00,-2578.24,6.16,182.29,2.970,20.00,60.0,6.85
1849.00,-2578.36,3.19,182.40,2.971,20.00,60.0,6.85
1850.00,-2578.48,0.22,182.52,2.972,20.00,60.0,6.85
1851.00,-2578.62,-2.76,182.63,2.982,20.00,70.0,6.85
1852.00,-2578.75,-5.74,182.74,2.993,20.00,70.0,6.85
1853.00,-2578.90,-8.74,182.86,3.003,20.00,70.0,6.85
1854.00,-2579.05,-11.75,182.97,3.013,20.00,70.0,6.85
1855.00,-2579.20,-14.77,183.09,3.022,20.00,70.0,6.85
1856.00,-2579.37,-17.80,183.20,3.032,20.00,70.0,6.85
1857.00,-2579.54,-20.84,183.32,3.041,20.00,70.0,6.85
1858.00,-2579.71,-23.88,183.43,3.050,20.00,70.0,6.85
1859.00,-2579.90,-26.93,183.54,3.059,20.00,70.0,6.85
1860.00,-2580.09,-30.00,183.66,3.068,20.00,70.0,6.85
1861.00,-2580.28,-33.07,183.77,3.077,20.00,70.0,6.85
1862.00,-2580.49,-36.15,183.89,3.085,20.00,70.0,6.85
1863.00,-2580.70,-39.23,184.00,3.094,20.00,70.0,6.85
1864.00,-2580.91,-42.33,184.12,3.102,20.00,70.0,6.85
1865.00,-2581.13,-45.43,184.23,3.110,20.00,70.0,6.85
1866.00,-2581.36,-48.54,184.34,3.118,20.00,70.0,6.85
1867.00,-2581.60,-51.65,184.46,3.125,20.00,70.0,6.85
1868.00,-2581.85,-54.78,184.57,3.133,20.00,70.0,6.85
1869.00,-2582.10,-57.91,184.69,3.140,20.00,70.0,6.86
1870.00,-2582.35,-61.04,184.80,3.147,20.00,70.0,6.86
1871.00,-2582.62,-64.19,184.92,3.154,20.00,70.0,6.86
1872.00,-2582.89,-67.34,185.03,3.161,20.00,70.0,6.86
1873.00,-2583.17,-70.49,185.14,3.168,20.00,70.0,6.86
1874.00,-2583.45,-73.65,185.26,3.175,20.00,70.0,6.86
1875.00,-2583.74,-76.82,185.37,3.181,20.00,70.0,6.86
1876.00,-2584.04,-80.00,185.49,3.188,20.00,70.0,6.86
1877.00,-2584.35,-83.18,185.60,3.194,20.00,70.0,6.86
1878.00,-2584.66,-86.36,185.72,3.200,20.00,70.0,6.86
1879.00,-2584.98,-89.55,185.83,3.206,20.00,70.0,6.86
1880.00,-2585.30,-92.74,185.94,3.212,20.00,70.0,6.86
1881.00,-2585.64,-95.95,186.06,3.218,20.00,70.0,6.86
1882.00,-2585.98,-99.15,186.17,3.223,20.00,70.0,6.86
1883.00,-2586.32,-102.36,186.29,3.229,20.00,70.0,6.86
1884.00,-2586.68,-105.57,186.40,3.234,20.00,70.0,6.86
1885.00,-2587.04,-108.79,186.51,3.239,20.00,70.0,6.86
1886.00,-2587.41,-112.02,186.63,3.245,20.00,70.0,6.86
1887.00,-2587.78,-115.25,186.74,3.250,20.00,70.0,6.86
1888.00,-2588.16,-118.48,186.86,3.255,20.00,70.0,6.86
1889.00,-2588.55,-121.71,186.97,3.260,20.00,70.0,6.86
1890.00,-2588.95,-124.95,187.09,3.264,20.00,70.0,6.86
1891.00,-2589.35,-128.20,187.20,3.269,20.00,70.0,6.86
1892.00,-2589.76,-131.45,187.31,3.274,20.00,70.0,6.86
1893.00,-2590.18,-134.70,187.43,3.278,20.00,70.0,6.86
1894.00,-2590.61,-137.95,187.54,3.283,20.00,70.0,6.86
1895.00,-2591.04,-141.21,187.66,3.287,20.00,70.0,6.86
1896.00,-2591.48,-144.47,187.77,3.291,20.00,70.0,6.86
1897.00,-2591.92,-147.74,187.89,3.296,20.00,70.0,6.86
1898.00,-2592.37,-151.01,188.00,3.300,20.00,70.0,6.86
1899.00,-2592.83,-154.28,188.11,3.304,20.00,70.0,6.86
1900.00,-2593.30,-157.55,188.23,3.308,20.00,70.0,6.86
1901.00,-2593.77,-160.83,188.34,3.311,20.00,70.0,6.86
1902.00,-2594.25,-164.10,188.45,3.305,-35.00,60.0,6.23
1903.00,-2594.74,-167.37,188.54,3.299,-35.00,60.0,5.62
1904.00,-2595.23,-170.62,188.62,3.293,-35.00,60.0,5.03
1905.00,-2595.72,-173.86,188.70,3.277,-35.00,50.0,4.47
1906.00,-2596.21,-177.09,188.76,3.262,-35.00,50.0,3.92
1907.00,-2596.71,-180.29,188.82,3.246,-35.00,50.0,3.39
1908.00,-2597.20,-183.49,188.87,3.232,-35.00,50.0,2.87
1909.00,-2597.70,-186.67,188.91,3.217,-35.00,50.0,2.38
1910.00,-2598.19,-189.83,188.94,3.203,-35.00,50.0,1.90
1911.00,-2598.69,-192.98,188.96,3.189,-35.00,50.0,1.43
1912.00,-2599.18,-196.12,188.98,3.175,-35.00,50.0,0.99
1913.00,-2599.68,-199.24,188.99,3.161,-35.00,50.0,0.55
1914.00,-2600.17,-202.35,188.99,3.148,-35.00,50.0,0.14
1915.00,-2600.66,-205.44,188.99,3.135,-35.00,50.0,-0.27
1916.00,-2601.15,-208.53,188.98,3.122,-35.00,50.0,-0.66
1917.00,-2601.63,-211.60,188.96,3.110,-35.00,50.0,-1.04
1918.00,-2602.12,-214.66,188.94,3.098,-35.00,50.0,-1.40
1919.00,-2602.59,-217.71,188.91,3.086,-35.00,50.0,-1.76
1920.00,-2603.07,-220.75,188.87,3.074,-35.00,50.0,-2.10
1921.00,-2603.54,-223.77,188.83,3.063,-35.00,50.0,-2.43
1922.00,-2604.01,-226.79,188.78,3.051,-35.00,50.0,-2.75
1923.00,-2604.48,-229.79,188.73,3.040,-35.00,50.0,-3.06
1924.00,-2604.94,-232.79,188.68,3.029,-35.00,50.0,-3.35
1925.00,-2605.39,-235.77,188.62,3.019,-35.00,50.0,-3.64
1926.00,-2605.84,-238.74,188.55,3.009,-35.00,50.0,-3.92
1927.00,-2606.29,-241.71,188.48,2.998,-35.00,50.0,-4.19
1928.00,-2606.73,-244.67,188.41,2.988,-35.00,50.0,-4.45
1929.00,-2607.16,-247.61,188.33,2.979,-35.00,50.0,-4.70
1930.00,-2607.59,-250.55,188.25,2.969,-35.00,50.0,-4.95
1931.00,-2608.02,-253.48,188.16,2.960,-35.00,50.0,-5.18
1932.00,-2608.44,-256.40,188.07,2.950,-35.00,50.0,-5.41
1933.00,-2608.85,-259.31,187.98,2.941,-35.00,50.0,-5.63
1934.00,-2609.26,-262.22,187.88,2.933,-35.00,50.0,-5.84
1935.00,-2609.66,-265.11,187.78,2.924,-35.00,50.0,-6.05
1936.00,-2610.05,-268.00,187.67,2.915,-35.00,50.0,-6.24
1937.00,-2610.44,-270.88,187.57,2.907,-35.00,50.0,-6.44
1938.00,-2610.82,-273.76,187.46,2.899,-35.00,50.0,-6.62
1939.00,-2611.20,-276.62,187.34,2.891,-35.00,50.0,-6.80
1940.00,-2611.57,-279.48,187.23,2.883,-35.00,50.0,-6.97
1941.00,-2611.93,-282.34,187.11,2.876,-35.00,50.0,-7.14
1942.00,-2612.28,-285.18,186.99,2.868,-35.00,50.0,-7.30
1943.00,-2612.63,-288.02,186.86,2.861,-35.00,50.0,-7.46
1944.00,-2612.97,-290.85,186.74,2.853,-35.00,50.0,-7.61
1945.00,-2613.31,-293.68,186.61,2.846,-35.00,50.0,-7.76
1946.00,-2613.63,-296.50,186.47,2.839,-35.00,50.0,-7.90
1947.00,-2613.95,-299.32,186.34,2.833,-35.00,50.0,-8.04
1948.00,-2614.26,-302.12,186.20,2.826,-35.00,50.0,-8.17
1949.00,-2614.57,-304.93,186.07,2.820,-35.00,50.0,-8.30
1950.00,-2614.87,-307.72,185.93,2.813,-35.00,50.0,-8.42
1951.00,-2615.16,-310.52,185.78,2.807,-35.00,50.0,-8.54
1952.00,-2615.44,-313.30,185.64,2.801,-35.00,50.0,-8.65
1953.00,-2615.71,-316.08,185.49,2.795,-35.00,50.0,-8.77
1954.00,-2615.98,-318.86,185.35,2.789,-35.00,50.0,-8.87
1955.00,-2616.24,-321.63,185.20,2.783,-35.00,50.0,-8.98
1956.00,-2616.49,-324.40,185.04,2.777,-35.00,50.0,-9.08
1957.00,-2616.73,-327.16,184.89,2.772,-35.00,50.0,-9.18
1958.00,-2616.97,-329.91,184.74,2.766,-35.00,50.0,-9.27
1959.00,-2617.20,-332.67,184.58,2.761,-35.00,50.0,-9.36
1960.00,-2617.42,-335.41,184.42,2.756,-35.00,50.0,-9.45
1961.00,-2617.63,-338.16,184.27,2.751,-35.00,50.0,-9.53
1962.00,-2617.84,-340.89,184.10,2.746,-35.00,50.0,-9.62
1963.00,-2618.03,-343.63,183.94,2.741,-35.00,50.0,-9.70
1964.00,-2618.22,-346.36,183.78,2.736,-35.00,50.0,-9.77
1965.00,-2618.40,-349.08,183.62,2.731,-35.00,50.0,-9.85
1966.00,-2618.57,-351.80,183.45,2.727,-35.00,50.0,-9.92
1967.00,-2618.74,-354.52,183.28,2.722,-35.00,50.0,-9.99
1968.00,-2618.89,-357.23,183.12,2.718,-35.00,50.0,-10.05
1969.00,-2619.04,-359.94,182.95,2.713,-35.00,50.0,-10.12
1970.00,-2619.18,-362.65,182.78,2.709,-35.00,50.0,-10.18
1971.00,-2619.31,-365.35,182.61,2.705,-35.00,50.0,-10.24
1972.00,-2619.43,-368.05,182.44,2.701,-35.00,50.0,-10.30
1973.00,-2619.55,-370.74,182.26,2.697,-35.00,50.0,-10.36
1974.00,-2619.65,-373.43,182.09,2.693,-35.00,50.0,-10.41
1975.00,-2619.75,-376.12,181.92,2.689,-35.00,50.0,-10.47
1976.00,-2619.84,-378.80,181.74,2.685,-35.00,50.0,-10.52
1977.00,-2619.92,-381.48,181.56,2.681,-35.00,50.0,-10.57
1978.00,-2620.00,-384.16,181.39,2.678,-35.00,50.0,-10.61
1979.00,-2620.06,-386.84,181.21,2.674,-35.00,50.0,-10.66
1980.00,-2620.12,-389.51,181.03,2.671,-35.00,50.0,-10.70
1981.00,-2620.16,-392.17,180.85,2.667,-35.00,50.0,-10.75
1982.00,-2620.20,-394.84,180.67,2.664,-35.00,50.0,-10.79
1983.00,-2620.24,-397.50,180.49,2.661,-35.00,50.0,-10.83
1984.00,-2620.26,-400.15,180.31,2.658,-35.00,50.0,-10.87
1985.00,-2620.27,-402.81,180.13,2.654,-35.00,50.0,-10.91
1986.00,-2620.28,-405.46,179.95,2.651,-35.00,50.0,-10.94
1987.00,-2620.28,-408.11,179.76,2.648,-35.00,50.0,-10.98
1988.00,-2620.27,-410.75,179.58,2.645,-35.00,50.0,-11.01
1989.00,-2620.25,-413.40,179.40,2.642,-35.00,50.0,-11.05
1990.00,-2620.22,-416.04,179.21,2.640,-35.00,50.0,-11.08
1991.00,-2620.18,-418.67,179.03,2.637,-35.00,50.0,-11.11
1992.00,-2620.14,-421.31,178.84,2.634,-35.00,50.0,-11.14
1993.00,-2620.08,-423.94,178.65,2.631,-35.00,50.0,-11.17
1994.00,-2620.02,-426.56,178.47,2.629,-35.00,50.0,-11.19
1995.00,-2619.95,-429.19,178.28,2.626,-35.00,50.0,-11.22
1996.00,-2619.87,-431.81,178.09,2.624,-35.00,50.0,-11.25
1997.00,-2619.79,-434.43,177.91,2.621,-35.00,50.0,-11.27
1998.00,-2619.69,-437.05,177.72,2.619,-35.00,50.0,-11.30
1999.00,-2619.59,-439.66,177.53,2.616,-35.00,50.0,-11.32
2000.00,-2619.47,-442.27,177.34,2.614,-35.00,50.0,-11.34
2001.00,-2619.35,-444.88,177.15,2.612,-35.00,50.0,-11.36
2002.00,-2619.22,-447.49,176.96,2.610,-35.00,50.0,-11.39
2003.00,-2619.08,-450.09,176.77,2.607,-35.00,50.0,-11.41
2004.00,-2618.94,-452.69,176.58,2.605,-35.00,50.0,-11.43
2005.00,-2618.78,-455.29,176.39,2.603,-35.00,50.0,-11.45
2006.00,-2618.62,-457.89,176.20,2.601,-35.00,50.0,-11.46
2007.00,-2618.45,-460.48,176.01,2.599,-35.00,50.0,-11.48
2008.00,-2618.26,-463.07,175.81,2.597,-35.00,50.0,-11.50
2009.00,-2618.08,-465.66,175.62,2.595,-35.00,50.0,-11.52
2010.00,-2617.88,-468.25,175.43,2.593,-35.00,50.0,-11.53
2011.00,-2617.67,-470.83,175.24,2.591,-35.00,50.0,-11.55
2012.00,-2617.46,-473.41,175.05,2.589,-35.00,50.0,-11.56
2013.00,-2617.23,-475.99,174.85,2.588,-35.00,50.0,-11.58
2014.00,-2617.00,-478.56,174.66,2.586,-35.00,50.0,-11.59
2015.00,-2616.76,-481.14,174.47,2.584,-35.00,50.0,-11.60
2016.00,-2616.51,-483.71,174.27,2.583,-35.00,50.0,-11.62
2017.00,-2616.25,-486.28,174.08,2.581,-35.00,50.0,-11.63
2018.00,-2615.99,-488.84,173.88,2.579,-35.00,50.0,-11.64
2019.00,-2615.71,-491.40,173.69,2.578,-35.00,50.0,-11.65
2020.00,-2615.43,-493.96,173.50,2.576,-35.00,50.0,-11.67
2021.00,-2615.14,-496.52,173.30,2.575,-35.00,50.0,-11.68
2022.00,-2614.84,-499.08,173.11,2.573,-35.00,50.0,-11.69
2023.00,-2614.53,-501.63,172.91,2.572,-35.00,50.0,-11.70
2024.00,-2614.21,-504.18,172.72,2.570,-35.00,50.0,-11.71
2025.00,-2613.89,-506.73,172.52,2.569,-35.00,50.0,-11.72
2026.00,-2613.55,-509.28,172.33,2.567,-35.00,50.0,-11.73
2027.00,-2613.21,-511.82,172.13,2.566,-35.00,50.0,-11.74
2028.00,-2612.86,-514.36,171.93,2.565,-35.00,50.0,-11.75
2029.00,-2612.50,-516.90,171.74,2.563,-35.00,50.0,-11.75
2030.00,-2612.13,-519.43,171.54,2.562,-35.00,50.0,-11.76
2031.00,-2611.75,-521.97,171.35,2.561,-35.00,50.0,-11.77
2032.00,-2611.37,-524.50,171.15,2.560,-35.00,50.0,-11.78
2033.00,-2610.97,-527.02,170.95,2.559,-35.00,50.0,-11.79
2034.00,-2610.57,-529.55,170.76,2.557,-35.00,50.0,-11.79
2035.00,-2610.16,-532.07,170.56,2.556,-35.00,50.0,-11.80
2036.00,-2609.74,-534.59,170.36,2.555,-35.00,50.0,-11.81
2037.00,-2609.32,-537.11,170.17,2.554,-35.00,50.0,-11.81
2038.00,-2608.88,-539.63,169.97,2.553,-35.00,50.0,-11.82
2039.00,-2608.44,-542.14,169.77,2.552,-35.00,50.0,-11.82
2040.00,-2607.98,-544.65,169.58,2.551,-35.00,50.0,-11.83
2041.00,-2607.52,-547.16,169.38,2.550,-35.00,50.0,-11.84
2042.00,-2607.05,-549.66,169.18,2.549,-35.00,50.0,-11.84
2043.00,-2606.57,-552.17,168.98,2.548,-35.00,50.0,-11.85
2044.00,-2606.09,-554.67,168.79,2.547,-35.00,50.0,-11.85
2045.00,-2605.59,-557.16,168.59,2.546,-35.00,50.0,-11.86
2046.00,-2605.09,-559.66,168.39,2.545,-35.00,50.0,-11.86
2047.00,-2604.58,-562.15,168.19,2.544,-35.00,50.0,-11.87
2048.00,-2604.05,-564.64,167.99,2.543,-35.00,50.0,-11.87
2049.00,-2603.53,-567.13,167.80,2.542,-35.00,50.0,-11.88
2050.00,-2602.99,-569.61,167.60,2.542,-35.00,50.0,-11.88
2051.00,-2602.44,-572.09,167.40,2.541,-35.00,50.0,-11.88
2052.00,-2601.89,-574.57,167.20,2.540,-35.00,50.0,-11.89
2053.00,-2601.33,-577.05,167.00,2.539,-35.00,50.0,-11.89
2054.00,-2600.76,-579.52,166.81,2.538,-35.00,50.0,-11.89
2055.00,-2600.18,-581.99,166.61,2.538,-35.00,50.0,-11.90
2056.00,-2599.59,-584.46,166.41,2.537,-35.00,50.0,-11.90
2057.00,-2598.99,-586.92,166.21,2.536,-35.00,50.0,-11.90
2058.00,-2598.39,-589.38,166.01,2.535,-35.00,50.0,-11.91
2059.00,-2597.78,-591.84,165.81,2.535,-35.00,50.0,-11.91
2060.00,-2597.16,-594.30,165.62,2.534,-35.00,50.0,-11.91
2061.00,-2596.53,-596.75,165.42,2.533,-35.00,50.0,-11.92
2062.00,-2595.89,-599.21,165.22,2.533,-35.00,50.0,-11.92
2063.00,-2595.24,-601.65,165.02,2.532,-35.00,50.0,-11.92
2064.00,-2594.59,-604.10,164.82,2.531,-35.00,50.0,-11.92
2065.00,-2593.93,-606.54,164.62,2.531,-35.00,50.0,-11.93
2066.00,-2593.25,-608.98,164.42,2.530,-35.00,50.0,-11.93
2067.00,-2592.58,-611.42,164.22,2.529,-35.00,50.0,-11.93
2068.00,-2591.89,-613.85,164.03,2.529,-35.00,50.0,-11.93
2069.00,-2591.19,-616.28,163.83,2.528,-35.00,50.0,-11.94
2070.00,-2590.49,-618.71,163.63,2.528,-35.00,50.0,-11.94
2071.00,-2589.78,-621.13,163.43,2.527,-35.00,50.0,-11.94
2072.00,-2589.05,-623.56,163.23,2.527,-35.00,50.0,-11.94
2073.00,-2588.33,-625.97,163.03,2.526,-35.00,50.0,-11.94
2074.00,-2587.59,-628.39,162.83,2.526,-35.00,50.0,-11.95
2075.00,-2586.84,-630.80,162.63,2.525,-35.00,50.0,-11.95
2076.00,-2586.09,-633.21,162.43,2.525,-35.00,50.0,-11.95
2077.00,-2585.33,-635.62,162.23,2.524,-35.00,50.0,-11.95
2078.00,-2584.56,-638.02,162.03,2.524,-35.00,50.0,-11.95
2079.00,-2583.78,-640.42,161.84,2.523,-35.00,50.0,-11.95
2080.00,-2582.99,-642.82,161.64,2.523,-35.00,50.0,-11.96
2081.00,-2582.20,-645.21,161.44,2.522,-35.00,50.0,-11.96
2082.00,-2581.40,-647.60,161.24,2.522,-35.00,50.0,-11.96
2083.00,-2580.58,-649.99,161.04,2.521,-35.00,50.0,-11.96
2084.00,-2579.77,-652.37,160.84,2.521,-35.00,50.0,-11.96
2085.00,-2578.94,-654.76,160.64,2.520,-35.00,50.0,-11.96
2086.00,-2578.10,-657.13,160.44,2.520,-35.00,50.0,-11.96
2087.00,-2577.26,-659.51,160.24,2.520,-35.00,50.0,-11.97
2088.00,-2576.41,-661.88,160.04,2.519,-35.00,50.0,-11.97
2089.00,-2575.55,-664.25,159.84,2.519,-35.00,50.0,-11.97
2090.00,-2574.68,-666.61,159.64,2.519,-35.00,50.0,-11.97
2091.00,-2573.80,-668.97,159.44,2.518,-35.00,50.0,-11.97
2092.00,-2572.92,-671.33,159.24,2.518,-35.00,50.0,-11.97
2093.00,-2572.03,-673.68,159.04,2.517,-35.00,50.0,-11.97
2094.00,-2571.13,-676.03,158.84,2.517,-35.00,50.0,-11.97
2095.00,-2570.22,-678.38,158.64,2.517,-35.00,50.0,-11.97
2096.00,-2569.30,-680.72,158.44,2.516,-35.00,50.0,-11.97
2097.00,-2568.38,-683.06,158.25,2.516,-35.00,50.0,-11.98
2098.00,-2567.45,-685.40,158.05,2.516,-35.00,50.0,-11.98
2099.00,-2566.51,-687.73,157.85,2.515,-35.00,50.0,-11.98
2100.00,-2565.56,-690.06,157.65,2.515,-35.00,50.0,-11.98
2101.00,-2564.60,-692.39,157.45,2.515,-35.00,50.0,-11.98
2102.00,-2563.64,-694.71,157.25,2.515,-35.00,50.0,-11.98
2103.00,-2562.66,-697.03,157.05,2.514,-35.00,50.0,-11.98
2104.00,-2561.68,-699.34,156.85,2.514,-35.00,50.0,-11.98
2105.00,-2560.70,-701.66,156.65,2.514,-35.00,50.0,-11.98
2106.00,-2559.70,-703.96,156.45,2.513,-35.00,50.0,-11.98
2107.00,-2558.69,-706.27,156.25,2.513,-35.00,50.0,-11.98
2108.00,-2557.68,-708.57,156.05,2.513,-35.00,50.0,-11.98
2109.00,-2556.66,-710.86,155.85,2.513,-35.00,50.0,-11.98
2110.00,-2555.63,-713.16,155.65,2.512,-35.00,50.0,-11.98
2111.00,-2554.60,-715.44,155.45,2.512,-35.00,50.0,-11.98
2112.00,-2553.56,-717.73,155.25,2.512,-35.00,50.0,-11.99
2113.00,-2552.50,-720.01,155.05,2.512,-35.00,50.0,-11.99
2114.00,-2551.44,-722.29,154.85,2.511,-35.00,50.0,-11.99
2115.00,-2550.38,-724.56,154.65,2.511,-35.00,50.0,-11.99
2116.00,-2549.30,-726.83,154.45,2.511,-35.00,50.0,-11.99
2117.00,-2548.22,-729.09,154.25,2.511,-35.00,50.0,-11.99
2118.00,-2547.13,-731.36,154.05,2.511,-35.00,50.0,-11.99
2119.00,-2546.03,-733.61,153.85,2.510,-35.00,50.0,-11.99
2120.00,-2544.92,-735.87,153.65,2.510,-35.00,50.0,-11.99
2121.00,-2543.81,-738.12,153.45,2.510,-35.00,50.0,-11.99
2122.00,-2542.69,-740.36,153.25,2.510,-35.00,50.0,-11.99
2123.00,-2541.56,-742.60,153.05,2.510,-35.00,50.0,-11.99
2124.00,-2540.42,-744.84,152.85,2.509,-35.00,50.0,-11.99
2125.00,-2539.28,-747.07,152.65,2.509,-35.00,50.0,-11.99
2126.00,-2538.12,-749.30,152.45,2.509,-35.00,50.0,-11.99
2127.00,-2536.96,-751.52,152.25,2.509,-35.00,50.0,-11.99
2128.00,-2535.80,-753.74,152.05,2.509,-35.00,50.0,-11.99
2129.00,-2534.62,-755.96,151.85,2.508,-35.00,50.0,-11.99
2130.00,-2533.44,-758.17,151.65,2.508,-35.00,50.0,-11.99
2131.00,-2532.25,-760.38,151.45,2.508,-35.00,50.0,-11.99
2132.00,-2531.05,-762.58,151.25,2.508,-35.00,50.0,-11.99
2133.00,-2529.84,-764.78,151.05,2.508,-35.00,50.0,-11.99
2134.00,-2528.63,-766.97,150.85,2.508,-35.00,50.0,-11.99
2135.00,-2527.41,-769.16,150.65,2.507,-35.00,50.0,-11.99
2136.00,-2526.18,-771.35,150.45,2.507,-35.00,50.0,-11.99
2137.00,-2524.94,-773.53,150.25,2.507,-35.00,50.0,-11.99
2138.00,-2523.70,-775.71,150.05,2.507,-35.00,50.0,-11.99
2139.00,-2522.45,-777.88,149.85,2.507,-35.00,50.0,-11.99
2140.00,-2521.19,-780.05,149.65,2.507,-35.00,50.0,-11.99
2141.00,-2519.92,-782.21,149.45,2.507,-35.00,50.0,-11.99
2142.00,-2518.65,-784.37,149.25,2.506,-35.00,50.0,-11.99
2143.00,-2517.37,-786.52,149.05,2.506,-35.00,50.0,-11.99
2144.00,-2516.08,-788.67,148.85,2.506,-35.00,50.0,-12.00
2145.00,-2514.78,-790.82,148.65,2.506,-35.00,50.0,-12.00
2146.00,-2513.48,-792.96,148.45,2.506,-35.00,50.0,-12.00
2147.00,-2512.17,-795.09,148.25,2.506,-35.00,50.0,-12.00
2148.00,-2510.85,-797.22,148.06,2.506,-35.00,50.0,-12.00
2149.00,-2509.52,-799.35,147.86,2.506,-35.00,50.0,-12.00
2150.00,-2508.19,-801.47,147.66,2.506,-35.00,50.0,-12.00
2151.00,-2506.85,-803.59,147.46,2.505,-35.00,50.0,-12.00
2152.00,-2505.50,-805.70,147.26,2.505,-35.00,50.0,-12.00
2153.00,-2504.15,-807.81,147.06,2.505,-35.00,50.0,-12.00
2154.00,-2502.78,-809.91,146.86,2.505,-35.00,50.0,-12.00
2155.00,-2501.41,-812.01,146.66,2.505,-35.00,50.0,-12.00
2156.00,-2500.04,-814.10,146.46,2.505,-35.00,50.0,-12.00
2157.00,-2498.65,-816.19,146.26,2.505,-35.00,50.0,-12.00
2158.00,-2497.26,-818.27,146.06,2.505,-35.00,50.0,-12.00
2159.00,-2495.86,-820.35,145.86,2.505,-35.00,50.0,-12.00
2160.00,-2494.46,-822.42,145.66,2.504,-35.00,50.0,-12.00
2161.00,-2493.05,-824.49,145.46,2.504,-35.00,50.0,-12.00
2162.00,-2491.63,-826.55,145.26,2.504,-35.00,50.0,-12.00
2163.00,-2490.20,-828.61,145.06,2.504,-35.00,50.0,-12.00
2164.00,-2488.76,-830.66,144.86,2.504,-35.00,50.0,-12.00
2165.00,-2487.32,-832.71,144.66,2.504,-35.00,50.0,-12.00
2166.00,-2485.87,-834.75,144.46,2.504,-35.00,50.0,-12.00
2167.00,-2484.42,-836.79,144.26,2.504,-35.00,50.0,-12.00
2168.00,-2482.96,-838.82,144.06,2.504,-35.00,50.0,-12.00
2169.00,-2481.49,-840.85,143.86,2.504,-35.00,50.0,-12.00
2170.00,-2480.01,-842.87,143.66,2.504,-35.00,50.0,-12.00
2171.00,-2478.53,-844.89,143.46,2.504,-35.00,50.0,-12.00
2172.00,-2477.03,-846.90,143.26,2.504,-35.00,50.0,-12.00
2173.00,-2475.54,-848.90,143.06,2.503,-35.00,50.0,-12.00
2174.00,-2474.03,-850.91,142.86,2.503,-35.00,50.0,-12.00
2175.00,-2472.52,-852.90,142.66,2.503,-35.00,50.0,-12.00
2176.00,-2471.00,-854.89,142.46,2.503,-35.00,50.0,-12.00
2177.00,-2469.48,-856.88,142.26,2.503,-35.00,50.0,-12.00
2178.00,-2467.94,-858.86,142.06,2.503,-35.00,50.0,-12.00
2179.00,-2466.41,-860.83,141.86,2.503,-35.00,50.0,-12.00
2180.00,-2464.86,-862.80,141.66,2.503,-35.00,50.0,-12.00
2181.00,-2463.31,-864.76,141.46,2.503,-35.00,50.0,-12.00
2182.00,-2461.75,-866.72,141.26,2.503,-35.00,50.0,-12.00
2183.00,-2460.18,-868.67,141.06,2.503,-35.00,50.0,-12.00
2184.00,-2458.61,-870.62,140.86,2.503,-35.00,50.0,-12.00
2185.00,-2457.03,-872.56,140.66,2.503,-35.00,50.0,-12.00
2186.00,-2455.44,-874.49,140.46,2.503,-35.00,50.0,-12.00
2187.00,-2453.85,-876.42,140.26,2.503,-35.00,50.0,-12.00
2188.00,-2452.25,-878.35,140.06,2.503,-35.00,50.0,-12.00
2189.00,-2450.64,-880.27,139.86,2.503,-35.00,50.0,-12.00
2190.00,-2449.03,-882.18,139.66,2.502,-35.00,50.0,-12.00
2191.00,-2447.41,-884.09,139.46,2.502,-35.00,50.0,-12.00
2192.00,-2445.78,-885.99,139.26,2.502,-35.00,50.0,-12.00
2193.00,-2444.15,-887.88,139.06,2.502,-35.00,50.0,-12.00
2194.00,-2442.51,-889.77,138.86,2.502,-35.00,50.0,-12.00
2195.00,-2440.86,-891.66,138.66,2.502,-35.00,50.0,-12.00
2196.00,-2439.21,-893.54,138.46,2.502,-35.00,50.0,-12.00
2197.00,-2437.55,-895.41,138.26,2.502,-35.00,50.0,-12.00
2198.00,-2435.88,-897.28,138.06,2.502,-35.00,50.0,-12.00
2199.00,-2434.21,-899.14,137.86,2.502,-35.00,50.0,-12.00
2200.00,-2432.53,-900.99,137.66,2.502,-35.00,50.0,-12.00
2201.00,-2430.85,-902.84,137.46,2.502,-35.00,50.0,-12.00
2202.00,-2429.16,-904.69,137.26,2.502,-35.00,50.0,-12.00
2203.00,-2427.46,-906.52,137.06,2.502,-35.00,50.0,-12.00
2204.00,-2425.75,-908.35,136.86,2.502,-35.00,50.0,-12.00
2205.00,-2424.04,-910.18,136.66,2.502,-35.00,50.0,-12.00
2206.00,-2422.33,-912.00,136.46,2.502,-35.00,50.0,-12.00
2207.00,-2420.60,-913.81,136.26,2.502,-35.00,50.0,-12.00
2208.00,-2418.87,-915.62,136.06,2.502,-35.00,50.0,-12.00
2209.00,-2417.14,-917.42,135.86,2.502,-35.00,50.0,-12.00
2210.00,-2415.39,-919.22,135.66,2.502,-35.00,50.0,-12.00
2211.00,-2413.65,-921.01,135.46,2.502,-35.00,50.0,-12.00
2212.00,-2411.89,-922.79,135.26,2.502,-35.00,50.0,-12.00
2213.00,-2410.13,-924.56,135.06,2.502,-35.00,50.0,-12.00
2214.00,-2408.36,-926.34,134.86,2.502,-35.00,50.0,-12.00
2215.00,-2406.59,-928.10,134.66,2.501,-35.00,50.0,-12.00
2216.00,-2404.81,-929.86,134.46,2.501,-35.00,50.0,-12.00
2217.00,-2403.02,-931.61,134.26,2.501,-35.00,50.0,-12.00
2218.00,-2401.23,-933.36,134.06,2.501,-35.00,50.0,-12.00
2219.00,-2399.44,-935.10,133.86,2.501,-35.00,50.0,-12.00
2220.00,-2397.63,-936.83,133.66,2.501,-35.00,50.0,-12.00
2221.00,-2395.82,-938.55,133.46,2.501,-35.00,50.0,-12.00
2222.00,-2394.01,-940.28,133.26,2.501,-35.00,50.0,-12.00
2223.00,-2392.19,-941.99,133.06,2.501,-35.00,50.0,-12.00
2224.00,-2390.36,-943.70,132.86,2.501,-35.00,50.0,-12.00
2225.00,-2388.52,-945.40,132.66,2.501,-35.00,50.0,-12.00
2226.00,-2386.68,-947.09,132.46,2.501,-35.00,50.0,-12.00
2227.00,-2384.84,-948.78,132.26,2.501,-35.00,50.0,-12.00
2228.00,-2382.99,-950.46,132.06,2.501,-35.00,50.0,-12.00
2229.00,-2381.13,-952.14,131.86,2.501,-35.00,50.0,-12.00
2230.00,-2379.27,-953.81,131.66,2.501,-35.00,50.0,-12.00
2231.00,-2377.40,-955.47,131.46,2.501,-35.00,50.0,-12.00
2232.00,-2375.53,-957.13,131.26,2.501,-35.00,50.0,-12.00
2233.00,-2373.64,-958.78,131.06,2.501,-35.00,50.0,-12.00
2234.00,-2371.76,-960.42,130.86,2.501,-35.00,50.0,-12.00
2235.00,-2369.87,-962.05,130.66,2.501,-35.00,50.0,-12.00
2236.00,-2367.97,-963.68,130.46,2.501,-35.00,50.0,-12.00
2237.00,-2366.07,-965.31,130.26,2.501,-35.00,50.0,-12.00
2238.00,-2364.16,-966.92,130.06,2.501,-35.00,50.0,-12.00
2239.00,-2362.24,-968.53,129.86,2.501,-35.00,50.0,-12.00
2240.00,-2360.32,-970.13,129.66,2.501,-35.00,50.0,-12.00
2241.00,-2358.40,-971.73,129.46,2.501,-35.00,50.0,-12.00
2242.00,-2356.47,-973.32,129.26,2.501,-35.00,50.0,-12.00
2243.00,-2354.53,-974.90,129.06,2.501,-35.00,50.0,-12.00
2244.00,-2352.59,-976.48,128.86,2.501,-35.00,50.0,-12.00
2245.00,-2350.64,-978.05,128.66,2.501,-35.00,50.0,-12.00
2246.00,-2348.69,-979.61,128.46,2.501,-35.00,50.0,-12.00
2247.00,-2346.73,-981.16,128.26,2.501,-35.00,50.0,-12.00
2248.00,-2344.77,-982.71,128.06,2.501,-35.00,50.0,-12.00
2249.00,-2342.80,-984.25,127.86,2.501,-35.00,50.0,-12.00
2250.00,-2340.82,-985.79,127.66,2.501,-35.00,50.0,-12.00
2251.00,-2338.84,-987.32,127.46,2.501,-35.00,50.0,-12.00
2252.00,-2336.86,-988.84,127.26,2.501,-35.00,50.0,-12.00
2253.00,-2334.87,-990.35,127.06,2.501,-35.00,50.0,-12.00
2254.00,-2332.87,-991.86,126.86,2.501,-35.00,50.0,-12.00
2255.00,-2330.87,-993.36,126.66,2.501,-35.00,50.0,-12.00
2256.00,-2328.87,-994.85,126.46,2.501,-35.00,50.0,-12.00
2257.00,-2326.86,-996.34,126.26,2.501,-35.00,50.0,-12.00
2258.00,-2324.84,-997.82,126.06,2.501,-35.00,50.0,-12.00
2259.00,-2322.82,-999.29,125.86,2.501,-35.00,50.0,-12.00
2260.00,-2320.79,-1000.75,125.66,2.501,-35.00,50.0,-12.00
2261.00,-2318.76,-1002.21,125.46,2.501,-35.00,50.0,-12.00
2262.00,-2316.72,-1003.66,125.26,2.501,-35.00,50.0,-12.00
2263.00,-2314.68,-1005.10,125.06,2.501,-35.00,50.0,-12.00
2264.00,-2312.63,-1006.54,124.86,2.501,-35.00,50.0,-12.00
2265.00,-2310.58,-1007.97,124.66,2.501,-35.00,50.0,-12.00
2266.00,-2308.52,-1009.39,124.46,2.501,-35.00,50.0,-12.00
2267.00,-2306.46,-1010.81,124.26,2.501,-35.00,50.0,-12.00
2268.00,-2304.40,-1012.21,124.06,2.501,-35.00,50.0,-12.00
2269.00,-2302.32,-1013.61,123.86,2.500,-35.00,50.0,-12.00
2270.00,-2300.25,-1015.01,123.66,2.500,-35.00,50.0,-12.00
2271.00,-2298.17,-1016.39,123.46,2.500,-35.00,50.0,-12.00
2272.00,-2296.08,-1017.77,123.26,2.500,-35.00,50.0,-12.00
2273.00,-2293.99,-1019.14,123.06,2.500,-35.00,50.0,-12.00
2274.00,-2291.89,-1020.51,122.86,2.500,-35.00,50.0,-12.00
2275.00,-2289.79,-1021.86,122.66,2.500,-35.00,50.0,-12.00
2276.00,-2287.69,-1023.21,122.46,2.500,-35.00,50.0,-12.00
2277.00,-2285.58,-1024.56,122.26,2.500,-35.00,50.0,-12.00
2278.00,-2283.46,-1025.89,122.06,2.500,-35.00,50.0,-12.00
2279.00,-2281.34,-1027.22,121.86,2.500,-35.00,50.0,-12.00
2280.00,-2279.22,-1028.54,121.66,2.500,-35.00,50.0,-12.00
2281.00,-2277.09,-1029.85,121.46,2.500,-35.00,50.0,-12.00
2282.00,-2274.96,-1031.15,121.26,2.500,-35.00,50.0,-12.00
2283.00,-2272.82,-1032.45,121.06,2.500,-35.00,50.0,-12.00
2284.00,-2270.68,-1033.74,120.86,2.500,-35.00,50.0,-12.00
2285.00,-2268.53,-1035.02,120.66,2.500,-35.00,50.0,-12.00
2286.00,-2266.38,-1036.30,120.46,2.500,-35.00,50.0,-12.00
2287.00,-2264.23,-1037.57,120.26,2.500,-35.00,50.0,-12.00
2288.00,-2262.07,-1038.83,120.06,2.500,-35.00,50.0,-12.00
2289.00,-2259.90,-1040.08,119.86,2.500,-35.00,50.0,-12.00
2290.00,-2257.74,-1041.32,119.66,2.500,-35.00,50.0,-12.00
2291.00,-2255.56,-1042.56,119.46,2.500,-35.00,50.0,-12.00
2292.00,-2253.39,-1043.79,119.26,2.500,-35.00,50.0,-12.00
2293.00,-2251.20,-1045.01,119.06,2.500,-35.00,50.0,-12.00
2294.00,-2249.02,-1046.23,118.86,2.500,-35.00,50.0,-12.00
2295.00,-2246.83,-1047.43,118.66,2.500,-35.00,50.0,-12.00
2296.00,-2244.63,-1048.63,118.46,2.500,-35.00,50.0,-12.00
2297.00,-2242.44,-1049.82,118.26,2.500,-35.00,50.0,-12.00
2298.00,-2240.23,-1051.01,118.06,2.500,-35.00,50.0,-12.00
2299.00,-2238.03,-1052.18,117.86,2.500,-35.00,50.0,-12.00
2300.00,-2235.82,-1053.35,117.66,2.500,-35.00,50.0,-12.00
2301.00,-2233.60,-1054.51,117.46,2.500,-35.00,50.0,-12.00
2302.00,-2231.38,-1055.66,117.26,2.500,-35.00,50.0,-12.00
2303.00,-2229.16,-1056.81,117.06,2.500,-35.00,50.0,-12.00
2304.00,-2226.93,-1057.95,116.86,2.500,-35.00,50.0,-12.00
2305.00,-2224.70,-1059.08,116.66,2.500,-35.00,50.0,-12.00
2306.00,-2222.47,-1060.20,116.46,2.500,-35.00,50.0,-12.00
2307.00,-2220.23,-1061.31,116.26,2.500,-35.00,50.0,-12.00
2308.00,-2217.99,-1062.42,116.06,2.500,-35.00,50.0,-12.00
2309.00,-2215.74,-1063.52,115.86,2.500,-35.00,50.0,-12.00
2310.00,-2213.49,-1064.61,115.66,2.500,-35.00,50.0,-12.00
2311.00,-2211.24,-1065.69,115.46,2.500,-35.00,50.0,-12.00
2312.00,-2208.98,-1066.76,115.26,2.500,-35.00,50.0,-12.00
2313.00,-2206.72,-1067.83,115.06,2.500,-35.00,50.0,-12.00
2314.00,-2204.46,-1068.89,114.86,2.500,-35.00,50.0,-12.00
2315.00,-2202.19,-1069.94,114.66,2.500,-35.00,50.0,-12.00
2316.00,-2199.91,-1070.98,114.46,2.500,-35.00,50.0,-12.00
2317.00,-2197.64,-1072.02,114.26,2.500,-35.00,50.0,-12.00
2318.00,-2195.36,-1073.05,114.06,2.500,-35.00,50.0,-12.00
2319.00,-2193.08,-1074.07,113.86,2.500,-35.00,50.0,-12.00
2320.00,-2190.79,-1075.08,113.66,2.500,-35.00,50.0,-12.00
2321.00,-2188.50,-1076.08,113.46,2.500,-35.00,50.0,-12.00
2322.00,-2186.21,-1077.07,113.26,2.500,-35.00,50.0,-12.00
2323.00,-2183.91,-1078.06,113.06,2.500,-35.00,50.0,-12.00
2324.00,-2181.61,-1079.04,112.86,2.500,-35.00,50.0,-12.00
2325.00,-2179.31,-1080.01,112.66,2.500,-35.00,50.0,-12.00
2326.00,-2177.00,-1080.98,112.46,2.500,-35.00,50.0,-12.00
2327.00,-2174.69,-1081.93,112.26,2.500,-35.00,50.0,-12.00
2328.00,-2172.37,-1082.88,112.06,2.500,-35.00,50.0,-12.00
2329.00,-2170.06,-1083.82,111.86,2.500,-35.00,50.0,-12.00
2330.00,-2167.74,-1084.75,111.66,2.500,-35.00,50.0,-12.00
2331.00,-2165.41,-1085.67,111.46,2.500,-35.00,50.0,-12.00
2332.00,-2163.09,-1086.58,111.26,2.500,-35.00,50.0,-12.00
2333.00,-2160.76,-1087.49,111.06,2.500,-35.00,50.0,-12.00
2334.00,-2158.42,-1088.39,110.86,2.500,-35.00,50.0,-12.00
2335.00,-2156.09,-1089.28,110.66,2.500,-35.00,50.0,-12.00
2336.00,-2153.75,-1090.16,110.46,2.500,-35.00,50.0,-12.00
2337.00,-2151.40,-1091.04,110.26,2.500,-35.00,50.0,-12.00
2338.00,-2149.06,-1091.90,110.06,2.500,-35.00,50.0,-12.00
2339.00,-2146.71,-1092.76,109.86,2.500,-35.00,50.0,-12.00
2340.00,-2144.36,-1093.61,109.66,2.500,-35.00,50.0,-12.00
2341.00,-2142.00,-1094.45,109.46,2.500,-35.00,50.0,-12.00
2342.00,-2139.65,-1095.28,109.26,2.500,-35.00,50.0,-12.00
2343.00,-2137.29,-1096.11,109.06,2.500,-35.00,50.0,-12.00
2344.00,-2134.92,-1096.92,108.86,2.500,-35.00,50.0,-12.00
2345.00,-2132.56,-1097.73,108.66,2.500,-35.00,50.0,-12.00
2346.00,-2130.19,-1098.53,108.46,2.500,-35.00,50.0,-12.00
2347.00,-2127.82,-1099.32,108.26,2.500,-35.00,50.0,-12.00
2348.00,-2125.44,-1100.10,108.06,2.500,-35.00,50.0,-12.00
2349.00,-2123.07,-1100.88,107.86,2.500,-35.00,50.0,-12.00
2350.00,-2120.69,-1101.65,107.66,2.500,-35.00,50.0,-12.00
2351.00,-2118.30,-1102.40,107.46,2.500,-35.00,50.0,-12.00
2352.00,-2115.92,-1103.15,107.26,2.500,-35.00,50.0,-12.00
2353.00,-2113.53,-1103.90,107.06,2.500,-35.00,50.0,-12.00
2354.00,-2111.14,-1104.63,106.86,2.500,-35.00,50.0,-12.00
2355.00,-2108.75,-1105.35,106.66,2.500,-35.00,50.0,-12.00
2356.00,-2106.35,-1106.07,106.46,2.500,-35.00,50.0,-12.00
2357.00,-2103.96,-1106.78,106.26,2.500,-35.00,50.0,-12.00
2358.00,-2101.56,-1107.48,106.06,2.500,-35.00,50.0,-12.00
2359.00,-2099.15,-1108.17,105.86,2.500,-35.00,50.0,-12.00
2360.00,-2096.75,-1108.85,105.66,2.500,-35.00,50.0,-12.00
2361.00,-2094.34,-1109.53,105.46,2.500,-35.00,50.0,-12.00
2362.00,-2091.93,-1110.20,105.26,2.500,-35.00,50.0,-12.00
2363.00,-2089.52,-1110.85,105.06,2.500,-35.00,50.0,-12.00
2364.00,-2087.11,-1111.50,104.86,2.500,-35.00,50.0,-12.00
2365.00,-2084.69,-1112.14,104.66,2.500,-35.00,50.0,-12.00
2366.00,-2082.27,-1112.78,104.46,2.500,-35.00,50.0,-12.00
2367.00,-2079.85,-1113.40,104.26,2.500,-35.00,50.0,-12.00
2368.00,-2077.43,-1114.02,104.06,2.500,-35.00,50.0,-12.00
2369.00,-2075.00,-1114.62,103.86,2.500,-35.00,50.0,-12.00
2370.00,-2072.57,-1115.22,103.66,2.500,-35.00,50.0,-12.00
2371.00,-2070.14,-1115.81,103.46,2.500,-35.00,50.0,-12.00
2372.00,-2067.71,-1116.39,103.26,2.500,-35.00,50.0,-12.00
2373.00,-2065.28,-1116.97,103.06,2.500,-35.00,50.0,-12.00
2374.00,-2062.84,-1117.53,102.86,2.500,-35.00,50.0,-12.00
2375.00,-2060.41,-1118.09,102.66,2.500,-35.00,50.0,-12.00
2376.00,-2057.97,-1118.64,102.46,2.500,-35.00,50.0,-12.00
2377.00,-2055.53,-1119.18,102.26,2.500,-35.00,50.0,-12.00
2378.00,-2053.08,-1119.71,102.06,2.500,-35.00,50.0,-12.00
2379.00,-2050.64,-1120.23,101.86,2.500,-35.00,50.0,-12.00
2380.00,-2048.19,-1120.74,101.66,2.500,-35.00,50.0,-12.00
2381.00,-2045.74,-1121.25,101.46,2.500,-35.00,50.0,-12.00
2382.00,-2043.29,-1121.74,101.26,2.500,-35.00,50.0,-12.00
2383.00,-2040.84,-1122.23,101.06,2.500,-35.00,50.0,-12.00
2384.00,-2038.39,-1122.71,100.86,2.500,-35.00,50.0,-12.00
2385.00,-2035.93,-1123.18,100.66,2.500,-35.00,50.0,-12.00
2386.00,-2033.47,-1123.64,100.46,2.500,-35.00,50.0,-12.00
2387.00,-2031.02,-1124.10,100.26,2.500,-35.00,50.0,-12.00
2388.00,-2028.56,-1124.54,100.06,2.500,-35.00,50.0,-12.00
2389.00,-2026.09,-1124.98,99.86,2.500,-35.00,50.0,-12.00
2390.00,-2023.63,-1125.41,99.66,2.500,-35.00,50.0,-12.00
2391.00,-2021.17,-1125.83,99.46,2.500,-35.00,50.0,-12.00
2392.00,-2018.70,-1126.24,99.26,2.500,-35.00,50.0,-12.00
2393.00,-2016.23,-1126.64,99.06,2.500,-35.00,50.0,-12.00
2394.00,-2013.76,-1127.03,98.86,2.500,-35.00,50.0,-12.00
2395.00,-2011.29,-1127.42,98.66,2.500,-35.00,50.0,-12.00
2396.00,-2008.82,-1127.80,98.46,2.500,-35.00,50.0,-12.00
2397.00,-2006.35,-1128.16,98.26,2.500,-35.00,50.0,-12.00
2398.00,-2003.88,-1128.52,98.06,2.500,-35.00,50.0,-12.00
2399.00,-2001.40,-1128.87,97.86,2.500,-35.00,50.0,-12.00
2400.00,-1998.92,-1129.21,97.66,2.500,-35.00,50.0,-12.00
2401.00,-1996.45,-1129.55,97.46,2.500,-35.00,50.0,-12.00
2402.00,-1993.97,-1129.87,97.26,2.500,-35.00,50.0,-12.00
2403.00,-1991.49,-1130.19,97.06,2.500,-35.00,50.0,-12.00
2404.00,-1989.01,-1130.49,96.86,2.500,-35.00,50.0,-12.00
2405.00,-1986.52,-1130.79,96.66,2.500,-35.00,50.0,-12.00
2406.00,-1984.04,-1131.08,96.46,2.500,-35.00,50.0,-12.00
2407.00,-1981.56,-1131.36,96.26,2.500,-35.00,50.0,-12.00
2408.00,-1979.07,-1131.64,96.06,2.500,-35.00,50.0,-12.00
2409.00,-1976.59,-1131.90,95.86,2.500,-35.00,50.0,-12.00
2410.00,-1974.10,-1132.16,95.66,2.500,-35.00,50.0,-12.00
2411.00,-1971.61,-1132.40,95.46,2.500,-35.00,50.0,-12.00
2412.00,-1969.12,-1132.64,95.26,2.500,-35.00,50.0,-12.00
2413.00,-1966.63,-1132.87,95.06,2.500,-35.00,50.0,-12.00
2414.00,-1964.14,-1133.09,94.86,2.500,-35.00,50.0,-12.00
2415.00,-1961.65,-1133.30,94.66,2.500,-35.00,50.0,-12.00
2416.00,-1959.16,-1133.50,94.46,2.500,-35.00,50.0,-12.00
2417.00,-1956.67,-1133.70,94.26,2.500,-35.00,50.0,-12.00
2418.00,-1954.17,-1133.88,94.06,2.500,-35.00,50.0,-12.00
2419.00,-1951.68,-1134.06,93.86,2.500,-35.00,50.0,-12.00
2420.00,-1949.19,-1134.23,93.66,2.500,-35.00,50.0,-12.00
2421.00,-1946.69,-1134.39,93.46,2.500,-35.00,50.0,-12.00
2422.00,-1944.20,-1134.54,93.26,2.500,-35.00,50.0,-12.00
2423.00,-1941.70,-1134.68,93.06,2.500,-35.00,50.0,-12.00
2424.00,-1939.20,-1134.81,92.86,2.500,-35.00,50.0,-12.00
2425.00,-1936.71,-1134.94,92.66,2.500,-35.00,50.0,-12.00
2426.00,-1934.21,-1135.06,92.46,2.500,-35.00,50.0,-12.00
2427.00,-1931.71,-1135.16,92.26,2.500,-35.00,50.0,-12.00
2428.00,-1929.21,-1135.26,92.06,2.500,-35.00,50.0,-12.00
2429.00,-1926.71,-1135.35,91.86,2.500,-35.00,50.0,-12.00
2430.00,-1924.22,-1135.43,91.66,2.500,-35.00,50.0,-12.00
2431.00,-1921.72,-1135.50,91.46,2.500,-35.00,50.0,-12.00
2432.00,-1919.22,-1135.57,91.26,2.500,-35.00,50.0,-12.00
2433.00,-1916.72,-1135.62,91.06,2.500,-35.00,50.0,-12.00
2434.00,-1914.22,-1135.67,90.86,2.500,-35.00,50.0,-12.00
2435.00,-1911.72,-1135.71,90.66,2.500,-35.00,50.0,-12.00
2436.00,-1909.22,-1135.73,90.46,2.500,-35.00,50.0,-12.00
2437.00,-1906.72,-1135.75,90.26,2.500,-35.00,50.0,-12.00
2438.00,-1904.22,-1135.77,90.06,2.500,-35.00,50.0,-12.00
2439.00,-1901.72,-1135.77,89.86,2.500,-35.00,50.0,-12.00
2440.00,-1899.22,-1135.76,89.66,2.500,-35.00,50.0,-12.00
2441.00,-1896.72,-1135.75,89.46,2.500,-35.00,50.0,-12.00
2442.00,-1894.22,-1135.72,89.26,2.500,-35.00,50.0,-12.00
2443.00,-1891.72,-1135.69,89.06,2.500,-35.00,50.0,-12.00
2444.00,-1889.22,-1135.65,88.86,2.500,-35.00,50.0,-12.00
2445.00,-1886.72,-1135.60,88.66,2.500,-35.00,50.0,-12.00
2446.00,-1884.22,-1135.54,88.46,2.500,-35.00,50.0,-12.00
2447.00,-1881.72,-1135.47,88.26,2.500,-35.00,50.0,-12.00
2448.00,-1879.22,-1135.40,88.06,2.500,-35.00,50.0,-12.00
2449.00,-1876.72,-1135.31,87.86,2.500,-35.00,50.0,-12.00
2450.00,-1874.23,-1135.22,87.66,2.500,-35.00,50.0,-12.00
2451.00,-1871.73,-1135.12,87.46,2.500,-35.00,50.0,-12.00
2452.00,-1869.23,-1135.01,87.26,2.500,-35.00,50.0,-12.00
2453.00,-1866.73,-1134.89,87.06,2.500,-35.00,50.0,-12.00
2454.00,-1864.24,-1134.76,86.86,2.500,-35.00,50.0,-12.00
2455.00,-1861.74,-1134.62,86.66,2.500,-35.00,50.0,-12.00
2456.00,-1859.24,-1134.48,86.46,2.500,-35.00,50.0,-12.00
2457.00,-1856.75,-1134.32,86.26,2.500,-35.00,50.0,-12.00
2458.00,-1854.25,-1134.16,86.06,2.500,-35.00,50.0,-12.00
2459.00,-1851.76,-1133.99,85.86,2.500,-35.00,50.0,-12.00
2460.00,-1849.27,-1133.81,85.66,2.500,-35.00,50.0,-12.00
2461.00,-1846.77,-1133.62,85.46,2.500,-35.00,50.0,-12.00
2462.00,-1844.28,-1133.42,85.26,2.500,-35.00,50.0,-12.00
2463.00,-1841.79,-1133.21,85.06,2.500,-35.00,50.0,-12.00
2464.00,-1839.30,-1133.00,84.86,2.500,-35.00,50.0,-12.00
2465.00,-1836.81,-1132.77,84.66,2.500,-35.00,50.0,-12.00
2466.00,-1834.32,-1132.54,84.46,2.500,-35.00,50.0,-12.00
2467.00,-1831.83,-1132.30,84.26,2.500,-35.00,50.0,-12.00
2468.00,-1829.34,-1132.05,84.06,2.500,-35.00,50.0,-12.00
2469.00,-1826.86,-1131.79,83.86,2.500,-35.00,50.0,-12.00
2470.00,-1824.37,-1131.52,83.66,2.500,-35.00,50.0,-12.00
2471.00,-1821.89,-1131.24,83.46,2.500,-35.00,50.0,-12.00
2472.00,-1819.40,-1130.96,83.26,2.500,-35.00,50.0,-12.00
2473.00,-1816.92,-1130.67,83.06,2.500,-35.00,50.0,-12.00
2474.00,-1814.44,-1130.36,82.86,2.500,-35.00,50.0,-12.00
2475.00,-1811.96,-1130.05,82.66,2.500,-35.00,50.0,-12.00
2476.00,-1809.48,-1129.73,82.46,2.500,-35.00,50.0,-12.00
2477.00,-1807.00,-1129.41,82.26,2.500,-35.00,50.0,-12.00
2478.00,-1804.52,-1129.07,82.06,2.500,-35.00,50.0,-12.00
2479.00,-1802.05,-1128.72,81.86,2.500,-35.00,50.0,-12.00
2480.00,-1799.57,-1128.37,81.66,2.500,-35.00,50.0,-12.00
2481.00,-1797.10,-1128.01,81.46,2.500,-35.00,50.0,-12.00
2482.00,-1794.63,-1127.64,81.26,2.500,-35.00,50.0,-12.00
2483.00,-1792.16,-1127.26,81.06,2.500,-35.00,50.0,-12.00
2484.00,-1789.69,-1126.87,80.86,2.500,-35.00,50.0,-12.00
2485.00,-1787.22,-1126.47,80.66,2.500,-35.00,50.0,-12.00
2486.00,-1784.75,-1126.06,80.46,2.500,-35.00,50.0,-12.00
2487.00,-1782.29,-1125.65,80.26,2.500,-35.00,50.0,-12.00
2488.00,-1779.82,-1125.23,80.06,2.500,-35.00,50.0,-12.00
2489.00,-1777.36,-1124.79,79.86,2.500,-35.00,50.0,-12.00
2490.00,-1774.90,-1124.35,79.66,2.500,-35.00,50.0,-12.00
2491.00,-1772.44,-1123.91,79.46,2.500,-35.00,50.0,-12.00
2492.00,-1769.98,-1123.45,79.26,2.500,-35.00,50.0,-12.00
2493.00,-1767.53,-1122.98,79.06,2.500,-35.00,50.0,-12.00
2494.00,-1765.07,-1122.51,78.86,2.500,-35.00,50.0,-12.00
2495.00,-1762.62,-1122.02,78.66,2.500,-35.00,50.0,-12.00
2496.00,-1760.17,-1121.53,78.46,2.500,-35.00,50.0,-12.00
2497.00,-1757.72,-1121.03,78.26,2.500,-35.00,50.0,-12.00
2498.00,-1755.27,-1120.52,78.06,2.500,-35.00,50.0,-12.00
2499.00,-1752.82,-1120.01,77.86,2.500,-35.00,50.0,-12.00
2500.00,-1750.38,-1119.48,77.66,2.500,-35.00,50.0,-12.00
2501.00,-1747.94,-1118.95,77.46,2.500,-35.00,50.0,-12.00
2502.00,-1745.50,-1118.40,77.26,2.500,-35.00,50.0,-12.00
2503.00,-1743.06,-1117.85,77.06,2.500,-35.00,50.0,-12.00
2504.00,-1740.62,-1117.29,76.86,2.500,-35.00,50.0,-12.00
2505.00,-1738.19,-1116.72,76.66,2.500,-35.00,50.0,-12.00
2506.00,-1735.76,-1116.15,76.46,2.500,-35.00,50.0,-12.00
2507.00,-1733.33,-1115.56,76.26,2.500,-35.00,50.0,-12.00
2508.00,-1730.90,-1114.97,76.06,2.500,-35.00,50.0,-12.00
2509.00,-1728.47,-1114.36,75.86,2.500,-35.00,50.0,-12.00
2510.00,-1726.05,-1113.75,75.66,2.500,-35.00,50.0,-12.00
2511.00,-1723.62,-1113.13,75.46,2.500,-35.00,50.0,-12.00
2512.00,-1721.20,-1112.51,75.26,2.500,-35.00,50.0,-12.00
2513.00,-1718.79,-1111.87,75.06,2.500,-35.00,50.0,-12.00
2514.00,-1716.37,-1111.23,74.86,2.500,-35.00,50.0,-12.00
2515.00,-1713.96,-1110.57,74.66,2.500,-35.00,50.0,-12.00
2516.00,-1711.55,-1109.91,74.46,2.500,-35.00,50.0,-12.00
2517.00,-1709.14,-1109.24,74.26,2.500,-35.00,50.0,-12.00
2518.00,-1706.73,-1108.56,74.06,2.500,-35.00,50.0,-12.00
2519.00,-1704.33,-1107.88,73.86,2.500,-35.00,50.0,-12.00
2520.00,-1701.93,-1107.18,73.66,2.500,-35.00,50.0,-12.00
2521.00,-1699.53,-1106.48,73.46,2.500,-35.00,50.0,-12.00
2522.00,-1697.13,-1105.77,73.26,2.500,-35.00,50.0,-12.00
2523.00,-1694.74,-1105.05,73.06,2.500,-35.00,50.0,-12.00
2524.00,-1692.35,-1104.32,72.86,2.500,-35.00,50.0,-12.00
2525.00,-1689.96,-1103.58,72.66,2.500,-35.00,50.0,-12.00
2526.00,-1687.57,-1102.83,72.46,2.500,-35.00,50.0,-12.00
2527.00,-1685.19,-1102.08,72.26,2.500,-35.00,50.0,-12.00
2528.00,-1682.81,-1101.32,72.06,2.500,-35.00,50.0,-12.00
2529.00,-1680.43,-1100.55,71.86,2.500,-35.00,50.0,-12.00
2530.00,-1678.05,-1099.77,71.66,2.500,-35.00,50.0,-12.00
2531.00,-1675.68,-1098.98,71.46,2.500,-35.00,50.0,-12.00
2532.00,-1673.31,-1098.19,71.26,2.500,-35.00,50.0,-12.00
2533.00,-1670.94,-1097.39,71.06,2.500,-35.00,50.0,-12.00
2534.00,-1668.58,-1096.57,70.86,2.500,-35.00,50.0,-12.00
2535.00,-1666.21,-1095.75,70.66,2.500,-35.00,50.0,-12.00
2536.00,-1663.86,-1094.93,70.46,2.500,-35.00,50.0,-12.00
2537.00,-1661.50,-1094.09,70.26,2.500,-35.00,50.0,-12.00
2538.00,-1659.15,-1093.25,70.06,2.500,-35.00,50.0,-12.00
2539.00,-1656.80,-1092.39,69.86,2.500,-35.00,50.0,-12.00
2540.00,-1654.45,-1091.53,69.66,2.500,-35.00,50.0,-12.00
2541.00,-1652.11,-1090.66,69.46,2.500,-35.00,50.0,-12.00
2542.00,-1649.76,-1089.79,69.26,2.500,-35.00,50.0,-12.00
2543.00,-1647.43,-1088.90,69.06,2.500,-35.00,50.0,-12.00
2544.00,-1645.09,-1088.01,68.86,2.500,-35.00,50.0,-12.00
2545.00,-1642.76,-1087.10,68.66,2.500,-35.00,50.0,-12.00
2546.00,-1640.43,-1086.19,68.46,2.500,-35.00,50.0,-12.00
2547.00,-1638.11,-1085.28,68.26,2.500,-35.00,50.0,-12.00
2548.00,-1635.78,-1084.35,68.06,2.500,-35.00,50.0,-12.00
2549.00,-1633.46,-1083.42,67.86,2.500,-35.00,50.0,-12.00
2550.00,-1631.15,-1082.47,67.66,2.500,-35.00,50.0,-12.00
2551.00,-1628.84,-1081.52,67.46,2.500,-35.00,50.0,-12.00
2552.00,-1626.53,-1080.57,67.26,2.500,-35.00,50.0,-12.00
2553.00,-1624.22,-1079.60,67.06,2.500,-35.00,50.0,-12.00
2554.00,-1621.92,-1078.62,66.86,2.500,-35.00,50.0,-12.00
2555.00,-1619.62,-1077.64,66.66,2.500,-35.00,50.0,-12.00
2556.00,-1617.33,-1076.65,66.46,2.500,-35.00,50.0,-12.00
2557.00,-1615.03,-1075.65,66.26,2.500,-35.00,50.0,-12.00
2558.00,-1612.75,-1074.65,66.06,2.500,-35.00,50.0,-12.00
2559.00,-1610.46,-1073.63,65.86,2.500,-35.00,50.0,-12.00
2560.00,-1608.18,-1072.61,65.66,2.500,-35.00,50.0,-12.00
2561.00,-1605.90,-1071.58,65.46,2.500,-35.00,50.0,-12.00
2562.00,-1603.63,-1070.54,65.26,2.500,-35.00,50.0,-12.00
2563.00,-1601.36,-1069.49,65.06,2.500,-35.00,50.0,-12.00
2564.00,-1599.09,-1068.44,64.86,2.500,-35.00,50.0,-12.00
2565.00,-1596.83,-1067.38,64.66,2.500,-35.00,50.0,-12.00
2566.00,-1594.57,-1066.31,64.46,2.500,-35.00,50.0,-12.00
2567.00,-1592.31,-1065.23,64.26,2.500,-35.00,50.0,-12.00
2568.00,-1590.06,-1064.14,64.06,2.500,-35.00,50.0,-12.00
2569.00,-1587.81,-1063.05,63.86,2.500,-35.00,50.0,-12.00
2570.00,-1585.57,-1061.95,63.66,2.500,-35.00,50.0,-12.00
2571.00,-1583.33,-1060.84,63.46,2.500,-35.00,50.0,-12.00
2572.00,-1581.09,-1059.72,63.26,2.500,-35.00,50.0,-12.00
2573.00,-1578.86,-1058.60,63.06,2.500,-35.00,50.0,-12.00
2574.00,-1576.63,-1057.46,62.86,2.500,-35.00,50.0,-12.00
2575.00,-1574.40,-1056.32,62.66,2.500,-35.00,50.0,-12.00
2576.00,-1572.18,-1055.18,62.46,2.500,-35.00,50.0,-12.00
2577.00,-1569.97,-1054.02,62.26,2.500,-35.00,50.0,-12.00
2578.00,-1567.75,-1052.86,62.06,2.500,-35.00,50.0,-12.00
2579.00,-1565.55,-1051.68,61.86,2.500,-35.00,50.0,-12.00
2580.00,-1563.34,-1050.50,61.66,2.500,-35.00,50.0,-12.00
2581.00,-1561.14,-1049.32,61.46,2.500,-35.00,50.0,-12.00
2582.00,-1558.95,-1048.12,61.26,2.500,-35.00,50.0,-12.00
2583.00,-1556.75,-1046.92,61.06,2.500,-35.00,50.0,-12.00
2584.00,-1554.57,-1045.71,60.86,2.500,-35.00,50.0,-12.00
2585.00,-1552.38,-1044.49,60.66,2.500,-35.00,50.0,-12.00
2586.00,-1550.20,-1043.27,60.46,2.500,-35.00,50.0,-12.00
2587.00,-1548.03,-1042.04,60.26,2.500,-35.00,50.0,-12.00
2588.00,-1545.86,-1040.80,60.06,2.500,-35.00,50.0,-12.00
2589.00,-1543.69,-1039.55,59.86,2.500,-35.00,50.0,-12.00
2590.00,-1541.53,-1038.29,59.66,2.500,-35.00,50.0,-12.00
2591.00,-1539.37,-1037.03,59.46,2.500,-35.00,50.0,-12.00
2592.00,-1537.22,-1035.76,59.26,2.500,-35.00,50.0,-12.00
2593.00,-1535.07,-1034.48,59.06,2.500,-35.00,50.0,-12.00
2594.00,-1532.93,-1033.20,58.86,2.500,-35.00,50.0,-12.00
2595.00,-1530.79,-1031.90,58.66,2.500,-35.00,50.0,-12.00
2596.00,-1528.65,-1030.60,58.46,2.500,-35.00,50.0,-12.00
2597.00,-1526.52,-1029.29,58.26,2.500,-35.00,50.0,-12.00
2598.00,-1524.39,-1027.98,58.06,2.500,-35.00,50.0,-12.00
2599.00,-1522.27,-1026.66,57.86,2.500,-35.00,50.0,-12.00
2600.00,-1520.16,-1025.33,57.66,2.500,-35.00,50.0,-12.00
2601.00,-1518.04,-1023.99,57.46,2.500,-35.00,50.0,-12.00
2602.00,-1515.94,-1022.64,57.26,2.500,-35.00,50.0,-12.00
2603.00,-1513.83,-1021.29,57.06,2.500,-35.00,50.0,-12.00
2604.00,-1511.74,-1019.93,56.86,2.500,-35.00,50.0,-12.00
2605.00,-1509.64,-1018.57,56.66,2.500,-35.00,50.0,-12.00
2606.00,-1507.55,-1017.19,56.46,2.500,-35.00,50.0,-12.00
2607.00,-1505.47,-1015.81,56.26,2.500,-35.00,50.0,-12.00
2608.00,-1503.39,-1014.42,56.06,2.500,-35.00,50.0,-12.00
2609.00,-1501.32,-1013.03,55.86,2.500,-35.00,50.0,-12.00
2610.00,-1499.25,-1011.62,55.66,2.500,-35.00,50.0,-12.00
2611.00,-1497.18,-1010.21,55.46,2.500,-35.00,50.0,-12.00
2612.00,-1495.12,-1008.79,55.26,2.500,-35.00,50.0,-12.00
2613.00,-1493.07,-1007.37,55.06,2.500,-35.00,50.0,-12.00
2614.00,-1491.02,-1005.94,54.86,2.500,-35.00,50.0,-12.00
2615.00,-1488.98,-1004.50,54.66,2.500,-35.00,50.0,-12.00
2616.00,-1486.94,-1003.05,54.46,2.500,-35.00,50.0,-12.00
2617.00,-1484.90,-1001.60,54.26,2.500,-35.00,50.0,-12.00
2618.00,-1482.87,-1000.14,54.06,2.500,-35.00,50.0,-12.00
2619.00,-1480.85,-998.67,53.86,2.500,-35.00,50.0,-12.00
2620.00,-1478.83,-997.20,53.66,2.500,-35.00,50.0,-12.00
2621.00,-1476.82,-995.72,53.46,2.500,-35.00,50.0,-12.00
2622.00,-1474.81,-994.23,53.26,2.500,-35.00,50.0,-12.00
2623.00,-1472.81,-992.73,53.06,2.500,-35.00,50.0,-12.00
2624.00,-1470.81,-991.23,52.86,2.500,-35.00,50.0,-12.00
2625.00,-1468.81,-989.72,52.66,2.500,-35.00,50.0,-12.00
2626.00,-1466.83,-988.20,52.46,2.500,-35.00,50.0,-12.00
2627.00,-1464.84,-986.68,52.26,2.500,-35.00,50.0,-12.00
2628.00,-1462.87,-985.15,52.06,2.500,-35.00,50.0,-12.00
2629.00,-1460.90,-983.61,51.86,2.500,-35.00,50.0,-12.00
2630.00,-1458.93,-982.07,51.66,2.500,-35.00,50.0,-12.00
2631.00,-1456.97,-980.52,51.46,2.500,-35.00,50.0,-12.00
2632.00,-1455.01,-978.96,51.26,2.500,-35.00,50.0,-12.00
2633.00,-1453.06,-977.39,51.06,2.500,-35.00,50.0,-12.00
2634.00,-1451.12,-975.82,50.86,2.500,-35.00,50.0,-12.00
2635.00,-1449.18,-974.25,50.66,2.500,-35.00,50.0,-12.00
2636.00,-1447.25,-972.66,50.46,2.500,-35.00,50.0,-12.00
2637.00,-1445.32,-971.07,50.26,2.500,-35.00,50.0,-12.00
2638.00,-1443.40,-969.47,50.06,2.500,-35.00,50.0,-12.00
2639.00,-1441.48,-967.87,49.86,2.500,-35.00,50.0,-12.00
2640.00,-1439.57,-966.25,49.66,2.500,-35.00,50.0,-12.00
2641.00,-1437.66,-964.64,49.46,2.500,-35.00,50.0,-12.00
2642.00,-1435.76,-963.01,49.26,2.500,-35.00,50.0,-12.00
2643.00,-1433.87,-961.38,49.06,2.500,-35.00,50.0,-12.00
2644.00,-1431.98,-959.74,48.86,2.500,-35.00,50.0,-12.00
2645.00,-1430.10,-958.10,48.66,2.500,-35.00,50.0,-12.00
2646.00,-1428.22,-956.44,48.46,2.500,-35.00,50.0,-12.00
2647.00,-1426.35,-954.79,48.26,2.500,-35.00,50.0,-12.00
2648.00,-1424.49,-953.12,48.06,2.500,-35.00,50.0,-12.00
2649.00,-1422.63,-951.45,47.86,2.500,-35.00,50.0,-12.00
2650.00,-1420.77,-949.77,47.66,2.500,-35.00,50.0,-12.00
2651.00,-1418.92,-948.09,47.46,2.500,-35.00,50.0,-12.00
2652.00,-1417.08,-946.40,47.26,2.500,-35.00,50.0,-12.00
2653.00,-1415.25,-944.70,47.06,2.500,-35.00,50.0,-12.00
2654.00,-1413.42,-943.00,46.86,2.500,-35.00,50.0,-12.00
2655.00,-1411.59,-941.29,46.66,2.500,-35.00,50.0,-12.00
2656.00,-1409.77,-939.57,46.46,2.500,-35.00,50.0,-12.00
2657.00,-1407.96,-937.85,46.26,2.500,-35.00,50.0,-12.00
2658.00,-1406.16,-936.12,46.06,2.500,-35.00,50.0,-12.00
2659.00,-1404.36,-934.39,45.86,2.500,-35.00,50.0,-12.00
2660.00,-1402.56,-932.65,45.66,2.500,-35.00,50.0,-12.00
2661.00,-1400.77,-930.90,45.46,2.500,-35.00,50.0,-12.00
2662.00,-1398.99,-929.15,45.26,2.500,-35.00,50.0,-12.00
2663.00,-1397.22,-927.39,45.06,2.500,-35.00,50.0,-12.00
2664.00,-1395.45,-925.62,44.86,2.500,-35.00,50.0,-12.00
2665.00,-1393.68,-923.85,44.66,2.500,-35.00,50.0,-12.00
2666.00,-1391.93,-922.07,44.46,2.500,-35.00,50.0,-12.00
2667.00,-1390.18,-920.28,44.26,2.500,-35.00,50.0,-12.00
2668.00,-1388.43,-918.49,44.06,2.500,-35.00,50.0,-12.00
2669.00,-1386.69,-916.70,43.86,2.500,-35.00,50.0,-12.00
2670.00,-1384.96,-914.90,43.66,2.500,-35.00,50.0,-12.00
2671.00,-1383.23,-913.09,43.46,2.500,-35.00,50.0,-12.00
2672.00,-1381.51,-911.27,43.26,2.500,-35.00,50.0,-12.00
2673.00,-1379.80,-909.45,43.06,2.500,-35.00,50.0,-12.00
2674.00,-1378.09,-907.62,42.86,2.500,-35.00,50.0,-12.00
2675.00,-1376.39,-905.79,42.66,2.500,-35.00,50.0,-12.00
2676.00,-1374.70,-903.95,42.46,2.500,-35.00,50.0,-12.00
2677.00,-1373.01,-902.11,42.26,2.500,-35.00,50.0,-12.00
2678.00,-1371.33,-900.26,42.06,2.500,-35.00,50.0,-12.00
2679.00,-1369.66,-898.40,41.86,2.500,-35.00,50.0,-12.00
2680.00,-1367.99,-896.54,41.66,2.500,-35.00,50.0,-12.00
2681.00,-1366.33,-894.67,41.46,2.500,-35.00,50.0,-12.00
2682.00,-1364.67,-892.80,41.26,2.500,-35.00,50.0,-12.00
2683.00,-1363.02,-890.92,41.06,2.500,-35.00,50.0,-12.00
2684.00,-1361.38,-889.03,40.86,2.500,-35.00,50.0,-12.00
2685.00,-1359.75,-887.14,40.66,2.500,-35.00,50.0,-12.00
2686.00,-1358.12,-885.25,40.46,2.500,-35.00,50.0,-12.00
2687.00,-1356.49,-883.34,40.26,2.500,-35.00,50.0,-12.00
2688.00,-1354.88,-881.44,40.06,2.500,-35.00,50.0,-12.00
2689.00,-1353.27,-879.52,39.86,2.500,-35.00,50.0,-12.00
2690.00,-1351.67,-877.60,39.66,2.500,-35.00,50.0,-12.00
2691.00,-1350.07,-875.68,39.46,2.500,-35.00,50.0,-12.00
2692.00,-1348.48,-873.75,39.26,2.500,-35.00,50.0,-12.00
2693.00,-1346.90,-871.81,39.06,2.500,-35.00,50.0,-12.00
2694.00,-1345.33,-869.87,38.86,2.500,-35.00,50.0,-12.00
2695.00,-1343.76,-867.93,38.66,2.500,-35.00,50.0,-12.00
2696.00,-1342.20,-865.97,38.46,2.500,-35.00,50.0,-12.00
2697.00,-1340.64,-864.02,38.26,2.500,-35.00,50.0,-12.00
2698.00,-1339.09,-862.05,38.06,2.500,-35.00,50.0,-12.00
2699.00,-1337.55,-860.08,37.86,2.500,-35.00,50.0,-12.00
2700.00,-1336.02,-858.11,37.66,2.500,-35.00,50.0,-12.00
2701.00,-1334.49,-856.13,37.46,2.500,-35.00,50.0,-12.00
2702.00,-1332.97,-854.15,37.26,2.500,-35.00,50.0,-12.00
2703.00,-1331.46,-852.16,37.06,2.500,-35.00,50.0,-12.00
2704.00,-1329.95,-850.16,36.86,2.500,-35.00,50.0,-12.00
2705.00,-1328.45,-848.16,36.66,2.500,-35.00,50.0,-12.00
2706.00,-1326.96,-846.16,36.46,2.500,-35.00,50.0,-12.00
2707.00,-1325.47,-844.14,36.26,2.500,-35.00,50.0,-12.00
2708.00,-1323.99,-842.13,36.06,2.500,-35.00,50.0,-12.00
2709.00,-1322.52,-840.11,35.86,2.500,-35.00,50.0,-12.00
2710.00,-1321.06,-838.08,35.66,2.500,-35.00,50.0,-12.00
2711.00,-1319.60,-836.05,35.46,2.500,-35.00,50.0,-12.00
2712.00,-1318.15,-834.01,35.26,2.500,-35.00,50.0,-12.00
2713.00,-1316.71,-831.97,35.06,2.500,-35.00,50.0,-12.00
2714.00,-1315.27,-829.93,34.86,2.500,-35.00,50.0,-12.00
2715.00,-1313.84,-827.87,34.66,2.500,-35.00,50.0,-12.00
2716.00,-1312.42,-825.82,34.46,2.500,-35.00,50.0,-12.00
2717.00,-1311.01,-823.76,34.26,2.500,-35.00,50.0,-12.00
2718.00,-1309.60,-821.69,34.06,2.500,-35.00,50.0,-12.00
2719.00,-1308.20,-819.62,33.86,2.500,-35.00,50.0,-12.00
2720.00,-1306.81,-817.54,33.66,2.500,-35.00,50.0,-12.00
2721.00,-1305.42,-815.46,33.46,2.500,-35.00,50.0,-12.00
2722.00,-1304.04,-813.38,33.26,2.500,-35.00,50.0,-12.00
2723.00,-1302.67,-811.29,33.06,2.500,-35.00,50.0,-12.00
2724.00,-1301.31,-809.19,32.86,2.500,-35.00,50.0,-12.00
2725.00,-1299.95,-807.09,32.66,2.500,-30.00,50.0,-11.94
2726.00,-1298.60,-804.99,32.46,2.500,-30.00,50.0,-11.89
2727.00,-1297.26,-802.88,32.26,2.500,-30.00,50.0,-11.83
2728.00,-1295.93,-800.76,32.07,2.500,-30.00,50.0,-11.78
2729.00,-1294.60,-798.64,31.87,2.500,-30.00,50.0,-11.73
2730.00,-1293.28,-796.52,31.68,2.500,-30.00,50.0,-11.68
2731.00,-1291.97,-794.39,31.48,2.500,-30.00,50.0,-11.64
2732.00,-1290.66,-792.26,31.29,2.500,-30.00,50.0,-11.59
2733.00,-1289.36,-790.12,31.10,2.500,-30.00,50.0,-11.55
2734.00,-1288.07,-787.98,30.90,2.500,-30.00,50.0,-11.51
2735.00,-1286.79,-785.84,30.71,2.500,-30.00,50.0,-11.47
2736.00,-1285.51,-783.69,30.52,2.500,-30.00,50.0,-11.43
2737.00,-1284.24,-781.54,30.33,2.500,-30.00,50.0,-11.39
2738.00,-1282.98,-779.38,30.14,2.500,-30.00,50.0,-11.35
2739.00,-1281.72,-777.22,29.96,2.500,-30.00,50.0,-11.32
2740.00,-1280.47,-775.05,29.77,2.500,-30.00,50.0,-11.28
2741.00,-1279.23,-772.88,29.58,2.500,-30.00,50.0,-11.25
2742.00,-1278.00,-770.71,29.39,2.500,-30.00,50.0,-11.22
2743.00,-1276.77,-768.53,29.21,2.500,-25.00,50.0,-11.13
2744.00,-1275.55,-766.35,29.02,2.500,-25.00,50.0,-11.04
2745.00,-1274.34,-764.16,28.84,2.500,-25.00,50.0,-10.96
2746.00,-1273.13,-761.97,28.66,2.500,-25.00,50.0,-10.88
2747.00,-1271.93,-759.78,28.48,2.500,-25.00,50.0,-10.80
2748.00,-1270.74,-757.58,28.30,2.500,-25.00,50.0,-10.73
2749.00,-1269.56,-755.38,28.12,2.500,-25.00,50.0,-10.66
2750.00,-1268.38,-753.17,27.95,2.500,-25.00,50.0,-10.59
2751.00,-1267.21,-750.96,27.77,2.500,-25.00,50.0,-10.52
2752.00,-1266.04,-748.75,27.60,2.500,-20.00,50.0,-10.40
2753.00,-1264.88,-746.54,27.43,2.500,-20.00,50.0,-10.28
2754.00,-1263.73,-744.32,27.26,2.500,-20.00,50.0,-10.17
2755.00,-1262.59,-742.09,27.09,2.500,-20.00,50.0,-10.06
2756.00,-1261.45,-739.87,26.92,2.500,-20.00,50.0,-9.95
2757.00,-1260.32,-737.64,26.76,2.500,-20.00,50.0,-9.85
2758.00,-1259.19,-735.41,26.60,2.500,-20.00,50.0,-9.75
2759.00,-1258.07,-733.17,26.44,2.500,-20.00,50.0,-9.65
2760.00,-1256.96,-730.93,26.28,2.500,-20.00,50.0,-9.56
2761.00,-1255.85,-728.69,26.12,2.500,-20.00,50.0,-9.47
2762.00,-1254.75,-726.45,25.96,2.500,-20.00,50.0,-9.38
2763.00,-1253.66,-724.20,25.81,2.500,-20.00,50.0,-9.30
2764.00,-1252.57,-721.95,25.66,2.500,-15.00,50.0,-9.16
2765.00,-1251.49,-719.70,25.50,2.500,-15.00,50.0,-9.02
2766.00,-1250.41,-717.44,25.36,2.500,-15.00,50.0,-8.89
2767.00,-1249.34,-715.18,25.21,2.500,-15.00,50.0,-8.77
2768.00,-1248.27,-712.92,25.07,2.500,-15.00,50.0,-8.65
2769.00,-1247.22,-710.65,24.92,2.500,-15.00,50.0,-8.53
2770.00,-1246.16,-708.39,24.78,2.500,-15.00,50.0,-8.42
2771.00,-1245.11,-706.12,24.65,2.500,-15.00,50.0,-8.31
2772.00,-1244.07,-703.84,24.51,2.500,-15.00,50.0,-8.20
2773.00,-1243.03,-701.57,24.37,2.500,-15.00,50.0,-8.10
2774.00,-1242.00,-699.29,24.24,2.500,-15.00,50.0,-8.00
2775.00,-1240.98,-697.01,24.11,2.500,-15.00,50.0,-7.91
2776.00,-1239.96,-694.73,23.98,2.500,-15.00,50.0,-7.82
2777.00,-1238.94,-692.45,23.85,2.500,-10.00,50.0,-7.67
2778.00,-1237.93,-690.16,23.72,2.500,-10.00,50.0,-7.53
2779.00,-1236.92,-687.87,23.60,2.500,-10.00,50.0,-7.39
2780.00,-1235.92,-685.58,23.48,2.500,-10.00,50.0,-7.26
2781.00,-1234.93,-683.29,23.36,2.500,-10.00,50.0,-7.13
2782.00,-1233.93,-680.99,23.24,2.500,-10.00,50.0,-7.01
2783.00,-1232.95,-678.70,23.13,2.500,-10.00,50.0,-6.89
2784.00,-1231.97,-676.40,23.02,2.500,-10.00,50.0,-6.77
2785.00,-1230.99,-674.10,22.91,2.500,-10.00,50.0,-6.66
2786.00,-1230.01,-671.79,22.80,2.500,-10.00,50.0,-6.55
2787.00,-1229.05,-669.49,22.69,2.500,-10.00,50.0,-6.45
2788.00,-1228.08,-667.18,22.58,2.500,-10.00,50.0,-6.35
2789.00,-1227.12,-664.87,22.48,2.500,-10.00,50.0,-6.25
2790.00,-1226.17,-662.56,22.38,2.500,-10.00,50.0,-6.16
2791.00,-1225.21,-660.25,22.28,2.500,-5.00,50.0,-6.01
2792.00,-1224.27,-657.94,22.18,2.500,-5.00,50.0,-5.87
2793.00,-1223.32,-655.62,22.08,2.500,-5.00,50.0,-5.73
2794.00,-1222.38,-653.31,21.99,2.500,-5.00,50.0,-5.59
2795.00,-1221.45,-650.99,21.90,2.500,-5.00,50.0,-5.47
2796.00,-1220.51,-648.67,21.81,2.500,-5.00,50.0,-5.34
2797.00,-1219.59,-646.35,21.72,2.500,-5.00,50.0,-5.22
2798.00,-1218.66,-644.02,21.64,2.500,-5.00,50.0,-5.10
2799.00,-1217.74,-641.70,21.55,2.500,-5.00,50.0,-4.99
2800.00,-1216.82,-639.38,21.47,2.500,-5.00,50.0,-4.88
2801.00,-1215.90,-637.05,21.39,2.500,-5.00,50.0,-4.77
2802.00,-1214.99,-634.72,21.32,2.500,-5.00,50.0,-4.67
2803.00,-1214.08,-632.39,21.24,2.500,-5.00,50.0,-4.57
2804.00,-1213.18,-630.06,21.16,2.500,-5.00,50.0,-4.48
2805.00,-1212.28,-627.73,21.09,2.500,0.00,50.0,-4.33
2806.00,-1211.38,-625.40,21.02,2.500,0.00,50.0,-4.19
2807.00,-1210.48,-623.06,20.96,2.500,0.00,50.0,-4.05
2808.00,-1209.59,-620.73,20.89,2.500,0.00,50.0,-3.91
2809.00,-1208.69,-618.39,20.83,2.500,0.00,50.0,-3.78
2810.00,-1207.80,-616.06,20.77,2.500,0.00,50.0,-3.65
2811.00,-1206.92,-613.72,20.71,2.500,0.00,50.0,-3.53
2812.00,-1206.03,-611.38,20.65,2.500,0.00,50.0,-3.41
2813.00,-1205.15,-609.04,20.60,2.500,0.00,50.0,-3.30
2814.00,-1204.27,-606.70,20.54,2.500,0.00,50.0,-3.19
2815.00,-1203.40,-604.36,20.49,2.500,0.00,50.0,-3.08
2816.00,-1202.52,-602.02,20.44,2.500,0.00,50.0,-2.98
2817.00,-1201.65,-599.68,20.39,2.500,0.00,50.0,-2.88
2818.00,-1200.78,-597.33,20.35,2.500,0.00,50.0,-2.79
2819.00,-1199.91,-594.99,20.30,2.500,0.00,50.0,-2.69
2820.00,-1199.04,-592.64,20.26,2.500,0.00,50.0,-2.60
2821.00,-1198.17,-590.30,20.22,2.500,0.00,50.0,-2.52
2822.00,-1197.31,-587.95,20.18,2.500,0.00,50.0,-2.43
2823.00,-1196.45,-585.61,20.14,2.500,0.00,50.0,-2.35
2824.00,-1195.59,-583.26,20.10,2.500,0.00,50.0,-2.27
2825.00,-1194.73,-580.91,20.06,2.500,0.00,50.0,-2.20
2826.00,-1193.87,-578.56,20.03,2.500,0.00,50.0,-2.12
2827.00,-1193.01,-576.21,19.99,2.500,0.00,50.0,-2.05
2828.00,-1192.16,-573.87,19.96,2.500,0.00,50.0,-1.99
2829.00,-1191.31,-571.52,19.93,2.500,0.00,50.0,-1.92
2830.00,-1190.45,-569.17,19.90,2.500,0.00,50.0,-1.86
2831.00,-1189.60,-566.81,19.87,2.500,0.00,50.0,-1.79
2832.00,-1188.75,-564.46,19.84,2.500,0.00,50.0,-1.73
2833.00,-1187.91,-562.11,19.81,2.500,0.00,50.0,-1.68
2834.00,-1187.06,-559.76,19.78,2.500,0.00,50.0,-1.62
2835.00,-1186.21,-557.41,19.76,2.500,0.00,50.0,-1.57
2836.00,-1185.37,-555.05,19.73,2.500,0.00,50.0,-1.51
2837.00,-1184.52,-552.70,19.71,2.500,0.00,50.0,-1.46
2838.00,-1183.68,-550.35,19.68,2.500,0.00,50.0,-1.41
2839.00,-1182.84,-547.99,19.66,2.500,0.00,50.0,-1.37
2840.00,-1182.00,-545.64,19.64,2.500,0.00,50.0,-1.32
2841.00,-1181.16,-543.28,19.62,2.500,0.00,50.0,-1.28
2842.00,-1180.32,-540.93,19.60,2.500,0.00,50.0,-1.24
2843.00,-1179.48,-538.57,19.58,2.500,0.00,50.0,-1.19
2844.00,-1178.64,-536.22,19.56,2.500,0.00,50.0,-1.15
2845.00,-1177.80,-533.86,19.54,2.500,0.00,50.0,-1.12
2846.00,-1176.97,-531.51,19.52,2.500,0.00,50.0,-1.08
2847.00,-1176.13,-529.15,19.50,2.500,0.00,50.0,-1.04
2848.00,-1175.30,-526.79,19.49,2.500,0.00,50.0,-1.01
2849.00,-1174.46,-524.44,19.47,2.500,0.00,50.0,-0.97
2850.00,-1173.63,-522.08,19.46,2.500,0.00,50.0,-0.94
2851.00,-1172.80,-519.72,19.44,2.500,0.00,50.0,-0.91
2852.00,-1171.97,-517.37,19.43,2.500,0.00,50.0,-0.88
2853.00,-1171.13,-515.01,19.41,2.500,0.00,50.0,-0.85
2854.00,-1170.30,-512.65,19.40,2.500,0.00,50.0,-0.82
2855.00,-1169.47,-510.29,19.38,2.500,0.00,50.0,-0.79
2856.00,-1168.64,-507.93,19.37,2.500,0.00,50.0,-0.77
2857.00,-1167.81,-505.58,19.36,2.500,0.00,50.0,-0.74
2858.00,-1166.99,-503.22,19.35,2.500,0.00,50.0,-0.72
2859.00,-1166.16,-500.86,19.34,2.500,0.00,50.0,-0.69
2860.00,-1165.33,-498.50,19.32,2.500,0.00,50.0,-0.67
2861.00,-1164.50,-496.14,19.31,2.500,0.00,50.0,-0.65
2862.00,-1163.68,-493.78,19.30,2.500,0.00,50.0,-0.63
2863.00,-1162.85,-491.42,19.29,2.500,0.00,50.0,-0.61
2864.00,-1162.02,-489.06,19.28,2.500,0.00,50.0,-0.59
2865.00,-1161.20,-486.70,19.27,2.500,0.00,50.0,-0.57
2866.00,-1160.37,-484.34,19.26,2.500,0.00,50.0,-0.55
2867.00,-1159.55,-481.98,19.26,2.500,0.00,50.0,-0.53
2868.00,-1158.72,-479.62,19.25,2.500,0.00,50.0,-0.51
2869.00,-1157.90,-477.26,19.24,2.500,0.00,50.0,-0.49
2870.00,-1157.08,-474.90,19.23,2.500,0.00,50.0,-0.48
2871.00,-1156.25,-472.54,19.22,2.500,0.00,50.0,-0.46
2872.00,-1155.43,-470.18,19.22,2.500,0.00,50.0,-0.45
2873.00,-1154.61,-467.82,19.21,2.500,0.00,50.0,-0.43
2874.00,-1153.78,-465.46,19.20,2.500,0.00,50.0,-0.42
2875.00,-1152.96,-463.10,19.20,2.500,0.00,50.0,-0.40
2876.00,-1152.14,-460.74,19.19,2.500,0.00,50.0,-0.39
2877.00,-1151.32,-458.38,19.18,2.500,0.00,50.0,-0.38
2878.00,-1150.50,-456.01,19.18,2.500,0.00,50.0,-0.36
2879.00,-1149.68,-453.65,19.17,2.500,0.00,50.0,-0.35
2880.00,-1148.85,-451.29,19.16,2.500,0.00,50.0,-0.34
2881.00,-1148.03,-448.93,19.16,2.500,0.00,50.0,-0.33
2882.00,-1147.21,-446.57,19.15,2.500,0.00,50.0,-0.32
2883.00,-1146.39,-444.21,19.15,2.500,0.00,50.0,-0.31
2884.00,-1145.57,-441.85,19.14,2.500,0.00,50.0,-0.30
2885.00,-1144.75,-439.48,19.14,2.500,0.00,50.0,-0.29
2886.00,-1143.93,-437.12,19.13,2.500,0.00,50.0,-0.28
2887.00,-1143.11,-434.76,19.13,2.500,0.00,50.0,-0.27
2888.00,-1142.29,-432.40,19.13,2.500,0.00,50.0,-0.26
2889.00,-1141.48,-430.04,19.12,2.500,0.00,50.0,-0.25
2890.00,-1140.66,-427.67,19.12,2.500,0.00,50.0,-0.24
2891.00,-1139.84,-425.31,19.11,2.500,0.00,50.0,-0.23
2892.00,-1139.02,-422.95,19.11,2.500,0.00,50.0,-0.23
2893.00,-1138.20,-420.59,19.11,2.500,0.00,50.0,-0.22
2894.00,-1137.38,-418.23,19.10,2.500,0.00,50.0,-0.21
2895.00,-1136.56,-415.86,19.10,2.500,0.00,50.0,-0.20
2896.00,-1135.75,-413.50,19.10,2.500,0.00,50.0,-0.20
2897.00,-1134.93,-411.14,19.09,2.500,0.00,50.0,-0.19
2898.00,-1134.11,-408.78,19.09,2.500,0.00,50.0,-0.19
2899.00,-1133.29,-406.41,19.09,2.500,0.00,50.0,-0.18
2900.00,-1132.48,-404.05,19.08,2.500,0.00,50.0,-0.17
2901.00,-1131.66,-401.69,19.08,2.500,0.00,50.0,-0.17
2902.00,-1130.84,-399.33,19.08,2.500,0.00,50.0,-0.16
2903.00,-1130.02,-396.96,19.08,2.500,0.00,50.0,-0.16
2904.00,-1129.21,-394.60,19.07,2.500,0.00,50.0,-0.15
2905.00,-1128.39,-392.24,19.07,2.500,0.00,50.0,-0.15
2906.00,-1127.57,-389.87,19.07,2.500,0.00,50.0,-0.14
2907.00,-1126.76,-387.51,19.07,2.500,0.00,50.0,-0.14
2908.00,-1125.94,-385.15,19.06,2.500,0.00,50.0,-0.13
2909.00,-1125.12,-382.79,19.06,2.500,0.00,50.0,-0.13
2910.00,-1124.31,-380.42,19.06,2.500,0.00,50.0,-0.12
2911.00,-1123.49,-378.06,19.06,2.500,0.00,50.0,-0.12
2912.00,-1122.67,-375.70,19.06,2.500,0.00,50.0,-0.12
2913.00,-1121.86,-373.33,19.05,2.500,0.00,50.0,-0.11
2914.00,-1121.04,-370.97,19.05,2.500,0.00,50.0,-0.11
2915.00,-1120.23,-368.61,19.05,2.500,0.00,50.0,-0.10
2916.00,-1119.41,-366.24,19.05,2.500,0.00,50.0,-0.10
2917.00,-1118.59,-363.88,19.05,2.500,0.00,50.0,-0.10
2918.00,-1117.78,-361.52,19.05,2.500,0.00,50.0,-0.09
2919.00,-1116.96,-359.16,19.04,2.500,0.00,50.0,-0.09
2920.00,-1116.15,-356.79,19.04,2.500,0.00,50.0,-0.09
2921.00,-1115.33,-354.43,19.04,2.500,0.00,50.0,-0.08
2922.00,-1114.51,-352.07,19.04,2.500,0.00,50.0,-0.08
2923.00,-1113.70,-349.70,19.04,2.500,0.00,50.0,-0.08
2924.00,-1112.88,-347.34,19.04,2.500,0.00,50.0,-0.08
2925.00,-1112.07,-344.98,19.04,2.500,0.00,50.0,-0.07
2926.00,-1111.25,-342.61,19.03,2.500,0.00,50.0,-0.07
2927.00,-1110.44,-340.25,19.03,2.500,0.00,50.0,-0.07
2928.00,-1109.62,-337.89,19.03,2.500,0.00,50.0,-0.07
2929.00,-1108.81,-335.52,19.03,2.500,0.00,50.0,-0.06
2930.00,-1107.99,-333.16,19.03,2.500,0.00,50.0,-0.06
2931.00,-1107.18,-330.80,19.03,2.500,0.00,50.0,-0.06
2932.00,-1106.36,-328.43,19.03,2.500,0.00,50.0,-0.06
2933.00,-1105.55,-326.07,19.03,2.500,0.00,50.0,-0.06
2934.00,-1104.73,-323.71,19.03,2.500,0.00,50.0,-0.05
2935.00,-1103.92,-321.34,19.03,2.500,0.00,50.0,-0.05
2936.00,-1103.10,-318.98,19.02,2.500,0.00,50.0,-0.05
2937.00,-1102.29,-316.62,19.02,2.500,0.00,50.0,-0.05
2938.00,-1101.47,-314.25,19.02,2.500,0.00,50.0,-0.05
2939.00,-1100.66,-311.89,19.02,2.500,0.00,50.0,-0.05
2940.00,-1099.84,-309.53,19.02,2.500,0.00,50.0,-0.04
2941.00,-1099.03,-307.16,19.02,2.500,0.00,50.0,-0.04
2942.00,-1098.21,-304.80,19.02,2.500,0.00,50.0,-0.04
2943.00,-1097.40,-302.43,19.02,2.500,0.00,50.0,-0.04
2944.00,-1096.58,-300.07,19.02,2.500,0.00,50.0,-0.04
2945.00,-1095.77,-297.71,19.02,2.500,0.00,50.0,-0.04
2946.00,-1094.95,-295.34,19.02,2.500,0.00,50.0,-0.04
2947.00,-1094.14,-292.98,19.02,2.500,0.00,50.0,-0.04
2948.00,-1093.32,-290.62,19.02,2.500,0.00,50.0,-0.03
2949.00,-1092.51,-288.25,19.02,2.500,0.00,50.0,-0.03
2950.00,-1091.69,-285.89,19.02,2.500,0.00,50.0,-0.03
2951.00,-1090.88,-283.53,19.01,2.500,0.00,50.0,-0.03
2952.00,-1090.07,-281.16,19.01,2.500,0.00,50.0,-0.03
2953.00,-1089.25,-278.80,19.01,2.500,0.00,50.0,-0.03
2954.00,-1088.44,-276.44,19.01,2.500,0.00,50.0,-0.03
2955.00,-1087.62,-274.07,19.01,2.500,0.00,50.0,-0.03
2956.00,-1086.81,-271.71,19.01,2.500,0.00,50.0,-0.03
2957.00,-1085.99,-269.34,19.01,2.500,0.00,50.0,-0.03
2958.00,-1085.18,-266.98,19.01,2.500,0.00,50.0,-0.02
2959.00,-1084.36,-264.62,19.01,2.500,0.00,50.0,-0.02
2960.00,-1083.55,-262.25,19.01,2.500,0.00,50.0,-0.02
2961.00,-1082.74,-259.89,19.01,2.500,0.00,50.0,-0.02
2962.00,-1081.92,-257.53,19.01,2.500,0.00,50.0,-0.02
2963.00,-1081.11,-255.16,19.01,2.500,0.00,50.0,-0.02
2964.00,-1080.29,-252.80,19.01,2.500,0.00,50.0,-0.02
2965.00,-1079.48,-250.44,19.01,2.500,0.00,50.0,-0.02
2966.00,-1078.66,-248.07,19.01,2.500,0.00,50.0,-0.02
2967.00,-1077.85,-245.71,19.01,2.500,0.00,50.0,-0.02
2968.00,-1077.04,-243.34,19.01,2.500,0.00,50.0,-0.02
2969.00,-1076.22,-240.98,19.01,2.500,0.00,50.0,-0.02
2970.00,-1075.41,-238.62,19.01,2.500,0.00,50.0,-0.02
2971.00,-1074.59,-236.25,19.01,2.500,0.00,50.0,-0.02
2972.00,-1073.78,-233.89,19.01,2.500,0.00,50.0,-0.02
2973.00,-1072.96,-231.53,19.01,2.500,0.00,50.0,-0.01
2974.00,-1072.15,-229.16,19.01,2.500,0.00,50.0,-0.01
2975.00,-1071.34,-226.80,19.01,2.500,0.00,50.0,-0.01
2976.00,-1070.52,-224.43,19.01,2.500,0.00,50.0,-0.01
2977.00,-1069.71,-222.07,19.01,2.500,0.00,50.0,-0.01
2978.00,-1068.89,-219.71,19.01,2.500,0.00,50.0,-0.01
2979.00,-1068.08,-217.34,19.01,2.500,0.00,50.0,-0.01
2980.00,-1067.27,-214.98,19.01,2.500,0.00,50.0,-0.01
2981.00,-1066.45,-212.62,19.01,2.500,0.00,50.0,-0.01
2982.00,-1065.64,-210.25,19.01,2.500,0.00,50.0,-0.01
2983.00,-1064.82,-207.89,19.01,2.500,0.00,50.0,-0.01
2984.00,-1064.01,-205.53,19.00,2.500,0.00,50.0,-0.01
2985.00,-1063.19,-203.16,19.00,2.500,0.00,50.0,-0.01
2986.00,-1062.38,-200.80,19.00,2.500,0.00,50.0,-0.01
2987.00,-1061.57,-198.43,19.00,2.500,0.00,50.0,-0.01
2988.00,-1060.75,-196.07,19.00,2.500,0.00,50.0,-0.01
2989.00,-1059.94,-193.71,19.00,2.500,0.00,50.0,-0.01
2990.00,-1059.12,-191.34,19.00,2.500,0.00,50.0,-0.01
2991.00,-1058.31,-188.98,19.00,2.500,0.00,50.0,-0.01
2992.00,-1057.50,-186.62,19.00,2.500,0.00,50.0,-0.01
2993.00,-1056.68,-184.25,19.00,2.500,0.00,50.0,-0.01
2994.00,-1055.87,-181.89,19.00,2.500,0.00,50.0,-0.01
2995.00,-1055.05,-179.52,19.00,2.500,0.00,50.0,-0.01
2996.00,-1054.24,-177.16,19.00,2.500,0.00,50.0,-0.01
2997.00,-1053.43,-174.80,19.00,2.500,0.00,50.0,-0.01
2998.00,-1052.61,-172.43,19.00,2.500,0.00,50.0,-0.01
2999.00,-1051.80,-170.07,19.00,2.500,0.00,50.0,-0.01
3000.00,-1050.98,-167.71,19.00,2.500,0.00,50.0,-0.01
3001.00,-1050.17,-165.34,19.00,2.500,0.00,50.0,-0.01
3002.00,-1049.36,-162.98,19.00,2.500,0.00,50.0,-0.01
3003.00,-1048.54,-160.61,19.00,2.500,0.00,50.0,-0.01
3004.00,-1047.73,-158.25,19.00,2.500,0.00,50.0,-0.01
3005.00,-1046.91,-155.89,19.00,2.500,0.00,50.0,-0.00
3006.00,-1046.10,-153.52,19.00,2.500,0.00,50.0,-0.00
3007.00,-1045.29,-151.16,19.00,2.500,0.00,50.0,-0.00
3008.00,-1044.47,-148.80,19.00,2.500,0.00,50.0,-0.00
3009.00,-1043.66,-146.43,19.00,2.500,0.00,50.0,-0.00
3010.00,-1042.84,-144.07,19.00,2.500,0.00,50.0,-0.00
3011.00,-1042.03,-141.70,19.00,2.500,0.00,50.0,-0.00
3012.00,-1041.22,-139.34,19.00,2.500,0.00,50.0,-0.00
3013.00,-1040.40,-136.98,19.00,2.500,0.00,50.0,-0.00
3014.00,-1039.59,-134.61,19.00,2.500,0.00,50.0,-0.00
3015.00,-1038.77,-132.25,19.00,2.500,0.00,50.0,-0.00
3016.00,-1037.96,-129.88,19.00,2.500,0.00,50.0,-0.00
3017.00,-1037.15,-127.52,19.00,2.500,0.00,50.0,-0.00
3018.00,-1036.33,-125.16,19.00,2.500,0.00,50.0,-0.00
3019.00,-1035.52,-122.79,19.00,2.500,0.00,50.0,-0.00
3020.00,-1034.70,-120.43,19.00,2.500,0.00,50.0,-0.00
3021.00,-1033.89,-118.07,19.00,2.500,0.00,50.0,-0.00
3022.00,-1033.08,-115.70,19.00,2.500,0.00,50.0,-0.00
3023.00,-1032.26,-113.34,19.00,2.500,0.00,50.0,-0.00
3024.00,-1031.45,-110.97,19.00,2.500,0.00,50.0,-0.00
3025.00,-1030.63,-108.61,19.00,2.500,0.00,50.0,-0.00
3026.00,-1029.82,-106.25,19.00,2.500,0.00,50.0,-0.00
3027.00,-1029.01,-103.88,19.00,2.500,0.00,50.0,-0.00
3028.00,-1028.19,-101.52,19.00,2.500,0.00,50.0,-0.00
3029.00,-1027.38,-99.16,19.00,2.500,0.00,50.0,-0.00
3030.00,-1026.56,-96.79,19.00,2.500,0.00,50.0,-0.00
3031.00,-1025.75,-94.43,19.00,2.500,0.00,50.0,-0.00
3032.00,-1024.94,-92.06,19.00,2.500,0.00,50.0,-0.00
3033.00,-1024.12,-89.70,19.00,2.500,0.00,50.0,-0.00
3034.00,-1023.31,-87.34,19.00,2.500,0.00,50.0,-0.00
3035.00,-1022.49,-84.97,19.00,2.500,0.00,50.0,-0.00
3036.00,-1021.68,-82.61,19.00,2.500,0.00,50.0,-0.00
3037.00,-1020.87,-80.25,19.00,2.500,0.00,50.0,-0.00
3038.00,-1020.05,-77.88,19.00,2.500,0.00,50.0,-0.00
3039.00,-1019.24,-75.52,19.00,2.500,0.00,50.0,-0.00
3040.00,-1018.42,-73.15,19.00,2.500,0.00,50.0,-0.00
3041.00,-1017.61,-70.79,19.00,2.500,0.00,50.0,-0.00
3042.00,-1016.80,-68.43,19.00,2.500,0.00,50.0,-0.00
3043.00,-1015.98,-66.06,19.00,2.500,0.00,50.0,-0.00
3044.00,-1015.17,-63.70,19.00,2.500,0.00,50.0,-0.00
3045.00,-1014.35,-61.34,19.00,2.500,0.00,50.0,-0.00
3046.00,-1013.54,-58.97,19.00,2.500,0.00,50.0,-0.00
3047.00,-1012.73,-56.61,19.00,2.500,0.00,50.0,-0.00
3048.00,-1011.91,-54.24,19.00,2.500,0.00,50.0,-0.00
3049.00,-1011.10,-51.88,19.00,2.500,0.00,50.0,-0.00
3050.00,-1010.28,-49.52,19.00,2.500,0.00,50.0,-0.00
3051.00,-1009.47,-47.15,19.00,2.500,0.00,50.0,-0.00
3052.00,-1008.66,-44.79,19.00,2.500,0.00,50.0,-0.00
3053.00,-1007.84,-42.42,19.00,2.500,0.00,50.0,-0.00
3054.00,-1007.03,-40.06,19.00,2.500,0.00,50.0,-0.00
3055.00,-1006.21,-37.70,19.00,2.500,0.00,50.0,-0.00
3056.00,-1005.40,-35.33,19.00,2.500,0.00,50.0,-0.00
3057.00,-1004.59,-32.97,19.00,2.500,0.00,50.0,-0.00
3058.00,-1003.77,-30.61,19.00,2.500,0.00,50.0,-0.00
3059.00,-1002.96,-28.24,19.00,2.500,0.00,50.0,-0.00
3060.00,-1002.15,-25.88,19.00,2.500,0.00,50.0,-0.00
3061.00,-1001.33,-23.51,19.00,2.500,0.00,50.0,-0.00
3062.00,-1000.52,-21.15,19.00,2.500,0.00,50.0,-0.00
3063.00,-999.70,-18.79,19.00,2.500,0.00,50.0,-0.00
3064.00,-998.89,-16.42,19.00,2.500,0.00,50.0,-0.00
3065.00,-998.08,-14.06,19.00,2.500,0.00,50.0,-0.00
3066.00,-997.26,-11.70,19.00,2.500,0.00,50.0,-0.00
3067.00,-996.45,-9.33,19.00,2.500,0.00,50.0,-0.00
3068.00,-995.63,-6.97,19.00,2.500,0.00,50.0,-0.00
3069.00,-994.82,-4.60,19.00,2.500,0.00,50.0,-0.00
3070.00,-994.01,-2.24,19.00,2.500,0.00,50.0,-0.00
3071.00,-993.19,0.12,19.00,2.500,0.00,50.0,-0.00
3072.00,-992.38,2.49,19.00,2.500,0.00,50.0,-0.00
3073.00,-991.56,4.85,19.00,2.500,0.00,50.0,-0.00
3074.00,-990.75,7.21,19.00,2.500,0.00,50.0,-0.00
3075.00,-989.94,9.58,19.00,2.500,0.00,50.0,-0.00
3076.00,-989.12,11.94,19.00,2.500,0.00,50.0,-0.00
3077.00,-988.31,14.31,19.00,2.500,0.00,50.0,-0.00
3078.00,-987.49,16.67,19.00,2.500,0.00,50.0,-0.00
3079.00,-986.68,19.03,19.00,2.500,0.00,50.0,-0.00
3080.00,-985.87,21.40,19.00,2.500,0.00,50.0,-0.00
3081.00,-985.05,23.76,19.00,2.500,0.00,50.0,-0.00
3082.00,-984.24,26.12,19.00,2.500,0.00,50.0,-0.00
3083.00,-983.42,28.49,19.00,2.500,0.00,50.0,-0.00
3084.00,-982.61,30.85,19.00,2.500,0.00,50.0,-0.00
3085.00,-981.80,33.22,19.00,2.500,0.00,50.0,-0.00
3086.00,-980.98,35.58,19.00,2.500,0.00,50.0,-0.00
3087.00,-980.17,37.94,19.00,2.500,0.00,50.0,-0.00
3088.00,-979.36,40.31,19.00,2.500,0.00,50.0,-0.00
3089.00,-978.54,42.67,19.00,2.500,0.00,50.0,-0.00
3090.00,-977.73,45.04,19.00,2.500,0.00,50.0,-0.00
3091.00,-976.91,47.40,19.00,2.500,0.00,50.0,-0.00
3092.00,-976.10,49.76,19.00,2.500,0.00,50.0,-0.00
3093.00,-975.29,52.13,19.00,2.500,0.00,50.0,-0.00
3094.00,-974.47,54.49,19.00,2.500,0.00,50.0,-0.00
3095.00,-973.66,56.85,19.00,2.500,0.00,50.0,-0.00
3096.00,-972.84,59.22,19.00,2.500,0.00,50.0,-0.00
3097.00,-972.03,61.58,19.00,2.500,0.00,50.0,-0.00
3098.00,-971.22,63.95,19.00,2.500,0.00,50.0,-0.00
3099.00,-970.40,66.31,19.00,2.500,0.00,50.0,-0.00
3100.00,-969.59,68.67,19.00,2.500,0.00,50.0,-0.00
3101.00,-968.77,71.04,19.00,2.500,0.00,50.0,-0.00
3102.00,-967.96,73.40,19.00,2.500,0.00,50.0,-0.00
3103.00,-967.15,75.76,19.00,2.500,0.00,50.0,-0.00
3104.00,-966.33,78.13,19.00,2.500,0.00,50.0,-0.00
3105.00,-965.52,80.49,19.00,2.500,0.00,50.0,-0.00
3106.00,-964.70,82.86,19.00,2.500,0.00,50.0,-0.00
3107.00,-963.89,85.22,19.00,2.500,0.00,50.0,-0.00
3108.00,-963.08,87.58,19.00,2.500,0.00,50.0,-0.00
3109.00,-962.26,89.95,19.00,2.500,0.00,50.0,-0.00
3110.00,-961.45,92.31,19.00,2.500,0.00,50.0,-0.00
3111.00,-960.63,94.68,19.00,2.500,0.00,50.0,-0.00
3112.00,-959.82,97.04,19.00,2.500,0.00,50.0,-0.00
3113.00,-959.01,99.40,19.00,2.500,0.00,50.0,-0.00
3114.00,-958.19,101.77,19.00,2.500,0.00,50.0,-0.00
3115.00,-957.38,104.13,19.00,2.500,0.00,50.0,-0.00
3116.00,-956.57,106.49,19.00,2.500,0.00,50.0,-0.00
3117.00,-955.75,108.86,19.00,2.500,0.00,50.0,-0.00
3118.00,-954.94,111.22,19.00,2.500,0.00,50.0,-0.00
3119.00,-954.12,113.59,19.00,2.500,0.00,50.0,-0.00
3120.00,-953.31,115.95,19.00,2.500,0.00,50.0,-0.00
3121.00,-952.50,118.31,19.00,2.500,0.00,50.0,-0.00
3122.00,-951.68,120.68,19.00,2.500,0.00,50.0,-0.00
3123.00,-950.87,123.04,19.00,2.500,0.00,50.0,-0.00
3124.00,-950.05,125.40,19.00,2.500,0.00,50.0,-0.00
3125.00,-949.24,127.77,19.00,2.500,0.00,50.0,-0.00
3126.00,-948.43,130.13,19.00,2.500,0.00,50.0,-0.00
3127.00,-947.61,132.50,19.00,2.500,0.00,50.0,-0.00
3128.00,-946.80,134.86,19.00,2.500,0.00,50.0,-0.00
3129.00,-945.98,137.22,19.00,2.500,0.00,50.0,-0.00
3130.00,-945.17,139.59,19.00,2.500,0.00,50.0,-0.00
3131.00,-944.36,141.95,19.00,2.500,0.00,50.0,-0.00
3132.00,-943.54,144.31,19.00,2.500,0.00,50.0,-0.00
3133.00,-942.73,146.68,19.00,2.500,0.00,50.0,-0.00
3134.00,-941.91,149.04,19.00,2.500,0.00,50.0,-0.00
3135.00,-941.10,151.41,19.00,2.500,0.00,50.0,-0.00
3136.00,-940.29,153.77,19.00,2.500,0.00,50.0,-0.00
3137.00,-939.47,156.13,19.00,2.500,0.00,50.0,-0.00
3138.00,-938.66,158.50,19.00,2.500,0.00,50.0,-0.00
3139.00,-937.85,160.86,19.00,2.500,0.00,50.0,-0.00
3140.00,-937.03,163.23,19.00,2.500,0.00,50.0,-0.00
3141.00,-936.22,165.59,19.00,2.500,0.00,50.0,-0.00
3142.00,-935.40,167.95,19.00,2.500,0.00,50.0,-0.00
3143.00,-934.59,170.32,19.00,2.500,0.00,50.0,-0.00
3144.00,-933.78,172.68,19.00,2.500,0.00,50.0,-0.00
3145.00,-932.96,175.04,19.00,2.500,0.00,50.0,-0.00
3146.00,-932.15,177.41,19.00,2.500,0.00,50.0,-0.00
3147.00,-931.33,179.77,19.00,2.500,0.00,50.0,-0.00
3148.00,-930.52,182.14,19.00,2.500,0.00,50.0,-0.00
3149.00,-929.71,184.50,19.00,2.500,0.00,50.0,-0.00
3150.00,-928.89,186.86,19.00,2.500,0.00,50.0,-0.00
3151.00,-928.08,189.23,19.00,2.500,0.00,50.0,-0.00
3152.00,-927.26,191.59,19.00,2.500,0.00,50.0,-0.00
3153.00,-926.45,193.95,19.00,2.500,0.00,50.0,-0.00
3154.00,-925.64,196.32,19.00,2.500,0.00,50.0,-0.00
3155.00,-924.82,198.68,19.00,2.500,0.00,50.0,-0.00
3156.00,-924.01,201.05,19.00,2.500,0.00,50.0,-0.00
3157.00,-923.19,203.41,19.00,2.500,0.00,50.0,-0.00
3158.00,-922.38,205.77,19.00,2.500,0.00,50.0,-0.00
3159.00,-921.57,208.14,19.00,2.500,0.00,50.0,-0.00
3160.00,-920.75,210.50,19.00,2.500,0.00,50.0,-0.00
3161.00,-919.94,212.86,19.00,2.500,0.00,50.0,-0.00
3162.00,-919.12,215.23,19.00,2.500,0.00,50.0,-0.00
3163.00,-918.31,217.59,19.00,2.500,0.00,50.0,-0.00
3164.00,-917.50,219.96,19.00,2.500,0.00,50.0,-0.00
3165.00,-916.68,222.32,19.00,2.500,0.00,50.0,-0.00
3166.00,-915.87,224.68,19.00,2.500,0.00,50.0,-0.00
3167.00,-915.06,227.05,19.00,2.500,0.00,50.0,-0.00
3168.00,-914.24,229.41,19.00,2.500,0.00,50.0,-0.00
3169.00,-913.43,231.78,19.00,2.500,0.00,50.0,-0.00
3170.00,-912.61,234.14,19.00,2.500,0.00,50.0,-0.00
3171.00,-911.80,236.50,19.00,2.500,0.00,50.0,-0.00
3172.00,-910.99,238.87,19.00,2.500,0.00,50.0,-0.00
3173.00,-910.17,241.23,19.00,2.500,0.00,50.0,-0.00
3174.00,-909.36,243.59,19.00,2.500,0.00,50.0,-0.00
3175.00,-908.54,245.96,19.00,2.500,0.00,50.0,-0.00
3176.00,-907.73,248.32,19.00,2.500,0.00,50.0,-0.00
3177.00,-906.92,250.69,19.00,2.500,0.00,50.0,-0.00
3178.00,-906.10,253.05,19.00,2.500,0.00,50.0,-0.00
3179.00,-905.29,255.41,19.00,2.500,0.00,50.0,-0.00
3180.00,-904.47,257.78,19.00,2.500,0.00,50.0,-0.00
3181.00,-903.66,260.14,19.00,2.500,0.00,50.0,-0.00
3182.00,-902.85,262.50,19.00,2.500,0.00,50.0,-0.00
3183.00,-902.03,264.87,19.00,2.500,0.00,50.0,-0.00
3184.00,-901.22,267.23,19.00,2.500,0.00,50.0,-0.00
3185.00,-900.40,269.60,19.00,2.500,0.00,50.0,-0.00
3186.00,-899.59,271.96,19.00,2.500,0.00,50.0,-0.00
3187.00,-898.78,274.32,19.00,2.500,0.00,50.0,-0.00
3188.00,-897.96,276.69,19.00,2.500,0.00,50.0,-0.00
3189.00,-897.15,279.05,19.00,2.500,0.00,50.0,-0.00
3190.00,-896.34,281.41,19.00,2.500,0.00,50.0,-0.00
3191.00,-895.52,283.78,19.00,2.500,0.00,50.0,-0.00
3192.00,-894.71,286.14,19.00,2.500,0.00,50.0,-0.00
3193.00,-893.89,288.51,19.00,2.500,0.00,50.0,-0.00
3194.00,-893.08,290.87,19.00,2.500,0.00,50.0,-0.00
3195.00,-892.27,293.23,19.00,2.500,0.00,50.0,-0.00
3196.00,-891.45,295.60,19.00,2.500,0.00,50.0,-0.00
3197.00,-890.64,297.96,19.00,2.500,0.00,50.0,-0.00
3198.00,-889.82,300.33,19.00,2.500,0.00,50.0,-0.00
3199.00,-889.01,302.69,19.00,2.500,0.00,50.0,-0.00
3200.00,-888.20,305.05,19.00,2.500,0.00,50.0,-0.00
3201.00,-887.38,307.42,19.00,2.500,0.00,50.0,-0.00
3202.00,-886.57,309.78,19.00,2.500,0.00,50.0,-0.00
3203.00,-885.75,312.14,19.00,2.500,0.00,50.0,-0.00
3204.00,-884.94,314.51,19.00,2.500,0.00,50.0,-0.00
3205.00,-884.13,316.87,19.00,2.500,0.00,50.0,-0.00
3206.00,-883.31,319.24,19.00,2.500,0.00,50.0,-0.00
3207.00,-882.50,321.60,19.00,2.500,0.00,50.0,-0.00
3208.00,-881.68,323.96,19.00,2.500,0.00,50.0,-0.00
3209.00,-880.87,326.33,19.00,2.500,0.00,50.0,-0.00
3210.00,-880.06,328.69,19.00,2.500,0.00,50.0,-0.00
3211.00,-879.24,331.05,19.00,2.500,0.00,50.0,-0.00
3212.00,-878.43,333.42,19.00,2.500,0.00,50.0,-0.00
3213.00,-877.61,335.78,19.00,2.500,0.00,50.0,-0.00
3214.00,-876.80,338.15,19.00,2.500,0.00,50.0,-0.00
3215.00,-875.99,340.51,19.00,2.500,0.00,50.0,-0.00
3216.00,-875.17,342.87,19.00,2.500,0.00,50.0,-0.00
3217.00,-874.36,345.24,19.00,2.500,0.00,50.0,-0.00
3218.00,-873.55,347.60,19.00,2.500,0.00,50.0,-0.00
3219.00,-872.73,349.97,19.00,2.500,0.00,50.0,-0.00
3220.00,-871.92,352.33,19.00,2.500,0.00,50.0,-0.00
3221.00,-871.10,354.69,19.00,2.500,0.00,50.0,-0.00
3222.00,-870.29,357.06,19.00,2.500,0.00,50.0,-0.00
3223.00,-869.48,359.42,19.00,2.500,0.00,50.0,-0.00
3224.00,-868.66,361.78,19.00,2.500,0.00,50.0,-0.00
3225.00,-867.85,364.15,19.00,2.500,0.00,50.0,-0.00
3226.00,-867.03,366.51,19.00,2.500,0.00,50.0,-0.00
3227.00,-866.22,368.88,19.00,2.500,0.00,50.0,-0.00
3228.00,-865.41,371.24,19.00,2.500,0.00,50.0,-0.00
3229.00,-864.59,373.60,19.00,2.500,0.00,50.0,-0.00
3230.00,-863.78,375.97,19.00,2.500,0.00,50.0,-0.00
3231.00,-862.96,378.33,19.00,2.500,0.00,50.0,-0.00
3232.00,-862.15,380.69,19.00,2.500,0.00,50.0,-0.00
3233.00,-861.34,383.06,19.00,2.500,0.00,50.0,-0.00
3234.00,-860.52,385.42,19.00,2.500,0.00,50.0,-0.00
3235.00,-859.71,387.79,19.00,2.500,0.00,50.0,-0.00
3236.00,-858.89,390.15,19.00,2.500,0.00,50.0,-0.00
3237.00,-858.08,392.51,19.00,2.500,0.00,50.0,-0.00
3238.00,-857.27,394.88,19.00,2.500,0.00,50.0,-0.00
3239.00,-856.45,397.24,19.00,2.500,0.00,50.0,-0.00
3240.00,-855.64,399.60,19.00,2.500,0.00,50.0,-0.00
3241.00,-854.83,401.97,19.00,2.500,0.00,50.0,-0.00
3242.00,-854.01,404.33,19.00,2.500,0.00,50.0,-0.00
3243.00,-853.20,406.70,19.00,2.500,0.00,50.0,-0.00
3244.00,-852.38,409.06,19.00,2.500,0.00,50.0,-0.00
3245.00,-851.57,411.42,19.00,2.500,0.00,50.0,-0.00
3246.00,-850.76,413.79,19.00,2.500,0.00,50.0,-0.00
3247.00,-849.94,416.15,19.00,2.500,0.00,50.0,-0.00
3248.00,-849.13,418.52,19.00,2.500,0.00,50.0,-0.00
3249.00,-848.31,420.88,19.00,2.500,0.00,50.0,-0.00
3250.00,-847.50,423.24,19.00,2.500,0.00,50.0,-0.00
3251.00,-846.69,425.61,19.00,2.500,0.00,50.0,-0.00
3252.00,-845.87,427.97,19.00,2.500,0.00,50.0,-0.00
3253.00,-845.06,430.33,19.00,2.500,0.00,50.0,-0.00
3254.00,-844.24,432.70,19.00,2.500,0.00,50.0,-0.00
3255.00,-843.43,435.06,19.00,2.500,0.00,50.0,-0.00
3256.00,-842.62,437.43,19.00,2.500,0.00,50.0,-0.00
3257.00,-841.80,439.79,19.00,2.500,0.00,50.0,-0.00
3258.00,-840.99,442.15,19.00,2.500,0.00,50.0,-0.00
3259.00,-840.17,444.52,19.00,2.500,0.00,50.0,-0.00
3260.00,-839.36,446.88,19.00,2.500,0.00,50.0,-0.00
3261.00,-838.55,449.24,19.00,2.500,0.00,50.0,-0.00
3262.00,-837.73,451.61,19.00,2.500,0.00,50.0,-0.00
3263.00,-836.92,453.97,19.00,2.500,0.00,50.0,-0.00
3264.00,-836.10,456.34,19.00,2.500,0.00,50.0,-0.00
3265.00,-835.29,458.70,19.00,2.500,0.00,50.0,-0.00
3266.00,-834.48,461.06,19.00,2.500,0.00,50.0,-0.00
3267.00,-833.66,463.43,19.00,2.500,0.00,50.0,-0.00
3268.00,-832.85,465.79,19.00,2.500,0.00,50.0,-0.00
3269.00,-832.04,468.15,19.00,2.500,0.00,50.0,-0.00
3270.00,-831.22,470.52,19.00,2.500,0.00,50.0,-0.00
3271.00,-830.41,472.88,19.00,2.500,0.00,50.0,-0.00
3272.00,-829.59,475.25,19.00,2.500,0.00,50.0,-0.00
3273.00,-828.78,477.61,19.00,2.500,0.00,50.0,-0.00
3274.00,-827.97,479.97,19.00,2.500,0.00,50.0,-0.00
3275.00,-827.15,482.34,19.00,2.500,0.00,50.0,-0.00
3276.00,-826.34,484.70,19.00,2.500,0.00,50.0,-0.00
3277.00,-825.52,487.07,19.00,2.500,0.00,50.0,-0.00
3278.00,-824.71,489.43,19.00,2.500,0.00,50.0,-0.00
3279.00,-823.90,491.79,19.00,2.500,0.00,50.0,-0.00
3280.00,-823.08,494.16,19.00,2.500,0.00,50.0,-0.00
3281.00,-822.27,496.52,19.00,2.500,0.00,50.0,-0.00
3282.00,-821.45,498.88,19.00,2.500,0.00,50.0,-0.00
3283.00,-820.64,501.25,19.00,2.500,0.00,50.0,-0.00
3284.00,-819.83,503.61,19.00,2.500,0.00,50.0,-0.00
3285.00,-819.01,505.98,19.00,2.500,0.00,50.0,-0.00
3286.00,-818.20,508.34,19.00,2.500,0.00,50.0,-0.00
3287.00,-817.38,510.70,19.00,2.500,0.00,50.0,-0.00
3288.00,-816.57,513.07,19.00,2.500,0.00,50.0,-0.00
3289.00,-815.76,515.43,19.00,2.500,0.00,50.0,-0.00
3290.00,-814.94,517.79,19.00,2.500,0.00,50.0,-0.00
3291.00,-814.13,520.16,19.00,2.500,0.00,50.0,-0.00
3292.00,-813.32,522.52,19.00,2.500,0.00,50.0,-0.00
3293.00,-812.50,524.89,19.00,2.500,0.00,50.0,-0.00
3294.00,-811.69,527.25,19.00,2.500,0.00,50.0,-0.00
3295.00,-810.87,529.61,19.00,2.500,0.00,50.0,-0.00
3296.00,-810.06,531.98,19.00,2.500,0.00,50.0,-0.00
3297.00,-809.25,534.34,19.00,2.500,0.00,50.0,-0.00
3298.00,-808.43,536.70,19.00,2.500,0.00,50.0,-0.00
3299.00,-807.62,539.07,19.00,2.500,0.00,50.0,-0.00
3300.00,-806.80,541.43,19.00,2.500,0.00,50.0,-0.00
3301.00,-805.99,543.80,19.00,2.500,0.00,50.0,-0.00
3302.00,-805.18,546.16,19.00,2.500,0.00,50.0,-0.00
3303.00,-804.36,548.52,19.00,2.500,0.00,50.0,-0.00
3304.00,-803.55,550.89,19.00,2.500,0.00,50.0,-0.00
3305.00,-802.73,553.25,19.00,2.500,0.00,50.0,-0.00
3306.00,-801.92,555.62,19.00,2.500,0.00,50.0,-0.00
3307.00,-801.11,557.98,19.00,2.500,0.00,50.0,-0.00
3308.00,-800.29,560.34,19.00,2.500,0.00,50.0,-0.00
3309.00,-799.48,562.71,19.00,2.500,0.00,50.0,-0.00
3310.00,-798.66,565.07,19.00,2.500,0.00,50.0,-0.00
3311.00,-797.85,567.43,19.00,2.500,0.00,50.0,-0.00
3312.00,-797.04,569.80,19.00,2.500,0.00,50.0,-0.00
3313.00,-796.22,572.16,19.00,2.500,0.00,50.0,-0.00
3314.00,-795.41,574.53,19.00,2.500,0.00,50.0,-0.00
3315.00,-794.60,576.89,19.00,2.500,0.00,50.0,-0.00
3316.00,-793.78,579.25,19.00,2.500,0.00,50.0,-0.00
3317.00,-792.97,581.62,19.00,2.500,0.00,50.0,-0.00
3318.00,-792.15,583.98,19.00,2.500,0.00,50.0,-0.00
3319.00,-791.34,586.34,19.00,2.500,0.00,50.0,-0.00
3320.00,-790.53,588.71,19.00,2.500,0.00,50.0,-0.00
3321.00,-789.71,591.07,19.00,2.500,0.00,50.0,-0.00
3322.00,-788.90,593.44,19.00,2.500,0.00,50.0,-0.00
3323.00,-788.08,595.80,19.00,2.500,0.00,50.0,-0.00
3324.00,-787.27,598.16,19.00,2.500,0.00,50.0,-0.00
3325.00,-786.46,600.53,19.00,2.500,0.00,50.0,-0.00
3326.00,-785.64,602.89,19.00,2.500,0.00,50.0,-0.00
3327.00,-784.83,605.26,19.00,2.500,0.00,50.0,-0.00
3328.00,-784.01,607.62,19.00,2.500,0.00,50.0,-0.00
3329.00,-783.20,609.98,19.00,2.500,0.00,50.0,-0.00
3330.00,-782.39,612.35,19.00,2.500,0.00,50.0,-0.00
3331.00,-781.57,614.71,19.00,2.500,0.00,50.0,-0.00
3332.00,-780.76,617.07,19.00,2.500,0.00,50.0,-0.00
3333.00,-779.94,619.44,19.00,2.500,0.00,50.0,-0.00
3334.00,-779.13,621.80,19.00,2.500,0.00,50.0,-0.00
3335.00,-778.32,624.17,19.00,2.500,0.00,50.0,-0.00
3336.00,-777.50,626.53,19.00,2.500,0.00,50.0,-0.00
3337.00,-776.69,628.89,19.00,2.500,0.00,50.0,-0.00
3338.00,-775.87,631.26,19.00,2.500,0.00,50.0,-0.00
3339.00,-775.06,633.62,19.00,2.500,0.00,50.0,-0.00
3340.00,-774.25,635.98,19.00,2.500,0.00,50.0,-0.00
3341.00,-773.43,638.35,19.00,2.500,0.00,50.0,-0.00
3342.00,-772.62,640.71,19.00,2.500,0.00,50.0,-0.00
3343.00,-771.81,643.08,19.00,2.500,0.00,50.0,-0.00
3344.00,-770.99,645.44,19.00,2.500,0.00,50.0,-0.00
3345.00,-770.18,647.80,19.00,2.500,0.00,50.0,-0.00
3346.00,-769.36,650.17,19.00,2.500,0.00,50.0,-0.00
3347.00,-768.55,652.53,19.00,2.500,0.00,50.0,-0.00
3348.00,-767.74,654.89,19.00,2.500,0.00,50.0,-0.00
3349.00,-766.92,657.26,19.00,2.500,0.00,50.0,-0.00
3350.00,-766.11,659.62,19.00,2.500,0.00,50.0,-0.00
3351.00,-765.29,661.99,19.00,2.500,0.00,50.0,-0.00
3352.00,-764.48,664.35,19.00,2.500,0.00,50.0,-0.00
3353.00,-763.67,666.71,19.00,2.500,0.00,50.0,-0.00
3354.00,-762.85,669.08,19.00,2.500,0.00,50.0,-0.00
3355.00,-762.04,671.44,19.00,2.500,0.00,50.0,-0.00
3356.00,-761.22,673.81,19.00,2.500,0.00,50.0,-0.00
3357.00,-760.41,676.17,19.00,2.500,0.00,50.0,-0.00
3358.00,-759.60,678.53,19.00,2.500,0.00,50.0,-0.00
3359.00,-758.78,680.90,19.00,2.500,0.00,50.0,-0.00
3360.00,-757.97,683.26,19.00,2.500,0.00,50.0,-0.00
3361.00,-757.15,685.62,19.00,2.500,0.00,50.0,-0.00
3362.00,-756.34,687.99,19.00,2.500,0.00,50.0,-0.00
3363.00,-755.53,690.35,19.00,2.500,0.00,50.0,-0.00
3364.00,-754.71,692.72,19.00,2.500,0.00,50.0,-0.00
3365.00,-753.90,695.08,19.00,2.500,0.00,50.0,-0.00
3366.00,-753.09,697.44,19.00,2.500,0.00,50.0,-0.00
3367.00,-752.27,699.81,19.00,2.500,0.00,50.0,-0.00
3368.00,-751.46,702.17,19.00,2.500,0.00,50.0,-0.00
3369.00,-750.64,704.53,19.00,2.500,0.00,50.0,-0.00
3370.00,-749.83,706.90,19.00,2.500,0.00,50.0,-0.00
3371.00,-749.02,709.26,19.00,2.500,0.00,50.0,-0.00
3372.00,-748.20,711.63,19.00,2.500,0.00,50.0,-0.00
3373.00,-747.39,713.99,19.00,2.500,0.00,50.0,-0.00
3374.00,-746.57,716.35,19.00,2.500,0.00,50.0,-0.00
3375.00,-745.76,718.72,19.00,2.500,0.00,50.0,-0.00
3376.00,-744.95,721.08,19.00,2.500,0.00,50.0,-0.00
3377.00,-744.13,723.44,19.00,2.500,0.00,50.0,-0.00
3378.00,-743.32,725.81,19.00,2.500,0.00,50.0,-0.00
3379.00,-742.50,728.17,19.00,2.500,0.00,50.0,-0.00
3380.00,-741.69,730.54,19.00,2.500,0.00,50.0,-0.00
3381.00,-740.88,732.90,19.00,2.500,0.00,50.0,-0.00
3382.00,-740.06,735.26,19.00,2.500,0.00,50.0,-0.00
3383.00,-739.25,737.63,19.00,2.500,0.00,50.0,-0.00
3384.00,-738.43,739.99,19.00,2.500,0.00,50.0,-0.00
3385.00,-737.62,742.36,19.00,2.500,0.00,50.0,-0.00
3386.00,-736.81,744.72,19.00,2.500,0.00,50.0,-0.00
3387.00,-735.99,747.08,19.00,2.500,0.00,50.0,-0.00
3388.00,-735.18,749.45,19.00,2.500,0.00,50.0,-0.00
3389.00,-734.36,751.81,19.00,2.500,0.00,50.0,-0.00
3390.00,-733.55,754.17,19.00,2.500,0.00,50.0,-0.00
3391.00,-732.74,756.54,19.00,2.500,0.00,50.0,-0.00
3392.00,-731.92,758.90,19.00,2.500,0.00,50.0,-0.00
3393.00,-731.11,761.27,19.00,2.500,0.00,50.0,-0.00
3394.00,-730.30,763.63,19.00,2.500,0.00,50.0,-0.00
3395.00,-729.48,765.99,19.00,2.500,0.00,50.0,-0.00
3396.00,-728.67,768.36,19.00,2.500,0.00,50.0,-0.00
3397.00,-727.85,770.72,19.00,2.500,0.00,50.0,-0.00
3398.00,-727.04,773.08,19.00,2.500,0.00,50.0,-0.00
3399.00,-726.23,775.45,19.00,2.500,0.00,50.0,-0.00
3400.00,-725.41,777.81,19.00,2.500,0.00,50.0,-0.00
3401.00,-724.60,780.18,19.00,2.500,0.00,50.0,-0.00
3402.00,-723.78,782.54,19.00,2.500,0.00,50.0,-0.00
3403.00,-722.97,784.90,19.00,2.500,0.00,50.0,-0.00
3404.00,-722.16,787.27,19.00,2.500,0.00,50.0,-0.00
3405.00,-721.34,789.63,19.00,2.500,0.00,50.0,-0.00
3406.00,-720.53,791.99,19.00,2.500,0.00,50.0,-0.00
3407.00,-719.71,794.36,19.00,2.500,0.00,50.0,-0.00
3408.00,-718.90,796.72,19.00,2.500,0.00,50.0,-0.00
3409.00,-718.09,799.09,19.00,2.500,0.00,50.0,-0.00
3410.00,-717.27,801.45,19.00,2.500,0.00,50.0,-0.00
3411.00,-716.46,803.81,19.00,2.500,0.00,50.0,-0.00
3412.00,-715.64,806.18,19.00,2.500,0.00,50.0,-0.00
3413.00,-714.83,808.54,19.00,2.500,0.00,50.0,-0.00
3414.00,-714.02,810.91,19.00,2.500,0.00,50.0,-0.00
3415.00,-713.20,813.27,19.00,2.500,0.00,50.0,-0.00
3416.00,-712.39,815.63,19.00,2.500,0.00,50.0,-0.00
3417.00,-711.58,818.00,19.00,2.500,0.00,50.0,-0.00
3418.00,-710.76,820.36,19.00,2.500,0.00,50.0,-0.00
3419.00,-709.95,822.72,19.00,2.500,0.00,50.0,-0.00
3420.00,-709.13,825.09,19.00,2.500,0.00,50.0,-0.00
3421.00,-708.32,827.45,19.00,2.500,0.00,50.0,-0.00
3422.00,-707.51,829.82,19.00,2.500,0.00,50.0,-0.00
3423.00,-706.69,832.18,19.00,2.500,0.00,50.0,-0.00
3424.00,-705.88,834.54,19.00,2.500,0.00,50.0,-0.00
3425.00,-705.06,836.91,19.00,2.500,0.00,50.0,-0.00
3426.00,-704.25,839.27,19.00,2.500,0.00,50.0,-0.00
3427.00,-703.44,841.63,19.00,2.500,0.00,50.0,-0.00
3428.00,-702.62,844.00,19.00,2.500,0.00,50.0,-0.00
3429.00,-701.81,846.36,19.00,2.500,0.00,50.0,-0.00
3430.00,-700.99,848.73,19.00,2.500,0.00,50.0,-0.00
3431.00,-700.18,851.09,19.00,2.500,0.00,50.0,-0.00
3432.00,-699.37,853.45,19.00,2.500,0.00,50.0,-0.00
3433.00,-698.55,855.82,19.00,2.500,0.00,50.0,-0.00
3434.00,-697.74,858.18,19.00,2.500,0.00,50.0,-0.00
3435.00,-696.92,860.55,19.00,2.500,0.00,50.0,-0.00
3436.00,-696.11,862.91,19.00,2.500,0.00,50.0,-0.00
3437.00,-695.30,865.27,19.00,2.500,0.00,50.0,-0.00
3438.00,-694.48,867.64,19.00,2.500,0.00,50.0,-0.00
3439.00,-693.67,870.00,19.00,2.500,0.00,50.0,-0.00
3440.00,-692.85,872.36,19.00,2.500,0.00,50.0,-0.00
3441.00,-692.04,874.73,19.00,2.500,0.00,50.0,-0.00
3442.00,-691.23,877.09,19.00,2.500,0.00,50.0,-0.00
3443.00,-690.41,879.46,19.00,2.500,0.00,50.0,-0.00
3444.00,-689.60,881.82,19.00,2.500,0.00,50.0,-0.00
3445.00,-688.79,884.18,19.00,2.500,0.00,50.0,-0.00
3446.00,-687.97,886.55,19.00,2.500,0.00,50.0,-0.00
3447.00,-687.16,888.91,19.00,2.500,0.00,50.0,-0.00
3448.00,-686.34,891.27,19.00,2.500,0.00,50.0,-0.00
3449.00,-685.53,893.64,19.00,2.500,0.00,50.0,-0.00
3450.00,-684.72,896.00,19.00,2.500,0.00,50.0,-0.00
3451.00,-683.90,898.37,19.00,2.500,0.00,50.0,-0.00
3452.00,-683.09,900.73,19.00,2.500,0.00,50.0,-0.00
3453.00,-682.27,903.09,19.00,2.500,0.00,50.0,-0.00
3454.00,-681.46,905.46,19.00,2.500,0.00,50.0,-0.00
3455.00,-680.65,907.82,19.00,2.500,0.00,50.0,-0.00
3456.00,-679.83,910.18,19.00,2.500,0.00,50.0,-0.00
3457.00,-679.02,912.55,19.00,2.500,0.00,50.0,-0.00
3458.00,-678.20,914.91,19.00,2.500,0.00,50.0,-0.00
3459.00,-677.39,917.28,19.00,2.500,0.00,50.0,-0.00
3460.00,-676.58,919.64,19.00,2.500,0.00,50.0,-0.00
3461.00,-675.76,922.00,19.00,2.500,0.00,50.0,-0.00
3462.00,-674.95,924.37,19.00,2.500,0.00,50.0,-0.00
3463.00,-674.13,926.73,19.00,2.500,0.00,50.0,-0.00
3464.00,-673.32,929.10,19.00,2.500,0.00,50.0,-0.00
3465.00,-672.51,931.46,19.00,2.500,0.00,50.0,-0.00
3466.00,-671.69,933.82,19.00,2.500,0.00,50.0,-0.00
3467.00,-670.88,936.19,19.00,2.500,0.00,50.0,-0.00
3468.00,-670.07,938.55,19.00,2.500,0.00,50.0,-0.00
3469.00,-669.25,940.91,19.00,2.500,0.00,50.0,-0.00
3470.00,-668.44,943.28,19.00,2.500,0.00,50.0,-0.00
3471.00,-667.62,945.64,19.00,2.500,0.00,50.0,-0.00
3472.00,-666.81,948.01,19.00,2.500,0.00,50.0,-0.00
3473.00,-666.00,950.37,19.00,2.500,0.00,50.0,-0.00
3474.00,-665.18,952.73,19.00,2.500,0.00,50.0,-0.00
3475.00,-664.37,955.10,19.00,2.500,0.00,50.0,-0.00
3476.00,-663.55,957.46,19.00,2.500,0.00,50.0,-0.00
3477.00,-662.74,959.82,19.00,2.500,0.00,50.0,-0.00
3478.00,-661.93,962.19,19.00,2.500,0.00,50.0,-0.00
3479.00,-661.11,964.55,19.00,2.500,0.00,50.0,-0.00
3480.00,-660.30,966.92,19.00,2.500,0.00,50.0,-0.00
3481.00,-659.48,969.28,19.00,2.500,0.00,50.0,-0.00
3482.00,-658.67,971.64,19.00,2.500,0.00,50.0,-0.00
3483.00,-657.86,974.01,19.00,2.500,0.00,50.0,-0.00
3484.00,-657.04,976.37,19.00,2.500,0.00,50.0,-0.00
3485.00,-656.23,978.73,19.00,2.500,0.00,50.0,-0.00
3486.00,-655.41,981.10,19.00,2.500,0.00,50.0,-0.00
3487.00,-654.60,983.46,19.00,2.500,0.00,50.0,-0.00
3488.00,-653.79,985.83,19.00,2.500,0.00,50.0,-0.00
3489.00,-652.97,988.19,19.00,2.500,0.00,50.0,-0.00
3490.00,-652.16,990.55,19.00,2.500,0.00,50.0,-0.00
3491.00,-651.35,992.92,19.00,2.500,0.00,50.0,-0.00
3492.00,-650.53,995.28,19.00,2.500,0.00,50.0,-0.00
3493.00,-649.72,997.65,19.00,2.500,0.00,50.0,-0.00
3494.00,-648.90,1000.01,19.00,2.500,0.00,50.0,-0.00
3495.00,-648.09,1002.37,19.00,2.500,0.00,50.0,-0.00
3496.00,-647.28,1004.74,19.00,2.500,0.00,50.0,-0.00
3497.00,-646.46,1007.10,19.00,2.500,0.00,50.0,-0.00
3498.00,-645.65,1009.46,19.00,2.500,0.00,50.0,-0.00
3499.00,-644.83,1011.83,19.00,2.500,0.00,50.0,-0.00
3500.00,-644.02,1014.19,19.00,2.500,0.00,50.0,-0.00
3501.00,-643.21,1016.56,19.00,2.500,0.00,50.0,-0.00
3502.00,-642.39,1018.92,19.00,2.500,0.00,50.0,-0.00
3503.00,-641.58,1021.28,19.00,2.500,0.00,50.0,-0.00
3504.00,-640.76,1023.65,19.00,2.500,0.00,50.0,-0.00
3505.00,-639.95,1026.01,19.00,2.500,0.00,50.0,-0.00
3506.00,-639.14,1028.37,19.00,2.500,0.00,50.0,-0.00
3507.00,-638.32,1030.74,19.00,2.500,0.00,50.0,-0.00
3508.00,-637.51,1033.10,19.00,2.500,0.00,50.0,-0.00
3509.00,-636.69,1035.47,19.00,2.500,0.00,50.0,-0.00
3510.00,-635.88,1037.83,19.00,2.500,0.00,50.0,-0.00
3511.00,-635.07,1040.19,19.00,2.500,0.00,50.0,-0.00
3512.00,-634.25,1042.56,19.00,2.500,0.00,50.0,-0.00
3513.00,-633.44,1044.92,19.00,2.500,0.00,50.0,-0.00
3514.00,-632.62,1047.28,19.00,2.500,0.00,50.0,-0.00
3515.00,-631.81,1049.65,19.00,2.500,0.00,50.0,-0.00
3516.00,-631.00,1052.01,19.00,2.500,0.00,50.0,-0.00
3517.00,-630.18,1054.38,19.00,2.500,0.00,50.0,-0.00
3518.00,-629.37,1056.74,19.00,2.500,0.00,50.0,-0.00
3519.00,-628.56,1059.10,19.00,2.500,0.00,50.0,-0.00
3520.00,-627.74,1061.47,19.00,2.500,0.00,50.0,-0.00
3521.00,-626.93,1063.83,19.00,2.500,0.00,50.0,-0.00
3522.00,-626.11,1066.20,19.00,2.500,0.00,50.0,-0.00
3523.00,-625.30,1068.56,19.00,2.500,0.00,50.0,-0.00
3524.00,-624.49,1070.92,19.00,2.500,0.00,50.0,-0.00
3525.00,-623.67,1073.29,19.00,2.500,0.00,50.0,-0.00
3526.00,-622.86,1075.65,19.00,2.500,0.00,50.0,-0.00
3527.00,-622.04,1078.01,19.00,2.500,0.00,50.0,-0.00
3528.00,-621.23,1080.38,19.00,2.500,0.00,50.0,-0.00
3529.00,-620.42,1082.74,19.00,2.500,0.00,50.0,-0.00
3530.00,-619.60,1085.11,19.00,2.500,0.00,50.0,-0.00
3531.00,-618.79,1087.47,19.00,2.500,0.00,50.0,-0.00
3532.00,-617.97,1089.83,19.00,2.500,0.00,50.0,-0.00
3533.00,-617.16,1092.20,19.00,2.500,0.00,50.0,-0.00
3534.00,-616.35,1094.56,19.00,2.500,0.00,50.0,-0.00
3535.00,-615.53,1096.92,19.00,2.500,0.00,50.0,-0.00
3536.00,-614.72,1099.29,19.00,2.500,0.00,50.0,-0.00
3537.00,-613.90,1101.65,19.00,2.500,0.00,50.0,-0.00
3538.00,-613.09,1104.02,19.00,2.500,0.00,50.0,-0.00
3539.00,-612.28,1106.38,19.00,2.500,0.00,50.0,-0.00
3540.00,-611.46,1108.74,19.00,2.500,0.00,50.0,-0.00
3541.00,-610.65,1111.11,19.00,2.500,0.00,50.0,-0.00
3542.00,-609.84,1113.47,19.00,2.500,0.00,50.0,-0.00
3543.00,-609.02,1115.84,19.00,2.500,0.00,50.0,-0.00
3544.00,-608.21,1118.20,19.00,2.500,0.00,50.0,-0.00
3545.00,-607.39,1120.56,19.00,2.500,0.00,50.0,-0.00
3546.00,-606.58,1122.93,19.00,2.500,0.00,50.0,-0.00
3547.00,-605.77,1125.29,19.00,2.500,0.00,50.0,-0.00
3548.00,-604.95,1127.65,19.00,2.500,0.00,50.0,-0.00
3549.00,-604.14,1130.02,19.00,2.500,0.00,50.0,-0.00
3550.00,-603.32,1132.38,19.00,2.500,0.00,50.0,-0.00
3551.00,-602.51,1134.75,19.00,2.500,0.00,50.0,-0.00
3552.00,-601.70,1137.11,19.00,2.500,0.00,50.0,-0.00
3553.00,-600.88,1139.47,19.00,2.500,0.00,50.0,-0.00
3554.00,-600.07,1141.84,19.00,2.500,0.00,50.0,-0.00
3555.00,-599.25,1144.20,19.00,2.500,0.00,50.0,-0.00
3556.00,-598.44,1146.56,19.00,2.500,0.00,50.0,-0.00
3557.00,-597.63,1148.93,19.00,2.500,0.00,50.0,-0.00
3558.00,-596.81,1151.29,19.00,2.500,0.00,50.0,-0.00
3559.00,-596.00,1153.66,19.00,2.500,0.00,50.0,-0.00
3560.00,-595.18,1156.02,19.00,2.500,0.00,50.0,-0.00
3561.00,-594.37,1158.38,19.00,2.500,0.00,50.0,-0.00
3562.00,-593.56,1160.75,19.00,2.500,0.00,50.0,-0.00
3563.00,-592.74,1163.11,19.00,2.500,0.00,50.0,-0.00
3564.00,-591.93,1165.47,19.00,2.500,0.00,50.0,-0.00
3565.00,-591.11,1167.84,19.00,2.500,0.00,50.0,-0.00
3566.00,-590.30,1170.20,19.00,2.500,0.00,50.0,-0.00
3567.00,-589.49,1172.57,19.00,2.500,0.00,50.0,-0.00
3568.00,-588.67,1174.93,19.00,2.500,0.00,50.0,-0.00
3569.00,-587.86,1177.29,19.00,2.500,0.00,50.0,-0.00
3570.00,-587.05,1179.66,19.00,2.500,0.00,50.0,-0.00
3571.00,-586.23,1182.02,19.00,2.500,0.00,50.0,-0.00
3572.00,-585.42,1184.39,19.00,2.500,0.00,50.0,-0.00
3573.00,-584.60,1186.75,19.00,2.500,0.00,50.0,-0.00
3574.00,-583.79,1189.11,19.00,2.500,0.00,50.0,-0.00
3575.00,-582.98,1191.48,19.00,2.500,0.00,50.0,-0.00
3576.00,-582.16,1193.84,19.00,2.500,0.00,50.0,-0.00
3577.00,-581.35,1196.20,19.00,2.500,0.00,50.0,-0.00
3578.00,-580.53,1198.57,19.00,2.500,0.00,50.0,-0.00
3579.00,-579.72,1200.93,19.00,2.500,0.00,50.0,-0.00
3580.00,-578.91,1203.30,19.00,2.500,0.00,50.0,-0.00
3581.00,-578.09,1205.66,19.00,2.500,0.00,50.0,-0.00
3582.00,-577.28,1208.02,19.00,2.500,0.00,50.0,-0.00
3583.00,-576.46,1210.39,19.00,2.500,0.00,50.0,-0.00
3584.00,-575.65,1212.75,19.00,2.500,0.00,50.0,-0.00
3585.00,-574.84,1215.11,19.00,2.500,0.00,50.0,-0.00
3586.00,-574.02,1217.48,19.00,2.500,0.00,50.0,-0.00
3587.00,-573.21,1219.84,19.00,2.500,0.00,50.0,-0.00
3588.00,-572.39,1222.21,19.00,2.500,0.00,50.0,-0.00
3589.00,-571.58,1224.57,19.00,2.500,0.00,50.0,-0.00
3590.00,-570.77,1226.93,19.00,2.500,0.00,50.0,-0.00
3591.00,-569.95,1229.30,19.00,2.500,0.00,50.0,-0.00
3592.00,-569.14,1231.66,19.00,2.500,0.00,50.0,-0.00
3593.00,-568.33,1234.02,19.00,2.500,0.00,50.0,-0.00
3594.00,-567.51,1236.39,19.00,2.500,0.00,50.0,-0.00
3595.00,-566.70,1238.75,19.00,2.500,0.00,50.0,-0.00
3596.00,-565.88,1241.12,19.00,2.500,0.00,50.0,-0.00
3597.00,-565.07,1243.48,19.00,2.500,0.00,50.0,-0.00
3598.00,-564.26,1245.84,19.00,2.500,0.00,50.0,-0.00
3599.00,-563.44,1248.21,19.00,2.500,0.00,50.0,-0.00
3600.00,-562.63,1250.57,19.00,2.500,0.00,50.0,-0.00
3601.00,-561.81,1252.94,19.00,2.500,0.00,50.0,-0.00
3602.00,-561.00,1255.30,19.00,2.500,0.00,50.0,-0.00
3603.00,-560.19,1257.66,19.00,2.500,0.00,50.0,-0.00
3604.00,-559.37,1260.03,19.00,2.500,0.00,50.0,-0.00
3605.00,-558.56,1262.39,19.00,2.500,0.00,50.0,-0.00
3606.00,-557.74,1264.75,19.00,2.500,0.00,50.0,-0.00
3607.00,-556.93,1267.12,19.00,2.500,0.00,50.0,-0.00
3608.00,-556.12,1269.48,19.00,2.500,0.00,50.0,-0.00
3609.00,-555.30,1271.85,19.00,2.500,0.00,50.0,-0.00
3610.00,-554.49,1274.21,19.00,2.500,0.00,50.0,-0.00
3611.00,-553.67,1276.57,19.00,2.500,0.00,50.0,-0.00
3612.00,-552.86,1278.94,19.00,2.500,0.00,50.0,-0.00
3613.00,-552.05,1281.30,19.00,2.500,0.00,50.0,-0.00
3614.00,-551.23,1283.66,19.00,2.500,0.00,50.0,-0.00
3615.00,-550.42,1286.03,19.00,2.500,0.00,50.0,-0.00
3616.00,-549.60,1288.39,19.00,2.500,0.00,50.0,-0.00
3617.00,-548.79,1290.76,19.00,2.500,0.00,50.0,-0.00
3618.00,-547.98,1293.12,19.00,2.500,0.00,50.0,-0.00
3619.00,-547.16,1295.48,19.00,2.500,0.00,50.0,-0.00
3620.00,-546.35,1297.85,19.00,2.500,0.00,50.0,-0.00
3621.00,-545.54,1300.21,19.00,2.500,0.00,50.0,-0.00
3622.00,-544.72,1302.57,19.00,2.500,0.00,50.0,-0.00
3623.00,-543.91,1304.94,19.00,2.500,0.00,50.0,-0.00
3624.00,-543.09,1307.30,18.99,2.500,-29.82,50.0,-0.34
3625.00,-542.28,1309.67,18.98,2.500,-29.82,50.0,-0.67
3626.00,-541.47,1312.03,18.97,2.500,-29.82,50.0,-0.99
3627.00,-540.65,1314.39,18.94,2.500,-34.80,50.0,-1.35
3628.00,-539.84,1316.76,18.92,2.500,-34.80,50.0,-1.71
3629.00,-539.03,1319.12,18.88,2.500,-34.80,50.0,-2.05
3630.00,-538.22,1321.49,18.84,2.500,-34.44,50.0,-2.37
3631.00,-537.42,1323.86,18.80,2.500,-34.44,50.0,-2.69
3632.00,-536.61,1326.22,18.75,2.500,-34.44,50.0,-2.99
3633.00,-535.81,1328.59,18.69,2.500,-33.94,50.0,-3.28
3634.00,-535.01,1330.96,18.63,2.500,-33.94,50.0,-3.56
3635.00,-534.21,1333.33,18.57,2.500,-33.94,50.0,-3.83
3636.00,-533.41,1335.70,18.50,2.500,-33.31,50.0,-4.08
3637.00,-532.62,1338.07,18.43,2.500,-33.31,50.0,-4.32
3638.00,-531.83,1340.44,18.35,2.500,-33.31,50.0,-4.56
3639.00,-531.04,1342.81,18.27,2.500,-32.56,50.0,-4.78
3640.00,-530.26,1345.19,18.19,2.500,-32.56,50.0,-4.99
3641.00,-529.48,1347.56,18.10,2.500,-32.56,50.0,-5.20
3642.00,-528.70,1349.94,18.01,2.500,-31.72,50.0,-5.39
3643.00,-527.93,1352.31,17.92,2.500,-31.72,50.0,-5.57
3644.00,-527.16,1354.69,17.83,2.500,-31.72,50.0,-5.75
3645.00,-526.39,1357.07,17.73,2.500,-30.78,50.0,-5.91
3646.00,-525.63,1359.45,17.63,2.500,-30.78,50.0,-6.06
3647.00,-524.87,1361.84,17.52,2.500,-30.78,50.0,-6.21
3648.00,-524.12,1364.22,17.42,2.500,-29.77,50.0,-6.35
3649.00,-523.37,1366.61,17.31,2.500,-29.77,50.0,-6.48
3650.00,-522.63,1368.99,17.20,2.500,-29.77,50.0,-6.60
3651.00,-521.89,1371.38,17.09,2.500,-28.70,50.0,-6.71
3652.00,-521.15,1373.77,16.97,2.500,-28.70,50.0,-6.81
3653.00,-520.42,1376.16,16.86,2.500,-28.70,50.0,-6.91
3654.00,-519.70,1378.56,16.74,2.500,-27.58,50.0,-7.00
3655.00,-518.98,1380.95,16.62,2.500,-27.58,50.0,-7.08
3656.00,-518.26,1383.34,16.50,2.500,-27.58,50.0,-7.16
3657.00,-517.55,1385.74,16.38,2.500,-26.42,50.0,-7.22
3658.00,-516.85,1388.14,16.26,2.500,-26.42,50.0,-7.28
3659.00,-516.15,1390.54,16.14,2.500,-26.42,50.0,-7.34
3660.00,-515.45,1392.94,16.02,2.500,-25.22,50.0,-7.39
3661.00,-514.76,1395.34,15.89,2.500,-25.22,50.0,-7.43
3662.00,-514.08,1397.75,15.77,2.500,-25.22,50.0,-7.47
3663.00,-513.40,1400.15,15.64,2.500,-24.01,50.0,-7.49
3664.00,-512.73,1402.56,15.52,2.500,-24.01,50.0,-7.52
3665.00,-512.06,1404.97,15.39,2.500,-24.01,50.0,-7.54
3666.00,-511.39,1407.38,15.27,2.500,-22.77,50.0,-7.55
3667.00,-510.73,1409.79,15.14,2.500,-22.77,50.0,-7.56
3668.00,-510.08,1412.21,15.01,2.500,-22.77,50.0,-7.57
3669.00,-509.43,1414.62,14.89,2.500,-21.53,50.0,-7.56
3670.00,-508.79,1417.04,14.76,2.500,-21.53,50.0,-7.56
3671.00,-508.15,1419.45,14.64,2.500,-21.53,50.0,-7.55
3672.00,-507.52,1421.87,14.51,2.500,-20.29,50.0,-7.53
3673.00,-506.90,1424.29,14.39,2.500,-20.29,50.0,-7.51
3674.00,-506.28,1426.72,14.26,2.500,-20.29,50.0,-7.49
3675.00,-505.66,1429.14,14.14,2.500,-19.06,50.0,-7.46
3676.00,-505.05,1431.56,14.01,2.500,-19.06,50.0,-7.43
3677.00,-504.44,1433.99,13.89,2.500,-19.06,50.0,-7.40
3678.00,-503.84,1436.42,13.77,2.500,-17.83,50.0,-7.36
3679.00,-503.25,1438.84,13.65,2.500,-17.83,50.0,-7.32
3680.00,-502.66,1441.27,13.52,2.500,-17.83,50.0,-7.28
3681.00,-502.07,1443.70,13.40,2.500,-16.62,50.0,-7.22
3682.00,-501.49,1446.14,13.28,2.500,-16.62,50.0,-7.17
3683.00,-500.92,1448.57,13.17,2.500,-16.62,50.0,-7.12
3684.00,-500.35,1451.00,13.05,2.500,-15.43,50.0,-7.06
3685.00,-499.79,1453.44,12.93,2.500,-15.43,50.0,-7.00
3686.00,-499.23,1455.87,12.82,2.500,-15.43,50.0,-6.95
3687.00,-498.67,1458.31,12.70,2.500,-14.27,50.0,-6.88
3688.00,-498.12,1460.75,12.59,2.500,-14.27,50.0,-6.81
3689.00,-497.58,1463.19,12.47,2.500,-14.27,50.0,-6.75
3690.00,-497.04,1465.63,12.36,2.500,-13.13,50.0,-6.67
3691.00,-496.50,1468.07,12.25,2.500,-13.13,50.0,-6.60
3692.00,-495.97,1470.52,12.14,2.500,-13.13,50.0,-6.53
3693.00,-495.45,1472.96,12.04,2.500,-12.02,50.0,-6.45
3694.00,-494.92,1475.41,11.93,2.500,-12.02,50.0,-6.37
3695.00,-494.41,1477.85,11.83,2.500,-12.02,50.0,-6.30
3696.00,-493.90,1480.30,11.72,2.500,-10.94,50.0,-6.21
3697.00,-493.39,1482.75,11.62,2.500,-10.94,50.0,-6.13
3698.00,-492.88,1485.20,11.52,2.500,-10.94,50.0,-6.05
3699.00,-492.38,1487.65,11.42,2.500,-10.94,50.0,-5.97
3700.00,-491.89,1490.10,11.32,2.500,-10.94,50.0,-5.90
3701.00,-491.40,1492.55,11.22,2.500,-10.94,50.0,-5.83
3702.00,-490.91,1495.00,11.13,2.500,-10.94,50.0,-5.76
3703.00,-490.43,1497.45,11.03,2.500,-10.94,50.0,-5.69
3704.00,-489.95,1499.91,10.94,2.500,-10.94,50.0,-5.63
3705.00,-489.48,1502.36,10.85,2.500,-10.94,50.0,-5.57
3706.00,-489.01,1504.82,10.76,2.500,-10.94,50.0,-5.51
3707.00,-488.54,1507.27,10.66,2.500,-10.94,50.0,-5.45
3708.00,-488.08,1509.73,10.57,2.500,-10.94,50.0,-5.39
3709.00,-487.62,1512.19,10.49,2.500,-10.94,50.0,-5.34
3710.00,-487.16,1514.64,10.40,2.500,-10.94,50.0,-5.28
3711.00,-486.71,1517.10,10.31,2.500,-10.94,50.0,-5.23
3712.00,-486.26,1519.56,10.22,2.500,-10.94,50.0,-5.18
3713.00,-485.82,1522.02,10.14,2.500,-10.94,50.0,-5.13
3714.00,-485.38,1524.48,10.05,2.500,-5.94,50.0,-5.03
3715.00,-484.94,1526.95,9.97,2.500,-5.94,50.0,-4.93
3716.00,-484.51,1529.41,9.89,2.500,-5.94,50.0,-4.84
3717.00,-484.08,1531.87,9.81,2.500,-5.94,50.0,-4.74
3718.00,-483.66,1534.33,9.74,2.500,-5.94,50.0,-4.65
3719.00,-483.23,1536.80,9.66,2.500,-5.94,50.0,-4.56
3720.00,-482.81,1539.26,9.58,2.500,-5.94,50.0,-4.48
3721.00,-482.40,1541.73,9.51,2.500,-5.94,50.0,-4.40
3722.00,-481.98,1544.19,9.44,2.500,-5.94,50.0,-4.32
3723.00,-481.57,1546.66,9.37,2.500,-5.94,50.0,-4.24
3724.00,-481.17,1549.13,9.30,2.500,-5.94,50.0,-4.17
3725.00,-480.76,1551.59,9.23,2.500,-5.94,50.0,-4.10
3726.00,-480.36,1554.06,9.16,2.500,-5.94,50.0,-4.03
3727.00,-479.96,1556.53,9.10,2.500,-5.94,50.0,-3.96
3728.00,-479.57,1559.00,9.03,2.500,-5.94,50.0,-3.90
3729.00,-479.18,1561.47,8.97,2.500,-5.94,50.0,-3.84
3730.00,-478.79,1563.94,8.91,2.500,-0.94,50.0,-3.72
3731.00,-478.40,1566.41,8.85,2.500,-0.94,50.0,-3.61
3732.00,-478.02,1568.88,8.79,2.500,-0.94,50.0,-3.50
3733.00,-477.63,1571.35,8.73,2.500,-0.94,50.0,-3.39
3734.00,-477.25,1573.82,8.68,2.500,-0.94,50.0,-3.29
3735.00,-476.88,1576.29,8.62,2.500,-0.94,50.0,-3.19
3736.00,-476.50,1578.76,8.57,2.500,-0.94,50.0,-3.10
3737.00,-476.13,1581.23,8.52,2.500,-0.94,50.0,-3.00
3738.00,-475.76,1583.71,8.47,2.500,-0.94,50.0,-2.91
3739.00,-475.39,1586.18,8.43,2.500,-0.94,50.0,-2.83
3740.00,-475.02,1588.65,8.38,2.500,-0.94,50.0,-2.74
3741.00,-474.66,1591.13,8.34,2.500,-0.94,50.0,-2.66
3742.00,-474.30,1593.60,8.29,2.500,-0.94,50.0,-2.59
3743.00,-473.94,1596.07,8.25,2.500,-0.94,50.0,-2.51
3744.00,-473.58,1598.55,8.21,2.500,0.00,50.0,-2.43
3745.00,-473.22,1601.02,8.17,2.500,0.00,50.0,-2.35
3746.00,-472.87,1603.50,8.13,2.500,0.00,50.0,-2.27
3747.00,-472.51,1605.97,8.10,2.500,0.00,50.0,-2.19
3748.00,-472.16,1608.45,8.06,2.500,0.00,50.0,-2.12
3749.00,-471.81,1610.92,8.03,2.500,0.00,50.0,-2.05
3750.00,-471.46,1613.40,7.99,2.500,0.00,50.0,-1.98
3751.00,-471.11,1615.87,7.96,2.500,0.00,50.0,-1.91
3752.00,-470.77,1618.35,7.93,2.500,0.00,50.0,-1.85
3753.00,-470.42,1620.82,7.90,2.500,0.00,50.0,-1.79
3754.00,-470.08,1623.30,7.87,2.500,0.00,50.0,-1.73
3755.00,-469.73,1625.78,7.85,2.500,0.00,50.0,-1.67
3756.00,-469.39,1628.25,7.82,2.500,12.28,50.0,-1.48
3757.00,-469.05,1630.73,7.80,2.500,12.28,50.0,-1.29
3758.00,-468.71,1633.21,7.78,2.500,12.28,50.0,-1.10
3759.00,-468.38,1635.68,7.77,2.500,11.52,50.0,-0.93
3760.00,-468.04,1638.16,7.75,2.500,11.52,50.0,-0.77
3761.00,-467.70,1640.64,7.74,2.500,11.52,50.0,-0.61
3762.00,-467.36,1643.12,7.73,2.500,12.00,50.0,-0.46
3763.00,-467.03,1645.59,7.73,2.500,12.00,50.0,-0.30
3764.00,-466.69,1648.07,7.73,2.500,12.00,50.0,-0.16
3765.00,-466.36,1650.55,7.73,2.500,12.35,50.0,-0.01
3766.00,-466.02,1653.02,7.73,2.500,12.35,50.0,0.13
3767.00,-465.68,1655.50,7.73,2.500,12.35,50.0,0.27
3768.00,-465.35,1657.98,7.74,2.500,12.57,50.0,0.40
3769.00,-465.01,1660.46,7.75,2.500,12.57,50.0,0.53
3770.00,-464.67,1662.93,7.76,2.500,12.57,50.0,0.66
3771.00,-464.33,1665.41,7.77,2.500,12.67,50.0,0.78
3772.00,-464.00,1667.89,7.79,2.500,12.67,50.0,0.90
3773.00,-463.66,1670.36,7.81,2.500,12.67,50.0,1.02
3774.00,-463.32,1672.84,7.82,2.500,12.67,50.0,1.13
3775.00,-462.98,1675.32,7.84,2.500,12.67,50.0,1.23
3776.00,-462.64,1677.79,7.87,2.500,12.67,50.0,1.34
3777.00,-462.29,1680.27,7.89,2.500,12.63,50.0,1.44
3778.00,-461.95,1682.75,7.92,2.500,12.63,50.0,1.53
3779.00,-461.61,1685.22,7.94,2.500,12.63,50.0,1.63
3780.00,-461.26,1687.70,7.97,2.500,12.54,50.0,1.72
3781.00,-460.92,1690.18,8.00,2.500,12.54,50.0,1.80
3782.00,-460.57,1692.65,8.03,2.500,12.54,50.0,1.89
3783.00,-460.22,1695.13,8.07,2.500,12.42,50.0,1.96
3784.00,-459.87,1697.60,8.10,2.500,12.42,50.0,2.04
3785.00,-459.51,1700.08,8.14,2.500,12.42,50.0,2.11
3786.00,-459.16,1702.55,8.17,2.500,12.25,50.0,2.18
3787.00,-458.81,1705.03,8.21,2.500,12.25,50.0,2.25
3788.00,-458.45,1707.50,8.25,2.500,12.25,50.0,2.32
3789.00,-458.09,1709.98,8.29,2.500,12.06,50.0,2.38
3790.00,-457.73,1712.45,8.33,2.500,12.06,50.0,2.44
3791.00,-457.37,1714.92,8.37,2.500,12.06,50.0,2.49
3792.00,-457.00,1717.40,8.41,2.500,11.84,50.0,2.54
3793.00,-456.64,1719.87,8.46,2.500,11.84,50.0,2.59
3794.00,-456.27,1722.34,8.50,2.500,11.84,50.0,2.64
3795.00,-455.90,1724.81,8.54,2.500,11.59,50.0,2.69
3796.00,-455.53,1727.29,8.59,2.500,11.59,50.0,2.73
3797.00,-455.16,1729.76,8.64,2.500,11.59,50.0,2.77
3798.00,-454.78,1732.23,8.68,2.500,11.32,50.0,2.81
3799.00,-454.40,1734.70,8.73,2.500,11.32,50.0,2.85
3800.00,-454.02,1737.17,8.78,2.500,11.32,50.0,2.88
3801.00,-453.64,1739.64,8.83,2.500,11.04,50.0,2.91
3802.00,-453.26,1742.11,8.88,2.500,11.04,50.0,2.94
3803.00,-452.87,1744.58,8.93,2.500,11.04,50.0,2.97
3804.00,-452.48,1747.05,8.97,2.500,10.74,50.0,2.99
3805.00,-452.09,1749.52,9.03,2.500,10.74,50.0,3.01
3806.00,-451.70,1751.99,9.08,2.500,10.74,50.0,3.04
3807.00,-451.31,1754.46,9.13,2.500,10.43,50.0,3.05
3808.00,-450.91,1756.93,9.18,2.500,10.43,50.0,3.07
3809.00,-450.51,1759.40,9.23,2.500,10.43,50.0,3.09
3810.00,-450.11,1761.86,9.28,2.500,10.43,50.0,3.10
3811.00,-449.71,1764.33,9.33,2.500,10.43,50.0,3.12
3812.00,-449.30,1766.80,9.39,2.500,10.43,50.0,3.14
3813.00,-448.90,1769.27,9.44,2.500,10.43,50.0,3.15
3814.00,-448.49,1771.73,9.49,2.500,10.43,50.0,3.16
3815.00,-448.07,1774.20,9.54,2.500,10.43,50.0,3.18
3816.00,-447.66,1776.66,9.60,2.500,10.43,50.0,3.19
3817.00,-447.24,1779.13,9.65,2.500,10.43,50.0,3.20
3818.00,-446.82,1781.59,9.70,2.500,10.43,50.0,3.22
3819.00,-446.40,1784.06,9.76,2.500,10.43,50.0,3.23
3820.00,-445.98,1786.52,9.81,2.500,10.43,50.0,3.24
3821.00,-445.55,1788.98,9.87,2.500,10.43,50.0,3.25
3822.00,-445.12,1791.45,9.92,2.500,10.43,50.0,3.26
3823.00,-444.69,1793.91,9.97,2.500,10.43,50.0,3.27
3824.00,-444.26,1796.37,10.03,2.500,5.43,50.0,3.23
3825.00,-443.82,1798.83,10.08,2.500,5.43,50.0,3.18
3826.00,-443.39,1801.30,10.13,2.500,5.43,50.0,3.14
3827.00,-442.95,1803.76,10.19,2.500,5.43,50.0,3.09
3828.00,-442.51,1806.22,10.24,2.500,5.43,50.0,3.05
3829.00,-442.06,1808.68,10.29,2.500,5.43,50.0,3.01
3830.00,-441.61,1811.14,10.34,2.500,5.43,50.0,2.97
3831.00,-441.17,1813.60,10.38,2.500,5.43,50.0,2.94
3832.00,-440.72,1816.06,10.43,2.500,5.43,50.0,2.90
3833.00,-440.26,1818.51,10.48,2.500,5.43,50.0,2.87
3834.00,-439.81,1820.97,10.53,2.500,5.43,50.0,2.83
3835.00,-439.35,1823.43,10.57,2.500,0.43,50.0,2.74
3836.00,-438.89,1825.89,10.62,2.500,0.43,50.0,2.66
3837.00,-438.43,1828.34,10.66,2.500,0.43,50.0,2.57
3838.00,-437.97,1830.80,10.70,2.500,0.43,50.0,2.49
3839.00,-437.50,1833.26,10.74,2.500,0.43,50.0,2.41
3840.00,-437.04,1835.71,10.78,2.500,0.43,50.0,2.34
3841.00,-436.57,1838.17,10.82,2.500,0.43,50.0,2.27
3842.00,-436.10,1840.63,10.86,2.500,0.43,50.0,2.19
3843.00,-435.63,1843.08,10.89,2.500,0.43,50.0,2.13
3844.00,-435.16,1845.54,10.93,2.500,0.43,50.0,2.06
3845.00,-434.68,1847.99,10.96,2.500,0.43,50.0,2.00
3846.00,-434.21,1850.45,10.99,2.500,0.43,50.0,1.93
3847.00,-433.73,1852.90,11.02,2.500,0.43,50.0,1.88
3848.00,-433.25,1855.35,11.05,2.500,0.00,50.0,1.81
3849.00,-432.78,1857.81,11.08,2.500,5.86,50.0,1.82
3850.00,-432.30,1860.26,11.11,2.500,5.86,50.0,1.83
3851.00,-431.81,1862.71,11.14,2.500,5.86,50.0,1.83
3852.00,-431.33,1865.17,11.17,2.500,6.12,50.0,1.84
3853.00,-430.85,1867.62,11.21,2.500,6.12,50.0,1.85
3854.00,-430.36,1870.07,11.24,2.500,6.12,50.0,1.86
3855.00,-429.87,1872.52,11.27,2.500,5.97,50.0,1.86
3856.00,-429.38,1874.97,11.30,2.500,5.97,50.0,1.87
3857.00,-428.89,1877.43,11.33,2.500,5.97,50.0,1.88
3858.00,-428.40,1879.88,11.36,2.500,5.82,50.0,1.88
3859.00,-427.91,1882.33,11.39,2.500,5.82,50.0,1.88
3860.00,-427.42,1884.78,11.42,2.500,5.82,50.0,1.89
3861.00,-426.92,1887.23,11.46,2.500,5.67,50.0,1.89
3862.00,-426.43,1889.68,11.49,2.500,5.67,50.0,1.89
3863.00,-425.93,1892.13,11.52,2.500,5.67,50.0,1.89
3864.00,-425.43,1894.58,11.55,2.500,5.52,50.0,1.89
3865.00,-424.93,1897.03,11.58,2.500,5.52,50.0,1.89
3866.00,-424.43,1899.48,11.61,2.500,5.52,50.0,1.89
3867.00,-423.92,1901.93,11.64,2.500,5.37,50.0,1.89
3868.00,-423.42,1904.38,11.68,2.500,5.37,50.0,1.89
3869.00,-422.91,1906.82,11.71,2.500,5.37,50.0,1.89
3870.00,-422.40,1909.27,11.74,2.500,5.21,50.0,1.88
3871.00,-421.90,1911.72,11.77,2.500,5.21,50.0,1.88
3872.00,-421.39,1914.17,11.80,2.500,5.21,50.0,1.88
3873.00,-420.87,1916.61,11.83,2.500,5.06,50.0,1.87
3874.00,-420.36,1919.06,11.86,2.500,5.06,50.0,1.87
3875.00,-419.85,1921.51,11.90,2.500,5.06,50.0,1.86
3876.00,-419.33,1923.95,11.93,2.500,4.91,50.0,1.86
3877.00,-418.82,1926.40,11.96,2.500,4.91,50.0,1.85
3878.00,-418.30,1928.85,11.99,2.500,4.91,50.0,1.85
3879.00,-417.78,1931.29,12.02,2.500,4.76,50.0,1.84
3880.00,-417.26,1933.74,12.05,2.500,4.76,50.0,1.83
3881.00,-416.74,1936.18,12.08,2.500,4.76,50.0,1.83
3882.00,-416.21,1938.63,12.11,2.500,4.61,50.0,1.82
3883.00,-415.69,1941.07,12.14,2.500,4.61,50.0,1.81
3884.00,-415.16,1943.51,12.17,2.500,4.61,50.0,1.80
3885.00,-414.64,1945.96,12.20,2.500,4.47,50.0,1.79
3886.00,-414.11,1948.40,12.23,2.500,4.47,50.0,1.78
3887.00,-413.58,1950.85,12.26,2.500,4.47,50.0,1.78
3888.00,-413.05,1953.29,12.29,2.500,4.33,50.0,1.77
3889.00,-412.51,1955.73,12.32,2.500,4.33,50.0,1.76
3890.00,-411.98,1958.17,12.35,2.500,4.33,50.0,1.75
3891.00,-411.45,1960.62,12.38,2.500,4.19,50.0,1.74
3892.00,-410.91,1963.06,12.40,2.500,4.19,50.0,1.73
3893.00,-410.37,1965.50,12.43,2.500,4.19,50.0,1.72
3894.00,-409.84,1967.94,12.46,2.500,4.06,50.0,1.71
3895.00,-409.30,1970.38,12.49,2.500,4.06,50.0,1.70
3896.00,-408.76,1972.82,12.52,2.500,4.06,50.0,1.69
3897.00,-408.21,1975.26,12.55,2.500,3.93,50.0,1.68
3898.00,-407.67,1977.70,12.57,2.500,3.93,50.0,1.66
3899.00,-407.13,1980.14,12.60,2.500,3.93,50.0,1.65
3900.00,-406.58,1982.58,12.63,2.500,3.81,50.0,1.64
3901.00,-406.03,1985.02,12.66,2.500,3.81,50.0,1.63
3902.00,-405.49,1987.46,12.68,2.500,3.81,50.0,1.62
3903.00,-404.94,1989.90,12.71,2.500,3.69,50.0,1.61
3904.00,-404.39,1992.34,12.74,2.500,3.69,50.0,1.60
3905.00,-403.84,1994.78,12.76,2.500,3.69,50.0,1.59
3906.00,-403.28,1997.22,12.79,2.500,3.58,50.0,1.57
3907.00,-402.73,1999.65,12.82,2.500,3.58,50.0,1.56
3908.00,-402.18,2002.09,12.84,2.500,3.58,50.0,1.55
3909.00,-401.62,2004.53,12.87,2.500,3.47,50.0,1.54
3910.00,-401.06,2006.97,12.89,2.500,3.47,50.0,1.53
3911.00,-400.51,2009.40,12.92,2.500,3.47,50.0,1.52
3912.00,-399.95,2011.84,12.94,2.500,3.36,50.0,1.50
3913.00,-399.39,2014.28,12.97,2.500,3.36,50.0,1.49
3914.00,-398.83,2016.71,12.99,2.500,3.36,50.0,1.48
3915.00,-398.26,2019.15,13.02,2.500,3.26,50.0,1.47
3916.00,-397.70,2021.58,13.04,2.500,3.26,50.0,1.46
3917.00,-397.14,2024.02,13.07,2.500,3.26,50.0,1.45
3918.00,-396.57,2026.46,13.09,2.500,3.17,50.0,1.43
3919.00,-396.01,2028.89,13.11,2.500,3.17,50.0,1.42
3920.00,-395.44,2031.33,13.14,2.500,3.17,50.0,1.41
3921.00,-394.87,2033.76,13.16,2.500,3.08,50.0,1.40
3922.00,-394.30,2036.19,13.18,2.500,3.08,50.0,1.39
3923.00,-393.73,2038.63,13.21,2.500,3.08,50.0,1.38
3924.00,-393.16,2041.06,13.23,2.500,3.00,50.0,1.37
3925.00,-392.59,2043.50,13.25,2.500,3.00,50.0,1.35
3926.00,-392.01,2045.93,13.27,2.500,3.00,50.0,1.34
3927.00,-391.44,2048.36,13.30,2.500,2.92,50.0,1.33
3928.00,-390.87,2050.80,13.32,2.500,2.92,50.0,1.32
3929.00,-390.29,2053.23,13.34,2.500,2.92,50.0,1.31
3930.00,-389.71,2055.66,13.36,2.500,2.84,50.0,1.30
3931.00,-389.14,2058.09,13.38,2.500,2.84,50.0,1.29
3932.00,-388.56,2060.53,13.40,2.500,2.84,50.0,1.28
3933.00,-387.98,2062.96,13.42,2.500,2.77,50.0,1.27
3934.00,-387.40,2065.39,13.45,2.500,2.77,50.0,1.26
3935.00,-386.82,2067.82,13.47,2.500,2.77,50.0,1.25
3936.00,-386.23,2070.25,13.49,2.500,2.70,50.0,1.24
3937.00,-385.65,2072.68,13.51,2.500,2.70,50.0,1.22
3938.00,-385.07,2075.11,13.53,2.500,2.70,50.0,1.21
3939.00,-384.48,2077.54,13.55,2.500,2.64,50.0,1.20
3940.00,-383.90,2079.97,13.57,2.500,2.64,50.0,1.19
3941.00,-383.31,2082.40,13.59,2.500,2.64,50.0,1.19
3942.00,-382.72,2084.83,13.61,2.500,2.64,50.0,1.18
3943.00,-382.13,2087.26,13.63,2.500,2.64,50.0,1.17
3944.00,-381.55,2089.69,13.65,2.500,2.64,50.0,1.16
3945.00,-380.96,2092.12,13.67,2.500,2.64,50.0,1.15
3946.00,-380.36,2094.55,13.68,2.500,2.64,50.0,1.14
3947.00,-379.77,2096.98,13.70,2.500,2.64,50.0,1.13
3948.00,-379.18,2099.41,13.72,2.500,2.64,50.0,1.13
3949.00,-378.59,2101.84,13.74,2.500,2.64,50.0,1.12
3950.00,-377.99,2104.27,13.76,2.500,2.64,50.0,1.11
3951.00,-377.40,2106.70,13.78,2.500,2.64,50.0,1.10
3952.00,-376.80,2109.12,13.80,2.500,2.64,50.0,1.10
3953.00,-376.21,2111.55,13.81,2.500,2.64,50.0,1.09
3954.00,-375.61,2113.98,13.83,2.500,2.64,50.0,1.09
3955.00,-375.01,2116.41,13.85,2.500,0.00,50.0,1.05
3956.00,-374.42,2118.83,13.87,2.500,0.00,50.0,1.01
3957.00,-373.82,2121.26,13.88,2.500,0.00,50.0,0.98
3958.00,-373.22,2123.69,13.90,2.500,0.00,50.0,0.95
3959.00,-372.62,2126.12,13.91,2.500,0.00,50.0,0.92
3960.00,-372.01,2128.54,13.93,2.500,0.00,50.0,0.89
3961.00,-371.41,2130.97,13.94,2.500,0.00,50.0,0.86
3962.00,-370.81,2133.40,13.96,2.500,0.00,50.0,0.83
3963.00,-370.21,2135.82,13.97,2.500,0.00,50.0,0.80
3964.00,-369.60,2138.25,13.98,2.500,0.00,50.0,0.77
3965.00,-369.00,2140.67,14.00,2.500,0.00,50.0,0.75
3966.00,-368.40,2143.10,14.01,2.500,0.00,50.0,0.72
3967.00,-367.79,2145.52,14.02,2.500,0.00,50.0,0.70
3968.00,-367.18,2147.95,14.03,2.500,0.00,50.0,0.68
3969.00,-366.58,2150.38,14.04,2.500,0.00,50.0,0.65
3970.00,-365.97,2152.80,14.05,2.500,0.00,50.0,0.63
3971.00,-365.36,2155.23,14.06,2.500,0.00,50.0,0.61
3972.00,-364.76,2157.65,14.07,2.500,0.00,50.0,0.59
3973.00,-364.15,2160.08,14.08,2.500,0.00,50.0,0.57
3974.00,-363.54,2162.50,14.09,2.500,0.00,50.0,0.55
3975.00,-362.93,2164.93,14.10,2.500,0.00,50.0,0.53
3976.00,-362.32,2167.35,14.11,2.500,0.00,50.0,0.51
3977.00,-361.71,2169.78,14.12,2.500,0.00,50.0,0.50
3978.00,-361.10,2172.20,14.12,2.500,0.00,50.0,0.48
3979.00,-360.49,2174.62,14.13,2.500,0.00,50.0,0.47
3980.00,-359.88,2177.05,14.14,2.500,0.00,50.0,0.45
3981.00,-359.27,2179.47,14.15,2.500,0.00,50.0,0.43
3982.00,-358.66,2181.90,14.15,2.500,0.00,50.0,0.42
3983.00,-358.05,2184.32,14.16,2.500,0.00,50.0,0.41
3984.00,-357.44,2186.75,14.17,2.500,0.00,50.0,0.39
3985.00,-356.83,2189.17,14.17,2.500,0.00,50.0,0.38
3986.00,-356.22,2191.59,14.18,2.500,0.00,50.0,0.37
3987.00,-355.60,2194.02,14.19,2.500,0.00,50.0,0.35
3988.00,-354.99,2196.44,14.19,2.500,0.00,50.0,0.34
3989.00,-354.38,2198.86,14.20,2.500,0.00,50.0,0.33
3990.00,-353.76,2201.29,14.20,2.500,0.00,50.0,0.32
3991.00,-353.15,2203.71,14.21,2.500,0.00,50.0,0.31
3992.00,-352.54,2206.14,14.21,2.500,0.00,50.0,0.30
3993.00,-351.92,2208.56,14.22,2.500,2.60,50.0,0.32
3994.00,-351.31,2210.98,14.22,2.500,2.60,50.0,0.34
3995.00,-350.70,2213.41,14.23,2.500,2.60,50.0,0.36
3996.00,-350.08,2215.83,14.24,2.500,2.68,50.0,0.38
3997.00,-349.47,2218.25,14.24,2.500,2.68,50.0,0.39
3998.00,-348.85,2220.68,14.25,2.500,2.68,50.0,0.41
3999.00,-348.24,2223.10,14.26,2.500,2.74,50.0,0.43
4000.00,-347.62,2225.52,14.26,2.500,2.74,50.0,0.45
4001.00,-347.00,2227.94,14.27,2.500,2.74,50.0,0.46
4002.00,-346.39,2230.37,14.28,2.500,2.80,50.0,0.48
4003.00,-345.77,2232.79,14.29,2.500,2.80,50.0,0.49
4004.00,-345.15,2235.21,14.30,2.500,2.80,50.0,0.51
4005.00,-344.54,2237.64,14.30,2.500,2.84,50.0,0.53
4006.00,-343.92,2240.06,14.31,2.500,2.84,50.0,0.54
4007.00,-343.30,2242.48,14.32,2.500,2.84,50.0,0.56
4008.00,-342.68,2244.90,14.33,2.500,2.88,50.0,0.57
4009.00,-342.06,2247.32,14.34,2.500,2.88,50.0,0.58
4010.00,-341.44,2249.75,14.35,2.500,2.88,50.0,0.60
4011.00,-340.83,2252.17,14.36,2.500,2.91,50.0,0.61
4012.00,-340.21,2254.59,14.37,2.500,2.91,50.0,0.62
4013.00,-339.58,2257.01,14.38,2.500,2.91,50.0,0.64
4014.00,-338.96,2259.43,14.39,2.500,2.93,50.0,0.65
4015.00,-338.34,2261.86,14.40,2.500,2.93,50.0,0.66
4016.00,-337.72,2264.28,14.42,2.500,2.93,50.0,0.67
4017.00,-337.10,2266.70,14.43,2.500,2.95,50.0,0.68
4018.00,-336.47,2269.12,14.44,2.500,2.95,50.0,0.69
4019.00,-335.85,2271.54,14.45,2.500,2.95,50.0,0.70
4020.00,-335.23,2273.96,14.46,2.500,2.97,50.0,0.71
4021.00,-334.60,2276.38,14.47,2.500,2.97,50.0,0.72
4022.00,-333.98,2278.80,14.49,2.500,2.97,50.0,0.73
4023.00,-333.35,2281.22,14.50,2.500,2.98,50.0,0.74
4024.00,-332.73,2283.64,14.51,2.500,2.98,50.0,0.75
4025.00,-332.10,2286.06,14.52,2.500,2.98,50.0,0.76
4026.00,-331.47,2288.48,14.54,2.500,2.98,50.0,0.77
4027.00,-330.85,2290.90,14.55,2.500,2.98,50.0,0.78
4028.00,-330.22,2293.32,14.56,2.500,2.98,50.0,0.79
4029.00,-329.59,2295.74,14.58,2.500,2.98,50.0,0.80
4030.00,-328.96,2298.16,14.59,2.500,2.98,50.0,0.80
4031.00,-328.33,2300.58,14.60,2.500,2.98,50.0,0.81
4032.00,-327.70,2303.00,14.62,2.500,2.98,50.0,0.82
4033.00,-327.07,2305.42,14.63,2.500,2.98,50.0,0.82
4034.00,-326.44,2307.84,14.64,2.500,2.98,50.0,0.83
4035.00,-325.81,2310.26,14.66,2.500,2.97,50.0,0.84
4036.00,-325.17,2312.68,14.67,2.500,2.97,50.0,0.84
4037.00,-324.54,2315.10,14.69,2.500,2.97,50.0,0.85
4038.00,-323.91,2317.51,14.70,2.500,2.96,50.0,0.85
4039.00,-323.27,2319.93,14.72,2.500,2.96,50.0,0.86
4040.00,-322.64,2322.35,14.73,2.500,2.96,50.0,0.86
4041.00,-322.00,2324.77,14.74,2.500,2.95,50.0,0.87
4042.00,-321.36,2327.19,14.76,2.500,2.95,50.0,0.87
4043.00,-320.73,2329.60,14.77,2.500,2.95,50.0,0.88
4044.00,-320.09,2332.02,14.79,2.500,2.94,50.0,0.88
4045.00,-319.45,2334.44,14.80,2.500,2.94,50.0,0.89
4046.00,-318.81,2336.85,14.82,2.500,2.94,50.0,0.89
4047.00,-318.17,2339.27,14.83,2.500,2.92,50.0,0.90
4048.00,-317.53,2341.69,14.85,2.500,2.92,50.0,0.90
4049.00,-316.89,2344.10,14.86,2.500,2.92,50.0,0.90
4050.00,-316.25,2346.52,14.88,2.500,2.90,50.0,0.91
4051.00,-315.61,2348.94,14.89,2.500,2.90,50.0,0.91
4052.00,-314.97,2351.35,14.91,2.500,2.90,50.0,0.91
4053.00,-314.32,2353.77,14.92,2.500,2.89,50.0,0.91
4054.00,-313.68,2356.18,14.94,2.500,2.89,50.0,0.92
4055.00,-313.04,2358.60,14.95,2.500,2.89,50.0,0.92
4056.00,-312.39,2361.02,14.97,2.500,2.86,50.0,0.92
4057.00,-311.75,2363.43,14.98,2.500,2.86,50.0,0.92
4058.00,-311.10,2365.85,15.00,2.500,2.86,50.0,0.92
4059.00,-310.45,2368.26,15.02,2.500,2.84,50.0,0.93
4060.00,-309.80,2370.67,15.03,2.500,2.84,50.0,0.93
4061.00,-309.16,2373.09,15.05,2.500,2.84,50.0,0.93
4062.00,-308.51,2375.50,15.06,2.500,2.82,50.0,0.93
4063.00,-307.86,2377.92,15.08,2.500,2.82,50.0,0.93
4064.00,-307.21,2380.33,15.09,2.500,2.82,50.0,0.93
4065.00,-306.56,2382.75,15.11,2.500,2.80,50.0,0.93
4066.00,-305.90,2385.16,15.12,2.500,2.80,50.0,0.94
4067.00,-305.25,2387.57,15.14,2.500,2.80,50.0,0.94
4068.00,-304.60,2389.99,15.16,2.500,2.77,50.0,0.94
4069.00,-303.95,2392.40,15.17,2.500,2.77,50.0,0.94
4070.00,-303.29,2394.81,15.19,2.500,2.77,50.0,0.94
4071.00,-302.64,2397.22,15.20,2.500,2.75,50.0,0.94
4072.00,-301.98,2399.64,15.22,2.500,2.75,50.0,0.94
4073.00,-301.32,2402.05,15.23,2.500,2.75,50.0,0.94
4074.00,-300.67,2404.46,15.25,2.500,2.72,50.0,0.94
4075.00,-300.01,2406.87,15.26,2.500,2.72,50.0,0.94
4076.00,-299.35,2409.29,15.28,2.500,2.72,50.0,0.94
4077.00,-298.69,2411.70,15.30,2.500,2.70,50.0,0.94
4078.00,-298.03,2414.11,15.31,2.500,2.70,50.0,0.94
4079.00,-297.37,2416.52,15.33,2.500,2.70,50.0,0.94
4080.00,-296.71,2418.93,15.34,2.500,2.67,50.0,0.94
4081.00,-296.05,2421.34,15.36,2.500,2.67,50.0,0.93
4082.00,-295.39,2423.75,15.37,2.500,2.67,50.0,0.93
4083.00,-294.73,2426.16,15.39,2.500,2.65,50.0,0.93
4084.00,-294.06,2428.57,15.41,2.500,2.65,50.0,0.93
4085.00,-293.40,2430.98,15.42,2.500,2.65,50.0,0.93
4086.00,-292.73,2433.39,15.44,2.500,2.62,50.0,0.93
4087.00,-292.07,2435.80,15.45,2.500,2.62,50.0,0.93
4088.00,-291.40,2438.21,15.47,2.500,2.62,50.0,0.93
4089.00,-290.74,2440.62,15.48,2.500,2.60,50.0,0.93
4090.00,-290.07,2443.03,15.50,2.500,2.60,50.0,0.93
4091.00,-289.40,2445.44,15.51,2.500,2.60,50.0,0.92
4092.00,-288.73,2447.85,15.53,2.500,2.57,50.0,0.92
4093.00,-288.06,2450.26,15.54,2.500,2.57,50.0,0.92
4094.00,-287.39,2452.67,15.56,2.500,2.57,50.0,0.92
4095.00,-286.72,2455.08,15.57,2.500,2.55,50.0,0.92
4096.00,-286.05,2457.48,15.59,2.500,2.55,50.0,0.92
4097.00,-285.38,2459.89,15.61,2.500,2.55,50.0,0.92
4098.00,-284.71,2462.30,15.62,2.500,2.53,50.0,0.91
4099.00,-284.03,2464.71,15.64,2.500,2.53,50.0,0.91
4100.00,-283.36,2467.11,15.65,2.500,2.53,50.0,0.91
4101.00,-282.68,2469.52,15.67,2.500,2.50,50.0,0.91
4102.00,-282.01,2471.93,15.68,2.500,2.50,50.0,0.91
4103.00,-281.33,2474.34,15.70,2.500,2.50,50.0,0.91
4104.00,-280.66,2476.74,15.71,2.500,2.48,50.0,0.90
4105.00,-279.98,2479.15,15.73,2.500,2.48,50.0,0.90
4106.00,-279.30,2481.56,15.74,2.500,2.48,50.0,0.90
4107.00,-278.62,2483.96,15.76,2.500,2.46,50.0,0.90
4108.00,-277.95,2486.37,15.77,2.500,2.46,50.0,0.90
4109.00,-277.27,2488.77,15.79,2.500,2.46,50.0,0.90
4110.00,-276.59,2491.18,15.80,2.500,2.44,50.0,0.89
4111.00,-275.90,2493.58,15.82,2.500,2.44,50.0,0.89
4112.00,-275.22,2495.99,15.83,2.500,2.44,50.0,0.89
4113.00,-274.54,2498.40,15.85,2.500,2.42,50.0,0.89
4114.00,-273.86,2500.80,15.86,2.500,2.42,50.0,0.89
4115.00,-273.18,2503.21,15.88,2.500,2.42,50.0,0.88
4116.00,-272.49,2505.61,15.89,2.500,2.40,50.0,0.88
4117.00,-271.81,2508.01,15.90,2.500,2.40,50.0,0.88
4118.00,-271.12,2510.42,15.92,2.500,2.40,50.0,0.88
4119.00,-270.44,2512.82,15.93,2.500,2.40,50.0,0.88
4120.00,-269.75,2515.23,15.95,2.500,2.40,50.0,0.87
4121.00,-269.06,2517.63,15.96,2.500,2.40,50.0,0.87
4122.00,-268.38,2520.03,15.98,2.500,2.40,50.0,0.87
4123.00,-267.69,2522.44,15.99,2.500,2.40,50.0,0.87
4124.00,-267.00,2524.84,16.01,2.500,2.40,50.0,0.87
4125.00,-266.31,2527.24,16.02,2.500,2.40,50.0,0.87
4126.00,-265.62,2529.65,16.04,2.500,2.40,50.0,0.86
4127.00,-264.93,2532.05,16.05,2.500,2.40,50.0,0.86
4128.00,-264.24,2534.45,16.06,2.500,2.40,50.0,0.86
4129.00,-263.55,2536.85,16.08,2.500,2.40,50.0,0.86
4130.00,-262.85,2539.26,16.09,2.500,2.40,50.0,0.86
4131.00,-262.16,2541.66,16.11,2.500,2.40,50.0,0.86
4132.00,-261.47,2544.06,16.12,2.500,2.40,50.0,0.86
4133.00,-260.77,2546.46,16.14,2.500,2.40,50.0,0.86
4134.00,-260.08,2548.86,16.15,2.500,0.00,50.0,0.83
4135.00,-259.38,2551.26,16.16,2.500,0.00,50.0,0.80
4136.00,-258.69,2553.67,16.18,2.500,0.00,50.0,0.77
4137.00,-257.99,2556.07,16.19,2.500,0.00,50.0,0.75
4138.00,-257.29,2558.47,16.20,2.500,0.00,50.0,0.72
4139.00,-256.60,2560.87,16.21,2.500,0.00,50.0,0.70
4140.00,-255.90,2563.27,16.22,2.500,0.00,50.0,0.68
4141.00,-255.20,2565.67,16.23,2.500,0.00,50.0,0.65
4142.00,-254.50,2568.07,16.24,2.500,0.00,50.0,0.63
4143.00,-253.80,2570.47,16.25,2.500,0.00,50.0,0.61
4144.00,-253.10,2572.87,16.26,2.500,0.00,50.0,0.59
4145.00,-252.40,2575.27,16.27,2.500,0.00,50.0,0.57
4146.00,-251.70,2577.67,16.28,2.500,0.00,50.0,0.55
4147.00,-251.00,2580.07,16.29,2.500,0.00,50.0,0.53
4148.00,-250.30,2582.47,16.30,2.500,0.00,50.0,0.51
4149.00,-249.60,2584.87,16.31,2.500,0.00,50.0,0.50
4150.00,-248.89,2587.27,16.32,2.500,0.00,50.0,0.48
4151.00,-248.19,2589.67,16.32,2.500,0.00,50.0,0.46
4152.00,-247.49,2592.07,16.33,2.500,0.00,50.0,0.45
4153.00,-246.79,2594.47,16.34,2.500,0.00,50.0,0.43
4154.00,-246.08,2596.87,16.35,2.500,0.00,50.0,0.42
4155.00,-245.38,2599.26,16.35,2.500,0.00,50.0,0.41
4156.00,-244.68,2601.66,16.36,2.500,0.00,50.0,0.39
4157.00,-243.97,2604.06,16.37,2.500,0.00,50.0,0.38
4158.00,-243.27,2606.46,16.37,2.500,0.00,50.0,0.37
4159.00,-242.56,2608.86,16.38,2.500,0.00,50.0,0.35
4160.00,-241.86,2611.26,16.38,2.500,0.00,50.0,0.34
4161.00,-241.15,2613.66,16.39,2.500,2.44,50.0,0.36
4162.00,-240.45,2616.05,16.40,2.500,2.44,50.0,0.38
4163.00,-239.74,2618.45,16.40,2.500,2.44,50.0,0.39
4164.00,-239.03,2620.85,16.41,2.500,2.50,50.0,0.41
4165.00,-238.33,2623.25,16.42,2.500,2.50,50.0,0.42
4166.00,-237.62,2625.65,16.42,2.500,2.50,50.0,0.44
4167.00,-236.92,2628.05,16.43,2.500,2.55,50.0,0.45
4168.00,-236.21,2630.44,16.44,2.500,2.55,50.0,0.46
4169.00,-235.50,2632.84,16.45,2.500,2.55,50.0,0.48
4170.00,-234.79,2635.24,16.46,2.500,2.59,50.0,0.49
4171.00,-234.08,2637.64,16.46,2.500,2.59,50.0,0.50
4172.00,-233.38,2640.03,16.47,2.500,2.59,50.0,0.52
4173.00,-232.67,2642.43,16.48,2.500,2.62,50.0,0.53
4174.00,-231.96,2644.83,16.49,2.500,2.62,50.0,0.54
4175.00,-231.25,2647.23,16.50,2.500,2.62,50.0,0.55
4176.00,-230.54,2649.62,16.51,2.500,2.65,50.0,0.57
4177.00,-229.83,2652.02,16.52,2.500,2.65,50.0,0.58
4178.00,-229.12,2654.42,16.53,2.500,2.65,50.0,0.59
4179.00,-228.41,2656.81,16.54,2.500,2.68,50.0,0.60
4180.00,-227.69,2659.21,16.55,2.500,2.68,50.0,0.61
4181.00,-226.98,2661.61,16.56,2.500,2.68,50.0,0.62
4182.00,-226.27,2664.00,16.57,2.500,2.70,50.0,0.63
4183.00,-225.56,2666.40,16.58,2.500,2.70,50.0,0.64
4184.00,-224.84,2668.79,16.59,2.500,2.70,50.0,0.65
4185.00,-224.13,2671.19,16.60,2.500,2.71,50.0,0.66
4186.00,-223.42,2673.59,16.61,2.500,2.71,50.0,0.67
4187.00,-222.70,2675.98,16.62,2.500,2.71,50.0,0.68
4188.00,-221.99,2678.38,16.64,2.500,2.72,50.0,0.69
4189.00,-221.27,2680.77,16.65,2.500,2.72,50.0,0.69
4190.00,-220.55,2683.17,16.66,2.500,2.72,50.0,0.70
4191.00,-219.84,2685.56,16.67,2.500,2.73,50.0,0.71
4192.00,-219.12,2687.96,16.68,2.500,2.73,50.0,0.72
4193.00,-218.40,2690.35,16.69,2.500,2.73,50.0,0.72
4194.00,-217.68,2692.75,16.71,2.500,2.73,50.0,0.73
4195.00,-216.97,2695.14,16.72,2.500,2.73,50.0,0.74
4196.00,-216.25,2697.54,16.73,2.500,2.73,50.0,0.74
4197.00,-215.53,2699.93,16.74,2.500,2.73,50.0,0.75
4198.00,-214.81,2702.32,16.76,2.500,2.73,50.0,0.76
4199.00,-214.09,2704.72,16.77,2.500,2.73,50.0,0.76
4200.00,-213.36,2707.11,16.78,2.500,2.72,50.0,0.77
4201.00,-212.64,2709.51,16.80,2.500,2.72,50.0,0.77
4202.00,-211.92,2711.90,16.81,2.500,2.72,50.0,0.78
4203.00,-211.20,2714.29,16.82,2.500,2.72,50.0,0.78
4204.00,-210.47,2716.69,16.83,2.500,2.72,50.0,0.79
4205.00,-209.75,2719.08,16.85,2.500,2.72,50.0,0.79
4206.00,-209.02,2721.47,16.86,2.500,2.71,50.0,0.80
4207.00,-208.30,2723.86,16.87,2.500,2.71,50.0,0.80
4208.00,-207.57,2726.26,16.89,2.500,2.71,50.0,0.81
4209.00,-206.85,2728.65,16.90,2.500,2.70,50.0,0.81
4210.00,-206.12,2731.04,16.91,2.500,2.70,50.0,0.82
4211.00,-205.39,2733.43,16.93,2.500,2.70,50.0,0.82
4212.00,-204.67,2735.82,16.94,2.500,2.69,50.0,0.82
4213.00,-203.94,2738.21,16.96,2.500,2.69,50.0,0.83
4214.00,-203.21,2740.61,16.97,2.500,2.69,50.0,0.83
4215.00,-202.48,2743.00,16.98,2.500,2.67,50.0,0.83
4216.00,-201.75,2745.39,17.00,2.500,2.67,50.0,0.83
4217.00,-201.02,2747.78,17.01,2.500,2.67,50.0,0.84
4218.00,-200.29,2750.17,17.03,2.500,2.66,50.0,0.84
4219.00,-199.55,2752.56,17.04,2.500,2.66,50.0,0.84
4220.00,-198.82,2754.95,17.05,2.500,2.66,50.0,0.84
4221.00,-198.09,2757.34,17.07,2.500,2.64,50.0,0.85
4222.00,-197.35,2759.73,17.08,2.500,2.64,50.0,0.85
4223.00,-196.62,2762.12,17.10,2.500,2.64,50.0,0.85
4224.00,-195.89,2764.51,17.11,2.500,2.62,50.0,0.85
4225.00,-195.15,2766.90,17.12,2.500,2.62,50.0,0.85
4226.00,-194.41,2769.29,17.14,2.500,2.62,50.0,0.85
4227.00,-193.68,2771.68,17.15,2.500,2.60,50.0,0.86
4228.00,-192.94,2774.07,17.17,2.500,2.60,50.0,0.86
4229.00,-192.20,2776.45,17.18,2.500,2.60,50.0,0.86
4230.00,-191.46,2778.84,17.20,2.500,2.58,50.0,0.86
4231.00,-190.72,2781.23,17.21,2.500,2.58,50.0,0.86
4232.00,-189.98,2783.62,17.22,2.500,2.58,50.0,0.86
4233.00,-189.24,2786.01,17.24,2.500,2.56,50.0,0.86
4234.00,-188.50,2788.39,17.25,2.500,2.56,50.0,0.86
4235.00,-187.76,2790.78,17.27,2.500,2.56,50.0,0.86
4236.00,-187.02,2793.17,17.28,2.500,2.54,50.0,0.86
4237.00,-186.28,2795.56,17.30,2.500,2.54,50.0,0.86
4238.00,-185.53,2797.94,17.31,2.500,2.54,50.0,0.86
4239.00,-184.79,2800.33,17.32,2.500,2.52,50.0,0.86
4240.00,-184.05,2802.72,17.34,2.500,2.52,50.0,0.86
4241.00,-183.30,2805.10,17.35,2.500,2.52,50.0,0.86
4242.00,-182.55,2807.49,17.37,2.500,2.50,50.0,0.86
4243.00,-181.81,2809.88,17.38,2.500,2.50,50.0,0.86
4244.00,-181.06,2812.26,17.40,2.500,2.50,50.0,0.86
4245.00,-180.31,2814.65,17.41,2.500,2.47,50.0,0.86
4246.00,-179.57,2817.03,17.43,2.500,2.47,50.0,0.86
4247.00,-178.82,2819.42,17.44,2.500,2.47,50.0,0.86
4248.00,-178.07,2821.80,17.45,2.500,2.45,50.0,0.86
4249.00,-177.32,2824.19,17.47,2.500,2.45,50.0,0.86
4250.00,-176.57,2826.57,17.48,2.500,2.45,50.0,0.86
4251.00,-175.82,2828.96,17.50,2.500,2.43,50.0,0.86
4252.00,-175.07,2831.34,17.51,2.500,2.43,50.0,0.86
4253.00,-174.31,2833.73,17.53,2.500,2.43,50.0,0.86
4254.00,-173.56,2836.11,17.54,2.500,2.41,50.0,0.86
4255.00,-172.81,2838.49,17.55,2.500,2.41,50.0,0.85
4256.00,-172.05,2840.88,17.57,2.500,2.41,50.0,0.85
4257.00,-171.30,2843.26,17.58,2.500,2.39,50.0,0.85
4258.00,-170.54,2845.64,17.60,2.500,2.39,50.0,0.85
4259.00,-169.79,2848.03,17.61,2.500,2.39,50.0,0.85
4260.00,-169.03,2850.41,17.63,2.500,2.37,50.0,0.85
4261.00,-168.27,2852.79,17.64,2.500,2.37,50.0,0.85
4262.00,-167.52,2855.17,17.65,2.500,2.37,50.0,0.85
4263.00,-166.76,2857.56,17.67,2.500,2.35,50.0,0.85
4264.00,-166.00,2859.94,17.68,2.500,2.35,50.0,0.84
4265.00,-165.24,2862.32,17.70,2.500,2.35,50.0,0.84
4266.00,-164.48,2864.70,17.71,2.500,2.33,50.0,0.84
4267.00,-163.72,2867.08,17.72,2.500,2.33,50.0,0.84
4268.00,-162.96,2869.47,17.74,2.500,2.33,50.0,0.84
4269.00,-162.20,2871.85,17.75,2.500,2.31,50.0,0.84
4270.00,-161.43,2874.23,17.77,2.500,2.31,50.0,0.84
4271.00,-160.67,2876.61,17.78,2.500,2.31,50.0,0.83
4272.00,-159.91,2878.99,17.79,2.500,2.29,50.0,0.83
4273.00,-159.14,2881.37,17.81,2.500,2.29,50.0,0.83
4274.00,-158.38,2883.75,17.82,2.500,2.29,50.0,0.83
4275.00,-157.61,2886.13,17.83,2.500,2.27,50.0,0.83
4276.00,-156.85,2888.51,17.85,2.500,2.27,50.0,0.83
4277.00,-156.08,2890.89,17.86,2.500,2.27,50.0,0.82
4278.00,-155.32,2893.27,17.88,2.500,2.25,50.0,0.82
4279.00,-154.55,2895.65,17.89,2.500,2.25,50.0,0.82
4280.00,-153.78,2898.03,17.90,2.500,2.25,50.0,0.82
4281.00,-153.01,2900.41,17.92,2.500,2.24,50.0,0.82
4282.00,-152.24,2902.78,17.93,2.500,2.24,50.0,0.82
4283.00,-151.47,2905.16,17.94,2.500,2.24,50.0,0.81
4284.00,-150.70,2907.54,17.96,2.500,2.22,50.0,0.81
4285.00,-149.93,2909.92,17.97,2.500,2.22,50.0,0.81
4286.00,-149.16,2912.30,17.98,2.500,2.22,50.0,0.81
4287.00,-148.39,2914.68,18.00,2.500,2.20,50.0,0.81
4288.00,-147.62,2917.05,18.01,2.500,2.20,50.0,0.81
4289.00,-146.84,2919.43,18.02,2.500,2.20,50.0,0.80
4290.00,-146.07,2921.81,18.04,2.500,2.19,50.0,0.80
4291.00,-145.30,2924.19,18.05,2.500,2.19,50.0,0.80
4292.00,-144.52,2926.56,18.06,2.500,2.19,50.0,0.80
4293.00,-143.75,2928.94,18.08,2.500,2.17,50.0,0.80
4294.00,-142.97,2931.32,18.09,2.500,2.17,50.0,0.79
4295.00,-142.19,2933.69,18.10,2.500,2.17,50.0,0.79
4296.00,-141.42,2936.07,18.12,2.500,2.16,50.0,0.79
4297.00,-140.64,2938.44,18.13,2.500,2.16,50.0,0.79
4298.00,-139.86,2940.82,18.14,2.500,2.16,50.0,0.79
4299.00,-139.08,2943.20,18.16,2.500,2.14,50.0,0.79
4300.00,-138.30,2945.57,18.17,2.500,2.14,50.0,0.78
4301.00,-137.52,2947.95,18.18,2.500,2.14,50.0,0.78
4302.00,-136.74,2950.32,18.20,2.500,2.13,50.0,0.78
4303.00,-135.96,2952.70,18.21,2.500,2.13,50.0,0.78
4304.00,-135.18,2955.07,18.22,2.500,2.13,50.0,0.78
4305.00,-134.40,2957.45,18.24,2.500,2.12,50.0,0.78
4306.00,-133.62,2959.82,18.25,2.500,2.12,50.0,0.77
4307.00,-132.84,2962.20,18.26,2.500,2.12,50.0,0.77
4308.00,-132.05,2964.57,18.27,2.500,2.11,50.0,0.77
4309.00,-131.27,2966.94,18.29,2.500,2.11,50.0,0.77
4310.00,-130.48,2969.32,18.30,2.500,2.11,50.0,0.77
4311.00,-129.70,2971.69,18.31,2.500,2.10,50.0,0.77
4312.00,-128.91,2974.06,18.33,2.500,2.10,50.0,0.76
4313.00,-128.13,2976.44,18.34,2.500,2.10,50.0,0.76
4314.00,-127.34,2978.81,18.35,2.500,2.09,50.0,0.76
4315.00,-126.55,2981.18,18.36,2.500,2.09,50.0,0.76
4316.00,-125.77,2983.56,18.38,2.500,2.09,50.0,0.76
4317.00,-124.98,2985.93,18.39,2.500,2.08,50.0,0.76
4318.00,-124.19,2988.30,18.40,2.500,2.08,50.0,0.76
4319.00,-123.40,2990.67,18.41,2.500,2.08,50.0,0.75
4320.00,-122.61,2993.04,18.43,2.500,2.07,50.0,0.75
4321.00,-121.82,2995.42,18.44,2.500,2.07,50.0,0.75
4322.00,-121.03,2997.79,18.45,2.500,2.07,50.0,0.75
4323.00,-120.24,3000.16,18.46,2.500,2.06,50.0,0.75
4324.00,-119.45,3002.53,18.48,2.500,2.06,50.0,0.75
4325.00,-118.65,3004.90,18.49,2.500,2.06,50.0,0.75
4326.00,-117.86,3007.27,18.50,2.500,2.05,50.0,0.74
4327.00,-117.07,3009.64,18.51,2.500,2.05,50.0,0.74
4328.00,-116.27,3012.01,18.53,2.500,2.05,50.0,0.74
4329.00,-115.48,3014.38,18.54,2.500,2.04,50.0,0.74
4330.00,-114.69,3016.76,18.55,2.500,2.04,50.0,0.74
4331.00,-113.89,3019.13,18.56,2.500,2.04,50.0,0.74
4332.00,-113.09,3021.50,18.57,2.500,2.03,50.0,0.74
4333.00,-112.30,3023.87,18.59,2.500,2.03,50.0,0.73
4334.00,-111.50,3026.23,18.60,2.500,2.03,50.0,0.73
4335.00,-110.70,3028.60,18.61,2.500,2.03,50.0,0.73
4336.00,-109.91,3030.97,18.62,2.500,2.03,50.0,0.73
4337.00,-109.11,3033.34,18.64,2.500,2.03,50.0,0.73
4338.00,-108.31,3035.71,18.65,2.500,2.02,50.0,0.73
4339.00,-107.51,3038.08,18.66,2.500,2.02,50.0,0.73
4340.00,-106.71,3040.45,18.67,2.500,2.02,50.0,0.73
4341.00,-105.91,3042.82,18.68,2.500,2.01,50.0,0.72
4342.00,-105.11,3045.19,18.70,2.500,2.01,50.0,0.72
4343.00,-104.31,3047.55,18.71,2.500,2.01,50.0,0.72
4344.00,-103.50,3049.92,18.72,2.500,2.01,50.0,0.72
4345.00,-102.70,3052.29,18.73,2.500,2.01,50.0,0.72
4346.00,-101.90,3054.66,18.74,2.500,2.01,50.0,0.72
4347.00,-101.10,3057.02,18.76,2.500,2.00,50.0,0.72
4348.00,-100.29,3059.39,18.77,2.500,2.00,50.0,0.72
4349.00,-99.49,3061.76,18.78,2.500,2.00,50.0,0.72
4350.00,-98.68,3064.13,18.79,2.500,2.00,50.0,0.71
4351.00,-97.88,3066.49,18.80,2.500,2.00,50.0,0.71
4352.00,-97.07,3068.86,18.82,2.500,2.00,50.0,0.71
4353.00,-96.27,3071.22,18.83,2.500,1.99,50.0,0.71
4354.00,-95.46,3073.59,18.84,2.500,1.99,50.0,0.71
4355.00,-94.65,3075.96,18.85,2.500,1.99,50.0,0.71
4356.00,-93.84,3078.32,18.86,2.500,1.99,50.0,0.71
4357.00,-93.03,3080.69,18.88,2.500,1.99,50.0,0.71
4358.00,-92.23,3083.05,18.89,2.500,1.99,50.0,0.71
4359.00,-91.42,3085.42,18.90,2.500,1.98,50.0,0.71
4360.00,-90.61,3087.79,18.91,2.500,1.98,50.0,0.71
4361.00,-89.80,3090.15,18.92,2.500,1.98,50.0,0.70
4362.00,-88.99,3092.52,18.93,2.500,1.98,50.0,0.70
4363.00,-88.18,3094.88,18.95,2.500,1.98,50.0,0.70
4364.00,-87.36,3097.24,18.96,2.500,1.98,50.0,0.70
4365.00,-86.55,3099.61,18.97,2.500,1.98,50.0,0.70
4366.00,-85.74,3101.97,18.98,2.500,1.98,50.0,0.70
4367.00,-84.93,3104.34,18.99,2.500,1.98,50.0,0.70
4368.00,-84.11,3106.70,19.00,2.500,1.97,50.0,0.70
4369.00,-83.30,3109.06,19.02,2.500,1.97,50.0,0.70
4370.00,-82.48,3111.43,19.03,2.500,1.97,50.0,0.70
4371.00,-81.67,3113.79,19.04,2.500,1.97,50.0,0.70
4372.00,-80.85,3116.15,19.05,2.500,1.97,50.0,0.70
4373.00,-80.04,3118.52,19.06,2.500,1.97,50.0,0.70
4374.00,-79.22,3120.88,19.07,2.500,1.97,50.0,0.69
4375.00,-78.40,3123.24,19.09,2.500,1.97,50.0,0.69
4376.00,-77.59,3125.61,19.10,2.500,1.97,50.0,0.69
4377.00,-76.77,3127.97,19.11,2.500,1.96,50.0,0.69
4378.00,-75.95,3130.33,19.12,2.500,1.96,50.0,0.69
4379.00,-75.13,3132.69,19.13,2.500,1.96,50.0,0.69
4380.00,-74.31,3135.05,19.14,2.500,1.96,50.0,0.69
4381.00,-73.49,3137.42,19.15,2.500,1.96,50.0,0.69
4382.00,-72.67,3139.78,19.17,2.500,1.96,50.0,0.69
4383.00,-71.85,3142.14,19.18,2.500,1.96,50.0,0.69
4384.00,-71.03,3144.50,19.19,2.500,1.96,50.0,0.69
4385.00,-70.21,3146.86,19.20,2.500,1.96,50.0,0.69
4386.00,-69.39,3149.22,19.21,2.500,1.95,50.0,0.69
4387.00,-68.56,3151.58,19.22,2.500,1.95,50.0,0.69
4388.00,-67.74,3153.94,19.23,2.500,1.95,50.0,0.69
4389.00,-66.92,3156.30,19.25,2.500,1.95,50.0,0.69
4390.00,-66.09,3158.67,19.26,2.500,1.95,50.0,0.68
4391.00,-65.27,3161.03,19.27,2.500,1.95,50.0,0.68
4392.00,-64.44,3163.39,19.28,2.500,1.95,50.0,0.68
4393.00,-63.62,3165.74,19.29,2.500,1.95,50.0,0.68
4394.00,-62.79,3168.10,19.30,2.500,1.95,50.0,0.68
4395.00,-61.96,3170.46,19.31,2.500,1.95,50.0,0.68
4396.00,-61.14,3172.82,19.33,2.500,1.95,50.0,0.68
4397.00,-60.31,3175.18,19.34,2.500,1.95,50.0,0.68
4398.00,-59.48,3177.54,19.35,2.500,1.95,50.0,0.68
4399.00,-58.65,3179.90,19.36,2.500,1.95,50.0,0.68
4400.00,-57.83,3182.26,19.37,2.500,1.95,50.0,0.68
4401.00,-57.00,3184.62,19.38,2.500,1.94,50.0,0.68
4402.00,-56.17,3186.98,19.39,2.500,1.94,50.0,0.68
4403.00,-55.34,3189.33,19.41,2.500,1.94,50.0,0.68
4404.00,-54.51,3191.69,19.42,2.500,1.94,50.0,0.68
4405.00,-53.67,3194.05,19.43,2.500,1.94,50.0,0.68
4406.00,-52.84,3196.41,19.44,2.500,1.94,50.0,0.68
4407.00,-52.01,3198.76,19.45,2.500,1.94,50.0,0.68
4408.00,-51.18,3201.12,19.46,2.500,1.94,50.0,0.68
4409.00,-50.35,3203.48,19.47,2.500,1.94,50.0,0.68
4410.00,-49.51,3205.84,19.48,2.500,1.94,50.0,0.68
4411.00,-48.68,3208.19,19.50,2.500,1.94,50.0,0.68
4412.00,-47.84,3210.55,19.51,2.500,1.94,50.0,0.68
4413.00,-47.01,3212.91,19.52,2.500,1.94,50.0,0.67
4414.00,-46.17,3215.26,19.53,2.500,1.94,50.0,0.67
4415.00,-45.34,3217.62,19.54,2.500,1.94,50.0,0.67
4416.00,-44.50,3219.97,19.55,2.500,1.94,50.0,0.67
4417.00,-43.67,3222.33,19.56,2.500,1.94,50.0,0.67
4418.00,-42.83,3224.69,19.57,2.500,1.94,50.0,0.67
4419.00,-41.99,3227.04,19.59,2.500,1.93,50.0,0.67
4420.00,-41.15,3229.40,19.60,2.500,1.93,50.0,0.67
4421.00,-40.31,3231.75,19.61,2.500,1.93,50.0,0.67
4422.00,-39.48,3234.11,19.62,2.500,1.93,50.0,0.67
4423.00,-38.64,3236.46,19.63,2.500,1.93,50.0,0.67
4424.00,-37.80,3238.82,19.64,2.500,1.93,50.0,0.67
4425.00,-36.96,3241.17,19.65,2.500,1.93,50.0,0.67
4426.00,-36.12,3243.53,19.66,2.500,1.93,50.0,0.67
4427.00,-35.27,3245.88,19.67,2.500,1.93,50.0,0.67
4428.00,-34.43,3248.23,19.69,2.500,1.93,50.0,0.67
4429.00,-33.59,3250.59,19.70,2.500,1.93,50.0,0.67
4430.00,-32.75,3252.94,19.71,2.500,1.93,50.0,0.67
4431.00,-31.90,3255.30,19.72,2.500,1.93,50.0,0.67
4432.00,-31.06,3257.65,19.73,2.500,1.93,50.0,0.67
4433.00,-30.22,3260.00,19.74,2.500,1.93,50.0,0.67
4434.00,-29.37,3262.36,19.75,2.500,1.93,50.0,0.67
4435.00,-28.53,3264.71,19.76,2.500,1.93,50.0,0.67
4436.00,-27.68,3267.06,19.77,2.500,1.93,50.0,0.67
4437.00,-26.84,3269.41,19.79,2.500,1.92,50.0,0.67
4438.00,-25.99,3271.77,19.80,2.500,1.92,50.0,0.67
4439.00,-25.14,3274.12,19.81,2.500,1.92,50.0,0.67
4440.00,-24.30,3276.47,19.82,2.500,1.92,50.0,0.67
4441.00,-23.45,3278.82,19.83,2.500,1.92,50.0,0.67
4442.00,-22.60,3281.17,19.84,2.500,1.92,50.0,0.67
4443.00,-21.75,3283.53,19.85,2.500,1.92,50.0,0.67
4444.00,-20.90,3285.88,19.86,2.500,1.92,50.0,0.67
4445.00,-20.05,3288.23,19.87,2.500,1.92,50.0,0.67
4446.00,-19.20,3290.58,19.89,2.500,1.92,50.0,0.67
4447.00,-18.35,3292.93,19.90,2.500,1.92,50.0,0.66
4448.00,-17.50,3295.28,19.91,2.500,1.92,50.0,0.66
4449.00,-16.65,3297.63,19.92,2.500,1.92,50.0,0.66
4450.00,-15.80,3299.98,19.93,2.500,1.92,50.0,0.66
4451.00,-14.95,3302.33,19.94,2.500,1.92,50.0,0.66
4452.00,-14.09,3304.68,19.95,2.500,1.92,50.0,0.66
4453.00,-13.24,3307.03,19.96,2.500,1.92,50.0,0.66
4454.00,-12.39,3309.38,19.97,2.500,1.92,50.0,0.66
4455.00,-11.53,3311.73,19.99,2.500,1.91,50.0,0.66
4456.00,-10.68,3314.08,20.00,2.500,1.91,50.0,0.66
4457.00,-9.82,3316.43,20.01,2.500,1.91,50.0,0.66
4458.00,-8.97,3318.78,20.02,2.500,1.91,50.0,0.66
4459.00,-8.11,3321.13,20.03,2.500,1.91,50.0,0.66
4460.00,-7.26,3323.48,20.04,2.500,1.91,50.0,0.66
4461.00,-6.40,3325.83,20.05,2.500,1.91,50.0,0.66
4462.00,-5.54,3328.17,20.06,2.500,1.91,50.0,0.66
4463.00,-4.69,3330.52,20.07,2.500,1.91,50.0,0.66
4464.00,-3.83,3332.87,20.08,2.500,1.91,50.0,0.66
4465.00,-2.97,3335.22,20.10,2.500,1.91,50.0,0.66
4466.00,-2.11,3337.57,20.11,2.500,1.91,50.0,0.66
4467.00,-1.25,3339.91,20.12,2.500,1.91,50.0,0.66
4468.00,-0.39,3342.26,20.13,2.500,1.91,50.0,0.66
4469.00,0.47,3344.61,20.14,2.500,1.91,50.0,0.66
4470.00,1.33,3346.96,20.15,2.500,1.91,50.0,0.66
4471.00,2.19,3349.30,20.16,2.500,1.91,50.0,0.66
4472.00,3.05,3351.65,20.17,2.500,1.91,50.0,0.66
4473.00,3.92,3354.00,20.18,2.500,1.90,50.0,0.66
4474.00,4.78,3356.34,20.19,2.500,1.90,50.0,0.66
4475.00,5.64,3358.69,20.21,2.500,1.90,50.0,0.66
4476.00,6.50,3361.04,20.22,2.500,1.90,50.0,0.66
4477.00,7.37,3363.38,20.23,2.500,1.90,50.0,0.66
4478.00,8.23,3365.73,20.24,2.500,1.90,50.0,0.66
4479.00,9.10,3368.07,20.25,2.500,1.90,50.0,0.66
4480.00,9.96,3370.42,20.26,2.500,1.90,50.0,0.66
4481.00,10.83,3372.76,20.27,2.500,1.90,50.0,0.66
4482.00,11.69,3375.11,20.28,2.500,1.90,50.0,0.66
4483.00,12.56,3377.45,20.29,2.500,1.90,50.0,0.66
4484.00,13.43,3379.80,20.30,2.500,1.90,50.0,0.66
4485.00,14.30,3382.14,20.32,2.500,1.90,50.0,0.66
4486.00,15.16,3384.49,20.33,2.500,1.90,50.0,0.66
4487.00,16.03,3386.83,20.34,2.500,1.90,50.0,0.66
4488.00,16.90,3389.18,20.35,2.500,1.89,50.0,0.66
4489.00,17.77,3391.52,20.36,2.500,1.89,50.0,0.66
4490.00,18.64,3393.86,20.37,2.500,1.89,50.0,0.66
4491.00,19.51,3396.21,20.38,2.500,1.89,50.0,0.66
4492.00,20.38,3398.55,20.39,2.500,1.89,50.0,0.65
4493.00,21.25,3400.89,20.40,2.500,1.89,50.0,0.65
4494.00,22.12,3403.24,20.41,2.500,1.89,50.0,0.65
4495.00,23.00,3405.58,20.42,2.500,1.89,50.0,0.65
4496.00,23.87,3407.92,20.44,2.500,1.89,50.0,0.65
4497.00,24.74,3410.27,20.45,2.500,1.89,50.0,0.65
4498.00,25.61,3412.61,20.46,2.500,1.89,50.0,0.65
4499.00,26.49,3414.95,20.47,2.500,1.89,50.0,0.65
4500.00,27.36,3417.29,20.48,2.500,1.89,50.0,0.65
4501.00,28.24,3419.64,20.49,2.500,1.89,50.0,0.65
4502.00,29.11,3421.98,20.50,2.500,1.89,50.0,0.65
4503.00,29.99,3424.32,20.51,2.500,1.88,50.0,0.65
4504.00,30.86,3426.66,20.52,2.500,1.88,50.0,0.65
4505.00,31.74,3429.00,20.53,2.500,1.88,50.0,0.65
4506.00,32.62,3431.34,20.54,2.500,1.88,50.0,0.65
4507.00,33.49,3433.68,20.56,2.500,1.88,50.0,0.65
4508.00,34.37,3436.02,20.57,2.500,1.88,50.0,0.65
4509.00,35.25,3438.37,20.58,2.500,1.88,50.0,0.65
4510.00,36.13,3440.71,20.59,2.500,1.88,50.0,0.65
4511.00,37.01,3443.05,20.60,2.500,1.88,50.0,0.65
4512.00,37.89,3445.39,20.61,2.500,1.88,50.0,0.65
4513.00,38.77,3447.73,20.62,2.500,1.88,50.0,0.65
4514.00,39.65,3450.07,20.63,2.500,1.88,50.0,0.65
4515.00,40.53,3452.41,20.64,2.500,1.87,50.0,0.65
4516.00,41.41,3454.75,20.65,2.500,1.87,50.0,0.65
4517.00,42.29,3457.08,20.66,2.500,1.87,50.0,0.65
4518.00,43.17,3459.42,20.67,2.500,1.87,50.0,0.65
4519.00,44.06,3461.76,20.69,2.500,1.87,50.0,0.65
4520.00,44.94,3464.10,20.70,2.500,1.87,50.0,0.65
4521.00,45.82,3466.44,20.71,2.500,1.87,50.0,0.65
4522.00,46.71,3468.78,20.72,2.500,1.87,50.0,0.65
4523.00,47.59,3471.12,20.73,2.500,1.87,50.0,0.65
4524.00,48.48,3473.46,20.74,2.500,1.87,50.0,0.65
4525.00,49.36,3475.79,20.75,2.500,1.87,50.0,0.65
4526.00,50.25,3478.13,20.76,2.500,1.87,50.0,0.65
4527.00,51.13,3480.47,20.77,2.500,1.87,50.0,0.65
4528.00,52.02,3482.81,20.78,2.500,1.87,50.0,0.65
4529.00,52.91,3485.14,20.79,2.500,1.87,50.0,0.65
4530.00,53.80,3487.48,20.80,2.500,1.86,50.0,0.65
4531.00,54.68,3489.82,20.81,2.500,1.86,50.0,0.65
4532.00,55.57,3492.15,20.83,2.500,1.86,50.0,0.65
4533.00,56.46,3494.49,20.84,2.500,1.86,50.0,0.65
4534.00,57.35,3496.83,20.85,2.500,1.86,50.0,0.65
4535.00,58.24,3499.16,20.86,2.500,1.86,50.0,0.64
4536.00,59.13,3501.50,20.87,2.500,1.86,50.0,0.64
4537.00,60.02,3503.84,20.88,2.500,1.86,50.0,0.64
4538.00,60.91,3506.17,20.89,2.500,1.86,50.0,0.64
4539.00,61.80,3508.51,20.90,2.500,1.86,50.0,0.64
4540.00,62.69,3510.84,20.91,2.500,1.86,50.0,0.64
4541.00,63.59,3513.18,20.92,2.500,1.86,50.0,0.64
4542.00,64.48,3515.51,20.93,2.500,1.85,50.0,0.64
4543.00,65.37,3517.85,20.94,2.500,1.85,50.0,0.64
4544.00,66.27,3520.18,20.95,2.500,1.85,50.0,0.64
4545.00,67.16,3522.52,20.96,2.500,1.85,50.0,0.64
4546.00,68.05,3524.85,20.98,2.500,1.85,50.0,0.64
4547.00,68.95,3527.19,20.99,2.500,1.85,50.0,0.64
4548.00,69.84,3529.52,21.00,2.500,1.85,50.0,0.64
4549.00,70.74,3531.86,21.01,2.500,1.85,50.0,0.64
4550.00,71.64,3534.19,21.02,2.500,1.85,50.0,0.64
4551.00,72.53,3536.52,21.03,2.500,1.85,50.0,0.64
4552.00,73.43,3538.86,21.04,2.500,1.85,50.0,0.64
4553.00,74.33,3541.19,21.05,2.500,1.85,50.0,0.64
4554.00,75.23,3543.52,21.06,2.500,1.84,50.0,0.64
4555.00,76.12,3545.86,21.07,2.500,1.84,50.0,0.64
4556.00,77.02,3548.19,21.08,2.500,1.84,50.0,0.64
4557.00,77.92,3550.52,21.09,2.500,1.84,50.0,0.64
4558.00,78.82,3552.85,21.10,2.500,1.84,50.0,0.64
4559.00,79.72,3555.19,21.11,2.500,1.84,50.0,0.64
4560.00,80.62,3557.52,21.13,2.500,1.84,50.0,0.64
4561.00,81.52,3559.85,21.14,2.500,1.84,50.0,0.64
4562.00,82.43,3562.18,21.15,2.500,1.84,50.0,0.64
4563.00,83.33,3564.51,21.16,2.500,1.84,50.0,0.64
4564.00,84.23,3566.85,21.17,2.500,1.84,50.0,0.64
4565.00,85.13,3569.18,21.18,2.500,1.84,50.0,0.64
4566.00,86.04,3571.51,21.19,2.500,1.84,50.0,0.64
4567.00,86.94,3573.84,21.20,2.500,1.84,50.0,0.64
4568.00,87.84,3576.17,21.21,2.500,1.84,50.0,0.64
4569.00,88.75,3578.50,21.22,2.500,1.83,50.0,0.64
4570.00,89.65,3580.83,21.23,2.500,1.83,50.0,0.64
4571.00,90.56,3583.16,21.24,2.500,1.83,50.0,0.64
4572.00,91.46,3585.49,21.25,2.500,1.83,50.0,0.64
4573.00,92.37,3587.82,21.26,2.500,1.83,50.0,0.64
4574.00,93.28,3590.15,21.27,2.500,1.83,50.0,0.64
4575.00,94.18,3592.48,21.28,2.500,1.83,50.0,0.63
4576.00,95.09,3594.81,21.29,2.500,1.83,50.0,0.63
4577.00,96.00,3597.14,21.31,2.500,1.83,50.0,0.63
4578.00,96.91,3599.47,21.32,2.500,1.83,50.0,0.63
4579.00,97.82,3601.80,21.33,2.500,1.83,50.0,0.63
4580.00,98.73,3604.13,21.34,2.500,1.83,50.0,0.63
4581.00,99.64,3606.45,21.35,2.500,1.82,50.0,0.63
4582.00,100.55,3608.78,21.36,2.500,1.82,50.0,0.63
4583.00,101.46,3611.11,21.37,2.500,1.82,50.0,0.63
4584.00,102.37,3613.44,21.38,2.500,1.82,50.0,0.63
4585.00,103.28,3615.77,21.39,2.500,1.82,50.0,0.63
4586.00,104.19,3618.10,21.40,2.500,1.82,50.0,0.63
4587.00,105.10,3620.42,21.41,2.500,1.82,50.0,0.63
4588.00,106.01,3622.75,21.42,2.500,1.82,50.0,0.63
4589.00,106.93,3625.08,21.43,2.500,1.82,50.0,0.63
4590.00,107.84,3627.40,21.44,2.500,1.82,50.0,0.63
4591.00,108.76,3629.73,21.45,2.500,1.82,50.0,0.63
4592.00,109.67,3632.06,21.46,2.500,1.82,50.0,0.63
4593.00,110.58,3634.39,21.47,2.500,1.81,50.0,0.63
4594.00,111.50,3636.71,21.48,2.500,1.81,50.0,0.63
4595.00,112.41,3639.04,21.49,2.500,1.81,50.0,0.63
4596.00,113.33,3641.36,21.51,2.500,1.81,50.0,0.63
4597.00,114.25,3643.69,21.52,2.500,1.81,50.0,0.63
4598.00,115.16,3646.02,21.53,2.500,1.81,50.0,0.63
4599.00,116.08,3648.34,21.54,2.500,1.81,50.0,0.63
4600.00,117.00,3650.67,21.55,2.500,1.81,50.0,0.63
4601.00,117.92,3652.99,21.56,2.500,1.81,50.0,0.63
4602.00,118.84,3655.32,21.57,2.500,1.81,50.0,0.63
4603.00,119.76,3657.64,21.58,2.500,1.81,50.0,0.63
4604.00,120.67,3659.97,21.59,2.500,1.81,50.0,0.63
4605.00,121.59,3662.29,21.60,2.500,1.80,50.0,0.63
4606.00,122.51,3664.62,21.61,2.500,1.80,50.0,0.63
4607.00,123.44,3666.94,21.62,2.500,1.80,50.0,0.63
4608.00,124.36,3669.26,21.63,2.500,1.80,50.0,0.63
4609.00,125.28,3671.59,21.64,2.500,1.80,50.0,0.63
4610.00,126.20,3673.91,21.65,2.500,1.80,50.0,0.63
4611.00,127.12,3676.24,21.66,2.500,1.80,50.0,0.63
4612.00,128.05,3678.56,21.67,2.500,1.80,50.0,0.62
4613.00,128.97,3680.88,21.68,2.500,1.80,50.0,0.62
4614.00,129.89,3683.21,21.69,2.500,1.80,50.0,0.62
4615.00,130.82,3685.53,21.70,2.500,1.80,50.0,0.62
4616.00,131.74,3687.85,21.71,2.500,1.80,50.0,0.62
4617.00,132.67,3690.17,21.72,2.500,1.79,50.0,0.62
4618.00,133.59,3692.50,21.73,2.500,1.79,50.0,0.62
4619.00,134.52,3694.82,21.75,2.500,1.79,50.0,0.62
4620.00,135.44,3697.14,21.76,2.500,1.79,50.0,0.62
4621.00,136.37,3699.46,21.77,2.500,1.79,50.0,0.62
4622.00,137.30,3701.78,21.78,2.500,1.79,50.0,0.62
4623.00,138.22,3704.11,21.79,2.500,1.79,50.0,0.62
4624.00,139.15,3706.43,21.80,2.500,1.79,50.0,0.62
4625.00,140.08,3708.75,21.81,2.500,1.79,50.0,0.62
4626.00,141.01,3711.07,21.82,2.500,1.79,50.0,0.62
4627.00,141.94,3713.39,21.83,2.500,1.79,50.0,0.62
4628.00,142.87,3715.71,21.84,2.500,1.79,50.0,0.62
4629.00,143.80,3718.03,21.85,2.500,1.78,50.0,0.62
4630.00,144.73,3720.35,21.86,2.500,1.78,50.0,0.62
4631.00,145.66,3722.67,21.87,2.500,1.78,50.0,0.62
4632.00,146.59,3724.99,21.88,2.500,1.78,50.0,0.62
4633.00,147.52,3727.31,21.89,2.500,1.78,50.0,0.62
4634.00,148.45,3729.63,21.90,2.500,1.78,50.0,0.62
4635.00,149.39,3731.95,21.91,2.500,1.78,50.0,0.62
4636.00,150.32,3734.27,21.92,2.500,1.78,50.0,0.62
4637.00,151.25,3736.59,21.93,2.500,1.78,50.0,0.62
4638.00,152.19,3738.91,21.94,2.500,1.78,50.0,0.62
4639.00,153.12,3741.23,21.95,2.500,1.78,50.0,0.62
4640.00,154.06,3743.55,21.96,2.500,1.78,50.0,0.62
4641.00,154.99,3745.87,21.97,2.500,1.78,50.0,0.62
4642.00,155.93,3748.18,21.98,2.500,1.78,50.0,0.62
4643.00,156.86,3750.50,21.99,2.500,1.78,50.0,0.62
4644.00,157.80,3752.82,22.00,2.500,1.77,50.0,0.62
4645.00,158.73,3755.14,22.01,2.500,1.77,50.0,0.62
4646.00,159.67,3757.46,22.02,2.500,1.77,50.0,0.62
4647.00,160.61,3759.77,22.03,2.500,1.77,50.0,0.62
4648.00,161.55,3762.09,22.04,2.500,1.77,50.0,0.61
4649.00,162.49,3764.41,22.05,2.500,1.77,50.0,0.61
4650.00,163.42,3766.73,22.06,2.500,1.77,50.0,0.61
4651.00,164.36,3769.04,22.08,2.500,1.77,50.0,0.61
4652.00,165.30,3771.36,22.09,2.500,1.77,50.0,0.61
4653.00,166.24,3773.68,22.10,2.500,1.77,50.0,0.61
4654.00,167.18,3775.99,22.11,2.500,1.77,50.0,0.61
4655.00,168.12,3778.31,22.12,2.500,1.77,50.0,0.61
4656.00,169.06,3780.62,22.13,2.500,1.76,50.0,0.61
4657.00,170.01,3782.94,22.14,2.500,1.76,50.0,0.61
4658.00,170.95,3785.26,22.15,2.500,1.76,50.0,0.61
4659.00,171.89,3787.57,22.16,2.500,1.76,50.0,0.61
4660.00,172.83,3789.89,22.17,2.500,1.76,50.0,0.61
4661.00,173.78,3792.20,22.18,2.500,1.76,50.0,0.61
4662.00,174.72,3794.52,22.19,2.500,1.76,50.0,0.61
4663.00,175.66,3796.83,22.20,2.500,1.76,50.0,0.61
4664.00,176.61,3799.15,22.21,2.500,1.76,50.0,0.61
4665.00,177.55,3801.46,22.22,2.500,1.76,50.0,0.61
4666.00,178.50,3803.78,22.23,2.500,1.76,50.0,0.61
4667.00,179.45,3806.09,22.24,2.500,1.76,50.0,0.61
4668.00,180.39,3808.40,22.25,2.500,1.75,50.0,0.61
4669.00,181.34,3810.72,22.26,2.500,1.75,50.0,0.61
4670.00,182.28,3813.03,22.27,2.500,1.75,50.0,0.61
4671.00,183.23,3815.35,22.28,2.500,1.75,50.0,0.61
4672.00,184.18,3817.66,22.29,2.500,1.75,50.0,0.61
4673.00,185.13,3819.97,22.30,2.500,1.75,50.0,0.61
4674.00,186.08,3822.29,22.31,2.500,1.75,50.0,0.61
4675.00,187.03,3824.60,22.32,2.500,1.75,50.0,0.61
4676.00,187.98,3826.91,22.33,2.500,1.75,50.0,0.61
4677.00,188.93,3829.22,22.34,2.500,1.75,50.0,0.61
4678.00,189.88,3831.54,22.35,2.500,1.75,50.0,0.61
4679.00,190.83,3833.85,22.36,2.500,1.75,50.0,0.61
4680.00,191.78,3836.16,22.37,2.500,1.74,50.0,0.61
4681.00,192.73,3838.47,22.38,2.500,1.74,50.0,0.61
4682.00,193.68,3840.78,22.39,2.500,1.74,50.0,0.61
4683.00,194.63,3843.09,22.40,2.500,1.74,50.0,0.61
4684.00,195.59,3845.41,22.41,2.500,1.74,50.0,0.61
4685.00,196.54,3847.72,22.42,2.500,1.74,50.0,0.60
4686.00,197.49,3850.03,22.43,2.500,1.74,50.0,0.60
4687.00,198.45,3852.34,22.44,2.500,1.74,50.0,0.60
4688.00,199.40,3854.65,22.45,2.500,1.74,50.0,0.60
4689.00,200.35,3856.96,22.46,2.500,1.74,50.0,0.60
4690.00,201.31,3859.27,22.47,2.500,1.74,50.0,0.60
4691.00,202.27,3861.58,22.48,2.500,1.74,50.0,0.60
4692.00,203.22,3863.89,22.49,2.500,1.74,50.0,0.60
4693.00,204.18,3866.20,22.50,2.500,1.74,50.0,0.60
4694.00,205.13,3868.51,22.51,2.500,1.74,50.0,0.60
4695.00,206.09,3870.82,22.52,2.500,1.73,50.0,0.60
4696.00,207.05,3873.13,22.53,2.500,1.73,50.0,0.60
4697.00,208.01,3875.44,22.54,2.500,1.73,50.0,0.60
4698.00,208.97,3877.75,22.55,2.500,1.73,50.0,0.60
4699.00,209.92,3880.06,22.56,2.500,1.73,50.0,0.60
4700.00,210.88,3882.37,22.57,2.500,1.73,50.0,0.60
4701.00,211.84,3884.67,22.58,2.500,1.73,50.0,0.60
4702.00,212.80,3886.98,22.59,2.500,1.73,50.0,0.60
4703.00,213.76,3889.29,22.60,2.500,1.73,50.0,0.60
4704.00,214.72,3891.60,22.61,2.500,1.73,50.0,0.60
4705.00,215.69,3893.91,22.62,2.500,1.73,50.0,0.60
4706.00,216.65,3896.21,22.63,2.500,1.73,50.0,0.60
4707.00,217.61,3898.52,22.64,2.500,1.72,50.0,0.60
4708.00,218.57,3900.83,22.65,2.500,1.72,50.0,0.60
4709.00,219.53,3903.14,22.66,2.500,1.72,50.0,0.60
4710.00,220.50,3905.44,22.67,2.500,1.72,50.0,0.60
4711.00,221.46,3907.75,22.68,2.500,1.72,50.0,0.60
4712.00,222.42,3910.06,22.69,2.500,1.72,50.0,0.60
4713.00,223.39,3912.36,22.70,2.500,1.72,50.0,0.60
4714.00,224.35,3914.67,22.71,2.500,1.72,50.0,0.60
4715.00,225.32,3916.98,22.72,2.500,1.72,50.0,0.60
4716.00,226.28,3919.28,22.73,2.500,1.72,50.0,0.60
4717.00,227.25,3921.59,22.74,2.500,1.72,50.0,0.60
4718.00,228.22,3923.89,22.75,2.500,1.72,50.0,0.60
4719.00,229.18,3926.20,22.76,2.500,1.71,50.0,0.60
4720.00,230.15,3928.50,22.77,2.500,1.71,50.0,0.60
4721.00,231.12,3930.81,22.78,2.500,1.71,50.0,0.60
4722.00,232.09,3933.11,22.79,2.500,1.71,50.0,0.60
4723.00,233.06,3935.42,22.80,2.500,1.71,50.0,0.59
4724.00,234.02,3937.72,22.81,2.500,1.71,50.0,0.59
4725.00,234.99,3940.03,22.82,2.500,1.71,50.0,0.59
4726.00,235.96,3942.33,22.83,2.500,1.71,50.0,0.59
4727.00,236.93,3944.64,22.84,2.500,1.71,50.0,0.59
4728.00,237.90,3946.94,22.85,2.500,1.71,50.0,0.59
4729.00,238.87,3949.24,22.86,2.500,1.71,50.0,0.59
4730.00,239.85,3951.55,22.87,2.500,1.71,50.0,0.59
4731.00,240.82,3953.85,22.88,2.500,1.71,50.0,0.59
4732.00,241.79,3956.15,22.89,2.500,1.71,50.0,0.59
4733.00,242.76,3958.46,22.90,2.500,1.71,50.0,0.59
4734.00,243.73,3960.76,22.91,2.500,1.70,50.0,0.59
4735.00,244.71,3963.06,22.92,2.500,1.70,50.0,0.59
4736.00,245.68,3965.37,22.93,2.500,1.70,50.0,0.59
4737.00,246.65,3967.67,22.94,2.500,1.70,50.0,0.59
4738.00,247.63,3969.97,22.95,2.500,1.70,50.0,0.59
4739.00,248.60,3972.27,22.96,2.500,1.70,50.0,0.59
4740.00,249.58,3974.58,22.97,2.500,1.70,50.0,0.59
4741.00,250.55,3976.88,22.98,2.500,1.70,50.0,0.59
4742.00,251.53,3979.18,22.99,2.500,1.70,50.0,0.59
4743.00,252.51,3981.48,23.00,2.500,1.70,50.0,0.59
4744.00,253.48,3983.78,23.01,2.500,1.70,50.0,0.59
4745.00,254.46,3986.08,23.02,2.500,1.70,50.0,0.59
4746.00,255.44,3988.38,23.03,2.500,1.69,50.0,0.59
4747.00,256.42,3990.68,23.04,2.500,1.69,50.0,0.59
4748.00,257.39,3992.98,23.05,2.500,1.69,50.0,0.59
4749.00,258.37,3995.29,23.06,2.500,1.69,50.0,0.59
4750.00,259.35,3997.59,23.07,2.500,1.69,50.0,0.59
4751.00,260.33,3999.89,23.08,2.500,1.69,50.0,0.59
4752.00,261.31,4002.19,23.09,2.500,1.69,50.0,0.59
4753.00,262.29,4004.49,23.10,2.500,1.69,50.0,0.59
4754.00,263.27,4006.79,23.11,2.500,1.69,50.0,0.59
4755.00,264.25,4009.08,23.12,2.500,1.69,50.0,0.59
4756.00,265.23,4011.38,23.12,2.500,1.69,50.0,0.59
4757.00,266.22,4013.68,23.13,2.500,1.69,50.0,0.59
4758.00,267.20,4015.98,23.14,2.500,1.69,50.0,0.59
4759.00,268.18,4018.28,23.15,2.500,1.69,50.0,0.59
4760.00,269.16,4020.58,23.16,2.500,1.69,50.0,0.59
4761.00,270.15,4022.88,23.17,2.500,1.68,50.0,0.58
4762.00,271.13,4025.18,23.18,2.500,1.68,50.0,0.58
4763.00,272.12,4027.47,23.19,2.500,1.68,50.0,0.58
4764.00,273.10,4029.77,23.20,2.500,1.68,50.0,0.58
4765.00,274.09,4032.07,23.21,2.500,1.68,50.0,0.58
4766.00,275.07,4034.37,23.22,2.500,1.68,50.0,0.58
4767.00,276.06,4036.67,23.23,2.500,1.68,50.0,0.58
4768.00,277.04,4038.96,23.24,2.500,1.68,50.0,0.58
4769.00,278.03,4041.26,23.25,2.500,1.68,50.0,0.58
4770.00,279.02,4043.56,23.26,2.500,1.68,50.0,0.58
4771.00,280.00,4045.85,23.27,2.500,1.68,50.0,0.58
4772.00,280.99,4048.15,23.28,2.500,1.68,50.0,0.58
4773.00,281.98,4050.45,23.29,2.500,1.67,50.0,0.58
4774.00,282.97,4052.74,23.30,2.500,1.67,50.0,0.58
4775.00,283.96,4055.04,23.31,2.500,1.67,50.0,0.58
4776.00,284.95,4057.33,23.32,2.500,1.67,50.0,0.58
4777.00,285.94,4059.63,23.33,2.500,1.67,50.0,0.58
4778.00,286.93,4061.93,23.34,2.500,1.67,50.0,0.58
4779.00,287.92,4064.22,23.35,2.500,1.67,50.0,0.58
4780.00,288.91,4066.52,23.36,2.500,1.67,50.0,0.58
4781.00,289.90,4068.81,23.37,2.500,1.67,50.0,0.58
4782.00,290.89,4071.11,23.38,2.500,1.67,50.0,0.58
4783.00,291.88,4073.40,23.39,2.500,1.67,50.0,0.58
4784.00,292.87,4075.70,23.40,2.500,1.67,50.0,0.58
4785.00,293.87,4077.99,23.41,2.500,1.67,50.0,0.58
4786.00,294.86,4080.28,23.42,2.500,1.67,50.0,0.58
4787.00,295.85,4082.58,23.43,2.500,1.67,50.0,0.58
4788.00,296.85,4084.87,23.44,2.500,1.66,50.0,0.58
4789.00,297.84,4087.17,23.44,2.500,1.66,50.0,0.58
4790.00,298.84,4089.46,23.45,2.500,1.66,50.0,0.58
4791.00,299.83,4091.75,23.46,2.500,1.66,50.0,0.58
4792.00,300.83,4094.05,23.47,2.500,1.66,50.0,0.58
4793.00,301.82,4096.34,23.48,2.500,1.66,50.0,0.58
4794.00,302.82,4098.63,23.49,2.500,1.66,50.0,0.58
4795.00,303.82,4100.93,23.50,2.500,1.66,50.0,0.58
4796.00,304.81,4103.22,23.51,2.500,1.66,50.0,0.58
4797.00,305.81,4105.51,23.52,2.500,1.66,50.0,0.58
4798.00,306.81,4107.80,23.53,2.500,1.66,50.0,0.58
4799.00,307.81,4110.10,23.54,2.500,1.66,50.0,0.58
4800.00,308.80,4112.39,23.55,2.500,1.65,50.0,0.57
4801.00,309.80,4114.68,23.56,2.500,1.65,50.0,0.57
4802.00,310.80,4116.97,23.57,2.500,1.65,50.0,0.57
4803.00,311.80,4119.26,23.58,2.500,1.65,50.0,0.57
4804.00,312.80,4121.55,23.59,2.500,1.65,50.0,0.57
4805.00,313.80,4123.84,23.60,2.500,1.65,50.0,0.57
4806.00,314.80,4126.14,23.61,2.500,1.65,50.0,0.57
4807.00,315.80,4128.43,23.62,2.500,1.65,50.0,0.57
4808.00,316.81,4130.72,23.63,2.500,1.65,50.0,0.57
4809.00,317.81,4133.01,23.64,2.500,1.65,50.0,0.57
4810.00,318.81,4135.30,23.65,2.500,1.65,50.0,0.57
4811.00,319.81,4137.59,23.66,2.500,1.65,50.0,0.57
4812.00,320.82,4139.88,23.67,2.500,1.65,50.0,0.57
4813.00,321.82,4142.17,23.67,2.500,1.65,50.0,0.57
4814.00,322.82,4144.46,23.68,2.500,1.65,50.0,0.57
4815.00,323.83,4146.75,23.69,2.500,1.64,50.0,0.57
4816.00,324.83,4149.04,23.70,2.500,1.64,50.0,0.57
4817.00,325.84,4151.32,23.71,2.500,1.64,50.0,0.57
4818.00,326.84,4153.61,23.72,2.500,1.64,50.0,0.57
4819.00,327.85,4155.90,23.73,2.500,1.64,50.0,0.57
4820.00,328.85,4158.19,23.74,2.500,1.64,50.0,0.57
4821.00,329.86,4160.48,23.75,2.500,1.64,50.0,0.57
4822.00,330.87,4162.77,23.76,2.500,1.64,50.0,0.57
4823.00,331.87,4165.06,23.77,2.500,1.64,50.0,0.57
4824.00,332.88,4167.34,23.78,2.500,1.64,50.0,0.57
4825.00,333.89,4169.63,23.79,2.500,1.64,50.0,0.57
4826.00,334.90,4171.92,23.80,2.500,1.64,50.0,0.57
4827.00,335.91,4174.21,23.81,2.500,1.63,50.0,0.57
4828.00,336.92,4176.49,23.82,2.500,1.63,50.0,0.57
4829.00,337.93,4178.78,23.83,2.500,1.63,50.0,0.57
4830.00,338.94,4181.07,23.84,2.500,1.63,50.0,0.57
4831.00,339.95,4183.35,23.85,2.500,1.63,50.0,0.57
4832.00,340.96,4185.64,23.85,2.500,1.63,50.0,0.57
4833.00,341.97,4187.93,23.86,2.500,1.63,50.0,0.57
4834.00,342.98,4190.21,23.87,2.500,1.63,50.0,0.57
4835.00,343.99,4192.50,23.88,2.500,1.63,50.0,0.57
4836.00,345.00,4194.79,23.89,2.500,1.63,50.0,0.57
4837.00,346.02,4197.07,23.90,2.500,1.63,50.0,0.57
4838.00,347.03,4199.36,23.91,2.500,1.63,50.0,0.57
4839.00,348.04,4201.64,23.92,2.500,1.63,50.0,0.57
4840.00,349.06,4203.93,23.93,2.500,1.63,50.0,0.56
4841.00,350.07,4206.21,23.94,2.500,1.63,50.0,0.56
4842.00,351.08,4208.50,23.95,2.500,1.62,50.0,0.56
4843.00,352.10,4210.78,23.96,2.500,1.62,50.0,0.56
4844.00,353.11,4213.07,23.97,2.500,1.62,50.0,0.56
4845.00,354.13,4215.35,23.98,2.500,1.62,50.0,0.56
4846.00,355.15,4217.64,23.99,2.500,1.62,50.0,0.56
4847.00,356.16,4219.92,24.00,2.500,1.62,50.0,0.56
4848.00,357.18,4222.20,24.01,2.500,1.62,50.0,0.56
4849.00,358.20,4224.49,24.01,2.500,1.62,50.0,0.56
4850.00,359.21,4226.77,24.02,2.500,1.62,50.0,0.56
4851.00,360.23,4229.05,24.03,2.500,1.62,50.0,0.56
4852.00,361.25,4231.34,24.04,2.500,1.62,50.0,0.56
4853.00,362.27,4233.62,24.05,2.500,1.62,50.0,0.56
4854.00,363.29,4235.90,24.06,2.500,1.62,50.0,0.56
4855.00,364.31,4238.19,24.07,2.500,1.62,50.0,0.56
4856.00,365.33,4240.47,24.08,2.500,1.62,50.0,0.56
4857.00,366.35,4242.75,24.09,2.500,1.61,50.0,0.56
4858.00,367.37,4245.03,24.10,2.500,1.61,50.0,0.56
4859.00,368.39,4247.32,24.11,2.500,1.61,50.0,0.56
4860.00,369.41,4249.60,24.12,2.500,1.61,50.0,0.56
4861.00,370.43,4251.88,24.13,2.500,1.61,50.0,0.56
4862.00,371.45,4254.16,24.14,2.500,1.61,50.0,0.56
4863.00,372.47,4256.44,24.15,2.500,1.61,50.0,0.56
4864.00,373.50,4258.72,24.15,2.500,1.61,50.0,0.56
4865.00,374.52,4261.01,24.16,2.500,1.61,50.0,0.56
4866.00,375.54,4263.29,24.17,2.500,1.61,50.0,0.56
4867.00,376.57,4265.57,24.18,2.500,1.61,50.0,0.56
4868.00,377.59,4267.85,24.19,2.500,1.61,50.0,0.56
4869.00,378.62,4270.13,24.20,2.500,1.60,50.0,0.56
4870.00,379.64,4272.41,24.21,2.500,1.60,50.0,0.56
4871.00,380.67,4274.69,24.22,2.500,1.60,50.0,0.56
4872.00,381.69,4276.97,24.23,2.500,1.60,50.0,0.56
4873.00,382.72,4279.25,24.24,2.500,1.60,50.0,0.56
4874.00,383.74,4281.53,24.25,2.500,1.60,50.0,0.56
4875.00,384.77,4283.81,24.26,2.500,1.60,50.0,0.56
4876.00,385.80,4286.09,24.27,2.500,1.60,50.0,0.56
4877.00,386.82,4288.37,24.28,2.500,1.60,50.0,0.56
4878.00,387.85,4290.64,24.28,2.500,1.60,50.0,0.56
4879.00,388.88,4292.92,24.29,2.500,1.60,50.0,0.56
4880.00,389.91,4295.20,24.30,2.500,1.60,50.0,0.55
4881.00,390.94,4297.48,24.31,2.500,1.60,50.0,0.55
4882.00,391.97,4299.76,24.32,2.500,1.60,50.0,0.55
4883.00,393.00,4302.04,24.33,2.500,1.60,50.0,0.55
4884.00,394.03,4304.32,24.34,2.500,1.59,50.0,0.55
4885.00,395.06,4306.59,24.35,2.500,1.59,50.0,0.55
4886.00,396.09,4308.87,24.36,2.500,1.59,50.0,0.55
4887.00,397.12,4311.15,24.37,2.500,1.59,50.0,0.55
4888.00,398.15,4313.43,24.38,2.500,1.59,50.0,0.55
4889.00,399.18,4315.70,24.39,2.500,1.59,50.0,0.55
4890.00,400.22,4317.98,24.40,2.500,1.59,50.0,0.55
4891.00,401.25,4320.26,24.40,2.500,1.59,50.0,0.55
4892.00,402.28,4322.53,24.41,2.500,1.59,50.0,0.55
4893.00,403.31,4324.81,24.42,2.500,1.59,50.0,0.55
4894.00,404.35,4327.09,24.43,2.500,1.59,50.0,0.55
4895.00,405.38,4329.36,24.44,2.500,1.59,50.0,0.55
4896.00,406.42,4331.64,24.45,2.500,1.59,50.0,0.55
4897.00,407.45,4333.91,24.46,2.500,1.59,50.0,0.55
4898.00,408.49,4336.19,24.47,2.500,1.59,50.0,0.55
4899.00,409.52,4338.46,24.48,2.500,1.58,50.0,0.55
4900.00,410.56,4340.74,24.49,2.500,1.58,50.0,0.55
4901.00,411.59,4343.01,24.50,2.500,1.58,50.0,0.55
4902.00,412.63,4345.29,24.51,2.500,1.58,50.0,0.55
4903.00,413.67,4347.56,24.51,2.500,1.58,50.0,0.55
4904.00,414.70,4349.84,24.52,2.500,1.58,50.0,0.55
4905.00,415.74,4352.11,24.53,2.500,1.58,50.0,0.55
4906.00,416.78,4354.39,24.54,2.500,1.58,50.0,0.55
4907.00,417.82,4356.66,24.55,2.500,1.58,50.0,0.55
4908.00,418.86,4358.94,24.56,2.500,1.58,50.0,0.55
4909.00,419.90,4361.21,24.57,2.500,1.58,50.0,0.55
4910.00,420.94,4363.48,24.58,2.500,1.58,50.0,0.55
4911.00,421.98,4365.76,24.59,2.500,1.57,50.0,0.55
4912.00,423.02,4368.03,24.60,2.500,1.57,50.0,0.55
4913.00,424.06,4370.30,24.61,2.500,1.57,50.0,0.55
4914.00,425.10,4372.58,24.62,2.500,1.57,50.0,0.55
4915.00,426.14,4374.85,24.62,2.500,1.57,50.0,0.55
4916.00,427.18,4377.12,24.63,2.500,1.57,50.0,0.55
4917.00,428.22,4379.39,24.64,2.500,1.57,50.0,0.55
4918.00,429.27,4381.67,24.65,2.500,1.57,50.0,0.55
4919.00,430.31,4383.94,24.66,2.500,1.57,50.0,0.55
4920.00,431.35,4386.21,24.67,2.500,1.57,50.0,0.54
4921.00,432.39,4388.48,24.68,2.500,1.57,50.0,0.54
4922.00,433.44,4390.75,24.69,2.500,1.57,50.0,0.54
4923.00,434.48,4393.03,24.70,2.500,1.57,50.0,0.54
4924.00,435.53,4395.30,24.71,2.500,1.57,50.0,0.54
4925.00,436.57,4397.57,24.72,2.500,1.57,50.0,0.54
4926.00,437.62,4399.84,24.72,2.500,1.56,50.0,0.54
4927.00,438.66,4402.11,24.73,2.500,1.56,50.0,0.54
4928.00,439.71,4404.38,24.74,2.500,1.56,50.0,0.54
4929.00,440.76,4406.65,24.75,2.500,1.56,50.0,0.54
4930.00,441.80,4408.92,24.76,2.500,1.56,50.0,0.54
4931.00,442.85,4411.19,24.77,2.500,1.56,50.0,0.54
4932.00,443.90,4413.46,24.78,2.500,1.56,50.0,0.54
4933.00,444.94,4415.73,24.79,2.500,1.56,50.0,0.54
4934.00,445.99,4418.00,24.80,2.500,1.56,50.0,0.54
4935.00,447.04,4420.27,24.81,2.500,1.56,50.0,0.54
4936.00,448.09,4422.54,24.81,2.500,1.56,50.0,0.54
4937.00,449.14,4424.81,24.82,2.500,1.56,50.0,0.54
4938.00,450.19,4427.08,24.83,2.500,1.56,50.0,0.54
4939.00,451.24,4429.35,24.84,2.500,1.56,50.0,0.54
4940.00,452.29,4431.62,24.85,2.500,1.56,50.0,0.54
4941.00,453.34,4433.88,24.86,2.500,1.55,50.0,0.54
4942.00,454.39,4436.15,24.87,2.500,1.55,50.0,0.54
4943.00,455.44,4438.42,24.88,2.500,1.55,50.0,0.54
4944.00,456.49,4440.69,24.89,2.500,1.55,50.0,0.54
4945.00,457.55,4442.96,24.90,2.500,1.55,50.0,0.54
4946.00,458.60,4445.22,24.90,2.500,1.55,50.0,0.54
4947.00,459.65,4447.49,24.91,2.500,1.55,50.0,0.54
4948.00,460.70,4449.76,24.92,2.500,1.55,50.0,0.54
4949.00,461.76,4452.03,24.93,2.500,1.55,50.0,0.54
4950.00,462.81,4454.29,24.94,2.500,1.55,50.0,0.54
4951.00,463.87,4456.56,24.95,2.500,1.55,50.0,0.54
4952.00,464.92,4458.83,24.96,2.500,1.55,50.0,0.54
4953.00,465.97,4461.09,24.97,2.500,1.55,50.0,0.54
4954.00,467.03,4463.36,24.98,2.500,1.55,50.0,0.54
4955.00,468.09,4465.63,24.99,2.500,1.55,50.0,0.54
4956.00,469.14,4467.89,24.99,2.500,1.54,50.0,0.54
4957.00,470.20,4470.16,25.00,2.500,1.54,50.0,0.54
4958.00,471.25,4472.42,25.01,2.500,1.54,50.0,0.54
4959.00,472.31,4474.69,25.02,2.500,1.54,50.0,0.54
4960.00,473.37,4476.95,25.03,2.500,1.54,50.0,0.54
4961.00,474.43,4479.22,25.04,2.500,1.54,50.0,0.54
4962.00,475.48,4481.49,25.05,2.500,1.54,50.0,0.53
4963.00,476.54,4483.75,25.06,2.500,1.54,50.0,0.53
4964.00,477.60,4486.01,25.07,2.500,1.54,50.0,0.53
4965.00,478.66,4488.28,25.07,2.500,1.54,50.0,0.53
4966.00,479.72,4490.54,25.08,2.500,1.54,50.0,0.53
4967.00,480.78,4492.81,25.09,2.500,1.54,50.0,0.53
4968.00,481.84,4495.07,25.10,2.500,1.53,50.0,0.53
4969.00,482.90,4497.34,25.11,2.500,1.53,50.0,0.53
4970.00,483.96,4499.60,25.12,2.500,1.53,50.0,0.53
4971.00,485.02,4501.86,25.13,2.500,1.53,50.0,0.53
4972.00,486.08,4504.13,25.14,2.500,1.53,50.0,0.53
4973.00,487.15,4506.39,25.15,2.500,1.53,50.0,0.53
4974.00,488.21,4508.65,25.15,2.500,1.53,50.0,0.53
4975.00,489.27,4510.92,25.16,2.500,1.53,50.0,0.53
4976.00,490.33,4513.18,25.17,2.500,1.53,50.0,0.53
4977.00,491.40,4515.44,25.18,2.500,1.53,50.0,0.53
4978.00,492.46,4517.70,25.19,2.500,1.53,50.0,0.53
4979.00,493.53,4519.97,25.20,2.500,1.53,50.0,0.53
4980.00,494.59,4522.23,25.21,2.500,1.53,50.0,0.53
4981.00,495.65,4524.49,25.22,2.500,1.53,50.0,0.53
4982.00,496.72,4526.75,25.23,2.500,1.53,50.0,0.53
4983.00,497.79,4529.01,25.23,2.500,1.52,50.0,0.53
4984.00,498.85,4531.27,25.24,2.500,1.52,50.0,0.53
4985.00,499.92,4533.54,25.25,2.500,1.52,50.0,0.53
4986.00,500.98,4535.80,25.26,2.500,1.52,50.0,0.53
4987.00,502.05,4538.06,25.27,2.500,1.52,50.0,0.53
4988.00,503.12,4540.32,25.28,2.500,1.52,50.0,0.53
4989.00,504.19,4542.58,25.29,2.500,1.52,50.0,0.53
4990.00,505.25,4544.84,25.30,2.500,1.52,50.0,0.53
4991.00,506.32,4547.10,25.30,2.500,1.52,50.0,0.53
4992.00,507.39,4549.36,25.31,2.500,1.52,50.0,0.53
4993.00,508.46,4551.62,25.32,2.500,1.52,50.0,0.53
4994.00,509.53,4553.88,25.33,2.500,1.52,50.0,0.53
4995.00,510.60,4556.14,25.34,2.500,1.52,50.0,0.53
4996.00,511.67,4558.40,25.35,2.500,1.52,50.0,0.53
4997.00,512.74,4560.66,25.36,2.500,1.52,50.0,0.53
4998.00,513.81,4562.92,25.37,2.500,1.51,50.0,0.53
4999.00,514.88,4565.18,25.37,2.500,1.51,50.0,0.53
5000.00,515.95,4567.44,25.38,2.500,1.51,50.0,0.53
5001.00,517.02,4569.69,25.39,2.500,1.51,50.0,0.53
5002.00,518.09,4571.95,25.40,2.500,1.51,50.0,0.53
5003.00,519.17,4574.21,25.41,2.500,1.51,50.0,0.53
5004.00,520.24,4576.47,25.42,2.500,1.51,50.0,0.52
5005.00,521.31,4578.73,25.43,2.500,1.51,50.0,0.52
5006.00,522.39,4580.98,25.44,2.500,1.51,50.0,0.52
5007.00,523.46,4583.24,25.44,2.500,1.51,50.0,0.52
5008.00,524.53,4585.50,25.45,2.500,1.51,50.0,0.52
5009.00,525.61,4587.76,25.46,2.500,1.51,50.0,0.52
5010.00,526.68,4590.01,25.47,2.500,1.51,50.0,0.52
5011.00,527.76,4592.27,25.48,2.500,1.51,50.0,0.52
5012.00,528.83,4594.53,25.49,2.500,1.51,50.0,0.52
5013.00,529.91,4596.78,25.50,2.500,1.50,50.0,0.52
5014.00,530.99,4599.04,25.51,2.500,1.50,50.0,0.52
5015.00,532.06,4601.30,25.51,2.500,1.50,50.0,0.52
5016.00,533.14,4603.55,25.52,2.500,1.50,50.0,0.52
5017.00,534.22,4605.81,25.53,2.500,1.50,50.0,0.52
5018.00,535.29,4608.07,25.54,2.500,1.50,50.0,0.52
5019.00,536.37,4610.32,25.55,2.500,1.50,50.0,0.52
5020.00,537.45,4612.58,25.56,2.500,1.50,50.0,0.52
5021.00,538.53,4614.83,25.57,2.500,1.50,50.0,0.52
5022.00,539.61,4617.09,25.58,2.500,1.50,50.0,0.52
5023.00,540.69,4619.34,25.58,2.500,1.50,50.0,0.52
5024.00,541.77,4621.60,25.59,2.500,1.50,50.0,0.52
5025.00,542.85,4623.85,25.60,2.500,1.50,50.0,0.52
5026.00,543.93,4626.11,25.61,2.500,1.50,50.0,0.52
5027.00,545.01,4628.36,25.62,2.500,1.50,50.0,0.52
5028.00,546.09,4630.62,25.63,2.500,1.49,50.0,0.52
5029.00,547.17,4632.87,25.64,2.500,1.49,50.0,0.52
5030.00,548.25,4635.12,25.64,2.500,1.49,50.0,0.52
5031.00,549.33,4637.38,25.65,2.500,1.49,50.0,0.52
5032.00,550.42,4639.63,25.66,2.500,1.49,50.0,0.52
5033.00,551.50,4641.88,25.67,2.500,1.49,50.0,0.52
5034.00,552.58,4644.14,25.68,2.500,1.49,50.0,0.52
5035.00,553.66,4646.39,25.69,2.500,1.49,50.0,0.52
5036.00,554.75,4648.64,25.70,2.500,1.49,50.0,0.52
5037.00,555.83,4650.90,25.70,2.500,1.49,50.0,0.52
5038.00,556.92,4653.15,25.71,2.500,1.49,50.0,0.52
5039.00,558.00,4655.40,25.72,2.500,1.49,50.0,0.52
5040.00,559.09,4657.65,25.73,2.500,1.49,50.0,0.52
5041.00,560.17,4659.91,25.74,2.500,1.49,50.0,0.52
5042.00,561.26,4662.16,25.75,2.500,1.49,50.0,0.52
5043.00,562.34,4664.41,25.76,2.500,1.48,50.0,0.52
5044.00,563.43,4666.66,25.77,2.500,1.48,50.0,0.52
5045.00,564.52,4668.91,25.77,2.500,1.48,50.0,0.52
5046.00,565.60,4671.16,25.78,2.500,1.48,50.0,0.52
5047.00,566.69,4673.41,25.79,2.500,1.48,50.0,0.51
5048.00,567.78,4675.67,25.80,2.500,1.48,50.0,0.51
5049.00,568.87,4677.92,25.81,2.500,1.48,50.0,0.51
5050.00,569.95,4680.17,25.82,2.500,1.48,50.0,0.51
5051.00,571.04,4682.42,25.83,2.500,1.48,50.0,0.51
5052.00,572.13,4684.67,25.83,2.500,1.48,50.0,0.51
5053.00,573.22,4686.92,25.84,2.500,1.48,50.0,0.51
5054.00,574.31,4689.17,25.85,2.500,1.48,50.0,0.51
5055.00,575.40,4691.42,25.86,2.500,1.48,50.0,0.51
5056.00,576.49,4693.67,25.87,2.500,1.48,50.0,0.51
5057.00,577.58,4695.92,25.88,2.500,1.48,50.0,0.51
5058.00,578.67,4698.17,25.89,2.500,1.47,50.0,0.51
5059.00,579.77,4700.42,25.89,2.500,1.47,50.0,0.51
5060.00,580.86,4702.66,25.90,2.500,1.47,50.0,0.51
5061.00,581.95,4704.91,25.91,2.500,1.47,50.0,0.51
5062.00,583.04,4707.16,25.92,2.500,1.47,50.0,0.51
5063.00,584.13,4709.41,25.93,2.500,1.47,50.0,0.51
5064.00,585.23,4711.66,25.94,2.500,1.47,50.0,0.51
5065.00,586.32,4713.91,25.94,2.500,1.47,50.0,0.51
5066.00,587.41,4716.16,25.95,2.500,1.47,50.0,0.51
5067.00,588.51,4718.40,25.96,2.500,1.47,50.0,0.51
5068.00,589.60,4720.65,25.97,2.500,1.47,50.0,0.51
5069.00,590.70,4722.90,25.98,2.500,1.47,50.0,0.51
5070.00,591.79,4725.15,25.99,2.500,1.47,50.0,0.51
5071.00,592.89,4727.39,26.00,2.500,1.47,50.0,0.51
5072.00,593.98,4729.64,26.00,2.500,1.47,50.0,0.51
5073.00,595.08,4731.89,26.01,2.500,1.46,50.0,0.51
5074.00,596.18,4734.13,26.02,2.500,1.46,50.0,0.51
5075.00,597.27,4736.38,26.03,2.500,1.46,50.0,0.51
5076.00,598.37,4738.63,26.04,2.500,1.46,50.0,0.51
5077.00,599.47,4740.87,26.05,2.500,1.46,50.0,0.51
5078.00,600.57,4743.12,26.06,2.500,1.46,50.0,0.51
5079.00,601.66,4745.37,26.06,2.500,1.46,50.0,0.51
5080.00,602.76,4747.61,26.07,2.500,1.46,50.0,0.51
5081.00,603.86,4749.86,26.08,2.500,1.46,50.0,0.51
5082.00,604.96,4752.10,26.09,2.500,1.46,50.0,0.51
5083.00,606.06,4754.35,26.10,2.500,1.46,50.0,0.51
5084.00,607.16,4756.59,26.11,2.500,1.46,50.0,0.51
5085.00,608.26,4758.84,26.11,2.500,1.46,50.0,0.51
5086.00,609.36,4761.08,26.12,2.500,1.46,50.0,0.51
5087.00,610.46,4763.33,26.13,2.500,1.46,50.0,0.51
5088.00,611.56,4765.57,26.14,2.500,1.45,50.0,0.51
5089.00,612.66,4767.82,26.15,2.500,1.45,50.0,0.51
5090.00,613.76,4770.06,26.16,2.500,1.45,50.0,0.50
5091.00,614.87,4772.30,26.16,2.500,1.45,50.0,0.50
5092.00,615.97,4774.55,26.17,2.500,1.45,50.0,0.50
5093.00,617.07,4776.79,26.18,2.500,1.45,50.0,0.50
5094.00,618.17,4779.03,26.19,2.500,1.45,50.0,0.50
5095.00,619.28,4781.28,26.20,2.500,1.45,50.0,0.50
5096.00,620.38,4783.52,26.21,2.500,1.45,50.0,0.50
5097.00,621.49,4785.76,26.22,2.500,1.45,50.0,0.50
5098.00,622.59,4788.01,26.22,2.500,1.45,50.0,0.50
5099.00,623.70,4790.25,26.23,2.500,1.45,50.0,0.50
5100.00,624.80,4792.49,26.24,2.500,1.45,50.0,0.50
5101.00,625.91,4794.73,26.25,2.500,1.45,50.0,0.50
5102.00,627.01,4796.98,26.26,2.500,1.45,50.0,0.50
5103.00,628.12,4799.22,26.27,2.500,1.44,50.0,0.50
5104.00,629.22,4801.46,26.27,2.500,1.44,50.0,0.50
5105.00,630.33,4803.70,26.28,2.500,1.44,50.0,0.50
5106.00,631.44,4805.94,26.29,2.500,1.44,50.0,0.50
5107.00,632.54,4808.19,26.30,2.500,1.44,50.0,0.50
5108.00,633.65,4810.43,26.31,2.500,1.44,50.0,0.50
5109.00,634.76,4812.67,26.32,2.500,1.44,50.0,0.50
5110.00,635.87,4814.91,26.32,2.500,1.44,50.0,0.50
5111.00,636.98,4817.15,26.33,2.500,1.44,50.0,0.50
5112.00,638.09,4819.39,26.34,2.500,1.44,50.0,0.50
5113.00,639.19,4821.63,26.35,2.500,1.44,50.0,0.50
5114.00,640.30,4823.87,26.36,2.500,1.44,50.0,0.50
5115.00,641.41,4826.11,26.37,2.500,1.44,50.0,0.50
5116.00,642.52,4828.35,26.37,2.500,1.44,50.0,0.50
5117.00,643.64,4830.59,26.38,2.500,1.44,50.0,0.50
5118.00,644.75,4832.83,26.39,2.500,1.43,50.0,0.50
5119.00,645.86,4835.07,26.40,2.500,1.43,50.0,0.50
5120.00,646.97,4837.31,26.41,2.500,1.43,50.0,0.50
5121.00,648.08,4839.55,26.42,2.500,1.43,50.0,0.50
5122.00,649.19,4841.79,26.42,2.500,1.43,50.0,0.50
5123.00,650.31,4844.03,26.43,2.500,1.43,50.0,0.50
5124.00,651.42,4846.26,26.44,2.500,1.43,50.0,0.50
5125.00,652.53,4848.50,26.45,2.500,1.43,50.0,0.50
5126.00,653.64,4850.74,26.46,2.500,1.43,50.0,0.50
5127.00,654.76,4852.98,26.47,2.500,1.43,50.0,0.50
5128.00,655.87,4855.22,26.47,2.500,1.43,50.0,0.50
5129.00,656.99,4857.46,26.48,2.500,1.43,50.0,0.50
5130.00,658.10,4859.69,26.49,2.500,1.43,50.0,0.50
5131.00,659.22,4861.93,26.50,2.500,1.43,50.0,0.50
5132.00,660.33,4864.17,26.51,2.500,1.43,50.0,0.50
5133.00,661.45,4866.41,26.51,2.500,1.42,50.0,0.50
5134.00,662.56,4868.64,26.52,2.500,1.42,50.0,0.50
5135.00,663.68,4870.88,26.53,2.500,1.42,50.0,0.49
5136.00,664.80,4873.12,26.54,2.500,1.42,50.0,0.49
5137.00,665.91,4875.35,26.55,2.500,1.42,50.0,0.49
5138.00,667.03,4877.59,26.56,2.500,1.42,50.0,0.49
5139.00,668.15,4879.83,26.56,2.500,1.42,50.0,0.49
5140.00,669.27,4882.06,26.57,2.500,1.42,50.0,0.49
5141.00,670.39,4884.30,26.58,2.500,1.42,50.0,0.49
5142.00,671.50,4886.53,26.59,2.500,1.42,50.0,0.49
5143.00,672.62,4888.77,26.60,2.500,1.42,50.0,0.49
5144.00,673.74,4891.00,26.61,2.500,1.42,50.0,0.49
5145.00,674.86,4893.24,26.61,2.500,1.42,50.0,0.49
5146.00,675.98,4895.47,26.62,2.500,1.42,50.0,0.49
5147.00,677.10,4897.71,26.63,2.500,1.42,50.0,0.49
5148.00,678.22,4899.94,26.64,2.500,1.42,50.0,0.49
5149.00,679.34,4902.18,26.65,2.500,1.42,50.0,0.49
5150.00,680.47,4904.41,26.65,2.500,1.42,50.0,0.49
5151.00,681.59,4906.65,26.66,2.500,1.41,50.0,0.49
5152.00,682.71,4908.88,26.67,2.500,1.41,50.0,0.49
5153.00,683.83,4911.12,26.68,2.500,1.41,50.0,0.49
5154.00,684.95,4913.35,26.69,2.500,1.41,50.0,0.49
5155.00,686.08,4915.58,26.70,2.500,1.41,50.0,0.49
5156.00,687.20,4917.82,26.70,2.500,1.41,50.0,0.49
5157.00,688.32,4920.05,26.71,2.500,1.41,50.0,0.49
5158.00,689.45,4922.28,26.72,2.500,1.41,50.0,0.49
5159.00,690.57,4924.52,26.73,2.500,1.41,50.0,0.49
5160.00,691.69,4926.75,26.74,2.500,1.41,50.0,0.49
5161.00,692.82,4928.98,26.74,2.500,1.41,50.0,0.49
5162.00,693.94,4931.21,26.75,2.500,1.41,50.0,0.49
5163.00,695.07,4933.45,26.76,2.500,1.41,50.0,0.49
5164.00,696.20,4935.68,26.77,2.500,1.41,50.0,0.49
5165.00,697.32,4937.91,26.78,2.500,1.41,50.0,0.49
5166.00,698.45,4940.14,26.78,2.500,1.40,50.0,0.49
5167.00,699.57,4942.38,26.79,2.500,1.40,50.0,0.49
5168.00,700.70,4944.61,26.80,2.500,1.40,50.0,0.49
5169.00,701.83,4946.84,26.81,2.500,1.40,50.0,0.49
5170.00,702.96,4949.07,26.82,2.500,1.40,50.0,0.49
5171.00,704.08,4951.30,26.83,2.500,1.40,50.0,0.49
5172.00,705.21,4953.53,26.83,2.500,1.40,50.0,0.49
5173.00,706.34,4955.76,26.84,2.500,1.40,50.0,0.49
5174.00,707.47,4957.99,26.85,2.500,1.40,50.0,0.49
5175.00,708.60,4960.22,26.86,2.500,1.40,50.0,0.49
5176.00,709.73,4962.45,26.87,2.500,1.40,50.0,0.49
5177.00,710.86,4964.68,26.87,2.500,1.40,50.0,0.49
5178.00,711.99,4966.91,26.88,2.500,1.40,50.0,0.49
5179.00,713.12,4969.14,26.89,2.500,1.40,50.0,0.49
5180.00,714.25,4971.37,26.90,2.500,1.40,50.0,0.48
5181.00,715.38,4973.60,26.91,2.500,1.39,50.0,0.48
5182.00,716.51,4975.83,26.91,2.500,1.39,50.0,0.48
5183.00,717.64,4978.06,26.92,2.500,1.39,50.0,0.48
5184.00,718.77,4980.29,26.93,2.500,1.39,50.0,0.48
5185.00,719.91,4982.52,26.94,2.500,1.39,50.0,0.48
5186.00,721.04,4984.75,26.95,2.500,1.39,50.0,0.48
5187.00,722.17,4986.98,26.95,2.500,1.39,50.0,0.48
5188.00,723.31,4989.21,26.96,2.500,1.39,50.0,0.48
5189.00,724.44,4991.43,26.97,2.500,1.39,50.0,0.48
5190.00,725.57,4993.66,26.98,2.500,1.39,50.0,0.48
5191.00,726.71,4995.89,26.99,2.500,1.39,50.0,0.48
5192.00,727.84,4998.12,27.00,2.500,1.39,50.0,0.48
5193.00,728.98,5000.34,27.00,2.500,1.39,50.0,0.48
5194.00,730.11,5002.57,27.01,2.500,1.39,50.0,0.48
5195.00,731.25,5004.80,27.02,2.500,1.39,50.0,0.48
5196.00,732.38,5007.03,27.03,2.500,1.38,50.0,0.48
5197.00,733.52,5009.25,27.04,2.500,1.38,50.0,0.48
5198.00,734.66,5011.48,27.04,2.500,1.38,50.0,0.48
5199.00,735.79,5013.71,27.05,2.500,1.38,50.0,0.48
5200.00,736.93,5015.93,27.06,2.500,1.38,50.0,0.48
5201.00,738.07,5018.16,27.07,2.500,1.38,50.0,0.48
5202.00,739.20,5020.39,27.08,2.500,1.38,50.0,0.48
5203.00,740.34,5022.61,27.08,2.500,1.38,50.0,0.48
5204.00,741.48,5024.84,27.09,2.500,1.38,50.0,0.48
5205.00,742.62,5027.06,27.10,2.500,1.38,50.0,0.48
5206.00,743.76,5029.29,27.11,2.500,1.38,50.0,0.48
5207.00,744.90,5031.51,27.12,2.500,1.38,50.0,0.48
5208.00,746.04,5033.74,27.12,2.500,1.38,50.0,0.48
5209.00,747.18,5035.97,27.13,2.500,1.38,50.0,0.48
5210.00,748.32,5038.19,27.14,2.500,1.38,50.0,0.48
5211.00,749.46,5040.41,27.15,2.500,1.38,50.0,0.48
5212.00,750.60,5042.64,27.16,2.500,1.38,50.0,0.48
5213.00,751.74,5044.86,27.16,2.500,1.38,50.0,0.48
5214.00,752.88,5047.09,27.17,2.500,1.37,50.0,0.48
5215.00,754.02,5049.31,27.18,2.500,1.37,50.0,0.48
5216.00,755.16,5051.54,27.19,2.500,1.37,50.0,0.48
5217.00,756.30,5053.76,27.19,2.500,1.37,50.0,0.48
5218.00,757.45,5055.98,27.20,2.500,1.37,50.0,0.48
5219.00,758.59,5058.21,27.21,2.500,1.37,50.0,0.48
5220.00,759.73,5060.43,27.22,2.500,1.37,50.0,0.48
5221.00,760.88,5062.65,27.23,2.500,1.37,50.0,0.48
5222.00,762.02,5064.88,27.23,2.500,1.37,50.0,0.48
5223.00,763.16,5067.10,27.24,2.500,1.37,50.0,0.48
5224.00,764.31,5069.32,27.25,2.500,1.37,50.0,0.48
5225.00,765.45,5071.54,27.26,2.500,1.37,50.0,0.48
5226.00,766.60,5073.77,27.27,2.500,1.37,50.0,0.47
5227.00,767.74,5075.99,27.27,2.500,1.37,50.0,0.47
5228.00,768.89,5078.21,27.28,2.500,1.37,50.0,0.47
5229.00,770.04,5080.43,27.29,2.500,1.36,50.0,0.47
5230.00,771.18,5082.66,27.30,2.500,1.36,50.0,0.47
5231.00,772.33,5084.88,27.31,2.500,1.36,50.0,0.47
5232.00,773.48,5087.10,27.31,2.500,1.36,50.0,0.47
5233.00,774.62,5089.32,27.32,2.500,1.36,50.0,0.47
5234.00,775.77,5091.54,27.33,2.500,1.36,50.0,0.47
5235.00,776.92,5093.76,27.34,2.500,1.36,50.0,0.47
5236.00,778.07,5095.98,27.35,2.500,1.36,50.0,0.47
5237.00,779.21,5098.20,27.35,2.500,1.36,50.0,0.47
5238.00,780.36,5100.42,27.36,2.500,1.36,50.0,0.47
5239.00,781.51,5102.64,27.37,2.500,1.36,50.0,0.47
5240.00,782.66,5104.86,27.38,2.500,1.36,50.0,0.47
5241.00,783.81,5107.08,27.38,2.500,1.36,50.0,0.47
5242.00,784.96,5109.30,27.39,2.500,1.36,50.0,0.47
5243.00,786.11,5111.52,27.40,2.500,1.36,50.0,0.47
5244.00,787.26,5113.74,27.41,2.500,1.35,50.0,0.47
5245.00,788.41,5115.96,27.42,2.500,1.35,50.0,0.47
5246.00,789.56,5118.18,27.42,2.500,1.35,50.0,0.47
5247.00,790.71,5120.40,27.43,2.500,1.35,50.0,0.47
5248.00,791.87,5122.62,27.44,2.500,1.35,50.0,0.47
5249.00,793.02,5124.84,27.45,2.500,1.35,50.0,0.47
5250.00,794.17,5127.06,27.45,2.500,1.35,50.0,0.47
5251.00,795.32,5129.28,27.46,2.500,1.35,50.0,0.47
5252.00,796.48,5131.49,27.47,2.500,1.35,50.0,0.47
5253.00,797.63,5133.71,27.48,2.500,1.35,50.0,0.47
5254.00,798.78,5135.93,27.49,2.500,1.35,50.0,0.47
5255.00,799.94,5138.15,27.49,2.500,1.35,50.0,0.47
5256.00,801.09,5140.37,27.50,2.500,1.35,50.0,0.47
5257.00,802.25,5142.58,27.51,2.500,1.35,50.0,0.47
5258.00,803.40,5144.80,27.52,2.500,1.35,50.0,0.47
5259.00,804.56,5147.02,27.53,2.500,1.35,50.0,0.47
5260.00,805.71,5149.23,27.53,2.500,1.35,50.0,0.47
5261.00,806.87,5151.45,27.54,2.500,1.35,50.0,0.47
5262.00,808.02,5153.67,27.55,2.500,1.34,50.0,0.47
5263.00,809.18,5155.88,27.56,2.500,1.34,50.0,0.47
5264.00,810.33,5158.10,27.56,2.500,1.34,50.0,0.47
5265.00,811.49,5160.32,27.57,2.500,1.34,50.0,0.47
5266.00,812.65,5162.53,27.58,2.500,1.34,50.0,0.47
5267.00,813.81,5164.75,27.59,2.500,1.34,50.0,0.47
5268.00,814.96,5166.96,27.60,2.500,1.34,50.0,0.47
5269.00,816.12,5169.18,27.60,2.500,1.34,50.0,0.47
5270.00,817.28,5171.40,27.61,2.500,1.34,50.0,0.47
5271.00,818.44,5173.61,27.62,2.500,1.34,50.0,0.47
5272.00,819.60,5175.83,27.63,2.500,1.34,50.0,0.46
5273.00,820.76,5178.04,27.63,2.500,1.34,50.0,0.46
5274.00,821.92,5180.26,27.64,2.500,1.34,50.0,0.46
5275.00,823.08,5182.47,27.65,2.500,1.34,50.0,0.46
5276.00,824.24,5184.69,27.66,2.500,1.34,50.0,0.46
5277.00,825.40,5186.90,27.66,2.500,1.33,50.0,0.46
5278.00,826.56,5189.11,27.67,2.500,1.33,50.0,0.46
5279.00,827.72,5191.33,27.68,2.500,1.33,50.0,0.46
5280.00,828.88,5193.54,27.69,2.500,1.33,50.0,0.46
5281.00,830.04,5195.76,27.70,2.500,1.33,50.0,0.46
5282.00,831.20,5197.97,27.70,2.500,1.33,50.0,0.46
5283.00,832.37,5200.18,27.71,2.500,1.33,50.0,0.46
5284.00,833.53,5202.40,27.72,2.500,1.33,50.0,0.46
5285.00,834.69,5204.61,27.73,2.500,1.33,50.0,0.46
5286.00,835.85,5206.82,27.73,2.500,1.33,50.0,0.46
5287.00,837.02,5209.03,27.74,2.500,1.33,50.0,0.46
5288.00,838.18,5211.25,27.75,2.500,1.33,50.0,0.46
5289.00,839.35,5213.46,27.76,2.500,1.33,50.0,0.46
5290.00,840.51,5215.67,27.77,2.500,1.33,50.0,0.46
5291.00,841.68,5217.88,27.77,2.500,1.33,50.0,0.46
5292.00,842.84,5220.10,27.78,2.500,1.33,50.0,0.46
5293.00,844.01,5222.31,27.79,2.500,1.33,50.0,0.46
5294.00,845.17,5224.52,27.80,2.500,1.33,50.0,0.46
5295.00,846.34,5226.73,27.80,2.500,1.32,50.0,0.46
5296.00,847.50,5228.94,27.81,2.500,1.32,50.0,0.46
5297.00,848.67,5231.15,27.82,2.500,1.32,50.0,0.46
5298.00,849.84,5233.36,27.83,2.500,1.32,50.0,0.46
5299.00,851.00,5235.58,27.83,2.500,1.32,50.0,0.46
5300.00,852.17,5237.79,27.84,2.500,1.32,50.0,0.46
5301.00,853.34,5240.00,27.85,2.500,1.32,50.0,0.46
5302.00,854.51,5242.21,27.86,2.500,1.32,50.0,0.46
5303.00,855.67,5244.42,27.86,2.500,1.32,50.0,0.46
5304.00,856.84,5246.63,27.87,2.500,1.32,50.0,0.46
5305.00,858.01,5248.84,27.88,2.500,1.32,50.0,0.46
5306.00,859.18,5251.05,27.89,2.500,1.32,50.0,0.46
5307.00,860.35,5253.26,27.90,2.500,1.32,50.0,0.46
5308.00,861.52,5255.47,27.90,2.500,1.32,50.0,0.46
5309.00,862.69,5257.68,27.91,2.500,1.32,50.0,0.46
5310.00,863.86,5259.89,27.92,2.500,1.31,50.0,0.46
5311.00,865.03,5262.09,27.93,2.500,1.31,50.0,0.46
5312.00,866.20,5264.30,27.93,2.500,1.31,50.0,0.46
5313.00,867.37,5266.51,27.94,2.500,1.31,50.0,0.46
5314.00,868.54,5268.72,27.95,2.500,1.31,50.0,0.46
5315.00,869.71,5270.93,27.96,2.500,1.31,50.0,0.46
5316.00,870.89,5273.14,27.96,2.500,1.31,50.0,0.46
5317.00,872.06,5275.35,27.97,2.500,1.31,50.0,0.46
5318.00,873.23,5277.55,27.98,2.500,1.31,50.0,0.46
5319.00,874.40,5279.76,27.99,2.500,1.31,50.0,0.46
5320.00,875.58,5281.97,27.99,2.500,1.31,50.0,0.45
5321.00,876.75,5284.18,28.00,2.500,1.31,50.0,0.45
5322.00,877.92,5286.38,28.01,2.500,1.31,50.0,0.45
5323.00,879.10,5288.59,28.02,2.500,1.31,50.0,0.45
5324.00,880.27,5290.80,28.02,2.500,1.31,50.0,0.45
5325.00,881.45,5293.00,28.03,2.500,1.31,50.0,0.45
5326.00,882.62,5295.21,28.04,2.500,1.31,50.0,0.45
5327.00,883.80,5297.42,28.05,2.500,1.31,50.0,0.45
5328.00,884.97,5299.62,28.05,2.500,1.30,50.0,0.45
5329.00,886.15,5301.83,28.06,2.500,1.30,50.0,0.45
5330.00,887.33,5304.04,28.07,2.500,1.30,50.0,0.45
5331.00,888.50,5306.24,28.08,2.500,1.30,50.0,0.45
5332.00,889.68,5308.45,28.08,2.500,1.30,50.0,0.45
5333.00,890.86,5310.65,28.09,2.500,1.30,50.0,0.45
5334.00,892.03,5312.86,28.10,2.500,1.30,50.0,0.45
5335.00,893.21,5315.06,28.11,2.500,1.30,50.0,0.45
5336.00,894.39,5317.27,28.12,2.500,1.30,50.0,0.45
5337.00,895.57,5319.47,28.12,2.500,1.30,50.0,0.45
5338.00,896.74,5321.68,28.13,2.500,1.30,50.0,0.45
5339.00,897.92,5323.88,28.14,2.500,1.30,50.0,0.45
5340.00,899.10,5326.09,28.15,2.500,1.30,50.0,0.45
5341.00,900.28,5328.29,28.15,2.500,1.30,50.0,0.45
5342.00,901.46,5330.50,28.16,2.500,1.30,50.0,0.45
5343.00,902.64,5332.70,28.17,2.500,1.30,50.0,0.45
5344.00,903.82,5334.91,28.18,2.500,1.30,50.0,0.45
5345.00,905.00,5337.11,28.18,2.500,1.30,50.0,0.45
5346.00,906.18,5339.31,28.19,2.500,1.29,50.0,0.45
5347.00,907.36,5341.52,28.20,2.500,1.29,50.0,0.45
5348.00,908.54,5343.72,28.21,2.500,1.29,50.0,0.45
5349.00,909.73,5345.92,28.21,2.500,1.29,50.0,0.45
5350.00,910.91,5348.13,28.22,2.500,1.29,50.0,0.45
5351.00,912.09,5350.33,28.23,2.500,1.29,50.0,0.45
5352.00,913.27,5352.53,28.23,2.500,1.29,50.0,0.45
5353.00,914.45,5354.73,28.24,2.500,1.29,50.0,0.45
5354.00,915.64,5356.94,28.25,2.500,1.29,50.0,0.45
5355.00,916.82,5359.14,28.26,2.500,1.29,50.0,0.45
5356.00,918.00,5361.34,28.26,2.500,1.29,50.0,0.45
5357.00,919.19,5363.54,28.27,2.500,1.29,50.0,0.45
5358.00,920.37,5365.74,28.28,2.500,1.29,50.0,0.45
5359.00,921.56,5367.95,28.29,2.500,1.29,50.0,0.45
5360.00,922.74,5370.15,28.29,2.500,1.29,50.0,0.45
5361.00,923.93,5372.35,28.30,2.500,1.28,50.0,0.45
5362.00,925.11,5374.55,28.31,2.500,1.28,50.0,0.45
5363.00,926.30,5376.75,28.32,2.500,1.28,50.0,0.45
5364.00,927.48,5378.95,28.32,2.500,1.28,50.0,0.45
5365.00,928.67,5381.15,28.33,2.500,1.28,50.0,0.45
5366.00,929.86,5383.35,28.34,2.500,1.28,50.0,0.45
5367.00,931.04,5385.55,28.35,2.500,1.28,50.0,0.45
5368.00,932.23,5387.75,28.35,2.500,1.28,50.0,0.45
5369.00,933.42,5389.95,28.36,2.500,1.28,50.0,0.44
5370.00,934.60,5392.15,28.37,2.500,1.28,50.0,0.44
5371.00,935.79,5394.35,28.38,2.500,1.28,50.0,0.44
5372.00,936.98,5396.55,28.38,2.500,1.28,50.0,0.44
5373.00,938.17,5398.75,28.39,2.500,1.28,50.0,0.44
5374.00,939.36,5400.95,28.40,2.500,1.28,50.0,0.44
5375.00,940.55,5403.15,28.41,2.500,1.28,50.0,0.44
5376.00,941.74,5405.35,28.41,2.500,1.28,50.0,0.44
5377.00,942.93,5407.55,28.42,2.500,1.28,50.0,0.44
5378.00,944.12,5409.75,28.43,2.500,1.28,50.0,0.44
5379.00,945.31,5411.95,28.44,2.500,1.27,50.0,0.44
5380.00,946.50,5414.14,28.44,2.500,1.27,50.0,0.44
5381.00,947.69,5416.34,28.45,2.500,1.27,50.0,0.44
5382.00,948.88,5418.54,28.46,2.500,1.27,50.0,0.44
5383.00,950.07,5420.74,28.46,2.500,1.27,50.0,0.44
5384.00,951.26,5422.94,28.47,2.500,1.27,50.0,0.44
5385.00,952.45,5425.13,28.48,2.500,1.27,50.0,0.44
5386.00,953.64,5427.33,28.49,2.500,1.27,50.0,0.44
5387.00,954.84,5429.53,28.49,2.500,1.27,50.0,0.44
5388.00,956.03,5431.73,28.50,2.500,1.27,50.0,0.44
5389.00,957.22,5433.92,28.51,2.500,1.27,50.0,0.44
5390.00,958.42,5436.12,28.52,2.500,1.27,50.0,0.44
5391.00,959.61,5438.32,28.52,2.500,1.27,50.0,0.44
5392.00,960.80,5440.51,28.53,2.500,1.27,50.0,0.44
5393.00,962.00,5442.71,28.54,2.500,1.27,50.0,0.44
5394.00,963.19,5444.91,28.55,2.500,1.27,50.0,0.44
5395.00,964.39,5447.10,28.55,2.500,1.27,50.0,0.44
5396.00,965.58,5449.30,28.56,2.500,1.27,50.0,0.44
5397.00,966.78,5451.49,28.57,2.500,1.26,50.0,0.44
5398.00,967.97,5453.69,28.58,2.500,1.26,50.0,0.44
5399.00,969.17,5455.88,28.58,2.500,1.26,50.0,0.44
5400.00,970.36,5458.08,28.59,2.500,1.26,50.0,0.44
5401.00,971.56,5460.28,28.60,2.500,1.26,50.0,0.44
5402.00,972.76,5462.47,28.60,2.500,1.26,50.0,0.44
5403.00,973.95,5464.66,28.61,2.500,1.26,50.0,0.44
5404.00,975.15,5466.86,28.62,2.500,1.26,50.0,0.44
5405.00,976.35,5469.05,28.63,2.500,1.26,50.0,0.44
5406.00,977.55,5471.25,28.63,2.500,1.26,50.0,0.44
5407.00,978.74,5473.44,28.64,2.500,1.26,50.0,0.44
5408.00,979.94,5475.64,28.65,2.500,1.26,50.0,0.44
5409.00,981.14,5477.83,28.66,2.500,1.26,50.0,0.44
5410.00,982.34,5480.02,28.66,2.500,1.26,50.0,0.44
5411.00,983.54,5482.22,28.67,2.500,1.26,50.0,0.44
5412.00,984.74,5484.41,28.68,2.500,1.25,50.0,0.44
5413.00,985.94,5486.61,28.68,2.500,1.25,50.0,0.44
5414.00,987.14,5488.80,28.69,2.500,1.25,50.0,0.44
5415.00,988.34,5490.99,28.70,2.500,1.25,50.0,0.44
5416.00,989.54,5493.18,28.71,2.500,1.25,50.0,0.44
5417.00,990.74,5495.38,28.71,2.500,1.25,50.0,0.44
5418.00,991.94,5497.57,28.72,2.500,1.25,50.0,0.43
5419.00,993.14,5499.76,28.73,2.500,1.25,50.0,0.43
5420.00,994.34,5501.95,28.74,2.500,1.25,50.0,0.43
5421.00,995.55,5504.15,28.74,2.500,1.25,50.0,0.43
5422.00,996.75,5506.34,28.75,2.500,1.25,50.0,0.43
5423.00,997.95,5508.53,28.76,2.500,1.25,50.0,0.43
5424.00,999.15,5510.72,28.76,2.500,1.25,50.0,0.43
5425.00,1000.36,5512.91,28.77,2.500,1.25,50.0,0.43
5426.00,1001.56,5515.10,28.78,2.500,1.25,50.0,0.43
5427.00,1002.76,5517.30,28.79,2.500,1.25,50.0,0.43
5428.00,1003.97,5519.49,28.79,2.500,1.25,50.0,0.43
5429.00,1005.17,5521.68,28.80,2.500,1.25,50.0,0.43
5430.00,1006.38,5523.87,28.81,2.500,1.24,50.0,0.43
5431.00,1007.58,5526.06,28.81,2.500,1.24,50.0,0.43
5432.00,1008.78,5528.25,28.82,2.500,1.24,50.0,0.43
5433.00,1009.99,5530.44,28.83,2.500,1.24,50.0,0.43
5434.00,1011.20,5532.63,28.84,2.500,1.24,50.0,0.43
5435.00,1012.40,5534.82,28.84,2.500,1.24,50.0,0.43
5436.00,1013.61,5537.01,28.85,2.500,1.24,50.0,0.43
5437.00,1014.81,5539.20,28.86,2.500,1.24,50.0,0.43
5438.00,1016.02,5541.39,28.86,2.500,1.24,50.0,0.43
5439.00,1017.23,5543.58,28.87,2.500,1.24,50.0,0.43
5440.00,1018.43,5545.77,28.88,2.500,1.24,50.0,0.43
5441.00,1019.64,5547.96,28.89,2.500,1.24,50.0,0.43
5442.00,1020.85,5550.15,28.89,2.500,1.24,50.0,0.43
5443.00,1022.06,5552.34,28.90,2.500,1.24,50.0,0.43
5444.00,1023.27,5554.52,28.91,2.500,1.24,50.0,0.43
5445.00,1024.47,5556.71,28.92,2.500,1.24,50.0,0.43
5446.00,1025.68,5558.90,28.92,2.500,1.24,50.0,0.43
5447.00,1026.89,5561.09,28.93,2.500,1.24,50.0,0.43
5448.00,1028.10,5563.28,28.94,2.500,1.23,50.0,0.43
5449.00,1029.31,5565.46,28.94,2.500,1.23,50.0,0.43
5450.00,1030.52,5567.65,28.95,2.500,1.23,50.0,0.43
5451.00,1031.73,5569.84,28.96,2.500,1.23,50.0,0.43
5452.00,1032.94,5572.03,28.97,2.500,1.23,50.0,0.43
5453.00,1034.15,5574.21,28.97,2.500,1.23,50.0,0.43
5454.00,1035.36,5576.40,28.98,2.500,1.23,50.0,0.43
5455.00,1036.57,5578.59,28.99,2.500,1.23,50.0,0.43
5456.00,1037.79,5580.78,28.99,2.500,1.23,50.0,0.43
5457.00,1039.00,5582.96,29.00,2.500,1.23,50.0,0.43
5458.00,1040.21,5585.15,29.01,2.500,1.23,50.0,0.43
5459.00,1041.42,5587.34,29.02,2.500,1.23,50.0,0.43
5460.00,1042.63,5589.52,29.02,2.500,1.23,50.0,0.43
5461.00,1043.85,5591.71,29.03,2.500,1.23,50.0,0.43
5462.00,1045.06,5593.89,29.04,2.500,1.23,50.0,0.43
5463.00,1046.27,5596.08,29.04,2.500,1.23,50.0,0.43
5464.00,1047.49,5598.26,29.05,2.500,1.23,50.0,0.43
5465.00,1048.70,5600.45,29.06,2.500,1.23,50.0,0.43
5466.00,1049.92,5602.64,29.06,2.500,1.22,50.0,0.43
5467.00,1051.13,5604.82,29.07,2.500,1.22,50.0,0.43
5468.00,1052.35,5607.01,29.08,2.500,1.22,50.0,0.43
5469.00,1053.56,5609.19,29.09,2.500,1.22,50.0,0.42
5470.00,1054.78,5611.38,29.09,2.500,1.22,50.0,0.42
5471.00,1055.99,5613.56,29.10,2.500,1.22,50.0,0.42
5472.00,1057.21,5615.74,29.11,2.500,1.22,50.0,0.42
5473.00,1058.42,5617.93,29.11,2.500,1.22,50.0,0.42
5474.00,1059.64,5620.11,29.12,2.500,1.22,50.0,0.42
5475.00,1060.86,5622.30,29.13,2.500,1.22,50.0,0.42
5476.00,1062.07,5624.48,29.14,2.500,1.22,50.0,0.42
5477.00,1063.29,5626.66,29.14,2.500,1.22,50.0,0.42
5478.00,1064.51,5628.85,29.15,2.500,1.22,50.0,0.42
5479.00,1065.73,5631.03,29.16,2.500,1.22,50.0,0.42
5480.00,1066.94,5633.21,29.16,2.500,1.22,50.0,0.42
5481.00,1068.16,5635.40,29.17,2.500,1.22,50.0,0.42
5482.00,1069.38,5637.58,29.18,2.500,1.22,50.0,0.42
5483.00,1070.60,5639.76,29.18,2.500,1.22,50.0,0.42
5484.00,1071.82,5641.95,29.19,2.500,1.21,50.0,0.42
5485.00,1073.04,5644.13,29.20,2.500,1.21,50.0,0.42
5486.00,1074.26,5646.31,29.21,2.500,1.21,50.0,0.42
5487.00,1075.48,5648.49,29.21,2.500,1.21,50.0,0.42
5488.00,1076.70,5650.67,29.22,2.500,1.21,50.0,0.42
5489.00,1077.92,5652.86,29.23,2.500,1.21,50.0,0.42
5490.00,1079.14,5655.04,29.23,2.500,1.21,50.0,0.42
5491.00,1080.36,5657.22,29.24,2.500,1.21,50.0,0.42
5492.00,1081.58,5659.40,29.25,2.500,1.21,50.0,0.42
5493.00,1082.80,5661.58,29.26,2.500,1.21,50.0,0.42
5494.00,1084.02,5663.76,29.26,2.500,1.21,50.0,0.42
5495.00,1085.25,5665.94,29.27,2.500,1.21,50.0,0.42
5496.00,1086.47,5668.13,29.28,2.500,1.21,50.0,0.42
5497.00,1087.69,5670.31,29.28,2.500,1.21,50.0,0.42
5498.00,1088.91,5672.49,29.29,2.500,1.21,50.0,0.42
5499.00,1090.14,5674.67,29.30,2.500,1.21,50.0,0.42
5500.00,1091.36,5676.85,29.30,2.500,1.21,50.0,0.42
5501.00,1092.58,5679.03,29.31,2.500,1.21,50.0,0.42
5502.00,1093.81,5681.21,29.32,2.500,1.20,50.0,0.42
5503.00,1095.03,5683.39,29.32,2.500,1.20,50.0,0.42
5504.00,1096.26,5685.57,29.33,2.500,1.20,50.0,0.42
5505.00,1097.48,5687.75,29.34,2.500,1.20,50.0,0.42
5506.00,1098.71,5689.93,29.35,2.500,1.20,50.0,0.42
5507.00,1099.93,5692.11,29.35,2.500,1.20,50.0,0.42
5508.00,1101.16,5694.28,29.36,2.500,1.20,50.0,0.42
5509.00,1102.38,5696.46,29.37,2.500,1.20,50.0,0.42
5510.00,1103.61,5698.64,29.37,2.500,1.20,50.0,0.42
5511.00,1104.83,5700.82,29.38,2.500,1.20,50.0,0.42
5512.00,1106.06,5703.00,29.39,2.500,1.20,50.0,0.42
5513.00,1107.29,5705.18,29.39,2.500,1.20,50.0,0.42
5514.00,1108.51,5707.36,29.40,2.500,1.20,50.0,0.42
5515.00,1109.74,5709.53,29.41,2.500,1.20,50.0,0.42
5516.00,1110.97,5711.71,29.42,2.500,1.20,50.0,0.42
5517.00,1112.20,5713.89,29.42,2.500,1.20,50.0,0.42
5518.00,1113.42,5716.07,29.43,2.500,1.20,50.0,0.42
5519.00,1114.65,5718.24,29.44,2.500,1.20,50.0,0.42
5520.00,1115.88,5720.42,29.44,2.500,1.19,50.0,0.42
5521.00,1117.11,5722.60,29.45,2.500,1.19,50.0,0.41
5522.00,1118.34,5724.78,29.46,2.500,1.19,50.0,0.41
5523.00,1119.57,5726.95,29.46,2.500,1.19,50.0,0.41
5524.00,1120.80,5729.13,29.47,2.500,1.19,50.0,0.41
5525.00,1122.03,5731.31,29.48,2.500,1.19,50.0,0.41
5526.00,1123.26,5733.48,29.48,2.500,1.19,50.0,0.41
5527.00,1124.49,5735.66,29.49,2.500,1.19,50.0,0.41
5528.00,1125.72,5737.83,29.50,2.500,1.19,50.0,0.41
5529.00,1126.95,5740.01,29.51,2.500,1.19,50.0,0.41
5530.00,1128.18,5742.19,29.51,2.500,1.19,50.0,0.41
5531.00,1129.41,5744.36,29.52,2.500,1.19,50.0,0.41
5532.00,1130.65,5746.54,29.53,2.500,1.19,50.0,0.41
5533.00,1131.88,5748.71,29.53,2.500,1.19,50.0,0.41
5534.00,1133.11,5750.89,29.54,2.500,1.19,50.0,0.41
5535.00,1134.34,5753.06,29.55,2.500,1.19,50.0,0.41
5536.00,1135.58,5755.24,29.55,2.500,1.19,50.0,0.41
5537.00,1136.81,5757.41,29.56,2.500,1.19,50.0,0.41
5538.00,1138.04,5759.59,29.57,2.500,1.18,50.0,0.41
5539.00,1139.28,5761.76,29.57,2.500,1.18,50.0,0.41
5540.00,1140.51,5763.94,29.58,2.500,1.18,50.0,0.41
5541.00,1141.74,5766.11,29.59,2.500,1.18,50.0,0.41
5542.00,1142.98,5768.28,29.59,2.500,1.18,50.0,0.41
5543.00,1144.21,5770.46,29.60,2.500,1.18,50.0,0.41
5544.00,1145.45,5772.63,29.61,2.500,1.18,50.0,0.41
5545.00,1146.68,5774.80,29.61,2.500,1.18,50.0,0.41
5546.00,1147.92,5776.98,29.62,2.500,1.18,50.0,0.41
5547.00,1149.15,5779.15,29.63,2.500,1.18,50.0,0.41
5548.00,1150.39,5781.32,29.64,2.500,1.18,50.0,0.41
5549.00,1151.63,5783.50,29.64,2.500,1.18,50.0,0.41
5550.00,1152.86,5785.67,29.65,2.500,1.18,50.0,0.41
5551.00,1154.10,5787.84,29.66,2.500,1.18,50.0,0.41
5552.00,1155.34,5790.02,29.66,2.500,1.18,50.0,0.41
5553.00,1156.57,5792.19,29.67,2.500,1.18,50.0,0.41
5554.00,1157.81,5794.36,29.68,2.500,1.18,50.0,0.41
5555.00,1159.05,5796.53,29.68,2.500,1.18,50.0,0.41
5556.00,1160.29,5798.70,29.69,2.500,1.17,50.0,0.41
5557.00,1161.52,5800.88,29.70,2.500,1.17,50.0,0.41
5558.00,1162.76,5803.05,29.70,2.500,1.17,50.0,0.41
5559.00,1164.00,5805.22,29.71,2.500,1.17,50.0,0.41
5560.00,1165.24,5807.39,29.72,2.500,1.17,50.0,0.41
5561.00,1166.48,5809.56,29.72,2.500,1.17,50.0,0.41
5562.00,1167.72,5811.73,29.73,2.500,1.17,50.0,0.41
5563.00,1168.96,5813.90,29.74,2.500,1.17,50.0,0.41
5564.00,1170.20,5816.07,29.74,2.500,1.17,50.0,0.41
5565.00,1171.44,5818.24,29.75,2.500,1.17,50.0,0.41
5566.00,1172.68,5820.42,29.76,2.500,1.17,50.0,0.41
5567.00,1173.92,5822.59,29.76,2.500,1.17,50.0,0.41
5568.00,1175.16,5824.76,29.77,2.500,1.17,50.0,0.41
5569.00,1176.40,5826.93,29.78,2.500,1.17,50.0,0.41
5570.00,1177.65,5829.10,29.78,2.500,1.17,50.0,0.41
5571.00,1178.89,5831.27,29.79,2.500,1.17,50.0,0.41
5572.00,1180.13,5833.44,29.80,2.500,1.17,50.0,0.41
5573.00,1181.37,5835.60,29.81,2.500,1.17,50.0,0.41
5574.00,1182.61,5837.77,29.81,2.500,1.16,50.0,0.40
5575.00,1183.86,5839.94,29.82,2.500,1.16,50.0,0.40
5576.00,1185.10,5842.11,29.83,2.500,1.16,50.0,0.40
5577.00,1186.34,5844.28,29.83,2.500,1.16,50.0,0.40
5578.00,1187.59,5846.45,29.84,2.500,1.16,50.0,0.40
5579.00,1188.83,5848.62,29.85,2.500,1.16,50.0,0.40
5580.00,1190.08,5850.79,29.85,2.500,1.16,50.0,0.40
5581.00,1191.32,5852.96,29.86,2.500,1.16,50.0,0.40
5582.00,1192.56,5855.12,29.87,2.500,1.16,50.0,0.40
5583.00,1193.81,5857.29,29.87,2.500,1.16,50.0,0.40
5584.00,1195.05,5859.46,29.88,2.500,1.16,50.0,0.40
5585.00,1196.30,5861.63,29.89,2.500,1.16,50.0,0.40
5586.00,1197.55,5863.79,29.89,2.500,1.16,50.0,0.40
5587.00,1198.79,5865.96,29.90,2.500,1.16,50.0,0.40
5588.00,1200.04,5868.13,29.91,2.500,1.16,50.0,0.40
5589.00,1201.28,5870.30,29.91,2.500,1.16,50.0,0.40
5590.00,1202.53,5872.46,29.92,2.500,1.16,50.0,0.40
5591.00,1203.78,5874.63,29.93,2.500,1.16,50.0,0.40
5592.00,1205.03,5876.80,29.93,2.500,1.15,50.0,0.40
5593.00,1206.27,5878.96,29.94,2.500,1.15,50.0,0.40
5594.00,1207.52,5881.13,29.95,2.500,1.15,50.0,0.40
5595.00,1208.77,5883.30,29.95,2.500,1.15,50.0,0.40
5596.00,1210.02,5885.46,29.96,2.500,1.15,50.0,0.40
5597.00,1211.27,5887.63,29.97,2.500,1.15,50.0,0.40
5598.00,1212.51,5889.79,29.97,2.500,1.15,50.0,0.40
5599.00,1213.76,5891.96,29.98,2.500,1.15,50.0,0.40
5600.00,1215.01,5894.12,29.99,2.500,1.15,50.0,0.40
5601.00,1216.26,5896.29,29.99,2.500,1.15,50.0,0.40
5602.00,1217.51,5898.46,30.00,2.500,1.15,50.0,0.40
5603.00,1218.76,5900.62,30.01,2.500,1.15,50.0,0.40
5604.00,1220.01,5902.79,30.01,2.500,1.15,50.0,0.40
5605.00,1221.26,5904.95,30.02,2.500,1.15,50.0,0.40
5606.00,1222.51,5907.11,30.03,2.500,1.15,50.0,0.40
5607.00,1223.76,5909.28,30.03,2.500,1.15,50.0,0.40
5608.00,1225.01,5911.44,30.04,2.500,1.15,50.0,0.40
5609.00,1226.27,5913.61,30.05,2.500,1.15,50.0,0.40
5610.00,1227.52,5915.77,30.05,2.500,1.15,50.0,0.40
5611.00,1228.77,5917.94,30.06,2.500,1.15,50.0,0.40
5612.00,1230.02,5920.10,30.07,2.500,1.15,50.0,0.40
5613.00,1231.27,5922.26,30.07,2.500,1.14,50.0,0.40
5614.00,1232.53,5924.43,30.08,2.500,1.14,50.0,0.40
5615.00,1233.78,5926.59,30.09,2.500,1.14,50.0,0.40
5616.00,1235.03,5928.75,30.09,2.500,1.14,50.0,0.40
5617.00,1236.29,5930.92,30.10,2.500,1.14,50.0,0.40
5618.00,1237.54,5933.08,30.11,2.500,1.14,50.0,0.40
5619.00,1238.80,5935.24,30.11,2.500,1.14,50.0,0.40
5620.00,1240.05,5937.40,30.12,2.500,1.14,50.0,0.40
5621.00,1241.30,5939.57,30.13,2.500,1.14,50.0,0.40
5622.00,1242.56,5941.73,30.13,2.500,1.14,50.0,0.40
5623.00,1243.81,5943.89,30.14,2.500,1.14,50.0,0.40
5624.00,1245.07,5946.05,30.15,2.500,1.14,50.0,0.40
5625.00,1246.32,5948.22,30.15,2.500,1.14,50.0,0.40
5626.00,1247.58,5950.38,30.16,2.500,1.14,50.0,0.40
5627.00,1248.84,5952.54,30.17,2.500,1.14,50.0,0.40
5628.00,1250.09,5954.70,30.17,2.500,1.14,50.0,0.39
5629.00,1251.35,5956.86,30.18,2.500,1.14,50.0,0.39
5630.00,1252.61,5959.02,30.18,2.500,1.14,50.0,0.39
5631.00,1253.86,5961.18,30.19,2.500,1.13,50.0,0.39
5632.00,1255.12,5963.34,30.20,2.500,1.13,50.0,0.39
5633.00,1256.38,5965.51,30.20,2.500,1.13,50.0,0.39
5634.00,1257.63,5967.67,30.21,2.500,1.13,50.0,0.39
5635.00,1258.89,5969.83,30.22,2.500,1.13,50.0,0.39
5636.00,1260.15,5971.99,30.22,2.500,1.13,50.0,0.39
5637.00,1261.41,5974.15,30.23,2.500,1.13,50.0,0.39
5638.00,1262.67,5976.31,30.24,2.500,1.13,50.0,0.39
5639.00,1263.93,5978.47,30.24,2.500,1.13,50.0,0.39
5640.00,1265.19,5980.63,30.25,2.500,1.13,50.0,0.39
5641.00,1266.45,5982.79,30.26,2.500,1.13,50.0,0.39
5642.00,1267.71,5984.95,30.26,2.500,1.13,50.0,0.39
5643.00,1268.97,5987.10,30.27,2.500,1.13,50.0,0.39
5644.00,1270.23,5989.26,30.28,2.500,1.13,50.0,0.39
5645.00,1271.49,5991.42,30.28,2.500,1.13,50.0,0.39
5646.00,1272.75,5993.58,30.29,2.500,1.13,50.0,0.39
5647.00,1274.01,5995.74,30.30,2.500,1.13,50.0,0.39
5648.00,1275.27,5997.90,30.30,2.500,1.13,50.0,0.39
5649.00,1276.53,6000.06,30.31,2.500,1.12,50.0,0.39
5650.00,1277.79,6002.22,30.32,2.500,1.12,50.0,0.39
5651.00,1279.05,6004.37,30.32,2.500,1.12,50.0,0.39
5652.00,1280.32,6006.53,30.33,2.500,1.12,50.0,0.39
5653.00,1281.58,6008.69,30.34,2.500,1.12,50.0,0.39
5654.00,1282.84,6010.85,30.34,2.500,1.12,50.0,0.39
5655.00,1284.10,6013.00,30.35,2.500,1.12,50.0,0.39
5656.00,1285.37,6015.16,30.35,2.500,1.12,50.0,0.39
5657.00,1286.63,6017.32,30.36,2.500,1.12,50.0,0.39
5658.00,1287.89,6019.48,30.37,2.500,1.12,50.0,0.39
5659.00,1289.16,6021.63,30.37,2.500,1.12,50.0,0.39
5660.00,1290.42,6023.79,30.38,2.500,1.12,50.0,0.39
5661.00,1291.69,6025.95,30.39,2.500,1.12,50.0,0.39
5662.00,1292.95,6028.10,30.39,2.500,1.12,50.0,0.39
5663.00,1294.22,6030.26,30.40,2.500,1.12,50.0,0.39
5664.00,1295.48,6032.42,30.41,2.500,1.12,50.0,0.39
5665.00,1296.75,6034.57,30.41,2.500,1.12,50.0,0.39
5666.00,1298.01,6036.73,30.42,2.500,1.12,50.0,0.39
5667.00,1299.28,6038.88,30.43,2.500,1.12,50.0,0.39
5668.00,1300.54,6041.04,30.43,2.500,1.12,50.0,0.39
5669.00,1301.81,6043.20,30.44,2.500,1.12,50.0,0.39
5670.00,1303.08,6045.35,30.45,2.500,1.11,50.0,0.39
5671.00,1304.34,6047.51,30.45,2.500,1.11,50.0,0.39
5672.00,1305.61,6049.66,30.46,2.500,1.11,50.0,0.39
5673.00,1306.88,6051.82,30.46,2.500,1.11,50.0,0.39
5674.00,1308.15,6053.97,30.47,2.500,1.11,50.0,0.39
5675.00,1309.41,6056.13,30.48,2.500,1.11,50.0,0.39
5676.00,1310.68,6058.28,30.48,2.500,1.11,50.0,0.39
5677.00,1311.95,6060.44,30.49,2.500,1.11,50.0,0.39
5678.00,1313.22,6062.59,30.50,2.500,1.11,50.0,0.39
5679.00,1314.49,6064.74,30.50,2.500,1.11,50.0,0.39
5680.00,1315.76,6066.90,30.51,2.500,1.11,50.0,0.39
5681.00,1317.02,6069.05,30.52,2.500,1.11,50.0,0.39
5682.00,1318.29,6071.21,30.52,2.500,1.11,50.0,0.39
5683.00,1319.56,6073.36,30.53,2.500,1.11,50.0,0.38
5684.00,1320.83,6075.51,30.54,2.500,1.11,50.0,0.38
5685.00,1322.10,6077.67,30.54,2.500,1.11,50.0,0.38
5686.00,1323.37,6079.82,30.55,2.500,1.11,50.0,0.38
5687.00,1324.64,6081.97,30.55,2.500,1.11,50.0,0.38
5688.00,1325.92,6084.12,30.56,2.500,1.10,50.0,0.38
5689.00,1327.19,6086.28,30.57,2.500,1.10,50.0,0.38
5690.00,1328.46,6088.43,30.57,2.500,1.10,50.0,0.38
5691.00,1329.73,6090.58,30.58,2.500,1.10,50.0,0.38
5692.00,1331.00,6092.73,30.59,2.500,1.10,50.0,0.38
5693.00,1332.27,6094.89,30.59,2.500,1.10,50.0,0.38
5694.00,1333.55,6097.04,30.60,2.500,1.10,50.0,0.38
5695.00,1334.82,6099.19,30.61,2.500,1.10,50.0,0.38
5696.00,1336.09,6101.34,30.61,2.500,1.10,50.0,0.38
5697.00,1337.36,6103.49,30.62,2.500,1.10,50.0,0.38
5698.00,1338.64,6105.65,30.62,2.500,1.10,50.0,0.38
5699.00,1339.91,6107.80,30.63,2.500,1.10,50.0,0.38
5700.00,1341.19,6109.95,30.64,2.500,1.10,50.0,0.38
5701.00,1342.46,6112.10,30.64,2.500,1.10,50.0,0.38
5702.00,1343.73,6114.25,30.65,2.500,1.10,50.0,0.38
5703.00,1345.01,6116.40,30.66,2.500,1.10,50.0,0.38
5704.00,1346.28,6118.55,30.66,2.500,1.10,50.0,0.38
5705.00,1347.56,6120.70,30.67,2.500,1.10,50.0,0.38
5706.00,1348.83,6122.85,30.68,2.500,1.10,50.0,0.38
5707.00,1350.11,6125.00,30.68,2.500,1.10,50.0,0.38
5708.00,1351.38,6127.15,30.69,2.500,1.10,50.0,0.38
5709.00,1352.66,6129.30,30.69,2.500,1.09,50.0,0.38
5710.00,1353.94,6131.45,30.70,2.500,1.09,50.0,0.38
5711.00,1355.21,6133.60,30.71,2.500,1.09,50.0,0.38
5712.00,1356.49,6135.75,30.71,2.500,1.09,50.0,0.38
5713.00,1357.77,6137.90,30.72,2.500,1.09,50.0,0.38
5714.00,1359.04,6140.05,30.73,2.500,1.09,50.0,0.38
5715.00,1360.32,6142.20,30.73,2.500,1.09,50.0,0.38
5716.00,1361.60,6144.35,30.74,2.500,1.09,50.0,0.38
5717.00,1362.88,6146.50,30.75,2.500,1.09,50.0,0.38
5718.00,1364.15,6148.64,30.75,2.500,1.09,50.0,0.38
5719.00,1365.43,6150.79,30.76,2.500,1.09,50.0,0.38
5720.00,1366.71,6152.94,30.76,2.500,1.09,50.0,0.38
5721.00,1367.99,6155.09,30.77,2.500,1.09,50.0,0.38
5722.00,1369.27,6157.24,30.78,2.500,1.09,50.0,0.38
5723.00,1370.55,6159.39,30.78,2.500,1.09,50.0,0.38
5724.00,1371.83,6161.53,30.79,2.500,1.09,50.0,0.38
5725.00,1373.11,6163.68,30.80,2.500,1.09,50.0,0.38
5726.00,1374.39,6165.83,30.80,2.500,1.09,50.0,0.38
5727.00,1375.67,6167.98,30.81,2.500,1.08,50.0,0.38
5728.00,1376.95,6170.12,30.81,2.500,1.08,50.0,0.38
5729.00,1378.23,6172.27,30.82,2.500,1.08,50.0,0.38
5730.00,1379.51,6174.42,30.83,2.500,1.08,50.0,0.38
5731.00,1380.79,6176.56,30.83,2.500,1.08,50.0,0.38
5732.00,1382.07,6178.71,30.84,2.500,1.08,50.0,0.38
5733.00,1383.35,6180.86,30.85,2.500,1.08,50.0,0.38
5734.00,1384.63,6183.00,30.85,2.500,1.08,50.0,0.38
5735.00,1385.92,6185.15,30.86,2.500,1.08,50.0,0.38
5736.00,1387.20,6187.30,30.86,2.500,1.08,50.0,0.38
5737.00,1388.48,6189.44,30.87,2.500,1.08,50.0,0.38
5738.00,1389.76,6191.59,30.88,2.500,1.08,50.0,0.38
5739.00,1391.05,6193.73,30.88,2.500,1.08,50.0,0.38
5740.00,1392.33,6195.88,30.89,2.500,1.08,50.0,0.37
5741.00,1393.61,6198.02,30.90,2.500,1.08,50.0,0.37
5742.00,1394.90,6200.17,30.90,2.500,1.08,50.0,0.37
5743.00,1396.18,6202.31,30.91,2.500,1.08,50.0,0.37
5744.00,1397.47,6204.46,30.91,2.500,1.08,50.0,0.37
5745.00,1398.75,6206.60,30.92,2.500,1.08,50.0,0.37
5746.00,1400.04,6208.75,30.93,2.500,1.08,50.0,0.37
5747.00,1401.32,6210.89,30.93,2.500,1.08,50.0,0.37
5748.00,1402.61,6213.04,30.94,2.500,1.07,50.0,0.37
5749.00,1403.89,6215.18,30.95,2.500,1.07,50.0,0.37
5750.00,1405.18,6217.33,30.95,2.500,1.07,50.0,0.37
5751.00,1406.46,6219.47,30.96,2.500,1.07,50.0,0.37
5752.00,1407.75,6221.61,30.96,2.500,1.07,50.0,0.37
5753.00,1409.03,6223.76,30.97,2.500,1.07,50.0,0.37
5754.00,1410.32,6225.90,30.98,2.500,1.07,50.0,0.37
5755.00,1411.61,6228.04,30.98,2.500,1.07,50.0,0.37
5756.00,1412.89,6230.19,30.99,2.500,1.07,50.0,0.37
5757.00,1414.18,6232.33,31.00,2.500,1.07,50.0,0.37
5758.00,1415.47,6234.47,31.00,2.500,1.07,50.0,0.37
5759.00,1416.76,6236.62,31.01,2.500,1.07,50.0,0.37
5760.00,1418.04,6238.76,31.01,2.500,1.07,50.0,0.37
5761.00,1419.33,6240.90,31.02,2.500,1.07,50.0,0.37
5762.00,1420.62,6243.04,31.03,2.500,1.07,50.0,0.37
5763.00,1421.91,6245.19,31.03,2.500,1.07,50.0,0.37
5764.00,1423.20,6247.33,31.04,2.500,1.07,50.0,0.37
5765.00,1424.49,6249.47,31.05,2.500,1.07,50.0,0.37
5766.00,1425.78,6251.61,31.05,2.500,1.07,50.0,0.37
5767.00,1427.07,6253.76,31.06,2.500,1.07,50.0,0.37
5768.00,1428.36,6255.90,31.06,2.500,1.07,50.0,0.37
5769.00,1429.65,6258.04,31.07,2.500,1.06,50.0,0.37
5770.00,1430.94,6260.18,31.08,2.500,1.06,50.0,0.37
5771.00,1432.23,6262.32,31.08,2.500,1.06,50.0,0.37
5772.00,1433.52,6264.46,31.09,2.500,1.06,50.0,0.37
5773.00,1434.81,6266.60,31.09,2.500,1.06,50.0,0.37
5774.00,1436.10,6268.74,31.10,2.500,1.06,50.0,0.37
5775.00,1437.39,6270.88,31.11,2.500,1.06,50.0,0.37
5776.00,1438.68,6273.02,31.11,2.500,1.06,50.0,0.37
5777.00,1439.97,6275.17,31.12,2.500,1.06,50.0,0.37
5778.00,1441.27,6277.31,31.13,2.500,1.06,50.0,0.37
5779.00,1442.56,6279.45,31.13,2.500,1.06,50.0,0.37
5780.00,1443.85,6281.59,31.14,2.500,1.06,50.0,0.37
5781.00,1445.14,6283.73,31.14,2.500,1.06,50.0,0.37
5782.00,1446.44,6285.86,31.15,2.500,1.06,50.0,0.37
5783.00,1447.73,6288.00,31.16,2.500,1.06,50.0,0.37
5784.00,1449.02,6290.14,31.16,2.500,1.06,50.0,0.37
5785.00,1450.32,6292.28,31.17,2.500,1.06,50.0,0.37
5786.00,1451.61,6294.42,31.17,2.500,1.06,50.0,0.37
5787.00,1452.90,6296.56,31.18,2.500,1.06,50.0,0.37
5788.00,1454.20,6298.70,31.19,2.500,1.06,50.0,0.37
5789.00,1455.49,6300.84,31.19,2.500,1.06,50.0,0.37
5790.00,1456.79,6302.98,31.20,2.500,1.05,50.0,0.37
5791.00,1458.08,6305.12,31.20,2.500,1.05,50.0,0.37
5792.00,1459.38,6307.25,31.21,2.500,1.05,50.0,0.37
5793.00,1460.67,6309.39,31.22,2.500,1.05,50.0,0.37
5794.00,1461.97,6311.53,31.22,2.500,1.05,50.0,0.37
5795.00,1463.27,6313.67,31.23,2.500,1.05,50.0,0.37
5796.00,1464.56,6315.81,31.24,2.500,1.05,50.0,0.37
5797.00,1465.86,6317.94,31.24,2.500,1.05,50.0,0.37
5798.00,1467.16,6320.08,31.25,2.500,1.05,50.0,0.36
5799.00,1468.45,6322.22,31.25,2.500,1.05,50.0,0.36
5800.00,1469.75,6324.36,31.26,2.500,1.05,50.0,0.36
5801.00,1471.05,6326.49,31.27,2.500,1.05,50.0,0.36
5802.00,1472.34,6328.63,31.27,2.500,1.05,50.0,0.36
5803.00,1473.64,6330.77,31.28,2.500,1.05,50.0,0.36
5804.00,1474.94,6332.90,31.28,2.500,1.05,50.0,0.36
5805.00,1476.24,6335.04,31.29,2.500,1.05,50.0,0.36
5806.00,1477.54,6337.18,31.30,2.500,1.05,50.0,0.36
5807.00,1478.83,6339.31,31.30,2.500,1.05,50.0,0.36
5808.00,1480.13,6341.45,31.31,2.500,1.04,50.0,0.36
5809.00,1481.43,6343.58,31.31,2.500,1.04,50.0,0.36
5810.00,1482.73,6345.72,31.32,2.500,1.04,50.0,0.36
5811.00,1484.03,6347.86,31.33,2.500,1.04,50.0,0.36
5812.00,1485.33,6349.99,31.33,2.500,1.04,50.0,0.36
5813.00,1486.63,6352.13,31.34,2.500,1.04,50.0,0.36
5814.00,1487.93,6354.26,31.34,2.500,1.04,50.0,0.36
5815.00,1489.23,6356.40,31.35,2.500,1.04,50.0,0.36
5816.00,1490.53,6358.53,31.36,2.500,1.04,50.0,0.36
5817.00,1491.83,6360.67,31.36,2.500,1.04,50.0,0.36
5818.00,1493.13,6362.80,31.37,2.500,1.04,50.0,0.36
5819.00,1494.44,6364.94,31.37,2.500,1.04,50.0,0.36
5820.00,1495.74,6367.07,31.38,2.500,1.04,50.0,0.36
5821.00,1497.04,6369.21,31.39,2.500,1.04,50.0,0.36
5822.00,1498.34,6371.34,31.39,2.500,1.04,50.0,0.36
5823.00,1499.64,6373.47,31.40,2.500,1.04,50.0,0.36
5824.00,1500.95,6375.61,31.40,2.500,1.04,50.0,0.36
5825.00,1502.25,6377.74,31.41,2.500,1.04,50.0,0.36
5826.00,1503.55,6379.87,31.42,2.500,1.04,50.0,0.36
5827.00,1504.86,6382.01,31.42,2.500,1.04,50.0,0.36
5828.00,1506.16,6384.14,31.43,2.500,1.04,50.0,0.36
5829.00,1507.46,6386.27,31.43,2.500,1.03,50.0,0.36
5830.00,1508.77,6388.41,31.44,2.500,1.03,50.0,0.36
5831.00,1510.07,6390.54,31.45,2.500,1.03,50.0,0.36
5832.00,1511.37,6392.67,31.45,2.500,1.03,50.0,0.36
5833.00,1512.68,6394.81,31.46,2.500,1.03,50.0,0.36
5834.00,1513.98,6396.94,31.46,2.500,1.03,50.0,0.36
5835.00,1515.29,6399.07,31.47,2.500,1.03,50.0,0.36
5836.00,1516.59,6401.20,31.48,2.500,1.03,50.0,0.36
5837.00,1517.90,6403.34,31.48,2.500,1.03,50.0,0.36
5838.00,1519.20,6405.47,31.49,2.500,1.03,50.0,0.36
5839.00,1520.51,6407.60,31.49,2.500,1.03,50.0,0.36
5840.00,1521.82,6409.73,31.50,2.500,1.03,50.0,0.36
5841.00,1523.12,6411.86,31.51,2.500,1.03,50.0,0.36
5842.00,1524.43,6413.99,31.51,2.500,1.03,50.0,0.36
5843.00,1525.74,6416.13,31.52,2.500,1.03,50.0,0.36
5844.00,1527.04,6418.26,31.52,2.500,1.03,50.0,0.36
5845.00,1528.35,6420.39,31.53,2.500,1.03,50.0,0.36
5846.00,1529.66,6422.52,31.54,2.500,1.03,50.0,0.36
5847.00,1530.96,6424.65,31.54,2.500,1.03,50.0,0.36
5848.00,1532.27,6426.78,31.55,2.500,1.03,50.0,0.36
5849.00,1533.58,6428.91,31.55,2.500,1.03,50.0,0.36
5850.00,1534.89,6431.04,31.56,2.500,1.02,50.0,0.36
5851.00,1536.20,6433.17,31.57,2.500,1.02,50.0,0.36
5852.00,1537.51,6435.30,31.57,2.500,1.02,50.0,0.36
5853.00,1538.81,6437.43,31.58,2.500,1.02,50.0,0.36
5854.00,1540.12,6439.56,31.58,2.500,1.02,50.0,0.36
5855.00,1541.43,6441.69,31.59,2.500,1.02,50.0,0.36
5856.00,1542.74,6443.82,31.60,2.500,1.02,50.0,0.36
5857.00,1544.05,6445.95,31.60,2.500,1.02,50.0,0.36
5858.00,1545.36,6448.08,31.61,2.500,1.02,50.0,0.35
5859.00,1546.67,6450.21,31.61,2.500,1.02,50.0,0.35
5860.00,1547.98,6452.34,31.62,2.500,1.02,50.0,0.35
5861.00,1549.29,6454.47,31.62,2.500,1.02,50.0,0.35
5862.00,1550.60,6456.60,31.63,2.500,1.02,50.0,0.35
5863.00,1551.92,6458.72,31.64,2.500,1.02,50.0,0.35
5864.00,1553.23,6460.85,31.64,2.500,1.02,50.0,0.35
5865.00,1554.54,6462.98,31.65,2.500,1.02,50.0,0.35
5866.00,1555.85,6465.11,31.65,2.500,1.02,50.0,0.35
5867.00,1557.16,6467.24,31.66,2.500,1.02,50.0,0.35
5868.00,1558.47,6469.36,31.67,2.500,1.02,50.0,0.35
5869.00,1559.79,6471.49,31.67,2.500,1.02,50.0,0.35
5870.00,1561.10,6473.62,31.68,2.500,1.02,50.0,0.35
5871.00,1562.41,6475.75,31.68,2.500,1.01,50.0,0.35
5872.00,1563.73,6477.88,31.69,2.500,1.01,50.0,0.35
5873.00,1565.04,6480.00,31.70,2.500,1.01,50.0,0.35
5874.00,1566.35,6482.13,31.70,2.500,1.01,50.0,0.35
5875.00,1567.67,6484.26,31.71,2.500,1.01,50.0,0.35
5876.00,1568.98,6486.38,31.71,2.500,1.01,50.0,0.35
5877.00,1570.29,6488.51,31.72,2.500,1.01,50.0,0.35
5878.00,1571.61,6490.64,31.72,2.500,1.01,50.0,0.35
5879.00,1572.92,6492.76,31.73,2.500,1.01,50.0,0.35
5880.00,1574.24,6494.89,31.74,2.500,1.01,50.0,0.35
5881.00,1575.55,6497.02,31.74,2.500,1.01,50.0,0.35
5882.00,1576.87,6499.14,31.75,2.500,1.01,50.0,0.35
5883.00,1578.18,6501.27,31.75,2.500,1.01,50.0,0.35
5884.00,1579.50,6503.39,31.76,2.500,1.01,50.0,0.35
5885.00,1580.82,6505.52,31.77,2.500,1.01,50.0,0.35
5886.00,1582.13,6507.64,31.77,2.500,1.01,50.0,0.35
5887.00,1583.45,6509.77,31.78,2.500,1.01,50.0,0.35
5888.00,1584.76,6511.90,31.78,2.500,1.01,50.0,0.35
5889.00,1586.08,6514.02,31.79,2.500,1.01,50.0,0.35
5890.00,1587.40,6516.15,31.80,2.500,1.01,50.0,0.35
5891.00,1588.72,6518.27,31.80,2.500,1.01,50.0,0.35
5892.00,1590.03,6520.39,31.81,2.500,1.00,50.0,0.35
5893.00,1591.35,6522.52,31.81,2.500,1.00,50.0,0.35
5894.00,1592.67,6524.64,31.82,2.500,1.00,50.0,0.35
5895.00,1593.99,6526.77,31.82,2.500,1.00,50.0,0.35
5896.00,1595.31,6528.89,31.83,2.500,1.00,50.0,0.35
5897.00,1596.62,6531.02,31.84,2.500,1.00,50.0,0.35
5898.00,1597.94,6533.14,31.84,2.500,1.00,50.0,0.35
5899.00,1599.26,6535.26,31.85,2.500,1.00,50.0,0.35
5900.00,1600.58,6537.39,31.85,2.500,1.00,50.0,0.35
5901.00,1601.90,6539.51,31.86,2.500,1.00,50.0,0.35
5902.00,1603.22,6541.63,31.86,2.500,1.00,50.0,0.35
5903.00,1604.54,6543.76,31.87,2.500,1.00,50.0,0.35
5904.00,1605.86,6545.88,31.88,2.500,1.00,50.0,0.35
5905.00,1607.18,6548.00,31.88,2.500,1.00,50.0,0.35
5906.00,1608.50,6550.13,31.89,2.500,1.00,50.0,0.35
5907.00,1609.82,6552.25,31.89,2.500,1.00,50.0,0.35
5908.00,1611.14,6554.37,31.90,2.500,1.00,50.0,0.35
5909.00,1612.46,6556.49,31.91,2.500,1.00,50.0,0.35
5910.00,1613.78,6558.62,31.91,2.500,1.00,50.0,0.35
5911.00,1615.11,6560.74,31.92,2.500,1.00,50.0,0.35
5912.00,1616.43,6562.86,31.92,2.500,1.00,50.0,0.35
5913.00,1617.75,6564.98,31.93,2.500,0.99,50.0,0.35
5914.00,1619.07,6567.10,31.93,2.500,0.99,50.0,0.35
5915.00,1620.39,6569.23,31.94,2.500,0.99,50.0,0.35
5916.00,1621.72,6571.35,31.95,2.500,0.99,50.0,0.35
5917.00,1623.04,6573.47,31.95,2.500,0.99,50.0,0.35
5918.00,1624.36,6575.59,31.96,2.500,0.99,50.0,0.35
5919.00,1625.68,6577.71,31.96,2.500,0.99,50.0,0.34
5920.00,1627.01,6579.83,31.97,2.500,0.99,50.0,0.34
5921.00,1628.33,6581.95,31.97,2.500,0.99,50.0,0.34
5922.00,1629.66,6584.07,31.98,2.500,0.99,50.0,0.34
5923.00,1630.98,6586.19,31.99,2.500,0.99,50.0,0.34
5924.00,1632.30,6588.31,31.99,2.500,0.99,50.0,0.34
5925.00,1633.63,6590.44,32.00,2.500,0.99,50.0,0.34
5926.00,1634.95,6592.56,32.00,2.500,0.99,50.0,0.34
5927.00,1636.28,6594.68,32.01,2.500,0.99,50.0,0.34
5928.00,1637.60,6596.80,32.01,2.500,0.99,50.0,0.34
5929.00,1638.93,6598.92,32.02,2.500,0.99,50.0,0.34
5930.00,1640.25,6601.03,32.03,2.500,0.99,50.0,0.34
5931.00,1641.58,6603.15,32.03,2.500,0.99,50.0,0.34
5932.00,1642.91,6605.27,32.04,2.500,0.99,50.0,0.34
5933.00,1644.23,6607.39,32.04,2.500,0.99,50.0,0.34
5934.00,1645.56,6609.51,32.05,2.500,0.99,50.0,0.34
5935.00,1646.89,6611.63,32.05,2.500,0.99,50.0,0.34
5936.00,1648.21,6613.75,32.06,2.500,0.99,50.0,0.34
5937.00,1649.54,6615.87,32.07,2.500,0.98,50.0,0.34
5938.00,1650.87,6617.99,32.07,2.500,0.98,50.0,0.34
5939.00,1652.19,6620.11,32.08,2.500,0.98,50.0,0.34
5940.00,1653.52,6622.22,32.08,2.500,0.98,50.0,0.34
5941.00,1654.85,6624.34,32.09,2.500,0.98,50.0,0.34
5942.00,1656.18,6626.46,32.09,2.500,0.98,50.0,0.34
5943.00,1657.51,6628.58,32.10,2.500,0.98,50.0,0.34
5944.00,1658.83,6630.70,32.11,2.500,0.98,50.0,0.34
5945.00,1660.16,6632.81,32.11,2.500,0.98,50.0,0.34
5946.00,1661.49,6634.93,32.12,2.500,0.98,50.0,0.34
5947.00,1662.82,6637.05,32.12,2.500,0.98,50.0,0.34
5948.00,1664.15,6639.17,32.13,2.500,0.98,50.0,0.34
5949.00,1665.48,6641.28,32.13,2.500,0.98,50.0,0.34
5950.00,1666.81,6643.40,32.14,2.500,0.98,50.0,0.34
5951.00,1668.14,6645.52,32.15,2.500,0.98,50.0,0.34
5952.00,1669.47,6647.63,32.15,2.500,0.98,50.0,0.34
5953.00,1670.80,6649.75,32.16,2.500,0.98,50.0,0.34
5954.00,1672.13,6651.87,32.16,2.500,0.98,50.0,0.34
5955.00,1673.46,6653.98,32.17,2.500,0.98,50.0,0.34
5956.00,1674.79,6656.10,32.17,2.500,0.98,50.0,0.34
5957.00,1676.12,6658.22,32.18,2.500,0.98,50.0,0.34
5958.00,1677.46,6660.33,32.19,2.500,0.97,50.0,0.34
5959.00,1678.79,6662.45,32.19,2.500,0.97,50.0,0.34
5960.00,1680.12,6664.56,32.20,2.500,0.97,50.0,0.34
5961.00,1681.45,6666.68,32.20,2.500,0.97,50.0,0.34
5962.00,1682.78,6668.79,32.21,2.500,0.97,50.0,0.34
5963.00,1684.12,6670.91,32.21,2.500,0.97,50.0,0.34
5964.00,1685.45,6673.02,32.22,2.500,0.97,50.0,0.34
5965.00,1686.78,6675.14,32.22,2.500,0.97,50.0,0.34
5966.00,1688.11,6677.25,32.23,2.500,0.97,50.0,0.34
5967.00,1689.45,6679.37,32.24,2.500,0.97,50.0,0.34
5968.00,1690.78,6681.48,32.24,2.500,0.97,50.0,0.34
5969.00,1692.11,6683.60,32.25,2.500,0.97,50.0,0.34
5970.00,1693.45,6685.71,32.25,2.500,0.97,50.0,0.34
5971.00,1694.78,6687.83,32.26,2.500,0.97,50.0,0.34
5972.00,1696.12,6689.94,32.26,2.500,0.97,50.0,0.34
5973.00,1697.45,6692.06,32.27,2.500,0.97,50.0,0.34
5974.00,1698.79,6694.17,32.28,2.500,0.97,50.0,0.34
5975.00,1700.12,6696.28,32.28,2.500,0.97,50.0,0.34
5976.00,1701.46,6698.40,32.29,2.500,0.97,50.0,0.34
5977.00,1702.79,6700.51,32.29,2.500,0.97,50.0,0.34
5978.00,1704.13,6702.62,32.30,2.500,0.97,50.0,0.34
5979.00,1705.46,6704.74,32.30,2.500,0.96,50.0,0.34
5980.00,1706.80,6706.85,32.31,2.500,0.96,50.0,0.34
5981.00,1708.14,6708.96,32.31,2.500,0.96,50.0,0.34
5982.00,1709.47,6711.08,32.32,2.500,0.96,50.0,0.33
5983.00,1710.81,6713.19,32.33,2.500,0.96,50.0,0.33
5984.00,1712.15,6715.30,32.33,2.500,0.96,50.0,0.33
5985.00,1713.48,6717.41,32.34,2.500,0.96,50.0,0.33
5986.00,1714.82,6719.53,32.34,2.500,0.96,50.0,0.33
5987.00,1716.16,6721.64,32.35,2.500,0.96,50.0,0.33
5988.00,1717.49,6723.75,32.35,2.500,0.96,50.0,0.33
5989.00,1718.83,6725.86,32.36,2.500,0.96,50.0,0.33
5990.00,1720.17,6727.97,32.36,2.500,0.96,50.0,0.33
5991.00,1721.51,6730.08,32.37,2.500,0.96,50.0,0.33
5992.00,1722.85,6732.20,32.38,2.500,0.96,50.0,0.33
5993.00,1724.19,6734.31,32.38,2.500,0.96,50.0,0.33
5994.00,1725.52,6736.42,32.39,2.500,0.96,50.0,0.33
5995.00,1726.86,6738.53,32.39,2.500,0.96,50.0,0.33
5996.00,1728.20,6740.64,32.40,2.500,0.96,50.0,0.33
5997.00,1729.54,6742.75,32.40,2.500,0.96,50.0,0.33
5998.00,1730.88,6744.86,32.41,2.500,0.96,50.0,0.33
5999.00,1732.22,6746.97,32.41,2.500,0.96,50.0,0.33
6000.00,1733.56,6749.08,32.42,2.500,0.96,50.0,0.33
6001.00,1734.90,6751.19,32.43,2.500,0.96,50.0,0.33
6002.00,1736.24,6753.30,32.43,2.500,0.96,50.0,0.33
6003.00,1737.58,6755.41,32.44,2.500,0.95,50.0,0.33
6004.00,1738.92,6757.52,32.44,2.500,0.95,50.0,0.33
6005.00,1740.27,6759.63,32.45,2.500,0.95,50.0,0.33
6006.00,1741.61,6761.74,32.45,2.500,0.95,50.0,0.33
6007.00,1742.95,6763.85,32.46,2.500,0.95,50.0,0.33
6008.00,1744.29,6765.96,32.46,2.500,0.95,50.0,0.33
6009.00,1745.63,6768.07,32.47,2.500,0.95,50.0,0.33
6010.00,1746.97,6770.18,32.48,2.500,0.95,50.0,0.33
6011.00,1748.32,6772.29,32.48,2.500,0.95,50.0,0.33
6012.00,1749.66,6774.40,32.49,2.500,0.95,50.0,0.33
6013.00,1751.00,6776.51,32.49,2.500,0.95,50.0,0.33
6014.00,1752.35,6778.62,32.50,2.500,0.95,50.0,0.33
6015.00,1753.69,6780.73,32.50,2.500,0.95,50.0,0.33
6016.00,1755.03,6782.83,32.51,2.500,0.95,50.0,0.33
6017.00,1756.38,6784.94,32.51,2.500,0.95,50.0,0.33
6018.00,1757.72,6787.05,32.52,2.500,0.95,50.0,0.33
6019.00,1759.06,6789.16,32.52,2.500,0.95,50.0,0.33
6020.00,1760.41,6791.27,32.53,2.500,0.95,50.0,0.33
6021.00,1761.75,6793.37,32.54,2.500,0.95,50.0,0.33
6022.00,1763.10,6795.48,32.54,2.500,0.95,50.0,0.33
6023.00,1764.44,6797.59,32.55,2.500,0.95,50.0,0.33
6024.00,1765.79,6799.70,32.55,2.500,0.94,50.0,0.33
6025.00,1767.13,6801.80,32.56,2.500,0.94,50.0,0.33
6026.00,1768.48,6803.91,32.56,2.500,0.94,50.0,0.33
6027.00,1769.82,6806.02,32.57,2.500,0.94,50.0,0.33
6028.00,1771.17,6808.12,32.57,2.500,0.94,50.0,0.33
6029.00,1772.51,6810.23,32.58,2.500,0.94,50.0,0.33
6030.00,1773.86,6812.34,32.58,2.500,0.94,50.0,0.33
6031.00,1775.21,6814.44,32.59,2.500,0.94,50.0,0.33
6032.00,1776.55,6816.55,32.60,2.500,0.94,50.0,0.33
6033.00,1777.90,6818.66,32.60,2.500,0.94,50.0,0.33
6034.00,1779.25,6820.76,32.61,2.500,0.94,50.0,0.33
6035.00,1780.59,6822.87,32.61,2.500,0.94,50.0,0.33
6036.00,1781.94,6824.98,32.62,2.500,0.94,50.0,0.33
6037.00,1783.29,6827.08,32.62,2.500,0.94,50.0,0.33
6038.00,1784.64,6829.19,32.63,2.500,0.94,50.0,0.33
6039.00,1785.98,6831.29,32.63,2.500,0.94,50.0,0.33
6040.00,1787.33,6833.40,32.64,2.500,0.94,50.0,0.33
6041.00,1788.68,6835.50,32.64,2.500,0.94,50.0,0.33
6042.00,1790.03,6837.61,32.65,2.500,0.94,50.0,0.33
6043.00,1791.38,6839.71,32.66,2.500,0.94,50.0,0.33
6044.00,1792.73,6841.82,32.66,2.500,0.94,50.0,0.33
6045.00,1794.08,6843.92,32.67,2.500,0.94,50.0,0.33
6046.00,1795.43,6846.03,32.67,2.500,0.94,50.0,0.33
6047.00,1796.78,6848.13,32.68,2.500,0.94,50.0,0.32
6048.00,1798.12,6850.24,32.68,2.500,0.93,50.0,0.32
6049.00,1799.47,6852.34,32.69,2.500,0.93,50.0,0.32
6050.00,1800.82,6854.44,32.69,2.500,0.93,50.0,0.32
6051.00,1802.18,6856.55,32.70,2.500,0.93,50.0,0.32
6052.00,1803.53,6858.65,32.70,2.500,0.93,50.0,0.32
6053.00,1804.88,6860.76,32.71,2.500,0.93,50.0,0.32
6054.00,1806.23,6862.86,32.72,2.500,0.93,50.0,0.32
6055.00,1807.58,6864.96,32.72,2.500,0.93,50.0,0.32
6056.00,1808.93,6867.07,32.73,2.500,0.93,50.0,0.32
6057.00,1810.28,6869.17,32.73,2.500,0.93,50.0,0.32
6058.00,1811.63,6871.27,32.74,2.500,0.93,50.0,0.32
6059.00,1812.99,6873.37,32.74,2.500,0.93,50.0,0.32
6060.00,1814.34,6875.48,32.75,2.500,0.93,50.0,0.32
6061.00,1815.69,6877.58,32.75,2.500,0.93,50.0,0.32
6062.00,1817.04,6879.68,32.76,2.500,0.93,50.0,0.32
6063.00,1818.40,6881.78,32.76,2.500,0.93,50.0,0.32
6064.00,1819.75,6883.89,32.77,2.500,0.93,50.0,0.32
6065.00,1821.10,6885.99,32.77,2.500,0.93,50.0,0.32
6066.00,1822.45,6888.09,32.78,2.500,0.93,50.0,0.32
6067.00,1823.81,6890.19,32.79,2.500,0.93,50.0,0.32
6068.00,1825.16,6892.30,32.79,2.500,0.93,50.0,0.32
6069.00,1826.52,6894.40,32.80,2.500,0.92,50.0,0.32
6070.00,1827.87,6896.50,32.80,2.500,0.92,50.0,0.32
6071.00,1829.22,6898.60,32.81,2.500,0.92,50.0,0.32
6072.00,1830.58,6900.70,32.81,2.500,0.92,50.0,0.32
6073.00,1831.93,6902.80,32.82,2.500,0.92,50.0,0.32
6074.00,1833.29,6904.90,32.82,2.500,0.92,50.0,0.32
6075.00,1834.64,6907.00,32.83,2.500,0.92,50.0,0.32
6076.00,1836.00,6909.10,32.83,2.500,0.92,50.0,0.32
6077.00,1837.35,6911.21,32.84,2.500,0.92,50.0,0.32
6078.00,1838.71,6913.31,32.84,2.500,0.92,50.0,0.32
6079.00,1840.07,6915.41,32.85,2.500,0.92,50.0,0.32
6080.00,1841.42,6917.51,32.85,2.500,0.92,50.0,0.32
6081.00,1842.78,6919.61,32.86,2.500,0.92,50.0,0.32
6082.00,1844.13,6921.71,32.87,2.500,0.92,50.0,0.32
6083.00,1845.49,6923.81,32.87,2.500,0.92,50.0,0.32
6084.00,1846.85,6925.91,32.88,2.500,0.92,50.0,0.32
6085.00,1848.20,6928.01,32.88,2.500,0.92,50.0,0.32
6086.00,1849.56,6930.11,32.89,2.500,0.92,50.0,0.32
6087.00,1850.92,6932.20,32.89,2.500,0.92,50.0,0.32
6088.00,1852.28,6934.30,32.90,2.500,0.92,50.0,0.32
6089.00,1853.64,6936.40,32.90,2.500,0.92,50.0,0.32
6090.00,1854.99,6938.50,32.91,2.500,0.92,50.0,0.32
6091.00,1856.35,6940.60,32.91,2.500,0.92,50.0,0.32
6092.00,1857.71,6942.70,32.92,2.500,0.92,50.0,0.32
6093.00,1859.07,6944.80,32.92,2.500,0.91,50.0,0.32
6094.00,1860.43,6946.90,32.93,2.500,0.91,50.0,0.32
6095.00,1861.79,6949.00,32.93,2.500,0.91,50.0,0.32
6096.00,1863.15,6951.09,32.94,2.500,0.91,50.0,0.32
6097.00,1864.50,6953.19,32.94,2.500,0.91,50.0,0.32
6098.00,1865.86,6955.29,32.95,2.500,0.91,50.0,0.32
6099.00,1867.22,6957.39,32.96,2.500,0.91,50.0,0.32
6100.00,1868.58,6959.49,32.96,2.500,0.91,50.0,0.32
6101.00,1869.94,6961.58,32.97,2.500,0.91,50.0,0.32
6102.00,1871.30,6963.68,32.97,2.500,0.91,50.0,0.32
6103.00,1872.67,6965.78,32.98,2.500,0.91,50.0,0.32
6104.00,1874.03,6967.87,32.98,2.500,0.91,50.0,0.32
6105.00,1875.39,6969.97,32.99,2.500,0.91,50.0,0.32
6106.00,1876.75,6972.07,32.99,2.500,0.91,50.0,0.32
6107.00,1878.11,6974.17,33.00,2.500,0.91,50.0,0.32
6108.00,1879.47,6976.26,33.00,2.500,0.91,50.0,0.32
6109.00,1880.83,6978.36,33.01,2.500,0.91,50.0,0.32
6110.00,1882.19,6980.46,33.01,2.500,0.91,50.0,0.32
6111.00,1883.56,6982.55,33.02,2.500,0.91,50.0,0.32
6112.00,1884.92,6984.65,33.02,2.500,0.91,50.0,0.32
6113.00,1886.28,6986.74,33.03,2.500,0.91,50.0,0.32
6114.00,1887.64,6988.84,33.03,2.500,0.91,50.0,0.31
6115.00,1889.01,6990.94,33.04,2.500,0.91,50.0,0.31
6116.00,1890.37,6993.03,33.04,2.500,0.91,50.0,0.31
6117.00,1891.73,6995.13,33.05,2.500,0.90,50.0,0.31
6118.00,1893.10,6997.22,33.06,2.500,0.90,50.0,0.31
6119.00,1894.46,6999.32,33.06,2.500,0.90,50.0,0.31
6120.00,1895.82,7001.41,33.07,2.500,0.90,50.0,0.31
6121.00,1897.19,7003.51,33.07,2.500,0.90,50.0,0.31
6122.00,1898.55,7005.60,33.08,2.500,0.90,50.0,0.31
6123.00,1899.92,7007.70,33.08,2.500,0.90,50.0,0.31
6124.00,1901.28,7009.79,33.09,2.500,0.90,50.0,0.31
6125.00,1902.65,7011.89,33.09,2.500,0.90,50.0,0.31
6126.00,1904.01,7013.98,33.10,2.500,0.90,50.0,0.31
6127.00,1905.38,7016.08,33.10,2.500,0.90,50.0,0.31
6128.00,1906.74,7018.17,33.11,2.500,0.90,50.0,0.31
6129.00,1908.11,7020.27,33.11,2.500,0.90,50.0,0.31
6130.00,1909.47,7022.36,33.12,2.500,0.90,50.0,0.31
6131.00,1910.84,7024.45,33.12,2.500,0.90,50.0,0.31
6132.00,1912.20,7026.55,33.13,2.500,0.90,50.0,0.31
6133.00,1913.57,7028.64,33.13,2.500,0.90,50.0,0.31
6134.00,1914.94,7030.73,33.14,2.500,0.90,50.0,0.31
6135.00,1916.30,7032.83,33.14,2.500,0.90,50.0,0.31
6136.00,1917.67,7034.92,33.15,2.500,0.90,50.0,0.31
6137.00,1919.04,7037.01,33.15,2.500,0.90,50.0,0.31
6138.00,1920.41,7039.11,33.16,2.500,0.90,50.0,0.31
6139.00,1921.77,7041.20,33.16,2.500,0.90,50.0,0.31
6140.00,1923.14,7043.29,33.17,2.500,0.90,50.0,0.31
6141.00,1924.51,7045.38,33.18,2.500,0.89,50.0,0.31
6142.00,1925.88,7047.48,33.18,2.500,0.89,50.0,0.31
6143.00,1927.24,7049.57,33.19,2.500,0.89,50.0,0.31
6144.00,1928.61,7051.66,33.19,2.500,0.89,50.0,0.31
6145.00,1929.98,7053.75,33.20,2.500,0.89,50.0,0.31
6146.00,1931.35,7055.85,33.20,2.500,0.89,50.0,0.31
6147.00,1932.72,7057.94,33.21,2.500,0.89,50.0,0.31
6148.00,1934.09,7060.03,33.21,2.500,0.89,50.0,0.31
6149.00,1935.46,7062.12,33.22,2.500,0.89,50.0,0.31
6150.00,1936.83,7064.21,33.22,2.500,0.89,50.0,0.31
6151.00,1938.20,7066.30,33.23,2.500,0.89,50.0,0.31
6152.00,1939.57,7068.40,33.23,2.500,0.89,50.0,0.31
6153.00,1940.94,7070.49,33.24,2.500,0.89,50.0,0.31
6154.00,1942.31,7072.58,33.24,2.500,0.89,50.0,0.31
6155.00,1943.68,7074.67,33.25,2.500,0.89,50.0,0.31
6156.00,1945.05,7076.76,33.25,2.500,0.89,50.0,0.31
6157.00,1946.42,7078.85,33.26,2.500,0.89,50.0,0.31
6158.00,1947.79,7080.94,33.26,2.500,0.89,50.0,0.31
6159.00,1949.16,7083.03,33.27,2.500,0.89,50.0,0.31
6160.00,1950.53,7085.12,33.27,2.500,0.89,50.0,0.31
6161.00,1951.90,7087.21,33.28,2.500,0.89,50.0,0.31
6162.00,1953.28,7089.30,33.28,2.500,0.89,50.0,0.31
6163.00,1954.65,7091.39,33.29,2.500,0.89,50.0,0.31
6164.00,1956.02,7093.48,33.29,2.500,0.89,50.0,0.31
6165.00,1957.39,7095.57,33.30,2.500,0.88,50.0,0.31
6166.00,1958.76,7097.66,33.30,2.500,0.88,50.0,0.31
6167.00,1960.14,7099.75,33.31,2.500,0.88,50.0,0.31
6168.00,1961.51,7101.84,33.31,2.500,0.88,50.0,0.31
6169.00,1962.88,7103.93,33.32,2.500,0.88,50.0,0.31
6170.00,1964.26,7106.02,33.32,2.500,0.88,50.0,0.31
6171.00,1965.63,7108.11,33.33,2.500,0.88,50.0,0.31
6172.00,1967.00,7110.20,33.33,2.500,0.88,50.0,0.31
6173.00,1968.38,7112.28,33.34,2.500,0.88,50.0,0.31
6174.00,1969.75,7114.37,33.34,2.500,0.88,50.0,0.31
6175.00,1971.13,7116.46,33.35,2.500,0.88,50.0,0.31
6176.00,1972.50,7118.55,33.36,2.500,0.88,50.0,0.31
6177.00,1973.87,7120.64,33.36,2.500,0.88,50.0,0.31
6178.00,1975.25,7122.73,33.37,2.500,0.88,50.0,0.31
6179.00,1976.62,7124.81,33.37,2.500,0.88,50.0,0.31
6180.00,1978.00,7126.90,33.38,2.500,0.88,50.0,0.31
6181.00,1979.37,7128.99,33.38,2.500,0.88,50.0,0.31
6182.00,1980.75,7131.08,33.39,2.500,0.88,50.0,0.31
6183.00,1982.13,7133.16,33.39,2.500,0.88,50.0,0.30
6184.00,1983.50,7135.25,33.40,2.500,0.88,50.0,0.30
6185.00,1984.88,7137.34,33.40,2.500,0.88,50.0,0.30
6186.00,1986.25,7139.43,33.41,2.500,0.88,50.0,0.30
6187.00,1987.63,7141.51,33.41,2.500,0.88,50.0,0.30
6188.00,1989.01,7143.60,33.42,2.500,0.88,50.0,0.30
6189.00,1990.38,7145.69,33.42,2.500,0.87,50.0,0.30
6190.00,1991.76,7147.77,33.43,2.500,0.87,50.0,0.30
6191.00,1993.14,7149.86,33.43,2.500,0.87,50.0,0.30
6192.00,1994.52,7151.95,33.44,2.500,0.87,50.0,0.30
6193.00,1995.89,7154.03,33.44,2.500,0.87,50.0,0.30
6194.00,1997.27,7156.12,33.45,2.500,0.87,50.0,0.30
6195.00,1998.65,7158.20,33.45,2.500,0.87,50.0,0.30
6196.00,2000.03,7160.29,33.46,2.500,0.87,50.0,0.30
6197.00,2001.40,7162.38,33.46,2.500,0.87,50.0,0.30
6198.00,2002.78,7164.46,33.47,2.500,0.87,50.0,0.30
6199.00,2004.16,7166.55,33.47,2.500,0.87,50.0,0.30
6200.00,2005.54,7168.63,33.48,2.500,0.87,50.0,0.30
6201.00,2006.92,7170.72,33.48,2.500,0.87,50.0,0.30
6202.00,2008.30,7172.80,33.49,2.500,0.87,50.0,0.30
6203.00,2009.68,7174.89,33.49,2.500,0.87,50.0,0.30
6204.00,2011.06,7176.97,33.50,2.500,0.87,50.0,0.30
6205.00,2012.44,7179.06,33.50,2.500,0.87,50.0,0.30
6206.00,2013.82,7181.14,33.51,2.500,0.87,50.0,0.30
6207.00,2015.20,7183.23,33.51,2.500,0.87,50.0,0.30
6208.00,2016.58,7185.31,33.52,2.500,0.87,50.0,0.30
6209.00,2017.96,7187.40,33.52,2.500,0.87,50.0,0.30
6210.00,2019.34,7189.48,33.53,2.500,0.87,50.0,0.30
6211.00,2020.72,7191.56,33.53,2.500,0.87,50.0,0.30
6212.00,2022.10,7193.65,33.54,2.500,0.87,50.0,0.30
6213.00,2023.48,7195.73,33.54,2.500,0.86,50.0,0.30
6214.00,2024.86,7197.82,33.55,2.500,0.86,50.0,0.30
6215.00,2026.24,7199.90,33.55,2.500,0.86,50.0,0.30
6216.00,2027.63,7201.98,33.56,2.500,0.86,50.0,0.30
6217.00,2029.01,7204.07,33.56,2.500,0.86,50.0,0.30
6218.00,2030.39,7206.15,33.57,2.500,0.86,50.0,0.30
6219.00,2031.77,7208.23,33.57,2.500,0.86,50.0,0.30
6220.00,2033.16,7210.31,33.58,2.500,0.86,50.0,0.30
6221.00,2034.54,7212.40,33.58,2.500,0.86,50.0,0.30
6222.00,2035.92,7214.48,33.59,2.500,0.86,50.0,0.30
6223.00,2037.30,7216.56,33.59,2.500,0.86,50.0,0.30
6224.00,2038.69,7218.65,33.60,2.500,0.86,50.0,0.30
6225.00,2040.07,7220.73,33.60,2.500,0.86,50.0,0.30
6226.00,2041.45,7222.81,33.61,2.500,0.86,50.0,0.30
6227.00,2042.84,7224.89,33.61,2.500,0.86,50.0,0.30
6228.00,2044.22,7226.97,33.62,2.500,0.86,50.0,0.30
6229.00,2045.61,7229.06,33.62,2.500,0.86,50.0,0.30
6230.00,2046.99,7231.14,33.63,2.500,0.86,50.0,0.30
6231.00,2048.37,7233.22,33.63,2.500,0.86,50.0,0.30
6232.00,2049.76,7235.30,33.64,2.500,0.86,50.0,0.30
6233.00,2051.14,7237.38,33.64,2.500,0.86,50.0,0.30
6234.00,2052.53,7239.46,33.65,2.500,0.86,50.0,0.30
6235.00,2053.91,7241.54,33.65,2.500,0.86,50.0,0.30
6236.00,2055.30,7243.63,33.66,2.500,0.86,50.0,0.30
6237.00,2056.68,7245.71,33.66,2.500,0.85,50.0,0.30
6238.00,2058.07,7247.79,33.67,2.500,0.85,50.0,0.30
6239.00,2059.46,7249.87,33.67,2.500,0.85,50.0,0.30
6240.00,2060.84,7251.95,33.68,2.500,0.85,50.0,0.30
6241.00,2062.23,7254.03,33.68,2.500,0.85,50.0,0.30
6242.00,2063.61,7256.11,33.69,2.500,0.85,50.0,0.30
6243.00,2065.00,7258.19,33.69,2.500,0.85,50.0,0.30
6244.00,2066.39,7260.27,33.70,2.500,0.85,50.0,0.30
6245.00,2067.78,7262.35,33.70,2.500,0.85,50.0,0.30
6246.00,2069.16,7264.43,33.71,2.500,0.85,50.0,0.30
6247.00,2070.55,7266.51,33.71,2.500,0.85,50.0,0.30
6248.00,2071.94,7268.59,33.72,2.500,0.85,50.0,0.30
6249.00,2073.32,7270.67,33.72,2.500,0.85,50.0,0.30
6250.00,2074.71,7272.75,33.73,2.500,0.85,50.0,0.30
6251.00,2076.10,7274.83,33.73,2.500,0.85,50.0,0.30
6252.00,2077.49,7276.91,33.74,2.500,0.85,50.0,0.30
6253.00,2078.88,7278.99,33.74,2.500,0.85,50.0,0.29
6254.00,2080.27,7281.06,33.75,2.500,0.85,50.0,0.29
6255.00,2081.65,7283.14,33.75,2.500,0.85,50.0,0.29
6256.00,2083.04,7285.22,33.76,2.500,0.85,50.0,0.29
6257.00,2084.43,7287.30,33.76,2.500,0.85,50.0,0.29
6258.00,2085.82,7289.38,33.76,2.500,0.85,50.0,0.29
6259.00,2087.21,7291.46,33.77,2.500,0.85,50.0,0.29
6260.00,2088.60,7293.54,33.77,2.500,0.85,50.0,0.29
6261.00,2089.99,7295.61,33.78,2.500,0.85,50.0,0.29
6262.00,2091.38,7297.69,33.78,2.500,0.85,50.0,0.29
6263.00,2092.77,7299.77,33.79,2.500,0.85,50.0,0.29
6264.00,2094.16,7301.85,33.79,2.500,0.84,50.0,0.29
6265.00,2095.55,7303.92,33.80,2.500,0.84,50.0,0.29
6266.00,2096.94,7306.00,33.80,2.500,0.84,50.0,0.29
6267.00,2098.33,7308.08,33.81,2.500,0.84,50.0,0.29
6268.00,2099.72,7310.16,33.81,2.500,0.84,50.0,0.29
6269.00,2101.12,7312.23,33.82,2.500,0.84,50.0,0.29
6270.00,2102.51,7314.31,33.82,2.500,0.84,50.0,0.29
6271.00,2103.90,7316.39,33.83,2.500,0.84,50.0,0.29
6272.00,2105.29,7318.46,33.83,2.500,0.84,50.0,0.29
6273.00,2106.68,7320.54,33.84,2.500,0.84,50.0,0.29
6274.00,2108.07,7322.62,33.84,2.500,0.84,50.0,0.29
6275.00,2109.47,7324.69,33.85,2.500,0.84,50.0,0.29
6276.00,2110.86,7326.77,33.85,2.500,0.84,50.0,0.29
6277.00,2112.25,7328.85,33.86,2.500,0.84,50.0,0.29
6278.00,2113.65,7330.92,33.86,2.500,0.84,50.0,0.29
6279.00,2115.04,7333.00,33.87,2.500,0.84,50.0,0.29
6280.00,2116.43,7335.07,33.87,2.500,0.84,50.0,0.29
6281.00,2117.82,7337.15,33.88,2.500,0.84,50.0,0.29
6282.00,2119.22,7339.23,33.88,2.500,0.84,50.0,0.29
6283.00,2120.61,7341.30,33.89,2.500,0.84,50.0,0.29
6284.00,2122.01,7343.38,33.89,2.500,0.84,50.0,0.29
6285.00,2123.40,7345.45,33.90,2.500,0.84,50.0,0.29
6286.00,2124.79,7347.53,33.90,2.500,0.84,50.0,0.29
6287.00,2126.19,7349.60,33.91,2.500,0.84,50.0,0.29
6288.00,2127.58,7351.68,33.91,2.500,0.83,50.0,0.29
6289.00,2128.98,7353.75,33.92,2.500,0.83,50.0,0.29
6290.00,2130.37,7355.83,33.92,2.500,0.83,50.0,0.29
6291.00,2131.77,7357.90,33.93,2.500,0.83,50.0,0.29
6292.00,2133.16,7359.98,33.93,2.500,0.83,50.0,0.29
6293.00,2134.56,7362.05,33.94,2.500,0.83,50.0,0.29
6294.00,2135.95,7364.12,33.94,2.500,0.83,50.0,0.29
6295.00,2137.35,7366.20,33.94,2.500,0.83,50.0,0.29
6296.00,2138.75,7368.27,33.95,2.500,0.83,50.0,0.29
6297.00,2140.14,7370.35,33.95,2.500,0.83,50.0,0.29
6298.00,2141.54,7372.42,33.96,2.500,0.83,50.0,0.29
6299.00,2142.94,7374.49,33.96,2.500,0.83,50.0,0.29
6300.00,2144.33,7376.57,33.97,2.500,0.83,50.0,0.29
6301.00,2145.73,7378.64,33.97,2.500,0.83,50.0,0.29
6302.00,2147.13,7380.71,33.98,2.500,0.83,50.0,0.29
6303.00,2148.52,7382.79,33.98,2.500,0.83,50.0,0.29
6304.00,2149.92,7384.86,33.99,2.500,0.83,50.0,0.29
6305.00,2151.32,7386.93,33.99,2.500,0.83,50.0,0.29
6306.00,2152.72,7389.00,34.00,2.500,0.83,50.0,0.29
6307.00,2154.11,7391.08,34.00,2.500,0.83,50.0,0.29
6308.00,2155.51,7393.15,34.01,2.500,0.83,50.0,0.29
6309.00,2156.91,7395.22,34.01,2.500,0.83,50.0,0.29
6310.00,2158.31,7397.29,34.02,2.500,0.83,50.0,0.29
6311.00,2159.71,7399.37,34.02,2.500,0.83,50.0,0.29
6312.00,2161.11,7401.44,34.03,2.500,0.82,50.0,0.29
6313.00,2162.50,7403.51,34.03,2.500,0.82,50.0,0.29
6314.00,2163.90,7405.58,34.04,2.500,0.82,50.0,0.29
6315.00,2165.30,7407.65,34.04,2.500,0.82,50.0,0.29
6316.00,2166.70,7409.73,34.05,2.500,0.82,50.0,0.29
6317.00,2168.10,7411.80,34.05,2.500,0.82,50.0,0.29
6318.00,2169.50,7413.87,34.06,2.500,0.82,50.0,0.29
6319.00,2170.90,7415.94,34.06,2.500,0.82,50.0,0.29
6320.00,2172.30,7418.01,34.06,2.500,0.82,50.0,0.29
6321.00,2173.70,7420.08,34.07,2.500,0.82,50.0,0.29
6322.00,2175.10,7422.15,34.07,2.500,0.82,50.0,0.29
6323.00,2176.50,7424.22,34.08,2.500,0.82,50.0,0.29
6324.00,2177.90,7426.29,34.08,2.500,0.82,50.0,0.29
6325.00,2179.31,7428.36,34.09,2.500,0.82,50.0,0.29
6326.00,2180.71,7430.44,34.09,2.500,0.82,50.0,0.29
6327.00,2182.11,7432.51,34.10,2.500,0.82,50.0,0.28
6328.00,2183.51,7434.58,34.10,2.500,0.82,50.0,0.28
6329.00,2184.91,7436.65,34.11,2.500,0.82,50.0,0.28
6330.00,2186.31,7438.72,34.11,2.500,0.82,50.0,0.28
6331.00,2187.72,7440.79,34.12,2.500,0.82,50.0,0.28
6332.00,2189.12,7442.86,34.12,2.500,0.82,50.0,0.28
6333.00,2190.52,7444.93,34.13,2.500,0.82,50.0,0.28
6334.00,2191.92,7446.99,34.13,2.500,0.82,50.0,0.28
6335.00,2193.32,7449.06,34.14,2.500,0.82,50.0,0.28
6336.00,2194.73,7451.13,34.14,2.500,0.82,50.0,0.28
6337.00,2196.13,7453.20,34.15,2.500,0.82,50.0,0.28
6338.00,2197.53,7455.27,34.15,2.500,0.82,50.0,0.28
6339.00,2198.94,7457.34,34.15,2.500,0.81,50.0,0.28
6340.00,2200.34,7459.41,34.16,2.500,0.81,50.0,0.28
6341.00,2201.74,7461.48,34.16,2.500,0.81,50.0,0.28
6342.00,2203.15,7463.55,34.17,2.500,0.81,50.0,0.28
6343.00,2204.55,7465.61,34.17,2.500,0.81,50.0,0.28
6344.00,2205.96,7467.68,34.18,2.500,0.81,50.0,0.28
6345.00,2207.36,7469.75,34.18,2.500,0.81,50.0,0.28
6346.00,2208.77,7471.82,34.19,2.500,0.81,50.0,0.28
6347.00,2210.17,7473.89,34.19,2.500,0.81,50.0,0.28
6348.00,2211.58,7475.96,34.20,2.500,0.81,50.0,0.28
6349.00,2212.98,7478.02,34.20,2.500,0.81,50.0,0.28
6350.00,2214.39,7480.09,34.21,2.500,0.81,50.0,0.28
6351.00,2215.79,7482.16,34.21,2.500,0.81,50.0,0.28
6352.00,2217.20,7484.23,34.22,2.500,0.81,50.0,0.28
6353.00,2218.60,7486.29,34.22,2.500,0.81,50.0,0.28
6354.00,2220.01,7488.36,34.23,2.500,0.81,50.0,0.28
6355.00,2221.42,7490.43,34.23,2.500,0.81,50.0,0.28
6356.00,2222.82,7492.49,34.23,2.500,0.81,50.0,0.28
6357.00,2224.23,7494.56,34.24,2.500,0.81,50.0,0.28
6358.00,2225.63,7496.63,34.24,2.500,0.81,50.0,0.28
6359.00,2227.04,7498.69,34.25,2.500,0.81,50.0,0.28
6360.00,2228.45,7500.76,34.25,2.500,0.81,50.0,0.28
6361.00,2229.86,7502.83,34.26,2.500,0.81,50.0,0.28
6362.00,2231.26,7504.89,34.26,2.500,0.81,50.0,0.28
6363.00,2232.67,7506.96,34.27,2.500,0.81,50.0,0.28
6364.00,2234.08,7509.03,34.27,2.500,0.81,50.0,0.28
6365.00,2235.49,7511.09,34.28,2.500,0.81,50.0,0.28
6366.00,2236.89,7513.16,34.28,2.500,0.80,50.0,0.28
6367.00,2238.30,7515.22,34.29,2.500,0.80,50.0,0.28
6368.00,2239.71,7517.29,34.29,2.500,0.80,50.0,0.28
6369.00,2241.12,7519.35,34.30,2.500,0.80,50.0,0.28
6370.00,2242.53,7521.42,34.30,2.500,0.80,50.0,0.28
6371.00,2243.94,7523.49,34.30,2.500,0.80,50.0,0.28
6372.00,2245.34,7525.55,34.31,2.500,0.80,50.0,0.28
6373.00,2246.75,7527.62,34.31,2.500,0.80,50.0,0.28
6374.00,2248.16,7529.68,34.32,2.500,0.80,50.0,0.28
6375.00,2249.57,7531.75,34.32,2.500,0.80,50.0,0.28
6376.00,2250.98,7533.81,34.33,2.500,0.80,50.0,0.28
6377.00,2252.39,7535.87,34.33,2.500,0.80,50.0,0.28
6378.00,2253.80,7537.94,34.34,2.500,0.80,50.0,0.28
6379.00,2255.21,7540.00,34.34,2.500,0.80,50.0,0.28
6380.00,2256.62,7542.07,34.35,2.500,0.80,50.0,0.28
6381.00,2258.03,7544.13,34.35,2.500,0.80,50.0,0.28
6382.00,2259.44,7546.20,34.36,2.500,0.80,50.0,0.28
6383.00,2260.85,7548.26,34.36,2.500,0.80,50.0,0.28
6384.00,2262.27,7550.32,34.36,2.500,0.80,50.0,0.28
6385.00,2263.68,7552.39,34.37,2.500,0.80,50.0,0.28
6386.00,2265.09,7554.45,34.37,2.500,0.80,50.0,0.28
6387.00,2266.50,7556.51,34.38,2.500,0.80,50.0,0.28
6388.00,2267.91,7558.58,34.38,2.500,0.80,50.0,0.28
6389.00,2269.32,7560.64,34.39,2.500,0.80,50.0,0.28
6390.00,2270.74,7562.70,34.39,2.500,0.80,50.0,0.28
6391.00,2272.15,7564.77,34.40,2.500,0.80,50.0,0.28
6392.00,2273.56,7566.83,34.40,2.500,0.80,50.0,0.28
6393.00,2274.97,7568.89,34.41,2.500,0.79,50.0,0.28
6394.00,2276.38,7570.95,34.41,2.500,0.79,50.0,0.28
6395.00,2277.80,7573.02,34.42,2.500,0.79,50.0,0.28
6396.00,2279.21,7575.08,34.42,2.500,0.79,50.0,0.28
6397.00,2280.62,7577.14,34.42,2.500,0.79,50.0,0.28
6398.00,2282.04,7579.20,34.43,2.500,0.79,50.0,0.28
6399.00,2283.45,7581.27,34.43,2.500,0.79,50.0,0.28
6400.00,2284.86,7583.33,34.44,2.500,0.79,50.0,0.28
6401.00,2286.28,7585.39,34.44,2.500,0.79,50.0,0.28
6402.00,2287.69,7587.45,34.45,2.500,0.79,50.0,0.27
6403.00,2289.11,7589.51,34.45,2.500,0.79,50.0,0.27
6404.00,2290.52,7591.57,34.46,2.500,0.79,50.0,0.27
6405.00,2291.93,7593.64,34.46,2.500,0.79,50.0,0.27
6406.00,2293.35,7595.70,34.47,2.500,0.79,50.0,0.27
6407.00,2294.76,7597.76,34.47,2.500,0.79,50.0,0.27
6408.00,2296.18,7599.82,34.48,2.500,0.79,50.0,0.27
6409.00,2297.59,7601.88,34.48,2.500,0.79,50.0,0.27
6410.00,2299.01,7603.94,34.48,2.500,0.79,50.0,0.27
6411.00,2300.43,7606.00,34.49,2.500,0.79,50.0,0.27
6412.00,2301.84,7608.06,34.49,2.500,0.79,50.0,0.27
6413.00,2303.26,7610.12,34.50,2.500,0.79,50.0,0.27
6414.00,2304.67,7612.18,34.50,2.500,0.79,50.0,0.27
6415.00,2306.09,7614.24,34.51,2.500,0.79,50.0,0.27
6416.00,2307.50,7616.30,34.51,2.500,0.79,50.0,0.27
6417.00,2308.92,7618.36,34.52,2.500,0.79,50.0,0.27
6418.00,2310.34,7620.42,34.52,2.500,0.79,50.0,0.27
6419.00,2311.75,7622.48,34.53,2.500,0.79,50.0,0.27
6420.00,2313.17,7624.54,34.53,2.500,0.78,50.0,0.27
6421.00,2314.59,7626.60,34.53,2.500,0.78,50.0,0.27
6422.00,2316.01,7628.66,34.54,2.500,0.78,50.0,0.27
6423.00,2317.42,7630.72,34.54,2.500,0.78,50.0,0.27
6424.00,2318.84,7632.78,34.55,2.500,0.78,50.0,0.27
6425.00,2320.26,7634.84,34.55,2.500,0.78,50.0,0.27
6426.00,2321.68,7636.90,34.56,2.500,0.78,50.0,0.27
6427.00,2323.09,7638.96,34.56,2.500,0.78,50.0,0.27
6428.00,2324.51,7641.02,34.57,2.500,0.78,50.0,0.27
6429.00,2325.93,7643.08,34.57,2.500,0.78,50.0,0.27
6430.00,2327.35,7645.13,34.58,2.500,0.78,50.0,0.27
6431.00,2328.77,7647.19,34.58,2.500,0.78,50.0,0.27
6432.00,2330.19,7649.25,34.58,2.500,0.78,50.0,0.27
6433.00,2331.61,7651.31,34.59,2.500,0.78,50.0,0.27
6434.00,2333.03,7653.37,34.59,2.500,0.78,50.0,0.27
6435.00,2334.44,7655.42,34.60,2.500,0.78,50.0,0.27
6436.00,2335.86,7657.48,34.60,2.500,0.78,50.0,0.27
6437.00,2337.28,7659.54,34.61,2.500,0.78,50.0,0.27
6438.00,2338.70,7661.60,34.61,2.500,0.78,50.0,0.27
6439.00,2340.12,7663.66,34.62,2.500,0.78,50.0,0.27
6440.00,2341.54,7665.71,34.62,2.500,0.78,50.0,0.27
6441.00,2342.96,7667.77,34.62,2.500,0.78,50.0,0.27
6442.00,2344.39,7669.83,34.63,2.500,0.78,50.0,0.27
6443.00,2345.81,7671.88,34.63,2.500,0.78,50.0,0.27
6444.00,2347.23,7673.94,34.64,2.500,0.78,50.0,0.27
6445.00,2348.65,7676.00,34.64,2.500,0.78,50.0,0.27
6446.00,2350.07,7678.06,34.65,2.500,0.78,50.0,0.27
6447.00,2351.49,7680.11,34.65,2.500,0.77,50.0,0.27
6448.00,2352.91,7682.17,34.66,2.500,0.77,50.0,0.27
6449.00,2354.33,7684.23,34.66,2.500,0.77,50.0,0.27
6450.00,2355.75,7686.28,34.67,2.500,0.77,50.0,0.27
6451.00,2357.18,7688.34,34.67,2.500,0.77,50.0,0.27
6452.00,2358.60,7690.39,34.67,2.500,0.77,50.0,0.27
6453.00,2360.02,7692.45,34.68,2.500,0.77,50.0,0.27
6454.00,2361.44,7694.51,34.68,2.500,0.77,50.0,0.27
6455.00,2362.87,7696.56,34.69,2.500,0.77,50.0,0.27
6456.00,2364.29,7698.62,34.69,2.500,0.77,50.0,0.27
6457.00,2365.71,7700.67,34.70,2.500,0.77,50.0,0.27
6458.00,2367.13,7702.73,34.70,2.500,0.77,50.0,0.27
6459.00,2368.56,7704.78,34.71,2.500,0.77,50.0,0.27
6460.00,2369.98,7706.84,34.71,2.500,0.77,50.0,0.27
6461.00,2371.41,7708.89,34.71,2.500,0.77,50.0,0.27
6462.00,2372.83,7710.95,34.72,2.500,0.77,50.0,0.27
6463.00,2374.25,7713.00,34.72,2.500,0.77,50.0,0.27
6464.00,2375.68,7715.06,34.73,2.500,0.77,50.0,0.27
6465.00,2377.10,7717.11,34.73,2.500,0.77,50.0,0.27
6466.00,2378.53,7719.17,34.74,2.500,0.77,50.0,0.27
6467.00,2379.95,7721.22,34.74,2.500,0.77,50.0,0.27
6468.00,2381.37,7723.28,34.75,2.500,0.77,50.0,0.27
6469.00,2382.80,7725.33,34.75,2.500,0.77,50.0,0.27
6470.00,2384.22,7727.38,34.75,2.500,0.77,50.0,0.27
6471.00,2385.65,7729.44,34.76,2.500,0.77,50.0,0.27
6472.00,2387.07,7731.49,34.76,2.500,0.77,50.0,0.27
6473.00,2388.50,7733.55,34.77,2.500,0.77,50.0,0.27
6474.00,2389.93,7735.60,34.77,2.500,0.76,50.0,0.27
6475.00,2391.35,7737.65,34.78,2.500,0.76,50.0,0.27
6476.00,2392.78,7739.71,34.78,2.500,0.76,50.0,0.27
6477.00,2394.20,7741.76,34.79,2.500,0.76,50.0,0.27
6478.00,2395.63,7743.81,34.79,2.500,0.76,50.0,0.27
6479.00,2397.06,7745.87,34.79,2.500,0.76,50.0,0.27
6480.00,2398.48,7747.92,34.80,2.500,0.76,50.0,0.27
6481.00,2399.91,7749.97,34.80,2.500,0.76,50.0,0.26
6482.00,2401.34,7752.03,34.81,2.500,0.76,50.0,0.26
6483.00,2402.76,7754.08,34.81,2.500,0.76,50.0,0.26
6484.00,2404.19,7756.13,34.82,2.500,0.76,50.0,0.26
6485.00,2405.62,7758.18,34.82,2.500,0.76,50.0,0.26
6486.00,2407.05,7760.24,34.83,2.500,0.76,50.0,0.26
6487.00,2408.47,7762.29,34.83,2.500,0.76,50.0,0.26
6488.00,2409.90,7764.34,34.83,2.500,0.76,50.0,0.26
6489.00,2411.33,7766.39,34.84,2.500,0.76,50.0,0.26
6490.00,2412.76,7768.44,34.84,2.500,0.76,50.0,0.26
6491.00,2414.19,7770.50,34.85,2.500,0.76,50.0,0.26
6492.00,2415.61,7772.55,34.85,2.500,0.76,50.0,0.26
6493.00,2417.04,7774.60,34.86,2.500,0.76,50.0,0.26
6494.00,2418.47,7776.65,34.86,2.500,0.76,50.0,0.26
6495.00,2419.90,7778.70,34.86,2.500,0.76,50.0,0.26
6496.00,2421.33,7780.75,34.87,2.500,0.76,50.0,0.26
6497.00,2422.76,7782.80,34.87,2.500,0.76,50.0,0.26
6498.00,2424.19,7784.86,34.88,2.500,0.76,50.0,0.26
6499.00,2425.62,7786.91,34.88,2.500,0.76,50.0,0.26
6500.00,2427.05,7788.96,34.89,2.500,0.76,50.0,0.26
6501.00,2428.48,7791.01,34.89,2.500,0.75,50.0,0.26
6502.00,2429.91,7793.06,34.90,2.500,0.75,50.0,0.26
6503.00,2431.34,7795.11,34.90,2.500,0.75,50.0,0.26
6504.00,2432.77,7797.16,34.90,2.500,0.75,50.0,0.26
6505.00,2434.20,7799.21,34.91,2.500,0.75,50.0,0.26
6506.00,2435.63,7801.26,34.91,2.500,0.75,50.0,0.26
6507.00,2437.06,7803.31,34.92,2.500,0.75,50.0,0.26
6508.00,2438.49,7805.36,34.92,2.500,0.75,50.0,0.26
6509.00,2439.92,7807.41,34.93,2.500,0.75,50.0,0.26
6510.00,2441.35,7809.46,34.93,2.500,0.75,50.0,0.26
6511.00,2442.78,7811.51,34.93,2.500,0.75,50.0,0.26
6512.00,2444.22,7813.56,34.94,2.500,0.75,50.0,0.26
6513.00,2445.65,7815.61,34.94,2.500,0.75,50.0,0.26
6514.00,2447.08,7817.66,34.95,2.500,0.75,50.0,0.26
6515.00,2448.51,7819.71,34.95,2.500,0.75,50.0,0.26
6516.00,2449.94,7821.76,34.96,2.500,0.75,50.0,0.26
6517.00,2451.38,7823.80,34.96,2.500,0.75,50.0,0.26
6518.00,2452.81,7825.85,34.96,2.500,0.75,50.0,0.26
6519.00,2454.24,7827.90,34.97,2.500,0.75,50.0,0.26
6520.00,2455.67,7829.95,34.97,2.500,0.75,50.0,0.26
6521.00,2457.11,7832.00,34.98,2.500,0.75,50.0,0.26
6522.00,2458.54,7834.05,34.98,2.500,0.75,50.0,0.26
6523.00,2459.97,7836.10,34.99,2.500,0.75,50.0,0.26
6524.00,2461.41,7838.14,34.99,2.500,0.75,50.0,0.26
6525.00,2462.84,7840.19,35.00,2.500,0.75,50.0,0.26
6526.00,2464.28,7842.24,35.00,2.500,0.75,50.0,0.26
6527.00,2465.71,7844.29,35.00,2.500,0.75,50.0,0.26
6528.00,2467.14,7846.34,35.01,2.500,0.74,50.0,0.26
6529.00,2468.58,7848.38,35.01,2.500,0.74,50.0,0.26
6530.00,2470.01,7850.43,35.02,2.500,0.74,50.0,0.26
6531.00,2471.45,7852.48,35.02,2.500,0.74,50.0,0.26
6532.00,2472.88,7854.53,35.03,2.500,0.74,50.0,0.26
6533.00,2474.32,7856.57,35.03,2.500,0.74,50.0,0.26
6534.00,2475.75,7858.62,35.03,2.500,0.74,50.0,0.26
6535.00,2477.19,7860.67,35.04,2.500,0.74,50.0,0.26
6536.00,2478.62,7862.71,35.04,2.500,0.74,50.0,0.26
6537.00,2480.06,7864.76,35.05,2.500,0.74,50.0,0.26
6538.00,2481.49,7866.81,35.05,2.500,0.74,50.0,0.26
6539.00,2482.93,7868.85,35.06,2.500,0.74,50.0,0.26
6540.00,2484.36,7870.90,35.06,2.500,0.74,50.0,0.26
6541.00,2485.80,7872.95,35.06,2.500,0.74,50.0,0.26
6542.00,2487.24,7874.99,35.07,2.500,0.74,50.0,0.26
6543.00,2488.67,7877.04,35.07,2.500,0.74,50.0,0.26
6544.00,2490.11,7879.09,35.08,2.500,0.74,50.0,0.26
6545.00,2491.55,7881.13,35.08,2.500,0.74,50.0,0.26
6546.00,2492.98,7883.18,35.09,2.500,0.74,50.0,0.26
6547.00,2494.42,7885.22,35.09,2.500,0.74,50.0,0.26
6548.00,2495.86,7887.27,35.09,2.500,0.74,50.0,0.26
6549.00,2497.29,7889.31,35.10,2.500,0.74,50.0,0.26
6550.00,2498.73,7891.36,35.10,2.500,0.74,50.0,0.26
6551.00,2500.17,7893.41,35.11,2.500,0.74,50.0,0.26
6552.00,2501.61,7895.45,35.11,2.500,0.74,50.0,0.26
6553.00,2503.04,7897.50,35.12,2.500,0.74,50.0,0.26
6554.00,2504.48,7899.54,35.12,2.500,0.74,50.0,0.26
6555.00,2505.92,7901.59,35.12,2.500,0.74,50.0,0.26
6556.00,2507.36,7903.63,35.13,2.500,0.74,50.0,0.26
6557.00,2508.80,7905.68,35.13,2.500,0.74,50.0,0.26
6558.00,2510.24,7907.72,35.14,2.500,0.73,50.0,0.26
6559.00,2511.68,7909.76,35.14,2.500,0.73,50.0,0.26
6560.00,2513.11,7911.81,35.15,2.500,0.73,50.0,0.26
6561.00,2514.55,7913.85,35.15,2.500,0.73,50.0,0.26
6562.00,2515.99,7915.90,35.15,2.500,0.73,50.0,0.25
6563.00,2517.43,7917.94,35.16,2.500,0.73,50.0,0.25
6564.00,2518.87,7919.98,35.16,2.500,0.73,50.0,0.25
6565.00,2520.31,7922.03,35.17,2.500,0.73,50.0,0.25
6566.00,2521.75,7924.07,35.17,2.500,0.73,50.0,0.25
6567.00,2523.19,7926.12,35.17,2.500,0.73,50.0,0.25
6568.00,2524.63,7928.16,35.18,2.500,0.73,50.0,0.25
6569.00,2526.07,7930.20,35.18,2.500,0.73,50.0,0.25
6570.00,2527.51,7932.25,35.19,2.500,0.73,50.0,0.25
6571.00,2528.95,7934.29,35.19,2.500,0.73,50.0,0.25
6572.00,2530.39,7936.33,35.20,2.500,0.73,50.0,0.25
6573.00,2531.84,7938.38,35.20,2.500,0.73,50.0,0.25
6574.00,2533.28,7940.42,35.20,2.500,0.73,50.0,0.25
6575.00,2534.72,7942.46,35.21,2.500,0.73,50.0,0.25
6576.00,2536.16,7944.50,35.21,2.500,0.73,50.0,0.25
6577.00,2537.60,7946.55,35.22,2.500,0.73,50.0,0.25
6578.00,2539.04,7948.59,35.22,2.500,0.73,50.0,0.25
6579.00,2540.48,7950.63,35.23,2.500,0.73,50.0,0.25
6580.00,2541.93,7952.67,35.23,2.500,0.73,50.0,0.25
6581.00,2543.37,7954.72,35.23,2.500,0.73,50.0,0.25
6582.00,2544.81,7956.76,35.24,2.500,0.73,50.0,0.25
6583.00,2546.25,7958.80,35.24,2.500,0.73,50.0,0.25
6584.00,2547.70,7960.84,35.25,2.500,0.73,50.0,0.25
6585.00,2549.14,7962.88,35.25,2.500,0.72,50.0,0.25
6586.00,2550.58,7964.92,35.26,2.500,0.72,50.0,0.25
6587.00,2552.02,7966.97,35.26,2.500,0.72,50.0,0.25
6588.00,2553.47,7969.01,35.26,2.500,0.72,50.0,0.25
6589.00,2554.91,7971.05,35.27,2.500,0.72,50.0,0.25
6590.00,2556.35,7973.09,35.27,2.500,0.72,50.0,0.25
6591.00,2557.80,7975.13,35.28,2.500,0.72,50.0,0.25
6592.00,2559.24,7977.17,35.28,2.500,0.72,50.0,0.25
6593.00,2560.69,7979.21,35.28,2.500,0.72,50.0,0.25
6594.00,2562.13,7981.25,35.29,2.500,0.72,50.0,0.25
6595.00,2563.57,7983.29,35.29,2.500,0.72,50.0,0.25
6596.00,2565.02,7985.33,35.30,2.500,0.72,50.0,0.25
6597.00,2566.46,7987.37,35.30,2.500,0.72,50.0,0.25
6598.00,2567.91,7989.41,35.31,2.500,0.72,50.0,0.25
6599.00,2569.35,7991.46,35.31,2.500,0.72,50.0,0.25
6600.00,2570.80,7993.50,35.31,2.500,0.72,50.0,0.25
6601.00,2572.24,7995.54,35.32,2.500,0.72,50.0,0.25
6602.00,2573.69,7997.58,35.32,2.500,0.72,50.0,0.25
6603.00,2575.13,7999.61,35.33,2.500,0.72,50.0,0.25
6604.00,2576.58,8001.65,35.33,2.500,0.72,50.0,0.25
6605.00,2578.02,8003.69,35.33,2.500,0.72,50.0,0.25
6606.00,2579.47,8005.73,35.34,2.500,0.72,50.0,0.25
6607.00,2580.92,8007.77,35.34,2.500,0.72,50.0,0.25
6608.00,2582.36,8009.81,35.35,2.500,0.72,50.0,0.25
6609.00,2583.81,8011.85,35.35,2.500,0.72,50.0,0.25
6610.00,2585.26,8013.89,35.36,2.500,0.72,50.0,0.25
6611.00,2586.70,8015.93,35.36,2.500,0.72,50.0,0.25
6612.00,2588.15,8017.97,35.36,2.500,0.72,50.0,0.25
6613.00,2589.60,8020.01,35.37,2.500,0.72,50.0,0.25
6614.00,2591.04,8022.05,35.37,2.500,0.72,50.0,0.25
6615.00,2592.49,8024.08,35.38,2.500,0.71,50.0,0.25
6616.00,2593.94,8026.12,35.38,2.500,0.71,50.0,0.25
6617.00,2595.38,8028.16,35.38,2.500,0.71,50.0,0.25
6618.00,2596.83,8030.20,35.39,2.500,0.71,50.0,0.25
6619.00,2598.28,8032.24,35.39,2.500,0.71,50.0,0.25
6620.00,2599.73,8034.28,35.40,2.500,0.71,50.0,0.25
6621.00,2601.18,8036.31,35.40,2.500,0.71,50.0,0.25
6622.00,2602.62,8038.35,35.41,2.500,0.71,50.0,0.25
6623.00,2604.07,8040.39,35.41,2.500,0.71,50.0,0.25
6624.00,2605.52,8042.43,35.41,2.500,0.71,50.0,0.25
6625.00,2606.97,8044.46,35.42,2.500,0.71,50.0,0.25
6626.00,2608.42,8046.50,35.42,2.500,0.71,50.0,0.25
6627.00,2609.87,8048.54,35.43,2.500,0.71,50.0,0.25
6628.00,2611.32,8050.58,35.43,2.500,0.71,50.0,0.25
6629.00,2612.77,8052.61,35.43,2.500,0.71,50.0,0.25
6630.00,2614.22,8054.65,35.44,2.500,0.71,50.0,0.25
6631.00,2615.67,8056.69,35.44,2.500,0.71,50.0,0.25
6632.00,2617.11,8058.72,35.45,2.500,0.71,50.0,0.25
6633.00,2618.56,8060.76,35.45,2.500,0.71,50.0,0.25
6634.00,2620.01,8062.80,35.45,2.500,0.71,50.0,0.25
6635.00,2621.46,8064.83,35.46,2.500,0.71,50.0,0.25
6636.00,2622.92,8066.87,35.46,2.500,0.71,50.0,0.25
6637.00,2624.37,8068.91,35.47,2.500,0.71,50.0,0.25
6638.00,2625.82,8070.94,35.47,2.500,0.71,50.0,0.25
6639.00,2627.27,8072.98,35.47,2.500,0.71,50.0,0.25
6640.00,2628.72,8075.01,35.48,2.500,0.71,50.0,0.25
6641.00,2630.17,8077.05,35.48,2.500,0.71,50.0,0.25
6642.00,2631.62,8079.09,35.49,2.500,0.71,50.0,0.25
6643.00,2633.07,8081.12,35.49,2.500,0.71,50.0,0.25
6644.00,2634.52,8083.16,35.50,2.500,0.71,50.0,0.25
6645.00,2635.97,8085.19,35.50,2.500,0.70,50.0,0.25
6646.00,2637.43,8087.23,35.50,2.500,0.70,50.0,0.24
6647.00,2638.88,8089.26,35.51,2.500,0.70,50.0,0.24
6648.00,2640.33,8091.30,35.51,2.500,0.70,50.0,0.24
6649.00,2641.78,8093.33,35.52,2.500,0.70,50.0,0.24
6650.00,2643.23,8095.37,35.52,2.500,0.70,50.0,0.24
6651.00,2644.69,8097.40,35.52,2.500,0.70,50.0,0.24
6652.00,2646.14,8099.44,35.53,2.500,0.70,50.0,0.24
6653.00,2647.59,8101.47,35.53,2.500,0.70,50.0,0.24
6654.00,2649.05,8103.51,35.54,2.500,0.70,50.0,0.24
6655.00,2650.50,8105.54,35.54,2.500,0.70,50.0,0.24
6656.00,2651.95,8107.57,35.54,2.500,0.70,50.0,0.24
6657.00,2653.40,8109.61,35.55,2.500,0.70,50.0,0.24
6658.00,2654.86,8111.64,35.55,2.500,0.70,50.0,0.24
6659.00,2656.31,8113.68,35.56,2.500,0.70,50.0,0.24
6660.00,2657.77,8115.71,35.56,2.500,0.70,50.0,0.24
6661.00,2659.22,8117.74,35.56,2.500,0.70,50.0,0.24
6662.00,2660.67,8119.78,35.57,2.500,0.70,50.0,0.24
6663.00,2662.13,8121.81,35.57,2.500,0.70,50.0,0.24
6664.00,2663.58,8123.84,35.58,2.500,0.70,50.0,0.24
6665.00,2665.04,8125.88,35.58,2.500,0.70,50.0,0.24
6666.00,2666.49,8127.91,35.58,2.500,0.70,50.0,0.24
6667.00,2667.95,8129.94,35.59,2.500,0.70,50.0,0.24
6668.00,2669.40,8131.98,35.59,2.500,0.70,50.0,0.24
6669.00,2670.86,8134.01,35.60,2.500,0.70,50.0,0.24
6670.00,2672.31,8136.04,35.60,2.500,0.70,50.0,0.24
6671.00,2673.77,8138.08,35.60,2.500,0.70,50.0,0.24
6672.00,2675.22,8140.11,35.61,2.500,0.70,50.0,0.24
6673.00,2676.68,8142.14,35.61,2.500,0.70,50.0,0.24
6674.00,2678.13,8144.17,35.62,2.500,0.70,50.0,0.24
6675.00,2679.59,8146.21,35.62,2.500,0.69,50.0,0.24
6676.00,2681.05,8148.24,35.63,2.500,0.69,50.0,0.24
6677.00,2682.50,8150.27,35.63,2.500,0.69,50.0,0.24
6678.00,2683.96,8152.30,35.63,2.500,0.69,50.0,0.24
6679.00,2685.41,8154.33,35.64,2.500,0.69,50.0,0.24
6680.00,2686.87,8156.37,35.64,2.500,0.69,50.0,0.24
6681.00,2688.33,8158.40,35.65,2.500,0.69,50.0,0.24
6682.00,2689.78,8160.43,35.65,2.500,0.69,50.0,0.24
6683.00,2691.24,8162.46,35.65,2.500,0.69,50.0,0.24
6684.00,2692.70,8164.49,35.66,2.500,0.69,50.0,0.24
6685.00,2694.16,8166.52,35.66,2.500,0.69,50.0,0.24
6686.00,2695.61,8168.55,35.67,2.500,0.69,50.0,0.24
6687.00,2697.07,8170.59,35.67,2.500,0.69,50.0,0.24
6688.00,2698.53,8172.62,35.67,2.500,0.69,50.0,0.24
6689.00,2699.99,8174.65,35.68,2.500,0.69,50.0,0.24
6690.00,2701.44,8176.68,35.68,2.500,0.69,50.0,0.24
6691.00,2702.90,8178.71,35.69,2.500,0.69,50.0,0.24
6692.00,2704.36,8180.74,35.69,2.500,0.69,50.0,0.24
6693.00,2705.82,8182.77,35.69,2.500,0.69,50.0,0.24
6694.00,2707.28,8184.80,35.70,2.500,0.69,50.0,0.24
6695.00,2708.74,8186.83,35.70,2.500,0.69,50.0,0.24
6696.00,2710.20,8188.86,35.71,2.500,0.69,50.0,0.24
6697.00,2711.66,8190.89,35.71,2.500,0.69,50.0,0.24
6698.00,2713.11,8192.92,35.71,2.500,0.69,50.0,0.24
6699.00,2714.57,8194.95,35.72,2.500,0.69,50.0,0.24
6700.00,2716.03,8196.98,35.72,2.500,0.69,50.0,0.24
6701.00,2717.49,8199.01,35.73,2.500,0.69,50.0,0.24
6702.00,2718.95,8201.04,35.73,2.500,0.69,50.0,0.24
6703.00,2720.41,8203.07,35.73,2.500,0.69,50.0,0.24
6704.00,2721.87,8205.10,35.74,2.500,0.69,50.0,0.24
6705.00,2723.33,8207.13,35.74,2.500,0.68,50.0,0.24
6706.00,2724.79,8209.16,35.74,2.500,0.68,50.0,0.24
6707.00,2726.25,8211.19,35.75,2.500,0.68,50.0,0.24
6708.00,2727.71,8213.22,35.75,2.500,0.68,50.0,0.24
6709.00,2729.17,8215.24,35.76,2.500,0.68,50.0,0.24
6710.00,2730.64,8217.27,35.76,2.500,0.68,50.0,0.24
6711.00,2732.10,8219.30,35.76,2.500,0.68,50.0,0.24
6712.00,2733.56,8221.33,35.77,2.500,0.68,50.0,0.24
6713.00,2735.02,8223.36,35.77,2.500,0.68,50.0,0.24
6714.00,2736.48,8225.39,35.78,2.500,0.68,50.0,0.24
6715.00,2737.94,8227.42,35.78,2.500,0.68,50.0,0.24
6716.00,2739.40,8229.44,35.78,2.500,0.68,50.0,0.24
6717.00,2740.87,8231.47,35.79,2.500,0.68,50.0,0.24
6718.00,2742.33,8233.50,35.79,2.500,0.68,50.0,0.24
6719.00,2743.79,8235.53,35.80,2.500,0.68,50.0,0.24
6720.00,2745.25,8237.55,35.80,2.500,0.68,50.0,0.24
6721.00,2746.71,8239.58,35.80,2.500,0.68,50.0,0.24
6722.00,2748.18,8241.61,35.81,2.500,0.68,50.0,0.24
6723.00,2749.64,8243.64,35.81,2.500,0.68,50.0,0.24
6724.00,2751.10,8245.66,35.82,2.500,0.68,50.0,0.24
6725.00,2752.57,8247.69,35.82,2.500,0.68,50.0,0.24
6726.00,2754.03,8249.72,35.82,2.500,0.68,50.0,0.24
6727.00,2755.49,8251.75,35.83,2.500,0.68,50.0,0.24
6728.00,2756.95,8253.77,35.83,2.500,0.68,50.0,0.24
6729.00,2758.42,8255.80,35.84,2.500,0.68,50.0,0.24
6730.00,2759.88,8257.83,35.84,2.500,0.68,50.0,0.24
6731.00,2761.35,8259.85,35.84,2.500,0.68,50.0,0.24
6732.00,2762.81,8261.88,35.85,2.500,0.68,50.0,0.24
6733.00,2764.27,8263.91,35.85,2.500,0.68,50.0,0.24
6734.00,2765.74,8265.93,35.86,2.500,0.68,50.0,0.23
6735.00,2767.20,8267.96,35.86,2.500,0.68,50.0,0.23
6736.00,2768.67,8269.99,35.86,2.500,0.68,50.0,0.23
6737.00,2770.13,8272.01,35.87,2.500,0.68,50.0,0.23
6738.00,2771.60,8274.04,35.87,2.500,0.67,50.0,0.23
6739.00,2773.06,8276.06,35.87,2.500,0.67,50.0,0.23
6740.00,2774.53,8278.09,35.88,2.500,0.67,50.0,0.23
6741.00,2775.99,8280.11,35.88,2.500,0.67,50.0,0.23
6742.00,2777.46,8282.14,35.89,2.500,0.67,50.0,0.23
6743.00,2778.92,8284.17,35.89,2.500,0.67,50.0,0.23
6744.00,2780.39,8286.19,35.89,2.500,0.67,50.0,0.23
6745.00,2781.85,8288.22,35.90,2.500,0.67,50.0,0.23
6746.00,2783.32,8290.24,35.90,2.500,0.67,50.0,0.23
6747.00,2784.79,8292.27,35.91,2.500,0.67,50.0,0.23
6748.00,2786.25,8294.29,35.91,2.500,0.67,50.0,0.23
6749.00,2787.72,8296.32,35.91,2.500,0.67,50.0,0.23
6750.00,2789.18,8298.34,35.92,2.500,0.67,50.0,0.23
6751.00,2790.65,8300.37,35.92,2.500,0.67,50.0,0.23
6752.00,2792.12,8302.39,35.93,2.500,0.67,50.0,0.23
6753.00,2793.58,8304.41,35.93,2.500,0.67,50.0,0.23
6754.00,2795.05,8306.44,35.93,2.500,0.67,50.0,0.23
6755.00,2796.52,8308.46,35.94,2.500,0.67,50.0,0.23
6756.00,2797.99,8310.49,35.94,2.500,0.67,50.0,0.23
6757.00,2799.45,8312.51,35.94,2.500,0.67,50.0,0.23
6758.00,2800.92,8314.54,35.95,2.500,0.67,50.0,0.23
6759.00,2802.39,8316.56,35.95,2.500,0.67,50.0,0.23
6760.00,2803.86,8318.58,35.96,2.500,0.67,50.0,0.23
6761.00,2805.32,8320.61,35.96,2.500,0.67,50.0,0.23
6762.00,2806.79,8322.63,35.96,2.500,0.67,50.0,0.23
6763.00,2808.26,8324.65,35.97,2.500,0.67,50.0,0.23
6764.00,2809.73,8326.68,35.97,2.500,0.67,50.0,0.23
6765.00,2811.20,8328.70,35.98,2.500,0.67,50.0,0.23
6766.00,2812.67,8330.72,35.98,2.500,0.67,50.0,0.23
6767.00,2814.13,8332.75,35.98,2.500,0.67,50.0,0.23
6768.00,2815.60,8334.77,35.99,2.500,0.66,50.0,0.23
6769.00,2817.07,8336.79,35.99,2.500,0.66,50.0,0.23
6770.00,2818.54,8338.81,36.00,2.500,0.66,50.0,0.23
6771.00,2820.01,8340.84,36.00,2.500,0.66,50.0,0.23
6772.00,2821.48,8342.86,36.00,2.500,0.66,50.0,0.23
6773.00,2822.95,8344.88,36.01,2.500,0.66,50.0,0.23
6774.00,2824.42,8346.91,36.01,2.500,0.66,50.0,0.23
6775.00,2825.89,8348.93,36.01,2.500,0.66,50.0,0.23
6776.00,2827.36,8350.95,36.02,2.500,0.66,50.0,0.23
6777.00,2828.83,8352.97,36.02,2.500,0.66,50.0,0.23
6778.00,2830.30,8354.99,36.03,2.500,0.66,50.0,0.23
6779.00,2831.77,8357.02,36.03,2.500,0.66,50.0,0.23
6780.00,2833.24,8359.04,36.03,2.500,0.66,50.0,0.23
6781.00,2834.71,8361.06,36.04,2.500,0.66,50.0,0.23
6782.00,2836.18,8363.08,36.04,2.500,0.66,50.0,0.23
6783.00,2837.65,8365.10,36.04,2.500,0.66,50.0,0.23
6784.00,2839.12,8367.12,36.05,2.500,0.66,50.0,0.23
6785.00,2840.60,8369.14,36.05,2.500,0.66,50.0,0.23
6786.00,2842.07,8371.17,36.06,2.500,0.66,50.0,0.23
6787.00,2843.54,8373.19,36.06,2.500,0.66,50.0,0.23
6788.00,2845.01,8375.21,36.06,2.500,0.66,50.0,0.23
6789.00,2846.48,8377.23,36.07,2.500,0.66,50.0,0.23
6790.00,2847.95,8379.25,36.07,2.500,0.66,50.0,0.23
6791.00,2849.42,8381.27,36.08,2.500,0.66,50.0,0.23
6792.00,2850.90,8383.29,36.08,2.500,0.66,50.0,0.23
6793.00,2852.37,8385.31,36.08,2.500,0.66,50.0,0.23
6794.00,2853.84,8387.33,36.09,2.500,0.66,50.0,0.23
6795.00,2855.31,8389.35,36.09,2.500,0.66,50.0,0.23
6796.00,2856.79,8391.37,36.09,2.500,0.66,50.0,0.23
6797.00,2858.26,8393.39,36.10,2.500,0.66,50.0,0.23
6798.00,2859.73,8395.41,36.10,2.500,0.66,50.0,0.23
6799.00,2861.21,8397.43,36.11,2.500,0.66,50.0,0.23
6800.00,2862.68,8399.45,36.11,2.500,0.66,50.0,0.23
6801.00,2864.15,8401.47,36.11,2.500,0.65,50.0,0.23
6802.00,2865.63,8403.49,36.12,2.500,0.65,50.0,0.23
6803.00,2867.10,8405.51,36.12,2.500,0.65,50.0,0.23
6804.00,2868.57,8407.53,36.12,2.500,0.65,50.0,0.23
6805.00,2870.05,8409.55,36.13,2.500,0.65,50.0,0.23
6806.00,2871.52,8411.57,36.13,2.500,0.65,50.0,0.23
6807.00,2873.00,8413.59,36.14,2.500,0.65,50.0,0.23
6808.00,2874.47,8415.61,36.14,2.500,0.65,50.0,0.23
6809.00,2875.94,8417.63,36.14,2.500,0.65,50.0,0.23
6810.00,2877.42,8419.65,36.15,2.500,0.65,50.0,0.23
6811.00,2878.89,8421.66,36.15,2.500,0.65,50.0,0.23
6812.00,2880.37,8423.68,36.16,2.500,0.65,50.0,0.23
6813.00,2881.84,8425.70,36.16,2.500,0.65,50.0,0.23
6814.00,2883.32,8427.72,36.16,2.500,0.65,50.0,0.23
6815.00,2884.79,8429.74,36.17,2.500,0.65,50.0,0.23
6816.00,2886.27,8431.76,36.17,2.500,0.65,50.0,0.23
6817.00,2887.74,8433.77,36.17,2.500,0.65,50.0,0.23
6818.00,2889.22,8435.79,36.18,2.500,0.65,50.0,0.23
6819.00,2890.69,8437.81,36.18,2.500,0.65,50.0,0.23
6820.00,2892.17,8439.83,36.19,2.500,0.65,50.0,0.23
6821.00,2893.65,8441.85,36.19,2.500,0.65,50.0,0.23
6822.00,2895.12,8443.86,36.19,2.500,0.65,50.0,0.23
6823.00,2896.60,8445.88,36.20,2.500,0.65,50.0,0.23
6824.00,2898.08,8447.90,36.20,2.500,0.65,50.0,0.23
6825.00,2899.55,8449.92,36.20,2.500,0.65,50.0,0.22
6826.00,2901.03,8451.93,36.21,2.500,0.65,50.0,0.22
6827.00,2902.51,8453.95,36.21,2.500,0.65,50.0,0.22
6828.00,2903.98,8455.97,36.22,2.500,0.65,50.0,0.22
6829.00,2905.46,8457.98,36.22,2.500,0.65,50.0,0.22
6830.00,2906.94,8460.00,36.22,2.500,0.65,50.0,0.22
6831.00,2908.41,8462.02,36.23,2.500,0.64,50.0,0.22
6832.00,2909.89,8464.04,36.23,2.500,0.64,50.0,0.22
6833.00,2911.37,8466.05,36.23,2.500,0.64,50.0,0.22
6834.00,2912.85,8468.07,36.24,2.500,0.64,50.0,0.22
6835.00,2914.32,8470.08,36.24,2.500,0.64,50.0,0.22
6836.00,2915.80,8472.10,36.25,2.500,0.64,50.0,0.22
6837.00,2917.28,8474.12,36.25,2.500,0.64,50.0,0.22
6838.00,2918.76,8476.13,36.25,2.500,0.64,50.0,0.22
6839.00,2920.24,8478.15,36.26,2.500,0.64,50.0,0.22
6840.00,2921.72,8480.17,36.26,2.500,0.64,50.0,0.22
6841.00,2923.19,8482.18,36.26,2.500,0.64,50.0,0.22
6842.00,2924.67,8484.20,36.27,2.500,0.64,50.0,0.22
6843.00,2926.15,8486.21,36.27,2.500,0.64,50.0,0.22
6844.00,2927.63,8488.23,36.27,2.500,0.64,50.0,0.22
6845.00,2929.11,8490.24,36.28,2.500,0.64,50.0,0.22
6846.00,2930.59,8492.26,36.28,2.500,0.64,50.0,0.22
6847.00,2932.07,8494.27,36.29,2.500,0.64,50.0,0.22
6848.00,2933.55,8496.29,36.29,2.500,0.64,50.0,0.22
6849.00,2935.03,8498.30,36.29,2.500,0.64,50.0,0.22
6850.00,2936.51,8500.32,36.30,2.500,0.64,50.0,0.22
6851.00,2937.99,8502.33,36.30,2.500,0.64,50.0,0.22
6852.00,2939.47,8504.35,36.30,2.500,0.64,50.0,0.22
6853.00,2940.95,8506.36,36.31,2.500,0.64,50.0,0.22
6854.00,2942.43,8508.38,36.31,2.500,0.64,50.0,0.22
6855.00,2943.91,8510.39,36.32,2.500,0.64,50.0,0.22
6856.00,2945.39,8512.41,36.32,2.500,0.64,50.0,0.22
6857.00,2946.87,8514.42,36.32,2.500,0.64,50.0,0.22
6858.00,2948.35,8516.44,36.33,2.500,0.64,50.0,0.22
6859.00,2949.83,8518.45,36.33,2.500,0.64,50.0,0.22
6860.00,2951.31,8520.46,36.33,2.500,0.64,50.0,0.22
6861.00,2952.79,8522.48,36.34,2.500,0.64,50.0,0.22
6862.00,2954.28,8524.49,36.34,2.500,0.64,50.0,0.22
6863.00,2955.76,8526.51,36.35,2.500,0.64,50.0,0.22
6864.00,2957.24,8528.52,36.35,2.500,0.63,50.0,0.22
6865.00,2958.72,8530.53,36.35,2.500,0.63,50.0,0.22
6866.00,2960.20,8532.55,36.36,2.500,0.63,50.0,0.22
6867.00,2961.68,8534.56,36.36,2.500,0.63,50.0,0.22
6868.00,2963.17,8536.57,36.36,2.500,0.63,50.0,0.22
6869.00,2964.65,8538.59,36.37,2.500,0.63,50.0,0.22
6870.00,2966.13,8540.60,36.37,2.500,0.63,50.0,0.22
6871.00,2967.61,8542.61,36.37,2.500,0.63,50.0,0.22
6872.00,2969.10,8544.63,36.38,2.500,0.63,50.0,0.22
6873.00,2970.58,8546.64,36.38,2.500,0.63,50.0,0.22
6874.00,2972.06,8548.65,36.39,2.500,0.63,50.0,0.22
6875.00,2973.54,8550.66,36.39,2.500,0.63,50.0,0.22
6876.00,2975.03,8552.68,36.39,2.500,0.63,50.0,0.22
6877.00,2976.51,8554.69,36.40,2.500,0.63,50.0,0.22
6878.00,2977.99,8556.70,36.40,2.500,0.63,50.0,0.22
6879.00,2979.48,8558.71,36.40,2.500,0.63,50.0,0.22
6880.00,2980.96,8560.73,36.41,2.500,0.63,50.0,0.22
6881.00,2982.45,8562.74,36.41,2.500,0.63,50.0,0.22
6882.00,2983.93,8564.75,36.41,2.500,0.63,50.0,0.22
6883.00,2985.41,8566.76,36.42,2.500,0.63,50.0,0.22
6884.00,2986.90,8568.77,36.42,2.500,0.63,50.0,0.22
6885.00,2988.38,8570.78,36.43,2.500,0.63,50.0,0.22
6886.00,2989.87,8572.80,36.43,2.500,0.63,50.0,0.22
6887.00,2991.35,8574.81,36.43,2.500,0.63,50.0,0.22
6888.00,2992.84,8576.82,36.44,2.500,0.63,50.0,0.22
6889.00,2994.32,8578.83,36.44,2.500,0.63,50.0,0.22
6890.00,2995.81,8580.84,36.44,2.500,0.63,50.0,0.22
6891.00,2997.29,8582.85,36.45,2.500,0.63,50.0,0.22
6892.00,2998.78,8584.86,36.45,2.500,0.63,50.0,0.22
6893.00,3000.26,8586.87,36.45,2.500,0.63,50.0,0.22
6894.00,3001.75,8588.89,36.46,2.500,0.63,50.0,0.22
6895.00,3003.23,8590.90,36.46,2.500,0.63,50.0,0.22
6896.00,3004.72,8592.91,36.47,2.500,0.63,50.0,0.22
6897.00,3006.20,8594.92,36.47,2.500,0.62,50.0,0.22
6898.00,3007.69,8596.93,36.47,2.500,0.62,50.0,0.22
6899.00,3009.18,8598.94,36.48,2.500,0.62,50.0,0.22
6900.00,3010.66,8600.95,36.48,2.500,0.62,50.0,0.22
6901.00,3012.15,8602.96,36.48,2.500,0.62,50.0,0.22
6902.00,3013.64,8604.97,36.49,2.500,0.62,50.0,0.22
6903.00,3015.12,8606.98,36.49,2.500,0.62,50.0,0.22
6904.00,3016.61,8608.99,36.49,2.500,0.62,50.0,0.22
6905.00,3018.10,8611.00,36.50,2.500,0.62,50.0,0.22
6906.00,3019.58,8613.01,36.50,2.500,0.62,50.0,0.22
6907.00,3021.07,8615.02,36.51,2.500,0.62,50.0,0.22
6908.00,3022.56,8617.03,36.51,2.500,0.62,50.0,0.22
6909.00,3024.04,8619.04,36.51,2.500,0.62,50.0,0.22
6910.00,3025.53,8621.05,36.52,2.500,0.62,50.0,0.22
6911.00,3027.02,8623.05,36.52,2.500,0.62,50.0,0.22
6912.00,3028.51,8625.06,36.52,2.500,0.62,50.0,0.22
6913.00,3029.99,8627.07,36.53,2.500,0.62,50.0,0.22
6914.00,3031.48,8629.08,36.53,2.500,0.62,50.0,0.22
6915.00,3032.97,8631.09,36.53,2.500,0.62,50.0,0.22
6916.00,3034.46,8633.10,36.54,2.500,0.62,50.0,0.22
6917.00,3035.95,8635.11,36.54,2.500,0.62,50.0,0.22
6918.00,3037.44,8637.12,36.54,2.500,0.62,50.0,0.22
6919.00,3038.92,8639.13,36.55,2.500,0.62,50.0,0.22
6920.00,3040.41,8641.13,36.55,2.500,0.62,50.0,0.21
6921.00,3041.90,8643.14,36.56,2.500,0.62,50.0,0.21
6922.00,3043.39,8645.15,36.56,2.500,0.62,50.0,0.21
6923.00,3044.88,8647.16,36.56,2.500,0.62,50.0,0.21
6924.00,3046.37,8649.17,36.57,2.500,0.62,50.0,0.21
6925.00,3047.86,8651.17,36.57,2.500,0.62,50.0,0.21
6926.00,3049.35,8653.18,36.57,2.500,0.62,50.0,0.21
6927.00,3050.84,8655.19,36.58,2.500,0.62,50.0,0.21
6928.00,3052.33,8657.20,36.58,2.500,0.62,50.0,0.21
6929.00,3053.82,8659.20,36.58,2.500,0.62,50.0,0.21
6930.00,3055.31,8661.21,36.59,2.500,0.62,50.0,0.21
6931.00,3056.80,8663.22,36.59,2.500,0.62,50.0,0.21
6932.00,3058.29,8665.23,36.59,2.500,0.62,50.0,0.21
6933.00,3059.78,8667.23,36.60,2.500,0.61,50.0,0.21
6934.00,3061.27,8669.24,36.60,2.500,0.61,50.0,0.21
6935.00,3062.76,8671.25,36.61,2.500,0.61,50.0,0.21
6936.00,3064.25,8673.26,36.61,2.500,0.61,50.0,0.21
6937.00,3065.74,8675.26,36.61,2.500,0.61,50.0,0.21
6938.00,3067.23,8677.27,36.62,2.500,0.61,50.0,0.21
6939.00,3068.72,8679.28,36.62,2.500,0.61,50.0,0.21
6940.00,3070.22,8681.28,36.62,2.500,0.61,50.0,0.21
6941.00,3071.71,8683.29,36.63,2.500,0.61,50.0,0.21
6942.00,3073.20,8685.29,36.63,2.500,0.61,50.0,0.21
6943.00,3074.69,8687.30,36.63,2.500,0.61,50.0,0.21
6944.00,3076.18,8689.31,36.64,2.500,0.61,50.0,0.21
6945.00,3077.67,8691.31,36.64,2.500,0.61,50.0,0.21
6946.00,3079.17,8693.32,36.64,2.500,0.61,50.0,0.21
6947.00,3080.66,8695.33,36.65,2.500,0.61,50.0,0.21
6948.00,3082.15,8697.33,36.65,2.500,0.61,50.0,0.21
6949.00,3083.64,8699.34,36.66,2.500,0.61,50.0,0.21
6950.00,3085.13,8701.34,36.66,2.500,0.61,50.0,0.21
6951.00,3086.63,8703.35,36.66,2.500,0.61,50.0,0.21
6952.00,3088.12,8705.35,36.67,2.500,0.61,50.0,0.21
6953.00,3089.61,8707.36,36.67,2.500,0.61,50.0,0.21
6954.00,3091.11,8709.36,36.67,2.500,0.61,50.0,0.21
6955.00,3092.60,8711.37,36.68,2.500,0.61,50.0,0.21
6956.00,3094.09,8713.37,36.68,2.500,0.61,50.0,0.21
6957.00,3095.59,8715.38,36.68,2.500,0.61,50.0,0.21
6958.00,3097.08,8717.38,36.69,2.500,0.61,50.0,0.21
6959.00,3098.57,8719.39,36.69,2.500,0.61,50.0,0.21
6960.00,3100.07,8721.39,36.69,2.500,0.61,50.0,0.21
6961.00,3101.56,8723.40,36.70,2.500,0.61,50.0,0.21
6962.00,3103.05,8725.40,36.70,2.500,0.61,50.0,0.21
6963.00,3104.55,8727.41,36.70,2.500,0.61,50.0,0.21
6964.00,3106.04,8729.41,36.71,2.500,0.61,50.0,0.21
6965.00,3107.54,8731.42,36.71,2.500,0.61,50.0,0.21
6966.00,3109.03,8733.42,36.72,2.500,0.60,50.0,0.21
6967.00,3110.53,8735.42,36.72,2.500,0.60,50.0,0.21
6968.00,3112.02,8737.43,36.72,2.500,0.60,50.0,0.21
6969.00,3113.52,8739.43,36.73,2.500,0.60,50.0,0.21
6970.00,3115.01,8741.43,36.73,2.500,0.60,50.0,0.21
6971.00,3116.51,8743.44,36.73,2.500,0.60,50.0,0.21
6972.00,3118.00,8745.44,36.74,2.500,0.60,50.0,0.21
6973.00,3119.50,8747.45,36.74,2.500,0.60,50.0,0.21
6974.00,3120.99,8749.45,36.74,2.500,0.60,50.0,0.21
6975.00,3122.49,8751.45,36.75,2.500,0.60,50.0,0.21
6976.00,3123.98,8753.46,36.75,2.500,0.60,50.0,0.21
6977.00,3125.48,8755.46,36.75,2.500,0.60,50.0,0.21
6978.00,3126.97,8757.46,36.76,2.500,0.60,50.0,0.21
6979.00,3128.47,8759.46,36.76,2.500,0.60,50.0,0.21
6980.00,3129.97,8761.47,36.76,2.500,0.60,50.0,0.21
6981.00,3131.46,8763.47,36.77,2.500,0.60,50.0,0.21
6982.00,3132.96,8765.47,36.77,2.500,0.60,50.0,0.21
6983.00,3134.46,8767.48,36.77,2.500,0.60,50.0,0.21
6984.00,3135.95,8769.48,36.78,2.500,0.60,50.0,0.21
6985.00,3137.45,8771.48,36.78,2.500,0.60,50.0,0.21
6986.00,3138.95,8773.48,36.78,2.500,0.60,50.0,0.21
6987.00,3140.44,8775.49,36.79,2.500,0.60,50.0,0.21
6988.00,3141.94,8777.49,36.79,2.500,0.60,50.0,0.21
6989.00,3143.44,8779.49,36.80,2.500,0.60,50.0,0.21
6990.00,3144.93,8781.49,36.80,2.500,0.60,50.0,0.21
6991.00,3146.43,8783.49,36.80,2.500,0.60,50.0,0.21
6992.00,3147.93,8785.49,36.81,2.500,0.60,50.0,0.21
6993.00,3149.43,8787.50,36.81,2.500,0.60,50.0,0.21
6994.00,3150.93,8789.50,36.81,2.500,0.60,50.0,0.21
6995.00,3152.42,8791.50,36.82,2.500,0.60,50.0,0.21
6996.00,3153.92,8793.50,36.82,2.500,0.60,50.0,0.21
6997.00,3155.42,8795.50,36.82,2.500,0.60,50.0,0.21
6998.00,3156.92,8797.50,36.83,2.500,0.60,50.0,0.21
6999.00,3158.42,8799.50,36.83,2.500,0.60,50.0,0.21
7000.00,3159.92,8801.51,36.83,2.500,0.60,50.0,0.21
7001.00,3161.41,8803.51,36.84,2.500,0.60,50.0,0.21
7002.00,3162.91,8805.51,36.84,2.500,0.59,50.0,0.21
7003.00,3164.41,8807.51,36.84,2.500,0.59,50.0,0.21
7004.00,3165.91,8809.51,36.85,2.500,0.59,50.0,0.21
7005.00,3167.41,8811.51,36.85,2.500,0.59,50.0,0.21
7006.00,3168.91,8813.51,36.85,2.500,0.59,50.0,0.21
7007.00,3170.41,8815.51,36.86,2.500,0.59,50.0,0.21
7008.00,3171.91,8817.51,36.86,2.500,0.59,50.0,0.21
7009.00,3173.41,8819.51,36.86,2.500,0.59,50.0,0.21
7010.00,3174.91,8821.51,36.87,2.500,0.59,50.0,0.21
7011.00,3176.41,8823.51,36.87,2.500,0.59,50.0,0.21
7012.00,3177.91,8825.51,36.87,2.500,0.59,50.0,0.21
7013.00,3179.41,8827.51,36.88,2.500,0.59,50.0,0.21
7014.00,3180.91,8829.51,36.88,2.500,0.59,50.0,0.21
7015.00,3182.41,8831.51,36.88,2.500,0.59,50.0,0.21
7016.00,3183.91,8833.51,36.89,2.500,0.59,50.0,0.21
7017.00,3185.41,8835.51,36.89,2.500,0.59,50.0,0.21
7018.00,3186.91,8837.51,36.89,2.500,0.59,50.0,0.21
7019.00,3188.41,8839.51,36.90,2.500,0.59,50.0,0.21
7020.00,3189.91,8841.51,36.90,2.500,0.59,50.0,0.20
7021.00,3191.41,8843.51,36.91,2.500,0.59,50.0,0.20
7022.00,3192.91,8845.51,36.91,2.500,0.59,50.0,0.20
7023.00,3194.42,8847.51,36.91,2.500,0.59,50.0,0.20
7024.00,3195.92,8849.50,36.92,2.500,0.59,50.0,0.20
7025.00,3197.42,8851.50,36.92,2.500,0.59,50.0,0.20
7026.00,3198.92,8853.50,36.92,2.500,0.59,50.0,0.20
7027.00,3200.42,8855.50,36.93,2.500,0.59,50.0,0.20
7028.00,3201.92,8857.50,36.93,2.500,0.59,50.0,0.20
7029.00,3203.43,8859.50,36.93,2.500,0.59,50.0,0.20
7030.00,3204.93,8861.50,36.94,2.500,0.59,50.0,0.20
7031.00,3206.43,8863.49,36.94,2.500,0.59,50.0,0.20
7032.00,3207.93,8865.49,36.94,2.500,0.59,50.0,0.20
7033.00,3209.44,8867.49,36.95,2.500,0.59,50.0,0.20
7034.00,3210.94,8869.49,36.95,2.500,0.59,50.0,0.20
7035.00,3212.44,8871.49,36.95,2.500,0.58,50.0,0.20
7036.00,3213.94,8873.48,36.96,2.500,0.58,50.0,0.20
7037.00,3215.45,8875.48,36.96,2.500,0.58,50.0,0.20
7038.00,3216.95,8877.48,36.96,2.500,0.58,50.0,0.20
7039.00,3218.45,8879.48,36.97,2.500,0.58,50.0,0.20
7040.00,3219.96,8881.47,36.97,2.500,0.58,50.0,0.20
7041.00,3221.46,8883.47,36.97,2.500,0.58,50.0,0.20
7042.00,3222.96,8885.47,36.98,2.500,0.58,50.0,0.20
7043.00,3224.47,8887.47,36.98,2.500,0.58,50.0,0.20
7044.00,3225.97,8889.46,36.98,2.500,0.58,50.0,0.20
7045.00,3227.48,8891.46,36.99,2.500,0.58,50.0,0.20
7046.00,3228.98,8893.46,36.99,2.500,0.58,50.0,0.20
7047.00,3230.48,8895.45,36.99,2.500,0.58,50.0,0.20
7048.00,3231.99,8897.45,37.00,2.500,0.58,50.0,0.20
7049.00,3233.49,8899.45,37.00,2.500,0.58,50.0,0.20
7050.00,3235.00,8901.44,37.00,2.500,0.58,50.0,0.20
7051.00,3236.50,8903.44,37.01,2.500,0.58,50.0,0.20
7052.00,3238.01,8905.44,37.01,2.500,0.58,50.0,0.20
7053.00,3239.51,8907.43,37.01,2.500,0.58,50.0,0.20
7054.00,3241.02,8909.43,37.02,2.500,0.58,50.0,0.20
7055.00,3242.52,8911.43,37.02,2.500,0.58,50.0,0.20
7056.00,3244.03,8913.42,37.02,2.500,0.58,50.0,0.20
7057.00,3245.53,8915.42,37.03,2.500,0.58,50.0,0.20
7058.00,3247.04,8917.41,37.03,2.500,0.58,50.0,0.20
7059.00,3248.54,8919.41,37.03,2.500,0.58,50.0,0.20
7060.00,3250.05,8921.41,37.04,2.500,0.58,50.0,0.20
7061.00,3251.56,8923.40,37.04,2.500,0.58,50.0,0.20
7062.00,3253.06,8925.40,37.04,2.500,0.58,50.0,0.20
7063.00,3254.57,8927.39,37.05,2.500,0.58,50.0,0.20
7064.00,3256.07,8929.39,37.05,2.500,0.58,50.0,0.20
7065.00,3257.58,8931.38,37.05,2.500,0.58,50.0,0.20
7066.00,3259.09,8933.38,37.06,2.500,0.58,50.0,0.20
7067.00,3260.59,8935.37,37.06,2.500,0.58,50.0,0.20
7068.00,3262.10,8937.37,37.06,2.500,0.58,50.0,0.20
7069.00,3263.61,8939.36,37.07,2.500,0.58,50.0,0.20
7070.00,3265.11,8941.36,37.07,2.500,0.58,50.0,0.20
7071.00,3266.62,8943.35,37.07,2.500,0.57,50.0,0.20
7072.00,3268.13,8945.35,37.08,2.500,0.57,50.0,0.20
7073.00,3269.63,8947.34,37.08,2.500,0.57,50.0,0.20
7074.00,3271.14,8949.34,37.08,2.500,0.57,50.0,0.20
7075.00,3272.65,8951.33,37.09,2.500,0.57,50.0,0.20
7076.00,3274.16,8953.32,37.09,2.500,0.57,50.0,0.20
7077.00,3275.66,8955.32,37.09,2.500,0.57,50.0,0.20
7078.00,3277.17,8957.31,37.10,2.500,0.57,50.0,0.20
7079.00,3278.68,8959.31,37.10,2.500,0.57,50.0,0.20
7080.00,3280.19,8961.30,37.10,2.500,0.57,50.0,0.20
7081.00,3281.70,8963.29,37.11,2.500,0.57,50.0,0.20
7082.00,3283.20,8965.29,37.11,2.500,0.57,50.0,0.20
7083.00,3284.71,8967.28,37.11,2.500,0.57,50.0,0.20
7084.00,3286.22,8969.28,37.12,2.500,0.57,50.0,0.20
7085.00,3287.73,8971.27,37.12,2.500,0.57,50.0,0.20
7086.00,3289.24,8973.26,37.12,2.500,0.57,50.0,0.20
7087.00,3290.75,8975.26,37.13,2.500,0.57,50.0,0.20
7088.00,3292.26,8977.25,37.13,2.500,0.57,50.0,0.20
7089.00,3293.77,8979.24,37.13,2.500,0.57,50.0,0.20
7090.00,3295.27,8981.24,37.14,2.500,0.57,50.0,0.20
7091.00,3296.78,8983.23,37.14,2.500,0.57,50.0,0.20
7092.00,3298.29,8985.22,37.14,2.500,0.57,50.0,0.20
7093.00,3299.80,8987.21,37.15,2.500,0.57,50.0,0.20
7094.00,3301.31,8989.21,37.15,2.500,0.57,50.0,0.20
7095.00,3302.82,8991.20,37.15,2.500,0.57,50.0,0.20
7096.00,3304.33,8993.19,37.16,2.500,0.57,50.0,0.20
7097.00,3305.84,8995.18,37.16,2.500,0.57,50.0,0.20
7098.00,3307.35,8997.18,37.16,2.500,0.57,50.0,0.20
7099.00,3308.86,8999.17,37.17,2.500,0.57,50.0,0.20
7100.00,3310.37,9001.16,37.17,2.500,0.57,50.0,0.20
7101.00,3311.88,9003.15,37.17,2.500,0.57,50.0,0.20
7102.00,3313.39,9005.15,37.18,2.500,0.57,50.0,0.20
7103.00,3314.90,9007.14,37.18,2.500,0.57,50.0,0.20
7104.00,3316.42,9009.13,37.18,2.500,0.57,50.0,0.20
7105.00,3317.93,9011.12,37.19,2.500,0.57,50.0,0.20
7106.00,3319.44,9013.11,37.19,2.500,0.57,50.0,0.20
7107.00,3320.95,9015.10,37.19,2.500,0.57,50.0,0.20
7108.00,3322.46,9017.10,37.20,2.500,0.57,50.0,0.20
7109.00,3323.97,9019.09,37.20,2.500,0.57,50.0,0.20
7110.00,3325.48,9021.08,37.20,2.500,0.56,50.0,0.20
7111.00,3326.99,9023.07,37.21,2.500,0.56,50.0,0.20
7112.00,3328.51,9025.06,37.21,2.500,0.56,50.0,0.20
7113.00,3330.02,9027.05,37.21,2.500,0.56,50.0,0.20
7114.00,3331.53,9029.04,37.22,2.500,0.56,50.0,0.20
7115.00,3333.04,9031.03,37.22,2.500,0.56,50.0,0.20
7116.00,3334.55,9033.03,37.22,2.500,0.56,50.0,0.20
7117.00,3336.07,9035.02,37.23,2.500,0.56,50.0,0.20
7118.00,3337.58,9037.01,37.23,2.500,0.56,50.0,0.20
7119.00,3339.09,9039.00,37.23,2.500,0.56,50.0,0.20
7120.00,3340.60,9040.99,37.24,2.500,0.56,50.0,0.20
7121.00,3342.12,9042.98,37.24,2.500,0.56,50.0,0.20
7122.00,3343.63,9044.97,37.24,2.500,0.56,50.0,0.20
7123.00,3345.14,9046.96,37.24,2.500,0.56,50.0,0.20
7124.00,3346.66,9048.95,37.25,2.500,0.56,50.0,0.19
7125.00,3348.17,9050.94,37.25,2.500,0.56,50.0,0.19
7126.00,3349.68,9052.93,37.25,2.500,0.56,50.0,0.19
7127.00,3351.19,9054.92,37.26,2.500,0.56,50.0,0.19
7128.00,3352.71,9056.91,37.26,2.500,0.56,50.0,0.19
7129.00,3354.22,9058.90,37.26,2.500,0.56,50.0,0.19
7130.00,3355.74,9060.89,37.27,2.500,0.56,50.0,0.19
7131.00,3357.25,9062.88,37.27,2.500,0.56,50.0,0.19
7132.00,3358.76,9064.87,37.27,2.500,0.56,50.0,0.19
7133.00,3360.28,9066.86,37.28,2.500,0.56,50.0,0.19
7134.00,3361.79,9068.85,37.28,2.500,0.56,50.0,0.19
7135.00,3363.31,9070.83,37.28,2.500,0.56,50.0,0.19
7136.00,3364.82,9072.82,37.29,2.500,0.56,50.0,0.19
7137.00,3366.34,9074.81,37.29,2.500,0.56,50.0,0.19
7138.00,3367.85,9076.80,37.29,2.500,0.56,50.0,0.19
7139.00,3369.36,9078.79,37.30,2.500,0.56,50.0,0.19
7140.00,3370.88,9080.78,37.30,2.500,0.56,50.0,0.19
7141.00,3372.39,9082.77,37.30,2.500,0.56,50.0,0.19
7142.00,3373.91,9084.76,37.31,2.500,0.56,50.0,0.19
7143.00,3375.42,9086.74,37.31,2.500,0.56,50.0,0.19
7144.00,3376.94,9088.73,37.31,2.500,0.56,50.0,0.19
7145.00,3378.46,9090.72,37.32,2.500,0.56,50.0,0.19
7146.00,3379.97,9092.71,37.32,2.500,0.55,50.0,0.19
7147.00,3381.49,9094.70,37.32,2.500,0.55,50.0,0.19
7148.00,3383.00,9096.69,37.33,2.500,0.55,50.0,0.19
7149.00,3384.52,9098.67,37.33,2.500,0.55,50.0,0.19
7150.00,3386.03,9100.66,37.33,2.500,0.55,50.0,0.19
7151.00,3387.55,9102.65,37.34,2.500,0.55,50.0,0.19
7152.00,3389.07,9104.64,37.34,2.500,0.55,50.0,0.19
7153.00,3390.58,9106.63,37.34,2.500,0.55,50.0,0.19
7154.00,3392.10,9108.61,37.34,2.500,0.55,50.0,0.19
7155.00,3393.62,9110.60,37.35,2.500,0.55,50.0,0.19
7156.00,3395.13,9112.59,37.35,2.500,0.55,50.0,0.19
7157.00,3396.65,9114.58,37.35,2.500,0.55,50.0,0.19
7158.00,3398.17,9116.56,37.36,2.500,0.55,50.0,0.19
7159.00,3399.68,9118.55,37.36,2.500,0.55,50.0,0.19
7160.00,3401.20,9120.54,37.36,2.500,0.55,50.0,0.19
7161.00,3402.72,9122.52,37.37,2.500,0.55,50.0,0.19
7162.00,3404.23,9124.51,37.37,2.500,0.55,50.0,0.19
7163.00,3405.75,9126.50,37.37,2.500,0.55,50.0,0.19
7164.00,3407.27,9128.48,37.38,2.500,0.55,50.0,0.19
7165.00,3408.79,9130.47,37.38,2.500,0.55,50.0,0.19
7166.00,3410.30,9132.46,37.38,2.500,0.55,50.0,0.19
7167.00,3411.82,9134.44,37.39,2.500,0.55,50.0,0.19
7168.00,3413.34,9136.43,37.39,2.500,0.55,50.0,0.19
7169.00,3414.86,9138.42,37.39,2.500,0.55,50.0,0.19
7170.00,3416.38,9140.40,37.40,2.500,0.55,50.0,0.19
7171.00,3417.90,9142.39,37.40,2.500,0.55,50.0,0.19
7172.00,3419.41,9144.37,37.40,2.500,0.55,50.0,0.19
7173.00,3420.93,9146.36,37.41,2.500,0.55,50.0,0.19
7174.00,3422.45,9148.35,37.41,2.500,0.55,50.0,0.19
7175.00,3423.97,9150.33,37.41,2.500,0.55,50.0,0.19
7176.00,3425.49,9152.32,37.42,2.500,0.55,50.0,0.19
7177.00,3427.01,9154.30,37.42,2.500,0.55,50.0,0.19
7178.00,3428.53,9156.29,37.42,2.500,0.55,50.0,0.19
7179.00,3430.05,9158.27,37.42,2.500,0.55,50.0,0.19
7180.00,3431.56,9160.26,37.43,2.500,0.55,50.0,0.19
7181.00,3433.08,9162.25,37.43,2.500,0.55,50.0,0.19
7182.00,3434.60,9164.23,37.43,2.500,0.55,50.0,0.19
7183.00,3436.12,9166.22,37.44,2.500,0.55,50.0,0.19
7184.00,3437.64,9168.20,37.44,2.500,0.55,50.0,0.19
7185.00,3439.16,9170.19,37.44,2.500,0.54,50.0,0.19
7186.00,3440.68,9172.17,37.45,2.500,0.54,50.0,0.19
7187.00,3442.20,9174.16,37.45,2.500,0.54,50.0,0.19
7188.00,3443.72,9176.14,37.45,2.500,0.54,50.0,0.19
7189.00,3445.24,9178.12,37.46,2.500,0.54,50.0,0.19
7190.00,3446.76,9180.11,37.46,2.500,0.54,50.0,0.19
7191.00,3448.28,9182.09,37.46,2.500,0.54,50.0,0.19
7192.00,3449.80,9184.08,37.47,2.500,0.54,50.0,0.19
7193.00,3451.33,9186.06,37.47,2.500,0.54,50.0,0.19
7194.00,3452.85,9188.05,37.47,2.500,0.54,50.0,0.19
7195.00,3454.37,9190.03,37.48,2.500,0.54,50.0,0.19
7196.00,3455.89,9192.02,37.48,2.500,0.54,50.0,0.19
7197.00,3457.41,9194.00,37.48,2.500,0.54,50.0,0.19
7198.00,3458.93,9195.98,37.48,2.500,0.54,50.0,0.19
7199.00,3460.45,9197.97,37.49,2.500,0.54,50.0,0.19
7200.00,3461.97,9199.95,37.49,2.500,0.54,50.0,0.19
7201.00,3463.50,9201.93,37.49,2.500,0.54,50.0,0.19
7202.00,3465.02,9203.92,37.50,2.500,0.54,50.0,0.19
7203.00,3466.54,9205.90,37.50,2.500,0.54,50.0,0.19
7204.00,3468.06,9207.88,37.50,2.500,0.54,50.0,0.19
7205.00,3469.58,9209.87,37.51,2.500,0.54,50.0,0.19
7206.00,3471.10,9211.85,37.51,2.500,0.54,50.0,0.19
7207.00,3472.63,9213.83,37.51,2.500,0.54,50.0,0.19
7208.00,3474.15,9215.82,37.52,2.500,0.54,50.0,0.19
7209.00,3475.67,9217.80,37.52,2.500,0.54,50.0,0.19
7210.00,3477.19,9219.78,37.52,2.500,0.54,50.0,0.19
7211.00,3478.72,9221.77,37.53,2.500,0.54,50.0,0.19
7212.00,3480.24,9223.75,37.53,2.500,0.54,50.0,0.19
7213.00,3481.76,9225.73,37.53,2.500,0.54,50.0,0.19
7214.00,3483.29,9227.71,37.53,2.500,0.54,50.0,0.19
7215.00,3484.81,9229.70,37.54,2.500,0.54,50.0,0.19
7216.00,3486.33,9231.68,37.54,2.500,0.54,50.0,0.19
7217.00,3487.86,9233.66,37.54,2.500,0.54,50.0,0.19
7218.00,3489.38,9235.64,37.55,2.500,0.54,50.0,0.19
7219.00,3490.90,9237.63,37.55,2.500,0.54,50.0,0.19
7220.00,3492.43,9239.61,37.55,2.500,0.54,50.0,0.19
7221.00,3493.95,9241.59,37.56,2.500,0.53,50.0,0.19
7222.00,3495.47,9243.57,37.56,2.500,0.53,50.0,0.19
7223.00,3497.00,9245.55,37.56,2.500,0.53,50.0,0.19
7224.00,3498.52,9247.53,37.57,2.500,0.53,50.0,0.19
7225.00,3500.05,9249.52,37.57,2.500,0.53,50.0,0.19
7226.00,3501.57,9251.50,37.57,2.500,0.53,50.0,0.19
7227.00,3503.09,9253.48,37.57,2.500,0.53,50.0,0.19
7228.00,3504.62,9255.46,37.58,2.500,0.53,50.0,0.19
7229.00,3506.14,9257.44,37.58,2.500,0.53,50.0,0.19
7230.00,3507.67,9259.42,37.58,2.500,0.53,50.0,0.19
7231.00,3509.19,9261.40,37.59,2.500,0.53,50.0,0.19
7232.00,3510.72,9263.39,37.59,2.500,0.53,50.0,0.19
7233.00,3512.24,9265.37,37.59,2.500,0.53,50.0,0.19
7234.00,3513.77,9267.35,37.60,2.500,0.53,50.0,0.18
7235.00,3515.29,9269.33,37.60,2.500,0.53,50.0,0.18
7236.00,3516.82,9271.31,37.60,2.500,0.53,50.0,0.18
7237.00,3518.34,9273.29,37.61,2.500,0.53,50.0,0.18
7238.00,3519.87,9275.27,37.61,2.500,0.53,50.0,0.18
7239.00,3521.40,9277.25,37.61,2.500,0.53,50.0,0.18
7240.00,3522.92,9279.23,37.61,2.500,0.53,50.0,0.18
7241.00,3524.45,9281.21,37.62,2.500,0.53,50.0,0.18
7242.00,3525.97,9283.19,37.62,2.500,0.53,50.0,0.18
7243.00,3527.50,9285.17,37.62,2.500,0.53,50.0,0.18
7244.00,3529.03,9287.15,37.63,2.500,0.53,50.0,0.18
7245.00,3530.55,9289.13,37.63,2.500,0.53,50.0,0.18
7246.00,3532.08,9291.11,37.63,2.500,0.53,50.0,0.18
7247.00,3533.60,9293.09,37.64,2.500,0.53,50.0,0.18
7248.00,3535.13,9295.07,37.64,2.500,0.53,50.0,0.18
7249.00,3536.66,9297.05,37.64,2.500,0.53,50.0,0.18
7250.00,3538.18,9299.03,37.65,2.500,0.53,50.0,0.18
7251.00,3539.71,9301.01,37.65,2.500,0.53,50.0,0.18
7252.00,3541.24,9302.99,37.65,2.500,0.53,50.0,0.18
7253.00,3542.77,9304.97,37.65,2.500,0.53,50.0,0.18
7254.00,3544.29,9306.95,37.66,2.500,0.53,50.0,0.18
7255.00,3545.82,9308.93,37.66,2.500,0.53,50.0,0.18
7256.00,3547.35,9310.91,37.66,2.500,0.53,50.0,0.18
7257.00,3548.88,9312.89,37.67,2.500,0.53,50.0,0.18
7258.00,3550.40,9314.86,37.67,2.500,0.53,50.0,0.18
7259.00,3551.93,9316.84,37.67,2.500,0.53,50.0,0.18
7260.00,3553.46,9318.82,37.68,2.500,0.53,50.0,0.18
7261.00,3554.99,9320.80,37.68,2.500,0.53,50.0,0.18
7262.00,3556.51,9322.78,37.68,2.500,0.53,50.0,0.18
7263.00,3558.04,9324.76,37.69,2.500,0.52,50.0,0.18
7264.00,3559.57,9326.74,37.69,2.500,0.52,50.0,0.18
7265.00,3561.10,9328.71,37.69,2.500,0.52,50.0,0.18
7266.00,3562.63,9330.69,37.69,2.500,0.52,50.0,0.18
7267.00,3564.16,9332.67,37.70,2.500,0.52,50.0,0.18
7268.00,3565.69,9334.65,37.70,2.500,0.52,50.0,0.18
7269.00,3567.21,9336.63,37.70,2.500,0.52,50.0,0.18
7270.00,3568.74,9338.61,37.71,2.500,0.52,50.0,0.18
7271.00,3570.27,9340.58,37.71,2.500,0.52,50.0,0.18
7272.00,3571.80,9342.56,37.71,2.500,0.52,50.0,0.18
7273.00,3573.33,9344.54,37.72,2.500,0.52,50.0,0.18
7274.00,3574.86,9346.52,37.72,2.500,0.52,50.0,0.18
7275.00,3576.39,9348.49,37.72,2.500,0.52,50.0,0.18
7276.00,3577.92,9350.47,37.72,2.500,0.52,50.0,0.18
7277.00,3579.45,9352.45,37.73,2.500,0.52,50.0,0.18
7278.00,3580.98,9354.43,37.73,2.500,0.52,50.0,0.18
7279.00,3582.51,9356.40,37.73,2.500,0.52,50.0,0.18
7280.00,3584.04,9358.38,37.74,2.500,0.52,50.0,0.18
7281.00,3585.57,9360.36,37.74,2.500,0.52,50.0,0.18
7282.00,3587.10,9362.33,37.74,2.500,0.52,50.0,0.18
7283.00,3588.63,9364.31,37.75,2.500,0.52,50.0,0.18
7284.00,3590.16,9366.29,37.75,2.500,0.52,50.0,0.18
7285.00,3591.69,9368.27,37.75,2.500,0.52,50.0,0.18
7286.00,3593.22,9370.24,37.75,2.500,0.52,50.0,0.18
7287.00,3594.75,9372.22,37.76,2.500,0.52,50.0,0.18
7288.00,3596.28,9374.20,37.76,2.500,0.52,50.0,0.18
7289.00,3597.81,9376.17,37.76,2.500,0.52,50.0,0.18
7290.00,3599.34,9378.15,37.77,2.500,0.52,50.0,0.18
7291.00,3600.87,9380.12,37.77,2.500,0.52,50.0,0.18
7292.00,3602.41,9382.10,37.77,2.500,0.52,50.0,0.18
7293.00,3603.94,9384.08,37.78,2.500,0.52,50.0,0.18
7294.00,3605.47,9386.05,37.78,2.500,0.52,50.0,0.18
7295.00,3607.00,9388.03,37.78,2.500,0.52,50.0,0.18
7296.00,3608.53,9390.00,37.78,2.500,0.52,50.0,0.18
7297.00,3610.06,9391.98,37.79,2.500,0.52,50.0,0.18
7298.00,3611.60,9393.96,37.79,2.500,0.52,50.0,0.18
7299.00,3613.13,9395.93,37.79,2.500,0.52,50.0,0.18
7300.00,3614.66,9397.91,37.80,2.500,0.52,50.0,0.18
7301.00,3616.19,9399.88,37.80,2.500,0.52,50.0,0.18
7302.00,3617.72,9401.86,37.80,2.500,0.51,50.0,0.18
7303.00,3619.26,9403.83,37.81,2.500,0.51,50.0,0.18
7304.00,3620.79,9405.81,37.81,2.500,0.51,50.0,0.18
7305.00,3622.32,9407.78,37.81,2.500,0.51,50.0,0.18
7306.00,3623.85,9409.76,37.81,2.500,0.51,50.0,0.18
7307.00,3625.39,9411.73,37.82,2.500,0.51,50.0,0.18
7308.00,3626.92,9413.71,37.82,2.500,0.51,50.0,0.18
7309.00,3628.45,9415.68,37.82,2.500,0.51,50.0,0.18
7310.00,3629.99,9417.66,37.83,2.500,0.51,50.0,0.18
7311.00,3631.52,9419.63,37.83,2.500,0.51,50.0,0.18
7312.00,3633.05,9421.61,37.83,2.500,0.51,50.0,0.18
7313.00,3634.59,9423.58,37.84,2.500,0.51,50.0,0.18
7314.00,3636.12,9425.56,37.84,2.500,0.51,50.0,0.18
7315.00,3637.65,9427.53,37.84,2.500,0.51,50.0,0.18
7316.00,3639.19,9429.51,37.84,2.500,0.51,50.0,0.18
7317.00,3640.72,9431.48,37.85,2.500,0.51,50.0,0.18
7318.00,3642.25,9433.45,37.85,2.500,0.51,50.0,0.18
7319.00,3643.79,9435.43,37.85,2.500,0.51,50.0,0.18
7320.00,3645.32,9437.40,37.86,2.500,0.51,50.0,0.18
7321.00,3646.86,9439.38,37.86,2.500,0.51,50.0,0.18
7322.00,3648.39,9441.35,37.86,2.500,0.51,50.0,0.18
7323.00,3649.92,9443.32,37.86,2.500,0.51,50.0,0.18
7324.00,3651.46,9445.30,37.87,2.500,0.51,50.0,0.18
7325.00,3652.99,9447.27,37.87,2.500,0.51,50.0,0.18
7326.00,3654.53,9449.24,37.87,2.500,0.51,50.0,0.18
7327.00,3656.06,9451.22,37.88,2.500,0.51,50.0,0.18
7328.00,3657.60,9453.19,37.88,2.500,0.51,50.0,0.18
7329.00,3659.13,9455.16,37.88,2.500,0.51,50.0,0.18
7330.00,3660.67,9457.14,37.89,2.500,0.51,50.0,0.18
7331.00,3662.20,9459.11,37.89,2.500,0.51,50.0,0.18
7332.00,3663.74,9461.08,37.89,2.500,0.51,50.0,0.18
7333.00,3665.27,9463.06,37.89,2.500,0.51,50.0,0.18
7334.00,3666.81,9465.03,37.90,2.500,0.51,50.0,0.18
7335.00,3668.35,9467.00,37.90,2.500,0.51,50.0,0.18
7336.00,3669.88,9468.97,37.90,2.500,0.51,50.0,0.18
7337.00,3671.42,9470.95,37.91,2.500,0.51,50.0,0.18
7338.00,3672.95,9472.92,37.91,2.500,0.51,50.0,0.18
7339.00,3674.49,9474.89,37.91,2.500,0.51,50.0,0.18
7340.00,3676.03,9476.86,37.91,2.500,0.51,50.0,0.18
7341.00,3677.56,9478.84,37.92,2.500,0.50,50.0,0.18
7342.00,3679.10,9480.81,37.92,2.500,0.50,50.0,0.18
7343.00,3680.63,9482.78,37.92,2.500,0.50,50.0,0.18
7344.00,3682.17,9484.75,37.93,2.500,0.50,50.0,0.18
7345.00,3683.71,9486.73,37.93,2.500,0.50,50.0,0.18
7346.00,3685.24,9488.70,37.93,2.500,0.50,50.0,0.18
7347.00,3686.78,9490.67,37.94,2.500,0.50,50.0,0.18
7348.00,3688.32,9492.64,37.94,2.500,0.50,50.0,0.18
7349.00,3689.85,9494.61,37.94,2.500,0.50,50.0,0.17
7350.00,3691.39,9496.58,37.94,2.500,0.50,50.0,0.17
7351.00,3692.93,9498.56,37.95,2.500,0.50,50.0,0.17
7352.00,3694.47,9500.53,37.95,2.500,0.50,50.0,0.17
7353.00,3696.00,9502.50,37.95,2.500,0.50,50.0,0.17
7354.00,3697.54,9504.47,37.96,2.500,0.50,50.0,0.17
7355.00,3699.08,9506.44,37.96,2.500,0.50,50.0,0.17
7356.00,3700.62,9508.41,37.96,2.500,0.50,50.0,0.17
7357.00,3702.15,9510.38,37.96,2.500,0.50,50.0,0.17
7358.00,3703.69,9512.35,37.97,2.500,0.50,50.0,0.17
7359.00,3705.23,9514.33,37.97,2.500,0.50,50.0,0.17
7360.00,3706.77,9516.30,37.97,2.500,0.50,50.0,0.17
7361.00,3708.31,9518.27,37.98,2.500,0.50,50.0,0.17
7362.00,3709.85,9520.24,37.98,2.500,0.50,50.0,0.17
7363.00,3711.38,9522.21,37.98,2.500,0.50,50.0,0.17
7364.00,3712.92,9524.18,37.98,2.500,0.50,50.0,0.17
7365.00,3714.46,9526.15,37.99,2.500,0.50,50.0,0.17
7366.00,3716.00,9528.12,37.99,2.500,0.50,50.0,0.17
7367.00,3717.54,9530.09,37.99,2.500,0.50,50.0,0.17
7368.00,3719.08,9532.06,38.00,2.500,0.50,50.0,0.17
7369.00,3720.62,9534.03,38.00,2.500,0.50,50.0,0.17
7370.00,3722.16,9536.00,38.00,2.500,0.50,50.0,0.17
7371.00,3723.69,9537.97,38.00,2.500,0.50,50.0,0.17
7372.00,3725.23,9539.94,38.01,2.500,0.50,50.0,0.17
7373.00,3726.77,9541.91,38.01,2.500,0.50,50.0,0.17
7374.00,3728.31,9543.88,38.01,2.500,0.50,50.0,0.17
7375.00,3729.85,9545.85,38.02,2.500,0.50,50.0,0.17
7376.00,3731.39,9547.82,38.02,2.500,0.50,50.0,0.17
7377.00,3732.93,9549.79,38.02,2.500,0.50,50.0,0.17
7378.00,3734.47,9551.76,38.03,2.500,0.50,50.0,0.17
7379.00,3736.01,9553.73,38.03,2.500,0.50,50.0,0.17
7380.00,3737.55,9555.70,38.03,2.500,0.50,50.0,0.17
7381.00,3739.09,9557.67,38.03,2.500,0.50,50.0,0.17
7382.00,3740.63,9559.63,38.04,2.500,0.50,50.0,0.17
7383.00,3742.17,9561.60,38.04,2.500,0.49,50.0,0.17
7384.00,3743.71,9563.57,38.04,2.500,0.49,50.0,0.17
7385.00,3745.25,9565.54,38.05,2.500,0.49,50.0,0.17
7386.00,3746.79,9567.51,38.05,2.500,0.49,50.0,0.17
7387.00,3748.34,9569.48,38.05,2.500,0.49,50.0,0.17
7388.00,3749.88,9571.45,38.05,2.500,0.49,50.0,0.17
7389.00,3751.42,9573.42,38.06,2.500,0.49,50.0,0.17
7390.00,3752.96,9575.38,38.06,2.500,0.49,50.0,0.17
7391.00,3754.50,9577.35,38.06,2.500,0.49,50.0,0.17
7392.00,3756.04,9579.32,38.07,2.500,0.49,50.0,0.17
7393.00,3757.58,9581.29,38.07,2.500,0.49,50.0,0.17
7394.00,3759.12,9583.26,38.07,2.500,0.49,50.0,0.17
7395.00,3760.67,9585.23,38.07,2.500,0.49,50.0,0.17
7396.00,3762.21,9587.19,38.08,2.500,0.49,50.0,0.17
7397.00,3763.75,9589.16,38.08,2.500,0.49,50.0,0.17
7398.00,3765.29,9591.13,38.08,2.500,0.49,50.0,0.17
7399.00,3766.83,9593.10,38.09,2.500,0.49,50.0,0.17
7400.00,3768.37,9595.07,38.09,2.500,0.49,50.0,0.17
7401.00,3769.92,9597.03,38.09,2.500,0.49,50.0,0.17
7402.00,3771.46,9599.00,38.09,2.500,0.49,50.0,0.17
7403.00,3773.00,9600.97,38.10,2.500,0.49,50.0,0.17
7404.00,3774.54,9602.94,38.10,2.500,0.49,50.0,0.17
7405.00,3776.09,9604.90,38.10,2.500,0.49,50.0,0.17
7406.00,3777.63,9606.87,38.11,2.500,0.49,50.0,0.17
7407.00,3779.17,9608.84,38.11,2.500,0.49,50.0,0.17
7408.00,3780.72,9610.80,38.11,2.500,0.49,50.0,0.17
7409.00,3782.26,9612.77,38.11,2.500,0.49,50.0,0.17
7410.00,3783.80,9614.74,38.12,2.500,0.49,50.0,0.17
7411.00,3785.34,9616.71,38.12,2.500,0.49,50.0,0.17
7412.00,3786.89,9618.67,38.12,2.500,0.49,50.0,0.17
7413.00,3788.43,9620.64,38.12,2.500,0.49,50.0,0.17
7414.00,3789.97,9622.61,38.13,2.500,0.49,50.0,0.17
7415.00,3791.52,9624.57,38.13,2.500,0.49,50.0,0.17
7416.00,3793.06,9626.54,38.13,2.500,0.49,50.0,0.17
7417.00,3794.61,9628.51,38.14,2.500,0.49,50.0,0.17
7418.00,3796.15,9630.47,38.14,2.500,0.49,50.0,0.17
7419.00,3797.69,9632.44,38.14,2.500,0.49,50.0,0.17
7420.00,3799.24,9634.40,38.14,2.500,0.49,50.0,0.17
7421.00,3800.78,9636.37,38.15,2.500,0.49,50.0,0.17
7422.00,3802.33,9638.34,38.15,2.500,0.49,50.0,0.17
7423.00,3803.87,9640.30,38.15,2.500,0.49,50.0,0.17
7424.00,3805.41,9642.27,38.16,2.500,0.49,50.0,0.17
7425.00,3806.96,9644.23,38.16,2.500,0.48,50.0,0.17
7426.00,3808.50,9646.20,38.16,2.500,0.48,50.0,0.17
7427.00,3810.05,9648.17,38.16,2.500,0.48,50.0,0.17
7428.00,3811.59,9650.13,38.17,2.500,0.48,50.0,0.17
7429.00,3813.14,9652.10,38.17,2.500,0.48,50.0,0.17
7430.00,3814.68,9654.06,38.17,2.500,0.48,50.0,0.17
7431.00,3816.23,9656.03,38.18,2.500,0.48,50.0,0.17
7432.00,3817.77,9657.99,38.18,2.500,0.48,50.0,0.17
7433.00,3819.32,9659.96,38.18,2.500,0.48,50.0,0.17
7434.00,3820.86,9661.92,38.18,2.500,0.48,50.0,0.17
7435.00,3822.41,9663.89,38.19,2.500,0.48,50.0,0.17
7436.00,3823.95,9665.85,38.19,2.500,0.48,50.0,0.17
7437.00,3825.50,9667.82,38.19,2.500,0.48,50.0,0.17
7438.00,3827.05,9669.78,38.20,2.500,0.48,50.0,0.17
7439.00,3828.59,9671.75,38.20,2.500,0.48,50.0,0.17
7440.00,3830.14,9673.71,38.20,2.500,0.48,50.0,0.17
7441.00,3831.68,9675.68,38.20,2.500,0.48,50.0,0.17
7442.00,3833.23,9677.64,38.21,2.500,0.48,50.0,0.17
7443.00,3834.78,9679.61,38.21,2.500,0.48,50.0,0.17
7444.00,3836.32,9681.57,38.21,2.500,0.48,50.0,0.17
7445.00,3837.87,9683.54,38.21,2.500,0.48,50.0,0.17
7446.00,3839.42,9685.50,38.22,2.500,0.48,50.0,0.17
7447.00,3840.96,9687.46,38.22,2.500,0.48,50.0,0.17
7448.00,3842.51,9689.43,38.22,2.500,0.48,50.0,0.17
7449.00,3844.06,9691.39,38.23,2.500,0.48,50.0,0.17
7450.00,3845.60,9693.36,38.23,2.500,0.48,50.0,0.17
7451.00,3847.15,9695.32,38.23,2.500,0.48,50.0,0.17
7452.00,3848.70,9697.28,38.23,2.500,0.48,50.0,0.17
7453.00,3850.24,9699.25,38.24,2.500,0.48,50.0,0.17
7454.00,3851.79,9701.21,38.24,2.500,0.48,50.0,0.17
7455.00,3853.34,9703.17,38.24,2.500,0.48,50.0,0.17
7456.00,3854.89,9705.14,38.25,2.500,0.48,50.0,0.17
7457.00,3856.43,9707.10,38.25,2.500,0.48,50.0,0.17
7458.00,3857.98,9709.06,38.25,2.500,0.48,50.0,0.17
7459.00,3859.53,9711.03,38.25,2.500,0.48,50.0,0.17
7460.00,3861.08,9712.99,38.26,2.500,0.48,50.0,0.17
7461.00,3862.62,9714.95,38.26,2.500,0.48,50.0,0.17
7462.00,3864.17,9716.92,38.26,2.500,0.48,50.0,0.17
7463.00,3865.72,9718.88,38.26,2.500,0.48,50.0,0.17
7464.00,3867.27,9720.84,38.27,2.500,0.48,50.0,0.17
7465.00,3868.82,9722.81,38.27,2.500,0.48,50.0,0.17
7466.00,3870.37,9724.77,38.27,2.500,0.48,50.0,0.17
7467.00,3871.91,9726.73,38.28,2.500,0.48,50.0,0.17
7468.00,3873.46,9728.69,38.28,2.500,0.48,50.0,0.17
7469.00,3875.01,9730.66,38.28,2.500,0.48,50.0,0.17
7470.00,3876.56,9732.62,38.28,2.500,0.47,50.0,0.17
7471.00,3878.11,9734.58,38.29,2.500,0.47,50.0,0.16
7472.00,3879.66,9736.54,38.29,2.500,0.47,50.0,0.16
7473.00,3881.21,9738.51,38.29,2.500,0.47,50.0,0.16
7474.00,3882.76,9740.47,38.29,2.500,0.47,50.0,0.16
7475.00,3884.31,9742.43,38.30,2.500,0.47,50.0,0.16
7476.00,3885.86,9744.39,38.30,2.500,0.47,50.0,0.16
7477.00,3887.40,9746.35,38.30,2.500,0.47,50.0,0.16
7478.00,3888.95,9748.32,38.31,2.500,0.47,50.0,0.16
7479.00,3890.50,9750.28,38.31,2.500,0.47,50.0,0.16
7480.00,3892.05,9752.24,38.31,2.500,0.47,50.0,0.16
7481.00,3893.60,9754.20,38.31,2.500,0.47,50.0,0.16
7482.00,3895.15,9756.16,38.32,2.500,0.47,50.0,0.16
7483.00,3896.70,9758.12,38.32,2.500,0.47,50.0,0.16
7484.00,3898.25,9760.09,38.32,2.500,0.47,50.0,0.16
7485.00,3899.80,9762.05,38.32,2.500,0.47,50.0,0.16
7486.00,3901.35,9764.01,38.33,2.500,0.47,50.0,0.16
7487.00,3902.90,9765.97,38.33,2.500,0.47,50.0,0.16
7488.00,3904.45,9767.93,38.33,2.500,0.47,50.0,0.16
7489.00,3906.01,9769.89,38.34,2.500,0.47,50.0,0.16
7490.00,3907.56,9771.85,38.34,2.500,0.47,50.0,0.16
7491.00,3909.11,9773.81,38.34,2.500,0.47,50.0,0.16
7492.00,3910.66,9775.77,38.34,2.500,0.47,50.0,0.16
7493.00,3912.21,9777.73,38.35,2.500,0.47,50.0,0.16
7494.00,3913.76,9779.70,38.35,2.500,0.47,50.0,0.16
7495.00,3915.31,9781.66,38.35,2.500,0.47,50.0,0.16
7496.00,3916.86,9783.62,38.35,2.500,0.47,50.0,0.16
7497.00,3918.41,9785.58,38.36,2.500,0.47,50.0,0.16
7498.00,3919.96,9787.54,38.36,2.500,0.47,50.0,0.16
7499.00,3921.52,9789.50,38.36,2.500,0.47,50.0,0.16
7500.00,3923.07,9791.46,38.37,2.500,0.47,50.0,0.16
7501.00,3924.62,9793.42,38.37,2.500,0.47,50.0,0.16
7502.00,3926.17,9795.38,38.37,2.500,0.47,50.0,0.16
7503.00,3927.72,9797.34,38.37,2.500,0.47,50.0,0.16
7504.00,3929.28,9799.30,38.38,2.500,0.47,50.0,0.16
7505.00,3930.83,9801.26,38.38,2.500,0.47,50.0,0.16
7506.00,3932.38,9803.22,38.38,2.500,0.47,50.0,0.16
7507.00,3933.93,9805.18,38.38,2.500,0.47,50.0,0.16
7508.00,3935.48,9807.14,38.39,2.500,0.47,50.0,0.16
7509.00,3937.04,9809.10,38.39,2.500,0.47,50.0,0.16
7510.00,3938.59,9811.06,38.39,2.500,0.47,50.0,0.16
7511.00,3940.14,9813.02,38.40,2.500,0.47,50.0,0.16
7512.00,3941.69,9814.98,38.40,2.500,0.46,50.0,0.16
7513.00,3943.25,9816.93,38.40,2.500,0.46,50.0,0.16
7514.00,3944.80,9818.89,38.40,2.500,0.46,50.0,0.16
7515.00,3946.35,9820.85,38.41,2.500,0.46,50.0,0.16
7516.00,3947.91,9822.81,38.41,2.500,0.46,50.0,0.16
7517.00,3949.46,9824.77,38.41,2.500,0.46,50.0,0.16
7518.00,3951.01,9826.73,38.41,2.500,0.46,50.0,0.16
7519.00,3952.57,9828.69,38.42,2.500,0.46,50.0,0.16
7520.00,3954.12,9830.65,38.42,2.500,0.46,50.0,0.16
7521.00,3955.67,9832.61,38.42,2.500,0.46,50.0,0.16
7522.00,3957.23,9834.56,38.43,2.500,0.46,50.0,0.16
7523.00,3958.78,9836.52,38.43,2.500,0.46,50.0,0.16
7524.00,3960.33,9838.48,38.43,2.500,0.46,50.0,0.16
7525.00,3961.89,9840.44,38.43,2.500,0.46,50.0,0.16
7526.00,3963.44,9842.40,38.44,2.500,0.46,50.0,0.16
7527.00,3965.00,9844.36,38.44,2.500,0.46,50.0,0.16
7528.00,3966.55,9846.31,38.44,2.500,0.46,50.0,0.16
7529.00,3968.10,9848.27,38.44,2.500,0.46,50.0,0.16
7530.00,3969.66,9850.23,38.45,2.500,0.46,50.0,0.16
7531.00,3971.21,9852.19,38.45,2.500,0.46,50.0,0.16
7532.00,3972.77,9854.15,38.45,2.500,0.46,50.0,0.16
7533.00,3974.32,9856.10,38.45,2.500,0.46,50.0,0.16
7534.00,3975.88,9858.06,38.46,2.500,0.46,50.0,0.16
7535.00,3977.43,9860.02,38.46,2.500,0.46,50.0,0.16
7536.00,3978.99,9861.98,38.46,2.500,0.46,50.0,0.16
7537.00,3980.54,9863.94,38.47,2.500,0.46,50.0,0.16
7538.00,3982.10,9865.89,38.47,2.500,0.46,50.0,0.16
7539.00,3983.65,9867.85,38.47,2.500,0.46,50.0,0.16
7540.00,3985.21,9869.81,38.47,2.500,0.46,50.0,0.16
7541.00,3986.76,9871.76,38.48,2.500,0.46,50.0,0.16
7542.00,3988.32,9873.72,38.48,2.500,0.46,50.0,0.16
7543.00,3989.87,9875.68,38.48,2.500,0.46,50.0,0.16
7544.00,3991.43,9877.64,38.48,2.500,0.46,50.0,0.16
7545.00,3992.99,9879.59,38.49,2.500,0.46,50.0,0.16
7546.00,3994.54,9881.55,38.49,2.500,0.46,50.0,0.16
7547.00,3996.10,9883.51,38.49,2.500,0.46,50.0,0.16
7548.00,3997.65,9885.46,38.49,2.500,0.46,50.0,0.16
7549.00,3999.21,9887.42,38.50,2.500,0.46,50.0,0.16
7550.00,4000.77,9889.38,38.50,2.500,0.46,50.0,0.16
7551.00,4002.32,9891.33,38.50,2.500,0.46,50.0,0.16
7552.00,4003.88,9893.29,38.50,2.500,0.46,50.0,0.16
7553.00,4005.43,9895.25,38.51,2.500,0.46,50.0,0.16
7554.00,4006.99,9897.20,38.51,2.500,0.46,50.0,0.16
7555.00,4008.55,9899.16,38.51,2.500,0.46,50.0,0.16
7556.00,4010.10,9901.11,38.52,2.500,0.46,50.0,0.16
7557.00,4011.66,9903.07,38.52,2.500,0.45,50.0,0.16
7558.00,4013.22,9905.03,38.52,2.500,0.45,50.0,0.16
7559.00,4014.78,9906.98,38.52,2.500,0.45,50.0,0.16
7560.00,4016.33,9908.94,38.53,2.500,0.45,50.0,0.16
7561.00,4017.89,9910.89,38.53,2.500,0.45,50.0,0.16
7562.00,4019.45,9912.85,38.53,2.500,0.45,50.0,0.16
7563.00,4021.00,9914.81,38.53,2.500,0.45,50.0,0.16
7564.00,4022.56,9916.76,38.54,2.500,0.45,50.0,0.16
7565.00,4024.12,9918.72,38.54,2.500,0.45,50.0,0.16
7566.00,4025.68,9920.67,38.54,2.500,0.45,50.0,0.16
7567.00,4027.23,9922.63,38.54,2.500,0.45,50.0,0.16
7568.00,4028.79,9924.58,38.55,2.500,0.45,50.0,0.16
7569.00,4030.35,9926.54,38.55,2.500,0.45,50.0,0.16
7570.00,4031.91,9928.49,38.55,2.500,0.45,50.0,0.16
7571.00,4033.47,9930.45,38.55,2.500,0.45,50.0,0.16
7572.00,4035.02,9932.40,38.56,2.500,0.45,50.0,0.16
7573.00,4036.58,9934.36,38.56,2.500,0.45,50.0,0.16
7574.00,4038.14,9936.31,38.56,2.500,0.45,50.0,0.16
7575.00,4039.70,9938.27,38.57,2.500,0.45,50.0,0.16
7576.00,4041.26,9940.22,38.57,2.500,0.45,50.0,0.16
7577.00,4042.82,9942.18,38.57,2.500,0.45,50.0,0.16
7578.00,4044.38,9944.13,38.57,2.500,0.45,50.0,0.16
7579.00,4045.93,9946.09,38.58,2.500,0.45,50.0,0.16
7580.00,4047.49,9948.04,38.58,2.500,0.45,50.0,0.16
7581.00,4049.05,9950.00,38.58,2.500,0.45,50.0,0.16
7582.00,4050.61,9951.95,38.58,2.500,0.45,50.0,0.16
7583.00,4052.17,9953.90,38.59,2.500,0.45,50.0,0.16
7584.00,4053.73,9955.86,38.59,2.500,0.45,50.0,0.16
7585.00,4055.29,9957.81,38.59,2.500,0.45,50.0,0.16
7586.00,4056.85,9959.77,38.59,2.500,0.45,50.0,0.16
7587.00,4058.41,9961.72,38.60,2.500,0.45,50.0,0.16
7588.00,4059.97,9963.67,38.60,2.500,0.45,50.0,0.16
7589.00,4061.53,9965.63,38.60,2.500,0.45,50.0,0.16
7590.00,4063.09,9967.58,38.60,2.500,0.45,50.0,0.16
7591.00,4064.65,9969.54,38.61,2.500,0.45,50.0,0.16
7592.00,4066.21,9971.49,38.61,2.500,0.45,50.0,0.16
7593.00,4067.77,9973.44,38.61,2.500,0.45,50.0,0.16
7594.00,4069.33,9975.40,38.61,2.500,0.45,50.0,0.16
7595.00,4070.89,9977.35,38.62,2.500,0.45,50.0,0.16
7596.00,4072.45,9979.30,38.62,2.500,0.45,50.0,0.16
7597.00,4074.01,9981.26,38.62,2.500,0.45,50.0,0.16
7598.00,4075.57,9983.21,38.63,2.500,0.45,50.0,0.16
7599.00,4077.13,9985.16,38.63,2.500,0.45,50.0,0.16
7600.00,4078.69,9987.12,38.63,2.500,0.45,50.0,0.16
7601.00,4080.25,9989.07,38.63,2.500,0.45,50.0,0.15
7602.00,4081.81,9991.02,38.64,2.500,0.45,50.0,0.15
7603.00,4083.37,9992.97,38.64,2.500,0.45,50.0,0.15
7604.00,4084.93,9994.93,38.64,2.500,0.45,50.0,0.15
7605.00,4086.49,9996.88,38.64,2.500,0.44,50.0,0.15
7606.00,4088.05,9998.83,38.65,2.500,0.44,50.0,0.15
7607.00,4089.62,10000.79,38.65,2.500,0.44,50.0,0.15
7608.00,4091.18,10002.74,38.65,2.500,0.44,50.0,0.15
7609.00,4092.74,10004.69,38.65,2.500,0.44,50.0,0.15
7610.00,4094.30,10006.64,38.66,2.500,0.44,50.0,0.15
7611.00,4095.86,10008.59,38.66,2.500,0.44,50.0,0.15
7612.00,4097.42,10010.55,38.66,2.500,0.44,50.0,0.15
7613.00,4098.99,10012.50,38.66,2.500,0.44,50.0,0.15
7614.00,4100.55,10014.45,38.67,2.500,0.44,50.0,0.15
7615.00,4102.11,10016.40,38.67,2.500,0.44,50.0,0.15
7616.00,4103.67,10018.36,38.67,2.500,0.44,50.0,0.15
7617.00,4105.23,10020.31,38.67,2.500,0.44,50.0,0.15
7618.00,4106.80,10022.26,38.68,2.500,0.44,50.0,0.15
7619.00,4108.36,10024.21,38.68,2.500,0.44,50.0,0.15
7620.00,4109.92,10026.16,38.68,2.500,0.44,50.0,0.15
7621.00,4111.48,10028.11,38.68,2.500,0.44,50.0,0.15
7622.00,4113.05,10030.07,38.69,2.500,0.44,50.0,0.15
7623.00,4114.61,10032.02,38.69,2.500,0.44,50.0,0.15
7624.00,4116.17,10033.97,38.69,2.500,0.44,50.0,0.15
7625.00,4117.73,10035.92,38.69,2.500,0.44,50.0,0.15
7626.00,4119.30,10037.87,38.70,2.500,0.44,50.0,0.15
7627.00,4120.86,10039.82,38.70,2.500,0.44,50.0,0.15
7628.00,4122.42,10041.77,38.70,2.500,0.44,50.0,0.15
7629.00,4123.99,10043.72,38.70,2.500,0.44,50.0,0.15
7630.00,4125.55,10045.67,38.71,2.500,0.44,50.0,0.15
7631.00,4127.11,10047.63,38.71,2.500,0.44,50.0,0.15
7632.00,4128.68,10049.58,38.71,2.500,0.44,50.0,0.15
7633.00,4130.24,10051.53,38.71,2.500,0.44,50.0,0.15
7634.00,4131.80,10053.48,38.72,2.500,0.44,50.0,0.15
7635.00,4133.37,10055.43,38.72,2.500,0.44,50.0,0.15
7636.00,4134.93,10057.38,38.72,2.500,0.44,50.0,0.15
7637.00,4136.49,10059.33,38.73,2.500,0.44,50.0,0.15
7638.00,4138.06,10061.28,38.73,2.500,0.44,50.0,0.15
7639.00,4139.62,10063.23,38.73,2.500,0.44,50.0,0.15
7640.00,4141.19,10065.18,38.73,2.500,0.44,50.0,0.15
7641.00,4142.75,10067.13,38.74,2.500,0.44,50.0,0.15
7642.00,4144.31,10069.08,38.74,2.500,0.44,50.0,0.15
7643.00,4145.88,10071.03,38.74,2.500,0.44,50.0,0.15
7644.00,4147.44,10072.98,38.74,2.500,0.44,50.0,0.15
7645.00,4149.01,10074.93,38.75,2.500,0.44,50.0,0.15
7646.00,4150.57,10076.88,38.75,2.500,0.44,50.0,0.15
7647.00,4152.14,10078.83,38.75,2.500,0.44,50.0,0.15
7648.00,4153.70,10080.78,38.75,2.500,0.44,50.0,0.15
7649.00,4155.27,10082.73,38.76,2.500,0.44,50.0,0.15
7650.00,4156.83,10084.68,38.76,2.500,0.43,50.0,0.15
7651.00,4158.40,10086.63,38.76,2.500,0.43,50.0,0.15
7652.00,4159.96,10088.58,38.76,2.500,0.43,50.0,0.15
7653.00,4161.53,10090.53,38.77,2.500,0.43,50.0,0.15
7654.00,4163.09,10092.48,38.77,2.500,0.43,50.0,0.15
7655.00,4164.66,10094.43,38.77,2.500,0.43,50.0,0.15
7656.00,4166.22,10096.37,38.77,2.500,0.43,50.0,0.15
7657.00,4167.79,10098.32,38.78,2.500,0.43,50.0,0.15
7658.00,4169.36,10100.27,38.78,2.500,0.43,50.0,0.15
7659.00,4170.92,10102.22,38.78,2.500,0.43,50.0,0.15
7660.00,4172.49,10104.17,38.78,2.500,0.43,50.0,0.15
7661.00,4174.05,10106.12,38.79,2.500,0.43,50.0,0.15
7662.00,4175.62,10108.07,38.79,2.500,0.43,50.0,0.15
7663.00,4177.19,10110.02,38.79,2.500,0.43,50.0,0.15
7664.00,4178.75,10111.97,38.79,2.500,0.43,50.0,0.15
7665.00,4180.32,10113.91,38.80,2.500,0.43,50.0,0.15
7666.00,4181.88,10115.86,38.80,2.500,0.43,50.0,0.15
7667.00,4183.45,10117.81,38.80,2.500,0.43,50.0,0.15
7668.00,4185.02,10119.76,38.80,2.500,0.43,50.0,0.15
7669.00,4186.58,10121.71,38.81,2.500,0.43,50.0,0.15
7670.00,4188.15,10123.66,38.81,2.500,0.43,50.0,0.15
7671.00,4189.72,10125.60,38.81,2.500,0.43,50.0,0.15
7672.00,4191.28,10127.55,38.81,2.500,0.43,50.0,0.15
7673.00,4192.85,10129.50,38.82,2.500,0.43,50.0,0.15
7674.00,4194.42,10131.45,38.82,2.500,0.43,50.0,0.15
7675.00,4195.99,10133.40,38.82,2.500,0.43,50.0,0.15
7676.00,4197.55,10135.34,38.82,2.500,0.43,50.0,0.15
7677.00,4199.12,10137.29,38.83,2.500,0.43,50.0,0.15
7678.00,4200.69,10139.24,38.83,2.500,0.43,50.0,0.15
7679.00,4202.25,10141.19,38.83,2.500,0.43,50.0,0.15
7680.00,4203.82,10143.13,38.83,2.500,0.43,50.0,0.15
7681.00,4205.39,10145.08,38.84,2.500,0.43,50.0,0.15
7682.00,4206.96,10147.03,38.84,2.500,0.43,50.0,0.15
7683.00,4208.53,10148.98,38.84,2.500,0.43,50.0,0.15
7684.00,4210.09,10150.92,38.84,2.500,0.43,50.0,0.15
7685.00,4211.66,10152.87,38.85,2.500,0.43,50.0,0.15
7686.00,4213.23,10154.82,38.85,2.500,0.43,50.0,0.15
7687.00,4214.80,10156.76,38.85,2.500,0.43,50.0,0.15
7688.00,4216.37,10158.71,38.85,2.500,0.43,50.0,0.15
7689.00,4217.93,10160.66,38.86,2.500,0.43,50.0,0.15
7690.00,4219.50,10162.61,38.86,2.500,0.43,50.0,0.15
7691.00,4221.07,10164.55,38.86,2.500,0.43,50.0,0.15
7692.00,4222.64,10166.50,38.86,2.500,0.43,50.0,0.15
7693.00,4224.21,10168.45,38.87,2.500,0.43,50.0,0.15
7694.00,4225.78,10170.39,38.87,2.500,0.43,50.0,0.15
7695.00,4227.35,10172.34,38.87,2.500,0.43,50.0,0.15
7696.00,4228.91,10174.28,38.87,2.500,0.43,50.0,0.15
7697.00,4230.48,10176.23,38.88,2.500,0.43,50.0,0.15
7698.00,4232.05,10178.18,38.88,2.500,0.42,50.0,0.15
7699.00,4233.62,10180.12,38.88,2.500,0.42,50.0,0.15
7700.00,4235.19,10182.07,38.88,2.500,0.42,50.0,0.15
7701.00,4236.76,10184.02,38.88,2.500,0.42,50.0,0.15
7702.00,4238.33,10185.96,38.89,2.500,0.42,50.0,0.15
7703.00,4239.90,10187.91,38.89,2.500,0.42,50.0,0.15
7704.00,4241.47,10189.85,38.89,2.500,0.42,50.0,0.15
7705.00,4243.04,10191.80,38.89,2.500,0.42,50.0,0.15
7706.00,4244.61,10193.75,38.90,2.500,0.42,50.0,0.15
7707.00,4246.18,10195.69,38.90,2.500,0.42,50.0,0.15
7708.00,4247.75,10197.64,38.90,2.500,0.42,50.0,0.15
7709.00,4249.32,10199.58,38.90,2.500,0.42,50.0,0.15
7710.00,4250.89,10201.53,38.91,2.500,0.42,50.0,0.15
7711.00,4252.46,10203.47,38.91,2.500,0.42,50.0,0.15
7712.00,4254.03,10205.42,38.91,2.500,0.42,50.0,0.15
7713.00,4255.60,10207.36,38.91,2.500,0.42,50.0,0.15
7714.00,4257.17,10209.31,38.92,2.500,0.42,50.0,0.15
7715.00,4258.74,10211.25,38.92,2.500,0.42,50.0,0.15
7716.00,4260.31,10213.20,38.92,2.500,0.42,50.0,0.15
7717.00,4261.88,10215.14,38.92,2.500,0.42,50.0,0.15
7718.00,4263.45,10217.09,38.93,2.500,0.42,50.0,0.15
7719.00,4265.02,10219.03,38.93,2.500,0.42,50.0,0.15
7720.00,4266.59,10220.98,38.93,2.500,0.42,50.0,0.15
7721.00,4268.16,10222.92,38.93,2.500,0.42,50.0,0.15
7722.00,4269.73,10224.87,38.94,2.500,0.42,50.0,0.15
7723.00,4271.31,10226.81,38.94,2.500,0.42,50.0,0.15
7724.00,4272.88,10228.76,38.94,2.500,0.42,50.0,0.15
7725.00,4274.45,10230.70,38.94,2.500,0.42,50.0,0.15
7726.00,4276.02,10232.65,38.95,2.500,0.42,50.0,0.15
7727.00,4277.59,10234.59,38.95,2.500,0.42,50.0,0.15
7728.00,4279.16,10236.54,38.95,2.500,0.42,50.0,0.15
7729.00,4280.73,10238.48,38.95,2.500,0.42,50.0,0.15
7730.00,4282.31,10240.42,38.96,2.500,0.42,50.0,0.15
7731.00,4283.88,10242.37,38.96,2.500,0.42,50.0,0.15
